location,user_id,session_id,duration_hours,energy,arrival_hour,start_date,start_time,end_date,end_time,start_hour,end_hour,month,day,duration_minutes,day_type,facility,user_id_num
US_workplace_GT,GT_24478344,GT125,3.0741666666666667,7.13,12.95,2015-06-30,12:57:38,2015-06-30,16:02:05,12,16,June,Tuesday,184.45,Weekday,R&D,2
US_workplace_GT,GT_24478344,GT126,2.980555555555556,6.97,12.366666666666667,2015-07-02,12:22:15,2015-07-02,15:21:05,12,15,July,Thursday,178.83333333333334,Weekday,R&D,2
US_workplace_GT,GT_24478344,GT127,2.9202777777777778,7.08,12.7,2015-07-06,12:42:54,2015-07-06,15:38:07,12,15,July,Monday,175.21666666666667,Weekday,R&D,2
US_workplace_GT,GT_24478344,GT128,2.935277777777778,6.95,12.733333333333333,2015-07-07,12:44:07,2015-07-07,15:40:14,12,15,July,Tuesday,176.11666666666667,Weekday,R&D,2
US_workplace_GT,GT_24478344,GT129,3.4344444444444444,7.05,13.483333333333333,2015-07-08,13:29:07,2015-07-08,16:55:11,13,16,July,Wednesday,206.06666666666663,Weekday,R&D,2
US_workplace_GT,GT_24478344,GT130,3.6691666666666665,7.09,13.583333333333334,2015-07-09,13:35:56,2015-07-09,17:16:05,13,17,July,Thursday,220.15,Weekday,R&D,2
US_workplace_GT,GT_24478344,GT131,3.963888888888889,6.96,12.5,2015-07-10,12:30:16,2015-07-10,16:28:06,12,16,July,Friday,237.83333333333331,Weekday,R&D,2
US_workplace_GT,GT_24478344,GT132,2.8375,6.96,13.05,2015-07-13,13:03:51,2015-07-13,15:54:06,13,15,July,Monday,170.25,Weekday,R&D,2
US_workplace_GT,GT_24478344,GT133,2.983888888888889,7.15,13.316666666666666,2015-07-14,13:19:03,2015-07-14,16:18:05,13,16,July,Tuesday,179.03333333333333,Weekday,R&D,2
US_workplace_GT,GT_24478344,GT134,3.4047222222222224,6.83,12.933333333333334,2015-07-15,12:56:48,2015-07-15,16:21:05,12,16,July,Wednesday,204.28333333333336,Weekday,R&D,2
US_workplace_GT,GT_24478344,GT135,2.6283333333333334,6.47,12.55,2015-07-16,12:33:23,2015-07-16,15:11:05,12,15,July,Thursday,157.70000000000002,Weekday,R&D,2
US_workplace_GT,GT_24478344,GT136,3.2197222222222224,6.44,12.7,2015-07-17,12:42:54,2015-07-17,15:56:05,12,15,July,Friday,193.1833333333333,Weekday,R&D,2
US_workplace_GT,GT_24478344,GT137,2.6372222222222224,6.49,12.633333333333333,2015-07-20,12:38:52,2015-07-20,15:17:06,12,15,July,Monday,158.23333333333335,Weekday,R&D,2
US_workplace_GT,GT_24478344,GT138,3.2202777777777776,6.39,12.833333333333334,2015-07-21,12:50:53,2015-07-21,16:04:06,12,16,July,Tuesday,193.21666666666664,Weekday,R&D,2
US_workplace_GT,GT_24478344,GT139,3.413055555555556,6.72,12.65,2015-07-22,12:39:19,2015-07-22,16:04:06,12,16,July,Wednesday,204.78333333333333,Weekday,R&D,2
US_workplace_GT,GT_24478344,GT140,2.9569444444444444,6.48,12.616666666666667,2015-07-23,12:37:42,2015-07-23,15:35:07,12,15,July,Thursday,177.41666666666666,Weekday,R&D,2
US_workplace_GT,GT_24478344,GT141,2.507222222222222,6.22,12.45,2015-07-24,12:27:41,2015-07-24,14:58:07,12,14,July,Friday,150.4333333333333,Weekday,R&D,2
US_workplace_GT,GT_24478344,GT142,0.7577777777777778,2.34,20.35,2015-07-28,20:21:40,2015-07-28,21:07:08,20,21,July,Tuesday,45.46666666666667,Weekday,R&D,2
US_workplace_GT,GT_24478344,GT143,1.4661111111111111,4.36,12.833333333333334,2015-07-29,12:50:08,2015-07-29,14:18:06,12,14,July,Wednesday,87.96666666666667,Weekday,R&D,2
US_workplace_GT,GT_24478344,GT144,1.393333333333333,2.75,14.75,2015-07-29,14:45:31,2015-07-29,16:09:07,14,16,July,Wednesday,83.6,Weekday,R&D,2
US_workplace_GT,GT_24478344,GT145,3.474166666666666,6.93,12.933333333333334,2015-07-30,12:56:46,2015-07-30,16:25:13,12,16,July,Thursday,208.45,Weekday,R&D,2
US_workplace_GT,GT_24478344,GT146,2.6666666666666665,6.77,12.466666666666669,2015-07-31,12:28:06,2015-07-31,15:08:06,12,15,July,Friday,160.0,Weekday,R&D,2
US_workplace_GT,GT_24478344,GT147,2.535555555555556,6.97,12.9,2015-08-03,12:54:58,2015-08-03,15:27:06,12,15,August,Monday,152.13333333333333,Weekday,R&D,2
US_workplace_GT,GT_24478344,GT148,1.711111111111111,1.73,17.5,2015-08-03,17:30:31,2015-08-03,19:13:11,17,19,August,Monday,102.66666666666666,Weekday,R&D,2
US_workplace_GT,GT_24478344,GT149,2.558333333333333,6.56,11.833333333333334,2015-08-04,11:50:37,2015-08-04,14:24:07,11,14,August,Tuesday,153.5,Weekday,R&D,2
US_workplace_GT,GT_24478344,GT150,2.7891666666666666,6.79,12.866666666666667,2015-08-05,12:52:46,2015-08-05,15:40:07,12,15,August,Wednesday,167.35,Weekday,R&D,2
US_workplace_GT,GT_24478344,GT151,2.531944444444445,6.47,11.966666666666669,2015-08-06,11:58:13,2015-08-06,14:30:08,11,14,August,Thursday,151.91666666666669,Weekday,R&D,2
US_workplace_GT,GT_24478344,GT152,2.527222222222222,6.91,11.85,2015-08-07,11:51:29,2015-08-07,14:23:07,11,14,August,Friday,151.63333333333333,Weekday,R&D,2
US_workplace_GT,GT_24478344,GT153,3.0225,6.8,11.933333333333334,2015-08-10,11:56:45,2015-08-10,14:58:06,11,14,August,Monday,181.35,Weekday,R&D,2
US_workplace_GT,GT_24478344,GT154,3.682777777777778,6.92,11.916666666666666,2015-08-11,11:55:09,2015-08-11,15:36:07,11,15,August,Tuesday,220.96666666666667,Weekday,R&D,2
US_workplace_GT,GT_24478344,GT155,2.1175,5.08,11.683333333333334,2015-08-12,11:41:04,2015-08-12,13:48:07,11,13,August,Wednesday,127.05,Weekday,R&D,2
US_workplace_GT,GT_24478344,GT156,2.9244444444444446,6.94,12.0,2015-08-13,12:00:39,2015-08-13,14:56:07,12,14,August,Thursday,175.46666666666667,Weekday,R&D,2
US_workplace_GT,GT_24478344,GT157,2.734722222222222,7.03,11.883333333333333,2015-08-14,11:53:02,2015-08-14,14:37:07,11,14,August,Friday,164.08333333333331,Weekday,R&D,2
US_workplace_GT,GT_24478344,GT158,3.2694444444444444,6.97,12.383333333333333,2015-08-17,12:23:57,2015-08-17,15:40:07,12,15,August,Monday,196.16666666666663,Weekday,R&D,2
US_workplace_GT,GT_24478344,GT159,2.948888888888889,7.11,16.933333333333334,2015-08-18,16:56:10,2015-08-18,19:53:06,16,19,August,Tuesday,176.93333333333334,Weekday,R&D,2
US_workplace_GT,GT_24478344,GT160,1.916388888888889,5.87,12.516666666666667,2015-08-19,12:31:07,2015-08-19,14:26:06,12,14,August,Wednesday,114.98333333333332,Weekday,R&D,2
US_workplace_GT,GT_24478344,GT161,3.2558333333333334,7.09,12.433333333333334,2015-08-20,12:26:45,2015-08-20,15:42:06,12,15,August,Thursday,195.35,Weekday,R&D,2
US_workplace_GT,GT_24478344,GT162,3.6463888888888887,7.0,13.033333333333331,2015-08-21,13:02:20,2015-08-21,16:41:07,13,16,August,Friday,218.78333333333333,Weekday,R&D,2
US_workplace_GT,GT_24478344,GT163,2.7830555555555554,7.08,12.816666666666666,2015-08-24,12:49:06,2015-08-24,15:36:05,12,15,August,Monday,166.98333333333332,Weekday,R&D,2
US_workplace_GT,GT_24478344,GT164,2.5658333333333334,7.01,12.716666666666669,2015-08-25,12:43:08,2015-08-25,15:17:05,12,15,August,Tuesday,153.95000000000002,Weekday,R&D,2
US_workplace_GT,GT_24478344,GT165,3.148055555555556,6.43,12.65,2015-08-26,12:39:13,2015-08-26,15:48:06,12,15,August,Wednesday,188.88333333333333,Weekday,R&D,2
US_workplace_GT,GT_24478344,GT166,3.3794444444444443,6.87,12.433333333333334,2015-08-27,12:26:20,2015-08-27,15:49:06,12,15,August,Thursday,202.76666666666665,Weekday,R&D,2
US_workplace_GT,GT_24478344,GT167,3.091388888888889,6.86,12.35,2015-08-28,12:21:37,2015-08-28,15:27:06,12,15,August,Friday,185.48333333333332,Weekday,R&D,2
US_workplace_GT,GT_24478344,GT168,3.401666666666667,7.09,12.733333333333333,2015-08-31,12:44:03,2015-08-31,16:08:09,12,16,August,Monday,204.1,Weekday,R&D,2
US_workplace_GT,GT_24478344,GT169,2.5097222222222224,6.95,12.483333333333333,2015-09-01,12:29:36,2015-09-01,15:00:11,12,15,September,Tuesday,150.58333333333334,Weekday,R&D,2
US_workplace_GT,GT_24478344,GT170,2.6744444444444446,7.04,12.816666666666666,2015-09-02,12:49:45,2015-09-02,15:30:13,12,15,September,Wednesday,160.46666666666667,Weekday,R&D,2
US_workplace_GT,GT_24478344,GT171,3.5091666666666668,6.55,12.466666666666669,2015-09-03,12:28:34,2015-09-03,15:59:07,12,15,September,Thursday,210.55,Weekday,R&D,2
US_workplace_GT,GT_24478344,GT172,3.1069444444444443,6.97,12.7,2015-09-08,12:42:43,2015-09-08,15:49:08,12,15,September,Tuesday,186.41666666666663,Weekday,R&D,2
US_workplace_GT,GT_24478344,GT173,1.1452777777777778,3.69,19.466666666666665,2015-09-11,19:28:24,2015-09-11,20:37:07,19,20,September,Friday,68.71666666666667,Weekday,R&D,2
US_workplace_GT,GT_24478344,GT174,2.724166666666666,6.89,12.733333333333333,2015-09-14,12:44:43,2015-09-14,15:28:10,12,15,September,Monday,163.45,Weekday,R&D,2
US_workplace_GT,GT_24478344,GT175,3.954444444444445,6.86,12.7,2015-09-15,12:42:56,2015-09-15,16:40:12,12,16,September,Tuesday,237.26666666666665,Weekday,R&D,2
US_workplace_GT,GT_24478344,GT176,3.1077777777777778,6.82,12.866666666666667,2015-09-16,12:52:42,2015-09-16,15:59:10,12,15,September,Wednesday,186.46666666666667,Weekday,R&D,2
US_workplace_GT,GT_24478344,GT177,2.0236111111111112,6.17,20.15,2015-09-17,20:09:43,2015-09-17,22:11:08,20,22,September,Thursday,121.41666666666669,Weekday,R&D,2
US_workplace_GT,GT_24478344,GT178,3.484722222222222,6.94,12.55,2015-09-18,12:33:04,2015-09-18,16:02:09,12,16,September,Friday,209.0833333333333,Weekday,R&D,2
US_workplace_GT,GT_24478344,GT179,3.4719444444444445,6.4,12.75,2015-09-21,12:45:48,2015-09-21,16:14:07,12,16,September,Monday,208.31666666666663,Weekday,R&D,2
US_workplace_GT,GT_24478344,GT180,2.8847222222222224,6.71,12.85,2015-09-22,12:51:05,2015-09-22,15:44:10,12,15,September,Tuesday,173.08333333333334,Weekday,R&D,2
US_workplace_GT,GT_24478344,GT181,2.957222222222222,6.82,15.166666666666666,2015-09-23,15:10:41,2015-09-23,18:08:07,15,18,September,Wednesday,177.43333333333334,Weekday,R&D,2
US_workplace_GT,GT_24478344,GT182,1.3722222222222222,4.35,13.1,2015-09-24,13:06:49,2015-09-24,14:29:09,13,14,September,Thursday,82.33333333333333,Weekday,R&D,2
US_workplace_GT,GT_24478344,GT183,3.5344444444444445,6.84,12.75,2015-09-25,12:45:01,2015-09-25,16:17:05,12,16,September,Friday,212.06666666666663,Weekday,R&D,2
US_workplace_GT,GT_24478344,GT184,3.661944444444445,6.4,17.2,2015-09-25,17:12:23,2015-09-25,20:52:06,17,20,September,Friday,219.71666666666667,Weekday,R&D,2
US_workplace_GT,GT_24478344,GT185,2.8608333333333333,6.71,12.7,2015-09-29,12:42:28,2015-09-29,15:34:07,12,15,September,Tuesday,171.65,Weekday,R&D,2
US_workplace_GT,GT_24478344,GT186,2.4869444444444446,6.37,12.716666666666669,2015-09-30,12:43:53,2015-09-30,15:13:06,12,15,September,Wednesday,149.21666666666667,Weekday,R&D,2
US_workplace_GT,GT_24478344,GT187,3.243611111111111,6.77,12.683333333333334,2015-10-01,12:41:29,2015-10-01,15:56:06,12,15,October,Thursday,194.61666666666667,Weekday,R&D,2
US_workplace_GT,GT_24478344,GT188,3.5727777777777776,6.9,12.483333333333333,2015-10-02,12:29:46,2015-10-02,16:04:08,12,16,October,Friday,214.36666666666665,Weekday,R&D,2
US_workplace_GT,GT_30296079,GT292,3.285833333333333,7.0,16.466666666666665,2015-06-11,16:28:03,2015-06-11,19:45:12,16,19,June,Thursday,197.15,Weekday,office,4
US_workplace_GT,GT_30296079,GT293,4.036944444444444,6.78,8.85,2015-06-12,08:51:52,2015-06-12,12:54:05,8,12,June,Friday,242.21666666666664,Weekday,office,4
US_workplace_GT,GT_30296079,GT294,2.7225,4.33,10.55,2015-06-15,10:33:44,2015-06-15,13:17:05,10,13,June,Monday,163.35000000000002,Weekday,office,4
US_workplace_GT,GT_30296079,GT295,1.9572222222222224,4.35,10.083333333333334,2015-06-16,10:05:40,2015-06-16,12:03:06,10,12,June,Tuesday,117.43333333333334,Weekday,office,4
US_workplace_GT,GT_30296079,GT296,2.7155555555555555,4.09,9.55,2015-06-18,09:33:19,2015-06-18,12:16:15,9,12,June,Thursday,162.93333333333334,Weekday,office,4
US_workplace_GT,GT_30296079,GT297,1.981666666666667,4.36,13.333333333333334,2015-06-19,13:20:12,2015-06-19,15:19:06,13,15,June,Friday,118.9,Weekday,office,4
US_workplace_GT,GT_30296079,GT298,2.8427777777777776,4.15,8.85,2015-06-22,08:51:42,2015-06-22,11:42:16,8,11,June,Monday,170.56666666666666,Weekday,office,4
US_workplace_GT,GT_30296079,GT299,1.7886111111111112,4.37,9.1,2015-06-23,09:06:47,2015-06-23,10:54:06,9,10,June,Tuesday,107.31666666666666,Weekday,office,4
US_workplace_GT,GT_30296079,GT300,2.093611111111111,4.06,9.15,2015-06-24,09:09:30,2015-06-24,11:15:07,9,11,June,Wednesday,125.61666666666666,Weekday,office,4
US_workplace_GT,GT_30296079,GT301,3.337222222222222,3.73,10.083333333333334,2015-06-25,10:05:51,2015-06-25,13:26:05,10,13,June,Thursday,200.2333333333333,Weekday,office,4
US_workplace_GT,GT_30296079,GT302,2.185833333333333,4.32,9.033333333333331,2015-06-26,09:02:58,2015-06-26,11:14:07,9,11,June,Friday,131.15,Weekday,office,4
US_workplace_GT,GT_30296079,GT303,1.7905555555555557,4.65,9.566666666666666,2015-06-29,09:34:39,2015-06-29,11:22:05,9,11,June,Monday,107.43333333333332,Weekday,office,4
US_workplace_GT,GT_30296079,GT304,1.7038888888888888,4.05,9.516666666666667,2015-06-30,09:31:51,2015-06-30,11:14:05,9,11,June,Tuesday,102.23333333333332,Weekday,office,4
US_workplace_GT,GT_30296079,GT305,3.0069444444444446,4.09,10.033333333333331,2015-07-01,10:02:41,2015-07-01,13:03:06,10,13,July,Wednesday,180.41666666666669,Weekday,office,4
US_workplace_GT,GT_30296079,GT306,1.7127777777777775,3.91,8.983333333333333,2015-07-02,08:59:19,2015-07-02,10:42:05,8,10,July,Thursday,102.76666666666668,Weekday,office,4
US_workplace_GT,GT_30296079,GT307,1.6625,4.38,9.616666666666667,2015-07-06,09:37:20,2015-07-06,11:17:05,9,11,July,Monday,99.75,Weekday,office,4
US_workplace_GT,GT_30296079,GT308,1.5869444444444445,4.17,8.966666666666667,2015-07-07,08:58:52,2015-07-07,10:34:05,8,10,July,Tuesday,95.21666666666668,Weekday,office,4
US_workplace_GT,GT_30296079,GT309,3.215,6.61,9.366666666666667,2015-07-08,09:22:12,2015-07-08,12:35:06,9,12,July,Wednesday,192.9,Weekday,office,4
US_workplace_GT,GT_30296079,GT310,1.012222222222222,3.16,9.533333333333331,2015-07-09,09:32:30,2015-07-09,10:33:14,9,10,July,Thursday,60.73333333333333,Weekday,office,4
US_workplace_GT,GT_30296079,GT311,3.061111111111111,4.18,9.733333333333333,2015-07-10,09:44:25,2015-07-10,12:48:05,9,12,July,Friday,183.66666666666663,Weekday,office,4
US_workplace_GT,GT_30296079,GT312,2.815555555555556,6.43,9.283333333333331,2015-07-13,09:17:14,2015-07-13,12:06:10,9,12,July,Monday,168.93333333333334,Weekday,office,4
US_workplace_GT,GT_30296079,GT313,2.1725,5.76,9.083333333333334,2015-07-14,09:05:44,2015-07-14,11:16:05,9,11,July,Tuesday,130.35,Weekday,office,4
US_workplace_GT,GT_30296079,GT314,3.1780555555555554,3.86,9.533333333333331,2015-07-15,09:32:25,2015-07-15,12:43:06,9,12,July,Wednesday,190.6833333333333,Weekday,office,4
US_workplace_GT,GT_30296079,GT315,2.443611111111111,5.65,9.616666666666667,2015-07-16,09:37:29,2015-07-16,12:04:06,9,12,July,Thursday,146.61666666666667,Weekday,office,4
US_workplace_GT,GT_30296079,GT316,2.2977777777777777,4.43,9.516666666666667,2015-07-17,09:31:14,2015-07-17,11:49:06,9,11,July,Friday,137.86666666666667,Weekday,office,4
US_workplace_GT,GT_30296079,GT317,2.2719444444444443,5.94,9.8,2015-07-20,09:48:47,2015-07-20,12:05:06,9,12,July,Monday,136.31666666666666,Weekday,office,4
US_workplace_GT,GT_30296079,GT318,2.7,5.63,9.9,2015-07-22,09:54:06,2015-07-22,12:36:06,9,12,July,Wednesday,162.0,Weekday,office,4
US_workplace_GT,GT_30296079,GT319,2.957777777777778,5.78,9.05,2015-07-23,09:03:39,2015-07-23,12:01:07,9,12,July,Thursday,177.46666666666667,Weekday,office,4
US_workplace_GT,GT_30296079,GT320,3.1791666666666667,4.26,9.133333333333333,2015-07-27,09:08:20,2015-07-27,12:19:05,9,12,July,Monday,190.75,Weekday,office,4
US_workplace_GT,GT_30296079,GT321,3.388888888888889,5.95,9.166666666666666,2015-07-28,09:10:47,2015-07-28,12:34:07,9,12,July,Tuesday,203.33333333333331,Weekday,office,4
US_workplace_GT,GT_30296079,GT322,3.687777777777778,6.13,9.333333333333334,2015-07-29,09:20:51,2015-07-29,13:02:07,9,13,July,Wednesday,221.26666666666668,Weekday,office,4
US_workplace_GT,GT_30296079,GT323,2.046944444444444,4.32,10.083333333333334,2015-07-31,10:05:17,2015-07-31,12:08:06,10,12,July,Friday,122.81666666666663,Weekday,office,4
US_workplace_GT,GT_30296079,GT324,3.085833333333333,5.82,9.416666666666666,2015-08-03,09:25:56,2015-08-03,12:31:05,9,12,August,Monday,185.15,Weekday,office,4
US_workplace_GT,GT_30296079,GT325,3.5058333333333334,4.2,9.033333333333331,2015-08-04,09:02:47,2015-08-04,12:33:08,9,12,August,Tuesday,210.35,Weekday,office,4
US_workplace_GT,GT_30296079,GT326,2.795,5.57,9.2,2015-08-05,09:12:27,2015-08-05,12:00:09,9,12,August,Wednesday,167.7,Weekday,office,4
US_workplace_GT,GT_30296079,GT327,3.1661111111111118,5.92,9.283333333333331,2015-08-06,09:17:08,2015-08-06,12:27:06,9,12,August,Thursday,189.96666666666667,Weekday,office,4
US_workplace_GT,GT_30296079,GT328,1.830833333333333,4.27,9.1,2015-08-07,09:06:20,2015-08-07,10:56:11,9,10,August,Friday,109.85,Weekday,office,4
US_workplace_GT,GT_30296079,GT329,2.398333333333333,5.65,9.233333333333333,2015-08-10,09:14:14,2015-08-10,11:38:08,9,11,August,Monday,143.9,Weekday,office,4
US_workplace_GT,GT_30296079,GT330,2.683611111111111,5.89,9.2,2015-08-11,09:12:06,2015-08-11,11:53:07,9,11,August,Tuesday,161.01666666666665,Weekday,office,4
US_workplace_GT,GT_30296079,GT331,3.323888888888889,5.92,9.166666666666666,2015-08-12,09:10:41,2015-08-12,12:30:07,9,12,August,Wednesday,199.4333333333333,Weekday,office,4
US_workplace_GT,GT_30296079,GT332,1.6380555555555556,4.17,8.933333333333334,2015-08-13,08:56:50,2015-08-13,10:35:07,8,10,August,Thursday,98.28333333333332,Weekday,office,4
US_workplace_GT,GT_30296079,GT333,2.051388888888889,5.58,9.233333333333333,2015-08-14,09:14:01,2015-08-14,11:17:06,9,11,August,Friday,123.08333333333334,Weekday,office,4
US_workplace_GT,GT_30296079,GT334,2.457777777777778,5.91,9.333333333333334,2015-08-17,09:20:39,2015-08-17,11:48:07,9,11,August,Monday,147.46666666666667,Weekday,office,4
US_workplace_GT,GT_30296079,GT335,2.7544444444444443,6.17,9.3,2015-08-18,09:18:51,2015-08-18,12:04:07,9,12,August,Tuesday,165.26666666666665,Weekday,office,4
US_workplace_GT,GT_30296079,GT336,3.290833333333333,5.63,9.3,2015-08-19,09:18:39,2015-08-19,12:36:06,9,12,August,Wednesday,197.45,Weekday,office,4
US_workplace_GT,GT_30296079,GT337,3.043333333333333,6.7,9.15,2015-08-20,09:09:31,2015-08-20,12:12:07,9,12,August,Thursday,182.6,Weekday,office,4
US_workplace_GT,GT_30296079,GT338,1.7244444444444444,4.5,9.133333333333333,2015-08-21,09:08:38,2015-08-21,10:52:06,9,10,August,Friday,103.46666666666668,Weekday,office,4
US_workplace_GT,GT_30296079,GT339,1.959722222222222,5.61,9.383333333333333,2015-08-24,09:23:31,2015-08-24,11:21:06,9,11,August,Monday,117.58333333333331,Weekday,office,4
US_workplace_GT,GT_30296079,GT340,1.9294444444444443,5.99,9.25,2015-08-25,09:15:19,2015-08-25,11:11:05,9,11,August,Tuesday,115.76666666666668,Weekday,office,4
US_workplace_GT,GT_30296079,GT341,2.7475,6.58,9.383333333333333,2015-08-27,09:23:14,2015-08-27,12:08:05,9,12,August,Thursday,164.85,Weekday,office,4
US_workplace_GT,GT_30296079,GT342,2.526111111111111,6.67,10.05,2015-09-08,10:03:37,2015-09-08,12:35:11,10,12,September,Tuesday,151.56666666666666,Weekday,office,4
US_workplace_GT,GT_30296079,GT343,2.4919444444444445,6.7,10.1,2015-09-09,10:06:37,2015-09-09,12:36:08,10,12,September,Wednesday,149.51666666666668,Weekday,office,4
US_workplace_GT,GT_30296079,GT344,2.6152777777777776,6.69,10.183333333333334,2015-09-10,10:11:18,2015-09-10,12:48:13,10,12,September,Thursday,156.91666666666666,Weekday,office,4
US_workplace_GT,GT_30296079,GT345,2.9033333333333333,6.91,10.116666666666667,2015-09-11,10:07:55,2015-09-11,13:02:07,10,13,September,Friday,174.2,Weekday,office,4
US_workplace_GT,GT_30296079,GT346,3.294722222222222,6.9,10.366666666666667,2015-09-14,10:22:31,2015-09-14,13:40:12,10,13,September,Monday,197.6833333333333,Weekday,office,4
US_workplace_GT,GT_30296079,GT347,2.6169444444444445,6.66,10.366666666666667,2015-09-15,10:22:05,2015-09-15,12:59:06,10,12,September,Tuesday,157.01666666666668,Weekday,office,4
US_workplace_GT,GT_30296079,GT348,2.4672222222222224,6.7,10.2,2015-09-16,10:12:11,2015-09-16,12:40:13,10,12,September,Wednesday,148.03333333333336,Weekday,office,4
US_workplace_GT,GT_30296079,GT349,2.5475,6.65,10.116666666666667,2015-09-18,10:07:18,2015-09-18,12:40:09,10,12,September,Friday,152.85,Weekday,office,4
US_workplace_GT,GT_30296079,GT350,1.9513888888888888,6.19,10.533333333333331,2015-09-21,10:32:01,2015-09-21,12:29:06,10,12,September,Monday,117.08333333333331,Weekday,office,4
US_workplace_GT,GT_30296079,GT351,2.8433333333333333,6.53,10.25,2015-09-25,10:15:31,2015-09-25,13:06:07,10,13,September,Friday,170.6,Weekday,office,4
US_workplace_GT,GT_30296079,GT352,2.129722222222222,6.46,10.5,2015-09-28,10:30:22,2015-09-28,12:38:09,10,12,September,Monday,127.78333333333332,Weekday,office,4
US_workplace_GT,GT_30296079,GT353,2.647777777777778,6.54,10.283333333333331,2015-09-29,10:17:14,2015-09-29,12:56:06,10,12,September,Tuesday,158.86666666666667,Weekday,office,4
US_workplace_GT,GT_30296079,GT354,1.121388888888889,3.48,10.366666666666667,2015-10-01,10:22:52,2015-10-01,11:30:09,10,11,October,Thursday,67.28333333333335,Weekday,office,4
US_workplace_GT,GT_30296079,GT355,3.4033333333333333,6.5,9.966666666666669,2015-10-02,09:58:55,2015-10-02,13:23:07,9,13,October,Friday,204.2,Weekday,office,4
US_workplace_GT,GT_30464676,GT356,3.3827777777777777,6.91,11.333333333333334,2015-04-20,11:20:07,2015-04-20,14:43:05,11,14,April,Monday,202.96666666666667,Weekday,office,5
US_workplace_GT,GT_30464676,GT357,5.006388888888889,6.9,11.216666666666669,2015-04-21,11:13:43,2015-04-21,16:14:06,11,16,April,Tuesday,300.3833333333333,Weekday,office,5
US_workplace_GT,GT_30464676,GT358,3.065,6.82,11.066666666666666,2015-04-22,11:04:12,2015-04-22,14:08:06,11,14,April,Wednesday,183.9,Weekday,office,5
US_workplace_GT,GT_30464676,GT359,2.8966666666666665,6.98,11.166666666666666,2015-04-23,11:10:18,2015-04-23,14:04:06,11,14,April,Thursday,173.79999999999998,Weekday,office,5
US_workplace_GT,GT_30464676,GT360,2.975555555555556,6.85,11.1,2015-04-24,11:06:45,2015-04-24,14:05:17,11,14,April,Friday,178.53333333333333,Weekday,office,5
US_workplace_GT,GT_30464676,GT361,2.605,6.92,11.066666666666666,2015-04-27,11:04:48,2015-04-27,13:41:06,11,13,April,Monday,156.3,Weekday,office,5
US_workplace_GT,GT_30464676,GT362,2.2158333333333333,6.59,12.066666666666666,2015-04-28,12:04:09,2015-04-28,14:17:06,12,14,April,Tuesday,132.95,Weekday,office,5
US_workplace_GT,GT_30464676,GT363,2.816666666666667,6.72,13.066666666666666,2015-04-29,13:04:06,2015-04-29,15:53:06,13,15,April,Wednesday,169.0,Weekday,office,5
US_workplace_GT,GT_30464676,GT364,2.6216666666666666,6.65,13.233333333333333,2015-04-30,13:14:49,2015-04-30,15:52:07,13,15,April,Thursday,157.29999999999998,Weekday,office,5
US_workplace_GT,GT_30464676,GT365,2.484166666666667,6.71,13.066666666666666,2015-05-06,13:04:04,2015-05-06,15:33:07,13,15,May,Wednesday,149.05,Weekday,office,5
US_workplace_GT,GT_30464676,GT366,2.274722222222222,6.3,13.133333333333333,2015-05-07,13:08:44,2015-05-07,15:25:13,13,15,May,Thursday,136.48333333333332,Weekday,office,5
US_workplace_GT,GT_30464676,GT367,2.246111111111111,6.3,13.133333333333333,2015-05-08,13:08:21,2015-05-08,15:23:07,13,15,May,Friday,134.76666666666665,Weekday,office,5
US_workplace_GT,GT_30464676,GT368,2.4233333333333333,6.75,13.233333333333333,2015-05-11,13:14:45,2015-05-11,15:40:09,13,15,May,Monday,145.4,Weekday,office,5
US_workplace_GT,GT_30464676,GT369,2.408888888888889,7.0,13.133333333333333,2015-05-13,13:08:34,2015-05-13,15:33:06,13,15,May,Wednesday,144.53333333333333,Weekday,office,5
US_workplace_GT,GT_30464676,GT370,1.2294444444444443,3.62,12.016666666666667,2015-05-15,12:01:30,2015-05-15,13:15:16,12,13,May,Friday,73.76666666666667,Weekday,office,5
US_workplace_GT,GT_30464676,GT371,1.2938888888888889,3.01,16.2,2015-05-15,16:12:35,2015-05-15,17:30:13,16,17,May,Friday,77.63333333333333,Weekday,office,5
US_workplace_GT,GT_30464676,GT372,2.2311111111111117,5.77,13.433333333333334,2015-05-18,13:26:19,2015-05-18,15:40:11,13,15,May,Monday,133.86666666666667,Weekday,office,5
US_workplace_GT,GT_30464676,GT373,2.440555555555556,6.88,13.816666666666666,2015-05-20,13:49:40,2015-05-20,16:16:06,13,16,May,Wednesday,146.43333333333334,Weekday,office,5
US_workplace_GT,GT_30464676,GT374,2.463888888888889,6.95,15.616666666666667,2015-05-21,15:37:18,2015-05-21,18:05:08,15,18,May,Thursday,147.83333333333334,Weekday,office,5
US_workplace_GT,GT_30464676,GT375,2.6152777777777776,6.86,13.416666666666666,2015-05-27,13:25:11,2015-05-27,16:02:06,13,16,May,Wednesday,156.91666666666666,Weekday,office,5
US_workplace_GT,GT_30464676,GT376,2.480555555555556,6.8,11.083333333333334,2015-05-28,11:05:16,2015-05-28,13:34:06,11,13,May,Thursday,148.83333333333334,Weekday,office,5
US_workplace_GT,GT_30464676,GT377,2.536111111111111,6.86,11.166666666666666,2015-05-29,11:10:57,2015-05-29,13:43:07,11,13,May,Friday,152.16666666666666,Weekday,office,5
US_workplace_GT,GT_30464676,GT378,2.256388888888889,6.57,14.066666666666666,2015-06-01,14:04:48,2015-06-01,16:20:11,14,16,June,Monday,135.38333333333333,Weekday,office,5
US_workplace_GT,GT_30464676,GT379,2.526111111111111,6.73,11.1,2015-06-02,11:06:31,2015-06-02,13:38:05,11,13,June,Tuesday,151.56666666666666,Weekday,office,5
US_workplace_GT,GT_30464676,GT380,3.0894444444444447,6.95,11.416666666666666,2015-06-10,11:25:45,2015-06-10,14:31:07,11,14,June,Wednesday,185.36666666666667,Weekday,office,5
US_workplace_GT,GT_30464676,GT381,2.3975,6.8,10.966666666666669,2015-06-11,10:58:15,2015-06-11,13:22:06,10,13,June,Thursday,143.85,Weekday,office,5
US_workplace_GT,GT_30464676,GT382,2.54,7.08,10.116666666666667,2015-06-12,10:07:50,2015-06-12,12:40:14,10,12,June,Friday,152.4,Weekday,office,5
US_workplace_GT,GT_30464676,GT383,2.8466666666666667,6.27,13.316666666666666,2015-06-15,13:19:32,2015-06-15,16:10:20,13,16,June,Monday,170.8,Weekday,office,5
US_workplace_GT,GT_30464676,GT384,2.394722222222222,6.42,11.083333333333334,2015-06-16,11:05:25,2015-06-16,13:29:06,11,13,June,Tuesday,143.68333333333334,Weekday,office,5
US_workplace_GT,GT_30464676,GT385,2.3808333333333334,6.69,11.033333333333331,2015-06-18,11:02:16,2015-06-18,13:25:07,11,13,June,Thursday,142.85,Weekday,office,5
US_workplace_GT,GT_30464676,GT386,2.55,6.83,11.033333333333331,2015-06-19,11:02:21,2015-06-19,13:35:21,11,13,June,Friday,153.0,Weekday,office,5
US_workplace_GT,GT_30464676,GT387,3.188055555555556,7.1,16.283333333333335,2015-06-29,16:17:48,2015-06-29,19:29:05,16,19,June,Monday,191.28333333333333,Weekday,office,5
US_workplace_GT,GT_30464676,GT388,2.451388888888889,6.91,11.1,2015-06-30,11:06:00,2015-06-30,13:33:05,11,13,June,Tuesday,147.08333333333334,Weekday,office,5
US_workplace_GT,GT_30464676,GT389,2.3713888888888888,6.77,10.933333333333334,2015-07-01,10:56:58,2015-07-01,13:19:15,10,13,July,Wednesday,142.28333333333333,Weekday,office,5
US_workplace_GT,GT_30464676,GT390,2.349166666666666,6.66,11.133333333333333,2015-07-02,11:08:09,2015-07-02,13:29:06,11,13,July,Thursday,140.95,Weekday,office,5
US_workplace_GT,GT_30464676,GT391,2.3405555555555555,6.75,11.1,2015-07-07,11:06:39,2015-07-07,13:27:05,11,13,July,Tuesday,140.43333333333334,Weekday,office,5
US_workplace_GT,GT_30464676,GT392,2.4411111111111112,6.71,10.966666666666669,2015-07-08,10:58:39,2015-07-08,13:25:07,10,13,July,Wednesday,146.46666666666667,Weekday,office,5
US_workplace_GT,GT_30464676,GT393,2.5947222222222224,7.16,14.266666666666667,2015-07-09,14:16:24,2015-07-09,16:52:05,14,16,July,Thursday,155.68333333333334,Weekday,office,5
US_workplace_GT,GT_30464676,GT394,3.6147222222222224,6.94,10.95,2015-07-10,10:57:12,2015-07-10,14:34:05,10,14,July,Friday,216.88333333333333,Weekday,office,5
US_workplace_GT,GT_30464676,GT395,2.372777777777778,6.79,11.216666666666669,2015-07-13,11:13:43,2015-07-13,13:36:05,11,13,July,Monday,142.36666666666667,Weekday,office,5
US_workplace_GT,GT_30464676,GT396,2.3941666666666666,6.78,10.95,2015-07-14,10:57:26,2015-07-14,13:21:05,10,13,July,Tuesday,143.65,Weekday,office,5
US_workplace_GT,GT_30464676,GT397,2.328611111111111,6.33,14.083333333333334,2015-07-16,14:05:29,2015-07-16,16:25:12,14,16,July,Thursday,139.71666666666667,Weekday,office,5
US_workplace_GT,GT_30464676,GT398,2.866388888888889,6.97,11.116666666666667,2015-07-17,11:07:06,2015-07-17,13:59:05,11,13,July,Friday,171.98333333333332,Weekday,office,5
US_workplace_GT,GT_30464676,GT399,2.938888888888889,6.69,11.05,2015-07-21,11:03:53,2015-07-21,14:00:13,11,14,July,Tuesday,176.33333333333334,Weekday,office,5
US_workplace_GT,GT_30464676,GT400,3.0108333333333333,6.93,13.916666666666666,2015-07-22,13:55:27,2015-07-22,16:56:06,13,16,July,Wednesday,180.65,Weekday,office,5
US_workplace_GT,GT_30464676,GT401,3.1061111111111117,5.74,11.166666666666666,2015-07-23,11:10:45,2015-07-23,14:17:07,11,14,July,Thursday,186.36666666666667,Weekday,R&D,5
US_workplace_GT,GT_30464676,GT402,1.8586111111111112,5.5,11.083333333333334,2015-07-27,11:05:35,2015-07-27,12:57:06,11,12,July,Monday,111.51666666666668,Weekday,office,5
US_workplace_GT,GT_30464676,GT403,2.283333333333333,6.44,10.916666666666666,2015-07-28,10:55:07,2015-07-28,13:12:07,10,13,July,Tuesday,137.0,Weekday,office,5
US_workplace_GT,GT_30464676,GT404,2.453333333333333,6.77,10.8,2015-07-29,10:48:01,2015-07-29,13:15:13,10,13,July,Wednesday,147.2,Weekday,office,5
US_workplace_GT,GT_30464676,GT405,2.9452777777777777,6.65,11.216666666666669,2015-07-30,11:13:27,2015-07-30,14:10:10,11,14,July,Thursday,176.71666666666667,Weekday,office,5
US_workplace_GT,GT_30464676,GT406,3.4366666666666665,6.73,11.133333333333333,2015-07-31,11:08:56,2015-07-31,14:35:08,11,14,July,Friday,206.2,Weekday,office,5
US_workplace_GT,GT_30464676,GT407,3.0530555555555554,6.63,12.783333333333331,2015-08-03,12:47:55,2015-08-03,15:51:06,12,15,August,Monday,183.1833333333333,Weekday,office,5
US_workplace_GT,GT_30464676,GT408,3.404166666666667,6.79,11.116666666666667,2015-08-04,11:07:51,2015-08-04,14:32:06,11,14,August,Tuesday,204.25,Weekday,office,5
US_workplace_GT,GT_30464676,GT409,5.156944444444444,6.82,11.033333333333331,2015-08-07,11:02:41,2015-08-07,16:12:06,11,16,August,Friday,309.41666666666663,Weekday,office,5
US_workplace_GT,GT_30464676,GT410,3.406944444444445,6.76,11.166666666666666,2015-08-10,11:10:50,2015-08-10,14:35:15,11,14,August,Monday,204.41666666666669,Weekday,office,5
US_workplace_GT,GT_30464676,GT411,2.617777777777778,6.76,13.4,2015-08-11,13:24:11,2015-08-11,16:01:15,13,16,August,Tuesday,157.0666666666667,Weekday,office,5
US_workplace_GT,GT_30464676,GT412,3.173888888888889,6.59,11.116666666666667,2015-08-12,11:07:41,2015-08-12,14:18:07,11,14,August,Wednesday,190.4333333333333,Weekday,R&D,5
US_workplace_GT,GT_30464676,GT413,2.788055555555556,6.86,11.25,2015-08-13,11:15:51,2015-08-13,14:03:08,11,14,August,Thursday,167.28333333333333,Weekday,office,5
US_workplace_GT,GT_30464676,GT414,3.043055555555556,6.88,11.333333333333334,2015-08-17,11:20:33,2015-08-17,14:23:08,11,14,August,Monday,182.58333333333331,Weekday,office,5
US_workplace_GT,GT_30464676,GT415,2.585,6.8,11.0,2015-08-19,11:00:02,2015-08-19,13:35:08,11,13,August,Wednesday,155.1,Weekday,office,5
US_workplace_GT,GT_30464676,GT416,2.643055555555556,6.78,11.216666666666669,2015-08-20,11:13:32,2015-08-20,13:52:07,11,13,August,Thursday,158.58333333333334,Weekday,office,5
US_workplace_GT,GT_30464676,GT417,2.8561111111111117,6.8,11.183333333333334,2015-08-21,11:11:44,2015-08-21,14:03:06,11,14,August,Friday,171.36666666666667,Weekday,office,5
US_workplace_GT,GT_30464676,GT418,3.8713888888888888,6.96,11.183333333333334,2015-08-24,11:11:48,2015-08-24,15:04:05,11,15,August,Monday,232.28333333333333,Weekday,office,5
US_workplace_GT,GT_30464676,GT419,2.675,6.89,11.033333333333331,2015-08-25,11:02:36,2015-08-25,13:43:06,11,13,August,Tuesday,160.5,Weekday,office,5
US_workplace_GT,GT_30464676,GT420,2.6730555555555555,6.74,11.166666666666666,2015-08-26,11:10:44,2015-08-26,13:51:07,11,13,August,Wednesday,160.38333333333333,Weekday,office,5
US_workplace_GT,GT_30464676,GT421,1.0733333333333333,2.87,15.716666666666669,2015-08-26,15:43:41,2015-08-26,16:48:05,15,16,August,Wednesday,64.39999999999999,Weekday,office,5
US_workplace_GT,GT_30464676,GT422,2.325555555555556,6.76,11.166666666666666,2015-08-27,11:10:36,2015-08-27,13:30:08,11,13,August,Thursday,139.53333333333333,Weekday,office,5
US_workplace_GT,GT_30464676,GT423,2.0219444444444443,3.1,17.466666666666665,2015-08-27,17:28:49,2015-08-27,19:30:08,17,19,August,Thursday,121.31666666666666,Weekday,office,5
US_workplace_GT,GT_30464676,GT424,2.878055555555556,6.87,11.083333333333334,2015-08-28,11:05:26,2015-08-28,13:58:07,11,13,August,Friday,172.68333333333334,Weekday,office,5
US_workplace_GT,GT_30464676,GT425,2.489444444444445,6.77,11.183333333333334,2015-09-01,11:11:46,2015-09-01,13:41:08,11,13,September,Tuesday,149.36666666666667,Weekday,office,5
US_workplace_GT,GT_30464676,GT426,2.873333333333333,6.73,11.05,2015-09-02,11:03:49,2015-09-02,13:56:13,11,13,September,Wednesday,172.4,Weekday,office,5
US_workplace_GT,GT_30464676,GT427,2.915833333333333,6.6,11.0,2015-09-03,11:00:10,2015-09-03,13:55:07,11,13,September,Thursday,174.95000000000002,Weekday,office,5
US_workplace_GT,GT_30464676,GT428,3.676944444444445,6.94,11.033333333333331,2015-09-04,11:02:30,2015-09-04,14:43:07,11,14,September,Friday,220.61666666666667,Weekday,office,5
US_workplace_GT,GT_30464676,GT429,3.071388888888889,6.94,13.25,2015-09-08,13:15:53,2015-09-08,16:20:10,13,16,September,Tuesday,184.28333333333333,Weekday,office,5
US_workplace_GT,GT_30464676,GT430,3.0105555555555554,6.84,11.133333333333333,2015-09-09,11:08:32,2015-09-09,14:09:10,11,14,September,Wednesday,180.63333333333333,Weekday,office,5
US_workplace_GT,GT_30464676,GT431,3.195,6.8,11.083333333333334,2015-09-10,11:05:24,2015-09-10,14:17:06,11,14,September,Thursday,191.7,Weekday,office,5
US_workplace_GT,GT_30464676,GT432,3.4705555555555554,6.8,11.083333333333334,2015-09-11,11:05:52,2015-09-11,14:34:06,11,14,September,Friday,208.2333333333333,Weekday,office,5
US_workplace_GT,GT_30464676,GT433,2.2619444444444445,6.73,11.166666666666666,2015-09-14,11:10:28,2015-09-14,13:26:11,11,13,September,Monday,135.71666666666667,Weekday,office,5
US_workplace_GT,GT_30464676,GT434,2.6102777777777777,6.79,11.216666666666669,2015-09-16,11:13:34,2015-09-16,13:50:11,11,13,September,Wednesday,156.61666666666667,Weekday,office,5
US_workplace_GT,GT_30464676,GT435,2.312777777777778,6.75,11.1,2015-09-17,11:06:25,2015-09-17,13:25:11,11,13,September,Thursday,138.76666666666668,Weekday,office,5
US_workplace_GT,GT_30464676,GT436,2.6527777777777777,6.95,11.116666666666667,2015-09-18,11:07:59,2015-09-18,13:47:09,11,13,September,Friday,159.16666666666666,Weekday,office,5
US_workplace_GT,GT_30464676,GT437,2.990833333333333,6.73,11.266666666666667,2015-09-21,11:16:43,2015-09-21,14:16:10,11,14,September,Monday,179.45,Weekday,office,5
US_workplace_GT,GT_30464676,GT438,2.419722222222222,6.76,11.216666666666669,2015-09-22,11:13:02,2015-09-22,13:38:13,11,13,September,Tuesday,145.18333333333334,Weekday,office,5
US_workplace_GT,GT_30464676,GT439,2.815,6.7,11.15,2015-09-23,11:09:18,2015-09-23,13:58:12,11,13,September,Wednesday,168.9,Weekday,office,5
US_workplace_GT,GT_30464676,GT440,2.763333333333333,6.78,10.933333333333334,2015-09-24,10:56:21,2015-09-24,13:42:09,10,13,September,Thursday,165.79999999999998,Weekday,office,5
US_workplace_GT,GT_30464676,GT441,2.701111111111111,6.84,11.1,2015-09-25,11:06:08,2015-09-25,13:48:12,11,13,September,Friday,162.06666666666666,Weekday,office,5
US_workplace_GT,GT_30464676,GT442,4.614166666666667,6.3,10.95,2015-09-28,10:57:17,2015-09-28,15:34:08,10,15,September,Monday,276.85,Weekday,R&D,5
US_workplace_GT,GT_30464676,GT443,2.946388888888889,6.85,11.166666666666666,2015-10-01,11:10:18,2015-10-01,14:07:05,11,14,October,Thursday,176.78333333333333,Weekday,office,5
US_workplace_GT,GT_32751774,GT489,2.944166666666667,6.84,11.283333333333331,2015-03-17,11:17:26,2015-03-17,14:14:05,11,14,March,Tuesday,176.65,Weekday,R&D,7
US_workplace_GT,GT_32751774,GT490,2.716666666666667,6.68,11.216666666666669,2015-03-18,11:13:05,2015-03-18,13:56:05,11,13,March,Wednesday,163.0,Weekday,R&D,7
US_workplace_GT,GT_32751774,GT491,1.7808333333333333,5.35,11.15,2015-03-19,11:09:14,2015-03-19,12:56:05,11,12,March,Thursday,106.85,Weekday,R&D,7
US_workplace_GT,GT_32751774,GT492,0.9638888888888888,2.51,14.733333333333333,2015-03-19,14:44:15,2015-03-19,15:42:05,14,15,March,Thursday,57.833333333333336,Weekday,R&D,7
US_workplace_GT,GT_32751774,GT493,2.278611111111111,6.59,11.4,2015-03-23,11:24:23,2015-03-23,13:41:06,11,13,March,Monday,136.71666666666667,Weekday,R&D,7
US_workplace_GT,GT_32751774,GT494,2.334722222222222,6.82,11.566666666666666,2015-03-25,11:34:00,2015-03-25,13:54:05,11,13,March,Wednesday,140.08333333333331,Weekday,R&D,7
US_workplace_GT,GT_32751774,GT495,1.801111111111111,5.47,11.2,2015-03-26,11:12:12,2015-03-26,13:00:16,11,13,March,Thursday,108.06666666666666,Weekday,R&D,7
US_workplace_GT,GT_32751774,GT496,1.179722222222222,1.8,13.066666666666666,2015-03-26,13:04:29,2015-03-26,14:15:16,13,14,March,Thursday,70.78333333333333,Weekday,R&D,7
US_workplace_GT,GT_32751774,GT497,3.811111111111111,6.83,11.5,2015-03-27,11:30:27,2015-03-27,15:19:07,11,15,March,Friday,228.66666666666663,Weekday,R&D,7
US_workplace_GT,GT_32751774,GT498,3.1758333333333333,6.77,10.766666666666667,2015-04-02,10:46:32,2015-04-02,13:57:05,10,13,April,Thursday,190.55,Weekday,R&D,7
US_workplace_GT,GT_32751774,GT499,2.819722222222222,1.81,16.95,2015-04-02,16:57:54,2015-04-02,19:47:05,16,19,April,Thursday,169.1833333333333,Weekday,R&D,7
US_workplace_GT,GT_32751774,GT500,2.347777777777778,6.93,14.283333333333331,2015-04-06,14:17:13,2015-04-06,16:38:05,14,16,April,Monday,140.86666666666667,Weekday,R&D,7
US_workplace_GT,GT_32751774,GT501,2.378055555555556,6.89,11.1,2015-04-07,11:06:25,2015-04-07,13:29:06,11,13,April,Tuesday,142.68333333333334,Weekday,R&D,7
US_workplace_GT,GT_32751774,GT502,0.6830555555555555,2.03,11.15,2015-04-08,11:09:09,2015-04-08,11:50:08,11,11,April,Wednesday,40.98333333333333,Weekday,R&D,7
US_workplace_GT,GT_32751774,GT503,8.248333333333333,5.82,13.35,2015-04-08,13:21:11,2015-04-08,21:36:05,13,21,April,Wednesday,494.9,Weekday,R&D,7
US_workplace_GT,GT_32751774,GT504,4.921944444444445,6.91,11.283333333333331,2015-04-09,11:17:46,2015-04-09,16:13:05,11,16,April,Thursday,295.31666666666666,Weekday,R&D,7
US_workplace_GT,GT_32751774,GT505,0.5077777777777778,1.45,17.65,2015-04-09,17:39:41,2015-04-09,18:10:09,17,18,April,Thursday,30.466666666666665,Weekday,R&D,7
US_workplace_GT,GT_32751774,GT506,6.647222222222222,5.84,11.7,2015-04-13,11:42:15,2015-04-13,18:21:05,11,18,April,Monday,398.8333333333333,Weekday,R&D,7
US_workplace_GT,GT_32751774,GT507,3.248055555555556,6.79,11.133333333333333,2015-04-14,11:08:12,2015-04-14,14:23:05,11,14,April,Tuesday,194.88333333333333,Weekday,R&D,7
US_workplace_GT,GT_32751774,GT508,3.820555555555556,5.66,11.75,2015-04-15,11:45:53,2015-04-15,15:35:07,11,15,April,Wednesday,229.2333333333333,Weekday,R&D,7
US_workplace_GT,GT_32751774,GT509,5.284722222222222,6.91,10.983333333333333,2015-04-16,10:59:00,2015-04-16,16:16:05,10,16,April,Thursday,317.0833333333333,Weekday,R&D,7
US_workplace_GT,GT_32751774,GT510,2.7619444444444445,5.16,11.6,2015-04-17,11:36:22,2015-04-17,14:22:05,11,14,April,Friday,165.71666666666667,Weekday,R&D,7
US_workplace_GT,GT_32751774,GT511,0.5847222222222223,1.7,10.15,2015-04-20,10:09:00,2015-04-20,10:44:05,10,10,April,Monday,35.083333333333336,Weekday,R&D,7
US_workplace_GT,GT_32751774,GT512,3.316666666666667,5.3,12.366666666666667,2015-04-20,12:22:05,2015-04-20,15:41:05,12,15,April,Monday,199.0,Weekday,R&D,7
US_workplace_GT,GT_32751774,GT513,5.038888888888889,6.58,12.016666666666667,2015-04-21,12:01:46,2015-04-21,17:04:06,12,17,April,Tuesday,302.3333333333333,Weekday,R&D,7
US_workplace_GT,GT_32751774,GT514,5.2188888888888885,6.35,12.033333333333331,2015-04-22,12:02:05,2015-04-22,17:15:13,12,17,April,Wednesday,313.1333333333333,Weekday,R&D,7
US_workplace_GT,GT_32751774,GT515,4.338055555555556,6.73,10.866666666666667,2015-04-23,10:52:48,2015-04-23,15:13:05,10,15,April,Thursday,260.28333333333336,Weekday,R&D,7
US_workplace_GT,GT_32751774,GT516,3.9091666666666662,6.49,11.5,2015-04-24,11:30:39,2015-04-24,15:25:12,11,15,April,Friday,234.55,Weekday,R&D,7
US_workplace_GT,GT_32751774,GT517,2.3963888888888887,5.83,11.45,2015-04-27,11:27:19,2015-04-27,13:51:06,11,13,April,Monday,143.78333333333333,Weekday,R&D,7
US_workplace_GT,GT_32751774,GT518,4.841388888888889,6.91,11.1,2015-04-28,11:06:37,2015-04-28,15:57:06,11,15,April,Tuesday,290.4833333333333,Weekday,R&D,7
US_workplace_GT,GT_32751774,GT519,6.361944444444444,5.55,10.633333333333333,2015-04-29,10:38:31,2015-04-29,17:00:14,10,17,April,Wednesday,381.7166666666666,Weekday,R&D,7
US_workplace_GT,GT_32751774,GT520,3.1533333333333333,6.66,17.05,2015-04-30,17:03:53,2015-04-30,20:13:05,17,20,April,Thursday,189.2,Weekday,R&D,7
US_workplace_GT,GT_32751774,GT521,0.2486111111111111,0.66,11.616666666666667,2015-05-06,11:37:12,2015-05-06,11:52:07,11,11,May,Wednesday,14.916666666666668,Weekday,R&D,7
US_workplace_GT,GT_32751774,GT522,4.377777777777778,6.68,10.483333333333333,2015-05-07,10:29:27,2015-05-07,14:52:07,10,14,May,Thursday,262.6666666666667,Weekday,R&D,7
US_workplace_GT,GT_32751774,GT523,3.120555555555556,6.59,10.9,2015-05-08,10:54:54,2015-05-08,14:02:08,10,14,May,Friday,187.23333333333332,Weekday,R&D,7
US_workplace_GT,GT_32751774,GT524,1.6119444444444444,4.86,11.666666666666666,2015-05-11,11:40:24,2015-05-11,13:17:07,11,13,May,Monday,96.71666666666668,Weekday,R&D,7
US_workplace_GT,GT_32751774,GT525,4.855555555555555,6.62,10.75,2015-05-13,10:45:46,2015-05-13,15:37:06,10,15,May,Wednesday,291.3333333333333,Weekday,R&D,7
US_workplace_GT,GT_32751774,GT526,2.5305555555555554,4.76,11.366666666666667,2015-05-15,11:22:15,2015-05-15,13:54:05,11,13,May,Friday,151.83333333333331,Weekday,R&D,7
US_workplace_GT,GT_32751774,GT527,3.7622222222222224,6.41,11.766666666666667,2015-05-18,11:46:21,2015-05-18,15:32:05,11,15,May,Monday,225.73333333333332,Weekday,R&D,7
US_workplace_GT,GT_32751774,GT528,2.305,4.95,11.333333333333334,2015-05-19,11:20:49,2015-05-19,13:39:07,11,13,May,Tuesday,138.3,Weekday,R&D,7
US_workplace_GT,GT_32751774,GT529,4.116666666666666,6.38,11.683333333333334,2015-05-20,11:41:07,2015-05-20,15:48:07,11,15,May,Wednesday,247.0,Weekday,R&D,7
US_workplace_GT,GT_32751774,GT530,3.588888888888889,5.31,11.583333333333334,2015-05-21,11:35:46,2015-05-21,15:11:06,11,15,May,Thursday,215.33333333333331,Weekday,R&D,7
US_workplace_GT,GT_32751774,GT531,4.072222222222222,6.36,11.0,2015-05-22,11:00:48,2015-05-22,15:05:08,11,15,May,Friday,244.3333333333333,Weekday,R&D,7
US_workplace_GT,GT_32751774,GT532,3.6372222222222224,4.68,11.283333333333331,2015-05-26,11:17:01,2015-05-26,14:55:15,11,14,May,Tuesday,218.23333333333332,Weekday,R&D,7
US_workplace_GT,GT_32751774,GT533,4.256111111111111,5.84,10.55,2015-05-28,10:33:45,2015-05-28,14:49:07,10,14,May,Thursday,255.36666666666667,Weekday,R&D,7
US_workplace_GT,GT_32751774,GT534,4.208888888888889,4.48,11.066666666666666,2015-05-29,11:04:33,2015-05-29,15:17:05,11,15,May,Friday,252.53333333333333,Weekday,R&D,7
US_workplace_GT,GT_32751774,GT535,2.588611111111111,6.55,11.266666666666667,2015-06-01,11:16:50,2015-06-01,13:52:09,11,13,June,Monday,155.31666666666666,Weekday,R&D,7
US_workplace_GT,GT_32751774,GT536,3.896944444444444,6.31,11.233333333333333,2015-06-02,11:14:16,2015-06-02,15:08:05,11,15,June,Tuesday,233.81666666666663,Weekday,R&D,7
US_workplace_GT,GT_32751774,GT537,3.5244444444444443,5.46,11.583333333333334,2015-06-03,11:35:38,2015-06-03,15:07:06,11,15,June,Wednesday,211.46666666666667,Weekday,R&D,7
US_workplace_GT,GT_32751774,GT538,4.9863888888888885,6.63,11.466666666666669,2015-06-04,11:28:53,2015-06-04,16:28:04,11,16,June,Thursday,299.18333333333334,Weekday,R&D,7
US_workplace_GT,GT_32751774,GT539,3.269722222222222,4.33,11.1,2015-06-05,11:06:58,2015-06-05,14:23:09,11,14,June,Friday,196.1833333333333,Weekday,R&D,7
US_workplace_GT,GT_32751774,GT540,3.221111111111111,4.25,11.566666666666666,2015-06-08,11:34:50,2015-06-08,14:48:06,11,14,June,Monday,193.26666666666665,Weekday,R&D,7
US_workplace_GT,GT_32751774,GT541,2.846388888888889,4.95,11.216666666666669,2015-06-09,11:13:19,2015-06-09,14:04:06,11,14,June,Tuesday,170.78333333333333,Weekday,R&D,7
US_workplace_GT,GT_32751774,GT542,4.553333333333334,4.9,11.383333333333333,2015-06-10,11:23:54,2015-06-10,15:57:06,11,15,June,Wednesday,273.20000000000005,Weekday,R&D,7
US_workplace_GT,GT_32751774,GT543,0.2025,0.54,11.65,2015-06-11,11:39:02,2015-06-11,11:51:11,11,11,June,Thursday,12.15,Weekday,R&D,7
US_workplace_GT,GT_32751774,GT544,4.895555555555555,5.56,13.266666666666667,2015-06-11,13:16:28,2015-06-11,18:10:12,13,18,June,Thursday,293.7333333333333,Weekday,R&D,7
US_workplace_GT,GT_32751774,GT545,3.5841666666666665,6.56,11.316666666666666,2015-06-15,11:19:04,2015-06-15,14:54:07,11,14,June,Monday,215.05,Weekday,R&D,7
US_workplace_GT,GT_32751774,GT546,3.103055555555556,4.98,12.4,2015-06-16,12:24:01,2015-06-16,15:30:12,12,15,June,Tuesday,186.1833333333333,Weekday,R&D,7
US_workplace_GT,GT_32751774,GT547,5.220833333333333,6.39,10.983333333333333,2015-06-17,10:59:59,2015-06-17,16:13:14,10,16,June,Wednesday,313.25,Weekday,R&D,7
US_workplace_GT,GT_32751774,GT548,4.174444444444444,4.3,11.233333333333333,2015-06-18,11:14:42,2015-06-18,15:25:10,11,15,June,Thursday,250.46666666666664,Weekday,R&D,7
US_workplace_GT,GT_32751774,GT549,3.6838888888888888,4.75,12.0,2015-06-19,12:00:05,2015-06-19,15:41:07,12,15,June,Friday,221.03333333333333,Weekday,R&D,7
US_workplace_GT,GT_32751774,GT550,3.0641666666666665,4.75,10.733333333333333,2015-06-22,10:44:16,2015-06-22,13:48:07,10,13,June,Monday,183.85,Weekday,R&D,7
US_workplace_GT,GT_32751774,GT551,3.9916666666666663,4.52,11.25,2015-07-06,11:15:42,2015-07-06,15:15:12,11,15,July,Monday,239.5,Weekday,R&D,7
US_workplace_GT,GT_32751774,GT552,2.7669444444444444,4.32,11.383333333333333,2015-07-07,11:23:04,2015-07-07,14:09:05,11,14,July,Tuesday,166.01666666666665,Weekday,R&D,7
US_workplace_GT,GT_32751774,GT553,3.4097222222222223,6.7,16.483333333333334,2015-07-09,16:29:30,2015-07-09,19:54:05,16,19,July,Thursday,204.58333333333331,Weekday,R&D,7
US_workplace_GT,GT_32751774,GT554,3.6663888888888887,5.23,10.316666666666666,2015-07-10,10:19:07,2015-07-10,13:59:06,10,13,July,Friday,219.9833333333333,Weekday,R&D,7
US_workplace_GT,GT_32751774,GT555,0.2297222222222222,0.62,15.35,2015-07-13,15:21:21,2015-07-13,15:35:08,15,15,July,Monday,13.783333333333331,Weekday,R&D,7
US_workplace_GT,GT_32751774,GT556,1.2433333333333334,3.64,15.616666666666667,2015-07-13,15:37:30,2015-07-13,16:52:06,15,16,July,Monday,74.60000000000001,Weekday,R&D,7
US_workplace_GT,GT_32751774,GT557,3.3338888888888887,6.94,11.566666666666666,2015-07-14,11:34:03,2015-07-14,14:54:05,11,14,July,Tuesday,200.03333333333333,Weekday,R&D,7
US_workplace_GT,GT_32751774,GT558,6.6675,6.49,10.45,2015-07-15,10:27:03,2015-07-15,17:07:06,10,17,July,Wednesday,400.05,Weekday,R&D,7
US_workplace_GT,GT_32751774,GT559,2.7536111111111112,6.57,11.183333333333334,2015-07-16,11:11:55,2015-07-16,13:57:08,11,13,July,Thursday,165.21666666666667,Weekday,R&D,7
US_workplace_GT,GT_32751774,GT560,3.636388888888889,6.42,11.366666666666667,2015-07-20,11:22:56,2015-07-20,15:01:07,11,15,July,Monday,218.1833333333333,Weekday,R&D,7
US_workplace_GT,GT_32751774,GT561,2.5641666666666665,6.51,11.916666666666666,2015-07-21,11:55:14,2015-07-21,14:29:05,11,14,July,Tuesday,153.85,Weekday,R&D,7
US_workplace_GT,GT_32751774,GT562,2.8805555555555555,6.71,10.25,2015-07-22,10:15:15,2015-07-22,13:08:05,10,13,July,Wednesday,172.83333333333334,Weekday,R&D,7
US_workplace_GT,GT_32751774,GT563,3.3941666666666666,7.02,12.033333333333331,2015-07-23,12:02:27,2015-07-23,15:26:06,12,15,July,Thursday,203.65,Weekday,R&D,7
US_workplace_GT,GT_32751774,GT564,3.031388888888889,6.42,11.366666666666667,2015-07-24,11:22:20,2015-07-24,14:24:13,11,14,July,Friday,181.88333333333333,Weekday,R&D,7
US_workplace_GT,GT_32751774,GT565,3.5908333333333333,4.89,11.916666666666666,2015-07-27,11:55:39,2015-07-27,15:31:06,11,15,July,Monday,215.45,Weekday,R&D,7
US_workplace_GT,GT_32751774,GT566,6.883055555555556,6.34,12.15,2015-07-28,12:09:12,2015-07-28,19:02:11,12,19,July,Tuesday,412.98333333333335,Weekday,R&D,7
US_workplace_GT,GT_32751774,GT567,2.7111111111111112,4.33,16.516666666666666,2015-07-29,16:31:27,2015-07-29,19:14:07,16,19,July,Wednesday,162.66666666666669,Weekday,R&D,7
US_workplace_GT,GT_32751774,GT568,3.1486111111111112,4.35,10.9,2015-07-30,10:54:11,2015-07-30,14:03:06,10,14,July,Thursday,188.91666666666669,Weekday,R&D,7
US_workplace_GT,GT_32751774,GT569,4.148333333333333,4.34,11.133333333333333,2015-07-31,11:08:12,2015-07-31,15:17:06,11,15,July,Friday,248.9,Weekday,R&D,7
US_workplace_GT,GT_32751774,GT570,3.186111111111111,4.6,14.616666666666667,2015-08-03,14:37:57,2015-08-03,17:49:07,14,17,August,Monday,191.16666666666663,Weekday,R&D,7
US_workplace_GT,GT_32751774,GT571,3.7047222222222222,6.78,11.516666666666667,2015-08-04,11:31:50,2015-08-04,15:14:07,11,15,August,Tuesday,222.28333333333333,Weekday,R&D,7
US_workplace_GT,GT_32751774,GT572,3.566666666666667,4.2,11.316666666666666,2015-08-05,11:19:08,2015-08-05,14:53:08,11,14,August,Wednesday,214.0,Weekday,R&D,7
US_workplace_GT,GT_32751774,GT573,3.17,6.92,11.733333333333333,2015-08-06,11:44:55,2015-08-06,14:55:07,11,14,August,Thursday,190.2,Weekday,R&D,7
US_workplace_GT,GT_32751774,GT574,3.366388888888889,4.12,10.566666666666666,2015-08-07,10:34:07,2015-08-07,13:56:06,10,13,August,Friday,201.9833333333333,Weekday,R&D,7
US_workplace_GT,GT_32751774,GT575,3.768055555555556,4.15,11.35,2015-08-10,11:21:03,2015-08-10,15:07:08,11,15,August,Monday,226.08333333333331,Weekday,R&D,7
US_workplace_GT,GT_32751774,GT576,2.815,6.65,10.916666666666666,2015-08-11,10:55:14,2015-08-11,13:44:08,10,13,August,Tuesday,168.9,Weekday,R&D,7
US_workplace_GT,GT_32751774,GT577,3.741388888888889,4.72,10.433333333333334,2015-08-12,10:26:43,2015-08-12,14:11:12,10,14,August,Wednesday,224.4833333333333,Weekday,R&D,7
US_workplace_GT,GT_32751774,GT578,3.783888888888889,6.84,11.4,2015-08-13,11:24:06,2015-08-13,15:11:08,11,15,August,Thursday,227.03333333333333,Weekday,R&D,7
US_workplace_GT,GT_32751774,GT579,2.631111111111111,6.49,10.933333333333334,2015-08-14,10:56:15,2015-08-14,13:34:07,10,13,August,Friday,157.86666666666667,Weekday,R&D,7
US_workplace_GT,GT_32751774,GT580,1.9236111111111112,4.07,17.383333333333333,2015-08-14,17:23:43,2015-08-14,19:19:08,17,19,August,Friday,115.41666666666669,Weekday,R&D,7
US_workplace_GT,GT_32751774,GT581,3.8847222222222224,4.34,11.483333333333333,2015-08-17,11:29:03,2015-08-17,15:22:08,11,15,August,Monday,233.08333333333331,Weekday,R&D,7
US_workplace_GT,GT_32751774,GT582,2.1261111111111117,6.46,11.733333333333333,2015-08-18,11:44:32,2015-08-18,13:52:06,11,13,August,Tuesday,127.56666666666668,Weekday,R&D,7
US_workplace_GT,GT_32751774,GT583,2.098888888888889,0.56,18.73333333333333,2015-08-18,18:44:12,2015-08-18,20:50:08,18,20,August,Tuesday,125.93333333333332,Weekday,R&D,7
US_workplace_GT,GT_32751774,GT584,3.917777777777778,4.38,11.35,2015-08-19,11:21:02,2015-08-19,15:16:06,11,15,August,Wednesday,235.06666666666663,Weekday,R&D,7
US_workplace_GT,GT_32751774,GT585,1.5455555555555556,4.75,11.45,2015-08-20,11:27:29,2015-08-20,13:00:13,11,13,August,Thursday,92.73333333333332,Weekday,R&D,7
US_workplace_GT,GT_32751774,GT586,3.3075,3.99,14.45,2015-08-20,14:27:40,2015-08-20,17:46:07,14,17,August,Thursday,198.45,Weekday,R&D,7
US_workplace_GT,GT_32751774,GT587,1.9647222222222225,6.01,11.15,2015-08-24,11:09:13,2015-08-24,13:07:06,11,13,August,Monday,117.88333333333334,Weekday,R&D,7
US_workplace_GT,GT_32751774,GT588,3.998611111111111,2.31,15.316666666666666,2015-08-24,15:19:10,2015-08-24,19:19:05,15,19,August,Monday,239.91666666666663,Weekday,R&D,7
US_workplace_GT,GT_32751774,GT589,4.397777777777778,4.32,11.166666666666666,2015-08-25,11:10:14,2015-08-25,15:34:06,11,15,August,Tuesday,263.8666666666667,Weekday,R&D,7
US_workplace_GT,GT_32751774,GT590,0.77,2.33,11.133333333333333,2015-08-26,11:08:56,2015-08-26,11:55:08,11,11,August,Wednesday,46.2,Weekday,R&D,7
US_workplace_GT,GT_32751774,GT591,5.498888888888889,6.69,10.183333333333334,2015-08-27,10:11:09,2015-08-27,15:41:05,10,15,August,Thursday,329.93333333333334,Weekday,R&D,7
US_workplace_GT,GT_32751774,GT592,3.597777777777778,5.32,11.0,2015-08-31,11:00:16,2015-08-31,14:36:08,11,14,August,Monday,215.86666666666667,Weekday,R&D,7
US_workplace_GT,GT_32751774,GT593,2.488888888888889,6.92,10.716666666666669,2015-09-01,10:43:47,2015-09-01,13:13:07,10,13,September,Tuesday,149.33333333333334,Weekday,R&D,7
US_workplace_GT,GT_32751774,GT594,3.4963888888888888,1.4,16.733333333333334,2015-09-01,16:44:20,2015-09-01,20:14:07,16,20,September,Tuesday,209.78333333333333,Weekday,R&D,7
US_workplace_GT,GT_32751774,GT595,2.7575,4.43,11.05,2015-09-02,11:03:41,2015-09-02,13:49:08,11,13,September,Wednesday,165.45,Weekday,R&D,7
US_workplace_GT,GT_32751774,GT596,1.8616666666666664,5.68,10.966666666666669,2015-09-03,10:58:27,2015-09-03,12:50:09,10,12,September,Thursday,111.7,Weekday,R&D,7
US_workplace_GT,GT_32751774,GT597,4.239166666666667,1.49,15.233333333333333,2015-09-03,15:14:45,2015-09-03,19:29:06,15,19,September,Thursday,254.35,Weekday,R&D,7
US_workplace_GT,GT_32751774,GT598,3.962222222222222,5.01,10.7,2015-09-04,10:42:29,2015-09-04,14:40:13,10,14,September,Friday,237.7333333333333,Weekday,R&D,7
US_workplace_GT,GT_32751774,GT599,0.7925,2.37,10.966666666666669,2015-09-08,10:58:34,2015-09-08,11:46:07,10,11,September,Tuesday,47.55,Weekday,R&D,7
US_workplace_GT,GT_32751774,GT600,2.648055555555556,6.62,11.383333333333333,2015-09-09,11:23:16,2015-09-09,14:02:09,11,14,September,Wednesday,158.88333333333333,Weekday,R&D,7
US_workplace_GT,GT_32751774,GT601,2.5722222222222224,6.88,10.966666666666669,2015-09-10,10:58:48,2015-09-10,13:33:08,10,13,September,Thursday,154.33333333333334,Weekday,R&D,7
US_workplace_GT,GT_32751774,GT602,6.401944444444444,4.21,10.983333333333333,2015-09-11,10:59:00,2015-09-11,17:23:07,10,17,September,Friday,384.1166666666667,Weekday,R&D,7
US_workplace_GT,GT_32751774,GT603,3.9788888888888887,6.28,11.55,2015-09-14,11:33:25,2015-09-14,15:32:09,11,15,September,Monday,238.7333333333333,Weekday,R&D,7
US_workplace_GT,GT_32751774,GT604,5.430555555555555,6.89,10.716666666666669,2015-09-15,10:43:20,2015-09-15,16:09:10,10,16,September,Tuesday,325.8333333333333,Weekday,R&D,7
US_workplace_GT,GT_32751774,GT605,4.386388888888889,6.51,11.166666666666666,2015-09-16,11:10:57,2015-09-16,15:34:08,11,15,September,Wednesday,263.18333333333334,Weekday,R&D,7
US_workplace_GT,GT_32751774,GT606,4.191666666666666,7.01,10.866666666666667,2015-09-17,10:52:37,2015-09-17,15:04:07,10,15,September,Thursday,251.5,Weekday,R&D,7
US_workplace_GT,GT_32751774,GT607,3.932777777777778,4.38,11.15,2015-09-18,11:09:14,2015-09-18,15:05:12,11,15,September,Friday,235.96666666666667,Weekday,R&D,7
US_workplace_GT,GT_32751774,GT608,3.801111111111111,1.66,17.416666666666668,2015-09-18,17:25:06,2015-09-18,21:13:10,17,21,September,Friday,228.06666666666663,Weekday,R&D,7
US_workplace_GT,GT_32751774,GT609,3.7425,6.43,12.0,2015-09-21,12:00:35,2015-09-21,15:45:08,12,15,September,Monday,224.55,Weekday,R&D,7
US_workplace_GT,GT_32751774,GT610,4.1866666666666665,6.9,11.1,2015-09-22,11:06:57,2015-09-22,15:18:09,11,15,September,Tuesday,251.2,Weekday,R&D,7
US_workplace_GT,GT_32751774,GT611,3.766944444444445,6.42,11.483333333333333,2015-09-23,11:29:09,2015-09-23,15:15:10,11,15,September,Wednesday,226.01666666666665,Weekday,R&D,7
US_workplace_GT,GT_32751774,GT612,3.171388888888889,1.93,17.716666666666665,2015-09-23,17:43:49,2015-09-23,20:54:06,17,20,September,Wednesday,190.28333333333333,Weekday,R&D,7
US_workplace_GT,GT_32751774,GT613,3.408888888888889,6.93,10.916666666666666,2015-09-24,10:55:41,2015-09-24,14:20:13,10,14,September,Thursday,204.53333333333333,Weekday,R&D,7
US_workplace_GT,GT_32751774,GT614,2.086388888888889,2.21,17.783333333333335,2015-09-24,17:47:55,2015-09-24,19:53:06,17,19,September,Thursday,125.18333333333334,Weekday,R&D,7
US_workplace_GT,GT_32751774,GT615,3.6991666666666663,4.45,11.433333333333334,2015-09-25,11:26:10,2015-09-25,15:08:07,11,15,September,Friday,221.95,Weekday,R&D,7
US_workplace_GT,GT_32751774,GT616,2.803888888888889,1.7,16.483333333333334,2015-09-25,16:29:53,2015-09-25,19:18:07,16,19,September,Friday,168.23333333333332,Weekday,R&D,7
US_workplace_GT,GT_46009656,GT973,2.9175,8.32,10.55,2015-04-28,10:33:03,2015-04-28,13:28:06,10,13,April,Tuesday,175.05,Weekday,R&D,11
US_workplace_GT,GT_46009656,GT974,2.32,6.23,10.366666666666667,2015-04-29,10:22:55,2015-04-29,12:42:07,10,12,April,Wednesday,139.2,Weekday,R&D,11
US_workplace_GT,GT_46009656,GT975,2.3455555555555554,6.6,10.483333333333333,2015-04-30,10:29:31,2015-04-30,12:50:15,10,12,April,Thursday,140.73333333333332,Weekday,R&D,11
US_workplace_GT,GT_46009656,GT976,2.1525,6.08,10.85,2015-05-01,10:51:57,2015-05-01,13:01:06,10,13,May,Friday,129.14999999999998,Weekday,R&D,11
US_workplace_GT,GT_46009656,GT977,1.948611111111111,5.68,10.466666666666669,2015-05-04,10:28:13,2015-05-04,12:25:08,10,12,May,Monday,116.91666666666666,Weekday,R&D,11
US_workplace_GT,GT_46009656,GT978,2.455833333333333,5.85,10.416666666666666,2015-05-05,10:25:55,2015-05-05,12:53:16,10,12,May,Tuesday,147.35000000000002,Weekday,R&D,11
US_workplace_GT,GT_46009656,GT979,2.2047222222222222,6.22,10.533333333333331,2015-05-06,10:32:57,2015-05-06,12:45:14,10,12,May,Wednesday,132.28333333333333,Weekday,R&D,11
US_workplace_GT,GT_46009656,GT980,2.2830555555555554,5.76,10.566666666666666,2015-05-07,10:34:08,2015-05-07,12:51:07,10,12,May,Thursday,136.98333333333332,Weekday,R&D,11
US_workplace_GT,GT_46009656,GT981,2.123055555555556,5.72,10.45,2015-05-08,10:27:45,2015-05-08,12:35:08,10,12,May,Friday,127.38333333333334,Weekday,R&D,11
US_workplace_GT,GT_46009656,GT982,2.740833333333333,8.17,17.05,2015-05-08,17:03:45,2015-05-08,19:48:12,17,19,May,Friday,164.45,Weekday,R&D,11
US_workplace_GT,GT_46009656,GT983,2.306111111111111,6.6,11.216666666666669,2015-05-11,11:13:44,2015-05-11,13:32:06,11,13,May,Monday,138.36666666666667,Weekday,R&D,11
US_workplace_GT,GT_46009656,GT984,2.098333333333333,6.0,10.466666666666669,2015-05-12,10:28:11,2015-05-12,12:34:05,10,12,May,Tuesday,125.9,Weekday,R&D,11
US_workplace_GT,GT_46009656,GT985,2.098333333333333,5.97,10.483333333333333,2015-05-13,10:29:13,2015-05-13,12:35:07,10,12,May,Wednesday,125.9,Weekday,R&D,11
US_workplace_GT,GT_46009656,GT986,2.3475,5.96,10.433333333333334,2015-05-14,10:26:15,2015-05-14,12:47:06,10,12,May,Thursday,140.85000000000002,Weekday,R&D,11
US_workplace_GT,GT_46009656,GT987,2.2580555555555555,6.12,10.483333333333333,2015-05-15,10:29:38,2015-05-15,12:45:07,10,12,May,Friday,135.48333333333332,Weekday,R&D,11
US_workplace_GT,GT_46009656,GT988,2.946111111111111,2.72,16.45,2015-05-15,16:27:19,2015-05-15,19:24:05,16,19,May,Friday,176.76666666666668,Weekday,R&D,11
US_workplace_GT,GT_46009656,GT989,1.9444444444444444,5.58,10.4,2015-05-18,10:24:25,2015-05-18,12:21:05,10,12,May,Monday,116.66666666666669,Weekday,R&D,11
US_workplace_GT,GT_46009656,GT990,1.9627777777777775,5.62,10.366666666666667,2015-05-19,10:22:22,2015-05-19,12:20:08,10,12,May,Tuesday,117.76666666666668,Weekday,R&D,11
US_workplace_GT,GT_46009656,GT991,2.350277777777778,6.76,10.533333333333331,2015-05-20,10:32:05,2015-05-20,12:53:06,10,12,May,Wednesday,141.01666666666668,Weekday,R&D,11
US_workplace_GT,GT_46009656,GT992,2.076388888888889,5.97,10.233333333333333,2015-05-21,10:14:31,2015-05-21,12:19:06,10,12,May,Thursday,124.58333333333331,Weekday,R&D,11
US_workplace_GT,GT_46009656,GT993,1.9125,5.56,10.433333333333334,2015-05-26,10:26:22,2015-05-26,12:21:07,10,12,May,Tuesday,114.75,Weekday,R&D,11
US_workplace_GT,GT_46009656,GT994,1.981666666666667,5.79,10.516666666666667,2015-05-27,10:31:16,2015-05-27,12:30:10,10,12,May,Wednesday,118.9,Weekday,R&D,11
US_workplace_GT,GT_46009656,GT995,1.9455555555555557,5.65,10.35,2015-05-28,10:21:23,2015-05-28,12:18:07,10,12,May,Thursday,116.73333333333332,Weekday,R&D,11
US_workplace_GT,GT_46009656,GT996,2.018333333333333,5.66,10.383333333333333,2015-05-29,10:23:01,2015-05-29,12:24:07,10,12,May,Friday,121.1,Weekday,R&D,11
US_workplace_GT,GT_46009656,GT997,3.562222222222222,3.25,15.75,2015-05-29,15:45:31,2015-05-29,19:19:15,15,19,May,Friday,213.7333333333333,Weekday,R&D,11
US_workplace_GT,GT_46009656,GT998,2.461388888888889,6.89,10.466666666666669,2015-06-01,10:28:23,2015-06-01,12:56:04,10,12,June,Monday,147.68333333333334,Weekday,R&D,11
US_workplace_GT,GT_46009656,GT999,2.0683333333333334,5.89,10.316666666666666,2015-06-02,10:19:59,2015-06-02,12:24:05,10,12,June,Tuesday,124.1,Weekday,R&D,11
US_workplace_GT,GT_46009656,GT1000,2.577777777777778,5.54,10.483333333333333,2015-06-15,10:29:25,2015-06-15,13:04:05,10,13,June,Monday,154.66666666666669,Weekday,R&D,11
US_workplace_GT,GT_46009656,GT1001,1.8666666666666667,5.37,10.55,2015-06-16,10:33:07,2015-06-16,12:25:07,10,12,June,Tuesday,112.0,Weekday,R&D,11
US_workplace_GT,GT_46009656,GT1002,2.147777777777778,5.81,10.383333333333333,2015-06-17,10:23:14,2015-06-17,12:32:06,10,12,June,Wednesday,128.86666666666667,Weekday,R&D,11
US_workplace_GT,GT_46009656,GT1003,3.1730555555555555,2.86,16.766666666666666,2015-06-17,16:46:44,2015-06-17,19:57:07,16,19,June,Wednesday,190.38333333333333,Weekday,R&D,11
US_workplace_GT,GT_46009656,GT1004,2.118611111111111,5.57,10.483333333333333,2015-06-18,10:29:59,2015-06-18,12:37:06,10,12,June,Thursday,127.11666666666666,Weekday,R&D,11
US_workplace_GT,GT_46009656,GT1005,1.948888888888889,5.52,10.466666666666669,2015-06-19,10:28:11,2015-06-19,12:25:07,10,12,June,Friday,116.93333333333334,Weekday,R&D,11
US_workplace_GT,GT_46009656,GT1006,0.7266666666666667,2.02,17.4,2015-06-19,17:24:30,2015-06-19,18:08:06,17,18,June,Friday,43.6,Weekday,R&D,11
US_workplace_GT,GT_46009656,GT1007,1.825,5.33,10.6,2015-06-22,10:36:37,2015-06-22,12:26:07,10,12,June,Monday,109.5,Weekday,R&D,11
US_workplace_GT,GT_46009656,GT1008,1.9197222222222223,5.58,10.466666666666669,2015-06-23,10:28:55,2015-06-23,12:24:06,10,12,June,Tuesday,115.18333333333334,Weekday,R&D,11
US_workplace_GT,GT_46009656,GT1009,2.325277777777778,5.52,10.733333333333333,2015-06-24,10:44:35,2015-06-24,13:04:06,10,13,June,Wednesday,139.51666666666668,Weekday,R&D,11
US_workplace_GT,GT_46009656,GT1010,2.031944444444445,5.7,10.416666666666666,2015-06-25,10:25:10,2015-06-25,12:27:05,10,12,June,Thursday,121.91666666666669,Weekday,R&D,11
US_workplace_GT,GT_46009656,GT1011,2.025,5.64,10.483333333333333,2015-06-26,10:29:36,2015-06-26,12:31:06,10,12,June,Friday,121.5,Weekday,R&D,11
US_workplace_GT,GT_46009656,GT1012,2.475277777777778,5.89,11.0,2015-07-07,11:00:35,2015-07-07,13:29:06,11,13,July,Tuesday,148.51666666666668,Weekday,R&D,11
US_workplace_GT,GT_46009656,GT1013,2.103333333333333,5.89,10.6,2015-07-08,10:36:53,2015-07-08,12:43:05,10,12,July,Wednesday,126.20000000000002,Weekday,R&D,11
US_workplace_GT,GT_46009656,GT1014,2.6902777777777778,6.99,10.583333333333334,2015-07-09,10:35:41,2015-07-09,13:17:06,10,13,July,Thursday,161.41666666666666,Weekday,R&D,11
US_workplace_GT,GT_46009656,GT1015,2.3475,5.57,10.55,2015-07-10,10:33:15,2015-07-10,12:54:06,10,12,July,Friday,140.85000000000002,Weekday,R&D,11
US_workplace_GT,GT_46009656,GT1016,2.046666666666667,5.74,10.55,2015-07-13,10:33:17,2015-07-13,12:36:05,10,12,July,Monday,122.8,Weekday,R&D,11
US_workplace_GT,GT_46009656,GT1017,2.062777777777778,5.76,10.35,2015-07-14,10:21:25,2015-07-14,12:25:11,10,12,July,Tuesday,123.76666666666668,Weekday,R&D,11
US_workplace_GT,GT_46009656,GT1018,1.9208333333333332,5.44,10.366666666666667,2015-07-15,10:22:50,2015-07-15,12:18:05,10,12,July,Wednesday,115.25,Weekday,R&D,11
US_workplace_GT,GT_46009656,GT1019,1.9641666666666664,5.66,10.45,2015-07-16,10:27:16,2015-07-16,12:25:07,10,12,July,Thursday,117.85,Weekday,R&D,11
US_workplace_GT,GT_46009656,GT1020,2.2294444444444443,6.29,10.316666666666666,2015-07-17,10:19:20,2015-07-17,12:33:06,10,12,July,Friday,133.76666666666665,Weekday,R&D,11
US_workplace_GT,GT_46009656,GT1021,2.003888888888889,5.78,10.55,2015-07-20,10:33:51,2015-07-20,12:34:05,10,12,July,Monday,120.23333333333336,Weekday,R&D,11
US_workplace_GT,GT_46009656,GT1022,1.9,5.35,10.5,2015-07-21,10:30:06,2015-07-21,12:24:06,10,12,July,Tuesday,114.0,Weekday,R&D,11
US_workplace_GT,GT_46009656,GT1023,2.318611111111111,5.54,10.516666666666667,2015-07-22,10:31:02,2015-07-22,12:50:09,10,12,July,Wednesday,139.11666666666667,Weekday,R&D,11
US_workplace_GT,GT_46009656,GT1024,1.9991666666666668,5.7,10.6,2015-07-23,10:36:11,2015-07-23,12:36:08,10,12,July,Thursday,119.95,Weekday,R&D,11
US_workplace_GT,GT_46009656,GT1025,2.5694444444444446,6.12,10.55,2015-07-24,10:33:57,2015-07-24,13:08:07,10,13,July,Friday,154.16666666666669,Weekday,manufacturing,11
US_workplace_GT,GT_46009656,GT1026,2.335833333333333,6.59,10.433333333333334,2015-07-27,10:26:57,2015-07-27,12:47:06,10,12,July,Monday,140.15,Weekday,manufacturing,11
US_workplace_GT,GT_46009656,GT1027,2.9325,6.5,10.433333333333334,2015-07-28,10:26:10,2015-07-28,13:22:07,10,13,July,Tuesday,175.95000000000002,Weekday,manufacturing,11
US_workplace_GT,GT_46009656,GT1028,2.343611111111111,6.41,10.433333333333334,2015-07-29,10:26:29,2015-07-29,12:47:06,10,12,July,Wednesday,140.61666666666667,Weekday,manufacturing,11
US_workplace_GT,GT_46009656,GT1029,2.524722222222222,6.74,12.516666666666667,2015-07-30,12:31:37,2015-07-30,15:03:06,12,15,July,Thursday,151.48333333333332,Weekday,manufacturing,11
US_workplace_GT,GT_46009656,GT1030,3.2247222222222223,8.26,16.433333333333334,2015-07-31,16:26:39,2015-07-31,19:40:08,16,19,July,Friday,193.48333333333332,Weekday,manufacturing,11
US_workplace_GT,GT_46009656,GT1031,3.194722222222222,6.81,10.75,2015-08-03,10:45:25,2015-08-03,13:57:06,10,13,August,Monday,191.6833333333333,Weekday,manufacturing,11
US_workplace_GT,GT_46009656,GT1032,3.432777777777778,6.5,12.95,2015-08-04,12:57:09,2015-08-04,16:23:07,12,16,August,Tuesday,205.96666666666667,Weekday,manufacturing,11
US_workplace_GT,GT_46009656,GT1033,1.888611111111111,5.49,10.733333333333333,2015-08-05,10:44:47,2015-08-05,12:38:06,10,12,August,Wednesday,113.31666666666666,Weekday,R&D,11
US_workplace_GT,GT_46009656,GT1034,3.252222222222222,6.58,13.383333333333333,2015-08-06,13:23:05,2015-08-06,16:38:13,13,16,August,Thursday,195.13333333333333,Weekday,manufacturing,11
US_workplace_GT,GT_46009656,GT1035,2.352222222222222,6.58,12.283333333333331,2015-08-07,12:17:58,2015-08-07,14:39:06,12,14,August,Friday,141.13333333333333,Weekday,manufacturing,11
US_workplace_GT,GT_46009656,GT1036,2.4669444444444446,6.7,10.533333333333331,2015-08-10,10:32:08,2015-08-10,13:00:09,10,13,August,Monday,148.01666666666668,Weekday,manufacturing,11
US_workplace_GT,GT_46009656,GT1037,2.2794444444444446,6.5,10.6,2015-08-11,10:36:21,2015-08-11,12:53:07,10,12,August,Tuesday,136.76666666666668,Weekday,manufacturing,11
US_workplace_GT,GT_46009656,GT1038,3.520555555555556,6.61,11.65,2015-08-12,11:39:53,2015-08-12,15:11:07,11,15,August,Wednesday,211.23333333333332,Weekday,manufacturing,11
US_workplace_GT,GT_46009656,GT1039,2.7244444444444444,6.72,10.433333333333334,2015-08-13,10:26:39,2015-08-13,13:10:07,10,13,August,Thursday,163.46666666666667,Weekday,manufacturing,11
US_workplace_GT,GT_46009656,GT1040,2.292222222222222,6.76,10.5,2015-08-14,10:30:35,2015-08-14,12:48:07,10,12,August,Friday,137.53333333333333,Weekday,manufacturing,11
US_workplace_GT,GT_46009656,GT1041,2.3986111111111112,6.7,11.933333333333334,2015-08-17,11:56:20,2015-08-17,14:20:15,11,14,August,Monday,143.91666666666669,Weekday,manufacturing,11
US_workplace_GT,GT_46009656,GT1042,2.47,6.61,10.633333333333333,2015-08-18,10:38:57,2015-08-18,13:07:09,10,13,August,Tuesday,148.20000000000002,Weekday,manufacturing,11
US_workplace_GT,GT_46009656,GT1043,3.203055555555556,6.77,11.5,2015-08-19,11:30:57,2015-08-19,14:43:08,11,14,August,Wednesday,192.1833333333333,Weekday,manufacturing,11
US_workplace_GT,GT_46009656,GT1044,1.2583333333333333,1.21,15.666666666666666,2015-08-19,15:40:36,2015-08-19,16:56:06,15,16,August,Wednesday,75.5,Weekday,R&D,11
US_workplace_GT,GT_46009656,GT1045,1.9088888888888889,5.5,10.816666666666666,2015-08-31,10:49:35,2015-08-31,12:44:07,10,12,August,Monday,114.53333333333332,Weekday,R&D,11
US_workplace_GT,GT_46009656,GT1046,1.0433333333333332,2.82,15.95,2015-08-31,15:57:41,2015-08-31,17:00:17,15,17,August,Monday,62.6,Weekday,R&D,11
US_workplace_GT,GT_46009656,GT1047,2.6844444444444444,5.42,10.6,2015-09-01,10:36:02,2015-09-01,13:17:06,10,13,September,Tuesday,161.06666666666666,Weekday,R&D,11
US_workplace_GT,GT_46009656,GT1048,2.5044444444444443,7.25,16.25,2015-09-02,16:15:53,2015-09-02,18:46:09,16,18,September,Wednesday,150.26666666666665,Weekday,manufacturing,11
US_workplace_GT,GT_46009656,GT1049,2.3525,6.34,10.866666666666667,2015-09-03,10:52:58,2015-09-03,13:14:07,10,13,September,Thursday,141.15,Weekday,manufacturing,11
US_workplace_GT,GT_46009656,GT1050,2.4858333333333333,6.86,11.083333333333334,2015-09-04,11:05:00,2015-09-04,13:34:09,11,13,September,Friday,149.15,Weekday,manufacturing,11
US_workplace_GT,GT_46009656,GT1051,2.444166666666667,6.5,10.366666666666667,2015-09-08,10:22:28,2015-09-08,12:49:07,10,12,September,Tuesday,146.65,Weekday,manufacturing,11
US_workplace_GT,GT_46009656,GT1052,2.671111111111111,6.83,12.1,2015-09-09,12:06:53,2015-09-09,14:47:09,12,14,September,Wednesday,160.26666666666668,Weekday,manufacturing,11
US_workplace_GT,GT_46009656,GT1053,2.43,6.78,10.5,2015-09-10,10:30:19,2015-09-10,12:56:07,10,12,September,Thursday,145.8,Weekday,manufacturing,11
US_workplace_GT,GT_46009656,GT1054,3.245555555555556,6.99,10.95,2015-09-11,10:57:23,2015-09-11,14:12:07,10,14,September,Friday,194.73333333333332,Weekday,manufacturing,11
US_workplace_GT,GT_46009656,GT1055,2.748611111111111,6.58,10.466666666666669,2015-09-14,10:28:14,2015-09-14,13:13:09,10,13,September,Monday,164.91666666666666,Weekday,manufacturing,11
US_workplace_GT,GT_46009656,GT1056,3.3044444444444445,6.51,11.933333333333334,2015-09-15,11:56:51,2015-09-15,15:15:07,11,15,September,Tuesday,198.26666666666668,Weekday,manufacturing,11
US_workplace_GT,GT_46009656,GT1057,2.496111111111111,6.52,10.616666666666667,2015-09-16,10:37:22,2015-09-16,13:07:08,10,13,September,Wednesday,149.76666666666665,Weekday,manufacturing,11
US_workplace_GT,GT_46009656,GT1058,3.149722222222222,6.88,16.116666666666667,2015-09-22,16:07:07,2015-09-22,19:16:06,16,19,September,Tuesday,188.9833333333333,Weekday,R&D,11
US_workplace_GT,GT_46009656,GT1059,2.1691666666666665,5.9,10.333333333333334,2015-09-23,10:20:58,2015-09-23,12:31:07,10,12,September,Wednesday,130.14999999999998,Weekday,R&D,11
US_workplace_GT,GT_46009656,GT1060,1.983055555555556,5.58,10.25,2015-09-24,10:15:10,2015-09-24,12:14:09,10,12,September,Thursday,118.98333333333332,Weekday,R&D,11
US_workplace_GT,GT_46009656,GT1061,1.992222222222222,5.76,10.4,2015-09-25,10:24:35,2015-09-25,12:24:07,10,12,September,Friday,119.53333333333332,Weekday,R&D,11
US_workplace_GT,GT_46009656,GT1062,2.3030555555555554,6.63,10.45,2015-09-28,10:27:55,2015-09-28,12:46:06,10,12,September,Monday,138.18333333333334,Weekday,R&D,11
US_workplace_GT,GT_46009656,GT1063,2.1130555555555555,5.83,10.383333333333333,2015-09-29,10:23:23,2015-09-29,12:30:10,10,12,September,Tuesday,126.78333333333332,Weekday,R&D,11
US_workplace_GT,GT_46009656,GT1064,3.1155555555555554,5.54,10.383333333333333,2015-09-30,10:23:13,2015-09-30,13:30:09,10,13,September,Wednesday,186.9333333333333,Weekday,R&D,11
US_workplace_GT,GT_46009656,GT1065,2.080277777777778,5.83,10.383333333333333,2015-10-01,10:23:19,2015-10-01,12:28:08,10,12,October,Thursday,124.81666666666668,Weekday,R&D,11
US_workplace_GT,GT_46009656,GT1066,3.631111111111111,3.02,15.9,2015-10-01,15:54:15,2015-10-01,19:32:07,15,19,October,Thursday,217.86666666666667,Weekday,R&D,11
US_workplace_GT,GT_46009656,GT1067,2.0708333333333333,5.93,10.6,2015-10-02,10:36:52,2015-10-02,12:41:07,10,12,October,Friday,124.25,Weekday,R&D,11
US_workplace_GT,GT_47158353,GT1068,2.9469444444444446,6.9,12.116666666666667,2015-03-16,12:07:16,2015-03-16,15:04:05,12,15,March,Monday,176.81666666666666,Weekday,R&D,12
US_workplace_GT,GT_47158353,GT1069,3.1908333333333334,6.29,17.783333333333335,2015-05-07,17:47:40,2015-05-07,20:59:07,17,20,May,Thursday,191.45,Weekday,R&D,12
US_workplace_GT,GT_47158353,GT1070,2.9227777777777777,6.56,18.433333333333334,2015-05-08,18:26:43,2015-05-08,21:22:05,18,21,May,Friday,175.36666666666667,Weekday,R&D,12
US_workplace_GT,GT_47158353,GT1071,2.6491666666666664,6.31,10.783333333333331,2015-05-13,10:47:08,2015-05-13,13:26:05,10,13,May,Wednesday,158.95,Weekday,R&D,12
US_workplace_GT,GT_47158353,GT1072,2.605,6.19,12.016666666666667,2015-05-19,12:01:48,2015-05-19,14:38:06,12,14,May,Tuesday,156.3,Weekday,R&D,12
US_workplace_GT,GT_47158353,GT1073,3.498333333333333,6.54,17.483333333333334,2015-05-20,17:29:12,2015-05-20,20:59:06,17,20,May,Wednesday,209.9,Weekday,R&D,12
US_workplace_GT,GT_47158353,GT1074,4.06,6.33,17.016666666666666,2015-05-21,17:01:33,2015-05-21,21:05:09,17,21,May,Thursday,243.6,Weekday,R&D,12
US_workplace_GT,GT_47158353,GT1075,2.895277777777778,6.61,17.933333333333334,2015-05-22,17:56:25,2015-05-22,20:50:08,17,20,May,Friday,173.71666666666667,Weekday,R&D,12
US_workplace_GT,GT_47158353,GT1076,2.9169444444444443,6.64,18.516666666666666,2015-05-26,18:31:05,2015-05-26,21:26:06,18,21,May,Tuesday,175.01666666666665,Weekday,R&D,12
US_workplace_GT,GT_47158353,GT1077,3.2494444444444444,6.14,18.0,2015-05-27,18:00:16,2015-05-27,21:15:14,18,21,May,Wednesday,194.96666666666667,Weekday,R&D,12
US_workplace_GT,GT_47158353,GT1078,3.8986111111111112,6.67,16.7,2015-05-28,16:42:12,2015-05-28,20:36:07,16,20,May,Thursday,233.91666666666669,Weekday,R&D,12
US_workplace_GT,GT_47158353,GT1079,2.798611111111111,5.34,18.95,2015-05-29,18:57:18,2015-05-29,21:45:13,18,21,May,Friday,167.91666666666666,Weekday,R&D,12
US_workplace_GT,GT_47158353,GT1080,3.011111111111111,6.34,18.2,2015-06-01,18:12:25,2015-06-01,21:13:05,18,21,June,Monday,180.66666666666663,Weekday,R&D,12
US_workplace_GT,GT_47158353,GT1081,3.2669444444444444,6.01,17.85,2015-06-02,17:51:04,2015-06-02,21:07:05,17,21,June,Tuesday,196.01666666666665,Weekday,R&D,12
US_workplace_GT,GT_47158353,GT1082,3.7597222222222224,6.35,17.333333333333332,2015-06-03,17:20:30,2015-06-03,21:06:05,17,21,June,Wednesday,225.58333333333331,Weekday,R&D,12
US_workplace_GT,GT_47158353,GT1083,3.486111111111111,5.79,17.9,2015-06-04,17:54:55,2015-06-04,21:24:05,17,21,June,Thursday,209.16666666666663,Weekday,R&D,12
US_workplace_GT,GT_47158353,GT1084,1.8569444444444445,4.89,17.0,2015-06-05,17:00:41,2015-06-05,18:52:06,17,18,June,Friday,111.41666666666669,Weekday,R&D,12
US_workplace_GT,GT_47158353,GT1085,3.1991666666666667,5.54,17.716666666666665,2015-06-08,17:43:15,2015-06-08,20:55:12,17,20,June,Monday,191.95,Weekday,R&D,12
US_workplace_GT,GT_47158353,GT1086,3.7191666666666663,5.85,17.433333333333334,2015-06-09,17:26:59,2015-06-09,21:10:08,17,21,June,Tuesday,223.15,Weekday,R&D,12
US_workplace_GT,GT_47158353,GT1087,3.283333333333333,6.0,17.816666666666666,2015-06-10,17:49:11,2015-06-10,21:06:11,17,21,June,Wednesday,197.0,Weekday,R&D,12
US_workplace_GT,GT_47158353,GT1088,2.7202777777777776,5.72,18.3,2015-06-11,18:18:52,2015-06-11,21:02:05,18,21,June,Thursday,163.21666666666664,Weekday,R&D,12
US_workplace_GT,GT_47158353,GT1089,3.0952777777777776,6.21,18.4,2015-06-12,18:24:28,2015-06-12,21:30:11,18,21,June,Friday,185.71666666666664,Weekday,R&D,12
US_workplace_GT,GT_47158353,GT1090,3.379722222222222,6.83,17.933333333333334,2015-06-22,17:56:20,2015-06-22,21:19:07,17,21,June,Monday,202.78333333333333,Weekday,R&D,12
US_workplace_GT,GT_47158353,GT1091,3.395555555555556,5.59,17.3,2015-06-23,17:18:20,2015-06-23,20:42:04,17,20,June,Tuesday,203.73333333333332,Weekday,R&D,12
US_workplace_GT,GT_47158353,GT1092,3.7775,6.04,16.833333333333332,2015-06-24,16:50:26,2015-06-24,20:37:05,16,20,June,Wednesday,226.65,Weekday,R&D,12
US_workplace_GT,GT_47158353,GT1093,2.668333333333333,6.12,17.283333333333335,2015-06-26,17:17:04,2015-06-26,19:57:10,17,19,June,Friday,160.1,Weekday,R&D,12
US_workplace_GT,GT_47158353,GT1094,3.3069444444444445,5.6,17.9,2015-07-06,17:54:40,2015-07-06,21:13:05,17,21,July,Monday,198.41666666666663,Weekday,R&D,12
US_workplace_GT,GT_47158353,GT1095,2.9075,6.18,17.416666666666668,2015-07-07,17:25:45,2015-07-07,20:20:12,17,20,July,Tuesday,174.45000000000002,Weekday,R&D,12
US_workplace_GT,GT_47158353,GT1096,3.863888888888889,6.89,16.866666666666667,2015-07-08,16:52:17,2015-07-08,20:44:07,16,20,July,Wednesday,231.83333333333331,Weekday,R&D,12
US_workplace_GT,GT_47158353,GT1097,3.866111111111111,6.51,17.466666666666665,2015-07-09,17:28:14,2015-07-09,21:20:12,17,21,July,Thursday,231.96666666666667,Weekday,R&D,12
US_workplace_GT,GT_47158353,GT1098,2.7780555555555555,6.4,17.483333333333334,2015-07-10,17:29:24,2015-07-10,20:16:05,17,20,July,Friday,166.68333333333334,Weekday,R&D,12
US_workplace_GT,GT_47158353,GT1099,2.4883333333333333,5.9,18.85,2015-07-13,18:51:47,2015-07-13,21:21:05,18,21,July,Monday,149.3,Weekday,R&D,12
US_workplace_GT,GT_47158353,GT1100,3.2666666666666666,6.98,17.733333333333334,2015-07-14,17:44:11,2015-07-14,21:00:11,17,21,July,Tuesday,196.0,Weekday,R&D,12
US_workplace_GT,GT_47158353,GT1101,2.411666666666666,6.2,19.133333333333333,2015-07-16,19:08:25,2015-07-16,21:33:07,19,21,July,Thursday,144.7,Weekday,R&D,12
US_workplace_GT,GT_47158353,GT1102,2.922222222222222,5.89,18.23333333333333,2015-07-20,18:14:49,2015-07-20,21:10:09,18,21,July,Monday,175.33333333333331,Weekday,R&D,12
US_workplace_GT,GT_47158353,GT1103,2.9594444444444443,6.88,17.716666666666665,2015-07-22,17:43:31,2015-07-22,20:41:05,17,20,July,Wednesday,177.56666666666666,Weekday,R&D,12
US_workplace_GT,GT_47158353,GT1104,2.0033333333333334,5.34,18.28333333333333,2015-07-23,18:17:53,2015-07-23,20:18:05,18,20,July,Thursday,120.2,Weekday,R&D,12
US_workplace_GT,GT_47158353,GT1105,3.1416666666666666,6.15,11.633333333333333,2015-07-24,11:38:37,2015-07-24,14:47:07,11,14,July,Friday,188.5,Weekday,R&D,12
US_workplace_GT,GT_47158353,GT1106,3.6038888888888887,5.37,17.133333333333333,2015-07-28,17:08:53,2015-07-28,20:45:07,17,20,July,Tuesday,216.2333333333333,Weekday,R&D,12
US_workplace_GT,GT_47158353,GT1107,3.033611111111111,5.98,17.8,2015-07-29,17:48:07,2015-07-29,20:50:08,17,20,July,Wednesday,182.01666666666665,Weekday,R&D,12
US_workplace_GT,GT_47158353,GT1108,3.297222222222222,6.23,12.033333333333331,2015-07-30,12:02:18,2015-07-30,15:20:08,12,15,July,Thursday,197.8333333333333,Weekday,R&D,12
US_workplace_GT,GT_47158353,GT1109,3.3516666666666666,6.36,17.083333333333332,2015-07-31,17:05:00,2015-07-31,20:26:06,17,20,July,Friday,201.1,Weekday,R&D,12
US_workplace_GT,GT_47158353,GT1110,2.228055555555556,5.99,18.83333333333333,2015-08-03,18:50:27,2015-08-03,21:04:08,18,21,August,Monday,133.68333333333334,Weekday,R&D,12
US_workplace_GT,GT_47158353,GT1111,3.745555555555556,5.64,17.183333333333334,2015-08-04,17:11:23,2015-08-04,20:56:07,17,20,August,Tuesday,224.73333333333332,Weekday,R&D,12
US_workplace_GT,GT_47158353,GT1112,3.639444444444445,6.4,19.08333333333333,2015-08-05,19:05:44,2015-08-05,22:44:06,19,22,August,Wednesday,218.36666666666667,Weekday,R&D,12
US_workplace_GT,GT_47158353,GT1113,3.2625,6.26,17.833333333333332,2015-08-06,17:50:21,2015-08-06,21:06:06,17,21,August,Thursday,195.75,Weekday,R&D,12
US_workplace_GT,GT_47158353,GT1114,3.2736111111111112,6.12,11.9,2015-08-07,11:54:41,2015-08-07,15:11:06,11,15,August,Friday,196.41666666666669,Weekday,R&D,12
US_workplace_GT,GT_47158353,GT1115,3.0036111111111112,5.75,18.166666666666668,2015-08-10,18:10:53,2015-08-10,21:11:06,18,21,August,Monday,180.21666666666667,Weekday,R&D,12
US_workplace_GT,GT_47158353,GT1116,3.681944444444445,6.58,17.316666666666666,2015-08-11,17:19:13,2015-08-11,21:00:08,17,21,August,Tuesday,220.91666666666663,Weekday,R&D,12
US_workplace_GT,GT_47158353,GT1117,3.180555555555556,6.12,18.05,2015-08-12,18:03:16,2015-08-12,21:14:06,18,21,August,Wednesday,190.8333333333333,Weekday,R&D,12
US_workplace_GT,GT_47158353,GT1118,2.253888888888889,6.03,18.5,2015-08-13,18:30:57,2015-08-13,20:46:11,18,20,August,Thursday,135.23333333333335,Weekday,R&D,12
US_workplace_GT,GT_47158353,GT1119,2.830555555555556,6.73,18.5,2015-08-14,18:30:17,2015-08-14,21:20:07,18,21,August,Friday,169.83333333333334,Weekday,R&D,12
US_workplace_GT,GT_47158353,GT1120,3.459722222222222,6.68,17.733333333333334,2015-08-17,17:44:32,2015-08-17,21:12:07,17,21,August,Monday,207.5833333333333,Weekday,R&D,12
US_workplace_GT,GT_47158353,GT1121,2.745555555555556,6.59,18.33333333333333,2015-08-18,18:20:29,2015-08-18,21:05:13,18,21,August,Tuesday,164.73333333333335,Weekday,R&D,12
US_workplace_GT,GT_47158353,GT1122,3.2469444444444444,6.47,17.9,2015-08-19,17:54:18,2015-08-19,21:09:07,17,21,August,Wednesday,194.81666666666663,Weekday,R&D,12
US_workplace_GT,GT_47158353,GT1123,2.973055555555556,6.26,17.716666666666665,2015-08-20,17:43:45,2015-08-20,20:42:08,17,20,August,Thursday,178.38333333333333,Weekday,R&D,12
US_workplace_GT,GT_47158353,GT1124,2.3561111111111117,6.4,13.966666666666669,2015-08-21,13:58:47,2015-08-21,16:20:09,13,16,August,Friday,141.36666666666667,Weekday,R&D,12
US_workplace_GT,GT_47158353,GT1125,2.9047222222222224,6.02,18.316666666666663,2015-08-24,18:19:48,2015-08-24,21:14:05,18,21,August,Monday,174.28333333333336,Weekday,R&D,12
US_workplace_GT,GT_47158353,GT1126,2.5716666666666668,6.21,17.533333333333335,2015-08-25,17:32:48,2015-08-25,20:07:06,17,20,August,Tuesday,154.3,Weekday,R&D,12
US_workplace_GT,GT_47158353,GT1127,3.200277777777778,6.75,13.683333333333334,2015-08-26,13:41:05,2015-08-26,16:53:06,13,16,August,Wednesday,192.01666666666668,Weekday,R&D,12
US_workplace_GT,GT_47158353,GT1128,2.901388888888889,5.91,17.35,2015-08-27,17:21:03,2015-08-27,20:15:08,17,20,August,Thursday,174.08333333333334,Weekday,R&D,12
US_workplace_GT,GT_47158353,GT1129,3.9541666666666666,6.08,16.85,2015-08-28,16:51:52,2015-08-28,20:49:07,16,20,August,Friday,237.25,Weekday,R&D,12
US_workplace_GT,GT_47158353,GT1130,2.8194444444444446,6.52,16.816666666666666,2015-08-31,16:49:59,2015-08-31,19:39:09,16,19,August,Monday,169.16666666666669,Weekday,R&D,12
US_workplace_GT,GT_47158353,GT1131,3.2091666666666665,6.34,17.366666666666667,2015-09-01,17:22:37,2015-09-01,20:35:10,17,20,September,Tuesday,192.55,Weekday,R&D,12
US_workplace_GT,GT_47158353,GT1132,1.8527777777777776,4.63,18.65,2015-09-02,18:39:57,2015-09-02,20:31:07,18,20,September,Wednesday,111.16666666666669,Weekday,R&D,12
US_workplace_GT,GT_47158353,GT1133,2.576111111111111,6.81,18.5,2015-09-03,18:30:36,2015-09-03,21:05:10,18,21,September,Thursday,154.56666666666666,Weekday,R&D,12
US_workplace_GT,GT_47158353,GT1134,1.3183333333333334,3.38,17.683333333333334,2015-09-04,17:41:05,2015-09-04,19:00:11,17,19,September,Friday,79.1,Weekday,R&D,12
US_workplace_GT,GT_47158353,GT1135,3.661666666666666,6.56,17.666666666666668,2015-09-10,17:40:28,2015-09-10,21:20:10,17,21,September,Thursday,219.7,Weekday,R&D,12
US_workplace_GT,GT_47158353,GT1136,0.8647222222222222,2.26,11.566666666666666,2015-09-11,11:34:15,2015-09-11,12:26:08,11,12,September,Friday,51.88333333333333,Weekday,R&D,12
US_workplace_GT,GT_47158353,GT1137,2.9472222222222224,6.24,12.916666666666666,2015-09-14,12:55:18,2015-09-14,15:52:08,12,15,September,Monday,176.83333333333334,Weekday,R&D,12
US_workplace_GT,GT_47158353,GT1138,3.6527777777777777,6.3,17.316666666666666,2015-09-15,17:19:58,2015-09-15,20:59:08,17,20,September,Tuesday,219.16666666666663,Weekday,R&D,12
US_workplace_GT,GT_47158353,GT1139,3.400555555555556,6.21,17.75,2015-09-16,17:45:06,2015-09-16,21:09:08,17,21,September,Wednesday,204.03333333333333,Weekday,R&D,12
US_workplace_GT,GT_47158353,GT1140,3.203333333333333,6.31,17.683333333333334,2015-09-30,17:41:56,2015-09-30,20:54:08,17,20,September,Wednesday,192.2,Weekday,R&D,12
US_workplace_GT,GT_47158353,GT1141,3.245555555555556,5.56,17.916666666666668,2015-10-01,17:55:26,2015-10-01,21:10:10,17,21,October,Thursday,194.73333333333332,Weekday,R&D,12
US_workplace_GT,GT_47158353,GT1142,3.710833333333333,6.26,16.75,2015-10-02,16:45:27,2015-10-02,20:28:06,16,20,October,Friday,222.65,Weekday,R&D,12
US_workplace_GT,GT_48821751,GT1217,3.983611111111111,6.65,11.3,2015-06-15,11:18:06,2015-06-15,15:17:07,11,15,June,Monday,239.01666666666668,Weekday,other,14
US_workplace_GT,GT_48821751,GT1218,2.3566666666666665,6.82,13.05,2015-06-16,13:03:44,2015-06-16,15:25:08,13,15,June,Tuesday,141.39999999999998,Weekday,other,14
US_workplace_GT,GT_48821751,GT1219,4.365,6.58,11.266666666666667,2015-06-19,11:16:22,2015-06-19,15:38:16,11,15,June,Friday,261.90000000000003,Weekday,other,14
US_workplace_GT,GT_48821751,GT1220,3.994444444444445,6.84,11.2,2015-06-22,11:12:25,2015-06-22,15:12:05,11,15,June,Monday,239.66666666666663,Weekday,other,14
US_workplace_GT,GT_48821751,GT1221,8.8725,7.09,11.166666666666666,2015-06-23,11:10:44,2015-06-23,20:03:05,11,20,June,Tuesday,532.35,Weekday,other,14
US_workplace_GT,GT_48821751,GT1222,4.461388888888889,6.58,11.216666666666669,2015-06-24,11:13:24,2015-06-24,15:41:05,11,15,June,Wednesday,267.68333333333334,Weekday,other,14
US_workplace_GT,GT_48821751,GT1223,4.442777777777778,6.76,11.233333333333333,2015-06-25,11:14:32,2015-06-25,15:41:06,11,15,June,Thursday,266.56666666666666,Weekday,other,14
US_workplace_GT,GT_48821751,GT1224,7.759166666666666,6.72,11.2,2015-06-26,11:12:37,2015-06-26,18:58:10,11,18,June,Friday,465.55,Weekday,other,14
US_workplace_GT,GT_48821751,GT1225,4.094722222222222,6.73,11.4,2015-07-07,11:24:27,2015-07-07,15:30:08,11,15,July,Tuesday,245.6833333333333,Weekday,other,14
US_workplace_GT,GT_48821751,GT1226,4.611111111111111,6.7,11.1,2015-07-08,11:06:35,2015-07-08,15:43:15,11,15,July,Wednesday,276.66666666666663,Weekday,other,14
US_workplace_GT,GT_48821751,GT1227,4.113888888888889,6.74,11.2,2015-07-10,11:12:17,2015-07-10,15:19:07,11,15,July,Friday,246.83333333333331,Weekday,other,14
US_workplace_GT,GT_48821751,GT1228,3.6658333333333335,6.61,11.266666666666667,2015-07-13,11:16:09,2015-07-13,14:56:06,11,14,July,Monday,219.95,Weekday,other,14
US_workplace_GT,GT_48821751,GT1229,3.8075,6.63,11.3,2015-07-15,11:18:38,2015-07-15,15:07:05,11,15,July,Wednesday,228.45,Weekday,other,14
US_workplace_GT,GT_48821751,GT1230,4.614166666666667,6.67,11.333333333333334,2015-07-16,11:20:15,2015-07-16,15:57:06,11,15,July,Thursday,276.85,Weekday,other,14
US_workplace_GT,GT_48821751,GT1231,4.030833333333334,6.66,11.2,2015-07-17,11:12:15,2015-07-17,15:14:06,11,15,July,Friday,241.85,Weekday,other,14
US_workplace_GT,GT_48821751,GT1232,3.773055555555556,6.85,11.233333333333333,2015-07-20,11:14:44,2015-07-20,15:01:07,11,15,July,Monday,226.38333333333333,Weekday,other,14
US_workplace_GT,GT_48821751,GT1233,3.943055555555556,6.63,11.166666666666666,2015-07-21,11:10:30,2015-07-21,15:07:05,11,15,July,Tuesday,236.58333333333331,Weekday,other,14
US_workplace_GT,GT_48821751,GT1234,3.426944444444445,6.72,11.366666666666667,2015-07-22,11:22:29,2015-07-22,14:48:06,11,14,July,Wednesday,205.61666666666667,Weekday,other,14
US_workplace_GT,GT_48821751,GT1235,3.9252777777777776,6.75,11.333333333333334,2015-07-23,11:20:35,2015-07-23,15:16:06,11,15,July,Thursday,235.51666666666665,Weekday,other,14
US_workplace_GT,GT_48821751,GT1236,4.155,6.72,11.3,2015-07-24,11:18:56,2015-07-24,15:28:14,11,15,July,Friday,249.3,Weekday,other,14
US_workplace_GT,GT_48821751,GT1237,4.120555555555556,6.63,11.316666666666666,2015-07-27,11:19:51,2015-07-27,15:27:05,11,15,July,Monday,247.23333333333332,Weekday,other,14
US_workplace_GT,GT_48821751,GT1238,4.081666666666667,6.69,11.216666666666669,2015-07-28,11:13:17,2015-07-28,15:18:11,11,15,July,Tuesday,244.90000000000003,Weekday,other,14
US_workplace_GT,GT_48821751,GT1239,4.677777777777778,6.71,11.4,2015-07-29,11:24:34,2015-07-29,16:05:14,11,16,July,Wednesday,280.6666666666667,Weekday,other,14
US_workplace_GT,GT_48821751,GT1240,4.007777777777778,6.56,11.166666666666666,2015-07-30,11:10:38,2015-07-30,15:11:06,11,15,July,Thursday,240.4666666666667,Weekday,other,14
US_workplace_GT,GT_48821751,GT1241,3.923611111111111,6.69,11.216666666666669,2015-08-04,11:13:43,2015-08-04,15:09:08,11,15,August,Tuesday,235.41666666666663,Weekday,other,14
US_workplace_GT,GT_48821751,GT1242,4.185555555555555,6.71,11.233333333333333,2015-08-05,11:14:58,2015-08-05,15:26:06,11,15,August,Wednesday,251.13333333333333,Weekday,other,14
US_workplace_GT,GT_48821751,GT1243,3.945,6.81,11.216666666666669,2015-08-06,11:13:31,2015-08-06,15:10:13,11,15,August,Thursday,236.7,Weekday,other,14
US_workplace_GT,GT_48821751,GT1244,3.6772222222222224,6.9,16.4,2015-08-10,16:24:31,2015-08-10,20:05:09,16,20,August,Monday,220.63333333333333,Weekday,other,14
US_workplace_GT,GT_48821751,GT1245,3.908611111111111,6.73,11.416666666666666,2015-08-11,11:25:39,2015-08-11,15:20:10,11,15,August,Tuesday,234.51666666666665,Weekday,other,14
US_workplace_GT,GT_48821751,GT1246,3.6858333333333335,6.57,11.566666666666666,2015-08-12,11:34:58,2015-08-12,15:16:07,11,15,August,Wednesday,221.15,Weekday,other,14
US_workplace_GT,GT_48821751,GT1247,4.621944444444445,6.69,11.15,2015-08-13,11:09:48,2015-08-13,15:47:07,11,15,August,Thursday,277.3166666666667,Weekday,other,14
US_workplace_GT,GT_48821751,GT1248,4.101111111111111,6.72,11.316666666666666,2015-08-14,11:19:05,2015-08-14,15:25:09,11,15,August,Friday,246.06666666666663,Weekday,other,14
US_workplace_GT,GT_48821751,GT1249,4.103611111111111,6.62,11.25,2015-08-17,11:15:54,2015-08-17,15:22:07,11,15,August,Monday,246.21666666666667,Weekday,other,14
US_workplace_GT,GT_48821751,GT1250,4.1002777777777775,6.71,11.266666666666667,2015-08-19,11:16:05,2015-08-19,15:22:06,11,15,August,Wednesday,246.01666666666665,Weekday,other,14
US_workplace_GT,GT_48821751,GT1251,3.8425,6.67,11.233333333333333,2015-08-20,11:14:36,2015-08-20,15:05:09,11,15,August,Thursday,230.55,Weekday,other,14
US_workplace_GT,GT_48821751,GT1252,3.951666666666666,6.54,11.25,2015-08-21,11:15:05,2015-08-21,15:12:11,11,15,August,Friday,237.1,Weekday,other,14
US_workplace_GT,GT_48821751,GT1253,4.033333333333333,6.69,16.15,2015-08-24,16:09:05,2015-08-24,20:11:05,16,20,August,Monday,242.0,Weekday,other,14
US_workplace_GT,GT_48821751,GT1254,4.255555555555556,6.64,11.3,2015-08-25,11:18:46,2015-08-25,15:34:06,11,15,August,Tuesday,255.33333333333331,Weekday,other,14
US_workplace_GT,GT_48821751,GT1255,4.023333333333333,6.73,11.233333333333333,2015-08-26,11:14:42,2015-08-26,15:16:06,11,15,August,Wednesday,241.4,Weekday,other,14
US_workplace_GT,GT_48821751,GT1256,4.038611111111111,6.66,11.3,2015-08-27,11:18:48,2015-08-27,15:21:07,11,15,August,Thursday,242.31666666666663,Weekday,other,14
US_workplace_GT,GT_48821751,GT1257,4.057777777777778,6.84,11.25,2015-08-31,11:15:41,2015-08-31,15:19:09,11,15,August,Monday,243.46666666666667,Weekday,other,14
US_workplace_GT,GT_48821751,GT1258,4.683888888888889,6.83,15.416666666666666,2015-09-01,15:25:07,2015-09-01,20:06:09,15,20,September,Tuesday,281.03333333333336,Weekday,other,14
US_workplace_GT,GT_48821751,GT1259,3.859166666666667,6.58,11.216666666666669,2015-09-02,11:13:37,2015-09-02,15:05:10,11,15,September,Wednesday,231.55,Weekday,other,14
US_workplace_GT,GT_48821751,GT1260,3.775833333333333,6.76,11.283333333333331,2015-09-03,11:17:38,2015-09-03,15:04:11,11,15,September,Thursday,226.55,Weekday,other,14
US_workplace_GT,GT_48821751,GT1261,4.544444444444444,6.74,11.333333333333334,2015-09-04,11:20:27,2015-09-04,15:53:07,11,15,September,Friday,272.66666666666663,Weekday,other,14
US_workplace_GT,GT_48821751,GT1262,0.7863888888888889,1.97,16.85,2015-09-04,16:51:57,2015-09-04,17:39:08,16,17,September,Friday,47.18333333333334,Weekday,other,14
US_workplace_GT,GT_48821751,GT1263,4.246666666666667,6.62,11.333333333333334,2015-09-08,11:20:25,2015-09-08,15:35:13,11,15,September,Tuesday,254.8,Weekday,other,14
US_workplace_GT,GT_48821751,GT1264,4.126111111111111,6.79,11.266666666666667,2015-09-11,11:16:33,2015-09-11,15:24:07,11,15,September,Friday,247.56666666666663,Weekday,other,14
US_workplace_GT,GT_48821751,GT1265,3.936944444444445,6.75,11.283333333333331,2015-09-15,11:17:57,2015-09-15,15:14:10,11,15,September,Tuesday,236.21666666666667,Weekday,other,14
US_workplace_GT,GT_48821751,GT1266,4.637222222222222,6.7,15.466666666666669,2015-09-16,15:28:54,2015-09-16,20:07:08,15,20,September,Wednesday,278.2333333333333,Weekday,other,14
US_workplace_GT,GT_48821751,GT1267,4.419444444444444,6.7,11.366666666666667,2015-09-17,11:22:57,2015-09-17,15:48:07,11,15,September,Thursday,265.16666666666663,Weekday,other,14
US_workplace_GT,GT_48821751,GT1268,3.9575,6.69,11.366666666666667,2015-09-18,11:22:44,2015-09-18,15:20:11,11,15,September,Friday,237.45,Weekday,other,14
US_workplace_GT,GT_48821751,GT1269,0.9152777777777776,2.88,11.45,2015-09-21,11:27:14,2015-09-21,12:22:09,11,12,September,Monday,54.91666666666666,Weekday,other,14
US_workplace_GT,GT_48821751,GT1270,4.0325,6.88,11.316666666666666,2015-09-28,11:19:11,2015-09-28,15:21:08,11,15,September,Monday,241.95,Weekday,other,14
US_workplace_GT,GT_48821751,GT1271,4.0183333333333335,6.62,11.383333333333333,2015-09-29,11:23:03,2015-09-29,15:24:09,11,15,September,Tuesday,241.1,Weekday,other,14
US_workplace_GT,GT_48821751,GT1272,8.7825,6.64,11.383333333333333,2015-09-30,11:23:13,2015-09-30,20:10:10,11,20,September,Wednesday,526.95,Weekday,other,14
US_workplace_GT,GT_48821751,GT1273,3.865833333333333,6.6,11.383333333333333,2015-10-01,11:23:12,2015-10-01,15:15:09,11,15,October,Thursday,231.95,Weekday,other,14
US_workplace_GT,GT_48821751,GT1274,3.8194444444444446,6.7,11.316666666666666,2015-10-02,11:19:57,2015-10-02,15:09:07,11,15,October,Friday,229.16666666666669,Weekday,other,14
US_workplace_GT,GT_50725917,GT1366,1.9002777777777775,4.46,14.583333333333334,2015-04-28,14:35:04,2015-04-28,16:29:05,14,16,April,Tuesday,114.01666666666668,Weekday,office,16
US_workplace_GT,GT_50725917,GT1367,2.176111111111111,6.34,10.866666666666667,2015-04-29,10:52:36,2015-04-29,13:03:10,10,13,April,Wednesday,130.56666666666666,Weekday,office,16
US_workplace_GT,GT_50725917,GT1368,2.2802777777777776,6.77,10.8,2015-04-30,10:48:19,2015-04-30,13:05:08,10,13,April,Thursday,136.81666666666666,Weekday,office,16
US_workplace_GT,GT_50725917,GT1369,1.1841666666666666,3.61,18.116666666666667,2015-05-01,18:07:03,2015-05-01,19:18:06,18,19,May,Friday,71.05,Weekday,office,16
US_workplace_GT,GT_50725917,GT1370,1.9083333333333332,5.51,10.983333333333333,2015-05-04,10:59:39,2015-05-04,12:54:09,10,12,May,Monday,114.5,Weekday,office,16
US_workplace_GT,GT_50725917,GT1371,2.821388888888889,5.58,11.266666666666667,2015-05-05,11:16:49,2015-05-05,14:06:06,11,14,May,Tuesday,169.28333333333333,Weekday,office,16
US_workplace_GT,GT_50725917,GT1372,2.210833333333333,6.58,10.783333333333331,2015-05-06,10:47:30,2015-05-06,13:00:09,10,13,May,Wednesday,132.65,Weekday,office,16
US_workplace_GT,GT_50725917,GT1373,2.273055555555556,6.68,10.816666666666666,2015-05-07,10:49:44,2015-05-07,13:06:07,10,13,May,Thursday,136.38333333333333,Weekday,office,16
US_workplace_GT,GT_50725917,GT1374,2.231388888888889,6.52,10.9,2015-05-08,10:54:13,2015-05-08,13:08:06,10,13,May,Friday,133.88333333333335,Weekday,office,16
US_workplace_GT,GT_50725917,GT1375,2.118888888888889,6.29,11.05,2015-05-11,11:03:01,2015-05-11,13:10:09,11,13,May,Monday,127.13333333333333,Weekday,office,16
US_workplace_GT,GT_50725917,GT1376,2.341388888888889,6.78,13.65,2015-05-12,13:39:43,2015-05-12,16:00:12,13,16,May,Tuesday,140.48333333333335,Weekday,office,16
US_workplace_GT,GT_50725917,GT1377,2.0383333333333336,6.13,11.05,2015-05-13,11:03:48,2015-05-13,13:06:06,11,13,May,Wednesday,122.3,Weekday,office,16
US_workplace_GT,GT_50725917,GT1378,2.526111111111111,7.44,10.883333333333333,2015-05-14,10:53:33,2015-05-14,13:25:07,10,13,May,Thursday,151.56666666666666,Weekday,office,16
US_workplace_GT,GT_50725917,GT1379,2.326388888888889,6.43,11.066666666666666,2015-05-18,11:04:30,2015-05-18,13:24:05,11,13,May,Monday,139.58333333333334,Weekday,office,16
US_workplace_GT,GT_50725917,GT1380,2.6972222222222224,6.35,11.3,2015-05-19,11:18:18,2015-05-19,14:00:08,11,14,May,Tuesday,161.83333333333334,Weekday,office,16
US_workplace_GT,GT_50725917,GT1381,2.678333333333333,6.49,11.083333333333334,2015-05-20,11:05:24,2015-05-20,13:46:06,11,13,May,Wednesday,160.7,Weekday,office,16
US_workplace_GT,GT_50725917,GT1382,2.703888888888889,6.42,10.266666666666667,2015-05-22,10:16:53,2015-05-22,12:59:07,10,12,May,Friday,162.23333333333332,Weekday,office,16
US_workplace_GT,GT_50725917,GT1383,4.060277777777777,6.47,11.283333333333331,2015-05-26,11:17:29,2015-05-26,15:21:06,11,15,May,Tuesday,243.61666666666665,Weekday,office,16
US_workplace_GT,GT_50725917,GT1384,2.381388888888889,6.93,11.0,2015-05-27,11:00:13,2015-05-27,13:23:06,11,13,May,Wednesday,142.88333333333333,Weekday,office,16
US_workplace_GT,GT_50725917,GT1385,3.046388888888889,3.67,13.55,2015-05-28,13:33:18,2015-05-28,16:36:05,13,16,May,Thursday,182.78333333333333,Weekday,office,16
US_workplace_GT,GT_50725917,GT1386,1.3405555555555555,4.16,13.733333333333333,2015-05-29,13:44:46,2015-05-29,15:05:12,13,15,May,Friday,80.43333333333334,Weekday,office,16
US_workplace_GT,GT_50725917,GT1387,2.533888888888889,7.11,11.033333333333331,2015-06-01,11:02:02,2015-06-01,13:34:04,11,13,June,Monday,152.03333333333333,Weekday,office,16
US_workplace_GT,GT_50725917,GT1388,2.24,6.34,13.65,2015-06-02,13:39:41,2015-06-02,15:54:05,13,15,June,Tuesday,134.4,Weekday,office,16
US_workplace_GT,GT_50725917,GT1389,2.3072222222222223,6.88,11.133333333333333,2015-06-03,11:08:40,2015-06-03,13:27:06,11,13,June,Wednesday,138.43333333333334,Weekday,office,16
US_workplace_GT,GT_50725917,GT1390,2.355,6.92,10.983333333333333,2015-06-05,10:59:48,2015-06-05,13:21:06,10,13,June,Friday,141.3,Weekday,office,16
US_workplace_GT,GT_50725917,GT1391,2.2691666666666666,6.2,11.216666666666669,2015-06-08,11:13:57,2015-06-08,13:30:06,11,13,June,Monday,136.15,Weekday,office,16
US_workplace_GT,GT_50725917,GT1392,2.111388888888889,6.12,11.1,2015-06-09,11:06:25,2015-06-09,13:13:06,11,13,June,Tuesday,126.68333333333334,Weekday,office,16
US_workplace_GT,GT_50725917,GT1393,3.1930555555555555,6.44,13.366666666666667,2015-06-11,13:22:31,2015-06-11,16:34:06,13,16,June,Thursday,191.58333333333331,Weekday,office,16
US_workplace_GT,GT_50725917,GT1394,2.191388888888889,6.21,11.1,2015-06-15,11:06:45,2015-06-15,13:18:14,11,13,June,Monday,131.48333333333335,Weekday,office,16
US_workplace_GT,GT_50725917,GT1395,2.425,5.89,13.466666666666669,2015-06-16,13:28:37,2015-06-16,15:54:07,13,15,June,Tuesday,145.5,Weekday,office,16
US_workplace_GT,GT_50725917,GT1396,1.0819444444444444,0.96,16.9,2015-06-16,16:54:16,2015-06-16,17:59:11,16,17,June,Tuesday,64.91666666666666,Weekday,office,16
US_workplace_GT,GT_50725917,GT1397,2.2536111111111112,6.51,11.1,2015-06-17,11:06:53,2015-06-17,13:22:06,11,13,June,Wednesday,135.21666666666667,Weekday,office,16
US_workplace_GT,GT_50725917,GT1398,3.194166666666667,6.57,13.4,2015-06-18,13:24:26,2015-06-18,16:36:05,13,16,June,Thursday,191.65,Weekday,office,16
US_workplace_GT,GT_50725917,GT1399,3.931111111111111,6.57,13.566666666666666,2015-06-19,13:34:17,2015-06-19,17:30:09,13,17,June,Friday,235.86666666666667,Weekday,office,16
US_workplace_GT,GT_50725917,GT1400,2.379722222222222,6.39,11.216666666666669,2015-06-22,11:13:19,2015-06-22,13:36:06,11,13,June,Monday,142.78333333333333,Weekday,office,16
US_workplace_GT,GT_50725917,GT1401,3.681388888888889,6.03,11.35,2015-06-23,11:21:13,2015-06-23,15:02:06,11,15,June,Tuesday,220.88333333333333,Weekday,office,16
US_workplace_GT,GT_50725917,GT1402,3.391111111111111,6.37,11.216666666666669,2015-06-24,11:13:38,2015-06-24,14:37:06,11,14,June,Wednesday,203.46666666666667,Weekday,office,16
US_workplace_GT,GT_50725917,GT1403,2.1577777777777776,6.18,11.25,2015-06-25,11:15:39,2015-06-25,13:25:07,11,13,June,Thursday,129.46666666666664,Weekday,office,16
US_workplace_GT,GT_50725917,GT1404,4.172777777777778,6.47,10.983333333333333,2015-06-26,10:59:46,2015-06-26,15:10:08,10,15,June,Friday,250.36666666666667,Weekday,office,16
US_workplace_GT,GT_50725917,GT1405,2.0669444444444443,6.18,11.35,2015-06-29,11:21:14,2015-06-29,13:25:15,11,13,June,Monday,124.01666666666664,Weekday,office,16
US_workplace_GT,GT_50725917,GT1406,2.723055555555556,6.5,13.533333333333331,2015-06-30,13:32:42,2015-06-30,16:16:05,13,16,June,Tuesday,163.38333333333333,Weekday,office,16
US_workplace_GT,GT_50725917,GT1407,2.736666666666667,5.79,13.3,2015-07-01,13:18:53,2015-07-01,16:03:05,13,16,July,Wednesday,164.20000000000002,Weekday,office,16
US_workplace_GT,GT_50725917,GT1408,4.56,6.37,14.05,2015-07-02,14:03:29,2015-07-02,18:37:05,14,18,July,Thursday,273.6,Weekday,office,16
US_workplace_GT,GT_50725917,GT1409,2.228333333333333,6.39,11.366666666666667,2015-07-06,11:22:23,2015-07-06,13:36:05,11,13,July,Monday,133.70000000000002,Weekday,office,16
US_workplace_GT,GT_50725917,GT1410,2.9852777777777777,6.0,13.55,2015-07-07,13:33:58,2015-07-07,16:33:05,13,16,July,Tuesday,179.11666666666667,Weekday,office,16
US_workplace_GT,GT_50725917,GT1411,3.2725,6.42,13.45,2015-07-08,13:27:44,2015-07-08,16:44:05,13,16,July,Wednesday,196.35,Weekday,office,16
US_workplace_GT,GT_50725917,GT1412,3.381666666666667,6.69,10.9,2015-07-09,10:54:12,2015-07-09,14:17:06,10,14,July,Thursday,202.9,Weekday,office,16
US_workplace_GT,GT_50725917,GT1413,2.7177777777777776,6.91,14.883333333333333,2015-07-10,14:53:01,2015-07-10,17:36:05,14,17,July,Friday,163.06666666666666,Weekday,office,16
US_workplace_GT,GT_50725917,GT1414,0.4927777777777777,1.43,13.616666666666667,2015-07-13,13:37:32,2015-07-13,14:07:06,13,14,July,Monday,29.566666666666663,Weekday,office,16
US_workplace_GT,GT_50725917,GT1415,2.4483333333333333,4.72,16.416666666666668,2015-07-13,16:25:12,2015-07-13,18:52:06,16,18,July,Monday,146.9,Weekday,office,16
US_workplace_GT,GT_50725917,GT1416,3.451111111111111,6.43,13.833333333333334,2015-07-14,13:50:00,2015-07-14,17:17:04,13,17,July,Tuesday,207.06666666666663,Weekday,office,16
US_workplace_GT,GT_50725917,GT1417,2.287777777777778,6.27,11.3,2015-07-15,11:18:51,2015-07-15,13:36:07,11,13,July,Wednesday,137.26666666666668,Weekday,office,16
US_workplace_GT,GT_50725917,GT1418,2.7644444444444445,6.52,11.216666666666669,2015-07-16,11:13:15,2015-07-16,13:59:07,11,13,July,Thursday,165.86666666666667,Weekday,office,16
US_workplace_GT,GT_50725917,GT1419,2.693611111111111,6.67,14.383333333333333,2015-07-17,14:23:30,2015-07-17,17:05:07,14,17,July,Friday,161.61666666666667,Weekday,office,16
US_workplace_GT,GT_50725917,GT1420,2.4466666666666668,6.18,11.433333333333334,2015-07-20,11:26:18,2015-07-20,13:53:06,11,13,July,Monday,146.8,Weekday,office,16
US_workplace_GT,GT_50725917,GT1421,1.586111111111111,4.82,16.783333333333335,2015-07-21,16:47:56,2015-07-21,18:23:06,16,18,July,Tuesday,95.16666666666666,Weekday,office,16
US_workplace_GT,GT_50725917,GT1422,2.253055555555556,5.95,16.983333333333334,2015-07-22,16:59:57,2015-07-22,19:15:08,16,19,July,Wednesday,135.18333333333334,Weekday,office,16
US_workplace_GT,GT_50725917,GT1423,3.645,6.4,11.566666666666666,2015-07-23,11:34:24,2015-07-23,15:13:06,11,15,July,Thursday,218.7,Weekday,office,16
US_workplace_GT,GT_50725917,GT1424,0.9169444444444445,1.04,16.183333333333334,2015-08-03,16:11:05,2015-08-03,17:06:06,16,17,August,Monday,55.016666666666666,Weekday,office,16
US_workplace_GT,GT_50725917,GT1425,3.381388888888889,6.41,11.266666666666667,2015-08-04,11:16:14,2015-08-04,14:39:07,11,14,August,Tuesday,202.88333333333333,Weekday,office,16
US_workplace_GT,GT_50725917,GT1426,2.540555555555556,6.35,11.35,2015-08-05,11:21:41,2015-08-05,13:54:07,11,13,August,Wednesday,152.43333333333334,Weekday,office,16
US_workplace_GT,GT_50725917,GT1427,4.026944444444444,6.78,11.35,2015-08-06,11:21:30,2015-08-06,15:23:07,11,15,August,Thursday,241.61666666666665,Weekday,office,16
US_workplace_GT,GT_50725917,GT1428,2.4433333333333334,6.31,11.316666666666666,2015-08-07,11:19:31,2015-08-07,13:46:07,11,13,August,Friday,146.6,Weekday,office,16
US_workplace_GT,GT_50725917,GT1429,3.318611111111111,6.11,11.25,2015-08-10,11:15:01,2015-08-10,14:34:08,11,14,August,Monday,199.11666666666667,Weekday,office,16
US_workplace_GT,GT_50725917,GT1430,3.3827777777777777,6.31,12.0,2015-08-11,12:00:09,2015-08-11,15:23:07,12,15,August,Tuesday,202.96666666666667,Weekday,office,16
US_workplace_GT,GT_50725917,GT1431,3.2994444444444446,6.15,12.15,2015-08-12,12:09:09,2015-08-12,15:27:07,12,15,August,Wednesday,197.96666666666667,Weekday,office,16
US_workplace_GT,GT_50725917,GT1432,2.946388888888889,6.57,12.083333333333334,2015-08-13,12:05:19,2015-08-13,15:02:06,12,15,August,Thursday,176.78333333333333,Weekday,office,16
US_workplace_GT,GT_50725917,GT1433,2.233611111111111,6.46,12.95,2015-09-02,12:57:07,2015-09-02,15:11:08,12,15,September,Wednesday,134.01666666666668,Weekday,office,16
US_workplace_GT,GT_50725917,GT1434,2.3719444444444444,6.06,11.566666666666666,2015-09-03,11:34:47,2015-09-03,13:57:06,11,13,September,Thursday,142.31666666666666,Weekday,office,16
US_workplace_GT,GT_50725917,GT1435,2.07,5.94,11.55,2015-09-04,11:33:58,2015-09-04,13:38:10,11,13,September,Friday,124.2,Weekday,office,16
US_workplace_GT,GT_50725917,GT1436,1.9755555555555555,6.04,15.65,2015-09-08,15:39:37,2015-09-08,17:38:09,15,17,September,Tuesday,118.53333333333332,Weekday,office,16
US_workplace_GT,GT_50725917,GT1437,3.7977777777777777,6.25,11.283333333333331,2015-09-09,11:17:24,2015-09-09,15:05:16,11,15,September,Wednesday,227.86666666666667,Weekday,office,16
US_workplace_GT,GT_50725917,GT1438,3.7577777777777777,6.45,11.433333333333334,2015-09-10,11:26:38,2015-09-10,15:12:06,11,15,September,Thursday,225.46666666666667,Weekday,office,16
US_workplace_GT,GT_50725917,GT1439,1.0733333333333333,2.48,18.25,2015-09-10,18:15:45,2015-09-10,19:20:09,18,19,September,Thursday,64.39999999999999,Weekday,office,16
US_workplace_GT,GT_50725917,GT1440,3.015555555555556,5.85,11.95,2015-09-11,11:57:14,2015-09-11,14:58:10,11,14,September,Friday,180.9333333333333,Weekday,office,16
US_workplace_GT,GT_50725917,GT1441,4.037222222222222,6.47,11.15,2015-09-14,11:09:56,2015-09-14,15:12:10,11,15,September,Monday,242.2333333333333,Weekday,office,16
US_workplace_GT,GT_50725917,GT1442,3.6275,6.15,11.366666666666667,2015-09-15,11:22:30,2015-09-15,15:00:09,11,15,September,Tuesday,217.65,Weekday,office,16
US_workplace_GT,GT_50725917,GT1443,3.890555555555556,6.47,11.133333333333333,2015-09-16,11:08:43,2015-09-16,15:02:09,11,15,September,Wednesday,233.4333333333333,Weekday,office,16
US_workplace_GT,GT_50725917,GT1444,2.4769444444444444,5.74,11.483333333333333,2015-09-18,11:29:32,2015-09-18,13:58:09,11,13,September,Friday,148.61666666666667,Weekday,office,16
US_workplace_GT,GT_50725917,GT1445,3.7797222222222224,6.54,11.183333333333334,2015-09-21,11:11:22,2015-09-21,14:58:09,11,14,September,Monday,226.78333333333336,Weekday,office,16
US_workplace_GT,GT_50725917,GT1446,3.060833333333333,6.56,11.283333333333331,2015-09-22,11:17:31,2015-09-22,14:21:10,11,14,September,Tuesday,183.65,Weekday,office,16
US_workplace_GT,GT_50725917,GT1447,3.5055555555555555,6.54,13.316666666666666,2015-09-23,13:19:50,2015-09-23,16:50:10,13,16,September,Wednesday,210.33333333333331,Weekday,office,16
US_workplace_GT,GT_50725917,GT1448,1.9002777777777775,6.05,12.033333333333331,2015-09-24,12:02:08,2015-09-24,13:56:09,12,13,September,Thursday,114.01666666666668,Weekday,office,16
US_workplace_GT,GT_50725917,GT1449,3.679444444444445,6.54,11.45,2015-09-25,11:27:21,2015-09-25,15:08:07,11,15,September,Friday,220.76666666666668,Weekday,office,16
US_workplace_GT,GT_50725917,GT1450,3.352222222222222,6.47,15.733333333333333,2015-09-28,15:44:00,2015-09-28,19:05:08,15,19,September,Monday,201.13333333333333,Weekday,office,16
US_workplace_GT,GT_50725917,GT1451,2.3094444444444444,5.92,11.366666666666667,2015-09-29,11:22:34,2015-09-29,13:41:08,11,13,September,Tuesday,138.56666666666666,Weekday,office,16
US_workplace_GT,GT_50725917,GT1452,3.808611111111111,6.33,11.466666666666669,2015-09-30,11:28:37,2015-09-30,15:17:08,11,15,September,Wednesday,228.51666666666665,Weekday,office,16
US_workplace_GT,GT_50725917,GT1453,2.710833333333333,6.53,14.483333333333333,2015-10-01,14:29:27,2015-10-01,17:12:06,14,17,October,Thursday,162.65,Weekday,office,16
US_workplace_GT,GT_50725917,GT1454,2.586388888888889,6.33,13.7,2015-10-02,13:42:55,2015-10-02,16:18:06,13,16,October,Friday,155.18333333333334,Weekday,office,16
US_workplace_GT,GT_50986683,GT1455,2.3091666666666666,6.09,11.616666666666667,2015-06-25,11:37:32,2015-06-25,13:56:05,11,13,June,Thursday,138.54999999999998,Weekday,R&D,17
US_workplace_GT,GT_50986683,GT1456,2.0475,6.04,12.383333333333333,2015-06-26,12:23:23,2015-06-26,14:26:14,12,14,June,Friday,122.85,Weekday,R&D,17
US_workplace_GT,GT_50986683,GT1457,5.247222222222222,5.98,11.883333333333333,2015-06-29,11:53:15,2015-06-29,17:08:05,11,17,June,Monday,314.8333333333333,Weekday,R&D,17
US_workplace_GT,GT_50986683,GT1458,3.5444444444444443,5.99,18.08333333333333,2015-06-30,18:05:25,2015-06-30,21:38:05,18,21,June,Tuesday,212.66666666666663,Weekday,R&D,17
US_workplace_GT,GT_50986683,GT1459,1.284166666666667,4.15,11.433333333333334,2015-07-01,11:26:02,2015-07-01,12:43:05,11,12,July,Wednesday,77.05,Weekday,R&D,17
US_workplace_GT,GT_50986683,GT1460,2.202777777777778,2.9,16.65,2015-07-01,16:39:55,2015-07-01,18:52:05,16,18,July,Wednesday,132.16666666666669,Weekday,R&D,17
US_workplace_GT,GT_50986683,GT1461,3.560555555555556,5.98,11.716666666666669,2015-07-02,11:43:28,2015-07-02,15:17:06,11,15,July,Thursday,213.63333333333333,Weekday,R&D,17
US_workplace_GT,GT_50986683,GT1462,2.0725,6.1,11.916666666666666,2015-07-06,11:55:55,2015-07-06,14:00:16,11,14,July,Monday,124.35,Weekday,R&D,17
US_workplace_GT,GT_50986683,GT1463,2.805277777777778,5.97,11.883333333333333,2015-07-07,11:53:46,2015-07-07,14:42:05,11,14,July,Tuesday,168.3166666666667,Weekday,R&D,17
US_workplace_GT,GT_50986683,GT1464,3.660277777777778,6.02,16.45,2015-07-08,16:27:29,2015-07-08,20:07:06,16,20,July,Wednesday,219.61666666666667,Weekday,R&D,17
US_workplace_GT,GT_50986683,GT1465,2.95,5.83,17.683333333333334,2015-07-09,17:41:06,2015-07-09,20:38:06,17,20,July,Thursday,177.0,Weekday,R&D,17
US_workplace_GT,GT_50986683,GT1466,4.257777777777778,5.99,11.983333333333333,2015-07-10,11:59:43,2015-07-10,16:15:11,11,16,July,Friday,255.4666666666667,Weekday,R&D,17
US_workplace_GT,GT_50986683,GT1467,2.0769444444444445,5.92,12.166666666666666,2015-07-22,12:10:37,2015-07-22,14:15:14,12,14,July,Wednesday,124.61666666666667,Weekday,R&D,17
US_workplace_GT,GT_50986683,GT1468,2.737222222222222,6.0,11.7,2015-07-23,11:42:54,2015-07-23,14:27:08,11,14,July,Thursday,164.23333333333332,Weekday,R&D,17
US_workplace_GT,GT_50986683,GT1469,7.521388888888889,5.9,11.683333333333334,2015-07-24,11:41:50,2015-07-24,19:13:07,11,19,July,Friday,451.2833333333333,Weekday,R&D,17
US_workplace_GT,GT_50986683,GT1470,1.9925,5.68,14.3,2015-07-27,14:18:33,2015-07-27,16:18:06,14,16,July,Monday,119.55,Weekday,R&D,17
US_workplace_GT,GT_50986683,GT1471,4.786666666666667,6.16,11.983333333333333,2015-07-28,11:59:55,2015-07-28,16:47:07,11,16,July,Tuesday,287.20000000000005,Weekday,R&D,17
US_workplace_GT,GT_50986683,GT1472,1.9202777777777775,5.88,11.983333333333333,2015-07-30,11:59:56,2015-07-30,13:55:09,11,13,July,Thursday,115.21666666666668,Weekday,R&D,17
US_workplace_GT,GT_50986683,GT1473,3.0669444444444443,6.09,11.616666666666667,2015-08-03,11:37:05,2015-08-03,14:41:06,11,14,August,Monday,184.01666666666665,Weekday,R&D,17
US_workplace_GT,GT_50986683,GT1474,2.026666666666667,5.98,12.35,2015-08-05,12:21:36,2015-08-05,14:23:12,12,14,August,Wednesday,121.6,Weekday,R&D,17
US_workplace_GT,GT_50986683,GT1475,3.088055555555556,6.1,11.716666666666669,2015-08-10,11:43:50,2015-08-10,14:49:07,11,14,August,Monday,185.28333333333333,Weekday,R&D,17
US_workplace_GT,GT_50986683,GT1476,2.0452777777777778,6.05,11.65,2015-08-13,11:39:23,2015-08-13,13:42:06,11,13,August,Thursday,122.71666666666668,Weekday,R&D,17
US_workplace_GT,GT_50986683,GT1477,3.477777777777778,5.98,11.666666666666666,2015-08-14,11:40:27,2015-08-14,15:09:07,11,15,August,Friday,208.66666666666669,Weekday,R&D,17
US_workplace_GT,GT_50986683,GT1478,2.706111111111111,6.09,11.833333333333334,2015-08-17,11:50:44,2015-08-17,14:33:06,11,14,August,Monday,162.36666666666665,Weekday,R&D,17
US_workplace_GT,GT_50986683,GT1479,3.757222222222222,6.08,12.1,2015-08-18,12:06:40,2015-08-18,15:52:06,12,15,August,Tuesday,225.4333333333333,Weekday,R&D,17
US_workplace_GT,GT_50986683,GT1480,2.19,6.18,12.0,2015-08-19,12:00:43,2015-08-19,14:12:07,12,14,August,Wednesday,131.4,Weekday,R&D,17
US_workplace_GT,GT_50986683,GT1481,3.8338888888888887,6.15,12.45,2015-08-20,12:27:05,2015-08-20,16:17:07,12,16,August,Thursday,230.03333333333333,Weekday,R&D,17
US_workplace_GT,GT_50986683,GT1482,1.4427777777777775,4.24,17.583333333333332,2015-08-20,17:35:33,2015-08-20,19:02:07,17,19,August,Thursday,86.56666666666666,Weekday,R&D,17
US_workplace_GT,GT_50986683,GT1483,2.0613888888888887,6.1,11.55,2015-08-21,11:33:27,2015-08-21,13:37:08,11,13,August,Friday,123.68333333333332,Weekday,R&D,17
US_workplace_GT,GT_50986683,GT1484,2.846111111111111,5.94,11.933333333333334,2015-08-24,11:56:20,2015-08-24,14:47:06,11,14,August,Monday,170.76666666666665,Weekday,R&D,17
US_workplace_GT,GT_50986683,GT1485,3.894444444444445,5.95,11.816666666666666,2015-08-26,11:49:26,2015-08-26,15:43:06,11,15,August,Wednesday,233.66666666666663,Weekday,R&D,17
US_workplace_GT,GT_50986683,GT1486,3.76,5.95,12.033333333333331,2015-08-27,12:02:30,2015-08-27,15:48:06,12,15,August,Thursday,225.6,Weekday,R&D,17
US_workplace_GT,GT_50986683,GT1487,1.7830555555555556,5.72,12.666666666666666,2015-08-28,12:40:08,2015-08-28,14:27:07,12,14,August,Friday,106.98333333333332,Weekday,R&D,17
US_workplace_GT,GT_50986683,GT1488,3.9358333333333335,6.01,12.1,2015-08-31,12:06:59,2015-08-31,16:03:08,12,16,August,Monday,236.15,Weekday,R&D,17
US_workplace_GT,GT_50986683,GT1489,3.017777777777778,5.93,11.7,2015-09-01,11:42:03,2015-09-01,14:43:07,11,14,September,Tuesday,181.06666666666663,Weekday,R&D,17
US_workplace_GT,GT_50986683,GT1490,1.9447222222222225,6.06,12.166666666666666,2015-09-02,12:10:32,2015-09-02,14:07:13,12,14,September,Wednesday,116.68333333333334,Weekday,R&D,17
US_workplace_GT,GT_50986683,GT1491,3.170555555555556,6.19,12.233333333333333,2015-09-03,12:14:54,2015-09-03,15:25:08,12,15,September,Thursday,190.23333333333332,Weekday,R&D,17
US_workplace_GT,GT_50986683,GT1492,2.765833333333333,5.9,11.866666666666667,2015-09-08,11:52:17,2015-09-08,14:38:14,11,14,September,Tuesday,165.95,Weekday,R&D,17
US_workplace_GT,GT_50986683,GT1493,2.7669444444444444,5.94,11.933333333333334,2015-09-09,11:56:08,2015-09-09,14:42:09,11,14,September,Wednesday,166.01666666666665,Weekday,R&D,17
US_workplace_GT,GT_50986683,GT1494,2.1927777777777777,5.89,12.233333333333333,2015-09-10,12:14:34,2015-09-10,14:26:08,12,14,September,Thursday,131.56666666666666,Weekday,R&D,17
US_workplace_GT,GT_50986683,GT1495,2.082777777777778,5.59,12.3,2015-09-11,12:18:09,2015-09-11,14:23:07,12,14,September,Friday,124.96666666666668,Weekday,R&D,17
US_workplace_GT,GT_50986683,GT1496,4.304444444444444,5.97,12.333333333333334,2015-09-14,12:20:51,2015-09-14,16:39:07,12,16,September,Monday,258.26666666666665,Weekday,R&D,17
US_workplace_GT,GT_50986683,GT1497,3.863333333333333,5.68,12.233333333333333,2015-09-15,12:14:18,2015-09-15,16:06:06,12,16,September,Tuesday,231.8,Weekday,R&D,17
US_workplace_GT,GT_50986683,GT1498,2.1919444444444443,5.84,12.033333333333331,2015-09-16,12:02:36,2015-09-16,14:14:07,12,14,September,Wednesday,131.51666666666665,Weekday,R&D,17
US_workplace_GT,GT_50986683,GT1499,2.0952777777777776,5.77,12.316666666666666,2015-09-17,12:19:29,2015-09-17,14:25:12,12,14,September,Thursday,125.71666666666664,Weekday,R&D,17
US_workplace_GT,GT_50986683,GT1500,2.3513888888888888,5.46,17.4,2015-09-17,17:24:08,2015-09-17,19:45:13,17,19,September,Thursday,141.08333333333331,Weekday,R&D,17
US_workplace_GT,GT_50986683,GT1501,3.198611111111111,5.87,11.883333333333333,2015-09-21,11:53:18,2015-09-21,15:05:13,11,15,September,Monday,191.91666666666663,Weekday,R&D,17
US_workplace_GT,GT_50986683,GT1502,5.722222222222222,5.87,11.9,2015-09-23,11:54:49,2015-09-23,17:38:09,11,17,September,Wednesday,343.3333333333333,Weekday,R&D,17
US_workplace_GT,GT_50986683,GT1503,3.3852777777777776,6.0,13.216666666666669,2015-09-24,13:13:02,2015-09-24,16:36:09,13,16,September,Thursday,203.11666666666665,Weekday,R&D,17
US_workplace_GT,GT_50986683,GT1504,2.142777777777778,5.84,12.216666666666669,2015-09-28,12:13:31,2015-09-28,14:22:05,12,14,September,Monday,128.56666666666666,Weekday,R&D,17
US_workplace_GT,GT_81375624,GT1743,1.4008333333333334,3.71,12.8,2015-03-09,12:48:02,2015-03-09,14:12:05,12,14,March,Monday,84.05,Weekday,manufacturing,21
US_workplace_GT,GT_81375624,GT1744,1.2047222222222222,3.22,15.816666666666666,2015-03-09,15:49:48,2015-03-09,17:02:05,15,17,March,Monday,72.28333333333333,Weekday,manufacturing,21
US_workplace_GT,GT_81375624,GT1745,1.38,3.47,12.783333333333331,2015-03-10,12:47:19,2015-03-10,14:10:07,12,14,March,Tuesday,82.8,Weekday,manufacturing,21
US_workplace_GT,GT_81375624,GT1746,1.1608333333333334,1.92,15.616666666666667,2015-03-10,15:37:26,2015-03-10,16:47:05,15,16,March,Tuesday,69.65,Weekday,manufacturing,21
US_workplace_GT,GT_81375624,GT1747,1.7080555555555557,4.13,12.416666666666666,2015-03-11,12:25:36,2015-03-11,14:08:05,12,14,March,Wednesday,102.48333333333332,Weekday,manufacturing,21
US_workplace_GT,GT_81375624,GT1748,1.0983333333333334,1.11,15.75,2015-03-11,15:45:10,2015-03-11,16:51:04,15,16,March,Wednesday,65.9,Weekday,manufacturing,21
US_workplace_GT,GT_81375624,GT1749,1.565,3.83,12.25,2015-03-12,12:15:11,2015-03-12,13:49:05,12,13,March,Thursday,93.9,Weekday,manufacturing,21
US_workplace_GT,GT_81375624,GT1750,1.1619444444444444,2.53,15.75,2015-03-12,15:45:30,2015-03-12,16:55:13,15,16,March,Thursday,69.71666666666667,Weekday,manufacturing,21
US_workplace_GT,GT_81375624,GT1751,1.5377777777777777,3.98,12.55,2015-03-13,12:33:49,2015-03-13,14:06:05,12,14,March,Friday,92.26666666666668,Weekday,manufacturing,21
US_workplace_GT,GT_81375624,GT1752,0.9741666666666666,2.39,15.883333333333333,2015-03-13,15:53:37,2015-03-13,16:52:04,15,16,March,Friday,58.45,Weekday,manufacturing,21
US_workplace_GT,GT_81375624,GT1753,1.7419444444444443,4.73,13.216666666666669,2015-03-16,13:13:34,2015-03-16,14:58:05,13,14,March,Monday,104.51666666666668,Weekday,manufacturing,21
US_workplace_GT,GT_81375624,GT1754,3.343888888888889,5.5,14.116666666666667,2015-03-17,14:07:27,2015-03-17,17:28:05,14,17,March,Tuesday,200.63333333333333,Weekday,manufacturing,21
US_workplace_GT,GT_81375624,GT1755,3.233888888888889,7.56,13.333333333333334,2015-03-19,13:20:03,2015-03-19,16:34:05,13,16,March,Thursday,194.03333333333333,Weekday,manufacturing,21
US_workplace_GT,GT_81375624,GT1756,2.7127777777777777,6.82,13.166666666666666,2015-03-23,13:10:19,2015-03-23,15:53:05,13,15,March,Monday,162.76666666666665,Weekday,manufacturing,21
US_workplace_GT,GT_81375624,GT1757,3.32,8.58,12.616666666666667,2015-03-24,12:37:53,2015-03-24,15:57:05,12,15,March,Tuesday,199.2,Weekday,manufacturing,21
US_workplace_GT,GT_81375624,GT1758,3.569166666666667,8.51,12.816666666666666,2015-03-25,12:49:55,2015-03-25,16:24:04,12,16,March,Wednesday,214.15,Weekday,manufacturing,21
US_workplace_GT,GT_81375624,GT1759,2.116111111111111,6.82,13.316666666666666,2015-03-26,13:19:07,2015-03-26,15:26:05,13,15,March,Thursday,126.96666666666668,Weekday,manufacturing,21
US_workplace_GT,GT_81375624,GT1760,2.1147222222222224,5.11,13.566666666666666,2015-03-27,13:34:11,2015-03-27,15:41:04,13,15,March,Friday,126.88333333333334,Weekday,manufacturing,21
US_workplace_GT,GT_81375624,GT1761,3.3230555555555554,6.68,13.816666666666666,2015-03-30,13:49:43,2015-03-30,17:09:06,13,17,March,Monday,199.38333333333333,Weekday,manufacturing,21
US_workplace_GT,GT_81375624,GT1762,3.676944444444445,7.67,13.083333333333334,2015-03-31,13:05:28,2015-03-31,16:46:05,13,16,March,Tuesday,220.61666666666667,Weekday,manufacturing,21
US_workplace_GT,GT_81375624,GT1763,1.8419444444444444,5.31,13.133333333333333,2015-04-01,13:08:34,2015-04-01,14:59:05,13,14,April,Wednesday,110.51666666666668,Weekday,manufacturing,21
US_workplace_GT,GT_81375624,GT1764,1.4613888888888888,2.45,15.8,2015-04-01,15:48:24,2015-04-01,17:16:05,15,17,April,Wednesday,87.68333333333334,Weekday,manufacturing,21
US_workplace_GT,GT_81375624,GT1765,3.3744444444444444,7.34,12.95,2015-04-02,12:57:38,2015-04-02,16:20:06,12,16,April,Thursday,202.46666666666667,Weekday,manufacturing,21
US_workplace_GT,GT_81375624,GT1766,3.7291666666666665,5.25,13.5,2015-04-06,13:30:21,2015-04-06,17:14:06,13,17,April,Monday,223.75,Weekday,manufacturing,21
US_workplace_GT,GT_81375624,GT1767,2.0905555555555555,5.5,13.583333333333334,2015-04-07,13:35:39,2015-04-07,15:41:05,13,15,April,Tuesday,125.43333333333334,Weekday,manufacturing,21
US_workplace_GT,GT_81375624,GT1768,3.2191666666666667,8.98,12.5,2015-04-08,12:30:57,2015-04-08,15:44:06,12,15,April,Wednesday,193.15,Weekday,manufacturing,21
US_workplace_GT,GT_81375624,GT1769,3.6972222222222224,6.14,12.966666666666669,2015-04-09,12:58:18,2015-04-09,16:40:08,12,16,April,Thursday,221.83333333333331,Weekday,manufacturing,21
US_workplace_GT,GT_81375624,GT1770,2.533611111111111,7.63,13.116666666666667,2015-04-10,13:07:05,2015-04-10,15:39:06,13,15,April,Friday,152.01666666666665,Weekday,manufacturing,21
US_workplace_GT,GT_81375624,GT1771,2.5044444444444443,5.51,13.116666666666667,2015-04-13,13:07:49,2015-04-13,15:38:05,13,15,April,Monday,150.26666666666665,Weekday,manufacturing,21
US_workplace_GT,GT_81375624,GT1772,1.4205555555555556,3.48,12.883333333333333,2015-04-14,12:53:51,2015-04-14,14:19:05,12,14,April,Tuesday,85.23333333333333,Weekday,manufacturing,21
US_workplace_GT,GT_81375624,GT1773,3.604444444444444,4.92,13.2,2015-04-15,13:12:49,2015-04-15,16:49:05,13,16,April,Wednesday,216.26666666666665,Weekday,manufacturing,21
US_workplace_GT,GT_81375624,GT1774,2.7025,3.74,13.033333333333331,2015-04-16,13:02:58,2015-04-16,15:45:07,13,15,April,Thursday,162.15,Weekday,manufacturing,21
US_workplace_GT,GT_81375624,GT1775,1.9858333333333331,5.42,12.95,2015-04-17,12:57:56,2015-04-17,14:57:05,12,14,April,Friday,119.15,Weekday,manufacturing,21
US_workplace_GT,GT_81375624,GT1776,2.0694444444444446,3.13,13.633333333333333,2015-04-20,13:38:55,2015-04-20,15:43:05,13,15,April,Monday,124.16666666666669,Weekday,manufacturing,21
US_workplace_GT,GT_81375624,GT1777,2.3541666666666665,3.63,9.966666666666669,2015-04-21,09:58:57,2015-04-21,12:20:12,9,12,April,Tuesday,141.25,Weekday,manufacturing,21
US_workplace_GT,GT_81375624,GT1778,2.578888888888889,5.87,13.133333333333333,2015-04-22,13:08:22,2015-04-22,15:43:06,13,15,April,Wednesday,154.73333333333332,Weekday,manufacturing,21
US_workplace_GT,GT_81375624,GT1779,2.8941666666666666,8.23,12.816666666666666,2015-04-23,12:49:30,2015-04-23,15:43:09,12,15,April,Thursday,173.65,Weekday,manufacturing,21
US_workplace_GT,GT_81375624,GT1780,2.9002777777777777,5.52,13.933333333333334,2015-04-24,13:56:12,2015-04-24,16:50:13,13,16,April,Friday,174.01666666666665,Weekday,manufacturing,21
US_workplace_GT,GT_81375624,GT1781,4.0713888888888885,6.23,12.316666666666666,2015-04-27,12:19:49,2015-04-27,16:24:06,12,16,April,Monday,244.2833333333333,Weekday,manufacturing,21
US_workplace_GT,GT_81375624,GT1782,1.6019444444444444,3.59,12.766666666666667,2015-04-28,12:46:59,2015-04-28,14:23:06,12,14,April,Tuesday,96.11666666666666,Weekday,manufacturing,21
US_workplace_GT,GT_81375624,GT1783,3.071111111111111,4.19,13.7,2015-04-29,13:42:50,2015-04-29,16:47:06,13,16,April,Wednesday,184.26666666666668,Weekday,manufacturing,21
US_workplace_GT,GT_81375624,GT1784,2.2602777777777776,4.94,13.266666666666667,2015-04-30,13:16:30,2015-04-30,15:32:07,13,15,April,Thursday,135.61666666666665,Weekday,manufacturing,21
US_workplace_GT,GT_81375624,GT1785,2.746111111111111,8.27,12.9,2015-05-04,12:54:20,2015-05-04,15:39:06,12,15,May,Monday,164.76666666666665,Weekday,manufacturing,21
US_workplace_GT,GT_81375624,GT1786,2.866111111111111,5.26,12.7,2015-05-05,12:42:09,2015-05-05,15:34:07,12,15,May,Tuesday,171.96666666666667,Weekday,manufacturing,21
US_workplace_GT,GT_81375624,GT1787,2.806111111111111,7.39,15.716666666666669,2015-05-06,15:43:44,2015-05-06,18:32:06,15,18,May,Wednesday,168.36666666666667,Weekday,manufacturing,21
US_workplace_GT,GT_81375624,GT1788,2.9233333333333333,6.65,12.8,2015-05-08,12:48:43,2015-05-08,15:44:07,12,15,May,Friday,175.4,Weekday,manufacturing,21
US_workplace_GT,GT_81375624,GT1789,3.47,3.49,15.05,2015-05-11,15:03:54,2015-05-11,18:32:06,15,18,May,Monday,208.2,Weekday,manufacturing,21
US_workplace_GT,GT_81375624,GT1790,1.5138888888888888,4.03,14.0,2015-05-12,14:00:15,2015-05-12,15:31:05,14,15,May,Tuesday,90.83333333333331,Weekday,manufacturing,21
US_workplace_GT,GT_81375624,GT1791,1.7480555555555557,4.84,13.166666666666666,2015-05-13,13:10:15,2015-05-13,14:55:08,13,14,May,Wednesday,104.88333333333333,Weekday,manufacturing,21
US_workplace_GT,GT_81375624,GT1792,2.745833333333333,2.8,15.75,2015-05-13,15:45:26,2015-05-13,18:30:11,15,18,May,Wednesday,164.75,Weekday,manufacturing,21
US_workplace_GT,GT_81375624,GT1793,2.5997222222222223,6.1,13.116666666666667,2015-05-14,13:07:07,2015-05-14,15:43:06,13,15,May,Thursday,155.98333333333335,Weekday,manufacturing,21
US_workplace_GT,GT_81375624,GT1794,2.4680555555555554,4.33,13.316666666666666,2015-05-15,13:19:02,2015-05-15,15:47:07,13,15,May,Friday,148.08333333333331,Weekday,manufacturing,21
US_workplace_GT,GT_81375624,GT1795,2.013611111111111,5.0,13.783333333333331,2015-05-18,13:47:17,2015-05-18,15:48:06,13,15,May,Monday,120.81666666666666,Weekday,manufacturing,21
US_workplace_GT,GT_81375624,GT1796,2.108888888888889,5.14,14.933333333333334,2015-05-19,14:56:34,2015-05-19,17:03:06,14,17,May,Tuesday,126.53333333333336,Weekday,manufacturing,21
US_workplace_GT,GT_81375624,GT1797,2.8088888888888888,6.49,14.933333333333334,2015-05-20,14:56:37,2015-05-20,17:45:09,14,17,May,Wednesday,168.53333333333333,Weekday,manufacturing,21
US_workplace_GT,GT_81375624,GT1798,3.823055555555555,6.54,12.866666666666667,2015-05-21,12:52:43,2015-05-21,16:42:06,12,16,May,Thursday,229.38333333333333,Weekday,manufacturing,21
US_workplace_GT,GT_81375624,GT1799,2.531944444444445,4.08,13.25,2015-05-22,13:15:12,2015-05-22,15:47:07,13,15,May,Friday,151.91666666666669,Weekday,manufacturing,21
US_workplace_GT,GT_81375624,GT1800,2.249722222222222,5.97,14.9,2015-05-26,14:54:07,2015-05-26,17:09:06,14,17,May,Tuesday,134.98333333333332,Weekday,manufacturing,21
US_workplace_GT,GT_81375624,GT1801,1.1358333333333333,3.56,13.816666666666666,2015-05-27,13:49:06,2015-05-27,14:57:15,13,14,May,Wednesday,68.14999999999999,Weekday,manufacturing,21
US_workplace_GT,GT_81375624,GT1802,1.4880555555555557,3.34,15.75,2015-05-27,15:45:49,2015-05-27,17:15:06,15,17,May,Wednesday,89.28333333333333,Weekday,manufacturing,21
US_workplace_GT,GT_81375624,GT1803,2.5866666666666664,4.33,15.816666666666666,2015-05-28,15:49:03,2015-05-28,18:24:15,15,18,May,Thursday,155.2,Weekday,manufacturing,21
US_workplace_GT,GT_81375624,GT1804,3.8713888888888888,5.16,14.5,2015-05-29,14:30:48,2015-05-29,18:23:05,14,18,May,Friday,232.28333333333333,Weekday,manufacturing,21
US_workplace_GT,GT_81375624,GT1805,2.703055555555556,5.83,13.016666666666667,2015-06-01,13:01:53,2015-06-01,15:44:04,13,15,June,Monday,162.18333333333334,Weekday,manufacturing,21
US_workplace_GT,GT_81375624,GT1806,2.901111111111111,4.38,12.883333333333333,2015-06-03,12:53:02,2015-06-03,15:47:06,12,15,June,Wednesday,174.06666666666666,Weekday,manufacturing,21
US_workplace_GT,GT_81375624,GT1807,2.7830555555555554,5.86,12.916666666666666,2015-06-04,12:55:06,2015-06-04,15:42:05,12,15,June,Thursday,166.98333333333332,Weekday,manufacturing,21
US_workplace_GT,GT_81375624,GT1808,3.2088888888888887,6.47,12.483333333333333,2015-06-08,12:29:34,2015-06-08,15:42:06,12,15,June,Monday,192.53333333333333,Weekday,manufacturing,21
US_workplace_GT,GT_81375624,GT1809,2.2577777777777777,3.35,12.7,2015-06-09,12:42:47,2015-06-09,14:58:15,12,14,June,Tuesday,135.46666666666667,Weekday,manufacturing,21
US_workplace_GT,GT_81375624,GT1810,1.2497222222222222,2.21,15.766666666666667,2015-06-09,15:46:06,2015-06-09,17:01:05,15,17,June,Tuesday,74.98333333333333,Weekday,manufacturing,21
US_workplace_GT,GT_81375624,GT1811,1.7272222222222222,4.31,13.216666666666669,2015-06-10,13:13:28,2015-06-10,14:57:06,13,14,June,Wednesday,103.63333333333333,Weekday,manufacturing,21
US_workplace_GT,GT_81375624,GT1812,2.762777777777778,4.11,15.75,2015-06-10,15:45:19,2015-06-10,18:31:05,15,18,June,Wednesday,165.76666666666668,Weekday,manufacturing,21
US_workplace_GT,GT_81375624,GT1813,2.5927777777777776,6.89,13.266666666666667,2015-06-11,13:16:33,2015-06-11,15:52:07,13,15,June,Thursday,155.56666666666666,Weekday,manufacturing,21
US_workplace_GT,GT_81375624,GT1814,2.0483333333333333,4.74,13.75,2015-06-15,13:45:12,2015-06-15,15:48:06,13,15,June,Monday,122.9,Weekday,manufacturing,21
US_workplace_GT,GT_81375624,GT1815,2.073888888888889,3.39,12.866666666666667,2015-06-16,12:52:40,2015-06-16,14:57:06,12,14,June,Tuesday,124.43333333333334,Weekday,manufacturing,21
US_workplace_GT,GT_81375624,GT1816,2.6269444444444443,5.58,15.766666666666667,2015-06-16,15:46:28,2015-06-16,18:24:05,15,18,June,Tuesday,157.61666666666665,Weekday,manufacturing,21
US_workplace_GT,GT_81375624,GT1817,2.685555555555556,3.9,13.016666666666667,2015-06-17,13:01:59,2015-06-17,15:43:07,13,15,June,Wednesday,161.13333333333335,Weekday,manufacturing,21
US_workplace_GT,GT_81375624,GT1818,1.5525,2.99,13.366666666666667,2015-06-18,13:22:56,2015-06-18,14:56:05,13,14,June,Thursday,93.15,Weekday,manufacturing,21
US_workplace_GT,GT_81375624,GT1819,2.841111111111111,4.0,15.716666666666669,2015-06-18,15:43:37,2015-06-18,18:34:05,15,18,June,Thursday,170.46666666666667,Weekday,manufacturing,21
US_workplace_GT,GT_81375624,GT1820,2.091666666666667,3.17,13.533333333333331,2015-06-22,13:32:37,2015-06-22,15:38:07,13,15,June,Monday,125.5,Weekday,manufacturing,21
US_workplace_GT,GT_81375624,GT1821,1.908611111111111,5.83,13.816666666666666,2015-06-25,13:49:43,2015-06-25,15:44:14,13,15,June,Thursday,114.51666666666668,Weekday,manufacturing,21
US_workplace_GT,GT_81375624,GT1822,3.2672222222222222,4.55,13.216666666666669,2015-06-26,13:13:03,2015-06-26,16:29:05,13,16,June,Friday,196.03333333333333,Weekday,manufacturing,21
US_workplace_GT,GT_81375624,GT1823,2.4522222222222223,4.43,13.25,2015-06-29,13:15:58,2015-06-29,15:43:06,13,15,June,Monday,147.13333333333333,Weekday,manufacturing,21
US_workplace_GT,GT_81375624,GT1824,1.0277777777777777,2.53,13.2,2015-06-30,13:12:25,2015-06-30,14:14:05,13,14,June,Tuesday,61.66666666666666,Weekday,manufacturing,21
US_workplace_GT,GT_81375624,GT1825,1.711666666666667,5.47,13.216666666666669,2015-07-01,13:13:23,2015-07-01,14:56:05,13,14,July,Wednesday,102.7,Weekday,manufacturing,21
US_workplace_GT,GT_81375624,GT1826,2.1172222222222223,2.77,15.8,2015-07-01,15:48:04,2015-07-01,17:55:06,15,17,July,Wednesday,127.03333333333336,Weekday,manufacturing,21
US_workplace_GT,GT_81375624,GT1827,2.912777777777778,7.64,13.033333333333331,2015-07-02,13:02:19,2015-07-02,15:57:05,13,15,July,Thursday,174.76666666666668,Weekday,manufacturing,21
US_workplace_GT,GT_81375624,GT1828,3.857222222222222,6.74,12.983333333333333,2015-07-06,12:59:39,2015-07-06,16:51:05,12,16,July,Monday,231.4333333333333,Weekday,manufacturing,21
US_workplace_GT,GT_81375624,GT1829,1.9955555555555555,4.3,13.716666666666669,2015-07-07,13:43:22,2015-07-07,15:43:06,13,15,July,Tuesday,119.73333333333332,Weekday,manufacturing,21
US_workplace_GT,GT_81375624,GT1830,1.7341666666666666,4.11,13.25,2015-07-08,13:15:02,2015-07-08,14:59:05,13,14,July,Wednesday,104.05,Weekday,manufacturing,21
US_workplace_GT,GT_81375624,GT1831,2.8208333333333333,6.43,12.883333333333333,2015-07-09,12:53:51,2015-07-09,15:43:06,12,15,July,Thursday,169.25,Weekday,manufacturing,21
US_workplace_GT,GT_81375624,GT1832,1.6705555555555556,3.79,13.25,2015-07-10,13:15:52,2015-07-10,14:56:06,13,14,July,Friday,100.23333333333332,Weekday,manufacturing,21
US_workplace_GT,GT_81375624,GT1833,2.241388888888889,6.0,12.183333333333334,2015-07-13,12:11:36,2015-07-13,14:26:05,12,14,July,Monday,134.48333333333332,Weekday,manufacturing,21
US_workplace_GT,GT_81375624,GT1834,0.7919444444444445,1.0,14.933333333333334,2015-07-13,14:56:34,2015-07-13,15:44:05,14,15,July,Monday,47.516666666666666,Weekday,manufacturing,21
US_workplace_GT,GT_81375624,GT1835,1.711111111111111,3.22,13.166666666666666,2015-07-14,13:10:25,2015-07-14,14:53:05,13,14,July,Tuesday,102.66666666666666,Weekday,manufacturing,21
US_workplace_GT,GT_81375624,GT1836,0.8136111111111111,2.44,17.7,2015-07-14,17:42:16,2015-07-14,18:31:05,17,18,July,Tuesday,48.81666666666666,Weekday,manufacturing,21
US_workplace_GT,GT_81375624,GT1837,1.5186111111111111,3.19,12.733333333333333,2015-07-15,12:44:58,2015-07-15,14:16:05,12,14,July,Wednesday,91.11666666666667,Weekday,manufacturing,21
US_workplace_GT,GT_81375624,GT1838,1.1769444444444443,3.34,17.266666666666666,2015-07-15,17:16:27,2015-07-15,18:27:04,17,18,July,Wednesday,70.61666666666666,Weekday,manufacturing,21
US_workplace_GT,GT_81375624,GT1839,1.497777777777778,3.7,13.416666666666666,2015-07-17,13:25:16,2015-07-17,14:55:08,13,14,July,Friday,89.86666666666667,Weekday,manufacturing,21
US_workplace_GT,GT_81375624,GT1840,1.3630555555555557,3.6,17.166666666666668,2015-07-17,17:10:19,2015-07-17,18:32:06,17,18,July,Friday,81.78333333333333,Weekday,manufacturing,21
US_workplace_GT,GT_81375624,GT1841,2.265833333333333,4.24,13.516666666666667,2015-07-20,13:31:11,2015-07-20,15:47:08,13,15,July,Monday,135.95,Weekday,manufacturing,21
US_workplace_GT,GT_81375624,GT1842,1.7177777777777778,4.37,13.2,2015-07-21,13:12:03,2015-07-21,14:55:07,13,14,July,Tuesday,103.06666666666668,Weekday,manufacturing,21
US_workplace_GT,GT_81375624,GT1843,2.8366666666666664,4.6,10.0,2015-07-23,10:00:56,2015-07-23,12:51:08,10,12,July,Thursday,170.2,Weekday,manufacturing,21
US_workplace_GT,GT_81375624,GT1844,1.138611111111111,3.34,17.416666666666668,2015-07-23,17:25:48,2015-07-23,18:34:07,17,18,July,Thursday,68.31666666666666,Weekday,manufacturing,21
US_workplace_GT,GT_81375624,GT1845,1.840833333333333,4.69,13.1,2015-07-24,13:06:38,2015-07-24,14:57:05,13,14,July,Friday,110.45,Weekday,manufacturing,21
US_workplace_GT,GT_81375624,GT1846,1.216388888888889,3.39,17.283333333333335,2015-07-24,17:17:09,2015-07-24,18:30:08,17,18,July,Friday,72.98333333333333,Weekday,manufacturing,21
US_workplace_GT,GT_81375624,GT1847,1.9352777777777777,6.06,13.816666666666666,2015-07-27,13:49:58,2015-07-27,15:46:05,13,15,July,Monday,116.11666666666667,Weekday,manufacturing,21
US_workplace_GT,GT_81375624,GT1848,2.239444444444445,6.0,13.55,2015-07-28,13:33:45,2015-07-28,15:48:07,13,15,July,Tuesday,134.36666666666667,Weekday,manufacturing,21
US_workplace_GT,GT_81375624,GT1849,2.4080555555555554,6.85,13.383333333333333,2015-07-29,13:23:37,2015-07-29,15:48:06,13,15,July,Wednesday,144.48333333333332,Weekday,manufacturing,21
US_workplace_GT,GT_81375624,GT1850,2.2205555555555554,5.88,9.933333333333334,2015-07-30,09:56:54,2015-07-30,12:10:08,9,12,July,Thursday,133.23333333333332,Weekday,manufacturing,21
US_workplace_GT,GT_81375624,GT1851,1.3805555555555555,3.73,17.016666666666666,2015-07-30,17:01:17,2015-07-30,18:24:07,17,18,July,Thursday,82.83333333333333,Weekday,manufacturing,21
US_workplace_GT,GT_81375624,GT1852,1.678611111111111,3.04,10.016666666666667,2015-07-31,10:01:23,2015-07-31,11:42:06,10,11,July,Friday,100.71666666666668,Weekday,manufacturing,21
US_workplace_GT,GT_81375624,GT1853,2.589722222222222,2.86,15.8,2015-07-31,15:48:48,2015-07-31,18:24:11,15,18,July,Friday,155.38333333333333,Weekday,manufacturing,21
US_workplace_GT,GT_81375624,GT1854,2.0144444444444445,3.82,11.033333333333331,2015-08-03,11:02:13,2015-08-03,13:03:05,11,13,August,Monday,120.86666666666667,Weekday,manufacturing,21
US_workplace_GT,GT_81375624,GT1855,0.8447222222222223,1.41,14.933333333333334,2015-08-03,14:56:26,2015-08-03,15:47:07,14,15,August,Monday,50.68333333333334,Weekday,manufacturing,21
US_workplace_GT,GT_81375624,GT1856,1.14,2.86,11.366666666666667,2015-08-04,11:22:43,2015-08-04,12:31:07,11,12,August,Tuesday,68.39999999999999,Weekday,manufacturing,21
US_workplace_GT,GT_81375624,GT1857,1.271111111111111,3.43,17.1,2015-08-04,17:06:55,2015-08-04,18:23:11,17,18,August,Tuesday,76.26666666666667,Weekday,manufacturing,21
US_workplace_GT,GT_81375624,GT1858,1.1697222222222223,2.69,9.983333333333333,2015-08-05,09:59:57,2015-08-05,11:10:08,9,11,August,Wednesday,70.18333333333334,Weekday,manufacturing,21
US_workplace_GT,GT_81375624,GT1859,0.7319444444444444,1.85,15.0,2015-08-05,15:00:11,2015-08-05,15:44:06,15,15,August,Wednesday,43.91666666666666,Weekday,manufacturing,21
US_workplace_GT,GT_81375624,GT1860,1.318888888888889,2.24,10.066666666666666,2015-08-06,10:04:59,2015-08-06,11:24:07,10,11,August,Thursday,79.13333333333334,Weekday,manufacturing,21
US_workplace_GT,GT_81375624,GT1861,1.6119444444444444,2.27,16.716666666666665,2015-08-06,16:43:26,2015-08-06,18:20:09,16,18,August,Thursday,96.71666666666668,Weekday,manufacturing,21
US_workplace_GT,GT_81375624,GT1862,2.108888888888889,4.76,10.016666666666667,2015-08-07,10:01:40,2015-08-07,12:08:12,10,12,August,Friday,126.53333333333336,Weekday,manufacturing,21
US_workplace_GT,GT_81375624,GT1863,1.2908333333333333,3.51,17.033333333333335,2015-08-07,17:02:41,2015-08-07,18:20:08,17,18,August,Friday,77.45,Weekday,manufacturing,21
US_workplace_GT,GT_81375624,GT1864,1.745,1.2,10.0,2015-09-18,10:00:28,2015-09-18,11:45:10,10,11,September,Friday,104.7,Weekday,manufacturing,21
US_workplace_GT,GT_81375624,GT1865,1.215,1.4,12.133333333333333,2015-09-21,12:08:21,2015-09-21,13:21:15,12,13,September,Monday,72.9,Weekday,manufacturing,21
US_workplace_GT,GT_81375624,GT1866,1.696388888888889,2.81,9.933333333333334,2015-09-22,09:56:21,2015-09-22,11:38:08,9,11,September,Tuesday,101.78333333333332,Weekday,manufacturing,21
US_workplace_GT,GT_81375624,GT1867,1.3283333333333334,1.27,15.733333333333333,2015-09-22,15:44:24,2015-09-22,17:04:06,15,17,September,Tuesday,79.7,Weekday,manufacturing,21
US_workplace_GT,GT_81375624,GT1868,2.0069444444444446,4.57,9.983333333333333,2015-09-23,09:59:42,2015-09-23,12:00:07,9,12,September,Wednesday,120.41666666666669,Weekday,manufacturing,21
US_workplace_GT,GT_81375624,GT1869,1.1713888888888888,2.93,17.333333333333332,2015-09-23,17:20:03,2015-09-23,18:30:20,17,18,September,Wednesday,70.28333333333333,Weekday,manufacturing,21
US_workplace_GT,GT_81375624,GT1870,1.9808333333333328,4.22,10.016666666666667,2015-09-24,10:01:20,2015-09-24,12:00:11,10,12,September,Thursday,118.85,Weekday,manufacturing,21
US_workplace_GT,GT_81375624,GT1871,1.0752777777777778,2.71,17.45,2015-09-24,17:27:35,2015-09-24,18:32:06,17,18,September,Thursday,64.51666666666667,Weekday,manufacturing,21
US_workplace_GT,GT_81375624,GT1872,1.320277777777778,3.5,10.0,2015-09-25,10:00:55,2015-09-25,11:20:08,10,11,September,Friday,79.21666666666667,Weekday,manufacturing,21
US_workplace_GT,GT_81375624,GT1873,1.351388888888889,2.99,9.983333333333333,2015-09-28,09:59:04,2015-09-28,11:20:09,9,11,September,Monday,81.08333333333334,Weekday,manufacturing,21
US_workplace_GT,GT_81375624,GT1874,1.1025,2.68,12.25,2015-09-29,12:15:00,2015-09-29,13:21:09,12,13,September,Tuesday,66.15,Weekday,manufacturing,21
US_workplace_GT,GT_81375624,GT1875,2.141388888888889,5.6,10.083333333333334,2015-09-30,10:05:36,2015-09-30,12:14:05,10,12,September,Wednesday,128.48333333333332,Weekday,manufacturing,21
US_workplace_GT,GT_81375624,GT1876,0.9477777777777778,2.93,17.533333333333335,2015-09-30,17:32:14,2015-09-30,18:29:06,17,18,September,Wednesday,56.86666666666667,Weekday,manufacturing,21
US_workplace_GT,GT_81375624,GT1877,1.4055555555555554,2.9,11.9,2015-10-01,11:54:48,2015-10-01,13:19:08,11,13,October,Thursday,84.33333333333333,Weekday,manufacturing,21
US_workplace_GT,GT_81375624,GT1878,2.078333333333333,4.72,12.05,2015-10-02,12:03:25,2015-10-02,14:08:07,12,14,October,Friday,124.7,Weekday,manufacturing,21
US_workplace_GT,GT_81375624,GT1879,1.3016666666666667,2.5,15.783333333333331,2015-10-02,15:47:03,2015-10-02,17:05:09,15,17,October,Friday,78.10000000000001,Weekday,manufacturing,21
US_workplace_GT,GT_86810130,GT1974,2.556111111111111,6.97,14.816666666666666,2015-06-26,14:49:43,2015-06-26,17:23:05,14,17,June,Friday,153.36666666666667,Weekday,R&D,24
US_workplace_GT,GT_86810130,GT1975,2.710277777777778,7.88,14.366666666666667,2015-06-29,14:22:30,2015-06-29,17:05:07,14,17,June,Monday,162.61666666666667,Weekday,R&D,24
US_workplace_GT,GT_86810130,GT1976,3.2980555555555555,7.0,12.683333333333334,2015-06-30,12:41:12,2015-06-30,15:59:05,12,15,June,Tuesday,197.88333333333333,Weekday,R&D,24
US_workplace_GT,GT_86810130,GT1977,2.473333333333333,6.96,12.716666666666669,2015-07-01,12:43:41,2015-07-01,15:12:05,12,15,July,Wednesday,148.39999999999998,Weekday,R&D,24
US_workplace_GT,GT_86810130,GT1978,1.3311111111111111,1.24,16.7,2015-07-01,16:42:13,2015-07-01,18:02:05,16,18,July,Wednesday,79.86666666666667,Weekday,R&D,24
US_workplace_GT,GT_86810130,GT1979,3.257222222222222,7.04,13.283333333333331,2015-07-07,13:17:39,2015-07-07,16:33:05,13,16,July,Tuesday,195.4333333333333,Weekday,R&D,24
US_workplace_GT,GT_86810130,GT1980,2.8469444444444445,7.04,13.25,2015-07-08,13:15:25,2015-07-08,16:06:14,13,16,July,Wednesday,170.81666666666666,Weekday,R&D,24
US_workplace_GT,GT_86810130,GT1981,2.4519444444444445,6.81,14.05,2015-07-09,14:03:58,2015-07-09,16:31:05,14,16,July,Thursday,147.11666666666667,Weekday,R&D,24
US_workplace_GT,GT_86810130,GT1982,3.920833333333333,6.98,12.983333333333333,2015-07-10,12:59:58,2015-07-10,16:55:13,12,16,July,Friday,235.25,Weekday,R&D,24
US_workplace_GT,GT_86810130,GT1983,2.997777777777778,7.9,13.366666666666667,2015-07-13,13:22:13,2015-07-13,16:22:05,13,16,July,Monday,179.86666666666667,Weekday,R&D,24
US_workplace_GT,GT_86810130,GT1984,3.1102777777777777,7.02,17.2,2015-07-14,17:12:27,2015-07-14,20:19:04,17,20,July,Tuesday,186.61666666666667,Weekday,R&D,24
US_workplace_GT,GT_86810130,GT1985,2.643055555555556,6.95,13.35,2015-07-15,13:21:37,2015-07-15,16:00:12,13,16,July,Wednesday,158.58333333333334,Weekday,R&D,24
US_workplace_GT,GT_86810130,GT1986,3.378888888888889,7.03,13.5,2015-07-16,13:30:23,2015-07-16,16:53:07,13,16,July,Thursday,202.73333333333332,Weekday,R&D,24
US_workplace_GT,GT_86810130,GT1987,0.9827777777777778,1.43,17.183333333333334,2015-07-16,17:11:13,2015-07-16,18:10:11,17,18,July,Thursday,58.96666666666667,Weekday,R&D,24
US_workplace_GT,GT_86810130,GT1988,3.015277777777778,6.71,14.516666666666667,2015-07-17,14:31:11,2015-07-17,17:32:06,14,17,July,Friday,180.91666666666669,Weekday,R&D,24
US_workplace_GT,GT_86810130,GT1989,2.925,8.26,13.45,2015-07-20,13:27:45,2015-07-20,16:23:15,13,16,July,Monday,175.5,Weekday,R&D,24
US_workplace_GT,GT_86810130,GT1990,2.4025,7.0,13.116666666666667,2015-07-22,13:07:56,2015-07-22,15:32:05,13,15,July,Wednesday,144.14999999999998,Weekday,R&D,24
US_workplace_GT,GT_86810130,GT1991,3.8341666666666665,6.84,13.933333333333334,2015-07-23,13:56:03,2015-07-23,17:46:06,13,17,July,Thursday,230.05,Weekday,R&D,24
US_workplace_GT,GT_86810130,GT1992,2.984444444444444,7.11,15.9,2015-07-27,15:54:02,2015-07-27,18:53:06,15,18,July,Monday,179.06666666666666,Weekday,R&D,24
US_workplace_GT,GT_86810130,GT1993,2.51,6.9,14.783333333333331,2015-07-28,14:47:32,2015-07-28,17:18:08,14,17,July,Tuesday,150.6,Weekday,R&D,24
US_workplace_GT,GT_86810130,GT1994,2.580833333333333,6.96,15.7,2015-07-29,15:42:20,2015-07-29,18:17:11,15,18,July,Wednesday,154.85000000000002,Weekday,R&D,24
US_workplace_GT,GT_86810130,GT1995,2.781388888888889,7.03,13.633333333333333,2015-07-30,13:38:20,2015-07-30,16:25:13,13,16,July,Thursday,166.88333333333333,Weekday,R&D,24
US_workplace_GT,GT_86810130,GT1996,2.292777777777778,7.39,14.066666666666666,2015-08-03,14:04:32,2015-08-03,16:22:06,14,16,August,Monday,137.56666666666666,Weekday,R&D,24
US_workplace_GT,GT_86810130,GT1997,2.375,7.03,13.716666666666669,2015-08-04,13:43:36,2015-08-04,16:06:06,13,16,August,Tuesday,142.5,Weekday,R&D,24
US_workplace_GT,GT_86810130,GT1998,0.9647222222222224,1.03,16.7,2015-08-04,16:42:21,2015-08-04,17:40:14,16,17,August,Tuesday,57.88333333333333,Weekday,R&D,24
US_workplace_GT,GT_86810130,GT1999,2.223888888888889,6.77,14.5,2015-08-05,14:30:40,2015-08-05,16:44:06,14,16,August,Wednesday,133.43333333333334,Weekday,R&D,24
US_workplace_GT,GT_86810130,GT2000,2.694722222222222,6.88,13.116666666666667,2015-08-06,13:07:25,2015-08-06,15:49:06,13,15,August,Thursday,161.6833333333333,Weekday,office,24
US_workplace_GT,GT_86810130,GT2001,2.9619444444444443,8.13,13.05,2015-08-17,13:03:28,2015-08-17,16:01:11,13,16,August,Monday,177.71666666666667,Weekday,R&D,24
US_workplace_GT,GT_86810130,GT2002,3.0972222222222223,7.03,13.116666666666667,2015-08-18,13:07:17,2015-08-18,16:13:07,13,16,August,Tuesday,185.83333333333331,Weekday,R&D,24
US_workplace_GT,GT_86810130,GT2003,2.931666666666666,6.95,13.416666666666666,2015-08-20,13:25:13,2015-08-20,16:21:07,13,16,August,Thursday,175.9,Weekday,R&D,24
US_workplace_GT,GT_86810130,GT2004,3.245,6.8,13.133333333333333,2015-08-21,13:08:30,2015-08-21,16:23:12,13,16,August,Friday,194.7,Weekday,R&D,24
US_workplace_GT,GT_86810130,GT2005,2.835833333333333,6.76,13.35,2015-08-24,13:21:56,2015-08-24,16:12:05,13,16,August,Monday,170.15,Weekday,R&D,24
US_workplace_GT,GT_86810130,GT2006,3.23,6.83,13.883333333333333,2015-08-25,13:53:18,2015-08-25,17:07:06,13,17,August,Tuesday,193.8,Weekday,R&D,24
US_workplace_GT,GT_86810130,GT2007,3.7022222222222223,6.86,15.133333333333333,2015-08-26,15:08:00,2015-08-26,18:50:08,15,18,August,Wednesday,222.13333333333333,Weekday,R&D,24
US_workplace_GT,GT_86810130,GT2008,3.208055555555556,6.73,14.15,2015-08-28,14:09:36,2015-08-28,17:22:05,14,17,August,Friday,192.48333333333332,Weekday,R&D,24
US_workplace_GT,GT_86810130,GT2009,3.426944444444445,7.96,13.433333333333334,2015-08-31,13:26:30,2015-08-31,16:52:07,13,16,August,Monday,205.61666666666667,Weekday,R&D,24
US_workplace_GT,GT_86810130,GT2010,2.599166666666666,7.01,13.45,2015-09-01,13:27:09,2015-09-01,16:03:06,13,16,September,Tuesday,155.95,Weekday,R&D,24
US_workplace_GT,GT_86810130,GT2011,2.7380555555555555,8.31,14.1,2015-09-02,14:06:51,2015-09-02,16:51:08,14,16,September,Wednesday,164.28333333333333,Weekday,R&D,24
US_workplace_GT,GT_86810130,GT2012,2.776111111111111,6.96,10.8,2015-09-03,10:48:35,2015-09-03,13:35:09,10,13,September,Thursday,166.56666666666666,Weekday,office,24
US_workplace_GT,GT_86810130,GT2013,2.5413888888888887,7.75,14.15,2015-09-04,14:09:38,2015-09-04,16:42:07,14,16,September,Friday,152.48333333333332,Weekday,R&D,24
US_workplace_GT,GT_86810130,GT2014,2.5766666666666667,7.78,14.883333333333333,2015-09-09,14:53:33,2015-09-09,17:28:09,14,17,September,Wednesday,154.6,Weekday,R&D,24
US_workplace_GT,GT_86810130,GT2015,2.703333333333333,7.05,13.316666666666666,2015-09-10,13:19:55,2015-09-10,16:02:07,13,16,September,Thursday,162.2,Weekday,R&D,24
US_workplace_GT,GT_86810130,GT2016,2.754166666666667,6.95,13.066666666666666,2015-09-11,13:04:57,2015-09-11,15:50:12,13,15,September,Friday,165.25,Weekday,R&D,24
US_workplace_GT,GT_86810130,GT2017,2.8344444444444443,7.27,13.533333333333331,2015-09-14,13:32:04,2015-09-14,16:22:08,13,16,September,Monday,170.06666666666666,Weekday,R&D,24
US_workplace_GT,GT_86810130,GT2018,2.821388888888889,6.95,13.316666666666666,2015-09-15,13:19:50,2015-09-15,16:09:07,13,16,September,Tuesday,169.28333333333333,Weekday,R&D,24
US_workplace_GT,GT_86810130,GT2019,2.808611111111111,6.83,14.133333333333333,2015-09-16,14:08:37,2015-09-16,16:57:08,14,16,September,Wednesday,168.51666666666665,Weekday,R&D,24
US_workplace_GT,GT_86810130,GT2020,2.6219444444444444,6.79,12.666666666666666,2015-09-17,12:40:49,2015-09-17,15:18:08,12,15,September,Thursday,157.31666666666666,Weekday,R&D,24
US_workplace_GT,GT_86810130,GT2021,2.7491666666666665,6.02,17.35,2015-09-17,17:21:17,2015-09-17,20:06:14,17,20,September,Thursday,164.95,Weekday,R&D,24
US_workplace_GT,GT_86810130,GT2022,3.489444444444445,6.83,15.466666666666669,2015-09-21,15:28:44,2015-09-21,18:58:06,15,18,September,Monday,209.36666666666667,Weekday,R&D,24
US_workplace_GT,GT_86810130,GT2023,3.7816666666666663,6.74,17.016666666666666,2015-09-22,17:01:13,2015-09-22,20:48:07,17,20,September,Tuesday,226.9,Weekday,R&D,24
US_workplace_GT,GT_86810130,GT2024,3.1825,6.71,15.0,2015-09-23,15:00:11,2015-09-23,18:11:08,15,18,September,Wednesday,190.95,Weekday,R&D,24
US_workplace_GT,GT_86810130,GT2025,2.628055555555556,6.68,15.333333333333334,2015-09-24,15:20:29,2015-09-24,17:58:10,15,17,September,Thursday,157.68333333333334,Weekday,R&D,24
US_workplace_GT,GT_86810130,GT2026,3.0680555555555555,6.74,13.033333333333331,2015-09-25,13:02:02,2015-09-25,16:06:07,13,16,September,Friday,184.08333333333331,Weekday,R&D,24
US_workplace_GT,GT_86810130,GT2027,2.168333333333333,4.8,17.4,2015-09-25,17:24:00,2015-09-25,19:34:06,17,19,September,Friday,130.1,Weekday,R&D,24
US_workplace_GT,GT_86810130,GT2028,2.727777777777778,7.6,15.983333333333333,2015-09-28,15:59:27,2015-09-28,18:43:07,15,18,September,Monday,163.66666666666669,Weekday,R&D,24
US_workplace_GT,GT_86810130,GT2029,2.8738888888888887,6.68,13.15,2015-09-29,13:09:41,2015-09-29,16:02:07,13,16,September,Tuesday,172.43333333333334,Weekday,R&D,24
US_workplace_GT,GT_86810130,GT2030,3.7769444444444447,6.58,13.083333333333334,2015-10-01,13:05:31,2015-10-01,16:52:08,13,16,October,Thursday,226.61666666666667,Weekday,R&D,24
US_workplace_GT,GT_88561539,GT2031,4.34,5.09,16.933333333333334,2015-03-12,16:56:41,2015-03-12,21:17:05,16,21,March,Thursday,260.4,Weekday,R&D,25
US_workplace_GT,GT_88561539,GT2032,3.733333333333333,5.0,12.533333333333331,2015-03-13,12:32:05,2015-03-13,16:16:05,12,16,March,Friday,224.0,Weekday,R&D,25
US_workplace_GT,GT_88561539,GT2033,2.401111111111111,6.99,18.08333333333333,2015-03-16,18:05:01,2015-03-16,20:29:05,18,20,March,Monday,144.06666666666666,Weekday,R&D,25
US_workplace_GT,GT_88561539,GT2034,1.9197222222222223,4.5,18.4,2015-03-17,18:24:56,2015-03-17,20:20:07,18,20,March,Tuesday,115.18333333333334,Weekday,R&D,25
US_workplace_GT,GT_88561539,GT2035,1.543611111111111,4.31,18.08333333333333,2015-03-23,18:05:27,2015-03-23,19:38:04,18,19,March,Monday,92.61666666666666,Weekday,R&D,25
US_workplace_GT,GT_88561539,GT2036,1.6766666666666667,4.52,19.15,2015-03-24,19:09:32,2015-03-24,20:50:08,19,20,March,Tuesday,100.6,Weekday,R&D,25
US_workplace_GT,GT_88561539,GT2037,2.9344444444444444,4.82,18.7,2015-03-27,18:42:01,2015-03-27,21:38:05,18,21,March,Friday,176.06666666666666,Weekday,R&D,25
US_workplace_GT,GT_88561539,GT2038,1.2013888888888888,3.82,17.95,2015-04-06,17:57:00,2015-04-06,19:09:05,17,19,April,Monday,72.08333333333333,Weekday,R&D,25
US_workplace_GT,GT_88561539,GT2039,2.7475,6.58,17.266666666666666,2015-04-07,17:16:14,2015-04-07,20:01:05,17,20,April,Tuesday,164.85,Weekday,R&D,25
US_workplace_GT,GT_88561539,GT2040,2.531944444444445,6.39,17.466666666666665,2015-04-08,17:28:13,2015-04-08,20:00:08,17,20,April,Wednesday,151.91666666666669,Weekday,R&D,25
US_workplace_GT,GT_88561539,GT2041,3.943055555555556,4.74,17.116666666666667,2015-04-13,17:07:30,2015-04-13,21:04:05,17,21,April,Monday,236.58333333333331,Weekday,R&D,25
US_workplace_GT,GT_88561539,GT2042,2.48,4.12,18.6,2015-04-16,18:36:19,2015-04-16,21:05:07,18,21,April,Thursday,148.8,Weekday,R&D,25
US_workplace_GT,GT_88561539,GT2043,2.5436111111111117,4.99,17.55,2015-04-20,17:33:28,2015-04-20,20:06:05,17,20,April,Monday,152.61666666666667,Weekday,R&D,25
US_workplace_GT,GT_88561539,GT2044,4.382777777777778,6.86,17.3,2015-04-21,17:18:07,2015-04-21,21:41:05,17,21,April,Tuesday,262.9666666666667,Weekday,R&D,25
US_workplace_GT,GT_88561539,GT2045,2.3994444444444443,4.33,17.516666666666666,2015-04-23,17:31:13,2015-04-23,19:55:11,17,19,April,Thursday,143.96666666666667,Weekday,R&D,25
US_workplace_GT,GT_88561539,GT2046,1.7483333333333333,4.86,14.5,2015-04-24,14:30:13,2015-04-24,16:15:07,14,16,April,Friday,104.9,Weekday,R&D,25
US_workplace_GT,GT_88561539,GT2047,3.815833333333333,5.01,16.616666666666667,2015-04-27,16:37:09,2015-04-27,20:26:06,16,20,April,Monday,228.95,Weekday,R&D,25
US_workplace_GT,GT_88561539,GT2048,2.778888888888889,5.37,17.316666666666666,2015-04-28,17:19:22,2015-04-28,20:06:06,17,20,April,Tuesday,166.73333333333335,Weekday,R&D,25
US_workplace_GT,GT_88561539,GT2049,3.639444444444445,4.01,16.7,2015-04-29,16:42:44,2015-04-29,20:21:06,16,20,April,Wednesday,218.36666666666667,Weekday,R&D,25
US_workplace_GT,GT_88561539,GT2050,2.466111111111111,3.9,18.216666666666665,2015-05-04,18:13:09,2015-05-04,20:41:07,18,20,May,Monday,147.96666666666667,Weekday,R&D,25
US_workplace_GT,GT_88561539,GT2051,2.350277777777778,3.74,14.566666666666666,2015-05-05,14:34:07,2015-05-05,16:55:08,14,16,May,Tuesday,141.01666666666668,Weekday,R&D,25
US_workplace_GT,GT_88561539,GT2052,2.984166666666667,3.84,18.216666666666665,2015-05-07,18:13:04,2015-05-07,21:12:07,18,21,May,Thursday,179.05,Weekday,R&D,25
US_workplace_GT,GT_88561539,GT2053,4.514722222222222,3.59,17.133333333333333,2015-05-08,17:08:13,2015-05-08,21:39:06,17,21,May,Friday,270.8833333333333,Weekday,R&D,25
US_workplace_GT,GT_88561539,GT2054,2.2622222222222224,3.73,19.633333333333333,2015-05-11,19:38:21,2015-05-11,21:54:05,19,21,May,Monday,135.73333333333335,Weekday,R&D,25
US_workplace_GT,GT_88561539,GT2055,2.457777777777778,5.67,17.716666666666665,2015-05-13,17:43:37,2015-05-13,20:11:05,17,20,May,Wednesday,147.46666666666667,Weekday,R&D,25
US_workplace_GT,GT_88561539,GT2056,3.6572222222222224,4.36,17.916666666666668,2015-05-14,17:55:41,2015-05-14,21:35:07,17,21,May,Thursday,219.4333333333333,Weekday,R&D,25
US_workplace_GT,GT_88561539,GT2057,2.118055555555556,6.63,17.9,2015-05-15,17:54:00,2015-05-15,20:01:05,17,20,May,Friday,127.08333333333331,Weekday,R&D,25
US_workplace_GT,GT_88561539,GT2058,2.423888888888889,4.87,18.95,2015-05-20,18:57:39,2015-05-20,21:23:05,18,21,May,Wednesday,145.43333333333334,Weekday,R&D,25
US_workplace_GT,GT_88561539,GT2059,3.2133333333333334,5.62,17.466666666666665,2015-05-21,17:28:20,2015-05-21,20:41:08,17,20,May,Thursday,192.8,Weekday,R&D,25
US_workplace_GT,GT_88561539,GT2060,4.914444444444444,6.95,17.0,2015-05-26,17:00:21,2015-05-26,21:55:13,17,21,May,Tuesday,294.8666666666667,Weekday,R&D,25
US_workplace_GT,GT_88561539,GT2061,4.021388888888889,6.52,13.8,2015-06-01,13:48:50,2015-06-01,17:50:07,13,17,June,Monday,241.28333333333333,Weekday,R&D,25
US_workplace_GT,GT_88561539,GT2062,3.0083333333333333,5.32,17.066666666666666,2015-06-02,17:04:39,2015-06-02,20:05:09,17,20,June,Tuesday,180.5,Weekday,R&D,25
US_workplace_GT,GT_88561539,GT2063,1.9269444444444443,6.01,12.85,2015-06-03,12:51:28,2015-06-03,14:47:05,12,14,June,Wednesday,115.61666666666666,Weekday,R&D,25
US_workplace_GT,GT_88561539,GT2064,4.004722222222222,6.68,18.866666666666667,2015-06-04,18:52:48,2015-06-04,22:53:05,18,22,June,Thursday,240.28333333333333,Weekday,R&D,25
US_workplace_GT,GT_88561539,GT2065,4.363888888888889,6.51,17.05,2015-06-08,17:03:17,2015-06-08,21:25:07,17,21,June,Monday,261.8333333333333,Weekday,R&D,25
US_workplace_GT,GT_88561539,GT2066,2.7780555555555555,4.27,14.516666666666667,2015-06-10,14:31:25,2015-06-10,17:18:06,14,17,June,Wednesday,166.68333333333334,Weekday,R&D,25
US_workplace_GT,GT_88561539,GT2067,3.513055555555556,6.54,13.383333333333333,2015-06-12,13:23:17,2015-06-12,16:54:04,13,16,June,Friday,210.78333333333333,Weekday,R&D,25
US_workplace_GT,GT_88561539,GT2068,1.3486111111111112,4.24,16.516666666666666,2015-06-15,16:31:11,2015-06-15,17:52:06,16,17,June,Monday,80.91666666666667,Weekday,R&D,25
US_workplace_GT,GT_88561539,GT2069,2.0708333333333333,4.58,16.666666666666668,2015-06-16,16:40:53,2015-06-16,18:45:08,16,18,June,Tuesday,124.25,Weekday,R&D,25
US_workplace_GT,GT_88561539,GT2070,2.962222222222222,4.54,16.666666666666668,2015-06-17,16:40:22,2015-06-17,19:38:06,16,19,June,Wednesday,177.73333333333332,Weekday,R&D,25
US_workplace_GT,GT_88561539,GT2071,3.5727777777777776,4.62,16.55,2015-06-18,16:33:43,2015-06-18,20:08:05,16,20,June,Thursday,214.36666666666665,Weekday,R&D,25
US_workplace_GT,GT_88561539,GT2072,1.9388888888888889,4.69,18.48333333333333,2015-06-19,18:29:45,2015-06-19,20:26:05,18,20,June,Friday,116.33333333333331,Weekday,R&D,25
US_workplace_GT,GT_88561539,GT2073,3.435555555555556,3.73,13.583333333333334,2015-06-22,13:35:00,2015-06-22,17:01:08,13,17,June,Monday,206.13333333333333,Weekday,R&D,25
US_workplace_GT,GT_88561539,GT2074,3.6772222222222224,4.32,16.466666666666665,2015-06-23,16:28:27,2015-06-23,20:09:05,16,20,June,Tuesday,220.63333333333333,Weekday,R&D,25
US_workplace_GT,GT_88561539,GT2075,2.606388888888889,6.41,17.466666666666665,2015-06-24,17:28:43,2015-06-24,20:05:06,17,20,June,Wednesday,156.38333333333335,Weekday,R&D,25
US_workplace_GT,GT_88561539,GT2076,3.8316666666666666,3.63,16.35,2015-07-07,16:21:11,2015-07-07,20:11:05,16,20,July,Tuesday,229.9,Weekday,R&D,25
US_workplace_GT,GT_88561539,GT2077,5.701388888888889,4.38,15.183333333333334,2015-07-09,15:11:00,2015-07-09,20:53:05,15,20,July,Thursday,342.08333333333337,Weekday,R&D,25
US_workplace_GT,GT_88561539,GT2078,5.548333333333333,5.48,14.116666666666667,2015-07-10,14:07:13,2015-07-10,19:40:07,14,19,July,Friday,332.9,Weekday,R&D,25
US_workplace_GT,GT_88561539,GT2079,1.9608333333333332,2.59,18.716666666666665,2015-07-10,18:43:26,2015-07-10,20:41:05,18,20,July,Friday,117.65,Weekday,R&D,25
US_workplace_GT,GT_88561539,GT2080,3.421666666666667,6.52,17.4,2015-07-13,17:24:54,2015-07-13,20:50:12,17,20,July,Monday,205.3,Weekday,R&D,25
US_workplace_GT,GT_88561539,GT2081,1.7852777777777775,5.51,18.35,2015-07-14,18:21:59,2015-07-14,20:09:06,18,20,July,Tuesday,107.11666666666666,Weekday,R&D,25
US_workplace_GT,GT_88561539,GT2082,0.4861111111111111,4.33,18.366666666666667,2015-07-14,18:22:56,2015-07-14,18:52:06,18,18,July,Tuesday,29.166666666666668,Weekday,R&D,25
US_workplace_GT,GT_88561539,GT2083,1.2183333333333333,4.15,18.4,2015-07-14,18:24:00,2015-07-14,19:37:06,18,19,July,Tuesday,73.1,Weekday,R&D,25
US_workplace_GT,GT_88561539,GT2084,1.2527777777777778,3.92,19.08333333333333,2015-07-14,19:05:56,2015-07-14,20:21:06,19,20,July,Tuesday,75.16666666666667,Weekday,R&D,25
US_workplace_GT,GT_88561539,GT2085,4.183055555555556,5.28,17.183333333333334,2015-07-15,17:11:06,2015-07-15,21:22:05,17,21,July,Wednesday,250.98333333333332,Weekday,R&D,25
US_workplace_GT,GT_88561539,GT2086,3.2472222222222222,3.72,17.233333333333334,2015-07-16,17:14:16,2015-07-16,20:29:06,17,20,July,Thursday,194.83333333333331,Weekday,R&D,25
US_workplace_GT,GT_88561539,GT2087,3.5211111111111117,6.92,16.716666666666665,2015-07-17,16:43:51,2015-07-17,20:15:07,16,20,July,Friday,211.26666666666668,Weekday,R&D,25
US_workplace_GT,GT_88561539,GT2088,2.253055555555556,5.47,17.966666666666665,2015-07-20,17:58:55,2015-07-20,20:14:06,17,20,July,Monday,135.18333333333334,Weekday,R&D,25
US_workplace_GT,GT_88561539,GT2089,4.251388888888889,5.3,16.35,2015-07-21,16:21:00,2015-07-21,20:36:05,16,20,July,Tuesday,255.08333333333331,Weekday,R&D,25
US_workplace_GT,GT_88561539,GT2090,2.795555555555556,3.71,17.233333333333334,2015-07-22,17:14:22,2015-07-22,20:02:06,17,20,July,Wednesday,167.73333333333335,Weekday,R&D,25
US_workplace_GT,GT_88561539,GT2091,2.9144444444444444,4.1,18.716666666666665,2015-07-23,18:43:14,2015-07-23,21:38:06,18,21,July,Thursday,174.86666666666667,Weekday,R&D,25
US_workplace_GT,GT_88561539,GT2092,4.065833333333333,7.86,17.716666666666665,2015-07-24,17:43:09,2015-07-24,21:47:06,17,21,July,Friday,243.95,Weekday,R&D,25
US_workplace_GT,GT_88561539,GT2093,2.218888888888889,4.39,17.783333333333335,2015-07-27,17:47:58,2015-07-27,20:01:06,17,20,July,Monday,133.13333333333333,Weekday,R&D,25
US_workplace_GT,GT_88561539,GT2094,3.8255555555555554,5.66,16.2,2015-07-29,16:12:34,2015-07-29,20:02:06,16,20,July,Wednesday,229.53333333333333,Weekday,R&D,25
US_workplace_GT,GT_88561539,GT2095,4.0216666666666665,4.87,17.516666666666666,2015-07-30,17:31:48,2015-07-30,21:33:06,17,21,July,Thursday,241.3,Weekday,R&D,25
US_workplace_GT,GT_88561539,GT2096,4.011666666666667,8.59,16.666666666666668,2015-07-31,16:40:25,2015-07-31,20:41:07,16,20,July,Friday,240.7,Weekday,R&D,25
US_workplace_GT,GT_88561539,GT2097,4.313055555555556,5.06,16.133333333333333,2015-08-03,16:08:20,2015-08-03,20:27:07,16,20,August,Monday,258.78333333333336,Weekday,R&D,25
US_workplace_GT,GT_88561539,GT2098,4.568611111111111,4.4,17.183333333333334,2015-08-04,17:11:01,2015-08-04,21:45:08,17,21,August,Tuesday,274.1166666666667,Weekday,R&D,25
US_workplace_GT,GT_88561539,GT2099,4.520555555555555,4.85,17.5,2015-08-05,17:30:52,2015-08-05,22:02:06,17,22,August,Wednesday,271.2333333333333,Weekday,R&D,25
US_workplace_GT,GT_88561539,GT2100,2.109166666666667,3.86,12.416666666666666,2015-08-07,12:25:33,2015-08-07,14:32:06,12,14,August,Friday,126.55,Weekday,office,25
US_workplace_GT,GT_88561539,GT2101,2.3666666666666667,5.04,17.15,2015-08-07,17:09:05,2015-08-07,19:31:05,17,19,August,Friday,142.0,Weekday,R&D,25
US_workplace_GT,GT_88561539,GT2102,3.814444444444444,6.59,17.216666666666665,2015-08-10,17:13:15,2015-08-10,21:02:07,17,21,August,Monday,228.86666666666665,Weekday,R&D,25
US_workplace_GT,GT_88561539,GT2103,2.7197222222222224,6.12,17.366666666666667,2015-08-11,17:22:55,2015-08-11,20:06:06,17,20,August,Tuesday,163.18333333333334,Weekday,R&D,25
US_workplace_GT,GT_88561539,GT2104,5.476944444444444,5.37,16.05,2015-08-12,16:03:29,2015-08-12,21:32:06,16,21,August,Wednesday,328.6166666666667,Weekday,R&D,25
US_workplace_GT,GT_88561539,GT2105,1.9880555555555557,4.35,18.366666666666667,2015-08-14,18:22:50,2015-08-14,20:22:07,18,20,August,Friday,119.28333333333332,Weekday,R&D,25
US_workplace_GT,GT_88561539,GT2106,3.7708333333333335,5.16,17.916666666666668,2015-08-17,17:55:51,2015-08-17,21:42:06,17,21,August,Monday,226.25,Weekday,R&D,25
US_workplace_GT,GT_88561539,GT2107,4.262222222222222,5.7,16.983333333333334,2015-08-18,16:59:23,2015-08-18,21:15:07,16,21,August,Tuesday,255.73333333333332,Weekday,R&D,25
US_workplace_GT,GT_88561539,GT2108,2.2894444444444444,3.59,13.35,2015-08-19,13:21:50,2015-08-19,15:39:12,13,15,August,Wednesday,137.36666666666667,Weekday,R&D,25
US_workplace_GT,GT_88561539,GT2109,3.1469444444444443,6.29,17.65,2015-08-25,17:39:16,2015-08-25,20:48:05,17,20,August,Tuesday,188.81666666666663,Weekday,R&D,25
US_workplace_GT,GT_88561539,GT2110,5.807777777777778,4.66,14.833333333333334,2015-08-26,14:50:38,2015-08-26,20:39:06,14,20,August,Wednesday,348.4666666666667,Weekday,R&D,25
US_workplace_GT,GT_88561539,GT2111,4.101388888888889,5.29,16.083333333333332,2015-08-27,16:05:04,2015-08-27,20:11:09,16,20,August,Thursday,246.0833333333333,Weekday,R&D,25
US_workplace_GT,GT_88561539,GT2112,5.520555555555555,6.54,11.633333333333333,2015-08-28,11:38:57,2015-08-28,17:10:11,11,17,August,Friday,331.2333333333333,Weekday,R&D,25
US_workplace_GT,GT_88561539,GT2113,1.3794444444444445,1.28,17.216666666666665,2015-08-28,17:13:22,2015-08-28,18:36:08,17,18,August,Friday,82.76666666666667,Weekday,office,25
US_workplace_GT,GT_88561539,GT2114,2.0594444444444444,5.08,19.83333333333333,2015-09-01,19:50:35,2015-09-01,21:54:09,19,21,September,Tuesday,123.56666666666666,Weekday,R&D,25
US_workplace_GT,GT_88561539,GT2115,3.265833333333333,7.26,18.08333333333333,2015-09-02,18:05:09,2015-09-02,21:21:06,18,21,September,Wednesday,195.95,Weekday,R&D,25
US_workplace_GT,GT_88561539,GT2116,2.8508333333333336,7.0,17.916666666666668,2015-09-03,17:55:02,2015-09-03,20:46:05,17,20,September,Thursday,171.05,Weekday,R&D,25
US_workplace_GT,GT_88561539,GT2117,1.070277777777778,3.27,20.45,2015-09-08,20:27:54,2015-09-08,21:32:07,20,21,September,Tuesday,64.21666666666667,Weekday,office,25
US_workplace_GT,GT_88561539,GT2118,3.3941666666666666,4.06,17.816666666666666,2015-09-09,17:49:29,2015-09-09,21:13:08,17,21,September,Wednesday,203.65,Weekday,R&D,25
US_workplace_GT,GT_88561539,GT2119,3.538611111111111,7.77,17.483333333333334,2015-09-10,17:29:47,2015-09-10,21:02:06,17,21,September,Thursday,212.31666666666663,Weekday,R&D,25
US_workplace_GT,GT_88561539,GT2120,4.115277777777778,6.75,16.766666666666666,2015-09-11,16:46:12,2015-09-11,20:53:07,16,20,September,Friday,246.91666666666669,Weekday,R&D,25
US_workplace_GT,GT_88561539,GT2121,1.418611111111111,4.43,19.266666666666666,2015-09-14,19:16:00,2015-09-14,20:41:07,19,20,September,Monday,85.11666666666666,Weekday,R&D,25
US_workplace_GT,GT_88561539,GT2122,1.2358333333333331,3.8,17.533333333333335,2015-09-15,17:32:58,2015-09-15,18:47:07,17,18,September,Tuesday,74.15,Weekday,R&D,25
US_workplace_GT,GT_88561539,GT2123,1.1636111111111112,3.58,18.35,2015-09-16,18:21:19,2015-09-16,19:31:08,18,19,September,Wednesday,69.81666666666666,Weekday,R&D,25
US_workplace_GT,GT_88561539,GT2124,5.095555555555555,4.86,15.833333333333334,2015-09-23,15:50:23,2015-09-23,20:56:07,15,20,September,Wednesday,305.7333333333333,Weekday,R&D,25
US_workplace_GT,GT_88561539,GT2125,3.1525,4.75,17.2,2015-09-25,17:12:57,2015-09-25,20:22:06,17,20,September,Friday,189.15,Weekday,R&D,25
US_workplace_GT,GT_88561539,GT2126,3.062777777777778,4.4,16.95,2015-09-29,16:57:21,2015-09-29,20:01:07,16,20,September,Tuesday,183.76666666666668,Weekday,R&D,25
US_workplace_GT,GT_88561539,GT2127,2.3625,4.2,16.45,2015-10-01,16:27:22,2015-10-01,18:49:07,16,18,October,Thursday,141.75,Weekday,R&D,25
US_workplace_GT,GT_88561539,GT2128,1.9233333333333331,2.59,20.05,2015-10-01,20:03:42,2015-10-01,21:59:06,20,21,October,Thursday,115.4,Weekday,R&D,25
