arrival_hour,duration_h,energy_kwh
0.6999999999999993,16.1,3.23
18.95,28.229894889231005,14.13
7.366666666666666,90.95920100522268,7.82
19.33333333333333,2.003097830598222,3.73
17.883333333333333,13.36667,17.445775689925068
15.15,17.7,26.242099706679582
21.28333333333333,15.2,12.55
20.866666666666667,8.533333,3.37
17.0,19.358953213429597,11.27
17.533333333333335,14.43333,15.29
18.653153855729517,18.51679395695912,6.22
19.45,14.81667,8.67
15.016666666666667,21.51667,7.47
16.966666666666665,11.29857163927027,11.4
10.4,3.833333,12.43
16.916666666666668,3.31232449850483,10.83
1.7833333333333314,13.75,10.070895546404644
18.683333333333334,0.37789048915569873,0.96
11.833333333333334,4.316667,7.82
11.466666666666669,8.216667,14.96
15.016666666666667,13.052861994010795,4.12
23.05,14.95,6.19
21.616666666666667,2.35,11.02
21.866666666666667,12.757521628855237,15.37
15.876342187676832,4.35,18.18
21.6,14.4,21.98
23.98333333333333,14.93333,27.166287033581174
19.15,2.35,8.01
16.5,19.25,6.21
0.06666666666666643,16.3,24.213893966288307
17.033333333333335,6.783333,4.55
8.283333333333333,17.28333,45.12270711056888
21.516666666666666,2.966667,4.67
16.25,17.1,5.33
22.53333333333333,8.566667,19.36
16.05,5.166667,11.43
16.183333333333334,18.76667,11.54
9.133333333333333,11.75,8.85
20.6,20.26667,9.17
16.233333333333334,18.22836528145851,6.12
14.95,16.81667,8.34
13.766666666666667,3.166667,8.74
18.85,9.733333,0.8968989777355455
18.1,14.8,0.99
11.916666666666666,14.7,4.38
21.683333333333334,15.75,9.3
18.53333333333333,1.883333,4.76
20.5,8.702108621512723,6.18
13.6,0.55,1.77
14.683333333333334,6.216667,2.434271405795589
21.05,8.25,5.5
21.6,9.033333,10.61
19.216666666666665,3.35,15.69
23.316666666666663,9.499930159623322,15.82
22.8,13.21667,25.13652056562016
22.8,10.31667,9.868645533039233
19.55,89.52016513082093,53.416647273781706
22.9,4.483333,10.21
10.342202564019924,16.0,1.29
21.433333333333334,5.577140402752733,13.75
16.583333333333332,13.78333,7.95
12.533333333333331,1.483333,4.37
17.166666666666668,11.95,12.78
13.616666666666667,3.35,36.49
7.183333333333334,0.5333333,9.8
18.35,9.55,16.36
11.916666666666666,9.083333,8.463116857684218
11.15,1.916667,2.84
17.183333333333334,2.333333,4.68
20.766666666666666,9.966667,7.5878277276223525
20.15,18.98333,14.27
11.4,20.25,10.16
22.33333333333333,16.43333,9.96
21.966666666666665,24.2,33.10592359046451
11.75,21.54718486191047,20.96
22.95,16.0,13.99
15.233333333333333,2.116667,8.12
16.516666666666666,2.916667,20.51
17.233333333333334,2.9,3.56
16.816666666666666,3.0381296714305397,4.586540175399278
19.933333333333334,62.4778554483857,13.1
17.933333333333334,3.933333,8.17
18.316666666666663,18.505385909612066,16.51
15.466666666666669,17.21667,12.25
11.033333333333331,15.11667,7.85
18.73333333333333,39.38333,16.24
18.35,13.93333,3.99
10.583333333333334,1.1001596421284248,4.93
23.849801593719654,13.35,7.84
20.03333333333333,6.342587010149273,6.07
19.78333333333333,3.9,4.1
22.266666666666666,9.683333,6.37
17.933333333333334,1.301750043575688,9.99
13.016666666666667,13.85,10.11
16.333333333333332,3.0602078224248226,2.24
16.116666666666667,2.45,19.83
15.787868632277725,21.7,9.96
19.35,2.65,0.82
20.116666666666667,0.55,6.98
17.833333333333332,8.283333,5.8
18.83333333333333,10.55,15.56
7.766666666666667,19.75,6.63
19.933333333333334,23.41667,3.94
22.666666666666668,10.95,13.0
13.266666666666667,8.232785268515332,2.76
22.683333333333334,21.71667,13.17
23.366666666666667,12.729552775695387,27.967254126996266
7.883333333333333,4.407847581944441,4.17
19.633333333333333,15.41667,2.5424758286005815
18.83333333333333,8.366667,6.7
22.416666666666668,5.501377861184862,4.8
19.0,14.55,6.94
15.716666666666669,13.53333,15.98
21.2,20.41667,9.22
11.95,14.93333,1.75
14.783333333333331,13.35,27.07804764647968
18.65,10.9,6.03
3.7666666666666657,3.931469357318815,7.47
0.05397571285963565,16.737030622955245,56.07491460958496
20.716666666666665,14.71667,12.08
13.183333333333334,4.733333,7.32
19.633333333333333,10.6,8.7
0.1999999999999993,7.916667,19.14
9.622211030455947,15.83333,5.6
19.916666666666668,13.88333,6.07
15.333333333333334,1.366667,4.39
2.883333333333333,37.88333,13.87
16.683333333333334,1.016667,23.35
17.316666666666666,2.8160150985942414,3.63
20.3,14.16667,7.49
0.6000000000000014,41.35,10.4
16.583333333333332,4.516667,14.86
19.183333333333334,2.883333,4.2
20.433333333333334,85.29580824101451,37.89
23.616666666666667,16.08333,9.27
19.2,22.11667,21.619869233914653
10.183333333333334,5.8,5.74
22.433333333333334,1.533333,6.23
17.783333333333335,0.95,1.4784117215685546
20.666666666666668,11.25,6.48
20.633333333333333,40.46455161895173,34.210490244687534
15.433333333333334,12.68333,11.89
17.65,2.95,1.86
20.05,3.466667,9.07
10.966666666666669,15.93333,13.3
19.1,8.666667,8.46
15.85,26.463792996007367,7.380727555246558
14.516666666666667,10.48333,7.27
21.48333333333333,17.11667,15.24
19.53333333333333,17.65,10.69
15.9,12.21667,7.14
22.98333333333333,20.841265331861194,3.8444323013350368
13.216666666666669,14.868656066818298,6.94
18.466666666666665,11.413518654908783,14.96
3.633333333333333,11.58333,16.68
20.45,17.55,44.05615699286573
19.216666666666665,10.98333,17.87
20.83333333333333,16.2,11.25
6.566666666666666,10.8,4.68
11.866666666666667,10.48333,5.68
16.133333333333333,11.701892375424357,7.86
20.15,12.35,10.1
10.816666666666666,8.516667,13.82
10.5,23.623402983110147,27.21
21.85,1.383333,47.01203345137183
16.6,1.266667,9.01
17.683333333333334,2.016667,2.12
17.766666666666666,7.516667,7.81
21.45,15.38333,7.06
17.833333333333332,14.21667,6.44
0.6333333333333329,20.13333,19.643226874230894
16.483333333333334,23.9,19.420452117719687
18.866666666666667,11.053024603572762,5.53
17.0,16.73333,12.56
15.683333333333334,14.475555542412657,5.83
21.866666666666667,10.803798567157218,8.48890088564949
19.35,0.3871183055486291,0.96
22.23333333333333,2.8,12.03870528633939
22.866666666666667,11.0,18.2342493422376
17.0,11.75,71.4308068925445
17.5,27.761533833364183,3.7
23.133333333333333,4.1,9.53
15.333333333333334,15.66667,47.83829301303718
15.916666666666666,15.05,4.01
16.066666666666666,11.5,7.28
16.383333333333333,12.35,7.56
20.666666666666668,1.55,7.54
9.6,7.250361328094115,1.1155853508622386
12.383333333333333,16.63333,6.36
3.3000000000000007,13.31667,44.49172073551454
23.766666666666666,14.16667,19.28
2.8000000000000007,20.05,9.978508719785605
20.9,12.327827023786275,8.75
2.916666666666668,1.933333,3.28
16.366666666666667,18.2,4.66
19.85,1.783333,2.78
12.969064999011366,7.716667,6.97
15.816666666666666,13.0,6.96
18.85,11.1249676863891,7.34
13.666666666666666,4.933333,23.13
19.45,15.46667,17.81
22.316666666666663,14.16667,3.2
21.08333333333333,42.14754850684265,15.29
22.33333333333333,27.30396180681333,21.539021253751123
13.3,9.466667,9.26
15.816666666666666,9.45,1.0807085252762774
19.866666666666667,7.305861632083448,5.49
17.233333333333334,1.35,2.09
0.205798450390283,13.88333,31.421583712305875
18.78333333333333,9.933333,7.25
18.6,67.8847409609046,6.17
17.4,11.281396583227915,4.85
18.1,11.65,6.46
19.9,19.43333,27.81
18.53333333333333,16.58333,11.017674264768138
20.916666666666668,14.86667,14.51
11.05,4.033333,8.43526243190281
18.916666666666668,13.85,17.02
17.066666666666666,13.181739809019495,5.01
16.6,14.03333,5.48
17.616666666666667,15.18333,14.67
11.066666666666666,0.5666667,1.24
12.466666666666669,19.68333,5.6
20.35,47.43181370909745,7.1
13.832862834350575,14.26667,4.74
12.666666666666666,1.866667,7.01
14.033333333333331,0.7833333,6.79
15.65,13.38333,7.28
16.266666666666666,14.45,2.09
21.883333333333333,14.68333,7.56
19.1,12.458067320722813,10.92
20.5,4.7,33.55
17.1,73.61207691714151,20.317324769096448
18.716666666666665,15.61667,9.69
16.65,71.30679200268246,4.67
16.5,20.15,15.0
14.933333333333334,3.733333,6.86
15.6,10.2,5.78
13.433333333333334,3.633333,2.43
0.8500000000000014,10.41667,6.97
16.8,66.13744663877725,2.68
20.1,11.98333,18.380637337963563
12.988062620143076,1.8,14.06
14.633333333333333,0.5833333,2.69
18.85,0.5333333,2.56
13.633333333333333,9.568374570534193,27.03
9.6,15.18333,6.02
14.566666666666666,2.5,5.35
20.1,14.3,10.672183955768123
15.683333333333334,0.6333333,1.24
18.516666666666666,13.88333,20.92
4.850000000000001,4.716667,45.974678014193195
15.466666666666669,14.71667,7.44
22.766666666666666,23.96667,12.17
16.166666666666668,17.349235274992274,8.49
19.25,2.433333,12.09
12.85,40.98648984586618,2.95
22.25,14.61667,25.23
14.283333333333331,18.149868777860032,11.59
15.666666666666666,0.95,4.41
14.216666666666669,11.043951635425463,7.46
17.266666666666666,10.05,6.56
22.169128481096415,15.18333,7.3
17.616666666666667,8.633333,9.65
14.588601349110347,12.26667,2.34
20.366666666666667,3.583333,8.14
16.533333333333335,10.512027291066687,6.1
20.98333333333333,27.348845461493024,1.64
15.383333333333333,19.32856945576453,8.28
18.216666666666665,114.03117670375819,17.78
18.48333333333333,15.60668672823674,4.15
19.066666666666663,9.68065037990289,1.18
14.85,8.016667,7.55
23.183333333333334,13.51667,10.97
0.03333333333333144,11.66667,4.65
18.9,9.083333,17.59
14.2,15.921282995769175,47.05576660838677
17.666666666666668,8.933333,8.46
16.55,1.790981396507386,6.56
19.766666666666666,15.46667,13.88
21.5,13.01667,2.63
15.483333333333333,0.9597395790456908,1.89
16.683333333333334,12.2,7.81
10.1,14.86667,19.56
11.6,15.26667,4.84
12.716666666666669,20.916403643965374,10.83
20.63353422812215,17.18333,3.53
1.4499999999999993,13.03333,29.080314225116744
18.866666666666667,10.86667,24.081307315244338
20.35,0.2333333,0.68
16.583333333333332,0.2,1.14
20.55,13.86667,22.77
22.65,19.16667,25.8
1.3833333333333329,12.28333,13.41
15.0,11.0,5.87
16.433333333333334,16.48333,11.49
14.366666666666667,12.31667,4.63
17.116666666666667,12.98333,3.53
18.466666666666665,1.15,13.21
22.316666666666663,20.4,8.46
16.933333333333334,8.983333,3.95
11.7,1.15,3.23
20.366666666666667,14.114889808373539,15.69
17.266666666666666,13.75,20.19
19.98333333333333,6.583333,5.75
10.946180501810643,13.451543807343535,18.44
23.03333333333333,2.916667,3.61
20.716666666666665,13.75,3.94
14.05,1.5,5.48
17.716666666666665,20.91667,7.92
21.073891618262373,10.18333,14.13
1.9661508355168458,15.346561721906525,11.37
23.166666666666668,21.4,7.85
19.766666666666666,34.93039465320071,28.283806003951465
13.35,14.63333,9.97
23.65,14.55,11.97
16.666666666666668,23.2,8.68
6.370243850774811,0.6144199812539054,6.4
13.883333333333333,1.583333,3.97
18.7,11.418694626890314,3.79
7.85,2.116667,3.51
19.366666666666667,1.0209031999263964,4.5
18.8,4.416667,6.8
23.03333333333333,15.47008040213068,51.00393185403198
15.8,3.433333,7.63
18.616666666666667,13.31667,12.39
13.566666666666666,2.433333,2.53
18.83333333333333,1.35,4.100631681662053
19.33333333333333,41.15,9.21
17.1,1.833333,3.2346454241406173
20.12559715986572,7.166667,12.96
16.633333333333333,12.8,17.02
23.616666666666667,10.83333,4.69
22.516666666666666,11.23333,25.14
12.3,17.66667,2.69
19.03333333333333,18.25,11.12
15.766666666666667,0.3666667,0.85
2.583333333333332,11.038219246533448,6.34
18.916666666666668,5.12708295933506,43.99264691093704
20.55,2.066667,6.6
20.133333333333333,14.85,24.769479213515297
11.983333333333333,9.420465491631548,6.13
6.162452008123607,3.55,8.36
12.95,2.883393528524124,9.48
21.98333333333333,15.443464503477603,8.95
13.55,8.766667,48.48917647918687
8.566666666666666,5.616667,4.62
20.33333333333333,12.830595370075095,38.436068519549444
0.4833333333333343,5.69695280115546,15.4
15.133333333333333,16.400602104526644,11.83
21.25,34.8,42.445144158601764
16.783333333333335,8.233333,33.26146765265148
10.98227235928983,16.25229284075613,25.905906000842805
12.25,2.066667,12.93
21.58333333333333,1.95,4.71
12.45,10.86667,7.51
17.416666666666668,13.9,29.56
15.616666666666667,7.283333,3.12
1.8211268895941117,12.11667,25.369369772803037
19.7,8.45,9.0
23.08333333333333,6.016667,20.82516056285007
18.5,16.86667,11.41
16.866666666666667,17.400077146514693,7.227710636658594
9.933333333333334,2.466667,15.14
17.166666666666668,4.4,13.82
14.666666666666666,11.91667,3.82
19.65,19.66806466212138,2.98
18.816666666666663,1.45,3.69
23.65,2.483333,6.09
1.3000000000000007,0.8,6.25
11.15,18.18333,3.11
16.15,14.031504345453017,2.25
14.883333333333333,14.61667,3.14
23.8,8.5,10.99
20.8,9.75,7.63
16.1,10.63333,10.72
17.8,18.13333,24.19742303535575
23.48333333333333,20.8,15.95
21.48333333333333,28.61667,28.0
17.05,3.416667,2.3
20.23333333333333,15.53333,6.67
14.766666666666667,3.45,12.27
20.98333333333333,13.18333,21.85351987168426
22.48333333333333,24.51186200804132,10.3
13.066666666666666,22.93333,4.5716995119862265
20.553121869738,2.233333,3.11
15.466666666666669,14.91667,5.64
11.566666666666666,10.56667,50.0066029726481
17.583333333333332,21.1,7.33
21.616666666666667,5.1,5.77
11.483333333333333,3.883333,34.28090855662711
20.73598485485563,4.266667,5.04
19.316666666666663,18.58333,21.73
17.383333333333333,21.11667,10.96
9.089148353480171,19.504466899211664,5.96
16.85,9.483333,4.46
20.283983907429985,38.8,33.19140164602082
5.166666666666668,14.86667,23.78
22.2,43.392292505115655,3.98
23.0,17.435625050891744,4.13
18.116666666666667,12.47981488112562,19.88
13.85,3.75,4.02
1.4666666666666686,5.516667,9.27
23.8,16.13333,8.7
8.65,16.45,11.44
22.316666666666663,13.7,18.679931549278553
19.73333333333333,23.171601384798763,21.371603596259376
20.05,10.216974003334222,25.355720019615255
0.25,11.5,11.48
16.716666666666665,13.75,18.77
17.216666666666665,11.53333,4.95
22.95,44.73333,21.09
16.233333333333334,13.95,26.471789761469697
15.916666666666666,2.05,4.01
15.3,87.9776541052764,11.18
15.55,13.3,3.02
21.433333333333334,77.53135988399633,11.1
20.466666666666665,17.8,10.67
6.816666666666666,0.2666667,3.94
13.866666666666667,11.78230209189241,4.99
16.966666666666665,17.312744838258205,1.57
23.23333333333333,14.65,5.83
15.533333333333331,1.8,4.7
22.33333333333333,14.33333,14.04
15.333333333333334,15.33333,11.06270844901679
22.15,3.583333,2.67
19.2,9.996430112771971,4.11
22.133333333333333,10.0,13.91
19.2,20.652480229079522,6.15
15.0,22.67576302846679,29.76
17.966666666666665,22.05,12.19
15.116666666666667,9.403302611186712,10.88
15.366666666666667,3.183333,6.37
20.816666666666663,0.9666667,5.815003677560016
16.466666666666665,2.366667,2.45
17.4,1.266667,4.45
7.016666666666667,10.28333,16.56
16.146799964711438,14.25,13.1
23.15,40.884283082190635,9.14
17.516666666666666,5.983333,7.37
15.983333333333333,2.8,3.68
1.4333333333333336,2.2775453678750788,13.45
11.85,2.6,1.1
12.833333333333334,14.2,48.77345987498528
4.937196648257181,48.90099782382446,13.32
14.55,14.083264021414147,5.635540101767983
4.050000000000001,14.88333,14.72
16.65,16.98333,35.35475521158893
21.1,14.05,10.86
20.066666666666663,15.46667,12.13
16.466666666666665,14.53333,32.545575410271994
12.022051882710366,11.05,15.87246977525996
20.716666666666665,11.51667,49.55092036324087
21.3,18.48333,13.5
19.75,11.532301847919161,6.19
15.233333333333333,6.65,9.71
23.433333333333334,16.93333,29.51
8.566666666666666,9.933333,3.89
15.001099628928447,14.71667,20.24214502679184
3.9499999999999993,8.283333,3.58
13.383333333333333,14.56667,4.25
22.416666666666668,16.144613077276343,51.67343038968974
16.866666666666667,9.566667,55.77807139460463
15.9,19.16667,12.87
21.28333333333333,38.64829325324985,2.81
17.983333333333334,19.65,13.59
4.50586255777986,17.1,4.636541546760126
14.816666666666666,2.166667,2.93
16.6,1.383333,3.46
16.583333333333332,25.78333,4.98
15.733333333333333,0.8073585501359392,1.178517716131173
16.366666666666667,14.13333,2.64
0.823996046394555,11.31667,4.56
17.916666666666668,1.016667,1.23
20.5,10.56667,19.421508198850788
3.9833333333333343,14.13333,19.9
17.566666666666666,0.2666667,0.7636737894453108
16.316666666666666,0.5666667,4.0
15.6,4.65,13.24
17.866666666666667,17.95820259167157,16.51
19.016666666666666,1.4936735433386938,14.09
0.16666666666666785,45.58333,16.22
21.23333333333333,11.41667,5.14
1.8333333333333321,12.05,51.64
16.316666666666666,11.26667,2.95
18.683333333333334,16.28333,3.3
14.583333333333334,10.36667,16.45
17.0,14.15,6.44
2.5500000000000007,2.0568035156955866,4.81
15.4,1.2,6.27
19.3,16.11667,6.42
18.2,6.016667,3.43
14.933333333333334,14.93333,9.89535324746743
16.333333333333332,7.2475419542955954,29.28
17.383333333333333,3.216667,8.18
20.683333333333334,6.15,50.36373717123642
13.966666666666669,0.38613995645842236,18.88
15.75,23.88333,19.15
17.283333333333335,12.496821548892342,13.292603681797626
4.466666666666669,16.01667,8.83
19.666666666666668,11.13333,13.76
19.566666666666663,9.916667,15.7
20.85,4.9,2.86
15.433333333333334,37.80333922945722,14.93
20.383333333333333,15.23333,8.887690316080116
13.55,14.11667,9.88
11.066666666666666,6.05,7.23
20.33333333333333,14.91667,7.73
12.3,24.78578484333544,13.94
14.466666666666669,9.0,10.82
0.1999999999999993,11.249153643617635,14.08
14.833333333333334,19.25,7.58
13.683333333333334,8.05,9.16
20.2,93.40970061931569,8.22
14.566666666666666,2.15,5.17
19.25,1.65,27.16
21.0,12.68333,17.169392989734188
19.016666666666666,20.73333,10.91
18.216666666666665,11.45,9.55
4.899999999999999,22.204716711071907,6.56
15.266666666666667,15.2,2.68
18.8,16.58333,5.25
21.016666666666666,11.91667,11.82
18.33333333333333,13.36667,24.49
13.45,8.583333,1.89
8.584627074129822,7.65,14.21
21.23333333333333,36.21373861594186,52.39769945689011
19.5,2.7875179741020304,8.01227049009176
16.516666666666666,14.81667,4.69
15.583333333333334,14.38333,13.38
15.866666666666667,18.60301483058712,7.147709586338606
19.75,15.092240809177545,6.87
13.725722594844896,1.883333,4.82
21.266666666666666,2.883333,12.49
15.933333333333334,13.781955639422694,6.88
17.85,10.61667,6.27
22.33333333333333,21.08333,11.32
14.583333333333334,14.41667,7.71
1.6499999999999986,9.116667,12.16
15.516666666666667,0.1666667,1.29
20.75,45.13333,15.24
18.58333333333333,16.95,12.532164600493852
14.716666666666669,109.98610003063635,1.09
15.066666666666666,10.4,4.64
22.35,11.701475590151805,11.78
16.916666666666668,5.633333,3.51
10.423913260966946,3.566667,13.33
7.883333333333333,1.65,6.39
10.533333333333331,0.4666667,1.6
5.183333333333334,12.38333,29.226071602241134
20.9,4.416667,10.22
15.233333333333333,4.783333,10.42
16.866666666666667,1.563874463220836,1.64
10.55,12.700279447025402,2.78
16.966666666666665,20.93333,25.28
18.53333333333333,15.096488258692036,7.16
18.683333333333334,3.566667,14.9
19.633333333333333,13.177725811691749,15.534935747443232
17.266666666666666,0.65,3.76
16.916666666666668,17.528902040458558,1.56
10.883333333333333,12.05,0.88
21.15,13.264364042109685,7.46
18.616666666666667,1.666667,14.166247661090456
16.266666666666666,15.61667,12.18
20.33333333333333,12.41667,15.6
15.65,48.66705275875593,1.09
13.533333333333331,16.41667,6.69
16.333333333333332,11.93333,8.3
19.183333333333334,13.23333,3.83
20.7,8.298349998070146,14.73
18.566666666666663,11.534416448151362,28.46
18.766666666666666,13.18333,21.82800712217344
17.9,15.6,24.9
22.916666666666668,5.683333,7.86
11.85,14.306225452304526,7.13
3.7333333333333343,15.966771138589783,14.16
17.366666666666667,3.133333,5.35
22.0,12.63333,2.9
20.53333333333333,3.366667,3.77
16.033333333333335,6.566667,9.47
12.333333333333334,2.3,7.04
20.266666666666666,19.19962514803491,5.3
17.35,3.5,5.85
22.716666666666665,6.958766017626624,7.81
21.5,6.933333,32.44409400452394
13.116666666666667,14.31667,8.52
3.2792547920025115,21.01667,21.097951412328985
18.8,11.183036889609289,6.4
19.6,0.9587284045435658,56.36911047664471
17.516666666666666,16.0,11.51
15.0,1.316667,6.74
19.166666666666668,10.48174223635275,8.2
16.283333333333335,3.616667,27.2
12.233333333333333,8.583333,10.6
15.65,19.360043040342866,5.48
16.416666666666668,42.81667,12.67
4.100000000000001,9.683333,8.75
15.983333333333333,0.8166667,8.05
21.55,7.766667,3.06
10.9,0.9833333,17.01
19.23333333333333,0.4333333,1.75
1.5500000000000007,0.2833333,0.63
20.5,10.11667,21.2
17.8,12.8,5.36
17.633333333333333,16.1,5.21
17.366666666666667,1.7221490961494774,6.01
14.05,6.233333,10.96
13.083333333333334,8.983333,31.106473960916045
4.143907945879132,11.56667,6.99
17.166666666666668,13.25,8.713366128198336
18.133333333333333,17.88333,10.11
1.1333333333333329,18.83333,19.7625406787917
17.25,9.883333,22.52
17.833333333333332,10.792595232093188,10.83
15.483333333333333,62.26929037956688,3.04
15.916666666666666,10.2,1.4
15.716666666666669,1.0,4.89
15.333333333333334,23.13333,1.89
22.53333333333333,15.606567981790299,26.14261101737153
11.233333333333333,21.20946772275954,10.65
12.916666666666666,9.319098847896996,51.97889558885712
21.4883246545675,1.45,51.88
20.366666666666667,12.26667,18.53
8.933333333333334,3.283333,12.82
13.766666666666667,20.1,14.91
15.583333333333334,18.61667,5.53
19.6,17.48333,5.75
16.783333333333335,15.15,9.18
23.416666666666668,27.877257403264988,46.717749445466325
20.816666666666663,2.283333,10.54
17.833333333333332,7.8,4.15
14.968821851272274,3.016667,2.16
18.966666666666665,11.48333,6.95
18.73333333333333,0.8852094028923995,1.34
16.65,10.868627919720929,6.93
8.416666666666666,1.2814461255202718,6.7
19.95,16.76667,7.53
21.966666666666665,10.438144058180916,17.391793845642823
19.133333333333333,13.46667,7.06
15.7,20.172511906484434,46.76551251654979
17.0,10.28333,5.81
16.3,2.733333,1.78
15.683333333333334,18.7,17.74
15.466666666666669,15.4,6.01
8.25,15.15,9.22
19.916666666666668,14.51667,15.221792222987862
9.1,50.73202006012105,6.62
16.933333333333334,11.01667,45.23210358912591
16.9,64.22746709659302,7.787432245309465
17.4,18.58333,45.176545202853156
11.766666666666667,3.24538977910359,6.29
18.9,12.41667,4.11
6.0,6.406046015807058,10.75
18.735736207269653,2.383333,2.75
19.25,1.566667,4.64
14.983333333333333,5.147702350707069,5.141753994629252
20.3,10.23333,47.572321347226385
14.65,0.9886588028632977,9.262786110397428
16.683333333333334,1.666667,2.35
19.1,4.5755650357576245,5.96
20.28333333333333,21.63333,26.588185923157724
19.116666666666667,1.55,10.8
16.616666666666667,10.460632026000617,1.6896218591486103
6.071688428297541,0.25,1.2
22.58333333333333,2.233333,19.76
11.583333333333334,5.65,9.23
16.85,6.916667,5.15
17.233333333333334,69.23333,6.22
19.75,2.8120660660650305,8.29
17.816666666666666,2.283333,8.83
19.183333333333334,18.41667,25.1
15.833333333333334,3.0531721047493745,4.44
18.23333333333333,15.05,11.42
15.883333333333333,1.9666193238766185,4.15
20.266666666666666,20.16667,18.01
16.616666666666667,0.5833333,1.0
16.383333333333333,12.23333,3.55
19.75,1.7,6.37
15.033333333333331,1.933333,1.67
23.716666666666665,11.4,22.51
13.65,13.23333,30.0953560176678
22.766666666666666,15.570008265089534,8.99
18.95,8.2,4.47
19.916666666666668,5.25,12.87
20.683333333333334,9.516667,6.92
23.05,17.141559243844537,11.15
19.316666666666663,37.219911914136595,5.77
8.764550382584275,2.816667,4.66
3.5500000000000007,13.101822675399182,7.918380001399201
4.383333333333333,11.4,6.46
2.1833333333333336,16.83333,1.2206699841003865
13.933333333333334,2.833333,24.74402880427893
11.733333333333333,13.46667,41.56220910852775
12.983333333333333,7.033333,3.67
13.8,14.43333,12.58
15.666666666666666,9.633333,8.45
3.084373821522359,22.95,14.67
14.266666666666667,0.7,2.56
20.2,13.940698629252601,4.77
19.883333333333333,11.131616518520746,18.41
17.683333333333334,5.583333,15.96
18.7,10.8,46.53006954127457
21.83333333333333,11.05,6.82
11.466666666666669,1.25,3.14
11.983333333333333,1.0828452101948787,6.52
18.95,1.616667,9.53
13.666666666666666,10.285119845238771,24.69140995085938
17.216666666666665,3.133333,12.89
20.55,14.66667,7.4
17.65,18.73333,5.67
14.55,2.966667,2.28
14.683333333333334,1.616667,3.18
18.766666666666666,12.567134285707692,15.4
18.05,15.26667,3.41
18.116666666666667,14.655567813090371,19.89
23.7,15.43333,25.157054637949912
22.816666666666663,19.934838661932964,3.61
18.416666666666668,21.08333,4.77
12.166666666666666,18.15,17.2
23.1,1.6,3.54
22.133333333333333,11.71667,7.82
16.116666666666667,9.483333,7.16
16.233333333333334,15.81667,4.71
18.53333333333333,12.866554293457797,3.89
20.466666666666665,11.35,8.39
23.75,19.66667,8.51
22.53333333333333,9.466667,36.51074515806674
16.25,9.1,16.97
4.083333333333332,16.05,14.49
17.266666666666666,18.5,6.89
4.066666666666666,10.9,12.01
8.9,2.2960295738539735,4.45
2.9840958055637508,3.283333,6.36
18.866666666666667,17.8,5.78
23.05,15.833673935861643,11.45
17.05,0.55,4.84
22.45,8.783333,23.8794802945666
21.866666666666667,95.18165588762845,8.0
23.05,13.41667,17.6
21.35,14.6,17.54
21.73333333333333,9.566667,16.364967456615997
20.9,12.26667,15.95
21.666666666666668,7.033333,4.77
16.933333333333334,42.08333,3.48
20.433333333333334,13.176506379237408,12.96
16.266666666666666,11.88333,14.55
0.06402575795315713,14.7,7.96
16.916666666666668,14.29424493159219,5.93
16.7,13.66667,9.45
18.683333333333334,19.23333,15.611823486576322
16.1,17.55,17.16931920054369
11.144464886634282,76.73791825488077,8.12
15.316666666666666,3.183333,15.75
22.433333333333334,19.16667,14.31
14.966666666666669,8.701723381765904,4.4
1.1000000000000014,16.58333,16.91
19.883333333333333,17.05,27.646538166450338
17.416666666666668,4.383333,53.93246757849585
17.133333333333333,15.7,14.54
22.683333333333334,17.06667,45.238528153761294
16.6,15.16667,8.94
15.633333333333333,14.828323075813493,17.76
23.334864725384488,13.06667,6.9
14.633333333333333,15.33333,14.25
13.75,35.53328644874498,7.83
1.29577257719599,13.61667,9.06
19.9,18.18333,8.62
20.883333333333333,3.866667,14.16
9.633333333333333,0.4833333,2.62
17.0,20.173885161460035,1.46
21.25,15.75,23.744836975890212
20.133333333333333,12.25,5.5
12.833333333333334,14.0,3.41
18.883333333333333,1.0,1.2619538198155351
19.966666666666665,21.06667,8.38
13.733333333333333,16.0,10.664218353200704
15.233333333333333,17.516349255798715,8.27
15.45,9.0,8.99
20.616666666666667,20.17436981093451,14.956830385872163
20.133333333333333,17.86667,6.3
5.949999999999999,6.35,5.72
16.616666666666667,6.566667,6.762307375601958
16.516666666666666,10.584105315179668,5.81
0.43333333333333357,24.01526519017648,45.69352841284126
14.333333333333334,13.702056287076212,8.51
11.883333333333333,1.95,37.51
22.98333333333333,20.822412098556324,14.06
11.75,0.5166667,1.69
17.733333333333334,5.046163656819776,23.506482402805705
12.516666666666667,1.166667,15.61
18.166666666666668,11.48333,12.689676878689788
20.416666666666668,5.233333,3.81
13.0,6.5,4.61
20.08333333333333,14.61667,5.09
19.883333333333333,7.983333,16.65
0.13333333333333286,13.972287650040105,19.95
15.966666666666669,1.7283131544848271,20.2
16.183333333333334,14.86667,13.957579178207089
22.25,2.666667,5.43
20.566666666666663,23.259919865880587,18.59
21.03333333333333,1.883333,12.04
0.7833333333333314,28.412793667426794,23.13
4.75,14.06667,15.97
1.356486138113059,61.451988194822064,18.64
15.916666666666666,0.8269561222444604,18.40417466194136
20.316666666666663,9.833333,5.71
17.083333333333332,21.03333,6.45
18.5,2.366667,11.74
17.0,7.433333,36.008378940271214
19.266666666666666,16.25,15.75
19.53333333333333,13.81667,2.7659426176082342
15.8,2.9,4.8
17.783333333333335,8.8,4.56
19.1,10.75,36.24
20.716666666666665,16.37815415902037,26.686898984648288
14.433333333333334,12.684082924606635,8.12
2.545351453389838,14.95,20.62
18.416666666666668,1.5,18.67
14.85,2.1,19.25
14.5,22.0,13.67
20.23333333333333,18.07722996729778,13.873057268862611
14.5,2.483333,12.44
21.85,3.183333,11.55
16.016666666666666,0.5166667,1.6
15.733333333333333,19.09750029065685,9.77
12.016666666666667,3.65,3.06
8.083333333333334,1.866667,12.14
14.133333333333333,11.0,2.53
15.7,11.549691033842032,43.45
21.55,12.85,16.96
13.845924283952627,9.350107551629735,5.47
13.916666666666666,14.63333,12.63
18.316666666666663,38.55,10.85
21.05,15.78333,6.02
18.966666666666665,17.91667,7.78651707807323
19.416666666666668,21.01667,5.45
17.666666666666668,13.93333,5.56
0.28333333333333144,3.733333,9.82
17.083333333333332,13.35,19.69
18.433333333333334,13.13333,10.55
14.2,7.0,8.71
15.816666666666666,21.409217336158164,37.85999274493195
7.879283639863813,16.120689869296164,6.48
14.822543116003605,28.8,4.74
17.316666666666666,10.3,5.1
15.983333333333333,13.13333,15.0
20.133333333333333,6.683333,3.07
20.23333333333333,16.319217872690263,14.48
16.433333333333334,13.5,5.13
20.05,17.91667,11.49
20.48333333333333,14.58333,4.71
11.3,11.8,11.792580121839418
15.266666666666667,19.993614540512304,4.8
19.766666666666666,4.366667,20.621201177714394
20.666666666666668,18.16570174727092,8.13
15.416666666666666,9.283333,19.24
3.5500000000000007,10.58333,20.583981292750686
17.833333333333332,15.36667,4.42
20.766666666666666,14.23166878880248,23.89
1.7333333333333343,17.13333,7.96
10.866666666666667,15.41667,7.5
19.1,20.482320746501898,16.88
18.0,16.88333,5.49
21.15,17.4,8.32
5.133333333333333,46.24119528495601,15.5
15.383333333333333,10.44245150140128,7.755899482234381
19.73333333333333,11.881548308643131,4.0705046313186175
11.433333333333334,0.6166667,76.93067969704978
21.95,8.95,19.8
16.783333333333335,0.2666667,0.52
13.766666666666667,15.23333,5.21
14.033333333333331,2.683333,6.88
13.816666666666666,1.233333,1.281076050491538
22.9,15.908435140122137,16.33
17.35,11.08333,5.5
20.73333333333333,13.66667,17.79
22.216666666666665,61.60880150656256,16.05
20.48333333333333,19.95,9.48
21.78333333333333,5.153049936727838,16.163069823647383
13.916666666666666,11.9,6.604197348391171
10.716666666666669,18.41667,3.48
10.883333333333333,1.785833,4.57
11.416666666666666,0.4833333,5.461168238490354
9.633333333333333,8.566667,19.197013922357
18.25,3.416667,22.38
20.116666666666667,2.166667,2.58
19.316666666666663,13.05,6.34
23.683333333333334,21.1,12.7
17.933333333333334,14.01667,7.97
20.75,0.2666667,1.225277436603792
22.28333333333333,13.332895980073893,17.986813800027594
23.266666666666666,17.2,11.74
14.033333333333331,1.716667,4.25
7.604416525724324,14.88333,2.3
1.2833333333333314,11.88333,22.97721027332125
22.866666666666667,4.4,23.21
18.383333333333333,0.4833333,1.674100933780428
22.516666666666666,19.178591002085472,8.4
20.58333333333333,8.966667,8.1
16.883333333333333,10.7,19.79
16.916666666666668,8.163868105346467,20.847904870819768
15.683333333333334,8.0,14.469645124599339
15.0,1.216667,5.77
8.333333333333334,1.933333,22.72
23.25,8.316667,51.64504175457405
13.233333333333333,14.830966582225983,8.77
17.95,40.09470292092498,14.59
20.966666666666665,11.26667,6.69
20.466666666666665,39.71667,4.25
20.45,16.579664800715054,5.15
15.233333333333333,16.03333,5.41
22.066666666666663,9.6,2.41
1.618119301999588,14.31667,5.55
14.419659127000584,114.12046914378885,2.29
23.28333333333333,15.75,8.33
20.75,15.2,6.32
15.5,23.36667,3.38
17.616666666666667,1.9195653871625835,4.86
15.5,10.798752309853814,13.946333688774612
18.55,2.0660434208069414,11.34
11.668676474972258,12.548264013068234,18.79
22.2,18.66059697548766,6.04
16.083333333333332,8.445003937128751,8.18
15.4,14.95,0.96
21.366666666666667,11.61667,12.33643409688957
23.58333333333333,65.21667,5.37
21.880989810636674,13.86667,10.9
20.73333333333333,3.8,16.28
16.8,1.6907896374994662,8.91
16.483333333333334,19.9,23.799095072846395
17.366666666666667,11.0,32.44
5.708156769856092,42.4783034575862,49.98999163923785
14.9,8.7,4.2
19.3,20.41667,22.66
10.783333333333331,7.016667,6.49
21.1,0.35,0.6824143882491626
15.017542821406096,2.057551761818379,7.09
21.216666666666665,27.694095771677933,7.6
12.483333333333333,0.9141369065358778,2.29
16.283333333333335,3.15,7.65
15.65,0.6666667,8.3
15.3,15.76667,13.158681779152248
19.616666666666667,13.21667,10.75
10.966666666666669,21.78333,3.73
22.95,41.93333,10.27
15.85,0.5333333,1.72
11.916666666666666,4.324838301981942,4.91
15.25,17.96667,14.23599363477435
21.8,19.11667,19.89407196528511
2.5,13.033380510842587,29.21
14.733333333333333,0.6,0.73
18.3,13.25638448789942,6.41
20.816666666666663,11.68333,11.55
23.404678822779776,15.73333,7.55
15.983333333333333,3.4,6.57
17.316666666666666,13.93333,9.32
22.066666666666663,11.9,24.149258958522694
23.066666666666663,10.81667,3.67
17.783333333333335,15.63333,11.75
14.65,23.5,2.79
23.916666666666668,7.633333,9.17
18.75,12.23333,7.82
20.133333333333333,1.1,3.93
15.833333333333334,1.3,2.81
22.8,2.6,2.88
13.627875478974602,14.98333,3.07
20.53333333333333,15.06667,10.44
6.578719761151296,32.65945367580821,6.7
14.15,11.88333,8.12
16.583333333333332,14.95,39.92199802719056
19.35,8.233333,16.99
16.916666666666668,10.5,14.83
18.65,10.8,33.55839071518509
19.75,18.16667,19.028052493822763
8.783333333333333,1.416667,3.63
23.816666666666663,17.31667,15.5
15.033333333333331,12.98333,5.74
17.333333333333332,7.566667,22.191816665187943
23.116666666666667,4.583333,8.11
16.833333333333332,8.633333,11.87
22.08333333333333,18.06667,11.3
17.366666666666667,6.577833538788939,6.95
0.18333333333333357,13.56667,9.32
18.95,12.75,4.52
16.5,15.446837186377408,11.21
15.633333333333333,17.03333,10.09
13.95,15.16667,20.315705139017663
19.35,1.9,5.15
2.5333333333333314,17.36667,5.45
21.65,13.1,42.97166494257515
19.55,11.225258084483668,8.55
13.866666666666667,8.616667,9.87
18.516666666666666,8.816667,19.8
15.783333333333331,16.91667,19.49
17.933333333333334,12.35,32.19429785379907
20.133333333333333,2.666667,9.08
18.73333333333333,9.683333,19.082095866904126
19.322765171880498,10.63333,43.99701630799566
17.783333333333335,12.5,10.13
19.3,39.6,21.86
13.9,2.0786223600620795,4.44
13.7,10.587787358234351,5.82
21.33333333333333,14.56667,8.27
23.133333333333333,1.366667,16.78
12.5,19.56667,13.51
16.516666666666666,10.4,6.02
15.966666666666669,19.812515021759552,7.49
17.383333333333333,0.7536110719345365,1.0
7.983333333333333,3.35,13.732696130238473
15.8,5.4,3.7780682576005344
20.116666666666667,16.93333,12.87
18.616666666666667,24.9,2.86
2.133333333333333,16.15,16.98
9.30156478240436,0.7833333,3.8664246083097535
18.966666666666665,15.13333,28.35
22.05,12.35,6.96
18.03333333333333,19.6,20.74
17.683333333333334,14.440668337954392,12.41
15.616666666666667,12.8,14.01
17.933333333333334,2.2306167799280052,7.426946597446221
20.633333333333333,16.45,7.57
17.716666666666665,13.036419022483631,7.39
15.166666666666666,24.61664085913363,6.28
1.6833333333333336,13.107097416855774,7.0
12.9,10.51667,6.86
21.78333333333333,16.68562084770593,10.62
18.466666666666665,19.95,4.18
18.05,12.45,19.74
17.233333333333334,17.73333,24.77
22.28176096498743,14.35,13.794040910962503
21.916666666666668,22.36667,7.74
20.566666666666663,2.45,26.6
13.1,7.249381410958489,10.12
21.53333333333333,2.35,26.15
17.733333333333334,6.083333,1.86
18.216666666666665,8.933333,8.91
21.5,12.745682816603784,10.46
16.933333333333334,1.5,2.95
7.616666666666667,3.683333,8.39
21.316666666666663,13.76667,27.69
18.716666666666665,15.16667,19.95
23.8,12.15,8.2
18.25,68.4,2.98
15.983333333333333,11.783326246328654,19.09
17.983333333333334,18.51667,8.3
17.15,16.08333,44.66828821246978
11.494946377210727,0.5833333,37.93698014713358
16.966666666666665,19.5825211548724,10.65
16.916666666666668,12.78333,5.721410061211791
14.266666666666667,4.368815804157843,1.16
20.33333333333333,5.683333,16.42
20.783911149711635,38.16667,8.55
11.866666666666667,0.4,0.84
15.25,10.85,2.28
10.75,38.90116529193219,6.2498269639955835
12.433333333333334,23.18333,4.43
21.15,21.7,6.06
22.58333333333333,3.51108023064514,6.7
12.333333333333334,22.688153052408328,5.14
21.433333333333334,19.66667,17.36
18.216666666666665,23.055680562197253,10.42
19.116666666666667,15.423674429082267,8.35
19.566666666666663,9.983333,23.71777191347908
21.666666666666668,16.6,7.7
15.166666666666666,13.48333,3.75
15.7,0.3666667,0.95
21.966666666666665,13.63333,7.690019679141697
19.933333333333334,1.783333,1.8535092347301543
23.95,15.28333,11.011496552699246
19.716666666666665,14.06667,7.18
13.75,5.05,18.95
14.716666666666669,1.833333,12.97
12.127351881408927,1.7207662154362455,10.85
9.15,11.55,7.1932282994408165
20.2,22.0,13.11
15.933333333333334,9.016667,7.69
18.566666666666663,11.37121530987098,5.007787782531231
22.0,20.46955802365416,40.40923643717542
22.03333333333333,9.683333,65.84512701503002
20.216666666666665,3.2,7.14
16.883333333333333,3.733333,1.67
5.7739812996204485,2.616667,2.82
22.4,2.166667,12.89
2.333333333333332,8.050003119812063,9.83
19.816666666666663,4.983333,21.829360386070327
17.366666666666667,0.869498643470256,2.92
23.55,17.172989270894234,23.107003192987758
12.833333333333334,10.13333,17.66
22.65,9.666667,13.3423994895746
17.25,43.17918559423237,4.17
4.583333333333332,10.63778617565301,12.2
12.466666666666669,12.6,2.55
4.233333333333334,5.05,5.09
20.966666666666665,9.545871866359812,8.58
15.933333333333334,36.958661287321874,14.78
14.516666666666667,22.4334706698113,12.73
16.883333333333333,19.35,25.9
0.5500000000000007,19.4,43.285845626201485
20.7,12.15,5.9744997385703025
21.316666666666663,6.5,7.22
17.966666666666665,5.55,25.97455706048058
19.3,11.2,3.22
17.866666666666667,16.78333,6.38
19.03333333333333,25.81330390284218,20.620929106732365
16.6,18.96667,13.221566788596101
16.016666666666666,5.35,6.8
2.661862735819401,18.4,27.209783755934332
21.4,12.35,37.18752293909434
16.316666666666666,0.2666667,1.06
17.266666666666666,13.51667,6.13
22.45,39.65529536000743,6.09
17.683333333333334,40.863458494487475,7.2552384122507645
20.2,17.81667,22.18
15.15,4.466667,4.9
23.08333333333333,4.316667,6.63
19.15,5.95,2.31
20.0,14.5,22.68949095669086
18.3,8.816667,13.83
15.166666666666666,3.433333,4.84
1.8333333333333321,24.9,21.52
17.766666666666666,14.13333,11.63
19.8,17.16667,19.063984181063713
17.116666666666667,13.73333,7.05
17.066666666666666,19.8,5.4
23.811986745959437,19.21667,10.39
19.33333333333333,13.1,16.33
17.316666666666666,19.05,8.53
11.066666666666666,1.0,12.39
17.433333333333334,20.91667,11.572646371591837
16.0,68.51667,23.88
12.166666666666666,0.9507733839945868,3.72
20.966666666666665,12.926659562468393,2.82
18.1,8.8,12.2
8.78505690513169,18.38333,3.68
16.05,8.616667,5.54
22.366666666666667,16.341502445918163,12.24
18.1,6.066667,8.94
16.9,13.91667,6.22
18.266666666666666,5.016667,24.03
13.766666666666667,19.9,16.86
18.97784199595286,12.38333,12.25
18.35,0.3833333,1.24
13.85,24.0,6.9
15.666666666666666,17.31667,16.73
12.083333333333334,0.8166667,8.34
19.08333333333333,4.95,17.62
23.28333333333333,14.46667,9.52
18.33333333333333,1.266667,3.86
19.1,16.33333,15.82
16.983333333333334,11.51667,14.99
15.0,18.902804346514156,15.19
16.35,44.63353284839961,5.63
4.516666666666666,2.366667,12.35
16.766666666666666,1.1005531076730333,5.52
18.716666666666665,19.16714162592394,11.0480628521787
17.8,19.96667,18.49
16.8,18.55,11.534235706087202
17.983333333333334,16.1,8.02
10.129262408195547,5.45,9.51
22.183333333333334,15.76667,17.14
11.4,16.349341898756084,6.8
9.716666666666669,18.58333,15.11
14.55,7.266785651433746,5.37
13.583333333333334,40.93333,41.17227671766421
17.083333333333332,11.06667,13.42
17.083333333333332,19.9,57.69
20.866666666666667,19.75,55.02
20.016666666666666,18.96667,32.5052509733173
22.03333333333333,27.06667,5.45
16.966666666666665,5.183333,6.1
12.466666666666669,14.25144559256735,2.72
19.716666666666665,14.09711712389856,7.13
23.383333333333333,13.41667,5.31
16.916666666666668,24.52566720024052,10.61
22.683333333333334,14.15,3.44
20.2,14.71667,12.21
14.05,23.03333,2.54
17.05,16.38275110981474,1.3
13.416666666666666,19.73333,4.66
22.6,27.144659447641196,23.79
16.1,9.05,5.71
11.766666666666667,12.96667,41.12826308757533
10.75,8.233333,9.7
21.8,2.45,15.42
19.83333333333333,13.5,13.23
16.35,2.759647314328782,50.79339996255003
13.533333333333331,18.53333,14.51
18.28333333333333,14.535083730588825,4.13
15.85,11.06667,9.85
16.833333333333332,14.35,10.17
15.75,1.9717337308274299,6.96
0.1606481680253644,2.4,9.92
14.983333333333333,13.06667,5.9
15.766666666666667,51.142676911522955,8.29
7.95,2.116667,3.49
20.666666666666668,13.63333,34.64
16.2,9.316667,5.294087569762487
23.28333333333333,20.48258487518295,42.66558917805553
19.883333333333333,1.083333,2.27
22.816666666666663,1.7252453497598865,10.94
21.73333333333333,0.4666667,1.09
22.266666666666666,88.89759904680962,7.53
20.716666666666665,11.58333,23.27
19.5,0.2666667,1.03
17.2,16.5,19.74797516015591
18.48333333333333,14.33333,7.97
16.083333333333332,9.766667,14.68
19.15,17.56667,23.03
18.666666666666668,15.83333,10.32
15.15,38.43794730011066,4.63
3.8500000000000014,13.46667,13.19
22.28333333333333,11.781821051874457,3.54
5.25,13.499476855236272,48.096319310111
20.0,2.833333,7.56
12.75,1.2328077872774976,2.25
18.23333333333333,8.478378364041633,33.49
12.85,1.6362838333933896,5.12
17.516666666666666,5.8,5.51
11.316666666666666,1.016667,54.14644547966542
15.616666666666667,2.3486207340593417,2.48
13.47750805674926,0.8666667,1.32
12.902272400375903,41.62774617326351,6.73
19.95,15.08278,19.204381378490943
23.816666666666663,15.43333,24.392842563798187
7.65,3.166667,7.28
18.3,10.260461487539414,26.81
10.216666666666669,0.6993411034346448,1.06
19.666666666666668,14.816228829332328,8.87
14.266666666666667,6.85,14.93
20.433333333333334,18.05,34.92
15.633333333333333,4.166667,5.44
20.5,11.38333,14.72
15.083333333333334,19.93333,5.93
16.483333333333334,17.78333,5.73
17.266666666666666,14.9,15.888211980094203
14.083333333333334,14.28333,4.9
19.183333333333334,20.26667,15.56
0.7333333333333343,19.13087826104723,13.25
15.616666666666667,14.33333,2.9553632728452794
17.133333333333333,23.891540708843387,28.17
23.216666666666665,15.05,2.01
14.383333333333333,19.2,11.95
19.6,10.31667,15.88
21.666666666666668,40.35,5.46
16.866666666666667,0.2666667,24.61
23.566666666666663,1.216667,5.7
21.48333333333333,9.283333,6.73
17.85,14.81667,8.94
10.933333333333334,9.285845722291423,7.23
16.25,19.33333,51.47811237654183
16.616666666666667,11.01667,3.76
16.166666666666668,4.4696501231583365,8.861326693347655
0.75,1.45,10.386495435398539
21.15,12.03333,49.82477431402076
4.050000000000001,22.41667,16.44
18.516666666666666,14.65,2.975883529712446
17.966666666666665,18.95,17.08
17.066666666666666,10.388869832386355,7.34
18.966666666666665,9.266667,29.177484588986264
17.783333333333335,1.933333,2.46
17.116666666666667,1.2,1.55
15.716666666666669,3.65,9.58
22.816666666666663,7.9,5.03
20.666666666666668,19.01667,45.97976355027407
22.48333333333333,15.03333,5.48
18.616666666666667,16.0,8.12
17.166666666666668,20.21667,11.18
3.4499999999999993,10.6,9.87
20.366666666666667,7.4,5.68
13.689668314168133,4.0,13.22
20.816666666666663,0.95,3.61
15.783333333333331,1.7,2.92
14.916666666666666,10.98333,17.75
12.683333333333334,1.933333,6.61
16.683333333333334,15.2,43.66799212750281
13.986128978176566,1.537637861321156,7.98
16.333333333333332,21.91667,35.32039543668973
20.45,14.53333,12.45
13.266666666666667,11.65,3.8
19.23333333333333,43.87357840727868,5.98
21.08333333333333,2.016667,7.964980206100735
16.066666666666666,25.158416627699967,15.64
14.466666666666669,65.31624676612662,11.823732009781525
19.266666666666666,11.11667,12.48
18.766666666666666,1.133333,9.96
20.5,16.53333,39.27636948488886
15.5,7.466667,4.38
17.066666666666666,11.75,17.96
2.8176173335023726,8.533333,30.166128099057826
19.890086251443428,17.45,14.33
16.433333333333334,2.85,3.8
20.73333333333333,3.6042846350669464,13.23690929820994
11.483333333333333,1.9386285307600692,2.39
18.933333333333334,6.266667,13.75
23.316666666666663,16.46667,13.854765931528528
12.683333333333334,62.60580935327456,18.17
16.916666666666668,0.4643512740235165,1.76
17.833333333333332,0.8857085274965234,28.620704905553723
20.916666666666668,16.18333,19.14
19.28333333333333,17.15,6.1
16.116666666666667,13.38333,5.84
18.0,2.483333,5.4
22.4,0.7027411823806512,4.68
18.5,1.2627424916357632,12.92
19.2,20.45,30.60601985835936
18.133333333333333,14.6,8.08
16.65,14.61667,24.48
20.83333333333333,5.833333,8.17
16.25,14.53333,23.807498507758137
4.033333333333331,45.57287024174597,6.67
1.3833333333333329,5.05,10.01
11.816666666666666,12.48333,3.11
20.03333333333333,10.072639919719242,4.07
13.3,15.15,5.15
17.516666666666666,6.616667,4.51
22.35,50.88333,6.5
16.433333333333334,23.61667,6.73
22.55,12.9,7.55
22.633333333333333,42.36387251209783,8.04
19.216666666666665,3.583333,5.64
16.116666666666667,17.59162068579916,18.83
12.2,14.31667,12.8
14.05,10.46667,8.32
13.91405864163098,15.63333,5.41
16.7,16.33333,3.74
14.1,1.35,2.1
13.816666666666666,13.01667,44.31774358980358
15.5,2.4,10.38
20.3,15.11667,27.33465805714717
18.433333333333334,15.84297889222531,8.51
10.233333333333333,8.55,20.15
21.633333333333333,5.166667,2.7
21.03333333333333,13.88333,32.46911978975637
6.0,9.00071485304327,7.1230496403155845
17.4,8.651663027786158,7.14
12.333333333333334,14.3,10.27
0.6833333333333336,2.5,5.01
10.616666666666667,12.26667,40.21
15.216666666666669,14.588862406003585,78.92913463337813
10.3,12.36667,7.74
16.283333333333335,1.066667,1.43
16.233333333333334,15.36667,26.586778863528743
16.933333333333334,7.183333,4.734352870740462
16.55,4.216667,14.78
16.0,5.0,4.62
15.833333333333334,16.63333,48.41144406358711
18.827384694937788,9.066667,4.9
19.716666666666665,15.399934858186526,9.91
14.733333333333333,15.83333,6.62
4.433333333333334,12.132824455871516,26.52
18.83333333333333,11.212380297289153,21.28
20.466666666666665,109.83061580556254,17.973672288684174
20.55,5.3,4.22
15.65,14.56667,8.28
10.983333333333333,5.816667,3.96
23.83333333333333,14.58333,11.03
9.583333333333334,18.69218499837792,11.71
15.166666666666666,15.1,12.821188590042293
12.65,21.80729488060179,4.73
5.683333333333334,4.541602177006909,21.3
17.416666666666668,8.833333,11.73
14.666666666666666,16.48333,5.37
16.383333333333333,15.91667,23.43
20.3,14.93333,12.01
18.3,40.58333,9.45
20.116666666666667,21.85,19.15
22.6,18.88333,25.71766806225758
17.166666666666668,39.21667,27.86
16.333333333333332,12.622123526696551,34.03171660800371
13.266666666666667,0.2833333,0.6361465118010529
19.8,11.2,12.79
12.854649168214625,81.11484228418745,8.03
19.166666666666668,2.5,29.12
16.8,12.6,11.29
23.28333333333333,5.75,13.65
17.166666666666668,7.15,16.283304099454543
13.866666666666667,16.0,2.3
17.166666666666668,15.272681260675569,13.26
14.4596258718079,14.13333,31.42
16.616666666666667,7.716667,13.27
21.65,14.0,14.65
11.8,14.31667,19.07
21.55,13.963864293904976,22.06899121680297
16.333333333333332,19.36667,3.68
12.7,20.16667,3.76
11.283333333333331,1.516667,3.95
16.65,19.41667,13.852052632616832
16.05,10.354559291895873,7.180992029104382
19.8,14.668902984540676,11.795844813676085
20.466666666666665,9.016667,7.06
18.716666666666665,20.08333,15.34
22.566666666666663,19.21667,16.79
1.7333333333333343,14.306091824791014,44.6454202812165
18.816666666666663,9.783333,8.56
15.166666666666666,7.55,19.52
23.98333333333333,11.0701924514073,5.33
18.366666666666667,25.83333,7.44
15.7,2.683333,8.17
8.433333333333334,20.41667,27.51
15.583333333333334,19.48333,14.52
22.166666666666668,15.26667,15.61
18.28333333333333,18.26667,54.010515762802676
20.7,13.81667,19.56
11.033333333333331,8.6917425603897,13.880166351671797
15.083333333333334,9.683333,4.75
20.866666666666667,9.85,13.857609854368492
16.083333333333332,15.4,10.6
13.2,16.46667,11.89159227725817
17.4,30.772594004941336,15.27
7.9,40.88259667675416,8.11
23.53333333333333,5.866667,10.46
20.65,12.75,15.350801925875713
7.700197182271222,5.216758169372265,7.89
17.65,2.116667,23.024703859006987
11.333333333333334,9.983333,6.09
23.53333333333333,11.38333,5.91
18.35,0.6666667,18.35
9.116666666666667,0.95,7.16
17.75,2.483333,8.446447387011721
21.45,9.2,4.05
2.333333333333332,4.79213202676311,7.76
14.016666666666667,12.61667,5.41
16.633333333333333,7.2,25.063343735684175
18.98333333333333,13.11667,8.22
19.3,4.55,22.90355783086503
15.733333333333333,2.45,3.53
10.516666666666667,3.5997481489405034,5.19
11.866666666666667,15.06667,14.435756703754887
23.153271436679155,12.15,16.636491816414054
15.4,14.2,5.32
20.98333333333333,8.85,17.526793486564422
15.216666666666669,3.516667,4.68
22.23333333333333,14.61667,14.45
19.766666666666666,9.383333,11.061971890009008
22.183333333333334,4.327970645142161,18.29
16.066666666666666,5.966667,66.0831824598182
0.36666666666666714,18.23333,16.3
1.8666666666666671,1.5,6.83
4.183333333333334,13.11667,11.62
9.45,4.3,5.19
16.171915170850603,17.31667,12.39
18.83333333333333,13.3,21.5
18.466666666666665,17.96667,8.95
14.75,1.346356419572396,11.85
14.2,2.383333,6.793413767407182
19.416666666666668,16.78333,5.24290284114657
14.916666666666666,14.33333,2.47
16.85,12.85,8.17
15.933333333333334,11.96667,6.840997623105068
17.166666666666668,12.85,2.97
16.966666666666665,6.766667,6.88
1.3833333333333329,43.64257837521672,8.88
19.866666666666667,9.0,8.65
12.35,0.9333333,1.84
15.016666666666667,18.26805586122438,7.24
17.016666666666666,48.51083727627446,5.653461737674661
16.416666666666668,5.217314763092076,13.35
16.333333333333332,19.48333,10.37
17.716666666666665,21.36667,1.21
18.266666666666666,13.4,5.84
15.966666666666669,3.366667,11.32
23.885527064856433,15.501115276907418,45.86005081934389
17.666666666666668,17.1,11.81
1.8423025574268337,13.1,3.9808057055848183
4.433333333333334,9.383333,31.67473367329687
20.411464987028253,12.58333,7.99
18.08333333333333,9.016667,3.76
19.08333333333333,15.56667,14.08
4.600000000000001,14.98333,13.565389862374868
11.45,9.792187535406143,6.29
10.616666666666667,12.6,7.18
17.183333333333334,13.98333,8.71
23.693232825654075,16.18333,11.56
10.023489461663122,14.905772069973692,6.08
15.966666666666669,9.7,9.88
18.816666666666663,15.888401567032513,10.97
21.55,1.7670742457998743,12.6
20.55,4.233333,4.481714114238042
16.266666666666666,14.45,17.79
15.65,14.66667,4.3
14.633333333333333,4.833333,5.697000896446407
7.85,0.5314102798510701,2.02
23.2,3.8145633849127423,66.46115100251743
17.133333333333333,16.28333,44.129388772428506
19.23333333333333,2.133333,3.76
19.683333333333334,13.91667,43.750661657657474
12.366666666666667,14.46667,8.37
16.6,1.566667,6.04
2.0059545602819213,1.116667,1.96
16.166666666666668,4.55,11.37
16.833333333333332,29.71246654543588,43.89493489500135
14.6,13.56667,10.216044679132757
7.633333333333333,6.262495346758046,12.15
20.123604634015646,3.316667,8.7
16.233333333333334,2.454486598825497,3.55
19.516666666666666,11.45,34.964957129771356
17.083333333333332,17.15,6.17
11.216666666666669,0.6691329057088032,22.20499498302117
21.65,3.290012128763961,7.25
23.066666666666663,17.15,12.11
16.783333333333335,0.6828154451820223,4.32
0.8500000000000014,15.15,60.293154454571194
18.933333333333334,18.769160791994505,6.61
1.4666666666666686,15.11667,38.68
17.1,14.9,2.31
20.33333333333333,47.564626349760616,7.34
17.983333333333334,14.6,5.16
13.283333333333331,17.01667,19.85
16.55,15.6,32.91
18.15,12.15,4.66
0.7833333333333314,13.86667,19.6
20.433333333333334,9.833925527447994,5.67
18.0,3.0,4.98
17.622120140741753,13.73333,14.66
17.7,1.283333,61.3894880187232
15.9,12.586749021462575,35.120801005742976
10.533333333333331,3.183333,3.92
21.45,14.28333,6.81
18.266666666666666,33.42117170741592,12.16
14.916666666666666,1.416667,5.96
12.266666666666667,0.6666667,4.3
10.5,14.86667,7.94
22.85,8.733333,6.79
12.0,0.5333333,2.1591873184309804
16.716666666666665,0.95,2.06
15.533333333333331,8.8,4.52
14.1,4.266667,8.87
0.6166666666666671,16.73333,10.99
20.45,19.3,12.41
16.416666666666668,41.28154908534648,11.84
20.633333333333333,8.883333,36.28418891311158
14.516666666666667,10.9,3.133223647219129
11.85,11.25,23.884886078403795
18.3,15.85,12.54
14.314517485284886,0.32336115641277086,3.05
13.7,13.15,41.11550374226179
22.08333333333333,12.334368448630162,7.6
20.666666666666668,16.98333,8.14
23.633333333333333,5.483333,18.60066205290612
16.733333333333334,15.25,8.23
14.716666666666669,12.03333,11.99
4.550000000000001,11.433558503700372,27.63
22.05,64.68939325463309,5.01
16.516666666666666,18.16667,3.6998774270336146
16.816666666666666,14.801286570871914,3.6
19.53333333333333,11.53333,4.26
19.15,13.3,12.15
14.793562571064587,3.6274000747261796,0.93
18.8,1.9047558750468332,7.3
16.7,13.31667,15.28
18.366666666666667,14.579696381620346,37.55
21.65,17.67983394111729,16.087131517603993
8.987206542548664,4.35,5.65
20.116666666666667,4.757367694189066,5.62
19.466666666666665,5.116667,4.14
4.466666666666669,66.4927732338063,42.85153081359342
19.183333333333334,7.305993346167882,7.27
20.85,11.822780861275927,3.34
17.666666666666668,11.65,7.78
13.7,15.91667,4.63
14.6,7.516667,8.18
14.966666666666669,2.453208381723803,6.49
21.116666666666667,17.91667,9.59
16.8,0.25,2.83
16.7,1.066667,7.67
13.083333333333334,4.166667,23.83
8.965763846081003,0.9166667,2.63
20.166666666666668,10.055653871291225,6.42
17.716666666666665,16.3,13.03
15.6,2.633333,13.72
12.933333333333334,1.9,14.88
15.616666666666667,20.25,4.11
21.23333333333333,1.1,1.71
15.809603629621657,9.8,2.63
15.433333333333334,22.316186197964623,4.08
17.45,22.48333,5.487088096814696
19.3,5.65,7.67
19.466666666666665,0.65,12.58
21.53333333333333,2.2863930744169583,1.46
20.116666666666667,15.916483849242248,45.93439789582044
22.133333333333333,14.05,2.87
14.633333333333333,12.8,46.24
16.083333333333332,18.903105879397728,20.72
20.15,1.3,5.36
11.916666666666666,2.033090394525284,65.65506277061533
18.133333333333333,22.683392826918336,10.87
14.671029433716225,14.75,6.68
17.033333333333335,10.215806987759304,7.35
17.883333333333333,12.36667,21.71
8.05,15.75,5.27
16.683333333333334,13.98333,16.822216716059483
16.966666666666665,4.285438396780849,22.43
17.883333333333333,4.283333,7.7
20.616666666666667,7.9,7.33
23.616666666666667,15.61667,4.47
18.683333333333334,22.2,6.61
17.116666666666667,18.41667,6.77
16.4,5.316667,1.4117418379476294
15.533333333333331,17.4,7.01
21.3,25.315171313288463,18.62
15.95,4.235312648490489,6.7
17.066666666666666,7.6,8.27
16.833333333333332,14.23333,29.9
18.25,4.883333,12.79
20.383333333333333,8.933333,21.5
0.33333333333333215,8.433333,17.24
14.566666666666666,2.05,5.39
3.866666666666667,1.480172953759959,8.48
18.73333333333333,18.876379926698455,15.96
7.632094790662813,0.25,14.81
17.466666666666665,17.579566596998976,15.48
15.85,2.116667,8.53
14.833333333333334,15.85,12.098194103911519
14.616666666666667,0.5166667,5.23
22.05,14.3,10.8
9.483333333333333,2.133333,3.62
22.116666666666667,17.832902967567605,8.888495652584826
16.4,13.53333,13.21
19.23333333333333,16.833066859588925,22.91
21.6,20.465301871502877,7.79
16.4,10.964270396676815,25.53
17.166666666666668,15.851059476176756,3.3
15.616666666666667,14.496497773350036,14.37641069639707
18.683333333333334,3.033333,12.82
20.53333333333333,18.4,7.21
18.7,12.26667,12.67
19.45,2.540081729357116,14.39
2.6999999999999993,18.45,26.565136757197322
10.85,41.35,1.42
16.716666666666665,10.253407905944316,48.24
18.366666666666667,110.06047148696537,13.89
13.633333333333333,1.033333,1.65
19.15,8.366667,5.7
22.85,13.61667,8.04
17.966666666666665,10.31667,47.45354493852914
20.73333333333333,1.8,6.658238189311232
18.48333333333333,13.76667,10.73
17.783333333333335,14.01667,43.2415868305508
22.716666666666665,8.416667,23.0646426085243
10.8,36.38091494563034,32.92436821577372
22.03333333333333,17.33333,6.135692906277254
17.166666666666668,3.75,19.67
1.1499999999999986,9.75,7.28
16.683333333333334,14.66667,39.2530464492063
21.95,12.6,21.79427828752203
15.833333333333334,11.001792427230908,5.0
4.794122016327552,18.03333,8.36
10.053739924565404,2.0,3.14
22.341388576684885,4.656116807026364,20.96
20.9,18.71574947591088,15.22
22.28333333333333,11.36667,22.71
19.1,4.883333,3.74
16.8,4.45,2.72
3.6833333333333336,15.65,15.72
15.916666666666666,12.8,8.03
16.2,32.55,19.02
15.15,5.2,2.39
15.45,15.2,5.38
20.4,62.90178683020884,16.2
15.616666666666667,2.716667,2.52
20.15,0.2833333,1.43
17.566666666666666,8.583333,4.58
15.8,27.283867016273646,7.33
16.933333333333334,16.85,7.2
14.866666666666667,13.129557963685942,17.87
15.75,3.55,12.44867253859993
1.8000000000000007,13.01667,10.44
19.116666666666667,12.91667,4.86
15.066666666666666,26.53583805852473,19.09007256143959
18.6,26.66667,15.747079790188
19.816666666666663,14.590862666746386,4.17
16.166666666666668,18.01667,18.153806648252065
17.1,17.06667,17.37
17.733333333333334,14.26667,28.27
13.883333333333333,24.17150986211887,13.39
4.780463005148825,6.016667,4.72
22.65,12.06667,16.32
18.816666666666663,11.91667,3.41
14.616666666666667,0.6,11.1
7.433333333333334,1.7685342717381312,5.8
21.766666666666666,20.066190513454938,5.116579260223079
18.75,13.75,4.52
12.25,10.0,39.05
15.202073349112469,1.1,6.81
11.866666666666667,1.566667,35.866363765775226
13.883333333333333,17.184313870381807,6.83
13.65,14.1,13.83
18.65,3.966667,30.62355835267808
23.116666666666667,22.98333,12.972985150085297
19.1,3.9113155618531743,18.96
5.970875798160463,3.283333,12.63
16.566666666666666,16.83333,2.73
22.523006896908917,9.733333,19.95
17.05,20.68333,17.77
17.55,4.85,13.46
15.833333333333334,12.05,2.44
17.783333333333335,10.21667,3.44
20.28333333333333,30.543753396785693,9.37
19.416666666666668,14.83333,21.05884090888547
23.48333333333333,10.56667,45.22
21.7,8.321528429542994,6.65
18.58333333333333,16.55,15.43
23.6,20.181175435175444,15.48
20.33333333333333,6.866667,7.7
14.333333333333334,11.35309433395158,11.79
1.7833333333333314,46.105726346142156,12.16
14.6,10.111096764742356,7.945624780778307
22.066666666666663,11.399787083315868,34.97184999414254
11.566666666666666,24.174380673787596,27.416009268537163
10.95,1.116667,4.7
20.48333333333333,16.4,25.96
17.3,10.134591949757572,4.34
16.666666666666668,14.88333,8.41
22.316666666666663,10.13333,6.39
15.45,9.5,9.24
11.5,12.95,2.38
17.55,15.41312796104757,23.682773998456543
13.866666666666667,18.63333,5.89
15.5,12.21667,4.69
17.919280500253567,21.33333,33.82009650175693
15.783333333333331,15.164778990648516,6.5
20.766666666666666,10.85,6.44
10.483333333333333,6.916667,4.74
20.08333333333333,17.06667,7.67
22.8,12.15,19.26746625704458
14.816666666666666,20.48290543858262,27.81252091220813
11.316666666666666,4.383333,21.27
17.25,6.3,9.17
21.75,1.433333,12.05
20.3,1.733333,6.69
16.033333333333335,6.85,1.28
1.6166666666666671,14.53333,12.77
15.233333333333333,6.083333,4.52
15.75,1.4,11.61
23.066666666666663,2.033333,4.93
15.6,3.883333,3.19
4.383333333333333,5.116667,17.98
17.433333333333334,10.11667,28.627381174501497
19.466666666666665,18.36667,12.1
11.116666666666667,9.35,4.67
14.266666666666667,9.583333,11.47
22.4,2.6,11.0
18.83333333333333,11.411825287850192,2.34
13.2,0.1196300153868972,1.0306803623284213
16.566666666666666,15.36667,8.96
16.402106485632732,16.117051232818753,6.28
14.816666666666666,4.516667,7.61
19.78333333333333,5.3,39.12
19.03333333333333,4.45,7.1
2.0166666666666657,3.3,19.4
16.166666666666668,10.31667,6.03
16.7,9.916667,10.43
18.615459304311177,16.71667,12.6
15.583333333333334,1.583333,6.09
18.2,76.88682025468434,49.21
17.883333333333333,12.36667,1.83
16.033333333333335,10.2,4.21
1.8833333333333329,23.43333,15.03
20.5,14.35,2.3
21.9,15.26667,25.47
18.866666666666667,15.1,7.83
18.08333333333333,61.586138904804606,14.1
21.6,24.45,14.75
18.58333333333333,2.466667,1.35
14.75,29.17444953561894,4.920637564397417
17.583333333333332,16.13309742453509,14.88
20.383333333333333,8.3,18.88
14.65,9.416667,16.09
18.45,10.21667,6.02
17.533333333333335,13.66667,6.06
10.641713455587645,15.38333,6.39
14.933333333333334,8.016667,24.52
10.233333333333333,9.966667,2.367228204875719
17.883333333333333,18.2,6.58
21.959108254843642,14.45,19.706365778043402
15.15,11.296662455500487,6.98
18.98333333333333,9.133333,33.05
13.5,15.43333,1.53
11.316666666666666,2.4,39.64592078331392
20.516666666666666,38.40352874642217,6.73
20.516666666666666,12.785272482165462,1.73
15.683333333333334,10.082258177252031,8.54
0.33333333333333215,10.21667,7.31
20.516666666666666,14.418269243869121,4.84
15.633333333333333,15.43333,4.250518761159619
21.966666666666665,21.960531858251382,6.0267527532018725
21.78333333333333,16.46667,46.62336531816283
9.5,1.416667,13.79
22.883333333333333,14.31667,6.42
14.309061870288861,2.354799549592158,40.83
17.166666666666668,3.266667,16.31
17.833333333333332,10.56667,7.765157065689563
22.045699706811867,20.0,15.2
20.183333333333334,10.13333,10.86
14.0,8.266667,15.15
3.6999999999999993,10.2,22.123951094544026
18.9,10.05,13.35
19.716666666666665,14.83333,11.99
21.866666666666667,19.41667,6.68
15.45,12.58333,2.7180499064922334
16.616666666666667,5.966667,14.54
19.83333333333333,11.9,8.94
15.683333333333334,10.31667,6.36
18.866666666666667,1.583333,14.73
20.03333333333333,21.130094186121063,66.48403503516921
21.433333333333334,29.620246503768033,6.81
17.983333333333334,15.5,16.28
21.133333333333333,2.2364805214368464,1.06
17.6,14.78333,17.218452442293053
22.73333333333333,22.3,24.4159772507078
15.383333333333333,14.93333,3.58
18.683333333333334,17.78333,14.23
17.916666666666668,7.875259589024455,28.01
14.766666666666667,11.01667,4.98
22.83333333333333,19.08333,18.718324916961137
22.633333333333333,5.9501100509782345,12.249423454736824
20.066666666666663,18.14786678729672,12.33
21.78333333333333,16.11667,12.94
21.183333333333334,19.15,18.25
15.55,9.183333,17.39
22.4,5.266667,11.91
13.9,64.15,7.09
11.483333333333333,10.5,20.07
13.666666666666666,15.516789183227743,4.08
4.399999999999999,3.416667,0.7
20.966666666666665,12.274284053418622,4.34
20.133333333333333,13.95,9.32
19.2,4.116667,5.78
10.283333333333331,1.8,4.74
20.766666666666666,14.31667,23.28
21.58333333333333,14.98333,6.13
12.383333333333333,1.3,4.59
18.08333333333333,12.53333,3.2
17.7,16.81667,10.86
10.633333333333333,4.35,50.58788365443633
0.6591840499017643,15.78333,9.4
15.483333333333333,18.88333,7.56
19.3,32.33864235290345,16.775989396739753
15.291464627013678,0.9166667,4.78
20.566666666666663,0.95,6.73
21.25,14.91667,14.19
18.45,8.933333,28.459334369150458
18.55,13.41667,11.357554438759106
3.0429823717951265,18.4,1.62
23.133333333333333,63.4659517703929,6.76
13.25,2.966667,10.85
18.78333333333333,1.316667,5.82
16.233333333333334,2.623462476017472,3.36
19.03333333333333,2.010712747864446,5.21
19.383333333333333,11.93333,8.74
19.683333333333334,10.83333,23.843846538776997
16.466666666666665,22.88333,3.77
16.0,26.969613041362567,10.42
10.166666666666666,9.0,5.421227403862868
16.766666666666666,11.33333,7.59
9.087861441207254,13.028556681165748,5.01
0.2666666666666657,1.2,5.39
21.53333333333333,5.75,6.71
14.583333333333334,12.68333,11.47
21.73333333333333,15.48727502704891,16.91
23.683333333333334,12.86667,6.92
14.783333333333331,5.533333,4.36
17.366666666666667,8.758769847012164,18.88
22.25,16.88333,9.1
12.566666666666666,5.8,3.84
15.933333333333334,14.56667,24.15
21.016666666666666,14.96667,17.917419080894906
10.450285750483452,1.4698533558359728,2.4
16.2,2.366667,6.98
20.716666666666665,15.03333,8.0
21.866666666666667,6.7,3.96
18.266666666666666,9.383333,6.46
3.4499999999999993,19.31667,14.67
21.433333333333334,22.53333,9.79
18.2,6.85,10.98
17.833333333333332,22.4,13.54
10.5,14.134508611812509,9.7
22.58333333333333,86.20908032289347,15.47
3.8000000000000007,8.416667,14.929535114504397
20.98333333333333,15.6,26.34
20.366666666666667,1.85,1.09
13.783333333333331,13.8,6.79
22.95,14.71667,13.1
16.55,10.46667,15.274189785625785
17.383333333333333,18.6,11.81
15.766666666666667,0.6666667,1.083610242540017
19.166666666666668,15.48333,14.52
18.83333333333333,13.81667,5.15
16.55,5.966667,3.7231595735857264
18.58333333333333,14.4,6.73
3.9499999999999993,14.61667,11.587737234735396
1.8000000000000007,14.032020712693187,3.91
19.266666666666666,14.95,41.595557073703034
20.55,15.18333,5.89
17.4,1.016667,2.89
18.683333333333334,15.1,5.72
16.916666666666668,14.36667,6.96
18.683333333333334,22.427581995475297,8.69
17.55,8.191947290870342,9.96
15.95,1.483333,13.22
18.212584250037615,10.91667,16.56
22.75,13.8,14.02
22.366666666666667,0.9,9.17
21.166666666666668,0.4833333,1.25
22.094520420553454,12.86667,18.39
23.016666666666666,16.61667,3.82
15.85,12.48333,11.816505831279793
17.933333333333334,12.226707545364372,9.1
22.23333333333333,22.11667,61.65539772486547
15.916666666666666,2.383333,6.62
15.983333333333333,1.25,0.93
19.75,14.05,10.93
17.35,13.235521472024814,7.37
14.366666666666667,1.55,1.84
5.305002484071398,5.733333,18.654509471568744
20.23333333333333,21.6,11.26
19.1,17.16667,7.58
17.466666666666665,8.233333,6.03
21.98333333333333,14.83333,12.41
12.016666666666667,22.4,15.982973370833788
13.8,0.8166667,12.69
14.9,3.883333,5.05
23.1,18.143138821605284,15.19
19.566666666666663,16.156394903148257,24.15
15.433333333333334,41.81088412128871,2.67
12.916666666666666,2.487646165197463,8.26
0.14999999999999858,17.16667,22.42
16.133333333333333,5.583333,8.98
20.066666666666663,2.5,2.85
22.016666666666666,9.416667,41.47
16.6,5.6312360076232375,12.91
20.2,4.566667,5.07
1.8000000000000007,8.55,39.07
14.55,2.3778323854243646,12.17
16.95,19.8,47.39368858078029
14.75,10.507264079759233,3.54
13.1,10.349766447996245,3.61
20.7,23.96667,53.944992760424505
18.952096522804638,14.56667,26.81
15.616666666666667,1.466667,13.41
21.716666666666665,3.069382437360125,2.4
18.28333333333333,11.38333,4.02
22.616666666666667,13.2,13.77
14.1,13.75,13.82
0.31666666666666643,2.683333,51.587588647883386
11.483333333333333,13.46667,7.917120360203553
13.383333333333333,13.75,28.11
12.783333333333331,13.216682207392774,4.57
15.766666666666667,14.31667,5.75
21.883333333333333,1.833333,1.58
23.45,10.26667,6.18
10.3,14.6,24.507680837470108
21.428405966339536,11.91667,10.27
18.23333333333333,14.16667,17.32
12.016666666666667,4.6,4.08
10.716666666666669,6.5,9.03
0.01666666666666572,1.530774354405872,6.91
22.08333333333333,12.86667,9.4
22.48333333333333,2.566667,11.27
16.683333333333334,12.63333,20.427342327819208
18.5,6.85,3.82
20.1,6.933333,29.31337120232638
16.2,23.21667,21.84
15.633333333333333,0.35,0.71
2.025719853790843,8.961293507684264,39.148728063716554
20.45,9.0,16.24
18.15,12.35,14.94
3.2333333333333343,14.36667,12.41
18.15,7.55,8.46
19.75,13.183619525604072,12.25
17.533333333333335,11.43333,5.09
13.75,14.36667,8.2
18.866666666666667,0.6833333,3.06
14.25,10.3,4.24
19.433333333333334,0.4333333,3.21
12.25,1.85,4.56
20.25,1.4,2.59
19.3,7.233333,9.04
16.133333333333333,15.78333,37.45
14.533333333333331,0.45,3.03
10.65,0.4333333,3.46
19.561551339361174,18.35,15.51
17.416666666666668,37.913756375670935,17.69
6.866666666666667,13.733359815668024,24.673867266187447
19.33333333333333,16.2,5.49
20.133333333333333,19.8,8.32
18.716666666666665,9.033333,4.8
15.8,0.6833333,3.83
12.2,22.7,9.93
12.583333333333334,1.383333,11.71
22.78333333333333,12.02032754045165,9.46138289598981
21.48333333333333,10.6342757471942,5.8
0.43333333333333357,15.83333,8.53
14.466666666666669,14.41667,10.19
15.566666666666666,0.7666667,3.6
16.233333333333334,11.75,4.21
16.281389240357385,10.35,17.74
16.316666666666666,18.58333,28.412015814501792
17.6,6.95,11.44
20.383333333333333,20.85,11.265836298179346
21.25,8.683333,13.43
14.916666666666666,12.45,11.08
16.716666666666665,19.66667,7.33
11.883333333333333,115.76900111077715,7.54
18.4,4.85,7.82
20.73333333333333,6.55,13.78
14.266666666666667,2.583333,6.54
19.25,3.366667,14.19
20.35,10.655522641678717,21.44
16.45,9.05,3.15
18.55,8.083333,8.77
14.549659614834916,0.8163842547892604,1.56
19.183333333333334,1.65,5.53
14.966666666666669,12.85,4.46
10.633333333333333,1.816667,12.18
16.366666666666667,9.6,15.84
17.816666666666666,23.46667,12.29
18.316666666666663,16.46667,9.45
14.566666666666666,1.552116796469394,6.67
20.516666666666666,2.516667,5.29
16.55,1.85,1.24
18.766666666666666,14.15,23.9
14.966666666666669,12.7,12.32
19.45,2.45,22.564992801018523
22.1,1.016667,5.25
12.783333333333331,0.5,1.55
19.78333333333333,6.200948352260638,9.07
23.23333333333333,15.03333,16.54
15.866666666666667,13.4,7.76
17.35,7.116667,4.06
17.2,2.733333,4.64
11.433333333333334,7.883333,6.53
21.883333333333333,11.0,14.05
19.2,9.366667,11.39
15.533333333333331,19.95,6.79
19.35,21.76667,17.722085730454417
20.183333333333334,17.89469925571091,37.27
21.133333333333333,2.65,4.58
0.7833333333333314,2.116667,15.61
21.3,9.25,1.96
16.6,10.949161305945612,18.87
4.528700881613862,24.4,38.14
16.2,7.183333,29.869682940067726
20.383333333333333,87.99133568349853,8.9
2.25,34.7919476546674,14.67
20.4,10.45,9.57
14.183333333333334,10.757279754223793,14.81
19.53333333333333,8.983333,32.115994186368766
16.066666666666666,13.96667,3.56
21.466666666666665,17.71667,5.31
10.833333333333334,14.7,4.0
17.183333333333334,1.05,1.68
16.25,17.742215884927884,15.74
18.516666666666666,7.78647372186031,35.26761845784961
15.75,0.7904005835235982,21.04
8.783333333333333,1.7,3.28
15.25,2.233333,28.46
21.816666666666663,18.31667,25.43
19.85,1.183333,14.5
20.55,10.63791837027979,5.51
17.566666666666666,0.3833333,1.9508992935433052
12.066666666666666,0.3166667,2.42
19.78333333333333,18.36667,4.51
17.733333333333334,19.03333,2.07
17.15,1.75,1.62
23.816666666666663,5.466667,12.82
7.716882177393321,20.8,16.39
16.7,65.24033448586775,29.21
15.916666666666666,4.066667,6.19
13.016666666666667,19.819856966873765,4.2
4.466666666666669,4.9,21.448325791398528
18.916666666666668,13.5,44.6200411579758
16.233333333333334,2.833333,2.21
22.53333333333333,16.33333,28.44
17.6,22.558516879134757,1.62
18.016666666666666,14.35,13.17
16.866666666666667,14.43333,6.44
21.9,0.9449580023382161,10.17
17.8,16.26667,3.46
1.7833333333333314,10.85,9.06
17.35,16.21667,22.94
19.883333333333333,3.803711098037427,4.28
21.133333333333333,15.75,16.30344980046386
18.966666666666665,20.45038290042218,7.98
7.916666666666667,4.366667,6.72
4.296733207101838,37.35534148758824,21.61
22.016666666666666,10.96667,23.933460933372846
23.23333333333333,12.21667,8.99
18.15,1.15,4.26
22.1,13.91667,8.32
17.733333333333334,17.189151961871854,6.38
17.033333333333335,88.44330934938976,7.66
14.483333333333333,6.7,4.05
16.483333333333334,15.465027391100573,25.23
21.383333333333333,41.522420920866715,31.358038694576827
13.683333333333334,15.400579486155083,9.83
16.216666666666665,8.25,3.2
14.866666666666667,2.133333,4.97
23.266666666666666,21.61667,21.21
12.416666666666666,12.33333,11.44
13.966666666666669,15.469386400688714,4.74
15.15,14.91667,4.47
16.05,14.935649724204676,7.267768047398421
18.90764436658889,12.28333,14.77
15.716666666666669,8.983333,14.3
13.383333333333333,20.51667,18.92
14.116666666666667,11.353919031008983,4.34
18.383333333333333,10.71667,17.43
22.78333333333333,15.592144898115166,6.66
20.3,9.0,6.39
15.066666666666666,4.483333,62.22200203930726
12.935030254915183,1.39000138127407,3.41
11.163668511922879,4.85,9.96
16.8,17.85,19.496532247511205
14.4,4.933333,3.69
15.266666666666667,1.9,1.7
11.316666666666666,18.03333,4.3243153319717385
9.133333333333333,6.516667,5.79
11.8,1.9527417388824853,3.23
17.3,12.55,9.13
20.216666666666665,11.74401715825188,33.02
16.85,32.91255389880939,5.05
19.516666666666666,21.48333,8.44
20.44037428972903,7.7,7.95
20.766666666666666,1.216667,5.4
11.066666666666666,11.0,16.81
19.5,9.65,8.72
16.95,13.05256854104548,20.54
21.883333333333333,0.3333333,1.03
15.316666666666666,7.516667,12.56
10.396499818255446,7.016667,3.25
21.366666666666667,5.0225,4.8
17.283333333333335,5.316667,14.06
20.016666666666666,14.816339607653443,7.5
9.883333333333333,1.933333,5.27
15.05,11.11667,7.2
16.683333333333334,11.58333,30.63
16.15,14.36667,52.16
21.85,27.83333,8.47
19.383333333333333,5.633333,3.09
19.3,21.08333,46.75716762022115
16.9,25.566243430799194,9.29
21.28333333333333,19.13333,5.03
20.2,18.15,6.08
17.533333333333335,12.63333,41.34616416417994
20.183333333333334,10.15,44.69280384580977
18.116666666666667,16.63333,7.69
4.383333333333333,13.68333,19.5
0.0,17.55,31.395520953820085
18.65,3.3268743560341436,20.66
16.716666666666665,14.4,9.31
14.216666666666669,14.01667,28.044334529037588
15.183333333333334,23.810175364689222,8.26
18.35,21.726249865305565,5.54
1.1166666666666671,18.68333,6.68
17.366666666666667,2.3393697362840307,9.76
21.55,13.7,4.37
15.666666666666666,1.15,7.06
20.1,4.066667,11.539186779495793
0.6833333333333336,11.9,42.440360283821356
16.966666666666665,1.85,6.649955439399928
14.966666666666669,0.5166667,4.84
23.41610970497083,0.8833333,5.02
14.816666666666666,16.88333,24.810968940772582
17.866666666666667,1.219918321939257,5.03
0.35057412339423166,19.51667,27.18
14.8,14.668782640088722,7.16
18.683333333333334,13.78333,10.95
18.85,7.766667,5.36
14.85,12.35,10.06
22.95,10.45,6.57
15.8,19.13333,7.22
13.5,15.55,3.42
15.516666666666667,18.53333,4.35
15.966666666666669,9.633333,9.81
19.183333333333334,3.5,16.65
23.133333333333333,7.647802571969429,26.73
18.116666666666667,19.097742486074587,4.66
18.08333333333333,12.295,6.5
16.8,0.9640798236851158,0.72
16.083333333333332,16.16667,21.639434510155116
18.616666666666667,3.55,19.599091420082843
19.23333333333333,37.70327759041675,11.69
21.03333333333333,15.263242226794942,32.03
10.633333333333333,1.6671555144294363,16.44
9.6,7.05949473904012,4.843951479201205
17.3,13.25,18.045409705720378
13.083333333333334,19.55,3.7584469179389997
14.933333333333334,1.283333,4.7
12.416666666666666,19.108448639200386,14.36
20.83333333333333,4.121857616714537,4.12
14.266666666666667,1.633333,9.97
22.216666666666665,0.9833333,12.02
15.9,0.7833333,7.41
19.55,19.93333,10.837723750700242
19.416666666666668,24.204368086987298,8.99
18.5,2.9,32.580456928247585
10.066666666666666,1.883333,4.61
19.666666666666668,24.440461919011263,12.793517956288996
17.3,4.383914139497715,5.32
15.2,25.369740984849766,17.7478253368102
13.833333333333334,10.5,9.39
19.866666666666667,11.81667,17.48
23.316666666666663,16.33333,36.129945056024006
10.066666666666666,0.9833333,3.68
15.166666666666666,10.271121287613461,3.9704881510743872
19.883333333333333,14.55,2.38
12.5,3.6048750324949124,15.55
17.15,16.68333,6.642686840371229
11.966666666666669,2.1,4.76
20.73333333333333,22.18333,14.92
12.731580775965995,10.41667,7.48
17.666666666666668,2.916667,2.35
17.2,7.9,4.2
16.1,14.49112022149172,10.72
13.316666666666666,4.933333,7.4
14.3,9.85,6.46
16.433333333333334,7.346310623251477,10.03
15.666666666666666,11.41667,15.95
15.633333333333333,1.033333,17.49
19.53333333333333,1.066667,1.43
22.716666666666665,13.85,67.78616262414027
18.2,0.8145468096172798,2.59
17.333333333333332,5.466667,56.39239121483173
19.35,19.16690779356716,7.46
20.933333333333334,15.13333,14.673035382831003
15.333333333333334,8.297968657084507,6.73
11.833333333333334,8.583333,6.01
17.9,9.795336225128324,4.36
20.33333333333333,11.65,7.18
20.666666666666668,9.636186702668473,8.99
12.1386834194452,0.9333333,5.17
11.85,14.45,15.33
20.516666666666666,8.283333,7.95
17.983333333333334,3.833333,3.59
17.55,3.365538948391261,5.46
19.116666666666667,31.36096408299318,21.29
17.666666666666668,10.01667,3.04
17.6,61.49499365343565,6.98
14.35,6.3178649063992385,8.27
16.25,15.21667,3.89
20.383333333333333,16.66704200075394,12.31
16.883333333333333,4.133333,6.500411004480906
22.516666666666666,15.28333,27.991563141471705
18.05,15.36667,4.79
3.659005716889805,2.1921456195322606,36.547078173232734
20.766666666666666,14.25,19.76
18.73333333333333,20.6,22.958297905721704
13.5,1.8162309800822776,2.98
14.666666666666666,14.58333,17.26
13.85,20.45,12.67
16.516666666666666,0.2166667,0.93
18.1,2.5905716337614377,18.1
0.11666666666666714,14.231115112882541,27.49
13.25,24.017465727157553,26.0
16.766666666666666,9.516667,14.366331473512108
17.583333333333332,24.9,3.47
15.683333333333334,16.92972934044457,2.86
14.3,13.36667,16.65
13.85,14.48333,13.77
16.733333333333334,15.65,14.47
21.6,13.01517027620246,32.46919267257675
21.03333333333333,8.566667,8.14
18.9,15.58333,24.25
22.116666666666667,12.83333,17.23
20.183333333333334,12.31667,27.13
21.116666666666667,12.58333,46.03470584483817
7.816666666666666,14.05,8.27
17.05,66.0832696661898,7.67
14.55,0.8666667,9.52
12.252467945269018,11.8,15.89966223733034
20.35,6.1,11.01
21.383333333333333,22.18333,16.5
3.8000000000000007,9.433333,14.410041998182423
16.616666666666667,7.95,10.6723399580596
22.966666666666665,7.883333,4.49
11.626320533683852,3.433333,16.57
17.333333333333332,9.45,14.16
12.566666666666666,12.6,9.86
15.333333333333334,2.283333,3.83
17.3,6.85,7.721872247182764
21.3,21.5,32.317358867623845
12.866666666666667,1.466667,1.67
19.5,18.03333,24.614651642336977
13.7,19.65,14.21
16.7,13.68333,6.14
19.683333333333334,3.983333,5.19
9.916666666666666,9.583333,5.84
20.266666666666666,43.71138707823229,19.34
23.35,13.11667,8.06
16.1,9.35,14.84
20.316666666666663,38.214988220364276,21.04
16.766666666666666,20.96622485682549,15.1
9.333333333333334,10.21667,8.51
20.98333333333333,18.11667,7.54
16.033333333333335,4.816667,22.03
15.733333333333333,3.683333,3.99
13.533333333333331,11.669099391156266,5.11
16.433333333333334,16.81667,2.37
17.066666666666666,1.416667,5.54
18.23333333333333,6.933333,7.26
0.5833333333333321,15.61667,34.57089406161802
19.53333333333333,22.144142191922153,6.24
12.35,9.783333,6.53
20.28333333333333,16.36667,5.15
17.683333333333334,8.616667,7.25
17.983333333333334,18.307044477365864,22.18
16.966666666666665,14.71667,6.48
20.5,9.916667,7.51
17.733333333333334,15.21667,2.25
15.366666666666667,15.98333,4.15
14.95,23.061938587489152,13.57
0.75,13.283016063110752,16.573498647978994
15.816666666666666,4.332509756437579,4.44
10.316666666666666,0.9333333,14.086409058759454
8.866666666666667,3.7766991671270715,24.121262379423715
4.550000000000001,12.76667,6.97
11.566666666666666,2.1308775657738845,11.77
18.183333333333334,14.45,9.95
21.4,5.427869895017291,11.0
15.433333333333334,14.883771969392596,23.09
21.95,2.616667,3.625573079250753
20.6,50.71498291616998,12.96
23.73333333333333,14.33333,8.08
18.866666666666667,26.0,34.92
22.016666666666666,12.18333,13.96
11.066666666666666,2.65,12.97
15.733333333333333,22.51667,11.32
16.783333333333335,2.7,12.396446378913243
16.316666666666666,25.81315219211693,18.92
15.316666666666666,14.5,6.57
15.65,14.4,49.22368852687068
15.666666666666666,16.68333,5.61
17.5,16.86667,25.49
19.416666666666668,13.83333,26.181053637198637
17.516666666666666,1.8458172959311203,5.96
10.95,0.5,5.06
1.25,16.13333,11.98
19.433333333333334,21.48333,6.91
21.28333333333333,13.71667,17.94
20.85,5.95,11.41
0.8666666666666671,11.01667,6.87
16.95,12.65,7.08
11.066666666666666,15.15,10.534966685702091
17.95,14.13333,20.61
15.383333333333333,11.18333,2.16
19.08333333333333,14.06667,9.05
17.933333333333334,14.26667,18.65
16.616666666666667,17.05,4.48
0.13333333333333286,13.58333,9.15
21.616666666666667,16.58333,17.9
13.766666666666667,35.60340186773137,7.26
16.466666666666665,13.86667,20.195742277407554
17.8,10.26667,4.03
16.0,2.5145161415532304,5.9
16.233333333333334,14.51667,6.24
10.366666666666667,3.283333,2.8
13.4,16.58333,18.1
22.316666666666663,3.233333,6.16
18.009748970234554,1.35,4.7
22.83333333333333,12.86667,10.02
11.45,17.05,4.97
14.316666666666666,3.3,9.92
17.916666666666668,2.9366328767169967,1.7
17.65,14.26667,12.03
9.95129243198753,2.966667,5.14
18.3,9.483333,6.91
16.266666666666666,0.5333333,2.0
13.8,29.16455037433849,3.7
18.366666666666667,9.166667,6.45
19.75,16.93460688576097,14.970363191999496
2.1999999999999993,4.307359422637305,5.98
10.106776138286902,1.816667,12.28
15.1,15.4,7.83
15.966666666666669,0.35,0.95
21.316666666666663,16.55,8.88
20.383333333333333,22.018001938291874,23.179900313769465
15.766666666666667,18.69592874834052,17.268873515343294
9.583333333333334,2.433333,4.61
16.8,18.08333,6.78
16.992227894852114,11.502707673769656,9.43
19.416666666666668,1.481111,9.46
21.266666666666666,15.5,6.6
21.03333333333333,14.58333,16.62
17.0,0.6176612751887142,2.05
21.416666666666668,21.474979923915072,34.031195829062256
23.8,25.526737102804987,45.38954531700816
13.316666666666666,19.75,26.0
5.616666666666667,32.0706473349919,9.6
1.3166666666666664,24.03333,11.55
13.383333333333333,1.35,4.52
18.48333333333333,6.75,4.204472334098536
23.05,19.4,11.29
18.866666666666667,16.930695259293877,15.51
17.9,11.95,35.0
10.366666666666667,6.916667,8.42
4.550000000000001,1.733333,20.5661032000836
22.98333333333333,15.53333,7.1
18.58333333333333,8.15,14.92
15.5,13.264788145478235,2.88
23.266666666666666,19.15,10.86
8.15,13.487841735500718,29.21
17.316666666666666,51.66371373445739,12.434214822428766
16.6,21.11667,10.616784661626443
16.783333333333335,6.083333,9.3
10.016666666666667,5.233333,4.67
19.766666666666666,16.48333,12.95
16.333333333333332,42.21941724188531,10.7
16.416666666666668,14.58333,22.880068665135184
19.266666666666666,0.6333333,1.45
16.616666666666667,13.43333,7.92
19.2,12.16667,3.92
16.916666666666668,14.73402734353122,7.754729944891296
20.216666666666665,61.58936909860706,5.53
19.45,12.4,22.87
17.283333333333335,18.557853251369202,13.53
18.95,18.58333,8.91
16.283333333333335,1.616667,1.75
21.1,16.91667,32.04
17.116666666666667,9.033333,12.94
0.01666666666666572,7.583333,44.96968904629815
0.01666666666666572,12.529667141348707,23.988537204226013
18.916666666666668,19.53333,25.870106073427014
20.016666666666666,11.465605679442435,17.67
20.53333333333333,6.237077966714398,17.781924635996113
22.7,18.01667,60.76409612774849
10.766666666666667,12.35,11.34
14.566666666666666,6.383333,5.962074250143487
17.866666666666667,13.897597367909151,28.58
19.466666666666665,1.483333,4.01
18.53333333333333,1.933333,2.52
14.316666666666666,11.887762988065651,12.528731631974223
18.6,15.16667,12.13
22.0,9.516667,9.91
14.533333333333331,12.66667,21.23
15.933333333333334,23.9,17.570170441295485
20.866666666666667,14.76667,9.73
18.65,4.45,15.04
18.516666666666666,7.316667,9.05
3.7891692909688572,11.43333,1.32
15.083333333333334,5.0,6.7
21.7,10.65,9.5
23.05,39.558838991275934,9.48
17.766666666666666,9.333333,15.21
20.83333333333333,12.43333,7.73
16.766666666666666,10.83333,28.442048310115933
22.53333333333333,4.6,3.74
15.6,2.683333,8.36
22.949475887717078,18.351534281970395,23.59
20.433333333333334,38.29527444298784,19.224075785814783
15.433333333333334,3.366667,5.16
8.0,81.54363589724362,9.68
17.533333333333335,15.06667,8.3
19.166666666666668,13.63333,16.69
17.883333333333333,14.4,8.18
17.966666666666665,13.0,4.96
0.8166666666666664,0.4666667,6.8
16.116666666666667,5.166667,5.51
18.95,2.55,8.343726454188582
19.55,3.1,9.71
18.08333333333333,1.083333,1.506552133357618
16.033333333333335,3.783333,16.3
15.5,21.0,22.23
19.133333333333333,11.11667,18.695147741814143
17.3,2.533333,2.95
16.7,18.61667,4.68
20.266666666666666,13.08333,27.77888118701056
17.15,8.833333,9.23
23.433333333333334,10.21667,9.65
19.683333333333334,21.05,7.71
23.58333333333333,17.66667,4.57
10.833333333333334,0.2,1.5
23.15,11.66667,14.22
12.183333333333334,23.61837608717235,5.923657642679754
19.95,11.83333,4.95
15.083333333333334,15.61667,11.679718697965145
18.766666666666666,10.2,6.45266152729746
14.033333333333331,11.353275326638942,25.486695695579982
20.0,3.6132484391121746,47.85644178807037
18.58333333333333,16.61667,14.05
18.966666666666665,0.18667885986072294,0.68
22.066666666666663,1.9535845348533265,48.85807558194501
16.9,22.88333,18.17
23.28333333333333,18.97768996391604,33.63
23.48333333333333,19.51667,19.86
21.416666666666668,14.73333,33.86750419059768
21.366666666666667,4.778329577634279,5.77
20.516666666666666,1.583333,4.63
17.383333333333333,19.83333,28.018645785045813
20.116666666666667,15.43333,10.08
15.883333333333333,4.456093742138343,16.5
14.883333333333333,16.18333,17.84547763300361
12.866666666666667,4.6810577187945155,14.54
18.65,5.933333,6.68
22.05,11.45,8.69
20.53333333333333,11.04933225209417,16.88
15.633333333333333,22.4,7.14
11.383333333333333,14.8,7.99
16.966666666666665,0.9333333,8.53
18.266666666666666,6.15,13.353652246231213
16.033333333333335,16.33333,2.16
14.166666666666666,0.7007883457596514,3.73
18.8,12.33333,6.96
15.183333333333334,23.43333,3.29
1.0500000000000007,18.5,50.47
16.05,34.753390940180836,15.25
18.433333333333334,13.28333,21.5
18.183333333333334,18.58333,15.28
12.166666666666666,2.716667,4.97
16.766666666666666,23.893601159653443,13.35
15.8,1.15,32.92124321156647
12.883333333333333,14.95,16.75
10.999379807525838,12.48333,14.54
12.483333333333333,4.866667,8.17
9.583333333333334,44.485666565834634,13.62
23.1,3.3,9.88
13.966666666666669,15.08333,9.94
19.65,17.68333,9.97
17.566666666666666,14.318143631172704,14.11
21.85,2.833333,19.15
13.5,3.883333,3.38
13.1,5.584886748122512,4.03
15.183333333333334,1.4132668873911407,3.86
19.35,19.46667,2.67
21.1,22.25,7.42
13.824603025737936,16.73333,5.56
17.433333333333334,3.9332283867046764,7.33
23.216666666666665,13.41667,15.11
1.0166666666666657,2.833333,14.94
19.25,13.35,25.75
9.45,0.6833333,6.64
21.016666666666666,11.31667,25.061421911146024
11.666666666666666,11.728209494879824,9.63
22.366666666666667,4.600310268255823,4.45
15.816666666666666,14.88333,18.48
18.58333333333333,16.5,3.7375168508070056
12.534283054762149,13.41667,21.65
20.98333333333333,6.566667,6.61
14.3,19.26667,30.308759830635974
17.15,3.8996785302249797,17.9
19.216666666666665,19.48333,16.1
18.73333333333333,4.066667,3.16
16.233333333333334,13.15,7.39
11.583333333333334,11.372381655884457,24.882564782912375
22.6,72.11627700541908,7.97
21.53333333333333,10.7,14.389530684384518
22.916666666666668,15.91667,15.45
15.083333333333334,4.744349458089277,6.74
22.5,6.410032960349177,10.850333384183235
19.433333333333334,18.2,25.08
17.95,10.42962682303066,6.76
16.0,4.6,4.08
21.716666666666665,15.9,11.874721896473783
5.016666666666666,15.48333,31.817015511486677
16.616666666666667,14.297497958546735,23.82
11.257541538678439,11.33333,10.32
18.366666666666667,1.3,3.9
15.55,3.5,3.11
22.23333333333333,14.05,10.13
12.316666666666666,21.1,9.24
15.533333333333331,9.966667,21.312822730957997
13.65,8.624660016756915,6.9
15.466666666666669,9.716667,3.76
16.266666666666666,13.38333,4.52
19.466666666666665,15.3,8.06
21.48333333333333,11.31667,15.15
23.4,12.445949493009843,13.41
16.2,2.283333,12.613085916584822
23.45,13.713750965662891,3.17
22.166666666666668,20.91667,13.07
16.566666666666666,24.181399703877208,2.65
21.73333333333333,5.1,13.85
7.75,22.58333,2.346242925846018
21.816666666666663,2.1,15.89
17.816666666666666,2.483333,7.12
17.483333333333334,0.4188365982049518,1.57
13.266666666666667,3.307328547852873,10.42
21.33333333333333,10.13333,3.77
19.7,1.3,2.351164756831713
16.4,3.6,7.28
13.416666666666666,2.4,9.51
17.583333333333332,14.35,4.65
23.83333333333333,3.383333,7.02
17.85,3.566667,7.05
15.816666666666666,2.444909981941766,4.87
18.1,89.86288030027569,57.94791369386716
19.9,2.1,8.86
13.916666666666666,5.966667,5.645864162952639
21.883333333333333,15.2,5.27
11.983333333333333,21.31667,3.72
21.15,14.46667,10.66
21.3,8.876068483159143,6.97
20.1,19.95,15.3
10.716666666666669,3.566667,4.7
14.966666666666669,8.5,43.15393230406568
15.866666666666667,13.1,20.57
18.883333333333333,19.23298697944546,17.99
17.583333333333332,12.757279680322753,7.61
23.466666666666665,22.15,36.383905590446666
14.516666666666667,8.35,36.409432615819384
17.283333333333335,9.34903540016174,9.75
22.33333333333333,13.26667,9.7
13.533333333333331,14.43333,5.84
12.916666666666666,3.9,5.65
0.8166666666666664,14.6,4.32
18.2,2.283333,5.3
15.2,14.31667,14.08
16.033333333333335,3.166667,13.74
21.916666666666668,0.95,2.0
19.45,13.61667,27.44636596702272
17.833333333333332,16.578470522504073,9.72
18.5,8.05,8.744553317374084
4.050000000000001,2.9933328880597503,13.395040319035761
15.683333333333334,6.616667,2.38
11.22098764480955,14.56667,18.2
16.7,2.433333,2.94
11.183333333333334,15.01667,20.28
19.716666666666665,0.48326876664756746,0.85
19.83333333333333,20.73333,4.36
8.466666666666667,10.48333,16.51
19.766666666666666,5.116667,40.41
22.83333333333333,17.8,19.68
17.016666666666666,2.7587200354946297,12.63
21.416666666666668,17.1417782515033,4.96
21.85,0.6833333,4.02
19.55,15.03333,7.45
15.2,13.289829229048475,2.59
18.016666666666666,13.23333,4.89
10.383333333333333,1.55,2.01
20.883333333333333,9.583333,2.51
18.566666666666663,10.56667,6.55
1.2333333333333343,14.476013282362798,27.88818936037831
23.883333333333333,37.497632565039304,7.84
22.716666666666665,2.15,0.7138127600727603
17.7,13.70786247041853,11.73
14.466666666666669,12.75,7.65
22.266666666666666,10.35,20.070470095556228
13.216666666666669,2.010356620424594,43.05620692408644
17.95,11.05,16.32
17.25,15.26667,10.95
21.016666666666666,12.65,11.85
17.1,0.4166667,1.68
17.433333333333334,9.016667,8.938506912554148
17.283333333333335,14.58333,11.46
22.666666666666668,15.86667,12.75
15.25,2.233333,8.16
23.066666666666663,71.11877101458644,24.974443850792014
12.533333333333331,0.4667305802937304,3.82
12.233333333333333,16.7,11.17
16.216666666666665,14.45,6.74
15.766666666666667,1.950311243132937,4.61
0.6000000000000014,23.44113961487314,35.93225774344988
10.316666666666666,0.9833333,9.33
12.9,22.138497785821055,6.88
22.1,12.8,7.32
16.583333333333332,67.49532927530771,26.690305744803045
15.85,13.21667,1.83
16.616666666666667,18.302589862718627,4.67
17.0,11.352776098642149,19.323386277779935
18.85,21.91667,1.3
9.983333333333333,38.302610737448504,16.59
22.866666666666667,13.78333,8.063707294461784
21.78333333333333,5.45,37.76723685114644
13.2,3.4641804893432027,9.63
0.752995230642167,22.74238985194049,24.71070304313209
23.216666666666665,12.5,11.09
16.316666666666666,9.983333,6.09
23.466666666666665,14.23333,11.87
7.9,1.183333,24.39
11.95,6.333333,4.33
0.14999999999999858,2.420656241273416,4.97
19.516666666666666,2.883333,31.90411860762164
23.683333333333334,89.61926415186598,11.45
16.066666666666666,3.5,10.63
20.5,3.733333,4.68
19.266666666666666,5.233333,7.07
12.766666666666667,3.1,3.64
10.6,14.43333,6.69
13.433333333333334,14.11667,4.12
16.966666666666665,93.5933001992027,8.45
23.49901003784762,15.61667,5.16
19.433333333333334,12.078517540480863,31.40712263270747
16.033333333333335,22.275275931787377,7.05
20.433333333333334,18.48333,5.42
15.583333333333334,9.166667,3.98
22.516666666666666,12.03372125225445,13.3
2.2166666666666686,12.962041814796958,13.88
14.666666666666666,11.783237088286818,5.04
18.55,8.916667,3.85
15.233333333333333,12.83333,5.38
17.933333333333334,10.435195662291342,7.07
7.5,0.2166667,1.28
20.433333333333334,17.7,3.5
16.5,18.57236696538769,13.841857913515996
13.05,12.274592126281796,10.59
21.28333333333333,1.85,26.13
14.533333333333331,1.65,3.0842356095300056
19.33333333333333,6.7,3.373543374084402
14.866666666666667,14.11667,5.0
16.433333333333334,20.88333,5.93
14.866666666666667,14.15,17.34
21.816666666666663,15.999457121670641,41.18547435437562
3.5034654697611884,2.1212746487396954,8.39
17.666666666666668,1.066667,0.96
16.033333333333335,11.68333,15.13
16.883333333333333,1.466667,2.47
18.715404688249205,91.57931701403864,11.18
16.766666666666666,12.38333,5.98
16.792692348248966,15.2,8.23
22.65,17.133475275987248,18.89
16.45,1.966667,9.27
16.65,13.55,4.07
19.9,15.6,20.41
16.466666666666665,3.166667,6.8
13.666666666666666,18.18333,7.23
23.433333333333334,15.3,32.44
18.366666666666667,3.716667,4.78
18.966666666666665,14.08333,7.17
15.1,1.533333,8.16
21.58333333333333,4.25,3.55
18.05,2.783333,5.94
2.833333333333332,4.166667,10.39
14.533333333333331,2.4,0.96
1.2833333333333314,39.7955095936068,11.863104190293233
16.483333333333334,10.133204198817195,6.34
17.9,5.319446005317247,71.81314804670633
0.4499999999999993,3.083333,6.07
21.133333333333333,2.833333,20.764736772952602
21.466666666666665,22.255620936711686,6.89
17.25,13.96667,19.83
15.7,14.238665805439654,12.92
0.8333333333333321,1.733333,18.51
1.6970823488125468,10.93333,9.79
15.483333333333333,1.183333,5.07
14.8,30.02723426810336,19.863881706192625
4.183333333333334,2.522191684981353,8.3
23.98333333333333,12.83333,3.48
12.296499924623156,15.05,6.5
17.083333333333332,12.26667,2.41
12.766666666666667,9.866667,8.39
10.15,16.667789316996327,3.92
20.433333333333334,6.380659506951175,31.67
20.616666666666667,1.1178285756315194,15.62
15.9,15.316872976893778,12.79
16.016666666666666,0.2333333,2.02
20.35,6.033333,48.93056986639509
15.25,12.8,15.13
17.833333333333332,2.216667,0.77
17.933333333333334,1.7246566375187076,3.81
17.3,1.25,27.34
22.016666666666666,1.166667,4.63
9.233333333333333,3.133333,16.13
18.32722881398464,15.16667,19.99
17.316666666666666,11.7,37.50978472242597
16.7,1.9,9.35
21.85,13.8,31.253205669336023
14.416666666666666,2.933333,12.21
14.516666666666667,14.38333,12.39
21.65,15.2,3.95
17.616666666666667,2.3,9.348995625737588
0.25,33.420769802025134,16.57
14.466666666666669,3.0238955566007526,39.06531501681311
0.16886264681670582,20.91514294470293,8.14
21.65,2.466667,0.61
14.133333333333333,12.43333,16.46
11.933333333333334,13.95,13.37
14.15,14.481806645507396,3.79
16.716666666666665,10.57148501834103,4.96
15.916666666666666,18.330019534957597,4.61
20.016666666666666,1.966667,7.42
17.933333333333334,19.333014182531603,1.48
21.7,17.86667,16.55
16.816666666666666,1.816667,2.32
18.816666666666663,22.13333,18.99
14.633333333333333,4.733333,11.479219523661305
15.483333333333333,6.55,7.29
21.4016810467782,13.4,4.631973388066981
13.433333333333334,7.6,6.94
22.883333333333333,18.23333,5.98
19.166666666666668,14.93333,38.45
19.446689579810965,23.83333,10.6
21.8,17.566109710874795,6.7
19.48333333333333,4.983333,3.24
20.366666666666667,20.65,6.29
14.24371714117733,19.26667,17.29
4.183333333333334,5.25,2.27
17.066666666666666,1.1,3.99
18.316666666666663,11.76667,11.55
15.6,6.7,4.65
11.283333333333331,1.916667,5.53
16.35,1.85,5.58
16.95,16.35280604831124,7.88
16.316666666666666,15.58447638235393,13.72
19.65,9.983333,12.79
13.733333333333333,14.75,17.47
14.516666666666667,2.9872429951189043,4.61
9.65,2.0,4.49
20.433333333333334,19.55,3.38
17.566666666666666,10.21667,18.404552405015565
22.683333333333334,4.116667,5.69
13.683333333333334,15.372703675955139,10.56
16.8,9.833333,1.93
13.983333333333333,8.183333,6.17
17.466666666666665,21.25,14.85380287437234
20.766666666666666,3.683333,4.73
19.683333333333334,15.78333,5.11
16.916666666666668,11.188002146884894,34.23
14.833333333333334,12.23333,24.04
21.05,14.53333,10.31
16.15,1.130521682559548,5.04
12.766666666666667,37.934585829821636,4.7
20.666666666666668,16.047803815861915,8.32
11.983333333333333,17.35,10.72
15.2,15.83333,7.82
16.466666666666665,0.5666667,14.29
23.4,5.316667,31.42
10.837662557802105,2.016667,10.03
19.7,3.45,26.848148799878548
19.816666666666663,15.875607428601109,6.32
8.133333333333333,0.3566384587663247,8.31
15.816666666666666,19.04567593109762,2.05
18.433333333333334,3.05,2.49
17.333333333333332,15.2,11.22
15.683333333333334,3.633333,24.54
18.73333333333333,0.5333333,0.73
3.7166666666666686,3.683333,6.12
21.016666666666666,11.08333,17.55
19.316666666666663,6.033333,15.1
18.6,11.68333,14.81
23.816666666666663,1.383333,1.54
17.35,14.68333,8.44
20.58333333333333,3.399910982597511,6.66
13.25,109.53190751524177,4.74
15.266666666666667,14.16667,28.191656868963037
15.65,1.916667,4.51
18.48333333333333,17.2785653976934,7.73
17.5,11.36667,14.4
19.23333333333333,7.26671899893501,16.05
11.9,17.66667,6.033036619890481
16.266666666666666,10.15,13.756284366364126
21.066666666666663,16.48333,6.08
21.666666666666668,1.9552192236257495,2.36
4.355269917153542,13.61667,27.81
15.583333333333334,16.15,5.56
11.066666666666666,11.78333,3.3
15.15,1.366667,3.84
18.48333333333333,37.85782880063545,8.88
16.216666666666665,2.783333,8.6
15.933333333333334,15.864678327583931,8.34
19.066666666666663,5.333333,15.96
8.916666666666666,13.78333,3.37
22.35,2.4,17.00356636563549
20.08333333333333,19.138247110704704,7.44
1.2790563922787719,14.01667,12.94
3.0333333333333314,13.573531064176006,10.68
18.516666666666666,18.7,8.55
16.5,21.21667,8.97
19.766666666666666,3.9218220373606503,21.06999684841372
18.15,12.26667,16.09
22.466666666666665,8.760260996591555,4.2
23.55,12.691222682194915,9.64
17.816666666666666,3.45,4.64
23.633333333333333,14.730186894480118,4.45
17.266666666666666,18.03333,50.44469700866612
18.73333333333333,9.566667,11.36
16.116666666666667,5.75,4.15
20.816666666666663,21.75,15.34
22.633333333333333,2.4207891499445378,21.64
15.083333333333334,11.1,4.88
5.183333333333334,3.15,2.78
16.916666666666668,3.283333,8.79
12.4,6.4,5.85
16.966666666666665,15.100309986822223,5.55
19.3,6.4,9.36
23.666666666666668,18.08333,7.07
0.25,17.82583196476101,10.05
15.216666666666669,7.687003576568226,2.56
6.7849616962354045,1.366667,14.44
21.732693926973052,18.4,10.851191514081322
15.1,14.78333,6.200284231910482
20.65,12.950352808554868,8.78
20.866666666666667,16.16667,8.37
7.833333333333333,10.03333,3.57
15.533333333333331,18.29822003007238,1.96
11.416666666666666,12.21667,8.34
18.616666666666667,2.966667,8.52
21.78333333333333,23.945359626898345,18.09314625643892
23.316666666666663,21.28333,20.91
13.483333333333333,19.538213262087073,6.26
17.133333333333333,16.81667,7.7
16.666666666666668,20.68333,13.31
22.33333333333333,18.5,6.752281637606211
16.466666666666665,23.97257882344226,12.87
11.766666666666667,11.53333,7.114950430501253
15.183333333333334,14.068043087108425,13.3
14.133333333333333,11.7,2.5347170428931713
2.833333333333332,14.03333,49.99623025979381
15.933333333333334,10.755415378195242,19.74
17.051113036283155,15.33333,15.54
14.616666666666667,5.183333,7.6
18.75,4.6,10.389346769147087
15.116666666666667,14.15,0.78
4.833333333333332,15.81667,12.66
17.3,5.033333,8.44
14.183333333333334,0.95,20.249939596513286
21.28333333333333,6.85,4.7
17.533333333333335,16.28333,16.68
2.1833333333333336,5.166667,10.28793342334684
16.5,10.2,5.25
11.266666666666667,1.316667,4.9
16.3,5.0815954873260845,12.78
20.55,2.85,6.64
23.28333333333333,25.38333,17.93
9.633333333333333,1.516667,1.93
17.516666666666666,13.066309163451745,1.09
16.033333333333335,22.988384323351852,9.431403913344257
17.333333333333332,3.333333,5.0044455693918275
22.0,67.2026627283618,6.32
16.5,18.56667,6.34
19.1,12.61667,3.77
15.65,14.61667,32.32
17.083333333333332,17.45,15.35
18.85,18.7,16.93
7.7177806389843076,10.41667,6.96
14.883333333333333,20.61667,17.64
9.858173184886983,16.98333,27.19
22.5,8.791117050718318,8.78
17.016666666666666,80.8213476421982,31.823988909884353
20.0,62.6,6.1
16.2,1.4,1.95
17.516666666666666,2.416667,19.4
20.716666666666665,10.558371029482421,2.52
16.85,18.488221208756485,14.72
2.9128407847975417,3.166667,7.47
21.883333333333333,14.71667,17.6
16.8,11.61667,4.63
20.78333333333333,1.8,27.29
18.916666666666668,1.7,12.62
19.816666666666663,14.4,14.06
18.466666666666665,9.916667,7.03
16.116666666666667,16.76667,4.382966367005138
19.9,17.56667,21.5
17.416666666666668,6.383333,31.052365851029755
20.28333333333333,41.76817174496164,7.51
21.916666666666668,31.28988803751882,4.31
12.533333333333331,2.166667,7.58
16.366666666666667,18.75,11.14
17.966666666666665,9.583333,7.1022902824752965
16.583333333333332,16.86667,17.79
14.533333333333331,15.05,2.71
18.066666666666663,2.766667,4.11
19.78333333333333,7.465491832848529,6.64
13.45,2.016667,4.17
21.48333333333333,12.7,13.85
22.316666666666663,10.91667,6.92
14.983333333333333,18.831936052338037,5.86
21.933333333333334,4.55,20.1341396732023
18.316666666666663,11.73333,26.21
22.8,2.366667,2.05
13.383333333333333,5.018603532717071,14.77
17.866666666666667,11.36781660317344,7.92
16.7,15.06667,11.61
20.3,14.36667,24.17
19.266666666666666,13.33333,43.148666538288815
14.283333333333331,14.71667,5.58
15.833333333333334,6.916667,4.37
15.083333333333334,13.63333,21.723201306140982
17.05,8.566667,9.13
14.966666666666669,12.88333,12.995481657539495
17.466666666666665,9.283333,7.44
18.666666666666668,12.818168871435079,48.14097455439391
22.6,15.66667,52.60809137886856
19.766666666666666,14.08333,10.34
16.516666666666666,20.260878298851413,3.71
20.48333333333333,9.833155898048487,5.48
18.316666666666663,73.55818890803877,4.33
17.7,0.5166667,6.17
7.818695642755968,1.516667,4.12
15.033333333333331,9.15,26.157834615414032
16.75,2.583333,3.91
18.616666666666667,13.85,7.47
16.166666666666668,12.18333,33.899779404583384
10.6,14.668111081273777,17.27
8.613782237397876,0.5666667,6.09
17.883333333333333,13.78333,19.123866689528803
20.266666666666666,16.948069169472305,5.94
20.7,3.1545705478102075,9.25
18.23333333333333,0.8833333,3.95
13.266666666666667,10.28333,16.0
15.35,1.8,1.38
16.2,11.71667,3.4
17.166666666666668,0.45,2.02
15.933333333333334,10.98333,3.66
15.616666666666667,23.43333,9.37
14.566666666666666,14.93333,5.58
21.65,2.116667,9.28
23.55,5.2,38.72978926393669
7.95,2.083333,5.54
15.833333333333334,3.930417323339139,15.72
19.166666666666668,2.6,4.56
3.333333333333332,15.68333,6.83
14.616666666666667,1.3,5.26
19.883333333333333,10.0,8.19
19.33333333333333,4.1,5.192091900683009
16.566666666666666,21.61667,42.83038067170186
15.866666666666667,3.066667,5.87
16.716666666666665,2.6148275599172197,4.16
20.216666666666665,13.21667,20.05
19.35,3.183333,45.70499516773969
20.28333333333333,2.8632548523091628,5.51
20.83333333333333,12.45,18.38
15.166666666666666,3.366667,3.49
20.866666666666667,13.35,7.17
4.122195884434525,87.89806984327635,24.65556145493174
20.53333333333333,40.899891006460116,9.29
20.9,1.7419255595867145,5.64
11.116666666666667,4.883333,8.71
16.95,9.266667,2.57
20.83333333333333,8.283333,25.83
19.183333333333334,7.733333,16.32
13.15,1.583333,24.6
14.35,13.1,2.8
17.416666666666668,14.106972361007902,12.88
12.96580774761824,0.4666667,3.35
20.95,11.7,6.69
16.2,1.34632189807535,2.97
12.466666666666669,44.01431697877953,3.16
15.616666666666667,20.96667,8.39
20.55,8.6,8.17
11.866666666666667,15.293070731775552,6.02
19.85,11.4,5.19
16.15,8.85,6.82
15.783333333333331,19.55875019083919,16.97
20.98333333333333,1.316667,8.77
7.8395797084430034,4.816667,7.02
9.816666666666666,18.73333,7.75
21.633333333333333,15.86667,15.1
20.95,8.783333,33.43824101548409
17.183333333333334,1.383333,3.76
18.683333333333334,1.983333,2.38
17.4,2.314163923490974,4.23
15.75,14.08333,8.52
12.983333333333333,1.116667,3.35
20.15,25.18333,43.63760776314419
14.566666666666666,31.738142041293926,2.65
22.5,3.083333,6.54
13.966666666666669,14.58333,37.84
22.98333333333333,0.9737264944229986,1.41
14.016666666666667,11.95,14.56
15.5,15.48333,15.96
22.816666666666663,18.33333,13.62
23.7,10.53333,11.946257731080985
19.03333333333333,13.36667,4.54
16.733333333333334,11.43333,21.335559340650214
14.716666666666669,15.93333,18.77
16.416666666666668,6.383333,9.25
13.666666666666666,1.466667,3.79
15.5,4.983333,19.73
1.1000000000000014,12.33333,7.86
16.233333333333334,14.23333,64.14913464522455
19.7,21.15,8.45
21.883333333333333,13.75,6.26
23.28333333333333,43.36779388069161,23.13
18.95,20.76667,30.97
16.75,50.31121908719007,5.1
14.05,1.233333,2.4
19.87748174918573,20.76667,5.56
8.066775587547939,0.4333333,28.446161257748027
22.516666666666666,14.93333,25.657020698345733
19.516666666666666,11.373427690383721,9.54
20.133333333333333,20.1156937350362,18.56
0.36666666666666714,7.983333,6.84
11.566666666666666,15.219104611835961,6.02
16.283333333333335,8.566667,13.22
19.466666666666665,12.1,8.72
2.5500000000000007,10.05,22.00053472763393
18.78333333333333,17.07146937675166,8.93
15.416666666666666,12.615720654967108,15.52
20.75,2.216667,5.32
21.95,9.883333,13.0
11.333333333333334,2.516667,11.75
17.183333333333334,8.35,7.73
17.216666666666665,14.9,18.34
21.133333333333333,14.61667,8.661014837287366
17.55,8.763280567471508,10.28
21.35,15.41772905676929,4.85
17.683333333333334,1.7,2.3466971239051784
22.95,17.9,7.01
13.15,1.166667,3.26
18.716666666666665,27.30677304634199,17.32
21.016666666666666,14.65,10.48
20.3,12.78333,3.98
16.5,10.01667,2.97
16.9,21.708864961772072,7.61
17.516666666666666,16.03333,4.9
21.216666666666665,1.166667,55.77270168483491
4.050000000000001,20.35,25.454365918647962
20.5,15.18353288316218,34.15628273772076
15.666666666666666,12.93333,8.48
16.266666666666666,24.616714585489238,6.02
18.3,14.71667,20.46
22.953342435775266,0.8170887273028954,3.85
11.4,64.18526094873262,8.83
23.166666666666668,15.4,8.48
20.183333333333334,4.616667,35.81
17.35,9.766667,4.29
15.4,38.41667,10.32
16.3,20.65,4.159121714139823
21.4,20.45,10.92
9.0,7.066667,8.56
20.05,1.516667,4.04
19.766666666666666,40.82556639643296,22.43513128953986
16.4,4.181717296484123,5.61
19.58333333333333,10.4,45.784074539230204
3.75,12.45,7.42
16.166666666666668,9.783333,6.05
16.633333333333333,2.9,5.31
17.466666666666665,13.760633321612078,6.42
17.833333333333332,1.733333,6.22
16.583333333333332,8.4,4.95
16.116666666666667,11.434793919849705,6.61
21.08333333333333,19.483098641203245,13.03
4.666346765088868,14.13333,8.06
15.7,21.49806,1.58
8.233333333333333,0.282550705656782,1.64
13.4,14.265842936606326,19.28
14.783333333333331,1.533333,5.52
22.08333333333333,16.052898525477975,20.57
18.23333333333333,0.9,12.81
22.183333333333334,8.0,28.45
23.633333333333333,16.11667,20.07
22.366666666666667,10.33333,16.6
15.533333333333331,36.4,19.763939527773765
20.883333333333333,8.133333,26.674143728394995
18.383333333333333,8.2,9.92
17.833333333333332,11.866227984400247,15.51
21.5,13.145496931297517,4.53
21.633333333333333,18.5,5.99
21.58333333333333,17.71667,20.9
14.816666666666666,26.45138025198639,17.2
4.429363311271786,14.65,15.19230906226905
23.916666666666668,36.53363356441838,8.14
21.08333333333333,19.401201054583424,39.37385344128124
16.6,26.41667,4.81
18.4,4.35,7.6
13.55,10.56667,8.85
21.816666666666663,15.2,18.95
13.583333333333334,24.233974179773284,3.63
17.383333333333333,1.233333,12.99
19.8,2.433333,6.04
16.6,16.18333,1.75
11.35,6.700016827857314,12.19
18.98333333333333,4.183333,5.76
22.020407429620292,3.366667,24.34
11.09619111246866,3.766667,29.51
15.583333333333334,23.48333,14.56
13.55,13.71667,6.52
13.366666666666667,11.61667,1.73
19.85,15.83333,19.151664731993804
17.716666666666665,15.141099198439564,11.19
18.816666666666663,20.3,17.64
15.683333333333334,6.366667,8.3
16.433333333333334,14.88333,5.45
21.65,5.65,10.87
19.48333333333333,1.816667,2.7184146404895
11.966666666666669,15.36667,11.01
19.616666666666667,17.584733753157384,7.37
15.533333333333331,7.870333904093614,11.31
8.25,0.5833333,0.85
10.516666666666667,0.9833333,0.87
16.283333333333335,8.983333,11.13
21.08333333333333,4.0,3.591274558616802
18.633333333333333,20.58333,10.49
19.613160199979028,17.700995454115915,10.15
14.533333333333331,1.033333,18.96
16.016666666666666,21.66667,47.01478727035923
20.6,10.25,7.044076355863362
22.9,34.4974007821173,7.18963922652416
15.066666666666666,3.016667,5.19
15.5,11.88333,47.453834641075694
15.316666666666666,11.357956605642189,5.69
18.0,10.83333,13.3
17.466666666666665,19.33034330043663,9.72
15.116666666666667,5.516667,12.5
18.45,4.283333,9.96
16.5,3.566667,10.21
14.866666666666667,11.88333,11.602361829639412
16.95,15.56667,7.19
18.616666666666667,0.4,4.0
17.616666666666667,10.05,5.17
19.366666666666667,4.433333,21.71
15.75,22.18333,7.19
16.483333333333334,0.5666667,27.995669371301773
22.95,17.31667,6.46
14.55,1.5,3.4
11.549690044298284,11.11667,6.175368644416798
21.0,14.38333,6.93
17.166666666666668,4.9,50.20159993728623
18.366666666666667,18.08333,8.0
20.916666666666668,9.470406161887025,10.34
22.598286982851278,18.26667,8.93
21.066666666666663,9.9716518217524,4.56
17.033333333333335,9.883333,4.69
17.04078792799895,11.81667,14.72
13.966666666666669,4.533333,11.76
17.017673610183312,16.094892444071867,18.45
16.183333333333334,2.853514740321012,2.84
15.766666666666667,0.2166667,0.5505803786637262
20.45,14.01667,2.76
18.73333333333333,12.95,13.98
21.383333333333333,9.45,12.18
20.433333333333334,20.3,15.92
18.85,3.2,20.93
19.85,16.85,3.47
17.416666666666668,13.08333,11.89
21.766666666666666,1.8836433871904121,6.8
9.6,1.666667,6.6
14.116666666666667,3.583333,4.52
22.65,14.68333,19.89621051891241
17.266666666666666,8.640975186638224,7.42
14.833333333333334,12.16667,4.72
22.15,3.433333,8.49
15.1,23.42262095842602,32.3091327590961
15.283333333333331,40.45,11.37
20.2,2.716667,20.21
5.166666666666668,18.91667,49.284960183151995
16.7,6.566667,8.78
18.28333333333333,5.1,6.69
17.116666666666667,64.62049374645332,11.02
4.131735318815238,16.8,13.64
16.633333333333333,17.650043108888166,5.73
16.7,14.75,8.89
23.366666666666667,16.21667,15.21
15.633333333333333,2.7631664875833715,5.0
22.433333333333334,0.55,10.02
22.23333333333333,4.933333,6.51
16.466666666666665,14.58333,8.09
21.908939726325237,16.18333,12.4
17.116666666666667,21.015935115565856,16.67
16.266666666666666,13.011888458655795,2.43
21.116666666666667,8.20387191330541,16.460183963100427
11.183333333333334,9.478119984553828,5.97
14.8,14.45,13.51
14.083333333333334,16.58333,25.7
17.716666666666665,0.4666667,0.96
13.916666666666666,11.416619919366367,4.55
17.15,2.905300268236346,1.46
6.383333333333334,0.3333333,4.74
15.633333333333333,20.78333,18.36
17.333333333333332,7.466667,7.13
17.44607350919347,1.516667,9.569627217184753
23.816666666666663,2.35,4.57
15.933333333333334,1.066667,4.81
15.133333333333333,12.43443477882523,18.03
19.45,10.36667,8.36
15.783333333333331,0.4,1.62
18.83333333333333,1.8,8.26
15.666666666666666,1.066667,3.1
19.816666666666663,12.055511556590396,5.33
18.7,43.29587405176445,7.65
20.416666666666668,14.45,8.4
12.083333333333334,11.16667,3.73
10.016666666666667,2.2,6.37
12.8,2.15,14.793803636215161
16.766666666666666,1.166667,4.17
20.0,2.533333,12.52
18.75,3.683333,5.705990050663241
20.6,4.333333,45.40005627796286
16.15,12.89944,9.3
20.066666666666663,33.052903147806866,8.43
20.766666666666666,18.9,8.16
23.08333333333333,15.83333,16.16
19.416666666666668,16.51667,12.64
19.683333333333334,20.2,55.77648849917343
15.933333333333334,3.8,39.01924567935522
18.98333333333333,1.716667,5.2
14.516666666666667,2.866667,11.49
4.990532873811027,1.516667,3.81
20.6,16.94814391219738,7.72
0.31666666666666643,40.80020236596114,34.55
16.166666666666668,14.067783780467868,12.48
8.516666666666667,9.75,3.87
14.633333333333333,14.65,15.16
18.9,18.58333,7.48
15.916666666666666,3.016667,6.58
17.7,10.11667,5.67
22.466666666666665,2.5601640602287956,7.14
19.73333333333333,12.03333,5.69
14.75,45.13333,14.64
16.066666666666666,2.766667,7.93
13.083333333333334,4.766667,3.24
19.716666666666665,1.1027657234639396,19.77
15.783333333333331,18.00407556047592,5.97
14.6,2.666667,9.37
22.679486086893302,6.333333,3.81
18.53333333333333,13.71667,39.09
20.633333333333333,15.699475733640044,37.89647466145223
21.4,14.21667,7.06
16.2,3.65,8.52
20.933333333333334,13.615562684764027,12.43721890619956
19.98333333333333,19.064232976162998,9.51
11.85,12.36667,6.89
17.033333333333335,1.933333,0.76
18.28333333333333,14.18333,42.978779681394805
18.516666666666666,1.766667,3.14
20.73333333333333,13.71667,19.4
20.416666666666668,16.46667,11.33099190391833
2.333333333333332,12.45,14.1710715390509
15.866666666666667,1.083333,18.71
9.151614238614275,0.8166667,2.43
22.616666666666667,9.216667,24.665733929569836
22.781086886006232,47.05367809343827,14.7
22.966666666666665,4.883333,12.91
15.516666666666667,16.75,66.27415081154322
17.116666666666667,16.5,12.64
20.683333333333334,16.81667,16.51
17.333333333333332,4.6,36.012157525436486
13.766666666666667,11.35,4.09
23.8,17.15,28.77
16.383333333333333,40.2,7.6
15.216666666666669,2.733333,1.8
10.716666666666669,7.95,21.96
15.916666666666666,2.360940027435974,4.42
12.3,89.92913982719433,8.67
16.7,4.683333,9.93
23.666666666666668,14.73333,11.65
11.0,3.3,4.71316126661608
14.933333333333334,2.233333,1.78
19.75,16.98333,10.89
19.45,14.80016689369904,5.04
13.8,16.23333,22.098018250616732
11.05,2.619697487420985,16.88
13.966666666666669,10.95,19.209653626815417
17.0,15.13333,9.46
22.786860655610507,3.8,6.09
1.0730567207603592,15.76667,19.688088384156583
17.316666666666666,19.63333,5.51
16.516666666666666,11.06667,4.75
14.624945554079508,3.9114661827457886,12.89
20.8,48.20137886391841,6.199218274101615
22.616666666666667,13.0,8.746669425012078
20.48333333333333,16.2,9.68
14.55,14.41667,24.68
20.383333333333333,2.916667,4.58
14.633333333333333,5.755772067111579,39.86950985623058
18.3,14.25,9.88
16.166666666666668,17.15,5.84
18.926498031750576,11.859763772665417,7.84
15.433333333333334,7.883333,11.22
18.3,9.283643667800986,9.34
20.666666666666668,2.331879722725621,12.09
16.7,6.95,9.103180753921624
1.3999999999999986,8.966667,6.83
23.0,21.68333,24.417668590657414
12.333333333333334,1.733333,9.16
23.966666666666665,7.831331117247991,13.42
16.533333333333335,2.8,4.31
16.516666666666666,4.483333,7.86
18.83333333333333,71.14241807876904,5.36
15.350584068989944,3.383333,5.86
9.25,0.3166667,14.89
20.01152501128624,17.897246037220757,22.924839493003674
18.3,13.2,6.1
16.333333333333332,16.63333,13.7
22.5,6.866667,4.37
11.45,0.4,1.5253687758836896
14.5,10.1,3.58
10.233333333333333,15.71667,11.111312217882368
20.216666666666665,15.03333,48.63390988961793
13.666666666666666,1.416667,2.52
18.8,8.2,7.9
13.383333333333333,8.05,17.02
12.227112056883925,11.38333,6.29
0.7833333333333314,14.26667,3.31
7.815087012548368,14.95,24.02604592215037
16.583333333333332,14.63333,3.33
19.9,13.8,43.83
14.466666666666669,1.55,15.28
17.65,24.18395188036123,7.29
19.95,11.23333,8.72
21.883333333333333,11.16667,11.890570051716642
15.45,1.5844159565654272,7.26
20.416666666666668,10.26667,22.488421258055602
16.883333333333333,15.533484597792206,19.45628797942307
13.616666666666667,13.6,4.21
23.55,1.2059046408840657,8.94
16.116666666666667,20.65,14.18
17.283333333333335,14.08333,3.56
11.716666666666669,9.5,29.19
15.533333333333331,14.5,23.59
11.033333333333331,8.083333,12.86
17.416666666666668,8.583333,2.69
18.98333333333333,3.866667,6.05
22.83333333333333,5.166667,4.89
17.65,5.716667,12.04
19.166666666666668,2.783333,5.24
14.816666666666666,17.16667,10.44
23.0,14.65,18.09328599738423
18.3,13.61667,18.7
14.95,17.23333,21.49
21.85,25.193281996630358,18.88
9.85,9.4,9.35
21.388979498286787,20.15,66.28147401548922
22.4,43.83333,13.77560901441844
20.216666666666665,11.0,15.89
17.183333333333334,21.16667,27.765822739559226
19.83333333333333,1.5832451722984793,48.24
16.083333333333332,14.45,2.25
15.5,20.58333,7.89
8.633333333333333,17.144403878890646,3.8
21.3,10.83333,10.76
12.25,14.211669560948211,5.68
21.966666666666665,6.783324844220682,6.18
17.45,1.9775,2.93
21.616666666666667,15.98333,4.61
21.816666666666663,8.1,13.319981982267928
22.45,14.2,21.09
15.816666666666666,2.2371084693635814,14.4
17.05,2.216667,21.10807010976132
17.25,14.27850501683028,14.34
16.516666666666666,12.33333,4.7
19.016666666666666,21.71667,7.38
18.1,15.18333,14.01
16.416666666666668,2.283333,15.396094740554691
14.516666666666667,1.7045778517186638,1.7
18.966666666666665,15.61667,38.37
23.516666666666666,8.566667,6.22
12.3,3.0493466228465684,3.86
18.05,15.0,8.08
15.816666666666666,3.583333,5.08
2.8500000000000014,5.466667,9.2
19.73333333333333,40.36667,3.594762028330937
3.7166666666666686,14.86667,36.48
18.116666666666667,62.68333,3.02
15.85,17.91667,6.04
15.9,11.9,7.77
1.0428083167212492,14.08333,13.1
22.4,1.5529293243166065,2.17
19.53333333333333,3.2,13.324446562188678
15.366666666666667,16.219067383990946,10.98
18.316666666666663,1.666667,18.12
17.983333333333334,13.181809573051499,15.98
11.023812093417412,14.56667,5.5
21.516666666666666,19.61667,16.17
15.65,12.11667,14.18
13.716666666666669,5.666667,1.9620707045705057
17.233333333333334,4.166667,14.85
20.55,11.88333,11.95
22.58333333333333,15.5,10.97
22.7,14.08333,18.37
18.166666666666668,6.116667,6.1
16.6,17.68333,8.52
11.333333333333334,14.731212357024127,4.41
18.683333333333334,1.65,3.34
19.966666666666665,14.91667,6.75
15.866666666666667,16.75,9.63767207105877
14.75,14.66861,16.56
15.483333333333333,8.1,1.27
15.483333333333333,7.283333,26.4999390187487
1.7458098969398037,10.86667,19.125983490273356
4.183333333333334,19.233314839796652,8.26
11.983333333333333,14.33333,4.57
11.633333333333333,66.45935907225537,43.32293823652435
22.78333333333333,14.01667,12.96
4.899999999999999,14.63333,2.59
21.866666666666667,20.8,7.81
17.733333333333334,0.5833333,1.3227282014209778
21.98333333333333,13.102979046618309,9.83
21.916666666666668,14.96667,20.90852392881876
16.966666666666665,2.783333,3.54
14.066666666666666,6.658070069661283,7.49
14.15,2.116667,3.34
16.233333333333334,14.721683292056168,20.568734392526093
22.55,22.58333,14.97
19.53333333333333,9.433333,8.31
17.676157192212123,11.56667,4.54
16.35,4.666667,10.212621692421381
20.866666666666667,12.945893390693197,9.51
16.95,15.272153951707132,6.88
18.366666666666667,8.616667,9.92
16.333333333333332,2.466667,5.4263512740680016
16.6,15.05,25.297102875392884
22.366666666666667,13.455582040911708,13.52251091283746
16.383333333333333,13.71667,1.5
22.416666666666668,38.87649786853433,15.36
17.533333333333335,7.916667,28.752446172991768
20.35,13.68333,9.48
13.666666666666666,47.92945058107253,22.32
18.683333333333334,22.95,9.57
16.55,20.16667,15.51
8.169282282977655,1.8116984214338183,4.06
16.45,3.233333,8.6
15.75,13.46667,6.02
14.1,3.1,27.210062507665718
14.1,5.166667,7.9
18.216666666666665,3.4,6.14
11.583333333333334,7.666667,7.02
0.5333333333333314,0.9,14.51
10.383333333333333,18.13333,8.67
14.6,12.377861367319547,19.00595272842562
12.233333333333333,0.7166667,16.5
4.867997825170459,9.416667,1.63
17.35,17.56667,11.93
20.28333333333333,5.733333,4.955619873637334
18.366666666666667,18.61667,5.93
16.983333333333334,19.08333,7.61
17.466666666666665,12.7,1.89
16.4,1.933333,7.02
0.11666666666666714,17.73333,6.89
17.25,62.20326400306481,15.4
18.683333333333334,10.58333,5.25
21.616666666666667,17.73333,4.17
3.4509064343656064,7.616667,5.4
18.216666666666665,14.58333,6.49
16.5,15.93333,22.365642208494247
16.466666666666665,13.13905171071964,17.369997623865494
20.566666666666663,13.73333,17.7
15.033333333333331,13.71667,3.53
15.833333333333334,14.95,8.53
15.433333333333334,11.412662224499933,3.6840181460836905
5.888375244343479,15.425199013601224,18.621593298488296
17.133333333333333,2.883333,21.85
16.407322334632532,13.216707466386318,4.04
12.616666666666667,18.95,8.06
20.85,12.53333,10.18
20.066666666666663,3.752749481118762,13.25
0.5833333333333321,2.4,6.84
21.466666666666665,13.5,12.26
0.9333333333333336,12.11667,5.21
18.666666666666668,13.064462641328833,26.49
16.15,21.97640934813841,15.09
19.2,27.297975707321296,7.04
16.883333333333333,14.43333,15.54
21.15,13.7,20.93
23.1,11.5,11.1
17.033333333333335,8.766667,3.26
21.03333333333333,5.85,14.44
15.2,11.033060283455127,35.1439915903192
0.6333333333333329,23.32481310726166,13.5
20.45,0.5679931677328255,7.0
17.416666666666668,12.91667,7.86
17.55,3.539253509972248,15.80390748841921
15.2,8.633333,11.85
21.433333333333334,8.383333,15.24
18.883333333333333,6.866667,21.86
1.5752063376533165,14.9,16.68
19.016666666666666,2.2,20.45274695497006
11.633333333333333,15.168556845010695,13.78
17.383333333333333,15.8,12.92
22.4,15.86667,7.66
20.55,14.33333,8.787683204433414
21.116666666666667,21.630441189206678,5.99
13.566666666666666,2.2593472522999116,6.136569739389233
13.566666666666666,12.05,14.129288627298084
2.383333333333333,19.65,24.82
18.316666666666663,13.38333,20.06337544056354
13.833333333333334,8.766667,31.74974466923857
16.683333333333334,0.5833333,1.0129693313944153
4.422497179999969,1.6,2.34
10.3,13.46667,6.69637293914333
18.966666666666665,40.03778819379033,10.65
16.2,1.4444638100449028,13.76
15.316666666666666,1.516667,3.01
19.5,14.53333,21.957808630224317
16.416666666666668,8.320527759275016,1.85
18.2,2.1953754252154813,3.72
0.0,15.05,4.63
16.033333333333335,0.29570798156538675,2.3390188474534077
17.551109183498678,11.01667,2.67
22.616666666666667,15.36667,25.23
15.633333333333333,0.08816788047732754,0.52
19.866666666666667,15.547734173859471,12.29
18.08333333333333,13.58333,9.023309802003205
12.333333333333334,3.74862093965651,4.9
16.916666666666668,11.850709859699272,16.72
18.33333333333333,0.8,5.4
17.883333333333333,4.816600415377554,23.98482561860699
22.966666666666665,24.071399457088457,9.95
17.533333333333335,15.95,12.32
8.35,1.1513776020621806,3.86
17.083333333333332,12.019382278039185,4.02
19.316666666666663,21.272369590267548,17.83
23.4,4.7,15.82
10.7,6.633333,7.6
20.716666666666665,18.106752861198792,7.446190578560345
12.783333333333331,9.682992148753561,6.9
22.0,0.7666667,0.96
8.616666666666667,20.92302602798245,12.18
21.25,2.35,17.42
18.716666666666665,14.05,6.18
16.233333333333334,34.58636917382594,19.0
16.616666666666667,10.253249684970557,4.55
20.383333333333333,3.483333,5.91
4.25,1.783333,11.8
20.25,16.909254129433457,10.23
23.416666666666668,25.15,24.07
10.696671123096895,12.164052325476552,2.53
21.516666666666666,14.38333,48.63947500212118
10.783333333333331,0.2833333,1.0
18.98333333333333,13.41667,9.86
16.7,0.5833333,1.6785795217799022
6.4291874281213195,24.88333,7.02
18.98333333333333,17.88333,15.97
19.15,14.36667,13.15
22.016666666666666,14.4,16.08
22.75,16.56774063283869,7.29
20.75,4.216667,5.45
15.116666666666667,2.116667,4.31
19.016666666666666,10.22377085063608,13.88
16.15,15.099545235213272,9.75
20.3,10.23333,11.93
14.783333333333331,10.28333,3.7372264924750196
22.933333333333334,20.76667,19.16
22.633333333333333,14.21667,12.11
14.433333333333334,4.383333,15.83
21.15,5.35,7.14
0.9666666666666686,16.53333,44.704153416857594
20.35,36.62738387962318,18.76
17.266666666666666,6.2,6.558558150325902
17.8,3.05,15.21
20.53333333333333,12.103442768192844,20.83
16.533333333333335,15.15,4.77
21.316666666666663,15.25,4.44
16.033333333333335,4.966667,28.739796087855936
15.95,13.25,9.47
19.183333333333334,5.866667,17.5
14.966666666666669,14.33333,2.77
13.5,3.6120596583373388,5.0
15.8,23.1305922226676,22.66
22.366666666666667,13.06667,27.932526387902907
23.366666666666667,10.73333,7.18
15.866666666666667,15.03333,16.68
2.309776658038512,48.292136437998124,4.34
20.7,45.01727735237124,12.04
23.883333333333333,15.641858095088825,12.98061153843999
17.816666666666666,16.95,3.6
21.83333333333333,15.03333,12.7
14.55,16.05,8.32
14.333333333333334,11.28333,9.07
17.766666666666666,1.9538826224223795,4.03
20.2,14.411667673411046,6.95
15.416666666666666,3.066667,7.31
15.9,10.45,6.49
16.9,3.5782742193612536,26.15
18.466666666666665,9.4,7.89
17.166666666666668,0.5815979158085886,13.65
23.95,12.23333,11.61
13.05,5.874833325033165,2.57
18.766666666666666,43.88709732763833,6.19
18.15,14.36667,7.55
16.516666666666666,4.392219385906955,4.61
17.95,16.06667,44.69610009372351
16.6,13.408562776722768,13.59
19.33333333333333,14.840097350763337,6.42
16.683333333333334,12.21667,6.83
10.55,16.75,17.07
22.28333333333333,2.666667,16.6
15.05,18.26667,20.47
22.316666666666663,18.26667,14.39
17.466666666666665,15.55,9.74
12.066666666666666,10.58333,5.54
14.2,16.38333,8.76
15.2,15.55,5.37
13.15,16.65,6.79
20.916666666666668,21.12507034852647,50.63735248783836
23.183333333333334,2.699427515006375,17.365344799540473
0.9476769246107608,19.8,24.847065858480057
20.916666666666668,16.88333,9.7
19.683333333333334,63.956453726413564,29.589073738297447
15.266666666666667,15.81667,31.37975224646274
13.17289651005558,14.68333,4.78
0.03333333333333144,15.53333,21.75
17.2,1.466667,8.91
21.133333333333333,11.98333,24.843528082659468
18.616666666666667,15.41667,2.9426681289146654
9.05,5.933333,15.82
3.115944327855928,5.766667,8.5
22.28333333333333,3.839287912762595,27.81
20.98333333333333,3.3,14.04
18.1,1.8,1.53
14.82109785554009,10.6,6.9
15.6,2.883333,11.81
4.033333333333331,6.780400339127841,4.87
16.35,18.65,12.97
20.866666666666667,1.6242057249083612,26.52
17.05,0.9592375709942295,4.25
18.716666666666665,15.08333,3.1981492043705657
10.35,3.716667,20.110476468147244
18.5,5.383333,2.89
16.716666666666665,15.65,21.65
17.916666666666668,10.88333,15.21
22.516666666666666,1.9,6.77
21.25,62.634577408978046,9.69
19.4,13.81667,8.55
18.9,13.28333,7.89
12.22421458267636,2.3,6.78
16.816666666666666,1.4,12.32
22.03333333333333,20.480167799577163,10.97
17.15,24.3,6.7
17.383333333333333,12.65,12.474391613812186
19.504901498732217,1.45,3.27
16.833333333333332,15.38333,8.15
18.7,4.9,14.48
20.633333333333333,1.7786829357070135,4.89
14.116666666666667,15.15,15.61
15.783333333333331,16.01667,26.47
19.516666666666666,0.2833333,1.42
19.35,15.18333,10.11
22.83333333333333,1.783333,5.44
19.2,14.35,19.25
19.75,1.933333,3.03
9.033333333333331,2.486933467881485,4.57
14.95,11.365548796750915,6.93
7.162658023986539,0.7833333,8.74
4.695560736230011,2.7,3.79
3.9333333333333336,2.4,3.44
18.08333333333333,17.1,7.13
15.733333333333333,9.483333,17.46
22.116666666666667,22.2,21.45870465184329
16.316666666666666,2.533333,7.9
19.15,12.78333,12.26
17.983333333333334,12.15,6.05
14.399427019065964,14.31667,15.133176126414911
22.266666666666666,5.633333,2.4
13.866666666666667,24.983604818136612,15.06
17.066666666666666,2.3,12.09
13.383333333333333,8.966667,13.45
16.9,111.30274179218675,10.59
12.333333333333334,3.2,8.41
20.15,18.63333,27.88276884056628
11.216666666666669,2.2,4.07
17.416666666666668,14.46667,12.09
14.416666666666666,11.01667,4.730073584861122
18.08333333333333,1.583333,4.29
20.516666666666666,10.65,14.26
21.816666666666663,3.933333,6.06
15.45,10.01667,8.78
9.766666666666667,9.7,19.769002031390556
17.533333333333335,15.357543990647576,24.73890681865625
14.45,10.61667,21.11
18.116666666666667,9.466667,3.02
15.483333333333333,14.38333,1.95
23.816666666666663,14.496997468730031,16.96350263646338
4.327843523123981,20.56667,17.79
20.45,9.883333,14.92
8.7,16.26667,10.48
20.53333333333333,93.61256681701238,74.00121605573688
19.316666666666663,0.6,1.350706887592096
17.1,1.65,12.03
14.433333333333334,11.0,12.41
0.06666666666666643,14.98333,9.81
9.083333333333334,0.6666667,1.64
17.24822457806974,5.811792221139365,4.75
18.366666666666667,11.5,15.91
17.666666666666668,3.416667,6.44
18.966666666666665,15.45,32.55411299022381
18.1,17.047783034432626,17.04
23.78333333333333,5.483333,4.36
16.916666666666668,50.09771933714438,2.94
1.8121425131583244,41.052136077817806,28.563158059399576
22.916666666666668,18.91667,26.31502780399285
19.48333333333333,18.120130448525856,9.96
19.2,14.58333,9.41
23.73333333333333,24.33276165464188,14.79
15.933333333333334,13.26667,19.09
14.683333333333334,7.583333,8.19
16.45,21.6,39.17
22.866666666666667,14.33333,52.527473544795065
16.45,2.9216278247591116,21.47
23.4,18.53333,23.59
16.366666666666667,11.38333,5.78
22.266666666666666,16.94050535884932,14.51
19.3,16.56667,38.924229191548655
19.116666666666667,44.341958564416935,5.9
16.4,11.66667,25.379631695239805
17.65,12.95,7.7
21.166666666666668,5.7,6.12
15.283333333333331,8.633333,2.47
15.217439958964922,4.416667,6.21
19.416666666666668,16.03333,12.7
14.716666666666669,1.316667,3.0
23.166666666666668,39.71667,25.1414825665229
20.916666666666668,10.66667,19.23
12.533333333333331,16.329314174526896,9.49
17.95,29.78333,6.81
8.883333333333333,3.5499153567129147,9.71
20.5,43.628692347921714,59.30841644715518
18.066666666666663,14.9,9.79
14.316666666666666,2.1,49.83808787800139
15.933333333333334,1.15,4.02
4.149999999999999,5.283333,7.09
12.85,16.432347562644505,13.76
18.03333333333333,96.83863061122113,7.54
6.233333333333333,0.6666667,5.33
17.366666666666667,12.579884384647404,83.22579347865889
18.466666666666665,3.2,2.2
0.8000000000000007,14.56667,26.21611775429221
16.383333333333333,11.61667,7.64
15.633333333333333,8.828726558364401,8.58
22.45,3.540305726372014,3.34
20.28333333333333,22.116734833499855,12.18
15.566666666666666,10.43333,4.34
14.9,9.55,14.67
23.816666666666663,18.6,11.53
20.0,26.46600247777113,27.25
10.95,93.66396204994982,5.13
18.187524705364194,11.35,13.18
16.516666666666666,10.81667,2.84
17.55,18.91667,7.55
12.283333333333331,12.667214342354299,8.52
10.45,0.6166667,7.09
17.183333333333334,2.916667,5.86
17.85,10.51667,7.725079144595656
17.166666666666668,97.75528938970011,13.51
16.15,6.016667,27.033441675084177
21.48333333333333,17.11667,22.91
16.516666666666666,3.466667,2.4
21.266666666666666,21.11667,14.47
12.783333333333331,9.283333,5.06
18.15,11.53333,5.21
17.45,1.1426790999425698,25.07
20.58333333333333,14.08333,20.28
16.45,13.23333,5.14
12.9,14.51667,23.20298214610666
21.516666666666666,4.366667,6.06
17.966666666666665,14.9,13.96
21.1,25.18333,13.58041626208229
15.05,21.55,9.86
16.433333333333334,12.078024516648414,32.911564138429235
9.183333333333334,14.23333,10.01
17.983333333333334,21.78333,21.45
16.65,12.331057034660015,7.61
14.533333333333331,1.516667,3.93
21.116666666666667,11.01667,8.78
15.383333333333333,3.966667,5.32
20.933333333333334,2.95,6.15
0.9333333333333336,2.8,17.291407554920298
19.45,2.816667,3.86
18.716666666666665,7.166667,12.63
2.4666666666666686,2.166667,15.426192649737931
21.35,20.13333,42.12784529654309
17.416666666666668,0.6666667,3.41
14.95,15.868411859200545,19.52
23.0,0.8833333,7.27
16.466666666666665,14.76667,24.43
16.483333333333334,6.75,3.3534159486880526
16.083333333333332,25.41762157012456,5.34
16.5,52.705768641102644,24.33
21.53333333333333,0.5833333,21.36
16.383333333333333,10.13333,1.43
16.8,61.79508965653222,3.0
22.28333333333333,13.15,11.81
18.066666666666663,0.8414236580243711,3.07
17.416666666666668,13.81667,20.32
16.4,14.681233495960013,11.99
1.7666666666666657,14.15,19.83
14.783333333333331,0.5807777152256797,2.3
15.4,10.485921184364942,5.28
15.966666666666669,18.11667,9.54
16.433333333333334,2.616667,12.92
15.233333333333333,12.311391801553846,7.44
18.0,11.51667,9.81
20.816666666666663,21.438337994934347,7.81
23.75,9.883333,8.38
16.7,21.18333,13.44
18.75,8.183333,5.7
1.0500000000000007,20.3,1.55
20.73333333333333,14.2,9.33
14.35,43.4339539097724,52.309954948103986
15.533333333333331,1.7632126958925953,26.52
22.98333333333333,12.03333,26.014088261078577
9.15,8.6,2.55
11.466666666666669,2.85,3.45
21.633333333333333,17.03333,10.75
23.981207875669252,13.8,8.47
15.116666666666667,14.412091916545625,3.35
18.933333333333334,12.13333,11.34
12.15,1.183333,3.26
19.95,15.55,19.159621328702197
15.866666666666667,13.95,32.86058552981122
6.116452977956699,14.91667,6.63
23.0,16.18333,30.98995892826933
18.816666666666663,2.066667,11.65
18.366666666666667,11.66667,7.02
14.0,2.133333,11.39
18.8,3.2,58.56771549198776
19.116666666666667,18.61667,6.81
18.6,9.883333,8.46
18.516666666666666,21.15,8.14
16.616666666666667,5.282108948085847,6.77
14.583333333333334,1.1991181355742864,5.95
17.116666666666667,2.1882564172102406,13.63
20.05,13.347341350960912,14.29
18.766666666666666,16.4,13.22
18.9,3.2019638991322825,3.04
14.1,11.8,9.539744690193329
12.883333333333333,14.58333,0.95
19.416666666666668,90.77280967510194,15.67
21.83333333333333,3.083333,13.28
19.2,14.45,8.54
22.8,15.2,12.083519908967428
19.0,21.683105940060905,35.09
18.35,21.063856290560814,11.85
19.8,17.08333,4.45
14.0,63.11667,6.186430053445511
17.783333333333335,7.95,10.01294491302222
17.966666666666665,12.06667,44.521429591444324
20.2,19.592192914673127,10.62
17.583333333333332,27.3334588174694,6.32
23.65,15.78333,32.175843970193526
12.183333333333334,14.83333,13.14
16.85,0.3145928286566886,0.99
17.05,25.15,15.53
14.833333333333334,14.3,9.08
16.466666666666665,3.783333,9.44
23.416666666666668,19.88333,15.08
15.6,16.25,4.43
17.316666666666666,9.1,21.74603427390801
10.733333333333333,5.6,3.09
5.15090249149798,14.73333,16.4
15.733333333333333,8.366667,3.16
20.866666666666667,16.93333,12.85
18.633333333333333,14.31667,4.925171735424548
15.333333333333334,3.166667,12.45
21.1,5.4,11.0
15.5,12.83333,8.3
14.816666666666666,6.85,2.12
21.866666666666667,14.78333,11.85
16.2,1.5643135188557666,7.14
8.566666666666666,14.61667,6.59
14.65,15.75,10.97
20.55,7.083333,7.71
13.7,14.96667,6.73
11.566666666666666,10.18333,14.076073870817199
22.266666666666666,2.733333,17.16
15.7,8.483134807090568,3.96
13.083333333333334,3.202968162489593,4.69
19.95,5.883333,8.18
20.75,4.135850217533042,9.25
12.866666666666667,15.351809210251451,25.438261915575712
17.733333333333334,13.08247650490502,19.62
10.45,1.666667,13.38
23.95,27.584303213947464,6.32
15.15,8.733333,1.68
19.28333333333333,13.96667,5.77
8.521078470569046,1.066667,1.63
21.85,5.516667,8.28
19.58333333333333,16.48333,23.26
2.6999999999999993,19.520333247468894,10.94
19.55,61.73737214065566,18.89
13.7,8.13304671255108,4.57
8.433333333333334,12.95,8.82
17.316666666666666,2.65,6.21
17.5,93.1,27.115669150794858
19.683333333333334,4.346326830354944,22.083855134996117
1.7666666666666657,38.25,48.785069011775775
16.433333333333334,14.61667,43.641563482219354
22.766666666666666,28.8,15.87
19.2,3.661351244561458,11.343291712794453
17.25,5.840134300388048,2.08
16.866666666666667,8.884714865687478,8.89
19.416666666666668,12.41667,2.79
14.783333333333331,22.48333,8.701080595147795
16.883333333333333,2.183333,3.04
20.816666666666663,50.93333,13.11
15.4,1.112942095359465,1.15
21.78333333333333,12.55,6.13
17.75,13.45,1.23
17.616666666666667,19.96667,21.41
2.6000000000000014,15.706624955040503,14.2
19.73333333333333,2.65,5.4677228938951155
17.516666666666666,11.35,39.426069309643935
22.716666666666665,12.35,14.67
16.633333333333333,1.8679885806136407,4.94
15.35,20.58333,13.65
15.716666666666669,0.8,14.34
16.033333333333335,22.66667,11.44
17.716666666666665,16.325483007239516,33.190403305997606
21.08333333333333,12.06667,11.97
21.83333333333333,13.17158863792079,10.65
22.433333333333334,11.21667,21.64
14.7,4.7,30.83
19.35,0.95,8.16396052441094
19.166666666666668,11.819455193778115,10.78
21.6,38.53333,17.49
18.016666666666666,4.388053654779315,6.14
18.166666666666668,14.6,23.93
11.716666666666669,3.0192626912025613,12.06
17.05,14.18333,10.6
16.966666666666665,16.4,7.69
0.16666666666666785,3.57915038255998,14.31
20.98333333333333,9.570313621246063,12.42
19.6,13.76667,20.1293188713002
14.966666666666669,5.583333,6.04
17.583333333333332,12.38333,9.1
18.683333333333334,44.65,42.26
22.03333333333333,13.55,13.26
20.65,16.851797743478365,22.147065002257005
0.6499999999999986,1.416667,2.03
20.766666666666666,1.616667,3.87
13.7,6.516667,7.99
17.333333333333332,14.890361837683281,5.72
19.65,11.4,4.74
6.35,0.15,1.2
21.516666666666666,15.496849911208521,7.92
17.65,12.13333,19.19
15.15,0.8,1.55
22.25,4.773268390205048,6.44
20.23333333333333,13.81667,20.58
11.566666666666666,19.653928655479582,13.15
1.3044747792887712,11.61667,1.83
15.766666666666667,14.5,6.32
1.7166666666666686,15.13333,8.62
23.942472337395397,15.5,26.01
21.85,21.68333,10.52
16.233333333333334,12.45,13.59
22.716666666666665,8.25,6.87
15.166666666666666,2.0044474002289294,1.72
21.716666666666665,14.81667,7.64
14.85,6.534735588689821,4.82
14.55,12.68333,14.75
16.233333333333334,0.5166667,3.41
20.53333333333333,3.583333,8.9
21.55,52.822298654590796,16.51
18.28333333333333,3.183333,7.89
17.833333333333332,13.7,6.79
19.03333333333333,15.319618147371777,3.03
17.066666666666666,20.773636915880044,13.83
17.316666666666666,9.559219838626635,31.543128944770434
16.466666666666665,14.01667,18.42
14.766666666666667,46.29680215916691,16.82
16.8,19.1,11.77
17.35,15.16667,52.53840788844274
19.25,1.283333,14.698868470466696
20.0,18.399737311262435,12.54
15.933333333333334,27.319645925582673,17.49
0.6060223503314788,5.483333,3.39
3.6499999999999986,19.73177034526313,7.29
19.85,13.51667,6.89
16.516666666666666,14.61667,12.24
15.183333333333334,2.266667,1.4073734051012434
14.9,5.233333,6.04
20.48333333333333,8.85,4.66
15.033333333333331,20.18067412293802,10.741927509868983
22.6,3.516667,4.93
20.866666666666667,16.78221487634559,14.11
10.633333333333333,11.8,5.25
20.066666666666663,11.153430295223227,7.28
15.766666666666667,11.56667,6.76
21.65,12.88333,11.63
15.583333333333334,9.75,2.4689537652814764
12.35,62.775750835639336,8.09
17.016666666666666,46.43333,4.05
17.933333333333334,15.43333,15.87
16.516666666666666,15.36667,13.11
13.616666666666667,21.98333,20.791120296090376
21.45,1.3,3.13
9.961348386258761,1.515758908806809,2.25
20.316666666666663,62.80106871289862,4.5
21.5,18.28333,5.19
20.666666666666668,3.183333,1.78
19.034548523004922,0.95,12.38
17.133333333333333,16.529935619892168,17.66
10.8,4.9,3.72
16.966666666666665,14.664688887241033,13.34
16.4,0.8857324279468746,3.82
17.75,3.8383193006059915,16.57
19.883333333333333,12.25386944208056,2.24
16.733333333333334,4.766667,4.63
20.48333333333333,15.43333,27.93188995613484
19.183333333333334,17.05,21.52
9.735434985800627,14.96667,10.4
19.23333333333333,15.69999583353492,52.914089851705356
14.566666666666666,12.0,14.19
8.633333333333333,2.3,10.36
16.183333333333334,18.839017845008872,11.22
15.566666666666666,11.182079262026816,18.9180261965096
16.216666666666665,14.45,12.98
14.233333333333333,39.41489146645275,11.293606857645791
16.116666666666667,6.766667,9.98
17.166666666666668,23.81667,7.59
16.766666666666666,14.7,16.87
15.8,14.81667,12.53
17.983333333333334,23.38333,15.92
16.133333333333333,12.05,25.29097032188205
16.7,0.2833333,1.88
18.28333333333333,11.78333,5.84
15.566666666666666,5.55,25.98
15.133333333333333,0.5166667,0.85
20.05,5.533333,6.01
17.766666666666666,0.4166667,0.76
14.833333333333334,13.61667,8.24
13.483333333333333,1.6774143149628404,6.34
12.966666666666669,18.33809892645823,14.78
0.36666666666666714,12.1,5.46
23.23333333333333,8.366667,4.82
13.583333333333334,6.433333,24.909712593190836
7.866666666666667,0.2166667,2.26
11.466666666666669,6.833333,8.03
17.433333333333334,13.13333,3.52
13.95,17.1,11.37
20.2,9.966667,2.99
22.23333333333333,42.529303318601684,21.677346382043325
15.0,14.3,14.11
20.216666666666665,3.266667,10.14
14.233333333333333,15.56667,8.8
18.2,22.41667,25.01
8.55,15.11667,5.97
20.183333333333334,19.376944392598308,4.67
17.05,21.8,13.62
16.15,51.23589035245533,14.99
16.233333333333334,3.25,6.19
14.833333333333334,4.35,10.71
15.483333333333333,21.309841092809375,39.06049712649547
20.566666666666663,22.13333,22.17
15.783333333333331,8.616667,6.77
23.866666666666667,49.201249579300516,9.39
20.9,7.183333,8.96
1.25,21.81667,6.47
21.28333333333333,10.403877104528126,22.05
17.866666666666667,6.75,32.43742731617298
17.95,20.35,8.49
19.5,0.6166667,9.52
23.98333333333333,12.21667,18.41
17.85,9.773794053451347,17.33
3.116666666666667,22.15,14.45
13.35,2.2,18.55
18.981457746261242,10.41667,4.27
15.516666666666667,1.05,3.79
0.01666666666666572,26.48157294931067,5.94
10.85,46.35,6.4
20.016666666666666,97.78539048137998,38.1668406552542
15.283333333333331,10.45,17.27
9.85,10.13333,13.19
23.33333333333333,11.820760890272279,17.27
16.016666666666666,1.083333,9.26
21.53333333333333,73.56018521144995,12.4
16.366666666666667,0.7,1.26
18.55,7.95,11.51
11.583333333333334,1.1,1.6
22.15,96.22887555035446,9.68
19.78333333333333,12.58333,13.2
21.85,7.05,3.98
20.316666666666663,7.653969556247729,5.53
1.5333333333333314,17.91667,2.64
22.133333333333333,21.950290301283133,9.64
14.554958591359416,17.23479619583771,7.36
17.25,1.7770498423427836,5.58
15.766666666666667,9.883333,8.09
12.866666666666667,7.85,28.84
21.05,17.58333,40.42197563297348
20.166666666666668,9.466667,3.13
17.733333333333334,0.55,2.48
15.433333333333334,15.98616425130248,18.76
0.3500000000000014,13.729881919757437,39.07952557419427
22.4,31.392450764148457,24.173045269965662
17.483333333333334,8.85,30.135071149619762
11.733333333333333,5.75718100603271,8.87
15.466666666666669,14.31667,33.45
20.15,5.3,53.88663666092325
19.7,39.593998562015734,9.56
15.533333333333331,8.183333,10.44
18.15,3.266667,3.11
9.216666666666669,1.5847886135597513,12.93
17.35,93.1,8.93
19.73333333333333,1.283333,3.22
16.666666666666668,40.15,8.62
18.966666666666665,17.1,18.39
10.583333333333334,3.15,12.61
22.616666666666667,1.4536147088584526,30.62
15.416666666666666,16.15,30.281060291852338
10.233333333333333,11.75,17.3
18.48333333333333,9.6,3.81
14.816666666666666,39.19854913438643,16.14
19.78333333333333,14.625295421079207,32.57118209618144
20.23333333333333,5.1,6.38
14.116666666666667,5.933333,1.46
11.066666666666666,1.716943953510172,14.86
21.53333333333333,20.599531376536486,21.155149973200167
5.043307505333118,18.15,16.01
18.15,21.916661420429115,5.83
15.783333333333331,5.931429222827488,17.16
15.75052926220281,3.25,19.877761413073166
16.466666666666665,13.8,18.34
17.733333333333334,11.1,9.79
11.8,13.91667,14.82
23.03333333333333,1.7,8.43
13.866666666666667,1.133333,1.1
15.75,9.283333,8.2
22.966666666666665,14.43333,7.97
3.116666666666667,7.348419652897672,39.57753451941069
18.416666666666668,13.08333,15.602010117503815
19.1,3.683333,12.39
18.08333333333333,13.9,17.01
19.28333333333333,12.38333,18.44
14.683333333333334,3.216667,3.96
16.816666666666666,15.85,8.73
23.25,15.73333,18.77
14.8,18.25,5.33
19.666666666666668,2.95,8.73
15.8,1.5,4.42
16.9,0.7333333,1.12
20.85,16.266480906548367,34.22532164018834
17.466666666666665,12.512169878549152,14.3
15.85,43.19377244525949,19.11
15.9,12.299207754016063,11.48
18.65,2.516667,8.07
23.466666666666665,17.96667,3.99
11.066666666666666,17.297968439178852,12.875310604481493
12.833333333333334,18.5,18.96
15.183333333333334,16.95,3.6
20.1,2.35,13.26
0.46666666666666856,13.21667,6.57
0.16666666666666785,22.132901119841197,8.39
13.05,1.616667,7.34
19.716666666666665,17.733144395583306,13.93
21.433333333333334,10.11667,19.43
17.65,4.816910617297931,4.43
22.666666666666668,14.8,19.07
16.25,1.8720286905273555,8.67
14.916666666666666,0.7333333,12.68
19.45,39.63671393509125,17.58829387968406
22.716666666666665,16.73333,13.81
7.683333333333334,6.066667,4.24
16.716666666666665,14.25,8.41
17.883333333333333,12.45,9.12
4.26171760084447,1.25,4.82
16.7,11.63333,14.67
16.1,21.51667,3.09
22.33333333333333,1.4,2.16
15.333333333333334,6.05,2.56
16.116666666666667,15.23333,13.27
12.833333333333334,0.2833333,7.07
2.883333333333333,15.88333,10.36
10.899542534429443,2.683333,5.21
16.883333333333333,2.1757448329139124,5.43
20.23333333333333,0.35,7.05
16.416666666666668,11.26667,4.47
17.183333333333334,1.6217143796693623,2.334490995572414
15.283333333333331,33.226926463855335,4.56
17.533333333333335,11.26667,37.932441578758876
8.066666666666666,16.88333,5.43
17.966666666666665,1.216667,1.95
14.75,4.855375148367802,4.81
9.833333333333334,5.95,10.34
18.366666666666667,2.033333,13.51
8.25,15.61667,5.36
16.55,19.11826567404777,47.08330391079187
8.4,13.28333,7.58
12.333333333333334,88.45247621086723,25.851530296369457
15.483333333333333,40.285186150006076,9.76
19.683333333333334,17.08333,11.19
14.816666666666666,29.814169346897483,47.11987231943291
19.6,11.040505070658712,8.815659449810628
19.566666666666663,16.31667,11.5
15.85,18.505380431059216,9.49
17.7,12.11667,9.44
19.15,12.38333,12.74
11.183333333333334,7.691216459999921,5.1
7.033333333333333,12.534703691363218,6.274274010034278
15.683333333333334,5.583333,29.670778293798215
18.05,14.08333,8.52
17.216666666666665,16.43333,6.34
15.183333333333334,2.866667,3.96
17.116666666666667,3.383333,15.57
18.383333333333333,45.796336903254975,8.2
13.8,16.33333,10.84
19.15,1.566667,4.34
15.616666666666667,4.483333,8.67
16.166666666666668,16.03333,11.04
21.05,23.091356762969493,5.29
5.033333333333331,11.98333,3.04
4.416666666666668,5.116667,18.55
14.783333333333331,14.58333,12.35
17.216666666666665,9.733324780472342,7.352151436537969
16.733333333333334,13.53333,6.62
11.052065568619582,18.25,5.52
23.187438264465406,12.03333,33.02
16.366666666666667,0.9,0.79
18.53333333333333,10.243346847473813,12.22
23.35,1.7506580518833514,4.3028866469357165
21.133333333333333,1.716667,4.35
21.65,16.43333,21.14
18.466666666666665,10.9,53.506337762558836
15.816666666666666,7.55,4.63
13.566666666666666,1.583124064375799,12.3
18.166666666666668,8.102978834466079,4.33
3.2333333333333343,11.11667,18.220154025901575
17.666666666666668,14.83333,16.88
22.466666666666665,3.3669699698172333,3.95
0.6666666666666679,25.250437948743077,17.54
18.066666666666663,0.42686984544635603,2.78
20.65,16.43333,5.98
16.55,11.85,13.85
16.116666666666667,26.25,32.31262004476972
1.8998773875010855,1.833333,3.61
12.783333333333331,12.942673398736753,6.54
12.433333333333334,1.133333,2.62
22.683333333333334,4.2,7.0
14.316666666666666,22.41667,18.706442089390475
22.8,8.065085024662407,6.77
21.5,2.316667,10.688496761247515
13.733333333333333,11.95,11.27
22.216666666666665,14.734242251150985,3.71
22.55,14.742684841766245,70.58335514704929
17.583333333333332,1.816667,28.549037745280657
14.283333333333331,14.48333,9.16
16.483333333333334,23.38333,6.75
23.516666666666666,2.533333,6.26
11.216666666666669,3.5,15.32175627760589
16.166666666666668,15.11667,2.58
21.98333333333333,4.166667,7.06
23.3,8.25,10.43
0.25,11.784988590299891,50.40437976286281
23.53333333333333,4.924481482031444,15.14
1.0166666666666657,16.73333,42.45534749670885
23.06964226399674,16.96667,3.36
18.316666666666663,13.93333,17.44
1.6491703251915162,1.533333,4.41
21.066666666666663,20.18093593242987,21.84
17.8,39.21667,19.41
17.116666666666667,12.96667,10.06
19.166666666666668,16.41667,11.206069046508055
15.05,31.737503913862387,6.06
13.816666666666666,19.8825274574462,4.64
15.5,2.0,6.52
17.416666666666668,12.69733829454819,38.37
14.5,0.85,1.9937693934817797
19.3,0.8166667,3.21
17.433333333333334,14.35,26.99
22.716666666666665,9.1,16.654150567513422
17.35,1.1,3.59
20.866666666666667,14.68333,16.93
19.83333333333333,2.383333,9.36
18.53333333333333,0.6166667,4.19
19.95,16.65,23.13
21.85,10.0,6.72
17.1,4.3,2.134406180200167
16.816666666666666,46.25,17.430234217243267
16.866666666666667,0.4,5.68
11.25,1.716667,31.323668643727434
13.683333333333334,14.66667,7.66
20.916666666666668,22.746129639057617,33.09837683299556
16.216666666666665,8.111114252986773,20.15
14.866666666666667,10.05,17.61
14.783333333333331,1.816667,4.33
15.366666666666667,16.43333,14.83
21.166666666666668,9.216667,1.47
18.416666666666668,22.16667,5.445111347965896
17.866666666666667,15.31667,6.93
3.6999999999999993,1.066667,13.39
21.73333333333333,15.982698387894638,17.26
19.0,117.31289042682802,17.27
21.45,0.3666667,25.764659433057535
20.15,16.45,5.45
20.75,15.35,3.02
1.9333333333333336,1.1887606105176334,4.22
16.533333333333335,9.316667,14.77
19.116666666666667,8.726597625379526,4.55
18.133333333333333,39.78840938192266,1.4
15.6,65.33111264181723,23.08770133655518
16.6,3.907618770705035,2.3074627880193295
4.316666666666666,9.166667,22.088984336790162
15.666666666666666,11.33333,2.12
16.0,10.33333,6.98
17.166666666666668,13.53353240029046,3.37
5.011243133471481,14.63333,5.84
17.683333333333334,20.78333,11.28
12.3,20.93333,1.72
14.75,3.3342222459395345,3.35
17.033333333333335,17.2,13.27
21.3,15.61667,12.658909270886797
19.83333333333333,36.3703425217109,16.74
4.466666666666669,13.86667,8.41
11.933333333333334,3.45,4.82
12.75,14.2,12.55
16.733333333333334,26.086066556822807,26.81160678260261
0.9499999999999993,43.281940272461355,6.08
14.116666666666667,2.0890490319658372,1.94
22.28333333333333,34.69304862690206,15.89
17.65,14.06667,49.44331408075057
20.9,24.2,10.97
21.166666666666668,2.883333,12.41
16.816666666666666,19.9,32.44
15.7,0.7833333,1.38
11.983333333333333,8.183385989839582,54.95171479828423
19.3,5.633333,8.482311361653265
2.6000000000000014,13.08333,22.515206323943566
18.05,45.67301997925103,27.191657598435413
20.9,10.6,23.02
21.416666666666668,11.93333,19.5
20.0617536925929,3.083333,15.62
6.55,0.4166667,3.61
16.133333333333333,0.45,1.49
2.2166666666666686,16.978687135309098,58.05
9.05,2.0,4.45
0.11666666666666714,19.58333,9.38
12.533333333333331,38.16667,6.86
23.0,18.15,17.55
20.2,2.416667,20.43
15.966666666666669,0.7666667,3.76
18.9,13.054950255580792,5.45
18.066666666666663,2.7669466693588363,17.48
21.8,1.983333,8.04
18.183333333333334,18.26651318226422,4.47
14.933333333333334,16.88333,9.74
15.8,13.15,4.935053380157333
5.033333333333331,14.76667,5.46
17.716666666666665,2.2362053923866596,19.23
16.35,11.68333,6.5
17.216666666666665,4.766667,7.24
2.3134591642830244,1.116667,3.45
7.183333333333334,6.233333,6.36
14.55,14.81667,24.64
12.25,3.666667,6.36
21.45,13.48333,26.329150596538092
19.618167031418125,9.700457448438222,11.07
16.283333333333335,0.5166667,2.37
22.416666666666668,7.7,8.49
20.9,14.51667,26.13
19.4,7.5,11.47
14.266666666666667,14.35,15.86
15.983333333333333,0.7666667,2.5
19.25,34.31667,34.0088577442686
21.08333333333333,1.116667,5.46
16.866666666666667,10.53333,8.7
18.116666666666667,8.683333,23.86
19.5,25.11667,27.32
23.666666666666668,17.58333,14.78
21.050096331499418,17.88333,9.98
16.116666666666667,12.187055111421945,55.74853639467153
19.316666666666663,30.11667,9.37795430221362
9.233348570035012,0.4,21.47
18.716666666666665,4.866667,39.05236919104587
15.466666666666669,15.18333,9.47
8.88953080849169,1.183333,12.032833767421543
18.216666666666665,11.554719888708782,6.56
18.28333333333333,10.15,6.442996914458927
15.666666666666666,1.5,3.18
21.133333333333333,14.240991614111143,16.86
16.816666666666666,2.683333,9.11
22.15,14.3,6.9
22.550731737110862,17.849463541096654,38.55970296016894
22.53333333333333,45.48333,8.24
16.283333333333335,1.183333,10.21
16.366666666666667,18.31667,7.17
18.266666666666666,9.889920510940359,10.16
18.066666666666663,6.816667,10.76
15.4,16.4,24.85
3.5500000000000007,13.25,5.36
18.2,6.533333,25.382466284835246
12.416666666666666,18.48402643724685,23.78
22.683333333333334,12.0,28.93
12.3,2.083333,8.38
15.716666666666669,4.783333,3.92
21.58333333333333,13.51667,6.7
19.433333333333334,14.800429166385864,14.38
22.05,7.366667,24.85
7.129899616778615,1.566667,3.46
19.85,11.7,2.42
20.4,12.55,24.37048356440384
15.266666666666667,17.16667,9.11
20.85,4.233333,8.43
13.3,42.78494801170854,2.99
17.3,9.35,6.35
1.2333333333333343,37.5,23.85
17.5,89.25301679311958,19.338348955526016
19.23333333333333,1.316667,5.1
12.516666666666667,14.5,13.22
22.45,15.9,16.69
16.735852360179706,1.833333,4.81
21.35,10.91330299820558,7.8
12.233333333333333,15.71667,12.89
0.18333333333333357,19.60049205624068,8.16
17.266666666666666,10.38333,7.88
20.516666666666666,16.38333,48.95
11.833333333333334,9.333333,11.21
15.166666666666666,1.8,4.88
16.05,2.316667,4.32
7.816666666666666,0.3,1.63
17.916666666666668,16.83333,14.52
12.2,1.2,3.63
19.35,14.16667,14.4
21.35,31.22754399659093,23.980771425084676
17.7,18.34836301723222,12.42
19.183333333333334,8.943237247297771,1.75
14.8,5.483333,9.33
21.85,17.66667,14.51
22.15,3.15,7.11
16.133333333333333,11.38333,5.37
1.25,9.548578237008787,4.1
18.516666666666666,1.633333,7.43
7.5,1.083333,7.64
19.683333333333334,15.86667,7.87
2.137913831662445,7.9,17.9316759746382
14.433333333333334,16.01667,8.61
15.55,14.38333,7.03
16.833333333333332,3.3669590690731384,4.41
15.166666666666666,18.263548150837146,12.39
14.816666666666666,28.488448719645902,15.08
20.733291518462643,12.11667,31.833492435556835
21.75,3.583333,24.52
16.766666666666666,0.2833333,1.323852633521892
22.78333333333333,1.633333,3.76
9.116666666666667,5.949330666167571,12.21
16.65,5.066667,45.1668877759669
19.65,20.558673180754443,3.44
22.266666666666666,23.237726514739077,21.133641758328306
17.516666666666666,36.40088322262412,9.62
16.15,25.98333,12.57
3.4333333333333336,25.5153571050643,5.14
18.566666666666663,10.6,16.16
2.2666666666666657,3.033333,8.858026766497641
17.866666666666667,2.3,3.7937867002328858
22.133333333333333,10.88333,14.61
20.916666666666668,21.2,18.885747447409667
18.4,15.3,12.63
22.73333333333333,13.86667,28.977500456988345
15.833333333333334,8.216667,4.33
0.8333333333333321,13.256558896528462,21.259696993906985
21.33333333333333,9.939581199839987,5.58
16.466666666666665,12.01667,6.37
8.816666666666666,14.65,9.08
19.316666666666663,21.03333,24.150957157695665
17.483333333333334,15.26667,2.19
16.6,0.642808612226552,1.54
13.916666666666666,2.583333,16.27
21.116666666666667,3.8,7.73
18.8,6.216667,6.44
19.683333333333334,3.666667,10.9
23.23333333333333,1.15,6.53
16.15,9.45,5.61
11.766666666666667,10.73333,8.11
9.65,0.80070723912252,2.65
21.3,17.75,4.622660791941453
20.216666666666665,20.85,10.91
20.516666666666666,0.6166667,2.57
13.033333333333331,0.4833333,1.14
16.816666666666666,15.25,22.6
7.783333333333333,13.58333,3.73
22.7,16.15,10.619159671221858
6.11619515120304,6.583333,24.909142027872146
19.3,5.683333,15.08
3.8123361973028906,69.5714503733364,24.9
21.5,17.6,53.601349869831466
22.48333333333333,14.98333,5.46
16.433333333333334,1.583333,3.44
20.15,13.21667,13.84
0.33333333333333215,10.503140415993814,9.2
18.48333333333333,11.605026182571851,13.042240840326993
15.066666666666666,14.6,3.99
20.316666666666663,19.51667,3.919641323648393
14.833333333333334,18.505289083556455,16.16
19.116666666666667,1.616667,6.43
21.553057238193286,6.2,8.99
13.933333333333334,0.4666667,1.44
16.233333333333334,2.8,14.02
14.4,3.1,2.49
15.016666666666667,14.93333,4.68
21.416666666666668,69.08208772897402,32.77366099147126
14.75,13.78333,5.29
3.230819935672237,10.01667,22.84
21.183333333333334,14.474466015466675,5.54
21.73333333333333,11.5,12.84
1.6833333333333336,5.692336910690092,4.16
14.333333333333334,13.96667,8.78
16.466666666666665,10.62371375264255,15.76
16.533333333333335,4.266667,8.95
16.75,4.8650509502889445,5.55
18.65,21.043138684678254,13.5
16.316666666666666,8.183333,14.69
19.966666666666665,17.727225208715428,11.73
15.85,1.783333,6.12
18.566666666666663,16.86667,10.14
12.533333333333331,3.033333,3.13
16.116666666666667,2.116667,5.69
19.066666666666663,0.95,2.72
20.8,13.8,6.9077644521184265
20.366666666666667,12.88333,7.67
14.1,1.083333,3.54
16.333333333333332,8.666667,8.95
19.58333333333333,11.936081755507518,14.87
12.266666666666667,12.05,25.22
12.2,16.58333,8.146020867733752
6.866538633590002,2.316667,10.19
17.75,13.48421648056579,11.22
15.416666666666666,19.45,12.12
16.066666666666666,1.116667,1.97
18.65,2.933333,2.93
22.183333333333334,3.466667,16.22
1.5,17.43886796526489,30.167901545476635
21.83333333333333,17.13333,10.68
14.45,19.13333,7.471473655379377
18.3,3.85,27.54610171383945
22.78333333333333,3.366667,7.31
14.65,2.55,6.8
19.466666666666665,18.53333,6.12
20.6,21.9,13.35
12.833333333333334,13.85,7.73
12.8,24.61667,10.80086560683325
18.116666666666667,21.48686612684464,18.24
16.916666666666668,5.551380462508086,7.81
6.033333333333333,4.716667,8.0
7.866666666666667,10.8,4.95
21.366666666666667,13.35,8.63
16.8,10.81667,5.27
17.9,2.364812792227236,2.7
14.85,10.03333,6.09
12.516666666666667,18.41667,2.9328292030049488
10.45,9.966667,4.94
12.1,7.683333,5.727158580373508
16.9,1.066667,4.08
20.2,2.0500543487498786,30.592541908943094
19.83333333333333,2.65,5.45
21.816666666666663,15.100745426413399,6.9
20.53333333333333,12.973066416875207,16.5
23.3,15.05,7.18
0.4752030650051893,21.91667,19.431017777891828
11.666666666666666,8.435581842596285,3.56
11.4,15.697953791577856,6.4
15.45,3.05,14.960154518135823
10.916666666666666,4.079201803186623,6.55
15.883333333333333,11.63333,7.76
14.666666666666666,89.07828665741904,12.47
1.0833333333333321,3.116667,11.99
8.3,2.466667,14.906038632760756
16.166666666666668,10.8,6.26
14.55,15.31667,6.34
20.9,17.05,32.345726606501266
18.55,24.031811065627174,14.61
21.966666666666665,20.86667,20.08
23.03333333333333,14.0,28.84
16.9,1.633333,6.06
16.916666666666668,15.36667,16.878251059860922
21.933333333333334,14.51667,4.79
15.466666666666669,17.31667,11.28
14.566666666666666,0.7683603368088694,1.27
20.966666666666665,9.067598704189967,12.42
23.247671358411026,14.6,19.636713343902958
19.23333333333333,10.880370245530816,14.32
16.066666666666666,1.0,12.26
13.316666666666666,8.083333,14.16
7.4,1.366667,5.66
8.116666666666667,1.6422809072861062,5.28
14.766666666666667,8.731273696446403,6.78
18.866666666666667,17.542928096358583,16.6
14.75,15.69361,8.15
17.816666666666666,69.16606688918893,9.051917340033688
12.55,1.633333,2.52
1.9847174681019801,13.26667,41.27568486176897
16.766666666666666,3.616667,6.36
18.8,8.783333,5.65
20.3,12.549852355213067,8.6
8.633333333333333,7.466667,24.48971834575059
18.466666666666665,18.60675934415795,8.73
7.7,0.25,3.52
2.383333333333333,22.36667,4.49
21.166666666666668,8.916667,39.510663022911174
16.4,16.872017233393045,17.47
10.483333333333333,9.2,4.44
23.816666666666663,17.38333,7.45
22.85,14.96667,18.1
22.366666666666667,26.2,8.34
11.416666666666666,1.5937269512832677,6.21
10.183333333333334,1.133333,4.7
20.48333333333333,1.216667,2.68
16.6,3.016667,4.46
16.916666666666668,11.7,22.21
15.55,14.11667,7.02
17.6,19.46667,12.67
7.883333333333333,2.45,19.4
18.0,3.45,9.7
8.3,20.38333,11.78824837258784
16.033333333333335,0.8666667,11.328778019465972
22.6,16.285333509780184,14.63
15.933333333333334,13.13333,6.36
17.4,18.4,4.83
20.23333333333333,7.970929569747229,2.19
18.313109098611065,14.386054985264607,14.05
19.75,12.149437394766423,6.27
0.4499999999999993,20.33333,15.53
2.5500000000000007,4.233333,5.55
17.166666666666668,12.36667,7.9
16.983333333333334,12.15,10.93
22.9,4.566667,6.51
14.716666666666669,15.34002210595627,6.24
19.2,22.16667,26.606307690227403
18.0,3.533333,4.93
10.633333333333333,95.81930135105604,9.25
16.45,19.060749352763516,7.02
22.316666666666663,22.66667,15.27
18.5,45.68030315616167,7.22
22.85,10.55,5.01
16.15,10.96667,2.81
10.783333333333331,9.766667,0.75
16.016666666666666,0.95,1.21
15.516666666666667,14.25,4.87
14.233333333333333,8.05,5.49
21.633333333333333,8.2,9.06
14.916666666666666,9.083333,7.34
21.316666666666663,0.6166667,1.68
14.033333333333331,22.32778,9.66
18.683333333333334,15.06667,7.21
14.95,9.116667,5.78
10.0,9.166667,4.97
19.3,0.2494691960808038,9.25
17.033333333333335,2.566667,7.41
22.0,20.99896285410329,38.49130519259721
19.05736571622983,17.06667,25.63
14.716666666666669,1.666667,12.52
15.433333333333334,14.21667,27.11081975078676
16.05,22.96667,19.59
19.95,16.05,18.98
13.5,0.6,23.613656570736783
14.716666666666669,16.46667,8.83
7.4,0.5666667,10.412556717724074
18.45,16.35,8.96
3.5,26.468821597218355,9.74
8.737074287277936,3.083333,4.12
21.966666666666665,16.11667,7.89
20.2,21.336049397000554,11.17991768833017
8.983333333333333,4.3,4.0
20.866666666666667,10.75,11.754058438653592
22.416666666666668,16.03333,12.44
16.366666666666667,15.1,7.67
22.366666666666667,10.63355113869739,9.5
20.08333333333333,18.11667,8.04
19.0,20.75,7.65
10.873060321484324,2.133333,14.05
15.966666666666669,43.282089974592616,7.47
1.7833333333333314,20.76667,13.26
15.816666666666666,6.366667,32.44
21.366666666666667,9.083333,4.75
11.2,1.533333,10.03
16.75,11.0,2.04
20.25,1.333333,4.32
16.166666666666668,16.91667,7.65
22.78333333333333,14.93333,12.17
22.866666666666667,35.591443498969795,6.22
6.193427695516827,14.55,11.84
14.9,1.916667,5.95
17.883333333333333,19.23333,3.95
17.8,0.9,1.79
14.616666666666667,11.368392701836314,7.4
20.683333333333334,17.66667,8.98
16.483333333333334,14.654782621968362,8.09
21.466666666666665,4.028401637386552,9.93
22.166666666666668,16.81667,32.45275874287123
5.949999999999999,2.266667,23.83451540513197
21.45,13.91667,7.97
17.0,13.31667,37.29
17.6,25.83333,14.96
21.83333333333333,1.9651086362503012,14.86
21.366666666666667,5.616667,4.48
23.65,112.44422164914322,19.88
5.683333333333334,3.866667,2.66
23.433333333333334,3.1,40.67179601442768
17.633333333333333,15.2,6.29
19.35,16.51667,7.65
16.416666666666668,1.433333,4.46
4.716666666666669,12.25,9.71
11.2,2.129755527104969,11.13
18.95,15.413296112442652,26.17
17.766666666666666,1.55,2.34
16.516666666666666,12.36667,17.26
15.683333333333334,0.6666667,0.53
18.78333333333333,4.766667,12.67
19.25,11.73333,4.93
23.433333333333334,16.41667,16.56
2.616666666666667,7.15,4.91
6.9,13.064603589671764,8.73
23.666666666666668,13.882802534937243,21.28
21.016666666666666,14.591843241348322,7.2
19.8,14.5,2.63
21.666666666666668,21.75,38.45
19.916666666666668,3.423438602078678,18.71
22.5,18.1,2.94
16.766666666666666,4.3512658397109725,4.18
11.133333333333333,0.8162919837290682,1.6
16.2,11.953485783070194,5.7
17.866666666666667,12.159663153889984,13.72
19.966666666666665,19.8811234196867,19.31
15.133333333333333,4.4,14.84
13.983333333333333,13.75,13.27
16.15,0.6166667,3.72
13.383333333333333,16.85,4.49
22.866666666666667,12.28333,18.96
17.933333333333334,13.7,6.16
20.98333333333333,1.016667,10.37
16.433333333333334,38.73333,12.0
10.933333333333334,19.1,7.64
16.933333333333334,14.55,32.235699901608754
16.266666666666666,12.95,6.35
14.05,1.4,7.09
22.633333333333333,2.6,2.04
18.933333333333334,18.98333,52.74218348663766
17.0,14.03333,3.83
19.883333333333333,9.25,6.600481870712247
22.78333333333333,2.133333,18.47
20.58333333333333,14.93333,23.727995875002815
17.883333333333333,10.01667,6.21
13.3,0.5847968144628342,7.44
17.5,6.066667,28.84972413261654
16.816666666666666,10.56667,6.61
17.416666666666668,14.96667,12.05
1.4499999999999993,62.91716450618082,18.173136639210863
19.216666666666665,46.27020185381405,13.06
18.73333333333333,17.48333,2.78
16.233333333333334,18.7,16.08
11.066666666666666,36.683307109353045,43.90635403881082
16.516666666666666,0.5833333,4.61
13.566666666666666,0.17251500948267576,0.57
18.98333333333333,7.55,28.17
15.35,12.457185843200614,9.11
15.266666666666667,20.684048561421143,25.52
16.65,15.61667,6.98
15.983333333333333,5.013947737196971,7.14
19.25,11.56667,23.77
1.0865727662773352,17.6,22.96
21.266666666666666,9.071817318386639,4.11
18.75,13.78333,14.034989438790362
15.566666666666666,12.36667,11.38
8.016666666666667,3.3,5.09
16.95,2.2774072911943932,6.53
16.966666666666665,1.35,1.6
17.966666666666665,14.15,4.49
17.026454692686578,13.68333,1.53
13.066666666666666,10.122380809363355,7.11
14.766666666666667,8.35,9.32
21.266666666666666,15.78333,5.47
4.300000000000001,35.67303789228161,26.08
16.883333333333333,1.1174071684070264,6.78
15.866666666666667,73.6094679287711,27.49
23.75,23.598973024793537,13.74
4.6364639510095,4.4,9.76
14.316666666666666,17.03333,20.92
17.533333333333335,15.46667,2.1
18.916666666666668,14.56667,35.03324929861817
22.45,99.56779407972157,13.71
10.533333333333331,2.3,6.83
17.033333333333335,8.2,2.41
14.55,0.628626725897062,8.7
19.35,12.48333,2.8
23.55,11.41667,15.450936760338955
20.466666666666665,11.41667,8.24
15.433333333333334,19.174777298986495,5.57
14.883333333333333,8.65,4.07
15.983333333333333,0.5333333,1.97
15.116666666666667,21.66667,28.877374050647486
17.033333333333335,2.35,6.9
19.53333333333333,18.1,8.5
18.95,12.23333,5.71
22.666666666666668,14.6,18.21
20.966666666666665,6.616667,5.65
9.3,4.383333,6.563824604009278
17.05,4.666667,6.9
22.916666666666668,18.05,9.53
21.616666666666667,10.73333,18.58827800266212
17.4,11.61667,26.22
23.08333333333333,42.978591092346946,15.642530865950976
20.1,11.61667,7.23
20.83333333333333,1.35,42.46082303851843
14.266666666666667,16.9,14.23
14.533333333333331,15.13333,11.726774850254879
17.366666666666667,13.2,5.61
15.083333333333334,2.9931251352641777,11.12
16.3,5.7,17.04
0.2666666666666657,12.73333,4.85
21.133333333333333,14.8,15.73
19.75,16.351848054464888,20.58
12.420642821774527,2.4127864951932914,18.39
21.25,0.8666667,1.52
17.0,0.8333333,3.76
20.33333333333333,3.416667,4.32
17.233333333333334,2.116667,32.03667742282385
16.65,62.66667,25.52
15.566666666666666,14.96667,4.9
15.583333333333334,19.231201120430704,3.67
20.53333333333333,34.11215490131469,22.887445931392723
15.45,1.816667,10.58
21.133333333333333,2.933333,1.31
20.98333333333333,18.61667,25.96
17.916666666666668,19.86667,28.996665185717866
17.85,3.383333,10.28
22.58333333333333,4.166667,6.22
16.083333333333332,21.05,13.17
18.95,89.76475534613856,5.77
10.733333333333333,9.916667,8.71
19.5,12.499422298041372,9.03
23.33333333333333,0.6833333,4.43
15.733333333333333,19.1,13.91
18.65,15.75,4.9
3.7333333333333343,14.63333,6.21
12.466666666666669,1.366667,3.14
14.183333333333334,11.468290630804312,9.01
20.05,18.21667,28.464324912580196
9.824818692018258,4.366667,6.16
17.3,14.06667,5.964546347972937
14.05,5.133333,20.21
14.766666666666667,4.35,17.65
15.2,9.433333,11.89
17.733333333333334,12.1,15.61
17.766666666666666,14.33333,13.0
21.816666666666663,19.36667,26.205773555510678
20.35,13.26667,18.61
3.0748218221400734,1.833333,6.09
17.05,15.73333,14.95
15.1,21.23333,13.99
20.966666666666665,40.161914989378374,13.77
20.633333333333333,0.5,1.2198737135599367
18.866666666666667,9.916667,39.78282181898598
23.366666666666667,20.85,34.540524367277975
22.1,2.35,4.823985589211807
18.816666666666663,16.33333,13.08
20.78333333333333,0.4833333,4.31
11.9,14.2,14.219297221472953
9.116666666666667,14.91667,5.09
16.083333333333332,14.45,6.79
18.2,2.266667,6.93
15.483333333333333,18.55,10.18
16.293292866832054,12.53333,11.23
20.0,50.75199249340554,21.58
13.633333333333333,1.65,2.57
13.333333333333334,12.36667,29.347583330855706
16.55,9.633333,10.7
23.05,19.96667,35.50021003697533
14.15,0.9166667,6.69
0.3500000000000014,11.51667,9.65
19.133333333333333,14.75,14.435581614375113
16.633333333333333,15.795916411024834,33.03
3.0333333333333314,15.25,5.72
14.433333333333334,14.9,1.45
19.616666666666667,22.91667,13.48
12.55,14.61667,2.88
22.433333333333334,12.23333,48.227894049147146
22.2,13.38333,27.18419605828356
15.816666666666666,7.466667,11.17
3.866666666666667,18.36637904479845,23.5
19.666666666666668,1.35,7.09
15.283333333333331,26.0,10.97
23.48333333333333,16.51667,19.75695774704451
0.21666666666666856,21.8,6.71
18.2,6.1165227630692165,3.26
20.83333333333333,0.5,24.21753736088518
14.65,0.9560489042909528,4.11
10.694238763376779,14.81667,10.97
14.316666666666666,12.9,7.94
13.616666666666667,1.766667,3.4
3.491010753442243,9.533333,11.07
23.54137857459864,13.68333,47.532872425769455
14.9,0.8775615911236778,5.36
21.683333333333334,11.06972,9.2
16.783333333333335,21.26667,13.48
15.533333333333331,6.7,6.44
17.2,14.01667,12.9
19.366666666666667,27.740518236601115,5.4132831159140915
22.0,11.13333,7.85
18.05,8.933333,16.55
18.23333333333333,3.583333,13.38831692563137
16.466666666666665,22.1,24.25
8.220235804123513,6.75,24.78
14.966666666666669,5.133333,5.02
16.916666666666668,10.55,4.57
17.616666666666667,2.25,5.34
0.5333333333333314,17.66667,4.1
19.78333333333333,1.7330327375513566,14.69
16.8,14.35,8.48
17.133333333333333,20.893133107472394,38.35512424937682
18.383333333333333,1.316667,5.71
21.7,10.9,7.56
16.1,8.016667,9.49
19.616666666666667,19.01660840401515,14.66
10.5,1.730212418301816,2.275243374556303
13.55,11.08333,6.06
16.35,4.266667,2.5242996649025007
16.266666666666666,13.26667,2.75
16.6,1.954167,7.32
19.816666666666663,45.51335207358322,6.72
3.7333333333333343,4.8195034902268,5.35
22.9,1.266667,4.85
15.683333333333334,10.35,20.07
20.25,3.783333,4.02
16.583333333333332,3.883333,8.29
22.35,3.083333,6.04
15.983333333333333,13.08333,6.77
18.666666666666668,12.05,21.84
16.7,12.28333,8.87
23.85,14.65,16.68
13.966666666666669,1.4614134806747856,3.2
18.393604508926607,8.85,9.81
21.3,11.544101669718632,50.45
19.23333333333333,7.683333,17.59
22.9,3.5424282538049967,15.89
18.64667518230805,4.316667,44.49439761967398
13.233333333333333,8.85,17.67
22.78333333333333,16.05,8.02
18.08333333333333,10.50128983505232,5.2535344631690535
0.8166666666666664,8.416667,3.08
20.53486444038329,17.28333,4.59
22.4,20.938259705467477,13.78
20.23333333333333,10.68333,31.346081113603432
18.73333333333333,11.907126431674147,2.59
19.4,13.63333,6.25
19.016666666666666,32.68240287462956,12.321522748344577
16.45,9.617127909216624,57.69
18.15,15.65,11.05
14.483333333333333,4.533333,5.87
18.75,10.21667,6.39
17.083333333333332,3.066667,15.35
15.95,2.421849912105526,2.52
16.3,11.22445850358825,3.72
22.616666666666667,22.93803793670418,39.17
15.666666666666666,17.66667,7.81
16.85,15.83333,18.152118347308132
20.966666666666665,67.3846765579976,20.62
16.383333333333333,14.5,8.69
22.466666666666665,13.13333,8.71
3.0333333333333314,18.33333,15.643890474438669
15.9,8.9,19.07
19.33333333333333,4.25,7.21
23.383333333333333,16.38333,7.564896880935412
14.583333333333334,14.738609693869384,7.57
0.36666666666666714,1.266667,12.877794325174765
15.683333333333334,14.91667,9.07
20.33333333333333,15.93333,17.86
17.016666666666666,3.95,24.68
17.25,4.410499742961348,8.850225319026503
17.583333333333332,19.614672804525934,2.47
16.433333333333334,75.1097265606333,5.72
3.6144306052490727,9.6,17.26
17.2,20.667786137593993,5.31
18.916666666666668,4.983333,6.041013129162602
22.58333333333333,4.7,13.749549081253354
15.5,11.51667,9.65
1.0,15.83333,33.12
11.15,2.4,1.69
20.7,20.21667,8.2
22.48333333333333,13.53333,19.12
16.316666666666666,0.1955556,0.72
19.00317265709891,11.8,12.23
20.78333333333333,15.01667,19.0
15.95,12.5,13.93
14.183333333333334,3.516667,7.27
15.883333333333333,2.833333,5.29
18.45,16.21667,11.64
18.53333333333333,15.91667,23.1
22.916666666666668,10.583774785570975,18.4
14.416666666666666,7.3,5.25
17.533333333333335,19.423957777412486,7.41
20.466666666666665,1.3727329021345498,22.336842515894677
17.683333333333334,23.482943748943793,51.27610104360152
18.183333333333334,17.66667,8.12
18.58333333333333,1.4,4.42
23.8,21.685841968290735,7.253157386467792
10.616666666666667,24.5907118281052,4.29
15.516666666666667,19.53333,8.98
16.266666666666666,1.6,24.67
15.983333333333333,5.07105513641376,4.65
5.5685625295819285,9.4,27.67
20.03333333333333,4.615165160073095,8.51
19.316666666666663,17.61667,16.26
3.3000000000000007,17.11667,25.212006513501983
10.116666666666667,8.483333,7.75
15.75,10.580580648177236,12.634530429705046
16.516666666666666,9.0,13.31
19.9,9.633333,17.33
18.683333333333334,3.705628305709403,22.79712921606377
9.45,0.25,0.54
15.533333333333331,13.6,5.91
21.016666666666666,2.65,5.34
17.15,11.550240803177767,12.25
20.9,33.788085178106186,19.9
20.433333333333334,3.1,15.13
17.333333333333332,8.516667,7.94
16.15,3.7331159509127283,36.52891494201031
17.216666666666665,12.96667,21.620444403463043
14.325070366559764,9.3,13.166530747343787
19.883333333333333,2.9585889725150403,12.05
17.733333333333334,35.79959724082081,10.84
16.816666666666666,9.666667,4.42
16.433333333333334,5.616667,14.15
14.883333333333333,12.1,8.13
20.65,1.866667,4.87
22.366666666666667,17.06667,36.71783274556743
19.35,19.33333,8.44
20.53333333333333,13.41667,12.86
20.216666666666665,13.53333,10.58
8.516666666666667,12.45,5.15
12.616666666666667,2.683333,7.152641362079885
15.25,0.8333333,2.09
17.116666666666667,6.866667,4.56
20.03333333333333,8.433333,17.13
19.516666666666666,40.27622894770807,18.26
16.8,23.95,8.58
19.65,6.466667,17.21
22.116666666666667,27.773234341816313,23.48386933272239
17.633333333333333,9.683333,5.52
19.2,70.48020202893595,5.92
4.550000000000001,11.61667,11.87
22.4,14.0,15.27
15.1,23.300963052617156,6.32
15.166666666666666,15.458182504505364,9.35
12.216666666666669,0.95,11.54
19.816666666666663,18.86667,15.62
20.683333333333334,9.966667,8.17
17.433333333333334,17.45,10.64
17.033333333333335,9.616667,21.21
21.566666666666663,24.511695085858168,27.785477604942862
20.6,15.96667,15.63
22.95,12.71667,19.78
17.633333333333333,40.35,5.04
19.9,14.43333,8.42
12.616666666666667,6.866667,26.982833883001003
23.716666666666665,9.05,12.11
19.6,11.08333,3.14
12.766666666666667,17.01667,7.69
15.483333333333333,15.5,2.6
16.15,6.038067967204232,9.96
20.5,21.53333,50.57752478483436
13.333333333333334,1.833333,3.67
14.55,1.0840745749823573,2.63
21.58333333333333,6.933333,19.59
19.316666666666663,7.416667,7.15
20.35,12.85,6.51
16.583333333333332,18.1,13.23
0.9833333333333343,38.89934486622391,6.08
16.316666666666666,0.4,1.87
19.466666666666665,15.456910522587279,50.05248099671211
17.183333333333334,8.084551771568227,30.47666456169216
13.9,19.8,2.75
17.65,23.71667,14.05
17.0,15.85,26.0
4.162080330797956,13.56667,49.94180591067532
18.432468701411565,2.166667,9.77
16.2,13.76667,8.88
12.3,1.616667,4.84
14.833333333333334,23.45,10.28
20.816666666666663,5.133333,6.85
14.201027727861947,2.833333,19.601331245522015
14.85,1.883333,5.71
16.35,0.3833333,1.02
20.566666666666663,23.96667,6.96
12.083333333333334,0.2166667,1.06
11.483333333333333,1.866667,2.2
9.083209486813576,0.2833333,2.78
17.716666666666665,13.85,6.38
23.516666666666666,2.4,19.04
12.616666666666667,0.85,4.76
17.616666666666667,39.60869629421399,12.24
19.566666666666663,16.55,3.53
19.08333333333333,2.866667,17.807522099928462
20.7,14.16667,2.18
15.416666666666666,13.38333,14.03
19.683333333333334,14.38333,12.68
18.816666666666663,10.28333,15.89
17.833333333333332,12.26667,5.43
20.116666666666667,10.55,13.528901888462714
2.7666666666666657,20.6,5.48
15.433333333333334,4.1,2.41
9.7,13.55,8.53
17.05,20.486306558558553,7.86
14.966666666666669,15.11667,16.61185191984987
8.866666666666667,22.34885642681874,7.3625244950247
19.716666666666665,21.272810171741313,17.44
12.0843782522119,86.18733001807855,8.19
20.1,20.78159316509917,5.25
12.333333333333334,2.007894376647411,11.85
19.2,24.2,27.18
12.35,10.81667,8.03
10.6,0.3666667,4.06
15.033333333333331,20.58333,12.95
18.9,16.21169362525176,3.9
23.15,51.7,6.94
20.489725837621272,22.11667,9.79
22.8,4.6,8.55
15.45,9.966667,21.1474314504629
19.183333333333334,12.81667,18.41
19.816666666666663,10.484517411839708,7.13
15.783333333333331,14.3,5.0
11.034329547147594,9.65,6.87
17.416666666666668,13.75,16.87
17.65,16.55,20.4
17.983333333333334,42.26667,4.43
19.7,1.233333,13.13
20.5,2.433333,17.120301385431087
17.033333333333335,5.233333,7.23
20.95,8.661150380064365,37.29
18.2,39.390891343744364,15.15
16.25,19.41667,3.5161261597909035
18.566666666666663,10.25,12.68
17.933333333333334,17.33333,18.05
22.08333333333333,61.323989822517824,9.45
12.033333333333331,2.639309391477816,4.27
9.466666666666669,11.38333,8.03
13.166666666666666,11.85,1.37
14.7,4.0426694039690325,25.07397922402946
14.633333333333333,30.778089949936863,8.61
11.066666666666666,2.933333,4.96
12.916666666666666,1.666667,4.201322298081359
11.133333333333333,15.98333,14.15
15.216666666666669,40.15803561107727,6.25
14.783333333333331,2.4,23.774856519768946
14.116666666666667,5.55,4.3938764403644015
19.55,0.1666667,0.87
8.016666666666667,1.533333,1.944923955006525
14.966666666666669,15.4,7.18
16.4,6.033333,16.24
15.55,12.28333,6.18
23.683333333333334,2.133333,8.85
16.5,14.789762603161929,7.14
21.525186060963215,20.3,11.57
16.65,11.01667,15.96
20.516666666666666,6.0,10.98
15.3,1.15,3.18
11.066666666666666,13.273265234714069,8.02
17.25,18.18333,51.88
8.116666666666667,8.066667,4.51
17.333333333333332,13.41667,6.2
14.466666666666669,0.6666667,4.82
10.316666666666666,10.31667,12.33
19.183333333333334,92.59038008911463,12.2
18.966666666666665,15.9,3.8147792261140423
15.316666666666666,18.4,2.1011936607235113
15.1,1.333333,6.41
16.216666666666665,16.4322913284713,4.39
21.183333333333334,16.25,15.69
9.683333333333334,2.8,12.73
19.266666666666666,13.58333,7.5
14.733333333333333,0.4,2.81
14.383333333333333,3.65,4.36
13.09297609107986,19.93333,8.33
20.933333333333334,13.8,47.01591335525271
20.53333333333333,14.6,7.11
22.766666666666666,9.5,7.858061488328968
1.6182623663019804,17.855223292384487,14.55584723808337
18.883333333333333,20.41667,2.53
23.33333333333333,25.18333,22.47427959394874
14.5,19.2,36.85821904868121
19.45,1.316667,9.686157455598003
10.583333333333334,2.658665146955462,14.98
20.33333333333333,1.333333,2.32
17.216666666666665,16.18333,5.02
20.183333333333334,1.45,2.86
20.316666666666663,11.11667,31.73883175979601
19.28333333333333,3.9446337728513234,5.74
14.933333333333334,2.35,2.94
15.133333333333333,22.781829166020046,10.93
19.03333333333333,0.3166667,2.91
20.666666666666668,6.35,17.73
20.65,14.05,9.04
18.2,23.967114124786864,21.12163374052383
17.285398294173746,15.450439474060095,36.14
7.672188242855191,1.4440101387153674,3.16
14.95,11.46667,7.38
19.53333333333333,19.000657267440236,16.25
18.366666666666667,5.633333,4.11
14.983333333333333,11.93333,0.93
16.5,45.13333,25.887716469278093
14.283333333333331,21.938312592563648,6.84
16.1,2.583333,36.33
15.766666666666667,21.48333,7.25
15.966666666666669,1.716667,5.56
22.53333333333333,10.9,5.38
12.633333333333333,17.945672853789475,4.67833125606412
18.95,12.21667,9.98
15.066666666666666,0.3833333,1.54
12.9,3.416667,4.82
23.316666666666663,9.554337589638523,17.431688791992606
4.399999999999999,15.0,28.11
16.883333333333333,13.35,17.54
20.7,20.03333,18.16
20.48333333333333,16.35,11.85
17.766666666666666,13.41667,15.946084537804126
11.511657426701763,9.35,11.39
2.5,16.86667,6.73
15.583333333333334,17.56667,7.6
16.516666666666666,1.883333,7.64
13.6,11.91667,5.62
15.416666666666666,1.683333,4.783133950198535
16.683333333333334,15.6,6.81
20.15,11.25,21.16
14.938528706030047,4.45,4.81
19.683333333333334,14.26667,29.04
22.03333333333333,41.28333,6.708566513505764
22.816666666666663,9.700511282463369,20.009856369146146
23.28333333333333,1.45,1.33
16.616666666666667,4.2,5.515730056120082
15.483333333333333,10.81667,4.54
13.666666666666666,1.25,0.9122447974607348
15.083333333333334,8.816667,10.86
22.28333333333333,13.28333,6.15
16.733333333333334,1.75,3.76
17.883333333333333,18.83333,5.77
16.466666666666665,19.53333,9.37
14.8,11.960141892183719,2.45
13.566666666666666,1.9,1.27
20.683333333333334,4.728195376012313,24.790606253568548
16.933333333333334,19.28912738599558,9.52
16.416666666666668,18.35,12.7
1.4666666666666686,23.846139973764355,11.21
13.883333333333333,16.16667,18.35880070726853
21.8,21.68333,16.770879175402225
11.75,17.1,6.79
22.0,26.8,12.18
22.016666666666666,36.47199804820655,6.73
17.883333333333333,3.616667,20.99926142714452
13.183333333333334,7.283333,20.38426636928227
14.85,4.316667,12.46
13.966666666666669,12.06667,7.083530669002794
17.033333333333335,18.05,6.03
12.433333333333334,8.916667,14.16
21.9,13.03333,5.07
3.0,29.6,25.96
14.516666666666667,3.183333,7.87
18.79465733034449,2.616667,6.79
8.633333333333333,12.801672449818643,4.79
18.48333333333333,23.85,5.85
2.9589758369183983,18.015021310013736,12.303517666282133
18.0,14.56667,18.052102073803546
16.916666666666668,30.11667,12.05
16.670851364426685,17.51667,25.953371532897
19.566666666666663,14.86667,9.1
1.3833333333333329,25.25,44.86409045182168
16.333333333333332,1.5842491678855097,8.22
20.616666666666667,18.13333,14.06
20.7,11.184505105250501,17.686854266100564
11.516666666666667,1.58241685495448,2.23
0.5666666666666664,3.7,19.59
20.716666666666665,9.5,14.74
11.833333333333334,19.63829883815538,77.73802285846322
13.616666666666667,15.33333,12.69
10.783333333333331,2.083333,14.29
15.416666666666666,8.275729752758497,8.5
18.53333333333333,14.51667,6.42
10.164486333855407,1.5931206295073952,6.19
19.4,1.7790498207381742,6.68
17.15,16.16667,2.4363723717210815
17.666666666666668,15.58333,14.22
19.6,5.75,3.46
20.866666666666667,11.3,17.83
17.2,2.833333,8.004928560531699
19.73333333333333,2.916667,9.44
20.0,1.066667,4.7
18.433333333333334,11.43333,3.33
16.766666666666666,23.38333,14.77
17.95,12.35,36.56492031859933
10.733333333333333,12.95,16.33
15.75,15.75,4.06
14.85,2.128997613261647,10.03
14.866666666666667,10.1,8.94
12.183333333333334,4.75,15.98
11.966666666666669,4.198667287459966,2.38
15.733333333333333,1.533333,35.862623937485736
16.4,27.701213619428273,4.17
8.075062187394845,1.8016562903605222,7.99
11.283333333333331,2.188045586566148,6.46
23.216666666666665,25.23333,22.22
23.33333333333333,17.389491370016497,6.06
13.183333333333334,15.13333,5.36
21.23333333333333,16.83333,13.09
20.8,50.642466760829215,21.66270788342925
21.266666666666666,11.33333,4.76
13.266666666666667,16.33704227218983,23.77
17.433333333333334,40.990409579719916,19.1901168723125
20.516666666666666,0.3833333,1.03
22.316666666666663,18.85,4.51
14.516666666666667,10.38333,7.98
22.291036072997667,14.28333,24.43
18.666666666666668,14.73333,5.04
21.433333333333334,17.05,6.46
17.483333333333334,14.68333,3.4
21.78333333333333,1.6289940502592413,12.66716208841186
17.033333333333335,2.383333,12.94
18.966666666666665,17.65,19.0
22.616666666666667,1.933333,10.21
12.766666666666667,16.96858571902307,4.56
19.466666666666665,15.38333,13.91
15.533333333333331,8.216667,5.29
19.35,67.74578629030911,7.22
19.3,14.9,3.98
7.9,0.75,19.25
12.869998385293002,2.716667,4.43
20.516666666666666,7.983333,3.83
12.65,16.02390848310475,14.69
19.416666666666668,39.046143394911866,10.89
18.633333333333333,2.2,11.11
23.316666666666663,9.366667,13.8
18.9,14.61667,12.44
0.13333333333333286,5.8,9.16
18.4,2.233333,4.68
15.416666666666666,11.032297303943283,19.260732566884254
16.683333333333334,24.53333,6.05
18.35,0.2666667,0.72
12.816666666666666,1.25,2.32
20.116666666666667,7.516667,14.66
16.65,7.616667,17.16
17.4,2.708377871557201,19.484020839608274
22.933333333333334,5.816667,5.6
21.266666666666666,18.18333,6.26
19.316666666666663,20.921782053583318,19.75
21.433333333333334,10.26667,33.41396266528522
14.033333333333331,1.516667,2.47
2.844980573071613,17.33333,22.47
17.8,63.75,5.0
19.316666666666663,3.324154416007968,13.73
19.183333333333334,17.48333,14.46
18.216666666666665,16.11667,13.03
19.816666666666663,15.769037701658851,5.33
20.15,9.95,19.75
17.466666666666665,4.534419670708705,5.12
16.35,16.31667,8.38
17.216666666666665,5.966667,3.87
22.766666666666666,10.498733564894259,15.13
14.6,6.82860519345277,17.488398099667393
15.55,3.416667,4.68
3.333333333333332,23.53333,15.57
13.183333333333334,1.35,22.841417366918176
14.766666666666667,11.05,10.62
21.48333333333333,5.5,15.03
20.433333333333334,23.56667,11.37
23.95,0.902604299298886,7.71
20.83333333333333,1.8045511972988317,16.63
11.133333333333333,1.566667,1.49
22.883333333333333,2.15,19.015522360305766
20.183333333333334,25.215851669195246,13.51
19.566666666666663,7.183333,5.4
15.616666666666667,8.583333,5.83
22.683333333333334,13.65,2.89
19.55,11.180698310193078,7.29
11.266666666666667,6.766667,16.32
20.05,22.32706168605424,25.719129130882212
22.633333333333333,13.117034193015952,19.23
14.566666666666666,4.65,5.0
12.1,10.5,3.98
20.933333333333334,13.9,6.62
4.399999999999999,15.73333,6.97
18.58333333333333,16.156712485586,13.28
9.6,15.01667,1.52
10.1,0.6,2.03
13.3,16.35,1.87
19.933333333333334,14.56667,26.61
17.716666666666665,0.3,0.86
20.666666666666668,4.866667,6.45
17.65,10.21667,6.88
13.216666666666669,8.716667,9.2
14.0,2.116667,2.16
19.78333333333333,2.202126300525953,1.36
23.864977535693228,12.75,8.78
15.933333333333334,20.66667,7.9
17.366666666666667,1.116667,4.21
16.55,6.4,6.24
12.0,0.2825157441175175,1.37
17.883333333333333,10.507494582921863,8.75
21.58333333333333,24.45,4.26
20.2,15.6,13.39
15.366666666666667,2.7,5.89
20.966666666666665,1.766667,13.96
15.9,2.6,6.79
22.1,1.65,1.85
10.733333333333333,2.783333,4.41
22.0,16.00980559490184,11.44
18.33333333333333,21.8,5.48
15.25,1.4318332978119674,5.36
14.9,1.5,4.15
11.966666666666669,14.549453969631807,7.99
18.48333333333333,9.266667,19.249652586234735
20.466666666666665,14.175417502313033,9.8
20.5,2.3495116191019028,5.46
16.2,2.85,25.089576374855824
19.53333333333333,8.75,9.3
19.266666666666666,0.2833333,0.8105651557724923
19.48333333333333,23.95,6.07
14.566666666666666,7.110297621560396,10.13
19.4,4.416667,3.21
16.316666666666666,4.768386474400265,7.02
16.766666666666666,3.333333,30.898424116559326
21.266666666666666,13.9,10.2
16.783333333333335,8.621678287678362,6.51
22.266666666666666,37.35195786407819,6.48
21.85,4.866667,4.61
18.53333333333333,17.3,12.21
0.3999999999999986,16.43333,5.12
14.816666666666666,6.983333,8.82
18.98333333333333,11.58333,15.52
22.7,15.28333,45.15983856237493
22.6,15.83333,16.258415915321095
18.183333333333334,7.019914715371144,7.88
3.916666666666668,12.88333,14.41
16.466666666666665,8.667041352889836,2.53
22.75,2.383333,18.88
14.75,12.81667,20.66
14.883333333333333,8.433333,1.6
21.133333333333333,8.966667,17.47
16.15,10.100635869259031,2.95
13.866666666666667,21.65,17.02
20.716666666666665,5.183333,11.94
20.633333333333333,24.40272615615233,19.41
4.333333333333332,3.95,7.56
16.433333333333334,14.45,5.71
12.75,1.1,6.56
15.7,11.21667,6.83
10.324203087867257,18.58333,5.19
17.866666666666667,45.04189129110316,18.88
8.833333333333334,0.9333333,2.11
21.566666666666663,1.05,0.8
14.9,15.56667,6.5
12.376768010981323,1.033333,13.28
16.216666666666665,1.75,6.17
12.566666666666666,17.383363872962278,5.69
16.05,7.55,2.65
21.25,11.23333,16.33
20.666666666666668,14.05,32.45995126957307
14.466666666666669,2.8,7.07
17.533333333333335,13.18333,18.96
23.15,9.75,4.027
22.6,0.7666667,3.77
20.25,11.564945582388884,21.98
21.705744433790578,7.183333,13.74525208717212
22.266666666666666,15.4,4.15
10.966666666666669,73.50247679757912,10.38
23.016666666666666,16.91667,6.81
16.45,2.016667,14.0
16.866666666666667,2.333333,10.754875762851443
16.216666666666665,18.01667,4.22
19.066666666666663,13.53333,16.38
17.616666666666667,17.18333,10.1
19.266666666666666,8.766667,11.006035997180733
19.95,15.5,3.43
12.916666666666666,0.3833333,0.85
20.516666666666666,6.466667,2.828468790750485
18.25,1.3,0.7917407943075523
18.78333333333333,14.08333,5.59
15.5,9.783333,7.24
20.883333333333333,2.133333,4.98
21.933333333333334,1.95,2.94
16.4,1.283333,2.84
11.35,1.166667,15.65
18.5,3.25,19.55452968913829
10.983333333333333,15.25,6.52
22.183333333333334,14.6,16.28
22.966666666666665,7.45,72.40183587074047
21.966666666666665,14.48333,6.4
15.266666666666667,17.98333,13.17
23.366666666666667,5.751263489864197,7.25
16.85,0.7836988687187506,4.2
19.0,14.840736118628843,21.80164176122751
14.25,1.0422945535081742,7.5
19.166666666666668,12.1,19.11
23.066666666666663,24.70784391407163,51.27914698034525
18.75,43.06667,4.55
16.7,18.08333,13.22
17.8,14.681974838493604,13.69
14.916666666666666,9.0,2.14
16.266666666666666,18.71667,8.8
19.266666666666666,16.65,12.32
23.620689108004928,26.58823646603219,18.39
13.033333333333331,21.15,7.76
13.866666666666667,26.09588848318194,16.12
8.566666666666666,23.196623778512276,17.19
15.183333333333334,16.7,24.92310411739396
20.466666666666665,6.866667,8.03
22.066666666666663,23.22754935988093,14.43
16.5,10.77140380670065,4.34
18.316666666666663,15.03333,16.36
12.75,18.41667,4.49
14.4,12.71667,6.84
19.959034556652476,10.55,27.743894730301108
21.316666666666663,16.63333,10.21
9.016666666666667,7.966667,8.36
16.45,14.28015584373486,13.604179251429159
16.583333333333332,13.31667,8.5
12.733333333333333,9.45,4.96
17.283333333333335,2.866667,16.02
16.45,4.383333,55.29590540654957
21.633333333333333,12.63333,20.69
23.61604603847421,18.59058839572269,11.42
18.666666666666668,14.15,4.61
22.4,14.61667,6.95
21.7,13.650000124983853,16.42
16.583333333333332,10.01667,11.17
10.7,2.1889122038131656,7.4
20.25,3.233333,3.82
19.95,1.0825252943475576,6.63
16.066666666666666,16.08333,3.83
16.9,16.18333,13.87
14.433333333333334,14.43333,3.59
0.23333333333333428,21.23333,3.94
22.0,4.166667,4.770839741753879
16.0,1.466667,1.92
17.533333333333335,7.183333,8.28
15.866666666666667,1.111179956857818,3.01
0.7333333333333343,14.18333,17.36
17.5,3.183333,6.41
18.743701712174513,7.076085161913697,7.84
15.483333333333333,0.615177832590895,1.423196983982343
15.966666666666669,7.433333,2.91
15.616666666666667,0.6640170145212386,1.89
22.85,2.866667,17.88
10.767230066093909,1.1154392394119506,4.17
9.946566853465143,4.683333,8.01
14.966666666666669,1.0,1.43
9.802150627361941,0.5833333,34.9282830838277
2.5500000000000007,8.883333,14.65409584718058
14.216666666666669,15.1,5.64
12.05,17.83333,12.31
10.766666666666667,2.016667,6.52
13.736141832492528,10.6,20.06
15.766666666666667,2.783333,17.46391520439647
22.53333333333333,10.637796894148455,5.75
20.6,10.93333,9.96
19.4,11.83333,13.95
18.15,61.57079503021006,8.47
1.9166666666666643,14.08333,4.4
20.966666666666665,9.0,13.93
23.480844044826515,3.58310142777819,15.2
16.25,1.4902395064352096,8.03
3.6000000000000014,10.349878920345558,33.70058680344373
15.216666666666669,13.757492183110063,4.77
0.8166666666666664,7.751092412410337,6.51
17.44288972866149,15.31667,11.480558455057908
14.516666666666667,10.05,23.59
17.766666666666666,74.0214902092948,8.29
14.633333333333333,7.766990541895173,10.51
18.0,5.016532302036803,0.87
14.466666666666669,21.26411057690757,18.62
15.933333333333334,20.26667,4.95
14.95,35.71373497745426,13.708995008112398
14.216666666666669,13.23333,11.49
17.316666666666666,0.8666667,2.005787979569286
11.566666666666666,1.85,9.676738626367879
5.940255789501922,18.0,6.07
18.816666666666663,1.983333,1.9448679733229801
16.85,14.65,25.41
15.933333333333334,3.4,5.89
18.883333333333333,14.705294105422063,23.095100457801017
21.866666666666667,9.466667,2.64
22.566666666666663,20.88333,23.02
15.15,17.1,1.35
14.85,4.766667,17.04
20.95,6.35,16.42
20.67623190344942,10.992248698425676,39.76
14.716666666666669,19.26667,6.18
19.616666666666667,21.38333,12.26
17.716666666666665,10.55,25.58
16.783333333333335,38.60306888567401,12.2
17.933333333333334,12.81667,19.432584625240416
12.2,16.63333,5.79
15.833333333333334,1.7,8.92
10.180242446452514,14.58333,7.39
15.25,9.516667,9.66060449416982
19.066666666666663,11.83333,17.9
22.883333333333333,12.6,6.48
12.45,0.3867807330553944,1.599878608258441
14.583333333333334,8.783333,14.53
16.7,1.8584308517089474,22.4
18.1,15.01667,3.48
17.3,4.466667,4.09
21.216666666666665,17.715851190444514,26.20082050941419
7.95,18.332905889926806,6.06
16.016666666666666,9.283333,18.23
2.430941989023509,11.81667,15.13
20.53333333333333,24.16154103253092,32.40598390219267
21.85,19.93333,44.01397726526484
23.666666666666668,11.25,8.85
14.3,9.483333,17.01
13.016666666666667,9.483333,29.573695569827688
7.266666666666667,5.116667,35.57690093529876
6.0,0.1166667,1.24
2.1000000000000014,11.7,15.55
21.6,9.6,2.29
21.266666666666666,14.03333,15.8
18.95,11.43333,6.8528285318906415
16.2,2.016667,5.13
13.5,1.466667,10.37
13.716666666666669,10.63333,12.35
17.066666666666666,14.35,11.88
16.833333333333332,11.153068527714783,17.03
14.816666666666666,0.5166667,1.34
13.85,10.81667,11.69
15.583333333333334,2.9862543213144277,15.77
16.033333333333335,0.45,0.6774825108237565
11.016666666666667,8.281404172299652,4.25
16.683333333333334,1.583333,1.87
15.133333333333333,14.43333,20.00577930310741
21.23333333333333,14.76667,5.69
22.53333333333333,10.5,4.4
18.116666666666667,2.1629401033226445,14.58
22.883333333333333,12.149877704463723,13.226148756104521
16.766666666666666,13.61667,3.22
20.3,11.11667,26.0774917947012
0.9333333333333336,13.53333,13.61
19.683333333333334,0.3,1.26
16.433333333333334,8.212547232739292,6.743479283738416
16.183333333333334,15.43333,2.38
16.633333333333333,15.06667,24.73
13.0,13.78333,18.75
21.48333333333333,14.3,2.42
22.0,15.68333,50.89475266355556
18.15,14.81667,14.28
12.583333333333334,11.63333,7.59
19.133333333333333,15.78333,48.04615193975158
20.366666666666667,17.21667,11.54
19.183333333333334,2.5,7.7
20.066666666666663,11.53333,3.81
8.95,15.55,4.74
16.85,0.85,2.61
19.78333333333333,10.96667,3.76
19.566666666666663,7.4,3.89
15.816666666666666,13.2,8.77
23.73333333333333,15.78333,9.06
15.7,14.0,5.35
3.5166666666666657,1.316667,8.38
19.95,5.455141266284906,6.95
21.28333333333333,8.133333,7.483970728518908
16.683333333333334,21.3,13.84
18.266666666666666,0.3833333,3.25
22.316666666666663,62.599471761381025,8.31
14.75,0.9484029325587788,3.38
18.3,46.21667,33.18605979175772
13.85,14.65,15.29
16.8,2.6,4.92
19.416666666666668,17.011576913749604,7.86
20.866666666666667,19.20756260250813,10.97
15.133333333333333,11.814910632063944,38.04953249937621
17.683333333333334,2.65,13.39
11.2,1.3870497098794976,2.51
17.033333333333335,17.88333,20.21
21.116666666666667,9.9,24.64
0.25,1.333333,6.91
19.966666666666665,20.801632078542482,6.85
16.016666666666666,1.733333,3.77
15.65,5.966667,5.81
13.616666666666667,2.9964189748832792,4.92
20.566666666666663,16.66760303044811,4.65
11.05,14.0,14.77
21.65,14.71667,17.66
13.9,8.8461053699926,15.6
8.833333333333334,10.133254869602963,7.72
18.65,3.233333,4.41
19.35,0.3333333,2.37
20.933333333333334,26.41667,7.32
14.666666666666666,4.083333,14.16
15.85,25.648309774718722,22.19759573435411
16.433333333333334,14.93333,8.17
21.55,8.883333,53.914644471928476
2.2666666666666657,12.26667,8.27
20.65,13.15,18.88
21.266666666666666,19.36667,10.46
13.75,17.66667,13.3
17.3,4.1,12.58
22.45,14.91667,8.41
18.133333333333333,1.933333,3.77
19.383333333333333,20.51667,12.38
15.05,3.233333,26.271431776958053
10.516666666666667,16.73333,7.17
10.0,10.48333,40.99939932149835
15.633333333333333,6.233333,38.671147246025505
4.083333333333332,16.71667,6.77
20.25,4.25,13.76
17.783333333333335,14.031950411262955,8.14
18.6,38.37872055054847,6.14
18.266666666666666,8.6,20.97
10.033333333333331,1.2200659009378971,6.67
18.166666666666668,0.7166667,5.78
20.98333333333333,36.35,7.086995242107659
16.433333333333334,14.43333,14.31
19.23333333333333,3.1639212590613037,7.97
13.966666666666669,12.51667,26.21
20.73333333333333,9.916667,14.66
16.016666666666666,3.633333,21.14
17.533333333333335,8.35,4.03
20.7,0.8333333,1.44
17.133333333333333,1.85,1.9
3.0,13.93333,60.78949945743196
17.383333333333333,13.25,14.72325851972215
15.55,18.98333,8.81808329676045
10.466666666666669,0.1666667,0.59
16.7,15.53333,8.44
9.283333333333331,15.3,11.27
18.05,16.1,7.723771892311052
1.3557071929734477,13.53333,21.05
1.0500000000000007,38.86667,6.73
23.316666666666663,12.7,33.055512664807026
15.216666666666669,6.816667,39.76
7.816666666666666,1.4087208027793743,2.44
0.1999999999999993,65.70355157193846,18.59
20.383333333333333,4.166667,13.734266123224517
21.716666666666665,0.6,2.8490138742956335
19.55,12.050942364008037,8.61
18.28333333333333,3.45,24.04
18.916666666666668,10.566709237202154,30.04
22.516666666666666,18.178394871231934,18.464771779531148
16.483333333333334,6.916667,37.40945226985728
20.933333333333334,1.6,3.79
18.75,3.7,6.05
15.15,9.733333,17.75
18.066666666666663,63.596769916185,2.43
15.95,14.013106102605978,15.38
14.033333333333331,3.5846387711778145,6.71
18.78333333333333,18.490764140029434,11.63
5.440131479354751,11.48333,12.51
17.466666666666665,10.21667,9.074398499722593
17.9,78.36144068552656,6.59
14.767630399672878,11.643213799919659,45.11927356731147
15.683333333333334,14.823030819952182,6.83
2.4499999999999993,19.68333,39.15
16.033333333333335,6.366667,3.94
19.683333333333334,20.73333,13.89
13.866666666666667,5.3,8.13
13.616666666666667,13.13333,5.83
16.1,1.316667,1.54
17.166666666666668,4.960535164710247,2.8786415445478633
14.183333333333334,12.01667,11.22
18.2,38.13333,12.240325684738346
15.716666666666669,15.13333,15.7
17.75,14.46667,2.32
23.516666666666666,16.63333,13.43
16.216666666666665,8.297747462665846,9.5
20.416666666666668,45.289015857050444,7.33
18.0,17.18333,11.011446169184055
18.78333333333333,11.85,1.74
13.716666666666669,43.2880783982806,6.8
19.45338556969121,45.19735169213392,4.24
18.866666666666667,2.683333,39.0678206503368
13.925560210270245,11.265410764762656,17.73
19.0,2.0,16.24
19.15,11.35,17.91
12.866666666666667,0.3166667,13.83
9.8,3.583333,6.69
21.05,20.28775377268281,16.36
23.633333333333333,15.25,5.79
0.6499999999999986,13.05,28.92
14.566666666666666,1.966667,43.40181382018607
17.75,9.316667,4.9
23.05,13.23333,14.84
16.966666666666665,14.45,26.99
20.85,2.1794691301984157,5.59
15.266666666666667,6.4,17.74
14.5,15.68333,2.87
20.65,14.367299654494499,11.38
16.55,0.35,2.27
21.5,16.88333,8.6
10.318874409117173,12.03333,8.23
20.53333333333333,1.400363458900193,5.45
14.6,20.03333,3.35
18.28333333333333,4.95,3.71
15.7,22.18333,38.851487693714446
18.933333333333334,6.873662861492078,3.87
14.583333333333334,12.98333,6.95
22.466666666666665,18.355658273202984,5.83
18.466666666666665,44.38206351034991,17.0
22.7,61.2160287719551,16.19
19.2,14.01667,6.5
20.166666666666668,12.3,16.014134078950157
16.183333333333334,1.183333,7.72
2.9666666666666686,27.673441362567882,12.95
20.15,22.85,9.93
0.46666666666666856,2.283333,42.01611193479039
16.416666666666668,18.953355573835346,26.141270229392685
20.53333333333333,0.8666667,8.02
3.8500000000000014,16.219357467997543,52.660624192899554
20.78333333333333,15.81667,23.87
21.65,9.426259374990881,6.452366583799012
16.7,0.7833333,3.12
11.783333333333331,12.23333,24.19
17.983333333333334,21.95,6.22
16.266666666666666,13.95,12.67
3.9666666666666686,20.85,8.942045407218393
16.883333333333333,3.642513610847188,25.052179033823776
0.43333333333333357,2.283333,38.08182895614067
22.33333333333333,12.68333,26.21
19.08333333333333,2.366667,6.81
21.8,13.01667,2.42
18.05,12.18333,16.1
19.35,5.130076816823513,4.31
20.33333333333333,19.13333,13.07
1.1833333333333336,10.16667,31.69082892194856
16.966666666666665,15.45,6.48
21.4,2.424758810532788,10.16
17.583333333333332,3.266667,17.73
18.866666666666667,20.43333,8.07
3.616666666666667,16.15,23.42
6.65,13.91667,8.35
20.75,1.066667,2.04
22.666666666666668,26.11667,5.66
15.933333333333334,70.67460579972949,12.41
20.25,13.08333,13.77
11.4,30.750979133485764,8.68
17.016666666666666,9.0,2.96
12.883333333333333,16.13333,8.56
8.4855195163007,12.68333,10.58
14.05,0.7833333,6.18
17.783333333333335,14.33333,9.72
20.566666666666663,14.73333,9.89
11.75,1.5,2.11
19.1,22.32645854527593,8.43
20.9,16.93333,17.01
9.8,3.997093933001957,15.11
16.483333333333334,7.129351174687937,5.1
23.201710735167822,10.9,12.3
15.733333333333333,16.01667,7.88
20.216666666666665,2.866667,2.0491960639902387
16.183333333333334,10.98333,23.82
15.066666666666666,23.23333,11.22
18.433333333333334,20.93333,4.96
13.733333333333333,1.9732393335568341,33.26902997836005
18.466666666666665,22.05,45.60104289612268
15.966666666666669,28.560817423442476,14.72
0.9536785176445832,14.91667,8.91
4.100000000000001,15.53333,13.746047560237349
23.0,7.616667,28.2517617208967
16.7,14.58333,12.42
16.633333333333333,8.827325190695428,14.76
21.116666666666667,14.88333,26.05
16.3,1.033333,3.99
19.616666666666667,13.462580424354517,43.0
18.78333333333333,12.55,7.24
19.466666666666665,42.48111256891789,21.84450485020876
13.0,15.18333,16.03
18.766666666666666,40.36667,12.94
12.383333333333333,8.216667,6.39
20.65,11.25,23.06
15.383333333333333,10.5,27.1
22.23333333333333,11.06667,22.493801945745943
16.533333333333335,38.90102007372631,23.74
15.933333333333334,2.866667,9.28
20.65,10.275984004117067,4.77
16.1,10.11667,4.83
14.95,3.133333,16.43
11.233333333333333,21.1,5.117995596816764
18.166666666666668,13.9,13.878521934230813
21.666666666666668,11.13333,4.15
18.85,12.01667,24.34768381552771
16.316666666666666,8.943777472406286,13.489414895789233
18.616666666666667,11.13333,3.39
16.383333333333333,1.533333,3.73
14.316666666666666,62.207136375964566,12.87
8.616666666666667,28.85735143266661,15.75
17.933333333333334,9.216667,2.52
9.106951822205156,0.4666667,1.8
17.3,10.26667,4.66
18.907322916207583,5.033333,3.71
17.933333333333334,16.6437235842027,23.87
18.8,0.790173279850734,9.2
17.616666666666667,18.408457776704566,54.1740508475597
15.433333333333334,15.81667,12.91
16.783333333333335,16.18333,7.59
18.33333333333333,0.39346569772404605,42.1334345611441
5.282424866272773,10.629188167210822,6.38
16.516666666666666,10.4,17.56
21.366666666666667,14.2,29.572675796817055
19.016666666666666,54.59475986351828,25.78
19.9,6.18080191354625,16.95
12.266666666666667,9.4,6.26
17.783333333333335,4.098757261230599,17.260765928037
15.85,11.057463848439081,4.77
18.83333333333333,63.88150954535392,22.68
16.733333333333334,10.51667,21.36
18.133333333333333,22.433565243860915,15.43
22.83333333333333,43.991106246355926,8.93
22.016666666666666,11.0,34.91347424008884
0.08333333333333215,5.708555260407099,15.32
15.320005167906736,11.75,13.66
15.75,2.15,29.383207640915643
21.133333333333333,10.83333,13.77
20.316666666666663,3.783333,7.37
10.0,0.2333333,1.88
20.816666666666663,0.6833333,2.34
15.6,12.93333,30.208408398844767
13.633333333333333,1.916667,3.54
18.53333333333333,8.216667,11.08
17.133333333333333,12.58333,11.35
16.55,8.833333,10.964611143202056
12.816666666666666,2.666667,7.621707442556508
9.55615708350815,18.71667,10.28
20.166666666666668,9.566667,12.21
18.03333333333333,14.55,6.29
21.25,13.96667,5.36
16.333333333333332,1.433333,3.39
3.6685878928416074,1.25,12.06
19.53333333333333,22.16667,10.85
17.216666666666665,17.88333,6.3
23.3,11.676186121958587,23.69
16.883333333333333,13.51667,19.29
13.65,3.6129104129097573,3.77
21.35,16.43333,11.69
16.833333333333332,14.548761964029138,2.51
16.79308972934232,4.116260859844858,7.21
18.95,1.383402978635641,2.42
3.7166666666666686,9.133333,15.02
16.2,16.06667,3.45
15.233333333333333,1.5,45.48
19.133333333333333,14.63333,9.8
20.266666666666666,8.483333,11.07465712171048
20.9,4.65,21.395249457387255
21.03333333333333,14.43333,4.66
15.133333333333333,12.432193679246994,9.82
16.166666666666668,2.55,3.05
16.55,14.58333,8.33
17.633333333333333,23.45,15.45
16.0,19.086373964503824,6.07
22.3,12.78333,10.93
15.116666666666667,1.25,1.16125481471885
13.783333333333331,2.15,2.54
4.416666666666668,17.2,14.491409067211206
5.050000000000001,21.934520904321687,23.849127584223172
22.466666666666665,12.05,4.05
13.083333333333334,5.116667,3.9
23.78333333333333,10.667465736200251,21.09
18.183333333333334,14.301989947512832,8.67
23.702288273736,15.01667,12.23
16.783333333333335,8.916667,12.0
15.966666666666669,2.966667,5.35
22.245496208939098,13.41667,9.56
16.816666666666666,4.333333,6.98
15.133333333333333,5.866667,12.74
15.9356078438747,14.43333,4.137034264730755
19.05,24.75,28.49
21.116666666666667,21.83333,3.39
20.03333333333333,39.91427131546206,6.01
23.716666666666665,1.833333,4.14
20.916666666666668,0.3,1.21
1.25,20.6,30.22
23.53333333333333,16.70753675978895,18.74
23.3,3.0,4.2
8.883333333333333,21.6,14.19
4.083333333333332,7.716667,27.477605519865175
23.8,38.7086777819279,5.92
13.066666666666666,15.76667,2.2
23.683333333333334,1.883333,13.44
6.797325206616369,3.083333,10.21
21.23333333333333,16.51667,9.913276988009457
15.566666666666666,2.25,15.12
1.44761524726297,0.5666667,1.4
20.383333333333333,5.169660634732576,12.58
20.116666666666667,8.233333,5.2
22.933333333333334,0.6666667,7.23
16.433333333333334,11.95,24.39
15.75,1.3663948659721221,2.3
12.283333333333331,0.3166667,3.79
20.53333333333333,19.9,25.08
22.183333333333334,13.25016139366918,7.5
9.816666666666666,2.15,4.84
17.466666666666665,13.319219935765245,6.84
10.45,1.95,1.52
18.481843873996695,1.116667,4.98
18.716666666666665,13.488098907325217,8.24
18.933333333333334,1.8338031425727037,5.16
16.833333333333332,14.31667,7.4
14.883333333333333,13.300871112530412,12.25
14.816666666666666,15.5,6.04
15.283333333333331,9.066667,3.89
23.45,11.463336603106386,18.77
8.583333333333334,9.033333,9.6
17.583333333333332,0.9050203697420863,2.96
20.666666666666668,16.93333,35.74
16.116666666666667,5.750303706184499,3.57
22.016666666666666,13.6,10.32
21.2,11.336489950227827,4.24
18.066666666666663,15.78333,31.83956575511489
17.053307918147283,8.641594506126571,6.78
15.933333333333334,9.266667,4.963316687755286
14.966666666666669,7.1150751252514866,1.71
15.216666666666669,11.8,9.85
16.233333333333334,1.216667,10.38
15.716666666666669,10.91667,5.62
12.366666666666667,12.95,23.87
22.766666666666666,14.53333,10.41
15.133333333333333,16.48333,11.21
15.75,14.78333,9.43
21.25,18.76667,64.30266595248132
22.85,15.35,7.13
15.633333333333333,4.983333,8.43
20.55,8.15,4.3
10.833333333333334,8.983333,11.82
20.08333333333333,3.25,17.0
17.766666666666666,2.5333496797590342,24.51439334269613
19.550535299217152,1.9680919208933283,6.67
14.8,1.4,2.22
21.65,41.56393107747447,22.98
15.8,0.6333333,2.28
15.866666666666667,3.0,5.5
14.333333333333334,19.23333,6.52
12.3,12.53333,11.65
20.08333333333333,11.452193858397456,12.59
22.83333333333333,15.652753754604678,32.99
16.083333333333332,2.2,7.33
19.116666666666667,43.395223713177636,17.41
18.08333333333333,45.020300834076785,9.66
16.8,4.15,22.73
10.66870462779528,0.4166667,3.36
17.916666666666668,63.09043828920149,8.28
15.683333333333334,11.86667,18.28
14.7,7.184356342631552,8.12
16.316666666666666,1.35,8.45
21.366666666666667,4.566667,17.82
22.7,0.8006308488373126,1.55
14.35,43.93333,8.51
23.683333333333334,11.95,15.947680069101043
20.516666666666666,4.666667,20.87
14.666666666666666,2.362758241555524,3.16
3.5368707051995436,6.916667,5.57
16.366666666666667,13.73333,12.626371716987341
16.016666666666666,14.6,36.723837927419225
10.483333333333333,8.058397406528359,8.42
16.316666666666666,1.016667,4.51
13.133333333333333,0.75,8.58
15.6,4.25,2.3276802314259113
15.333333333333334,14.2,8.987845256424043
20.33333333333333,9.766667,39.10937938438263
16.883333333333333,18.18831364455072,11.506286698339972
19.066666666666663,15.85,19.59
7.616666666666667,1.383333,13.96
13.4,0.4816562876596643,1.49
13.083333333333334,22.36667,11.1
22.716666666666665,11.5,3.81
14.233333333333333,23.009730780195635,24.08
17.416666666666668,15.25,5.27
21.812610009012374,14.0,12.2
18.2,25.575515230215206,23.35
21.266666666666666,10.21667,21.74
20.23333333333333,3.183333,3.67
15.566666666666666,41.35,15.8
12.016666666666667,12.33333,2.1
18.83333333333333,13.98333,8.35
16.416666666666668,11.81667,15.22
15.966666666666669,0.6,1.2688342353026383
14.266666666666667,20.66667,10.07
11.699473958896608,1.623417804729712,9.1
5.469333629357184,16.03333,15.06
1.3500000000000014,18.31667,13.082114440512377
7.964990078794169,4.384434037733286,8.83
16.85,14.7,18.65
17.666666666666668,8.773131601387776,6.07
12.716666666666669,16.56667,45.24962841914035
12.666666666666666,7.286220238210272,8.81
20.716666666666665,6.85,15.78
9.390970034890051,1.566667,6.72
13.2,24.33333,16.13
21.35,67.19734911037028,7.03
21.016666666666666,15.46667,44.261008770973426
9.617710569612974,2.083333,7.62
14.466666666666669,17.16667,5.68
15.75,14.9,10.89
23.15,4.083333,9.07
21.15,7.566667,25.22
5.133333333333333,40.80011984899512,23.57118275958812
14.333333333333334,4.766667,14.53
23.651320002693197,9.55,7.7946201036870475
14.433333333333334,4.133333,4.74
21.133333333333333,14.98333,6.34
18.28333333333333,93.48210416567728,16.32
21.7,11.96667,15.61
21.65,0.35,6.43
15.383333333333333,2.366667,3.43
18.8,11.432186863220416,11.78
15.383333333333333,1.1,8.54
20.35,34.79703343243267,7.77
9.033333333333331,2.365990190773158,4.88
23.816666666666663,10.7,38.14
17.15,14.345986934111872,18.05
22.666666666666668,12.78333,11.310687622928526
8.35,27.13333,49.29896594732068
20.1,15.9,18.75
3.833333333333332,14.48333,45.497306238801684
12.85,30.511788750805415,7.7
14.666666666666666,9.233333,5.68
19.416666666666668,0.5,0.6580994682922028
15.216666666666669,0.5333333,4.58
13.316666666666666,12.98333,9.31
17.1,1.5352817088801278,6.73
11.466666666666669,2.216667,3.1
15.766666666666667,14.93333,5.58
18.83333333333333,15.31667,17.04
18.9,3.057645812055597,4.76
18.78333333333333,24.68333,18.19
14.783333333333331,0.9683450312719095,6.57
13.266666666666667,15.03333,6.55
18.1,12.35,3.33
4.383333333333333,15.91667,20.4
17.3,14.661632376765565,28.11
19.33333333333333,13.8,70.52815752696944
22.633333333333333,15.8178338471634,14.949908527676016
3.7833333333333314,19.3,31.68
15.616666666666667,12.607492755676455,37.307454741282854
22.650368310690098,4.083333,1.2498921798053197
13.75,12.83333,6.28
16.883333333333333,16.96667,15.067101549485233
14.5,11.68333,10.28
17.083333333333332,14.16667,7.51
17.016666666666666,23.88333,12.61
11.45,15.16667,4.81
15.733333333333333,14.63333,9.6
15.75,17.96013630424825,1.93
16.15,3.5,5.25
10.6,12.832871693484467,9.13
22.4,4.901181094595324,18.89
15.333333333333334,15.78333,7.72
14.066666666666666,0.28714011150694974,0.92
15.6,8.233333,9.35
20.7,2.833333,7.57
19.266666666666666,43.44089022393119,17.87
17.966666666666665,62.4,6.07
17.633333333333333,8.6,9.96
15.35,26.62334561665816,10.52
20.2,19.55,26.06
14.25,22.41667,13.54
15.716666666666669,5.483333,6.5
11.57109762227968,0.4833333,1.16
3.2656063242645637,38.68665716349,11.37
15.1,20.9175163711793,14.46
15.333333333333334,41.94715150733284,6.12
15.75,7.366667,15.0
17.733333333333334,15.16667,9.71
16.55,6.716667,14.54
15.533333333333331,13.6,47.08144713163841
22.63180485455717,12.15,10.23
22.5,11.18333,7.94
19.8,10.4,5.86
23.766666666666666,10.03333,4.55
13.45,2.933333,15.910590578538832
17.85,3.35,15.07
22.566666666666663,8.483333,7.11
19.516666666666666,11.96667,10.12
18.9,3.433333,4.62
21.25,14.78333,4.07
16.666666666666668,18.01667,8.48
15.45,17.08333,10.96
14.566666666666666,9.93853012009999,15.14
11.2,5.333333,15.5
0.05000000000000071,14.35,18.49
19.2,11.01667,12.66
20.75,12.63333,9.14
21.45,11.21667,13.24
15.566666666666666,9.6,4.46
12.75,10.85,4.51
16.616666666666667,12.4,9.79
20.616666666666667,4.433333,4.68
14.883333333333333,7.033333,28.84
22.4,21.46774055885901,8.49
17.716666666666665,4.383333,5.36
20.683333333333334,15.68333,8.07
19.0,14.253053011935885,12.43
11.783333333333331,26.520026547923873,5.87
18.08333333333333,44.80245822334552,10.61
22.633333333333333,20.61667,18.03
20.566666666666663,16.929935956671333,28.209160422035495
17.716666666666665,0.6666667,14.75
10.666666666666666,11.38333,14.86
1.3365087806552758,15.263994535097378,9.08
20.15,14.26667,5.53
18.23333333333333,19.7,7.39
13.25,13.16667,1.89
22.383333333333333,22.13333,13.23
22.016666666666666,13.01667,66.37750546359457
11.448920512420106,3.7042231861322397,1.82
20.1,12.55,9.71
14.933333333333334,5.66091053475372,17.389292748495937
18.08333333333333,25.58713098233841,3.16
16.816666666666666,14.65,13.33
15.183333333333334,15.61667,7.59
16.983333333333334,1.3902585566044308,1.81
21.33333333333333,17.129543089527033,24.52
18.95,6.816667,9.28
16.6,12.51667,12.55
16.8,11.894972562325192,6.33
18.98333333333333,14.28333,8.52
13.516666666666667,6.1,14.359500078379641
8.85,11.75,4.67
15.616666666666667,16.78333,14.84
17.783333333333335,11.18333,10.46
15.666666666666666,20.8,15.59
20.516666666666666,15.58333,29.906944772899152
18.883333333333333,38.46398451387722,30.18629435426323
22.03333333333333,10.28333,19.732415080135688
7.7,15.2,9.77
17.233333333333334,1.866667,1.6612765846611
20.75,4.166667,18.54
16.483333333333334,4.466667,8.96
19.266666666666666,18.93333,5.88158169916831
21.55,1.533333,5.16
16.85,10.271901594757246,28.66
16.85,0.6666667,0.86
12.966666666666669,12.05,7.17
6.9,1.5294376268655743,5.33
18.183333333333334,2.3,9.528436895275954
19.766666666666666,17.6,18.08
21.53333333333333,15.48333,15.52
16.74443501871574,20.4,11.45
18.73333333333333,1.05,22.80833729853155
19.75,16.03333,28.100299966131107
20.03333333333333,1.8968369405741023,10.982984315899667
19.83333333333333,14.98333,6.15
15.066666666666666,1.733333,6.02
16.583333333333332,1.8,4.05
23.33333333333333,14.43333,5.99
18.35,21.91667,6.27
16.966666666666665,16.222959001805553,6.07
20.366666666666667,13.61667,15.02
14.266666666666667,1.916667,4.41
7.75,12.76667,13.12
12.725339129260101,33.40697694211577,6.28
18.5,1.116667,8.79
20.05,23.15,5.3
20.366666666666667,15.63333,10.76
15.866666666666667,2.0994730034480193,2.61
7.186851163663475,0.3,7.8
21.883333333333333,5.316667,3.79
19.883333333333333,38.2465767236912,43.26472901393194
17.183333333333334,14.46667,18.706169005406554
15.0,5.083333,7.52
17.916666666666668,13.96667,12.4
20.883333333333333,20.06667,20.66
15.75,19.23333,16.75
15.883333333333333,2.990775088635118,18.19
18.35,2.366667,12.72
3.8166666666666664,20.401022367812025,28.59
17.883333333333333,2.783333,3.58
23.1,15.28333,32.89844181247055
15.35,1.666667,25.59
22.933333333333334,18.71667,6.26
10.183333333333334,7.6,6.856414457290667
17.05,16.61667,11.29
16.366666666666667,1.3,5.83
19.5,15.38333,12.22
20.98333333333333,14.25,3.77
15.883333333333333,1.28153606364622,1.6
14.65,14.2,40.13097356533399
19.066666666666663,10.3,25.94
10.783333333333331,2.65,0.89
19.816666666666663,64.63450399289921,12.9
17.05,10.236165302827636,4.98
14.316666666666666,24.16667,10.59
22.216666666666665,11.60698671654444,31.4
16.95,11.672431952119979,7.2
18.666666666666668,10.81667,11.64
21.116666666666667,14.23333,6.76
23.33333333333333,41.149507589085815,47.39938735621748
18.242796141641158,22.726979106804034,4.03
18.166666666666668,5.950024593103163,4.42
12.933333333333334,1.366667,5.04
11.316666666666666,2.6,12.15
12.75,15.0,64.84297032423085
21.95,27.08333,15.29
20.616666666666667,3.8024827669034726,1.49
19.5,3.133333,4.36
14.783333333333331,4.95,6.61
14.3,16.95,11.4
15.4,15.98333,16.01
10.991650980738632,6.75,25.67497723947512
0.10000000000000142,31.55830769066158,30.164817487872206
16.683333333333334,8.2357085333923,6.36
10.916666666666666,10.048090964609244,6.09
17.166666666666668,15.58333,14.336952529093251
18.8,11.98333,11.64
15.416666666666666,35.81616839761681,14.56
14.45,20.25,8.71
16.233333333333334,25.54209398378979,14.6
15.083333333333334,0.8387774864185865,1.11
3.8000000000000007,0.2666667,5.89
21.133333333333333,16.16681179209981,12.62
8.65,11.676696365242396,5.66
17.783333333333335,13.56667,25.631722239393273
22.666666666666668,0.6204107958244143,1.56
4.383333333333333,68.04322635898211,9.81
16.033333333333335,4.083333,3.87
12.292611219177584,11.13333,30.635147270541637
17.0,1.45,1.95
15.166666666666666,15.798821673042205,1.82
16.45,1.9,4.15
16.513984666386868,13.470163093764295,4.16
16.6,16.1,1.62
16.616666666666667,2.216667,4.69
14.916666666666666,14.28333,9.713365562697874
15.8,18.28333,7.45
11.85,17.7,58.70846993755549
15.4,0.95,1.78
15.233333333333333,10.83333,18.18
17.733333333333334,13.96667,30.552966854467524
17.187300017830665,8.982151702211544,9.5
17.016666666666666,2.016667,1.0453634840785526
4.399999999999999,2.0,17.97
7.616666666666667,10.86667,4.78
15.65,1.983333,4.06
17.575139502937965,14.28333,11.88
18.666666666666668,10.05,9.89
5.970762524111102,14.58333,6.33
5.687689288763309,6.564864487781405,25.36
17.266666666666666,1.65,6.58
16.8,12.25,8.86
22.666666666666668,13.41667,15.85
16.8,20.51706705785527,7.71
18.05,14.4,8.38
20.65,26.807307115139746,18.93013206297066
16.733333333333334,1.383333,17.94
9.85,3.35,5.62
16.916666666666668,23.95015934973614,25.58
6.566666666666666,0.6666667,7.35
19.05,14.05,8.37
13.216666666666669,1.878478037300132,2.96
7.6,1.7809287038132842,7.21
0.8666666666666671,0.4833333,1.45
20.183333333333334,5.816667,16.49
16.666666666666668,14.6,25.56
18.793533964561355,66.79574838624639,6.23
19.7,14.13333,31.4
19.73333333333333,9.6,4.7
9.97769182157596,16.76667,19.15
21.716666666666665,12.8,23.77
23.668319498271742,15.068049239528937,11.55
12.916666666666666,12.894763020474112,35.61
22.03333333333333,15.18333,3.85
15.766666666666667,44.50133267358132,14.22
23.55,12.05,20.14
19.98333333333333,1.183333,0.57
15.916666666666666,17.33333,1.47
15.5,2.066667,6.39
17.966666666666665,7.716667,17.48
22.433333333333334,1.983333,8.15
22.633333333333333,2.15,7.51
14.1,9.233333,2.53
17.15,14.51667,12.176112478917931
12.233333333333333,4.383333,5.35
4.683333333333334,13.23233746538588,16.12
19.35,9.155285705072101,7.42
15.233333333333333,1.883333,3.41
16.05,11.197835303113434,20.73
18.133333333333333,18.01667,9.27
16.0,15.989014028592141,26.05
19.03333333333333,8.366667,9.49
3.9333333333333336,11.829988569843987,3.96
13.016666666666667,1.983333,7.69
0.16666666666666785,13.55,6.54
23.316666666666663,32.923362630625384,10.47
10.766666666666667,8.6,3.2986428469792006
7.033333333333333,0.2833333,2.79
21.0,5.516667,1.83
17.166666666666668,21.5,16.59
16.983333333333334,70.18165828350989,6.53
14.516666666666667,1.666667,21.39
21.03333333333333,16.63333,6.66
16.866666666666667,22.98333,3.85
21.7,62.6319616852078,18.53
13.94544116572797,1.316667,2.2677820089384912
17.933333333333334,0.7166667,1.87
15.916666666666666,2.433333,10.23
21.216666666666665,14.25,9.226277157603764
19.75,16.31667,2.28
15.883333333333333,16.10085875655502,2.84
16.733333333333334,10.65,3.4
17.1,19.86667,26.28
18.45,10.91667,12.23
1.4333333333333336,40.016039653516856,19.184719067332335
16.2,7.4982486618089785,6.03
10.733333333333333,14.53333,49.553432021460026
13.983333333333333,1.716667,6.9
20.45,2.833333,2.63
14.3,15.58333,3.02
19.166666666666668,20.76667,62.51868686721893
18.216666666666665,18.927103474196908,9.21
14.9,5.0,20.11
17.083333333333332,12.394625655519787,6.1
3.116666666666667,16.2,9.6
19.816666666666663,14.21667,16.86
20.066666666666663,9.533333,3.34
20.53333333333333,6.933572015505258,4.41
17.616666666666667,15.7,3.98
18.98333333333333,51.89799902511054,51.46366670297226
14.483333333333333,14.85,2.97
2.0074069961755114,9.216667,8.47
16.516666666666666,22.132362245421568,29.9
8.133333333333333,22.391639042725757,6.09
12.833333333333334,2.3,3.9
16.433333333333334,14.75,6.8
20.266666666666666,8.833333,4.74
8.852444287356047,2.216667,5.52
15.783333333333331,0.2166667,0.71
8.7,0.55,1.12
22.23333333333333,16.66667,10.87
8.744615486565454,15.717029971379398,8.07
20.73333333333333,10.319783106254794,8.35
16.45,17.15456149266403,23.67
18.83333333333333,12.37078963817279,17.430619477857835
16.35,11.53333,13.3
16.65,1.283333,13.42
16.816666666666666,0.9,0.97
18.53333333333333,3.983333,4.41
3.975124395715831,5.616667,25.14
20.866666666666667,14.26667,22.760642688891387
0.06666666666666643,33.51968234882744,51.262268449331174
18.066666666666663,19.33333,8.42
9.916666666666666,0.15106987843228464,0.69
0.6000000000000014,12.15,5.86
0.4499999999999993,22.82350231941787,12.2
16.783333333333335,20.55,5.29
22.766666666666666,14.26667,17.17
13.533333333333331,15.26667,9.79
16.666666666666668,1.9,8.72
17.616666666666667,12.68333,9.91
21.28333333333333,28.437682677279344,6.79
15.05,15.07301368395865,4.01
17.25,10.48358478421368,51.86601197890938
17.85,2.266667,1.63
18.5,11.913113558333572,3.64
20.666666666666668,13.2,45.2
13.316666666666666,11.8,5.34
20.28333333333333,9.683333,11.23
15.483333333333333,11.76667,4.12
4.6819807609664466,21.8,9.46
14.65,15.69361,10.57
14.983333333333333,0.9166667,3.12
4.378138812535809,23.93333,12.44
21.4,14.75,4.28
19.266666666666666,8.066667,28.179947971822692
12.866666666666667,15.03333,9.61
19.383333333333333,2.3,5.909939721100963
3.7166666666666686,21.43333,34.661573151343035
21.15,21.06667,43.50243063721573
22.166666666666668,15.3,10.41
12.066666666666666,2.066667,1.8295915131992662
18.683333333333334,2.616667,12.84
20.73333333333333,23.5348351043911,9.25
22.683333333333334,14.31667,14.710399767854252
20.883333333333333,18.01667,20.813945869212038
20.55,4.65,2.7
12.033333333333331,65.40119182709908,6.55
9.766666666666667,10.05,3.51
16.9,0.65,1.47
19.48333333333333,23.40085972131795,13.17
7.883333333333333,34.31667,1.07
22.713132661142055,6.383333,21.127511923927816
12.15,3.8,5.64
19.55,7.034103098759903,12.74
22.0,13.2,12.77
18.4,15.07231325983962,7.02
20.433333333333334,11.05,6.96
20.7,18.03333,8.6
12.95,22.21667,5.18
20.7175339630121,17.08333,15.13
22.4044118302753,16.65,12.79
14.516666666666667,11.23333,6.59
19.83333333333333,1.0216825389365543,5.23
15.016666666666667,8.316667,3.52
12.428629297595762,14.55,2.15
17.983333333333334,9.55,4.12
7.583333333333333,17.18333,9.35
13.383333333333333,6.400036823544044,8.33
22.05,12.939546270794766,3.67
10.45,1.4,1.99
17.0,13.434694979500073,13.777662369254976
14.616666666666667,11.85,7.38
17.7,2.059052779211516,10.48
18.08333333333333,63.09464376635244,8.29
15.866666666666667,10.086488481271958,9.57
19.166666666666668,22.63333,7.05
15.983333333333333,8.1,5.12
20.1,18.5,6.4
16.883333333333333,10.1,9.98
15.883333333333333,0.9666667,3.5093142147641627
21.4,17.989078972094884,11.86
6.116666666666666,0.3666667,5.44
20.966666666666665,7.487230706979649,7.85
21.98333333333333,9.016667,14.08
22.75,15.15,2.94
16.95,7.566667,10.89
17.266666666666666,71.64903805433407,24.43
18.916666666666668,22.61667,5.84
22.83333333333333,4.916667,41.84260888781166
19.1,12.05,5.69
13.966666666666669,4.148101558693834,4.76
22.995071763217855,8.8,6.75
12.983333333333333,60.85774358471769,11.785930730889085
14.566666666666666,9.752919384592847,5.93
21.31947440124786,88.01816156437417,40.429888404021035
20.166666666666668,8.033333,14.88
22.33333333333333,4.183333,16.554577274520415
1.0500000000000007,11.66667,16.60028560792329
0.5,14.48333,30.847226166373584
23.89808175712969,19.9,11.448597354392986
11.499706464218615,67.1879782748672,6.18
18.03333333333333,12.36667,27.70672479553614
17.566666666666666,9.82508478256357,16.55
16.216666666666665,6.016667,5.03
16.133333333333333,18.31667,9.9
15.8,22.438597583140364,37.21119544163579
14.666666666666666,9.3,6.34
16.916666666666668,25.83333,2.95
0.7833333333333314,23.13333,20.92
16.3,11.06667,7.07
0.11666666666666714,21.36667,11.29
21.35,2.721734414476721,5.3
10.115290596914807,2.016667,11.46
14.390800574856014,1.0948542244180515,4.32
18.2,13.23333,5.79
20.383333333333333,25.772906168963278,48.3190072417073
15.533333333333331,8.2,6.81
14.683333333333334,8.280580190255224,6.9
10.3,4.283333,4.07
20.78333333333333,20.16667,21.441290333305954
14.75,4.65,1.29
23.966666666666665,9.7,11.05
16.283333333333335,5.383333,2.6262158472742887
15.45,20.23333,9.96
14.233333333333333,2.7174297783594197,4.57
19.25,14.06667,9.24
21.383333333333333,13.4,14.22
15.683333333333334,15.56667,14.86
10.416666666666666,9.242035275710395,4.66
14.766666666666667,19.15,16.884952076855114
18.066666666666663,1.1,3.66
20.816666666666663,13.15,9.68
23.94044706670344,13.95,5.4418862271821125
21.066666666666663,11.6,5.78
17.8,13.2,31.831297633666544
20.516666666666666,5.572653914597765,9.92
15.8,15.31667,4.95
13.766666666666667,10.21667,7.09
17.45,17.85,27.65240259209182
21.25,52.66233531590526,31.896707022942135
15.066666666666666,12.78333,3.02
11.633333333333333,15.46667,22.23
16.116666666666667,13.226840995374099,18.60892334992066
14.716666666666669,16.03333,11.47
22.383333333333333,9.516605748034335,9.48
4.066666666666666,5.483333,8.83
18.98333333333333,22.235908746976047,4.86
6.831123678134948,0.6113596811346205,0.89
16.5,67.8679371049649,8.51
16.5,4.772602533446339,4.67
19.55,9.42605697165604,14.84
9.216666666666669,1.95,8.640197854444851
16.483333333333334,17.7,38.39509748940589
20.75,12.9,23.811820701728575
15.983333333333333,15.15,7.49
20.560621060547902,0.1666667,0.71
17.9,22.3,6.47
20.716666666666665,14.63333,12.04
9.47266972942598,1.116667,4.07
21.183333333333334,19.19990733983783,35.57974880351452
9.766666666666667,2.883466352738168,8.08
16.266666666666666,13.464569569414765,12.48
1.3333333333333321,10.75,13.46
20.23333333333333,3.883333,8.42
17.733333333333334,1.55,3.77
14.766666666666667,10.476952170338318,24.93096037359908
13.45,9.568387959440173,9.01
15.366666666666667,16.58422432912245,9.69
21.45,9.616667,17.85
15.966666666666669,11.40963603309489,9.36
21.133333333333333,21.18333,25.195712111478205
21.95,10.16667,7.68
18.1,3.466667,7.78
18.683333333333334,10.43333,7.93
4.466666666666669,11.86667,13.99
23.066666666666663,13.06667,14.25
12.95,1.033333,10.87
12.533333333333331,14.08333,7.692450350525323
18.33333333333333,5.466667,8.32
0.8166666666666664,8.883333,7.76
20.3,15.53333,17.46934521443676
15.15,3.683333,4.77
17.366666666666667,13.06667,24.87
22.23333333333333,5.716667,3.79
15.466666666666669,17.98333,7.73
8.274527555059468,6.75,1.1290060937800444
17.166666666666668,1.433333,4.23
14.166666666666666,16.71667,5.87
22.933333333333334,10.43333,3.916572567704134
22.1,14.1,1.77
21.016666666666666,14.83333,21.87
16.35,12.38333,12.28
16.383333333333333,0.4,13.44
8.816666666666666,2.8,2.57
11.883333333333333,11.43333,4.61
12.5,3.263499456891162,12.04
22.9,9.516667,10.37
15.033333333333331,2.987585851233263,18.25
14.783333333333331,1.383333,5.62
13.25,0.8333333,1.56
19.25,1.1025862334843013,10.21
15.75,15.26667,9.945586846009828
1.3535644718208175,9.95,8.76
15.633333333333333,12.36667,16.68
12.3,1.216667,4.1
16.016666666666666,1.6912921650163912,16.13
13.75,10.568534824889117,6.64
15.433333333333334,10.25,9.35
17.983333333333334,14.78333,42.1794584881491
20.45,9.116667,9.82
20.183333333333334,9.404150934141759,11.14
12.366666666666667,2.116667,3.72
10.083333333333334,14.43333,11.39
13.366666666666667,1.25,21.01
22.28708892000868,13.75,11.32
8.405640833500366,12.48333,6.89
0.7333333333333343,14.93333,23.8
17.416666666666668,10.61667,4.150379248758778
10.767669033580752,16.81667,5.62
15.2,5.633333,12.62
18.08333333333333,14.66667,10.21
18.766666666666666,13.36667,15.9437951002107
19.83333333333333,15.81667,23.79
17.583333333333332,11.35,25.82
8.983333333333333,16.7,14.62
0.3000000000000007,11.85,6.32
15.8,18.9,22.14
14.487856004686424,17.51667,3.26
15.283333333333331,4.663161605669976,21.760191844676157
0.7666666666666657,1.43868396312519,3.41
13.35,15.31667,11.97
10.3,3.383333,4.99
3.4833333333333343,8.533333,29.912575890219305
15.25,7.9838238017300815,1.48
18.08333333333333,19.25,42.636339672519824
20.966666666666665,30.560729525332416,7.92
16.483333333333334,4.394914144141447,8.51
16.683333333333334,1.138033795933729,1.55
15.916666666666666,71.52094691471977,9.83
16.7,22.98333,12.11
15.85,9.933333,6.74
16.2,5.883333,3.64
21.08333333333333,14.78333,12.2
20.2,1.0,2.55
21.28333333333333,3.900511348211103,12.35
19.666666666666668,16.18333,21.62
17.616666666666667,40.80025251756661,8.79
21.48333333333333,1.4,6.41
18.816666666666663,12.65,3.446180718066171
10.316666666666666,16.76667,5.31
16.05,13.9,4.83
16.216666666666665,42.399821004095166,22.87
17.95,23.56655684900378,15.846802594934124
20.066666666666663,36.81667,16.69
15.75,3.283333,3.7
21.616666666666667,12.395544196234924,9.35
20.35,1.233333,7.99
17.566666666666666,18.61667,5.43
18.166666666666668,19.18343968043028,9.81
15.0190129404029,18.22342969350305,5.58
20.316666666666663,1.5,1.3776950964913703
13.9,8.016667,21.35
21.58333333333333,3.992345563738854,2.25
2.4833333333333343,9.383333,12.11
17.15,36.4,9.477677235645242
16.6,15.06667,2.38
21.883333333333333,13.61667,8.79
13.45,9.233333,3.99
11.2,19.61667,12.48
20.75,11.28333,12.2
15.2,5.216667,20.15
20.183333333333334,16.057465525262607,9.12
14.266666666666667,9.716667,18.71
5.216666666666669,31.35,3.71
16.25,26.01667,17.74
16.0,0.9,4.96
21.23333333333333,9.583333,11.31
15.9,6.133333,2.93
0.11666666666666714,25.568718059783645,17.45
8.1,13.059072648964007,68.76928022680339
2.333333333333332,3.2153189235572603,12.11
23.666666666666668,14.48333,9.05
20.45,13.5,7.81
11.583333333333334,4.533333,9.75
5.148572564929779,4.466667,36.94700870901347
22.516666666666666,20.6,19.866903917365708
21.7,11.26667,7.61
14.9,13.46667,7.49
13.583333333333334,14.85,5.15
10.95,20.86667,2.89
23.588099354020958,16.7,2.82
16.566666666666666,16.710703646035277,13.89
18.03333333333333,17.2,14.009943548520095
19.33333333333333,11.989173752323977,5.74
19.066666666666663,12.66667,9.62
16.716666666666665,4.333333,3.73
19.3,22.70229882708625,17.46
20.916666666666668,11.23333,8.99
17.783333333333335,6.283333,4.2
22.866666666666667,12.43333,4.97
20.8,7.6,9.32
20.016666666666666,7.9,10.54
16.416666666666668,19.9,21.64
11.483333333333333,1.133333,7.69
18.33333333333333,13.85,13.89
10.833333333333334,2.516667,12.4
17.983333333333334,14.344286744808292,3.28
19.55,0.8264751997394423,5.84
18.9,2.233333,6.86
15.683333333333334,9.933333,7.59
15.483333333333333,18.53333,23.63
16.883333333333333,8.416667,8.94
18.683333333333334,19.8,5.32
16.25,4.216667,58.076742806271646
21.883333333333333,15.73333,13.06
19.03333333333333,8.066667,7.68
19.53333333333333,13.18333,15.43
20.466666666666665,16.46667,5.27
15.0,11.775635242078906,9.14
0.11666666666666714,1.533333,11.887260810849257
15.716666666666669,2.016667,5.92
16.866666666666667,15.36667,11.54
13.7,11.0,10.21
10.973973096919266,4.95,6.75
20.4,11.95,17.10310749330558
14.75,3.0,3.06
18.133333333333333,8.55,11.05
0.25978007791806235,2.066667,9.81
10.908206181143274,5.909924554579916,5.84
15.233333333333333,7.883333,6.99
18.55,17.543179647516492,16.03
23.83333333333333,5.6,27.05
3.2101292387237983,18.2,12.146236743833871
16.05,19.25852006443374,16.24
19.516666666666666,10.885727480890727,26.223220144161022
16.75,13.96667,21.32
18.58333333333333,28.792251407985745,7.92
16.633333333333333,0.9833333,8.06
19.65,14.85,37.89145513044205
10.892108766658446,13.8,5.21
17.25,13.53333,5.21
15.5,3.383333,3.78
21.33333333333333,13.86667,24.64
17.6,16.23333,34.12204369815067
22.616666666666667,16.41667,15.91
17.4,4.266667,8.17
16.4,22.06667,8.43
21.73333333333333,7.033333,7.18
22.8,6.15,2.15
16.9,13.88333,12.77
20.366666666666667,19.11667,10.0
22.65,17.85,3.29
0.9666666666666686,1.5159366290989569,12.33
16.316666666666666,11.26667,13.69
20.1,31.179802987890646,15.234480247905013
4.616666666666667,11.31667,15.06
19.916666666666668,5.35,20.905511101242155
17.683333333333334,9.066667,8.13
20.383333333333333,10.98333,11.26
16.25,14.31667,7.53
22.866666666666667,13.08333,7.34958442695206
13.53684767126251,20.93333,17.02
8.616666666666667,4.325937646771326,11.64
21.55,21.01828431311386,3.76
17.866666666666667,2.516976562329165,1.89
3.0500000000000007,17.13333,13.281205850343685
22.53333333333333,17.86667,26.164482893520034
15.333333333333334,1.4600270498565648,4.26
16.516666666666666,16.01667,5.8
14.3,10.53333,6.84
15.466666666666669,34.35207883342556,18.24
23.016666666666666,59.14357004045628,14.31
22.116666666666667,31.04418983942357,4.74
2.778014195098752,16.881025329966782,4.7
10.833333333333334,1.066667,4.1
16.283333333333335,22.96667,33.51
15.133333333333333,15.31667,9.29
16.733333333333334,0.75,8.09
19.25,19.26637129194541,4.69
16.266666666666666,4.3,26.5
3.383333333333333,14.35,7.33
15.583333333333334,9.766667,7.22
22.066666666666663,14.4,22.73
5.941705670675827,10.8,9.6
17.15,25.98995541687575,19.05
16.733333333333334,13.48333,21.86
15.266666666666667,2.188911148916279,6.32
17.116666666666667,1.733333,15.8
15.866666666666667,12.254978288863251,5.12
15.983333333333333,40.130961648951235,16.56
18.28333333333333,11.75,11.62914103799034
5.128295714127308,15.15,7.59
18.4,3.366667,20.191963727031837
1.1333333333333329,13.28333,7.4
20.5,15.13333,11.724879043870606
17.316666666666666,14.16667,15.55
13.4,15.93333,6.72
15.783333333333331,20.63660494655228,39.87253350693267
12.583333333333334,14.65,9.17
17.816666666666666,8.3,5.67
13.433333333333334,9.133333,9.05
22.766666666666666,62.163774210402266,23.59359943241114
23.316666666666663,18.98900208667199,7.86
16.7,14.96667,6.19
21.55,11.61667,4.32
16.066666666666666,3.183333,1.64
16.183333333333334,8.216667,6.12
16.666666666666668,13.78333,10.38
23.616666666666667,22.364874119426783,9.4
14.2,19.46667,9.09
23.6,13.83333,13.81
15.7,44.10391792232097,10.36
19.883333333333333,14.21667,8.22
18.933333333333334,10.1,4.18
0.06666666666666643,10.01667,9.1
21.016666666666666,14.61667,6.46
15.716666666666669,14.83333,6.74
23.37501323447844,1.5970861483711924,7.11
1.4666666666666686,3.166667,5.929610361696686
15.2,7.733333,31.520763477520088
16.55,8.001946951595535,10.41
12.166666666666666,11.03333,6.18
18.35,14.23333,11.42
13.75,19.56667,34.97623272017343
20.45,2.583333,9.743975047310814
10.616666666666667,14.2,11.44
4.810264450742881,0.7724376143352281,31.336706332771573
20.95,23.30582033899554,26.21698904255172
16.95,5.433333,6.41
18.55,6.666667,19.32
15.7,15.03333,10.0
18.166666666666668,19.164785770508406,8.416204548557289
19.5,28.93445900986352,21.32
0.13880431392220416,16.602629181813583,8.14
21.566666666666663,24.61667,45.870356247546155
19.010237612207128,2.866667,11.64
16.766666666666666,0.8333333,48.0918672201084
18.1,20.46667,4.46
22.78333333333333,15.33333,32.44
16.883333333333333,9.223666749740575,6.47
23.216666666666665,14.71667,49.37958671987057
16.1,0.7833333,1.92
13.416666666666666,5.933333,6.88
3.4440728208957196,17.88333,9.95
12.566666666666666,1.6592048465334315,1.632607135567814
22.65,2.466667,15.4
21.7,3.166667,3.112464836537838
9.3,15.45,23.09
23.416666666666668,12.13333,12.07
14.716666666666669,50.27287293152399,5.56
14.65,0.4333333,1.49
21.95,1.466667,7.42
14.933333333333334,11.65,5.61
23.666666666666668,21.18333,13.57
16.283333333333335,5.816109671830058,10.48
20.25,6.933333,2.03
22.166666666666668,15.21667,26.990352913944516
0.46666666666666856,9.183333,33.6
22.33333333333333,20.08333,12.96
19.266666666666666,2.6,4.31
6.016666666666667,0.6113277266653877,3.0896831071819175
16.583333333333332,0.8,3.49
16.75,3.9136577379533053,1.95
17.666666666666668,10.83333,22.34
16.851353141277894,0.6833333,2.03
18.066666666666663,13.55,14.94
14.5,11.03333,6.34
21.83333333333333,12.62533185766466,5.19
19.816666666666663,12.06667,15.96
16.2,10.38333,4.9
13.816666666666666,0.65,0.99
18.666666666666668,10.503932063220581,13.35
7.066666666666666,1.2087837813382671,4.07
20.03333333333333,1.416667,4.49
15.016666666666667,9.05,5.0
21.666666666666668,19.36667,7.14
23.616666666666667,5.114984039628,23.128768450031057
20.666666666666668,14.9,53.7419294412015
20.316666666666663,5.0811956583061,12.16
16.883333333333333,2.35,1.95
17.2,10.86667,19.272033488578163
7.566666666666666,21.152398421185477,9.6
17.616666666666667,11.95,8.414276646007783
21.33333333333333,4.666667,6.51
18.8,14.85,19.46
15.55,10.98333,7.34
15.616666666666667,14.38333,6.76
17.083333333333332,16.03333,10.2
16.466666666666665,3.333333,8.43
21.380773334313318,16.28896183073156,17.41
17.616666666666667,9.4,4.72
20.916666666666668,18.26667,38.3
12.216666666666669,5.380733994046678,4.01
13.766666666666667,9.0,7.86
15.433333333333334,7.233333,5.43
21.816666666666663,1.733333,7.87
16.883333333333333,1.016667,1.1
19.116666666666667,32.55739540754858,34.888841872802004
16.15,0.7,3.19
19.28333333333333,9.966667,7.43
18.28333333333333,8.25,4.15
16.65,14.25,4.885144659799989
13.3,12.71667,17.091362039991655
13.45,2.15,4.36
1.2941924275330763,0.3666667,1.56
23.78333333333333,0.3,1.17
22.23333333333333,15.6,10.683753779754042
16.55,4.416667,56.52467986298725
18.666666666666668,17.8,4.69
16.316666666666666,17.55,4.59
17.85,10.741428393405377,4.71
17.083333333333332,14.93333,3.07
17.7,3.866667,26.524998708360364
22.8,14.73333,17.49
14.816666666666666,13.31667,15.97
22.433333333333334,14.33333,54.853965088452675
19.83333333333333,4.017827515612254,6.36
17.7,4.65,5.32
19.33333333333333,1.266667,3.89
15.933333333333334,13.879540742045183,7.74
22.45,64.99565987463048,6.57
16.833333333333332,1.9,4.83
15.783333333333331,16.48333,11.37
21.383333333333333,20.331174199047524,14.57
15.016666666666667,8.232373189724306,16.95
10.833333333333334,13.256334932558309,4.51
17.333333333333332,0.7,1.88
21.33333333333333,16.71667,23.83438099577557
20.58333333333333,0.2333333,0.97
15.066666666666666,12.66667,5.55
19.9,18.01667,6.6
17.116666666666667,9.4,4.01
20.15,20.05,7.11
11.75,18.58333,12.77
21.35,61.61523926412737,5.78
22.65,3.666667,4.05
13.9,1.433333,5.089575238325633
16.566666666666666,1.3,8.67
16.616666666666667,0.9351351889890255,4.25
14.55,1.916667,13.64
16.116666666666667,2.216667,3.02
20.183333333333334,39.43333,22.23
15.133333333333333,2.516667,2.56
21.416666666666668,1.95,12.97
16.983333333333334,8.849282473102882,2.64
18.58333333333333,14.25,11.13
2.0726108721268233,17.2,14.42
15.516666666666667,1.2,0.73
15.75,1.3,5.31
20.516666666666666,5.3,11.92
19.4,1.433333,17.2
3.4429898196836177,1.683333,43.86828151419293
17.033333333333335,10.837007499659872,2.46
20.266666666666666,11.38333,11.885265143804718
19.8,17.86667,6.36
19.85,10.31667,28.101682057929228
15.433333333333334,2.0583348934541346,11.82
15.483333333333333,23.897575249662985,9.5
15.333333333333334,14.661107679668364,9.17
21.6,12.01667,14.56
18.566666666666663,11.173728684475801,11.11
17.016666666666666,1.4070183774627616,10.71309683352709
3.0,4.583333,11.02
4.300000000000001,1.3565739671521129,58.71737637813203
19.666666666666668,11.61667,18.76
0.18722576932874802,4.130342853293584,6.64
11.6,15.029763395568517,11.21
21.383333333333333,19.954495656614498,16.896785784228705
18.48333333333333,11.98333,16.98
0.06666666666666643,16.659179902014287,14.83
22.37500317229957,3.133333,4.29
20.066666666666663,21.365333271013082,10.54
15.316666666666666,14.88333,23.220440556884277
22.08333333333333,14.08333,29.76
17.95,9.05,25.78
22.48333333333333,10.56667,14.85
21.1,12.682814574949207,18.40165154080605
20.516666666666666,17.05,48.14795056527015
16.116666666666667,14.9,7.53
15.183333333333334,11.209070703404612,16.02
20.55,10.9,14.72
23.15,14.31667,6.78
2.8166666666666664,4.054024608552433,17.48
18.28333333333333,68.81813668406636,10.773053092288318
16.283333333333335,18.01667,13.03
16.016666666666666,1.559727745867012,1.62
21.55,4.283333,4.7
1.3333333333333321,1.216667,15.19
13.3,14.26667,7.78
15.366666666666667,1.2,4.91
19.316666666666663,2.266667,24.85552678644657
18.05,12.366124822539414,6.41
15.883333333333333,19.583819112220134,17.33
14.866666666666667,3.383333,4.36
16.566666666666666,25.83333,13.61
17.0,30.36667,26.48
17.4,17.21667,4.79
14.266666666666667,0.2833333,0.68
19.55,9.467469602083352,4.77
11.283333333333331,14.71667,14.666488961125724
14.033333333333331,4.066667,9.5
16.433333333333334,22.96667,3.32
19.966666666666665,2.466667,4.38
21.266666666666666,14.63333,38.318507363763636
15.4,8.916667,7.33
16.466666666666665,14.05,4.9
17.333333333333332,10.86667,53.41
21.7,5.166667,24.57
15.333333333333334,14.65,6.8
20.016666666666666,15.16667,13.29
17.066666666666666,1.8671672915080793,11.48
17.983333333333334,8.3,51.92925973833073
19.683333333333334,18.044536921426033,15.59
20.7,10.73333,3.36
18.05,6.666667,8.87
15.716666666666669,15.18333,5.58
17.683333333333334,2.116667,6.72
14.566666666666666,22.459061439486486,16.81
1.1333333333333329,8.845755223832674,22.13
13.45,11.539920412502724,24.891214483915828
20.7,15.1,27.72
7.7,0.2833333,15.42
11.6,1.566667,12.53
16.65,15.270727689916063,5.92
20.28333333333333,13.08333,9.24
15.7,19.37940898894786,13.0
18.383333333333333,3.266667,5.83
19.5,7.666667,5.18
12.733333333333333,4.216667,7.06
22.90320028730639,18.13333,11.595475570193956
20.816666666666663,18.93333,17.2
8.716666666666667,1.733333,4.86
19.716666666666665,16.85,22.53
20.33333333333333,16.86667,6.17
22.4,1.466667,8.015492795796598
13.283333333333331,1.666667,2.32
20.7,14.4,25.7
13.95,14.13333,7.87
22.15,1.183333,1.2
20.516666666666666,1.316667,2.39
16.466666666666665,1.933333,9.394542653681711
21.066666666666663,14.31667,5.56
19.75,8.633333,19.7
10.233333333333333,11.783608201644727,6.599707903276663
16.033333333333335,3.5428537743749655,4.84
15.716666666666669,19.379200203548493,2.46
6.4327751209430675,16.86667,20.6
0.8833333333333329,18.6,39.66175761036575
22.316666666666663,0.5965625799400135,1.57
17.183333333333334,15.53333,15.36
17.983333333333334,4.443769262292921,6.35
15.8,6.666667,12.69
13.333333333333334,1.75,13.192652723940554
14.933333333333334,13.16667,38.37633365534712
17.516666666666666,12.23333,12.79
12.816666666666666,6.533333,14.36
12.666666666666666,0.7333333,7.84
19.266666666666666,0.95,3.34
10.85,5.466667,10.41
14.566666666666666,13.8,42.0529084005719
16.6,8.483333,13.49
21.816666666666663,14.43333,23.59881124043977
17.066666666666666,14.6,10.14
21.470479393921657,47.78893542537768,10.321799632676411
19.23333333333333,15.98333,7.72
21.716666666666665,43.867170842300375,17.85
20.016666666666666,7.75,6.22
19.55,6.166667,8.24
20.666666666666668,14.03333,22.851472689080985
2.823673107689924,5.516667,56.93776382201351
17.433333333333334,0.4666667,1.77
3.1499999999999986,11.75,6.09
17.216666666666665,4.683333,13.89
11.0,2.616667,4.47
18.5,23.05,13.8
15.8,16.35,7.76
17.25,17.268135318012124,2.8
19.53333333333333,13.86667,8.32
10.316666666666666,1.983333,5.9
15.983333333333333,3.183333,4.67
20.35,14.66667,20.71
12.166666666666666,2.516667,10.66
10.883333333333333,2.25,3.51
11.81034520407896,2.85,5.19
15.816666666666666,48.939326663989284,4.33
15.866666666666667,4.533333,5.58
16.183333333333334,8.6,13.93
18.45,8.1,8.58
21.53333333333333,6.183333,10.059819434341044
15.883333333333333,8.583333,10.71
14.516666666666667,21.35,1.7456994796101934
19.1,15.75,5.33
10.55,16.6,4.89
20.6,2.075831900872835,14.92
19.633333333333333,16.23333,11.51
10.666666666666666,15.35,15.62
14.483333333333333,5.75,4.57
16.866666666666667,2.755518208396317,4.7
16.1,10.88333,12.03
18.53333333333333,64.6050333978968,6.48
20.766666666666666,16.38333,42.761467553153636
23.33333333333333,16.41667,7.48
4.149999999999999,12.88333,22.71037876576651
20.383333333333333,4.525941523183241,12.82
12.45,1.197833393100946,5.77
16.35,23.54391267033534,18.77
20.1,15.931925628340743,6.08
14.233333333333333,9.165036535296531,16.56
12.795700902108123,2.85,4.16
13.966666666666669,93.60768936837474,4.65
16.783333333333335,6.3509157872107185,14.04
22.433333333333334,20.83333,17.192581303375775
8.55,0.75,2.42
17.2,11.4,8.11
6.286640125061967,0.45,3.35
18.516666666666666,1.1099000610946255,25.847227390890477
14.683333333333334,9.448180623687406,5.83
18.548722083211274,9.30420379346877,19.540009053428655
16.983333333333334,7.5777114581588885,15.977483278312722
23.55,2.8,8.19
20.5,15.38333,14.04
10.883333333333333,6.233333,7.43
11.85,6.406845734067833,12.98
18.3,12.31667,6.52
20.65,17.78333,17.45
18.75,20.95,21.324078227514402
14.15,21.15,12.97
16.0,3.566667,1.87
19.55,1.116667,13.37
21.65,10.45,11.12
17.116666666666667,17.86667,5.43
17.516666666666666,6.233333,4.49
20.85,9.566667,2.35
14.883333333333333,12.85,6.39
20.683333333333334,12.85,11.12
22.73333333333333,17.96667,13.32
14.391642588249427,13.03333,3.91
21.433333333333334,19.822498669709248,7.34
23.23333333333333,11.29856029226446,30.066925121154636
17.933333333333334,5.466667,11.55
17.516666666666666,13.93333,17.43
12.2,15.16667,1.4377016018726863
21.866666666666667,23.93333,18.0
18.666666666666668,14.31667,13.95
23.616666666666667,19.9,15.510664105988107
21.73333333333333,8.365397425960353,10.0
17.05,8.916667,2.78
19.98333333333333,6.633333,10.46
22.916666666666668,7.95,14.54
15.833333333333334,1.2,11.47
16.6,7.966667,8.62
14.333333333333334,9.527887831787238,17.21
11.2,11.059116753124902,13.14
16.816666666666666,5.766667,8.52
20.2,2.266667,2.29
21.33333333333333,17.94071100063396,6.07
8.7377157218536,3.75,10.82
22.659246583616188,10.51667,3.09
0.7833333333333314,16.88333,18.29
14.116666666666667,7.7,11.4
18.466666666666665,9.133333,23.93
23.28333333333333,20.6,9.9
13.983333333333333,11.38333,12.46
16.833333333333332,9.316667,11.34
19.966666666666665,38.96931146390557,17.3
11.6,14.66667,7.86
16.15,2.383333,1.1992168916482477
23.5,2.2775516139076073,7.52
18.266666666666666,2.283333,2.72
15.4,13.9,16.18
15.7,3.45,20.32
3.0,9.4,9.925406559251714
15.216666666666669,0.39917220201916553,0.58
14.583333333333334,8.6,3.87
16.766666666666666,3.45,36.515024131377466
20.516666666666666,15.16667,44.12546370998956
18.316666666666663,1.8749961565791562,6.77
21.433333333333334,3.75,11.646537076388487
16.45,9.933333,11.276892836100886
17.516666666666666,20.615777190869217,7.25
20.716666666666665,19.86667,39.10634533708217
14.983333333333333,15.46667,2.54
18.33333333333333,8.866667,10.07
4.066666666666666,15.15,11.98
15.3,10.11667,8.1
21.15,17.270840946854268,6.237271314808168
16.333333333333332,24.88333,2.24
20.2,7.216667,10.59
7.533333333333333,1.683333,3.95
18.316666666666663,2.0428622482882357,8.33
21.83333333333333,0.6201940694619579,3.4
13.357286836925294,1.666667,2.34
22.05,12.38333,7.88
14.883333333333333,14.91667,21.536097890236416
19.3,15.48333,3.88
2.0902061287522287,10.56667,37.1235134265502
1.0,5.966667,17.71
14.3,5.866667,7.78
11.383333333333333,23.46667,10.28
21.933333333333334,13.38333,7.64
16.9,5.2,66.49925341591937
15.85,14.18333,3.9
18.8,20.58333,10.84
14.433333333333334,1.5,5.95
14.816666666666666,15.986252765844142,12.2
17.733333333333334,18.86667,7.6
13.5,14.4,5.45
13.366666666666667,8.766667,66.4352872735099
19.08333333333333,28.425290678595452,5.31
21.816666666666663,14.2,23.13
15.066666666666666,8.6,41.93
22.534601982959913,12.76667,12.392693420164287
22.55,3.580697823180147,15.24
20.666666666666668,2.007364842431804,21.16648112726631
15.166666666666666,9.547409375794773,9.77
19.15,5.833333,3.45
22.066666666666663,42.45,6.78
20.58333333333333,2.933333,7.58
11.433333333333334,14.166321129695902,13.82
20.866666666666667,12.91667,22.282199721746146
15.210042119615537,9.216667,7.31
11.7,16.1,5.44
20.05,36.38758171183557,24.989887366015463
18.58333333333333,11.91667,9.22
21.53333333333333,14.46667,12.89
17.6,10.73333,11.62
18.53333333333333,4.9,11.04
20.816666666666663,7.175798301038568,5.86
19.633333333333333,2.133333,1.65
16.65,21.85,22.27
21.4,13.78333,27.52
16.766666666666666,23.03333,8.21
21.65,10.25,13.13
18.683333333333334,1.066667,11.47
13.75,11.58333,15.37
14.666666666666666,0.45,1.6267433772957884
16.8,7.766667,8.413075172447133
16.0,15.05,5.11
15.033333333333331,0.7009154507670666,1.29
19.816666666666663,23.323374364600536,3.68
18.53333333333333,8.783333,9.21
20.633333333333333,10.96667,12.41
0.43333333333333357,61.813600313903905,18.77049268585397
20.15,46.2,13.93
15.55,10.23333,5.5
0.5166666666666657,7.263143343337965,7.95
16.733333333333334,1.3503197939557714,14.16
18.2,13.76667,5.3
19.116666666666667,22.006170292699256,15.65
18.009389976581346,0.29767688333762893,0.555762469819747
9.133333333333333,18.013559604880054,18.44
20.066666666666663,0.3666667,0.61
18.0,11.55,8.443149212796706
15.683333333333334,4.016667,5.32
8.066666666666666,2.383333,6.73
15.45,15.68333,6.9
21.1,64.1428200245122,11.5
13.933333333333334,12.4,11.55
3.9715700475397178,9.883333,9.04
21.016666666666666,14.13333,6.51
21.33333333333333,15.91667,25.82
19.383333333333333,20.265760166632365,10.68
15.15,13.7,5.39
3.7166666666666686,16.6,42.33171873633982
18.25,10.85,30.854265639421065
9.293173393501881,2.1,6.99
21.35,14.88333,4.14
14.566666666666666,89.278701967553,6.843795267753303
13.983333333333333,0.8666667,0.74
10.083333333333334,10.18333,9.24
23.082986298007985,27.63908121433067,28.734843468286563
14.55,15.26667,3.96
13.183333333333334,12.180042280057352,5.63
17.116666666666667,17.15,36.248336593876594
17.6,19.21667,18.55
21.866666666666667,3.35,14.82
19.03333333333333,12.23333,21.41
12.333333333333334,8.233333,17.79
16.183333333333334,10.5,18.37
15.383333333333333,0.8365499921847068,4.9
11.566666666666666,9.833333,4.57
15.8,9.514354248391367,13.04123423634097
19.8,17.3,8.905140861843247
13.2,55.95494806026932,10.34
20.683333333333334,1.166667,2.68
20.016666666666666,14.71667,10.46
2.916666666666668,18.53333,10.03
22.73333333333333,18.33333,14.19
19.8,15.31667,11.64
15.333333333333334,15.7,10.85
22.53333333333333,52.24534050973577,30.884267468424515
22.316666666666663,17.632126202561338,13.3
21.98333333333333,1.2,4.094783674709499
0.8666666666666671,13.2,17.66
9.7,17.18034030671114,3.88
15.2,18.25,4.0
19.8,22.99233408573674,49.408082805781156
13.533333333333331,12.18333,5.65
17.05,16.28333,4.68
15.533333333333331,9.74016466168581,10.06
19.366666666666667,5.683333,5.96
22.416666666666668,17.85,16.51
23.8,1.9,18.88
19.83333333333333,20.68590303055852,39.01502721957862
21.45,13.18333,61.60799317129888
15.266666666666667,14.15,24.95
8.016666666666667,2.3547359233966385,5.08
22.78333333333333,1.683333,14.54
21.316666666666663,10.8,41.277520794409796
13.266666666666667,0.5,3.06
9.639909179203581,2.116667,3.22
20.98333333333333,13.176718058701779,12.39
18.55,11.356670864385046,5.73
16.016666666666666,11.43333,36.00006550031714
17.75,19.63333,5.38
16.2,62.86667,12.67
12.216666666666669,1.5953398845926727,2.57
16.983333333333334,3.6131506020932194,3.7
11.6,14.9,4.864342649248429
21.666666666666668,17.26667,19.7
15.871460473796954,2.316667,1.26
1.0691484661554576,24.1,3.77
20.133333333333333,7.05,7.64
22.28333333333333,71.17869736902618,24.9
23.666666666666668,6.35,5.56767764749704
18.98333333333333,65.40292997877059,17.14
14.25,8.733333,7.74
17.066666666666666,11.08333,7.56
10.683333333333334,11.48333,14.11
18.53333333333333,10.16667,2.280863414162304
16.183333333333334,26.11667,15.54
19.85,2.9055155094988057,24.11
16.166666666666668,10.64510614152281,9.44
11.95,26.6167303243349,10.14
16.5,7.934701340705776,6.51
14.083333333333334,13.41667,14.46
19.35,1.566667,4.09
19.35,15.68333,14.35
2.1000000000000014,2.683333,12.63
8.533333333333333,1.8,4.08
18.95,15.7,24.97
18.866666666666667,1.783333,4.96
20.066666666666663,19.93639136893396,14.72
17.7,14.904220996141792,14.591625929933507
11.69253738400633,19.95,0.72
15.55,10.098981149144427,7.44
22.05,17.48333,20.35
22.916666666666668,12.680329995479106,3.83
19.4,13.4,10.104761124996003
18.4,13.55,5.89
14.6,15.46667,13.07
16.55,11.26667,7.59
12.9,5.75,5.35
19.08333333333333,16.28333,1.61
15.3,1.733333,7.65
19.8,22.51667,5.71
17.6,13.88333,5.71131501482334
21.6,4.9,37.90933005576022
9.183333333333334,2.583333,20.58
15.95,10.06667,8.39
18.433333333333334,16.86667,4.25
7.9,0.3505214110429598,2.67
15.483333333333333,15.78333,9.89
19.316666666666663,43.34911803674201,16.16
0.25,17.758202021215315,10.22
16.6,2.8,7.85
22.916666666666668,18.69173719081653,64.6375982182892
12.866666666666667,8.166667,6.82
23.266666666666666,15.61667,54.31035324858968
7.75,4.532353684143571,14.06
21.08333333333333,13.81667,19.76038815640146
16.95,1.666667,33.55
15.15,8.674651956289726,16.24
16.933333333333334,15.81667,5.39
15.166666666666666,12.23333,3.814853681753157
16.116666666666667,9.983333,16.14
14.483333333333333,27.152488655538438,21.975694868926425
13.9,1.933333,4.88
20.933333333333334,9.95,17.37
17.333333333333332,16.1,23.64183165143244
15.666666666666666,9.883333,8.31
20.166666666666668,8.416667,2.52
18.23333333333333,15.5,21.64
15.583333333333334,17.7,5.16
16.616666666666667,5.1,9.22
20.516666666666666,13.48333,4.86
16.2,14.21667,15.97
17.35,3.3,5.69
11.25,11.93333,9.44
15.733333333333333,17.85,29.12017400798388
18.516666666666666,8.983333,11.106891268885228
15.0,6.448215257176776,10.77
1.1833333333333336,18.98333,3.39
15.666666666666666,12.0,5.11
1.2155746124175515,24.85,44.79662775169126
19.03333333333333,10.5,3.1730418476695195
15.6,1.116667,0.71
19.75,39.6522299824614,9.44
18.566666666666663,16.48333,4.46
16.766666666666666,5.813984032931874,13.12
4.350000000000001,9.7,10.37
14.966666666666669,3.083333,9.75
20.966666666666665,62.82506599905085,23.554210181718226
13.083333333333334,18.83333,5.79
22.3,14.28333,26.862954230541362
22.15,11.98333,3.94
15.216666666666669,6.333333,8.04
23.08333333333333,20.0,19.054374045371077
2.5571322975287316,1.5,2.94
18.15,0.7833333,3.3936973647936246
3.505778401889742,7.2230900559916025,22.699262324944602
19.55,10.9,3.38
12.233333333333333,2.1828030950438446,3.72
17.85,15.7,9.79
17.716666666666665,25.188453748919265,7.03
12.9,4.316667,5.68
2.7833333333333314,1.05,4.57
20.616666666666667,14.98333,16.29
17.033333333333335,15.783738273606632,10.36
15.066666666666666,2.5728044769390173,10.05
17.716666666666665,10.98333,8.45
19.83333333333333,15.13333,30.160039264576046
9.55,22.88333,9.17
16.733333333333334,41.1,27.21
21.416666666666668,12.15,19.07
16.083333333333332,0.6333333,0.97
20.98333333333333,16.5,6.23
14.616666666666667,14.8,7.08
15.616666666666667,3.6147991401833517,3.11
13.8,11.38333,4.32
21.78333333333333,15.353955959808236,13.89
14.308848762237176,12.175943185934988,9.42
20.133333333333333,14.3,20.48
22.116666666666667,21.85,6.61
19.83333333333333,21.81667,21.49
14.083333333333334,14.168254059664918,21.74
13.95,10.8,14.964972568401135
15.466666666666669,9.433333,7.66
17.983333333333334,0.8,6.43
20.933333333333334,2.9883503367479802,11.52
16.283333333333335,0.2666667,2.84
11.5,64.2267886456225,6.1
14.633333333333333,12.648632791153988,6.275082702108193
16.553805137897626,14.31667,26.89907982027158
20.33333333333333,10.902046600272566,0.72
0.9333333333333336,17.75,18.51
17.15,15.73333,12.896449402030559
15.183333333333334,4.666667,6.69
3.616666666666667,14.890386390537595,39.650261958255435
17.283333333333335,2.516667,16.88
14.983333333333333,3.151523260126953,3.57
20.73333333333333,14.63333,22.40860617566388
18.766666666666666,9.533333,9.07
21.65,9.766667,10.48
0.8500000000000014,10.71667,2.983692154039163
16.883333333333333,2.733333,3.77
14.416666666666666,16.96667,2.47
10.9,19.600763615359394,5.46
22.55,14.43333,39.06
21.790935464150486,13.71667,18.66
18.4,52.4367383356237,20.68
17.95,11.43333,25.23858711069217
20.95,8.918573915741867,12.88
19.666666666666668,8.028030319460425,5.84
20.933333333333334,1.383333,1.87
19.516666666666666,18.33333,11.09
14.733333333333333,13.66667,69.3468966854643
16.616666666666667,37.05,5.8
17.533333333333335,4.438145750668689,31.802504525952973
16.766666666666666,14.66667,33.26034716592636
15.55,11.885,3.89
15.666666666666666,18.8,6.42
16.1,8.533333,6.8
21.53333333333333,10.15,9.4
16.816666666666666,15.8,7.27
13.366666666666667,13.645807939100855,10.98
22.683333333333334,35.06120840700461,8.32
15.6,2.733333,17.18
22.23333333333333,15.36667,24.14
16.566666666666666,2.416667,1.09
15.033333333333331,12.35,8.49
17.083333333333332,2.016667,2.83
10.55,14.08333,45.60258345873794
15.916666666666666,0.8166667,2.56
12.366666666666667,3.25,3.35
23.78333333333333,16.26667,8.71
17.433333333333334,11.51667,19.14
20.8,10.55,14.89
18.95,11.03333,4.04
17.333333333333332,12.28333,13.2
21.383333333333333,14.7,9.56
21.683333333333334,5.866667,15.68
10.1,0.7833333,14.55
19.33333333333333,14.68333,16.41
18.766666666666666,1.2910970559364712,6.17
1.9333333333333336,1.75,25.893837861241774
16.233333333333334,2.211332958908281,7.03
15.216666666666669,8.716667,14.94
15.6,22.38333,7.52
15.666666666666666,8.179654405195535,12.83
19.45,1.5,1.4
18.45,15.95,9.18
17.816666666666666,22.28076621340618,8.7
21.09188590170864,1.0,1.0
23.116666666666667,18.26667,12.61
17.733333333333334,2.366667,1.6
16.15,14.56667,4.81
21.65,11.15,14.83
17.083333333333332,6.634502949855832,5.04
18.65,10.98333,17.72
21.416666666666668,12.98333,35.522675006738865
17.316666666666666,37.48187001597808,6.77
22.166666666666668,2.133333,5.226143382727169
23.75,7.95,4.030551701709628
15.383333333333333,4.745179272295164,7.48
23.65,12.559097987720598,11.41
13.516666666666667,0.4199312833291376,1.85
13.933333333333334,16.5,17.5
14.183333333333334,11.21667,17.43
14.916666666666666,12.95,8.24
19.45,14.5,12.97
15.116666666666667,13.2,8.95
22.016666666666666,5.199830459952279,7.31
12.066666666666666,8.583333,9.91
3.8000000000000007,14.93333,6.21
23.25,17.61667,19.72
20.2,88.96670709558877,11.32
17.133333333333333,15.53333,11.79
1.5500000000000007,14.38333,3.36
16.45,2.016667,2.919880300757941
11.85,11.05,4.19
22.916666666666668,42.81667,24.89
23.866666666666667,16.21667,19.35
18.58333333333333,6.233333,10.4974339291011
20.1,3.583333,8.19
20.466666666666665,115.96182567832355,4.35
18.0,14.8,9.09
18.45,9.55,8.61
12.866666666666667,39.713128268292095,4.56
19.366666666666667,3.783333,18.09
20.666666666666668,8.733333,12.74
16.933333333333334,38.30468361529391,10.87
17.666666666666668,13.11667,8.472350326094311
6.816666666666666,1.15,23.93
14.666666666666666,39.43333,4.03
18.05,24.58333,10.17
17.5,2.533333,2.73
22.08333333333333,18.23333,7.98
19.7,1.9,2.085383042129688
22.15,1.216667,7.7
20.316666666666663,0.7833333,6.8
17.083333333333332,6.933333,20.683745078467766
10.583333333333334,15.8,6.42
20.35,10.4,14.96
15.566666666666666,20.65,11.43
17.016666666666666,0.8666667,2.54
20.183333333333334,12.479984830619022,10.18
16.216666666666665,10.45,16.84
16.3,2.266667,2.2490069703245537
17.316666666666666,16.909151144091265,18.31
17.4,14.55,2.51
17.383333333333333,16.46667,6.62
0.9168582649450414,7.316667,13.21
18.366666666666667,2.833333,4.34
16.416666666666668,16.85,8.22
19.58333333333333,36.4,37.84
22.15,69.84230357753525,27.05
17.316666666666666,1.7804136603421974,12.061543516537641
13.333333333333334,1.183333,4.69
13.783333333333331,2.2047863119467364,10.14
17.316666666666666,12.98333,3.04
23.45,15.41667,6.83
20.037350138180287,21.4,8.44
23.1,24.2,17.09
15.4,10.219524733212598,7.63
21.966666666666665,11.316891824602678,8.81
18.216666666666665,24.71667,1.36
19.666666666666668,2.8,11.69
18.98333333333333,9.583333,7.17
18.78333333333333,2.133333,6.36
22.75,14.073470763299081,9.18
16.401426219317848,12.346593547645496,8.510024734381586
16.766666666666666,0.3333333,1.96
17.283333333333335,10.637701410954012,6.06
16.55,0.3666667,0.9
15.816666666666666,26.8,11.16
22.74901449915051,11.709318320143021,12.88
17.683333333333334,16.017675241903575,6.47
18.65,14.829823093863622,7.36
16.7,40.0458454608608,9.45
17.466666666666665,11.68333,8.31
16.7,8.45096799279405,5.08
18.266666666666666,20.28333,69.50923480687896
22.116666666666667,9.866667,7.82
3.929155183531595,3.15,8.26
15.133333333333333,2.633333,16.16
22.98333333333333,12.85,14.46
23.48333333333333,3.433333,21.2
15.8,0.5,2.51
17.533333333333335,0.9619211065830168,2.08
16.766666666666666,8.662241210494285,6.599919162155595
18.166666666666668,14.21099099524971,14.01
16.733333333333334,10.11667,4.43
19.116666666666667,10.01667,1.87
12.333333333333334,6.733333,9.12
19.366666666666667,43.96667,7.09
16.683333333333334,12.1,11.32
21.066666666666663,13.456734299610673,13.07
17.15,15.458235244325223,7.02
10.543228015521404,2.35,4.67
17.2,12.505526060229748,5.34
16.283333333333335,13.5,9.66218461717479
14.616666666666667,10.88333,15.806575202245732
2.1833333333333336,19.9,7.16
18.73333333333333,14.734258872792783,6.04
17.116666666666667,9.116667,18.161630627554842
14.466666666666669,8.85,5.45
12.933333333333334,13.2,7.05
0.16666666666666785,10.25,43.55319108168129
18.48333333333333,11.23333,27.29550591959618
18.05,12.83333,15.32
15.966666666666669,13.46667,9.18
19.266666666666666,21.93333,22.849263972947377
22.516666666666666,1.733333,20.57
18.966666666666665,15.582989597384898,26.76
14.233333333333333,3.35,4.58
12.016666666666667,12.9,17.04
3.166666666666668,0.9518712059127048,4.0
21.360032471525,1.75,6.36
10.45,16.93333,45.21121799984714
4.658434909297405,1.4517557110584147,25.093326470809988
13.0,22.16667,13.78
20.316666666666663,2.116667,6.45
16.3,11.85,7.06
16.733333333333334,18.63333,12.32
4.050000000000001,2.5962917154770873,1.4
22.78333333333333,14.18333,11.44
12.066666666666666,12.43333,6.5
3.3166666666666664,14.63333,27.9
18.366666666666667,10.33333,2.16
19.066666666666663,7.716667,25.914195838121234
16.152847862241224,2.7,15.08
16.233333333333334,17.86667,21.03039534268435
15.066666666666666,17.2,23.1
8.830169489136217,8.6,3.94
16.011509660301087,2.883333,20.77
15.316666666666666,0.6666667,4.52
16.8,13.628458394868208,22.092015094768723
14.583333333333334,38.16787007001438,6.91
16.35,14.4,15.88
13.866666666666667,29.333708062403534,5.79
10.533333333333331,10.76667,14.29
3.116666666666667,4.716667,9.0
20.05,16.85,23.39172945760889
16.733333333333334,9.883333,11.29
16.883333333333333,13.31667,7.0
1.7666666666666657,14.58333,14.89
8.645522322491646,0.5666667,4.09
17.266666666666666,1.333333,4.81
16.75,17.11667,32.85553918090882
23.133333333333333,17.38333,12.05
21.25,19.3,11.98
12.716666666666669,13.96667,7.75
10.833333333333334,0.25,1.27
23.9,11.23333,16.6
16.483333333333334,20.83972,24.036860586672557
14.2,13.95,11.52
18.093568102856807,27.120451749494578,8.38
22.55,7.183333,8.74
5.8085943033598575,2.116667,19.564610940290148
16.216666666666665,11.199709018169138,2.325981054040603
19.8,15.450439691674404,7.21
17.033333333333335,1.5,1.3481867404095829
1.8999999999999986,14.65,16.31
17.666666666666668,10.63333,9.6
1.3833333333333329,1.966667,33.49
15.816666666666666,0.5666667,3.13
20.35,15.491646554633583,3.13
19.15,14.66667,22.05
20.28333333333333,8.45,7.67
14.2,1.211902995150155,2.11
15.383333333333333,16.97862001867064,10.52
21.6,2.633333,4.52
14.9,9.49987701879161,4.86
17.216666666666665,15.1,8.13
15.883333333333333,5.066667,6.89
9.783333333333331,10.73333,10.56
17.783333333333335,2.0,3.12
15.316666666666666,1.733333,5.514931490733288
16.5,13.63333,11.55
13.55,12.926961101912255,8.22
16.916666666666668,34.75759250018084,8.32
16.283333333333335,21.4,3.69
12.883333333333333,3.45,5.279565357700922
18.8517456526708,7.88764172542488,5.02
16.616666666666667,38.48333,20.5
15.766666666666667,0.95,4.15
3.635833013571389,3.316667,19.595304819007872
16.75,14.4,8.3
18.85,2.411181400366784,11.88
8.833333333333334,1.9,12.745423198742792
15.066666666666666,15.93333,6.5
16.166666666666668,8.466667,6.69
12.866666666666667,6.033333,9.73
15.716666666666669,7.767292565083151,2.04
21.466666666666665,13.18333,29.674367412819993
22.433333333333334,14.35,9.92
17.9,8.45,5.44
16.816666666666666,28.201399852245693,4.85
15.65,3.683333,23.38124504796695
19.016666666666666,7.433333,4.98
18.816666666666663,17.78333,9.44
9.883333333333333,13.35,10.91
22.416666666666668,3.233333,9.44
14.25,9.956742908959505,13.213988171278034
18.714700052130013,5.848008080349735,6.43
16.1,22.349124530894187,6.644583851694595
18.65,12.28333,27.46698313096538
15.783333333333331,10.88333,9.98
21.883333333333333,3.566667,4.12
16.416666666666668,9.162636470055789,13.74
17.7,44.58871089313805,6.35
16.266666666666666,3.666667,13.72
8.616666666666667,1.421445835138464,6.99
12.8,2.6,2.9
21.53333333333333,13.08333,5.42
15.75,41.1,18.85
15.9,15.78333,3.65
19.216666666666665,1.15,22.11
10.6,0.6166667,21.3
19.65,0.8333333,3.26
19.6,9.4,13.37
23.666666666666668,19.130821387578294,5.65
5.949999999999999,14.83333,45.1607799610286
20.98333333333333,0.45,5.38
19.066666666666663,15.05,7.76
15.616666666666667,0.8666667,8.22
17.083333333333332,3.484587436466426,6.74
0.9666666666666686,5.7,9.8
23.683333333333334,14.95,6.43
20.466666666666665,8.399177002529061,25.62056606807513
19.1,14.06667,53.88366190089146
20.166666666666668,15.358403256041411,23.27
19.716666666666665,13.51667,23.91747080739122
19.366666666666667,2.166667,7.68
11.6,15.4,5.04
14.766666666666667,2.05,14.94
17.333333333333332,10.73333,11.53
15.75,25.15,6.81
18.816666666666663,16.460533007035256,15.856852688817307
12.95,6.95,11.12
15.516666666666667,2.9,4.63
20.0,14.9680558953107,11.33
16.65,1.897369500112784,2.57
21.48333333333333,0.28438282386131647,0.6192717383243144
21.416666666666668,38.56267975678626,59.43993757520802
21.25,1.533333,7.9
17.2,15.41667,14.23
15.233333333333333,3.05,1.57
16.483333333333334,18.36704075450379,3.89
21.1,11.81667,14.15
15.65,1.05,2.64
12.866666666666667,15.456759198422743,4.32
14.316666666666666,3.35,10.31
21.8,13.51667,9.18
23.366666666666667,20.93333,5.99
16.1,6.816667,19.07
18.45,14.98333,3.91
21.683333333333334,9.483333,7.81
17.016666666666666,17.73333,1.8
16.033333333333335,7.416667,12.670708691617474
17.983333333333334,3.6613784810771954,12.96
20.73333333333333,3.2,8.42
22.25,10.31667,7.41
20.55,16.95,23.79
18.916666666666668,3.5690008496576087,2.33
15.533333333333331,2.2,30.355713716652243
14.016666666666667,0.7166667,4.74
14.1,88.91754516929234,32.8880271646101
20.35,16.61667,6.69
16.216666666666665,14.21667,25.88
16.766666666666666,8.944033378756817,6.51
14.083333333333334,1.9839832363402254,6.62
0.14999999999999858,7.566935635585575,8.73
14.966666666666669,13.11667,33.50643768685171
18.466666666666665,12.06667,1.06
17.083333333333332,27.104588643470017,34.79
19.016666666666666,13.08333,5.11
20.683333333333334,5.183333,11.53
1.0805562003646614,11.5,8.98
12.233333333333333,2.334962621244952,8.78
16.683333333333334,7.966667,5.64
10.816666666666666,18.1,6.41
23.55,1.133333,14.34
11.383333333333333,4.683333,8.37549362870166
21.35,20.96667,37.604929394628854
20.45,1.966667,9.27
15.766666666666667,66.33124033959366,10.27
12.3,1.5,6.34
23.933333333333334,15.18333,17.79
12.0,10.55,2.81
18.15,11.0,18.55
2.4666666666666686,15.2,13.85
19.03333333333333,15.13333,13.85
22.716666666666665,14.58333,22.12
17.3,8.633333,6.74
16.366666666666667,18.9,8.16
17.133333333333333,7.174211300931863,11.16
8.833333333333334,1.3022642690394266,1.69
19.53333333333333,14.3,6.6
19.516666666666666,12.98333,17.95955758615397
13.566666666666666,15.53333,6.53
22.6,14.7,7.58
16.733333333333334,14.11667,6.95
12.383146390727779,3.6151624950805386,8.97
22.03333333333333,19.8,33.38616761543322
15.433333333333334,16.46667,14.99
2.883333333333333,16.18333,15.62
19.916666666666668,19.65,15.86
16.25,11.55,39.25197479983559
12.25,13.06667,7.71
19.2,6.983333,6.19
21.7,1.283333,4.09
20.3,17.45,11.85
22.5,15.43333,4.15
16.316666666666666,18.2,11.4
19.65,2.933333,7.26
4.616666666666667,19.25,22.34
19.7,13.66667,37.33299235905055
11.516666666666667,12.93333,6.79
15.05,17.31667,10.36
21.1,15.65,7.58
16.833333333333332,4.7,7.62
13.316666666666666,2.1701526910800073,44.916940368688664
9.233333333333333,82.69356054047923,6.65
22.633333333333333,12.969924453250142,13.12
18.866666666666667,16.68333,24.09
3.583333333333332,8.01082103747651,15.2
15.683333333333334,2.95,8.89
18.433333333333334,31.078532940631685,6.71
16.25,10.72595434350245,53.38484789804789
21.066666666666663,25.1,33.504220918815115
21.83333333333333,14.93333,14.19
21.55,3.966667,9.39
15.233333333333333,52.407280534737815,1.17
10.900260914061317,39.7096176193521,4.82
18.25,20.51667,4.15
4.350000000000001,14.93333,32.51
19.85,14.61667,7.305765689131803
16.683333333333334,17.310910259381608,6.37
4.100000000000001,9.9,17.39
22.416666666666668,11.73333,30.28081333265407
17.916666666666668,19.31667,2.43
21.016666666666666,15.06667,7.7
19.466666666666665,15.45,8.02
16.6,9.883333,18.722869971347972
22.816666666666663,10.71667,21.18
16.783333333333335,12.23333,4.86
15.916666666666666,10.05,2.81
21.066666666666663,13.21667,18.12
15.266666666666667,2.609234665522615,6.95
21.9,15.981824122061699,6.6
17.05,12.35,11.56
17.733333333333334,10.803163895831844,5.37
20.116666666666667,14.58333,13.26
21.23333333333333,6.333333,17.181166072415653
20.066666666666663,15.263903214634503,23.8585808089911
17.15,3.133333,1.4
16.783333333333335,15.68333,10.01
13.233236945539343,3.366667,6.07
16.383333333333333,11.8,12.217378595231567
19.433333333333334,13.46667,2.83
16.35,2.7482605828788564,11.72
17.333333333333332,13.68333,28.77
18.4,1.05,7.69
23.516666666666666,14.1,28.92
17.033333333333335,14.53333,9.63
21.35880765004792,8.533333,4.9
18.65,17.25,36.89166946263984
17.333333333333332,21.81667,8.43
15.583333333333334,14.43333,15.5
18.366666666666667,18.86667,6.69
1.1166666666666671,2.733333,56.69305311737582
12.666666666666666,5.45,14.13
21.883333333333333,2.25,6.56
12.166666666666666,4.299807146641552,6.23
19.016666666666666,9.216667,22.18
19.1,15.5792392166718,11.64
14.016666666666667,13.13333,7.43
20.967212638169194,18.76667,41.180765441735275
17.0,10.1,10.42
19.883333333333333,7.416667,7.968993932863231
18.45,12.11667,47.89
11.35,11.21667,3.36
20.316666666666663,18.55,25.445223157950675
0.18333333333333357,17.165630361356495,27.68
12.166666666666666,1.6463910882439479,3.68
15.8,20.232068552909674,5.24
21.616666666666667,9.566667,4.21
11.339870350092436,17.933541859973428,4.45
18.5,8.9,9.85
16.5,11.26667,4.35
0.4499999999999993,9.2,7.36
16.816666666666666,10.1,19.5
16.75,6.520332908230385,16.22
14.766666666666667,21.583377994526113,5.09
21.316666666666663,15.8,2.28
18.28333333333333,11.655141949392489,8.62
17.016666666666666,14.8,2.1
4.050000000000001,64.14944674337602,17.82
22.316666666666663,15.13333,11.58
14.366666666666667,7.6121968912813625,11.85
16.433333333333334,2.033333,40.70625212300569
20.35,5.316667,11.15
7.889559634370865,1.066667,4.0
22.30151554139399,11.73333,29.1584669550322
17.233333333333334,14.45,43.268315147263934
16.45,15.3,19.07
22.016666666666666,11.35,7.04
12.6,13.1,27.76
14.25,3.616667,3.02
16.533333333333335,0.95,2.32
17.566666666666666,11.68333,17.13
20.366666666666667,8.366667,10.82
18.08333333333333,22.36667,7.77
19.416666666666668,42.99250533140341,14.01
0.24489106316905307,42.66531679584331,45.49309348382521
17.55,13.86667,5.19
23.933333333333334,2.154596949465137,2.77
17.666666666666668,11.95,6.35
17.516666666666666,48.09354318793297,46.10086484394967
23.683333333333334,14.13333,7.11
10.733333333333333,22.34924406706591,20.963910185461863
11.179749135674502,2.45,4.39
20.05,46.39594869682413,17.67
11.2,13.720257800218935,19.12
16.316666666666666,8.9,1.3026843129703776
19.566666666666663,20.255960143405822,30.45
20.866666666666667,13.68333,7.55
17.266666666666666,21.271636845404597,12.527251529577187
16.633333333333333,1.116667,2.08
21.266666666666666,43.19397697052614,13.73
13.583333333333334,2.9294284797843417,7.68
14.3,14.232288084663265,12.787349546500481
22.58333333333333,8.783333,11.43
15.8,12.23333,4.58
17.95,24.13333,2.67
0.6333333333333329,10.85,15.03
21.616666666666667,14.41667,11.15
11.233333333333333,2.05,20.586498922349417
20.683333333333334,16.81667,14.77
16.066666666666666,19.82924434204263,14.62
18.2,16.306236465583478,11.18
19.5,10.93333,2.8215356458490715
19.383333333333333,3.0542289375811653,15.67
15.783333333333331,15.05,10.41
15.733333333333333,4.5091894973139075,6.93
21.15,40.64835813643856,32.2
18.816666666666663,13.53333,10.06
15.566666666666666,16.15,12.84
3.6833333333333336,22.85,12.917693554039579
20.95,66.67746520145079,10.68
18.3,19.98333,24.89
2.116666666666667,4.1,2.97
16.983333333333334,10.91667,14.178457122587133
15.966666666666669,10.21667,8.51
20.616666666666667,11.56667,16.48
19.166666666666668,18.88333,7.7
22.5,16.337781050457043,10.192835787821094
18.266666666666666,3.95,2.176747302522417
22.75,62.95,7.43
17.5,11.91667,52.64948652826482
23.883333333333333,12.517165460819,13.03
22.08333333333333,9.266667,9.9
15.310084514435827,8.9,3.89
16.7,22.683380865901313,7.43
15.966666666666669,12.55594550840503,4.75
17.217684679604037,22.550055243052746,14.1
11.483333333333333,22.45,10.45
15.426524500728798,14.48333,7.81
15.216666666666669,4.083333,58.082794906105846
14.716666666666669,14.9,2.21
22.883333333333333,14.31667,2.59
21.4,6.583333,9.39
16.233333333333334,14.252724197215013,6.8
9.883333333333333,4.35,1.52
18.08333333333333,1.25,0.7148008101293817
21.48333333333333,0.9666667,10.705844122238924
8.416666666666666,27.550381765464948,5.37
4.416666666666668,9.883333,18.47
14.683333333333334,14.41667,2.64
17.183333333333334,26.25,4.951772012605797
3.75,2.783333,19.9
17.766666666666666,17.65,44.850388063709254
17.583333333333332,21.01667,8.6
22.183333333333334,27.269297314212295,9.32
14.883333333333333,2.8,4.166523258513771
21.48333333333333,8.2,16.27
22.6,17.86667,2.81
19.33333333333333,10.527298481162575,8.48
16.583333333333332,0.8666667,6.69
21.25,2.1985510698594797,13.59
1.7833333333333314,10.56667,4.45
13.016666666666667,22.15,3.2516993602155706
20.916666666666668,14.05,13.113083758587017
22.633333333333333,12.394520690956107,11.12
22.066666666666663,5.233333,8.73
16.95,11.06667,17.39
9.883333333333333,2.05,3.04
21.016666666666666,34.54371095432958,11.89
22.166666666666668,1.483333,1.64
16.2,21.7,19.69
19.73333333333333,9.483333,1.32
17.616666666666667,46.087464904031364,9.25
14.8,27.3,3.47
15.233333333333333,3.15,3.41
18.066666666666663,16.85,8.79
20.666666666666668,15.41667,5.35
19.15,5.2,18.66
16.25,21.06667,20.61
16.583333333333332,20.68333,8.23
15.383333333333333,5.216667,3.86
20.116666666666667,11.873307051220378,5.29
22.366666666666667,12.25,2.1
21.8,9.35150649398763,34.21906903782161
3.8999999999999986,24.53333,7.56
21.3,2.35,7.11
18.683333333333334,12.051073483227889,18.83
16.533333333333335,1.133333,4.94
23.433333333333334,11.51667,4.572644216225017
18.05,15.91667,8.62
23.75,12.51667,26.44
21.516666666666666,2.516667,3.45
20.2,11.51667,7.27
21.08333333333333,4.066667,7.08
15.916666666666666,17.83333,7.45
19.6,1.2,9.87
1.5,15.273421063415068,22.49044858958572
14.25,2.483333,0.75
12.433333333333334,17.11667,4.79
9.716666666666669,27.16667,6.79
20.15,12.75,2.96
20.883333333333333,5.166667,10.0
20.8,10.81667,18.48
19.6,13.635786340682193,9.74
22.216666666666665,16.86667,15.0
16.566666666666666,9.0,46.66996561302803
7.399233190468416,0.5958516865335891,4.77
13.55,11.560810590222728,2.75
19.266666666666666,10.797754600328657,4.11
15.67499316426547,1.35,8.94
3.4333333333333336,18.01638657875401,19.87
9.466666666666669,10.147088666022686,10.920302762151696
14.883333333333333,17.81667,7.31
20.98333333333333,10.06667,49.353493923749774
6.708510300321602,3.133333,11.67
12.333333333333334,4.183333,16.88
22.33333333333333,15.61667,8.44
19.966666666666665,14.43333,7.739391959917266
18.28333333333333,15.55083249059139,14.43
4.5148589476152345,17.78333,8.55
14.25,74.19861272239436,3.55
19.3,2.083333,2.1578110304863656
0.8666666666666671,6.516667,9.48
13.516666666666667,8.173582712104741,9.17
16.4,17.73333,7.47
17.283333333333335,3.683333,9.6
19.85,14.544486115216248,5.6
15.766666666666667,13.360327883274248,16.88
17.983333333333334,1.933333,4.590508748551365
11.35,1.216667,6.32
13.533333333333331,3.033333,3.71
13.666666666666666,1.5848441541714096,4.36
15.683333333333334,14.56061086607777,4.88
8.254841680010335,3.666667,11.23
21.216666666666665,6.366667,12.23
2.7166666666666686,3.75,13.11
16.55,20.93333,6.47
18.95,17.71916133171105,8.95
18.366666666666667,10.35,4.170363961575785
16.988610456207244,40.08924912315717,10.33
14.116666666666667,11.231770236264106,4.86
19.03333333333333,6.25,12.92
8.983333333333333,9.183333,9.4
16.95,13.2,7.29
16.033333333333335,8.383333,4.06
19.416666666666668,20.922490097290066,14.3
19.266666666666666,1.1,1.24
22.066666666666663,11.31667,5.69
11.483333333333333,16.33333,14.73
22.25,13.61667,6.8
11.833333333333334,11.61667,7.69
15.883333333333333,4.533333,3.77
15.7,14.175698799367288,6.247827298259363
10.009683044485186,12.35,5.4
9.3,14.78333,15.231529639970978
14.933333333333334,13.55,8.34
22.3,15.437158452609355,11.781003383051138
15.566666666666666,3.133333,5.16
16.15,11.96667,9.77
20.216666666666665,17.14981673801407,6.23
3.3000000000000007,1.416667,26.035607673549094
22.433333333333334,8.816667,8.12
16.0,11.180027694073223,22.14
21.83333333333333,1.016667,2.73
1.6265249517838427,18.68333,14.83
0.9833333333333343,0.8313889,7.48
10.8,13.85,53.032846022886226
17.166666666666668,16.55,10.15
17.716666666666665,21.65496309023636,11.79
18.2,8.9,14.58257909966167
18.966666666666665,13.15,8.4
19.15,17.01667,13.74
22.766666666666666,15.03333,6.09
17.666666666666668,2.568976601159275,3.8
17.216666666666665,38.38333,5.01
20.45,15.28333,13.23
16.616666666666667,12.83333,6.44
10.233333333333333,18.33333,6.11
19.616666666666667,15.98333,31.41771250117803
19.433333333333334,4.11587856629554,15.05
19.23333333333333,7.6362718231801505,9.88
16.816666666666666,20.0,11.81
10.666666666666666,10.0,8.22
16.55,16.53333,4.28
19.633333333333333,9.733226484995079,13.28
8.55,0.7666667,5.59
3.8500000000000014,13.75,7.59
19.03333333333333,10.41667,3.46
17.566666666666666,14.71667,8.33
16.333333333333332,17.773945580181387,7.27
13.066666666666666,4.683333,3.31
16.216666666666665,11.73333,40.82030639060307
22.916666666666668,14.65,10.92
14.75,43.56846636359298,7.21
18.78333333333333,14.11667,2.51
1.8999999999999986,11.2,11.67
21.3,22.05237249021653,48.82438692442141
20.466666666666665,2.1,2.9192830561683514
14.233333333333333,13.052693907883562,5.72
12.2,3.283333,32.9165090271947
17.583333333333332,2.2,13.695560565274208
3.383333333333333,4.45,9.48569021751173
14.216666666666669,43.9,21.149035565617957
15.266666666666667,8.516667,13.1
21.33333333333333,20.335404585003563,6.77
12.307348508029342,1.466667,6.41
18.33333333333333,9.016667,29.40416805255227
17.216666666666665,61.449188195886144,7.39
16.433333333333334,10.25,21.2
22.866666666666667,7.133333,13.86
17.1,34.155353053535094,8.19
18.3,8.8,7.93
18.15,22.27484635315151,8.43
13.8,9.55,7.12
15.383333333333333,22.51667,6.178338836804498
16.75,14.16667,22.48
16.966666666666665,3.116667,5.73
18.716666666666665,9.35,5.14
14.65,20.56667,3.76
14.15,2.0014595339616297,4.81
16.166666666666668,4.45,12.53
16.533333333333335,8.95,3.52
19.9,24.50077402704727,22.14
18.766666666666666,1.716667,14.06
23.866666666666667,1.732635572928656,22.62
15.633333333333333,13.86667,8.04
19.15,6.15,25.14
17.348657199519707,0.49200195505690697,3.26
1.0666666666666664,9.783333,26.88
0.13333333333333286,18.01667,7.06
15.633333333333333,68.73972870250039,14.02
15.9,9.216667,20.6
23.616666666666667,24.217972378792634,10.63
19.766666666666666,14.38333,12.64
16.816666666666666,14.1,8.79
23.23333333333333,20.815302350342773,19.85
17.383333333333333,16.250428102560317,4.97
16.133333333333333,11.339188495958794,19.0
16.00461971459881,16.38333,17.1
18.28333333333333,2.65,1.69
13.066666666666666,0.5666667,2.25
16.916666666666668,16.68333,7.84
20.633333333333333,5.133333,20.74
2.6479654605990284,14.3,21.31
16.65,14.38333,24.423862350808925
10.75,14.86667,7.82
17.183333333333334,16.31667,16.71
22.8,44.017207123817215,41.18521459936397
22.85,1.566667,21.95
19.866666666666667,21.85,17.852107011969203
12.95,0.65,15.46
19.05,3.566667,4.55
22.866666666666667,16.23333,15.42
19.183333333333334,2.033119597450285,1.11
15.083333333333334,12.63333,13.01
23.45,10.782317630783048,5.91
19.45,12.878535593738922,14.19
19.7,0.85,2.37
18.866666666666667,16.0,22.02
17.066666666666666,1.666667,6.658060380821117
16.516666666666666,61.74593472001438,9.82
10.35,0.6,1.49
21.166666666666668,9.23315548561903,3.52
20.916666666666668,1.8,2.19
16.1,12.077561244808068,8.27
21.15,14.76667,10.15
20.3,24.63333,19.146159249707125
19.18832262238866,0.823945234311778,10.09
15.3871649640947,12.95,2.77
19.48333333333333,3.483333,9.38
15.5,14.68333,17.17
20.5,15.35972,11.68
12.666666666666666,7.083333,20.74
17.65,21.6,10.83
17.933333333333334,15.440934625171145,9.43
15.5,16.83333,12.33
17.633333333333333,0.2833333,0.52
4.391734050591186,13.1,9.313839162839576
23.58333333333333,11.398231926052768,17.969139622109942
16.283333333333335,15.566119328753443,4.93
15.55,12.06667,7.45
18.23333333333333,13.75,47.36669765475206
14.516666666666667,16.28333,19.35
18.23333333333333,4.033333,12.04
16.6,1.731037554016186,6.79
21.366666666666667,3.5,7.74
16.5,1.933333,20.443388008957264
22.616666666666667,45.79903203170186,19.76
18.466666666666665,37.982399282511494,34.54
22.633333333333333,31.077699745964733,7.75
19.3,14.75,7.2
18.166666666666668,9.383333,14.61
11.383333333333333,0.7,1.72
14.566666666666666,17.28333,6.96
21.6,0.7952095635732156,2.140760576599278
12.1,1.233333,3.87
15.65,0.2166667,2.39
0.10000000000000142,0.7,0.86
19.0,19.98333,16.78
19.85,45.36732941378257,18.25
20.266666666666666,13.86667,7.96
17.116666666666667,16.11667,10.78
15.066666666666666,14.01667,10.62
20.883333333333333,22.61667,18.35
17.716666666666665,14.03333,16.33
21.266666666666666,40.36667,23.86
2.1627495946231647,10.91667,57.26167567695491
14.416666666666666,11.6,14.77
0.3999999999999986,10.4,4.93
10.883333333333333,18.46667,2.44
16.5,8.45,4.17
6.477407660970736,3.1144879239473684,5.06
16.333333333333332,14.9,11.74
16.133333333333333,18.26667,17.79
15.533333333333331,1.766667,8.12
11.083333333333334,12.96667,5.37
20.35,1.916667,3.18
15.516666666666667,1.016667,1.14
16.466666666666665,23.89868762401153,7.62
9.366666666666667,1.7246007133273693,8.46
10.583333333333334,16.73333,4.57
22.066666666666663,1.703210867699997,3.2478229146567172
15.383333333333333,1.716667,2.32
15.4,20.55,20.06
21.1,19.66667,7.24
17.283333333333335,0.65,26.01
15.633333333333333,18.871691461941165,14.84
15.15,1.5410254832275767,3.83
16.716666666666665,15.147137454218102,44.69300344823766
18.016666666666666,3.783333,7.59
12.55,9.483333,6.25
12.233333333333333,14.98333,5.14
14.216666666666669,18.05,16.01
18.616666666666667,2.833333,2.17
23.066666666666663,2.6997228896141072,10.61
16.483333333333334,9.566667,8.99
15.666666666666666,2.7127266595032733,7.08
23.25,10.278997373945536,4.1
8.516666666666667,14.03333,8.89
7.133333333333334,3.266667,5.2
20.416666666666668,16.08333,13.08
15.45,10.13333,6.17
18.45,10.58333,5.14
16.666666666666668,20.58333,17.17
16.933333333333334,11.7,13.17
14.783333333333331,17.995945713347563,3.1781471639452503
17.216666666666665,10.51275774216523,8.9
18.566666666666663,9.766667,6.82
23.75,19.15,11.97
14.166666666666666,16.91667,4.29
22.133333333333333,16.66667,16.58
16.1,13.11667,3.65
14.8,3.066667,5.39
9.083333333333334,10.18333,4.7
16.733333333333334,13.08333,5.9
0.06666666666666643,11.850522506911902,48.18122610601596
12.431255549432535,2.883333,7.63
18.65,2.613059445678702,4.21617520981119
15.65,3.083333,8.12
16.933333333333334,14.35,13.96
16.533333333333335,12.26667,6.75
1.6666666666666643,26.49158994039293,65.85561968863476
15.45,8.766667,3.98
21.016666666666666,11.63333,55.03193903472275
11.816666666666666,11.03333,13.06
16.6,11.4,17.04
17.566666666666666,10.33333,13.31
10.900589539872696,1.1,3.68
22.15,43.54404627924037,4.74
18.466666666666665,20.13333,7.84
16.6,15.01667,1.45
14.6,21.77553090011663,7.65
15.7,4.3562421180048005,16.02
22.866666666666667,15.95,6.05
3.7333333333333343,14.28317598419881,6.85
15.5,1.916667,8.29
15.416666666666666,0.35,2.32995548699284
18.8,61.60461212065037,8.781139692049473
21.15,16.81667,17.55
19.259986542233673,10.86667,14.58
16.066666666666666,2.633333,4.7
17.516666666666666,21.26667,2.99
17.05,1.8,2.84
22.4,65.34323757975066,55.7
16.616666666666667,15.25,6.58
15.466666666666669,8.1,9.79
16.1,16.2,9.08
17.6,4.066667,2.12
16.383333333333333,17.65,3.93
18.3,20.378071572544044,17.13
22.366666666666667,21.2,9.49
23.23333333333333,13.16667,8.16
12.05,4.983333,6.9
23.58333333333333,9.65,3.92
20.916666666666668,9.116033978119324,3.84373231702717
23.33333333333333,4.571896741364657,18.77
21.866666666666667,16.972704380097547,11.43
23.2,9.416667,9.74
21.587791745373877,10.641446485694365,10.03
18.03333333333333,14.1,15.5
9.883333333333333,0.9833333,1.77
16.666666666666668,12.367070623272554,5.38
18.866666666666667,14.56667,32.93940889466554
19.616666666666667,14.81667,8.6
21.816666666666663,9.216667,15.6
21.616666666666667,14.15,26.04
23.666666666666668,10.86667,9.86
18.8,13.66667,10.95
22.83333333333333,12.68333,6.98
20.916666666666668,3.683333,3.77
0.41666666666666785,35.02835254046154,10.89
23.216666666666665,16.46667,21.14
19.3,19.379214273042336,6.63
15.15,14.0,7.31
3.8137847455795644,5.733333,24.20766373806866
15.816666666666666,10.36667,26.58
19.23333333333333,1.4068928307806723,1.23
23.32433187557277,14.03333,11.88
14.933333333333334,22.48333,16.220459617297163
22.03333333333333,11.75,4.1
20.9,15.99972622468823,27.12281282138312
13.6,14.36667,4.74
18.0,4.55,6.13
15.9,14.28333,3.11
20.0,20.42431522904744,7.45
16.95,16.23078988806484,15.3
14.7,11.95,14.04
19.3,16.85,51.58952380139381
16.95,3.133333,15.59
11.7,18.01667,15.27
16.716666666666665,18.444384549494725,6.4
16.865171553412317,0.8833333,1.27
17.616666666666667,2.25,5.24
0.03333333333333144,13.65,4.08
3.0333333333333314,14.18333,14.43
17.883333333333333,1.666667,7.05
16.5,3.616667,6.82
20.516666666666666,16.7,23.921740663684908
19.183333333333334,12.95,7.07
16.6,1.3027705459071635,6.16
13.833333333333334,12.33333,6.48
15.733333333333333,14.35,6.72
19.183333333333334,4.05,2.97
14.9,8.05,15.11
21.116666666666667,13.05,5.27
21.883333333333333,15.016155262281336,22.113705345347988
16.2,14.51667,24.9
19.2,14.516695047229344,5.82
18.4,19.65,7.17
15.216666666666669,5.966667,3.966685546967201
17.033333333333335,17.18333,3.44
17.316666666666666,8.916667,10.74
0.4833333333333343,11.9,14.72
19.266666666666666,16.16667,18.989519925143103
1.6166666666666671,14.93333,6.84
16.816666666666666,18.966084730194996,1.42
19.810703056538962,16.5,7.48
20.683333333333334,15.16667,13.26
23.133333333333333,10.58333,14.76
15.85,15.93333,9.69
10.8,16.23333,7.18
14.716666666666669,4.033333,15.13
17.95,86.56381940044187,19.6
20.7,74.10840678499862,10.66
18.3,21.85,16.32
11.733333333333333,1.533333,4.83
15.566666666666666,22.03333,17.563048203461804
4.023462468619982,14.88333,12.03
21.316666666666663,2.7,15.52
23.03333333333333,4.0,8.12
16.433333333333334,10.440998338443679,6.13
12.066666666666666,15.11667,8.44
20.566666666666663,14.38333,5.74
19.616666666666667,0.6833333,5.23
8.233333333333333,2.35,16.4
12.433333333333334,3.75,8.84
0.28333333333333144,2.933333,16.0
15.216666666666669,18.98333,7.28
19.466666666666665,3.6490754196239226,15.85
6.866666666666667,2.15,6.77
17.783333333333335,6.244223749968084,1.77
21.35,1.933333,7.84
16.566666666666666,38.21667,45.15
14.916666666666666,15.272001488996038,8.27
17.266666666666666,2.116667,29.51
22.466666666666665,10.15,46.03926227403572
17.333333333333332,65.21667,20.61
13.35,2.733333,5.17
15.533333333333331,14.5,23.67
16.983333333333334,19.765507438335625,11.83
16.45,14.26667,6.47
9.433333333333334,6.419255364615713,4.02
4.9015953842827,18.36667,9.7
20.666666666666668,24.415788648110052,6.667464202970732
14.55,45.92060700937013,7.14
12.25,3.083333,4.45
14.816666666666666,12.16667,1.9
15.883333333333333,5.949575394226223,3.49
19.216666666666665,0.8833333,7.35
16.033333333333335,46.3716353964695,21.51
21.65,2.15,7.06
17.6,13.21667,6.58
10.15,12.71667,5.7
22.08333333333333,9.066667,13.25
15.916666666666666,2.233333,3.41
22.383333333333333,9.333333,7.87
16.716666666666665,18.66667,12.06
20.183333333333334,1.75,8.16
21.566666666666663,13.0,20.090059843789785
15.8,4.366667,4.5
19.1,18.9,18.545409229670184
16.416666666666668,18.43333,17.72
9.566666666666666,5.066667,15.08
20.633333333333333,24.71667,19.76
22.366666666666667,15.3,8.93
3.9666666666666686,72.92591840337876,29.901363025838506
20.73333333333333,20.987575631454835,20.68476517137373
17.183333333333334,10.3,7.88
14.533333333333331,2.0787027646465335,5.96
15.583333333333334,11.117883498216113,19.05
15.05,0.4666667,3.83
21.23333333333333,2.8,49.209134861514904
12.333333333333334,0.8166667,6.32
13.416666666666666,11.45,4.46
13.033333333333331,1.45,4.97
17.35,10.83333,13.39
23.03333333333333,13.4,5.58
16.066666666666666,15.4,8.29
19.116666666666667,8.366667,12.11
17.483333333333334,11.98333,25.62
21.016666666666666,10.26667,25.699050480769948
20.516666666666666,22.136738306118946,24.49
18.48333333333333,18.78333,6.08
16.383333333333333,13.217889504128898,5.72
22.216666666666665,18.45,24.68
15.766666666666667,4.116667,4.28
1.6499999999999986,9.733333,4.58
23.269131650943017,5.3,4.86
16.0,0.2666667,7.86
21.133333333333333,2.383333,3.9016181887397545
0.10000000000000142,17.55,11.53
13.366666666666667,1.65,4.58
17.95,6.016667,5.58
0.8000000000000007,11.68333,18.99750655496027
23.15,13.38333,15.505322697481606
19.1,3.466667,7.06
21.1,14.357313988565231,5.43
22.566666666666663,36.8242569288612,20.13543242356507
18.6,1.416667,8.42
13.116666666666667,11.249882154233337,1.85
18.65,37.87195569280954,3.11
12.866666666666667,25.566885799335004,9.46
16.633333333333333,12.36667,11.83
18.416666666666668,15.46667,11.78
16.916666666666668,38.78253198061209,6.17
19.08333333333333,10.15,4.0
14.566666666666666,14.15,22.91
16.3,5.266667,3.92
16.716666666666665,1.116667,2.82
1.2496709650057412,1.5,15.64
21.3,10.33220063232316,15.905786466773135
19.716666666666665,3.716667,5.0
16.25,5.3,7.54
15.7,2.3,13.14
22.85,25.23333,14.19
21.883333333333333,39.16667,33.07594144406263
19.416666666666668,15.26667,15.63
21.066666666666663,15.58333,16.33
17.416666666666668,10.53333,4.74
14.716666666666669,1.35,4.48
2.6328052825803745,12.13333,13.0
20.716666666666665,11.05,20.37
0.8000000000000007,4.266667,6.37
16.166666666666668,6.840132084872409,8.0
17.016666666666666,5.483333,7.26
0.3000000000000007,13.68333,19.66
15.133333333333333,3.566667,2.54
16.183333333333334,15.18333,5.89
13.616666666666667,0.3150612838694727,4.71
18.016666666666666,14.76667,7.84
16.7,1.416667,10.63
13.766666666666667,21.71667,11.03
22.35,13.86667,27.06968201027019
16.516666666666666,0.6333333,26.38
15.65,15.11667,12.752488418838475
13.1,14.15,7.35
17.783333333333335,3.6984106508985453,17.47
18.3,15.664811499185626,19.528839803454467
19.75,21.53934565814482,6.69
13.35,1.066667,2.07
21.933333333333334,13.78333,6.55
18.8,14.63333,20.66
16.45,44.63025617480557,26.602334910067732
14.216666666666669,18.03333,1.6944811528595163
17.188115195559902,13.7,4.13
6.235368938244937,0.5,4.07
15.716666666666669,2.3327702844526423,5.2160381276882255
18.249566148807936,0.6166667,3.24519828006858
13.866666666666667,16.703469435843093,12.56
12.35,9.016667,0.81
21.633333333333333,4.866667,5.8
15.783333333333331,45.782432737667975,14.06
17.6,14.43333,13.96
6.25,14.75194696928329,6.59
16.766666666666666,9.730117917519857,9.16
12.333333333333334,0.902310630998189,5.22
20.23333333333333,15.26667,19.37
20.683333333333334,26.38333,7.68
14.583333333333334,1.2829383948384017,1.28
14.4,19.69959535457085,5.6
21.8,14.68333,9.05
16.35,1.933333,13.604239711647388
15.3,2.938942956051362,5.0
15.533333333333331,11.15,21.84
17.716666666666665,1.066667,16.08
19.633333333333333,5.816667,6.33
21.9,89.41919842676535,18.95
18.08333333333333,38.27528876810413,35.21
20.116666666666667,14.95,11.62
10.266666666666667,14.55,45.71508157426957
19.183333333333334,23.336250121627845,7.37
14.583333333333334,11.05413081417715,9.12
21.633333333333333,14.36667,6.07
15.666666666666666,22.931303006086452,78.97412471322808
0.8500000000000014,9.9,21.93
21.966666666666665,21.951712550234234,6.7
19.5,14.71667,7.65
19.7,10.56667,9.0
21.33333333333333,1.083333,2.52
23.35,19.841094796744766,34.16679572467925
16.166666666666668,10.01667,7.03
11.066666666666666,45.147475274142984,7.74
17.916666666666668,4.750006667694418,6.505891182545106
14.083333333333334,3.6304046868208206,13.911869013537652
16.616666666666667,14.58333,7.64
20.53333333333333,14.235452437071675,21.09
14.183333333333334,2.366667,15.87
11.725125930839082,9.85,4.0
21.591708574950946,13.91667,23.74
18.67040647450049,5.683333,8.9
13.616666666666667,12.28333,14.96
17.7,21.3,13.85460401117336
18.166666666666668,11.95,26.03299695440801
15.75,14.2,15.42
20.633333333333333,13.8,8.11
2.9833333333333343,10.5,4.3
22.816666666666663,14.68333,21.21
0.6166666666666671,9.95,7.76
21.15,20.11667,13.56
13.083333333333334,14.03333,7.23
21.98333333333333,18.08333,38.14
19.85,32.55885556741466,17.37
16.8,0.9333333,6.98
18.933333333333334,1.383333,3.42
15.4,1.65,8.34
16.133333333333333,29.047070132655797,7.69
18.466666666666665,2.483333,5.99
1.7333333333333343,6.3,5.794705453370698
23.666666666666668,43.088945292750225,52.80879164612852
17.866666666666667,14.98333,15.24
3.8166666666666664,12.866580876791545,4.38
19.0,4.670862148357582,55.16883217034163
15.566666666666666,18.11667,28.647436796973924
10.766666666666667,2.566667,3.445799989302177
16.866666666666667,14.5,6.39
15.933333333333334,22.315111826880845,21.9
11.15,92.2678961538894,7.83
16.366666666666667,20.0,21.859918791376984
2.0,10.33333,35.26182968519162
17.133333333333333,11.2,4.65
16.866666666666667,10.06667,9.7
16.583333333333332,13.749757908559165,7.67
21.183333333333334,11.01667,4.91
18.2,0.9859374783243865,15.892253248118797
20.53333333333333,21.55,5.62
22.05,14.75,8.84
21.766666666666666,3.616667,12.919484914597124
15.383333333333333,10.18333,7.41
8.133333333333333,1.8712256555780107,6.52
18.98333333333333,18.832630850123454,7.03
19.25,13.18333,13.96
16.95,17.61667,12.37285516162403
12.1,17.25,20.15
9.016666666666667,11.51667,3.98
22.183333333333334,9.783333,40.67731516863452
17.9,3.549704750234666,15.1
16.333333333333332,45.67314032761174,13.21
15.316666666666666,4.766667,10.54
8.633333333333333,0.4666667,1.64
14.45,4.083333,0.89
19.633333333333333,22.66667,7.018957340925699
7.183333333333334,4.7,13.88
17.25,13.66600303704178,54.840879929740915
16.75,1.211696385583523,4.07
16.85,19.38333,41.62296707520727
21.5,14.73333,14.92
20.33333333333333,2.6,1.3817216308042406
19.8772414056007,19.2,29.24
20.45,18.501258247347316,19.036261629371438
15.683333333333334,77.26362880426844,33.14
16.783333333333335,12.01667,5.42
15.283333333333331,13.41667,15.73
13.766666666666667,4.630974485234924,9.77
14.45,21.88333,8.11
20.75,0.5666667,14.4
0.8500000000000014,18.23333,53.566445776023905
20.9,6.4,19.5
17.507396023926653,18.76667,26.70040341395419
22.98333333333333,7.133793320120475,6.13
12.933333333333334,1.666667,27.75041771606775
14.0,13.9,21.685374741938432
23.03333333333333,15.43333,13.69
7.483333333333333,12.13333,12.36
20.3,16.83333,8.51
18.28333333333333,11.51667,4.85
15.55,22.1,11.76
13.816666666666666,19.06667,29.46
16.4,13.889378207370935,6.54
18.1,20.179615986522524,19.62
13.366666666666667,12.95,57.21542997760698
15.066666666666666,12.73333,7.98
22.2,14.6,9.5
8.45,15.2,18.93
22.75,14.4,3.63
16.6,7.9,5.67
11.0,14.35,9.79
21.966666666666665,20.78333,4.8
20.45,4.266667,24.940531055533793
18.45,45.08275881136516,17.17
14.8,9.7,7.1
20.866666666666667,56.62730820588046,28.83
13.866666666666667,19.601942511469858,18.92
20.65,2.9,6.68
9.499379911108312,0.5333333,8.11
15.55,13.56667,5.83
1.8999999999999986,15.357502936115589,7.61
11.466666666666669,4.9,20.17
18.53333333333333,17.46667,7.58
19.15,10.28333,6.74
18.9,18.88333,47.424125662787816
18.28333333333333,2.633333,8.38
15.516666666666667,16.05,10.44
15.0,86.42897358869433,36.83642495501321
18.066666666666663,2.233333,8.96
14.333333333333334,1.1713750781154268,1.56
18.383333333333333,0.5166667,1.24
12.35,7.183333,0.85
15.45,9.2,11.103638733071275
16.668880142717292,14.6,23.23
22.8,2.083333,4.62
13.033333333333331,22.600919815466035,6.68
11.716666666666669,16.01667,28.0
15.816666666666666,12.33333,20.15
14.5,11.3,26.236247348501344
22.75,1.5850506580804478,6.49
4.622962874599519,9.866667,14.35
22.15,14.155871121911819,16.69
16.8,15.38333,7.84
16.366666666666667,13.83333,15.37
16.3,37.96667,6.25
17.083333333333332,15.38333,18.65669472991489
19.33333333333333,15.03333,17.79
9.628006289880432,25.15,4.41
4.699999999999999,16.589398256619138,24.6
16.966666666666665,12.85,3.07
15.05,1.366667,3.77
8.833333333333334,2.433333,7.92
18.683333333333334,5.3,1.580388152736705
20.78333333333333,15.41667,6.65
18.966666666666665,14.23333,14.89
17.516666666666666,15.110586916777269,4.17
15.583333333333334,1.3,3.7
10.9,6.216667,2.54
14.783333333333331,11.71667,4.08
20.1,1.1,12.83
5.616666666666667,12.62872839801466,20.59
20.266666666666666,8.933333,8.68
18.95,8.133333,8.79
12.5,1.0,1.16
5.379198670968858,23.536110553590905,17.27
20.53333333333333,14.65,12.26
20.883333333333333,7.75,13.96
15.733333333333333,14.7,9.98
23.1,14.58333,7.36
1.2333333333333343,9.82691300053038,8.394029619072098
21.916666666666668,9.266667,37.16245058343047
16.766666666666666,15.31667,40.41
14.8,1.55,32.33
17.95,14.3,5.5
14.983333333333333,17.23333,17.91
16.57599931987109,15.23333,17.44718141665682
20.15,19.53333,15.2
15.9,2.733333,17.59
4.100000000000001,22.21667,2.68
23.48333333333333,14.71667,12.78
19.7,2.233333,3.6
22.36690719897112,41.76862290337481,22.28
16.183333333333334,12.98333,9.89
16.783333333333335,2.572010720452747,12.142427376874258
16.95,9.733333,4.35
16.866666666666667,20.679513128441176,23.682838937209453
10.766666666666667,3.416667,7.646706493897364
15.133333333333333,18.1,6.5
17.25,13.41667,17.45
20.08333333333333,10.33333,3.69
7.75,0.65,5.7842046337504875
19.1,3.816667,12.44
19.2,14.63333,14.54
22.166666666666668,13.15,12.53
20.08333333333333,13.818561522978813,28.787183034894987
18.466666666666665,17.03333,19.76
19.633333333333333,22.7,10.29
17.183333333333334,14.76667,12.49
0.6666666666666679,14.11667,8.02
16.416666666666668,46.22839119772351,15.48
17.8,1.954167,5.96
13.016666666666667,3.483333,51.75324324742425
20.8,5.333333,3.76
19.5,15.77166598535902,13.53
16.8,10.21667,2.04
20.716666666666665,8.348155764442156,4.51
13.616666666666667,7.666667,7.31
15.416666666666666,14.08333,9.26
17.066666666666666,8.8,2.03
11.9,14.65,22.89
19.85,21.10915113004801,27.4
17.416666666666668,11.561329743715245,8.03
15.183333333333334,4.983333,1.87
21.73333333333333,16.61667,5.69
16.85,16.83333,33.63
15.816666666666666,13.35,23.724472334524616
23.25,23.48333,13.48
15.416666666666666,21.61667,13.62
21.633333333333333,3.8,6.29
14.133333333333333,15.91667,2.1637490948149933
14.516666666666667,1.016667,1.3908245864440687
12.533333333333331,10.75,32.519214759354945
17.80401031877797,3.1,9.45
23.216666666666665,0.6,11.44
17.933333333333334,3.45,7.893711673466023
22.9,14.28333,18.46
19.6,1.383333,6.42
16.118416998959827,3.35,13.71
3.883333333333333,16.08333,17.99
17.35,1.1444916873088045,1.2101020307233556
16.183333333333334,3.25,11.791276761614716
14.866666666666667,14.2,6.33
17.133333333333333,80.64977082241224,5.266357797023375
12.683333333333334,1.266667,7.538648913945072
3.5143138314340234,23.61667,9.77
16.7,0.2833333,0.73
14.583333333333334,11.041455584428597,24.899625331999268
17.183333333333334,14.56667,17.48
14.05,0.5166667,2.96
20.48333333333333,6.283333,36.233566684986
17.266666666666666,1.45,4.2
17.05,16.83333,3.2
12.95,110.21259336188413,7.665087318767328
17.666666666666668,11.483001338196885,8.22
15.683333333333334,42.08256567062442,58.096228270889256
22.28333333333333,43.26667,45.15
15.05,1.8657654372618595,4.56
16.483333333333334,6.433333,19.47153150674654
20.416666666666668,12.98333,8.32
21.45,16.866615552945046,9.79
21.58333333333333,14.51667,34.007219187049195
16.766666666666666,9.491015678170717,3.67
17.0,14.05,19.07
16.066666666666666,8.633333,2.69
10.75,9.116667,16.08
17.65,16.35,11.04
14.066666666666666,14.48333,9.16
16.35,23.899491492108258,7.7
16.833333333333332,10.866029651028287,50.59564976946777
19.9,4.816667,5.57
22.183333333333334,38.17661496782166,7.09
20.45,10.4,6.28
16.466666666666665,11.4,6.24
9.466666666666669,13.854123139744416,5.83
17.633333333333333,17.38333,7.09
11.533333333333331,18.83333,6.46
21.4,0.7666667,0.53
16.233333333333334,8.883333,6.48
13.683333333333334,1.9713331557382798,13.73
13.066666666666666,1.283333,8.46
16.533333333333335,2.033333,9.42
0.6000000000000014,16.99686758240627,9.77
20.666666666666668,13.31667,11.47
12.3,9.266667,2.99
16.516666666666666,9.750690689757123,7.92
3.6000000000000014,8.066667,22.47
17.95,20.01667,11.0
16.466666666666665,13.86667,8.41
15.266666666666667,20.85,3.6
22.116666666666667,86.42728791488625,3.84
4.389958453764848,42.13473079909063,7.0
15.966666666666669,1.3,9.32
17.866666666666667,7.583333,10.07
20.516666666666666,13.23333,13.07
19.266666666666666,3.5,4.49
0.5166666666666657,9.283333,25.472786486486438
16.093180432111936,5.716301637949595,4.33
12.683333333333334,8.0,2.73
0.03333333333333144,15.15,21.52
18.883333333333333,15.25,26.030588035907133
16.12493631037311,12.776799681674964,5.11
20.066666666666663,6.933333,14.26
11.863326336316824,16.18333,10.21
16.0,1.983333,4.34
22.757072827496934,14.878066921546331,8.48
14.833333333333334,4.925421545785251,6.63
23.58333333333333,113.05459327093158,14.62
21.133333333333333,19.9,23.34
15.733333333333333,2.933333,10.23
19.666666666666668,12.8,1.55
18.716666666666665,18.06667,8.14
22.33333333333333,14.58333,7.24
15.166666666666666,10.91667,4.94
11.433333333333334,2.2,8.17
22.716666666666665,15.05,5.64
19.383333333333333,10.26667,4.08
18.45,2.316667,2.070479980600066
23.08333333333333,5.533333,2.19
19.316666666666663,16.91667,40.18280918411678
14.3,18.99988789805904,20.47
20.766666666666666,25.21667,17.52
22.183333333333334,13.21667,16.14
14.25,0.5833333,2.5586942301667297
21.133333333333333,12.68333,13.3
19.316666666666663,2.7195699289254422,10.889935792991892
22.0,14.9,25.71
16.6,12.81667,4.88
18.58333333333333,2.833333,6.82
15.95,15.95,7.0
22.03333333333333,2.65,7.49
8.1,2.166667,6.1
17.066666666666666,1.316667,4.81
8.333333333333334,15.199806573386951,7.63
20.316666666666663,16.68333,10.21
16.516666666666666,7.561764658100565,17.84
20.433333333333334,16.68786103361018,12.78
19.433333333333334,2.033333,6.28
19.15,16.58333,9.37
12.933333333333334,10.85,4.51
20.28333333333333,16.8,13.90770058711758
7.633333333333333,13.68333,1.92
18.383333333333333,11.266271027619396,8.93
15.2,11.38333,7.82
22.016666666666666,8.883333,14.42
16.1,14.83333,10.77
20.016666666666666,23.13333,4.71
17.166666666666668,15.12985784878673,22.759668786071707
14.966666666666669,7.55,16.19716328566428
17.633333333333333,14.9,8.33
20.933333333333334,11.473007064279114,14.88
16.666666666666668,0.5166667,2.845195283687208
0.8999999999999986,12.55,6.11
10.816666666666666,7.333333,59.55557464093901
15.45,4.033333,5.34
13.9,5.279169948327038,7.27
16.7,13.18333,15.4
22.016666666666666,2.066667,16.49
16.816666666666666,20.8,5.32
11.566666666666666,12.825080479890985,2.54
22.4,2.933333,15.89
14.183333333333334,4.1,4.73
23.03333333333333,15.63333,59.087493766578845
16.25,14.86667,5.25
16.9,11.8,4.53
23.816666666666663,24.71667,55.50920108048944
21.166666666666668,15.16667,10.19
22.53333333333333,14.45,52.07602043175604
14.05,4.95,4.07
16.4,17.2,6.82
20.23333333333333,9.533333,20.44
20.28333333333333,22.78333,12.94
15.15,16.21667,18.45305227479199
17.666666666666668,6.716667,2.2
16.116666666666667,4.4,9.28
3.3999999999999986,4.85,7.61
10.333333333333334,0.7459362816158775,4.33
16.633333333333333,24.21667,14.383397970926017
21.65,32.40141189427523,7.31
11.6,2.533333,5.6
13.633333333333333,10.3,3.79
22.05,18.01667,13.94
21.466666666666665,7.583333,9.3
14.3,1.8260266151597981,3.68
20.58333333333333,19.61667,9.97
18.866666666666667,6.066667,9.09
14.516666666666667,17.56667,2.75
15.683333333333334,7.833333,9.69
19.016666666666666,15.55,28.09
20.066666666666663,15.25,11.619274350765625
17.433333333333334,24.2,10.02
19.216666666666665,2.65,22.34
23.13722769240412,14.95,11.14
13.316666666666666,0.5666667,1.44
4.383333333333333,16.2,10.42
23.183333333333334,23.28333,15.54873469475191
19.53333333333333,67.4361644169772,24.66
18.016666666666666,1.4538361772869983,2.65
16.516666666666666,1.216667,16.97
20.33333333333333,16.88333,3.35
16.183333333333334,25.35,11.29
16.25322377898119,15.06667,6.74
20.683333333333334,9.26528398146537,7.73
14.316666666666666,1.833333,46.08715039779898
17.65,21.58333,15.654119317971636
19.933333333333334,21.67828493814381,15.51
21.816666666666663,13.41667,11.583917844388633
22.016666666666666,21.6,16.99
22.4,19.61667,34.9023584103724
17.55,7.0,11.01
17.5,8.683333,30.887523576403037
20.5,20.48333,13.5
16.55,11.71667,7.05
16.45,8.366667,31.343972843401133
21.266666666666666,8.25,17.02
16.516666666666666,14.58333,7.1693987294426185
1.75,18.4,13.07
21.416666666666668,14.51667,9.29
19.366666666666667,11.39972879314402,5.76
13.233333333333333,0.8833333,3.39
11.05,0.21584016360115799,0.93
18.3,14.8,16.36
2.1000000000000014,103.44886391224624,6.51
11.916666666666666,14.08333,10.12766597658163
17.233333333333334,17.9,6.79
16.816666666666666,8.916667,10.578539678431117
19.966666666666665,2.066667,1.27
21.9,3.083333,4.921640212344471
22.516666666666666,38.059467243113815,15.15
15.866666666666667,9.616667,11.71
16.983333333333334,3.5,8.01
19.75,15.26667,33.61435697389301
15.883333333333333,5.516667,6.62
19.73333333333333,2.066667,3.52
21.1,21.91065505378964,3.53
20.766666666666666,4.083333,5.85
21.55,27.094645134647532,12.21
23.166666666666668,14.08333,12.98
10.233333333333333,1.816667,4.39
17.133333333333333,13.3,7.63
1.4333333333333336,8.588955244951087,2.71
16.3,8.331982791365602,3.24
21.469417696850236,15.862126627863278,18.44
20.45,15.31564183461276,31.4466148796631
22.016666666666666,12.18333,12.24
20.3,13.13333,9.23
15.25,14.83333,2.32
12.948496871041424,13.95,10.43
16.016666666666666,15.8,11.0
16.95,11.562868652868843,45.25
4.949999999999999,10.6,10.92
20.78333333333333,16.2,22.258094882655424
22.05,11.690934533324082,44.92373057369143
18.23333333333333,3.25,7.33
14.266666666666667,11.05,15.662898896480911
19.266666666666666,10.73333,6.58
16.433333333333334,14.6,4.18
19.58333333333333,22.417275796465912,12.3
15.445043885046713,10.43333,22.385487375841475
13.433333333333334,46.27713699783342,7.15
23.05,14.3,19.75
22.1,15.23201072048719,17.631726899677886
19.45,2.361649071247379,2.64
19.75,2.65,28.280557680092752
21.98333333333333,20.6,29.51
0.43333333333333357,1.583333,2.61
20.1,11.58333,8.67
12.433333333333334,11.45,3.92
20.816666666666663,16.10001160079623,10.37
13.7,0.8965261791760918,4.11
15.566666666666666,63.75,3.47
22.0,21.893108773719117,21.9
14.966666666666669,20.48333,7.26
15.766666666666667,11.198669376177579,5.01
18.4,6.783333,9.44
19.35,11.4,4.42
16.933333333333334,11.794631999277417,9.371094466659706
23.633333333333333,12.45,36.69
19.9,18.11667,9.56
7.033333333333333,4.616667,3.75
19.3,8.416667,23.79
16.283333333333335,12.28333,6.81
11.216666666666669,13.988642752212396,12.916532067395746
23.03333333333333,23.61667,18.49
17.583333333333332,12.86667,8.51
16.333333333333332,12.28333,2.69
16.966666666666665,9.633333,1.89
23.516666666666666,10.63333,19.37
0.5778712996189519,14.866857955982283,22.36
20.316666666666663,16.83333,25.69
20.383333333333333,23.82009476785133,31.87
22.33333333333333,18.631484543050245,14.77
10.233333333333333,9.633333,7.58
20.684357219662346,26.388087764196683,43.6528883225983
15.383333333333333,9.433333,4.22
8.39541802159268,9.216667,6.78
22.65,8.583333,20.85090246631531
18.966666666666665,2.316667,6.06911010023905
18.716666666666665,9.5,5.18
21.98333333333333,46.400986441278036,25.27
10.95,0.3666667,2.51
22.916666666666668,20.08333,19.41
21.23333333333333,3.333333,6.03
15.4,14.61667,21.73
11.0,9.35,14.58
22.95,15.73333,1.62
20.7,17.31667,19.0
14.616666666666667,14.05,17.04
19.016666666666666,5.033333,5.41
17.283333333333335,9.95,16.24
23.0,16.25,12.01
16.833333333333332,8.666667,4.52
3.9833333333333343,17.9,43.03
16.95,11.06667,10.44
21.85,13.31667,11.66
21.416666666666668,9.883333,20.42
13.683333333333334,11.11667,6.29
18.933333333333334,18.58333,46.033468649631835
21.433333333333334,20.26667,11.29
14.733333333333333,16.61667,21.004651751636995
16.7,1.9,7.9
14.25,2.516667,4.66
18.566666666666663,14.88333,13.41
11.533333333333331,1.833333,1.18
16.6,14.28333,5.64
20.183333333333334,20.45,4.52
20.266666666666666,16.51667,7.56
16.883333333333333,10.914666540233053,13.9
15.366666666666667,48.461862701387815,3.73
23.933333333333334,12.88333,59.12358441116289
19.416666666666668,19.934593586114637,17.37
23.05,9.55,2.12
3.75,19.38333,16.86
18.5,17.066516589314393,16.53
22.616666666666667,18.8,7.0
21.45,19.13333,9.1
11.947106060573423,5.1266088254482005,4.19
17.133333333333333,11.45,6.95
20.866666666666667,5.812088535371373,31.885392324959394
23.166666666666668,12.28333,5.14
20.016666666666666,12.831634037576212,6.94
17.633333333333333,22.330784462554703,23.912976917731577
21.08333333333333,20.3,11.137757244503591
19.33333333333333,14.81339853902602,8.03
14.8,23.81667,3.89
23.45,22.43333,27.9
17.183333333333334,14.313505167363655,17.48
1.1000000000000014,14.465181756974866,11.13
21.633333333333333,14.95,18.884276781925
18.15,27.216431726933,12.94
9.259991013432835,77.27260816213841,24.420997901351658
15.433650523912608,0.2833333,0.8180345240610185
23.166666666666668,0.9333333,9.77
20.133333333333333,16.1,8.17
3.616666666666667,7.566667,8.37310886229854
16.3,19.41667,7.765490449944045
1.0333333333333314,2.5156368766371577,26.991155744602437
16.6,9.35,2.75
15.783333333333331,44.35970061948195,17.426937718780245
3.777192852824129,2.0055145122402633,12.71
15.466666666666669,2.25,2.55
16.538396084346946,1.0708692090181464,5.700896890410222
16.35,9.733333,7.99
19.35,7.65,4.58
17.366666666666667,16.1,7.760780630933587
20.85,7.662224188302586,13.56
19.016666666666666,17.16667,6.96
20.633333333333333,28.565009553151242,35.12690274266992
10.75,0.7833333,1.62
7.499444801039742,7.430445429058365,8.21
15.683333333333334,15.16667,8.01
15.916666666666666,68.71267143905558,1.52
20.866666666666667,9.85,17.355059795849957
15.816666666666666,15.220618595602131,6.03
18.55,14.55,6.89
18.766666666666666,17.88333,40.19563757350669
0.21666666666666856,2.216667,0.84
15.483333333333333,12.298971807772622,2.6
20.65,19.16667,9.58
16.6,13.73333,9.35
15.866666666666667,2.5,9.83
20.55,15.91667,11.550823461606633
23.916666666666668,15.88333,12.85
9.95,3.650323462554225,5.31
17.933333333333334,0.8833333,3.04
16.233333333333334,0.4666667,1.97
15.783333333333331,7.566667,6.51
16.866666666666667,0.9666667,5.84
18.466666666666665,21.85,27.65
16.516666666666666,2.916667,5.03
19.33333333333333,15.906575421586853,7.37
13.3,0.7333333,3.2
23.03333333333333,5.573249702163303,41.05
19.366666666666667,17.3,7.74
22.866666666666667,13.509552197896125,20.55
7.933333333333334,10.48333,11.87933286782587
17.0,4.894188775430708,6.56
7.716666666666667,1.9,6.55
14.165789895771013,9.266667,5.51
16.133333333333333,9.016667,5.61
22.78333333333333,8.55,7.16
15.683333333333334,17.53333,12.509418365941382
14.35,0.10570646649977039,0.52
17.4,14.15,29.513765649958515
16.283333333333335,9.766667,11.23
18.4,12.6,5.42
22.016666666666666,12.15,2.75
17.733333333333334,62.300132619568544,33.13
13.966666666666669,5.2,34.11321106806863
15.466666666666669,22.21667,6.87
19.183333333333334,8.531132328605658,19.01639567456907
17.083333333333332,10.98333,5.52
21.716666666666665,18.030984235089694,7.39
17.016666666666666,20.73333,28.9
13.35,8.583333,6.588592438339256
12.016666666666667,12.58333,11.57
21.3,15.78333,22.82
15.6,22.03333,5.09
20.366666666666667,12.45,33.54879859022563
20.0,12.7,19.02
20.316666666666663,17.93559682206446,15.5
16.2,2.766667,18.71
17.0,0.9166667,2.86
14.466666666666669,12.1,21.31
12.15,12.5,8.62
3.7333333333333343,4.116667,13.1
13.25,4.683333,7.87
20.80654209653585,40.36667,5.32
14.166666666666666,5.926090017468568,16.632095228252002
16.683333333333334,6.735220374721994,6.43
18.566666666666663,9.75,23.844048392733093
23.15,44.47815177232495,11.052210163243581
17.316666666666666,10.26667,2.73
20.570569510934966,15.171749951143358,14.08
13.066666666666666,14.58333,8.14
17.166666666666668,15.937468756323037,7.06
23.15,25.80826339642402,28.58
21.409879364398755,4.4,5.67
20.916666666666668,0.8333333,1.24
18.383333333333333,20.575755957136074,15.03
12.216666666666669,7.216667,14.97
18.416666666666668,0.2333333,3.81
12.866666666666667,8.866667,19.62
21.33333333333333,27.83333,3.72
16.45,16.63333,15.235272522016894
16.033333333333335,10.01667,5.97
17.483333333333334,61.447757336986434,7.79
17.216666666666665,15.704127848338171,9.27
22.83333333333333,14.766353621312765,40.83
11.216666666666669,5.583333,3.91
16.983333333333334,2.35,8.27
16.8,12.95,44.464497779221276
19.53333333333333,7.196992768494001,10.19
17.4,0.23525162303799496,0.54
16.4,30.595614993874754,6.22
20.73333333333333,10.93333,15.490159503202886
15.466666666666669,1.55,4.23
18.266666666666666,6.564116784406943,4.29
20.566666666666663,1.533333,1.91
18.316666666666663,5.066667,4.31
7.033333333333333,0.3260963913687647,3.84
13.25,11.8,7.82
3.169643191433959,1.033333,1.99
16.983333333333334,3.95,61.37
15.833333333333334,12.93333,4.48
19.066666666666663,14.413148123287241,7.0
0.7666666666666657,15.131587090110544,40.83
20.383333333333333,42.23150415254963,9.12
19.316666666666663,29.35387672390231,12.67
12.683333333333334,2.05,4.22
14.633333333333333,1.55,10.45
17.65,3.083333,10.78
12.516666666666667,2.533333,6.69
14.883333333333333,14.11667,6.32
18.28333333333333,5.15,22.721458783468698
0.18333333333333357,13.15,26.01
15.95,2.65,5.05
17.766666666666666,11.462860593095655,23.310184606248512
15.683333333333334,7.466667,5.22
16.216666666666665,29.44706114530761,11.45
8.833333333333334,1.083333,2.37
19.316666666666663,14.25,10.7
16.65,14.56667,5.61
18.4,2.1581412503281374,25.52
22.766666666666666,16.56667,16.02
16.216666666666665,0.2333333,2.03
16.716666666666665,7.6,6.55
3.401803338672714,1.933333,14.214972236549949
8.8,0.7333333,1.88
16.416666666666668,6.866667,6.93
15.1,10.10263219043314,13.76
18.4,1.4,5.73
18.05,20.1740446554929,3.32
15.783333333333331,17.73333,19.43550964154769
8.75,1.65,1.68
12.816666666666666,0.35,26.17802401511697
0.03474010292799434,17.85,10.8
19.916666666666668,22.09778365898898,14.16
7.416666666666667,1.5,4.53
12.033333333333331,6.816667,25.94744438924361
19.133333333333333,20.76667,7.37
11.483333333333333,1.066667,3.33
17.583333333333332,15.25,1.58
16.216666666666665,1.816667,1.3038149830303156
9.533333333333331,3.85,15.32
17.715276140896698,20.65,4.25
23.8,10.06667,1.55
17.383333333333333,46.57672765113082,6.03
0.38333333333333286,10.21667,5.06
16.9,0.3,1.52
19.866666666666667,14.08333,15.99
15.783333333333331,2.116667,2.16
16.966666666666665,0.7523597643388106,1.64
17.233333333333334,38.41813647539612,2.219806159334723
17.316666666666666,25.76667,4.58
17.0,6.566667,3.92
14.516666666666667,13.263949232942966,27.721214577609206
11.15,1.7,12.05
16.233333333333334,5.8,5.69
18.766666666666666,23.610028471840977,4.2
17.033333333333335,3.766667,2.59
10.829281537274074,9.966667,3.32
15.883333333333333,11.48333,15.31
4.316666666666666,14.05,13.92
18.9,6.7,15.38
0.18333333333333357,2.533333,5.34
16.5,2.45,3.32
14.583333333333334,11.31708189390996,7.56
14.583333333333334,0.85,4.78
22.5,20.68333,26.356604313254355
8.55,11.71667,2.03
15.816666666666666,22.81667,17.54
21.666666666666668,20.03333,5.59
19.166666666666668,14.96667,15.931238341275602
20.78333333333333,11.53333,2.17
16.266666666666666,3.183333,6.63
19.016666666666666,9.727365783806494,3.27
19.666666666666668,14.16667,40.83
19.23333333333333,12.269878948411433,13.55
16.0,10.825065216584926,6.43
19.166666666666668,11.95,23.041471330651547
15.883333333333333,16.23333,17.86
21.0,2.0,47.02865313363495
7.816666666666666,14.38333,44.48425213913899
12.783333333333331,9.45,13.9
17.166666666666668,12.88333,8.34
16.683333333333334,2.45,16.15
15.733333333333333,69.41193309420174,12.17
18.366666666666667,0.7535602733178391,7.07
20.433333333333334,13.0,17.61
21.35,6.933333,3.13
20.566666666666663,19.822699488938472,4.44
22.95,14.15,6.21
22.516666666666666,9.670436041664809,5.44
15.233333333333333,0.802302211845088,0.9528050041920505
15.0,38.4,10.87
12.866666666666667,20.312325539857525,13.45
13.066666666666666,9.05,2.5
19.316666666666663,23.23333,16.28
16.233333333333334,8.2,9.55
16.533333333333335,0.5666667,1.9
19.266666666666666,21.85,8.06
18.75,15.58333,9.34
19.433333333333334,38.55,12.23
19.25,0.8833333,10.46
0.9557044547851561,9.72148075773418,14.91
19.066666666666663,9.2,4.52
17.066666666666666,14.240364485680978,5.964798585444223
12.7,0.75,2.08
1.2833333333333314,17.55,25.96
11.333333333333334,10.98333,31.98092076712055
19.35,14.36667,14.16
18.116666666666667,15.45,8.59
14.216666666666669,14.13333,4.799243654666934
18.883333333333333,1.983333,15.34
17.55,4.383333,6.23
20.58333333333333,24.55,17.0
22.78333333333333,11.95,11.96
19.33333333333333,20.06667,3.47
15.716666666666669,20.26667,21.84
14.983333333333333,42.709570095856776,10.91
8.15,2.3,4.29
16.766666666666666,15.05,13.74
13.4,36.38333,24.9
20.89903843830931,13.15,39.69807566436939
18.35,1.683333,3.03
18.433333333333334,19.31667,4.85
3.383333333333333,0.9833333,31.413758061684202
15.95,12.23225202788522,6.21
16.9,5.263545231041685,24.6343377161189
21.85,12.31667,5.11
15.55,0.9565121104694754,2.12
14.183333333333334,2.35,22.05
18.716666666666665,46.991270507761456,6.579861995430663
19.266666666666666,11.55,7.64
21.966666666666665,14.69581304848677,10.17
15.316666666666666,8.774804548717114,4.93
19.75,18.93333,10.92
13.583333333333334,0.5,2.52
22.6,15.6,7.97
10.7,14.930298869363183,4.56
15.4,10.38333,7.73
2.6999999999999993,3.191860383220489,5.01
13.3,17.4,10.32
18.316666666666663,3.3,36.49
21.5,15.1,4.84
11.333333333333334,0.45,1.33
22.816666666666663,16.63333,13.754210218330845
10.533333333333331,7.416667,10.57
19.15,6.066667,7.08
17.75,3.6,32.29009909332264
11.15,8.595358979435884,7.94
21.65,14.2,9.27
15.033333333333331,2.55,3.06
15.766666666666667,12.06667,2.01
23.03333333333333,20.8,30.7276739059994
0.6333333333333329,8.583333,25.34
11.9,3.283333,2.19
8.066666666666666,2.866667,5.01
23.08333333333333,9.626126761978595,3.4
15.993529557955238,14.88333,7.2
21.866666666666667,4.883333,7.93
11.616666666666667,0.5874622934704754,2.17
10.5,11.66667,8.3
20.8,21.98333,17.41
15.466666666666669,15.06667,14.27
15.116666666666667,3.816667,8.16
16.65,4.283333,8.52
21.28333333333333,14.46667,7.02
16.6,10.43333,31.05892615791876
16.3,2.816667,18.96
19.183333333333334,43.159325253613915,38.37607779239537
19.866666666666667,12.9,9.85
20.05,0.35,4.64
9.216666666666669,7.8,1.98
20.45,14.18333,14.959373340518214
23.066666666666663,21.8,9.7
2.471684572415448,7.716667,14.76
18.83333333333333,3.783333,3.94
22.366666666666667,1.3,7.61
22.25,15.15,9.33
13.933333333333334,19.940315744588368,12.77
12.1,0.4833333,1.94
16.933333333333334,18.05,25.687002921102103
21.536052653153213,9.962788073873332,3.0
21.9,3.033333,6.07
15.966666666666669,12.66667,7.04
23.83333333333333,16.773217117190235,13.24
20.433333333333334,2.266667,1.7512377303792164
17.583333333333332,21.01667,8.122793751440476
15.733333333333333,13.16667,5.0
11.816666666666666,12.618476238530326,7.54
18.85,17.25,14.39
22.716666666666665,14.08333,50.61398224121658
13.816666666666666,8.866667,3.5
21.066666666666663,4.25,14.45
19.966666666666665,0.2833333,2.18
14.616666666666667,96.17639925621681,3.55
15.216666666666669,5.7,7.89
18.76002758930214,26.91051276592323,6.169180637847166
20.716666666666665,16.88333,15.59
14.466666666666669,19.48333,6.625378013334703
20.2,2.283333,6.43
14.466666666666669,28.36667,5.43
14.966666666666669,11.560271017398376,26.26
16.883333333333333,20.3,7.56
18.183333333333334,15.23333,11.5
13.383333333333333,3.833333,17.74228992125718
0.8500000000000014,14.58333,8.74
19.03333333333333,1.85,19.37
2.6000000000000014,12.25,24.36
22.016666666666666,10.21667,22.3776918660081
21.53333333333333,16.374849153351402,6.06
12.28674722668608,2.6,3.7
16.0,12.11667,8.21
20.95,2.351701706802067,0.75
14.183333333333334,4.783333,11.33
12.266666666666667,5.55,15.305328328332399
22.2,15.13333,14.84
22.58333333333333,24.68623031811452,8.97
19.716666666666665,8.733333,8.95
21.78333333333333,2.5210962411514948,27.875799406070726
13.366666666666667,13.23333,5.618659709651256
21.55,10.85,7.99
0.5166666666666657,13.55,6.12
22.48333333333333,7.55,9.19
16.933333333333334,52.19240341963337,8.93
9.43350709623143,18.56667,1.0
22.105038771127877,7.016667,4.93
15.15,1.816667,1.86
19.65,19.355648317196614,4.25
10.283333333333331,22.0,21.25
21.6,11.0,17.61
15.033333333333331,12.169574191717615,18.41
22.183333333333334,15.53333,11.21
20.45,9.483333,18.74
17.233333333333334,4.983333,26.8751062175096
18.4,11.031889416916211,3.97
18.5,2.2,14.52
15.716666666666669,9.933333,20.75
19.633333333333333,3.733333,7.65
19.166666666666668,13.61667,5.98
15.183333333333334,12.49195266172073,45.773681672969836
16.0,11.08333,16.33
8.566666666666666,20.31667,7.53
20.6,13.125276487808252,6.69
14.833333333333334,14.15,5.95
17.25,14.58333,4.48
17.8,39.43333,10.47
16.166666666666668,13.75,25.243319837008602
16.15,65.21667,12.917042513717897
16.666666666666668,18.38333,8.49
10.366666666666667,0.8166667,1.2542194505222142
15.89279468892249,1.383333,1.57
2.1833333333333336,15.35,39.10067023389973
19.633333333333333,26.01667,14.07
14.916666666666666,14.86667,2.52
22.0,17.36667,14.01
13.716666666666669,18.76667,7.11
17.266666666666666,15.13333,3.38
11.733333333333333,7.0,18.56610568834003
14.183333333333334,1.366667,3.01
20.916666666666668,0.6166667,1.61
17.8,16.63333,9.13
0.3564286523154223,9.75,26.04641332768602
16.916666666666668,12.18333,22.951383794592694
16.816666666666666,9.966667,6.62
20.05,1.65,4.36
11.483333333333333,16.13333,9.35
23.55,5.633333,9.84
14.4,2.616667,37.1905208727438
21.8,13.9,16.39
16.916666666666668,19.386899640916226,11.53
16.283333333333335,15.78333,10.08
17.55,8.439659609311988,8.53
18.716666666666665,1.65,11.63
13.383333333333333,2.708875674671499,5.13
23.816666666666663,19.165919764415708,11.14
19.45,1.666667,36.56120894624386
21.2,15.23333,3.83
16.124211703010467,3.3077163666738625,21.89321322442731
14.51871730338074,13.31667,11.37
15.566666666666666,21.733044755581044,6.59
0.9166666666666679,43.18333,16.79
12.9,2.3,2.63
19.966666666666665,13.966691077362215,60.8098194126063
15.483333333333333,26.6,2.05
14.983333333333333,2.183333,7.55
16.466666666666665,13.4,4.42
22.45,16.619550031617585,7.6
16.466666666666665,16.86667,16.86
19.816666666666663,18.85,61.669606355992144
15.766666666666667,17.58333,4.41
14.7,1.733333,20.47996997157112
11.816666666666666,22.36328446559225,9.48
13.7,1.5575708261193086,11.45
12.166666666666666,16.86667,22.91
21.166666666666668,2.85,6.12
14.95,4.766667,10.66
22.016666666666666,0.8666667,7.22
16.083333333333332,5.133333,13.07
14.45,15.18333,9.36
8.038548714544838,0.8166667,0.7491336862253957
14.55,12.31667,6.56
1.0500000000000007,18.61667,13.96
20.666666666666668,5.998853062511682,4.43
23.683333333333334,15.23333,36.4045914797741
21.45,6.55,4.13
16.233333333333334,5.216667,14.05
16.233333333333334,1.233333,10.97
7.459230979565473,0.7166667,12.58
16.033333333333335,9.05,3.51
16.216666666666665,11.63333,5.35
16.433333333333334,0.25,0.53
23.4,21.128853284549,21.86
19.33333333333333,11.05647850018986,4.33
0.41666666666666785,36.48333,5.96
17.066666666666666,13.683501159586314,16.67
20.15,1.6211110406034834,21.21670360978693
13.3,1.603845426205249,6.48
21.466666666666665,15.55,14.62
20.15,8.617046164898982,1.94
18.066666666666663,15.3,3.79
19.633333333333333,9.748261427417814,11.606529799269046
20.33333333333333,2.216667,13.55
19.83333333333333,13.2,27.58534638690762
8.25,3.55,4.76
22.183333333333334,12.86667,31.47
20.6,18.3,6.29
21.3,12.5,5.61
21.966666666666665,14.3,7.95
16.683333333333334,16.1,8.872719063528347
22.816666666666663,17.55,18.57
17.033333333333335,14.76667,5.41
13.65,14.68333,2.36
22.557418971359827,16.15,10.03
17.25,15.0,2.38
16.833333333333332,1.866667,1.77
16.333333333333332,5.088959105876438,5.68
11.483333333333333,13.935623969338788,23.274228321856352
21.766666666666666,13.2,6.82
3.7166666666666686,11.81667,30.968434914369134
19.03333333333333,9.383746394529798,6.9
15.1,13.2,2.9408095370209777
14.733333333333333,20.61667,6.35
20.5,46.43333,13.29
12.9,10.76667,16.43
4.466666666666669,15.5,5.78
16.35,9.083333,10.86
21.216666666666665,23.219498955638638,8.79
18.9,44.23345899457907,16.603634165653492
14.35,11.551137423203082,10.36
2.2333333333333343,14.13333,9.39
20.35,15.68333,7.9
15.383333333333333,2.1,5.92
2.383333333333333,12.66667,32.09
13.016666666666667,1.933333,3.67
17.116666666666667,40.63333,5.624743518121541
10.233333333333333,7.011761475522213,10.282258746691513
19.416666666666668,10.61667,20.936659194282257
13.466666666666669,14.6,7.89
18.133333333333333,6.533333,4.27
17.25,10.41667,2.11
22.433333333333334,2.85,10.17
3.616666666666667,9.13945903069954,3.58
19.266666666666666,16.86667,13.31
16.516666666666666,2.383333,8.24
8.279975217102038,2.5558703775942275,1.77
13.383333333333333,1.966667,5.562810280034318
14.483333333333333,13.41667,10.25
17.783333333333335,47.79768931602968,17.16
17.083333333333332,8.266667,9.96
16.35,14.35,8.15
10.55,3.133333,12.73
23.433333333333334,19.6,6.81
15.116666666666667,2.916667,4.3
11.516666666666667,3.933333,6.28
7.916666666666667,3.683333,5.58
14.216666666666669,13.052794400041234,16.57
4.399999999999999,1.566667,19.02
17.133333333333333,11.56667,18.24
18.33333333333333,14.55,17.08
14.6,4.9,5.69
4.301926792946084,16.2,9.08
14.6,7.033333,11.28
15.666666666666666,0.6,0.76
17.8,14.0,1.48
16.95,40.86072151175044,6.88
14.4,5.302829258498261,5.750558166778647
18.616666666666667,20.480334913945157,9.33
14.75,19.28333,31.67
22.266666666666666,14.71667,23.01
20.883333333333333,11.16667,18.39
13.45,1.3901536687810416,4.89
10.616666666666667,0.25,2.274652367925737
14.316666666666666,18.25,6.98
18.15,66.53603116488274,4.48
22.0,13.68333,7.9655049410811625
19.8,3.8014462955060573,4.48
15.066666666666666,4.083333,4.1
11.85,13.7,22.35
13.95,10.324610756959075,3.81
1.6080916891189823,12.8,6.32
20.366666666666667,13.76667,16.81
23.016666666666666,20.48333,18.74831335462397
8.983333333333333,16.36667,8.47
16.433333333333334,17.98333,17.27
20.757151723615728,10.88333,25.378848698092625
16.2,4.25,23.34
15.8,9.916667,13.44
12.55,13.95,7.96
19.683333333333334,11.41580471469514,3.03
19.316666666666663,1.15,6.03
16.583333333333332,5.234609324115795,5.95
16.6,11.13333,7.86
17.133333333333333,13.95,14.5
8.816666666666666,11.316780117117613,3.74
17.016666666666666,6.1,12.834993098466658
15.8,14.4,8.84
14.383333333333333,8.65,17.105817273368594
13.466666666666669,16.3,17.45773365810979
18.566666666666663,2.2959258283389414,15.063161718545016
4.933333333333334,10.03333,16.12
19.75,13.68333,6.42
14.75,17.041336528479672,10.41
16.133333333333333,9.616667,0.53
18.666666666666668,14.35,17.39
16.833333333333332,11.533791658373993,4.37
22.433333333333334,36.70622808266282,8.64
22.42713604525634,1.4168875715327225,2.12
18.95,15.36667,13.46
18.466666666666665,11.45,26.49
16.283333333333335,0.7,1.1346012904448433
20.7,38.384253158962515,16.79
17.75,12.360777343830302,25.51
18.216666666666665,14.11667,22.77
18.0,22.35,4.1
17.266666666666666,9.383333,28.01
14.266666666666667,11.5,7.0
17.788008109755175,4.6,6.56
16.733333333333334,15.5,3.17
10.733333333333333,0.4833333,3.54
15.433333333333334,13.63333,3.51
23.23333333333333,66.70594883714718,22.19
14.157121665232989,15.26667,3.7039579853927718
19.73333333333333,16.43333,17.98
10.016666666666667,10.05,3.94
16.516666666666666,8.333333,19.35
18.883333333333333,12.41667,7.98
13.065865239788643,7.6,6.53
20.75,12.65,19.52
0.33333333333333215,3.133333,18.839449952642898
21.35,6.35,14.65
20.33333333333333,10.83333,2.07
14.55,8.6,9.68
16.766666666666666,62.39435812732891,3.76
20.433333333333334,12.35,13.32
1.3999999999999986,9.5,35.38066852791701
23.216666666666665,14.25,15.28
16.35,2.1013073745782513,11.67
21.883333333333333,9.05,16.12
15.48881783409694,14.33333,11.66
11.716666666666669,7.366667,1.37
20.35,46.627913032877906,20.13
16.25,12.658989119681495,5.62
16.733333333333334,3.0624650112533622,16.16
18.316666666666663,13.33333,35.710690884348004
15.166666666666666,17.1,4.97
18.5,6.616667,11.03
20.566666666666663,24.268556360936817,13.53
20.633333333333333,16.86667,18.83
19.666666666666668,3.583333,5.84
16.75,13.01667,10.36
17.25,15.23333,8.29
17.533333333333335,46.05,55.37010278349742
13.2,3.6,17.33
19.05,16.01667,8.43
16.416666666666668,16.91667,49.37725276350975
20.4,21.71667,12.32
16.616666666666667,16.86667,7.02
17.166666666666668,8.08747045031757,5.86
15.633333333333333,2.783333,26.15
20.48333333333333,4.55,29.39
17.0,3.45,2.4
16.483333878831765,11.18333,6.95
20.75,15.952210958792687,15.48
17.316666666666666,9.033333,34.68
8.0,16.3,3.62
17.566666666666666,12.85,7.01
18.15,18.31667,8.55
18.65,43.24663004074619,43.017875406581446
7.05,0.4166667,21.380452983793802
23.65,14.305139177725192,15.369365324717945
17.933333333333334,8.25,11.05
14.516666666666667,2.716667,1.64
9.933333333333334,8.866667,3.7
16.95,14.692917099081624,11.81
17.35,12.501293465956628,9.71
20.383333333333333,13.079140189364878,12.47
13.666666666666666,11.81667,7.84
15.583333333333334,1.3,7.829086956244428
16.5,11.48333,5.37
15.866666666666667,1.95,17.41
18.45,16.249742549620542,16.51
15.65,15.86667,21.79
5.345178566111038,12.55,35.725891670854764
17.183333333333334,11.66667,7.44
19.433333333333334,19.168909244808447,20.6
15.616666666666667,10.56667,11.52
10.218417110235412,14.299168750583815,28.562378154573963
10.516666666666667,77.1508953728315,28.01
14.45,9.857193932188475,14.760872168263885
17.833333333333332,11.35,11.5
14.933333333333334,11.43333,17.41
19.45,12.7,17.83
8.366666666666667,17.56667,4.98
15.966666666666669,3.083333,3.39
7.65,14.111250547231085,6.35
16.766666666666666,17.41667,31.344331552702933
12.516666666666667,19.21667,15.89
19.866666666666667,3.7150621700828106,11.44
7.0064249904394575,0.55,7.82
14.462329476113762,0.2907660163252702,0.99
20.633333333333333,8.833333,13.11
1.0666666666666664,5.333333,6.47
12.333333333333334,4.55,4.85
12.7,2.231423735758309,3.56
15.816666666666666,1.5,10.408871921997052
16.4,21.0048772456627,5.19
19.616666666666667,5.382388804258791,9.920210605964531
22.48333333333333,12.83460615160914,5.87
12.666666666666666,4.35,7.41
17.25,9.85,7.14
17.1,8.9,11.74
12.083333333333334,14.35,7.08
0.3879042943711575,18.31667,24.78
13.633333333333333,1.216667,4.57
13.35,15.13333,7.76
20.433333333333334,0.8333333,6.51
6.016666666666667,1.383333,2.83
23.78333333333333,20.83972,17.28
17.716666666666665,3.583333,16.36
13.2,9.766667,5.79
15.183333333333334,20.65,5.71
22.016666666666666,8.55,15.12
8.483333333333333,0.3333333,2.0
16.55,11.53333,4.93
19.33333333333333,20.05,14.58
18.78333333333333,13.249011184775682,9.63
15.666666666666666,20.055253894960725,2.7
15.116666666666667,10.63333,20.66
19.666666666666668,10.93333,13.747329647422303
14.516666666666667,2.116667,3.55
16.066666666666666,12.81667,20.483908376982434
15.683333333333334,12.55,21.09
18.133333333333333,43.130104196725036,37.099394613825716
16.7,2.9,77.73160991669167
15.083333333333334,1.05,3.09
10.883333333333333,1.7536906197486415,1.52
17.25,13.9,14.16
11.8,22.38333,11.37
7.016666666666667,1.4538513062957192,5.1
19.133333333333333,11.73333,23.08
19.53333333333333,15.38333,11.74
22.466666666666665,24.053623506770208,38.86061601371737
19.266666666666666,3.1,7.42
19.516666666666666,17.18333,4.45
11.2,18.45,55.35116220726631
2.437880898071551,16.68333,13.74
12.816666666666666,10.865925494814073,3.53
12.983333333333333,18.13333,21.49
21.708938655350842,11.88333,12.88
8.65,0.7833333,3.08
20.433333333333334,13.2,15.78
13.783333333333331,3.5667926375920826,13.44
21.766666666666666,1.1549245643676713,8.24
15.766666666666667,14.68333,5.3
16.9,8.133333,7.05
2.731872588447974,11.85,13.76
16.466666666666665,5.783333,11.36
21.95,9.683333,8.49
2.931102423391714,0.3833333,4.71
18.05,3.583333,17.34
14.6,14.35,12.97
16.833333333333332,3.616667,38.45
16.516666666666666,42.217194062186024,5.9
19.633333333333333,1.3,11.88
20.03333333333333,16.4,8.8
17.183333333333334,16.61667,8.39
16.35,1.2,5.73
16.433333333333334,3.733333,22.65
8.366666666666667,2.3,15.971439815652557
17.790867551961856,7.6,14.19
20.466666666666665,5.235637417729606,5.62
15.95,1.166667,1.34
21.05,0.1333333,0.51
19.35,8.183333,6.51
21.4,45.51178995968971,58.5982307596365
16.05,5.888180036866833,11.856688408779446
20.53333333333333,11.08333,11.82
21.266666666666666,6.866667,4.52
11.8,0.5666667,1.75
16.0,26.55,25.68
14.633333333333333,13.78333,6.6
14.483333333333333,12.05,8.49
12.290147914026843,19.18991130638664,37.3310328934947
15.133333333333333,14.96667,19.01
12.966666666666669,4.0,12.384218833856286
12.766666666666667,16.43333,8.27
14.7,1.2,1.49
0.5,2.433333,6.5
17.466666666666665,5.582746608875281,5.55
14.333333333333334,10.76667,8.11
22.0,7.006114898946962,11.61
15.666666666666666,15.31667,5.07
20.633333333333333,15.58333,9.4
16.466666666666665,47.32571713535509,20.328906402373686
18.25,21.85092172374123,10.84
12.7,10.41667,6.63
11.361016522475499,1.372222,3.83
14.55,4.216667,17.76
20.966666666666665,2.066667,6.02
14.6,3.15,4.59
19.516666666666666,12.58333,5.66
14.65,19.93333,8.481437887442299
13.733333333333333,1.033333,3.95
16.9,22.154126838521474,3.48
16.2,2.1930088528816447,1.79
11.783333333333331,23.450907293694,26.45
15.783333333333331,15.61676646745912,4.11
18.883333333333333,12.83333,27.13720574701205
16.75,15.198775290781365,16.065977555289866
17.683333333333334,14.85,21.05
19.866666666666667,24.295983068047747,27.07200588992797
19.385701358641867,46.0,7.12
16.5,15.18333,24.11
22.58333333333333,11.371459162689323,6.72
21.3,13.768869294975572,11.91
10.783333333333331,12.26667,7.28
16.65,12.38333,16.6
21.6,11.98333,5.33
20.266666666666666,9.283333,15.11
21.0,44.93333,24.98
14.266666666666667,13.03333,58.68115556778386
16.533333333333335,0.8666667,3.36
16.75,24.26667,5.09
8.633333333333333,12.83333,29.02
17.416666666666668,47.57118993871435,10.03
16.85,27.06667,12.89
21.35,14.76667,26.68
22.2,4.912353798855526,2.2
19.23333333333333,45.13333,23.2881242530304
3.1014097500413023,0.5130633624154741,3.64
5.613711890650546,16.870639970478653,21.94
20.8,1.466667,11.12
16.783333333333335,5.083333,3.81
17.4,14.43333,13.05
20.466666666666665,12.883584464285097,12.78
20.216666666666665,1.05,12.4
21.216666666666665,15.05,34.62
16.656095951242122,9.4,10.67
17.816666666666666,20.515369367942718,14.293134313537738
8.027422037921982,1.016667,1.52
17.916666666666668,15.55,5.1
18.08333333333333,15.29782550922763,7.57
21.933333333333334,7.05,5.37
21.116666666666667,12.98333,4.66
16.55,19.2,36.60616782796104
20.701407600621557,5.316667,4.49
7.016666666666667,2.3034340389727372,3.79
2.7333333333333343,63.13162536725251,12.783224656109232
10.633333333333333,0.822358253979414,3.72250293509569
21.216666666666665,73.394622631244,8.25
14.783333333333331,15.71667,14.81
11.15,6.383333,7.0
8.816666666666666,17.73333,6.8
14.65,11.48333,27.264691847683864
14.75,22.898550409930714,17.3
21.78333333333333,13.06667,6.84
18.1,0.7333333,12.269091941486112
17.333333333333332,14.23333,7.74
23.433333333333334,13.86667,16.36
11.333333333333334,4.283333,8.7
12.2,7.033333,26.0
15.2,3.05660706942031,6.13
16.25,10.05,3.94
22.33333333333333,15.13333,19.36
15.466666666666669,10.16667,8.91
21.33333333333333,11.750615700583381,11.23
1.25,9.391375592702726,9.77
13.833333333333334,8.382158233206408,8.21
20.83333333333333,27.08333,8.83
20.5,14.38333,8.74
14.883333333333333,0.5089598924547197,2.73
9.77343118707892,10.68333,29.86795838431921
19.366666666666667,13.9,6.49
20.566666666666663,12.175792752044874,13.23
17.0,4.316667,5.82
2.166666666666668,16.7,15.74
15.666666666666666,21.7,13.29
18.416666666666668,12.41667,6.43
16.316666666666666,1.05,14.91
16.65,2.8,3.67
10.933333333333334,3.617741010927055,4.3
19.15,15.56667,13.43
13.6,1.333333,32.03
14.333333333333334,2.083333,3.47
18.366666666666667,13.33333,18.11
22.683333333333334,16.23333,5.0
14.233333333333333,0.2333333,0.75
19.633333333333333,0.65,1.14
7.791765509697628,13.03333,11.86
0.5333333333333314,19.46667,34.74592109009856
20.33333333333333,15.36667,10.61
16.733333333333334,10.33333,12.16
19.016666666666666,14.11667,6.06
19.1,0.4166667,1.52
19.08333333333333,13.43333,4.23
17.733333333333334,20.947671790205845,15.95
5.949999999999999,9.416667,19.5
18.2,12.23333,18.64
18.98333333333333,18.66667,9.52991459845798
16.183333333333334,16.78333,6.19
18.05,10.3,25.38
17.183333333333334,67.11665545227842,8.5
15.2,17.41667,5.62
22.9,12.259537075041465,15.96
15.316666666666666,4.1,23.27
16.333333333333332,7.107141669200584,6.6
15.6,10.51667,6.21
17.5,18.23333,26.333766134530304
17.15,2.4,6.51
21.6,2.35,1.25
22.2,18.21667,14.73
13.633333333333333,3.633333,3.52
23.9,4.416667,13.644278630404733
23.216666666666665,16.11667,20.809520699208136
16.3,4.6,2.21
12.3,1.6210557116475188,3.68
18.95,5.266667,6.26
3.7666666666666657,12.742209804493017,10.23
19.316666666666663,14.18333,26.48
15.4,15.01667,12.562639678013511
15.466666666666669,6.133333,7.74
20.366666666666667,7.983333,9.86
15.083333333333334,1.266667,7.09
16.9,7.4,4.56
9.6,9.583333,9.22
13.1,2.783333,7.99
19.466666666666665,8.916667,5.82
19.666666666666668,1.1768095161668712,4.55
20.966666666666665,14.063399879490312,32.33
12.8,13.01667,3.99
20.65,21.41667,8.26
18.05,17.752075310839952,9.913364479383453
21.15,9.65,3.6217130621965046
15.366666666666667,11.668752776921044,20.4
16.65,16.86667,3.51
19.78333333333333,10.51667,41.82376154248137
20.366666666666667,1.4057344333282147,2.38
9.283333333333331,12.03333,4.03
13.05,3.483333,2.35
18.1,6.6054293369808885,21.03
19.15,24.25,25.62
16.666666666666668,4.45,1.44
8.647148012809824,18.45271904282285,8.81
1.8500000000000014,4.282967092434867,3.04
19.08333333333333,63.75,18.86
15.733333333333333,16.323725209632926,16.49
22.05,0.4666667,1.81
15.516666666666667,3.916667,8.13
22.866666666666667,15.1,6.769707994218916
15.95,13.85,6.14
17.333333333333332,25.66667,6.7
11.566666666666666,0.45,2.52
18.65,45.33599776538813,17.82
18.7,1.433333,0.77
17.566666666666666,19.09794982914848,10.22
14.833333333333334,2.75,2.91
18.183333333333334,5.911853621849109,7.22
12.65,1.166667,3.63
14.516666666666667,8.943579637850576,11.95
14.25,5.1,5.35
16.5,1.75,31.118578373847996
18.0,23.83333,4.48
3.0470144747673977,5.94366150928509,21.75
22.3,15.900390196550577,17.14
14.55,1.033333,4.41
16.183333333333334,12.68333,14.9
15.683333333333334,12.75,25.82
22.8,15.05,18.16
20.55,17.2703923786337,46.07883681043051
21.683333333333334,12.25,6.14
23.0,13.91667,2.84
5.100000000000001,16.03333,34.64
18.08333333333333,20.03333,6.41
16.25,0.3511890047344721,5.49
16.633333333333333,19.330164406775054,4.03
21.48333333333333,16.41667,6.69
19.95,14.5,7.31
17.55,11.26667,12.291678508950863
8.366666666666667,16.973180644376853,19.67
11.966666666666669,12.751421490647658,3.94
1.8666666666666671,14.01667,5.95
21.633333333333333,18.55,5.14
10.783333333333331,14.801268114494153,13.57
14.083333333333334,8.19325611898386,5.16
19.316666666666663,11.33333,10.03
18.866666666666667,10.46667,18.15
20.466666666666665,5.866667,4.45
16.316666666666666,15.06667,6.02
18.4,11.3,2.46
20.133333333333333,9.683333,44.7937535454263
23.666666666666668,11.05,52.03881276591681
11.466666666666669,15.23333,8.778592430131974
17.35,13.78333,6.9
0.9166666666666679,5.266667,10.194464108389802
12.05,9.65,12.71
13.866666666666667,0.9166667,2.86
20.666666666666668,14.56667,14.836235979339108
18.366666666666667,11.08333,5.45
14.531103650734195,16.46667,7.47
13.15,27.3,7.08
14.383333333333333,0.47087419258278446,3.62
21.066666666666663,20.25,15.73
15.9,46.04404091622914,9.56
21.25,3.3,6.8
19.666666666666668,25.08333,10.92
20.416666666666668,110.43899778440577,12.47629669716116
19.2,8.416667,6.24
13.1,1.2,4.93
21.912338969694005,22.745905015563842,7.93
22.58333333333333,11.466663413687426,6.91
19.3,0.7530839508035596,11.119216831598896
11.766666666666667,2.3605024083011865,4.12
23.666666666666668,20.1,14.091266168782022
22.35,7.9,31.18
7.399260537076528,9.816667,12.218839397276753
6.06602034948349,3.983333,8.64
22.48333333333333,30.28648700885564,32.48148797295056
20.08333333333333,8.1,30.295584126515315
20.03333333333333,6.633333,26.99
15.733333333333333,23.856528053805867,8.62
21.65,16.01667,5.03
12.333333333333334,14.1,6.7
21.966362859012342,16.0,4.52
21.3,19.8,10.75
20.683333333333334,16.55,15.0
14.666666666666666,0.4833333,2.07
12.2,10.46667,8.86612634963123
23.7,15.66667,18.93
16.233333333333334,1.2146515872580192,2.6081340463939124
20.1,62.38507257888097,7.97
19.383333333333333,41.12717884424042,7.13
21.7,12.18333,8.52
20.066666666666663,5.500726496727052,16.37
21.133333333333333,13.1703825310201,4.12
17.816666666666666,0.7666667,2.89
14.5,11.676618886733253,16.43
18.08333333333333,16.75432926661358,56.33522822912782
11.6,1.666667,14.77
18.516666666666666,13.9,3.69
18.65,13.226617568398316,11.93
16.85,0.7833333,9.77
20.0,18.8,10.42
15.1,14.7,4.45
10.45,0.25,0.804671014782507
13.516666666666667,16.88333,4.83
19.883333333333333,96.28170895431883,6.43
15.85,18.11667,4.47
16.666666666666668,5.733333,5.76
17.233333333333334,17.41667,4.68
22.45,38.25,7.7
20.466666666666665,11.73333,3.89
18.55,12.21667,3.42
16.466666666666665,2.216667,4.85
20.966666666666665,16.530655550609833,45.9824874590477
17.083333333333332,12.83333,8.0
16.483333333333334,4.333023080376754,3.0602836917247624
21.883333333333333,1.1509351252282467,19.52
16.166666666666668,18.8,9.17
16.266666666666666,7.694167,12.13
17.333333333333332,42.23963812730131,8.34
18.75,9.6,30.71
21.8,11.465066504137742,27.88
16.133333333333333,9.85,22.47
16.166666666666668,0.4666667,0.97
1.7373178087703636,19.532683487711232,29.96886384127429
19.850313069716506,19.63333,3.11
4.516666666666666,11.599179507172575,15.19
12.733333333333333,12.68333,7.92
19.73333333333333,114.3414431363675,25.13
12.4,2.033333,13.14
18.966666666666665,11.38333,8.06
16.5,10.98333,4.42
18.116666666666667,0.9833333,18.03
18.616666666666667,13.691552031345118,23.829876551833003
16.45,2.916667,13.19
16.933333333333334,20.85,9.85
20.0,7.583333,2.71
14.75,3.933333,51.64
20.883333333333333,2.833333,6.570286385663552
13.15,2.983333,8.57
14.95,13.55,20.07
16.066666666666666,14.3,3.38
16.316666666666666,9.3,4.59
6.414564856874738,0.1666667,2.3
23.566666666666663,2.6,3.72
14.733333333333333,5.983333,12.3
17.916666666666668,15.98333,8.53
19.53333333333333,13.05,11.74
22.116666666666667,1.95,6.33
20.166666666666668,0.5,7.31
17.233333333333334,19.76747640663137,9.31
11.8,11.55,22.08
19.2,2.1289219348016064,10.05
11.810539829289095,3.666667,8.3
19.28333333333333,0.858285590554106,3.4
11.4,0.7666667,9.36
17.783333333333335,1.1309682461659412,2.432443150642794
23.33333333333333,11.4,16.5
16.9,14.73333,6.93
0.7666666666666657,8.166667,23.85
13.916666666666666,8.611170161736688,29.48
20.666666666666668,16.6,5.89
15.2,11.41667,12.78
7.890731206603717,13.8,8.51
13.25,12.41667,27.98
18.7,11.78333,5.293828028014396
17.383333333333333,25.58333,1.84
21.266666666666666,10.9,22.0
18.416666666666668,13.76667,7.02733780632494
15.8,13.75,33.070684604030106
14.9,0.6666667,0.61
16.483333333333334,21.58240871544321,6.84
14.75,8.233333,24.52
19.116666666666667,12.991655495735376,6.5
14.25,20.68333,6.34
15.9,10.31667,29.07790929269977
15.483333333333333,15.78333,18.49
18.566666666666663,1.133333,16.4
22.65,20.6,29.894028982503805
16.116666666666667,12.53333,7.25
17.25,18.26667,21.41
21.466666666666665,2.833333,1.7
15.7,15.849811738464846,22.753040074896997
17.716666666666665,2.332317199822335,2.28
0.5166666666666657,12.48333,6.92
15.349795575608248,7.483333,8.02
21.5,16.95,13.05
17.583333333333332,2.383333,32.847985084373505
20.883333333333333,63.44567202372606,18.42
15.816666666666666,14.48333,14.36
20.933333333333334,14.7,9.3
21.48333333333333,2.675277347597793,4.44
18.85,37.74446264408601,17.92
16.033333333333335,24.837042780718395,9.15
15.6,2.283333,10.82
15.566666666666666,14.41667,5.74
13.066666666666666,2.366667,4.921583057711366
16.75,1.781667,17.73
13.416666666666666,34.570330616762625,29.07920897412812
20.7,18.0663654920674,21.9
0.7833333333333314,4.233333,23.91847783790436
22.75,0.8666667,1.24
19.45,18.53333,37.05865503694629
17.333333333333332,16.26667,12.12
7.220102157946773,3.1,3.87
14.316666666666666,1.15,4.51
22.75,13.16667,8.84
15.833333333333334,3.55,6.81
18.0,5.733333,10.21
16.483333333333334,5.266667,3.62
14.983333333333333,6.35,10.76
14.666666666666666,1.916667,7.61
8.9,2.633333,9.359306800740304
23.98333333333333,15.23333,3.98
12.7,22.99207693812362,14.77
17.533333333333335,2.616667,7.87
16.333333333333332,23.262047511693474,12.2
5.166666666666668,30.232708065518974,5.59
21.58333333333333,12.36667,8.06
20.0,8.510920488044125,14.21
23.7,4.766667,8.12
11.433333333333334,2.066667,4.9
19.3,13.86726704535539,11.6
22.75,14.56667,18.19
16.883333333333333,38.50094549755486,9.23
12.712263245947058,3.3,4.7
14.433333333333334,111.65089543795978,5.61
14.683333333333334,14.85,11.18
13.733333333333333,2.083333,2.84
22.0,48.54671908694384,20.58
18.33333333333333,12.61667,7.55
18.316666666666663,3.25,7.0
19.15,52.36901760624107,53.63367531948257
16.383333333333333,13.36667,15.54
22.366666666666667,83.95184791025079,13.59
22.383333333333333,14.036573116220834,13.43
15.183333333333334,12.43333,35.2
19.916666666666668,12.01667,12.72
14.316666666666666,10.55,8.45
20.0,2.716667,6.45
18.33333333333333,2.183333,5.36
8.883333333333333,14.47825637323811,7.04
18.45,9.566667,10.81
16.35,21.91667,4.25
0.2666666666666657,45.795991930196124,35.04791010180023
17.7,14.6,25.99
16.933333333333334,0.6166667,2.68
20.933333333333334,11.0,16.38
20.716666666666665,62.7,10.58
22.28333333333333,12.686360321318896,36.41
23.35,0.9,6.1
16.216666666666665,18.174563793460425,30.85
16.25,3.7,3.72
18.05,12.94930762676539,15.21
17.416666666666668,11.116505570772262,7.07
12.1,13.18333,3.58
16.433333333333334,10.21667,14.85
23.8,2.216667,19.728270307444035
17.216666666666665,5.166667,1.96
18.766666666666666,3.116667,25.29
15.016666666666667,3.466667,9.2
14.133333333333333,20.3,3.69
0.9166666666666679,13.203731321238259,13.4
21.33333333333333,17.2369605512545,32.08839020695072
18.7,5.866667,1.71
21.016666666666666,3.0620219044789,5.449433938601985
19.15,14.64891760454223,4.720685888938606
16.383333333333333,20.01717751435802,11.64
20.78333333333333,15.78333,5.36
12.45,1.6608736217159716,1.88
23.316666666666663,16.26667,60.50053403571481
23.08333333333333,5.316667,6.32
16.783333333333335,5.75,2.56
22.65,4.716667,6.82
15.9,4.316667,9.233770112551284
13.633333333333333,0.5166667,5.07
19.3,15.2,6.02
8.3,0.9833333,1.45
21.05,9.872192543196448,11.45
17.616666666666667,4.65,2.79
20.73333333333333,13.8,10.22
16.65,18.4,10.7
14.15,13.6,28.64
18.75,3.6,5.52
19.383333333333333,12.665291389116556,18.53
19.216666666666665,6.95,2.27
15.916666666666666,0.8026468857745338,28.58
17.833333333333332,1.1,17.85
21.3,16.88333,16.57
20.15,2.066667,4.39
15.916666666666666,13.691666478199936,11.31
18.5,9.516667,7.77
21.58333333333333,18.676511862760453,12.26
15.083333333333334,13.41667,19.32
12.066666666666666,17.46667,6.9
22.75,22.20068464349595,15.29
15.033333333333331,0.33372455175572757,0.84
21.35,12.37567082769094,12.465160788143987
19.0,12.46667,6.47
14.133333333333333,1.883333,5.81
22.08333333333333,40.47992067655617,21.27
16.2,10.35278,6.54
17.45,5.066667,15.68
16.5,11.38333,5.04
20.066666666666663,16.08333,14.745684156359639
18.98333333333333,9.15,50.78703580481699
18.7,10.6,25.62
16.716666666666665,17.91667,7.72
16.0,15.75,1.79
17.15,8.25951713384508,11.34
14.75,14.20980992436735,8.32
15.866666666666667,14.21667,6.62
0.11666666666666714,21.55179505400004,31.15274479505373
7.171979978209614,6.893118569371579,9.715266540723388
14.2,3.45,6.81
17.933333333333334,14.33333,28.250551578172484
16.516666666666666,7.843776825755146,17.93
22.566666666666663,11.8,6.43
20.78333333333333,8.737186164058075,6.49
13.85,17.31667,14.433435649839229
13.966666666666669,9.020461176616967,3.92
15.466666666666669,4.066667,4.68
17.733333333333334,0.5833333,1.6321593354153445
13.95,1.75,1.57
3.1499999999999986,18.1,2.393413086454384
14.25,2.183333,4.28
8.233333333333333,0.45,1.0
16.9,14.05,6.99
21.116666666666667,12.18333,23.46
21.4,3.1,26.04
16.783333333333335,15.69361,3.96
16.15,11.33333,9.59
20.85,9.216667,14.04
19.516666666666666,22.947233500772896,10.97
22.4,6.05,18.36
15.933333333333334,15.8,23.08
19.73333333333333,10.550022764496388,4.07
21.23333333333333,26.551397792760888,7.97
18.633333333333333,9.483333,11.45
14.966666666666669,19.18333,21.525423854503316
17.433333333333334,14.6,4.4
16.383333333333333,8.416667,10.75
16.016666666666666,1.166667,44.70545704366174
18.183333333333334,14.78333,15.54
18.383333333333333,8.6,13.07
0.8500000000000014,0.7166667,4.08
15.433333333333334,0.7498260179930196,6.82
20.85,10.764026649944604,9.98
17.95,3.6,4.0
23.666666666666668,15.124403480216667,21.79
16.5,2.1,2.97
15.833333333333334,8.55,5.09
21.73333333333333,9.15,16.81
21.883333333333333,5.966667,38.55
0.5500000000000007,19.2,12.6
15.133333333333333,6.116667,25.074969460037536
14.016666666666667,13.4,18.88
12.333333333333334,18.56056069236097,12.41
22.816666666666663,20.7,13.07
17.816666666666666,4.216667,12.38
15.0,14.73333,7.64
11.816666666666666,14.66667,18.293830384139437
20.266666666666666,4.65,3.68
0.5,15.18333,29.835790841034612
15.733333333333333,14.81667,7.87
7.583333333333333,0.1277798013299741,1.1663977186963892
16.783333333333335,15.23333,20.5
16.566666666666666,3.462524304178457,6.13
20.433333333333334,1.866667,6.59
19.75,4.016667,6.36
21.766666666666666,16.46667,18.29
4.466666666666669,8.077671484488082,8.78
11.8,3.016667,8.17
20.366666666666667,0.65,1.21
8.533333333333333,4.25,23.55943785795942
14.483333333333333,10.8,14.39
21.416666666666668,17.95,19.43
16.75,14.25,15.64
14.55,3.5991844728390707,18.48290955536766
17.916666666666668,14.5,8.54
14.5,86.94621360620968,21.61
19.7,4.885244407211252,4.42
21.683333333333334,23.61667,5.83
16.966666666666665,3.1861225056523987,5.91
12.166666666666666,1.033333,2.81
17.35,1.716667,3.91
15.483333333333333,35.85346707572265,13.5
18.48333333333333,16.4,3.72
21.966666666666665,10.65,15.46
17.6,0.85,3.52
4.227164913565989,7.483333,15.64
8.4,7.75,3.76
15.833333333333334,3.966667,7.54
15.783333333333331,10.88333,3.1
2.9666666666666686,19.40194356759108,17.01
22.1,1.15,1.01
20.03333333333333,9.316667,8.15
20.695254343158737,14.81667,24.52
21.816666666666663,12.35,4.91
14.1,18.33316654132557,6.69
15.55,13.3,27.25
21.75,25.9,18.77
18.9,2.414228752898255,14.44
3.8166666666666664,10.83333,54.76789901993237
14.55,16.55,9.013659558761864
16.216666666666665,16.966458768844294,22.66
11.933333333333334,0.16405925201855692,2.11
17.983333333333334,2.083333,15.332690740667749
22.53333333333333,36.879954090433216,2.74
14.166666666666666,9.066667,3.69
18.666666666666668,14.46667,5.04
21.016666666666666,15.35,6.32
18.58333333333333,12.45,21.98
6.566666666666666,3.483333,6.7
23.75,12.723685855050855,23.32
23.316666666666663,5.13461867184307,16.63514063183684
17.6,20.667164016736955,43.66992946696468
1.1666666666666679,15.084431701424988,12.49
16.55,20.06667,6.94
19.05,7.116667,13.4
16.15,11.544305699319729,9.73
14.284369965776081,12.274457904881121,8.37
6.35,16.13333,7.21
14.8,14.38333,6.46
20.15,10.96667,23.48
15.516666666666667,2.183333,11.403748368753586
12.85,18.2,7.98
18.766666666666666,26.08381701437352,13.99
19.33333333333333,9.5,5.23
23.23333333333333,24.13333,11.74
16.366666666666667,18.03333,12.45
16.083333333333332,21.78333,26.06
18.78333333333333,10.068243391476486,11.03
11.8,17.66667,4.62
21.35,2.116667,5.54
14.75,14.31667,10.13
21.15,18.91667,16.57
17.716666666666665,4.95,4.69
15.6,15.5,4.82
14.116666666666667,13.56667,11.81
22.016666666666666,38.8,23.93
16.430366077777094,1.416667,2.64
21.98333333333333,18.58333,8.45
0.6666666666666679,11.165573738225172,4.9
22.03333333333333,20.3,17.78
19.73333333333333,4.233333,22.6
14.9,44.83159504538939,7.09
16.65,13.75,11.09
16.866666666666667,15.23333,9.68
20.55,15.13333,33.88789369342849
17.116666666666667,8.8,6.18
11.2,3.65,19.534975715866313
15.883333333333333,13.60729505895813,3.36
16.733333333333334,7.366667,4.57
20.566666666666663,17.033516130242877,6.732296998950187
20.366666666666667,16.76667,8.4
3.916666666666668,13.2,7.33
17.666666666666668,11.668330255790407,8.07
14.5,4.6,4.59
22.3,11.78333,4.55
17.933333333333334,13.292391578210907,12.58
18.683333333333334,22.621115257152077,29.270321378048976
11.583333333333334,0.4631926850016086,2.620619331712369
10.683333333333334,0.2,1.24
18.8,12.35,10.45
14.2,8.623998183347153,5.4
17.716666666666665,15.83333,18.19229827485513
16.866666666666667,20.89176266449063,8.74
16.783333333333335,14.08333,13.28199497881811
18.58333333333333,6.034005602521211,20.2
22.416666666666668,6.366667,8.28
16.833333333333332,14.15,11.45
8.55,4.6,2.46
16.916666666666668,17.15148409466193,19.67773936434649
14.716666666666669,17.36667,5.81
20.45,15.075614755512941,4.1
19.05,22.85,18.32967076598201
15.683333333333334,3.7463905486955524,3.08
22.716666666666665,14.18333,2.49
16.283333333333335,17.16667,16.65
14.633333333333333,17.73333,8.86
17.883333333333333,6.05,6.56
14.166666666666666,0.2833333,0.7599355711974204
15.6,16.65,4.88
12.883333333333333,6.983333,19.463153821146115
18.55,15.11667,3.97
16.916666666666668,0.46203110446504586,0.98
19.633333333333333,14.01667,3.53
20.23333333333333,2.05,1.7165283998427912
15.15,10.641285630335991,3.38
16.916666666666668,0.8,5.35
16.666666666666668,25.3,5.15
18.83333333333333,0.4833333,25.43
19.25,19.4,5.33
16.75,16.55372104989397,6.16
21.716666666666665,7.221605938699331,11.85
18.08333333333333,13.91667,12.04
16.016666666666666,19.21667,10.888376143288333
22.0,19.2,6.48
17.383333333333333,5.816667,9.3
14.033333333333331,24.25,8.21
19.166666666666668,9.797187285358492,6.036406450660434
16.366666666666667,11.93333,11.424312599492259
0.0,1.516667,8.86651790152071
15.983333333333333,16.73333,15.99
15.516666666666667,14.25,6.92
10.483333333333333,9.05,6.99
20.766666666666666,8.366667,3.82
16.55,14.53333,9.55
21.7,4.833333,8.02
21.78333333333333,2.066667,4.16
14.2,38.34182770631648,7.12
19.183333333333334,61.24774188208763,9.35
12.083333333333334,13.317406683954065,16.36
21.666666666666668,50.41324888362238,10.97
14.216666666666669,3.933333,11.61
20.683333333333334,2.1,5.0
13.166666666666666,0.2333333,2.166660888781771
16.516666666666666,3.716667,6.9
21.616666666666667,14.71667,5.028757184185088
14.566666666666666,1.5330045773789553,7.356954131827224
18.466666666666665,111.64978174287562,25.84
14.3,1.65,4.31
15.5,21.93333,11.453559367032721
21.2,35.533255421432195,6.88
16.55,14.835127628033542,19.5
19.53333333333333,12.608662599846719,62.21941965763923
16.483333333333334,15.85,12.09
3.75,27.23333,24.89
16.733333333333334,35.33512210418007,39.18860987232998
6.116666666666666,0.6963223109641126,5.26
17.016666666666666,3.266667,6.9
19.1,14.03333,16.19695881922962
21.016666666666666,15.33333,13.11
11.466666666666669,0.2333333,27.10052637197543
7.72690991867324,10.55,9.57
18.466666666666665,12.98333,7.41
19.816666666666663,7.383333,3.8
17.0,19.097482578353024,9.47
14.033333333333331,2.216667,4.32
17.766666666666666,9.754646384956926,8.14
18.516666666666666,13.96667,23.35
23.216666666666665,14.53333,6.07
21.25,2.666667,4.16
21.716666666666665,40.495261414892084,8.03
20.410533380726214,11.13333,10.32
22.433333333333334,14.71667,12.16
9.716666666666669,13.759229288121615,49.27917487602681
20.2,45.24405274640615,28.102456204638816
17.7,3.0548227696357984,14.12
16.583333333333332,13.83333,5.51
16.133333333333333,11.5,8.755108648885507
17.383333333333333,8.846382316028565,9.36
17.266666666666666,2.133333,29.130824089804662
14.483333333333333,13.71667,10.0
2.366666666666667,16.617456213829957,16.3
4.766666666666666,14.4,8.37
18.05,8.7,11.44
13.966666666666669,0.3833333,5.46
15.35,12.55,10.8
0.5826146809815924,24.6804385254381,19.75
17.683333333333334,3.366667,10.44
11.683333333333334,0.4500371552261994,3.97
21.788544091020107,15.03333,14.92
15.233333333333333,14.200647776221519,13.31
20.266666666666666,5.966667,15.05
20.58333333333333,12.723651643371813,5.2186915528564715
15.7,7.9,14.56
19.633333333333333,15.86667,48.94735217841575
0.9833333333333343,10.9,23.14
17.716666666666665,11.51667,12.16
14.116666666666667,26.878808493122598,8.04
17.683333333333334,17.21667,11.67
17.566666666666666,0.5333333,1.99
2.333333333333332,10.7,16.22
15.133333333333333,10.81667,19.59
19.83333333333333,16.13333,3.86
3.4333333333333336,5.75,4.7
18.58333333333333,1.4,5.56
21.98333333333333,9.777540640077616,8.03
13.416666666666666,14.7,14.03
17.083333333333332,16.46667,36.75
15.111265603694967,4.766667,5.92
15.883333333333333,12.083573822858222,9.018623641247395
9.270842792436694,17.36667,7.75
17.4,5.7,14.96
16.266666666666666,2.1465920539755126,3.4
4.409082590176936,5.183333,25.08
21.58333333333333,13.178855324329994,22.34
14.953002069915238,12.66667,7.57
23.3,2.2,4.07
14.116666666666667,15.98333,10.49
9.9,2.016667,3.2006747644580904
14.833333333333334,0.4166667,1.55
22.266666666666666,38.26667,14.61
4.383333333333333,16.06667,11.33
15.65,13.548516830578968,19.99
20.33333333333333,1.0897431004357985,4.62
12.766666666666667,18.46667,5.08
17.0,3.211552563505544,16.24
4.440885116615391,18.4,3.68
18.366666666666667,26.790266862359594,20.920513990905604
3.9666666666666686,21.495216656166583,9.1
2.8000000000000007,8.366667,16.68
22.883333333333333,16.13333,6.06
17.283333333333335,2.933333,4.88
18.866666666666667,20.61667,36.73535327102523
20.666666666666668,43.36289021104402,8.33
16.033333333333335,15.25,28.6
23.5,31.250119788851126,14.78
3.9333333333333336,10.75,14.16
14.883333333333333,37.502441321214185,7.788673705786932
11.733333333333333,14.01667,8.12
21.016666666666666,0.6083026293443623,16.6
18.03333333333333,9.783333,6.75
14.166666666666666,14.55,6.21
18.016666666666666,15.43191871966543,8.65
19.116666666666667,10.739158021923652,21.77266415350605
22.25,2.116667,8.14
9.98954354874198,20.78333,17.16
17.066666666666666,9.833333,8.54
14.516666666666667,12.08333,16.29
20.28333333333333,22.88333,5.94
15.6,18.241538297869617,5.72
15.666666666666666,8.683333,6.44
22.166666666666668,1.966667,20.42
18.416666666666668,15.23333,1.524015725250356
17.116666666666667,8.2,5.83
16.683333333333334,6.016667,16.97
15.666666666666666,0.75,0.85
16.266666666666666,0.9333333,4.23
15.483333333333333,1.283333,43.50226343858754
19.016666666666666,15.36667,9.301936754337513
16.883333333333333,11.15,5.3
15.45,2.383333,1.23
19.883333333333333,17.99127711674144,8.91
20.383333333333333,16.7,19.59
15.333333333333334,10.83388811491204,22.21056434226921
19.0,19.35,27.01442094880855
15.6,13.934708979327924,16.01
0.31666666666666643,14.98333,16.01
19.45,0.2166667,0.71
16.116666666666667,13.050869789358726,18.786393526247704
14.9,1.6064275333815523,11.23
17.733333333333334,15.217141947278444,8.44
16.766666666666666,9.366667,8.13
22.1,18.86667,37.54896489799954
21.55,21.6,2.1
22.9,12.517950608772823,17.14438038257882
3.0333333333333314,0.3,16.74
14.666666666666666,14.66667,18.37
3.9666666666666686,38.8581609149142,23.23
19.433333333333334,14.85,11.83
17.85,8.633333,4.22
14.8,6.833333,3.55
23.6,12.274324649668879,6.49
17.8,15.78333,14.9
22.5,2.513006305793776,5.25
17.683333333333334,1.833333,6.7
19.98333333333333,44.0586167859382,3.83
22.166666666666668,71.37910099069524,38.05980295185465
16.55,5.316667,3.03
20.716666666666665,12.95,14.69
16.416666666666668,8.028209667710895,7.04
20.066666666666663,11.11667,4.59
21.65,14.03333,18.08
22.23333333333333,9.766667,21.06
17.016666666666666,14.48333,19.0
16.25,3.183333,8.76
18.966666666666665,14.45119313463931,4.06
9.516666666666667,5.766667,6.39
8.983333333333333,2.316667,4.26
0.05000000000000071,21.027018195234177,68.77201373243705
18.883333333333333,8.875679498385583,17.22
12.574882549632942,0.2532437710387495,0.8120033412175253
14.416666666666666,3.541787739923551,13.528158238441684
9.721512052308633,14.98333,7.08
16.266666666666666,3.333333,6.09
1.731862819564899,10.63333,34.42022814872442
10.327075370317228,12.86667,6.81
19.53333333333333,9.833333,6.66
22.516666666666666,5.983730813291521,12.49
22.116666666666667,11.828629883674578,25.22
15.8,3.1,7.05
16.616666666666667,1.75,6.52
15.233333333333333,18.5,4.5428510019788515
20.683333333333334,37.163607351852605,10.98
20.366666666666667,11.11667,21.75
13.916666666666666,3.65,2.56
16.283333333333335,11.43333,12.71
16.683333333333334,11.01667,15.91
7.533333333333333,2.166667,5.0
17.283333333333335,14.60367868611898,8.2
22.83333333333333,8.883333,5.84
22.3,2.5,7.66
18.6,13.81667,10.63
20.416666666666668,14.26667,8.04
16.883333333333333,9.182471399736688,6.66
2.88283743615078,17.78333,8.45
15.2,13.63333,4.15
21.75,9.120718777096435,7.61
12.3,14.622742332279536,21.79
16.833333333333332,13.222391372250431,6.55
17.566666666666666,20.1,14.61
18.0,44.48319788695604,47.47910234715487
0.4833333333333343,1.05,9.01
14.15,0.1955556,2.67
15.465413945191056,22.98333,10.3
16.433333333333334,16.33333,43.99
21.6,14.05,25.613749404391275
17.333333333333332,67.33584903060203,3.48
16.716666666666665,13.585036285709178,10.27
11.91630103264324,8.0,9.64
21.6,8.966667,21.48
16.933333333333334,13.55961919076522,2.63
14.016666666666667,20.636828381786263,20.8
17.016666666666666,10.218023684010706,1.8014412180159707
21.75,9.8,15.06
17.809648851703486,62.15668862280699,23.02
14.8,13.35,12.95
20.03333333333333,3.633333,15.13
15.1,24.15,20.4
13.616666666666667,7.65,12.99
17.483333333333334,14.01667,6.54
16.85,7.901126172672856,3.69
14.05,10.286962135138076,11.17
17.95,1.95,16.37
0.6499999999999986,16.43333,9.55
4.183333333333334,7.316667,16.5
15.833333333333334,4.349354859190837,12.9
19.666666666666668,16.339545465304845,31.73935404224554
8.859805256723485,14.56667,8.48
20.28333333333333,8.533333,9.1
16.366666666666667,13.180694535283088,13.77
12.3,11.88333,20.394359440298285
17.2,9.566667,19.59
18.266666666666666,19.290370381195782,4.76
19.716666666666665,19.13333,4.89
14.866666666666667,8.85,3.59
12.016666666666667,7.95,7.39
20.598219537597714,14.93333,18.883617797535845
9.366666666666667,0.35,1.8
11.866666666666667,0.9858414437341471,2.3
17.883333333333333,20.51667,17.08
23.683333333333334,16.2,16.52
0.9833333333333343,50.381488247129894,57.08313019200229
15.1,1.7,11.56
21.6,11.707838034654346,9.72
19.066666666666663,10.31667,6.66
17.3,2.1584868399171375,3.4
16.8,8.377943649135547,5.975143634562847
13.566666666666666,3.3140425977332493,14.69
12.4,1.8,8.5
17.216666666666665,9.533333,16.028174934447744
15.077796247211033,16.4,6.97
9.666666666666666,3.05325912507361,5.55
20.966666666666665,13.190753227149964,14.81
19.416666666666668,15.85,4.56
17.1,13.0,17.05
17.916666666666668,9.183367643898777,4.54
19.35,4.666667,13.94
19.183333333333334,1.2,4.57
20.3,3.4659273232581365,14.430994208646007
13.416666666666666,0.2333333,0.84
16.15,14.48333,8.43
0.06666666666666643,1.183333,27.706134055485016
23.2,6.23493699734443,4.8
16.133333333333333,12.309853629937109,10.039951439534779
23.183333333333334,47.831511446642615,8.6
12.866666666666667,2.933333,75.22822507855948
21.65,10.7,15.11
16.733333333333334,13.06667,19.91
20.383333333333333,13.15,10.23
15.433333333333334,0.5166667,1.935616940932814
21.48333333333333,14.801509430754388,34.6390113436617
23.416666666666668,15.05,7.65
10.766666666666667,39.70323539931484,13.08
16.433333333333334,10.95,8.44
15.85,1.634069987556488,32.61387117085746
19.133333333333333,15.58333,3.46
16.133333333333333,1.916667,11.33
17.066666666666666,2.783333,9.31
18.33333333333333,1.35,0.85
15.016666666666667,1.833333,9.24
15.913612752030895,9.933333,16.196600483139047
14.45,0.2833333,0.779625136249233
16.116666666666667,13.65,23.42
11.716666666666669,16.95,17.7
16.133333333333333,21.9,6.65
21.5,35.84786793425443,4.43
21.133333333333333,3.1913940306464585,4.27
21.866666666666667,14.767989297368835,4.49
20.33333333333333,6.983333,5.0
19.35,0.2941625929206728,0.87
23.83333333333333,17.25,6.69
17.066666666666666,0.3,0.911747733426746
19.066666666666663,14.2,3.3
17.316044118429517,15.78333,3.24
20.366666666666667,11.05,9.59
19.78333333333333,7.502146944352062,23.43
18.226797059620242,6.852214602725144,13.91
16.35,3.75,2.73
19.85,17.51667,11.58
0.5718750615075514,2.783333,38.36592539932113
19.45,16.05,26.773896616459826
14.3,1.5611094500671026,21.05
18.83333333333333,114.13955893114975,9.3
19.25,9.6,12.64
17.533333333333335,43.93041685803156,17.44
23.916666666666668,35.61217641799085,35.0
20.58333333333333,2.866667,6.51
20.066666666666663,14.65,14.43
18.2,11.4,8.84
22.183333333333334,14.9,40.84541152614169
17.9,1.716667,3.06
14.55,15.26667,6.04
17.933333333333334,2.883662358261431,7.07
8.683333333333334,23.63333,23.04
16.316666666666666,15.64389,12.25
17.95,4.233333,7.22
13.35,0.6999705221585881,5.29
17.766666666666666,50.98785206237696,5.99
18.98333333333333,37.93677092789779,23.28
23.816666666666663,9.616667,17.5
6.35,38.93771438266267,14.083705889866687
17.016666666666666,37.77715632083686,6.42
22.65,29.284837058762037,4.19
12.816666666666666,19.03333,8.88
10.633333333333333,0.9166667,6.83
14.35,20.88333,20.409345662877897
0.5333333333333314,11.2,10.19
21.33333333333333,15.55,22.545465787060092
1.2833333333333314,10.21667,25.896568167922087
17.533333333333335,9.350415701951308,3.71
17.55,16.48333,6.0
17.15,1.683333,7.44
20.23333333333333,12.23333,13.18
15.533333333333331,4.0,12.17
3.0,46.53835997758648,12.82
18.73333333333333,14.811183794981156,12.51
13.233333333333333,10.88333,6.18
15.8,17.06667,22.32
14.333333333333334,16.05,14.64
19.266666666666666,15.05,6.96
16.9,13.75,11.268999156667851
22.866666666666667,18.13333,18.89
17.883333333333333,21.9,20.958596014585346
14.133333333333333,22.28333,11.87
3.8761044314494946,16.45,2.53
14.15,0.95,46.541266517774204
0.6666666666666679,19.25,11.21
20.2,18.33333,22.663454035301694
10.933333333333334,23.497518336035057,24.43
19.9,82.63725733173833,32.45240680468734
19.35,10.112137781825261,16.31
16.033333333333335,7.866667,1.4
23.53333333333333,40.08333,14.16
16.85,36.958641873958115,9.72
21.4,12.956096841203918,16.18
14.85,3.633333,4.27
0.9290370802002137,15.38333,11.52
17.383333333333333,66.27584892343519,4.51
16.516666666666666,6.833333,6.92
16.4,12.841198815502104,3.92
16.95,10.01667,6.98
16.916666666666668,13.81667,6.89
13.633333333333333,14.3,1.69
19.151703019053578,14.56667,22.052393839107825
12.149300745598643,20.16667,5.525382371891755
16.933333333333334,10.26667,29.02
19.2,12.56667,5.59
20.28333333333333,3.166667,22.530935306437314
20.416666666666668,18.61667,11.34
15.616666666666667,12.95,6.03
19.066666666666663,7.8,4.34
12.316666666666666,12.766500644482699,22.36
22.683333333333334,15.274574236566338,11.18
22.1,5.401601968737486,18.25
16.266666666666666,20.17495995322025,4.59
16.966666666666665,19.91497947735058,2.97
4.050000000000001,15.15,11.24
6.0,1.4608292400303462,10.61
22.916666666666668,5.916667,16.0
16.016666666666666,14.68333,8.62
19.05,2.866667,13.11
20.766666666666666,41.76667,20.64
15.75,9.5,1.42
22.85,8.775966072983529,6.8
14.25,0.7666667,0.576097604446113
10.866666666666667,16.13333,43.67
22.35,1.033333,9.04
15.983333333333333,2.3,6.84
2.333333333333332,1.033333,11.27
15.05,1.4824850089127557,1.5382369899796322
19.78333333333333,20.200175319365762,6.36
7.454045142968244,1.816667,5.13
18.933333333333334,14.38333,26.956910894319414
20.433333333333334,8.216667,28.181695826614742
23.683333333333334,14.46667,19.45064092039829
20.78333333333333,7.05,48.87
23.58333333333333,14.1,7.778006897540763
21.133333333333333,15.78333,23.13
22.966666666666665,44.65,17.73
20.2,17.06667,6.52
1.8166666666666664,9.999569184478123,3.6494624715182
17.0,1.6650597128653992,1.62
18.65,13.01667,6.03
13.633333333333333,18.26305325943973,22.0
18.0,2.166667,3.6823834809241816
15.316666666666666,14.28333,6.54
1.7666666666666657,17.81667,13.09
7.469578976509608,4.466667,5.26
12.916666666666666,4.728992713293705,2.62
19.83333333333333,15.56667,12.67
20.183333333333334,13.48333,21.05
22.616666666666667,24.68333,10.55
22.216666666666665,8.741039869580792,17.75
9.25,1.75,12.08369153281441
18.2,8.1,49.29256473504472
14.833333333333334,14.55,22.99
13.416666666666666,11.798435082137447,3.72
14.866666666666667,0.8833333,2.96
16.95,20.28333,8.232339067435824
21.33333333333333,15.07857741779475,24.08
21.95,20.86667,9.26
21.45,10.46667,36.36296929385513
21.08333333333333,0.3545403078597237,0.71
14.65,10.78333,77.09259520047111
17.683333333333334,7.883333,17.87
10.983333333333333,1.916667,13.66
14.23792361451924,19.68333,3.64
21.2,39.71667,33.22608245257055
16.35227441291645,24.21667,2.6884791242936625
16.583333333333332,0.5790182804705472,1.2
20.683333333333334,18.73333,43.82265057961922
19.7,2.8,4.48
1.0115659279084248,23.605265539473574,12.62
0.9166666666666679,17.98333,6.62
20.05,16.31667,7.82
14.95,18.5,22.96
15.416666666666666,8.0,17.92
18.7,1.35,2.73
16.466666666666665,2.05,13.17
15.75,17.18333,20.437618501861582
15.4,17.96667,7.73
19.816666666666663,14.93333,12.46
17.316666666666666,0.9,1.11
22.65,20.43333,29.945883125872353
15.216666666666669,3.4,8.08
19.51955314628382,17.85,2.54
9.447755567656227,4.627672215437539,5.92
15.766666666666667,2.633333,7.59
20.08333333333333,1.733333,6.32
23.95,14.0,27.563992549876215
3.7166666666666686,5.316667,35.95
11.133333333333333,13.01667,3.64
16.383333333333333,17.08333,9.18
13.616666666666667,16.1,0.92
8.55,3.266667,17.78
15.933333333333334,3.083333,1.47
10.883333333333333,10.598209684551733,4.05
22.466666666666665,3.8,8.51
7.544369117082775,1.6030975027612826,2.26
12.416666666666666,2.25,2.28
22.1,1.333333,20.10170558012789
22.066666666666663,18.1,1.9
7.816666666666666,1.1001362470515437,18.563728386161383
12.229799910787552,3.383333,3.23
20.28333333333333,18.48333,13.85
1.2333333333333343,12.58333,29.51
19.166666666666668,14.88333,9.589304429213517
19.0,0.35,1.32
13.85,0.2355956361051779,0.6
16.716666666666665,9.216667,2.71
17.083333333333332,15.4,7.04
14.7,1.05,18.36
16.55,12.35,7.71
21.133333333333333,18.40782020107286,12.11
13.0,1.166667,6.62
15.083333333333334,12.65,20.79
17.833333333333332,13.36667,1.33
11.85,18.11667,11.56
16.216666666666665,11.05,7.04
21.816666666666663,4.033333,6.98
22.716666666666665,14.45,25.36
18.183333333333334,14.48333,14.84
16.533333333333335,4.795829700261911,3.16
21.05,4.1,15.32
7.076183076106341,14.282893234357783,30.053935771095567
18.383333333333333,54.433019642287626,13.09
15.766666666666667,18.16667,14.56
17.266666666666666,24.476622409329444,22.14
1.25,50.17024665061187,26.04
15.766666666666667,39.22816973294257,16.48
17.85,11.6,4.75
22.633333333333333,9.333333,21.58
12.316666666666666,4.083333,5.37
22.466666666666665,30.907675631021082,3.01
15.216666666666669,17.35,3.03
19.23333333333333,0.1333333,0.55
16.216666666666665,15.513335560213589,9.07
7.716666666666667,14.3,16.04
19.366666666666667,16.664088395485976,13.42
21.33333333333333,2.8,3.57
20.95,12.21667,25.88
18.05,65.6937668009565,8.53
17.133333333333333,10.01667,8.62
17.583333333333332,12.965589169847199,9.13
20.08333333333333,16.58333,12.33
13.783333333333331,0.5166667,1.93
12.916666666666666,3.066667,4.86
8.21057304964391,0.25,5.87
20.716666666666665,0.95,6.99
10.95,7.25,8.25
17.633333333333333,1.5,9.77
16.1,9.383334893133787,6.54
11.566666666666666,14.93333,13.17
15.216666666666669,7.1995323659031305,4.36
19.183333333333334,24.85,6.91
12.55,17.54566088526861,12.18
2.7666666666666657,19.91667,30.96
6.0219647589891485,9.683333,1.5241649564239197
14.95,4.533333,7.96
2.5333333333333314,47.590399083392676,7.95
16.7,0.9333333,3.54
2.4499999999999993,21.16667,19.59
13.183333333333334,11.6,6.25
18.016666666666666,86.14898641519969,13.39
15.583333333333334,2.766667,5.72
11.483333333333333,3.5,3.95
9.85,5.244405086317498,2.83
13.683333333333334,1.7,11.31
19.216666666666665,14.0,9.65
15.7,13.25,3.77
19.33333333333333,93.57462984384655,6.05
20.83333333333333,0.9666667,2.05
23.666666666666668,16.686976503207617,8.788113410342484
23.866666666666667,10.83333,28.64
16.133333333333333,11.43333,12.88
13.183333333333334,1.2,2.59
22.1,13.31667,14.86
18.0,11.91667,7.44
16.733333333333334,10.079346138394772,5.95
16.483333333333334,23.2,36.131233701063316
6.383333333333334,15.459816298595593,6.037058823879343
17.283333333333335,46.399723822982295,5.75
15.766666666666667,2.583333,10.27
23.183333333333334,20.51667,27.479260231798982
21.78333333333333,10.48333,4.34
18.65,49.16098098960213,15.36
18.133333333333333,9.583333,32.81
15.45,61.61303969214573,2.3
20.316666666666663,14.66667,0.91
19.633333333333333,2.816667,3.82
8.099295721401479,22.27693428950141,2.48
20.471931666478724,17.41717788917573,7.68
14.8,0.5833333,2.2
16.966666666666665,5.8618342931234,24.771536281937735
16.0,1.183333,2.27
16.533333333333335,15.5,6.88
19.738780998930935,43.14035313562964,4.69
22.05,10.685582289281987,21.09
22.78333333333333,41.59533143366894,25.64
19.05,8.383333,6.242772169551579
22.2,68.50827010058538,15.216999926560094
13.483333333333333,27.664266754520437,2.11
3.8166666666666664,10.28333,12.17
22.6,1.6061821692877185,1.85
10.483333333333333,27.106263510603334,9.05
14.9,15.93333,10.84
13.603075264127984,0.7333333,1.54
19.45,1.033333,2.32
15.8,19.8,8.21
21.03333333333333,3.166667,6.09
18.85,1.75,14.07
19.95,0.65,1.58
17.0,5.974066929500005,7.2
0.01666666666666572,17.89865547444533,4.44
16.716666666666665,3.833333,4.33
23.65,1.333333,6.92
19.316666666666663,8.5,18.53
19.3,16.2513919006512,14.658945353820455
12.5,12.48333,2.76
20.366666666666667,45.28312639781397,7.346928122725803
3.6999999999999993,46.63306944842295,8.49
17.416666666666668,10.15,4.080994555971119
14.116666666666667,15.5,19.93
16.583333333333332,70.23865005392305,4.74
16.966666666666665,11.35,4.3
10.55,13.95,5.44
17.283333333333335,11.88333,6.81
21.58333333333333,2.333333,9.21
18.5,9.55,18.68
13.0,4.949490550055253,4.64
23.666666666666668,2.1449085754277086,32.25520306710154
16.666666666666668,1.016667,0.81
22.133333333333333,14.18333,21.79
21.116666666666667,15.469595382163721,9.27
14.016666666666667,0.23584343511585978,4.09
21.28333333333333,16.05,12.11
11.983333333333333,0.75,3.41
21.616666666666667,17.23333,30.272168638613074
17.966666666666665,0.5166667,14.14
18.83333333333333,10.63333,14.05
20.75,13.76667,3.96
15.216666666666669,15.83333,6.89
10.933333333333334,0.4616231391835944,0.8146833858417812
14.116666666666667,0.2666667,0.71
22.316666666666663,12.45,6.38
13.7,14.26667,0.94
19.066666666666663,13.55,11.73
18.73333333333333,8.33141532745275,49.23418834480457
6.282536578798317,12.45,11.98
0.25,15.21667,7.78
23.616666666666667,15.38333,7.74
20.08333333333333,10.65,30.664108923058958
1.3833333333333329,20.68333,41.98479524785653
19.1,10.4,4.21
15.116666666666667,1.366667,4.91
17.666666666666668,3.583333,9.25
11.266666666666667,0.55,2.520893526012078
15.333333333333334,3.233333,6.54
19.016666666666666,38.615014533551246,2.55
16.616666666666667,1.1,2.38
17.933333333333334,0.95,3.29
18.5,19.381637459012676,19.94
22.766666666666666,6.7961549259520275,16.120253374332098
18.366666666666667,14.1,10.62
14.516666666666667,2.05,3.72
20.05,39.622524902895854,7.61
17.333333333333332,8.983333,4.17
8.277134324381768,10.43333,4.45
20.03333333333333,0.5976700852687957,1.1954231995600275
19.65,0.8333333,41.38174767583376
10.733333333333333,2.061709908204657,4.33
15.633333333333333,0.9666667,1.12
20.23333333333333,13.53333,9.92
16.633333333333333,12.25,6.38
21.133333333333333,8.233333,8.5
21.53333333333333,19.55,5.35
21.466666666666665,5.266667,3.58
15.766666666666667,3.293680622908472,3.7940710338694044
20.466666666666665,10.98333,20.13
18.78333333333333,15.082550573232275,24.04
16.233333333333334,17.86667,17.36
17.05,22.051188137325138,16.72
16.216666666666665,0.8666667,5.96
15.766666666666667,9.227948643024666,5.38
15.15,3.35,7.96
10.616666666666667,14.46667,22.364475443577394
21.58333333333333,11.55,9.41
15.543106402025538,10.787192177284943,19.21
18.366666666666667,1.7183499500279498,17.9
21.883333333333333,14.78333,5.36
21.416666666666668,12.83333,6.28
18.7,1.916667,2.03
21.166666666666668,15.28333,19.67
15.8,13.25,7.97
20.83333333333333,18.9,9.11
10.483333333333333,3.716667,32.32
19.33333333333333,7.4,9.04
11.766666666666667,12.5,12.308681310140528
17.9,9.556006136507046,3.52
17.783333333333335,16.96667,18.46
22.48333333333333,18.03333,7.39
22.23333333333333,1.466667,35.23
12.35,0.6333333,4.69
17.666666666666668,2.166667,50.33234291594243
13.4,8.633277497242133,36.49
21.3,9.3,9.47
17.316666666666666,13.03333,35.47694370629731
20.7,13.35,10.36
20.95,8.55,2.43
16.7,24.21667,14.55
22.916666666666668,10.88416007461402,15.85
19.83333333333333,14.61667,8.94
20.883333333333333,1.3220855006933416,10.34
20.433333333333334,10.93333,40.41915927444817
17.116666666666667,14.13333,45.90454441014677
15.866666666666667,0.9,1.2093164789397268
18.73333333333333,4.516667,8.8
16.9,0.55,1.98
19.55,13.01667,11.24
17.983333333333334,8.45,14.76
22.25,13.25,17.658261037939226
20.683333333333334,1.683333,19.91
19.316666666666663,10.78333,7.9
16.0,0.5166667,6.56
17.6,13.96667,27.40921016096836
23.28333333333333,0.4333333,2.36
15.483333333333333,12.71667,3.9
17.833333333333332,10.85,8.3
12.75,4.05,10.49
3.0333333333333314,22.43333,5.805757965021766
11.516666666666667,10.05,4.29
12.3,9.35,9.9
18.08333333333333,15.493935300575536,3.91
22.383333333333333,8.35,6.45
20.366666666666667,19.66667,15.43
19.966666666666665,15.86667,11.82
14.266666666666667,9.149756243754329,23.65
15.166666666666666,62.6,4.24
16.883333333333333,1.65,2.33
15.8,10.31667,10.19
20.6,42.47331208355703,9.56
20.78333333333333,18.56667,20.74
21.58333333333333,8.933333,11.544943613673095
15.066666666666666,5.528426373383192,26.46373627391644
19.316666666666663,12.36667,16.41717450305587
17.066666666666666,1.666667,5.399569223290309
22.7,20.464766274153465,12.72
14.7,9.616667,5.0
14.683333333333334,24.72756948041935,7.14
15.85,1.116667,10.57
19.633333333333333,15.61667,18.74
12.016666666666667,13.55,5.77
16.7,23.4,11.97
12.816666666666666,5.466667,7.59
13.516666666666667,1.0,6.47
7.259569005371789,12.23333,1.34
21.5,22.75,7.99
8.77021389867053,17.22434868193921,3.35
21.966666666666665,8.200502881191012,7.018634422580246
14.883333333333333,4.433333,6.92
17.65,9.883333,7.75
16.983333333333334,1.594117816804352,2.12
22.55,15.25,3.7
18.78333333333333,6.55136681281359,12.94
14.6,15.48333,17.291465509291736
23.48333333333333,10.522082928543457,59.10738304536557
20.866666666666667,12.500392649880347,5.39
17.2,18.41667,7.036515054472257
20.78333333333333,11.68333,22.52138474538224
21.2,15.4,9.81
19.48333333333333,14.9,10.419793816509191
18.08333333333333,3.166667,12.31
16.366666666666667,15.83333,12.26
17.116666666666667,12.01667,4.05
7.74852300760831,7.05,6.98
18.466666666666665,13.5,76.58425343651325
11.932270646736045,3.016667,15.43
16.066666666666666,22.85,3.17
22.28333333333333,2.683333,47.513618405426385
15.016666666666667,6.116667,2.97
14.133333333333333,2.201919806817657,11.55
21.816666666666663,45.81158503946709,17.77
22.58333333333333,14.53333,7.71
2.0209616328390716,6.033333,4.17
16.683333333333334,14.18333,26.52
11.016666666666667,18.56667,27.99
16.55,17.41667,25.0645414238167
20.4,43.79090015188313,49.3020854821545
17.016666666666666,13.6,8.31
12.933333333333334,1.1,1.9684976151050069
3.166715993618226,18.23333,50.462990313209595
16.433333333333334,16.23333,4.01
16.416666666666668,4.827017094820465,7.95
13.683333333333334,14.15,12.56
15.15,14.75,3.69
18.73333333333333,10.71667,7.79
14.933333333333334,13.58333,17.51
12.8,14.41667,8.52
16.55,27.644555837730568,10.78
17.166666666666668,10.23333,3.83
18.7,13.88333,7.49
21.316666666666663,8.933333,14.670625504644121
21.08333333333333,13.56667,14.59
20.016666666666666,12.06667,22.06
10.65,1.283333,13.26
22.016666666666666,14.40631770267659,9.83
17.9,19.007605570310755,2.21
15.15,7.983333,22.84
8.566666666666666,2.3,6.07
16.366666666666667,21.66667,16.4
17.15,10.510391866631128,13.890665738552343
11.2,1.516667,9.66
16.733333333333334,10.5,6.9
10.933333333333334,1.15,1.77
20.25,7.75,15.27
22.65,12.98333,6.37
23.08333333333333,19.65,5.77
4.350000000000001,16.05,5.75
21.08333333333333,9.154862117340313,74.10187112275045
13.266666666666667,4.558909127644511,10.98
16.766666666666666,14.03333,22.318089275434613
17.666666666666668,4.466667,7.72
15.1,16.650946965665316,2.479602700967807
8.4,13.16667,6.89
0.33333333333333215,66.3462833486178,20.570868038828486
20.633333333333333,7.15,4.825019384301267
20.766666666666666,3.0,5.66
22.48333333333333,17.73333,22.4
12.983333333333333,19.45,1.33
16.066666666666666,19.15,14.083295677416027
11.183333333333334,67.10280082444687,2.9
8.876694527007931,12.13333,8.87
21.116666666666667,20.25,3.73
22.08333333333333,7.266667,7.92
14.416666666666666,14.96667,9.43
16.15,14.71667,11.329006478050724
19.2,12.882804289891546,28.109399515169205
0.13333333333333286,16.73333,6.64
19.766666666666666,17.264142867395954,6.78
20.5,15.06667,21.81
20.666666666666668,2.716667,12.907130259934346
17.25,5.966667,2.6771213561249896
13.5,9.583333,7.23
14.333333333333334,3.5,7.12
0.6333333333333329,14.9,20.68
21.0,14.78039066586342,18.31
15.283333333333331,3.35,2.58
22.216666666666665,14.16667,25.909399897686672
22.6,21.670975791309743,24.891925717876294
21.98333333333333,89.70653945161045,24.36
16.066666666666666,9.066667,13.08
15.8,1.596383309135968,6.45
18.69246588813015,14.68333,14.97233449368272
15.716666666666669,5.009893066227173,5.55
18.683333333333334,17.359398685253097,5.39
16.016666666666666,1.85,21.46
22.366666666666667,22.79751430800857,11.2
14.0,2.8,8.37
13.933333333333334,1.966667,7.67
19.616666666666667,1.966667,2.94
16.25,2.879137344277249,12.29
9.8,8.798940401164387,7.22
16.666666666666668,0.3166667,0.93
13.083333333333334,18.927555935168282,25.3817187960702
20.1,73.99822676849587,13.128267885220703
16.266666666666666,15.55,6.2
14.066666666666666,14.73333,7.26
19.016666666666666,16.56667,17.07
20.413372074166062,1.066667,4.77
15.183333333333334,3.3824512255140027,3.27
6.116666666666666,0.3333333,2.34
16.483333333333334,12.13333,6.91
17.15,1.533333,34.30142353253672
23.15,3.65,26.953205440027638
16.183333333333334,3.492465224531265,1.23
15.95,4.166667,7.79
21.0,3.45,16.52
14.816666666666666,19.26667,6.32
21.433333333333334,22.36667,5.44
19.85,14.55,47.29199080323335
19.1,15.83333,16.06
22.83333333333333,68.61624266992543,19.25424276212696
20.633333333333333,20.24592789599853,11.79
10.366666666666667,16.13333,11.11
14.816666666666666,9.75,4.07
16.8,2.7,3.96
19.933333333333334,6.75920516261804,55.34895962125622
0.43333333333333357,1.65,11.68
15.95,3.0444117995134956,14.19
14.216666666666669,1.166667,6.13
14.4,4.116667,4.98
12.633333333333333,13.83333,9.5
19.9,23.88333,4.09
18.266666666666666,29.82258367016418,17.97
12.15,18.41667,13.59
11.483333333333333,1.033333,2.47
13.657975424951776,14.93333,12.124950048008468
15.3,38.8634713082157,10.44
3.333333333333332,14.46667,3.61
17.683333333333334,4.166667,14.65
22.4,5.466667,10.77
18.95,7.033333,55.24245755719952
17.783333333333335,42.269356235170086,21.04
15.2,10.25,6.7
14.6,3.166667,6.76
17.35,19.38333,43.0
22.28333333333333,31.63252516918599,24.5
17.083333333333332,1.683333,2.12
16.066666666666666,37.818470966278745,6.53
13.883333333333333,23.5,4.0
16.733333333333334,5.566667,10.92
20.616666666666667,3.947334157186869,3.52
12.966666666666669,18.158638540504665,3.98
17.383333333333333,16.63333,5.16
16.15,1.083333,3.82
18.28333333333333,1.3,25.99265789066907
16.116666666666667,11.93758657917005,3.69
15.933333333333334,12.322819166377098,4.21
4.9739182518906695,10.88333,3.18
16.783333333333335,15.333186499532207,34.15274027010193
13.416666666666666,2.115534600957821,5.72
15.5,5.6985158145645345,5.62
16.516666666666666,14.55,21.27
23.65,4.183333,4.0
10.9,14.25,5.72
10.883333333333333,14.8,6.42
17.816666666666666,0.5833333,21.98
16.916666666666668,18.08333,6.57
20.8,13.4,2.35
20.55,1.016667,6.76
1.3666666666666671,24.457053479805648,31.685517593077385
15.366666666666667,4.736477534973122,8.22
17.983333333333334,11.05,21.79
19.7,12.18333,7.16
10.916666666666666,2.6230721140062947,8.3
19.53333333333333,19.55,11.91
19.516666666666666,62.3186535551333,6.79
21.3,9.978910286131248,6.32
20.5,7.7,5.53
10.348733738218531,10.41667,3.72
16.176640691390396,16.63333,10.961316861046944
20.7,13.58333,26.37277354583377
17.383333333333333,3.5,11.0
17.816666666666666,14.1,3.45
22.53333333333333,22.837763290499904,21.81
12.816666666666666,12.668202104171753,5.89
17.083333333333332,13.13333,5.33
3.8500000000000014,11.45,49.09391661449103
22.28333333333333,2.45,3.56
22.416666666666668,58.228123371506605,17.65
13.383333333333333,15.88333,14.99
13.616666666666667,14.3,13.0
19.03333333333333,8.216667,27.988603221783414
11.15805645922228,19.41667,4.31
22.1,19.36667,28.71
15.733333333333333,9.533333,11.86
16.716666666666665,9.816667,1.55
22.08333333333333,23.03333,17.0
4.635182459185305,2.816667,7.13
17.133333333333333,17.802746660603614,13.3
19.08333333333333,18.38333,10.369434990258886
14.95,0.35,3.35
18.633333333333333,9.566667,27.93
13.85,4.771964967060039,5.91
23.332081850995984,22.96667,15.020251571266446
19.416666666666668,9.112297835282433,6.32
12.7,14.7,3.03
0.0,10.61667,13.69960969378706
10.2,14.41667,7.95
21.6,13.16667,17.95119461573893
21.933333333333334,24.466917539716807,15.35
12.916666666666666,14.53333,4.17
20.9,20.13333,11.149539606412873
0.5,2.733333,8.58
11.45,13.78333,4.76
21.2,15.93333,27.24
16.75,2.2,3.51
15.033333333333331,10.35,2.4752180022490213
19.65,15.35972,8.91
22.266666666666666,10.98333,3.6
18.3,21.554664427617563,25.77257407016121
16.516666666666666,13.6,31.085446271868424
4.516666666666666,13.86667,8.938131781958509
23.466666666666665,19.36667,8.51
20.883333333333333,1.8664899854566808,6.68
0.9499999999999993,3.324686349932969,7.13
14.115643523807618,13.36667,6.49
12.866666666666667,2.8,6.03
7.533333333333333,0.5833333,7.573697176272981
21.35,2.666875606559329,7.39
15.75,12.75,10.87
0.0,5.395264799132686,31.04
20.58333333333333,19.98333,30.560004711775107
15.766666666666667,67.92348551296197,7.23
16.983333333333334,15.3,8.49
14.95,11.43333,9.12
16.216666666666665,11.63333,12.04
2.7833333333333314,16.18333,15.18
14.883333333333333,0.3666667,16.268742846089882
16.966666666666665,55.29192186554228,5.83
15.983333333333333,1.433333,10.42
12.25,12.58333,5.95
17.066666666666666,10.199490212178482,47.489963776686466
15.033333333333331,6.188208071306948,1.42
20.016666666666666,4.1,4.74
20.28333333333333,14.36667,9.65
6.233333333333333,3.283333,2.57
19.2,15.36667,16.73
17.983333333333334,2.933333,4.23
20.1,15.85,32.33
14.883333333333333,3.35,6.45
15.966666666666669,14.05,5.0
5.901772879474446,17.098795326235965,25.91
13.233333333333333,67.2270108441646,8.37
12.283333333333331,1.3524339594603594,7.83
12.1,11.188648053736477,5.84
13.666666666666666,12.61667,7.47
1.3166666666666664,5.1,5.3
19.53333333333333,8.016667,6.03
22.016666666666666,10.500809431705402,6.306259270570008
18.966666666666665,27.0968834586227,19.85
20.45,12.193892938041348,36.09652562212432
22.4,17.961696316052446,49.25558998247608
17.516666666666666,16.63333,9.063251134578605
16.7,9.033333,5.1
17.933333333333334,11.15,3.7
15.0,13.43333,33.922857613703236
8.066666666666666,1.954167,3.86
19.716666666666665,11.01667,27.47
12.183333333333334,9.0,8.91
14.933333333333334,4.302850599992463,8.96
17.15,12.65,13.59
22.766666666666666,15.53333,35.26966482830467
22.633333333333333,9.783333,16.33
18.166666666666668,8.866667,4.79
15.733333333333333,15.783336929796702,3.87
17.544986744185735,15.3,36.00456877357326
22.116666666666667,8.433333,8.83
15.583333333333334,5.133333,5.8
16.0,11.26667,1.98
16.883333333333333,15.23333,9.75
21.516666666666666,0.8,2.08
13.233333333333333,13.65,3.5464743985119274
11.466666666666669,0.6,5.29
15.416666666666666,14.05,7.92
16.666666666666668,14.13333,19.541283623073248
18.8,7.2,6.31
20.633333333333333,2.166667,2.12
14.1,15.13333,7.6
19.4,15.693612799845356,21.521509188662748
6.066740958154454,16.05,1.677841309979558
19.716666666666665,14.08333,4.48
22.83333333333333,14.33333,10.1
22.116666666666667,16.48333,48.92279363733949
19.48333333333333,13.78333,12.43
22.366666666666667,5.766667,5.32
21.35,18.53333,22.67
20.466666666666665,15.16667,17.24055809096433
14.8,2.35,5.15
16.566666666666666,4.098893688339337,3.18
20.316666666666663,3.366667,4.15
20.03333333333333,10.81667,13.83
17.083333333333332,1.816667,2.15735959419026
17.05,12.232713781891025,7.67
14.193144684163174,11.45,3.62
9.652917408201514,10.7,38.87731981186196
15.55,0.9095496413565114,9.46
0.8500000000000014,13.26667,5.12
17.05,23.63881519395062,15.75
14.4,7.466667,4.38
16.45,23.46667,10.99
15.633333333333333,1.466667,28.66
4.0549361790933,18.63333,48.16648639531806
16.416666666666668,19.81667,6.61
16.25,9.56834314248245,3.64
20.83333333333333,13.93333,10.71
10.65,13.18333,5.45
18.3,13.2,14.28
17.92860427186291,3.133333,3.4
15.733333333333333,22.261753964308486,15.51
20.066666666666663,0.1666667,0.81
20.803650598150853,12.28333,5.51
16.783333333333335,2.081363674339446,2.36
11.05,10.71667,7.46
22.766666666666666,13.96667,1.97
22.15,12.15,5.36
15.216666666666669,16.05,6.48
17.016666666666666,20.21667,16.36
15.85,0.35,3.96
3.8166666666666664,26.546749179992062,6.92
9.75,12.378320967986362,1.8
19.183333333333334,10.318903525492521,9.96
0.13333333333333286,1.189075917441055,8.02
17.2,7.283333,3.96
17.5,8.6,13.34
18.95,6.916667,7.96
17.633333333333333,1.0618587441095484,1.57
22.03333333333333,9.4,30.15
21.28333333333333,68.23274427383089,18.96
19.0,14.778077579864057,15.2
20.28333333333333,19.38333,18.48
14.4,14.8,7.66
22.08333333333333,42.450558713485556,6.87
20.95,15.4,14.01
17.483333333333334,46.777302460926556,1.63
15.5,14.98333,5.24
18.35,37.95597190015457,12.12
16.733333333333334,4.95,8.75
21.366666666666667,14.88333,19.29332584267715
21.45,0.7166667,2.11
5.024375383665998,7.616667,7.03
14.95,4.783333,6.93
22.95,18.46667,6.33
17.466666666666665,2.933333,5.18
18.03333333333333,11.182655223404952,4.98
7.833333333333333,15.46667,9.25
20.416666666666668,9.733333,4.64
13.61811593883176,2.366667,3.19
23.016666666666666,17.65,6.93
15.116666666666667,1.466667,3.07
21.45,10.98333,16.46
21.8,1.7,16.5
13.566666666666666,8.25,1.46
8.783333333333333,0.5833333,0.75
20.35,5.6,7.71
20.883333333333333,37.89464035095745,1.872068018564023
13.016666666666667,5.754797701438988,8.94
19.016666666666666,5.3,4.43
20.966666666666665,4.498343684716027,6.15
17.166666666666668,1.55,8.47
20.216666666666665,14.56667,3.12
8.583333333333334,7.416667,3.54
18.933333333333334,0.3666667,2.28
20.33333333333333,13.08333,20.698638150133192
20.55,15.3,29.373535016081295
14.083333333333334,0.4492482657024451,16.36
15.0,16.23333,4.063773226530756
14.283333333333331,2.083333,10.96
15.033333333333331,0.95,13.93
13.366666666666667,13.0,6.93
23.45,15.91667,42.540166136147455
19.416666666666668,21.06667,4.66
16.116666666666667,22.596338730135834,10.98
0.4499999999999993,62.93200043074378,60.79985745510086
13.533333333333331,5.7,4.52
15.833333333333334,12.55,13.65
17.066666666666666,11.18333,28.0
15.066666666666666,19.6,20.745478153442964
10.416666666666666,2.1498036252326225,4.05
16.516666666666666,2.95,6.49
20.066666666666663,20.61667,22.91
16.159580303921153,19.73333,22.59399383746786
23.35,22.41667,6.54
16.937407796149394,12.8,5.28
14.9,14.83333,7.78
16.15,1.0694383184039755,2.55
15.083333333333334,36.284879635966234,50.91724204531638
14.516666666666667,3.566667,3.27
14.916666666666666,14.71667,21.09
20.8,23.2,18.62
11.35,0.8,1.55
17.2,17.85,10.06
15.883333333333333,15.897604458415008,5.13
16.716666666666665,3.666667,31.08574516074266
8.033333333333333,1.133333,3.5402270025759934
16.85,11.021671795881458,10.48
20.23333333333333,14.65,7.99
16.016666666666666,10.58333,4.57
19.53919971735692,21.54806813877774,15.96
21.65,11.5,7.56
20.33333333333333,10.13333,6.7
14.233333333333333,10.06667,39.78785078690853
14.933333333333334,1.6227997604720388,17.14
20.133333333333333,14.18333,20.307261928189547
17.983333333333334,14.33333,11.82
17.2,13.649552710919863,4.7
19.316666666666663,15.187107675307896,10.25
16.533333333333335,8.583080382052739,14.02
8.333333333333334,13.5,12.88
16.183333333333334,13.71667,42.59478309853002
17.643701186635006,3.466667,2.070151608039159
11.216666666666669,16.88333,14.27
16.333333333333332,14.8,4.82
16.783333333333335,7.566667,12.135892079663464
3.833333333333332,77.03089536270267,28.59
15.85,20.0,18.77
1.8833333333333329,2.2,10.93
15.483333333333333,4.45,4.16
16.816666666666666,27.9,33.198768782259435
17.983333333333334,0.6,1.09
18.066666666666663,40.91000254077998,7.19
12.683333333333334,6.65,1.64
18.866666666666667,41.00714101981884,12.16
13.533333333333331,11.31667,5.81
14.95,10.2,10.29
18.933333333333334,10.35,21.98
22.23333333333333,12.63333,16.09414077680558
10.95,12.63333,12.5
15.8,4.966667,2.68
14.416666666666666,32.44967585332343,7.02
17.733333333333334,12.41667,7.090740614158567
14.75,7.983333,10.13
23.1,13.081584382027245,6.67
17.8,38.3028316725042,8.19
20.383333333333333,18.66667,19.62
15.0,1.8172174882110177,55.47
16.95,13.83333,3.52
13.766666666666667,11.73333,2.54
16.216666666666665,11.300388324735136,4.83
10.966666666666669,0.5666667,5.63
22.6,17.91667,9.88
7.154306089960544,0.9833333,3.456282755625434
17.733333333333334,17.25,23.106345701443498
17.8,11.18333,10.75
16.416666666666668,0.9833333,8.3
16.216666666666665,20.51667,7.05
10.833333333333334,0.5666667,16.34
22.65,8.016667,55.17716357775033
13.2,43.25931464797095,8.01
9.533333333333331,1.766667,2.48
16.45,5.183333,17.06
22.53333333333333,47.44648633973445,15.94
13.466666666666669,1.016667,1.16
15.683333333333334,20.204570385948994,10.19
22.066666666666663,15.68333,12.4
16.55,11.58333,5.55
18.53333333333333,12.25,3.25
14.933333333333334,4.55,23.95019097927492
11.833333333333334,1.5,25.91
20.3,15.31667,13.12
14.683333333333334,1.9,3.67
19.15,17.78333,10.47
21.83333333333333,12.5,13.56
20.45,12.7,18.81
7.683333333333334,9.9,2.19
8.55,3.633333,8.7
16.616666666666667,46.38188398691759,26.020623562815597
19.216666666666665,10.66667,12.616259811462369
2.7166666666666686,46.205207312040926,24.04
0.8166666666666664,37.70987794570648,14.93
18.383333333333333,1.733333,38.815018178180324
19.2,5.204037887447629,1.54
15.583333333333334,25.03333,3.45
13.383333333333333,8.133333,3.4
0.5500000000000007,21.8,23.82
11.55,2.9999468192643457,5.21
20.7,13.98333,12.04
7.929250455197083,44.58333,2.16
21.85,11.43333,17.640507917716167
19.45,10.38333,2.72
15.7,16.26667,10.47
21.883333333333333,19.21667,16.82
20.716666666666665,6.816667,4.29
18.75,47.6597880802896,15.19
8.38528347081495,9.25,4.17
21.65,3.25,7.01
16.533333333333335,13.36667,8.8
13.966666666666669,14.354432848003443,9.146223089080305
13.616666666666667,1.866667,4.06
20.58333333333333,9.35,6.37
16.166666666666668,12.26667,4.85
0.16666666666666785,13.08333,29.367851648936046
21.166666666666668,12.11667,17.99205043107504
20.266666666666666,4.172102883168368,8.89
20.2,12.63333,27.202164488856216
21.266666666666666,2.3122482499461285,18.46
19.33333333333333,2.516667,3.89
17.933333333333334,10.18333,8.79
16.616666666666667,44.58969241283489,16.33
18.95,4.983333,31.18
19.116666666666667,9.433333,15.12
21.916666666666668,10.298759699069377,8.83
16.116666666666667,12.969582232873908,4.35
12.75,44.19092024560754,3.86
17.416666666666668,24.9081156629261,6.37
23.23333333333333,13.78333,27.865890701399184
22.1,15.220891226005682,23.534850048660303
19.25,15.7,19.07
1.1628169606638643,0.9331627589680505,2.81
15.933333333333334,1.080646670961187,37.04303348144283
13.35,16.578018722138506,7.09
21.65,47.62988102328306,6.95
18.75,2.8,10.58
22.95,8.15,20.370118145057933
15.8,15.387254634032294,13.64
22.6,16.08333,5.06
17.583333333333332,15.13958298068209,17.77
13.566666666666666,0.55,18.28
18.166666666666668,11.039933269492984,8.37
5.266666666666666,23.53333,66.78309603154659
16.116666666666667,17.326632807111874,4.026717829329661
21.28333333333333,4.076799558845666,8.660139923547394
15.733333333333333,6.816667,1.97
20.98333333333333,13.05,27.844236988467166
21.78333333333333,9.083333,3.68
21.23333333333333,17.9,21.14190008691745
18.85,3.6938865513252193,5.52
20.58333333333333,21.15,10.81
10.5,8.5,8.41
13.516666666666667,12.23333,4.7
21.166666666666668,7.85,10.34
11.466666666666669,0.3833333,2.51
16.6,14.33333,9.759406346406323
21.066666666666663,14.53333,31.18
14.3,1.566667,5.75
16.5,21.55,15.63
22.58333333333333,16.4,21.3
19.25,23.88333,20.96
9.866666666666667,0.6166667,2.02
16.35,5.5,8.41
13.2,9.55,4.3
17.5,21.56667,11.79
15.866666666666667,11.336131726108315,13.46
15.383333333333333,3.264008245718489,6.45
19.03333333333333,18.58333,5.5
20.516666666666666,16.66667,14.53
20.75,10.2,17.52
11.016666666666667,0.2833333,1.64
19.366666666666667,87.74729692150375,3.54
14.133333333333333,2.316667,11.56
9.916666666666666,15.15,2.73
18.08333333333333,1.75,20.354165020303334
0.6000000000000014,12.5,7.61
4.928113557229032,13.78333,17.43
7.0115511798857675,7.9,3.8
21.3,15.25,19.56
8.016666666666667,1.3088179388181196,15.534692253777756
14.25,13.9,7.13
14.083333333333334,12.18333,8.19
17.016666666666666,26.14896930521398,5.78
20.55,18.38333,8.05
17.216666666666665,43.043940761480904,7.48
19.616666666666667,23.9,25.92
16.366666666666667,13.31667,2.15
9.183333333333334,15.066387360759968,11.92287465223344
14.083333333333334,2.783333,5.16
14.566666666666666,12.66667,29.671383695718834
19.85,12.312243142051646,37.33
11.833333333333334,1.4062449782629107,5.31
18.45,12.25,6.35
17.716666666666665,5.083333,11.37
13.116666666666667,0.3333333,1.59
15.166666666666666,10.18333,5.61
22.866666666666667,15.01667,6.17
18.209000844701947,18.48333,11.48
14.366666666666667,8.9,2.66
19.65,11.16667,29.117039489103483
17.8,18.31667,11.01
17.733333333333334,11.805269949700305,8.05
23.266666666666666,14.46667,23.756324630617165
18.883333333333333,10.61667,8.091873268035705
19.78333333333333,12.4,12.18
14.183333333333334,14.58333,18.53
18.53333333333333,12.832231498428614,0.61
17.083333333333332,16.9,41.6325924059283
20.85,0.5833333,1.55
19.1,5.133333,4.4
17.716666666666665,20.53333,12.22
14.333333333333334,6.681322353059249,4.13
16.666666666666668,5.566667,5.28
18.03333333333333,12.66667,5.37
4.233333333333334,14.08333,10.17
12.466666666666669,0.6833333,3.87
22.183333333333334,16.21667,15.68
17.65,3.116667,9.45
16.016666666666666,21.90214837557291,13.296710551418364
17.616666666666667,14.61667,1.16
16.2,4.65,8.372548352356533
21.7,15.96667,6.07
0.6333333333333329,13.03333,10.0
12.983333333333333,10.3,5.3
23.28333333333333,13.66667,13.08
0.41666666666666785,5.233333,6.67
15.933333333333334,4.883333,4.29
16.183333333333334,17.775144259638118,16.51
10.183333333333334,13.21667,4.75
20.916666666666668,27.874645505730044,13.98
21.2,5.199977521150865,21.04
16.666666666666668,21.369839936353117,8.39
21.95,19.45,47.46596535473573
20.383333333333333,25.741162168774622,30.33678639405407
12.05,10.45,1.88
19.6,20.383830577503335,12.39
17.166666666666668,1.033333,4.29
21.2,38.56261530852572,8.636352577891667
7.583333333333333,0.4666667,12.9
19.683333333333334,1.333333,1.92
18.98333333333333,7.283333,8.24
12.193301295267398,13.16667,11.07
17.8,19.504629407182136,6.31
20.766666666666666,3.816667,10.11
17.3,8.416667,8.11
18.566666666666663,15.15,3.58
20.816666666666663,14.13333,5.79
18.866666666666667,14.45,10.12
5.036923816212703,11.230954180852558,17.26
16.766666666666666,2.6,4.18
21.15,4.383333,4.27
16.95,15.73333,6.23
19.416666666666668,14.38333,17.53
22.316666666666663,6.916667,7.79
21.366666666666667,6.766667,19.59
15.666666666666666,18.991933363740777,5.74
22.33333333333333,13.226647836533491,18.48
17.233333333333334,8.2,11.79
19.133333333333333,11.66667,5.3
5.100000000000001,3.444729949699152,8.58
16.583333333333332,2.033333,35.20457967448747
21.15230584550057,96.47068332993057,4.36
18.08333333333333,13.23333,19.888529959351292
10.633333333333333,6.916667,5.54
21.6,11.43333,1.98
15.2,1.5,9.09
15.783333333333331,9.016667,4.61
16.516666666666666,8.066667,10.77
7.546371217577931,2.833333,9.792872185935266
21.65,53.579839129686825,6.67
16.2,13.53333,7.2
16.266666666666666,28.270362525750752,13.8
19.75,1.016667,2.47
18.65,11.0,2.46
17.083333333333332,15.4,8.68
17.216666666666665,20.246265656991383,2.1955597981461326
14.05,1.6874201931183501,11.95
11.066666666666666,5.5,10.19
15.416666666666666,5.866667,9.39
12.9,4.536659939687117,25.14903071020497
19.95,13.56667,9.34
16.4,9.7,3.29
22.23333333333333,1.0,1.27
0.6999999999999993,40.71667,39.70273441025522
8.616666666666667,7.716667,5.67
21.35,7.95,15.5
9.65,1.166667,2.9034735712083055
17.71700182477992,6.94825060308338,9.72
16.383333333333333,0.8166667,1.31
10.216666666666669,1.066667,2.08
19.133333333333333,10.267006125827429,34.68
16.116666666666667,5.75,8.64
20.916666666666668,1.75,3.48
0.8500000000000014,4.083333,1.8167131921369584
20.05,8.983333,9.57
16.783333333333335,1.433333,21.09
17.883333333333333,11.84059839590012,16.0
0.3000000000000007,0.6333333,5.55
20.666666666666668,110.02915440695845,16.33
22.75,14.61640013724148,12.42
19.25,64.69035109573822,12.05
17.083333333333332,14.98333,12.24
0.5333333333333314,13.55,5.54
20.366666666666667,16.55,25.39730606945697
20.95,3.066667,2.68
13.933333333333334,13.08333,10.24
17.083333333333332,1.966667,1.44
10.728114166034599,15.03333,1.69
22.45,14.43333,16.68
15.2,3.736753765915771,5.656510286896955
19.6,15.61667,9.91
0.11666666666666714,66.22876197998606,23.77940207252512
12.2,2.85,11.68043083603261
21.166666666666668,14.75,44.94611514309421
18.966666666666665,2.2307016199529888,6.86
20.633333333333333,0.5077257877809158,1.03
19.9,25.501156599818206,21.526852773646826
21.016666666666666,11.8,4.59
21.433333333333334,27.282792886798326,31.734271758433895
22.78333333333333,22.91667,16.19
13.233333333333333,0.8166667,0.77
12.35,5.65,8.04
15.766666666666667,10.0,9.79
14.633333333333333,1.8,6.96
19.066666666666663,3.5,8.04
15.3,12.41667,12.16
17.283333333333335,1.966667,13.68472365176305
15.533333333333331,10.18333,20.020904061156326
17.166666666666668,3.15,7.06
12.783333333333331,0.7333333,5.53
21.316666666666663,7.616667,17.36
16.783333333333335,18.65,10.39
17.683333333333334,14.76740689630363,12.31
22.016666666666666,13.61667,5.78
5.453023885462606,1.633333,1.78
11.8,67.33515186991342,6.38
0.3500000000000014,12.2,19.85
17.266666666666666,0.65,2.9
7.25,1.733333,2.002782509585377
8.283333333333333,0.2,0.88
13.65,2.766667,10.72
15.7,9.016667,21.09
15.466666666666669,8.558395593542711,17.17
18.1,45.96952083515426,8.95
12.366666666666667,1.883333,2.76
21.133333333333333,3.466667,17.8
15.066666666666666,18.33333,16.176616306221113
19.566666666666663,15.16667,27.0
19.0,1.283333,11.37
14.75,13.73333,24.94450964712538
19.454838005584797,13.35,5.30953956434899
17.5,14.43333,10.19
11.85,12.41667,7.13
16.4,11.157383817121625,3.36
19.73333333333333,12.377972241310394,14.4
21.883333333333333,2.8,14.29
8.35,9.283333,13.1
19.133333333333333,9.15,17.342324338317848
18.416666666666668,2.6,12.664243736590725
13.95,2.416667,2.366978968477575
11.583333333333334,2.316667,5.48
22.183333333333334,21.51667,3.8
16.666666666666668,17.21667,4.97
16.483333333333334,5.116667,6.13
16.316666666666666,18.01408572091775,7.3
14.483333333333333,12.05,11.594943317673168
17.816666666666666,1.8,1.4378169774566776
13.583333333333334,24.254629574843577,6.18
20.58333333333333,14.98333,28.10379444240709
22.516666666666666,9.05,10.02
15.85,9.916667,3.34
18.195983737682397,1.95,8.137163262341637
21.416666666666668,4.0,14.29070961353369
20.4,1.933333,1.52
10.266666666666667,16.01667,2.5409919940913097
9.033333333333331,9.05,5.32
22.1,15.0,2.135010729066562
18.1402529594503,14.93333,9.848298657180276
15.383333333333333,40.65,7.93
10.183333333333334,1.083333,3.31
18.6,22.96667,8.5
23.883333333333333,12.8,12.49
18.266666666666666,14.88333,30.15256746924715
15.833333333333334,14.05,17.49
23.48333333333333,4.270974126224089,12.680254841453861
17.466666666666665,0.55,1.92
0.5833333333333321,4.666667,11.74
22.3,8.3,14.9
16.15,11.148692545962545,8.97
16.016666666666666,13.01667,8.07
9.3,3.366667,3.46
5.720088354890567,14.43333,42.241766788251695
19.35,15.458312435323979,1.92
16.05,11.56667,10.42
22.338393378895606,2.010560911982446,3.51
18.03333333333333,12.73333,7.66
0.5333333333333314,44.63070606322354,8.15
22.516666666666666,0.7666667,1.2
20.3,16.98333,7.3
19.366666666666667,12.21667,5.97
19.23333333333333,11.783318087850315,5.67
11.933333333333334,8.033333,2.62
21.416666666666668,3.983333,7.499378960360773
21.3,13.26667,9.53
16.766666666666666,14.2,2.54
21.2,15.01667,11.07
19.55,10.20826637710441,13.329079819582402
22.016666666666666,39.71667,27.79
19.0,1.05,1.22
20.53333333333333,11.23333,21.95
21.4,9.4,16.42
17.833333333333332,17.36667,22.73
14.933333333333334,8.617166525503713,5.180088052833453
3.4333333333333336,10.0,10.62
19.633333333333333,2.15,3.64
17.383333333333333,13.71667,8.76
10.916666666666666,10.93333,7.64
13.85,22.98333,2.49
22.45,8.8,18.88
15.85,2.85,1.21
20.33333333333333,2.483333,1.93
19.03333333333333,12.346244583964534,10.32
15.116666666666667,4.383333,8.284939092136918
20.15,45.348900501971364,15.06
4.816666666666666,16.9,17.63
18.75,14.91667,8.1
15.883333333333333,0.7833333,3.53
22.45,48.43552103199084,23.25
4.016666666666666,6.466667,6.98
16.516666666666666,2.633333,25.08
20.316666666666663,7.476524802061387,19.8
20.45,10.896751309413851,13.08
21.55,13.4,36.1
23.866666666666667,11.11667,4.75
19.1,15.83333,9.31
16.216666666666665,15.3,19.31
11.133333333333333,14.53333,35.25915208217222
20.08333333333333,24.98401298501479,10.6
20.83333333333333,35.69343657789237,13.72
19.83333333333333,2.6697627651362255,3.77
19.366666666666667,14.66667,32.51
15.066666666666666,1.316667,11.49
18.95,19.96667,7.554675508416257
19.1,12.88333,12.78
16.333333333333332,43.3087664361645,5.7
16.75,19.59579043929602,12.01
19.9,13.86667,8.06
10.9,14.38333,3.54
17.15,7.016667,6.350578734569717
19.80276498710203,36.11580848301078,8.0
13.55,13.8,15.4
17.866666666666667,23.902125742203783,17.73
17.366666666666667,13.08333,8.95
21.98333333333333,15.51667,13.64
13.466666666666669,40.46442480865476,11.93
4.399999999999999,50.93333,4.11
13.166666666666666,23.263356970515908,12.64
21.666666666666668,14.86667,7.19
17.783333333333335,11.75,23.572019819046837
19.75,13.968054234607258,8.27
15.55,17.46601211579299,26.431099452653434
17.733333333333334,15.69361,26.506930632654115
20.53333333333333,9.916667,56.88779451581184
11.383333333333333,6.933540500320094,6.44
23.98333333333333,22.201491118357783,11.47
12.583333333333334,0.19229098946645215,2.26
19.116666666666667,13.66667,13.21
18.316666666666663,2.0,6.3
3.9833333333333343,9.706084132549051,3.12
23.25,3.633333,16.46
1.9748386201046166,0.3666667,0.92
15.25,19.51667,7.23
14.55,5.466667,9.01
20.78333333333333,9.633333,10.94
19.33333333333333,12.916258389926815,25.13277011271799
20.919014409647694,5.066667,8.73
20.73333333333333,15.31667,8.78
15.916666666666666,14.66667,19.04
17.283333333333335,18.3,2.41
14.833333333333334,3.616667,40.03353590083542
17.133333333333333,8.983333,9.91
13.25,3.583333,9.04
16.666666666666668,13.2490291348526,39.73652833836153
21.48333333333333,12.374555988190947,8.835971670341678
17.916666666666668,15.16667,9.95
0.03333333333333144,11.06667,12.72
23.15,2.4,4.16
17.5,2.033333,47.89
15.966666666666669,5.466667,2.26
14.35,13.099620801109609,20.29
14.6,9.9,2.04
17.1,0.8500243400146654,10.37
15.683333333333334,18.13333,14.52
22.866666666666667,1.033333,2.41
14.933333333333334,11.73333,10.0
22.75,19.03333,32.386711274604316
13.566666666666666,8.701708945006219,45.94
17.516666666666666,14.41667,19.4
20.916666666666668,8.266667,9.72
10.233333333333333,2.116667,1.97
8.364749374619471,16.924548020626148,12.846855399420019
13.780714687572615,21.486533583249322,10.588040862183552
7.966666666666667,0.8318060343902741,4.91
7.016666666666667,0.7833333,6.46
19.8,1.316667,3.27
10.95,19.8,2.08
13.866666666666667,3.55,4.33
21.316666666666663,9.85,4.29
15.266666666666667,4.733333,3.3
15.066666666666666,16.33333,7.2
19.616666666666667,2.733333,7.07
23.183333333333334,15.06667,26.53
22.466666666666665,13.7,7.67
23.616666666666667,13.68446063555362,12.61
11.633333333333333,12.41667,3.72
18.53333333333333,15.18333,12.61
10.533333333333331,0.45,2.03
16.166666666666668,12.4,20.19
21.73333333333333,0.9,16.44
12.95,14.13333,4.12
2.1999999999999993,12.26667,13.2
11.833333333333334,12.51667,13.66
17.95,20.21667,7.46
16.766666666666666,10.34583,7.48
15.166666666666666,1.116667,15.91
18.566666666666663,3.083333,36.05194975773804
19.83333333333333,13.01667,17.05
20.33333333333333,16.0,11.76
21.8,16.18333,3.410173036735505
18.966666666666665,14.93333,15.75
17.816666666666666,0.8432262228432823,2.468347723570187
20.58333333333333,18.768541867009162,7.12
15.883333333333333,3.1460769695538016,25.13437070902437
23.4,14.43333,7.5
17.666666666666668,9.516667,2.24
7.816666666666666,7.683333,5.760065627805888
22.716666666666665,1.25,10.29
20.85,19.86667,20.19
17.566666666666666,45.99462703494387,17.56
3.333333333333332,16.63333,4.94
18.53333333333333,16.33333,43.64601919770241
17.366666666666667,62.95459550430103,11.33
17.65,6.3,6.6116575050144455
16.483333333333334,0.4833333,4.93
17.65,14.760633330203976,4.272510105334222
17.9,1.633333,3.78
21.666666666666668,1.5865816111663205,5.22
15.516666666666667,4.733333,30.82430826186901
0.6410267229497535,6.933333,20.15
18.916666666666668,5.816667,17.03
17.216666666666665,14.55,49.27111457991414
16.516666666666666,1.25,3.18
18.616666666666667,9.566667,21.7
16.283333333333335,17.05,8.86
14.773727160450168,1.1516692492841702,6.506878411537036
15.45,38.59943986217782,14.942399571172427
15.3,12.96667,3.655705813974142
21.816666666666663,7.85,4.95
15.183333333333334,16.75,7.42
23.03333333333333,13.324039734689453,15.608975145306903
20.816666666666663,12.645981604848773,8.38
22.716666666666665,2.033333,3.653
15.966666666666669,23.06707337930452,6.1
12.816666666666666,1.683333,2.75
15.783333333333331,14.05,9.62
1.0500000000000007,18.339654074956524,15.241693440382369
15.766666666666667,18.26667,4.25
18.95,9.949237870905035,15.59838442604523
22.016666666666666,16.642364855955588,15.35
18.633333333333333,0.5666667,4.3
14.816666666666666,8.73244010926442,8.12
3.7833333333333314,17.36667,26.778420149753803
21.016666666666666,16.13333,23.38
19.2,11.38333,11.75
15.25,17.5,2.97
15.966666666666669,44.835571092276325,17.44
17.1,8.2,11.96
17.9,12.48036730002933,18.03
18.2,0.9530556,2.97
14.066666666666666,12.51667,8.19
14.683333333333334,34.018510040426854,4.43
23.933333333333334,3.333333,17.19
20.666666666666668,2.4,4.43
13.816666666666666,19.377547894801097,10.35
15.716666666666669,8.983333,3.75
18.383333333333333,39.35045384460135,13.97
16.016666666666666,11.48333,17.33
20.066666666666663,13.15,24.31
20.883333333333333,19.3299684274989,12.21
16.933333333333334,5.566667,7.6
6.863164315399384,0.7666667,6.48
19.616666666666667,4.216667,1.18
22.4,1.0750034685185803,2.62
0.38333333333333286,15.56667,17.18
16.933333333333334,16.24864676933897,5.89
0.7333333333333343,10.95098221802092,22.73
16.9,63.08614820572764,5.12
10.483333333333333,5.233333,50.027834660662336
20.816666666666663,18.78333,8.39
19.58333333333333,15.48333,10.97
23.433333333333334,0.3826065771952961,2.3
14.916666666666666,12.176414379816416,2.73
21.8,16.16667,20.42
22.1,63.75,10.36
17.483333333333334,14.28333,6.49
21.7,19.01667,8.83
21.116666666666667,9.232814773072272,10.27
19.48333333333333,20.41667,9.99
14.733333333333333,21.68333,19.056227358991745
9.85,1.2120612863110003,7.25
23.73333333333333,10.38333,12.952369506566319
19.53333333333333,26.47778651213678,6.54
16.466666666666665,8.966667,22.91
15.616666666666667,9.45,7.49
17.4,14.33333,4.03
22.766666666666666,9.766667,11.85
20.616666666666667,14.58333,14.114063605114351
23.25,55.4417939517976,54.15784303053981
22.716666666666665,19.73333,10.76
15.583333333333334,1.15,1.79
15.2,1.116667,61.37
22.53333333333333,11.06667,10.84
0.5666666666666664,38.23458272156033,30.08
12.783333333333331,7.966667,14.29
18.15,8.066667,10.62
2.1000000000000014,6.116667,15.370436830404214
23.716666666666665,42.955310004512455,5.64
17.016666666666666,11.300609816016026,12.63
20.25,1.0811511740517084,6.07
19.433333333333334,2.25,4.71
16.666666666666668,2.1,5.67
12.116666666666667,1.766667,9.17
16.816666666666666,20.385396706755934,3.42
22.416666666666668,12.396465235308078,8.71
15.683333333333334,9.066667,8.85
14.05,11.16667,4.19
20.23333333333333,1.516667,5.8
15.083333333333334,0.7925804484291391,1.23
18.383333333333333,38.55,5.23
23.65,11.278419409591637,12.5
16.4,18.41667,39.27074060658226
17.15,16.98333,25.26
12.1,9.333333,15.08
15.466666666666669,13.41667,9.24
15.54836310432535,1.5800179575932936,26.3
15.433333333333334,10.913412801986846,23.0
15.95,15.33333,13.0
17.833333333333332,4.513820203540499,4.09
16.683333333333334,16.68333,8.04
22.6,9.183333,25.043816508462186
14.883333333333333,16.9,7.46
21.433333333333334,26.453564421203378,16.17951114573516
19.48333333333333,5.466667,19.24
15.866666666666667,11.66667,4.32
15.05,12.6,5.88
20.16338494185232,11.9,13.32
16.15,12.929514502691815,8.65
18.266666666666666,5.766667,3.130221269556787
4.033333333333331,9.65,14.53
19.55,16.79316653288997,15.4
12.166666666666666,8.05,5.07
9.3,14.06667,12.844662410269956
16.25,25.294657481228334,9.02
15.516666666666667,17.357792346164413,14.35
16.933333333333334,14.03333,15.42
22.883333333333333,15.81667,7.51
17.083333333333332,8.633333,13.56
16.95,14.83333,25.99757729443954
22.316666666666663,0.35,6.76
8.1,2.3,17.46
13.15,8.583333,3.76
13.9,15.11667,7.24
3.430709339019085,10.842827368552262,7.85
10.55,1.216667,10.03
21.2,14.0,31.479075053776615
20.866666666666667,46.98990270237946,84.70994239172899
15.183333333333334,19.35,7.52
14.783333333333331,1.883333,4.72
14.225324808654356,12.76667,11.1
16.366666666666667,0.2166667,0.53
20.466666666666665,6.9782090094819935,8.13
23.566666666666663,3.216667,8.25
4.433333333333334,15.33333,17.04
15.866666666666667,4.783333,6.6
22.683333333333334,14.358216701153589,4.304809415162541
19.73333333333333,13.560032976882122,6.81
20.23333333333333,10.964618221541375,7.99
20.166666666666668,11.63333,10.813530240075197
14.733333333333333,10.25,16.52
14.0,11.95,9.16
20.066666666666663,10.1,13.69
12.616666666666667,5.483333,36.17017667115666
18.366666666666667,4.683333,7.97
18.98333333333333,11.609916061671045,23.7619782474963
20.964845729425722,11.16667,13.1
18.866666666666667,4.28406942991665,4.4
20.866666666666667,7.6,5.53
22.366666666666667,18.2,13.8
4.416666666666668,18.76667,12.43
21.23333333333333,12.033794601207925,37.2790255826246
18.611696957522753,14.51667,47.88366136209807
4.0,2.283333,17.97
16.666666666666668,3.9166783497808013,10.5
18.883333333333333,15.801813046151848,12.680624480512924
15.6,0.9166667,6.281644695559517
22.633333333333333,1.733333,4.24
17.066666666666666,9.25,12.078764240555465
17.033333333333335,22.3,21.86
21.383333333333333,18.8,9.79
14.733333333333333,8.007904055660756,9.88
20.08333333333333,24.75,7.02
19.7,11.13333,5.83
20.45,16.05,12.27
19.8,10.34583,16.44
16.016666666666666,5.433333,41.4318702765787
22.066666666666663,10.2,3.98
15.533333333333331,10.16667,3.34
12.8,1.133333,4.0
13.783333333333331,16.81667,36.75381220837124
14.816666666666666,1.916667,15.772575701351743
18.916666666666668,20.76667,15.76
18.0,15.51667,7.76
15.016666666666667,13.26667,7.46
16.45,14.08333,5.56
17.183333333333334,3.42618556441942,5.48
15.983333333333333,20.51667,1.23
21.7,2.3359658378560106,5.652681459637825
17.266666666666666,14.51667,2.54
20.666666666666668,1.133333,2.98
23.53333333333333,22.68333,7.63
15.866666666666667,4.569324966204422,6.68
14.7,4.483333,6.93
16.833333333333332,18.73886022893211,10.08
20.53333333333333,13.01667,20.28
20.116666666666667,14.68333,22.99356994573027
16.316666666666666,0.15,0.65
21.383333333333333,13.95,56.5844148117071
21.78333333333333,7.483333,22.09
19.166666666666668,15.16667,49.08387585591525
18.78333333333333,15.01667,5.52
12.433333333333334,3.416667,5.610449089389295
14.966666666666669,16.21667,39.27819128881907
15.75,5.757922010260576,2.571972942240536
18.683333333333334,1.916667,4.53
20.941520188759995,9.55,4.81
22.3,5.5,15.96
21.116666666666667,10.46667,9.342752708336338
15.733333333333333,14.25,10.29
16.413701891771538,3.683333,12.44
21.48333333333333,1.9960062705938446,2.4
14.8,12.33333,5.97
19.883333333333333,17.6,22.212279994264247
22.15,8.516667,11.71
18.48333333333333,20.85,19.85
4.183333333333334,4.5,2.95
19.35,7.3,51.052617501246274
7.7,1.0,21.77665410138201
11.366666666666667,5.883333,5.88
22.1,18.53333,6.29
16.3,8.816667,6.96
23.166666666666668,10.46667,12.113353633393999
16.05,15.1,4.59
8.3,0.65,6.51
1.8999999999999986,2.116667,3.85
12.15,1.383333,6.971678339275531
17.65,16.15,33.49
16.05,15.11667,3.87
22.33333333333333,14.73333,13.32
4.933333333333334,6.2815105857216516,40.61320069843671
19.35,2.3089275933443076,40.88744335852796
3.787420263227247,12.9,17.22
14.489805589030826,13.16667,6.12
16.866666666666667,12.1,1.6
21.05,12.43333,9.83
8.844038366101934,1.616667,5.44
15.15,13.96667,8.93
20.15,26.439798812364035,17.1
16.116666666666667,3.466667,2.35
16.65,22.5,9.76
16.433333333333334,11.03333,22.6
4.266666666666666,2.633333,3.4
19.016666666666666,14.76667,38.39118778194301
16.816666666666666,46.43800263546307,6.29
16.05,18.637685465001844,22.61544830892235
16.766666666666666,16.35,4.2
18.516666666666666,42.313899531954156,8.75
16.983333333333334,4.35,23.08
19.216666666666665,6.3,3.87
21.266666666666666,2.15,11.62
17.283333333333335,9.836893769436813,3.77
19.066666666666663,40.80022015320308,18.59
7.416666666666667,0.41150323179365655,4.65
13.35,2.033333,3.11
11.833333333333334,12.83333,14.55
19.08333333333333,40.153805801168446,21.61
22.45,15.75,26.373395795575345
15.554015230851656,8.55,11.91
18.08333333333333,6.416667,4.86
19.066666666666663,3.867061647622826,4.15
16.05,1.420906715893966,2.3949338155589066
16.4,1.633333,9.31
22.8,10.63333,30.205274704147595
16.433333333333334,1.35,11.46
11.916666666666666,0.7333333,1.08
19.616666666666667,20.76667,12.05
2.4990399603251703,4.6,15.29
22.933333333333334,14.9,6.36
22.266666666666666,13.38333,2.16
18.633333333333333,10.3,3.34
18.683333333333334,39.238810014878005,14.77
15.416666666666666,16.7,2.45
14.260304341884815,13.71667,11.11
16.0,0.8833333,2.519597177747637
22.9,5.516667,5.34
22.58333333333333,14.16667,24.709320890640374
20.916666666666668,17.53333,9.08
19.1,11.23333,5.34
14.7,14.18333,11.436272946102545
16.416666666666668,12.45,6.15
21.416666666666668,14.33333,20.117287892873865
20.7,19.03333,35.41045757091138
17.933333333333334,15.705592489759916,28.46
2.333333333333332,4.966667,4.93
17.516666666666666,13.365006420067331,4.38
22.316666666666663,69.1667459799939,29.218943433421664
18.133333333333333,13.16667,24.009785876348616
20.466666666666665,14.46667,22.325378959949592
21.166666666666668,13.78333,7.88
16.716666666666665,14.85,6.93
18.75,6.116667,6.66
18.383333333333333,1.8640425484765148,2.25
15.566666666666666,0.7833333,1.2086144686280749
14.216666666666669,6.433333,6.27
1.6333333333333329,21.75,18.89
23.53333333333333,16.58333,5.312707088098396
19.05,14.05,18.29
17.183333333333334,15.68333,4.9
6.233333333333333,0.1833333,0.87
7.366666666666666,22.81667,9.18
21.2,7.85,22.784558824524282
21.3,119.7631651490172,3.69
0.6999999999999993,11.65,11.67
17.233333333333334,11.56667,26.99
15.383333333333333,2.233333,3.34
17.466666666666665,1.116667,1.2266807108046487
22.966666666666665,59.81994403530443,4.94
17.183333333333334,13.2,4.38
10.6,14.33333,7.58
15.466666666666669,16.082779093215617,37.27
19.516666666666666,13.08333,17.16
15.55,11.82450350917342,17.37
16.35,16.659964890893747,4.480275161044207
16.516666666666666,11.95,11.6
22.73333333333333,0.5333333,0.76
17.483333333333334,20.13333,16.0050211161864
22.7,5.816667,6.43
22.55,2.283333,28.836262174253353
14.7,7.616667,5.634824975747615
23.54766360710928,5.8097105080313876,12.29
22.01939285046586,77.47335086698156,7.74
14.533333333333331,21.26667,13.42
19.95,24.594801056747833,5.68
13.683333333333334,43.85463195764221,20.207726674010047
19.616666666666667,18.0,28.71
20.2,14.104543659249495,23.82
17.7,0.333485599896676,0.95
18.866666666666667,49.21085687383212,5.69
19.3,1.25,3.47
0.3658647871610192,17.93339085993359,8.45
11.85,0.8166667,2.19
22.53333333333333,20.05,3.26
21.683333333333334,67.04164514612226,11.83
18.616666666666667,15.75,18.780981323714368
17.625742755470856,13.48333,21.45
20.716666666666665,8.482912349923986,8.65
18.566666666666663,4.466667,19.80786144319922
19.683333333333334,11.441748882537768,21.070487069487573
22.566666666666663,39.1818382919132,11.89
12.3,17.56786140244526,10.5
15.616666666666667,13.55,12.05
20.316666666666663,1.416667,4.85
14.7,1.583333,35.870756397898305
11.15,1.383333,2.13
15.566666666666666,18.99718565389353,7.73
7.716666666666667,1.366667,7.7
6.233333333333333,11.8,15.6
17.116666666666667,8.45,10.54373239981709
15.6,13.35,9.42
19.25,60.45,8.805285712217447
23.004909134361757,13.78333,7.94
1.9666666666666686,14.15,25.96
15.566666666666666,2.183333,12.19
0.8166666666666664,13.21667,4.95
15.6,4.233333,3.79
22.5,11.45,5.83
13.2,4.316667,6.91
16.05,16.3,15.952753727475647
22.55,14.05,16.08182349431794
15.716666666666669,9.221126105960906,1.64
13.116666666666667,12.58333,13.42
19.316666666666663,1.55,2.77
3.116666666666667,10.45,16.88
14.75,0.7333333,8.91
18.0,1.016667,8.13474202787038
20.3,19.21667,15.54
18.816666666666663,25.35,13.65
0.14999999999999858,17.05,26.36
17.833333333333332,11.98333,11.393462780851406
12.7,22.48333,4.62
15.85,13.76667,21.7
21.966666666666665,13.35,14.72
22.15,15.66667,21.106760564893484
19.03333333333333,10.48035945105564,8.51
16.4,3.6,7.6
21.016666666666666,11.287278249283613,2.69
16.75,4.316667,16.31
20.633333333333333,12.36667,6.72
13.766666666666667,18.3,48.62237339753657
3.3866217010086963,16.01667,24.17
18.716666666666665,11.21667,22.77
20.33333333333333,2.7588729227918223,15.6
18.133333333333333,0.3978213947489437,16.1
19.183333333333334,9.183333,31.404408747320993
18.1,11.13333,10.2
19.45,17.159016191584623,13.39
15.316666666666666,3.183333,5.06
17.2,22.13333,10.95
18.0,61.149392471677636,14.978913461132906
16.283333333333335,9.55,21.73
19.08333333333333,4.85,4.34
8.983194503451521,3.583306330078649,5.44
14.466666666666669,2.366667,5.98
20.25,12.21667,10.95
23.133333333333333,19.61667,17.04
0.43333333333333357,11.25,23.83
21.8,14.91667,13.2
18.266666666666666,13.48333,7.43
22.65,2.7,18.58
18.766666666666666,1.666667,4.32
16.383333333333333,5.15,7.34
20.15,12.13333,10.13
15.583333333333334,16.21667,11.67
15.783333333333331,4.144286154453344,11.91
15.033333333333331,16.81667,18.46
17.166666666666668,9.2,11.47
23.58333333333333,9.995592413617953,7.21
19.05,15.3,27.29
23.566666666666663,11.59113720234572,60.675756061002616
17.35,1.433333,4.87
15.416666666666666,1.466667,8.78
17.533333333333335,15.78333,28.21308770521544
17.233333333333334,6.433333,11.292768518605735
21.23333333333333,15.6,5.39
17.05,41.638277163260085,12.0
16.6,23.5,7.90073041836964
17.466666666666665,13.66667,3.35
2.2166666666666686,13.26667,19.184117717419287
0.3000000000000007,4.05,27.16
2.4009822803268115,13.45,7.51
16.233333333333334,12.13333,5.86
4.616666666666667,3.3,12.266788481813855
18.0,9.775759895401471,11.58
19.95,18.00451702152621,18.803576307878828
13.383333333333333,2.333333,24.9
17.366666666666667,17.81667,13.11
20.304184402366808,38.30077981950005,12.11
12.033333333333331,7.6,10.492542729435954
21.933333333333334,22.739715015485316,18.55
18.35,16.01667,8.24
19.366666666666667,4.183333,6.79
19.23333333333333,20.09874812690306,18.6
14.183333333333334,33.43509705285903,4.71
19.58333333333333,13.98333,7.76
17.866666666666667,14.408186435084154,8.34
16.716666666666665,15.95,7.13
15.533333333333331,11.33105413769484,13.51
15.266666666666667,14.63333,6.4
14.516666666666667,0.4528963028877416,5.19
13.652263404959134,2.033104971867271,9.23
15.516666666666667,1.333333,3.4
16.883333333333333,9.083333,13.41
20.683333333333334,1.816667,18.73
15.866666666666667,1.216667,10.66
20.58333333333333,11.28333,3.23
21.03333333333333,23.38333,10.33
15.183333333333334,12.4,16.68
13.433333333333334,0.2166667,1.0
17.933333333333334,4.033333,6.78
14.814831334927295,15.13333,32.218111003923696
14.616666666666667,19.03333,6.62
18.683333333333334,14.7,3.21
4.466666666666669,15.36667,6.3
1.3000000000000007,2.9,3.61
20.416666666666668,21.20061861973935,17.63
15.833333333333334,42.07303764347831,17.55
15.333333333333334,0.5,6.79
17.016666666666666,8.5,9.79
5.133333333333333,7.416667,11.69
14.983333333333333,12.33333,5.87
23.183333333333334,22.98333,21.9
19.866666666666667,24.16780090314478,4.98
14.783333333333331,2.316667,5.01
11.433333333333334,1.7,5.29
17.0,17.75,33.28505500616273
17.5,20.78333,3.76
17.983333333333334,21.25,34.17
22.433333333333334,17.85,5.9
22.516666666666666,5.53236955857437,17.310313879298047
11.966666666666669,1.7020512096262443,2.43
11.466666666666669,1.066667,4.43
1.4166666666666679,15.11667,39.36156675028382
21.316911017730305,13.47006439507508,20.92
11.366666666666667,17.65,3.92
15.05,20.83972,11.38
21.216666666666665,4.1152959940303875,7.54
19.766666666666666,1.55,7.21
22.83333333333333,15.05,30.15
14.55,13.21667,8.92
21.8,87.93348894965976,7.8
1.8999999999999986,17.35,22.84
18.25,19.3,7.02
17.883333333333333,8.45,16.31
23.08333333333333,4.116667,29.246887197264005
15.916666666666666,18.93359055239287,8.96698262118036
9.45,37.33863795405809,33.29
15.45,1.316667,1.11
14.283333333333331,15.01667,1.87
13.216666666666669,12.63333,5.89
10.5,0.9666667,3.18
18.2,4.266667,24.61
11.516666666666667,12.81667,13.679039468616248
13.916666666666666,14.95,10.76
18.366666666666667,15.0,17.76
14.6,3.133333,19.689904536602555
8.146548352101915,12.35,11.1
17.1,9.179769188949384,3.33
11.383333333333333,1.833333,45.867027096799575
14.9,1.966667,3.79
19.45,38.85,11.29
15.616666666666667,13.65589430141487,5.97
15.6,4.816667,27.51137446885463
16.866666666666667,0.8666667,1.54
22.866666666666667,16.26660270196651,13.51
10.466666666666669,2.366667,6.85
13.566666666666666,18.08333,5.106694042121526
14.05,10.11667,29.883662472818976
21.85,2.716667,34.79678810524754
22.65,4.65,17.63
22.683333333333334,13.75,36.33
17.866666666666667,12.65,7.154233587791678
17.0,14.930514368717438,20.15976237633964
17.3,15.08333,18.59
19.05,11.56667,33.431903409063814
19.416666666666668,21.11667,22.46
17.383333333333333,20.25,16.5
21.25,22.36667,8.6
22.6,16.661876080903536,25.04
21.98333333333333,37.774306530153986,12.71
19.940428188356357,13.23333,14.38
14.933333333333334,14.61667,9.598818399305456
14.85,44.397739288460386,61.42733594165183
19.45,1.0,7.253165650430601
18.95,7.383333,5.06
16.45,15.35,3.38
22.416666666666668,13.933677182170047,27.738844702602364
17.0,8.496683627380659,4.78
15.916666666666666,12.45,1.2246584924473427
11.483333333333333,1.35,5.77
18.7,5.65,9.83
16.516666666666666,2.883333,5.53
23.75,10.38333,8.77
21.816666666666663,18.58333,12.39
23.217875490305108,19.6,16.52
12.75,10.5,3.05
15.483333333333333,4.333333,8.39
14.266666666666667,15.86667,3.43
2.7215454562358623,20.76667,20.15
12.333333333333334,3.983333,8.33
15.816666666666666,7.016667,9.91
15.933333333333334,3.3675110732195233,16.933641338669695
13.366666666666667,3.115058478318389,22.35
20.316666666666663,10.367870730941513,34.645193870423824
21.05,5.729724878401208,8.07
22.016666666666666,15.2185703495678,24.57
19.65,2.2,2.6
20.216666666666665,4.233333,17.35
1.8000000000000007,10.434472832526193,14.55
14.4,16.21667,6.46
17.55,16.63333,12.41
11.5,12.650237708504473,7.32
7.75,10.43333,16.65
12.583333333333334,0.95,2.86
11.116666666666667,17.71667,16.01
8.55,0.2666667,5.15
13.183333333333334,0.14744344025835376,0.734671327045653
11.466666666666669,20.51667,13.98
15.766666666666667,2.4,6.55
12.166666666666666,16.6,22.17
16.766666666666666,15.45,12.95
16.933333333333334,7.583333,4.565283440419007
11.483333333333333,12.05,11.23
19.183333333333334,17.073697500855825,8.11
13.466666666666669,5.0,9.09
19.6,1.216667,1.48
17.35,19.686115193383323,2.42
3.633333333333333,17.23333,15.695719063908326
20.3,0.9666667,2.36
14.016666666666667,22.36667,20.3
11.4,11.88333,6.01908428461058
22.28333333333333,1.85,3.87
16.1,16.63333,12.13
17.9,15.78333,9.79
19.9,3.8,6.38
12.75,1.8106559478616124,17.93
16.716666666666665,8.066667,7.78
18.25,3.083333,2.63
16.216666666666665,11.465850951678625,21.5073182792007
14.05,15.521270517627116,3.3350719976238907
0.46666666666666856,14.25,20.861030245975126
21.383333333333333,19.33333,14.11
13.7,14.13333,11.56
17.566666666666666,9.284015284535608,15.18
18.25,11.3,5.37
20.116666666666667,1.3,6.44
20.55,8.816667,38.38069404202048
18.8,3.933333,4.35
16.8,1.4195807356823609,6.36
10.783333333333331,12.224326359073673,19.384868904771285
22.33333333333333,12.766104517522509,19.159354109466076
16.733333333333334,5.509044753633759,8.35
1.0500000000000007,10.2,28.171524061346428
21.05,10.56667,5.2
17.1,11.01667,4.36
14.25,10.45,8.06
10.733333333333333,0.5,2.49
17.133333333333333,4.466667,14.19
16.166666666666668,3.8,3.83
17.35,14.86667,6.67
20.6,8.056988151572021,7.75
18.73333333333333,10.26667,15.96
0.8000000000000007,14.743298637976142,12.67
20.73333333333333,15.487987743195959,10.97
23.83333333333333,13.73333,22.439962082302664
23.716666666666665,5.75,15.56
14.916666666666666,13.31667,6.07
14.75,12.841602836013694,8.39
20.2,13.65,9.39
12.566666666666666,0.25,2.800702484818175
23.35,15.38333,9.95
16.4,1.416667,24.01
2.3999999999999986,17.3,12.94
23.73333333333333,13.51667,31.36
20.6,9.716667,15.26
19.28333333333333,2.162339346398119,15.42
17.833333333333332,17.36667,5.921454843406099
16.633333333333333,3.932035336093517,1.31
16.45,3.05,19.9
18.9,11.35,18.96
16.316666666666666,14.15,7.29
11.133333333333333,1.641354601168129,8.61
21.616666666666667,12.349896878119615,17.04
21.08333333333333,9.5,4.6
16.1,7.733333,10.18
18.183333333333334,0.8833333,6.44
17.933333333333334,13.25,8.07
14.1,22.98333,8.04
20.45,0.6,0.83
19.416666666666668,6.516667,22.53
15.6,4.766667,6.11
23.23333333333333,1.183333,5.5
16.2,18.4,17.17
14.783333333333331,14.58333,4.03
21.35,17.85,29.002542015435175
1.0,7.65,6.8
22.416666666666668,18.63333,6.8
15.966666666666669,5.533333,8.49
18.78333333333333,8.748304318991023,9.5
15.966666666666669,14.53333,25.06
20.3,2.1,4.71
19.75,17.13333,11.73
23.266666666666666,16.35,44.12272364650154
15.916666666666666,3.65,11.2
14.516666666666667,8.85,5.71
21.933333333333334,20.61667,9.52
15.233333333333333,14.63333,17.79
11.814797169677817,0.7044782254154969,5.78
20.75,11.13333,17.16
17.716666666666665,13.91667,6.34
22.566666666666663,9.184133846466164,10.6
22.816666666666663,0.8666667,16.9
22.416666666666668,0.4166667,4.41
13.933333333333334,3.935740683514556,7.5
12.333333333333334,12.18333,5.92
15.466666666666669,9.4,4.79
18.95,14.05,12.22
20.85958537783833,11.869423340949972,8.94
0.8166666666666664,11.85,20.13
14.933333333333334,12.85,3.14
22.133333333333333,13.83333,25.41
12.216666666666669,24.13333,9.2
14.25,14.302417275722808,12.72
15.066666666666666,3.416667,0.72
22.133333333333333,39.99717435990765,17.35
12.7,2.066667,14.923840391074773
17.133333333333333,13.75,9.05
16.6,23.53333,10.59
19.53333333333333,14.716691114302227,6.33
13.266666666666667,77.49178669435432,6.36
17.533333333333335,17.81667,7.88
20.45,15.65,8.0
21.65,3.35,2.59
9.816666666666666,1.566667,5.34
20.05,3.883333,9.25
2.6000000000000014,15.6,3.24
15.133333333333333,19.65,6.69
11.733333333333333,16.66667,19.69
14.333333333333334,13.9,26.901043657730334
8.55,1.0,3.88
13.033333333333331,10.6,48.8
17.95,11.966840453671818,12.89
19.95,13.916184844463501,4.02
22.0,12.3,7.13
9.834290331250426,1.066667,8.96
7.366666666666666,0.843730824878251,2.79
18.15,5.166667,9.1
20.966666666666665,0.801174590376803,7.19
21.48333333333333,86.43333,5.5
21.466666666666665,15.38333,24.476595028718002
22.98333333333333,16.55076509750229,14.96
20.966666666666665,1.2,5.52
21.683333333333334,15.63333,6.43
17.283333333333335,15.33685845557255,17.30065300540533
16.266666666666666,46.2,10.48
5.566666666666666,1.716667,25.07
20.58333333333333,17.56667,13.941661084254738
17.666666666666668,11.45,3.6097091447678396
9.61040651495714,5.65,17.62
18.0,0.75,3.93
21.766666666666666,13.51667,9.17
16.416666666666668,18.028056181093486,2.52
20.55,12.490475901141249,18.49
14.8,38.78831395388364,7.57
21.8,14.11667,19.66279284357792
14.466666666666669,19.88333,8.7
20.709228086308087,14.46667,10.61
1.4333333333333336,14.646780399099848,6.14
2.035482109048459,9.033333,7.76
15.15,9.483333,9.27
12.3,15.73333,43.99665791858919
22.15,19.66667,48.77274656170514
16.666666666666668,8.4,4.54
17.733333333333334,6.516667,26.1
20.78333333333333,8.583333,8.25
23.37655675168256,16.28333,16.87
16.983333333333334,8.733333,7.33
16.7,20.600476371959385,6.49
19.1,11.08333,14.54
13.319170898580825,2.383333,12.59
22.316666666666663,10.23333,9.23
1.3833333333333329,6.516667,5.85
9.12901463178326,16.26667,4.47
16.283333333333335,18.799888960880757,7.58
18.466666666666665,15.72974152567284,4.46
15.283333333333331,0.9833333,5.08
12.1,9.583333,5.32
14.783333333333331,1.1,12.34908645347692
15.183333333333334,69.46670002522275,61.026076524769884
17.266666666666666,2.214088148767131,21.65
15.8,3.566667,1.5711095976107754
20.366666666666667,1.8,6.52
16.716666666666665,8.433333,6.93
20.55,23.134531366315766,19.57
17.1,1.116667,2.43
14.9,16.93333,5.33
13.533333333333331,7.966667,6.5
17.866666666666667,1.366667,12.64
16.0,2.266667,1.87
20.706415539868853,38.51027969425406,19.32
16.316666666666666,21.05332479351263,25.26
13.016666666666667,0.86987498210327,8.57
17.35,25.70553154063732,39.83322341598804
17.916666666666668,11.55,27.52714240900008
16.3,2.166667,7.22
13.866666666666667,22.0,6.89
11.4,12.15,2.9382868839916774
11.45,12.08398795317553,5.96
18.0,22.91667,27.589520914391613
23.433333333333334,14.18333,7.13
14.95,13.01667,11.196364527691621
16.133333333333333,12.5,21.2999035491352
21.466666666666665,13.88333,27.64312173759332
13.75,1.166667,4.4494350500148725
7.0756653566083205,0.9333333,11.09
21.6,3.25,5.872494065978099
21.60883098922447,5.15,20.549865475113037
20.48333333333333,0.8,2.31
15.416666666666666,93.09205097758841,7.53
23.33333333333333,14.25,13.66
23.48333333333333,8.115957886742743,5.71
21.883333333333333,2.9,14.4
19.65,1.9200348526694557,7.66
0.06666666666666643,3.083333,3.23
21.816666666666663,11.85,6.37
20.7,16.16667,17.93
19.316666666666663,1.3,15.46
16.616666666666667,1.55,9.85
13.433333333333334,0.2833333,0.77
16.233333333333334,0.8192656976026435,3.08
16.083333333333332,45.13333,6.59
16.466666666666665,43.85006963846675,7.03
1.6499999999999986,15.13333,8.88
12.2,13.4,5.99
17.4,19.41667,6.28
22.183333333333334,11.38333,24.37
14.666666666666666,18.48333,13.07
21.066666666666663,22.43333,6.38
21.2,18.9,35.484758494137786
19.48333333333333,0.7833333,4.341237890255638
16.55,16.28718383870345,7.03
19.05,17.792306523834487,16.442343624872155
19.366666666666667,26.6,12.64
23.53333333333333,1.7387762771438262,5.77
16.983333333333334,1.666667,7.95
7.983333333333333,1.45,1.6
18.933333333333334,14.2,23.43
17.083333333333332,0.1833333,0.5563008536677808
20.45,1.560014010115288,4.31
14.916666666666666,6.966667,1.88
19.616666666666667,1.983333,3.26
2.5500000000000007,9.133333,47.07504943821113
16.116666666666667,11.45,5.35
21.633333333333333,7.2,14.85
8.366666666666667,2.166667,4.58
0.06666666666666643,3.0,31.07
23.17325851786154,14.192931228730792,10.217227385500447
16.433333333333334,14.6,23.44416848096531
0.28333333333333144,10.5,14.4
23.1,20.63146107339111,39.24
18.05,30.674597658411518,17.6
21.28333333333333,12.96667,13.21
16.466666666666665,17.900091274084325,6.92
19.3,5.783333,8.02
16.883333333333333,23.56667,5.68
18.766666666666666,16.46667,6.552441349384607
12.083333333333334,1.183333,4.66
14.466666666666669,14.6,28.59
15.5,13.63333,5.66
9.183333333333334,2.483333,16.04
18.464413164366363,2.166667,5.67
17.033333333333335,19.95,6.15
16.866666666666667,14.18333,15.18
17.8,13.11667,11.1
21.35,13.21667,11.57
21.65,24.75,7.82
16.133333333333333,1.366667,4.31
14.7,13.1375,9.20613240454346
14.883333333333333,38.42039534779188,64.8619707742054
16.666666666666668,15.78417695961287,5.1
14.633333333333333,63.18545859438991,19.16
22.0,4.45,11.35
18.75,11.149984542078247,18.96
12.4,42.41432142632497,1.9924660332570783
16.95,4.333284874705342,6.2
18.916666666666668,16.3,5.7
21.05,10.2,1.55
13.45,4.1664636211260415,30.322826801445334
17.05,9.483333,8.56
21.133333333333333,19.3,19.28
14.95,0.9666667,3.04
8.933333333333334,2.55,1.48
18.366666666666667,17.6,14.87
17.283333333333335,13.182293982426458,3.55
17.416666666666668,23.13333,12.58
22.9,1.866667,1.75
18.75,12.6,3.63
15.066666666666666,2.316667,10.68
19.0,13.71667,26.28
14.866666666666667,10.83333,25.58479722382268
5.109155282838522,17.134180235535787,14.62
17.783333333333335,19.51667,21.987629391679075
8.4,38.8332034156554,8.12
13.233333333333333,0.2833333,2.54
18.916666666666668,15.13333,3.85
14.366666666666667,26.687805594608022,11.63
19.866666666666667,13.95,35.7643586484436
14.716666666666669,19.51667,13.67
16.683333333333334,9.316667,14.54
22.316666666666663,9.043637405919458,9.88
17.0,10.53333,9.09
15.716666666666669,49.192149218779804,45.94
22.216666666666665,14.218522675541092,6.86
18.916666666666668,9.333333,23.02
17.333333333333332,15.52493755569396,8.54
23.666666666666668,21.342800363601974,6.69
16.866666666666667,2.4521023656958945,18.2
20.48333333333333,19.46667,16.13
22.933333333333334,9.45,33.01
15.516666666666667,11.704226239381146,2.96
20.666666666666668,38.60863854381003,11.411671211977955
1.3166666666666664,1.9650271077000891,7.57
21.266666666666666,1.2,7.87
19.266666666666666,11.76667,8.85
15.166666666666666,8.649062704785559,2.16
18.383333333333333,13.700375426603003,3.8758312510023827
13.616666666666667,15.95,3.21
16.35,15.05,3.67
16.183333333333334,14.31667,7.1
21.0,14.05,6.57
4.392624959097883,15.097552098545583,14.51
12.7,2.4,5.01
21.2,6.6375923524909215,16.68
16.55,90.65867506934221,3.78
0.18333333333333357,11.306910751187608,5.53
18.633333333333333,23.6,5.79
23.28333333333333,9.75,30.923247236390598
21.7,14.311460593359834,7.29
13.46881267953771,8.683333,18.41
16.666666666666668,2.716667,3.55
14.183333333333334,2.783333,4.28
16.533333333333335,1.0,4.46
8.308526095206132,15.05,4.03
23.78333333333333,3.016667,24.57003362155054
21.766666666666666,16.421456665480882,12.62
21.98333333333333,31.35722892865144,34.71985315770842
15.65,3.8275073909921784,14.67
17.566666666666666,19.61667,3.68
1.3333333333333321,11.31667,5.8
13.070174828213931,2.266667,4.2
20.15,13.9,14.569102734271437
15.483333333333333,2.116667,17.37
16.95,12.636231170395199,17.44
18.466666666666665,2.866667,16.08
9.842192590181853,0.3333333,2.0
13.316666666666666,13.16667,6.03
14.816666666666666,43.5785790823454,11.16
2.2666666666666657,15.3,32.0095028108824
20.916666666666668,28.880958216420492,15.35
15.7,9.466667,2.51
16.766666666666666,10.18563142339401,1.72
17.133333333333333,0.3766734754031512,0.85
21.966666666666665,20.98333,10.35
18.133333333333333,0.7664679527075227,5.673040728257037
9.666666666666666,3.133333,6.05
17.783333333333335,23.997958589454633,17.826497591277583
16.5,13.66667,3.3
8.783333333333333,0.6709140461679585,2.68
1.2333333333333343,12.066196686177246,18.03
22.23333333333333,3.616667,3.81
12.466666666666669,65.78333,15.82
17.383333333333333,3.033333,4.01
22.78333333333333,23.96667,34.23871935572941
21.366666666666667,21.900904348077056,7.47
19.016666666666666,17.03333,8.99
3.326863616153421,4.05,4.67
16.416666666666668,20.41667,34.64
20.766666666666666,15.21667,11.52
15.433333333333334,3.9827374017062174,6.06
13.866666666666667,16.099489314909558,2.35
14.016666666666667,40.648061071732585,7.82
21.633333333333333,14.16667,12.45
10.4,1.1,4.08
16.55,1.083333,2.34
19.566666666666663,14.2,15.72
0.33333333333333215,18.164153196194412,6.482318864143453
18.08333333333333,11.25,13.31
17.466666666666665,2.8500239345210234,3.57
17.2,15.33333,6.63
22.45,4.716667,43.577705442379234
14.583333333333334,1.433333,2.09
2.666666666666668,10.218112198854413,15.72
18.7,6.966667,5.82
4.266666666666666,4.6,17.39
13.2,10.2,12.82
21.566666666666663,13.25,15.84
22.516666666666666,13.549086909514862,21.64
21.016666666666666,14.73333,12.01
15.9,31.049282032846577,8.79
18.2,13.86667,7.58
20.25,5.15,12.27
16.316666666666666,17.03333,6.14
17.033333333333335,13.65,15.2
9.055405565434194,9.45,19.59
15.966666666666669,17.98333,13.25
20.716666666666665,19.51667,33.393859358385676
17.183333333333334,1.35,2.86
18.15,1.7,14.4
15.55,15.83333,24.43
16.1,6.133333,7.55
12.416666666666666,12.3,11.062270139092579
22.766666666666666,1.6,6.19
11.05,2.55,27.34507695782464
20.9,16.944773613649392,14.0
22.516666666666666,4.237150802078258,3.28
16.65,1.266667,1.45
14.516666666666667,9.85,4.34
20.816666666666663,12.28333,2.7278824019688184
19.58333333333333,19.15,7.2
17.083333333333332,9.909561686044166,9.72
12.65,15.30246813445513,4.23
0.9833333333333343,13.181064468796535,14.03
6.816666666666666,0.5166667,4.83
16.85,19.38333,13.91
15.2,11.55,3.98
11.95,14.91667,8.193567638203966
16.933333333333334,23.892671154997696,24.03
16.933333333333334,10.217296489622475,35.93068407166749
0.41666666666666785,3.2589901538740604,17.870353726167234
16.366666666666667,7.05,5.89
11.033333333333331,4.083333,16.13
17.6,2.732480709137829,3.025809794680681
20.15,13.76667,14.22
16.2,1.3,11.18
0.43333333333333357,0.85,9.08
16.266666666666666,4.433333,4.16
21.15,17.5,48.2
12.283333333333331,13.91667,8.07
12.133333333333333,0.6,4.7240671826247125
16.066666666666666,1.416667,2.6993784824479374
17.416666666666668,15.55,8.17
18.566666666666663,1.15,2.8
16.383333333333333,21.75,6.47
14.633333333333333,12.41667,16.22
19.75,19.58000878569593,22.68
2.751495972832103,10.96667,9.46
20.366666666666667,64.07095391403085,7.94
22.483903029108475,8.433333,5.93
14.466666666666669,14.7,17.83
19.666666666666668,13.831493299114015,7.55
22.566666666666663,6.35,5.86
19.766666666666666,10.800285076807508,14.59
20.25,14.66667,13.35
20.416666666666668,1.483307742760005,4.79
16.883333333333333,23.96667,5.53
21.75,4.3,8.250028373487293
13.783333333333331,38.53333,29.56
21.816666666666663,19.26667,19.613714074026795
17.433333333333334,12.35,4.32
15.15,10.0,8.61
15.933333333333334,14.91667,47.41655630786903
21.08333333333333,14.58333,5.34
16.566666666666666,4.130074855966375,4.09
15.6,10.41667,4.04
19.75,15.36667,24.375590266892686
4.149999999999999,20.55,7.89
21.316666666666663,15.33333,4.95
21.616666666666667,15.58333,17.72
15.616666666666667,6.766667,4.9
17.966666666666665,12.7,5.99
13.45,3.583333,6.46
20.65,16.71667,7.84
16.483333333333334,10.26667,27.963598363113125
21.08333333333333,44.18333,4.43
14.333333333333334,13.06667,10.99
16.416666666666668,21.18333,24.73
15.8,6.566667,6.65
21.116666666666667,16.08333,18.38
16.95,1.283333,3.344359686030075
13.3,9.033333,15.241185020064004
7.583333333333333,13.76667,5.43
15.566666666666666,4.6,11.341510535571723
16.1,0.95,1.11
18.28333333333333,19.13333,4.95
7.551493777324504,13.78333,14.69
16.75,9.883333,3.45
17.466666666666665,11.05,48.10368671292905
15.266666666666667,3.3,20.71
20.73333333333333,8.983333,11.61
19.683333333333334,1.35,5.22
20.45,1.971838314776045,10.8
19.8,1.25,1.87
22.1,8.983333,15.71
8.8,0.3333333,1.08
23.8,1.5,3.87
12.566666666666666,5.65,19.43
22.4,12.6,9.328172047988046
0.3500000000000014,46.18508818619487,30.83
15.55,10.05,25.607260132073424
10.95,1.283333,10.19
13.116666666666667,28.585021674553012,11.8
16.683333333333334,3.216374835542867,11.58
21.166666666666668,12.25,7.06
23.98333333333333,18.26667,10.14
19.4,11.033129015471896,9.2
15.8,1.133333,6.57
15.066666666666666,91.82178083293084,8.48
17.766666666666666,15.60306,8.39
18.5,14.71667,10.66
17.083333333333332,19.4,43.562161186502784
18.183333333333334,16.05,6.03
15.216666666666669,23.8998401496105,5.84
15.733333333333333,3.35,26.881303246193564
23.716666666666665,4.05,18.066623205619397
17.183333333333334,0.9666667,7.8
18.65,11.38333,12.1
19.95,16.650146496014536,2.65
20.216666666666665,2.3762541266069563,7.26
12.216666666666669,0.5227257289920303,6.36
13.523735775272264,1.233333,8.15
13.0,8.066667,12.89
19.33333333333333,19.73333,10.67
16.966666666666665,0.4677405882481329,1.62
17.183333333333334,36.95888280406763,3.57
3.7666666666666657,11.05,11.86
15.133333333333333,13.3,2.79
23.633333333333333,19.15,6.46
21.78333333333333,6.366667,6.21
18.766666666666666,14.38333,17.48
17.116666666666667,22.21667,28.65967561926227
14.0,15.95,3.82
14.75,8.983333,17.96
13.239728118852266,1.4,1.02
11.333333333333334,0.9333333,3.14
14.75,0.8166667,1.8852279541525057
19.3,14.28333,15.75
18.416666666666668,1.166667,8.94
11.216666666666669,1.7210813108424887,1.2188272826047615
16.75,66.56905156715099,5.46
14.547125932710575,15.55,6.4345417663697155
21.23333333333333,17.985717195999722,15.95
13.6,2.55,2.11
23.166666666666668,11.6,8.94
16.666666666666668,10.23333,17.33
21.85,17.05,15.88
15.233333333333333,19.61667,18.182185428170488
10.958136108337689,0.5908030017405272,1.81
15.25,14.8,11.08
20.55,13.818842412910971,25.08
18.4,9.7,39.03796581550269
23.683333333333334,9.883333,6.86
21.4,40.48900852559061,10.394170359738638
14.516666666666667,3.816667,4.23
21.25,82.89072825742804,16.16
15.333333333333334,3.55,16.16
21.33333333333333,16.76667,46.32305026467889
22.525547621173608,17.95,13.34
17.983333333333334,38.830643863371094,7.08
18.58333333333333,6.5,5.95
23.35,4.483333,42.45545146269258
16.15,8.916667,8.37
15.683333333333334,20.93333,19.35
13.683333333333334,10.31667,1.62
20.016666666666666,1.781993423640019,4.24
16.983333333333334,14.2,5.5
20.78333333333333,13.726801071719795,7.28
19.33333333333333,22.53333,29.56
14.733333333333333,16.1,6.73
16.833333333333332,13.915262406922787,11.55
23.416666666666668,12.36667,14.18
11.366666666666667,0.55,1.38
20.2,62.818941069302575,11.23
15.633333333333333,42.490938932222,4.22
15.216666666666669,14.46667,20.634481046053114
14.516666666666667,1.583333,3.23
15.916666666666666,12.75,15.37
20.8,14.56667,8.42
17.8,3.2,2.43
16.0,1.183333,12.04
17.916666666666668,0.9833333,1.96
16.966666666666665,2.333333,7.54
19.383333333333333,19.93333,53.451485967503395
19.53333333333333,15.26667,27.52
3.9833333333333343,13.4,13.68
11.993544547450437,13.5,16.68
14.516666666666667,0.9,2.21
21.866666666666667,11.7,4.8
19.916666666666668,1.066667,6.76
14.2,18.88333,13.51
14.616666666666667,2.233333,2.03
12.35,0.1312432243634412,0.6105808751913718
17.116666666666667,6.383333,21.2
10.584853911673903,0.5166667,1.93
20.33333333333333,13.33333,7.25
23.433333333333334,15.55,6.02
16.116666666666667,7.066667,17.51
14.383333333333333,13.78333,7.29
16.4,14.65,11.66381103992695
16.016666666666666,16.93333,35.27842228298309
19.7,12.65,8.11
22.366666666666667,4.85,19.0
15.9,14.975999040194719,4.74
4.466666666666669,14.76667,21.41
14.516666666666667,22.96667,5.15
23.8,10.86667,27.181917550447398
3.45151503523957,2.9006172245350115,2.54
4.033333333333331,13.5,7.24
0.14608537610086714,12.41667,10.97
12.4,9.95,5.65
16.7,45.79123428522608,6.76
17.666666666666668,41.29857222183731,37.70887002798729
21.25,10.9,5.51
11.516666666666667,3.8,6.12
15.833333333333334,0.7833333,13.17
16.666666666666668,2.499966341777274,6.07
17.116666666666667,24.582621866751126,6.55
18.3,11.9,40.86923962233588
20.53333333333333,11.93333,10.17
14.2,2.116667,5.7
21.6,7.116667,11.713117224841845
21.58333333333333,22.78333,49.345543031841515
16.583333333333332,11.06667,4.86
19.75,21.68333,9.68
1.3854143778652848,4.45,5.597361246116924
21.166666666666668,17.6,19.99
18.183333333333334,14.58333,19.287862707206514
16.833333333333332,1.183333,6.47
18.23333333333333,12.58333,7.86
23.316666666666663,14.93333,10.28
14.533333333333331,45.65466411035919,16.32
22.25,18.26667,7.22
19.98333333333333,23.6,5.6
3.7333333333333343,14.65,14.55
15.266666666666667,14.56667,41.54558179372456
22.866666666666667,15.18333,12.24
18.966666666666665,46.83986223314991,9.22
16.216666666666665,10.4,9.37
14.216666666666669,21.31667,4.4
18.933333333333334,0.4666667,8.128482823385857
20.73333333333333,18.03333,25.50610280210385
20.7,4.966667,5.1
20.8,15.333731678991938,26.36
15.366666666666667,0.48718074877698014,0.65
17.416666666666668,1.4392111225205073,3.05
16.216666666666665,8.45,15.4
20.0,8.883333,24.51
8.833333333333334,0.7833333,2.746866382281296
15.716666666666669,7.22800572399285,37.06001229936257
20.45,25.18333,6.51
6.816666666666666,0.4,6.48
21.0,14.88333,14.52
18.85,16.1,24.52206194777507
22.016666666666666,13.3,23.41
18.75,14.75,7.026720728224609
11.483333333333333,23.961315748172,12.64
22.75,15.03333,3.88
10.2,10.633252385901518,5.8
20.916666666666668,15.6,1.82
19.666666666666668,1.416667,3.55
15.25,11.3,3.23
19.9,14.75,6.72
21.633333333333333,21.71667,22.56
11.633333333333333,2.766667,5.6
22.4,14.71667,7.26
21.4,18.3,10.58
15.966666666666669,2.2,4.8
10.3,9.14864652350398,13.03
18.816666666666663,37.30495307860715,6.88
20.666666666666668,16.71667,8.2
20.53333333333333,46.25,17.8
18.133333333333333,18.1,12.24
11.583333333333334,0.3333333,1.19
17.583333333333332,1.416667,15.21
14.833333333333334,14.6,2.8004914072132667
22.016666666666666,14.06667,41.02411144935526
23.98333333333333,3.616667,2.19
14.933333333333334,2.033333,19.63
17.033333333333335,3.488806601707568,6.05
19.03333333333333,15.73333,14.149937062351965
15.75,3.133333,17.431896404064723
10.25,16.768921407910184,8.59
16.966666666666665,1.9,4.39
21.216666666666665,20.115646728667095,31.84901795061771
16.316666666666666,7.4,7.18
21.45,11.7,30.07
20.016666666666666,4.500419079596395,4.49
14.95,13.4,11.372146564286668
18.883333333333333,14.76667,7.4911153707630005
23.33333333333333,17.58326979362926,6.72
18.966666666666665,9.35,14.6
23.53333333333333,14.4,17.33
11.066666666666666,0.8666667,5.06
15.983333333333333,7.833333,2.41
20.70100604311689,7.2444537446375,8.3
17.083333333333332,18.548656249124583,9.87
11.433333333333334,5.816667,3.52
18.683333333333334,9.783333,12.6
17.316666666666666,13.23333,16.076502981113734
3.8000000000000007,13.05,6.81
22.6,8.6,2.33
16.316666666666666,4.253548065880947,15.51
14.633333333333333,3.066667,5.99
12.083333333333334,0.9740526176112276,9.73
19.066666666666663,2.833333,6.8
19.25,18.9,17.53
11.066666666666666,9.083333,5.2
19.1,1.451767974613835,32.87661841739901
14.2,0.6,5.49
3.8166666666666664,15.42630233962412,11.56
23.668623820923678,4.133333,16.43
20.28333333333333,3.166667,6.54
22.6,9.166667,12.3
21.916666666666668,11.75,25.679734722890426
19.1,10.85,18.98
16.883333333333333,9.566667,16.11
10.9,0.6272039479318784,2.68
18.33333333333333,3.216667,42.58123211889527
21.75,18.58333,3.17
20.33333333333333,11.5,13.53
20.85,60.66505816834339,5.78
19.066666666666663,16.68333,17.65
17.483333333333334,20.0,35.13
18.766666666666666,1.8,12.27
20.03333333333333,14.25,15.93
13.3,18.26667,3.72
23.05,3.0452306321309193,3.09
19.28333333333333,25.911145703964873,26.55
16.15,6.533333,10.21
12.883333333333333,8.666667,7.95
13.75,3.050817359651837,2.95
17.4,13.6,27.912167927152478
11.25,31.31146403699404,5.61
18.166666666666668,2.5672798408435584,4.49
15.833333333333334,43.13062706588088,5.12
18.48333333333333,19.13333,4.73
4.916666666666668,22.48333,8.78
17.25,11.48333,20.79
19.0,8.083333,10.751077752176206
18.266666666666666,1.683333,5.78
18.883333333333333,9.516667,13.07
17.65,2.216667,6.71
16.533333333333335,6.75,11.67
16.916666666666668,16.28333,9.35
2.209599796545323,12.233171276853756,53.242373753110876
16.483333333333334,1.916667,4.42
10.833333333333334,2.7,14.61
22.433333333333334,0.6833333,1.99
13.216666666666669,2.516667,2.97
17.166666666666668,10.83333,14.074474927303381
14.8,7.483333,4.170304535685806
16.233333333333334,4.72424153823751,2.84
17.05,0.8166667,27.452401235299185
15.65,12.580462812618357,8.57
21.78333333333333,4.3,7.45
1.4833333333333343,19.66667,7.69
23.966666666666665,10.4,19.3
0.1999999999999993,24.780030747548327,30.008452346979176
14.55,9.716667,6.7
17.3,4.083333,11.2
15.633333333333333,11.02409104144932,12.79
17.183333333333334,3.266667,4.71
17.05,27.894727643952937,7.76
4.204189959103921,1.666667,23.57388454226777
15.8,2.3,5.67
19.516666666666666,41.38601399981037,6.09
8.165432009402139,8.8,5.49
15.266666666666667,18.53333,6.64
11.416666666666666,14.23333,8.77
8.333333333333334,3.116667,8.29342869499931
14.483333333333333,1.733333,3.43
20.666666666666668,13.06667,22.76
21.33333333333333,5.6,13.30052261443576
12.416666666666666,1.866667,6.19
16.4,18.18333,37.89
11.5,2.016667,8.17
18.33333333333333,5.2,6.19
18.15,3.083333,18.0
1.3999999999999986,3.566667,28.11
17.083333333333332,18.58333,7.04
21.15,2.433333,6.47
9.133333333333333,1.016667,12.04
20.633333333333333,20.804371888801814,8.25
18.75,9.95,6.75
15.716666666666669,4.833333,23.809808791864196
4.683333333333334,11.934218179570799,5.72
21.266666666666666,16.03333,5.62
15.466666666666669,49.214951587073195,34.170042305376846
17.8,11.55,23.88
21.866666666666667,21.31667,13.26
21.2,18.48352516622178,31.38869827944087
19.316666666666663,20.835468045462445,5.15
11.098559315402234,2.15,15.8
16.466666666666665,19.9,3.41
15.766666666666667,1.5601639657219522,2.46
13.25,11.18333,6.01
19.266666666666666,10.38333,6.94
16.133333333333333,11.36435777297154,3.98
16.15,7.064286006864037,12.64
19.08333333333333,2.433333,2.9
13.816666666666666,0.8166667,3.09
13.9,1.716691755413812,42.67331843659282
19.48333333333333,0.9833333,0.6150384034146554
18.53333333333333,13.81667,36.76191910257097
18.266666666666666,6.766667,7.73
22.9,1.2,6.5
17.683333333333334,23.54193830961,5.83
12.75,1.8,6.99
16.033333333333335,1.816667,9.18
19.35,17.22073772625407,6.57
16.133333333333333,1.1459592318970135,2.7758066182490437
14.366666666666667,27.295785225083204,30.19652188795153
19.466666666666665,4.8617673902598595,8.87
15.983333333333333,10.38333,6.51
21.35,8.45,7.07
19.666666666666668,6.05,13.65
20.28333333333333,3.0981637468422454,8.29
15.9,2.016667,9.8
15.916666666666666,18.28333,4.04
20.416666666666668,1.1,9.04
15.566666666666666,15.96667,5.15
15.45,15.0,8.64
19.8,10.31667,26.420175133610613
20.549124041499937,6.116667,10.62
19.633333333333333,19.63333,26.42
20.95,10.58333,9.51
12.233333333333333,20.3,5.2
14.866666666666667,16.41667,15.06
19.32092193051988,4.0,14.91
17.616666666666667,10.83333,8.06
11.616666666666667,4.166667,5.711493249840569
23.933333333333334,8.8,7.8
14.266666666666667,5.766667,0.88
11.383333333333333,46.13333,6.43
16.833333333333332,4.14707450834964,22.95
12.083333333333334,13.922755048066087,3.2584521374641917
14.916666666666666,5.583522339925879,6.3
20.15,14.083519106028929,23.35
16.4,0.6166667,2.95
7.6,12.06667,12.12
12.4,10.25,10.37085696928436
17.183333333333334,15.65,5.88
18.706254082204637,10.88333,8.13
18.58333333333333,10.51667,3.38
23.066666666666663,15.11667,23.64
17.15,16.08333,26.971929184205365
22.55,21.270038941916134,62.85701198698953
17.35,0.7515426079163435,0.79
21.633333333333333,18.029983612829334,19.83
14.583333333333334,94.4235912683278,2.4
16.15,40.36667,4.7
15.65,16.73333,13.956103767608292
11.35,3.383333,3.13
19.366666666666667,12.66667,7.94
14.416666666666666,2.066667,12.52
16.75,4.183333,15.55
14.216666666666669,1.216667,1.73
23.666666666666668,27.85437886519805,48.467423384969585
16.083333333333332,35.58333,8.34
13.783333333333331,8.616667,2.8
8.645047122415175,0.48041183790425024,1.38
11.4,0.4067301963695114,1.07
17.133333333333333,18.75003494221947,8.19
19.85,8.733333,3.84
18.916666666666668,5.0,4.48
21.05,4.85,21.5
16.4,13.58333,15.88
15.166666666666666,18.11667,4.914202328040265
15.533333333333331,0.45,1.3419326799875126
18.133333333333333,14.56667,5.035824836022221
19.65,2.7,34.79
21.98333333333333,10.26667,12.097152897913475
17.4,13.55,14.35
20.666666666666668,15.83333,19.0
18.766666666666666,42.75,11.05
21.2,11.517372151921263,15.92
7.275510899624593,4.584412358895607,4.39
16.033333333333335,21.83333,10.73
19.433333333333334,0.2833333,1.25
14.95,13.38333,12.29
13.1,0.8,2.59
20.683333333333334,11.370353087265178,13.35
13.766666666666667,0.6333333,2.18
17.6,16.88333,4.17
19.683333333333334,2.866667,1.93
20.25,10.75,21.956865472146312
8.666666666666666,19.35,4.5
16.483333333333334,9.0,7.14
19.666666666666668,9.516667,8.73
19.16930930212596,12.26667,25.53
14.6,7.033333,14.99
16.233333333333334,17.63333,2.84
13.216666666666669,0.3666667,2.53
19.85,10.68333,8.72
22.08333333333333,11.0,6.8
16.65,6.866667,8.94
18.116666666666667,15.4,25.859347791923213
17.833333333333332,12.98333,12.94
16.366666666666667,16.25,14.182437329918612
15.7,11.16667,22.89
15.066666666666666,14.68333,1.99
17.716666666666665,8.033333,13.74
17.083333333333332,35.58333,16.97
10.083333333333334,12.98333,15.18
15.466666666666669,2.1,4.035188136730343
16.316666666666666,1.866667,28.214998066837435
18.870431083987448,13.25,9.53
17.216666666666665,14.955671987259258,3.22
11.2,1.5837159437512944,7.85
18.633333333333333,14.61667,7.67
14.083333333333334,2.8,8.66
16.033333333333335,5.45,4.54
16.8,19.15,6.64
12.983333333333333,1.516667,15.87
18.85,1.4514316415761839,1.27
14.2,65.50661735687325,17.27
3.5,3.083333,20.4
16.566666666666666,10.68333,13.703961455023382
14.216666666666669,1.966667,3.5
17.483333333333334,17.33333,4.96
14.533333333333331,12.81667,3.79
17.416666666666668,16.567444835739753,16.12
12.066666666666666,3.383333,3.33
17.083333333333332,2.166667,4.82
20.466666666666665,4.068949678642395,12.21
15.466666666666669,1.166667,1.2
23.28333333333333,9.383333,16.63
16.65,0.8,5.72
16.0,14.18333,21.18
14.966666666666669,3.4,3.8
14.883333333333333,13.08333,7.408543945588172
16.416666666666668,2.233333,6.8
1.75,9.216667,24.27
20.066666666666663,10.68333,5.45
5.883333333333333,10.53333,26.45
17.35,0.818758190262116,4.31
11.583333333333334,0.5833333,2.1592238291518298
18.416666666666668,1.2277130542317536,10.66
9.389201791213418,14.93333,8.83
16.866666666666667,9.483333,8.49
16.583333333333332,12.63333,9.09
15.6,0.5666667,1.423879427362699
13.533333333333331,2.316667,2.48
22.916666666666668,13.2,9.75
15.4,2.15,1.37
21.8,15.169210731247185,8.05
20.633333333333333,1.091178609491917,2.76
0.46666666666666856,6.916667,9.28
21.266666666666666,9.716667,7.1
7.5677636946973506,1.266667,2.1
11.783333333333331,3.283333,3.11
19.133333333333333,2.7,1.64
11.483333333333333,2.5,3.58
16.5,6.1,6.95
17.916666666666668,14.900481753103259,7.39
2.7166666666666686,14.05,25.22
15.266666666666667,3.15,12.18
18.504178652461754,17.8,16.74
22.016666666666666,4.65,20.55
14.75,16.15,14.6
18.866666666666667,14.3,16.32
19.316666666666663,20.8,28.17
16.883333333333333,11.294620897533516,22.1
21.883333333333333,3.266667,21.5
16.916666666666668,13.81667,4.42
16.55,14.55,9.44
12.65,10.716546097282727,32.913644471105655
21.166666666666668,14.96667,7.3
14.3,3.366667,4.89
23.266666666666666,15.142089855224192,13.15
22.366666666666667,12.96582954128974,17.21
19.6,1.6,3.72
21.4,0.6,4.56
16.516666666666666,16.51667,19.14
14.816666666666666,9.002238998202515,8.57
18.916666666666668,9.316667,19.72
21.45,17.18333,8.07
17.45,12.06667,1.08
13.35,21.05,5.44
22.716666666666665,2.783333,8.48
19.866666666666667,4.066667,3.38
17.35,42.32686931906961,9.18
2.6000000000000014,17.71667,9.44
16.25,18.064322516610293,5.67
19.716666666666665,10.46667,27.162301884135232
21.95,14.78333,46.71705047416035
13.833333333333334,13.972018865600305,17.46
3.9666666666666686,6.714306699417498,16.57
20.383333333333333,0.4,3.5
22.2,15.43333,6.71
18.216666666666665,15.0,18.62
16.983333333333334,65.21667,8.45
18.53333333333333,4.817349257124021,8.41
20.6,13.01667,28.46
14.716666666666669,8.05,19.48
16.683333333333334,20.68333,8.82
7.816666666666666,11.3,22.96
19.933333333333334,1.75,13.32850379471667
17.866666666666667,105.80699193404726,6.7
18.166666666666668,9.410995752571067,4.7
16.166666666666668,3.65,2.32
12.577309955418363,4.55,3.78
20.266666666666666,6.2450004290692105,13.14
17.823314242631994,11.78333,21.369205572726205
12.55,12.234386858661832,8.19
16.8,13.16667,4.67
17.25,8.92437411733121,6.21
18.683333333333334,14.38333,25.92579202601686
11.066666666666666,23.48333,6.07
15.966666666666669,15.03333,7.01
21.65,14.01667,16.36012045582291
15.0,2.283333,3.67
16.95,4.033333,34.2937560864212
8.016666666666667,15.097686893121232,9.33
16.533333333333335,1.466667,10.66
20.05,8.85,4.141714396264869
9.533333333333331,0.6833333,2.47
16.716666666666665,41.76667,0.91
16.433333333333334,0.8333333,1.34
14.633333333333333,15.117195294736584,22.2
11.5,8.098157021732359,9.44
20.097085179157148,11.118091511619085,8.16
17.883333333333333,1.95,14.16
15.616666666666667,6.35,5.16
14.916666666666666,13.15,7.065703691851813
16.316666666666666,11.13333,12.49
19.266666666666666,27.23333,14.12
22.316666666666663,13.9,31.60613670170773
14.633333333333333,0.35,2.62
19.25,6.1901951377374855,6.56
8.116666666666667,14.46667,7.83
16.516666666666666,18.750039451026467,10.06
15.333333333333334,2.383333,4.76
3.1548111504976966,16.63312934243982,8.44
19.55,11.61667,8.09
17.233333333333334,21.85,5.02
21.513372144064732,8.133333,8.67
8.983333333333333,1.783333,2.38
22.98333333333333,12.25,6.48
15.616666666666667,7.483333,6.429705132781527
21.066666666666663,13.5,6.32
9.883333333333333,1.75,2.93
17.216666666666665,12.6,6.52
15.233333333333333,20.46667,5.24
22.25,13.818183975463594,5.55
20.416666666666668,2.223435693230399,26.059343068317975
19.933333333333334,5.2,34.65229277442442
0.895479613070588,19.4,69.3885936390492
15.5,3.433333,4.79
18.45,4.3,7.3
10.933333333333334,1.05,48.47
16.933333333333334,3.733333,8.54
12.083333333333334,18.76667,16.92
21.08333333333333,19.935134673769834,25.84
21.016666666666666,11.63333,16.07
19.616666666666667,26.41667,7.596189727035816
19.516666666666666,10.81667,17.566411476377397
15.583333333333334,15.81667,13.1
16.316666666666666,33.39312866663439,7.19
16.483333333333334,45.357834070921,5.83
18.5,27.06667,8.37
13.15,3.05,5.4
20.433333333333334,10.03333,5.7
20.966666666666665,2.366667,12.29
21.35,10.31667,11.58
14.066666666666666,12.55,6.84
15.783333333333331,9.61791680966443,4.36
11.94526872839051,72.25369428565149,6.59
22.066666666666663,19.18333,15.488570316496771
17.566666666666666,0.7,1.57
17.833333333333332,2.116667,2.68
3.386760500039962,16.93333,18.8
15.933333333333334,17.33333,7.77
18.75,13.7,5.71
17.616666666666667,15.91667,6.47
11.733333333333333,0.5333333,4.73
14.933333333333334,12.78333,17.17
20.05,12.7,43.59801318784012
16.216666666666665,12.69944785076051,11.83
19.216666666666665,2.8,4.382609523759457
15.083333333333334,0.5666667,8.18
16.0,0.9166667,1.2586784715903923
12.466666666666669,18.23333,6.04
20.08333333333333,0.6,1.67
16.766666666666666,9.1,8.02
1.25,15.23333,10.28
22.916666666666668,43.410833564789996,24.49
22.75,5.766667,2.08
13.216666666666669,17.9,14.53
14.833333333333334,3.833333,6.34
21.183333333333334,63.840366179455096,10.07
15.966666666666669,4.83404528871455,3.72
16.483333333333334,16.93333,15.95
8.416666666666666,1.566667,5.78
3.633333333333333,111.64643012657804,7.0
22.683333333333334,2.383333,6.72
10.5,14.467780787495448,8.6
16.416666666666668,2.133333,4.51
18.716666666666665,7.083333,9.09
22.75,15.38333,11.64
19.066666666666663,42.36606638973902,13.945335508699063
14.95,14.7,7.91
16.05,1.05,2.33
23.133333333333333,14.26667,19.6
12.233333333333333,2.4,6.65
16.216666666666665,26.01667,18.59
21.8,21.28333,8.52
17.366666666666667,2.551912430948307,2.25
14.85,0.35,2.12
16.9,12.81667,18.6
13.366666666666667,13.96667,11.56
16.683333333333334,13.51667,12.39
15.366666666666667,2.85,3.07
16.566666666666666,5.2,7.07
3.0500000000000007,2.3588165248963207,1.21
17.083333333333332,20.0,30.266680354306008
16.3,93.58379642425042,1.55
0.9166666666666679,26.810517227153095,3.84
8.936969195745284,15.15,18.77
18.466666666666665,14.5,32.60193283692002
10.833333333333334,6.666667,7.12
15.283333333333331,15.3,6.03
7.533333333333333,15.21667,18.15469782333821
21.016666666666666,10.0,6.94
16.7,22.85,23.77
12.466666666666669,20.892044948264758,6.08
18.48333333333333,5.55,14.1
19.516666666666666,16.78333,8.52
19.0,19.06845292624432,20.5
16.016666666666666,8.416667,6.44
15.716666666666669,14.080879072168893,33.22368243782315
22.23333333333333,14.1,11.87
14.666666666666666,1.35,2.5
18.73333333333333,33.0031609889018,3.71
22.15,0.6666667,6.52
10.816666666666666,0.65,3.66
22.6,16.65,9.81
15.466666666666669,16.8,10.48
20.181737298357863,39.73340939838842,7.15
20.03333333333333,10.5,6.86
23.183333333333334,0.95,4.47
19.33333333333333,17.73333,26.08
16.733333333333334,5.3,10.81
15.333333333333334,21.06667,12.71
12.843185431641661,0.65,29.322659203417132
22.78333333333333,5.949057309007585,39.419717723238286
22.016666666666666,10.05,56.18802651155274
18.366666666666667,13.93333,11.05
15.633333333333333,8.866667,7.108903105515056
16.766666666666666,11.7,2.6
3.7666666666666657,12.35,10.23
4.399999999999999,16.550472600455873,13.337528538210318
4.266666666666666,13.66667,28.03
17.1,17.11667,4.3703213617741135
15.801689463475002,1.402030306452364,2.92
13.683333333333334,16.15064277704157,6.56
20.45,9.033333,11.92
17.15,16.61667,3.72
18.28333333333333,15.78333,6.34
17.966666666666665,14.6,15.307228773199022
17.0,12.28333,5.06
16.816666666666666,7.743373955379104,6.92
11.883333333333333,18.25,33.29
15.383333333333333,0.7,1.6
17.983333333333334,17.1,14.77
1.7972110467511797,17.4,26.302132716425696
18.55,1.9670929394157148,2.13
14.616666666666667,37.87103702556873,12.54
16.833333333333332,0.6473111960887298,8.759105847722385
17.416666666666668,10.209864110744867,2.84
15.516666666666667,1.283333,15.47
16.7,12.26667,3.85
15.8,10.11667,7.27
17.55,68.65269128222391,17.84
23.33333333333333,14.9,9.1
23.216666666666665,23.068507637576793,41.96467569736997
14.566666666666666,1.533333,7.43
8.09958387156706,12.95,8.21
19.53333333333333,44.789505227155786,27.99
8.847857316592611,0.7466667,5.34
22.7,9.033333,4.72
20.366666666666667,16.4,5.69
22.08333333333333,4.066667,11.1
12.45,115.9528185236327,8.51
21.883333333333333,4.683333,31.37
12.75,0.4260147500521307,1.47
15.833333333333334,2.3094015666147856,1.89
15.616666666666667,19.800246408276266,5.31
22.98333333333333,9.366667,19.18618749354966
11.7,14.56667,5.72
13.416666666666666,8.766667,8.96
21.683333333333334,47.27027318295514,14.03
15.333333333333334,24.2,10.1
14.933333333333334,16.2864620079533,7.27
22.016666666666666,17.65,26.87
21.883333333333333,0.8833333,2.5
0.8833333333333329,28.878674753292202,3.78
20.766666666666666,16.85,22.96
19.633333333333333,14.51667,18.628365002877544
12.2,9.616667,5.47
14.766666666666667,1.55,1.2990964062139392
21.05,15.090971270795297,7.0
19.466666666666665,12.58333,1.62
18.933333333333334,6.116667,6.51
9.086745073134566,8.27624617715421,19.32
17.466666666666665,15.28333,4.3035051752282305
20.8,0.1666667,0.54
21.566666666666663,18.56667,7.92
14.4,0.5170747188590601,1.54
16.483333333333334,1.116667,7.49
2.7166666666666686,2.566667,4.708327518005389
16.85,18.28333,3.79
20.416666666666668,17.1,5.79
0.07214426814413599,3.216667,7.28
18.45,12.625548739369052,48.1346333157504
12.522458632427636,17.21667,21.444658298019785
16.983333333333334,13.2,16.58
17.3,24.21667,15.85
22.09352321349288,6.652623166885599,26.44
20.016666666666666,10.7,11.269558333712629
20.566666666666663,13.76667,13.56
14.516666666666667,2.667438540774979,32.99
15.866666666666667,24.1850100793737,7.49
16.366666666666667,11.8,25.418012502724306
20.48333333333333,11.56667,32.81528300330508
16.8,18.58333,13.79
15.333333333333334,14.7,14.36
23.816666666666663,15.9,9.18
22.933333333333334,15.18333,10.83
16.75,9.289220168474273,45.96688643217552
18.7,13.634777047219712,13.09
17.716666666666665,39.9,19.83
17.166666666666668,0.7166667,1.4621208429196848
20.48333333333333,0.3666667,2.12
16.566666666666666,9.15,23.011505176767244
12.2,14.48333,11.46
19.03333333333333,2.216667,18.80064830588177
17.033333333333335,8.433333,7.8453894627047704
11.35,14.660525240425361,23.79
14.633333333333333,2.016667,6.88
19.98333333333333,13.38333,4.0
20.516666666666666,14.711923616846923,12.42
21.65,17.23333,10.45
16.6,14.58333,4.74
21.4,20.41667,6.57
10.55,10.96667,16.73
21.466666666666665,21.28333,40.10890848193783
20.116666666666667,2.816667,2.8
22.5,0.95,8.83
18.48333333333333,10.6,10.97
15.4,7.6,12.66
17.65,15.2,46.220333190062085
9.583333333333334,12.83333,7.65
21.166666666666668,12.18333,5.44
20.216666666666665,1.933333,33.869045446319504
21.28333333333333,1.533333,36.76404811265413
20.316666666666663,14.48333,5.1
16.116666666666667,9.75,4.12
21.25,8.032535904040632,5.81
17.183333333333334,7.583333,6.38
19.133333333333333,16.45,12.345315687221008
17.833333333333332,1.0,19.0
9.633333333333333,5.883333,4.32
17.483333333333334,2.6,16.57
20.73333333333333,5.95,20.460723311083857
18.8,14.35,57.810202098730954
16.7,60.50058370850566,8.14
11.516666666666667,16.61667,3.23
19.966666666666665,1.566667,28.129097038495818
15.383333333333333,14.0,21.61
17.433333333333334,9.233333,41.96864080004161
0.9333333333333336,2.53494049329813,37.94968527018791
18.53333333333333,21.61667,23.61
17.233333333333334,40.11781083468868,29.120394789080603
19.0,16.576233746264933,18.03
15.366666666666667,12.18333,33.44865622110199
18.33333333333333,14.58333,13.95
15.583333333333334,4.4,5.53
22.866666666666667,12.21667,4.57
17.566666666666666,15.490242140935703,23.554156759197358
15.883333333333333,12.53333,3.23
11.233333333333333,45.33318849258903,6.18
15.711886656884358,22.9,38.21727385270386
15.4,8.6068275202302,15.53
14.816666666666666,1.0616696719299874,0.74
18.816666666666663,10.31667,7.09
17.65,12.85,17.6
9.533333333333331,1.25,10.78
17.1,18.63333,9.53
15.516666666666667,2.45,3.9
18.883333333333333,2.683333,9.1
20.35,9.666667,4.22
19.95,12.05,7.01
14.75,1.033333,6.89
18.366666666666667,14.28333,17.48
8.566666666666666,2.666667,7.09
21.1,20.72118037372689,22.03
1.6166666666666671,1.1,1.68
10.1,10.4,10.4
22.53333333333333,15.16667,23.13186980723869
21.0,8.475702897935236,6.95
20.266666666666666,5.233333,4.89
22.73333333333333,8.434989921536964,26.69
15.633333333333333,9.366667,5.44
15.616666666666667,7.150569766117978,8.48
13.8,9.866667,12.83
10.421140323790315,2.25,6.43
0.4499999999999993,5.15,8.17
23.33333333333333,50.95,3.29
18.1,10.700488928932838,42.096943477101156
19.916666666666668,2.266667,1.64
19.9,12.3,11.56
16.05,22.58333,11.91
19.8,25.800356278642756,22.67
11.333333333333334,10.023732627741424,5.48
10.6,6.316667,5.71
20.55,0.4166667,4.96
19.183333333333334,5.75,10.48
17.15,10.05,1.02
22.216666666666665,14.03333,15.65
16.42403697079814,15.33333,3.2
17.45,0.40485037067977153,0.85
21.066666666666663,89.6710376700186,7.77
19.366666666666667,15.707644963863482,6.03
19.98333333333333,6.583333,12.79
19.633333333333333,18.664903557176096,7.5
18.05,9.05,5.94
17.133333333333333,15.1,11.07
20.666666666666668,15.13333,13.74
18.53333333333333,26.98333,6.08
19.816666666666663,11.344680566089133,17.78
16.5,17.8,14.56
19.3,0.6833333,3.98
3.7333333333333343,23.23333,15.211701073606966
15.3,9.983333,5.41
17.2,2.116667,3.48
19.683333333333334,3.366667,12.56550103514921
18.6,3.1,9.96
17.383333333333333,14.55,11.53
8.633333333333333,1.116667,4.21
20.45,1.666667,3.06
21.616666666666667,6.433333,12.28
10.183333333333334,12.34953125655319,9.58
22.33333333333333,20.25,13.71
15.483333333333333,2.4,3.3661951555125413
17.133333333333333,2.266667,4.82
22.116666666666667,20.17202137854627,19.21
12.866666666666667,2.066667,12.44
15.033333333333331,0.3333333,1.63
11.066666666666666,17.61667,11.46
18.966666666666665,17.56667,8.6
20.183333333333334,19.1,25.433968493659048
13.65,17.85,5.29
10.416666666666666,2.316667,17.81
21.883333333333333,12.01667,12.53
23.416666666666668,19.76667,4.2
14.933333333333334,6.266667,3.04
16.95,1.483333,5.85
18.466666666666665,3.65,7.15
20.05,15.05,5.69
15.733333333333333,36.91667,14.53
8.366666666666667,14.11667,11.67
11.85,7.316667,7.94
19.28333333333333,14.11667,12.4
16.466666666666665,12.3667604742586,17.67955235598376
16.75,14.73333,12.57
14.652160430039416,17.483816967076805,8.2
11.35,2.35,13.12
19.05,3.1426904604892876,11.22
18.133333333333333,9.983333,15.750826274661813
17.683333333333334,3.533333,6.94
4.0,20.88333,11.21
17.566666666666666,22.78127471172473,4.7
17.85,15.460397275332207,36.54435634377878
14.266666666666667,1.516667,1.61
16.8,8.983333,8.93
22.78333333333333,0.5833333,3.95
2.7666666666666657,45.68333,8.97
15.266666666666667,23.239121873066257,14.46
19.2,0.4333333,1.38
15.8,9.027911296076306,7.86
20.516666666666666,15.15234575979914,45.94
14.333333333333334,1.333333,2.69
18.383333333333333,2.433333,5.13
22.6,15.78333,25.08
16.366666666666667,3.266667,10.13
17.0,15.5,3.6
23.6,16.03333,14.85
21.166666666666668,11.95,31.693682708228007
18.216666666666665,13.96667,6.51
5.083333333333332,40.63333,8.46
22.466666666666665,2.016667,2.41
20.08333333333333,20.13333,8.18
18.6,32.341083246610175,6.94
10.583333333333334,2.5334750119632092,7.34
8.916666666666666,4.4,19.379944667781235
19.416666666666668,4.75,6.48
22.883333333333333,14.6,12.82
16.883333333333333,16.109781822040674,15.7614269987843
14.466666666666669,2.833333,5.42
8.333333333333334,6.666667,7.99
15.35,1.5,7.89
21.98333333333333,15.78333,30.216822179302106
15.9,10.88333,6.97
18.65,1.366667,12.96
18.33333333333333,1.666667,7.1
16.733333333333334,10.73333,33.45
16.433333333333334,17.33333,9.8
18.7,11.05,13.51
16.916666666666668,49.372465050833696,18.48
9.516666666666667,12.83333,8.18
16.45,1.6,1.8532560375728646
16.45,12.83333,11.407494822964072
21.124404054945625,38.177550961094276,43.15842150192708
19.23333333333333,0.7166667,14.47
22.6,0.6735383302836149,3.25
19.35,13.7,4.66
20.633333333333333,11.48333,3.09
10.616666666666667,15.53333,6.43
16.466666666666665,19.66667,5.0
16.316666666666666,12.41667,5.01
22.883333333333333,14.83333,15.08
16.816666666666666,9.483333,6.99
16.833333333333332,3.316667,6.58
22.683333333333334,13.61667,15.976992665501312
17.85,16.742550308578167,13.25
22.1,20.73333,14.54
9.4,15.93333,19.43
8.066666666666666,12.35,4.43
15.933333333333334,1.133333,2.71
20.133333333333333,0.85,2.46
21.574309244853303,14.13333,7.47
17.35,9.8,7.69
14.0,3.433333,10.95
19.683333333333334,9.55,15.52
22.4,35.58333,24.75
18.133333333333333,3.383333,15.86
20.433333333333334,3.4,35.09576000695583
15.02403749643563,12.86667,4.35
11.033333333333331,14.58333,19.15
20.6,11.135248768586598,2.6
16.483333333333334,12.63333,3.36
14.0,17.26667,5.27
17.5,2.35,4.43
19.72195476909255,20.13333,11.63
21.116666666666667,14.6,12.27
21.266666666666666,16.21667,15.82
20.633333333333333,14.01667,28.925913940602914
21.6,10.912994292906227,9.69
19.716666666666665,10.8,8.37
21.83333333333333,18.48333,8.42
16.066666666666666,40.706729011114746,17.63
4.0627274521156025,23.514553683133045,13.29
16.216666666666665,21.08333,6.3
15.5,0.8503432908894459,2.65
8.483333333333333,15.28333,15.82
13.483333333333333,11.812418540184456,7.31
17.666666666666668,16.28333,9.03
21.116666666666667,8.35,4.33
12.883333333333333,1.55,15.86
16.983333333333334,10.577222280095334,9.72
11.483333333333333,6.412473469893749,18.02
11.283333333333331,0.1629613299331662,0.73
20.866666666666667,14.38333,8.37
18.35,2.116667,31.963328695124947
20.2,9.6,7.97
20.716666666666665,6.909545562934107,48.160055646039545
18.53333333333333,11.0,7.1
2.7166666666666686,19.55,15.760425619755406
13.033333333333331,4.446615233760766,2.82
11.485426802998699,11.58333,6.75
18.98333333333333,2.499689517264587,9.12
16.866666666666667,11.78333,3.41
22.366666666666667,2.633333,3.76
19.83333333333333,19.6,43.985510455428155
14.65,21.482717643269446,12.23
4.416666666666668,17.6,3.47
15.366666666666667,19.43333,12.78
0.4833333333333343,21.85,12.43
16.066666666666666,16.22075300543174,18.41
11.366666666666667,17.38333,0.71
19.25,1.372222,6.65
17.983333333333334,18.68333,13.483981953375041
20.4,13.63333,5.45
15.133333333333333,8.55,2.35
0.6499999999999986,13.8,14.58
14.333333333333334,0.169186296195895,4.08
6.435331417890363,0.55,2.79
19.883333333333333,15.58333,24.122785187847914
12.944411985338956,13.9,6.45
18.133333333333333,17.13333,4.56
21.7,4.25,37.454638480336875
16.2,9.683333,15.624441308467649
19.73333333333333,18.23333,42.626015743704045
20.08333333333333,12.27460929518333,3.74
15.283333333333331,3.183333,4.93
20.78333333333333,15.16667,1.47
20.25,14.734080051598664,9.15
18.933333333333334,7.112643006667941,4.24
20.1,3.0918839183182905,1.82
0.45168447862815597,8.533333,9.2
22.53333333333333,15.36667,30.05549099558033
22.6,73.37427279614442,18.51
23.566666666666663,21.76667,12.54
16.116666666666667,15.11667,11.85
0.8000000000000007,2.4511387626939647,17.507618271631657
17.566666666666666,1.566667,4.68
15.7,2.083333,3.17
16.35,9.816667,30.20836611934472
15.433333333333334,8.616667,5.21
21.566666666666663,24.364889380086396,14.93
19.566666666666663,14.4,7.19
20.266666666666666,12.383285043183047,1.81
19.866666666666667,17.1,23.85
16.9,38.44994032695411,6.021805625169072
19.55,9.566667,19.262715224851856
17.7,13.189997274218692,9.0
22.683333333333334,40.36667,5.86
22.516666666666666,15.15,10.54
15.516666666666667,20.439944352321664,16.29
20.48333333333333,0.9833333,2.52
19.33333333333333,19.43333,25.08
21.183333333333334,3.183333,5.72
15.5,2.25,3.17
19.216666666666665,15.2,8.57
14.983333333333333,18.35,5.24
12.870297331926121,13.870856148168295,12.06
19.266666666666666,7.05,10.63
22.48333333333333,4.3,11.03
18.633333333333333,11.818494523066265,21.46
14.866666666666667,1.7,3.04
18.05,16.46667,12.441152705654966
15.75,2.716667,5.054002601460088
15.966666666666669,2.066667,6.61
13.85,6.133333,3.58
19.516666666666666,19.21667,35.094863233701325
15.516666666666667,6.233333,6.49
15.466666666666669,5.622129061132505,6.84
15.7,13.06667,23.133464805376715
16.833333333333332,9.935814679803604,7.39
22.816666666666663,12.21667,21.81387610271806
18.98333333333333,20.25,9.0
18.216666666666665,13.86667,8.39
16.283333333333335,6.85,5.81
16.15,13.33333,3.71
12.033333333333331,13.71667,3.35
11.983333333333333,14.210615665083134,18.781373568710407
5.033333333333331,10.48333,6.07
20.666666666666668,15.01667,10.62
14.75,13.16667,13.61
19.116666666666667,4.016667,9.81
15.5,12.693921946971757,7.46
16.416666666666668,11.0,12.85419697429519
19.35,3.083333,6.27
13.583333333333334,19.51778803146039,23.792300602572503
6.079215232295003,10.6,2.6507241954351777
15.766666666666667,0.6744027291540389,8.22
15.2,44.66667,6.87
21.08333333333333,20.98053634589786,43.65462647389853
16.483333333333334,7.664694595046536,16.37
17.45,11.68333,6.85
20.45,14.5,8.54
20.28333333333333,13.011869190069831,22.79
22.58333333333333,14.815473446119622,18.46
20.816666666666663,19.33333,35.10766577123664
21.0,5.897044635544904,3.24
20.6,14.56667,21.72
20.166666666666668,24.2,17.160551775794012
14.716666666666669,14.936092387824422,9.89
15.8,17.232175700624474,6.96
21.266666666666666,1.466667,15.75
15.4,8.599212662923824,33.03
2.5500000000000007,7.366667,11.33
18.4,18.07801439853438,15.98
20.566666666666663,4.288123962290814,2.5
13.833333333333334,1.083333,4.74
17.083333333333332,3.3123118054607557,20.531963569498622
23.966666666666665,18.78333,18.42
16.6,9.05,24.36
17.75,1.25,4.67
14.766666666666667,15.272801187262376,4.94
18.28333333333333,14.4,10.75
17.066666666666666,21.85,8.04
23.1,9.266667,10.57
19.433333333333334,86.81982971402573,22.54
16.066666666666666,1.634367009786888,4.66
20.116666666666667,11.55,6.87
23.933333333333334,13.35,21.62
14.866666666666667,10.01667,24.18884607348824
15.7,2.033333,5.16
13.55,9.583333,4.21
18.366666666666667,10.003400469198347,6.14
8.983333333333333,18.0295136835953,8.32
23.53333333333333,14.01667,6.62
17.333333333333332,0.4333333,1.7986728520086035
16.5,14.66667,23.572955406268594
16.016666666666666,2.066667,9.43
18.58333333333333,5.883333,10.2
17.183333333333334,8.983333,16.69
12.72096471606492,24.23651241681087,6.87
2.9371073919799535,13.066058135362699,27.16
12.3,5.433333,9.08
18.433333333333334,2.216667,9.02
13.933333333333334,16.780781762812786,6.54
18.966666666666665,10.36667,62.93784153412096
18.683333333333334,2.433333,25.18843225335004
17.783333333333335,17.93333,20.81
21.55,13.4,23.863907650522886
6.866666666666667,2.466667,11.53
17.533333333333335,10.41667,21.05147073364118
15.133333333333333,9.583333,25.38
23.95,10.7,10.16
21.666666666666668,5.866667,4.73
8.1,0.4666667,1.39
12.0,12.26222,19.24678200545022
15.8,10.23333,7.02
16.183333333333334,0.8833333,1.05
18.866666666666667,10.45,24.50421231898945
15.45,15.16667,2.9
18.133333333333333,114.32740214615971,6.73
4.133333333333333,5.316667,39.13981709868647
20.78333333333333,40.30798854460754,26.0
20.1,1.3054936367744572,13.71911514054751
21.666666666666668,91.56545773235393,14.46
11.333333333333334,13.56667,21.86
17.383333333333333,17.14450787550144,16.42
18.616666666666667,8.216667,8.79
22.508725551540554,42.12124001171988,7.54
14.6,12.7,21.51
20.616666666666667,14.93333,25.71379071753938
16.3,24.2,6.47
1.3500000000000014,12.927111256523032,17.97
11.383333333333333,14.96667,2.92
16.766666666666666,11.343927045853764,6.32
18.116666666666667,21.683865898343466,6.94
15.7,17.1,46.323694853777994
15.033333333333331,20.96667,5.101901103639975
15.4,18.246203996991582,23.56
17.65,10.78333,18.28
22.566666666666663,15.16667,9.36
19.916666666666668,14.45,18.27
18.85,3.402290206051827,6.99
18.25,1.2,10.47
14.35,22.48333,4.39
15.633333333333333,18.004743230685378,5.0
16.116666666666667,19.61980531645944,13.61
19.183333333333334,9.933333,30.62
14.75,14.11667,21.329417813806792
22.83333333333333,15.2,25.02
3.383333333333333,22.449027653504796,10.99
18.75,0.8666667,3.85
20.116666666666667,12.1,3.97
0.9499999999999993,24.272160765067245,11.91
21.316666666666663,13.38333,4.24
15.233333333333333,11.3,14.95
17.066666666666666,7.901938485422971,7.07
17.566666666666666,9.966667,2.05
2.204591501858765,0.3666667,0.73
18.1,0.55,2.18
15.666666666666666,2.983333,4.83
21.116666666666667,4.266667,6.380938149557914
15.3,15.01667,5.85
21.65,16.88163979774709,23.61
18.45,0.5333333,1.67
15.733333333333333,1.816667,8.36
13.183333333333334,1.233333,34.03
17.7,0.2833333,0.55
14.383333333333333,13.63333,4.292691473016981
15.933333333333334,9.916667,9.18
18.016666666666666,15.068993510911298,15.12
19.133333333333333,18.38333,7.37
18.25,9.833333,14.99
22.33333333333333,9.766667,16.71361126640113
22.916666666666668,0.5666667,1.86
4.716666666666669,61.747080447783745,6.32
22.416666666666668,18.91667,8.635762690894772
15.333333333333334,19.46574858688229,21.61
15.65,3.133333,4.86
0.31666666666666643,19.66667,19.74
13.65,11.217812353683668,11.81
17.733333333333334,11.93333,16.43
17.633333333333333,5.7,3.92
17.333333333333332,16.98333,11.49
15.766666666666667,6.116667,25.8590155273024
20.383333333333333,2.15,15.38
22.23333333333333,14.33333,6.92
14.066666666666666,8.166667,5.77
16.15,19.28333,1.03
11.55,14.28333,22.67574067967944
16.216666666666665,1.15,10.13
19.683333333333334,66.16952945257263,17.94
16.55,20.5,9.08
15.533333333333331,11.36667,52.50449034458958
14.683333333333334,0.15,0.54
13.716666666666669,12.05,3.04
16.7,14.03333,11.285111615036147
19.33333333333333,1.034825721324339,6.38
21.266666666666666,14.26667,2.99
20.15,0.3417888030895994,1.06
23.9,1.033333,1.29
14.35,13.25,8.35
0.31666666666666643,15.158475505859068,11.76357170884963
16.4,20.26667,7.76
20.45,13.93333,5.35
20.433333333333334,14.31667,24.73
21.633333333333333,62.31550348142985,20.96
13.8,8.833333,17.04
19.33333333333333,3.966667,19.37734157281229
14.266666666666667,1.566667,16.26
21.58333333333333,9.233333,13.1
18.4,12.2,9.82
14.9,15.48333,25.64997331602033
22.35,29.013374422492987,13.830509167469572
19.516666666666666,21.6,3.76
20.45,3.15,13.79
13.2,16.25,6.355000967674423
15.416666666666666,10.55,8.47
15.533333333333331,11.05,10.1
16.433333333333334,46.71270692589677,7.11
15.866666666666667,31.3,17.02
17.03839859864432,8.8,3.77
2.3999999999999986,9.433333,19.0
14.3,3.666667,3.64
12.45,12.03333,10.5
10.45,0.2333333,0.71
19.666666666666668,0.45,1.0
17.3,14.868371642839936,7.69
17.55,3.433333,4.95
16.016666666666666,14.7,6.21
22.066666666666663,3.283333,26.19
16.8,4.683333,15.4
2.290335014191321,0.9333333,6.67
1.4333333333333336,17.47387038062794,34.79
16.583333333333332,13.726203931821725,10.908292676343118
12.083333333333334,15.53333,12.19
14.181700197055761,7.0,17.61
17.05,24.7,5.76
15.516666666666667,2.3010409230775766,8.32
18.7,35.96446620816806,3.94
11.400092335442604,13.2,3.76
19.1,16.08333,10.84
18.8,14.96667,6.42
0.1999999999999993,14.25,8.59
16.6,2.116667,50.579913430186686
12.216666666666669,0.2833333,2.03
14.25,22.9,14.86
16.6,11.701874383329217,6.58
5.966666666666669,0.75,2.8828052073274737
23.383333333333333,2.0,13.27
18.866666666666667,1.85,17.68
15.5,9.166667,8.78
17.933333333333334,14.2,25.13
23.616666666666667,13.2,13.43
18.316666666666663,13.748731001017596,2.26
19.95,0.8666667,1.9
7.587371164512296,0.2833333,4.26
20.48333333333333,4.516667,9.83402594940737
16.616666666666667,16.01667,36.01
14.183333333333334,18.31667,5.29
19.2,14.03333,3.53
15.45,18.71667,7.29
18.016666666666666,14.48333,6.58
6.816666666666666,14.58333,14.215792714767158
17.1,3.2,3.98
23.133333333333333,17.75,9.41
23.83333333333333,16.53125609765369,17.03
17.7,1.584404500275833,16.16
18.4,0.19073555029367592,0.81
21.016666666666666,19.371200552899914,9.91
10.233333333333333,6.616667,3.8
18.95,10.55,7.82
14.866666666666667,4.05,4.03
4.949999999999999,2.45,3.37
17.966666666666665,0.9531703050935835,3.2
19.48333333333333,2.283333,22.149301977015565
19.366666666666667,11.0,15.27
16.35,16.18333,14.922007390807849
15.966666666666669,50.640545046125126,8.68
15.7,13.13333,4.8
12.533333333333331,0.5,4.73
12.351768285871852,15.16667,13.97
19.5,119.54576871352177,5.95
19.3,11.598821316999786,5.8
3.7333333333333343,14.93333,29.0
19.95,17.73333,6.78
13.05,8.35,2.32
8.633333333333333,0.6166667,2.94
20.466666666666665,36.21667,9.54
0.0,17.11667,7.0
16.283333333333335,19.23333,7.45
16.966666666666665,1.666667,2.1
22.633333333333333,15.989203775197188,12.91986724283779
11.916666666666666,2.683333,12.32
14.166666666666666,10.66667,3.04
6.430940987713499,5.8,18.38
18.133333333333333,11.232697006459388,6.06
22.48333333333333,19.93333,8.07
18.228578121325214,3.633333,16.19
14.566666666666666,0.6166667,1.07
17.75,15.85,4.61
11.833333333333334,10.26667,6.69
16.7,14.5,11.1
16.066666666666666,24.27250126845322,10.45
15.433333333333334,3.05,16.312629547247198
16.633333333333333,5.133333,3.3
15.2,13.972141075896326,8.91
22.03333333333333,18.366371809705733,12.82
9.366666666666667,0.2833333,4.64
22.916666666666668,8.9,7.27
17.116666666666667,16.68333,9.18
18.266666666666666,14.21667,14.48
20.20849241475274,6.016667,11.93
0.4499999999999993,12.83333,36.39
22.98333333333333,14.58333,7.3
17.333333333333332,16.83333,7.4
20.75,1.35,8.49
17.05,8.624698155219944,2.68
7.566666666666666,7.85,2.69
21.8,14.18333,3.5673672222858293
13.527044270554809,3.15,15.92
8.383333333333333,1.316667,3.9
20.383333333333333,19.29936843029348,7.04
15.233333333333333,4.483333,4.11714813398011
17.883333333333333,71.57728490020571,8.25
20.216666666666665,1.8,3.78
9.066666666666666,23.46667,25.086599695452023
20.316666666666663,12.35,4.22
19.166666666666668,3.7,6.9
22.35,5.583333,5.21
16.35,0.1666667,0.57
17.816666666666666,9.833333,6.69
21.7,14.16667,25.33
18.852509380567064,17.03308779075675,6.78
20.683333333333334,8.5,3.25
16.233333333333334,14.449186452690466,6.32
15.016666666666667,0.2166667,4.3
20.28333333333333,13.38333,23.69843692482682
17.533333333333335,1.866667,11.8
16.883333333333333,2.2405365199375367,7.05
22.716666666666665,17.949423378967946,15.977514734687285
17.85,5.034698319387578,5.386734194729943
20.73333333333333,16.727803862668903,13.26
16.4,22.917973882888443,6.52
11.133333333333333,8.366667,4.906965314676054
8.833333333333334,1.433333,4.093341572625563
22.28333333333333,2.164723933155862,7.21
20.716666666666665,9.933333,6.48
7.421017739307233,0.2166667,1.97
15.6,1.733333,9.66
0.10000000000000142,1.0,8.21
16.216666666666665,3.599444834009218,24.75
12.716666666666669,0.6833333,1.98844078078866
18.766666666666666,19.68333,6.19
22.65,10.41667,26.91
11.46814046039314,4.736428966855948,8.21
20.45,0.3833333,20.94
15.75,18.41665519755542,13.03
13.55,0.2333333,0.85
16.05,0.8,2.47
15.783333333333331,3.5,11.48
22.8,16.333844205321743,31.354496493537447
21.016666666666666,9.4,4.71
16.916666666666668,17.66667,7.59
16.5,27.52063513953334,11.99
20.7,13.4,22.040094630706587
22.566666666666663,13.61667,12.93
22.45,14.08333,27.182816829548685
19.95,16.833136743612545,17.94
19.7,8.133333,17.63
16.45,17.401436112450877,14.11
17.433333333333334,67.3429796034413,19.64
19.516666666666666,21.08333,3.18
0.03333333333333144,16.839385532808517,12.87
23.866666666666667,9.35,3.4
18.75,3.05,7.56
19.95,18.71667,19.62
12.166666666666666,0.4666667,13.904696556662675
13.733333333333333,5.5,12.228654191878158
17.516666666666666,12.896512789522642,23.51683788279537
22.95,3.216667,4.59
14.6,1.35,3.42
19.066666666666663,12.88333,17.63
23.816666666666663,8.053236125814424,11.4
17.483333333333334,12.51667,19.85
14.783333333333331,15.458282062877636,8.29
4.333333333333332,12.76667,12.15
21.53333333333333,15.93333,19.48
11.383333333333333,1.8,3.13
21.95,2.066667,5.15
18.25,37.77152383674425,17.85
11.966666666666669,14.7,1.58
16.283333333333335,12.35,5.59
16.533333333333335,1.133333,4.57
21.23333333333333,17.83333,19.87
14.616666666666667,3.35,2.5
22.883333333333333,3.1,5.85
19.266666666666666,1.466667,18.41
21.966666666666665,13.15,44.876146240662784
14.766666666666667,14.5,16.5
16.866666666666667,5.583333,25.51
7.616666666666667,21.85,11.11
21.65,17.16667,15.86
22.383333333333333,14.55,5.95
17.966666666666665,2.55,15.84
16.566666666666666,15.23333,9.96
18.53333333333333,2.016667,7.1
18.58333333333333,20.547696701002263,36.7221060673939
19.33333333333333,19.38333,13.91
5.776360121301938,3.033333,18.44
15.5,16.12033963176262,13.37
11.8,92.33333,14.96
15.616666666666667,8.2,6.25082887124503
17.233333333333334,28.266291694560383,20.77
14.616666666666667,0.5833333,1.63
15.766666666666667,26.385930074511098,4.92
15.1,12.38333,23.65204818125814
0.9833333333333343,2.283333,2.45
22.78333333333333,3.666667,13.26
21.866666666666667,10.6,5.1
16.366666666666667,4.391867195596573,7.34
22.933333333333334,8.565943429849376,10.42
16.75,1.433333,1.75
11.099598908594634,19.01667,7.56
18.616666666666667,11.76667,28.88
17.066666666666666,13.45023493865538,19.21
3.0825361647774088,14.837781801370166,4.46
15.866666666666667,3.03795176608222,9.4
14.533333333333331,5.166667,1.54
14.116666666666667,12.91667,12.23
7.7,3.05,8.2
16.833333333333332,14.73333,11.15
22.08333333333333,15.605304844165016,23.64266151324613
22.716666666666665,13.695260936176101,17.75755569530651
17.266666666666666,18.066027667733085,20.77
14.8,2.033333,4.17
12.033333333333331,0.9666667,12.929441618249518
19.016666666666666,13.66667,34.93978012215113
12.166666666666666,20.76667,9.35
17.55,16.05,13.44
16.7,19.73333,11.51
20.85,15.2,7.51
16.85,45.21358940893922,5.089381552363746
16.783333333333335,2.983333,7.79
21.716666666666665,9.233333,5.17
19.766666666666666,13.7,10.04
14.683333333333334,1.933333,6.72
18.716666666666665,13.68333,36.31
16.583333333333332,8.933333,5.33
21.666666666666668,17.33333,16.28
15.783333333333331,5.45,9.83
13.35,7.22480667200438,3.6
17.116666666666667,4.9321741864613955,3.35
16.866666666666667,18.95,11.61
14.9,1.55,14.51
20.816666666666663,16.71667,13.637509795599618
18.9,17.78333,19.48562404839322
17.216666666666665,27.23333,17.328693748586808
17.033333333333335,3.05,13.78
16.3,15.11667,13.12
16.133333333333333,18.9,9.16
20.28333333333333,49.74937118393425,12.17
21.916666666666668,12.41667,24.07
17.533333333333335,12.38333,31.210412558801472
15.583333333333334,14.41667,9.52
14.5,14.06667,15.28
0.06666666666666643,16.96667,32.6
23.83333333333333,19.88333,4.86
18.55,10.345300398259033,5.74
14.733333333333333,28.832572030437444,4.720793906929902
16.766666666666666,1.283333,8.71
18.08333333333333,6.716667,9.41
15.7,13.71667,10.01
11.966666666666669,24.53333,6.67
18.633333333333333,15.28333,11.95
19.516666666666666,27.61511024920253,10.94
21.48333333333333,17.16667,10.5
15.133333333333333,10.78333,16.13
12.583333333333334,8.918026799005977,10.0
23.45,14.21667,19.28
19.58333333333333,15.11667,5.58
23.48333333333333,19.03333,11.46
16.45,20.61667,19.88
23.683333333333334,14.65,10.61
20.45,0.9536199680010755,2.9
19.901269217689695,18.38333,13.19
21.0776516546956,17.1,9.5
15.166666666666666,2.489334245137196,1.88
16.916666666666668,6.966667,6.1
20.28333333333333,11.033184612111288,5.66
13.166666666666666,24.88333,11.21
16.0,6.716667,10.36
14.5,0.5833333,1.86
15.183333333333334,10.23333,23.05
13.65,25.21667,8.17034108985914
19.7,89.53775186465205,8.3
0.10000000000000142,86.20116862513112,6.13
11.233333333333333,11.53333,13.74
20.33333333333333,16.78320553144317,6.33
19.45,35.88194989638004,13.87
16.616666666666667,15.91667,26.68
15.516666666666667,14.05,16.54
17.5,24.03333,5.21
2.0,11.05,8.09
18.58333333333333,8.766667,1.95
16.133333333333333,5.966667,5.9
16.983333333333334,0.18326168677694268,1.56
2.6000000000000014,16.38333,8.79
18.3,17.7,11.19
7.3636450517597645,1.898084648076126,3.97
12.783333333333331,2.65,4.41
13.666666666666666,26.6,4.1
20.35,19.03333,9.88
16.016666666666666,38.4,10.78
23.08333333333333,9.4,6.64
17.70901545597541,67.92468713297983,23.13
18.166666666666668,14.98333,5.21
13.3,8.555101036848857,4.7
16.516666666666666,63.65154285929294,3.77
16.383333333333333,10.73333,28.710777742268984
16.7,4.65,23.56
10.45,4.65,8.29
16.616666666666667,12.717934852996306,6.93
19.216666666666665,20.88333,6.26
12.1,18.88333,9.957565760549624
18.05,17.26667,12.06969247697387
18.5,15.75,2.62
15.416666666666666,0.8868958134014149,51.962815410075706
20.78333333333333,3.233333,6.32
18.75,20.502642536100442,11.92346016732743
21.419271954865447,13.86667,21.14
14.266666666666667,2.565053532697243,1.6
18.75,13.1,3.6440000454173425
21.33333333333333,13.35,8.003824974943418
17.0,0.7666667,28.739427035271653
8.25,10.3,11.21
21.78333333333333,12.95,10.61
14.816666666666666,0.5666667,3.38
19.25,11.16667,7.07
18.65,35.67226459159614,6.62
19.83333333333333,25.790802976487445,14.06
20.5,14.71667,17.44
19.15,21.06667,13.26
16.583333333333332,7.95,7.4
17.216666666666665,2.516667,7.98
1.25,93.45098933359908,7.06
18.98333333333333,15.456390256204052,18.1
19.7,36.92110352740203,2.01
19.766666666666666,1.65,7.62
19.133333333333333,11.38333,12.79
2.57129657916909,11.500466044040612,10.03
13.966666666666669,15.383533015970148,4.03
11.333333333333334,15.26667,5.03
22.33333333333333,2.933333,12.87
19.53333333333333,9.366667,6.72
16.016666666666666,10.45,13.697941546249202
23.8,17.05,19.21
20.5,17.970409149657538,23.06
22.216666666666665,10.93333,5.08
17.201528744219587,14.65,12.857625399227254
21.1,7.733842079219541,30.899535806162746
20.266666666666666,1.783333,12.21
1.3991150285296783,0.6833333,5.3190026282821785
14.266666666666667,12.85,6.791421725843102
16.466666666666665,6.5734760988129715,9.69
17.316666666666666,14.53333,14.58
13.666666666666666,1.6461453459673256,4.82
15.15,12.283710609689575,10.464491818761454
17.116666666666667,15.18333,26.055968065906782
19.33333333333333,25.83333,36.66062765710521
18.08333333333333,14.55,6.29
23.816666666666663,19.298256363415653,13.480379505380988
0.7833333333333314,2.466667,16.87
12.55,0.34151391611592175,1.4482666183495894
14.583333333333334,15.33333,11.52
19.566666666666663,59.82403384708624,38.17668788670562
14.033333333333331,9.016667,3.26
21.883333333333333,19.61667,6.31
11.616666666666667,6.7,4.09
16.45,22.41667,4.62
9.47950884731399,3.8073761446557883,4.29
16.266666666666666,7.65,5.49
8.837305902207056,10.03333,3.48
20.633333333333333,18.01667,5.29
8.783333333333333,14.46667,9.62723440771457
20.0,20.7261021605079,4.98
17.366666666666667,17.9,8.57
16.583333333333332,3.9663750932591455,13.595525303680915
16.2,20.95,54.05564012911404
15.483333333333333,18.547742728815347,32.03
17.533333333333335,10.11667,23.44
16.066666666666666,14.63333,13.5
14.833333333333334,2.016667,6.23
21.05,7.766667,44.7847406551335
11.9,15.100850792970533,21.09
20.95,14.55,9.65
15.2,5.983333,6.56
15.732632478081602,13.45,8.74
12.566666666666666,15.20969344337567,8.73
20.683333333333334,16.88333,8.28
21.35,51.43333,12.45
4.600000000000001,9.25,11.383683371737135
12.133333333333333,0.6333333,2.3
22.866666666666667,23.808382609641516,12.21
3.261662614593419,16.5,13.1
15.666666666666666,22.3,25.047379556014203
16.95,13.889654785718884,1.6876905443822032
22.866666666666667,13.85,4.94
22.23333333333333,23.88333,9.24
14.583333333333334,3.016667,13.05
16.116666666666667,18.91667,6.67
23.08333333333333,0.5166667,7.58
18.6,62.4,12.16
10.316666666666666,15.53333,14.53
19.53333333333333,2.65,3.22
15.75,6.383333,0.97
18.95,2.916667,3.9
22.383333333333333,15.41667,17.29
16.4,4.083333,18.382244971967303
17.866666666666667,4.949966320081753,5.9
17.066666666666666,15.66667,15.78
14.216666666666669,2.8,4.13
15.516666666666667,5.5,17.52
17.8,8.966667,5.78
23.133333333333333,11.61667,9.6
15.933333333333334,12.68333,6.18
23.183333333333334,9.832060453368367,55.89003900096286
20.75,12.38333,10.8
7.933333333333334,8.905782462558369,8.2
23.03333333333333,14.6,6.59
18.03333333333333,14.96667,26.26718640206009
17.6,3.283333,12.2
21.433333333333334,14.25,8.29900708315894
17.8,6.533333,21.07
21.683333333333334,0.5666667,0.68
18.116666666666667,5.199857032874113,6.46
16.4,12.28333,8.39
12.216666666666669,7.933333,4.494994802351576
16.25,14.310866311974776,11.89
1.8448180010741169,16.93333,27.896794081297703
18.683333333333334,14.36667,6.86
21.73333333333333,15.71667,11.862853179087397
7.183333333333334,1.55,2.26
16.15,6.666667,2.78
18.2,2.15,19.85
22.266666666666666,11.6,8.6
17.566666666666666,3.25,28.03
19.133333333333333,12.81667,15.88
18.666666666666668,17.55,8.03
23.133333333333333,63.012802937122274,46.21266556547256
18.866666666666667,15.5,3.2
16.933333333333334,9.45,9.74
18.966666666666665,19.18333,6.38
15.883333333333333,3.0533504643669658,1.28
17.6,10.73333,15.03
11.466666666666669,22.1206054567646,4.431932289469987
18.916666666666668,0.7166667,2.64
19.366666666666667,10.68333,8.385256129889749
12.833333333333334,12.71999298340249,6.95
11.333333333333334,11.533606513346276,8.62
20.383333333333333,12.6,26.372262353089173
5.666807182882621,8.333333,4.95
15.8,11.61667,5.37
16.766666666666666,0.4159766612847762,5.87
0.6985239855329084,2.016667,2.01
18.266666666666666,15.43333,11.81
20.53333333333333,2.859545019524032,41.41
15.516666666666667,13.31667,7.644323860129807
19.8,15.199054918189933,5.6
12.7,13.48333,5.89
15.116666666666667,17.05,5.78
19.6,9.99635092856415,8.868452148661017
18.9,11.93333,7.23
10.033333333333331,14.38330563575442,7.67
17.366666666666667,11.13333,5.6
15.283333333333331,8.15,5.62
17.633333333333333,2.65,29.471031119585966
16.983333333333334,15.3,7.92
12.466666666666669,20.215273718208007,4.9
16.766666666666666,12.05,10.36
17.05,40.36667,25.798486477839763
21.466666666666665,13.55,13.64
19.383333333333333,12.03333,8.38
15.766666666666667,0.7166667,1.6
17.783333333333335,19.53333,10.17
19.15,4.390788465337739,5.56
22.83333333333333,16.9,9.15
16.95,1.4079230596227799,1.56
15.916666666666666,14.43333,1.54
18.633333333333333,1.1,6.65
14.65,1.45,4.36
21.55,18.9,37.89
16.65,14.78333,6.79
19.816666666666663,14.16667,20.69
17.716666666666665,7.95,35.30325746842195
15.866666666666667,11.46667,20.42
15.566666666666666,15.95,6.0
23.69158283217645,9.1,19.99989226926584
16.5,16.41667,33.00350090655498
22.383333333333333,23.88333,23.300179453133605
15.516666666666667,10.4,6.552866650231881
18.683333333333334,71.22802853074083,14.53
11.7,13.51667,6.13
14.716666666666669,14.51667,6.08
19.4,30.11667,19.64
18.766666666666666,11.71667,4.3
13.25,4.483333,8.67
4.383333333333333,23.000981542642126,13.31
13.616666666666667,11.05,9.92
16.533333333333335,18.03333,13.94
14.35,15.35,6.810488195654936
15.15,17.51667,20.33
16.583333333333332,1.483333,5.76
18.28333333333333,9.683333,42.370564145613464
1.7833333333333314,14.38333,1.99
0.8500000000000014,2.733333,8.15
18.366666666666667,8.469346538431468,4.04
17.283333333333335,3.833333,10.8
14.366666666666667,9.783333,4.93
0.41666666666666785,12.96667,9.25
15.318959843256259,18.31667,6.37
18.58333333333333,15.8,17.27
17.616666666666667,14.35,6.95
15.616666666666667,4.683333,5.36
21.0,0.45,57.234326519502794
18.3,7.716667,31.484896277284715
21.8,17.25,14.773590805975255
20.433333333333334,21.58333,10.78
12.75,109.8896759965502,6.0
16.233333333333334,22.11667,12.85
14.416666666666666,10.210911605607144,10.66
22.433333333333334,1.966667,1.35
17.083333333333332,0.4666667,1.81
20.916666666666668,4.116667,8.58
18.166666666666668,1.55,3.49
20.9,11.61667,10.91
15.033333333333331,14.25,7.93
16.016666666666666,11.95,2.71
15.566666666666666,11.98333,7.63
23.55,14.916434529989013,10.62
16.883333333333333,2.516667,1.21
18.4,14.1,12.46
23.73333333333333,4.783333,2.51
15.383333333333333,9.35,15.4
2.3607162010880245,46.38333,7.75
16.55,13.13333,11.22
15.083333333333334,9.016667,5.68
16.25,14.06667,29.19
16.266666666666666,0.7166667,3.14
18.75,11.818306701306247,6.35
1.4166666666666679,14.46667,6.59
18.73333333333333,3.258785946529163,3.88
19.25,14.43333,13.74
22.03333333333333,10.1,9.48
14.516666666666667,2.95,4.93
20.216666666666665,12.28333,11.32
2.6833333333333336,2.5,22.66
14.1,22.899414378230347,4.77
12.45,9.75,16.62
17.516666666666666,8.783333,16.58
15.216666666666669,4.05,4.25
23.28333333333333,19.8,10.63
16.066666666666666,14.66667,9.84
17.216666666666665,1.183333,4.01
16.633333333333333,0.5589301890863255,3.493115753340535
17.133333333333333,1.666667,13.955678093549796
14.733333333333333,6.55,17.05
22.8,21.1,15.9
21.933333333333334,12.41667,7.4
12.033333333333331,0.55,0.78
19.25,24.21667,63.57989723704057
12.333333333333334,0.6166667,4.75
0.5833333333333321,16.81667,9.28
10.766666666666667,9.0,25.62
7.133333333333334,2.7,4.88
14.2,24.03333,8.34
9.766666666666667,15.5,14.47
16.7,18.41667,41.41081731130601
17.366666666666667,15.65,5.14
21.15,5.883333,5.982098896505777
23.811595362903606,4.357726188955288,5.39255434513092
14.366666666666667,12.81667,9.31
21.3,16.48333,8.01
16.64808646910484,5.916667,3.53
18.85,6.65,5.94
11.183333333333334,15.619142882968633,18.76
18.216666666666665,17.11667,5.03
23.716666666666665,11.612453772708264,32.88830936561106
18.516666666666666,10.93333,14.69
19.85,17.48333,6.06
12.133333333333333,16.86667,13.52
21.6,17.8,7.52
15.883333333333333,1.016667,1.92
18.23333333333333,13.38333,3.64
11.466666666666669,3.133333,5.34
14.95,1.183333,32.50453771335305
14.616666666666667,2.933333,6.03
10.7,8.324447137532268,11.96
12.0,13.06667,10.77
20.433333333333334,25.58333,16.21103454558179
12.8,14.46667,12.886483211093584
16.766666666666666,12.73333,9.18
22.83333333333333,1.6,14.37
13.5,17.95,2.38
16.533333333333335,16.31667,5.78
21.165146177649635,10.5,6.11
13.9,0.6450828920300158,0.77
12.65,38.16667,9.97
21.58333333333333,29.78333,7.78
17.316666666666666,2.433333,5.61
17.016666666666666,15.315927599110283,3.11
19.25,9.066667,4.48
16.25,12.11667,14.96
14.5,0.7792217723004394,2.989289789234754
8.066666666666666,3.75,1.26
20.08333333333333,16.650154406313963,0.6626649241382256
11.766666666666667,14.0,9.4
18.633333333333333,15.08333,4.46
14.9,11.15,38.31878748544492
15.016666666666667,8.383333,5.27
20.08333333333333,16.960868052481352,9.06
0.31666666666666643,22.48333,5.33
18.916666666666668,7.694167,23.658497324518393
17.716666666666665,1.416667,2.564927326128818
15.166666666666666,13.93333,17.64
17.166666666666668,0.9666667,3.36
14.866666666666667,7.422149424521104,10.13
16.783333333333335,8.95,5.36
20.616666666666667,17.814710583868095,18.37
13.266666666666667,11.06667,8.6
14.316666666666666,2.733333,14.82
19.216666666666665,3.666667,6.26
22.6,3.966667,12.312462058204693
16.35,12.066043247468873,7.89
20.48333333333333,11.785085865903566,2.84
19.116666666666667,1.216667,7.25
17.383333333333333,5.183333,3.6
20.466666666666665,22.53333,7.24
21.55,14.53333,36.22061796163442
20.816666666666663,70.2224197458727,6.3384349476154895
3.6000000000000014,19.73333,17.74483340906212
23.48333333333333,19.78333,12.05
17.516666666666666,10.2,4.17
18.716666666666665,20.7,6.07
15.7,13.81667,49.45493435884593
16.716666666666665,2.916667,9.22
15.4,1.516667,1.6336653493344784
11.966666666666669,7.073775734568244,10.74
20.65,27.58949821157471,11.44
19.8,17.31667,12.42
22.15,12.51667,6.64
17.616666666666667,12.4,18.53
19.83333333333333,9.75,3.78
16.783333333333335,4.783333,17.54
17.9,13.71643231401808,3.24
13.483333333333333,7.2,3.99
23.08333333333333,11.67002578733426,9.08
14.433333333333334,11.91667,6.55
21.5,2.3219554955486323,52.41179816782241
18.98333333333333,36.88333,13.35
21.416666666666668,13.2,14.11
23.183333333333334,18.88333,23.164069120190106
16.466666666666665,22.6,48.24
17.3,13.15,17.85
23.916666666666668,15.69361,9.24
22.6,21.48333,10.29
17.983333333333334,13.179672885494588,46.144382821596224
15.65,1.75,3.8
15.966666666666669,13.31667,12.36
1.2666666666666657,16.53333,7.48
21.48333333333333,11.08333,8.944871842446737
20.016666666666666,2.55,8.81
3.6499999999999986,15.16667,9.5
20.85,14.748870414688284,17.265057483897547
20.916666666666668,23.3,34.68
15.9,17.05,27.734742098252752
20.683333333333334,24.304079744598976,45.87718281398528
11.466666666666669,12.6,10.45
11.05,14.53333,6.6
9.8,5.3,7.15
18.75,15.06667,33.72747717316262
17.683333333333334,2.5979747302907388,5.34
18.15,27.329269512774793,6.34
19.78333333333333,0.2333333,0.5220162749779411
16.566666666666666,13.48333,9.5
18.53333333333333,16.0,7.18
18.716666666666665,3.616667,6.5478281872281805
17.516666666666666,40.850030054259506,7.71
18.066666666666663,4.565849065067089,5.15
19.266666666666666,1.133333,4.81
16.466666666666665,12.75,8.0
16.666666666666668,46.35606497693444,10.3
18.25,4.45,9.69
14.5,3.7,11.56
21.116666666666667,43.75,15.71
16.966666666666665,12.76667,44.00861907172715
15.783333333333331,15.81667,8.13
12.834888812850599,0.7166667,1.09
23.3,9.833333,4.3
7.75,14.3,1.78
1.5500000000000007,0.9333333,1.02
16.666666666666668,2.083333,2.88
0.6499999999999986,12.73333,12.56
19.183333333333334,13.88333,6.55
17.016666666666666,1.366667,1.8316872311150656
18.03333333333333,5.633333,18.71
21.78333333333333,6.35,4.99
15.916666666666666,10.03333,2.3326767091825604
8.333333333333334,0.85,2.65
20.73333333333333,3.133333,3.5777176933619192
21.9,2.383333,1.0881025327229874
21.65,0.85,3.5198530897228046
9.316666666666666,6.033333,1.44
4.483333333333334,11.96667,48.75889666791074
15.883333333333333,7.019058863112765,6.26
20.5,23.141875822601715,12.242869918965734
18.666666666666668,12.631046348272251,23.655217384337448
21.016666666666666,14.13333,2.33
22.55,14.55,6.57
19.716666666666665,10.93333,23.8
16.516666666666666,18.61667,21.72
19.83333333333333,19.55,10.59
19.166666666666668,10.767463262387679,8.05
0.8000000000000007,0.9999737533488123,3.13
11.916666666666666,38.67568027238066,17.19
11.516666666666667,11.43564514538991,4.45
11.233333333333333,1.269044315697514,4.47
14.15,23.11667,4.22
22.78333333333333,3.566667,27.16
22.9,35.68352533895622,7.94
15.45,0.5333333,1.43
23.33333333333333,19.86667,12.39
16.583333333333332,14.7,2.9440160612226465
19.08333333333333,14.23333,24.81
15.666666666666666,48.628636953524314,4.835204198383726
15.516666666666667,26.337239192743482,11.94
19.9,5.3,20.48
16.383333333333333,6.733333,4.73
13.066666666666666,15.775970385503884,17.17
21.133333333333333,17.68333,8.71
22.33333333333333,26.621403947622795,23.60983530264464
21.08333333333333,3.066667,15.04285717323888
9.116666666666667,10.43333,22.35
22.53333333333333,15.28333,14.3
20.5,45.064572235636,25.822104093160014
10.883333333333333,1.433333,2.4635023755696603
17.6,89.6537816546235,6.62
19.216666666666665,14.9,26.09909066410968
14.683333333333334,1.790833,0.76
18.08333333333333,16.11667,17.273919662719127
12.4,12.359916877018847,6.56
17.6,9.466667,21.94
20.866666666666667,20.51667,6.99
9.4,16.25,4.76
19.316666666666663,11.91667,23.507163459972944
19.416666666666668,0.4666667,5.58
19.1,7.083333,29.48
17.383333333333333,9.883333,6.85
17.666666666666668,12.76667,30.753241407461463
15.6,11.514756918140018,7.23
4.532369259147767,13.5,10.07
19.03333333333333,14.48333,7.98
14.75,14.91667,6.93
20.466666666666665,65.18931134835776,13.61
0.33333333333333215,16.96667,7.11
20.316666666666663,3.666667,7.02
16.9,8.816667,11.08
19.53333333333333,9.835257589112157,23.28
14.633333333333333,5.6,3.87
23.029678086759425,45.13333,17.09
20.05,15.09814230861748,2.06
14.666666666666666,1.887515588488625,10.08
11.266666666666667,0.5833333,1.43
14.816666666666666,15.91667,14.69
22.65,15.46667,7.35
8.316666666666666,19.3,10.34
23.683333333333334,13.45,22.47
22.03333333333333,20.68333,11.32
16.266666666666666,14.5,9.58
21.15541460613361,14.88333,3.96
22.0,3.933333,31.787461836352012
15.333333333333334,1.183333,3.75
20.53333333333333,6.426787335718473,13.31
18.5,9.35,3.2
20.45,14.55,6.76
20.65,23.20703993026322,4.88
12.35,0.4254841373347286,1.09
22.683333333333334,18.08333,11.57
17.533333333333335,1.516667,1.1551344217569566
3.0333995516096657,8.066667,5.88
21.55,3.466667,14.45
15.6,3.283333,4.94
17.316666666666666,11.5,3.87
17.116666666666667,40.61960865770087,15.86
16.383333333333333,4.586572629773376,13.89
17.666666666666668,24.28270321231635,53.97098655577516
22.76158872773279,1.15,3.3
15.883333333333333,2.833333,6.9
22.683333333333334,6.207814871782027,4.88
16.316666666666666,14.03333,10.96
19.466666666666665,23.28333,12.61
20.883333333333333,13.914742981528734,17.05
20.75,22.73030667779097,28.337029907791873
8.633333333333333,13.48333,6.91
16.15,9.616667,6.56
15.95,15.516688061475532,4.03
15.666666666666666,9.533333,3.52
16.283333333333335,2.733333,5.72
14.016666666666667,7.383333,7.82
18.45,14.7,5.59
18.48333333333333,0.65,1.19
14.800309797290538,15.41667,46.51
0.6166666666666671,13.03333,2.45
1.6999999999999993,3.8948850902940624,6.47
15.716666666666669,14.3,10.94
12.366666666666667,5.409690620838994,5.7
17.566666666666666,9.4,24.04
17.8,17.4,11.0
9.343508971059055,15.23333,23.87545515820384
0.8500000000000014,76.95866780550733,41.54590051610954
4.449999999999999,31.36476288167044,13.1
18.766666666666666,40.36284744487628,5.04
20.45,24.71667,13.34
9.05,0.5833333,4.47
22.883333333333333,33.57131394324736,6.19
14.183333333333334,23.96667,5.34
17.8,11.235477632956968,6.13
16.783333333333335,19.21667,7.67
19.066666666666663,13.28333,4.681298575345426
18.75,10.2,8.58
0.41666666666666785,8.366667,5.1
14.25,13.3,18.99
20.516666666666666,10.6,4.107821809148882
16.116666666666667,15.363183405821086,3.92
19.766666666666666,12.4,11.73
18.266666666666666,8.183333,13.44
20.98333333333333,13.4375,14.08
21.466666666666665,20.78333,18.39
15.6,5.633333,2.6658037162944677
19.65,15.6,15.87
20.066666666666663,24.35,12.88
16.716666666666665,13.33333,21.84
18.5,4.045214529607607,5.29
21.65,3.233333,17.93
15.983333333333333,10.78333,7.18
19.73333333333333,15.41667,19.645465501782017
11.483333333333333,50.52794742564792,21.5
14.4,1.297134565591669,4.13
23.85,27.627405453162527,9.75
14.7,15.16667,25.96
16.183333333333334,15.63333,6.61
19.766666666666666,16.93333,6.42
16.45,14.33333,42.44923945867457
14.25,13.575534160791278,6.57
21.23333333333333,16.46667,7.94
18.216666666666665,28.26667,12.4
22.55,11.05,13.71
0.6499999999999986,2.316667,6.98
16.783333333333335,10.96667,16.58
8.483333333333333,1.171643730961347,14.72
9.516915135384867,0.13987718119842865,0.68
16.233333333333334,10.72318594542996,17.653983984000515
8.4,41.76594732981613,7.54
3.8999999999999986,2.583333,3.55
0.36666666666666714,42.52299386529385,27.812084041812923
21.1,22.81667,16.0
14.4,25.980510050395726,10.84
15.6,15.167743496603416,8.81
16.933333333333334,2.6,9.95
16.95,17.76667,2.66
18.45,0.3666667,0.59
18.016666666666666,8.85,5.22
22.1,21.96667,25.208729665642604
20.816666666666663,3.883333,20.79792910833843
16.95,1.9,2.83
22.28333333333333,14.33333,14.55
15.816666666666666,8.333184401878151,58.2478064839961
14.8,10.01667,5.18
21.65,20.6992452972598,41.41
3.7333333333333343,10.401037173896158,12.92
16.216666666666665,17.98333,5.39
16.35,70.09242853047482,8.1
14.55,10.85497907951535,18.09
17.366666666666667,2.0,3.77
13.85,11.06667,4.58
18.216666666666665,12.955627293229979,14.36
2.924501338733535,2.066667,9.51
15.483333333333333,22.1,4.84
23.633333333333333,12.7,11.06581186028896
19.133333333333333,63.88227955209456,9.2
20.016666666666666,8.933333,10.08
19.55,11.4,27.44
18.066666666666663,60.45,8.93
16.1635295895457,2.833333,5.691545987885911
8.116666666666667,2.120034631425763,6.26
15.883333333333333,14.85,8.91
12.166666666666666,0.4,1.0
15.616666666666667,99.5026872149708,17.36
16.25,9.016667,9.47
21.4,13.837983108405028,5.45
7.133333333333334,0.66641969864798,1.3182556611695329
19.566666666666663,23.28333,10.61
13.633333333333333,11.76667,4.304978255920112
13.633333333333333,18.82758756899786,17.04
13.816666666666666,12.45,2.59
21.23333333333333,13.85,6.39
15.15,1.833333,4.45
15.766666666666667,14.86667,8.36
17.533333333333335,12.18333,6.59
15.2,2.283333,11.85
20.683333333333334,12.6,9.584209242956712
16.533333333333335,4.25,5.93
17.433333333333334,46.81667,10.36
17.05,1.4448762717531791,2.68
18.066666666666663,21.58333,21.19
16.5,16.76667,13.79
14.683333333333334,9.033333,3.9803890525747554
18.45,14.4,14.42
22.2,10.75,12.4
21.25,17.6,9.84
20.066666666666663,11.198817285853991,7.17
2.8207661476970927,10.359236159376113,4.36
20.316666666666663,13.04722,13.73
12.85,14.160287461521483,21.71
12.866666666666667,1.35,3.01
0.3999999999999986,2.233333,12.44
21.883333333333333,11.94940686241115,27.98
15.316666666666666,14.7,3.24
14.183333333333334,6.105089744719444,8.41
12.8,3.95,57.059336844952774
17.866666666666667,13.060200078938184,18.31
20.216666666666665,16.36667,29.559812644997145
18.7,9.183333,15.99
13.95,6.383333,9.53
17.495313944312024,2.28665600894298,11.67
21.666666666666668,0.8,2.26306979070697
23.883333333333333,24.6,5.34
18.433333333333334,3.733333,9.61
10.783333333333331,13.05,6.96
16.916666666666668,12.7,3.97
2.6833333333333336,13.36667,42.11669294544263
18.566666666666663,17.33333,7.01
14.083333333333334,38.55,4.158103476626799
16.866666666666667,15.03333,8.71798528272938
10.85,1.633333,11.59
20.3,17.06667,5.57152504268568
14.9,15.53333,9.06
13.45,12.58333,34.87594283985906
22.1,3.05,59.879058983500585
16.966666666666665,8.599099699573536,15.85
12.866666666666667,3.45,7.51
17.25,19.823903271733435,12.0
21.766666666666666,13.65,14.14430679783225
16.833333333333332,13.7,18.56
22.45,5.083333,40.80157502999297
19.133333333333333,11.21667,17.78
12.366666666666667,36.65259177054929,8.86
9.083333333333334,0.6633956012058982,10.47976226608269
16.783333333333335,12.582389251572275,6.98
12.15,8.233333,9.46
17.75,15.01667,9.35
20.53333333333333,10.96667,7.16
16.883333333333333,14.61667,3.2
16.75,12.13333,16.5
16.166666666666668,8.566667,13.0
0.14999999999999858,0.5333333,1.53
10.033333333333331,18.900599891519086,12.98
23.883333333333333,13.81667,7.47
22.73333333333333,22.93333,7.726434647759889
18.0,14.66667,32.14053725687787
11.85,3.628457408711918,2.17
4.133333333333333,20.737453792609635,11.56
20.466666666666665,8.8201201499667,5.7
14.766666666666667,11.19903218582722,14.55
11.916666666666666,16.95,7.52
23.216666666666665,10.11667,33.13254275199492
6.866666666666667,1.15,3.29
17.933333333333334,1.566667,4.92
16.866666666666667,15.13333,5.69
21.53333333333333,12.51667,12.68
19.73333333333333,15.28333,7.25
19.28333333333333,4.05,6.86
4.033333333333331,10.25,2.58
19.9,36.92147302308388,5.84
18.633333333333333,12.166064200096999,4.75
13.383333333333333,2.283333,3.86
23.866666666666667,15.81667,23.459399764160626
7.953729785233251,10.355684556744249,5.01
20.25,14.91667,12.95
18.216666666666665,1.716667,3.4017714769323355
4.466666666666669,2.2,21.2
15.5,16.33333,5.23
22.35,14.95,13.2
15.5,12.13333,13.48527139815269
19.8,12.71667,5.77
0.9499999999999993,13.71667,22.09
16.94924374580781,10.41667,6.64
17.266666666666666,21.71667,7.7
15.05,19.91667,13.51
14.3,26.147775664505854,4.52
16.55,9.083333,16.1
19.8,10.48333,6.92
13.233333333333333,8.816667,8.03
20.78333333333333,20.25,10.54
7.816666666666666,6.3,28.233468595268207
18.433333333333334,0.5,8.8
16.366666666666667,13.91667,2.13
15.633333333333333,5.766667,15.218255622379948
16.65,14.96667,7.95
11.6,14.78333,28.44
16.933333333333334,0.5666667,15.82419110137038
16.6,12.612579840201747,8.32
19.65,9.366667,1.83
14.65,20.51667,2.08
0.14999999999999858,25.26035907638387,9.425415198891423
19.133333333333333,13.250246424711845,7.93
22.266666666666666,12.91667,6.35
12.333333333333334,11.48333,18.6
14.466666666666669,4.1,7.95
12.7,4.583333,6.585241747973487
22.366666666666667,2.833333,29.76802882366115
21.55,4.5051425630816695,3.38
19.25,3.283333,2.22
11.916666666666666,0.79,5.29
14.566666666666666,1.1,4.53
20.4,2.25,4.19
23.48333333333333,11.8,30.45
18.08333333333333,19.15,2.55
17.483333333333334,8.733333,6.39
19.883333333333333,7.983333,5.9
19.77587376611045,13.68333,9.9
13.2,0.75,0.68
15.75,13.58333,7.33
15.45,3.883333,12.52
22.302487845491367,0.8,1.99
19.33333333333333,13.71667,9.96
21.23333333333333,20.96667,7.07
0.6000000000000014,17.1,62.57165316140279
21.616666666666667,13.18333,27.03
21.3,1.116667,5.54
16.383333333333333,11.297602732350251,6.69
17.016666666666666,10.5,35.31
19.883333333333333,0.8166667,50.880211181333294
12.466666666666669,6.8,2.17
13.033333333333331,0.9666667,9.84
22.965174719966306,17.2,16.32
17.383333333333333,2.65,4.92
21.259167370057064,0.95,3.76
3.8999999999999986,12.91667,17.39
15.933333333333334,16.0,10.71
14.866666666666667,1.716667,1.92
14.266666666666667,14.93333,15.61
5.465587041633263,48.577545191166415,6.73
17.7,0.13535256334892654,0.5112103402614594
18.916666666666668,10.4,22.13
23.816666666666663,21.78333,12.4
17.316666666666666,2.883333,4.81
17.90882053812141,86.20846922491299,24.26
0.10000000000000142,46.609428001675546,8.97
17.066666666666666,14.75,12.14
10.016666666666667,3.335612501636194,9.44
13.016666666666667,21.35,6.05
22.216666666666665,17.902881460887755,3.93
16.8,14.06667,6.85
22.05,14.15,25.50654601708986
19.78333333333333,10.03333,5.83
14.866666666666667,1.733333,5.56
15.466666666666669,10.85,8.45
22.116666666666667,21.68333,10.61
14.75,11.05,3.2509955904795786
18.8,5.55,37.51
19.466666666666665,13.36667,20.14
17.366666666666667,15.05,10.22
18.3,12.768298973024972,8.2
16.666666666666668,15.53333,7.58
15.8,1.916667,11.56
11.85,19.03333,16.5
17.75,5.85,5.79
20.816666666666663,0.5333333,12.19
11.033333333333331,0.5,1.97
16.266666666666666,2.95,9.33
23.53333333333333,14.9,3.82
19.066666666666663,3.65,8.71
17.65,96.40435869197562,4.66
22.066666666666663,13.61667,7.46
21.23333333333333,1.333333,10.42
13.583333333333334,21.83333,13.83
19.633333333333333,2.466667,12.683962375065311
16.5,17.134013192543108,14.97
16.883333333333333,2.65,6.29
19.1,11.066468598812481,19.3791849163617
14.416666666666666,15.115971390068188,7.19
11.182895106355137,9.366667,5.92
11.34523192918908,4.516667,7.88469987852266
19.85,14.23333,16.97
9.983333333333333,4.55,5.41
16.35,13.51667,23.88
15.366666666666667,9.216667,4.76
18.4,15.06667,22.99
15.45,36.40626490358605,3.63
22.066666666666663,35.48164538744526,31.42954228170216
12.8,9.483333,32.81
15.466666666666669,6.083333,1.69
16.25,1.266667,3.48
22.316666666666663,11.5,9.85
14.85,3.583333,4.81
20.383333333333333,9.011010798851947,20.745738228349946
9.571675815771354,19.929046981508375,42.108133559292185
16.1,17.715971990934722,17.14
16.283333333333335,14.88333,12.09
12.5,1.8349731911421543,6.833509881377686
18.166666666666668,9.746974030288333,20.17625742005417
19.933333333333334,2.1664701942576734,1.58
15.883333333333333,17.56667,4.96
21.15,2.916667,6.65
8.516666666666667,13.13333,26.211163855141496
23.25,4.066667,6.34
15.616666666666667,13.68333,31.339003181273583
14.7,6.188903205904096,2.09
18.416666666666668,2.066667,24.87360984618077
12.9,1.866667,3.95
13.083333333333334,37.74103158876813,9.91
16.1,4.3837905726198985,6.11
21.916666666666668,15.28333,6.89
18.15,14.107033206174401,8.83834102845285
22.016666666666666,8.113990902138932,10.29
19.416666666666668,14.76717278111556,8.28353117945371
22.683333333333334,20.03333,10.55
2.937326742433651,1.616667,7.32
20.216666666666665,17.95,4.57
11.233333333333333,0.5115561377449209,8.26
12.373150461261684,8.583333,12.84
19.916666666666668,2.133333,1.26
1.0833333333333321,10.85,1.4
18.133333333333333,5.3063733043906325,6.17
15.216666666666669,7.433333,3.98
18.116666666666667,7.959702152104554,20.93
17.066666666666666,2.916667,11.563502490138635
15.833333333333334,9.175712951995857,7.6
22.766666666666666,2.8,12.67
19.316666666666663,26.8,25.183468330812175
14.033333333333331,18.88333,2.16
4.384344268428684,2.633333,25.82
19.616666666666667,11.78333,42.215084051818124
17.016666666666666,11.75,7.01
21.133333333333333,34.43333,16.59
14.3,6.366667,7.96
1.1166666666666671,26.433592631033115,22.27
19.83333333333333,11.55,24.13
20.2,22.13333,4.61
17.066666666666666,12.817483117644898,31.045040141236967
16.716666666666665,2.733333,7.46
20.516666666666666,48.203140718894055,20.170837913244032
18.4,0.6,3.73
19.016666666666666,14.01667,8.257779170863795
12.916666666666666,16.86667,6.48
16.866666666666667,2.15,6.61
18.683333333333334,17.394372997771008,19.49
16.516666666666666,8.05,4.7
22.716666666666665,14.801223587546207,6.46
16.966666666666665,17.63333,30.08
14.583333333333334,0.4666667,8.96
22.916666666666668,17.15,45.33715099306079
13.683333333333334,1.783333,8.42
13.633333333333333,1.033333,4.08
17.166666666666668,2.016667,2.37
15.15,8.55,5.86
15.15,1.0266269653269104,2.59
17.883333333333333,5.3549563041878185,4.53
10.716666666666669,9.9,7.28
17.2,15.56667,18.25
18.05,3.883333,10.16
23.05,26.01667,10.02
21.133333333333333,8.943395008798651,6.17
14.45,4.0,7.28
11.85,14.2,8.37
20.85,19.36667,8.03
0.11666666666666714,14.46667,6.94
19.58333333333333,12.58333,2.9193616971047596
16.183333333333334,5.133333,16.382209560305345
23.8,6.820912524256962,6.09
0.3500000000000014,12.61667,4.68
19.15,4.45,6.18
15.0,9.866667,14.16
17.883333333333333,1.383333,10.92
14.816666666666666,7.383333,12.64
20.25,14.38333,13.03
20.316666666666663,12.4,6.15
12.183333333333334,4.685420093287682,11.95
16.533333333333335,14.71667,6.24
17.1,23.3,4.7
12.616666666666667,0.6666667,2.35
12.583333333333334,2.733333,9.88
20.633333333333333,0.4710598995839771,8.0
0.5333333333333314,9.483333,11.9
19.133333333333333,20.61667,16.03
20.58333333333333,2.116667,22.374462469290012
17.85,19.66667,32.845898620369844
23.316666666666663,0.2361111,7.21
14.6,1.1629466782516218,5.08
18.03333333333333,19.63333,3.41
17.366666666666667,10.4,6.94
19.316666666666663,19.50310804152934,9.33
4.414431973263952,17.51667,12.46
13.416666666666666,0.55,1.09
22.8,18.1,16.5
21.05,16.11667,9.05
19.1,14.81667,8.78
20.53333333333333,14.91667,8.94
22.466666666666665,14.980924038835399,9.02
15.3,11.51667,48.42293614946306
16.7,17.55,30.73
23.8,17.667943774083497,4.82219668118516
10.933333333333334,13.65,18.83290276146261
22.183333333333334,12.46667,6.81
8.633333333333333,0.6836119444287534,2.27
12.016666666666667,12.11667,18.74
17.133333333333333,3.3,26.53
22.916666666666668,12.95,5.985351645583287
21.166666666666668,18.194293441276823,8.51
12.8,1.2833452671248406,3.79
10.65,3.368070267605664,4.2
14.133333333333333,1.116667,12.32
16.866666666666667,14.85171257906124,50.08238318153424
13.766666666666667,17.88333,20.05
0.1999999999999993,3.6632560593353247,1.67
15.383333333333333,22.750917463845166,8.76
12.35,19.91667,3.98
17.266666666666666,3.631861019208927,6.47
9.533333333333331,13.63333,7.94
12.15,15.9,8.09
14.683333333333334,14.7,7.73
12.159354818726328,13.18333,8.06
18.35,2.3,3.68
17.883333333333333,15.06667,6.36
14.95,0.3833333,0.74
13.883333333333333,0.15,1.13
15.016666666666667,11.83333,7.93
17.4,14.58333,7.68
23.53333333333333,19.68333,4.2
11.983333333333333,3.383333,12.99
17.65,20.08094745543647,20.943870984283276
11.883333333333333,12.55,6.52
19.83333333333333,40.48932507707348,9.73
15.066666666666666,4.7,13.55
20.2,3.233333,4.35
7.757599242878011,10.749321613461817,32.291803015822076
20.05,1.55,7.54
13.2351048315298,4.516667,4.67
21.5,3.366667,8.48
13.283333333333331,0.25,0.7
16.7,6.661678046333132,9.98
22.1,19.25,6.82
17.366666666666667,6.665586311643071,45.280854766559784
18.666666666666668,12.85,32.08643426024355
18.616666666666667,14.73333,17.063156895923893
15.55,10.63333,21.31
21.33333333333333,2.183333,2.36
18.133333333333333,2.783333,4.464747278888244
19.78333333333333,13.5,6.9
17.766666666666666,14.81667,18.29
18.8,18.63794344850955,6.81
15.033333333333331,13.424144477760569,4.8
17.583333333333332,10.56667,6.77
12.733333333333333,2.266667,4.3
18.883333333333333,9.1085318063365,4.19
11.283333333333331,1.431923532095097,7.21
18.516666666666666,14.4,7.73
16.233333333333334,13.115870140331078,13.97
0.16666666666666785,11.456416453937623,9.55
14.316666666666666,16.71667,7.74
2.25,14.7,42.19059399494203
18.266666666666666,16.53333,2.39
17.75,15.55,11.81
15.4,11.86667,14.0
14.816666666666666,28.399626115386088,8.78
12.733333333333333,1.1976199295721828,14.743462483261247
10.3,10.332802931077707,2.56
14.317556713814945,13.41667,9.09
16.466666666666665,0.9166667,2.94
0.7833333333333314,1.683333,13.56
18.33333333333333,13.11667,9.22
13.466666666666669,9.816667,18.74
14.466666666666669,22.96010052069145,6.15
13.85,12.766446236544207,6.13
15.3,12.3,12.61
20.00621557068613,20.0,10.78
21.566666666666663,26.616949887398356,3.37
15.333333333333334,2.066667,1.31
18.216666666666665,14.71667,15.19
17.116666666666667,14.71667,8.87
17.016666666666666,21.96667,11.09
19.883333333333333,9.841992604776483,13.91
15.316666666666666,2.0,8.31
17.083333333333332,5.083333,3.92
1.0,13.31667,17.627960651272442
22.466666666666665,17.23333,84.93138493679697
20.08333333333333,20.78333,10.34
1.5666666666666664,19.23333,16.81
16.6,9.533333,15.42
8.250983431266407,19.01667,15.61
15.060907889690618,62.438881439917964,12.85
9.633333333333333,1.972100170197854,3.04
18.28333333333333,10.9,6.43
19.416666666666668,17.28333,6.28
15.566666666666666,2.316667,12.71
16.983333333333334,0.2833333,1.88
17.4,11.533570520654736,7.17
23.8,4.833333,6.96
17.766666666666666,4.072247049326525,16.64
13.716666666666669,1.95,1.7
17.266666666666666,1.116667,2.66
13.233333333333333,5.916667,13.824128736653366
19.383333333333333,7.083333,6.31
16.716666666666665,2.55,10.67
18.883333333333333,13.56667,7.407694943370298
22.25,113.9903105916821,8.37
16.766666666666666,1.583333,1.55
22.316666666666663,16.88333,10.48
0.6000000000000014,5.85,59.87379830472404
8.883333333333333,4.483333,4.91
16.633333333333333,0.5166667,13.27
16.819655042576777,3.066840208802622,5.58
22.183333333333334,17.1,4.69
13.533333333333331,18.16667,8.58
17.033333333333335,40.58333,12.39
18.616666666666667,17.05,6.65
11.8,9.5,7.94
8.016666666666667,14.408063602770703,11.581442174394615
10.0,2.15,3.42
16.25,8.683333,8.31
18.08333333333333,10.61667,6.94
22.33333333333333,7.061838416191057,12.45
19.65,3.138573881760358,6.62
15.978270372491776,10.45884822399815,4.03
16.05,5.283333,4.59
16.933333333333334,12.4,17.05
12.533333333333331,3.0,8.61
16.066666666666666,39.73333,12.4
19.95,17.45498763775955,7.77
16.25,8.85,17.3
14.266666666666667,10.85,21.87
13.566666666666666,16.23333,3.5
21.78333333333333,19.4,6.69
11.716666666666669,2.1,3.04
18.916666666666668,4.35,2.12
18.6,13.61667,6.49
19.95,10.41667,3.188371167469304
16.966666666666665,39.79738469668572,21.9
11.366666666666667,1.8245753989563136,5.04
21.33333333333333,9.816667,34.31416320428718
15.083333333333334,9.568003327109663,5.7
10.15,10.05234166181532,4.36
20.766666666666666,46.21667,5.14
17.583333333333332,1.0,8.46
19.4,19.51667,22.34
17.883333333333333,14.4,18.507537972752473
21.95,1.0993210926526662,8.65
13.633333333333333,1.9,5.72
20.766666666666666,16.86667,12.23
20.55,19.154809581875337,7.88
17.9,19.91667,6.3
0.46666666666666856,13.45,12.74
17.15,9.016667,34.15007314275019
1.8999999999999986,8.45,7.15
20.116666666666667,15.05,5.15
23.53333333333333,11.16667,25.45
17.316666666666666,18.403803912216908,20.17
20.066666666666663,15.98333,17.02
21.316666666666663,16.35,24.624788253908047
21.15,13.79040643546766,55.88
13.116666666666667,2.933333,2.52
19.466666666666665,13.56667,3.96
19.3,0.5,3.95
23.53333333333333,8.366667,13.39
9.45,10.4,3.23
3.662699908200011,25.033674436110974,9.042930531715974
18.8,19.65,8.03
13.316666666666666,5.8,4.9
18.55,19.96413066416095,13.48
16.966666666666665,5.133333,7.47
22.016666666666666,23.731225875757158,28.13445410879329
17.3,12.95,5.9
16.95,1.066667,9.25
17.916666666666668,18.41667,13.2
14.383333333333333,3.15,13.33
19.59273116625991,12.174392669537909,14.86
20.78333333333333,56.995335443421574,6.36
18.716666666666665,25.03333,13.81
15.766666666666667,12.45,6.54
21.0,1.916667,13.08
17.783333333333335,2.916667,5.6
23.433333333333334,12.28333,10.58
16.433333333333334,14.96667,1.32
0.23333333333333428,4.216667,7.0
22.33333333333333,13.18333,16.13
0.45467196782847097,11.61667,16.29
22.683333333333334,14.013149151304631,12.95
22.816666666666663,9.366667,9.57
21.266666666666666,12.3,5.29
16.366666666666667,0.34332445863389793,4.25
9.566666666666666,21.735717047198932,1.43
3.8500000000000014,87.74816070068,6.97
22.95,17.07965596934259,10.52
17.683333333333334,0.9,1.94
22.55,16.967397265655507,8.24
20.883333333333333,3.566667,13.39
18.58333333333333,0.5666667,1.54
22.766666666666666,15.46667,12.01
16.25,2.933333,23.708310102589895
15.3,13.66667,26.81
15.533333333333331,14.4,13.56
1.7666666666666657,19.78333,12.85
19.5,5.9,14.72
23.23333333333333,12.06667,7.61
18.8,2.888875978249,12.39
17.816666666666666,14.88333,14.71
17.05,20.96667,2.05
14.083333333333334,1.8,6.91
19.566666666666663,4.3,4.64
18.183333333333334,29.365378827489103,12.1
19.383333333333333,12.8,17.19
14.783333333333331,15.16667,11.58
16.15,1.4331952775153027,18.85
18.147825081953485,17.98333,8.2
20.066666666666663,6.85,15.06
22.78333333333333,14.63333,7.09
16.7,0.9328553403367263,2.21
20.433333333333334,38.87592165924983,1.81
18.066666666666663,1.75,3.01
0.8166666666666664,2.566762332135393,2.32
17.25,17.15,8.8
16.833333333333332,7.466667,5.02
18.48333333333333,13.83333,10.08
22.916666666666668,17.235734437277,16.13
19.566666666666663,30.11667,6.74
20.633333333333333,15.26667,16.24
15.416666666666666,10.238487070545307,8.72
13.633333333333333,10.23333,34.71
20.48333333333333,31.86089985564357,22.38
13.3,12.432304934663945,5.16
20.266666666666666,1.356158549027166,2.6
20.633333333333333,8.283333,16.34213047615718
18.816666666666663,9.040425551252282,11.28
19.35,14.21667,6.19
21.216666666666665,20.253953506721793,10.94
14.55,15.95,7.43
13.533333333333331,12.001489894697524,3.41
23.53333333333333,11.8,15.35
16.3,1.983333,3.87
12.216666666666669,19.45,9.3
19.1,1.0850385152185533,9.88
20.75,6.032214286501538,4.599139044834301
15.233333333333333,8.716667,23.09
22.0,13.09304411098259,7.53
16.816666666666666,11.301042177643774,4.37
12.083333333333334,1.666667,4.17
21.383333333333333,13.12966132580289,10.85
11.916666666666666,4.533333,9.0
21.65,12.58333,36.599004633335866
15.35,0.7833333,9.12
23.64372001062002,11.0,23.78
16.716666666666665,12.33333,10.08
22.6,13.99530596155065,13.65
16.216666666666665,6.766667,3.58
20.1,1.3539648013698042,3.67
16.866666666666667,21.23333,12.940680463726165
23.616666666666667,5.25,3.6
16.6,20.48333,21.360533103574998
11.653437046432614,2.055828893436158,5.75
18.766666666666666,12.35,7.241540681552142
14.583333333333334,11.18333,17.85
15.6,15.417298806257937,17.97
16.816666666666666,2.05,3.73
19.8,22.66667,26.61
11.397958578231918,15.644452346768375,44.49050907861907
21.416666666666668,67.18836182454109,13.51
17.116666666666667,2.2,5.55
14.75,9.75,4.48
13.1,13.18333,12.026948604162316
8.767509339121656,0.3333333,16.86
18.2,14.53333,6.56
18.133333333333333,12.91667,4.2
20.70981542747128,0.9833333,3.62
17.533333333333335,5.083333,36.21861717626452
15.016666666666667,19.13333,3.33
15.616666666666667,16.85,7.97
20.866666666666667,14.45,17.47
17.7,4.266667,2.87
17.866666666666667,10.05,7.26
21.433333333333334,16.624791515239423,20.7289953005407
20.966666666666665,16.586589300487038,17.3
12.566666666666666,2.4,5.51
18.133333333333333,0.2833333,1.15
17.116666666666667,0.7833333,5.55
2.35521297944603,3.2,19.85
21.05,15.070203540982913,40.11956025015563
18.48333333333333,15.71667,11.65
14.566666666666666,21.26667,19.29
16.933333333333334,15.423077933160313,11.65
21.45,20.328133732402687,20.55
23.65,25.110935324715282,7.6
19.183333333333334,25.0,18.17969833231298
9.466666666666669,63.1173198608,6.03
20.7,10.56667,38.93
8.266666666666667,14.46667,5.8
20.766666666666666,10.11667,27.245105796772986
16.433333333333334,3.746564583987779,18.62
19.883333333333333,13.05,7.33
23.416666666666668,11.18333,11.02
21.23333333333333,0.3,0.8102858071716037
18.05,42.33191733545454,26.84
22.78333333333333,3.816667,15.63
19.0,10.08333,11.18908126187278
17.716666666666665,15.78333,12.46
21.9,42.51667,8.54
18.516666666666666,8.6,54.564886008857286
23.316666666666663,22.31667,23.35
16.75,11.85,8.03
16.5,12.6,10.61
4.716666666666669,14.43333,8.06
22.133333333333333,8.027705815439557,1.68
17.883333333333333,12.2,14.67
0.06666666666666643,14.05,10.5
19.183333333333334,26.73992004524147,3.12
11.733333333333333,0.9833333,18.5562561132526
13.222419684801814,19.15,28.69358502309304
20.35,21.11825967431464,42.40293984188465
5.766666666666666,15.548484495459851,19.09
15.6,24.40001658572119,5.77
14.683333333333334,10.45,9.22
15.8,14.83333,2.5938786635384896
15.366666666666667,25.16667,7.36
17.0,24.6,46.813304100548855
13.15,1.483333,1.0
10.65,7.516667,9.35
17.35,10.26667,3.37
1.2333333333333343,11.91667,8.46
0.06666666666666643,68.4,39.63576405518455
18.116666666666667,14.23333,9.06
12.3,3.833333,5.85
16.5,62.35993901066816,26.78
18.7,14.88333,8.98
16.466666666666665,15.283414368183484,3.4541277273884043
17.416666666666668,2.35,15.55
17.15,12.5,11.77
22.53333333333333,1.583333,7.69
20.7,9.265134710639652,4.2
13.483333333333333,10.31667,7.21
21.6,14.58333,6.98
14.516666666666667,18.58333,10.09
18.216666666666665,12.76667,7.89
16.75,10.53333,5.518625055581796
20.05,1.5,2.5
16.55,12.5,17.26
21.7,12.41667,5.01
18.65,7.5091231110428645,9.0
16.35,1.866667,1.9519465508947615
17.116666666666667,14.33333,3.12
19.3,17.602513998693443,9.929044195732567
3.465290128214111,15.31667,21.173436892104803
21.6,13.06667,22.98361905419035
18.866666666666667,11.913901633440158,16.52
20.216666666666665,7.566667,8.041026434241793
16.95,14.906743578126862,6.38
13.716666666666669,4.483333,4.07
14.983333333333333,4.45,6.56
20.383333333333333,12.1,2.82
19.75,11.95,7.78
16.583333333333332,0.7,29.56
15.9,10.73333,3.89
19.15,13.75,1.33
18.6,15.26667,23.1728970584739
9.19540971044286,13.8,6.7
18.95,14.48333,14.15
16.416666666666668,13.56667,34.15987526895944
16.0,3.238571035780095,7.57
12.15,2.6,4.927992401873692
13.783333333333331,1.166667,1.5515853719203734
18.7,20.93333,12.23
4.390425389878509,3.3325673283135084,32.45373655627715
23.3,19.08333,9.21
11.7,0.8333333,1.91
12.916666666666666,9.716667,9.5
21.416666666666668,0.4166667,21.731464448422194
17.383333333333333,12.43333,8.17
18.75,5.802637066229124,4.46
12.296831793817788,6.316667,2.51
18.58333333333333,7.616667,13.3
0.6333333333333329,4.600776051896478,13.31
8.666666666666666,15.31667,14.05
18.65,15.51667,13.11
15.683333333333334,1.2027977747907492,3.39
18.4,4.032975390250309,3.25
18.6,1.616667,1.63
17.1,19.255491974264185,14.84
11.75,0.6666667,9.0
15.366666666666667,7.233333,10.072446345670615
21.0,8.501818652717198,6.61
17.25,30.304100128225382,19.02
19.35,11.55,6.63
20.366666666666667,6.129729784881001,9.7
19.466666666666665,3.5,9.85
17.15,12.13333,7.49
16.1,12.03333,5.47
7.016666666666667,10.73333,7.79
12.8,5.933333,39.06298809814965
18.816666666666663,15.898474267609252,13.4
17.416666666666668,14.55,12.71
16.466666666666665,6.083333,12.85
20.366666666666667,11.41667,5.4
15.95,93.57961872954856,8.57
17.483333333333334,10.68029534472322,8.13
16.183333333333334,77.38620853425265,7.79
16.533333333333335,0.8166667,0.53
18.98333333333333,18.8,2.9
17.316666666666666,11.824562243994405,14.05
20.75,7.166667,17.262729658863975
16.25,14.06667,4.15
19.45,13.407794811848229,27.65359596163733
17.866666666666667,7.716667,2.27
23.016666666666666,1.8165656295897195,1.25
8.7,1.78267648919461,4.67
18.316666666666663,15.11667,2.63
23.48751766466448,6.09633549765701,14.06
18.1,10.61667,5.3
14.466666666666669,14.45,2.25
16.7,14.08333,12.2
20.15,2.283333,2.73
19.03333333333333,3.916667,29.474217916908675
18.65,2.187982093000268,3.88
21.0,14.06667,24.224195769010112
18.316666666666663,2.416667,11.31
11.883333333333333,5.133333,7.45
21.33333333333333,3.4,29.46
16.833333333333332,13.96667,4.78
21.4,2.6,3.94
23.124709828050012,5.433333,50.79152329656994
19.55,14.10234271323193,7.45
20.35,9.316667,10.36
18.65,14.31667,14.58
17.2,23.72967260516861,25.56704431614373
16.366666666666667,14.45,8.37
18.48333333333333,34.877877324203546,21.99
15.933333333333334,21.26667,13.202323547115084
15.716666666666669,3.85,2.19
22.883333333333333,1.0885967647217143,37.25603122313507
23.466666666666665,21.96667,8.62
13.1,10.502765847347314,6.78
16.083333333333332,21.15,6.46
16.533333333333335,21.06667,9.75
2.7833333333333314,61.764975084890445,37.43
22.216666666666665,39.075435693052015,16.55
20.1,7.633333,7.02
17.116666666666667,8.316667,3.86
17.533333333333335,14.36667,7.07549279314233
22.33333333333333,2.916667,10.23
8.35,1.95,3.98
19.183333333333334,38.18276062206265,5.4
21.78333333333333,1.5166776734790877,1.02
16.966666666666665,1.466667,5.46
16.166666666666668,18.1,18.46
15.483333333333333,9.416667,3.02
18.33333333333333,10.83333,7.39
21.066666666666663,18.28333,4.03
17.966666666666665,24.182338653700914,14.84
18.183333333333334,9.05,18.492794103415218
21.65,5.866667,10.63
10.416666666666666,14.53333,2.12
12.466666666666669,18.81667,5.09
22.416666666666668,17.66667,3.85
19.25,15.71667,24.13
20.366666666666667,9.5,10.0
1.5765037575993723,14.46667,7.05
6.383333333333334,17.05,3.19
17.0,1.356448017866419,6.81
17.4,11.817715060864995,6.61
23.55,20.1,12.287815955786499
18.266666666666666,5.283333,4.05
18.516666666666666,11.71667,23.86
10.65,11.51667,7.084161342654843
1.0074715119907829,19.13333,29.887607688663994
21.73333333333333,16.11667,26.48
15.516666666666667,4.183333,7.19
4.600000000000001,12.566280066519198,6.77
18.25,2.116667,9.49
21.78333333333333,18.63333,3.51
23.33333333333333,11.76667,14.16
19.0,9.791388918438933,41.059377252762204
19.35,13.41667,6.61
17.016666666666666,3.55,8.51
20.15,54.85721917998204,14.9
10.233333333333333,11.993277762787065,1.4090397398988717
19.716666666666665,7.450489236068291,6.63
0.5833333333333321,9.4,10.25
16.916666666666668,2.8552280494863,12.66
17.166666666666668,11.24873892890827,6.79
18.15,18.23333,9.52
10.383333333333333,0.75,3.38
14.016666666666667,16.7,18.98
9.75,11.73333,6.25
11.983333333333333,9.333333,2.68
16.75,14.48333,8.43
18.183333333333334,46.69982988927043,6.93
15.683333333333334,2.733333,4.12
9.683333333333334,1.05,6.45
16.45,0.7666667,1.81
19.83333333333333,4.0836282048897745,16.68
14.2,8.45,4.79
9.416666666666666,10.05,6.552273132422939
13.566666666666666,1.416378418320434,2.81
18.25,14.75,2.27
12.216666666666669,17.48333,6.78
15.416666666666666,71.21625875177519,21.61
14.333333333333334,8.733333,11.5
20.55,18.95,8.67
17.7,71.57598594800375,19.1
15.833333333333334,2.133333,7.75
14.633333333333333,3.133333,2.11
1.2333333333333343,4.266667,19.14
22.16764532192174,20.547861186438638,48.56614402504172
21.716666666666665,14.65,16.51
16.266666666666666,0.21583826290300584,20.58
16.95,2.0941236657181537,4.74
16.6,1.9,3.55
18.816666666666663,14.21667,7.76
1.5416945986794097,5.833333,8.45
21.53333333333333,18.76667,13.22
16.316666666666666,1.85,8.65
13.583333333333334,2.900380613216348,9.39
19.15,18.56667,14.55
14.766666666666667,0.6471935859589166,3.32
19.55,16.53333,7.8
2.875110453204737,6.333333,6.04
17.2,4.1485615237105975,28.17
14.166666666666666,2.283948593629509,3.96
21.4,0.4666667,2.6609325634036214
14.7,15.866267894995586,5.42
16.516666666666666,3.616667,9.71
16.016666666666666,14.98333,11.9
16.333333333333332,4.683333,7.4361911392980256
12.85,11.68333,8.87
9.35,0.8169939980613501,5.38
6.25,13.747546483034622,3.67
22.666666666666668,14.33333,19.67
22.166666666666668,21.55,10.78
18.516666666666666,16.13333,5.6
20.166666666666668,14.73333,17.13799040369224
17.516666666666666,9.216667,6.32
18.116666666666667,22.694402066078748,7.06
12.866666666666667,1.75,7.84
17.266666666666666,24.47044359281755,11.9
20.25,3.366667,17.92
19.58333333333333,20.082529935261793,16.79
16.466666666666665,13.85,4.78
16.516666666666666,11.81667,6.87
18.383333333333333,16.2,13.54
14.833333333333334,1.45,7.57
13.366666666666667,2.65,4.57
19.4,40.16044943616468,7.39
15.883333333333333,2.55,5.71
22.83333333333333,11.88333,8.98
23.08333333333333,14.08333,16.906473740329965
15.683333333333334,65.40207402831865,13.75
16.816666666666666,2.233333,3.57
12.733333333333333,37.835338879971836,5.52
12.1,13.81667,7.62
20.466666666666665,11.08333,6.74
21.65,12.86667,5.65
19.15,8.833333,11.67
16.516666666666666,14.48333,23.16395171860233
20.15,15.78333,46.16647116712294
19.166666666666668,19.71667,11.61
15.383333333333333,15.91667,9.12
15.733333333333333,5.216667,6.86
22.78333333333333,2.066667,15.61
18.616666666666667,15.948531207141732,17.00952095070854
11.7,3.633333,20.0010169679462
21.87920572769799,46.79105530804392,11.732965745348483
15.483333333333333,7.818642288259711,9.04
19.6,16.33333,23.88
15.95,26.015051589610735,14.38
22.08333333333333,1.65,3.98
19.03333333333333,4.733333,10.97
10.65,9.366667,4.03
8.466666666666667,10.5,5.3
22.433333333333334,1.233333,28.542891009743325
16.310658127436668,26.847138934802455,21.922443621305284
20.9,13.6,13.51
17.3,16.71667,9.74
19.816666666666663,3.383333,4.98
16.216666666666665,2.966667,6.46
16.416666666666668,38.06551300281153,1.54
15.783333333333331,9.883333,6.95
14.102839468678091,18.16667,5.78
14.266666666666667,14.4,42.98053151034284
18.48333333333333,16.15,3.98
23.916666666666668,13.16667,5.72
15.666666666666666,4.908189070548177,3.45
22.6,2.733333,27.703068231914656
2.6833333333333336,1.433333,4.43
17.816666666666666,22.95,26.91
1.1666666666666679,14.06667,14.97
17.566666666666666,1.85,12.23
22.933333333333334,18.675266224020305,19.69
15.216666666666669,4.25,12.51715922803618
21.83333333333333,14.03800765735622,16.34
19.9,18.5,5.18
20.666666666666668,17.11667,9.8
18.48333333333333,13.06667,11.49
1.667510033142264,19.88331326794139,6.48
6.666666666666667,0.4,11.22
15.966666666666669,10.93333,15.03
12.35,0.7166667,0.75
15.0,16.05,7.13
17.5,14.78333,7.632041330127977
18.866666666666667,3.1,3.47
15.116666666666667,10.98333,7.02
22.466666666666665,38.542689273552526,6.4
18.3,9.166667,5.55
16.7,8.933333,6.19
15.983333333333333,21.40006995921866,32.31044635597151
16.733333333333334,8.554085417424233,22.697408115616998
16.3,25.55484279364783,27.67
11.383333333333333,13.6,7.19
16.683333333333334,12.94106247117159,6.74
13.066666666666666,10.28333,15.1
15.266666666666667,1.228370700363508,1.96
11.683333333333334,5.483333,11.67
8.516666666666667,1.95,8.32
14.45,7.966667,30.95
20.466666666666665,0.6617102053818527,0.95
16.983333333333334,13.16667,9.05
22.08333333333333,1.283333,9.15
16.566666666666666,2.9369262630372543,7.53
21.166666666666668,14.5,10.08
2.4499999999999993,12.98333,49.95090677299537
14.45,14.06667,17.19
18.916666666666668,20.28333,55.95517893602839
22.216666666666665,16.012634529128288,10.71
14.566666666666666,38.902685430356094,31.66240722070681
19.35,9.216667,22.42
20.183333333333334,11.0,17.39
21.766666666666666,2.466667,2.11
17.05,15.78333,23.87
18.737067927104363,20.922171702694943,21.04579453161452
19.15,25.65174256390379,8.77
18.5,12.36667,7.78
11.733333333333333,17.66667,4.49
20.366666666666667,16.75,24.04
7.282966460265258,2.366667,7.32
19.323704131332242,39.73333,22.83
1.7620854618013233,1.4,51.31066366896033
22.53333333333333,25.599942272697177,6.5
13.65,12.747478920446792,42.20415082902182
16.55,5.383333,7.35
11.7,0.8166667,4.7
19.85,1.566667,2.52
17.466666666666665,4.283333,12.15
22.05,10.496411793913795,2.3
21.416666666666668,3.316667,18.09
15.433333333333334,11.881113370897232,5.149224617008586
2.1999999999999993,2.4,11.200220080211292
13.616666666666667,1.016667,2.53
20.85,13.66667,22.175544748469257
15.533333333333331,5.566667,1.7
23.633333333333333,15.36667,28.27
19.316666666666663,26.6,12.17
3.5055965724929905,9.35,15.59
16.2,4.879860371713481,47.080037459530864
11.466666666666669,1.05,14.26
20.55,17.78333,19.75
23.58333333333333,13.26667,23.8
16.15,12.43293676654444,53.80545370200649
18.766666666666666,13.55,2.53
15.816666666666666,15.05,13.72
22.35,8.583333,13.229413821152411
16.383333333333333,12.48333,6.14
16.133333333333333,19.41667,6.89
3.9327753324008263,13.16667,13.026419199344236
17.433333333333334,13.63333,2.18
17.0,16.08333,8.71
21.383333333333333,3.803940349448956,7.17
20.076130814873125,4.136101035272517,37.657929147155954
20.78333333333333,3.5,9.13
15.866666666666667,11.5,7.2
3.6675975724167102,18.31667,4.05
17.883333333333333,2.3,3.18
21.25,9.416667,11.18
21.78333333333333,16.2,21.71
18.4,8.416667,8.03
15.9,14.28333,15.59
17.166666666666668,9.283333,16.437932200892828
8.283333333333333,2.4402054821881194,18.197634662194176
22.066666666666663,6.083333,6.58
13.616666666666667,11.4,4.44
12.466666666666669,6.75,2.99
20.28333333333333,4.033333,6.42
19.73333333333333,23.423530258420868,23.25474268329097
22.6,2.25,11.25362879537046
21.416666666666668,9.483333,41.035575645091015
23.383333333333333,22.06667,12.715391067366582
14.533333333333331,8.583160206585662,42.44726335856132
18.133333333333333,14.227992580805257,5.94642515974585
12.583333333333334,2.316667,3.21
15.1,2.2500238010019302,26.55
13.75,20.86667,20.16
20.55,13.38333,3.61
18.516666666666666,4.216667,12.04
17.233333333333334,14.5,7.15
10.85,3.05,6.66
21.916666666666668,2.5,10.38
19.9,15.181437488316734,25.780844143508002
11.25,1.55,12.41
16.416666666666668,2.966667,17.9
15.283333333333331,4.642165974436032,5.26
12.016666666666667,15.36667,14.523948753746225
18.78333333333333,37.765215845912806,2.97
18.03333333333333,10.0,15.96
17.15,3.4,0.62
17.866666666666667,1.95,16.02640932546463
21.0,4.3,2.07
12.233333333333333,1.6667995327764162,16.59
13.75,16.45,12.86
18.33333333333333,14.66667,5.35
17.016666666666666,1.45,5.65
16.416666666666668,13.03333,11.193877608045003
16.583333333333332,1.0960149429788564,4.59
12.05,11.58333,6.422816133436281
18.383333333333333,17.36667,12.3
16.65,9.333333,1.02
15.783333333333331,9.0,7.71
11.061560484232904,1.666805480674912,8.09
20.98333333333333,43.28333,12.87
15.466666666666669,13.53333,17.290019742327274
17.583333333333332,0.15,2.21
17.133333333333333,11.937363222806542,19.12
14.95,40.92491810102665,16.39
18.616666666666667,1.95,7.022593811829574
23.183333333333334,14.76667,6.25
21.75,0.5833333,4.63
17.95,1.916667,61.38661365251057
16.316666666666666,5.716667,13.52
20.55,9.664595222423323,17.48
22.683333333333334,1.55,4.73
17.3,2.066667,3.95
21.166666666666668,15.53333,2.419964724064339
22.816666666666663,0.5166667,1.75
21.6,16.46667,8.37
20.616666666666667,15.28333,25.49
17.15,4.35,7.56
16.616666666666667,2.933333,5.489875504812226
19.1,21.07552201372564,8.39
23.266666666666666,11.51667,7.3
16.866666666666667,13.68333,3.81
11.6,0.20976031741846124,0.75
14.25,7.516667,5.87
17.316666666666666,24.13333,20.502399301005063
0.43333333333333357,11.28333,25.53
16.116666666666667,7.066667,7.34
19.35,14.082806109693992,8.07
16.05,19.35,35.347308224427984
17.033333333333335,3.1817559182513477,4.36
20.716666666666665,15.11667,16.18
21.133333333333333,4.183333,6.92
21.933333333333334,10.964820012890886,15.23
14.466666666666669,19.588417356067914,3.05
23.95,9.633333,14.182089497058186
22.33333333333333,12.05,4.27
0.3999999999999986,9.2,21.80687087699771
16.5,33.211992756939345,11.100343011387158
19.3,2.4,4.477066457695328
14.483333333333333,1.0426723996771667,1.94
21.15,36.81667,16.84
17.366666666666667,0.3333333,11.25
10.083333333333334,17.25,14.91
15.383333333333333,5.133333,18.86
11.466666666666669,1.3366839472960317,3.5
19.966666666666665,13.88333,14.69
12.85,14.56667,6.47
10.916666666666666,15.83333,22.596400196806062
17.966666666666665,13.86667,4.42
19.45,18.14441235403716,16.34
18.7,13.8,15.51
16.566666666666666,10.98333,9.180038748157676
12.05,13.580575633160935,25.14
9.0,17.16667,13.46
16.766666666666666,0.9166667,3.04
15.116666666666667,0.3166667,1.54
21.066666666666663,21.01667,4.17
21.883333333333333,3.35,29.917542265288066
18.55,12.573632641487423,9.92
19.28333333333333,4.983333,15.55
20.383333333333333,15.53333,15.77
20.016666666666666,12.35,4.34
20.35,11.55,7.18
12.0,0.8666667,2.24
23.42183109702067,2.9053647895340498,10.75
23.316666666666663,17.3,33.194640106440055
16.7,19.55,15.502281985695008
17.683333333333334,3.633333,4.67
14.587729878688211,9.766667,1.02
14.833333333333334,6.533333,3.88
19.716666666666665,51.43333,14.93
18.83333333333333,1.566667,10.76
19.311932517012366,13.96667,7.92
16.45,26.6,28.890732883238233
17.283333333333335,1.433333,5.92
10.85,13.21667,17.16
3.6833333333333336,5.8,15.77
15.933333333333334,11.98333,3.92
17.683333333333334,15.91667,15.95
19.95,24.76667,7.71
14.566666666666666,1.19733958138456,1.25
16.983333333333334,8.516667,6.74
15.833333333333334,3.300901517429747,3.6
15.266666666666667,5.133333,6.38
16.916666666666668,14.6,8.767817015156615
18.98333333333333,6.283333,6.96
20.633333333333333,21.01667,23.009014944407625
21.2,7.166667,2.79
18.616666666666667,22.81667,13.66
20.05,12.0,4.51
12.65,25.412620020149642,14.78
21.266666666666666,2.15,7.59
12.2,1.433333,40.014792160468645
17.866666666666667,5.2,11.97
16.066666666666666,15.6,8.73
3.866666666666667,17.51667,14.868731991108506
20.3,1.566667,15.71
16.95,1.316667,25.646359991584905
15.616666666666667,14.55,6.27
6.133333333333334,7.366667,9.32
13.25,9.416667,8.12
20.466666666666665,68.01667,19.87
21.08333333333333,3.5,8.94
22.916666666666668,2.2,7.6
14.683333333333334,12.08333,7.06478671187535
18.683333333333334,13.03333,10.02
19.1,8.215990169967107,17.398419837707188
18.98333333333333,33.14677395719919,5.79
16.783333333333335,3.516667,7.61
20.48333333333333,18.86667,7.080245663812384
19.5,1.116667,20.66
16.9,13.36667,6.14
20.616666666666667,15.15,4.45
23.7,40.20356738913892,12.84
11.516666666666667,3.133333,12.98465250962181
20.866666666666667,9.866667,15.84
18.0,11.71667,21.61
16.5,13.83333,8.638081985386089
4.033333333333331,18.85,48.8
19.58333333333333,11.95,6.12
21.133333333333333,8.0,25.38
22.183333333333334,15.25,19.89
19.133333333333333,8.0,5.33
14.75,18.96667,14.05
11.452227383357725,2.033333,16.88
23.166666666666668,18.71667,3.33
15.55,10.7,18.51
16.85,2.75,8.2
23.8,14.43333,14.68
13.7,0.4,0.95
20.183333333333334,4.288289367776804,9.89
19.683333333333334,17.33333,6.84
19.616666666666667,3.183333,2.13
16.866666666666667,1.116667,4.93
16.15,14.33333,9.25
15.75,14.48333,7.81
15.766666666666667,11.98333,9.51
15.666666666666666,8.683333,4.97
15.533333333333331,13.450982500760707,12.92
17.066666666666666,10.96438257978043,7.39
16.983333333333334,6.083333,7.24
22.216666666666665,8.666667,11.49
0.9166666666666679,43.28333,18.4137252044701
20.080619835014897,3.066667,3.51
16.7,10.91667,14.29
22.566666666666663,15.16667,14.36
13.7,9.209487624634956,8.95
16.15,50.34632300249727,13.01
13.8,2.833333,6.45
16.016666666666666,1.516667,3.26
23.33333333333333,20.71667,12.52
20.116666666666667,22.037255272199754,15.31
16.316666666666666,18.63333,27.43
20.933333333333334,16.26667,33.0075379856769
22.2,13.46667,7.04
18.433333333333334,5.983333,11.12
0.33333333333333215,50.0541152935278,15.89
19.0,111.55516712526357,2.53
20.25,3.4,2.2057997846999204
16.716666666666665,6.568656650852154,13.090032698570285
16.7,18.147754036423194,15.37
19.066666666666663,2.0,3.38
13.233333333333333,15.46667,9.47
21.133333333333333,18.11667,3.54
13.533333333333331,3.25,16.31
16.5,2.36525763852439,17.26
21.216666666666665,16.0,10.71
20.516666666666666,12.064417129130902,33.51
21.466666666666665,23.618540420263145,5.13
17.95,2.710284316874265,7.75
20.33333333333333,18.66667,15.493908303312491
16.1,10.96667,13.27
12.883333333333333,29.8278614734312,17.78
23.166666666666668,10.462761517252407,3.04
21.28333333333333,2.033333,19.35
20.216666666666665,15.53333,4.95
17.083333333333332,14.5,4.58
10.983333333333333,2.233333,3.13
17.333333333333332,4.740997412888828,4.62
14.783333333333331,6.016667,19.15
8.483333333333333,1.216667,31.784122129059398
19.55,43.96667,24.411863183442037
16.316666666666666,13.134753166686354,3.94
0.14999999999999858,2.055444326223903,7.32
12.333333333333334,2.483333,14.67
16.566666666666666,4.65,9.71
16.9,13.7,8.44
17.533333333333335,14.085447124118325,6.05
14.65,18.0,19.3
10.55,14.25,7.82
19.73333333333333,23.96667,15.6
8.783333333333333,4.767315107699699,8.65
23.953664264227942,0.4,2.35
16.533333333333335,1.4,2.53
12.1,20.95,33.49330896905856
0.36666666666666714,5.95,12.94
12.816666666666666,9.483333,14.2
23.193554107888,0.7333333,3.13
20.3,10.88333,9.24
14.033333333333331,2.133333,3.66
14.65,10.637815153777266,9.58
18.8,2.3,10.41
16.45,13.61660037432618,5.88
16.483333333333334,42.650049720915156,16.88
21.4,36.88333,5.78
7.566666666666666,9.85,8.93
23.166666666666668,15.21667,37.5053867480508
17.083333333333332,2.566667,15.62
23.45,38.71920207431086,6.99
17.233333333333334,12.98333,23.59
11.971067428984195,8.733333,14.45
18.8,14.355456824633078,9.18
14.666666666666666,1.6259933039144285,1.8
12.95,6.594475904656779,17.44
17.083333333333332,2.616667,5.52
19.416666666666668,10.641923998910446,5.76
16.6,3.516667,9.37
10.433333333333334,3.666667,11.81
17.666666666666668,3.612060787318074,6.35
18.683333333333334,1.183333,2.59
20.266666666666666,16.05,16.1
19.216666666666665,16.333431587120053,15.087403785944916
22.8,14.733156169956866,4.05
19.683333333333334,20.68333,24.27
16.116666666666667,16.11176352219865,7.61
16.683333333333334,4.683333,10.54
12.083333333333334,8.184631066705581,5.44
12.883333333333333,12.95,5.42
11.766666666666667,24.351798939279377,28.39
16.1,34.38818582197813,14.92
15.916666666666666,13.93333,19.27
10.333333333333334,14.16667,12.27
16.066666666666666,13.18333,8.11
19.3,4.25,6.5
18.73333333333333,13.98333,7.94
20.9,52.65205261820295,15.39
19.616666666666667,46.73673931847096,5.0
8.48510942825378,14.06667,11.27
11.7,11.96667,6.12
16.716666666666665,10.43333,5.7
17.1054903774042,43.28979892318467,3.34
22.95,14.7,8.81
22.78333333333333,4.0,14.39
11.583333333333334,1.816667,6.86
19.171582358412465,13.15,2.97
13.316666666666666,14.407961687858982,13.78
15.333333333333334,0.5166667,11.746330360635184
19.03333333333333,13.056460934490127,1.87
8.366666666666667,9.05,7.94
17.133333333333333,7.3330630568195305,13.44
20.4,11.598841426486443,14.72
18.716666666666665,3.133333,8.77
14.066666666666666,10.85,0.65
13.483333333333333,11.43333,16.0
16.3,9.45,13.12
23.366666666666667,15.21667,27.583337977365588
21.883333333333333,3.766667,6.7
19.853825720424357,4.45,19.59
18.716666666666665,1.583333,6.18
22.15,10.08333,54.383235598653556
13.433333333333334,21.76667,5.62
14.466666666666669,10.4,16.46
18.98333333333333,9.183333,7.71
16.933333333333334,20.05927138898707,24.884458829872308
19.466666666666665,46.21667,5.71
16.983333333333334,16.26667,7.49
19.916666666666668,11.737721846686364,8.54
15.633333333333333,18.051234334453003,16.38
16.493596943117154,18.45,7.11
16.383333333333333,12.93333,22.078035137753467
18.433333333333334,3.783333,4.301193547561764
19.466666666666665,15.66667,5.671834349634591
16.666666666666668,7.45,5.34
20.816666666666663,13.91667,24.9
23.316666666666663,42.98649885195552,16.72
14.666666666666666,14.3,2.39
21.7,13.86667,13.39
20.666666666666668,12.01667,14.02
7.966666666666667,13.95,20.004196780887433
12.566666666666666,15.97194,7.69
17.5,9.443472180163452,17.02
17.433333333333334,14.31667,27.448635571105406
20.883333333333333,11.15,5.83
19.966666666666665,12.35,16.73
17.881044597516787,15.455137607817342,13.23
19.6,20.78333,21.681722017060967
3.5,14.661428810938764,24.14
15.833333333333334,14.58333,5.6
16.666666666666668,2.233333,16.95
17.25,11.83333,10.37
14.55,42.33415948071362,11.533068461327348
12.3,0.40738134198918546,1.98
17.133333333333333,2.216667,2.43
21.133333333333333,18.16667,12.21
7.45,12.651150427148963,11.93
16.25,23.6,9.5
15.966666666666669,2.066667,16.39
16.366666666666667,13.73333,2.35
17.166666666666668,16.81667,15.12
16.45,13.46667,25.83
22.75,22.4,20.910593329474796
0.1999999999999993,8.15,13.44
17.366666666666667,12.88333,6.59
22.166666666666668,20.919366834435138,8.01
18.466666666666665,2.533333,12.72
19.08333333333333,19.41667,7.15
23.657165023614166,20.88333,9.7380572732538
19.3,22.53333,22.739354811063965
15.3,14.73333,10.72
21.7,2.383333,4.34
23.766666666666666,10.21667,14.59
20.95,21.53333,34.45815283803968
22.48333333333333,21.28333,9.42
23.78333333333333,12.1,7.33
17.316666666666666,11.12327359821839,9.565570251236204
0.8758135266548699,15.31667,31.819270240436307
22.8,6.333333,4.93
13.65,44.664255690330485,9.5
19.883333333333333,19.4,4.55
16.716666666666665,14.5,16.47
7.716666666666667,1.166667,8.5
19.616666666666667,14.36667,7.222855265270918
0.33333333333333215,19.742273623657955,34.22798077015672
19.0,14.53333,5.61
16.65,23.481422612960724,4.59
19.116666666666667,12.36859481757587,6.7
14.433333333333334,17.2,23.83
15.866666666666667,0.55,6.08
15.1,3.216667,8.14
18.03333333333333,1.866667,6.6
8.816666666666666,1.133333,1.75
0.7833333333333314,0.6,26.45
21.116666666666667,14.35,43.19245346392505
22.3,8.31125381403342,9.07
16.133333333333333,20.76667,2.42
16.483333333333334,1.0186520637835856,2.56
11.0,7.733333,4.64
19.55,21.75,7.74
17.016666666666666,17.23333,24.871712973478715
10.4,4.65,5.45
17.833333333333332,6.829395798515086,27.71
15.466666666666669,4.966540089409297,25.630731683489866
13.616666666666667,8.645292171253171,4.39
3.4192074356207733,22.15,17.64
22.05,37.61981935050017,21.5
19.933333333333334,40.2,23.19655850636773
20.35,2.335180489854587,38.372357782865876
20.65,9.266667,12.45
15.066666666666666,16.73333,7.21
15.7,10.646557237275648,16.11
15.033333333333331,13.06667,8.0
17.1,10.01667,8.06
12.466666666666669,10.88333,6.51
13.7,8.822555648377769,6.33
15.716666666666669,3.1,5.4
5.050000000000001,14.75,3.96
17.433333333333334,14.18333,9.96
19.9,12.79143821070814,24.73024746521376
16.583333333333332,1.7,8.44
23.03333333333333,8.875769415205596,9.85
16.616666666666667,11.66667,58.05
4.050000000000001,30.029738567540917,18.36
17.466666666666665,11.5,7.82
21.316666666666663,2.933333,6.1217965598916635
18.816666666666663,6.099509858956944,17.54
11.039917452193427,2.283910759262209,33.457349227904345
23.05,22.35,5.28
15.45,11.5,46.93026980862953
23.316666666666663,14.21667,18.45
14.816666666666666,0.3833333,0.93
17.95,15.3,2.6809816840221177
20.616666666666667,11.68333,19.68
18.28333333333333,18.5,22.13
13.683333333333334,7.348030702693631,11.4
17.466666666666665,18.11667,38.82
13.3,17.6,15.19
18.3,14.7,43.782305682036096
17.033333333333335,0.2333333,21.32
23.95,0.1515860771075206,0.7208151903143152
10.216666666666669,0.3875208928088336,3.4
17.566666666666666,20.993008527171753,13.178914688692894
13.85,14.649969349966554,8.77
18.383333333333333,7.833333,6.21
17.516666666666666,12.25,8.92
18.05,11.25,10.95
6.85,11.98333,7.0
15.866666666666667,13.16667,2.16
15.416666666666666,17.8,25.09
9.05,19.4,18.4236575816432
20.216666666666665,15.5,29.152392569156362
21.633333333333333,0.6666667,2.11
11.45,17.358211621005612,6.8
18.933333333333334,15.26667,5.37
16.766666666666666,0.6666667,1.94
4.333333333333332,19.8,1.95
21.166666666666668,4.083333,11.3
17.366666666666667,3.305818973318132,7.03
18.4,1.785833,39.387103399406186
17.3,2.083333,4.23
11.383333333333333,0.9333333,2.95
14.783333333333331,12.25,20.43
16.25,6.75,17.01
20.516666666666666,1.05,3.73
16.75,1.466667,5.83
8.35,9.916667,0.86
0.08333333333333215,21.51139867785976,1.999018502710387
19.433333333333334,14.32373281133476,16.619389720249455
19.266666666666666,1.45,6.27
20.433333333333334,12.85,14.67
15.816666666666666,20.96667,7.94
19.616666666666667,13.76667,16.36
14.483333333333333,20.65,22.715428153674583
19.066666666666663,11.171891114251906,23.27569376238389
16.266666666666666,12.183677940053961,6.58
9.116666666666667,0.7016269069953412,2.78
16.966666666666665,11.7,2.42
20.73333333333333,4.883333,19.07
21.4,41.63067961208655,8.59
20.066666666666663,93.1194827029889,17.319238692552318
18.766666666666666,16.91667,30.62
15.816666666666666,9.966667,7.0
18.916666666666668,13.1,12.04
16.216666666666665,11.705242229303783,6.45
15.15,16.591406544641977,4.39
11.816666666666666,14.91667,1.47
23.2,14.33333,35.341726370735564
12.216666666666669,9.164648772670425,5.21
19.616666666666667,11.03333,6.55
20.8,11.08333,14.38
13.183333333333334,9.783333,5.98
17.033333333333335,22.06667,19.87
13.25,14.88333,24.78
16.933333333333334,16.16667,3.7
18.35,7.2,13.1
14.55,1.7,19.52
12.85,4.4,8.95
2.065741230892307,21.0,19.14
23.316666666666663,1.483333,3.03
18.25,2.549272891941651,5.12
0.5333333333333314,26.41667,15.85
14.816666666666666,3.266667,13.43
14.716666666666669,4.49997392806525,4.19
16.95,3.65,34.64
15.083333333333334,14.48333,4.17
17.95,19.549796333379017,37.09324334643781
15.6,24.21330338731335,25.22
21.0,9.2,4.96
17.083333333333332,10.8,6.89
21.48333333333333,11.150850705852411,4.12
19.98333333333333,18.68333,22.68
17.066666666666666,16.25,28.39
4.483333333333334,13.55,20.76
22.45,16.46667,49.298205662742255
18.48333333333333,6.14980422580916,51.86248118747026
15.916666666666666,2.933333,13.6637633327581
13.235266689683097,16.23578257256318,1.8
16.483333333333334,4.366667,6.73
23.716666666666665,15.41667,7.086469387493562
20.1,9.316667,6.48
10.8,2.1926582281557447,2.68
16.066666666666666,3.433333,0.73
10.316666666666666,5.65,8.95
20.75,4.166667,3.92
20.05,4.9,39.89201566062635
14.2,22.21667,8.301710205946584
16.483333333333334,11.894175896221407,12.41
15.866666666666667,11.98333,6.17
10.639457016086574,1.6487741494766441,34.71
21.633333333333333,13.86667,45.2
16.233333333333334,2.933333,11.75
16.7,18.41667,12.78
21.316666666666663,12.48333,17.79
14.383333333333333,17.889514356476134,34.78427320400253
16.716666666666665,14.9,2.73
17.65,26.8,5.09
6.8,1.5600631679961938,2.6134140900918283
20.48333333333333,13.68333,9.6
20.4,8.4,6.85
1.4333333333333336,3.85,17.79
16.25,38.04139981240245,17.67685233272845
14.783333333333331,15.83333,17.68
18.45,2.933333,3.23
19.3,10.893875728782534,10.73
19.75,7.266667,8.99
23.216666666666665,10.378324601222115,24.45
20.466666666666665,13.15,11.63
16.333333333333332,8.666667,17.23
19.066666666666663,3.1,3.59
21.166666666666668,0.6,1.64
19.1,20.03333,2.76
15.516666666666667,17.58333,7.62
16.3,13.18333,5.15
16.366666666666667,16.1,11.53
15.116666666666667,10.43333,11.5
21.28333333333333,3.516667,20.08
0.16666666666666785,4.083333,9.21
19.666666666666668,4.9,6.31
3.7333333333333343,10.503115860617159,34.030340631538074
19.45,5.0,19.0
16.666666666666668,15.85,3.35
3.6499999999999986,2.9,17.899259501122867
22.45,22.759738964184393,10.58
18.166666666666668,13.15,6.01
13.35,9.583333,3.7
12.55,1.9,6.67
19.5,38.1437924095647,22.4
16.716666666666665,15.5,25.18
22.03333333333333,14.45,10.99
0.8500000000000014,3.5,20.44
23.966666666666665,16.4,12.06
16.166666666666668,7.3461870469959,7.15
19.816666666666663,33.19453961126965,15.31
21.2,22.329311064973012,8.45
10.583333333333334,16.76667,25.294629391350316
14.15,1.216667,17.49
17.133333333333333,15.21667,30.78
15.516666666666667,10.897634510896992,4.51
19.2,15.06667,34.55
17.25,2.25,14.96
22.0,1.626159660268017,6.5
18.45,15.3,7.71
18.15,23.53333,26.24847703343723
15.483333333333333,24.53333,7.97
10.616666666666667,1.25,4.01
17.016666666666666,2.966667,6.85
16.016666666666666,30.940869994357854,11.89
21.55,3.1,4.150953045020346
23.25,14.21667,11.118286682597827
17.466666666666665,14.48333,31.30594571022317
19.316666666666663,13.236702708150853,10.87
15.2,2.95,5.55
20.73333333333333,5.45,6.51
3.4333333333333336,2.8,16.68275209216401
22.633333333333333,14.427119201182792,13.78
20.7,16.35587910022384,18.03
14.383333333333333,13.86667,9.1
20.566666666666663,15.51667,7.24
0.5166666666666657,14.38333,5.97
23.006639101673013,15.08333,3.96
12.233333333333333,14.315243001219779,4.66
14.516666666666667,1.779996729398404,3.46
19.766666666666666,62.17003496385466,12.42
2.9833333333333343,1.9,9.93
0.44287602883656874,35.58763637814268,5.27
8.35,14.68333,16.953185251501854
22.95,16.11667,12.79
14.7,1.733333,5.0
17.216666666666665,22.683562288098972,27.825002481739503
15.833333333333334,17.03347498900097,3.85
11.366666666666667,12.83333,5.82
18.53333333333333,8.330203593870326,5.92
19.45,13.55,12.0
16.5,13.961491762955621,17.54
16.683333333333334,22.0,20.28
16.266666666666666,14.03333,14.8
11.566666666666666,16.61667,7.17
17.183333333333334,62.73038505353293,8.012092681601644
13.633333333333333,3.783333,5.39
15.283333333333331,11.259536237538864,17.203384966298472
23.45,4.736945110596788,6.09
0.03333333333333144,21.05349974559961,7.32
15.316666666666666,9.116667,4.94
9.783333333333331,12.58333,11.8
0.21666666666666856,10.34583,4.726665372531861
1.7281181114497812,11.31667,20.87
13.65,117.79646411432708,15.64
22.08333333333333,15.16667,6.65
19.53333333333333,10.18333,38.898658838481644
12.966666666666669,16.68333,9.47
10.583333333333334,1.883333,14.26
18.116666666666667,4.883333,8.936413197589571
22.866666666666667,11.0,25.056428150236606
17.683333333333334,11.58333,6.85
19.916666666666668,12.41667,47.498460324730026
16.683333333333334,10.924929994355306,49.72709239135962
14.516666666666667,39.05754893379687,13.74
19.943806749603148,11.887577968533718,7.68
14.833333333333334,17.509192033909507,4.64
20.2,16.52527782937454,18.776851778577548
15.5,13.36667,5.99
19.61700172380224,15.97194,11.74
21.4,14.494917845613688,44.21
19.066666666666663,2.5,11.46
16.366666666666667,14.43333,10.13
18.416666666666668,11.1,10.15
16.383333333333333,15.26667,9.2
17.966666666666665,3.1659710133499903,2.64
23.9,17.05,4.91
20.566666666666663,18.46667,13.710383970602416
7.5,3.633333,5.7
10.283333333333331,0.3429649898650639,1.02
19.33333333333333,12.68333,8.89
7.866666666666667,14.43333,3.17
20.28333333333333,23.18333,17.5
16.666666666666668,2.9545830658033796,11.61
17.55,12.7,6.13
21.23333333333333,11.411790793681373,9.35
20.98333333333333,16.88333,23.253389046182857
20.75,10.4,27.045217608823442
17.4,12.28333,5.52
20.566666666666663,30.747504248551557,20.6
13.083333333333334,1.5708814611578854,8.55
16.033333333333335,19.03333,19.54958389400272
21.53333333333333,4.814468652937686,4.57
23.366666666666667,0.2,0.72
18.016666666666666,20.173644478712635,4.11
10.783333333333331,0.9,0.76
17.2,1.116667,3.47
15.566666666666666,13.91667,11.46
20.28333333333333,4.7,1.77
16.966666666666665,13.65,14.5
7.616666666666667,1.9,7.83
16.35,74.57566726360835,7.22
16.6,2.366667,10.08
10.883333333333333,2.366667,5.46
21.6,17.18333,16.31
0.4833333333333343,0.8333333,1.97
17.35,4.6,9.04
17.75,26.45,38.63495591686573
17.1,16.09413207465259,3.76
22.95,19.86667,19.43
0.6333333333333329,9.45,35.014268776942046
18.866666666666667,11.4,14.97
18.716666666666665,2.349550982710926,4.45
20.3,16.724945952695897,21.86
20.6,2.575536878443749,9.86
19.4,1.15,2.38
16.233333333333334,6.5,14.429926757230422
8.05,0.8166667,3.967381905794609
20.4,43.56844370665621,19.484146931685974
12.166666666666666,0.45,3.56
16.1,17.18333,19.381372662028298
7.766666666666667,1.282941488397883,7.51
14.502203625924206,24.76667,12.98
15.916666666666666,2.008439926182237,22.0
15.816666666666666,22.93333,10.37
18.3,19.88333,17.09
12.7,10.35,30.629772266235666
9.433333333333334,14.9,6.84
8.75358030517964,1.733333,3.81
12.883333333333333,13.909358570340538,9.89
18.65,19.73333,10.4
18.116666666666667,12.9,1.786049751844257
11.516666666666667,11.23432111658284,5.08
11.85,15.58333,7.97
20.516666666666666,7.3,9.53
15.716666666666669,1.25,37.45
15.233333333333333,1.933333,14.29
15.016666666666667,14.3,23.09
16.583333333333332,63.16394322651507,12.504023704335559
13.366666666666667,11.01667,6.26
16.116666666666667,16.124649821959974,2.83
22.33333333333333,3.051411325644399,5.01
18.933333333333334,7.340647269250598,4.92
0.03333333333333144,9.616667,18.0
16.9,10.68333,5.88
22.03333333333333,17.25,8.34
19.75,11.247894166564173,12.35
14.366666666666667,0.8666667,1.82
16.333333333333332,3.15,11.21
8.833333333333334,14.25,4.75
22.383333333333333,14.8,17.84
20.1,19.807587522691563,5.46
17.15,2.449968597964166,3.44
3.4333333333333336,12.35,11.2
0.4499999999999993,15.36806,17.169917884662283
10.4,10.93333,2.46
18.683333333333334,14.83333,43.54152940389235
19.28333333333333,0.7495305859032894,4.18
16.433333333333334,4.766667,8.802912941889373
22.8,8.633333,5.16
19.25,12.697606271356966,34.29674668127205
20.366666666666667,12.86667,8.03
20.53333333333333,0.3352936865878723,18.7197032393259
17.916666666666668,13.03333,13.83
14.25,42.597279405159455,15.27
17.133333333333333,48.43956638416469,17.08911388968583
20.316666666666663,15.6,23.86089663568651
15.95,2.4,8.55
3.8114349144127715,1.5924753187683713,5.96
18.966666666666665,31.3,13.89
10.0,2.283333,13.02
11.283333333333331,20.235999562390855,12.97
19.816666666666663,14.63333,4.280865212997887
19.866666666666667,12.13333,10.25
19.883333333333333,10.999513638476767,4.36
13.4,7.116667,3.88
18.933333333333334,4.116448412242335,7.15
15.2,14.36667,4.99
21.33333333333333,18.793165543328215,21.051804491106886
20.51655709863165,3.183333,1.9
0.38333333333333286,21.71667,11.32
20.98333333333333,10.9,17.36
3.3999999999999986,73.99979919666308,28.774015076607466
16.9,18.25,15.66
17.75,11.65,8.16
0.03333333333333144,14.63333,12.44
15.65,15.13333,5.7
16.966666666666665,5.433333,4.731872610248392
15.033333333333331,1.7648531926513233,2.01
21.33333333333333,19.504414046365255,43.0603679093346
17.866666666666667,0.7666667,16.49
12.083333333333334,15.78333,14.76
14.866666666666667,15.86667,28.2851917905407
2.666666666666668,21.75,10.94
20.25,0.18486065547927266,0.71
20.6,8.114155307697105,8.16
9.5,3.016667,9.12
15.5,15.26667,10.7
21.5,23.59949246684312,6.926731517715379
8.233333333333333,1.781667,6.74
18.516666666666666,13.73333,50.40860099506564
18.187124836196016,14.55,10.4
21.25,14.81667,8.29
23.3,7.933333,17.65
16.783333333333335,14.4,9.66
22.183333333333334,8.783333,28.9
10.583333333333334,1.783333,11.45
15.066666666666666,95.91880719301358,9.53
14.75,12.23333,13.39
15.183333333333334,10.74660518552193,6.72
19.4,14.85,7.92
22.683333333333334,3.633333,15.33
18.53333333333333,17.709850520432752,41.431675993478855
14.55,4.816667,8.56
20.433333333333334,11.0,4.57
21.98333333333333,16.68333,40.885472803267184
18.0,39.213126854522635,9.34
17.283333333333335,15.93333,13.76
18.216666666666665,12.28333,4.85
15.55,2.616667,2.63
13.466666666666669,4.65,7.94
18.55,23.819607322675168,9.56
12.533333333333331,14.616158278158858,1.32
18.383333333333333,11.579270729392125,2.56
10.033333333333331,1.733333,4.82
11.833333333333334,0.25,0.5560450973478146
18.516666666666666,1.033333,2.0
17.9,20.098019109329606,11.77
20.866666666666667,3.733333,21.46
17.8,12.98333,12.37
14.216666666666669,51.978923236679684,6.51
15.3,19.151276195752423,15.47
21.55,20.0,55.01601849840023
3.7166666666666686,15.95,61.72334247392835
14.416666666666666,1.4,12.0
19.53333333333333,14.58333,21.67
15.9,1.55,15.57
14.583333333333334,10.18333,6.06
17.316666666666666,0.4833333,1.21
20.413952906347795,17.357953681500483,13.69
15.05,39.2616956165013,15.24
13.633333333333333,10.35,6.65
8.433333333333334,12.563630526675981,6.24
17.2,6.8,4.01
16.116666666666667,18.58333,19.759399614764845
19.23333333333333,20.32839189906622,33.39
16.4,15.5,12.61
19.883333333333333,8.9,15.72
19.316666666666663,16.08333,60.797493481894485
17.95,1.616667,5.03
16.283333333333335,0.3166667,2.63
17.2,18.53333,6.56
19.6,2.1008695936828152,4.93
18.933333333333334,9.553937606923705,7.43
15.2,10.610725032330759,31.71378605327336
17.783333333333335,11.38333,3.34
21.23333333333333,13.46667,12.2
15.4,13.452270058802444,8.77
16.833333333333332,4.75,41.5782822496118
20.816666666666663,10.271838309617298,6.7
12.566666666666666,7.616667,18.51
18.566666666666663,2.516756222568932,6.32
15.766666666666667,1.8585985778595284,7.32
23.73333333333333,15.513340307683109,10.54
13.666666666666666,2.733333,4.02
15.033333333333331,2.6835242211189785,6.83
22.266666666666666,22.66667,23.53
16.816666666666666,15.967770801200656,7.63
12.683333333333334,43.81667,14.0
17.0,0.3833333,1.38
17.983333333333334,12.01667,3.48
15.7,42.517029523417975,5.96
19.916666666666668,18.1424918309745,6.84
3.387810889699903,21.26667,6.83
16.116666666666667,0.35,2.53
12.55,0.8333333,3.65
6.989704936348426,8.633333,9.73
16.783333333333335,15.8,9.35
15.7,1.5846999541457913,7.6331435295031405
16.233333333333334,1.883333,5.73
19.35,16.03333,45.49984764728695
16.1,12.51667,11.56
7.633333333333333,4.15,5.01
17.283333333333335,16.46667,5.24
17.1,14.73333,13.71
17.4,15.03333,13.02
16.883333333333333,19.98333,7.07
14.6,8.35,28.503566239215434
17.166666666666668,9.933333,7.7
19.616666666666667,14.36667,8.61
10.15,0.9166667,12.97
20.75,10.9,8.09
17.501669164344882,9.75,8.83
0.8666666666666671,16.63333,15.88
18.78333333333333,15.23333,34.56868169604568
0.43333333333333357,2.3,1.55
19.45,14.48333,8.91
18.53333333333333,11.7,6.65
20.55,1.2,15.35
20.0,7.266667,7.24
18.08333333333333,14.45,9.6
21.7,9.552911214289159,27.72
22.85,3.416667,13.75
18.58333333333333,11.547343499094046,9.16
1.3166666666666664,13.46667,15.02
18.216666666666665,1.0277557712024898,2.04
4.433333333333334,2.933333,17.49
16.75,8.8676974995553,3.68
18.716666666666665,24.0,15.2
16.656520856663214,1.0502861641132264,7.0509710301668385
16.7,4.05,5.858977801355068
18.116666666666667,1.483333,11.73
15.2,12.13333,28.49
3.3166666666666664,7.835797387123341,38.54824054238386
21.183333333333334,15.61667,3.858646396419499
19.55,4.716667,5.43
0.8666666666666671,8.032399338563847,8.3
16.516666666666666,35.5993848364219,10.66
9.45,15.28333,7.57
14.916666666666666,9.416667,4.71
18.633333333333333,15.461606506765317,46.16
9.183333333333334,2.016667,6.65
21.5,8.757767858047824,14.13
15.916666666666666,0.789942477722222,45.59125036677346
19.183333333333334,7.65,6.45
20.0,4.266667,23.27
19.08333333333333,13.68333,19.02
13.55,13.75,2.59
20.116666666666667,18.7,33.40146438122262
19.916666666666668,25.645804390702164,6.23
16.533333333333335,65.31667004535916,4.38
0.5,10.93333,11.81
17.466666666666665,10.91667,12.139145201952196
13.583333333333334,14.96667,7.16
3.9833333333333343,18.687077393774977,43.26504645673558
17.5,7.083333,12.46
20.33333333333333,16.4,13.34
16.333333333333332,10.5,4.88
20.535117379847115,3.4,22.8
23.53333333333333,38.88333,12.74
4.0,18.90546239265157,16.36
13.033333333333331,0.3833333,1.19
17.283333333333335,10.81667,8.15
15.866666666666667,21.03333,16.14271043029148
16.516666666666666,15.06667,6.21
11.466666666666669,0.8,1.57
23.316666666666663,16.35,19.85
14.2,22.61667,3.37
21.33333333333333,1.55,7.573457094824407
16.466666666666665,10.164303457457239,19.94
22.05,3.15,3.84
4.143114938673776,2.666667,1.62
12.866666666666667,9.05,9.09
14.633333333333333,4.883333,6.79
12.1,10.21667,6.05
15.466666666666669,41.35,10.03
19.383333333333333,12.536947297141378,9.64
14.166666666666666,1.05,4.05
11.333333333333334,24.03333,5.35
20.2,12.23333,5.6
20.383333333333333,25.86667,9.84826320211403
20.2,1.033333,2.89
1.1499999999999986,18.63333,9.3
16.15,1.566667,2.82
23.266666666666666,20.16667,24.611910779110623
9.533333333333331,4.566667,4.74
20.3,2.916667,14.85
4.488200237980831,3.733333,9.79
22.216666666666665,1.783333,1.39
23.28333333333333,40.05053123726431,12.58
17.683333333333334,2.3,20.32851301641762
19.566666666666663,4.9496248484868355,8.06
16.83109612143162,11.43333,13.41
16.866666666666667,30.9,15.08
18.9,15.533170537108056,8.49
17.466666666666665,14.96667,23.83
19.366666666666667,11.81667,5.84
23.08333333333333,14.11667,7.8
12.883333333333333,0.6006052608252975,43.12068372253795
21.116666666666667,12.395017357719844,11.88
19.116666666666667,40.29816269867865,16.19
3.6499999999999986,14.172058459422555,6.8
18.08333333333333,2.333333,2.9
7.966666666666667,1.816667,2.4
22.4,14.7,28.30343516478315
16.883333333333333,15.65,10.617089361932594
19.916666666666668,1.466667,8.22
16.3,21.31667,17.02
21.08333333333333,17.88333,19.52
16.6,4.966667,3.23
14.016666666666667,10.4,9.86
0.4669616503742908,1.633333,3.52
13.85,0.3666667,1.0
22.15,9.266667,4.94
16.066666666666666,10.98333,10.421283457924146
12.5,6.633333,8.51
12.9,7.012048109103615,15.35
17.466666666666665,2.4489197106438034,1.16
14.366666666666667,17.85,6.77
13.933333333333334,2.0661127623389266,15.37
18.98333333333333,6.85,27.582671742015517
17.233333333333334,12.11667,2.59
15.933333333333334,14.3,15.9
19.6,13.58333,3.22
21.05,12.65,7.32
16.516666666666666,8.616667,3.64
19.98333333333333,14.13333,22.22
20.83333333333333,19.0,22.98
15.7,2.35,5.56
17.7,17.56667,11.79
17.266666666666666,6.583333,22.05
15.983333333333333,3.933333,17.27
18.5,15.75,5.59
22.386215309433464,12.93333,7.51
16.066666666666666,3.75,3.51
16.816666666666666,22.25,4.07
20.98333333333333,62.45333006246746,18.78
23.55,21.6,19.14
15.983333333333333,8.632500383903562,3.0
16.35,24.619212480595262,49.30225049483124
21.416666666666668,0.41356247786423317,1.23
3.616666666666667,14.65,9.63
16.733333333333334,13.66667,8.01
16.1,10.8,12.5
21.25,10.813892202166409,26.63
12.233333333333333,1.15,6.55
21.65,9.23294285639456,8.24
16.483333333333334,8.4,13.83
16.766666666666666,14.15,4.26
8.366666666666667,0.5166667,7.21
21.6,7.283333,11.3
16.2,15.2,3.13
21.216666666666665,15.26667,8.06
13.5,4.351122285030097,27.279826073562727
3.8000000000000007,4.962146838466626,27.775118897981013
17.45,19.36667,9.0
21.0,40.49461821302693,25.65
10.616666666666667,17.078119174024025,16.02
18.49966218636885,1.116667,4.13
22.33333333333333,90.65237823773225,14.06
15.266666666666667,39.36963590406635,4.050330753782764
15.666666666666666,13.06667,19.831971425465305
15.966666666666669,22.95,4.6
14.833333333333334,1.218190377253777,2.07
16.633333333333333,15.85,9.64
19.53333333333333,15.78333,9.17
20.58333333333333,14.96667,5.65
16.733333333333334,37.835371352463,34.650692124802156
15.3,12.81667,3.37
21.8,10.78333,6.1
13.533333333333331,21.06667,9.32
13.3,18.322532187725013,7.29
17.5,8.05,20.51
16.5,22.36667,8.67
4.333333333333332,15.494248538923179,2.56
20.383333333333333,14.83333,12.94
11.583333333333334,4.383333,12.95
23.58333333333333,1.916667,3.86
17.4,2.3378920956449463,8.38
21.03333333333333,2.266667,3.84
13.133333333333333,0.5872939430260452,1.86
5.133333333333333,6.166667,16.46
20.666666666666668,20.095001884314673,30.831137422260362
18.95,25.58333,14.19
19.08333333333333,0.8833333,1.68
17.15,27.33030704789797,17.072279047546907
18.916666666666668,3.566667,3.2
16.6,16.24991531679282,6.31
17.3,34.292990368685054,35.01697925011162
0.4974252446617662,7.103886391394442,7.03
11.95,2.15,46.03353033611551
17.583333333333332,7.583333,9.39
18.416666666666668,11.953758757236605,10.16
2.0839245395594226,10.83333,20.794068131598177
19.933333333333334,5.2,10.78
16.483333333333334,15.71667,9.47
19.2,14.88333,9.46
23.45,8.49968761722176,17.801923451730982
16.733333333333334,11.48333,10.67
14.183333333333334,15.7,9.51827601097524
16.6,43.67364918871569,27.8601591366902
12.35,2.5,77.59554120329209
12.366666666666667,12.51667,6.64
18.566666666666663,0.5166667,1.53
21.8,10.217816329386476,21.44
19.03333333333333,11.61667,22.32
19.816666666666663,14.3,2.64
19.08333333333333,14.35,11.21
18.1,18.7,4.569118772216607
21.166666666666668,4.339054297963004,24.552203742710407
17.733333333333334,20.2,13.078434459478595
16.333333333333332,17.4,16.32
22.8,19.01667,8.4
16.29250214776694,63.60096711492815,7.63
15.75,1.433333,3.393561889119446
20.98333333333333,13.01667,14.8
20.85,13.38333,7.15
14.683333333333334,1.6,41.445887922917024
11.75,20.548417774871197,9.166517926368396
18.83333333333333,11.303197326815374,6.78
17.116666666666667,1.9,5.237796682349872
22.28333333333333,10.15,4.86
17.81284305104879,10.66667,3.53
20.98333333333333,15.25,11.47
20.433333333333334,1.85,12.26
11.974428684781985,5.733333,11.82
21.699611727397134,9.3695279576636,12.97
18.916666666666668,11.28333,6.48
16.466666666666665,71.17656227079527,6.08
14.783333333333331,22.95,2.54
16.65,23.068124968657973,19.54
17.383333333333333,15.66667,25.83185986933531
16.2,0.587704868918624,8.33
17.666666666666668,1.4,5.94
22.33333333333333,11.0,21.305303060223814
11.284227945053619,0.65,2.34
22.0,8.654303543913745,12.74
17.283333333333335,11.06667,20.64
21.33333333333333,0.950324798318989,1.57
4.197535300639476,11.35,20.430881079589017
19.95,38.11048192810051,10.71
19.166666666666668,12.06667,5.72
19.2,28.711189057688998,42.06153075278736
19.28333333333333,17.63333,6.72
18.73333333333333,19.0,10.68
17.85,5.856652142634951,26.22
14.616666666666667,13.88333,13.43
17.15,1.616667,8.02
14.016666666666667,10.48333,5.83
16.5,6.249974487257012,3.48
19.95,15.15,7.02
19.03333333333333,6.4,3.08
14.266666666666667,20.3,5.49
10.183333333333334,23.21667,10.6
16.216666666666665,5.466667,18.290472229549195
23.216666666666665,18.66667,6.21
0.9333333333333336,15.3,5.9
16.8,2.133333,6.59
22.166666666666668,12.68412514033852,14.66
14.033333333333331,1.111388090264193,3.68
15.766666666666667,26.98333,8.86
4.149999999999999,17.63333,49.558742817172316
20.616666666666667,14.3,16.36
23.53333333333333,37.83084951184837,9.66
17.5,10.6,2.2
19.616666666666667,16.03333,14.36
20.766666666666666,15.68333,16.21
21.366666666666667,16.8,5.8
11.366666666666667,0.4166667,1.6
22.98333333333333,16.67789655451964,44.35616158966208
18.48333333333333,18.78333,19.392360763137695
12.783333333333331,62.74285271959873,6.45
14.6,11.25,4.68
19.116666666666667,1.5502735919482913,2.66
11.6,14.23333,6.18
1.9392432615359816,12.7,2.73
16.7,3.933333,7.19
11.816666666666666,60.55488587541914,12.59
20.566666666666663,14.719701129513764,20.8096524321069
16.55,17.61667,9.199336981372907
14.533333333333331,9.0,8.73
12.0,16.01667,4.42
20.25,9.666667,8.02
14.463652554331446,4.066667,25.58226685172645
13.116666666666667,1.3,12.72
16.766666666666666,13.48333,5.14
21.78333333333333,2.2398882475851356,2.5312488443078474
15.75,0.4833333,3.012170338248834
14.65,10.35523718948412,10.66
14.516666666666667,8.216667,9.59
17.933333333333334,1.5471849967698472,9.138379313319456
18.383333333333333,17.81667,6.45
19.8,15.998781792953395,17.16
23.33824010989289,15.2,17.62
19.933333333333334,13.75,1.72
21.977069271604705,16.4,8.38
20.53333333333333,19.81667,8.7
17.583333333333332,7.485043830575244,4.22
20.716666666666665,13.85,14.25
21.3,19.56667,6.53
16.583333333333332,2.066667,7.49
1.4499999999999993,13.63333,31.457368801124396
15.466666666666669,7.416667,6.0
16.416666666666668,9.166667,10.07
1.5598303722358366,13.01667,31.417244654251263
17.65,2.4869059472774664,2.95
21.45,11.446351359600373,7.34
20.366666666666667,7.616667,32.44
22.016666666666666,10.76667,8.74
13.3,14.07204046542747,7.17
16.683333333333334,2.3,6.34
15.583333333333334,12.805123049804388,5.41
14.883333333333333,17.41667,5.0207749958499335
16.35,10.91667,27.85
20.416666666666668,12.374607995418506,9.84
18.65,1.533333,3.33
18.466666666666665,0.9183951646985005,4.45
15.266666666666667,1.266667,1.435241820013616
14.533333333333331,10.86667,31.42
20.08333333333333,24.13333,14.851301879331004
16.483333333333334,1.983333,16.99
22.85,5.116667,8.91
22.316666666666663,8.6,2.92
19.83333333333333,12.001697515744869,2.85
17.35,47.23550441990327,3.9
23.0,15.537909543090446,11.98
18.28333333333333,14.01667,16.68
6.85,1.75,1.85
17.166666666666668,15.28333,8.58
15.216666666666669,20.86667,3.58
21.4,10.21667,22.69773231354379
20.516666666666666,14.05,7.5
13.766666666666667,15.26667,4.84
14.85,1.433333,4.43
16.7,0.7466667,5.43
16.533333333333335,8.98251028695498,11.51
10.666666666666666,15.85,16.59
16.533333333333335,14.56667,20.25281676994171
17.133333333333333,11.13333,16.73
19.716666666666665,7.666667,7.2
17.6,8.516667,15.37
22.7,45.69456679708894,14.1
17.316666666666666,9.198436874939432,3.93
15.75,7.033333,9.66
17.316666666666666,8.121949625251,1.24
23.28333333333333,21.906561058431034,16.75888664225815
20.133333333333333,1.466667,1.4710814799251966
7.683333333333334,12.85,3.19
19.866666666666667,14.81667,8.282856520193162
20.75,16.351987466413668,4.53
21.98333333333333,2.166667,26.0
15.4,10.98333,2.0660621261876075
18.216666666666665,67.2302121912495,13.56
20.78333333333333,3.133333,3.24
3.7333333333333343,7.85,7.04
16.816666666666666,21.1,53.6167504570703
17.883333333333333,27.23908718195215,29.77
4.844601256872313,13.5,11.76
16.533333333333335,2.766667,3.73
16.116666666666667,13.41667,4.73
20.03333333333333,13.21667,46.18979617549339
14.416666666666666,16.73333,6.862396892246325
16.7,52.19934990095332,2.97
17.883333333333333,10.267379481668405,1.1916015166300349
17.0,1.65,4.48
14.15,11.4,35.87587249464681
22.116666666666667,11.41667,24.19
5.794074431844635,0.5666667,43.77095133914612
14.35,2.933333,6.62
17.65,1.248745739997374,6.31
13.266666666666667,0.8,2.1
21.366666666666667,15.1,6.35
14.6,17.140181653638944,6.82
11.716666666666669,14.3,11.85
18.95,20.48333,23.530536899864675
12.283333333333331,0.4,6.48
10.366666666666667,3.6,6.4
21.85,41.35,18.71
23.2,2.3013512429852456,3.64
23.016666666666666,10.98333,28.330886317892
17.95,23.58333,6.97
20.116666666666667,20.369165111056397,6.76
14.866666666666667,12.86667,12.26
21.133333333333333,16.43333,15.12
22.466666666666665,3.566667,7.18
17.166666666666668,0.6833333,4.34
16.533333333333335,8.366667,26.63778446172364
14.066666666666666,10.06667,4.27
22.83333333333333,10.45,6.18
1.0166666666666657,7.596139379273496,6.17
20.01773783346531,3.433333,7.67
21.75,1.95,5.72
16.166666666666668,16.45,3.47
16.65,15.35,8.42
15.916666666666666,23.21667,58.93785487640649
19.85,14.98333,7.99
19.616666666666667,1.733333,1.83
11.066666666666666,3.95,5.14
11.8,13.05,6.18
17.433333333333334,24.232321975757614,7.1
19.95,12.735444365245689,22.81121393880108
13.666666666666666,5.857256143331143,2.12
0.7333333333333343,20.96667,4.49
13.9,1.316667,14.51
16.5,3.3669399871351984,5.78
19.883333333333333,3.25,4.2
16.733333333333334,15.03333,3.0
19.83333333333333,91.06918395019618,7.94
8.44578568732395,4.5,11.22
16.166666666666668,0.6,1.99
16.8,34.140202961774506,9.19
19.433333333333334,14.38333,12.39
20.966666666666665,10.697872041232708,16.19
21.45,23.83333,4.9
22.75,99.3422950158549,51.401341086959
17.05,4.983333,1.9
16.216666666666665,12.35,4.0
14.466666666666669,18.21667,5.58
20.116666666666667,11.46667,10.37
4.100000000000001,21.23333,14.31
18.45,2.7,10.55
16.883333333333333,3.3445006841845815,14.53
20.683333333333334,21.55,22.0052318041469
15.516666666666667,18.7,8.4
11.708656805966651,0.3806575675524992,6.34
15.066666666666666,0.6666667,2.6052245343471876
16.283333333333335,3.283333,5.01
16.9,14.15,6.04
19.016666666666666,0.8327711621245455,2.03
10.3,0.4,1.0178615440614522
16.9,12.4,5.13
13.316666666666666,43.93333,5.75
16.466666666666665,17.91667,7.7
4.0,12.7,17.59
16.5,10.48333,13.17
17.55,1.033333,6.62
23.116666666666667,13.323932216212274,32.28353578448063
8.866666666666667,51.58008716211474,6.8
12.616666666666667,0.7515926421973145,5.69
18.816666666666663,19.06667,36.771253755064684
16.266666666666666,15.18821663481006,17.82
20.7,3.033333,8.12
8.5,1.8,3.37
20.616666666666667,1.85,6.66
12.233333333333333,15.06667,24.188401898816227
14.75,9.272418810912066,8.18
16.866666666666667,3.933333,17.79
15.666666666666666,20.11667,47.0828781301016
10.5,6.233333,3.64
16.766666666666666,19.318373464352508,27.24
17.95,14.65,53.9587496993388
16.616666666666667,16.3,11.56
19.183333333333334,22.5,48.720459910568316
22.216666666666665,5.016517139679548,5.82
19.266666666666666,13.8,9.24
11.183333333333334,14.75,10.602284098006784
11.883333333333333,14.5,14.28
13.35,14.36667,11.49
11.966666666666669,15.8,15.32
18.73333333333333,22.1,26.078632381516506
14.316666666666666,7.671243921508847,14.65
12.383333333333333,10.75,6.18
13.483333333333333,4.1,12.42
14.166666666666666,18.03333,3.5
16.516666666666666,38.60605633221786,8.62
21.05,10.916352429795198,43.99
14.166666666666666,1.35,51.71575734087964
12.066666666666666,13.75,6.65
15.733333333333333,4.441770728877286,5.18
0.8833333333333329,13.68333,28.19
17.016666666666666,11.15,24.5
22.03333333333333,13.36667,25.01
18.683333333333334,20.65,15.36
17.466666666666665,7.3141450614347905,4.85
0.6833333333333336,13.75,7.31
16.35,2.35,1.73
0.8500000000000014,10.5,9.39
18.266666666666666,4.285625606265712,4.47
23.83333333333333,0.6558240624921262,47.73558829784393
10.5,14.2,28.73168348885607
10.716666666666669,3.366667,13.34
2.5112274163121278,2.283333,12.87
18.33333333333333,10.01667,10.25
19.183333333333334,14.2,10.772606625033076
16.883333333333333,1.1,8.52
22.766666666666666,10.955822185002793,11.93
21.5,8.766667,2.9
21.35,10.03333,3.86
20.0,25.43333,14.59
19.33333333333333,15.38229879622599,52.333213258297185
15.783333333333331,17.330342902607505,11.15
19.83333333333333,2.4,2.38
20.416666666666668,12.084418425672972,8.107030416829511
15.083333333333334,0.8666667,2.81
14.7,7.616667,10.37
19.666666666666668,11.63333,12.22
14.516666666666667,0.5,2.54
22.83333333333333,20.3,12.338255314345005
15.516666666666667,2.1,2.35
19.8,1.7966288233604633,10.32
15.716666666666669,15.81667,8.04
21.5,12.98333,56.00144450241234
21.15,13.86667,8.29
20.633333333333333,15.85,4.88
23.05,11.75,20.41
20.75,20.76667,11.94
18.116666666666667,1.066667,4.69
15.033333333333331,14.2,3.1275167582929133
16.766666666666666,0.8833333,4.88
14.683333333333334,16.267428196350043,17.16
18.73333333333333,1.6875721442069962,5.67
17.8,14.7,7.14
11.733333333333333,11.16667,3.42
20.416666666666668,25.43333,20.886958008629737
15.883333333333333,14.93333,13.19
0.6338246127168539,1.5801166431570506,8.61
21.35,11.71667,29.14776201460976
20.0,15.55,36.755758718166035
18.58333333333333,14.75,4.73
18.1,8.783333,6.04
8.4,1.033333,5.137708039332646
15.6,5.166667,2.87
19.25,5.116667,5.77
13.75,13.71667,3.94
3.9333333333333336,4.983333,18.28
2.366666666666667,12.946600718216848,2.38
17.15,14.9,22.6
12.066666666666666,1.016667,10.62
16.1,12.437923255796157,19.31
22.35,10.318194720405842,16.06021533394465
15.433333333333334,17.55,42.06793121864088
20.916666666666668,15.28584479882068,11.003601113841869
23.633333333333333,14.480074097048828,5.78
21.216666666666665,10.0,9.37
20.633333333333333,19.78333,4.25
21.766666666666666,13.33333,29.185475041284228
22.25,15.984407259137603,7.94
20.831594093015394,8.366667,30.71
16.566666666666666,0.3833333,1.738556045105215
17.55,14.73333,9.68
8.5,1.333333,10.08
19.73333333333333,8.633333,11.85
19.133333333333333,21.01667,2.21
13.3,2.883333,5.6
17.25,21.26667,5.41
21.933333333333334,2.9,16.51
22.916666666666668,13.91667,14.67
20.0,8.333333,31.68854385625804
16.95,5.166667,3.18
18.466666666666665,1.05,2.06
16.066666666666666,1.0234679444283494,1.99
16.433333333333334,16.46667,16.86
2.3939040460357006,22.13333,31.006177834994162
21.666666666666668,23.46667,3.67
16.833333333333332,11.5,9.26
20.466666666666665,7.8,8.15
15.233333333333333,10.402267108795401,7.62
4.735306515733345,11.0,10.9
21.933333333333334,12.26667,16.378440465368328
11.15,1.883333,4.18
17.8,3.216667,4.92
17.083333333333332,3.566667,7.12
15.95,12.58333,10.67
21.416666666666668,4.183333,2.51
18.903893749296063,9.533333,7.66
17.366666666666667,18.36624853596302,11.4
0.8333333333333321,64.66395283194834,23.9
22.05,33.74213809802336,19.456610487236176
16.316666666666666,14.0,6.73
22.816666666666663,7.626748667261039,12.2
17.066666666666666,47.26676932447491,6.91
13.083333333333334,20.63333,10.38
15.716666666666669,5.5,7.99
21.78333333333333,20.45,31.807796554472297
14.233333333333333,0.2833333,0.56
15.866666666666667,3.433333,4.71
20.2,13.25,42.5718293763604
21.8,18.41667,10.67
20.933333333333334,14.66667,8.0
8.816666666666666,9.516667,18.54581165800104
7.783333333333333,9.4,9.0
20.18722461856717,16.66667,26.91
19.866666666666667,6.666667,74.26220490369013
20.633333333333333,17.8,22.82
19.566666666666663,8.666667,9.11
19.2,16.05,5.3
22.08333333333333,42.83333,11.778966773930005
3.616666666666667,13.563994717552195,7.22
14.283333333333331,1.7595546817744454,14.42
4.466666666666669,37.878867126084195,8.95
23.016666666666666,12.7,7.73
16.033333333333335,13.15,7.79
18.5,1.583333,3.92
17.0,2.016667,23.833511626888065
20.28333333333333,3.083333,3.72
10.716666666666669,1.55,4.31
3.8500000000000014,16.66667,6.77
23.35,5.15,20.81
16.583333333333332,15.53333,10.44
18.433333333333334,16.05,10.07
16.866666666666667,16.85,18.10374280565884
16.983333333333334,21.749601121896205,6.93
17.833333333333332,11.31667,4.36
19.45,17.56667,46.636449517188595
15.883333333333333,9.733333,8.62
18.6,4.933333,4.35
23.633333333333333,12.23333,8.04
20.816666666666663,14.96667,7.05
16.8,2.65,6.37
23.066666666666663,2.216667,2.81
17.333333333333332,24.91667,16.96
15.933333333333334,22.36667,4.87
17.1,8.716667,7.61
14.666666666666666,14.905188665890853,20.48
16.7,0.9526507594906979,2.25
18.85,13.08333,11.17
20.73333333333333,17.04259450101868,7.68
21.9,13.120420041866128,18.268352113745642
15.816666666666666,22.785563091827846,9.24
17.416666666666668,1.166667,3.95
15.566666666666666,11.13333,16.94
12.8,0.95,4.53
11.283333333333331,14.25,24.74057819993701
15.1,12.43333,5.31
15.833333333333334,2.916667,5.88
20.383333333333333,12.349113336483743,9.98
23.65,8.183333,4.85
22.116666666666667,14.9,4.46
15.983333333333333,18.342392548211638,4.39
13.316666666666666,1.916667,10.08
9.516666666666667,14.61667,6.41
15.766666666666667,33.38401864478129,11.64
22.35,15.56667,7.11
22.03333333333333,15.13333,17.44
15.4,1.4399974300911145,10.35
1.1833333333333336,15.46667,13.39
1.3999999999999986,12.757337187662799,9.68
15.966666666666669,13.85,1.2
11.86522844730498,3.05,3.07
18.58333333333333,6.03761545549174,5.98
2.9666666666666686,16.25,15.07
16.416666666666668,9.683333,12.3
11.466666666666669,17.05426615137396,3.36
15.7,13.48333,3.63
16.966666666666665,19.48333,14.72
21.5,2.4,2.59
19.53333333333333,18.41637546734058,13.616622092835604
20.966666666666665,17.487147563369632,15.34
22.9,15.16667,6.03
16.483333333333334,7.300692472243643,7.07
19.95,15.604873993058659,4.56
14.65,19.33333,10.59
21.191653247177115,20.5,10.67
16.5,8.583333,17.12
12.3,13.75,14.86
18.816666666666663,1.971867173880851,12.28
17.0,4.3,18.37
22.166295332030376,16.46667,15.89
18.08333333333333,8.416667,54.80090761131607
9.45,1.366667,5.52
16.983333333333334,22.86277797533126,13.78
14.583333333333334,14.31667,8.64
21.016666666666666,1.366667,1.36
17.583333333333332,20.05,14.59
13.566666666666666,14.5,2.17
16.716666666666665,1.983333,1.85
14.583333333333334,2.033333,2.7274019191763363
18.716666666666665,10.021559148643625,7.37
22.683333333333334,15.33333,12.531974849244579
16.116666666666667,6.833333,2.86
20.0,0.9188659221024102,6.39
21.683333333333334,13.73333,16.0
18.95,13.96667,7.85
15.533333333333331,12.98333,7.47
16.216666666666665,6.733333,3.93
18.466666666666665,18.26667,21.98348472109297
20.58333333333333,5.266667,16.65
13.433431393342229,1.916667,3.17
17.266666666666666,11.75,9.37
15.15,14.23333,13.34
20.33333333333333,15.85,6.52
16.816666666666666,23.08333,19.36556932013249
18.816666666666663,14.51667,21.28
18.966666666666665,8.8,11.05
18.98333333333333,7.416667,34.12941632592585
14.633333333333333,18.13333,34.19127803135198
15.866666666666667,11.63333,4.08
14.55,28.814526239934455,6.7
0.35453904834624694,23.03333,8.95
15.933333333333334,9.05,4.76
17.933333333333334,13.73333,6.42
14.95,21.61667,3.88
12.05,12.01667,4.57
1.6166666666666671,13.23333,6.95
12.116666666666667,4.538784889966757,16.62
17.15,26.0884759034427,6.54
21.85,13.01667,8.74
7.183333333333334,3.683333,15.69
17.15,18.56667,10.002936122689862
22.03333333333333,16.95,8.29
13.816666666666666,2.133333,16.86
22.0,6.216667,6.8
12.65,1.633333,2.09
20.616666666666667,1.216667,15.99
17.933333333333334,10.71667,13.16
16.716666666666665,7.083333,3.02
20.48333333333333,3.833333,17.6
9.0,0.9333333,6.76
20.78333333333333,12.45,8.79
16.516666666666666,15.69361,10.21
21.183333333333334,11.61667,5.62
16.033333333333335,14.7,3.53
17.05,1.116667,0.99
0.5427408902522686,14.48333,8.76
19.1,21.13333,17.95
14.566666666666666,40.21856409796258,3.68
22.316666666666663,47.30419790234871,44.96
21.25,12.45,10.74470979954116
22.08333333333333,15.46667,5.07
17.4,17.6,17.09
15.183333333333334,14.51667,7.76
14.783333333333331,2.166667,5.25
10.6,25.262929875333054,3.37
19.066666666666663,9.133333,27.81
21.616666666666667,11.15,26.752169717075304
16.683333333333334,3.75,13.03
21.05,21.0,24.15
16.933333333333334,18.03333,15.880467793887947
18.5,0.15350642772157266,0.52
20.366666666666667,0.55,1.62
17.716666666666665,6.35,12.31
16.783333333333335,20.78333,16.44
18.633333333333333,8.583333,8.0
20.58333333333333,1.9399594775046496,12.77
22.78333333333333,29.48717723710196,17.385491272287908
21.53333333333333,18.08333,7.83
16.966666666666665,14.71667,3.19
22.166666666666668,34.84446270866063,22.84
2.1833333333333336,10.422538872608849,6.2
16.416666666666668,24.62100326103965,23.939975281965456
21.53333333333333,0.9333333,55.78163815479027
22.53333333333333,19.51667,18.35
12.9,17.01667,5.76
13.85,15.96667,9.27
16.333333333333332,11.76667,5.67
3.179575075188282,11.53333,27.49
22.166666666666668,6.15,12.46
19.133333333333333,15.21667,7.97
17.016666666666666,19.771827648270477,9.09
16.283333333333335,11.25,3.08
18.6,12.36667,9.43
15.266666666666667,1.383333,2.84
17.816666666666666,17.21667,6.54
19.83333333333333,18.311871049269104,35.22
15.883333333333333,11.81667,24.13
15.316666666666666,11.6,17.55
16.7,19.98333,16.11
17.25,3.933333,4.2
19.0,3.483333,9.28
16.383333333333333,12.48333,3.97
20.416666666666668,13.61667,6.34
22.166666666666668,15.681142089612493,59.82264090771787
22.6,17.81667,7.5
19.566666666666663,15.88333,17.04
23.133333333333333,14.1,7.76
15.716666666666669,5.633333,3.98
15.35,42.34762587508314,17.59
20.366666666666667,15.359566151263932,39.17256726678461
16.85,21.98333,7.47
16.183333333333334,6.229272102634191,4.93
10.616666666666667,2.3088559521995498,2.91
3.8500000000000014,7.338428462578065,20.322432189982383
0.9499999999999993,16.36667,9.55
12.7,1.3880375247950762,4.19
19.1,14.96667,20.59
18.28333333333333,42.29476668292116,14.23
20.116666666666667,14.88333,41.86
17.133333333333333,2.2999164153669227,6.18
15.3,12.35,42.47648841098882
16.333333333333332,1.25,0.6813211992592552
20.016666666666666,39.58623031897289,26.989449638414662
0.8999999999999986,17.238377409719085,12.8
19.366666666666667,38.367650326016495,15.305611968862358
20.98333333333333,15.13333,7.34
19.23333333333333,0.8833333,6.86
19.133333333333333,11.75,26.38
20.883333333333333,14.75,6.78
17.2,25.687340060202658,8.51
16.733333333333334,14.15,13.28
17.516666666666666,18.11667,6.11
20.9,6.466667,12.39
18.25,21.68333,19.07
19.65,14.5,12.16
11.483333333333333,13.71667,5.736579417081084
16.7,13.975105221949654,4.01
3.3999999999999986,38.900751623603696,7.49
12.45,2.216667,12.29
20.03333333333333,5.066667,24.447621329727117
16.15,15.527092582330242,16.69
12.666666666666666,0.5333333,9.66
17.833333333333332,14.58333,14.1
19.566666666666663,9.616667,8.54
15.25,16.46667,6.415771126851905
16.516666666666666,8.15,2.38
16.833333333333332,9.833333,9.12
16.3,11.68333,23.618651736385655
17.116666666666667,8.04893283745113,16.88
18.366666666666667,3.7892200512365326,7.45
21.73333333333333,15.08333,9.29
13.233333333333333,42.46955723639152,3.85
14.733333333333333,7.95,8.57
21.266666666666666,11.6,12.35
20.816666666666663,10.41667,10.63
18.08333333333333,1.283333,6.76
0.8166666666666664,14.7,27.98
16.216666666666665,21.95,23.98
16.283333333333335,7.483333,11.34
16.383333333333333,2.783333,4.53
12.933333333333334,14.65,20.8
19.28333333333333,2.2666633452798264,3.77
21.433333333333334,71.37157488812105,20.26
16.716666666666665,8.366667,6.97
20.616666666666667,12.15,8.09
20.05,13.36667,3.68
13.90326348477247,2.9,6.45
2.7166666666666686,42.81667,6.52
23.8,12.35,5.94
5.360900546758302,3.416667,45.25
17.116666666666667,11.23333,17.93
1.3333333333333321,16.51667,62.347762758755124
15.616666666666667,16.1,32.21650033091428
22.666666666666668,6.6,9.16
21.85,26.77951519977256,2.45
15.8,3.8513011987809196,50.16591990355403
20.383333333333333,0.6333333,2.73
17.433333333333334,5.65,11.42
13.95,18.56667,6.09
12.8,18.93333,1.24
16.35,9.083333,6.89
19.7,12.841121446503937,1.81
19.33333333333333,5.566667,6.57
11.05,3.716667,7.86
18.766666666666666,12.726592104861169,13.51
16.183333333333334,0.15011995077620072,0.76
19.98333333333333,14.71667,17.45
17.1,3.583333,1.5
15.433333333333334,2.083333,15.51
21.383333333333333,16.222807745326264,26.46479395452421
16.016666666666666,0.8166667,0.8759554880252108
11.6,17.2,10.07
11.883333333333333,16.88333,4.49
19.28333333333333,11.38333,8.07
16.25,10.31667,6.42
15.166666666666666,2.356372584611959,9.03
16.766666666666666,2.4,10.090231963270345
19.966666666666665,13.56667,19.76
22.633333333333333,14.15,3.39
22.8,43.56667,6.43
0.36666666666666714,0.2666667,1.66
8.0,4.285340674752655,6.709765086682047
18.23333333333333,9.45,7.01
8.55,16.966391707338886,8.25
15.05,7.35,5.01
18.6,17.86667,8.96
16.316666666666666,14.95,10.08
3.2208279604679184,38.555955288012704,12.14
0.0,12.45,11.01
20.5,22.78333,32.71744223402347
8.883333333333333,9.111846783774602,9.84
14.716666666666669,14.2,4.68
18.53333333333333,22.78333,6.93
20.73333333333333,14.46667,5.5
20.28333333333333,16.03333,13.23
21.03333333333333,8.8,10.78
12.266666666666667,16.15953690337617,6.69
11.533333333333331,12.295,26.844519320728722
15.533333333333331,11.51667,14.08
21.51996139262677,8.350905585179135,25.471545292588416
21.15,21.81667,4.85
8.666666666666666,20.933915823408014,16.793651400108356
20.466666666666665,0.25,4.23
12.0,0.4833333,1.8040748629893641
19.78333333333333,1.2,6.79
16.316666666666666,8.15,5.36
21.6,2.317601753851328,7.09
21.383333333333333,10.63333,9.38
16.116666666666667,3.833333,4.106501601103227
16.683333333333334,1.3,11.58
21.066666666666663,23.31667,12.74
20.966666666666665,40.63333,47.36127948083915
16.366666666666667,7.916667,8.71
15.916666666666666,9.816667,5.04
17.05,12.21667,3.2
19.20480461265882,9.603101006825398,4.3
19.8,3.916667,11.21
17.8,14.15,4.5
19.116666666666667,2.816667,4.66
15.266666666666667,3.683333,2.34
22.916666666666668,15.88333,4.98
20.28333333333333,0.6,6.82
15.116666666666667,14.06667,7.76
20.316666666666663,13.669018539742018,13.0
19.866666666666667,2.2006015378782284,6.38
14.85,15.15,6.56
17.8,2.5,3.63
7.9,1.55,4.01
22.28333333333333,22.46548033470743,6.55
16.333333333333332,12.35,8.08
17.0,13.66667,3.69
19.183333333333334,12.7,15.67601408603834
7.816666666666666,0.8333333,9.73
12.833333333333334,11.21667,6.95
18.73333333333333,8.093914230073281,12.7
16.116666666666667,6.535458397158652,4.95
16.466666666666665,8.633037992278881,5.58
16.866666666666667,3.983333,6.79
16.15,13.51667,13.79
20.1,5.883333,6.149218903966248
17.833333333333332,8.516667,26.389343551688363
17.0,15.85,9.51
20.83333333333333,2.382539751868142,3.11
14.316666666666666,15.2,6.49
13.333333333333334,11.2,9.13
14.666666666666666,21.055837214931344,16.98
13.1,14.0,21.06
14.20094897585077,16.75,12.19
18.433333333333334,10.839465867998584,9.278366496982052
18.383333333333333,18.63333,9.92
17.15,38.41611508474496,18.712176048788244
0.6000000000000014,14.38333,8.81
14.566666666666666,2.0422136620242433,25.84
18.83333333333333,14.95,32.69478812903166
20.73333333333333,45.07454918959452,50.57064657129347
15.8,18.8,5.62
20.566666666666663,15.51667,8.56
18.916666666666668,1.65,1.12
19.15,14.61667,11.63
17.116666666666667,1.5,1.48
23.133333333333333,12.46667,14.05
19.75,16.48333,9.118740525783505
18.383333333333333,15.3,9.77
21.65,0.9166667,1.46
16.6,1.033333,10.65
16.566666666666666,10.35,49.128677134648896
17.95,14.21667,18.7
20.58333333333333,16.39423601155099,25.975211566335055
22.816666666666663,8.565677318335222,3.43
23.53333333333333,9.116667,7.41
17.333333333333332,25.83333,12.21
16.783333333333335,2.348915993786034,8.53
17.455073576097977,8.016667,18.36
16.95,15.45,10.949619825349654
20.016666666666666,10.43333,45.22043924554251
18.133333333333333,6.716667,2.99
17.25,45.08839452832929,9.96
19.4,9.583333,15.57
15.933333333333334,5.45,8.06
22.266666666666666,15.76667,5.82
16.7,14.6,4.08
18.016666666666666,2.616667,6.94
22.183333333333334,17.46667,30.6
23.1,1.7,3.04
20.1,13.96667,2.35
16.6,19.31667,36.447634627046064
12.383333333333333,13.05306,25.75
21.416666666666668,40.63333,12.77
15.1,18.63333,17.93
11.766666666666667,0.3833333,3.78
9.116666666666667,0.6666667,1.83
15.240352930636435,2.4060602226606633,6.85
23.53333333333333,8.592743119168352,10.68
15.916666666666666,6.116667,6.8
18.08333333333333,1.376220053468429,15.67
20.183333333333334,4.85,10.78
19.133333333333333,17.78333,5.92
17.116666666666667,0.5666667,9.91
18.78333333333333,11.515890930140111,13.53
0.5333333333333314,15.08333,11.572128567676991
17.916666666666668,21.16667,26.27
13.8,1.55,1.94
7.766666666666667,5.366667,9.98
21.966666666666665,1.75,3.4
16.783333333333335,5.8,15.82
18.95,13.15,25.23
17.183333333333334,15.16667,8.879647783210967
18.3,9.683333,8.18
19.066666666666663,17.08333,6.77
18.616666666666667,14.96667,12.46
11.75,19.28333,4.67414078712929
17.5,15.16667,4.849800498813856
14.85,1.683333,19.82
17.7,21.35,19.67
9.35,14.41667,14.05
17.466666666666665,2.0319870577328425,23.02
14.733333333333333,8.696373190180406,11.41
17.816666666666666,16.28333,6.58
13.0,0.3666667,2.56
18.85,17.06667,17.43
10.95,21.31667,10.28
14.833333333333334,12.98333,10.88
20.016666666666666,44.01106057287908,11.23
21.48333333333333,16.63333,18.843860704305115
21.616666666666667,1.566667,8.22
10.833333333333334,8.14516545978108,4.16
22.566666666666663,3.25,2.08
23.466666666666665,14.05,3.97
15.416666666666666,19.03333,12.93
15.733333333333333,1.95,1.92
21.133333333333333,15.2,13.8
4.583333333333332,18.79955119692344,28.64
19.766666666666666,5.55,9.5
17.35,49.175295779666044,9.0
11.7,3.733333,7.54
16.85,19.7,10.17
13.866666666666667,20.082006675519427,6.13
22.8,13.63333,18.86
20.716666666666665,14.51667,7.37
21.55,1.5,17.34
17.516666666666666,11.062337510227263,17.73
21.383333333333333,19.88333,6.21
4.066666666666666,10.08333,4.94
5.010453991668086,10.53333,8.26
16.216666666666665,14.766700851363192,3.78
14.733333333333333,9.866667,1.92
22.8,0.55,2.66
18.9,13.66667,13.72
17.1,21.768503666156246,17.3
18.65,5.183333,7.389106946955435
18.433333333333334,1.016667,4.08
10.416666666666666,2.300556,2.4
21.25149352528048,12.73333,15.67
19.53333333333333,8.0,4.04
20.5,2.733333,5.86
20.883333333333333,15.473342244661394,16.44
11.5,0.6833333,1.99
16.216666666666665,14.26667,6.03
16.85,1.283333,4.9
13.616666666666667,1.183333,7.31
18.28333333333333,12.01667,14.02
15.466666666666669,15.41667,5.2
16.0,15.83333,14.07
19.133333333333333,14.25,14.21
2.0166666666666657,1.8768823506055134,6.86
12.983333333333333,14.7,5.04
19.2,19.934613176667913,19.215496854640545
21.05,3.566667,1.46
0.6999999999999993,16.879763032159413,7.1
17.083333333333332,0.2833333,0.67
18.816666666666663,4.490630997612235,7.44
18.516666666666666,4.917064779332475,15.216503449000884
23.266666666666666,14.75,14.38
14.033333333333331,2.633333,6.47
17.983333333333334,36.68497985102376,1.49
17.05,16.704975781175314,10.08
18.183333333333334,36.06694943635739,12.19
12.95,4.866667,3.47
19.366666666666667,1.4,15.78
19.683333333333334,18.933391364426765,17.439959921631964
18.5,2.25,44.86
4.716666666666669,23.5,19.29
16.316666666666666,10.05,7.44
21.9,15.53333,42.41028089872561
18.383333333333333,11.13333,4.45
13.62573415736406,5.833333,3.85
18.5,3.59859274256621,5.79
15.866666666666667,66.89905765835549,22.0
3.4833333333333343,9.466667,46.0426270044595
18.3,3.6502279876603243,25.260190919952002
22.216666666666665,15.849746465350682,19.43549252714729
22.426087499437564,24.53333,9.28
15.633333333333333,2.966667,5.58
23.116666666666667,6.533333,10.613043059161864
18.466666666666665,0.9833333,2.79
15.383333333333333,18.978120265326837,8.18
16.4,5.333333,8.35
18.666666666666668,20.6682502828485,41.002103871172295
14.583333333333334,1.0,1.04
20.9,25.636165456705225,19.23
8.566666666666666,0.6833333,5.79
19.416666666666668,22.98333,5.84
18.48333333333333,10.83333,17.186473455911038
17.366666666666667,13.51667,6.71
16.15,7.616667,20.97
19.016666666666666,15.582288548838452,6.42
21.05,44.49626165268772,26.05
16.316666666666666,15.3,4.77
16.783333333333335,18.73333,4.43
18.683333333333334,10.16667,8.06
20.757361099555176,10.609877898609,19.67
9.05,12.36667,8.3
11.45,5.983333,9.74
19.466666666666665,14.517021717022946,11.23
16.566666666666666,10.41667,5.91
18.2,3.85,2.55
1.0512688310162055,14.76667,43.67
13.8,17.83333,9.71
15.433333333333334,5.01542462245835,9.99
13.683333333333334,1.366667,6.42
0.8000000000000007,25.25773850962393,18.21
15.85,33.234007839181125,10.62
22.416666666666668,35.648742555098394,7.24
15.566666666666666,13.98333,46.103351763596294
19.15,14.478589506692892,2.89
0.9833333333333343,3.516667,60.649209866560994
11.7,3.8700961601874795,11.28
14.75,0.37649186535028717,0.95
21.966666666666665,16.83333,12.506078392069321
17.15,8.624001458475655,34.42
15.066666666666666,1.0995978616189583,4.33
20.366666666666667,0.4,1.24
19.433333333333334,6.05,6.36
15.016666666666667,11.85,8.35
19.55,16.2,4.72
22.666666666666668,11.767535876527708,5.95
23.566666666666663,24.569835029185192,12.16
21.15,22.51667,21.34664941879222
13.75,9.483333,15.71
15.633333333333333,4.516667,12.58
22.35,62.12055778902716,16.1
21.3,14.86667,14.51
16.783333333333335,11.11667,28.31668416322209
22.933333333333334,13.53333,7.03
22.95,14.2,25.64
15.616666666666667,10.83333,9.85
17.2,9.033333,9.07
0.6666666666666679,11.730139978948296,14.87
21.116666666666667,15.632739271871056,9.29
14.933333333333334,0.5166667,1.81
15.583333333333334,20.450434469539886,19.72
20.1,4.383333,6.67
19.78333333333333,12.7,18.66
19.55,23.9342158914758,14.728504643260967
22.75,3.633333,7.72
13.016666666666667,17.171680956573596,21.03
20.98333333333333,5.226986260856252,28.27
16.0,14.11667,7.84
16.933333333333334,11.75,12.43
16.7,1.4488187629572766,6.0
14.483333333333333,1.166667,9.531236700559965
20.48333333333333,0.9666667,2.11
16.966666666666665,42.18667775694814,34.60065484525869
22.916666666666668,18.48333,18.21
8.566666666666666,1.6,6.01
20.55,4.083333,12.77
19.516666666666666,14.33333,1.55
16.733333333333334,2.066667,11.89
19.466666666666665,15.5,9.35
15.747338828214076,10.61667,4.98
22.066666666666663,46.38297151651975,24.31
16.216666666666665,10.56667,4.16
17.05,13.76667,6.34
15.45,14.88333,8.77
16.65,23.46667,8.45
8.516666666666667,12.01667,5.66
20.916666666666668,12.7,6.44
19.8,11.08333,5.86
9.033333333333331,71.15,15.01
20.366666666666667,16.55,16.58
13.266666666666667,20.95,5.02
14.966666666666669,15.41667,3.33
17.15,12.784466772339439,1.96
21.0,0.3,0.99
18.58333333333333,16.23333,12.44
22.65,8.816667,33.6
17.8,12.71667,14.54
13.25,17.06667,9.77
16.783333333333335,13.33333,9.32
18.58333333333333,3.666667,16.57
21.58333333333333,12.52364833011762,6.14
16.066666666666666,13.83333,9.77
20.28333333333333,20.03333,7.2
8.03738402894766,0.9333333,7.77
16.8,5.080228456215138,12.87
12.066666666666666,0.45,17.71
22.75,16.43333,4.18
15.0,2.483333,3.19
14.483333333333333,8.833333,25.38417084712535
15.083333333333334,6.578350969433644,7.86
19.416666666666668,11.08333,43.37053587467642
20.65,9.366667,10.86
20.83333333333333,14.7,10.68
11.05,61.76100161756713,16.16
15.383333333333333,17.35,1.6
23.13139008680349,18.61667,10.02
11.333333333333334,12.76667,3.44
9.783333333333331,2.733333,9.97
14.216666666666669,2.283333,50.283007075265054
16.633333333333333,1.933333,4.9
1.8470066183212737,16.01667,7.24
15.2,14.11667,12.25
17.933333333333334,12.66667,9.2
11.6,3.233333,12.41
20.25,3.433333,13.01
14.666666666666666,3.153562030312793,22.71
15.7,2.033333,1.83
18.383333333333333,0.9833333,7.81
16.116666666666667,10.473887435832122,7.73
15.6,3.833333,10.25
16.916666666666668,12.91667,10.42
17.266666666666666,2.066667,8.79
14.333333333333334,2.9310604449135567,1.29
15.866666666666667,22.0,59.13228556426242
10.879444143894458,40.90114132096734,16.43
21.366666666666667,8.483333,8.43
19.83333333333333,2.427519928281282,4.5
21.433333333333334,0.7666667,1.83
16.483333333333334,12.3,39.20719483158086
15.716666666666669,12.85,3.61
15.816666666666666,12.73333,2.5406401092233137
16.583333333333332,2.2,7.26
0.33333333333333215,15.45018598393082,15.53
14.716666666666669,9.733333,27.34
17.416666666666668,17.0,18.34
5.504482392801826,13.508592508260978,13.5
11.866666666666667,3.9333930469739045,0.7108479701122269
20.6,13.56667,16.87
16.733333333333334,10.546696083967209,8.12
14.716666666666669,19.45,5.39
22.316666666666663,6.552223461140261,18.17
12.85,1.116667,2.56
16.5,28.55,1.78
20.53333333333333,12.952540748216121,5.82
18.25,16.08333,35.21
15.35,23.14991941595981,33.63
8.783333333333333,15.06667,3.8673667213963347
16.783333333333335,21.41667,60.70852646939457
18.266666666666666,2.0,2.27
15.033333333333331,16.28333,18.88
23.766666666666666,23.4,24.62224807168823
20.95,13.03333,18.44
13.683333333333334,1.766667,1.88
4.713516977192196,10.130463643262729,6.88
19.45,2.65,5.03
19.616666666666667,30.756071921557982,17.75
21.633333333333333,14.03333,15.304580306408463
17.9,14.5,6.15
18.455921831505353,15.41667,10.12
16.966666666666665,16.393387919929832,6.06
22.08333333333333,3.85,4.06
15.95,41.82495683983892,44.134095655505085
4.466666666666669,3.016667,17.71
21.666666666666668,14.41667,40.654516548037066
18.85,2.216667,4.5
16.866666666666667,2.9,11.06
19.08333333333333,2.4,4.06
23.9,11.65,10.65
20.716666666666665,7.916667,13.97
15.86563007869166,0.8978043135361372,26.36
16.95,18.7,6.07
18.566666666666663,4.2,14.04
13.416666666666666,37.99725813320181,8.52
21.133333333333333,15.732225714785013,6.87
0.39321740043863684,7.266223872260515,17.340270556954202
17.25,20.96667,10.06
7.883333333333333,10.263968559854876,4.24
17.4,2.8,20.74785444261972
12.483333333333333,18.313750717112278,9.95
10.466666666666669,21.010268182764417,14.77
10.5,2.5,6.97
12.266666666666667,9.716667,4.8
15.033333333333331,2.766667,23.615499860970303
21.9,13.38333,52.54813036071369
19.8,0.9666667,3.83
11.423770953456309,7.516667,17.6
16.333333333333332,0.3833333,11.71
13.433333333333334,15.08333,6.43
18.75,15.1,16.99
19.883333333333333,14.852619163652516,41.5365870300238
20.666666666666668,7.257271130032171,14.34
17.833333333333332,20.31277778713666,13.28
14.583333333333334,0.6333333,5.14
18.03333333333333,12.8,20.45
20.05,1.4334515726617238,2.06
17.233333333333334,0.3,1.39
14.633333333333333,41.18486997873267,7.62
18.75,20.55,4.69
14.47881958392051,62.53640144722374,17.90271775990026
22.58333333333333,13.75,13.78
21.53333333333333,12.3,4.36
16.783333333333335,12.86667,5.7
16.516666666666666,20.26667,7.12
19.15,13.91667,33.75789870484499
18.183333333333334,15.53333,12.462472974227277
21.33333333333333,8.95,9.85
19.866666666666667,13.95,9.79392394847935
17.316666666666666,12.48333,15.83
13.283333333333331,14.88333,3.23
22.416666666666668,8.333333,7.95
10.45,16.553308235710848,2.193543337904848
0.8666666666666671,19.28333,13.24
11.41772846381112,3.2171293223021835,2.93
20.28333333333333,15.06667,8.64
15.15,7.183333,5.79
14.466666666666669,1.4,4.63
14.516666666666667,22.23656118698323,4.55
23.566666666666663,25.43333,9.85
15.266666666666667,6.666667,8.21
20.5,19.2,17.87
21.53333333333333,14.741972389685195,33.31185518139042
16.8,15.61667,3.68
4.7132587061394595,11.61667,5.74
15.8,7.016667,8.76
22.73333333333333,1.9,32.31195002399152
23.266666666666666,11.38333,6.57
21.383333333333333,21.366787891537477,7.8
18.65,13.35462723375212,11.03
15.716666666666669,64.96806531599904,4.74
15.583333333333334,13.38333,11.64
15.366666666666667,8.033333,20.46
23.28333333333333,35.58510149211223,25.505616827774794
20.066666666666663,8.3251560933086,17.02
22.6,27.528892738219128,50.45
21.866666666666667,25.21667,41.29459874478169
17.4,22.55,8.24
23.53333333333333,12.4,14.29
13.7,3.833333,6.327521888015326
13.433333333333334,14.75,12.58
0.1999999999999993,40.54977419533894,17.18
16.766666666666666,15.11667,58.043904100428335
22.6,9.933333,26.69
22.53333333333333,15.96667,3.5776481694425457
15.45,34.60779764935101,29.22036936127115
20.633333333333333,14.35,6.19
19.1,23.5,5.67
17.5,12.18333,16.96
14.65,1.35,2.84
15.65,14.6,7.24
21.55,12.81667,8.97
18.566666666666663,4.431360408614711,3.29
12.116666666666667,1.0567802869747942,3.19
15.4,0.9666667,1.12
13.4,3.266667,6.43
20.15,9.716667,18.03
10.444540374945792,3.333333,32.85634872936877
8.6,2.237573596594638,5.07
17.816666666666666,16.120851312300335,6.53
15.533333333333331,23.53333,5.92
15.583333333333334,37.895743147195525,6.14
16.3,4.733333,5.09
14.216666666666669,0.9166667,1.41
22.516666666666666,1.266536645924096,4.15
11.033333333333331,13.23333,8.11
16.1,20.25,13.596715154377744
22.416666666666668,0.7017305425653493,5.81
20.58333333333333,17.25,13.99
22.316666666666663,2.933333,7.99
20.5,14.28333,5.02
19.066666666666663,18.533231793570074,18.87
16.9,17.03333,7.46
20.75,4.633333,10.41
20.466666666666665,18.76667,16.58
16.75,17.321037293931166,11.129215206806549
22.266666666666666,20.022769425044988,17.25223149598576
16.65,0.514143419000817,6.54
21.7,4.627538363193384,1.71
12.133333333333333,22.18333,9.72
18.73333333333333,86.97163606080395,11.67
0.14999999999999858,20.85,2.52
14.95,1.65,19.626304218559525
22.33333333333333,15.111202549390399,7.17
23.866666666666667,42.98714517860813,15.555571066788398
0.3500000000000014,4.566667,22.2
4.0,2.033333,8.06
2.2900176069316025,18.22796714451749,27.16
10.15,13.17636014671884,9.89
19.616666666666667,15.85,3.41
11.383333333333333,16.31667,12.43
15.45,9.966667,5.07
18.65,7.083333,7.75
23.716666666666665,14.233286676356855,18.51
11.658617906880195,13.53333,5.49
15.9,62.915139840485985,13.07
17.216666666666665,12.28333,5.4
15.633333333333333,14.58333,16.1
22.0,1.083333,23.035965630575085
19.9,15.042796115576735,7.71
21.683333333333334,17.8,5.25
19.416666666666668,71.14212826946867,7.36
20.73333333333333,16.31667,4.86
22.183333333333334,93.32714029727117,6.66
15.316666666666666,11.66667,2.17
16.4,13.13333,11.79
10.566666666666666,3.5,12.15
15.35,2.5,19.947344569084233
22.03333333333333,0.9833333,7.55
16.666666666666668,21.76667,6.77
18.6,3.999073131999025,20.6
15.733333333333333,19.22829001638629,11.149061469519511
15.883333333333333,2.9290817232909565,5.93
1.098067760825021,9.133333,69.07894238385138
5.316221457818269,8.383333,16.56
15.066666666666666,2.8170203692840152,1.75
20.45,14.91667,5.65
20.5,5.233333,7.97
15.8,19.78333,6.25
13.3,13.45,3.92
11.2,16.03333,10.34
22.566666666666663,62.300051475309374,14.86
17.15,16.18333,9.42
19.33333333333333,8.092262505510147,5.31
14.65,10.896795703671874,3.55
16.55,1.916667,3.7
23.51661585258504,19.65,34.17
23.4,14.41667,8.734753620221746
16.016666666666666,0.5311661366255949,3.36
19.45,18.85,28.977380176342557
16.916666666666668,9.566667,34.722187007437455
15.833333333333334,13.251850217069272,9.82
19.066666666666663,4.583028755537036,2.55
14.516666666666667,1.583333,2.7
7.25,105.45723860947552,15.19
14.35,3.333333,5.68
19.4,13.31667,10.86
19.45,4.833333,6.05
21.7,14.78333,7.24
14.516666666666667,4.3,5.87
22.6,12.96667,9.35
22.95,8.328443675974139,20.929044746423607
13.85,5.816667,3.4
14.45,12.86667,13.31
18.366666666666667,8.816667,14.84
18.58333333333333,1.816667,3.16
18.866666666666667,8.905616471969486,13.35
3.2285556098625747,5.816667,3.77
13.116666666666667,30.9,14.49
23.433333333333334,31.4,25.663376466957853
12.083333333333334,0.8679118303200001,4.47
11.366666666666667,14.65,14.26
10.116666666666667,15.28333,5.37
18.066666666666663,14.992343306334936,5.82
17.95,12.98333,5.87
10.533333333333331,30.0,5.57
14.916666666666666,14.08333,6.94
18.8,12.21667,7.81
18.466666666666665,2.7,4.0270706494706685
19.416666666666668,8.15,5.56
12.980480375164674,12.36667,12.11
2.333333333333332,19.35,26.63
17.533333333333335,24.61667,16.97
19.116666666666667,33.760544254700704,40.23615550336195
16.566666666666666,0.45,2.0017656689486465
23.866666666666667,4.2,50.1688443867024
21.95,25.3,21.53
13.407533147956809,1.3,3.14
21.45,18.15,7.45
19.05,19.03333,12.84
20.1,8.883333,4.81
15.016666666666667,15.028574709140006,11.64
17.8,4.216667,2.81
16.316666666666666,8.933333,12.01
21.28333333333333,21.61667,10.66
18.183333333333334,14.66667,10.21
19.183333333333334,15.39992680500463,25.43150636590086
19.2,36.9,16.06
20.683333333333334,25.686747268250365,15.06
20.416666666666668,13.8,8.44
20.75,2.366667,4.09
16.016666666666666,86.12034600533529,6.4
21.28333333333333,64.63333,31.860203357569407
7.25,9.0,4.57
16.316666666666666,20.56655456703118,12.31
23.73333333333333,9.366213275161218,41.85128885597689
15.983333333333333,3.5,6.77
22.416666666666668,13.96667,36.141955291479825
17.516666666666666,10.80762867080314,3.48
16.15,2.7,8.91
13.566666666666666,1.8,11.07
12.4,9.483333,3.8
9.675002236570677,8.766667,5.34
14.716666666666669,2.55,5.91
19.883333333333333,14.93333,1.52
13.25,3.316667,16.29
21.683333333333334,18.68333,22.02
13.383333333333333,17.91667,10.17
14.333333333333334,10.81667,6.640437816221732
0.9089457589109458,11.5,48.95
3.997634956349792,8.066667,9.58
17.833333333333332,15.734543055680302,4.17
14.516666666666667,4.482110985788405,5.96
13.4,14.168295402566624,3.98
21.33333333333333,5.2,6.55
15.633333333333333,10.7,2.1
7.583333333333333,12.48333,31.018898419656324
15.166666666666666,8.569918806830245,19.02
11.1,12.195388168998866,8.49
19.53333333333333,1.6959720248268424,16.33
19.65,17.8,12.38
21.48333333333333,15.5,12.3
18.55,14.3,7.96
17.116666666666667,25.912330629406597,8.79
1.6666666666666643,20.060335934500905,13.75
16.266666666666666,23.957141404804048,7.92
12.616666666666667,17.83333,8.02
17.7,2.85,3.11
12.35,11.0,6.82
11.8,13.41667,2.747922729991842
18.05,14.5,41.0
15.866666666666667,12.08333,22.53
10.316666666666666,8.015110277576092,8.980793696932961
21.316666666666663,17.06667,7.74
0.41666666666666785,39.653466579235285,15.34
16.883333333333333,1.933333,3.81
20.85,18.26254162169974,4.63
21.766666666666666,42.8,19.026511611312163
20.75,8.55,4.55
21.716666666666665,4.416667,5.72
19.23333333333333,11.88333,15.54
15.6,3.616667,3.48
20.45,28.27207911164727,10.06
21.73333333333333,2.6,7.17
23.166666666666668,13.66667,23.91
13.366666666666667,19.06667,27.06385804912541
12.25,14.33333,5.61
13.9,15.01667,5.93
16.733333333333334,12.5,16.0
22.633333333333333,11.26667,6.61
21.6,3.916667,4.83
15.866666666666667,14.48333,12.86815558416536
13.716666666666669,24.0,14.67
18.316666666666663,11.785050543897041,11.22
12.25,12.81667,14.121743362674023
18.25,16.45,7.36
14.883333333333333,2.2871235948590583,1.57
17.8,3.333333,4.68
15.483333333333333,14.25,28.25102998164529
17.4,26.74795614807173,14.665426268824376
11.95,20.98333,14.11
1.9036665315327497,15.53333,15.08
18.23333333333333,14.23333,6.51
20.416666666666668,11.534321373204781,19.422956578293814
17.05,0.8,3.067835780782625
21.216666666666665,2.5719758080419766,17.66
4.0,15.65,19.38
17.783333333333335,13.36667,10.66
19.166666666666668,62.58600771748527,21.14
12.166666666666666,5.216667,7.08
19.1,10.747657718316598,15.38
23.25,1.866667,10.36
17.083333333333332,14.75,42.1071526535647
18.166666666666668,34.09158714207076,3.76
19.766666666666666,2.266667,6.7
15.4,4.05,11.28
11.109731336517628,7.55,8.17430011451943
14.783333333333331,15.26667,6.61
19.016666666666666,6.619504878680924,12.58
16.716666666666665,10.63333,33.445770178709644
12.333333333333334,1.516667,5.65
3.4499999999999993,1.116667,1.92
15.416666666666666,15.71667,9.71
16.283333333333335,18.15,18.3535668463842
9.890635897975395,0.9,3.85
17.333333333333332,9.05,5.723436064997222
8.05,15.88333,14.55
12.9,2.116667,5.41
16.866666666666667,17.965104674632574,15.45
16.95,13.2,6.76
16.7,20.88333,23.59
5.050000000000001,15.35,47.50768650071579
13.9,19.86667,3.4
23.179418946696387,17.56667,5.81
9.3,12.234291354810928,6.38
20.85,23.65561811297388,11.75
15.15,9.4,4.03
13.65,18.512577137089668,8.42
15.8,1.55,2.53
19.7,16.55,2.64
15.05,2.45,8.84
16.466666666666665,2.9,4.52
15.083333333333334,13.36667,17.05
6.716666666666667,2.8,23.58166178432526
7.716666666666667,1.15,5.974759227002505
21.53333333333333,17.86667,68.40250396167393
15.55,4.35,13.81
16.316666666666666,14.05,16.61366588634439
17.416666666666668,21.2,10.14
8.316666666666666,15.15,4.88
20.966666666666665,77.42586313209867,10.57
20.3,15.16667,11.0
20.666666666666668,17.65,25.82
15.9,1.5834642778249333,3.58
21.45,3.316667,12.98
20.566666666666663,21.17625909370012,15.53
16.15,19.56667,11.96
18.383333333333333,11.56667,7.54
7.716666666666667,0.35,3.28
0.25,2.966667,16.285376541379375
13.6,14.13333,6.51
20.83333333333333,14.4,20.46
16.116666666666667,11.55,6.54
21.133333333333333,8.483333,8.617820384686347
22.83333333333333,29.6,6.16
15.633333333333333,8.866667,23.91
20.65,1.666667,1.97
19.35,0.8,1.45
18.366666666666667,9.433333,8.55
22.6,9.416667,27.9
14.466666666666669,15.520035774698743,4.03
13.416666666666666,0.37978431670019985,3.02
18.83333333333333,19.40968767703656,8.65
14.6,2.15,11.77
12.85,2.866667,13.78
14.433333333333334,2.933333,2.39
19.683333333333334,5.916667,19.02
15.983333333333333,1.7,4.51
1.3166666666666664,28.803390277836574,8.69
7.416666666666667,0.48604666303984395,4.85
11.083333333333334,25.2,15.35
22.5,19.80996842127831,16.52
17.083333333333332,21.36667,6.241132338082418
16.716666666666665,1.2,0.87
12.483333333333333,7.8,15.56
15.633333333333333,1.616667,6.67
18.85,90.38583837802683,69.35191587951965
18.98333333333333,8.616667,10.21
16.133333333333333,13.21667,3.8808853934984655
19.1,15.16667,8.45
17.95,15.13333,4.73
14.883333333333333,12.35,2.62
15.116666666666667,51.51464167144564,4.9
15.983333333333333,7.7,5.44
21.3,13.31667,48.197299416053575
12.713956469724753,3.05,6.18
19.383333333333333,12.83333,30.286057376873213
18.05,2.5571217312060948,6.74
17.816666666666666,17.83333,28.44173284000019
17.516666666666666,3.05,4.934797303942032
20.28333333333333,2.366667,11.51
18.95,46.28108788060324,5.82
15.533333333333331,69.34594675063423,45.49149523341796
16.216666666666665,15.91667,12.73
15.773851110998173,15.426719342522873,8.363283909677993
20.45,16.15633987256729,5.44
15.983333333333333,2.4,4.23
14.65,1.579949146305926,12.43
13.916666666666666,1.05,3.7327152484934776
16.816666666666666,4.366667,8.37
8.8,1.5,11.09
23.15,11.43333,8.39
19.25,0.9,3.0119739758293145
13.233333333333333,2.033333,3.83
20.883333333333333,2.45,3.2
15.466666666666669,13.48333,4.85
15.083333333333334,8.283333,11.0
23.75,14.905795253472979,4.32
15.883333333333333,0.6,1.33
19.3,1.583333,3.07
11.82969831868201,1.1000639635909701,5.72
20.33333333333333,6.1,3.63
21.216666666666665,14.1,18.95
10.483333333333333,0.8166667,2.95
2.5500000000000007,33.4340993417414,11.56
15.7,7.4,14.46
0.41666666666666785,24.71667,19.56
23.35,3.35,3.67
16.15,13.531157922515693,7.41
20.216666666666665,14.58333,24.90937439984316
20.73333333333333,5.833333,3.4054037285083907
4.550000000000001,14.7,7.19
20.8,17.18333,2.956241598802153
19.28333333333333,14.95,12.72
20.55,3.899311533651163,6.22
18.83333333333333,10.98322618425806,17.5
7.016666666666667,2.883333,5.34
16.533333333333335,2.216667,2.99
22.133333333333333,2.1,7.28
14.066666666666666,0.4,0.97
17.566666666666666,4.797424476571921,3.657077775753336
14.616666666666667,21.1,6.89
16.283333333333335,3.3,15.13
20.5,1.9939249864075765,6.579633707456757
16.583333333333332,3.539241443337373,32.035539715066555
20.383333333333333,15.53333,24.01
17.783333333333335,1.9,14.02
17.433333333333334,14.71667,2.32
14.033333333333331,15.11667,3.96
3.883333333333333,16.0,3.89
10.233333333333333,5.366667,1.64
16.75,0.8466667,7.24
16.516666666666666,18.9,14.06
14.266666666666667,0.5343938327711131,24.152785732743794
16.316666666666666,6.3,6.79
15.433333333333334,5.7,4.53
13.766666666666667,15.69990823379749,7.23
21.53333333333333,2.6546047201627707,6.53
17.2,21.25,4.06
16.266666666666666,16.66667,32.29
11.25,11.11667,11.1
22.7,11.6,24.81
16.5,4.016667,8.22
20.933333333333334,47.52078076147968,28.108468278524
16.8,11.38333,55.79250196029898
19.933333333333334,16.8,6.35
1.5832124070637938,3.283333,8.28
17.4,4.5,6.63
2.2666666666666657,10.98333,38.30227466792101
23.45,45.364943613785584,8.38
21.33333333333333,65.18939436960126,18.89
19.75,1.09666344528861,4.58
16.083333333333332,14.16667,7.803913139945362
15.8,12.8,19.21
5.566666666666666,14.66667,8.75
14.016666666666667,11.21667,3.84
17.233333333333334,20.12635024598861,9.83
15.343408176590552,16.93333,38.60258901581168
0.7333333333333343,38.55664972364509,16.31
19.35,17.77348192248448,5.59
20.6,1.566667,19.63365487792529
14.566666666666666,11.05,11.5
17.433333333333334,15.88333,9.75
4.716666666666669,1.516667,4.09
17.033333333333335,13.88333,6.9
18.133333333333333,8.966667,32.57459921814502
15.433333333333334,18.01667,7.93
16.966666666666665,12.28333,17.504169106818736
12.4,13.709262915459725,8.09
11.35,1.133333,2.71
18.883333333333333,2.316667,6.42
21.416666666666668,11.5,52.84916936841328
20.383333333333333,41.50357512903538,21.98670004241634
18.633333333333333,18.6,5.94
16.716666666666665,2.65,4.27
21.716666666666665,17.0,24.86876709439559
23.066666666666663,13.78333,11.15
16.15,13.15,9.15
17.316666666666666,25.18333,9.41
19.133333333333333,11.022361978074633,16.66
17.05,13.31667,6.642611792925745
20.08333333333333,15.05,12.83782774434192
8.033333333333333,5.0,3.76
19.8,13.35192504087803,6.66
15.883333333333333,1.583333,2.76
12.716666666666669,11.803566710738432,8.15
14.916666666666666,8.216667,4.68259361829143
14.1,17.745885206621427,7.963971629426815
22.966666666666665,10.482476948828184,10.438946330610197
21.6,12.23333,4.459119513004553
23.78333333333333,6.133333,3.32
17.983333333333334,10.01667,4.82
8.418175169332244,12.45,5.41
20.766666666666666,15.83333,6.01
15.9,13.819275143889408,6.05
16.766666666666666,12.2,9.76
15.083333333333334,4.843258080003846,6.15
20.25,14.48333,6.66
19.35,12.58333,3.94
17.2,15.28333,36.34
16.9,21.67597792102725,17.600070886951872
15.266666666666667,19.63333,11.81
21.616666666666667,14.65,21.4
20.866666666666667,12.28333,8.469500369084999
22.116666666666667,27.06667,9.4
13.266666666666667,1.3,4.74
16.95,11.893664966644952,6.87
20.016666666666666,25.0,14.77
15.733333333333333,40.46667,11.68
20.53333333333333,9.316667,7.9
12.466666666666669,12.21667,2.35
20.433333333333334,7.9,5.1563555154902865
23.95,14.16667,8.6
11.383333333333333,8.725399357326468,2.89
15.128184325701538,3.85,17.02
11.833333333333334,12.08333,7.21
14.466666666666669,9.216667,27.9
19.266666666666666,6.933338048390298,17.54
19.683333333333334,23.535491306510284,1.71
21.75,1.066667,5.4
22.73333333333333,0.9166667,4.4
21.1,16.047485552616543,13.71
16.333333333333332,6.95,15.184884490817785
19.866666666666667,45.069185780258046,4.24
16.05,14.475893768290533,7.01
18.53333333333333,13.45,6.93
22.03333333333333,45.022240022984484,17.8120538763958
17.05,11.55,3.92
18.866666666666667,2.0099623082798774,5.928743605287745
22.866666666666667,28.10615996332924,18.90871228615986
20.15,21.66667,8.11
20.433333333333334,1.25,1.92
22.683333333333334,5.816667,7.21
19.03333333333333,9.45,22.94
19.9,1.4652177370919763,36.31
16.25,14.01667,43.57899216804653
19.35,8.166667,12.148847036447842
21.683333333333334,13.98333,7.74
20.6,22.38333,14.55
13.957763883028626,15.03333,43.3937212679605
16.733333333333334,22.193606495339484,9.4
11.816666666666666,0.4666667,0.52
18.08333333333333,14.65,3.14
20.33333333333333,16.31667,4.28
17.066666666666666,6.383333,7.397174624134786
18.666666666666668,1.1,6.51
12.866666666666667,13.085252897250744,10.63
19.866666666666667,62.44972272350162,10.15
20.058806812328108,14.58333,11.22
14.383333333333333,11.266202496151758,5.23
13.433333333333334,14.05,7.02
13.633333333333333,14.814386942341466,6.46
10.933333333333334,15.16667,3.46
21.016666666666666,7.366667,19.3
15.983333333333333,0.6333333,25.75
22.9,11.514920438476093,6.11
15.716666666666669,0.5666667,8.48
22.33333333333333,4.183333,7.55
16.166666666666668,1.266079115772398,2.24
19.78333333333333,1.25,7.27
18.65,14.18333,12.2
14.766666666666667,0.4833333,0.62
11.833333333333334,4.733333,22.0753554278519
21.066666666666663,1.65,4.31
22.95,14.18333,13.93
15.1,22.0,22.2
19.03333333333333,6.283126644923324,49.81039605026134
18.566666666666663,1.3317182210077176,6.37
21.1,13.96667,16.43
21.45,22.85,14.49
21.83333333333333,10.48333,6.42
20.73333333333333,11.41667,10.15
19.116666666666667,11.16667,4.87
20.28333333333333,41.54041668918962,6.852732541963924
16.766666666666666,10.31667,57.3619411834958
12.116666666666667,13.3,11.44
22.03333333333333,13.15,10.75
16.533333333333335,1.7,3.03
16.233333333333334,15.516908165493525,18.78
17.6,15.691222597383765,11.06
7.9,1.75,3.86
14.133333333333333,12.770828120191279,4.41
16.59714903827068,6.183333,8.88
16.2,3.731808098052393,13.06
15.066666666666666,26.2,14.532431624806485
8.133333333333333,7.166667,6.86
16.2,1.207464651220743,0.88
16.016666666666666,11.75,14.34
22.6,7.301691805837993,13.25
17.166666666666668,17.38333,4.19
21.7,2.6,4.74
13.74793946135566,9.666667,3.48
20.016666666666666,45.10246851872864,12.89
16.966666666666665,13.98333,4.14
16.166666666666668,8.833333,1.39
8.883333333333333,6.616667,14.98
16.866666666666667,11.66667,16.37
22.25,4.392431053754676,12.42
9.633333333333333,2.4,2.24
15.883333333333333,16.28333,12.79
12.05,15.53333,10.71
22.9,14.7,5.17
14.6,16.66667,4.17
10.15,11.05,2.08
14.783333333333331,1.116667,7.47
21.35,15.65,5.33
17.777437467832836,25.59837441631345,64.54345447637606
14.133333333333333,2.25,5.78
18.08333333333333,15.93333,8.3848663907405
10.833333333333334,6.633333,14.63
11.283333333333331,15.15,7.79
12.2,2.4,5.79
19.616666666666667,20.35,5.96
14.783333333333331,8.3,5.34
10.733333333333333,3.283333,23.9
2.7849075050398824,12.68333,6.78
16.733333333333334,14.95,14.75
21.3,11.88333,16.86
15.766666666666667,10.85,25.131249276981688
14.566666666666666,0.5666667,1.96
16.25,10.283420663948098,6.8062654844867065
15.516666666666667,17.85,19.89
19.9,2.25,5.96
22.5,15.7,15.224002806381323
7.916666666666667,1.426903992441922,1.87
15.083333333333334,10.45,18.49
15.65,14.73333,7.14
7.558634840864396,5.466667,1.97
15.916666666666666,14.73333,13.57
15.716666666666669,116.80065797799945,21.8
11.283333333333331,17.23333,13.7
1.8851137068680437,12.83333,18.08267261886969
14.05,12.75741640714235,25.829618061357177
10.783333333333331,10.848880402806621,10.59
16.716666666666665,15.15,55.44611769025447
19.816666666666663,10.2,7.57
20.5,16.2,4.71
18.066666666666663,14.73333,8.03
15.166666666666666,4.5,16.5
21.3,13.514239655143811,17.79
20.001912845146823,4.116667,10.37
22.816666666666663,9.3,10.59
18.466666666666665,21.85,9.56
11.483333333333333,0.3327492329738691,1.25
21.416666666666668,16.659960511186895,7.47
19.566666666666663,10.3,12.64
17.233333333333334,13.21667,6.65
18.466666666666665,1.3872090387334952,2.88
14.366666666666667,18.41667,3.28
18.566666666666663,18.88333,14.42
16.210292094114024,10.71667,13.233683633604088
23.1,15.5,31.42
21.666666666666668,22.601103731080578,7.78
15.15,71.51556916250877,11.12
21.2,9.966667,8.71
22.016666666666666,17.65,4.740576364945155
16.916666666666668,6.966667,15.431755112709943
15.716666666666669,9.566667,23.46
20.433333333333334,15.48333,24.07
13.033333333333331,17.25,13.13
13.766666666666667,5.1,6.77
19.383333333333333,15.75,5.92
16.866666666666667,3.1484410664255966,5.01
18.6,16.003588240718077,5.03
12.666666666666666,2.216667,27.6
17.8,0.6645819391527128,5.44
19.08333333333333,15.43333,4.13
14.733333333333333,2.85,3.4
18.23333333333333,15.2,4.51
14.366666666666667,12.3,14.56
19.616666666666667,22.649303112393827,2.8
23.28333333333333,17.31667,21.99
13.65,14.45,13.39
17.516666666666666,13.55,6.25
17.483333333333334,13.2,7.32065284668468
19.35,9.766667,20.46
12.033333333333331,14.08333,14.42
18.73333333333333,15.078321570416746,11.16
20.946782578087976,12.21667,31.244377197893336
17.083333333333332,2.79636901920918,5.53
19.73333333333333,12.504680304495999,4.254883439762052
16.883333333333333,10.18333,15.43379657810321
16.7,0.9833333,2.966638971597422
0.33333333333333215,13.06667,16.43
15.85,10.06667,12.79
19.133333333333333,16.60964887254392,24.57
23.33333333333333,8.4,20.8
18.816666666666663,20.73333,51.32024538728408
20.5,18.56667,8.02
15.766666666666667,4.983333,7.72
18.366666666666667,16.593195929935646,19.32
4.416666666666668,16.589196622576623,4.84
11.416666666666666,0.1333333,0.52
11.600000966196239,26.73333,2.53
15.333333333333334,18.1,6.21
16.466666666666665,4.45,8.15
16.483333333333334,18.5,8.56
12.1,2.1571606825765923,6.2
22.75,14.76667,31.6065502730594
17.5,19.01667,4.44
18.066666666666663,8.557385826715166,8.33
20.45,44.66667,15.9
17.183333333333334,21.7,10.85
15.066666666666666,5.216667,1.61
9.639972203027476,19.11667,3.17
18.916666666666668,3.6401817965496943,11.03
4.5,14.45,48.1900865226821
13.118867324083599,1.216667,4.2
14.55,2.0,5.55
10.466666666666669,13.26667,19.783874816284516
16.516666666666666,4.15,18.1
9.628530029630928,10.81667,3.7
15.016666666666667,18.36667,6.62
21.716666666666665,2.1204798503582785,6.69
8.099955305594388,12.110164479644236,6.86
23.5,21.51667,6.12
20.316666666666663,1.3076814144788889,3.22
17.1,9.613535187279842,13.98
16.333333333333332,0.7166667,2.79
19.45,11.912792157535183,21.48
1.6166666666666671,9.116667,5.89
22.633333333333333,4.866667,22.25
10.846148359139624,46.352469685187316,6.611606428392697
12.383333333333333,1.383333,6.76
17.0,0.2333333,1.23
18.3,0.35,7.75
18.65,14.3,6.39
22.45,20.471618769539376,7.42
18.5,2.2,3.48
20.73333333333333,9.316667,3.5
15.5,4.4,6.08
13.133333333333333,7.916667,4.7972620097012255
0.6499999999999986,16.51667,8.69
18.383333333333333,13.66667,9.88
13.55,19.92478180702962,3.1
16.866666666666667,15.13333,16.05
18.55,11.01667,45.155340140864716
14.566666666666666,10.46667,20.94295053877402
15.316666666666666,14.71667,8.29
23.366666666666667,10.6,13.66
16.55,10.286940255569649,13.5
14.4,10.48333,3.03
19.15,0.8,1.66
17.016666666666666,4.566667,12.73
21.466666666666665,31.731112766768067,25.65
10.8,1.566667,2.41
17.133333333333333,11.66667,7.54
15.483333333333333,14.26667,39.041718880883415
9.15,11.294690399188296,25.51
21.016666666666666,1.483333,5.65
14.366666666666667,4.866667,16.87
18.7,4.216667,14.13
20.133333333333333,51.7,12.91
20.3,2.016667,9.21
23.0,21.51667,27.49
21.883333333333333,21.31667,13.88
12.116666666666667,0.94659489133137,2.13
13.3,8.050826565322359,11.7
16.466666666666665,0.95,14.99
17.1,1.15,6.9
22.03333333333333,18.53333,10.1
14.866666666666667,16.03333,55.78642938716337
20.883333333333333,15.66667,13.8
21.366666666666667,3.0719553535151314,1.64
4.399999999999999,24.356635549492864,20.4
3.883333333333333,14.039982127303062,6.37
16.283333333333335,22.246015908349964,5.5
9.85,16.03333,5.26
16.633333333333333,1.7288474058947356,21.459001461397857
16.4,2.066667,4.02
14.966666666666669,9.5,18.24
16.783333333333335,19.51667,9.94
7.016666666666667,0.3666667,9.03
8.883333333333333,1.216667,7.92
15.333333333333334,13.749926656842138,1.58
17.416666666666668,25.433069148836342,6.48
15.8,44.7446035161325,7.19
16.816666666666666,4.031788522947891,6.8
13.1,1.866667,3.02
22.33333333333333,16.73333,4.99
20.78333333333333,18.87312522667002,8.78
13.9,0.3666667,1.8281710179662332
12.483333333333333,14.25,8.47
13.716666666666669,5.2,6.11
16.066666666666666,22.43209811355861,2.87
0.11666666666666714,19.93333,21.31
15.866666666666667,1.566667,4.901761683900841
13.083333333333334,1.783333,1.6943296291027217
22.140601065469188,15.729555690190173,7.67
18.766666666666666,6.05,17.65
20.83333333333333,3.333333,3.62
14.583333333333334,0.8166667,1.809275534732733
0.01666666666666572,64.16274990972394,9.54
6.816666666666666,2.5365568096017928,4.785119753803592
18.216666666666665,12.06667,5.87
10.866666666666667,13.15,4.13
16.25,86.43333,8.23
19.4,18.71667,7.87
13.366666666666667,5.266667,7.05
11.266666666666667,12.71667,1.9457191614923066
22.15,3.5404648033583803,12.61
22.883333333333333,9.416667,38.3150714746071
1.2731985977593752,17.589661747853093,20.17
20.53333333333333,10.31667,11.12
16.1,16.56667,11.83
8.5,17.08333,11.83
16.416666666666668,2.216667,10.37
17.5,14.77806780678019,12.5
15.033333333333331,11.55,7.15
20.5,44.07705131528058,30.200228355245198
16.116666666666667,2.3,5.09
13.216539787938142,2.988623649022338,5.25
11.983333333333333,0.3,1.1353305984917095
11.116666666666667,13.5,11.0
17.15,12.88333,32.61671184142819
21.383333333333333,43.20857087729895,4.71
23.65,20.16667,9.39
21.716666666666665,12.53333,6.73
17.166666666666668,46.34748407524451,17.159260935329367
18.75,2.116667,5.93
16.55,61.78386114400154,3.95
20.116666666666667,10.7,27.892372967826667
19.666666666666668,4.316667,14.480963297588751
16.666666666666668,11.23333,4.24
0.7622656641474634,37.38358333259081,23.6
17.49216884001459,9.111099897180798,4.99
20.433333333333334,14.467250464493315,15.62
13.416666666666666,13.86667,4.92
12.366666666666667,14.13333,4.02
22.8,13.76667,7.11
16.0,13.73641578056765,5.82
15.95,1.066667,34.92513232804602
18.15,8.65,4.0
13.4,10.55,13.625692011150532
10.633333333333333,9.739110287330666,6.12
20.78333333333333,19.65,15.64
17.216666666666665,2.1,12.32
14.183333333333334,15.91667,10.44
0.13333333333333286,19.140853747405203,6.35
15.716666666666669,18.98160257007648,3.48
19.683333333333334,11.667964464605552,15.77
13.9,42.31480340017283,4.69
8.616666666666667,1.0968114061462837,2.13
16.45,2.583333,18.21
19.78333333333333,2.966667,6.34
20.48333333333333,13.48333,10.04
16.483333333333334,39.19968132420442,15.03
0.43333333333333357,6.066824551255881,3.57
11.466666666666669,13.33333,2.54
18.33333333333333,17.71667,13.11
9.45,14.86667,14.93
21.266666666666666,14.15,6.1
22.716666666666665,17.31667,12.01122955468716
16.483333333333334,31.587599877340086,4.02
4.716666666666669,2.366667,3.98
20.98333333333333,19.312260788950464,9.13
21.6,16.874081662342338,19.0975120473397
19.616666666666667,14.86667,46.88446363039315
15.983333333333333,16.35453751582492,12.41
18.2,1.116667,19.83
16.783333333333335,5.166667,12.39
22.42115471337893,20.26667,10.871579384957439
20.35,6.016667,4.619150380750653
1.6666666666666643,14.33333,7.64
9.4,3.133333,3.69
18.73333333333333,1.033333,9.96
17.816666666666666,13.047455512752201,21.61
21.516666666666666,18.8,18.34
15.5,0.5166667,1.27
17.416666666666668,22.351984377831084,14.2
14.466666666666669,13.83333,18.85
20.466666666666665,1.991892527314389,4.15
10.8,14.8,8.89
0.14559589180910848,9.633545519504931,18.55
19.8,21.35,51.31332221245393
13.466666666666669,8.433333,6.05
10.720652985010627,25.566716691537064,8.0
17.266666666666666,5.35,33.03570426472463
13.3,3.8503244509277015,4.52
16.3,12.7,7.8
15.366666666666667,16.83333,31.4
14.2,7.65,22.65
11.037037283434861,2.366667,17.0
4.399999999999999,11.3,14.07
12.75,15.46667,5.96
15.183333333333334,17.583070419364866,16.51
22.4,12.05,20.49
20.916666666666668,1.966667,6.56
15.9,16.18095965338487,4.68
16.25,12.7,8.69
3.6999999999999993,16.58333,16.03
15.216666666666669,16.73333,13.43
17.166666666666668,24.545082351137225,12.72
16.7,11.156932672641394,8.46
9.766666666666667,1.033333,17.74
2.2712960434868954,11.7,22.02
12.9,14.83333,11.03
23.633333333333333,18.53333,35.82004568921635
13.216666666666669,0.5666667,9.47
17.4,6.946542605627036,5.76
15.616666666666667,16.16667,2.52
15.533333333333331,20.06667,6.61
17.0,11.36667,7.74
16.483333333333334,7.670081947388866,11.94
22.65,14.13333,3.54
14.833333333333334,19.52911213183904,17.69
19.966666666666665,9.666667,4.51
15.4,85.3641531475995,8.87
16.4,15.71667,19.89218314328231
7.9,4.016667,3.53
22.0,119.38484134876656,10.4
11.783333333333331,11.1,7.75
19.75,5.116667,2.89
0.8500000000000014,76.95431734775613,6.61
15.466666666666669,8.108519846016819,1.38
20.75,16.16667,0.76
8.7,17.9,8.84
16.466666666666665,9.466667,1.33
16.833333333333332,4.500063969618858,3.71
20.08333333333333,14.55,8.21
18.216666666666665,13.01667,8.62
11.183333333333334,2.866667,7.84
7.736438339327288,12.45,14.01
19.78333333333333,23.96667,17.85
16.45,20.11667,6.07
15.366666666666667,1.683333,7.51
18.15,39.616302154974235,19.45
19.0,11.56667,8.71
17.4,0.95,20.43
20.266666666666666,14.24993426920695,12.86
18.85,15.01667,34.43796538533876
17.266666666666666,10.25,9.64
17.933333333333334,3.083333,1.89
15.616666666666667,3.6,8.71
19.066666666666663,12.8,11.79
15.683333333333334,1.1,2.2
22.416666666666668,10.617348861885525,9.06
14.566666666666666,71.45577513889519,6.55
21.133333333333333,15.28333,21.93
17.266666666666666,12.76667,5.65
20.566666666666663,14.41667,6.64
23.316666666666663,27.13333,13.03
15.2,0.9620943545922215,0.961230171197094
18.649948000374813,14.38333,6.62
22.683333333333334,13.88333,4.43
17.116666666666667,22.46667,9.88
21.066666666666663,9.3,24.17
18.4,27.06667,3.9
8.766666666666667,7.083333,11.12
10.483333333333333,1.166667,1.2711782615771516
17.65,1.733333,4.43
23.566666666666663,13.46129634414764,11.71
19.383333333333333,16.81667,9.65
23.766666666666666,10.756696249782987,7.7
17.516666666666666,3.05,4.7
21.23333333333333,12.96667,21.430357627405318
21.8,12.25,5.72
19.966666666666665,15.36667,11.43
21.316666666666663,19.638081668565007,20.57
16.083333333333332,5.983333,14.137695986796171
19.916666666666668,0.9833333,5.55
23.933333333333334,23.2,1.26
16.316666666666666,55.257678400581966,26.348854635511525
18.966666666666665,12.4,7.65
17.983333333333334,22.16667,9.01
14.616666666666667,1.1626195149920036,1.7
17.666666666666668,15.95,12.44
16.216666666666665,14.38333,6.695643151253462
12.7,13.26667,15.74
21.633333333333333,12.26667,34.443382759513334
16.833333333333332,16.75,9.5
17.716666666666665,3.852529896328714,27.907590317048598
11.716666666666669,19.48333,5.72
20.933333333333334,16.78333,5.84
22.25,10.08333,21.6481850129785
12.866666666666667,7.05,3.6350072657200507
19.78333333333333,20.16667,14.84
1.1833333333333336,13.901303145290813,16.29
18.98333333333333,14.2,6.84
15.433333333333334,16.08333,14.55
16.966666666666665,20.78333,23.407895723024847
19.0,6.916667,5.88
18.23333333333333,10.91308511222516,6.15
22.316666666666663,16.0,5.84
21.75,16.75,2.19
15.616666666666667,12.6,38.29578241063282
11.816666666666666,1.966667,7.8
14.5,14.55,5.66
17.6,12.86667,7.1
18.383333333333333,2.433333,5.55
20.116666666666667,20.81667,9.21
18.766666666666666,8.316667,21.85
18.116666666666667,1.983333,6.62
16.033333333333335,14.213922422591068,12.68
23.83333333333333,22.53333,10.78
21.35,14.817751593856592,30.84
23.58333333333333,14.756409792794239,9.52
15.966666666666669,1.866667,9.44
16.733333333333334,17.18333,10.14
14.944662721284839,11.350512251246979,11.39
16.766666666666666,47.55446779167153,7.31
23.2,13.65,11.846640702374279
15.55,0.3666667,0.85
16.816666666666666,11.55,4.12
18.366666666666667,5.883333,4.27
2.7500787476402664,1.583333,7.9
23.916666666666668,11.81667,29.379240456004627
18.266666666666666,15.338091199502156,8.37
15.833333333333334,1.9188773973868287,4.9
2.7166666666666686,16.06667,4.98
18.016666666666666,3.5,3.82
14.666666666666666,14.35,19.31
4.600000000000001,21.54952914900191,21.52
13.333333333333334,3.778250807607659,6.74
16.283333333333335,22.21667,4.25
19.466666666666665,14.55,9.02
16.316666666666666,12.56667,19.77
21.33333333333333,18.5,8.06
22.0,18.891142598981357,7.32
23.816666666666663,2.783333,22.200082670263946
18.53333333333333,5.333333,7.19
16.5,4.166667,18.553686607293784
16.25,4.3,6.97
1.1166666666666671,13.4,16.92
15.483333333333333,2.716667,5.99
15.383333333333333,1.933333,7.66
18.5,15.68333,12.14
19.35,23.55151835678764,21.48653536068508
16.233333333333334,11.7,5.63
15.6,4.966667,6.901357215147
15.35,0.7333333,2.6061958005619235
17.016666666666666,1.7,14.68
17.25,3.416667,4.572443321954925
19.83333333333333,93.25218008846097,17.19
18.33333333333333,10.550189546070897,6.96
16.766666666666666,16.21667,7.0
17.7,62.86089426386848,11.27
19.716666666666665,65.78625412289037,11.85
20.83333333333333,14.91667,23.5
12.35,21.85,6.69
0.8166666666666664,15.53333,15.34
16.683333333333334,11.88333,3.91
16.483333333333334,13.96667,8.36
20.966666666666665,10.98333,5.46
16.416666666666668,13.35,0.9
16.2,1.5175119366670229,6.91
18.25,12.38333,16.59
19.683333333333334,14.71667,27.72130574777955
17.466666666666665,61.83290895633592,19.6
15.933333333333334,0.9666667,6.42
13.516666666666667,17.75,4.11
19.292612745234024,2.2158465109542136,1.63
17.416666666666668,20.81667,8.57
17.5,14.48333,18.71768011459848
0.03333333333333144,10.95,39.306010793158784
11.516666666666667,2.9,23.22
20.85,4.216667,8.77
12.466666666666669,69.0326430624484,5.34
21.766666666666666,5.619526874601692,2.89
21.48333333333333,68.48021119587995,21.52
22.78333333333333,15.33333,22.381612377022392
5.948797172653819,13.75,6.61
22.1,18.15,11.15
19.666666666666668,11.15,7.77
20.183333333333334,17.36667,25.694581756209956
22.98635683684697,13.7,14.46
21.966666666666665,7.15,4.68
11.133333333333333,16.88333,8.79767500099726
19.55,14.45,8.46
15.616666666666667,5.4,8.14
21.616666666666667,8.87602561056661,10.07
18.366666666666667,18.23333,13.69
14.183333333333334,3.566667,3.86
22.7,4.55,10.63
10.966666666666669,35.70038584398753,36.49
19.75,0.8,0.83
19.166666666666668,0.5833333,0.87
22.416666666666668,25.812132887989033,5.55
14.516666666666667,12.88333,9.08
4.233333333333334,15.55,9.0
17.583333333333332,15.6,4.69
0.13333333333333286,2.783333,14.77
22.883333333333333,5.583333,13.37
16.9,0.25,0.62
16.133333333333333,1.683333,11.1
0.31666666666666643,30.648254082663176,11.32
19.816666666666663,10.215007506010881,10.22
0.9666666666666686,21.37882202521155,32.530933587546464
23.1,62.122427860387475,6.45
16.033333333333335,18.43333,6.47
18.016666666666666,21.16667,20.219794547031633
13.6,13.18333,4.37
21.066666666666663,15.65,39.65258759733755
16.6,7.983333,57.079453528290614
14.683333333333334,11.43333,7.14
15.633333333333333,18.46667,7.37
10.433333333333334,12.55,20.91168491898803
16.4,1.25,0.97
15.333333333333334,6.233333,11.58
19.616666666666667,12.06425752072432,11.21
22.33333333333333,10.21667,8.93
15.516666666666667,13.76667,16.42
12.266666666666667,0.10041512452202243,0.52
15.316666666666666,11.35,21.629894218277187
17.983333333333334,1.733333,1.58
23.58333333333333,25.421785666440915,5.73
8.25,14.21667,6.6856991695682515
23.45,13.71667,31.491405880763192
17.2,21.467065997172327,10.78
17.833333333333332,86.1963134639977,33.949597945297135
14.5,16.88333,11.41
0.7833333333333314,62.89636801132193,12.23
12.933333333333334,15.41667,9.07
17.0,27.581339233811768,9.24
17.466666666666665,13.46667,8.3
20.65,4.45,19.73
4.850000000000001,9.633333,6.62
2.366666666666667,12.36667,22.0
22.016666666666666,15.7,4.48
21.03333333333333,68.44743700213915,14.63
17.733333333333334,0.9586700657745477,2.5
13.816666666666666,11.13333,3.71
0.0,23.76791315201578,12.48
14.666666666666666,0.9827331094397389,8.22
15.15,11.48333,39.71
4.033333333333331,13.149665862295523,24.534470581170172
16.066666666666666,14.45,5.87
0.06666666666666643,62.229166957556714,3.17
16.866666666666667,0.7666667,8.39
15.8,12.808915318248866,4.97
15.166666666666666,2.9,2.78
15.116666666666667,1.116667,2.27
13.166666666666666,16.16667,17.096176411460622
16.2,9.166667,8.34
19.05,11.2,2.95
20.666666666666668,20.4,13.21
16.2,15.661523769721509,24.85
15.05,15.517950422479975,7.71
14.933333333333334,1.133333,5.35
17.033333333333335,10.56667,9.98
17.466666666666665,13.85,26.62
16.683333333333334,17.65,11.81789620303549
21.866666666666667,15.91667,3.64192077905871
19.5,13.75,13.77
14.1,3.74057320857373,2.71
17.1,2.5,6.31
22.4,13.9,19.1
17.783333333333335,9.6,4.11
20.4,17.516989883749332,21.77971715252614
22.716666666666665,14.73333,8.06
13.266666666666667,13.598361880718683,4.9
14.916666666666666,38.3972039158033,9.83
20.566666666666663,50.95,12.42
16.516666666666666,0.95,1.88
16.966666666666665,1.616667,13.44
14.216666666666669,9.933333,8.76
2.833333333333332,8.35,14.1
18.416666666666668,10.4,9.83
0.4499999999999993,22.094427610847614,20.05
11.7,9.796053055452195,4.02
17.6,11.860755201258293,13.76
19.516666666666666,15.5,3.198850734839216
13.602512848142942,6.8743421348214335,11.98
17.883333333333333,11.536964708684541,5.27
1.8500000000000014,13.56667,5.78
21.75,33.00393480828825,25.45
21.4,8.783333,7.528153551071882
1.9683379248226025,29.182476784374657,55.0125072738924
1.4833333333333343,14.46667,51.86296220342163
16.116666666666667,20.08333,6.89
14.616666666666667,5.633333,2.140156027732883
19.55,4.5,3.6
23.83868118772273,13.8,27.99
17.416666666666668,18.9,8.93
15.733333333333333,12.232292655880919,4.819601381651592
20.766666666666666,2.483333,27.859783917989116
14.716666666666669,16.86106105609025,2.89
21.774329643539872,32.732284982100474,15.35
18.366666666666667,14.75,15.47
16.85,2.633333,5.54
18.9,21.482135383125794,5.09
21.4,12.05,27.345469522716012
18.48333333333333,9.466667,2.78
14.9,4.6,7.93
14.416666666666666,8.05,5.83
17.783333333333335,6.983333,13.11
19.026701321105065,12.15,19.44100347070722
23.416666666666668,1.733333,3.44
18.166666666666668,28.50288137149227,11.3
16.633333333333333,14.73333,47.86326035712613
20.683333333333334,23.05,18.62
21.7,14.71667,37.14010314284824
19.6,15.65,15.110825959339271
1.1499999999999986,11.63333,9.04
16.666666666666668,4.883333,5.52
18.466666666666665,4.55,16.34
22.3,1.533333,13.19
15.883333333333333,2.716667,6.61
18.5,22.06667,8.96
20.716666666666665,12.74029063776016,6.58
20.95,28.371144021931027,9.93
18.55,19.17518069089403,6.79
14.783333333333331,0.6666667,6.7
16.05,22.55,14.25
17.283333333333335,8.716667,11.26
16.95,18.98333,32.515200606065335
16.7,13.26667,8.658325996368658
20.816666666666663,17.23333,7.96
16.210254661916892,15.68333,7.67
20.08333333333333,14.083974956341516,5.86
16.783333333333335,39.79703282223907,3.34
13.733333333333333,0.8333333,1.85
16.6,2.15,13.44
21.9,3.283333,7.7
7.9,15.9438263766909,11.97141417771578
20.33333333333333,14.5,8.22
21.016666666666666,14.6,11.36
11.333333333333334,1.866667,4.71
14.083333333333334,12.65,34.98891784976935
19.816666666666663,2.6834881471651526,5.08
20.883333333333333,5.883333,5.274116580467671
14.983333333333333,89.53484521156071,8.98
18.33333333333333,7.516667,24.35
13.9,14.6,11.33
17.266666666666666,4.95,3.53
21.48333333333333,13.6,13.58
14.683333333333334,40.65,8.36
16.766666666666666,3.870641606080396,15.88
10.466666666666669,12.85,3.32
13.833333333333334,16.33333,6.49
4.083333333333332,10.53333,16.38
9.218500001173139,1.233333,8.21
13.599762314955296,41.491723440579584,22.15
18.5,10.8,25.80735427323263
23.716666666666665,16.65,3.94
16.55,10.85,21.2505362045276
19.966666666666665,41.15447111094948,16.42
21.65,10.615640858101008,5.84
21.3,99.58625997074871,17.81
19.25,14.11667,14.01
16.383333333333333,10.98333,23.09
15.45,8.883333,5.21
7.566921636874031,16.3,12.46
20.28333333333333,19.96667,21.21542061623186
17.383333333333333,17.55,6.69
20.65,16.43333,23.79
13.15,12.21667,7.06
13.6,2.666667,29.82
20.566666666666663,5.5,3.94
10.8,3.216667,12.98
23.316666666666663,16.042266540002466,34.14
17.25,14.58333,20.8
0.9166666666666679,11.266571695621527,25.533308616199065
12.166666666666666,0.35,4.33
19.0,3.4196330714448226,3.76
15.016666666666667,22.4,11.57
17.333333333333332,14.58333,11.55
21.916666666666668,20.81667,13.5
4.594759874009469,15.16667,25.18
0.4499999999999993,13.23333,8.328873527699615
15.45,3.15,3.0466939094383267
11.316666666666666,4.25,2.99
22.83333333333333,15.31667,9.86
16.133333333333333,18.95,15.72
17.0,16.8,5.9
14.783333333333331,50.78877920433154,4.78
18.2,43.97390841289179,34.64
20.916666666666668,12.691472518909425,35.09
15.566666666666666,13.58333,5.11
20.466666666666665,66.66902683471865,6.12
15.5,8.783333,8.22
20.366666666666667,14.28333,8.63
16.483333333333334,4.333333,4.56
17.466666666666665,13.61813441034039,17.86
15.885321489608517,1.866667,35.566302909497175
15.533333333333331,2.4,5.09
20.15,9.866667,12.80366744951578
14.633333333333333,1.466667,7.86
14.5,13.98333,21.82
17.15,12.561652749062912,8.11
19.08333333333333,1.433333,10.45
17.55,10.785011639725148,8.4
16.4,11.5,13.65
8.478763245519076,1.933333,2.11
22.53333333333333,16.95,7.08
18.58333333333333,10.51667,13.44
12.05,8.983333,5.73
16.15,12.86667,15.9
21.08333333333333,4.783333,36.09603324988857
18.633333333333333,18.36605747033515,16.48
0.27562177718840175,0.5833333,1.09
12.115388829100509,1.4414520362387937,7.98
23.396825696198597,14.13333,21.36
22.933333333333334,14.61667,30.723395625795238
15.133333333333333,1.1170288479757053,5.68
18.8,14.800946016418884,17.9
18.116666666666667,15.535882142056202,11.32
17.016666666666666,5.15,11.34
12.716666666666669,4.533333,8.35
12.85,2.766667,2.28
12.016666666666667,1.383333,2.01
4.612439077173381,10.08333,8.71
13.4,12.295,3.79
23.866666666666667,12.66667,14.42
18.216666666666665,9.866667,15.44
18.85,29.57784433239831,13.27
22.116666666666667,2.016667,7.79
13.483333333333333,14.334920784962435,23.749118241784164
17.666666666666668,5.333416436163379,16.84504540229216
15.583333333333334,11.356519601249124,4.09
5.566666666666666,33.59973544497664,6.89
18.216666666666665,13.81667,8.128924118999858
14.883333333333333,1.483333,3.42
18.566666666666663,10.7,5.29
19.35,4.912948702177484,5.84
21.35,12.28333,20.81
16.0,7.833333,4.94
16.866666666666667,14.7,10.7
17.233333333333334,14.93333,22.59984259050107
15.55,10.34202416479182,3.03
17.133333333333333,26.48333,20.46
0.8000000000000007,28.420604456134985,18.69
15.640490011989701,1.416667,7.98
22.666666666666668,16.93333,28.91749458126724
23.75,46.01652643014585,24.78897016740637
20.216666666666665,7.321739812394771,4.7
17.666666666666668,25.53333,43.3257333753258
16.1,13.13333,10.42
15.116666666666667,0.8666667,2.79
19.516666666666666,12.88333,44.6856523883373
14.566666666666666,7.516667,18.25
23.03333333333333,0.7961828960790174,21.04
9.366666666666667,13.65,5.31
16.616666666666667,10.83333,9.96
17.45,4.866667,36.24
17.0,12.606824284597343,25.018673502379098
10.216666666666669,5.3,6.63
12.45,17.83333,13.65
17.2,0.8166667,10.79
2.616666666666667,4.716667,8.07
22.766666666666666,14.65,12.84
18.2,1.266667,4.7
22.23333333333333,13.8,13.3
20.2,8.4,5.95
19.566666666666663,19.51667,3.41
11.566666666666666,13.05,1.81
1.4333333333333336,9.183072047654724,4.64
16.4,12.28333,9.98
22.133333333333333,13.31667,32.224606144670396
22.504303042970424,19.11667,14.42
17.4,1.366667,2.84
16.483333333333334,3.216667,31.105249028364195
23.15,11.05,26.30225427665282
12.466666666666669,11.98333,3.47
15.8,1.733333,0.86
16.983333333333334,2.65,1.59
13.483333333333333,23.72164200339629,42.19
15.966666666666669,2.85,9.58
22.28333333333333,6.116667,23.665010623056443
18.48333333333333,17.44010092518233,18.56
20.4,11.374655010006174,25.78
16.483333333333334,13.88333,6.18
16.05,23.6,6.82
13.4,14.95,12.0
15.6,3.633333,4.5
19.016666666666666,14.108645164507687,20.16561919633532
13.85,1.85,24.89
20.616666666666667,12.44706624260873,17.67
17.1,19.36667,3.06
18.83333333333333,6.016667,4.5
18.65,2.866667,28.485081603704018
0.75,13.48333,3.186853157475125
23.53333333333333,22.9,11.22
17.733333333333334,20.6,18.32151993948966
17.366666666666667,12.51667,3.37
8.14451024116667,0.7025102001052703,2.88
3.8610215516891913,21.35,26.08
20.016666666666666,14.76667,20.156897820250595
21.366666666666667,3.794876561823247,0.92
16.883333333333333,3.4797578218813086,8.74
14.983333333333333,2.066667,5.81
21.6,63.75,19.003336890959183
21.666666666666668,30.9,6.8
21.736470095936966,48.19990104814248,5.29
23.58333333333333,25.03333,4.12
20.5,13.3,27.16
18.55,13.58333,13.57
8.308274044340457,14.31667,1.63
16.833333333333332,9.033333,4.08
23.616666666666667,15.23333,4.29
15.683333333333334,14.8,9.33
15.516666666666667,16.88333,5.95
16.95,1.75,1.78
14.3,9.533333,20.545919726109133
19.95,39.65636865303797,24.57561584845418
23.53333333333333,10.4,25.89
0.6499999999999986,13.91667,45.83350455888081
1.2855218866398594,8.516667,10.76
4.600000000000001,9.216667,10.43
18.416666666666668,18.4,38.71702879898949
18.766666666666666,1.816667,10.35
22.516666666666666,11.411474686874895,23.69
20.316666666666663,18.76667,6.73
20.416666666666668,18.25,5.23
22.183333333333334,14.35,20.97398731091991
2.01367043575107,20.088191279622603,7.56
15.766666666666667,4.533333,11.35
12.216666666666669,5.483333,6.97
22.616666666666667,39.6,17.72
20.33333333333333,4.999640633214083,10.89
18.08333333333333,48.92291255718801,7.6
13.933333333333334,9.4,5.74
18.15,12.46667,3.21
13.95,11.38333,6.994876025198027
19.316666666666663,14.66121378309591,19.571605840455742
18.33333333333333,1.7189537650769966,7.25
16.45,2.183333,5.69
17.983333333333334,6.4,6.82
22.23333333333333,16.93333,36.00589372673305
21.35,7.05,7.51
15.783333333333331,3.166667,44.43870841653086
15.633333333333333,64.63333,11.52
18.716666666666665,11.966743875221834,7.47
22.25,19.9,12.85
20.48333333333333,4.0,0.96
21.7,4.479272829119386,7.353967002509162
19.6,43.420847002795426,15.07
10.433333333333334,9.283333,27.525457626904828
1.2333333333333343,8.599951428829407,6.46
4.0,68.99268575532851,12.58
22.183333333333334,16.88333,38.59
11.916666666666666,0.7166667,6.4
10.733333333333333,1.583333,10.33
13.833333333333334,19.8,13.28
17.033333333333335,15.91667,11.01
12.366666666666667,7.65,18.6
22.216666666666665,1.45,7.52
11.233333333333333,17.1495330235352,9.24
12.083333333333334,1.3,3.62
16.316666666666666,2.1227823285551324,6.309103539963252
20.166666666666668,4.3,8.45050522948848
21.75,12.86667,14.29
15.716666666666669,16.35,13.61136647906853
15.8,10.03333,8.739757742939982
16.75,11.34373244339519,7.6
17.583333333333332,2.15,1.69
15.466666666666669,2.4,3.96
19.48333333333333,7.183333,24.9
16.383333333333333,20.76667,34.149286325385326
19.75,29.29912514099194,22.985024620974436
18.216666666666665,15.75,3.2
8.029390038463074,1.5,5.09
23.85,16.048789802436396,9.95
17.733333333333334,43.9,17.18
18.83333333333333,9.833333,13.17
20.45,14.647348623952787,11.83
20.2,15.309898834329841,20.776982975462452
16.5,14.88333,13.11
1.142928574096004,18.7,7.86
0.9166666666666679,12.68333,1.77
16.616666666666667,3.65,6.49
17.966666666666665,1.316667,1.68
16.066666666666666,15.18333,13.382434690219817
13.5,18.71667,28.83866229563253
15.95,10.71667,8.81
10.533333333333331,41.68926271228338,10.11
19.199701632662617,12.18333,10.77
20.683333333333334,24.20200872531977,24.8
16.05,8.366667,1.81
17.983333333333334,16.31667,9.1
18.616666666666667,17.31667,4.55
16.066666666666666,27.201144371062263,14.25
21.183333333333334,0.6,2.49
22.8,0.7,11.394938617977314
15.366666666666667,15.38333,6.89
16.25,34.0252978851141,10.67
19.75,2.133333,2.17
10.683333333333334,0.5960766615769102,9.07
15.533333333333331,40.24464560420856,6.59
13.683333333333334,7.516667,1.93
10.9,9.58574567242385,7.08
7.033333333333333,12.23333,7.4
19.15,8.85,14.19
17.366666666666667,15.43333,8.24
16.933333333333334,36.9,30.63
3.486257264275629,11.73333,29.82
13.4,15.06667,1.07
17.8,8.44728553389841,1.33
11.566666666666666,2.287479867833854,2.06
1.3333333333333321,12.35,11.2
23.08333333333333,15.1,25.52
11.05,0.7833333,5.42
22.35,2.5,4.66
18.58333333333333,13.3055174340592,6.18
17.4,2.8,8.45
18.25,8.216667,23.21
23.516666666666666,14.567537831815349,10.13
19.433333333333334,8.25,4.8
15.9,0.2166667,1.03
16.366666666666667,20.96667,16.275397304312794
15.7,8.87599698476643,7.5
19.2,3.416667,9.79
18.383333333333333,2.366667,27.22
14.55,15.0,6.17
22.016666666666666,114.34487915037386,18.71
17.4,0.37768724128284814,4.49
20.35,15.06667,4.38
17.15,18.01667,3.69
17.95,38.60574542491387,7.559624875716399
22.216666666666665,9.016667,8.49270309922751
18.816666666666663,0.6666667,2.38
14.9,14.61667,19.5
8.616666666666667,0.8166293521330186,9.63
16.55,14.580034939570815,26.21
17.366666666666667,2.5,6.61
16.85,1.8024830955278992,5.58
16.933333333333334,18.26667,37.267682984168644
17.55,16.872942741373517,6.18
20.633333333333333,13.21667,11.27
19.666666666666668,10.75,13.54
20.866666666666667,14.06667,6.22
20.73333333333333,16.31667,10.1
22.23058957549462,13.035097252012454,5.36
18.3,4.766667,32.33815830941312
20.7,14.733520192083734,30.183285578694196
15.033333333333331,0.6666667,3.41
16.166666666666668,19.21667,9.61
22.416666666666668,14.73333,2.05
15.033333333333331,9.316667,4.46
21.73333333333333,19.18333,6.88
23.933333333333334,28.83333,17.34
0.36666666666666714,15.61667,22.873480865773747
19.33333333333333,1.133333,6.26
1.2333333333333343,13.269703802551097,10.49
18.516666666666666,4.65,12.72
0.06666666666666643,1.5797348048672442,8.92
4.262011993412063,2.016667,5.65
21.316666666666663,14.58333,18.159425023328513
16.233333333333334,14.45,8.95
19.666666666666668,13.71667,35.784130563475195
15.964205471606208,13.61667,32.0179192571342
19.816666666666663,9.933333,13.72
22.33333333333333,10.8,2.313580960240215
21.128124371041487,19.478017586484917,12.35
15.65,15.16667,12.15
20.666666666666668,14.801451323023485,10.56
20.0,11.4,23.64
12.1,1.3939215507728164,4.01
14.533333333333331,2.033333,3.65
19.03333333333333,11.4,12.25
19.366666666666667,11.8,23.88
15.5,15.76667,15.97
9.216666666666669,14.31667,14.05
15.783333333333331,13.6,7.47
16.0,7.65,9.02
15.45,16.51667,18.51
18.45,36.89061602730521,11.12
20.366666666666667,15.147874356019607,5.87
16.766666666666666,3.0708846311076563,14.306012585810386
21.066666666666663,18.38333,52.299873126740565
0.9961699863570779,7.416667,3.33
20.8,12.93333,4.23
0.43333333333333357,11.616130866692695,21.37630952320993
20.33333333333333,10.86667,8.35
17.21837092174149,15.05,10.11
13.366666666666667,4.733333,7.87
15.166666666666666,17.7,6.41
19.683333333333334,10.98333,45.2357767339889
18.266666666666666,21.13817082204551,4.12
22.08333333333333,14.96667,32.8
15.566666666666666,15.01667,7.69
12.7,6.316667,14.59
19.266666666666666,3.216667,10.94
15.8,11.88333,5.12
16.450421579352405,15.26667,15.21
14.383333333333333,1.4037365606961834,27.18
11.75,20.18299144201048,8.71
19.33333333333333,18.61667,7.98
22.616666666666667,62.6,6.356630727772135
21.116666666666667,3.566667,4.91
16.983333333333334,19.209284942917293,26.48
4.133333333333333,10.25,15.697514956316445
13.85,1.25,3.8735627665533685
15.783333333333331,11.41667,17.134860974266193
22.3,12.058877418283105,11.22
18.683333333333334,2.8555681454010093,5.42
10.666666666666666,6.8,4.49
20.4,17.0,8.76
18.516666666666666,8.649794475063116,47.45132090886845
8.816666666666666,18.565801454361285,8.21
17.466666666666665,10.28333,9.39
23.28333333333333,11.6,9.31
22.766666666666666,14.41667,5.45
19.183333333333334,11.16667,7.97
13.2,15.516405831093762,4.98
22.48333333333333,14.71667,10.38
18.8,10.714733009412264,23.88
21.966666666666665,4.033333,20.789717582203448
23.683333333333334,13.127935385887554,6.77
19.0,11.05,11.22
21.066666666666663,9.580148819394324,1.97
15.3,10.46667,18.49
22.55,9.893890344236928,7.123879502129276
22.633333333333333,11.75,12.35
22.05,10.08333,6.95
14.933333333333334,8.7,4.73
4.9171415249084625,13.76667,6.65
10.95,15.610960610970787,14.76166193652898
0.41666666666666785,4.111164904163246,5.52
22.0,18.43333,5.4
11.5,1.785833,4.4
21.466666666666665,11.258251164463898,6.168083930008579
22.383333333333333,11.65,8.15
7.766666666666667,18.41667,2.39
16.7,13.56667,19.32
18.33333333333333,10.207140289481629,6.42
21.8,19.88333,48.12865191278513
23.166666666666668,13.85,11.25
14.1,10.98333,10.42
15.95,12.55,18.59
21.28333333333333,16.28333,35.22
16.833333333333332,2.85,3.18
12.2,1.083333,3.79
15.3,8.433333,5.44
16.05,17.48333,20.392109403146897
19.78333333333333,0.9530139824022945,9.29
22.9,16.43333,11.23
15.616666666666667,5.616667,5.29
13.533333333333331,17.66667,20.6
15.2,2.433333,5.89
19.8,16.86667,4.151792098493315
12.3,17.23333,11.23
17.5,7.516667,15.92
20.45,21.75,9.538876387623603
18.866666666666667,2.433333,1.16
12.3,8.133333,7.64
12.416666666666666,5.55,2.34
16.866666666666667,13.38333,4.37
16.683333333333334,57.57839952249749,8.19
0.8500000000000014,16.40956074221826,10.85
2.7333333333333343,19.11667,33.60928263443056
16.0,1.7,8.22
21.78333333333333,10.56667,9.88
18.7,16.60156669857005,8.33
16.966666666666665,13.91667,5.31
20.716666666666665,14.85,3.62
16.516666666666666,1.166667,23.02
8.633333333333333,3.433333,4.95
18.98333333333333,8.18664590921299,10.286675488259643
6.266666666666667,2.0,21.29
16.216666666666665,0.3354850024194777,0.85
18.716666666666665,1.75,11.79
21.616666666666667,14.06667,4.67
17.816666666666666,10.21667,5.95
13.083333333333334,0.26069650593858124,0.8047646374837496
15.883333333333333,12.35,4.41
17.45,16.18333,20.00437293658499
17.916666666666668,3.0,8.59
1.1833333333333336,17.26667,55.1539465419203
21.73333333333333,22.18333,16.0
3.883333333333333,16.0,32.012895620800556
17.55,6.066667,10.62
19.83333333333333,1.766667,6.66
16.083333333333332,14.88333,13.51
19.683333333333334,1.6227426509231528,3.09
21.48333333333333,5.731203425036676,30.853771614392755
14.25,13.75,7.81
12.233333333333333,11.75,12.7
18.666666666666668,17.717536663507055,2.03
16.45,10.41667,45.78265857584775
14.733333333333333,14.5,19.72
15.166666666666666,14.13333,6.99
14.9,1.1,19.76
17.133333333333333,15.2,19.118214975758455
12.25,14.58333,6.89
18.05,20.6,11.67
17.833333333333332,31.62972846358714,14.76
22.65,11.75,2.1
20.48333333333333,39.121624285778225,5.83
19.7,23.2,10.95
16.016666666666666,5.463871158385502,2.94
22.1,2.833333,9.606318074318114
4.699999999999999,13.01667,48.05084308702499
11.733333333333333,1.3,4.91
20.55,6.533333,5.58
20.3,21.919816957841764,61.72112192046363
15.683333333333334,62.81667,20.239289659562054
22.666666666666668,10.6,9.25
1.8999999999999986,6.083333,13.423509182017296
18.766666666666666,21.31667,30.64775608682074
13.566666666666666,14.05,12.63
19.666666666666668,18.33333,9.18
22.6,4.866667,11.31
22.95,4.166667,7.0
16.15,10.61667,11.03
16.583333333333332,9.8,50.3982198500284
15.333333333333334,0.6166667,0.94
23.633333333333333,17.843926930143212,13.22
14.133333333333333,0.7850075851813039,6.14
14.566666666666666,12.037000571246178,2.12
18.683333333333334,14.53333,59.841137470910326
22.883333333333333,15.69361,15.150482385382057
18.98333333333333,14.18333,15.35903352594003
20.73333333333333,19.91667,16.64518189607188
21.78333333333333,15.602040803391644,10.24
22.816666666666663,14.31667,6.8
8.333333333333334,11.31667,12.76
14.583333333333334,0.8666667,4.41
17.166666666666668,18.8,6.43
18.683333333333334,7.110768038038511,6.76
21.933333333333334,14.9,20.28
19.066666666666663,16.34879378584125,22.15
14.241261166961339,12.58333,25.762586298026147
0.7333333333333343,14.4,59.24011879323051
18.816666666666663,48.56667,7.13
19.58333333333333,5.65,7.24
18.166666666666668,0.4666667,1.92
9.05,23.66667,23.57
0.6166666666666671,43.64513400703126,30.84
17.083333333333332,35.58490788185996,4.83
6.736110074937945,0.9529991949589715,4.98
23.75,12.25,42.96731358354678
22.95,3.35,6.34
13.55,23.73333,23.73764805840561
17.216666666666665,2.5208865851258238,3.12
12.466666666666669,15.8,4.22
16.05,20.08787028882605,12.43
18.3,6.466667,7.31
23.166666666666668,2.6,4.63
19.883333333333333,10.13333,6.07
15.388124316874018,8.683333,51.491931854994036
4.416666666666668,4.533333,9.95
23.98333333333333,11.676166854554442,7.94
17.05,12.98333,17.18
12.6,14.96667,3.78
0.9333333333333336,14.98333,21.67117405487923
16.783333333333335,6.01278179754108,33.227436409574004
11.9,7.383333,3.34
17.0,16.01667,6.57
22.116666666666667,0.5166667,1.14
16.683333333333334,0.4333333,2.32
10.016666666666667,19.55,6.08
16.416666666666668,1.166667,10.62
19.15,17.180887317970587,43.89
13.966666666666669,69.26146214914871,9.07
17.05,5.516667,3.69
14.266666666666667,1.216667,5.49
17.683333333333334,2.5,5.23
13.766666666666667,0.8833333,8.21
21.05,15.26667,9.22
22.366666666666667,2.900252073187528,9.14
2.7833333333333314,16.2294818315836,28.77
15.466666666666669,13.16667,8.29
15.866666666666667,13.31667,12.48
10.633333333333333,16.458210970189267,10.61
20.883333333333333,0.6833333,1.9160510384803637
8.066666666666666,18.51667,8.98
22.65,12.65,42.503958784176504
18.48333333333333,12.63333,9.2
21.05,6.95,6.39
19.95,9.633333,5.2
0.46666666666666856,21.95,8.83
22.183333333333334,2.033333,9.89
14.45,17.96667,10.46
15.866666666666667,21.51667,12.55
18.716666666666665,23.61667,9.37
19.433333333333334,7.083333,4.76
23.316666666666663,11.38333,14.56
18.633333333333333,12.23333,5.26
13.85,35.46868384262276,6.15
16.516666666666666,14.28333,8.29
17.9,4.816667,9.73
13.7,10.31667,7.94
21.05,6.733333,17.9
22.6,1.516667,2.72
21.516666666666666,97.1761976041439,15.51
19.75,4.866667,14.36
18.183333333333334,21.15,9.68
23.65,13.18333,6.4
15.166666666666666,37.498230068394285,5.32
22.98333333333333,3.116667,5.86
16.133333333333333,2.6078401744327415,3.54
13.116666666666667,12.01667,12.61
16.783333333333335,3.867006285266053,7.596863213346805
17.2,14.2,13.323092445237561
5.050000000000001,13.88333,12.09
21.25,9.618000334713944,23.6
15.55,17.58333,17.75
20.766666666666666,14.71667,3.81
18.15,5.05,12.44
22.766666666666666,13.317470725523718,12.18
4.033333333333331,14.21667,7.538757838306483
15.6,1.183333,7.5
21.15,22.017051656197538,8.55
8.0,1.066667,12.7
15.066666666666666,0.6833333,7.8
22.916666666666668,15.45,15.31
16.033333333333335,21.36667,14.125176692667884
23.316666666666663,14.91667,14.28
13.783333333333331,0.8313889,1.39
23.466666666666665,2.433333,6.03
15.8,9.116667,1.57
10.026981607968626,15.73333,5.91
17.433333333333334,19.35293007732501,32.69302443942055
16.733333333333334,0.9890044382116349,2.849348858026788
16.05,0.65,19.932632211700547
19.266666666666666,20.1,21.680139494840986
13.516666666666667,17.76667,13.8
5.325928628652765,2.733333,20.42
8.233333333333333,25.56687690464998,3.09522317069117
18.67316890400398,12.899317901089866,27.503112164861523
17.816666666666666,15.707072987853795,12.5
21.35,10.41667,21.17
21.7,19.83228421582891,4.3802241282288445
11.55,2.117000204683236,47.87612350847572
17.433333333333334,20.03333,6.8
16.7,8.933333,14.63
16.766666666666666,9.983333,7.9
14.883333333333333,16.5,10.93
21.4,0.5666667,1.68
7.5,8.383333,12.59
20.98333333333333,4.35,8.03
3.9333333333333336,11.35,13.31
19.616666666666667,49.40078571219731,39.83369926029817
19.433333333333334,49.060351732997454,8.45
12.05,1.433333,33.07823136149906
3.616666666666667,14.03333,7.13
16.883333333333333,16.403599470163694,8.8
18.966666666666665,1.1615882139629026,1.14
14.266666666666667,0.3666667,1.33
21.316666666666663,13.63333,15.65
12.533333333333331,1.780285685315618,8.12
17.766666666666666,9.8,5.46
16.983333333333334,18.8,9.89
20.883333333333333,14.33333,15.56
16.083333333333332,14.13333,10.628614773782902
19.8,1.1,5.82
15.8,15.58333,5.95
18.183333333333334,13.83333,14.39
17.916666666666668,15.28333,15.993482463469263
16.866666666666667,27.522636459639347,22.23
17.65,16.93333,17.490590423711108
13.533333333333331,9.033333,4.158444879590999
14.933333333333334,13.18333,6.67
20.03333333333333,14.94065328682495,21.664530060570687
17.8,7.266667,10.83
15.566666666666666,21.6,10.91
16.85,20.48333,2.64
21.03333333333333,3.6936759346395016,4.22
17.68437085464296,10.483645329828017,4.86
1.6635004821199466,25.881415789698096,11.5
19.766666666666666,16.63333,3.861973318330012
20.183333333333334,2.683333,11.27
22.1,10.1,27.22
16.983333333333334,23.56667,19.05
3.1833333333333336,14.344537630009944,15.01
18.2,14.45,6.29
22.75,1.95,6.838244812171906
17.05,2.65,21.3
20.98333333333333,11.05,37.4112921318598
8.616666666666667,13.5,11.05
20.78333333333333,11.064550245353816,3.9
22.716666666666665,13.95,35.021174186703284
22.016666666666666,2.0029303903214104,17.16
13.79684071114607,7.336573390852518,39.15455019595102
23.766666666666666,9.35,24.01
18.45,14.58333,23.28
8.566666666666666,7.634576534919348,12.56
17.033333333333335,3.4,29.51
19.48333333333333,16.906096112385335,17.546726190596818
19.716666666666665,17.73333,8.39
17.033333333333335,8.065318312144152,34.62
14.35,23.277152115558128,17.48
20.633333333333333,14.13333,11.851825573167298
11.599140098732217,1.033333,12.39
18.25,14.63333,15.59
15.45,21.23333,7.23
17.083333333333332,11.38333,13.66
19.35,2.35,3.701411991741043
19.933333333333334,2.95,5.55
18.866666666666667,14.98333,11.9
22.433333333333334,11.392331788784821,16.19
11.6,20.81667,37.33260747164721
21.5,9.05,1.99
17.1,0.4618573974335328,1.89
4.28134317584675,5.466667,17.36
20.766666666666666,11.8,13.99
18.75,12.28333,21.750020399303175
21.6,23.206802191604083,12.98
17.833333333333332,21.01667,13.89842208078131
10.4,3.9498687003747572,11.86
19.98333333333333,16.55,10.13
17.65,11.31667,22.388769821869207
17.816666666666666,10.06667,8.72
14.833333333333334,1.8,6.92
17.616666666666667,21.548996874034717,13.79
1.0333333333333314,14.34453286058837,32.67958719860297
22.416666666666668,19.33333,34.126820908444934
19.8,12.53333,17.9889885018277
4.050000000000001,15.83333,9.56
22.19322498418963,15.73333,8.931953056887723
15.75,2.4939800958233085,4.95
16.033333333333335,9.618453760800968,4.09
16.2,6.55,9.75
18.65,8.8,4.15
18.266666666666666,20.503691671452827,13.31
16.783333333333335,13.8,9.85
15.966666666666669,4.6,4.25
17.766666666666666,24.88333,12.76
19.716666666666665,6.416667,7.12
22.65,15.2,8.46
12.95,3.083333,7.09
19.183333333333334,65.50720591298655,7.89
19.616666666666667,9.483333,8.5
20.75,14.53333,25.67636857091682
23.48333333333333,13.68333,15.16
20.466666666666665,51.054649246026464,11.26
21.166666666666668,10.61667,3.38
19.28333333333333,18.71786722626577,11.66920415537199
19.883333333333333,39.09844496339758,16.31
21.2,14.53333,4.57
18.616666666666667,14.265056541784713,7.36
20.866666666666667,13.61667,5.55
15.816666666666666,20.86667,10.48
17.533333333333335,15.88333,13.871668123372364
12.2,6.016667,7.3
18.78333333333333,91.52170458607576,28.443768600593323
23.166666666666668,6.65,6.3
1.4166666666666679,10.61667,15.9
8.525021202782227,0.8666667,4.76
11.833333333333334,3.3,3.07
16.416666666666668,5.75,37.26935006538872
14.633333333333333,11.3,10.64
21.266666666666666,12.8,20.77
19.0,15.88333,14.13
11.333333333333334,6.383333,33.203531336770396
17.466666666666665,10.73333,12.84
20.25,13.95,7.84
11.033333333333331,3.053333,3.81
16.883333333333333,16.667561213450973,19.84
15.633333333333333,14.5,14.01
17.183333333333334,3.766667,5.82
19.966666666666665,0.4166667,6.05
16.033333333333335,43.93333,11.4
18.25,14.58333,5.81
22.15,5.55,40.83
22.23333333333333,13.68333,20.356016467867885
15.6,12.768537318454449,7.44
18.3,12.98333,11.0
13.05,1.0,9.22
20.7,11.81667,4.1
21.016666666666666,4.35,2.27
13.633333333333333,11.38333,16.4
21.566666666666663,15.73333,7.69
10.533333333333331,5.8,11.4
21.6,20.66667,6.08
15.683333333333334,1.45,9.55
11.033333333333331,14.3,6.01
12.183333333333334,9.127372495712697,9.77
19.1,10.83333,7.35
16.133333333333333,8.95,4.890330887805438
17.083333333333332,1.9774649019440103,0.78
16.333333333333332,2.483333,6.695143474740908
16.066666666666666,8.433333,30.02
17.816666666666666,3.4,9.34
23.116666666666667,1.466667,7.67
1.5500000000000007,14.41667,17.88
16.183333333333334,21.207139152302148,40.454763145339676
19.45,12.08333,5.82
0.23333333333333428,0.6,1.85
15.483333333333333,12.86667,11.2
8.55,25.81667,7.07
16.566666666666666,0.3333333,1.0
23.05,13.7,9.54
14.933333333333334,13.63333,9.06
14.266666666666667,9.683333,4.51
22.0,13.96667,14.59
2.641940587412197,24.59687162158468,32.09031925047049
12.1,80.1982081047324,5.31
15.516666666666667,12.75,6.11
6.85,1.5409653684441713,7.578788790365215
11.266666666666667,27.44405588896218,2.0112888581631703
17.733333333333334,7.269185387858283,12.95
0.6000000000000014,13.73333,8.54
0.08333333333333215,14.58333,23.94
11.8,40.194443863309125,6.56
19.366666666666667,13.86667,21.29
22.516666666666666,21.08775016324388,7.98
12.0,5.730659195102662,1.46
21.683333333333334,14.66667,28.54733563552145
17.666666666666668,9.580409194882215,4.37
15.966666666666669,44.66098809447634,7.87
23.6,15.83333,17.47
14.366666666666667,15.9,8.77
16.816666666666666,20.98333,8.73
16.366666666666667,14.61667,4.26
6.016666666666667,5.316667,5.13
19.566666666666663,5.182057871696094,4.797282056475524
20.53333333333333,27.834424213046066,5.97
18.166666666666668,18.574169386491043,8.39
17.016666666666666,0.4666667,3.85
16.866666666666667,19.41667,6.83
17.2,14.164954022121622,6.88
17.216666666666665,10.4,2.59
14.683333333333334,22.1312598259343,10.57
16.7,8.95,4.94
23.666666666666668,14.53333,4.67
14.716666666666669,11.38333,8.28
18.95,8.616667,13.27
17.933333333333334,34.44817816222259,27.030733547813725
20.83333333333333,11.71667,22.801513184623328
19.416666666666668,10.48333,9.77
14.116666666666667,0.1652480127449689,0.71
14.05,1.5,5.29
1.7333333333333343,14.85,33.19610037532635
11.51578794191931,4.883333,7.945453850037884
9.956674715421105,18.548108121428502,2.96
22.716666666666665,13.63333,6.483254159840522
18.683333333333334,15.651746083759859,14.485543185777496
12.233333333333333,32.199979346679335,4.79
0.31666666666666643,14.266338988954935,19.17
20.740840310660133,11.55,7.47
23.516666666666666,19.13333,13.329070755881258
19.316666666666663,1.5,1.6
12.516666666666667,16.01667,5.48
17.283333333333335,9.933333,2.07
14.55,4.383333,13.49
22.416666666666668,5.0,13.755929869017564
16.166666666666668,11.11667,3.98
23.966666666666665,6.016667,10.71
16.75,19.6,6.65
12.783333333333331,3.183333,1.74
14.8,16.2,67.68530984170735
18.0,11.30023427906725,9.0
17.75,1.55,6.21
17.85,16.73333,6.76
20.23333333333333,22.74524100732766,3.19
20.133333333333333,13.190596315418333,5.67
19.78333333333333,12.06667,1.82
18.716666666666665,52.28815629048689,18.770372831735294
18.383333333333333,13.23333,13.87
13.65,9.383333,2.24
16.7,4.6,7.05
15.583333333333334,9.9,21.31593355313875
15.983333333333333,19.9,5.17
14.079965971860899,9.466667,4.09
18.7,62.45181446816076,21.05
15.083333333333334,14.7,10.42
17.75,10.13333,27.0
19.8,12.55,11.087764367200434
20.616666666666667,13.168069454278037,28.098861333476382
0.9333333333333336,12.1,45.658978330497625
15.35,11.33333,12.45
12.216666666666669,2.433333,10.67
15.13002616752007,8.2,3.44
21.25,3.45,15.26
15.133333333333333,21.06667,24.452743243507577
12.031140864473127,1.783333,7.5765139613254
18.23333333333333,42.9884704964359,62.22136715369997
13.116666666666667,7.5,10.66
16.4,14.76708860058756,4.87
23.35,9.216667,7.07
21.988945603861062,2.083333,36.770740269736855
0.8666666666666671,10.2,15.45
19.58333333333333,23.4,6.67
15.016666666666667,2.883333,22.51
20.25,11.51667,12.41
15.766666666666667,10.4,13.99
17.083333333333332,22.18333,8.8
10.55,0.5833333,1.97
16.45,2.3,4.52
15.45,2.166667,6.54
16.816666666666666,8.983333,13.76
16.833333333333332,40.8552344893102,9.04
15.266666666666667,20.76667,4.71
21.266666666666666,8.466667,4.19
23.08333333333333,35.858310684526565,26.04
9.583333333333334,4.716667,1.21
15.983333333333333,12.581529608019514,14.0
11.833333333333334,2.9697639043156245,11.16
11.316666666666666,5.266667,20.09850737320492
11.566666666666666,1.866667,10.69
6.434394391139601,2.1,5.29
15.083333333333334,14.33333,9.13
16.3,1.683333,6.57
4.483333333333334,15.06798832706604,23.713711322050077
23.05,22.61667,6.79
19.166666666666668,9.116667,10.22
18.5,22.67055066665407,7.84
14.233333333333333,78.72720219517922,8.98
18.78333333333333,4.433333,20.08
0.23333333333333428,13.286634635146266,15.47
16.766666666666666,8.982273871062684,22.164830885767007
17.55,7.516667,5.46
12.05,11.51667,6.78
11.833333333333334,15.86667,3.3
16.516666666666666,8.066667,17.2
23.28333333333333,18.02854009564742,14.264563195207156
18.433333333333334,1.25,2.84
16.216666666666665,8.316667,2.53
0.41666666666666785,12.63333,17.85
16.883333333333333,5.25,8.04
19.466666666666665,14.250116240904328,6.1
16.65,15.08333,4.74
13.95,15.36667,13.88
21.0,15.38333,19.74
21.633333333333333,1.8,6.06
16.55,14.33333,3.93
13.283333333333331,71.58133355454393,15.19
14.4,1.616667,1.5973722283123062
16.55,15.316090929410683,18.54
16.433333333333334,13.35,5.44
12.533333333333331,3.45,4.25
17.35,10.5,4.21
18.383333333333333,44.62816967145335,4.24
18.866666666666667,1.183333,8.54
18.183333333333334,9.183333,17.49
20.98333333333333,9.65,3.74
16.0,7.283333,5.78
13.333333333333334,15.615626263850693,12.31
4.418773553875994,17.51882989558318,8.45
21.33333333333333,3.75,5.87
16.416666666666668,8.15,6.36
16.116666666666667,1.7,27.755480699527546
16.316666666666666,7.7,6.17
16.8,20.342777944741854,5.05
19.45,11.66491231897608,12.52
12.633333333333333,5.0164079464803555,6.32
16.1,11.91667,20.8518994734413
17.016666666666666,11.58333,7.19
16.65,20.1,23.02
18.48333333333333,9.996429163975312,12.13
20.016666666666666,18.48333,10.51522708729375
22.85,16.05,20.446588561779354
21.883333333333333,14.3,14.733496572903823
23.9,6.259010016542172,17.62
7.783333333333333,13.26667,7.47
21.316666666666663,7.983333,17.83
12.166666666666666,36.91667,9.19
0.75,3.6103680609543036,7.88
18.4,15.75,20.2
21.6,5.8953476921679915,6.67
17.15,49.14800717695209,33.15153742576251
15.616666666666667,2.45,2.15
18.216666666666665,18.41667,8.0
13.416666666666666,1.533333,16.23
20.48333333333333,15.631363762145492,31.229796438575722
17.416666666666668,17.16667,11.93
12.65,8.483333,10.795260530465749
21.58333333333333,13.73333,22.0812152520637
11.25,8.6,4.58
15.2,16.61703953801373,10.43
16.866666666666667,21.7,5.11
5.083333333333332,10.6,3.8349606731114907
23.066666666666663,14.28333,16.335631895067635
17.416666666666668,4.9,4.39
16.029590965730314,13.764928085233837,2.54
13.633333333333333,39.68884487087811,7.29
0.8166666666666664,23.4,2.52
21.366666666666667,11.88333,3.9698453397920823
18.7,1.05,5.82
12.716666666666669,10.48333,9.3
16.416666666666668,11.55,20.237991204399147
14.633333333333333,14.38333,18.03016264102189
15.95,22.03333,8.79
19.55,11.18333,0.99
18.866666666666667,15.36667,13.69
20.916666666666668,9.4,15.88
20.58333333333333,15.58333,6.88
13.15,10.434801241693597,16.7
23.53333333333333,41.146297913390114,46.106432622247375
19.35,15.16667,22.282341648642905
4.607182597023105,3.833333,37.43
17.8,10.01667,6.15
11.433333333333334,0.8780148674076466,23.19
21.306145345838253,10.08333,5.4
21.669207239974156,0.2822691890767291,0.8709843145264312
18.666666666666668,4.166667,7.64
15.783333333333331,28.876695541701398,1.9182506921165623
19.5,15.797652151138273,6.45
17.716666666666665,17.08333,2.88
19.9,11.038920206956153,29.267891898141244
17.85,19.23333,77.11560207293137
0.5,18.83333,25.82
17.047677695981598,1.15,1.48
19.666666666666668,2.4364742007975315,9.77
14.7,13.45,9.12
14.833333333333334,18.08581666019141,4.13
17.6,21.71667,14.71
20.05,1.85,2.89
18.116666666666667,14.38333,7.84
21.016666666666666,25.76364419727684,9.07
12.45,0.6211885575594727,2.572710354302544
2.75,1.233333,2.1268647981621323
23.73333333333333,2.2855390227590497,8.61
11.45,9.0,8.87
16.9,15.35,5.83
17.733333333333334,13.5,5.82
17.283333333333335,14.85,5.5
15.016666666666667,14.73333,37.45
22.33333333333333,11.21667,17.54
18.816666666666663,11.7,1.8
19.016666666666666,2.15,48.89698944012634
16.083333333333332,14.01667,6.21
15.45,1.1824995268561485,0.93
19.35,14.3,17.00609348546248
19.55,16.3,17.15
3.866666666666667,13.8,2.44
18.216666666666665,2.082929463706605,3.53
0.16666666666666785,7.4560825965616315,11.34
16.916666666666668,22.64924103932264,12.21
11.3,14.73333,2.65
20.716666666666665,13.41667,14.86
15.566666666666666,14.6,4.36
17.45,15.28333,8.83
16.883333333333333,3.663313475895326,25.6046887067426
17.5,17.51667,19.113278510903474
18.433333333333334,6.253142219167402,5.42
4.266666666666666,8.066667,16.01
5.116666666666667,1.933333,13.41
23.433333333333334,4.283333,42.240745788975616
0.8332288921980435,8.4,7.88
16.533333333333335,14.43333,3.796978029406164
13.7,3.0188983302145194,2.39
21.966666666666665,13.98333,7.66
12.216666666666669,1.0086666456728248,1.82
19.53333333333333,39.05346847031858,13.63
20.666666666666668,7.9,6.53
14.683333333333334,2.833333,9.798037002743222
11.95,3.71135112493673,12.21
4.5,3.733333,11.69
19.1,1.616667,8.33
15.033333333333331,14.23333,11.67
18.4,3.95,10.63
10.6,99.53252367230593,5.43
0.33333333333333215,10.9,5.93
2.5500000000000007,0.95,4.61
18.78333333333333,12.483609013837842,5.09
14.616666666666667,1.8046951205424546,5.97
19.0,5.066667,13.31
20.917704371607883,21.9,15.89
0.0,15.933570812664358,2.29
4.203728221289445,14.66667,11.19
21.316666666666663,3.766667,16.27
16.6,6.716667,6.95
18.3,23.33333,6.18
21.15,12.56667,12.55
21.35,9.25,15.21
19.766666666666666,1.733333,4.53
20.466666666666665,14.76667,10.0
21.7,5.533333,4.05
20.05,4.166667,5.36
13.0,12.95,14.57
19.466666666666665,43.150409157321235,7.95
16.766666666666666,15.18333,18.81
2.623117829962574,11.88412711560096,23.94
18.35,0.5833333,8.29
23.4,15.35,28.112582815061323
13.6,3.266667,4.28
5.030758406337796,6.0,15.627410417015199
14.566666666666666,4.566667,42.33351734785828
20.98333333333333,14.53333,10.5
16.85,0.5333333,0.98
17.383333333333333,11.56667,9.77
12.866666666666667,2.9,5.199874047802296
0.6000000000000014,7.85,15.21
19.633333333333333,10.73333,13.94
15.933333333333334,1.95,7.94
17.6,10.76667,17.68
9.05,11.38333,8.03
16.166666666666668,1.133333,7.16
15.516666666666667,13.05,6.17958545292844
13.716666666666669,20.159423551591264,14.56
20.5,24.13333,22.84
0.5666666666666664,20.73333,40.74450253407471
20.15,1.183333,4.070144429171924
16.366666666666667,17.01667,8.8
3.0608947382235776,13.75,14.035844305756035
23.0,20.06667,9.74
13.2,13.9,8.16
15.716666666666669,14.263670935531414,42.653173080435955
15.666666666666666,19.83333,22.091356696854344
10.233333333333333,1.416667,9.95
23.116666666666667,14.45,7.047896279369015
22.2,7.083333,8.23
20.216666666666665,38.39824825535386,18.51
16.7,14.95,18.23
14.232624775758692,14.06667,8.56
21.066666666666663,3.9103023942092032,3.6
17.516666666666666,21.5,2.32
19.8,6.979347852906107,7.51
0.11666666666666714,3.516667,15.51
16.216666666666665,3.3998462585037186,41.481705595534294
16.683333333333334,21.13333,46.535922452947126
16.633333333333333,23.08333,12.15
20.883333333333333,16.20707045667268,31.94
22.316666666666663,28.55,20.28
1.3666666666666671,14.03333,12.33
15.6,6.1,10.54
21.133333333333333,5.1166958297006255,3.94
17.866666666666667,17.18333,9.8
22.28333333333333,11.08333,20.93
21.883333333333333,8.75,11.34
21.763584776862505,1.8,4.16
18.666666666666668,15.15,9.56
3.916666666666668,17.66667,16.57
22.566666666666663,15.98333,11.34
18.466666666666665,46.8148372497071,28.0
16.9,25.6016118493154,3.77
18.23333333333333,2.133333,4.18
21.116666666666667,23.23333,17.44
19.45,14.706612283870566,20.61
19.616666666666667,18.01667,11.71
16.066666666666666,0.45,1.29
14.7,16.7,3.14
15.783333333333331,13.71667,17.82
18.316666666666663,13.673829099912092,10.27
13.85,0.9666667,2.99
15.533333333333331,21.33333,12.65
23.666666666666668,22.497599726956636,60.58549375361763
20.766666666666666,11.88333,11.35
15.85,1.816667,8.21
17.516666666666666,11.6,18.2011003526696
15.6,10.48333,6.33
14.366666666666667,8.216667,2.53
22.33333333333333,14.800584242741424,8.196627703658304
12.716666666666669,2.7172080873946984,1.69
20.75,15.2,2.2
10.816666666666666,2.8390974228346386,6.32
17.533333333333335,9.45,57.08047687346581
14.65,10.06667,15.35
19.8,13.190232023673426,11.46
18.116666666666667,14.6,5.18
20.1,21.61667,32.84796029248508
21.45,6.966667,13.89
7.033333333333333,0.8166667,3.09
17.05,7.583333,5.31
1.1833333333333336,14.25,19.85
16.5,1.3878574018971412,2.89
15.133333333333333,37.13333,2.81
21.166666666666668,20.28333,11.33
23.316666666666663,12.86667,14.51
22.366666666666667,15.083097262218745,21.263631386626514
20.216666666666665,7.066667,8.56
16.666666666666668,15.91667,20.26031523947837
0.5666666666666664,2.3930328440861746,3.66
18.666666666666668,17.03333,4.48
15.416666666666666,2.633333,12.96
17.4,4.716667,8.35
15.05,6.85,4.49
16.116666666666667,14.8,11.101292087528854
22.516666666666666,14.95,14.197545550989451
15.55,0.6666667,0.95
18.53333333333333,18.85,16.64
19.28333333333333,1.4500922235572422,5.16
22.916666666666668,2.133333,22.84
21.55,0.151080174907158,0.54
20.08333333333333,18.13333,10.66
17.566666666666666,4.133333,17.68
19.316666666666663,14.573382046710417,8.55
11.766666666666667,7.133333,6.14
4.183333333333334,33.526211521575206,17.07971277533099
16.266666666666666,24.45,3.58
17.5,11.1,11.248067792716903
16.6,15.98333,6.85
18.266666666666666,2.25,6.61
23.683333333333334,0.3833333,0.84
15.9,3.85,5.82
20.65,2.749476866439136,4.76
17.466666666666665,1.2,3.55
18.101853629544593,6.533333,4.41
20.75,13.93333,6.12
8.333333333333334,1.066667,6.82
11.066666666666666,9.433333,12.33
19.466666666666665,1.5710039885413365,2.14
17.533333333333335,11.18333,9.95
13.266666666666667,15.15,7.5
15.95,1.95,10.83
23.05,23.2,11.61
0.4499999999999993,27.793713516021285,4.23
16.50404776205299,36.99900318042876,5.77
6.137116453132573,13.9,10.83
18.31124917382015,17.41667,40.23184811268234
21.53333333333333,25.867116230705868,18.557794276652857
6.383333333333334,14.45,6.57
17.833333333333332,11.51667,23.57
15.633333333333333,15.53333,5.44
15.85,17.11667,4.32
16.433333333333334,1.4350468428445566,12.79
13.383333333333333,12.03333,8.3
15.583333333333334,37.12804654723033,11.54
19.133333333333333,57.60253395787148,11.61
21.9,6.4796980809114535,4.99
11.616666666666667,11.500466114007708,17.79
20.516666666666666,17.91667,58.59843565259827
21.8,6.816667,5.1
18.133333333333333,14.58333,15.12
12.7,10.61667,10.20271052574506
15.033333333333331,13.83333,12.258499001483433
19.433333333333334,16.08856277282503,4.596139972757082
16.8,2.499449448986745,3.71
23.316666666666663,1.060556,0.71
20.716666666666665,5.216667,14.77
23.266666666666666,22.13333,13.69
23.116666666666667,10.95,23.42
0.5166666666666657,12.95,23.1
15.183333333333334,14.58333,59.78955938631669
17.016666666666666,10.3,7.7
22.366666666666667,6.383333,10.38
11.55,8.69817111317107,10.58
20.85,2.633333,6.45
21.25,11.242627642660956,5.01
18.2,17.40865493116537,7.49
19.35,0.3333333,1.37
2.366666666666667,11.38333,20.948051589778625
17.3,20.51667,1.43
19.416666666666668,22.41667,33.81
7.1,3.366667,5.06
14.333333333333334,1.915508040459017,6.02
16.833333333333332,13.55,9.8
13.016666666666667,20.26667,7.07
23.98333333333333,2.383333,5.65
16.633333333333333,4.761097508939565,7.55
19.816666666666663,1.683333,9.71
7.85,7.194987430895736,29.25255782191176
19.33333333333333,10.96667,15.06
15.383333333333333,13.055531736462822,6.06
20.73333333333333,25.13181235495167,37.11615316806128
21.48333333333333,1.867179023430489,12.8
14.85,1.883333,10.99
10.516666666666667,2.833333,3.94
22.6,1.5456980547743056,3.76
0.01666666666666572,19.33725073118841,13.671299174469896
12.216666666666669,3.633333,2.84
10.750948600716947,18.18333,1.63
19.83333333333333,13.4,47.10541091767605
16.033333333333335,6.516667,9.14
13.55,13.18333,6.18
16.633333333333333,13.26667,5.81
13.866666666666667,1.966667,19.35
11.216666666666669,13.46667,12.492095771522727
16.816666666666666,65.21143619204403,17.55
11.816666666666666,0.55,3.49
13.266666666666667,13.0,47.77097092863172
19.016666666666666,5.866667,59.48490575173404
23.366666666666667,12.1,16.48
18.766666666666666,14.21667,13.7
21.816666666666663,18.41667,7.71
22.416666666666668,18.73333,42.250315702264196
21.116666666666667,4.3892053076017215,12.53
7.533333333333333,0.2666667,5.97
18.716666666666665,0.7897509824468262,3.23
12.316666666666666,9.183333,45.68416582282167
3.3000000000000007,10.25,22.99
16.916666666666668,2.4,12.85
16.2,9.183333,9.86
18.2,14.05,5.14
21.0,20.41667,38.56832627207041
15.15,16.93344176924952,4.89872731565428
18.28333333333333,15.85,7.55
18.2,2.783333,3.71
14.745914797518344,14.6,1.97
15.433333333333334,15.735219310494701,17.34
12.866666666666667,1.3,6.8
17.016666666666666,17.18333,12.72
5.733622037051827,14.2,25.95
17.716666666666665,10.9,5.94
19.616666666666667,10.48333,10.33
15.35,11.784398063269533,5.85
11.516666666666667,15.38333,2.32
19.0,0.35,24.4427549219504
19.745231466202434,12.01667,31.4
15.4,17.13333,7.17
19.066666666666663,20.8,15.11
11.066666666666666,3.65,2.9745573502872142
22.133333333333333,21.23333,6.46
18.966666666666665,13.63333,29.075027782157996
10.016666666666667,3.305473495368368,3.55
15.883333333333333,2.469195742049569,4.44
20.9,3.783333,26.47
13.5,19.4,5.4839520562184045
2.2666666666666657,9.866667,4.87
14.166666666666666,18.50145672311656,19.642519265750888
14.733333333333333,13.642969411025964,7.15
14.15,14.05,9.92
14.166666666666666,23.5,19.631108191167005
14.583333333333334,12.941007764596133,6.18
20.85,15.53333,41.397377137867736
0.330255567995966,16.05,7.79
14.166666666666666,0.9833333,5.3
14.4,2.633333,6.11
19.133333333333333,2.1985128798227476,0.77
0.05000000000000071,15.08333,9.96
13.25,2.083333,6.57
17.7,2.066667,2.7920853643491865
20.166666666666668,17.51667,29.9
14.283333333333331,3.516667,4.632387252656044
15.366666666666667,92.29069657915987,9.4
15.183333333333334,18.9,30.062817451795564
3.7666666666666657,16.68333,10.38
23.28333333333333,15.430768135002776,48.4102443494508
16.483333333333334,8.483333,2.45
6.233333333333333,18.669573628287967,9.38
13.0,13.86667,5.84
16.016666666666666,4.6,27.68511023272993
19.816666666666663,19.76667,6.54
23.166666666666668,15.86667,8.68
20.683333333333334,22.011302443048848,7.56
15.816666666666666,0.7783719949955543,2.22
15.933333333333334,0.6833333,1.0580838694772683
20.78333333333333,5.55,8.2
15.4,26.2,17.65
13.433333333333334,47.74796016931307,5.67
20.2,19.83053126985623,6.57
6.190176559244962,0.3833333,1.21
18.266666666666666,10.35932800347226,7.04
19.0,5.949222664350877,2.54
17.15,2.283333,4.1
18.35,14.73333,10.98
15.316666666666666,16.73333,6.22
15.75,2.4545262558053063,5.98
13.016666666666667,14.21667,8.19
16.466666666666665,23.6,40.76
15.966666666666669,22.66667,17.47
3.633333333333333,10.843730269866818,25.45
10.639321482653516,18.65,6.66
16.133333333333333,10.18333,10.66
16.766666666666666,4.766667,4.07
20.816666666666663,30.547216041482105,11.03
0.33333333333333215,46.51773061177625,8.18
15.666666666666666,12.18333,4.91
20.516666666666666,14.08333,6.32
14.166666666666666,6.33784137376932,3.68
9.983333333333333,14.71667,13.28
22.816666666666663,13.41667,3.48
17.483333333333334,1.116667,4.62
10.4,13.61667,13.83
15.08383968637645,2.05,5.92
16.2,10.26667,12.25
20.883333333333333,10.28333,5.52
21.2,11.35,27.455062018060126
20.73333333333333,10.782031555114372,27.52
2.9666666666666686,11.15,37.94133115021046
15.616666666666667,9.7,13.18
16.133333333333333,18.4,12.017372451480478
18.183333333333334,4.716667,3.69
20.3,12.666698529391969,19.591879912924487
22.916666666666668,15.168822419113997,19.15
22.03333333333333,10.06667,8.82
16.25,24.16667,4.93
22.016277004094928,6.066667,11.24
13.65,14.21667,43.17874546899693
7.816666666666666,0.5,11.52234342534095
20.74548125887086,9.533333,7.31
16.5,2.5156453874267863,5.18
16.6,15.35,14.992418756261468
17.183333333333334,11.9,16.63
16.233333333333334,2.916667,19.397065143927467
20.4,17.43333,7.66
3.75,3.516667,6.14
17.766666666666666,18.85,5.31
19.23333333333333,13.13333,24.95
15.616666666666667,0.7466667,2.6411833625473085
21.28333333333333,6.617047982175706,19.64
15.916666666666666,3.583333,6.07
19.95,0.65,25.872915714150295
19.85,13.82399526592465,18.03
20.866666666666667,26.433913307007025,9.77
3.6999999999999993,21.81667,11.22
17.2,12.38333,17.258131005745383
13.854090479452376,27.676606999916363,10.33
14.166666666666666,5.483333,3.8
19.58333333333333,13.78230603992721,7.03
22.45,15.38333,13.22
0.4833333333333343,22.21667,13.97
10.633333333333333,4.284310739885124,12.23
21.366666666666667,14.151859651669307,25.01
21.816666666666663,1.9,4.84
19.58333333333333,11.85,7.02
19.216666666666665,14.05,11.34
20.37710132580299,8.997885740264033,7.99
2.7454262563158416,14.444913316210345,9.1
14.0,20.66667,12.83
9.016673427166825,2.916667,5.922939690917264
15.566666666666666,4.416667,1.57
21.33333333333333,1.4,1.67
19.48333333333333,8.033333,4.82
15.766666666666667,13.06667,7.14
16.316666666666666,5.866667,4.98
11.533333333333331,3.083333,4.87
15.45,6.5264572905945455,8.03
13.483333333333333,44.64704342238175,12.044544540091882
16.816666666666666,15.73333,7.37
14.416666666666666,1.6979860746613695,1.27
21.816666666666663,23.391683873146278,18.34
16.616666666666667,14.955764713919795,6.17
18.183333333333334,11.9,15.94
20.111915109958986,5.15,7.69
1.5500000000000007,3.916667,17.46
15.8,9.266667,5.22
19.266666666666666,11.48333,17.66
16.116666666666667,0.1666667,0.55
13.852849929788015,1.966667,6.34
5.033333333333331,14.86667,22.13
9.666666666666666,3.6,18.605957600274124
17.616666666666667,11.966778400350494,16.82
11.5,12.4,10.32
13.233333333333333,20.71667,10.752442212409806
15.333333333333334,1.733333,2.99
16.916666666666668,19.15,20.397303810273296
21.741350077050445,63.75,5.15
11.455982021557187,17.18333,7.12
4.4572053237532,4.633333,2.73
23.183333333333334,15.274736856965529,5.8
16.533333333333335,14.11667,5.95
20.85,39.12263344494221,10.75
12.0,1.166667,1.2359592867200262
21.066666666666663,7.266667,2.46
13.216666666666669,4.516667,12.2
20.53333333333333,1.183333,5.23
23.133333333333333,3.2141528201310066,6.64
10.483333333333333,0.34994401390759267,1.15
22.08333333333333,8.566667,7.21
14.783333333333331,18.06667,6.21
14.683333333333334,2.0,3.26
16.268935981563118,6.85,7.0720402161125095
20.966666666666665,19.17387439517684,19.88
20.15,20.953546255639043,6.31
19.85,11.226318281334773,12.18
14.55,13.21667,11.92
15.633333333333333,11.343526066670215,5.29
17.716666666666665,11.01667,2.86
15.3,13.51667,19.04
19.916666666666668,18.2,9.51
13.35,0.7333333,2.0
15.45,10.7,3.51
14.466666666666669,9.633333,21.99147883112845
15.466666666666669,15.21667,48.1206046257494
20.35,19.18333,19.32
15.233333333333333,15.66597315989028,5.56
13.483333333333333,5.2,21.05
17.783333333333335,13.96667,16.86
20.23333333333333,19.9,16.65
15.7,12.38333,7.9
13.383333333333333,6.35,20.18574880273547
18.716666666666665,44.64735733861946,6.32
0.6166666666666671,11.23333,15.76
16.95,10.18333,1.72
17.25,4.166667,1.951911538350396
21.916666666666668,8.866667,34.54
18.45,12.16667,5.54
19.716666666666665,14.16667,22.4
16.033333333333335,20.98333,6.01
11.466666666666669,2.502675555651908,0.65
16.35,10.48333,45.11
17.766666666666666,21.63333,7.63
22.98333333333333,21.01069580513746,9.87
17.25,18.43333,22.13
22.383333333333333,7.983333,11.61
19.58333333333333,17.6,9.57
18.23333333333333,22.56667,35.29093648634851
9.566666666666666,2.6,6.47
10.442802321391355,9.56529976320008,5.55
19.316666666666663,14.080897062506455,14.33
11.916666666666666,10.56667,0.87
19.933333333333334,35.61699769573388,6.11
17.533333333333335,2.233333,12.604693256008904
20.58333333333333,18.904297592126134,8.99
16.6,15.01667,13.97
18.266666666666666,4.066667,6.56
18.0,1.8760552325957807,7.07
15.383333333333333,41.9249123821059,6.9
20.16901734904338,3.4,9.64
20.2,14.21667,10.28
17.683333333333334,41.6475947719844,6.82
11.566666666666666,14.88333,3.77
10.233333333333333,1.166667,3.04
14.797655720729866,22.96667,8.9
22.366666666666667,18.96667,14.791901218660641
16.873436155850747,16.01667,13.27
16.816666666666666,12.41667,6.96
19.433333333333334,0.9833333,2.58
13.266666666666667,1.416667,3.151638447889127
20.28333333333333,2.983333,2.65
21.4,5.998159215355986,6.77
15.816666666666666,12.3,6.8187110189627855
18.28333333333333,23.43333,31.19795514227124
20.0,15.91667,4.64
13.016666666666667,10.38333,5.05
17.716666666666665,2.1170678512509533,7.05
11.966666666666669,14.08333,27.91
10.616666666666667,1.5241487054156195,6.54
10.666666666666666,4.316667,11.82
19.883333333333333,14.21667,18.37
10.933333333333334,1.15,3.06
16.65,8.833333,6.75
17.716666666666665,11.4,9.52
15.65,16.60588611175388,6.89
18.183333333333334,9.61703236020916,8.03
20.666666666666668,12.8,10.10739802223863
20.15,69.01667,8.0
12.733333333333333,19.66667,8.9
10.3,2.2,2.15
17.95,13.5,10.79
4.016666666666666,14.93333,20.16
16.516666666666666,1.083716916932394,7.39
15.95,13.1,19.76
12.216666666666669,11.45,29.452563633765095
20.00999166853095,0.7401821588619998,1.22
17.95,13.651922023237972,2.4939993103407323
16.533333333333335,13.63333,22.96
16.383333333333333,17.06667,12.18
16.016666666666666,21.95,21.06
23.066666666666663,13.41667,15.42
4.5,2.816667,7.86
14.1,1.576389,19.73
22.0,12.23432347121825,8.76
17.883333333333333,2.3011762938167273,7.09
17.083333333333332,11.120941436533322,7.47
15.583333333333334,21.9,11.06
18.36486951076222,11.83333,3.74
13.133333333333333,9.35,4.1
17.55,13.56667,7.41
14.583333333333334,15.13333,10.05660725865513
16.233333333333334,18.46667,9.28
20.1,6.5,16.51481351454044
16.516666666666666,17.31667,33.02281635966385
18.266666666666666,47.98333,44.47
17.833333333333332,7.178964691201101,4.75
17.45,23.16667,11.0
15.316666666666666,12.58333,0.75
4.066666666666666,16.667333124742232,2.668441093380097
19.016666666666666,1.416667,2.9
16.65,5.766667,4.19
18.216666666666665,16.55,8.58
17.366666666666667,9.833333,8.13
16.55,24.33333,17.02
17.95,11.08333,4.35
15.033333333333331,0.2833333,1.47
21.883333333333333,16.5,15.46
15.466666666666669,2.766667,6.92
11.083333333333334,15.16667,26.173770633433016
18.4,36.88530122044399,16.34
20.15,16.962362937235675,13.57
18.58333333333333,14.18333,2.78
14.866666666666667,2.155136974411161,2.82
14.366666666666667,9.166667,2.4
10.766666666666667,2.3,3.18
21.28333333333333,7.177329411872556,5.232025610567071
16.283333333333335,17.140951490347994,12.211024940728677
21.016666666666666,22.66667,9.79
20.633333333333333,15.83333,44.27
20.28333333333333,10.34583,9.12
13.866666666666667,14.16667,4.45
15.95,15.56667,5.67
10.583333333333334,0.5666667,1.06
18.683333333333334,14.77066781323344,10.4
15.483333333333333,2.833333,35.24193851422053
18.183333333333334,25.33333,35.76932902220404
15.933333333333334,15.10973997595332,3.12
13.416666666666666,18.6,19.466012779066805
0.7833333333333314,18.01768969692596,15.71
15.516666666666667,14.2,5.25
23.28333333333333,45.44062134490013,7.110294844413176
21.916666666666668,14.28333,11.503356510391459
17.0,11.63333,15.365164832395966
18.58333333333333,14.88333,7.78
21.58333333333333,2.415415386762571,5.13
6.233333333333333,0.6666667,0.72
20.633333333333333,13.070130813940265,8.52
22.433333333333334,14.4,12.025338197732344
21.23333333333333,94.9515746090642,8.22
16.316666666666666,8.466667,30.6
15.166666666666666,17.36667,9.95
22.65,62.22266763164768,29.15
18.55,3.283333,0.97
17.933333333333334,9.5,13.46
23.216666666666665,4.775556,9.48
16.916666666666668,3.666667,8.78
12.083333333333334,40.58333,11.02
20.516666666666666,4.351286764155102,3.8
21.516666666666666,20.014706234326308,10.35
17.1,11.5612057824997,14.67
13.95,8.016667,5.27
16.7,10.85,5.02
13.1,20.238488517836025,26.27
20.45,93.71433987798896,6.81
20.816666666666663,19.03333,23.50855281872675
1.8000000000000007,13.16667,13.23
16.566666666666666,13.58333,12.52
14.8,6.433333,4.45
0.4833333333333343,14.4,15.51
1.6499999999999986,15.03333,3.46
14.166666666666666,41.81667,24.80599917201325
9.633333333333333,14.91667,18.37
19.666666666666668,82.13659506844051,1.61
1.0333333333333314,5.024867585189202,9.28
22.516666666666666,4.333880564823732,6.87
21.53333333333333,25.799720026358823,14.15
12.15,6.033333,16.52
16.033333333333335,0.8166667,4.63
20.53333333333333,8.666667,12.41
13.1,11.69887047531757,6.87817175893113
15.7,2.633333,13.03
19.7,16.9,4.39
14.833333333333334,1.2850813335863955,1.58
17.383333333333333,24.044845589895836,8.66
16.65,13.81667,6.43
16.133333333333333,13.51344014454528,6.9
12.75,9.35,10.15
19.8,17.49748466920398,29.82
20.84596748471813,92.27288023076383,14.69
17.4,0.6,0.97
1.0500000000000007,15.1,17.442505986394828
14.466666666666669,10.98333,6.85
7.866666666666667,0.8833333,30.22
0.25,4.116667,56.54547183210961
14.783333333333331,12.016131011251685,22.48
23.48333333333333,1.866667,4.97
15.816666666666666,1.85,3.86
13.516666666666667,1.133333,16.15
20.15,1.533333,3.67
18.95,38.30153054271791,9.28
11.033333333333331,11.43333,6.38
17.85,4.883333,1.34
13.333333333333334,7.3778003416200715,5.39
17.55,14.6,8.16
2.8939370316264075,12.28333,12.163846365683712
20.883333333333333,9.108177299870729,27.022928565230686
13.533333333333331,12.15,8.51
9.011361671321115,13.357219224547334,12.53
19.066666666666663,4.216667,5.05
14.316666666666666,19.86667,8.25
16.783333333333335,1.2,3.51
18.25,15.48333,11.355192598188296
20.066666666666663,5.133333,2.807038651709445
15.7,13.93333,10.32
16.65,10.6,12.91
15.233333333333333,6.383333,4.32
17.15,16.03333,8.02
3.25,14.25,41.73
15.316666666666666,7.718459284536492,8.58
14.633333333333333,0.8666667,4.7
19.05,17.25,8.13
17.8,11.06667,7.800678464954253
15.366666666666667,23.13333,7.051401076128241
16.8,69.97542580015657,17.82
19.98333333333333,10.48333,3.66
18.216666666666665,14.66861,3.53
10.216666666666669,37.69692742260795,16.02
20.7,15.3,4.18
16.683333333333334,10.18333,28.250977849368937
16.05,8.05,4.07
18.166666666666668,9.066667,4.82
15.733333333333333,30.11667,16.56
18.116666666666667,17.65,3.25
23.116666666666667,13.95,19.28
11.283333333333331,2.2,5.98
18.03333333333333,17.85,7.49
10.483396404475691,20.8,8.4
20.58333333333333,13.98333,16.24
18.633333333333333,15.8,23.68
17.533333333333335,4.333333,5.83
7.783333333333333,18.01667,3.77
22.383333333333333,31.4,10.73
21.25,15.366930750540698,7.9879961358942095
23.566666666666663,16.18269334152928,10.02
18.633333333333333,20.71667,5.34
16.2,2.183333,13.8
17.266666666666666,6.476959179085611,4.95
2.3000000000000007,18.13333,12.13
3.300018128077987,19.23333,8.25
15.829141716413142,0.7666667,0.8
3.8166666666666664,38.6823776817868,11.257967322529293
15.783333333333331,2.25,1.79
14.166666666666666,1.4517703150442367,2.4
18.45,14.88333,7.81
23.216666666666665,20.7,9.481411990623457
22.166666666666668,14.68333,13.98
19.8,15.53333,26.604752465742642
16.466666666666665,13.68333,1.95
6.55,1.45,3.06
15.633333333333333,2.833333,5.89
17.516666666666666,5.183333,14.34597600926878
1.3166666666666664,23.81667,5.62
14.3267647233001,14.817998349223242,25.7
15.416666666666666,19.81667,12.19
5.116666666666667,20.55754668023436,12.156114022394176
19.166666666666668,9.533333,12.601480227268766
11.7,4.15,1.6220484334183858
16.333333333333332,42.10890604214964,4.51
17.716275791602186,20.915970085584355,13.38
17.9,12.31667,5.64
16.883333333333333,1.887005852866418,3.04
16.05,9.016667,24.9
18.33333333333333,17.947395549122216,8.52
7.473229204426268,15.36667,1.8
20.566666666666663,17.28333,5.39
15.416666666666666,1.216667,15.81
20.866666666666667,22.699135893174866,10.62
20.566666666666663,0.2,0.61
12.333333333333334,0.3588309802056823,1.52
18.98333333333333,12.38333,15.11
15.716666666666669,1.15,3.68
1.3333333333333321,11.58333,14.19
15.95,73.10156424122792,4.77
10.916666666666666,0.9666667,5.49
22.266666666666666,11.08333,11.76
22.416666666666668,5.866667,4.73
12.35,13.51667,4.24
17.337428784417472,3.3643618440179823,15.65
22.316666666666663,16.85,15.08
19.95,16.25,24.168200260386804
8.980383512059051,7.916667,14.11
18.95,10.46667,4.62
20.33333333333333,10.75,39.86993798281997
1.2333333333333343,38.73325603923351,24.49
18.7,11.75,23.220698499155695
14.833333333333334,17.4,3.53
20.066666666666663,11.76667,11.46
17.016666666666666,0.3666667,0.8
20.61182579385398,15.111659741341676,9.24
15.616666666666667,13.95,19.12
17.583333333333332,0.6666667,27.6
15.3,0.5998815857875194,7.32
2.0893461656761545,21.61667,14.77
21.216666666666665,14.38333,7.88
20.1,6.116667,10.44
7.566666666666666,13.48333,6.74
21.551210153645663,17.05,5.049153938400559
22.166666666666668,18.385517627434023,6.15
19.383333333333333,11.959162912746653,8.64
21.466666666666665,6.7,9.05
2.682264385341842,3.55,8.47
17.533333333333335,6.798485580983489,7.68
16.383333333333333,0.8833333,3.9
10.85,1.416667,9.18
22.616666666666667,23.430287604630937,20.84
15.366666666666667,8.609969638093771,6.8
15.516666666666667,4.016667,4.73
14.516666666666667,13.96667,6.523657714538276
18.133333333333333,16.13333,10.65
18.35,18.45,8.51
20.65,9.164156704311601,7.58
17.766666666666666,15.28333,25.59
1.4666666666666686,14.86667,28.17
14.5,3.433333,4.43
18.133333333333333,0.4666667,1.54
20.366666666666667,1.833333,3.6
10.3,4.053297818708704,7.03
17.6,2.283333,7.59
13.716666666666669,36.4,14.22
16.033333333333335,7.05,6.8309719384252094
21.366666666666667,0.9666667,0.8612797261308879
14.8,5.0225,9.8
17.483333333333334,63.75,17.2
16.116666666666667,4.816509371888691,20.40755963390926
16.9,0.9666667,2.19
21.35,3.783333,9.41
15.916666666666666,0.41209194810605576,1.55
2.6999999999999993,1.316667,7.67
21.73333333333333,15.71667,13.44
18.883333333333333,13.41667,8.37
14.683333333333334,1.30270584274584,2.82
15.333333333333334,0.9960912276608224,1.27
16.333333333333332,18.58333,44.35167281832779
15.916666666666666,14.36667,7.45
16.1,14.935695245678048,8.46
10.054760723906899,9.898903969198276,5.83
18.466666666666665,86.42398529899559,17.01
13.35,15.333168853525518,8.02
16.4,0.2833333,4.52
17.716666666666665,18.91667,1.46
18.53333333333333,1.433333,1.94
19.2,1.183333,12.56
17.25,1.933333,36.334900503193495
12.606546338794578,12.36667,10.25
15.483333333333333,15.119108780234152,16.87
18.666666666666668,21.78333,6.32
19.416666666666668,19.61667,18.61
16.983333333333334,16.996795840778002,3.67
17.666666666666668,3.116667,1.45
16.15,5.316667,5.83
14.783333333333331,12.5,17.73
19.266666666666666,14.18333,6.69
15.633333333333333,17.31667,10.1
14.583333333333334,2.433333,4.7
13.416666666666666,8.478084301668693,11.05
22.166666666666668,14.76667,14.29
21.316666666666663,13.16667,24.52
13.866666666666667,9.768387478481786,7.32
22.416666666666668,16.3,18.78
18.866666666666667,5.1,5.78
17.933333333333334,12.76667,9.39
22.816666666666663,2.116667,5.57
20.4,14.11667,24.61
10.95,6.3,7.28
19.48333333333333,11.953579839891244,5.32
14.083333333333334,7.301491285202779,21.36
20.266666666666666,0.3666667,1.16
20.6,109.55850419956127,5.089353161652806
20.433333333333334,14.31667,4.64
22.2,2.616667,9.98
21.33333333333333,13.78333,7.99
13.466666666666669,10.9,8.46
21.416666666666668,22.216489964833173,20.15
21.816666666666663,17.18333,4.66
15.75,9.366667,13.08
16.7,5.835494970310836,5.67
14.65,1.7,5.55
10.45,17.51972875338137,15.87
17.933333333333334,10.219865256013568,10.28
17.116666666666667,8.334333949913393,1.99
0.7166666666666686,46.05,15.91
15.1,10.7,5.428061061315238
17.266666666666666,39.24405962111046,19.7
23.266666666666666,6.483333,4.7
20.5,2.15,9.96
3.616666666666667,13.61667,6.93
16.416666666666668,1.994566173095001,14.710898218101358
16.316666666666666,16.88333,4.7
20.07127820258271,1.3,1.57
14.0,14.98333,5.42
18.166666666666668,14.717426936703992,7.92
16.966666666666665,13.4,46.37492404744029
20.33333333333333,20.43333,14.16
15.716666666666669,4.9,7.53
16.466666666666665,25.81667,4.25
16.616666666666667,16.81667,12.13
18.766666666666666,10.757871904730065,3.2
16.533333333333335,0.65,1.57
21.066666666666663,3.166667,6.55
7.616666666666667,16.21695500153084,6.84
16.4,9.55,12.9
19.03333333333333,21.1,17.608845296083018
15.583333333333334,1.6467365735220043,4.32
18.73333333333333,10.2,6.73
15.1,2.266667,1.52
22.966666666666665,21.87533531849769,13.49577323982725
12.233333333333333,2.933333,9.96
16.75,18.53333,14.25
19.55,3.324546448040328,2.43
19.133333333333333,11.310822330489401,10.33
11.316666666666666,11.66667,3.86
17.55,21.968490608137188,21.61
21.933333333333334,24.673076933836718,6.81
18.866666666666667,6.616667,11.4
9.716666666666669,2.502847915023312,10.28
19.066666666666663,22.06667,17.715621164902114
14.433333333333334,2.8,5.78
22.666666666666668,1.95,8.17
23.58333333333333,4.35,8.6
20.55,21.75,34.191920381183735
7.733333333333333,3.166667,1.25
20.966666666666665,13.68333,10.23
18.98333333333333,5.866667,12.13
16.65,19.532046387794505,27.900399069928095
14.766666666666667,0.6151265749193934,0.87
19.33333333333333,7.417355544833945,12.07
15.333333333333334,10.21667,5.028840730183292
3.066852407403349,8.083333,28.453988918110262
5.0,16.75,14.972649164060131
23.515662453413338,17.1,15.29
13.233333333333333,15.96667,11.12
15.316666666666666,3.016667,36.42822092311923
15.316666666666666,11.23333,4.09
0.28333333333333144,20.51667,20.9
3.916666666666668,14.26667,31.158701726025903
17.833333333333332,15.58333,44.50204589059577
13.35,15.68684048544813,13.45
23.15,7.15,5.88
16.616666666666667,1.5948918755456143,3.81
18.2,13.31667,3.95
19.1,16.23333,15.76
16.4,13.23333,22.25
15.05,16.86667,4.96
14.666666666666666,9.866667,15.64557648279937
16.883333333333333,12.58333,1.7
19.23333333333333,14.58333,3.34
23.191850998455873,14.4,10.32
11.666666666666666,4.0,15.041340229562483
15.166666666666666,3.583333,9.13
19.9,19.41667,10.86
16.083333333333332,0.65,3.87
19.133333333333333,14.471698054665495,11.5
17.966666666666665,15.98333,8.14
19.916666666666668,40.45,18.148528305653016
15.566666666666666,17.6,6.42
17.8,17.01667,5.89
19.6,14.441014674734571,10.76
14.333333333333334,0.8333333,1.81
14.883333333333333,0.8201458734550914,2.57
4.2538074556044485,4.4,10.75
15.983333333333333,0.6166667,2.85
0.8166666666666664,16.06667,6.52
19.416666666666668,2.454200904161521,26.53568376729265
20.85,0.9166667,1.06
18.98333333333333,14.85,8.88
22.03333333333333,16.55,8.78
16.166666666666668,11.2,19.04
19.683333333333334,15.73333,12.69
18.45,14.33333,7.469393688703422
11.25,3.0889485081490746,4.9
21.75,15.81667,6.9
20.65,20.63333,7.89
18.9,10.86667,3.32
15.983333333333333,11.95,16.0
23.966666666666665,18.03333,8.216919298151042
18.0,63.81501526712019,8.27
5.48997123256607,3.233333,3.89
16.15,2.65,1.23
23.53333333333333,16.03333,2.05
6.233333333333333,1.55,3.71
16.333333333333332,16.260079490863227,7.07
10.95,1.7,7.98
12.533333333333331,17.18333,6.66
9.333333333333334,18.53333,51.88
14.233333333333333,65.51301386354862,21.61
8.566666666666666,0.7007359404437263,2.86
19.15,26.92592264099389,3.53
17.15,6.849899299896114,21.419822444773747
22.23333333333333,2.5795802698504615,1.98
20.816666666666663,18.16667,7.59
18.73333333333333,21.73333,5.690148365169298
21.95,0.3333333,4.16
16.55,35.75077141936512,36.434541628402656
8.233333333333333,6.016667,4.08
21.633333333333333,3.0,4.44
22.35,4.519269313022057,1.69
23.788964560268504,54.586658839996154,30.83644917765865
20.066666666666663,15.2,17.43
11.82345276214425,1.35,6.57
19.216666666666665,9.733333,11.24
20.73333333333333,20.46667,10.22
23.166666666666668,23.15843367216707,39.58915837441571
11.65,0.8353919353633349,3.47
22.5,17.83875301527311,3.83
15.683333333333334,15.549255441256237,25.10291147619253
14.9,16.56667,8.1
19.55,14.9,12.96
16.066666666666666,3.416667,6.44
17.5,2.166667,4.63
18.78333333333333,12.720874546551492,14.81
13.35,0.5392725865667692,3.94
0.75,16.88333,36.33
13.083333333333334,1.183333,2.5
22.15,12.7,18.47
14.883333333333333,11.2,6.28
22.016666666666666,4.133333,10.88
15.85,10.48333,42.68261107616593
23.466666666666665,37.19273491458651,8.02
13.966666666666669,5.281242069459266,5.6
18.73333333333333,15.86667,13.11
11.883333333333333,18.01667,14.37
19.016666666666666,19.23439746028178,13.53
18.9,20.686639876924108,46.44648574274778
13.466666666666669,14.520138823729875,20.42
19.0,64.64164446595058,39.03
17.033333333333335,3.133333,10.54
22.316666666666663,7.683333,17.71204217589926
0.01666666666666572,14.51667,3.61
15.069180244029363,11.13333,9.28
12.466666666666669,1.2979225212195997,19.31
22.15,17.71667,6.29850567576848
16.466666666666665,11.575913389126578,13.2
5.620529690220913,15.68333,6.77
18.716666666666665,72.36443966655817,41.73
0.9166666666666679,12.88333,20.07
22.6,12.53333,7.29
22.08333333333333,4.05,5.12
1.0500000000000007,13.68333,25.51
2.6999999999999993,9.033333,18.77
16.466666666666665,8.566667,7.02
20.383333333333333,14.25,19.54
14.55,2.416667,2.7
10.983333333333333,0.9,15.57
23.383333333333333,10.56667,14.06
15.466666666666669,1.25,2.06
18.75,14.88333,3.71
19.75,8.566667,25.38
14.566666666666666,2.2,1.74
17.1,13.6,2.67
15.516666666666667,9.966667,7.44
2.4666666666666686,19.62472005100063,40.21
15.45,21.5,4.53
1.1000000000000014,10.21667,33.310731282448394
14.5,14.56667,17.687424852745607
20.53333333333333,15.795813075572948,9.81
14.85,12.98333,8.31
13.55,11.81667,19.77
14.3,0.44913470973173963,3.76
11.9,0.6166667,4.38
0.13333333333333286,18.71667,21.441316031564494
15.4,1.316667,7.46
14.85,1.683333,2.03
13.683333333333334,14.716977396801825,10.4
0.7833333333333314,9.61788821246551,14.31
16.45,1.283333,1.93
18.166666666666668,8.55,7.14
15.2,13.388816503606822,14.77
18.3,13.4,36.33
7.816666666666666,2.616667,4.4
17.183333333333334,6.033333,4.89
18.7,11.91667,5.53
8.716666666666667,27.876788312025575,9.29
21.133333333333333,1.966667,19.16
11.85,15.045805107442684,16.72
20.8,3.3133292569876485,24.65
18.35,8.680089788146109,10.76
15.95,17.01667,25.147162521451246
15.566666666666666,9.816667,4.66
14.930359569494128,10.186235436986385,13.28
12.066666666666666,15.15,3.26
16.966666666666665,45.03324164474771,6.76
22.3,9.7,5.83
5.155172894279531,9.3,7.54
10.683333333333334,0.65,9.54
15.466666666666669,13.41667,5.73
19.883333333333333,11.18333,10.95
23.4,14.93333,3.61
18.316666666666663,15.45,13.91
11.85,22.53333,16.45
15.216666666666669,15.9,35.34
20.55,16.09439452902771,23.683127909328324
16.116666666666667,8.85,3.86
16.033333333333335,10.53333,19.07
20.35,27.318508141169353,22.29115384021308
13.25,0.5166667,1.52
0.46666666666666856,14.35,35.21819594756001
8.9,13.23333,25.293548838226123
3.333333333333332,14.5,9.69090444752015
16.019978066497423,9.579999240599898,4.34
12.5,10.98333,32.41787697094027
17.383333333333333,9.866667,14.56
19.75,41.10922315698373,16.76424645153573
17.133333333333333,2.516667,3.89
10.633333333333333,1.666667,4.47
0.5333333333333314,2.6579433955430782,18.61
11.883333333333333,17.2,11.12
15.933333333333334,6.333333,5.04
17.0,16.75,13.54
20.016666666666666,16.191403159758366,6.73
15.083333333333334,1.666667,4.52
13.7,17.21667,53.696087053548545
15.583333333333334,12.7,6.36
21.316666666666663,19.2,17.72
16.316666666666666,14.58333,16.16
16.35,12.224294530813868,4.37
16.383333333333333,22.21667,5.37
22.216666666666665,40.3975532466785,13.262847726726903
12.75,15.65,13.12
21.416666666666668,20.68333,21.476314635167363
16.95,15.05,6.21
15.566666666666666,64.15945387876518,6.35
2.8166666666666664,28.869626389560878,10.68
20.266666666666666,28.61667,7.51
15.483333333333333,0.4166667,2.66
15.6,15.81667,5.86
8.973064129085106,7.683333,6.45
8.383333333333333,0.2333333,0.8
6.651536292115634,14.16667,19.25
23.95,21.61667,9.92
17.316666666666666,8.868338497408786,17.79
17.55,13.96667,7.5
21.216666666666665,36.48333,10.01
17.333333333333332,16.81667,43.60963386571035
15.25,4.5,7.09
14.466666666666669,15.78333,6.35
4.25,2.366667,4.447128498021048
16.866666666666667,2.4869259874600984,2.675590923528653
15.183333333333334,1.066667,3.95
23.166666666666668,23.40209081401338,47.536902947037014
18.066666666666663,0.55,2.78
16.183333333333334,6.066667,7.99
16.666666666666668,3.966667,5.88
22.5,14.6,11.084518762452062
10.233333333333333,10.38333,8.46
16.7,16.28333,9.43
22.55,6.616667,9.73
15.766666666666667,13.31667,4.04
16.973718897351745,6.683333,7.09
12.416666666666666,10.93333,6.38
17.5,62.574398982205246,12.93
22.65,18.55074697094865,27.70599266174715
14.55,16.06667,4.74
13.483333333333333,8.299073742048071,23.66
19.03333333333333,11.466121329332344,14.85
19.633333333333333,15.81667,13.11
15.483333333333333,1.0,1.243626016676426
21.33333333333333,4.716667,5.46
20.05,13.58333,21.884039444497322
19.03333333333333,0.5166667,10.16
22.2,18.26667,22.77
10.754310256383906,20.65,15.61
13.083333333333334,0.3527606103468831,1.59
19.683333333333334,13.98333,14.43
20.05,7.9957854072539405,3.76
16.433333333333334,10.35,39.99298037552275
20.4,14.96667,39.92316500537097
16.7,2.833333,15.87
15.183333333333334,2.983333,7.21
5.6615711404898335,15.85,2.61
15.116666666666667,3.416667,10.0
20.05,3.15,2.2693915089983494
15.333333333333334,4.733333,7.51
12.083333333333334,2.383333,1.706811245160643
18.65,15.01667,10.86
16.366666666666667,8.617180162922725,5.62
15.733333333333333,1.733333,1.67
18.53333333333333,13.41667,12.96
3.9333333333333336,14.45,15.72
13.516666666666667,0.85,12.99
8.833333333333334,0.95,2.393622191371396
10.683333333333334,3.316667,0.69
19.25,12.35,4.65
17.65,12.75,32.440307456764856
20.183333333333334,24.33333,12.21
16.783333333333335,39.66484771865757,25.78
19.816666666666663,41.1,14.16
16.516666666666666,14.73333,6.43
20.1,20.4,6.21
15.933333333333334,13.25,6.97
20.23333333333333,3.516667,4.41
23.416666666666668,18.73333,15.219359847758897
22.8,10.41667,8.57
14.316666666666666,2.95,5.619791632634588
18.766666666666666,13.869448314107453,25.88
16.066666666666666,96.62555964890744,7.07
22.066666666666663,13.58333,17.23
19.366666666666667,9.45,17.88
23.68266633751191,6.016667,6.45
22.08333333333333,20.29794208882832,13.59
18.05,4.3,11.06
14.183333333333334,14.91667,4.16
16.2,13.93333,3.42
9.533333333333331,47.256990095166245,11.78
15.066666666666666,21.49806,8.53
9.918351346974667,18.54081941036294,4.55
18.6,6.107955609206458,17.41
19.016666666666666,66.2095346119662,8.88
16.2,13.41667,24.04
16.4,1.366667,3.65
22.066666666666663,2.633333,12.88
9.828394833064037,8.266667,7.92
18.416666666666668,52.63721225185431,11.75
12.333333333333334,11.01667,6.98
1.0500000000000007,16.58333,4.56
22.35,61.832452612397276,12.94
21.73333333333333,18.26667,6.62
20.0,8.966667,9.77
3.7333333333333343,18.56667,43.20944121589419
20.466666666666665,18.91667,62.2049674262153
23.616666666666667,13.8,24.73820934019517
18.616666666666667,2.866667,30.6
22.666666666666668,15.51667,5.27373979707947
21.95,10.34583,48.205008310386916
19.6,10.6,15.22
19.8,3.083333,60.92684290366946
14.95,10.28333,12.3
15.166666666666666,2.65,6.21
17.516666666666666,14.61667,27.26
16.85,1.4,5.35
15.45,25.635009379022062,28.66
16.866666666666667,19.03333,6.34
17.866666666666667,13.41667,5.04
10.233333333333333,15.91667,6.98
22.15,20.975390317497496,15.35100596578326
14.016666666666667,20.35,7.22
16.133333333333333,4.683333,14.18
17.701884300304904,13.5,7.49
17.016666666666666,9.85,11.74
11.7,1.666667,9.72
11.016666666666667,14.26667,8.91
16.25,15.93333,7.07
15.85,2.367356728632773,3.1
23.25,6.866667,16.19
16.366666666666667,8.216667,15.64
18.35,1.066667,3.77
23.15,16.68333,5.22
0.6148427977328552,14.38333,8.52
0.8586491637072591,13.91667,4.781694581140764
17.016666666666666,24.4,4.67
22.05,0.2,0.5427444403385744
18.08333333333333,13.88333,34.47777708391659
6.8,2.066667,4.36
22.383333333333333,15.5,18.595214005832094
16.866666666666667,13.75,3.51
20.53333333333333,17.93411630066573,7.07
19.366666666666667,8.083333,8.39
17.183333333333334,21.788449008213252,13.16
18.566666666666663,3.8,7.6
9.766666666666667,0.2166667,16.68
20.883333333333333,10.05,37.245761131802574
1.756812253790848,17.11667,7.18
11.25,15.26667,6.56
17.016666666666666,10.473458652781837,12.65957198738819
18.183333333333334,0.9833333,6.81
17.216666666666665,6.866667,41.41
18.266666666666666,3.0889653361792555,14.83
22.85,20.61667,10.97321279753698
21.3,15.23333,3.01
23.75,17.01667,30.641560780508446
17.55,1.133333,1.97
23.866666666666667,23.666550551622876,34.01592305925908
3.383333333333333,10.76667,9.354053959399462
15.366666666666667,1.983333,7.75
17.933333333333334,8.516667,6.93
22.116666666666667,8.083333,14.72
14.25,1.066667,1.56
21.33333333333333,17.58333,4.9
21.316666666666663,44.00682831481674,8.8
7.75,1.583333,15.410408823720646
20.133333333333333,10.98333,6.78
15.583333333333334,0.8666667,3.54
17.0,48.19787855706068,11.61
23.58333333333333,98.40798387919872,8.57
15.6,15.75,2.87
19.383333333333333,4.683333,6.78
12.95,3.9533659682884754,9.581752446787432
20.104649553818067,4.866667,9.03
19.166666666666668,14.15,34.38236845538951
14.6,14.51667,10.23
15.083333333333334,1.466667,2.6
0.5166666666666657,25.31667,14.84
17.5,11.88333,9.73
11.383333333333333,10.968069563651158,7.04
20.566666666666663,6.116667,5.72
23.95,15.516926596387423,13.81
3.333333333333332,0.3333333,5.71
13.080825943312085,13.53333,24.33
21.933333333333334,1.833333,9.27
21.08333333333333,14.11667,6.94
21.883333333333333,1.566667,6.71
23.8,19.66667,10.96
22.23333333333333,0.65,1.55
17.166666666666668,11.88333,22.2
19.1,4.516667,53.26056371891405
17.383333333333333,14.05,41.171218557213436
16.166666666666668,2.066667,5.95
14.196156965251914,11.954315200672166,4.36
1.8999999999999986,57.81331750543429,19.789023958221076
20.23333333333333,0.45,16.508705191758928
18.466666666666665,4.45,6.533454676317051
16.783333333333335,15.46667,6.67
7.9,1.983333,4.33
16.216666666666665,16.18333,12.94
14.137086771461084,21.96861567877158,9.872961449734866
18.98333333333333,33.43107655907098,20.184771575804334
20.066666666666663,11.339729724831058,25.8
18.933333333333334,38.73333,17.382852135777938
21.4,8.483333,21.687690197685733
16.983333333333334,10.048383273756272,7.81
20.35,19.83333,9.474402627053205
21.066666666666663,1.016667,4.75
14.8,0.9833333,1.73
17.033333333333335,1.75,6.37
23.666666666666668,62.416113449904856,23.605340000113937
18.066666666666663,19.194206846398227,2.7
21.166666666666668,4.283333,6.39
15.716666666666669,14.08333,14.92
21.48333333333333,20.51667,47.074626323315314
23.683333333333334,6.916667,7.61
22.60493118478383,10.76667,5.36
15.95,18.28333,15.34
10.126609853853491,12.98333,14.785677657190243
23.7,1.75,24.16
16.633333333333333,66.60774240163724,34.14
20.166666666666668,3.5,1.5729224444716239
15.116666666666667,1.633333,11.28
19.8,6.466667,18.56
14.866666666666667,13.014566723971543,7.79
16.033333333333335,3.083333,4.07
19.53333333333333,16.16667,14.26
7.050367104296553,3.75,9.49
0.8000000000000007,20.871869553627167,29.6
16.183333333333334,6.1,3.91
23.75,19.220676741805615,4.68
19.08333333333333,14.35,8.02
19.33333333333333,10.48333,10.7
15.983333333333333,4.716667,16.68
13.566666666666666,13.38333,8.02
18.95,10.9,5.27
18.966666666666665,110.05389216892812,7.97
23.216666666666665,14.55,14.77
16.35,1.533333,8.36
17.866666666666667,0.3,1.15
15.616666666666667,16.16667,11.49
20.58333333333333,22.93333,17.4
20.3,11.36667,13.57
14.633333333333333,16.13333,9.67
18.45,89.804277451256,5.13
19.183333333333334,17.750161085281995,21.17
21.48333333333333,43.18333,21.47452082207892
16.783333333333335,14.45,17.22
20.25,1.7,5.22
21.28333333333333,12.41667,6.49
18.58333333333333,10.1,6.5
14.333333333333334,41.6,13.9
18.95,11.683039309859408,5.9
15.333333333333334,14.35,26.96355554126948
19.183333333333334,12.36667,29.76
14.7,13.46667,7.33
16.733333333333334,9.566667,4.06
19.683333333333334,7.483333,24.64054675940424
14.9,2.683333,10.18
22.116666666666667,15.25,8.14
17.1,2.216667,56.31077998133376
15.8,8.101282456174586,5.83
18.766666666666666,9.866667,5.62
15.783333333333331,9.266667,6.39
16.316666666666666,9.9,7.14
16.15,17.393263970733045,7.04
19.3,2.766667,2.53
20.33333333333333,23.136632856002496,18.4
12.816666666666666,19.06667,5.19
18.7,4.05,4.3
19.633333333333333,14.93333,18.23
20.55,10.73333,14.04
0.1513743356321342,2.266667,38.56688151810784
22.4,4.1,16.29
19.3,3.1,5.4108530843211335
14.916666666666666,6.716667,11.89
21.25,6.008877036362725,9.77
22.4,3.616667,12.07
19.516666666666666,15.687109027105086,3.95
16.433333333333334,63.611934321253855,15.54
10.583333333333334,1.116667,3.18
16.316666666666666,11.51667,20.577615537804085
15.333333333333334,14.53333,10.69
13.083333333333334,10.9,6.71
20.6,4.044797936308877,35.23
15.8,16.15,4.77
14.2,17.33333,10.64
21.03333333333333,14.06667,21.11
17.133333333333333,14.46667,15.75
19.383333333333333,8.766667,2.32
11.55,12.58333,1.9786685345298611
11.0,15.33333,3.79
20.4,15.40473275877868,7.05
0.24447964222490626,0.6666667,0.56
16.616666666666667,15.138146268742839,3.86
14.85,20.075857274751264,8.67
16.95,13.110787748906738,7.81
21.916666666666668,3.65,1.64
16.433333333333334,21.81667,16.7
4.550000000000001,16.51667,31.67
9.583333333333334,1.016667,1.36
21.98333333333333,3.383333,12.96
17.933333333333334,17.2542716619038,13.06
14.237583325857122,5.5,5.332128247385844
18.816666666666663,3.133333,15.99
15.066666666666666,14.7,12.96
19.566666666666663,15.06667,38.59169295419008
15.1,5.926071483223553,5.63
12.96706336503024,1.183333,3.61
13.866666666666667,11.8,4.06
21.0,10.5,2.53
13.9,13.78333,13.96
18.65,12.53333,7.32
22.35,7.4,6.6
13.083333333333334,4.066667,8.28
12.196467925855055,41.334180756630666,13.25
22.016666666666666,7.616667,10.58
4.416666666666668,16.601630035415955,6.73
22.916666666666668,15.75,14.329880554142873
16.766666666666666,15.7,8.73
18.85,9.633333,14.19
17.7,13.11667,48.62
21.65,12.2,19.31
19.78333333333333,17.89660793598228,21.81
13.183333333333334,1.9,37.11404324506642
20.1,3.95,5.9
14.166666666666666,8.133333,21.192433661019898
21.966666666666665,14.05,20.3
20.83333333333333,40.87162511095053,10.1
17.116666666666667,9.542970533768562,3.31
13.657419562378102,13.41667,4.68
13.4,0.9666667,3.9329849306331015
21.03333333333333,17.031429408231727,11.92
20.28333333333333,15.789792317361352,10.47
21.05,12.8,16.1
15.75,21.91667,5.45
16.516666666666666,4.833333,6.59
16.25,3.55,13.440033505628817
17.533333333333335,11.8,30.97
1.0666666666666664,1.466667,9.420410383066628
20.95,49.051363907196375,26.59
18.266666666666666,14.535818842693358,3.27
21.6,23.31667,42.25609242553124
16.366666666666667,16.033233721461347,6.37
18.4,17.029968998146877,19.4
18.566666666666663,14.816257336095209,8.12
17.416666666666668,7.157443835986328,6.25
17.166666666666668,20.3,36.09905850006733
20.73333333333333,8.933333,24.33
14.833333333333334,11.265636851220131,9.14
18.761813049567962,4.35,5.36
18.216666666666665,5.483333,14.77
16.0,18.379562866075496,9.22
2.1833333333333336,15.09982357526228,7.93
19.28333333333333,19.65,8.117465321747586
4.972039311099316,17.96667,6.88
12.65,13.83333,15.1
14.433333333333334,8.45,4.3
20.65,6.933333,3.73
16.45,14.21667,3.75
17.7,16.65,19.4
16.733333333333334,10.78475167675733,7.75
23.45,9.37281003130137,10.58
11.033333333333331,19.012225852944137,11.14
21.916666666666668,16.68333,44.84
17.233333333333334,16.1,5.06
16.566666666666666,18.26667,12.87
3.383333333333333,69.2996700279489,15.3
5.566666666666666,2.7697915822775,4.1
15.75,10.2,19.44483992213849
20.366666666666667,14.38333,7.27
7.183333333333334,10.796726945302042,4.98
16.916666666666668,18.11667,14.12
15.816666666666666,1.183333,4.37
15.533333333333331,0.8273232658411809,18.55
19.316666666666663,13.35,7.42
15.166666666666666,17.46667,1.29
23.45,7.85,6.52
22.216666666666665,15.16667,26.312233678193298
22.15,1.516667,8.6
16.95,7.033333,23.30043121076189
19.766666666666666,0.8166667,6.54
12.5,21.1,3.29
20.8,0.5333333,1.35
13.483333333333333,21.9,6.29
16.766666666666666,4.775556,13.22
17.95,8.366667,19.576879208413885
21.48333333333333,21.85,22.43
17.116666666666667,16.68333,6.38
17.4,0.5333333,3.51
20.65,1.564537887089613,2.08
16.1821073250035,16.35,4.2140135650723245
3.916666666666668,22.4669677536358,19.84
19.75,20.46667,22.94
12.166666666666666,12.18333,10.36
16.433333333333334,9.666667,4.7
2.6754201357995058,19.08333,25.89390008088434
0.6666666666666679,16.1,35.17056280617602
17.533333333333335,16.61667,8.1
23.466666666666665,17.25,30.883702320000157
18.851656415201433,2.7633019230680027,7.9
17.216666666666665,5.866667,5.84
19.7,4.042866627135172,2.08
2.10134137056642,10.483225984491892,10.17
9.766666666666667,7.168669423534906,5.83
16.6,65.33494182571376,2.57
13.183333333333334,0.4166667,2.421619199682027
17.633333333333333,18.95,11.220291593503207
19.2,9.033333,8.37
21.9,39.89817211406724,21.16
16.833333333333332,7.716667,36.88479877731996
17.333333333333332,4.299781830120406,4.53
13.0,9.568535787999675,4.45
18.866666666666667,3.3,8.12
18.5,4.2468462284935535,17.34
19.33333333333333,0.8666667,2.66
1.4732735557738756,21.46667,18.06
18.933333333333334,31.049963058661138,8.78
17.533333333333335,40.47102456273622,10.25
17.25,11.23333,10.59
15.583333333333334,2.083333,14.61
19.566666666666663,9.833333,10.14
9.35,13.649511985480919,1.59
16.183333333333334,2.883333,1.45
20.116666666666667,8.944591515334233,22.144323339292313
16.030821496450518,2.6555717284450586,21.99
18.48333333333333,2.4,9.12
15.583333333333334,14.06667,7.86
11.95,12.46667,12.93
13.966666666666669,6.516667,2.35
20.633333333333333,4.8,4.17
15.6,0.5104798103720478,3.07
16.416666666666668,18.51667,23.07
20.066666666666663,8.45,5.21
21.316666666666663,13.85,21.66
23.1,6.333333,10.3
20.433333333333334,14.01667,11.45
2.5,15.5,17.06
19.58333333333333,15.93333,5.02
17.8,2.0575354345202883,2.77
19.933333333333334,2.716667,11.28
3.9744074080823353,37.77895299998887,16.36
21.616666666666667,7.958653149576615,11.37
16.583333333333332,22.85483099672091,14.87
10.733333333333333,20.96667,26.68
17.733333333333334,14.71667,1.58
19.0,2.933333,16.235843896304722
19.883333333333333,11.93333,9.46
18.53333333333333,16.578902490550217,19.83
15.433333333333334,0.75,5.69
14.516666666666667,15.329826622114174,9.65
14.466666666666669,13.78333,7.18
17.766666666666666,22.71395184580063,20.87
8.26969569153589,8.444626115807441,8.65
17.0,11.58333,1.94
16.333333333333332,17.66667,10.44
17.45,2.116667,7.04
11.866666666666667,18.828867653442376,4.65
23.28333333333333,7.833333,5.5
23.416666666666668,13.73333,4.68
20.35,20.76667,5.723721838162747
23.616666666666667,18.9,3.43
15.116666666666667,4.283333,5.458136302614585
13.283333333333331,2.056674091621908,7.43
15.966666666666669,20.41667,14.57
21.1,17.86667,9.63
20.366666666666667,15.05,8.78
15.933333333333334,11.43333,5.18
14.933333333333334,3.933333,3.75
12.5,2.1376416484343617,1.57
18.33333333333333,17.61667,9.91
11.9,13.75,13.98
10.55,11.8,4.66
19.166666666666668,2.7,14.23
21.25,9.65,10.58
16.1,11.05,1.56
16.65,3.7,14.79
10.566666666666666,12.43333,26.49508156804135
16.366666666666667,16.13333,2.1802016832400115
17.716666666666665,2.885155316757985,13.22
23.566666666666663,14.727421685088231,22.81
14.033333333333331,13.2,6.44
16.416666666666668,12.0,1.52
17.566666666666666,14.43333,11.12
22.616666666666667,1.232535652492731,12.32
14.75,10.46667,3.52
16.65,9.666667,38.92788511537947
19.05,20.75,8.14
16.583333333333332,48.51667,12.187218171826098
9.366666666666667,6.55,2.6
4.350000000000001,14.31667,14.16
20.883333333333333,6.3854311623566415,3.46
21.902114737147834,12.01667,11.28
17.15,4.183333,20.42
12.65,14.18333,19.473113282544073
20.65,17.88333,19.89
17.2,14.68333,11.49
23.85,11.33333,8.72
23.28333333333333,11.78333,27.235933315604925
15.833333333333334,17.71667,1.9871198796364478
15.216666666666669,19.61667,7.97
14.55,2.933333,6.69
17.2,11.68333,3.02
17.316666666666666,23.569214501060205,9.94
23.259808484444026,10.28333,9.57940538150724
22.518690553602937,41.59723665517458,21.84
19.816666666666663,89.75128846020452,10.84
17.683333333333334,4.65,11.22
3.633333333333333,12.0,28.55
1.0666666666666664,21.31667,8.14
7.70339302552311,0.45,11.910981428064407
16.65,1.316667,8.73
18.166666666666668,17.05,10.68
0.9833333333333343,30.9,7.62
17.916666666666668,0.8851761923403461,1.72
22.03333333333333,10.8,8.51
18.48333333333333,15.533518460325844,4.73
18.1,44.10969861850283,6.15
20.716666666666665,2.033333,11.22
17.65,9.745359013324652,9.5
11.483333333333333,13.43379163485758,8.56
16.466666666666665,8.883333,7.77
0.632016704448322,15.38333,39.14466453991365
21.73333333333333,16.55,14.72
10.733333333333333,23.3,13.86
16.7,19.73333,5.18
20.016666666666666,13.93333,3.03
21.8,17.76667,7.47
20.1,20.05,45.206077761664055
18.5,14.91667,6.61
20.116666666666667,1.1,1.7
16.316666666666666,21.6,3.73
15.45,33.927453332692075,13.81
19.266666666666666,0.4526230087461945,1.84
13.816666666666666,7.110556181951923,7.97
0.7833333333333314,39.45881989498435,17.513850025222638
19.133333333333333,17.85,8.9
20.65,19.3,14.54
14.166666666666666,11.75,9.5
20.0,5.233333,25.33
18.366666666666667,20.78333,12.43
13.5,0.7333333,2.56
14.75,3.666667,11.15
15.483333333333333,30.36667,9.3
4.083333333333332,15.13333,71.04429335458437
16.783333333333335,13.16638036946475,4.1
21.78333333333333,4.066667,8.8
17.166666666666668,1.8042663380029051,33.6614513788512
14.733333333333333,5.55,5.5
16.166666666666668,1.4,4.26
17.25,3.883333,18.74
14.35,10.21667,5.4
19.683333333333334,14.78333,60.06598558849655
14.8,11.76667,9.39
18.78333333333333,15.67904266482684,16.21
15.216666666666669,5.021765734559812,4.33
19.2,14.93333,11.03
15.933333333333334,1.05,4.42
21.8,9.523205798097358,12.08
18.3,0.6508155637198716,2.75
6.0,0.3833333,7.31
21.1,2.483333,6.85834833786008
18.9,20.48323851746211,16.36
14.55,0.7333333,6.32
15.666666666666666,1.516667,16.822494385209865
20.0,38.77294209760338,3.91
3.7166666666666686,13.48333,15.77
15.933333333333334,8.084900317531499,12.411236916338094
18.65,114.42326319300986,4.66
21.2,10.01667,5.92
14.9,19.73333,5.84
20.8,8.983333,11.61
16.333333333333332,9.666667,5.18
15.016666666666667,2.15,4.95
20.2,8.683333,11.93
14.566666666666666,14.75,6.47
16.95,33.98082580507959,49.22
17.516666666666666,20.31667,15.29
18.383333333333333,5.585220820571783,6.531623275526799
2.2333333333333343,2.009314305353177,5.0
17.133333333333333,14.0,53.380525792182894
22.883333333333333,14.68333,4.75
13.533333333333331,11.38333,4.19
14.683333333333334,5.847674395271368,10.75
14.25,0.5833333,2.03
20.05,15.734519394036019,7.78
13.566666666666666,4.25,4.29
0.05000000000000071,5.282371647770626,6.5
11.25,18.36667,40.41
19.33333333333333,5.433333,7.15
22.966666666666665,1.9,9.54
17.116666666666667,8.416667,11.64
16.3,7.333333,4.98
21.53333333333333,9.516667,18.77
12.25,3.464821437787461,14.19776185355149
19.75,21.15,5.83
3.383333333333333,12.21667,14.23
19.23333333333333,4.769699704766412,3.29
20.766666666666666,9.983333,14.98
21.566666666666663,15.7,45.89919257268775
17.6,2.116667,3.39
16.2,11.161478903225849,1.33
22.5,14.91667,15.86
14.583333333333334,64.91949752614273,15.5
17.916666666666668,1.25,1.0
15.75,1.6,3.41
14.816666666666666,0.4,1.8
15.883333333333333,22.348747388187366,10.65
21.183333333333334,1.516667,2.27
10.716666666666669,10.08333,4.29
22.33333333333333,21.91667,17.105345054538923
13.7,9.4,8.46
16.683333333333334,11.96667,13.31
18.183333333333334,16.659847716214347,32.4224260377232
12.3,4.3389519121794375,6.37
17.066666666666666,11.83333,7.68
21.45,10.1,30.211051907257644
17.016666666666666,14.61667,7.01
17.666666666666668,2.016667,2.99
16.266666666666666,8.633333,8.61
13.416666666666666,1.433333,3.142973746594507
15.866666666666667,14.23333,4.61
0.8333333333333321,2.866667,11.936801272570156
23.705572688008637,17.2741763023699,37.124744223849845
21.15,14.209621362089177,4.35
11.983333333333333,8.1,7.06
16.25,13.51667,12.54
19.65,15.15,19.56
16.766666666666666,10.022040755590018,11.93
21.08333333333333,10.01667,5.13
3.7333333333333343,51.43333,14.42
16.8,9.25,28.090852113985456
18.4,38.85,10.49
19.8,1.6826743345190431,6.16
18.433333333333334,22.75,39.17
16.383333333333333,10.862090744964084,19.68
18.016666666666666,1.983333,2.96
13.1,1.35,6.26
11.583333333333334,6.916667,13.71
23.55,16.0,17.411391037311404
17.783333333333335,11.11667,6.86
16.733333333333334,16.966824471878176,16.77
21.4,14.31667,5.82
15.333333333333334,2.583333,4.49
18.466666666666665,9.966667,12.72
15.216666666666669,21.51667,8.51
1.2833333333333314,11.6681647412977,5.66
20.2,14.73333,15.52
14.683333333333334,15.335379321793269,9.27
23.066666666666663,11.21667,13.41
12.6,3.3,4.17
17.816666666666666,1.316667,4.91
20.366666666666667,19.7,26.986188572058452
7.833333333333333,1.883333,15.77
16.766666666666666,19.75,11.4
17.65,13.68333,11.83
14.65,1.283333,0.97
15.166666666666666,17.55,6.69
11.95,3.5999549431008906,3.55
22.35,2.133333,7.3
9.466666666666669,16.054837082785028,9.77
7.697253704666219,6.699446077376545,5.07
15.75,4.922178890099976,4.18
19.971215986430856,2.283333,20.041372812078336
17.733333333333334,3.6,11.71
17.266666666666666,51.12349610217213,29.77
3.0166666666666657,15.2,4.82
12.333333333333334,21.2,1.749793819996994
21.316666666666663,26.26838167539087,4.58
14.911708420741585,13.41667,8.73
16.716666666666665,0.95,1.41
12.4,0.6833333,1.96
19.22697376368596,2.666667,5.92
19.25,13.71667,25.07521471312735
23.383333333333333,1.453729942534581,3.01
15.416666666666666,15.65,7.24
11.583333333333334,18.79569111985228,8.74
16.333333333333332,3.533333,18.36
22.716666666666665,16.333595567248796,6.54
10.95,15.88333,28.574313449505716
19.23333333333333,18.11667,10.46
12.65,1.266667,10.69
17.016666666666666,0.7666667,3.52
14.75,19.2,12.15
14.783333333333331,15.691725234157344,5.39
22.066666666666663,14.36667,6.32
20.116666666666667,16.65,5.83
14.116666666666667,18.56667,23.53
2.917940285422084,16.2,14.86
23.016666666666666,10.384194514392151,4.79
17.6,20.060535004654394,4.76
14.85,17.972954809159184,7.396741112640593
17.75,2.006487689853393,12.21
18.65,14.35453159433137,16.295455210315996
18.08333333333333,14.51667,10.07
18.52620274962149,0.25,4.2
11.85,7.35,34.780561671699395
17.05,1.45,4.51
20.08333333333333,1.066667,4.12
15.5,26.91667,41.28876426236471
1.4666666666666686,21.645858998558655,9.46
20.883333333333333,9.083333,2.0
20.9,3.183333,5.95
13.25,14.76667,6.8
18.83333333333333,14.65,8.13
17.566666666666666,40.36667,19.48
18.58333333333333,15.173181213203296,11.4
18.98333333333333,0.4089571714902841,1.49
18.116666666666667,0.9833333,6.8
8.520877425237268,0.4666667,23.65
18.78333333333333,0.35,1.0
21.383333333333333,14.0,8.33
10.483333333333333,8.716667,5.75
20.4,13.23350303490369,12.29
13.716666666666669,3.4652507521206535,13.79
20.73333333333333,0.55,10.55
23.596981714498543,19.53714712244681,8.52
20.816666666666663,2.4,5.25
15.35,9.764554366074993,5.11
19.53333333333333,19.01667,16.22
14.95,18.05,10.41
19.966666666666665,0.3263810907531301,0.79
16.783333333333335,16.03333,5.3
16.85,15.18333,17.43
12.2,15.73333,7.99
8.833333333333334,0.9833333,5.54
18.28333333333333,12.06667,13.1
14.566666666666666,1.25,2.36
5.100000000000001,18.362345240559172,22.82
19.15,0.8,1.56
16.516666666666666,4.300252979754745,7.27
2.6833333333333336,14.45,11.17
15.566666666666666,1.833333,4.66
21.916666666666668,23.6,17.550185587534216
19.75,2.6848022607116104,2.8
17.483333333333334,15.0,40.63765959830023
17.566666666666666,10.56667,12.28
11.233333333333333,16.34794697203503,1.88
20.316666666666663,19.47111597963714,7.62
2.0333333333333314,26.149281672711343,6.81
15.983333333333333,25.0,17.45
17.65,8.875573037746763,6.14
18.966666666666665,13.11667,28.376687962231227
17.733333333333334,12.848437520256429,4.69
16.95,5.45,4.13
13.566666666666666,14.03333,5.47
22.55,22.01731949442017,17.04
12.183333333333334,14.2,4.5
21.35,15.83333,8.6
16.416666666666668,19.08333,4.95
1.3999999999999986,1.183333,10.79
18.05,1.5600920401601506,20.48
18.05,8.55,6.3
0.6166666666666671,20.13333,9.35
20.916666666666668,3.65,23.16659480048809
19.3,12.050666508156302,13.02
18.5,15.83333,15.88
15.05,18.26667,27.998924412962516
14.183333333333334,14.549925612712283,12.3
19.766666666666666,1.9189691555272086,3.79
13.9,13.56667,25.08
23.23333333333333,14.15,4.29
13.566666666666666,19.709192287219626,6.38
17.05,5.166667,3.67
21.85400530179662,10.648453002110127,38.37
15.083333333333334,17.7,6.1
1.3999999999999986,5.266667,14.434655677329284
10.633333333333333,1.6691510627039385,12.88
14.216666666666669,1.583333,3.24
11.7,2.916667,8.48
4.183333333333334,13.05961271818673,23.43
14.233333333333333,3.416667,5.1
16.616666666666667,22.53333,17.02
16.533333333333335,14.76667,4.9
17.116666666666667,7.65,8.58
15.633333333333333,11.75,19.75
18.816666666666663,12.25,12.16
23.53333333333333,2.716667,19.96
18.0,20.68333,18.14
22.0,15.23333,8.47
9.7,1.2,4.64
19.183333333333334,19.55,27.536931114336475
11.833333333333334,12.516733610778592,5.78
1.939663990545764,17.06667,17.87
16.4,21.251900619364303,6.69
18.433333333333334,11.500269415196207,6.21
15.333333333333334,2.65,3.84
2.6999999999999993,17.46667,42.4658098868886
15.166666666666666,3.666667,5.17
15.3,1.516667,13.75
16.366666666666667,14.68333,13.23
17.083333333333332,6.766667,7.24
4.383333333333333,23.39467193575922,7.07
20.08333333333333,14.33333,8.78
15.066666666666666,23.39787639430911,16.770997589991893
13.283333333333331,7.533333,29.554069724003785
3.7333333333333343,12.23333,33.29
16.95,24.13333,15.54
17.733333333333334,16.68333,4.63
18.0,1.85,11.74
16.166666666666668,4.916667,14.08
18.85,4.316667,4.36
19.416666666666668,17.66329712056207,12.92
19.366666666666667,1.066667,8.69
22.633333333333333,3.083333,12.53
16.066666666666666,18.55,4.89
12.866666666666667,42.83609153891788,13.87
15.8,17.23333,2.96
20.633333333333333,10.074379389673572,8.99
14.8,15.15,9.605721629466862
2.6152315522451914,61.480134029647864,5.31
12.583333333333334,9.15,6.25
15.883333333333333,22.37802750438023,16.32
20.33333333333333,10.05,13.63611126651289
21.883333333333333,1.666667,23.3
14.616666666666667,1.45,2.3545997929340228
15.533333333333331,1.683333,5.4058571442496035
23.266666666666666,14.78333,7.81
21.15,2.449791461268914,7.85
21.766666666666666,15.78333,50.469492612411265
13.766666666666667,14.7,1.81
15.95,6.383333,5.97
23.383333333333333,14.734146150518912,7.8
15.616666666666667,15.93333,6.66
18.97936403129667,15.0,7.0
20.966666666666665,16.327310582096565,20.052383234130684
20.05,7.116667,15.08
14.116666666666667,2.264622125488808,7.31
16.816666666666666,7.233333,6.28
15.516666666666667,17.35803590662108,5.124446757028345
22.73333333333333,24.532063290369376,7.0
21.183333333333334,20.86667,6.55
20.666666666666668,11.18333,16.7
22.166666666666668,12.6,8.78
16.066666666666666,1.600315306042728,3.95
21.716666666666665,3.083333,1.6781139674363656
8.483333333333333,7.683333,6.76
7.566666666666666,1.8,2.404004369138274
19.5,23.33333,37.03118223296944
0.38333333333333286,0.7751183041996441,1.8
19.55,15.33333,5.78
17.183333333333334,17.85,4.67
20.75,8.45,6.1
20.08333333333333,66.73547331302883,13.25
18.51990758709192,0.5,3.68
10.766666666666667,11.45795850713768,6.93
23.366666666666667,19.56667,13.850050780929159
9.05,2.219939948045366,1.23
17.233333333333334,7.983333,13.88
22.183333333333334,15.3,7.87
22.35,51.5698622836138,4.89
22.7,15.16667,10.33
15.966666666666669,17.05,10.958772789030336
14.35,10.76667,24.135456045048777
20.78333333333333,6.926979156795413,10.63
20.53333333333333,29.654147028415483,55.83327325404622
18.03333333333333,14.07477804411042,19.54
21.48333333333333,93.57857137432401,22.65
22.75,18.61667,15.3
13.4,21.61667,21.45
15.75,16.15,7.54
21.8,18.44004797548935,28.81583783761831
22.316666666666663,0.3364259445167824,1.49
12.233333333333333,0.3,1.25
16.233333333333334,13.18333,28.74
22.666666666666668,9.266667,8.23
18.78333333333333,14.93333,35.990378515012566
16.033333333333335,17.18333,8.01
16.833333333333332,9.533333,2.7
10.533333333333331,3.05,7.51
16.48556248299574,17.650118973439223,19.08
18.58333333333333,14.0,2.2
18.966666666666665,3.85,46.51
14.933333333333334,7.6,5.49
15.233333333333333,14.23333,12.58
6.366666666666666,0.3166667,0.72
22.933333333333334,8.2,29.842206223413815
9.583333333333334,2.766667,4.99
0.9833333333333343,10.123720669057175,19.41
16.0,3.5032963906193593,11.63
16.766666666666666,15.1,37.54057814869797
23.133333333333333,4.666667,6.17
22.183333333333334,7.033333,3.97
18.58333333333333,3.0,35.960387261081486
20.516666666666666,17.93545621993706,22.462917929193935
16.25,16.35,8.12
17.95,3.616667,5.26
20.35,16.23333,53.06065735079348
17.883333333333333,0.8666667,3.76807630561525
3.3947753221422303,15.43333,9.57
12.333333333333334,8.333333,9.27
20.216666666666665,19.553291572457244,5.66
17.683333333333334,17.65,3.8
19.816666666666663,19.288919845894558,9.62
19.6296147747591,15.88333,5.92
19.33333333333333,2.009781756339585,16.17
16.883333333333333,8.533333,5.01
21.3,9.55,50.61378022731282
11.71956985982203,13.86667,5.65
15.75,62.66667,5.458301901766099
21.98333333333333,1.366667,11.8
23.566666666666663,0.79,2.32
20.23333333333333,1.883333,8.5
21.53333333333333,4.883333,6.84
15.65,2.0547881991569636,25.99
15.35,7.897181622699288,2.22
14.05,12.56667,14.226728972042912
21.78333333333333,1.5,1.1348669635201802
20.516666666666666,15.08333,8.04
19.55,13.65,5.78
10.9,10.23333,11.6
21.58333333333333,8.829432302579644,6.92
19.183333333333334,17.18333,15.0
22.4,9.65,12.89
19.95,13.81667,13.21
21.45,2.7188442290809243,3.99
12.716666666666669,15.41667,29.04
14.333333333333334,34.542766198672744,11.12
16.875820797850125,6.55,10.14
15.75,2.483333,10.25
23.116666666666667,2.1757168475384456,3.09
22.6,16.35,4.34
21.966666666666665,28.55,13.51
17.5,14.25,60.331135016428306
11.583333333333334,1.983333,2.31
17.516666666666666,11.53333,4.77
16.55,13.31667,13.62
18.53333333333333,1.583333,3.6
14.433333333333334,18.56667,9.37277914212318
22.45,18.064273510574516,6.49
23.48333333333333,2.516667,5.45
23.45,10.01667,16.57
22.616666666666667,45.856149921832206,56.09178759563714
15.733333333333333,17.81667,5.61
19.55,7.95,11.05
1.8333333333333321,13.072766714539238,6.35
16.45,7.934402060220643,13.22
22.266666666666666,14.76667,16.02
21.766666666666666,23.21667,27.1
13.816666666666666,3.083333,5.429399983237963
1.0500000000000007,1.266667,38.671019341207575
17.436135360822178,0.65,3.55
16.031368850696893,15.784691265018386,14.26
10.266666666666667,0.2235565440279697,1.09
14.6,14.15,6.98
23.2,14.15,19.94
23.28333333333333,18.23181376313433,11.65
19.73333333333333,0.9833333,17.16
4.033333333333331,14.43583105861143,6.39
20.916666666666668,2.283333,2.82
16.25,16.13333,7.06
15.716666666666669,11.9,21.09
15.99019582648519,22.280598036954963,12.73
0.3999999999999986,4.466667,6.04
22.433333333333334,13.357408510228392,23.79
20.666666666666668,0.7,6.11
3.1499999999999986,12.43333,14.75
20.716666666666665,2.316667,40.852476307067555
9.783333333333331,7.03613960193187,11.53
21.633333333333333,12.8,4.77
19.83333333333333,5.133333,11.47
22.466666666666665,18.11892349194179,6.48
11.533333333333331,17.033504902824404,10.58
22.866666666666667,29.05,18.23
19.6,4.366667,3.49
18.366666666666667,0.8767405793351969,4.27
16.983333333333334,16.46667,6.42
16.25,2.55,5.61
10.3,40.807999307281,5.21
12.066666666666666,0.6163670881687078,9.15
20.916666666666668,14.41667,45.96130143284565
18.216666666666665,17.06667,22.362968683235813
23.15,10.165518133020921,35.26
19.98333333333333,20.99820283002234,19.49
2.2333333333333343,18.91667,15.57
19.416666666666668,11.06667,4.42
15.533333333333331,21.4,3.3
19.566666666666663,10.4,10.42309134640731
14.9,21.110152991066695,23.34
20.03333333333333,16.43333,12.68
18.2,24.78333,11.71
0.21666666666666856,21.43333,5.48
15.733333333333333,10.787441588320617,8.34
20.35,14.31667,24.12
16.05,18.4,9.71
14.15,0.2,11.97
17.266666666666666,1.7177293832339835,2.49
11.880442950666474,14.66667,9.19
12.55,11.0,8.34
17.033333333333335,1.4,17.99882778694853
17.866666666666667,10.43333,3.77
22.366666666666667,12.76667,15.31
17.066666666666666,8.616667,7.47
13.816666666666666,2.016667,1.67
22.08333333333333,14.91667,9.76
16.783333333333335,2.633333,6.32
16.066666666666666,10.28333,14.7
1.9666666666666686,14.76667,35.37784854391124
17.566666666666666,2.0332893231181597,6.98
0.41666666666666785,13.66667,8.13
4.050000000000001,1.7,13.99
19.28333333333333,15.0,9.39
13.116666666666667,10.73333,5.47
20.616666666666667,96.39257937496119,12.55
22.48333333333333,3.51779885118183,5.16
19.3,16.16667,11.04
22.6,38.53333,26.13
7.916666666666667,15.075872391917114,40.12109500133898
21.85,10.98333,19.59
18.05,7.5630657667962975,7.62
16.3,17.06667,12.98
23.183333333333334,15.06667,18.77
15.016666666666667,1.366667,11.15
15.316666666666666,16.1,11.21
8.25,2.2374836480424802,1.69
20.166666666666668,38.25,9.47
14.733333333333333,15.46667,14.037180135357193
16.183333333333334,19.55,15.092313963803463
17.75,16.65,10.86
21.4,9.695813864390518,17.49
20.816666666666663,39.21667,10.7
18.966666666666665,10.870868364379337,8.68
20.683333333333334,12.86667,14.0
20.73333333333333,3.25,22.684785626878263
0.25,11.33333,6.23
18.036908569380465,3.55,4.29
21.73333333333333,21.91667,43.719986679141876
19.516666666666666,7.767034217606504,5.97
12.2,3.35,2.18
20.266666666666666,9.583333,18.48
18.816666666666663,8.941907833125443,16.61
14.666666666666666,9.133333,5.6
17.333333333333332,2.368448593570698,5.12
12.75,8.566667,7.84
16.9,2.94988379108369,8.91
0.177890381951876,59.45433041930193,19.160910203268287
18.03333333333333,1.8961669693209802,23.78067045526346
16.25,23.13333,9.56
18.1,13.924022337187784,16.32
16.433333333333334,9.048914005713915,6.79
19.416666666666668,5.966667,37.197680396910286
3.9333333333333336,1.283333,8.69
23.0,3.166667,7.14
16.683333333333334,11.43333,8.17
16.533333333333335,10.56667,26.91
18.433333333333334,35.968511159332145,11.75
14.466666666666669,18.63333,7.89
16.716666666666665,4.266667,5.34
21.216666666666665,4.066667,4.53
16.7,14.41156638976036,8.23
20.0,22.58333,10.72
11.231216320346478,14.95,6.28
12.933333333333334,0.4833333,4.29
18.266666666666666,3.616667,22.815250378132333
14.266666666666667,16.93333,8.13
16.7,10.086788545454343,66.43808449163102
21.6,13.23333,9.96
11.65,13.71667,8.42
15.333333333333334,2.016667,11.55
17.083333333333332,15.279770469284205,12.52
11.081211901235413,0.4,0.85
14.933380590424349,14.71667,44.52961272736546
13.666666666666666,20.60824768150931,7.42
14.166666666666666,23.21667,8.5
19.85,81.45485261811909,48.040937112639654
21.166666666666668,10.01667,12.85
16.966666666666665,2.2719946166261553,2.69
16.533333333333335,5.466667,26.91
14.416666666666666,94.23997191337801,4.88
18.95,86.34689041445965,1.92
13.566666666666666,3.3345965587195976,14.96
14.366666666666667,2.666667,9.91
16.233333333333334,10.58333,4.26
17.433333333333334,11.26632303181329,11.53
19.816666666666663,14.5,1.99
17.2,10.58333,4.072590935374611
19.566666666666663,21.46667,7.17
17.133333333333333,2.497222,18.87
16.733333333333334,0.15,0.55
20.516666666666666,9.286076843063425,6.53
23.3,13.81667,22.42041699425783
10.383333333333333,2.15,6.12
17.566666666666666,7.666667,11.48
15.75,1.433333,3.09
18.466666666666665,16.78388746952213,10.08
20.48333333333333,2.126481874717008,6.31
4.433333333333334,26.992676309686768,8.12
21.266666666666666,20.5,47.15255757682491
19.0,7.55,13.84
17.683333333333334,13.36667,39.049017452888656
16.616666666666667,15.743483381140809,23.9
16.416666666666668,12.092870882610661,7.2
22.5,25.18333,23.79
20.166666666666668,7.9,10.99
17.1,4.666667,11.07
10.183977896940874,4.269212355821148,11.37
21.416666666666668,6.9,2.3326985686970874
15.2,11.8,5.0
16.483333333333334,13.31667,10.19
13.483333333333333,9.046830419281994,10.61
12.0,0.5666667,6.53
20.066666666666663,1.55,2.11
22.0,0.6833333,0.76
15.45,0.708607311862476,2.89
22.516666666666666,11.4,9.64
17.0,16.925492126241654,6.86
13.55,8.633333,2.36
22.066666666666663,6.983333,26.321333260932008
22.08333333333333,43.983484049139925,10.29
15.433333333333334,2.266667,15.9
10.1,9.483333,6.58
13.866666666666667,0.2517811564618154,4.32
21.366666666666667,11.56667,16.29
16.833333333333332,2.783333,4.39
19.7,8.092159913805066,23.67
16.433333333333334,0.1833333,0.87
8.033333333333333,1.3,2.62
16.016666666666666,14.93333,7.18
2.328856459827996,12.8,6.69
22.166666666666668,0.3333333,3.79
13.933333333333334,14.23333,7.23
11.633333333333333,0.2256506138398539,0.57
0.41666666666666785,10.635069859368688,10.089146651031914
21.250485921621536,24.426767771891402,10.78
23.079208089742554,3.166667,1.99
16.7,13.06667,15.86
14.45,0.5268055831618768,1.63
13.483333333333333,8.666667,14.67
17.416666666666668,42.849307360034096,31.4
14.583333333333334,11.53333,7.47
17.32185896949231,14.88333,9.04
16.3,14.55,14.86
17.05,1.733333,3.28
20.45,16.2,12.79
0.0,19.78333,53.79268518636003
23.1,12.38333,3.98
16.116666666666667,16.55,4.52
16.283333333333335,13.23333,6.8
0.47558622852811894,28.445468611513256,21.73
16.016666666666666,13.45,5.6
17.266666666666666,14.5,12.17
3.8500000000000014,67.41956604895078,6.43
17.933333333333334,3.196752451508903,34.17572396641364
14.566666666666666,1.616667,4.46
18.4,13.130111953368433,22.435550672323444
15.15,12.55,1.8
18.566666666666663,13.91667,7.41
20.78333333333333,13.220674872672905,15.29
1.5166666666666657,13.85,8.88
8.533333333333333,14.48333,10.920958227692172
14.333333333333334,5.066667,5.93
19.7,12.95,13.110968930530362
1.7666666666666657,40.243837334351625,31.74374497892335
19.216666666666665,10.98333,13.24
15.9,11.63333,3.95
19.4,33.40162315755565,18.53
21.45,67.27882320226091,22.47
4.433333333333334,14.81667,7.28
16.983333333333334,6.8,18.77
23.633333333333333,18.44944677860596,12.37
16.15,2.682615423918598,0.81
22.633333333333333,13.65,1.71
0.03333333333333144,21.61667,16.57
17.683333333333334,1.9166256186057897,25.83
18.866666666666667,0.7897833259578565,1.52
21.78333333333333,22.36667,13.96
18.316666666666663,17.45,3.1
8.866666666666667,12.58333,2.76
19.58333333333333,12.53333,33.35378727510571
17.45,22.88333,9.26
15.416666666666666,13.097313079323014,12.56
1.1666666666666679,39.55215115901741,38.544907499577384
15.45,11.1,2.66
5.675879281280505,16.45154802385573,6.93
22.683333333333334,16.71667,53.07015909528359
21.272813738976158,12.41667,7.96
20.33333333333333,17.528681823673328,19.21
22.95,8.616667,10.56
20.816666666666663,21.15,29.48
23.33333333333333,11.56667,4.03
18.266666666666666,23.58333,20.32
22.53333333333333,12.88333,11.25
15.4,9.233333,7.4
21.28333333333333,14.890277039115723,14.05
16.933333333333334,16.45,9.22
15.65,17.21667,6.42
18.5,11.2,12.58
20.73333333333333,15.6,24.167202080311256
15.6,2.983333,4.56
0.6833333333333336,14.16667,10.32
17.366666666666667,18.08333,17.17
19.266666666666666,9.836318720593084,26.006513853452635
11.916666666666666,12.450516306646575,6.94
15.75,0.9833333,1.79
19.516666666666666,3.669654004958377,6.58
6.9,0.4333333,1.6
17.816666666666666,15.28333,5.37
19.516666666666666,11.08333,7.2
12.733333333333333,62.956605847028236,6.46
2.0333333333333314,11.81667,30.455682632676325
18.05,14.88333,7.97
22.2019692425456,87.0469394425294,7.12
12.666666666666666,12.1,4.67
14.566666666666666,17.499232160175545,17.471165504732635
16.483333333333334,15.66667,43.34650021443377
15.866666666666667,11.914969290961709,11.585522332754918
16.183333333333334,18.91667,6.99
13.433333333333334,7.466667,23.685499186811505
15.7,13.645384540707651,48.41542297507404
20.966666666666665,4.812729355030736,11.0
21.216666666666665,3.933333,29.51
1.3999999999999986,9.933333,5.66
22.03333333333333,13.98333,13.53
16.6,5.216667,3.8
22.266666666666666,12.34905593929886,8.07
14.166666666666666,12.632965986557565,11.78
19.95,6.7,2.61
12.3,13.88333,12.22
17.666666666666668,50.95,8.19
19.03333333333333,51.852055336740015,25.70568412953289
20.5,9.2,17.35
16.566666666666666,23.71667,10.19
20.25,12.1,13.7
17.05,15.43333,5.32
18.33333333333333,12.83333,4.35
15.516666666666667,10.41667,2.67
20.133333333333333,12.78407730118058,27.26
17.383333333333333,40.36667,9.7
13.216666666666669,4.949569090095602,21.14
16.1,9.333333,14.189113865445833
15.45,1.05,2.84
3.866666666666667,29.840585169932613,4.91
21.85,13.35,25.6568742395984
15.693274369629702,11.20001512364453,5.42
15.483333333333333,36.75964222097212,4.85
22.0,20.76667,15.52
19.53333333333333,2.983333,4.02
16.266666666666666,2.783333,14.77
3.5166666666666657,13.48333,8.36
14.783333333333331,15.25,18.71
18.75,11.343787956323633,8.05
22.766666666666666,14.13333,5.37
16.183333333333334,9.533333,3.85
14.533333333333331,14.28333,5.84
8.85757700799877,22.743184916754117,5.7
19.15,14.05,18.41
17.216666666666665,2.816667,3.31
10.833333333333334,10.01667,6.41
14.533333333333331,20.46667,7.96
14.776698588238892,1.383333,2.59
