arrival_hour,duration_h,energy_kwh
9.816666666666666,3.2,16.45952982713711
17.883333333333333,12.236589462012004,59.85819302604199
17.627980295826063,3.5166666666666666,25.0
12.2,2.75,11.408574682947165
23.079341488409572,10.866666666666667,52.16089922080411
15.564173665016389,2.933333333333333,18.525683017022004
17.320649766283285,1.8833333333333333,10.38
17.966666666666665,2.566666666666667,12.16605042938037
18.016666666666666,3.333333333333333,9.894987107003592
15.95,3.1,18.22210539021251
19.216666666666665,1.8,9.7
18.9,2.4,44.199172312193745
18.55,1.15,4.07
18.966666666666665,2.45,10.4
6.728204225763557,1.4861123443982631,5.71
6.584307857756363,0.31924319392691763,1.7904340525011262
20.53333333333333,3.183333333333333,11.77
18.316666666666663,6.682597811946744,21.8
15.641730675368445,1.5166666666666666,8.099811722871276
16.533333333333335,1.4666666666666666,13.062813081400765
6.788192628627756,0.5333333333333333,4.600862766323903
19.3,2.466666666666667,14.72
2.0202903098316316,1.7166666666666666,3.9
12.083333333333334,2.45,21.5
14.24619695140118,3.333333333333333,12.77
19.374154908128503,3.333333333333333,34.06855467430187
18.916666666666668,3.3,19.640153394556286
6.548589396266216,2.9833333333333334,16.140444836003457
19.7,6.116666666666666,19.8
11.753560498929975,1.3833333333333333,10.18
23.116666666666667,9.0,44.1
16.25,3.6166666666666663,13.6
18.0,1.7333333333333334,12.910488453182113
19.55,2.3666666666666667,17.1
0.8,1.8166666666666669,11.4264177359646
17.283333333333335,2.7333333333333334,16.2703754968063
18.45,6.2605789920742225,38.7
15.716666666666669,2.566666666666667,13.048525156991246
20.558891775358823,4.231892448900983,21.8
16.61364303893199,1.75,14.1
18.6,2.9,20.510332672748852
22.92965847869569,2.283333333333333,8.312074792426314
0.47241039785300154,1.85,9.63
17.516666666666666,1.3,6.69
20.400438095311518,3.5,23.204587034893585
15.383333333333333,1.3333333333333333,9.7
17.566666666666666,2.4166666666666665,10.625776200689673
11.140843946608047,2.5,13.284612493686783
20.0,5.625203664237415,29.79
17.516666666666666,1.8166666666666669,12.78
20.366666666666667,7.616666666666666,44.19455983131325
19.3,1.75,16.4
16.80660590586428,3.1666666666666665,17.28
9.745457172110976,6.038908925047227,32.55997362511036
16.94604090578942,6.866666666666666,21.658476743431546
21.98333333333333,4.404738089390359,18.6
13.816666666666666,2.65,17.190281974328705
17.583333333333332,6.414893189005564,37.2
5.516666666666667,0.5,2.277817256660456
15.410625026565754,7.333333333333333,17.131794891263112
0.30178841230389347,1.6666666666666667,16.3
12.833333333333334,1.8,19.2
15.1,1.0666666666666669,10.34
11.783333333333331,1.95,10.71
20.75,2.9166666666666665,9.215929218253002
23.227473741660287,0.2,0.6050016712569004
12.25,5.833333333333333,35.2
8.95,2.3666666666666667,4.627036190631441
17.666666666666668,3.5,23.2
13.010262885937799,2.816666666666667,9.433950551286653
9.771503134909093,0.6811312210037812,3.2481937149776012
18.516666666666666,5.516666666666667,12.178920053062656
10.916666666666666,1.0,6.7829738493811496
19.386003717800385,1.2333333333333334,6.84129699390378
17.3,2.9,16.45302810980316
21.884020981170018,0.2,3.32
10.333333333333334,4.45,27.5
16.7,2.9409820817218737,16.41136978776332
16.544994543420948,1.6166666666666667,4.272717496081127
15.9755280607878,3.5,14.02604522938238
17.716666666666665,5.066666666666666,22.3
18.379418660774967,10.73685415461955,59.57549294397358
17.383333333333333,9.528350602843162,54.344841932712576
18.53333333333333,0.7333333333333333,6.368153125307858
9.975787231968887,9.0,19.46
12.25,1.3,10.89483906254507
6.916666666666667,0.1638780624098758,1.4876020491503372
18.7,0.9,5.68
18.616666666666667,1.1833333333333331,5.793384644366277
19.216666666666665,1.0,3.7617872200560614
6.063614260306884,0.6666666666666666,7.0
18.48333333333333,2.35,15.13
17.587467440544224,6.133333333333334,40.3
18.05,10.089139818260097,49.29622065795409
19.963335003288723,2.7,12.5
17.55,2.5,10.84
18.6,1.6666666666666667,6.513093609860655
19.565351266577828,4.32230752580975,18.1
19.115868936062498,5.833333333333333,25.730870692376882
22.85,12.655363484800857,59.457298379286655
17.883333333333333,3.3512630873778373,19.008578615698198
8.816666666666666,2.316666666666667,34.28498667411536
19.366666666666667,3.4,22.1
21.016666666666666,1.3786055449889565,9.47
18.23333333333333,1.6833333333333331,10.276998087051878
18.55,0.7166666666666667,7.56742280635709
18.183333333333334,3.333333333333333,20.78535523011063
15.016666666666667,1.796420337743507,4.637014518761965
21.22470385968817,4.866738662482036,19.88
17.416666666666668,5.583333333333333,16.908439462500166
20.55,4.229357521599794,20.9
15.95,0.85,4.4414189932429835
15.474463259577412,1.5666666666666669,6.219306915343233
10.047657420328928,2.066666666666667,10.456467963443732
16.383333333333333,2.033333333333333,33.75735580673863
22.97535142918466,10.433333333333334,54.98143969649482
18.116666666666667,3.5,8.05
20.566666666666663,1.5333333333333334,1.9025165325051518
23.516666666666666,5.75,45.98138975414918
17.316666666666666,3.5166666666666666,47.6
1.2851632674992282,8.857858629848321,25.0
18.45,3.8666666666666663,10.58
8.945066858490115,2.8,10.62
23.771367818593323,10.079634085944887,66.28100536659642
14.316666666666666,1.6166666666666667,8.887277168784099
18.45,2.1666666666666665,10.25
18.87679158619288,6.583230361563346,18.68531806106421
16.371291298086184,2.8653194473710606,12.0
16.566666666666666,4.6,15.733139769943525
5.816666666666666,2.7,6.07
17.35,3.25,17.738482335489557
18.168718741453155,2.9,14.008071643812528
17.24214050073265,3.840583482635422,19.270970942457158
14.5,1.3502764893804928,7.13
19.433333333333334,1.85,9.02
11.810554570795489,1.8,9.019170025885586
18.216666666666665,1.45,10.18
17.883333333333333,1.4666666666666666,11.67
17.883333333333333,0.7333333333333333,6.0
23.183148515717917,1.3512870243945145,11.544797115545503
17.65,3.627046574929234,13.97
20.95,1.4166666666666667,11.77
17.6,0.6333333333333333,2.2183588487974015
8.9,1.2333333333333334,6.82
10.45,4.983333333333333,26.2
9.605672215761958,2.0,2.22
8.933333333333334,2.583333333333333,13.243368599857053
17.616666666666667,3.75,16.07
19.89163413799637,1.8,11.09
16.666666666666668,1.8166666666666669,7.809013875650061
23.83333333333333,0.2998547530155454,0.6889021391627302
18.616666666666667,0.7333333333333333,3.73370337199948
11.616666666666667,3.183333333333333,12.435566441220102
17.416666666666668,2.0,14.192867720125673
16.195416515615364,0.4166666666666667,2.0
18.966666666666665,1.7833333333333334,11.158757034236487
6.38064317704444,1.4833333333333334,9.325568538858757
22.516666666666666,1.1,10.46
22.99027192854672,6.133333333333334,19.4
20.216666666666665,4.75,20.9
17.616666666666667,2.583333333333333,27.995678470678918
5.433333333333334,0.9833333333333332,5.490747056276929
4.118876932820283,0.5333333333333333,3.403847685709462
23.666084798088523,12.606757040388509,60.804564294102406
17.82262191560719,2.466666666666667,17.39711031362072
17.32670879606607,0.65,4.276669662289962
17.69247581114189,7.333333333333333,27.900751165345625
10.48781034715279,1.6666666666666667,16.436773349821852
23.83333333333333,19.37340202981101,68.23593679407313
18.616666666666667,3.683333333333333,19.054224844595463
9.95,0.6666666666666666,5.7
18.766666666666666,8.132432363760168,39.129164661326605
17.42384058779728,1.5833333333333333,7.24
22.452184384332742,1.0333333333333334,10.478872801861531
17.55,1.676420160097039,7.315806123328616
18.58333333333333,2.2,20.97
19.3,1.3166666666666669,13.965024920098436
17.75,1.5333333333333334,10.74
17.8,4.588399778357658,31.36613863197481
22.570692034183317,0.85,3.93
7.944987979859151,2.816666666666667,13.6
21.266666666666666,11.942326539983757,57.044834017204415
18.516666666666666,3.446232230254126,17.69
16.183704990540996,5.516666666666667,36.19657374314087
18.516666666666666,2.6666666666666665,10.0
7.516873257115249,0.2,1.3537007950173456
8.918267873603307,5.483333333333333,44.05265076311671
18.516666666666666,4.083333333333333,15.930641989873529
23.133333333333333,1.1333333333333333,10.23
13.2,2.833333333333333,16.5
17.7,1.25,13.44
23.673339912160433,3.316666666666667,8.99
17.6,3.183333333333333,17.454279911116586
18.566666666666663,1.4,6.17
16.516666666666666,1.9333333333333331,7.7457869511842015
20.116666666666667,2.2333333333333334,20.76
17.583333333333332,1.5166666666666666,13.222853550094968
16.266666666666666,1.4,10.012951892728616
16.45,0.9,7.4
23.55,1.2166666666666666,3.1
14.183333333333334,2.45,9.7
17.266666666666666,1.0,5.806103827187876
14.416666666666666,4.435327186057422,16.42535350702616
16.966666666666665,1.7333333333333334,14.7
20.316666666666663,4.016666666666667,30.13895457637808
22.35,2.066666666666667,16.427361564404098
23.516666666666666,0.2666666666666666,2.73
18.316666666666663,0.6833333333333333,7.352311175422881
18.316666666666663,1.9333333333333331,6.95
11.3293704789225,1.7166666666666666,13.2
17.833333333333332,2.533333333333333,10.560083257781356
18.566666666666663,1.5666666666666669,10.212064677510094
19.266666666666666,9.0,33.571885617950194
15.916666666666666,2.7333333333333334,9.77
0.5029958876891989,0.8333333333333334,6.8638169952110974
11.964931739310437,2.00240694046336,18.96701238316209
11.162510152707886,3.5,34.2
11.15,1.7833333333333334,10.45
12.283333333333331,1.0333333333333334,9.9
10.557170261571901,2.6,10.1
14.85,0.2833333333333333,1.6992092208875773
17.4,2.0166666666666666,10.85
13.519495201024156,0.5,11.14
6.750100076562678,3.7306032443486776,22.3
20.73333333333333,4.866666666666666,22.41138390276262
18.966666666666665,4.131106154379965,13.9
13.181401566925643,0.9058841411109749,4.424738954666738
20.116666666666667,1.4,7.5919660942890665
17.583333333333332,0.9333333333333332,14.63
19.48333333333333,6.617321956073882,18.4
12.533333333333331,1.8333333333333333,10.15
19.22643946033523,7.333333333333333,42.10021237842361
16.55,8.516666666666667,46.295507822454944
17.766666666666666,3.1701462306353085,11.84
20.48333333333333,2.083333333333333,9.4
1.202696038960489,5.010424805712546,49.1869747353654
19.433333333333334,0.5666666666666667,8.171352792050353
7.140927364524509,0.9666666666666668,6.814390020792501
18.45884453337644,1.8005317263643312,15.162849481454266
18.05,3.475305226246341,12.10641445746336
22.25,5.95084687271398,30.85684749689358
12.416666666666666,2.9833333333333334,27.906337785681146
15.966666666666669,1.1,5.82
20.558018545564767,1.3166666666666669,7.13395738487654
19.466666666666665,4.040273206194221,43.09653526081147
21.732259945777436,1.3,5.50456744215561
20.613511579487408,3.2333333333333334,15.631539693870133
17.65,1.0166666666666666,5.892334371566817
16.2,2.3,8.7
8.578997981570462,2.8666666666666667,9.653056036939965
13.899732628593389,1.7590780437071412,9.0
17.166666666666668,3.5166666666666666,21.523535257246618
18.77160259982686,9.0,42.4
15.383333333333333,3.65,16.96770807777167
10.45,9.0,44.72122789600954
19.316666666666663,7.583333333333333,19.2
21.03333333333333,8.8,46.0
10.440882920671575,0.40809120502679064,1.7567867398669064
4.328164976203696,9.368116324418505,51.08625740121336
22.502702539827045,3.3833333333333333,19.816190512998556
17.2,1.7833333333333334,9.18342024895914
18.866666666666667,2.8666666666666667,22.32848521959352
19.33333333333333,6.000013052103274,37.6
10.206121535778049,1.15,15.8
14.583333333333334,7.683333333333334,35.63370678169718
21.466666666666665,4.4295258878385315,20.76
8.383333333333333,4.229264625497445,19.8
16.783333333333335,10.05,44.2
18.65,3.5,12.29693107331759
18.866666666666667,3.5166666666666666,31.5
8.34121157842843,3.0166666666666666,41.0
23.87973055503391,9.449106375497967,64.2717060515854
17.533333333333335,5.483333333333333,27.3
23.183333333333334,1.95,12.384397659167403
15.666666666666666,9.374178517638718,14.347440745945597
18.0,6.438130214342361,38.7
16.166666666666668,1.5833333333333333,9.52
22.435813421921157,2.283333333333333,9.1
18.562127375061433,1.8166666666666669,32.5
9.516666666666667,6.882621855472606,21.0
16.466666666666665,4.3,27.173824480287877
16.516666666666666,5.066666666666666,20.175121387711926
17.583333333333332,2.216666666666667,11.146315187787511
17.5,3.5,30.192690509146953
9.507144223467034,3.2333333333333334,20.29
9.116666666666667,1.8,11.83
23.28333333333333,6.083333333333333,20.77
13.9,1.3166666666666669,10.2
20.08333333333333,2.333333333333333,10.61
16.666666666666668,0.9666666666666668,4.06
15.383333333333333,1.55,12.29
19.55,10.455425067171284,55.22588768054397
19.416666666666668,1.0333333333333334,10.56246933418109
12.325050279083259,10.733333333333333,55.46441476098027
18.916666666666668,2.65,12.2
8.317685086457212,1.3833333333333333,7.601797525191171
18.7,7.752515335835627,41.305830207605595
8.081285087085618,1.8333333333333333,11.780273054297544
17.433333333333334,1.4833333333333334,8.4
12.698325079428365,1.3166666666666669,7.98
6.974721559114038,8.883333333333333,15.507663708642337
21.633333333333333,3.6728336207191203,15.547693355570596
17.916666666666668,2.7333333333333334,12.384645652599817
17.616666666666667,1.45,6.862240294032996
15.883333333333333,2.2333333333333334,13.8
0.5166666666666667,0.8333333333333334,2.74
14.611651822403553,2.7666666666666666,13.682802695085302
22.516666666666666,6.25,20.821662656279745
18.866666666666667,3.083333333333333,17.6
15.2,0.9333333333333332,7.877055961066129
14.616666666666667,4.0773554504482865,36.6
17.55295392293929,3.0166666666666666,11.38
6.116666666666666,2.115677130204339,13.0
15.435922815577184,2.3833333333333333,11.89
13.580096681319885,9.0,29.0
19.216666666666665,0.7666666666666667,7.23
23.779999149092546,3.6,55.27275720809395
17.783333333333335,5.45,18.55
17.633333333333333,5.183333333333334,21.79136216012801
18.3,2.370385798657109,2.4612029550698216
18.866666666666667,10.069755422227628,22.48031649229135
17.733333333333334,1.3666666666666667,6.397917759515561
19.25,1.5166666666666666,7.802137649961785
20.566666666666663,2.6666666666666665,10.57
20.104635883006814,3.5166666666666666,15.685088038119066
17.05,1.2,8.09705775275866
13.816666666666666,1.7333333333333334,12.12
18.016666666666666,0.6333333333333333,2.4847155798544716
22.85,1.7333333333333334,10.94
19.211057638918835,1.3833333333333333,7.183174630327324
17.233333333333334,5.1,35.5
6.785506027395261,1.6333333333333333,7.207258696754634
17.766666666666666,1.2166666666666666,5.51
13.5,1.3,7.5783163462295
14.85,2.066666666666667,11.674364096022641
18.766666666666666,5.966666666666667,41.0
16.45,0.13692568566551983,2.6215646125524836
17.4,3.5,20.28354317538966
23.282038913121035,3.966666666666667,10.29
17.533333333333335,4.933333333333334,34.1
19.966666666666665,0.1511871077733281,1.295427139158587
10.933333333333334,0.2,1.738554666254685
17.5,1.3666666666666667,18.36
20.516666666666666,3.5166666666666666,19.373688547416183
20.48333333333333,2.960782759382024,18.42
18.266666666666666,4.698108841318095,26.08069697356386
22.340648211874324,4.871392396185236,14.05
15.825702600308523,3.5166666666666666,16.7
8.916666666666666,1.0,3.9
15.45176923570733,1.45,4.33
19.166666666666668,7.683333333333334,21.77804318271281
15.510086527209634,1.95,12.58
5.816666666666666,2.333333333333333,11.895016127785206
15.383333333333333,4.093263181807204,17.5
23.869636905355854,10.05,50.33305754488941
22.48333333333333,1.75,8.085427605949311
18.0,1.8666666666666667,9.5
17.666666666666668,0.65,7.050735901725267
18.566666666666663,1.4,9.13704170206791
16.65,5.916666666666667,35.81461876492155
11.483333333333333,1.8166666666666669,9.097524377564072
17.5,3.5,34.4
12.816666666666666,10.366666666666667,53.73
18.35,2.65,14.15278128405821
0.5166666666666667,1.2368931504086316,4.597316469205626
18.616666666666667,5.25,36.0
17.55,1.6613536532853157,15.507880464069036
14.741174797134391,1.7166666666666666,11.02
16.85,2.466666666666667,12.29
17.433333333333334,1.6833333333333331,9.19
9.430230121958978,0.6102268959029283,4.71
8.816666666666666,1.65,10.61
17.566666666666666,4.716666666666667,21.4
16.883333333333333,2.7,17.84485117855252
15.266666666666667,2.5,5.890672983858991
21.633333333333333,9.0,38.85378505206447
20.916797656564505,6.960090693791366,55.519786850388904
22.197096982472765,1.75,10.42
14.583333333333334,5.7348874975648645,22.539704883135325
21.666666666666668,12.936172300737704,66.32373904325232
7.433333333333334,3.5,11.69
20.38923144983784,2.9166666666666665,20.43376827706845
12.064706679797172,2.833333333333333,10.2
17.333333333333332,1.2,7.072131205145637
8.611411797036935,2.1666666666666665,17.745759364813928
17.583333333333332,4.933333333333334,16.469662318641305
16.183333333333334,2.3642126743775256,11.32
8.816666666666666,0.6333333333333333,3.1394924895295637
17.8,2.7333333333333334,13.7
17.783333333333335,3.633333333333333,30.090627290929444
21.789319574010126,0.55,1.8
17.066666666666666,8.8,18.125095422895136
23.666666666666668,8.887653541798272,56.25545405936523
20.566666666666663,2.718809352651359,10.083674445881861
17.216666666666665,3.5166666666666666,21.053381004895318
18.7,2.1240327973419655,12.61115514471946
0.13791845918356194,11.628730402223391,39.40500021695552
17.716666666666665,2.3833333333333333,18.59
23.089411658619138,1.9833333333333332,21.71836523262355
22.7871912874694,2.1,8.6
18.416666666666668,3.5,22.008521495197353
18.883333333333333,2.65,9.9
9.852366398801374,3.966666666666667,30.094049870634887
16.716666666666665,1.5166666666666666,6.540941814098533
0.5166666666666667,0.15,0.9176939419025114
15.016666666666667,1.65,9.36872379127557
5.433333333333334,3.2,12.89
8.493713939509135,3.9166666666666665,20.77
17.288709622398375,4.933333333333334,13.04
9.983333333333333,1.3166666666666669,9.904545074611379
17.583333333333332,4.826462290227141,16.46
18.316666666666663,1.6833333333333331,5.71
22.166666666666668,9.06409833299446,9.790669082025897
16.716666666666665,3.4494908886553692,20.76
10.916666666666666,10.75,61.909412942884046
18.5,3.633333333333333,23.9
18.816666666666663,0.6666666666666666,4.401386192390695
5.402289966864597,1.9166666666666667,10.41301253325191
18.0,2.3833333333333333,17.54
18.416666666666668,1.8,11.18669851613719
8.933333333333334,1.8333333333333333,23.4
8.696248895496229,1.8,12.53158913415001
19.316666666666663,0.2333333333333333,2.97
23.566666666666663,3.5,19.84
18.95,2.2333333333333334,12.341129528651445
17.7,3.25,25.79
20.785871841327015,4.2,20.886770482600195
5.45,10.654559738104249,50.21157685491133
9.516666666666667,1.679104143785122,11.76
22.336061595050385,3.5,24.0
15.966666666666669,1.4333333333333331,6.9932830200219085
18.5,3.3833333333333333,29.606626939195703
18.866666666666667,3.966666666666667,17.6844939526653
16.81430033038745,2.4833333333333334,10.94
22.833963016419172,2.033333333333333,8.73
17.145708171666172,2.55,16.96
17.65,1.65,14.0
21.055179095861906,5.5,23.290392277520294
23.15,5.966666666666667,34.974570873203085
17.533333333333335,2.083333333333333,12.4
6.866328726218414,0.9833333333333332,8.521370149174146
19.2,2.35,12.140127780199517
11.510784862787931,3.5,14.83
23.116666666666667,10.15,39.13394126848544
17.91083506917339,2.1666666666666665,14.336725526436643
17.05,1.0,4.659094597889635
13.366666666666667,1.8666666666666667,14.490825607169873
10.716666666666669,1.5666666666666669,44.90646094858307
6.383333333333334,2.6,6.0
20.53333333333333,1.0833333333333333,14.338469250582191
16.683333333333334,2.3,11.84
15.9,1.4833333333333334,5.277456191467377
12.373694018447535,2.533333333333333,12.436926708576676
18.08333333333333,1.8,3.151438533914406
10.220134835089379,4.266666666666667,11.24
5.149339030944117,4.027367523762465,33.59749640446772
19.15,2.65,19.873229222203697
16.691736578605486,3.033333333333333,17.5
18.58333333333333,2.216666666666667,12.79
8.833333333333334,1.6166666666666667,9.035616185955709
16.583333333333332,2.583333333333333,10.704217426676205
17.25,0.9666666666666668,6.748814095823168
16.036142348584573,3.0166512003128445,12.47
19.05,3.5166666666666666,20.76
18.58333333333333,3.1333333333333333,10.15
9.364061675452088,3.4,15.6
15.221802087516703,1.0333333333333334,4.898935316309479
22.116666666666667,2.6333333333333333,19.47
23.89535792286765,0.1666666666666666,1.639003888186612
18.216666666666665,3.621839321414707,19.85458873535844
19.55,10.361346522885121,55.03104635572574
23.88428602221718,0.7166666666666667,2.84
20.48333333333333,4.416666666666667,15.796875335119323
17.216666666666665,4.1,10.63
9.05,1.35,5.12
18.6,1.0666666666666669,11.14
10.4,1.2166666666666666,6.5
10.875371770260065,5.733333333333333,44.41918486300478
0.8000658694392203,0.2778155103871889,1.9789427362318193
0.10863056245781634,9.0,9.1
16.583333333333332,1.9833333333333332,16.694427801331777
16.4,2.3666666666666667,15.058859677257699
11.132779208084559,3.966666666666667,15.657301978941442
21.51795179513055,1.3,7.338029477449381
17.944292960863613,2.7,15.42
5.818676791582253,3.5166666666666666,37.870575429122596
17.616666666666667,0.6333333333333333,2.8653600810835074
20.916666666666668,9.0,53.64899517474595
17.483333333333334,1.95,12.51
21.35,1.4166666666666667,12.198407204745644
18.98333333333333,3.95,13.802560007374794
6.694216325549243,6.733333333333333,17.2
10.4,0.8166666666666667,5.37
16.816532475172064,2.816666666666667,12.73
11.266666666666667,1.15,14.1
23.516666666666666,10.45625352715183,56.956144627632774
17.55,3.6,50.807034616144676
18.366666666666667,1.3166666666666669,6.537159925864219
17.366666666666667,4.7,12.952421220906883
15.216666666666669,3.15,21.80303967704598
17.25,10.433333333333334,50.682925570398965
18.048025513295524,10.766666666666667,52.10375818183088
15.95,1.9333333333333331,10.39
23.616666666666667,7.771148413977562,26.312654497972076
22.133333333333333,10.016666666666667,53.69435511757496
17.733333333333334,2.0,8.193126471808053
18.116666666666667,2.966666666666667,6.335675298557261
14.242906125856921,1.8333333333333333,11.52
19.08333333333333,3.5,20.7
18.816666666666663,0.9666666666666668,4.451568814687182
18.016666666666666,3.2333333333333334,22.69
0.26350285172732135,0.2,1.9030503565475043
13.816666666666666,2.3170221974427934,38.01336485685642
9.983333333333333,0.7166666666666667,10.433886541894019
16.9,1.6333333333333333,10.000247126638916
15.783333333333331,3.5,15.08
9.582441810895041,5.833333333333333,14.83
19.216666666666665,2.6333333333333333,10.18
23.05,2.7666666666666666,18.36
17.116666666666667,2.1249279177033826,11.164624629080103
18.28333333333333,0.7666666666666667,2.86
14.967085431416521,2.816666666666667,9.4
19.621762693963,1.8,12.399338601692897
10.111426588085848,1.2333333333333334,5.8
15.832820699967723,6.472709100273824,20.76
22.383333333333333,2.8666666666666667,36.64059321636569
21.883333333333333,0.7666666666666667,9.531778158368356
19.683165194373053,1.0333333333333334,4.66
18.75,1.6833333333333331,5.9
12.221867736530765,1.8400468916910693,10.18
17.666666666666668,1.2166666666666666,5.83
18.666666666666668,3.5188788459763223,19.3
13.9,1.3333333333333333,9.36
18.216666666666665,1.2333333333333334,13.253899974666165
19.4,3.1,14.633490900634882
23.720434068133248,2.216666666666667,58.21167666486999
21.183333333333334,10.016666666666667,16.34134959127915
23.08333333333333,3.75,23.9
14.583333333333334,2.75,15.8
20.159121937819812,0.7,5.59
13.1009013985,3.85,19.3
0.4934332086386091,3.0166666666666666,15.9
18.516666666666666,3.533333333333333,21.2
18.716666666666665,1.5832310030499834,9.753528060585506
16.988535348505128,6.216666666666667,33.57074707666868
9.686262456603172,1.8666666666666667,9.19
18.216666666666665,5.85,17.164647124101474
13.410374553527182,1.9573996776091271,5.91036974376248
7.2,3.5,11.32
5.363642424072812,0.9333333333333332,6.167481623154266
16.033333333333335,3.5166666666666666,16.4
18.3,2.566666666666667,10.68021266485893
10.85,0.8,8.86592175948236
12.094278191628321,1.3333333333333333,11.702891817526037
22.366666666666667,1.6166666666666667,9.39433045639328
19.35,1.8666666666666667,13.967281913645495
15.983333333333333,3.083333333333333,11.76868754126579
10.734697484832571,5.016666666666667,14.36
6.15,1.95,17.06884884648786
8.017136648309595,6.516666666666667,12.85
16.86355873274591,1.7833333333333334,12.59
4.745763190186689,0.6666666666666666,2.6397777348591376
10.336982268756355,0.1166666666666666,1.2815457777611163
20.366666666666667,3.644660701266328,20.77
22.744012222186424,12.080926781378881,46.24233926774337
17.6,1.8666666666666667,21.8
13.177453576759588,4.20293674159982,20.77
18.616666666666667,2.114689809891604,11.3
18.08333333333333,5.616666666666666,51.78625741980671
19.466666666666665,1.7333333333333334,9.858329922270089
18.2,1.8333333333333333,3.9
16.600984423696666,2.283333333333333,12.82
17.966666666666665,3.1333333333333333,14.05
17.15,1.9,14.39822193819025
14.609211682656499,2.833333333333333,6.07780479511144
13.933333333333334,6.25,32.8
14.011974372572045,1.6,9.206160491645557
20.73333333333333,2.9,35.2
1.0311383727108812,3.85,7.648415884124335
16.2,5.2,23.209835299711568
14.7,3.3,14.19823662508636
20.6,3.1,14.100207096144567
19.2595761044234,3.183333333333333,23.039294727762538
9.197207484673338,3.8333333333333335,24.0
17.833333333333332,2.783333333333333,26.011945041869946
20.61909475396144,2.0166666666666666,11.14
18.28333333333333,2.683333333333333,17.69
18.566666666666663,1.9,10.45
17.2,4.966666666666667,19.79836717625941
13.47772828822918,3.5,13.8
17.383333333333333,0.6666666666666666,2.76
19.156380463790445,0.6666666666666666,10.09
16.2,1.65,6.15
9.516666666666667,0.9,3.7162426173048737
20.216666666666665,5.467370427489876,33.2
0.7333333333333333,0.35,1.3720286646861433
8.9,3.3477148221560733,20.39085843412007
18.966666666666665,3.1,10.81
18.616666666666667,1.7333333333333334,13.48
23.05,3.45,16.06
0.2468894602051383,3.3,21.0
17.633333333333333,9.009036275527023,28.192487354328343
23.33333333333333,1.4551273182081614,13.85
15.423359551055418,1.4816653443330305,8.6
17.5,2.7333333333333334,11.05
20.35,8.65,52.18020859673407
18.3,0.7333333333333333,19.7
18.316666666666663,2.6,9.511827124578474
23.1,1.8833333333333333,9.843949072063548
17.466666666666665,3.583333333333333,19.8
8.989129467801057,9.60826164756724,39.3057777453034
22.88818823779984,1.65,10.3
18.383333333333333,8.10353973370527,33.920475057650584
14.383333333333333,3.6860886746065185,18.29
21.248016065853015,1.8166666666666669,16.23949462837608
16.55,0.5666666666666667,4.640403143610247
18.416666666666668,4.8439270535475005,31.555851394479788
15.716666666666669,3.333333333333333,11.03
14.416666666666666,2.333333333333333,19.2
14.583333333333334,0.7833333333333333,4.4169774554206915
14.583333333333334,1.5833333333333333,10.2
11.261826349209045,3.1,10.81
23.134670355038427,2.0606550114231785,10.33
0.6254485189948371,1.1166666666666667,7.08
20.466666666666665,2.3833333333333333,15.639746341186608
11.566666666666666,4.633333333333334,22.3
7.2,0.6833333333333333,7.65
18.6,10.866666666666667,49.98649435403866
16.55195163834446,3.566666666666667,22.42
18.208568684472773,2.4166666666666665,19.8
14.95,2.583333333333333,9.292675733892588
6.633333333333333,1.85,18.949305078901006
8.333333333333334,2.1333333333333333,9.209880033556129
18.383333333333333,2.933333333333333,12.03620143785189
10.5,0.7333333333333333,5.54332521471972
18.75,2.55,15.408347783822233
17.833333333333332,3.5,20.988496274016395
16.8,1.1000108364565506,10.28
10.25,2.85,12.5
8.42901410562729,0.6666666666666666,6.72
16.466666666666665,1.6666666666666667,15.052958926477809
17.233333333333334,10.433333333333334,51.359865803050006
0.3,0.3402964470496389,4.0313078393564235
20.48333333333333,3.816666666666667,30.136166792508998
19.03333333333333,0.9333333333333332,5.018568927355144
13.665362810819715,5.247085786707233,17.5520297712354
1.25,0.5,8.771714380068898
17.666666666666668,1.4666666666666666,32.16232600000758
13.926669848840769,1.1666666666666667,6.3
14.15,5.466666666666667,13.419876960614861
23.166666666666668,2.466666666666667,16.69553671967937
23.566666666666663,13.46547994144098,68.40056609689942
17.383333333333333,0.8,3.6
9.966666666666669,3.2666666666666666,20.201800443043435
17.516666666666666,1.6333333333333333,10.11
14.15,1.6666666666666667,7.1
23.1,11.804574156383948,60.416136580650516
17.55,0.7333333333333333,3.496162368639716
20.566666666666663,1.9,7.847153389980346
18.516666666666666,1.8333333333333333,16.621411205647103
18.316666666666663,2.507808399292177,20.77
21.33333333333333,10.766666666666667,61.41620804602179
17.716666666666665,3.5,20.03421326288555
21.266666666666666,5.083333333333333,32.47280264811366
23.05,7.384552852974314,35.73610405035967
12.625390008902173,5.175775001374466,18.44349025880661
17.283333333333335,2.7,15.694834314041177
16.566666666666666,3.3335659647756146,13.31
18.28781612622991,2.5166666666666666,10.7
12.533333333333331,7.416666666666667,39.9
18.400937584256802,1.0333333333333334,10.173628717894236
17.966666666666665,1.2166666666666666,18.29
17.65,2.783333333333333,20.084474392819402
22.65715849449774,2.1,9.29
17.583333333333332,0.7666666666666667,5.7460331931113995
8.910412633793136,2.1666666666666665,21.291059338612058
9.033333333333331,1.7833333333333334,16.185086458861914
19.3,5.711636794448843,22.459012146202436
11.80013477485179,1.2166666666666666,7.721198337602954
10.016666666666667,0.6666666666666666,3.8630807048501388
13.366666666666667,5.71697715582715,34.97373316584735
17.566666666666666,2.033333333333333,8.314136214155127
16.79978718127797,3.1333333333333333,35.34825180879348
17.616666666666667,3.45,16.32452877593034
18.05,2.9,13.98287420427298
18.05,1.4666666666666666,11.75
17.25,2.05,10.71
19.28333333333333,4.933333333333334,14.49
0.1,0.1,1.0491481147213573
17.351543245889378,1.1291635971889122,5.0
10.016666666666667,0.6474268045081161,4.36
17.65,1.7333333333333334,10.25
19.030984571757166,3.183333333333333,9.203372557871475
17.05,1.6166666666666667,10.144875874011307
19.4,2.034695567237933,11.02
23.1,3.933333333333333,14.951123792813892
19.2,3.2333333333333334,11.89
17.55,1.8333333333333333,15.2
17.366666666666667,6.516666666666667,22.101745857049103
5.368928623585134,1.0666666666666669,3.71875054632435
18.35,1.2,3.4857582007218815
17.866666666666667,9.400412161626189,48.23299181547594
20.48333333333333,1.8666666666666667,10.1
10.012367984733567,2.4,7.352422072329228
19.266666666666666,7.533333333333333,47.2
10.803727269325593,3.683333333333333,19.4
23.516666666666666,2.2666666666666666,13.521957780358093
18.138309060814045,2.216666666666667,11.371624207474406
17.783333333333335,1.75,10.53
11.276717357365563,3.033333333333333,11.533441821003947
7.492219876293469,1.4666666666666666,6.79
6.968541740226926,3.6287276555004984,14.83
17.6,5.234228634059787,16.925251109638516
13.40533469365409,4.016666666666667,14.542386535167608
15.095003358273022,1.2137681995674654,8.1
20.48333333333333,1.7,11.05
18.916666666666668,1.5333333333333334,13.439164754971708
12.172782865691419,1.45,13.23868584679956
22.25,3.55,18.55
16.966666666666665,1.601344896575131,8.49
17.866666666666667,3.083333333333333,18.73870663392733
9.657162756511372,1.9333333333333331,10.461411141003138
11.266666666666667,3.033333333333333,10.58
17.533333333333335,2.7333333333333334,6.79
8.816666666666666,6.516666666666667,10.36
17.55,4.983333333333333,39.5
12.9,5.3,20.5
15.65,1.3166666666666669,4.422773285712498
17.15,0.85,6.7
5.877068754019446,0.55,2.764776917140714
19.03333333333333,1.65,11.42
12.083333333333334,0.5666666666666667,2.9445368262727656
16.783333333333335,1.7333333333333334,10.825566502822133
22.8,4.7,20.77
15.016666666666667,1.5666666666666669,8.5
0.46414554262545366,7.441049492797811,20.83128503019976
19.116666666666667,3.966666666666667,19.4
7.253899393744242,4.708201510856748,21.54122907759621
14.076188336893171,1.2835347123752363,8.944319058037372
16.8,1.8,8.868557612363118
17.583333333333332,2.966666666666667,26.1
16.85,3.490635200316259,23.02240401080811
20.762614537753127,9.0,37.2
2.2927317573105785,8.271341200724276,47.706945822266505
19.950296486282014,1.8833333333333333,25.757897739021782
14.969869128191645,2.55,16.12235135054827
17.583333333333332,1.1333333333333333,6.002087993646813
1.3501963440980518,1.0565031804712544,7.229666177635334
20.383333333333333,5.522925374525023,15.101482124348047
13.133114070058866,1.5,9.004754241580086
18.163654445839356,2.9,17.966024776672285
14.483333333333333,2.2333333333333334,8.4
15.951227040835949,2.183333333333333,19.317600998072045
18.65,4.948812722749646,22.91721483910404
5.383333333333334,0.3,2.084012470675684
19.016666666666666,2.55,13.8
16.906949835382083,6.769023691334193,38.6
16.816666666666666,1.9666666666666663,14.12
18.03333333333333,1.7833333333333334,10.50574980165968
15.533333333333331,1.6333333333333333,12.147829354845198
15.44249618052301,1.6666666666666667,8.65
14.139230088625531,0.95,9.5
21.116666666666667,10.016666666666667,47.57390571366059
20.06457156784309,7.65,42.9
19.11952786939999,2.066666666666667,13.45
14.983333333333333,3.083333333333333,10.3
10.683333333333334,7.2,47.803571732123295
22.166666666666668,10.02830250171421,27.5
9.64363643612744,5.783902759333781,15.2
18.0,2.566666666666667,12.700990721298602
17.816666666666666,2.0,11.9
6.8986743228572,5.483333333333333,41.0
15.274054699974231,1.95,16.06
21.65,1.5333333333333334,10.15
23.1,4.466666666666667,20.76
6.796052629474989,0.4987704634018269,2.620885727513327
16.933333333333334,1.9315716801425196,15.018312382040305
15.166666666666666,3.433333333333333,15.103758462754964
0.12834475511655685,0.15,1.2817854752177322
16.216666666666665,2.4,10.34
16.3,1.1333333333333333,13.839324595314755
22.979766320496665,7.764385475054436,31.746974906376625
15.948740759510713,0.4,2.38
11.157706689816932,7.7533142059300495,42.5
18.933333333333334,3.35,23.2
18.616666666666667,3.966939844954345,25.023781881573672
17.566666666666666,1.0666666666666669,8.63
16.22132151333892,2.783333333333333,15.9
17.116666666666667,1.2316916318907942,2.8300362115161155
8.933333333333334,3.1166666666666667,22.3
17.415639223737134,5.066666666666666,61.4455188604015
19.184326908308034,1.6,16.1
21.373632972310602,3.1,16.956866846007188
18.35,1.6166666666666667,12.5
17.616666666666667,2.283333333333333,12.163708434198442
21.835063209241575,7.166666666666667,11.01
14.75,3.85,18.71
16.9,3.633333333333333,10.63
14.416666666666666,2.9166666666666665,6.5
17.35,1.4833333333333334,8.95
19.416666666666668,3.384165503154827,14.650941247324312
12.816666666666666,1.8666666666666667,6.3
18.83333333333333,9.0,39.00437532429589
21.065104268184932,3.377926676777387,20.88430535743563
9.716666666666669,2.7666666666666666,13.31
5.3,0.6333333333333333,6.2
18.55,2.783333333333333,18.1
20.03333333333333,2.9,9.32
18.75,5.083333333333333,10.673664376082142
13.897469060903909,7.2,33.1
15.922948845914103,2.933333333333333,10.194744518620375
6.643695825591009,2.9833333333333334,10.39
4.791283276129403,0.7833333333333333,5.7
20.95,2.7333333333333334,16.95055787253552
11.1447182199396,5.490179106465257,18.867881048192757
8.528117974509323,6.747165810020662,27.801684356308215
19.984667458910938,2.55,12.73
22.14303806461453,6.35,10.339741836036426
20.53333333333333,7.333333333333333,25.6
17.583333333333332,1.4166666666666667,6.17
16.466666666666665,0.85,3.7615264298524242
16.85,1.8666666666666667,16.2
16.183333333333334,2.1,16.063046453883562
23.035097604756302,0.6333333333333333,11.742925114395085
20.633333333333333,1.7333333333333334,10.835606292995163
15.216666666666669,2.8,11.7279620822458
16.516666666666666,8.343162233170998,40.566199435471844
14.466666666666669,1.8392525711652334,16.37454128793779
21.014027133351124,1.6333333333333333,10.75
18.216666666666665,9.0,49.3
9.873581878098031,3.966666666666667,11.03
17.416666666666668,2.0166666666666666,10.290550200320665
20.366666666666667,3.5166666666666666,27.79767668762279
22.31240648186849,4.269614851455336,18.1
23.12721373185819,2.55,22.42653714545078
17.933333333333334,2.816666666666667,20.218024114488163
9.034288016858843,5.016666666666667,24.325396123375686
22.2,5.416666666666667,20.288578493604323
23.466666666666665,3.083333333333333,55.831992315603316
17.783333333333335,1.3666666666666667,11.02
16.358698858660222,8.133333333333333,22.199840958699024
8.798721663044974,2.7,15.0
15.266666666666667,1.8333333333333333,8.49
18.516666666666666,2.3833333333333333,13.33772667553333
12.25,5.957265410565825,18.1
16.7,2.683333333333333,13.3
23.35,0.9,7.0
23.05,10.292765303550034,50.18565213030901
17.25,4.8,30.6
18.0,1.85,19.5
20.08333333333333,12.135500705180137,48.28380712516012
18.58333333333333,2.75,22.5
10.583333333333334,5.716666666666667,35.30922992699684
10.383333333333333,2.3833333333333333,11.01
12.733333333333333,4.233333333333333,16.91546810270508
18.883333333333333,1.9833333333333332,9.36
18.216666666666665,4.081468987270099,21.43759829339553
21.066666666666663,1.1,9.63
18.25,2.3833333333333333,14.9
17.866666666666667,0.6833333333333333,3.0426902425388738
17.244621922163464,2.966666666666667,23.2
17.42771447210618,3.283333333333333,18.214729238369916
18.933333333333334,3.5,10.191385667366793
17.373784506542844,1.8,8.495955077269803
18.03333333333333,0.8833333333333333,9.35
9.99222121922907,1.3666666666666667,11.02
0.387351452061477,0.42719328959801334,1.7989157397563047
20.83333333333333,2.4166666666666665,37.2
15.216666666666669,2.95,17.4
21.944899382558013,0.95,4.25923582350523
6.216666666666667,1.25,10.39
10.82297829678642,0.5623806498369556,4.32
20.73333333333333,10.437016839985002,50.35907620896835
12.2,5.040123061458136,22.1
22.676777609582224,1.7166666666666666,14.102302461603795
16.2,4.203155476152552,34.1
17.4,2.6666666666666665,12.690089125587285
19.316666666666663,1.0666666666666669,7.577010150059256
15.407409947645412,2.921204863950849,11.61854869097735
5.631916428793847,1.5833333333333333,7.1
21.28333333333333,8.516666666666667,21.5
17.15,0.6666666666666666,2.9
17.533333333333335,16.466634334738288,64.66253182179828
18.316666666666663,0.4166666666666667,2.4838451986663936
17.733333333333334,3.5166666666666666,18.855284990758793
10.966666666666669,2.783333333333333,6.179483730985983
18.866666666666667,1.9833333333333332,11.03
0.03620605236205433,0.6333333333333333,3.1530485363637957
8.36914442694821,2.75,10.51
18.383333333333333,1.8,10.36
10.333333333333334,1.6833333333333331,8.31
22.041809600456535,8.766666666666667,52.524018621483215
17.95526836789582,2.833333333333333,16.16217731316337
20.482457433788323,3.0,10.93
10.496106274129524,1.2333333333333334,7.097669033055603
19.433333333333334,2.3833333333333333,15.003230598358257
13.044503997200525,3.183333333333333,1.9598538630805142
19.3,7.525347059226351,16.929131969645745
16.1,6.974402471464759,13.049522599583119
18.616666666666667,0.9,5.5
5.516666666666667,1.8666666666666667,10.799145870235526
15.416666666666666,3.3,12.73
18.53333333333333,2.5,8.8
20.633333333333333,3.5,18.79
20.83333333333333,0.5,2.10243471122014
19.133333333333333,2.486071793149889,21.49
6.633333333333333,1.8166666666666669,10.15386661407034
12.166666666666666,1.8093641861060292,10.841909171696646
17.55,2.95,22.9
15.95,5.420865597918851,47.6
17.45,2.033333333333333,10.29
20.37034137415867,7.383333333333334,32.4
16.833333333333332,2.2395065630053446,7.34
16.883333333333333,0.4,2.383674148186071
16.1,5.366666666666666,38.513675139862315
19.633333333333333,5.5967332291298355,21.143631025386252
13.679006359168744,0.9,4.8
19.6,4.936909100721816,52.610767588495634
17.666666666666668,2.15,9.46
18.433333333333334,1.95,10.021406193029856
9.416666666666666,3.5166666666666666,14.0
9.866666666666667,1.1333333333333333,8.222727680248292
19.45,5.7,19.6
21.08333333333333,2.433333333333333,14.8
17.8,5.35,31.5
18.33333333333333,6.1769283781963775,20.2
11.166666666666666,8.92459648092801,46.0
17.90041686716129,1.0333333333333334,12.007603148036816
21.60933755125387,1.85,5.935737607840878
18.48333333333333,1.85,9.48
19.56547931823131,3.5166666666666666,11.9
19.73333333333333,1.8,10.71
0.5166666666666667,1.8333333333333333,8.771964983973175
8.816666666666666,2.333333333333333,9.36020938998445
16.716666666666665,0.65,2.7719828950618255
10.084391835715365,2.816666666666667,11.1
23.266666666666666,1.6333333333333333,15.29
22.615484664945537,9.04419615827306,39.2
15.55,1.5666666666666669,10.15
16.566666666666666,6.51104972943743,25.008145063413465
15.216666666666669,2.5,13.52
5.383333333333334,9.0,46.1
15.616484730867555,2.1544961057833727,7.46
14.367620411887689,5.921571212633482,30.31586912804005
17.25,1.4166666666666667,20.77
14.45,1.95,9.01
18.697825456788994,3.316666666666667,20.9
18.371439744806374,3.5,15.56
18.066666666666663,0.9333333333333332,3.8503501653784826
17.183333333333334,6.116666666666666,24.2
10.55,3.2333333333333334,19.412653349945305
0.5301326486427279,1.85,7.076864565059066
0.05883850633089176,10.5,1.8
23.79452469766659,1.7833333333333334,15.804704114592404
8.640988212556914,3.5166666666666666,30.003226747345437
18.016666666666666,6.45,25.033330965999202
20.741222776092755,1.5833333333333333,16.7
17.266666666666666,3.033333333333333,14.2
23.08772166107469,2.033333333333333,9.46
18.966666666666665,1.6166666666666667,17.8
0.8257478004707018,3.183333333333333,18.1
20.08333333333333,13.248651698173125,62.04886655470166
20.537164068946957,0.6666666666666666,5.1110755541853665
18.366666666666667,2.6149615706257956,7.1
13.673323624308425,0.7,5.5968802179737365
14.883333333333333,4.516903137112521,21.305045047500524
13.816666666666666,6.216666666666667,12.9
15.016666666666667,2.7666666666666666,23.2
18.616666666666667,1.8333333333333333,11.371705638147938
23.306090742587312,2.4166666666666665,16.6
18.927787861386317,0.8833333333333333,6.78859794981705
14.568644423428742,2.65,10.58
18.60015537106503,2.566666666666667,24.497615720990353
16.166666666666668,4.2,18.08
17.666666666666668,6.7853900831761775,39.095909414671844
18.016666666666666,3.9166666666666665,35.3
17.433333333333334,1.6666666666666667,10.004870856545717
21.33333333333333,7.645270919944831,16.291947867330762
12.0,0.6,4.66
19.03333333333333,5.566666666666666,36.7
17.533333333333335,1.85,11.452575690003918
6.627842586739874,5.4349673748999825,22.694385224186995
17.55,9.0,38.89088783797968
9.938705939922295,1.695120416574906,12.95537732397504
13.948371006110685,1.8,8.861737554371656
15.744215169890307,0.2666666666666666,1.7010394302942282
21.610751866122968,3.333333333333333,17.4
20.11962379875381,1.4166666666666667,10.190177942395882
17.45,3.4833333333333334,29.808018705845736
17.405820643526813,0.65,1.9597207401345482
11.633333333333333,1.8166666666666669,13.47
6.6814233688605755,1.5166666666666666,9.7
18.98333333333333,1.5976744264642757,11.340139655584819
0.18690585576577623,9.0,23.07519107765801
10.783333333333331,1.95,6.129653019359088
12.395459157055832,2.255200544194918,16.260325188699365
19.23333333333333,1.0833333333333333,10.73
17.627681098817185,1.7333333333333334,7.55
17.116666666666667,4.966666666666667,19.4
20.73333333333333,2.6333333333333333,13.1820758114985
15.416666666666666,8.516666666666667,20.13466462596933
17.933333333333334,2.083333333333333,10.81
18.6,0.6333333333333333,7.8
19.460734635284908,12.424353165457145,60.802640864103445
0.12434068776366783,0.5688659746932134,11.21531507537993
15.916666666666666,3.583333333333333,17.98886013222851
10.824059266509346,1.1666666666666667,8.99
10.433333333333334,1.65,11.770330109513623
22.23333333333333,2.183333333333333,23.502792038072084
4.7463682057961,2.6666666666666665,12.1
13.933333333333334,1.3666666666666667,7.43579008825024
16.85,2.8666666666666667,12.43
17.466666666666665,2.5166666666666666,7.83
6.833333333333333,1.3666666666666667,3.79
10.294448305091247,8.266666666666667,26.30622868944753
2.5559595451460533,0.65,1.8470305175490505
17.666666666666668,4.866666666666666,26.2
22.516666666666666,5.516666666666667,23.259606204442107
14.466666666666669,0.55,3.9
15.216666666666669,0.6333333333333333,3.76
22.880370778267917,8.647744502083652,57.36393652706912
18.716666666666665,11.012341978013744,48.942677316120445
23.1,4.8,18.6
21.614409489424922,1.7833333333333334,6.515452355182877
17.25,8.56577906301277,49.034406580159384
11.471771164665594,1.5333333333333334,5.71
13.325277029006264,1.2,5.71
16.416666666666668,7.486443838210122,38.7
15.15,1.6666666666666667,10.07
17.483333333333334,2.1666666666666665,14.308283266421979
19.85,8.516666666666667,28.426967194573173
17.716666666666665,2.183333333333333,22.699775481801474
23.683333333333334,7.916666666666667,19.417659820602722
16.033333333333335,1.3730745280819634,12.572755086615228
14.7,1.9333333333333331,22.860375984873208
17.533333333333335,1.4,16.606168269995624
17.683333333333334,3.75,25.602915228699544
17.85,2.1166666666666667,10.452507199054601
22.35,6.0288826674181335,42.9
6.174768963398476,1.5833333333333333,18.4407461254068
17.316666666666666,5.083333333333333,19.2
20.45,2.9833333333333334,3.901869366502624
0.476986088471849,1.5333333333333334,5.76
15.461060022469619,0.85,4.367971779049859
18.366666666666667,3.733333333333333,25.570303288704874
20.623173602295015,5.516666666666667,20.76
13.566666666666666,1.15,16.6
17.483333333333334,0.6833333333333333,10.283974369638198
18.276631030666213,3.5166666666666666,18.88
19.84694601012655,8.49303991326983,44.400012227924414
19.96202586455942,1.2833333333333334,7.539448887492285
21.294713752075054,2.35,20.76
16.5,0.6333333333333333,3.27
15.15,5.7,15.0
9.033333333333331,5.416666666666667,38.38013524918205
14.783333333333331,0.6,2.6695426304956857
14.083333333333334,2.066666666666667,31.7000548424939
5.483333333333333,0.4833333333333333,10.567362831448163
17.383333333333333,2.913439693620368,9.19
16.466666666666665,1.2166666666666666,8.461437987846395
17.1,4.1,10.09
17.516666666666666,1.1333333333333333,9.179717130747466
17.918611747976662,3.2333333333333334,10.767481620009853
5.313126206546241,0.6666666666666666,3.3973655888151133
14.583333333333334,3.5,20.622413161234398
15.216666666666669,2.316666666666667,10.07
17.533333333333335,3.3,20.76
21.066666666666663,2.05,0.6664587634643995
11.416666666666666,2.818383902702033,23.177209522749582
14.2,0.9833333333333332,4.473699376098823
6.7162574175718746,6.5,38.7
20.682724869518356,7.3040046768689155,35.898225334401026
17.416666666666668,2.466666666666667,12.824621612114061
20.73333333333333,6.166666666666667,39.1
6.85,1.9333333333333331,7.64
8.800393127919724,0.2666666666666666,2.5
19.166666666666668,2.15,13.978590853340165
20.025358002227563,9.0,23.0
10.6,2.816666666666667,17.1
23.49876810402668,10.583333333333334,44.5
20.60986740838176,2.7333333333333334,13.8
23.482094825725227,10.733333333333333,55.008446396827345
18.616666666666667,1.6833333333333331,13.032980812049924
18.916666666666668,6.733333333333333,37.41473104774741
23.616666666666667,5.833333333333333,51.585869839564346
5.924308125713776,0.7666666666666667,10.2
5.473704328548866,0.9666666666666668,6.88
18.216666666666665,1.4333333333333331,6.03134283058274
19.4,1.4,3.27
16.3,2.8621086744746056,11.52
14.85,0.85,3.700874702867821
17.283333333333335,7.05,36.28586895565745
14.75,4.740582506097902,29.607696533764475
17.166666666666668,2.583333333333333,11.950753914431223
23.466666666666665,2.333333333333333,34.50616229392195
14.511616302620995,1.0666666666666669,6.7
17.366666666666667,2.1666666666666665,12.822542691393037
23.33333333333333,3.033333333333333,38.9
16.7,3.4,15.813538177704553
20.683333333333334,0.8833333333333333,4.71
14.633333333333333,3.5166666666666666,28.746899479749814
23.79550862482957,5.606481287792772,46.3
18.15,5.483333333333333,35.5862493214962
20.4,1.1,6.4
20.48333333333333,4.705671186088656,20.76
19.45,2.533333333333333,4.838713560520727
7.300918214344286,7.166666666666667,25.79353181711599
10.65,1.65,7.252279708576143
6.25,2.833333333333333,6.6
12.972207452049657,4.583333333333333,18.438150142537506
18.08333333333333,5.433333333333334,23.2
18.58333333333333,1.1166666666666667,12.28
18.383333333333333,5.815069638882171,39.9
17.916666666666668,1.9833333333333332,10.11517397226671
23.566666666666663,2.3833333333333333,6.89
16.919856661556217,3.5,17.4
18.13286289419543,4.8,21.2
16.95,5.066666666666666,16.391925507333276
19.130626532634498,2.6666666666666665,14.423664406909587
6.383333333333334,0.7666666666666667,4.59
18.15,8.586083082198714,20.97374218661217
15.383333333333333,1.8833333333333333,19.791409750252598
8.018795608434072,1.2,5.12
20.83333333333333,10.016666666666667,50.72463179040866
19.7,3.5166666666666666,22.89735987339889
18.05,1.7333333333333334,11.63
19.266666666666666,3.966666666666667,15.073004770320358
18.666666666666668,2.8,14.439656387327993
17.616666666666667,4.7,33.37524682075119
18.516666666666666,3.1540470868429527,14.718756017205187
17.583333333333332,3.4833333333333334,23.5
22.383333333333333,2.3456660946218375,8.399110409307259
18.616666666666667,4.883333333333334,20.60622500988705
0.3166666666666666,0.1009924797865334,1.74
17.383333333333333,5.753553323114344,10.4
19.266666666666666,0.7166666666666667,5.01
8.679322028526538,1.5166666666666666,11.0
16.829080727028153,3.033333333333333,26.957548521693536
18.05,1.0833333333333333,9.074887630464977
17.883333333333333,5.842782939844763,16.485495028705213
6.312325364033973,4.751452860921018,45.23360211463866
10.016666666666667,0.2,1.7501821476587474
21.6,3.216666666666667,33.10410912766311
8.933333333333334,1.5166666666666666,6.509594953838841
17.897171225133206,1.8333333333333333,11.274930679690364
19.216666666666665,1.8333333333333333,9.01
21.298588385768603,3.2666666666666666,15.150249094177802
18.566666666666663,3.333333333333333,11.394271364496422
6.790233748357752,0.7666666666666667,9.6
17.683333333333334,2.5,18.08
18.316666666666663,6.216666666666667,25.017817361619606
16.383333333333333,3.0539071939076963,11.350593153339968
17.166666666666668,1.65,9.560534157655574
23.616666666666667,10.75,42.0
16.1,1.4666666666666666,10.73
19.274603214128756,2.283333333333333,12.59
20.133333333333333,8.614688669719909,40.749122145966126
15.016666666666667,1.6666666666666667,8.47
18.766666666666666,5.2,29.46730563219803
18.75,4.133333333333334,10.114048426474522
17.5,2.976693751341486,17.074139769669372
19.266666666666666,0.8166666666666667,7.663140901814074
18.98333333333333,1.8666666666666667,13.0
0.7372334721436059,0.55,1.837916284233607
14.316666666666666,2.3833333333333333,10.34
17.733333333333334,1.3666666666666667,5.12
20.28773551539313,1.5333333333333334,9.84961588181551
16.9,2.283333333333333,8.74
15.177178510254269,1.8,10.032788139845808
8.015984307520412,3.5,29.007691902881824
17.433333333333334,2.8,15.919998980794885
17.033333333333335,9.526771282547413,47.2
15.383333333333333,3.4,20.804322936915142
19.1,1.5666666666666669,9.900910312463765
22.327932767728456,9.371561021993664,39.193323427232784
17.47847185999894,5.516666666666667,48.92488073909012
11.03377649904085,7.166666666666667,17.6
17.45,1.8666666666666667,10.708579633186057
18.23333333333333,3.8666666666666663,16.157894285098777
15.95,3.2,7.530112871221616
17.7,2.966666666666667,20.6
8.95,0.6666666666666666,5.763322745357133
21.633333333333333,10.365782062009158,51.33971125845399
0.1184470666378709,1.0468699523737646,2.0980202260395684
16.466666666666665,9.465873502621035,42.5
17.666666666666668,1.8666666666666667,10.669100917584736
10.181532002268225,5.1,25.0
17.91135595244834,4.383333333333334,12.5
18.35,1.6166666666666667,11.577326573967136
16.2,1.75,9.36
18.73333333333333,1.95,8.794077254544673
17.75,1.7,4.636884634237573
19.549698036444603,1.8666666666666667,5.01
16.783333333333335,11.75359075641389,40.4
15.873979800084411,2.933333333333333,11.42
18.116666666666667,2.493980734646497,7.8
13.080826406384311,9.740673362432336,44.4
13.95,9.0,48.82407736944565
21.53333333333333,0.3842800208425585,1.1178781734311773
18.55,1.65,9.91346590774833
17.55,6.398743474343572,20.67
22.316666666666663,1.95,12.226044774561442
19.133333333333333,3.6166666666666663,15.86708699753503
17.583333333333332,2.333333333333333,12.33
6.1,1.8666666666666667,15.39
0.55,1.0333333333333334,9.76
12.397498609155692,0.8833333333333333,5.40358384501122
21.383333333333333,1.1833333333333331,4.328883725238159
17.616666666666667,1.85,18.2
23.249685578400893,4.449298437587201,17.065843600240683
16.383333333333333,4.883333333333334,18.02912100758586
18.8,5.816666666666666,27.550913703648572
17.316666666666666,0.29840640897278176,2.814660564310596
18.616666666666667,1.5333333333333334,12.5
18.316666666666663,1.8333333333333333,10.723382646431281
18.536313750893523,6.3,35.0512498654769
18.322755861482715,8.248534155020707,42.5
21.90849942022822,1.7333333333333334,10.0
18.398874781434337,1.6833333333333331,10.45
6.216666666666667,0.906088119358705,4.36
17.766666666666666,3.5,20.77
17.616666666666667,5.966666666666667,40.040262600932145
17.633333333333333,2.583333333333333,13.671753671365117
5.466593016344675,0.6012510724481487,4.611041532217629
2.2871374812789504,3.0166666666666666,10.93
16.566666666666666,1.9333333333333331,10.79
8.55,2.333333333333333,13.9
18.98333333333333,0.6860850276492623,11.1
14.45,0.7085676375012582,3.442544921559495
23.73333333333333,0.6666666666666666,2.75
9.638817435176039,1.7833333333333334,10.57
16.55,2.1666666666666665,10.74
14.795169561400314,9.129149103488363,15.59
20.634978980245176,3.5166666666666666,21.2
10.902475666509742,2.1333333333333333,11.444085194385066
17.35,4.283333333333333,15.296294741891181
19.95,1.95,22.236340425374074
18.866666666666667,10.366666666666667,51.90331026056965
18.183274702560865,5.066666666666666,46.1
18.616666666666667,0.6666666666666666,7.1
17.5,1.3333333333333333,9.79
23.516666666666666,9.047986092570575,22.419849295407978
5.983333333333333,7.012907061544676,42.5
13.441923725182274,0.9833333333333332,13.14
18.1,3.333333333333333,12.73
19.466666666666665,7.054159612057598,17.5
19.366666666666667,1.8,6.125011817312649
20.257581431408713,8.866666666666667,47.68702050082412
12.25,8.142558258928632,49.18257213297598
16.466666666666665,2.513629702680263,18.6
10.7,4.960383270825454,19.3
22.966666666666665,0.5867610711004737,8.1
21.77916735014155,0.15,1.0190010803629725
5.421117373036779,1.5333333333333334,8.5
16.82687378608167,0.2166666666666666,1.7020127464048564
18.316666666666663,4.7377315899920704,15.62
8.933333333333334,9.266666666666667,35.29811465716508
23.832800033649917,9.55589322850013,42.10224777050217
14.416666666666666,3.115982120672739,16.904103681972135
0.4068363513456905,2.05,7.227849511261111
16.966666666666665,8.626324018476536,43.27273480857233
20.91419387104639,10.433333333333334,42.079955079115145
15.0,2.505525639716207,11.914973047492177
17.233333333333334,0.6666666666666666,6.006659888590441
5.483333333333333,1.85,20.77
17.416666666666668,2.7,13.905701233249065
14.15,1.0166666666666666,4.440163685085034
16.666666666666668,1.75,14.580864121997374
20.6,3.55,20.4
10.4,3.4833333333333334,38.14091545022195
10.066666666666666,2.283333333333333,13.124729979616502
17.820511321730848,1.0833333333333333,10.97
19.2,6.133333333333334,42.8
20.48333333333333,3.5,21.647968549478136
21.70041805593074,2.4166666666666665,11.011895100227225
17.8,0.8666666666666667,4.33
16.266666666666666,2.333333333333333,11.133018373998677
14.782231027434298,2.648947921370306,5.59
19.25,3.5,20.76
18.316666666666663,1.0833333333333333,10.277551775305879
22.585793500203028,4.016666666666667,21.78766905325766
13.422584648375715,1.9833333333333332,15.2
18.633333333333333,5.1,38.321299781257686
17.716666666666665,3.7366055082144913,18.940874089009842
14.25,0.5,5.44
17.733333333333334,4.720877045975507,31.774727379895303
19.616666666666667,1.2833333333333334,7.3
15.466666666666669,2.1666666666666665,11.1
17.616666666666667,0.5,4.384050928721569
17.266666666666666,3.65,46.0
16.70306773176983,4.125154243328962,14.1
18.83333333333333,3.8666666666666663,25.791614199282368
21.042155658474993,1.2166666666666666,10.621439822377571
8.26038459300789,1.4833333333333334,2.33660169598383
17.5,3.183333333333333,10.698558474515888
5.5187388132056405,0.9666666666666668,10.2
17.466666666666665,1.8833333333333333,16.301522220887538
18.633333333333333,1.95,19.272356982183325
23.264980969210864,6.910750271861806,20.811484083380805
10.468584985653646,2.333333333333333,8.28998266562539
16.486121664469863,0.6833333333333333,4.22
21.894650593216564,3.5,19.79947896615842
7.078336659860008,2.2666666666666666,31.1
18.909692590104683,1.75,4.4224871264843335
19.25,0.9333333333333332,4.32
19.566666666666663,7.283333333333333,21.53
21.486038613979165,10.733333333333333,62.187562578146135
17.4,1.9166666666666667,19.8
19.85,4.416666666666667,32.354112345630966
1.3155887683150946,1.5712522647246507,4.664173818144545
12.744693698562534,1.15,3.771989663178176
18.3,3.066666666666667,11.14
23.5,0.65,5.152131582595329
9.983333333333333,6.822950783675029,26.2
18.75,1.5166666666666666,12.28
17.478542680192184,1.8166666666666669,4.5
17.366666666666667,3.1666666666666665,18.295793575497893
17.333333333333332,7.833333333333333,16.7
17.45,1.6333333333333333,9.19
21.383333333333333,3.4173376020633324,16.71105057347589
17.783333333333335,1.5333333333333334,8.39985877793907
20.96023551051261,2.25,10.248737039068713
18.016666666666666,2.066666666666667,13.437165738226996
16.341705559886936,2.433333333333333,15.39
23.646834189364533,1.6833333333333331,5.215345053548764
17.916666666666668,2.45,11.77
21.78316158252922,3.5,17.91852579769011
10.966666666666669,1.95,10.563672406627257
16.2,3.066666666666667,12.2
18.763882609408984,1.4833333333333334,6.609342424789015
11.25788339549047,4.2527864142330225,13.0
18.25,3.15,21.74563053958786
9.45,2.283333333333333,11.910660711371477
23.3,8.216666666666667,49.4
20.51024184695906,3.033333333333333,19.861346261232345
21.65,1.3666666666666667,7.802102223374531
18.316666666666663,2.333333333333333,6.678275377187495
8.816666666666666,1.3333333333333333,6.872352329834529
18.2,6.083985433392104,16.939117754631045
17.966666666666665,1.4666666666666666,7.52
17.816666666666666,1.6166666666666667,7.599643484205119
19.45,1.1666666666666667,12.260138625379481
18.916666666666668,2.8,16.20023157211092
17.366666666666667,3.7985567074763136,20.76
18.45,2.4,15.397623478708686
13.616666666666667,0.7,6.83
18.83333333333333,5.166666666666667,19.4
6.200105808615666,2.2666666666666666,12.89
18.23333333333333,1.6666666666666667,10.93
18.7,2.55,10.45
17.5,4.25,35.6
22.516666666666666,0.8833333333333333,4.227010456544583
19.266666666666666,4.083333333333333,20.76
17.116666666666667,3.083333333333333,16.29477913675382
17.733333333333334,5.9694820899241074,46.81056079000217
15.95,1.5166666666666666,5.006605176576151
16.1,1.2333333333333334,5.5
17.233333333333334,4.95,16.75700936516617
14.75,1.8,12.7
1.3613317178643438,0.16083910982271385,0.6893893543923434
17.633333333333333,3.1666666666666665,17.99994334200906
18.23333333333333,0.85,7.23213267923564
5.716666666666667,4.016666666666667,16.396036953994667
19.383333333333333,2.216666666666667,11.8
23.28333333333333,1.5333333333333334,5.8
18.75,2.2333333333333334,13.317953718812014
18.75,5.5,25.69605555813248
18.8,0.85,6.46
0.48450569701176555,0.7063198712047305,3.7979835010732383
17.416666666666668,3.1166666666666667,11.14
19.133333333333333,3.183333333333333,26.397616679324017
13.716666666666669,3.0962874558089046,15.56
11.7589771916457,4.726067090628453,26.92896884887401
14.589722541869675,2.6333333333333333,41.6
18.53333333333333,5.083333333333333,10.07
20.53333333333333,4.016666666666667,20.5
17.9,2.533333333333333,19.579537496548873
16.55,1.3022947912947738,10.87
17.783333333333335,3.1333333333333333,20.069906805442823
16.797290408439366,1.9,12.7
9.96199850354713,0.8333333333333334,2.73
19.99020762885139,2.4166666666666665,16.32
19.8,4.366666666666666,16.729441951256995
6.276565550243419,0.7427657034206026,2.7412108335059058
15.120334477124457,5.633333333333334,20.76
6.8343552216472645,0.2333333333333333,2.51
10.066666666666666,0.1666666666666666,2.22
16.795583198288792,2.2333333333333334,13.033294514644874
13.366666666666667,1.45,14.1
18.683333333333334,1.6833333333333331,12.489770297099975
19.433333333333334,1.0833333333333333,9.29
16.666666666666668,2.55,10.45
15.134518835175479,3.1,13.239624702777496
15.800053084698133,0.6833333333333333,12.583508336715301
7.260266887994174,1.0833333333333333,9.44
18.7,2.55,19.3
18.116666666666667,2.3833333333333333,9.9
23.1463070260524,1.5166666666666666,1.1
22.232683381970528,1.1,6.88
23.489698443675568,4.535959794305745,23.60421227259458
18.6,4.75,13.433009187450413
23.635338497415812,9.0,39.2
11.616666666666667,1.3166666666666669,9.786852863721204
16.666666666666668,7.916666666666667,18.95
18.08333333333333,9.836203516893116,21.3
16.920233755550075,1.7333333333333334,13.206927356396097
17.3,5.483333333333333,37.6
20.933333333333334,4.083333333333333,18.2
17.633333333333333,3.2666666666666666,14.8
18.616666666666667,4.783333333333333,10.94
17.783333333333335,2.1333333333333333,10.28
18.633333333333333,0.45447084423918654,2.73
12.677413876887783,1.7333333333333334,8.864352391171794
22.55,3.35,13.39
8.16537469142472,1.7666666666666666,18.1
17.716666666666665,1.05,10.501871783494568
16.029417842041994,3.5,20.76
18.383333333333333,1.0833333333333333,9.233756038434752
9.748270995299315,1.4666666666666666,3.97
17.2,3.083333333333333,19.5
11.066666666666666,0.2,2.454140369723497
16.55,1.156867924345167,4.8
21.78333333333333,12.0556615482435,60.88623878451116
17.716666666666665,3.316666666666667,12.12
6.255714802501891,2.933333333333333,40.01513453359762
18.6,0.7833333333333333,3.8002295602244214
14.783333333333331,2.85,11.26
23.85,12.193672171978914,42.4
16.580234607618248,0.4166666666666667,5.898848526114058
17.65,3.083333333333333,12.59
17.766666666666666,4.621220546473069,39.20259547236592
15.083333333333334,3.3,10.46
10.016666666666667,2.85,10.17
19.133333333333333,1.3166666666666669,8.63
18.28333333333333,2.5166666666666666,24.0
17.55,8.046238050067883,42.7
22.2,3.5,17.991417809724997
18.362816881094872,6.45,37.79017765137138
15.781925164135997,0.7166666666666667,3.9
18.58333333333333,1.65,13.843246906035812
17.616666666666667,2.1666666666666665,17.5
17.533333333333335,0.3166666666666666,1.4710168516963573
11.73198505944443,1.95,9.47
15.216666666666669,1.85,10.409449554520139
17.666666666666668,1.3666666666666667,9.52
17.433333333333334,2.9,10.94
18.016666666666666,7.683333333333334,20.1
8.879917885287867,8.565218379850785,42.76296838036125
17.616666666666667,2.1166666666666667,14.1
0.0,16.146284519795092,68.93341255322487
19.6,0.4666666666666667,5.68
17.65,7.574859138582027,41.443916459676984
23.15,7.683333333333334,42.10318542839638
17.4,5.055625421944273,18.1
17.5,1.8833333333333333,12.832428257702444
23.35,1.0666666666666669,1.6396880783192425
19.890296277895118,2.7333333333333334,21.799467052955553
18.53333333333333,6.733333333333333,44.91876067122491
15.883333333333333,2.05,10.3
12.413312622166249,2.0,5.749620673615973
16.823443586797012,4.233333333333333,18.55
22.8,10.85,36.306433295315856
9.848437258956437,1.6224626800272006,8.334470802282175
18.7,5.944436773518358,44.73433739546136
15.166666666666666,0.4519474414040888,2.806816869417816
23.85,10.766666666666667,21.775883016698536
18.133333333333333,1.7833333333333334,9.6
18.066666666666663,1.6166666666666667,9.01
21.116666666666667,2.55,10.34
13.302584011578293,1.3166666666666669,6.3
23.33333333333333,2.7666666666666666,9.227906316301034
12.96992951947289,3.9166666666666665,19.259121981887642
10.466666666666669,6.677343922133636,12.944866308621453
17.75,1.7833333333333334,10.79
18.316666666666663,1.75,13.47
21.600937498071062,2.533333333333333,26.02800144058429
13.05,0.8833333333333333,7.327998548065099
20.416666666666668,6.516666666666667,44.2
18.566666666666663,3.733333333333333,26.325335540895892
20.55,0.6666666666666666,5.446925441586138
18.45,5.516666666666667,27.400521483675725
20.611946140859544,1.3666666666666667,10.345473640392944
19.1,1.2563050313747681,7.774335378767232
15.866666666666667,1.4333333333333331,5.4308944073569165
15.683333333333334,1.75,14.204323757330519
7.55,2.333333333333333,10.46
8.933333333333334,3.466666666666667,40.01267803113735
17.8,4.933333333333334,24.3
17.383333333333333,0.6484908979590799,0.7
9.816666666666666,5.043739797734679,19.47
10.45,1.7833333333333334,10.17
19.116666666666667,4.583333333333333,17.409773739853037
11.5,2.0,10.74
5.45,3.5166666666666666,18.71
18.90730300410208,2.816666666666667,17.7
22.054873540080784,2.333333333333333,9.232018541661644
16.783333333333335,7.03598484496512,23.0
21.319106464307527,2.566666666666667,15.56
14.516666666666667,0.65,2.8553998878122338
11.401971029176622,0.7166666666666667,4.570286540316976
17.516666666666666,1.2333333333333334,14.83
12.016666666666667,2.1,12.2
17.5,1.55,9.16239858267537
18.316666666666663,2.6166666666666667,29.226375035110504
17.65,2.1,16.41134461240033
5.470657842307673,1.9666666666666663,11.03
16.89214328452392,6.737164807859783,23.59937548346002
16.183333333333334,3.3666666666666667,16.888538491084265
19.118661510278898,3.033333333333333,13.4
10.002783298849192,1.45,8.97732805297887
20.53333333333333,2.033333333333333,9.828191050332917
17.883333333333333,7.333333333333333,20.6
22.048890953479876,1.1166666666666667,4.5
22.56236166034514,0.6666666666666666,1.8
16.983333333333334,2.2,11.550443002277802
17.9,4.186859450357042,18.79
23.33333333333333,0.7,9.685852938675236
19.78333333333333,1.1333333333333333,11.46
13.168506735586604,2.404471728506792,13.84000880286198
5.433333333333334,2.9166666666666665,37.6
23.35,5.907952845247087,15.34
18.516666666666666,3.5166666666666666,25.297273611764957
13.396956752893887,0.7666666666666667,7.330409352934188
17.7,2.4166666666666665,10.77
18.05,1.9931884489880758,15.08
17.433333333333334,0.33742318704912944,4.7
18.15,3.733333333333333,19.4
14.75,9.0,51.04848182829679
17.766666666666666,1.05,6.4
19.73333333333333,3.556086195440988,16.064495175413565
21.706041872384485,1.1166666666666667,15.33060959102671
15.293563995737832,1.8,11.419939929315683
19.6,3.5166666666666666,43.33319363303652
15.982458558593201,1.4833333333333334,8.66864332151466
18.9,3.083333333333333,16.497994598307884
16.45,1.85,15.9
15.9,0.6833333333333333,5.099194543551205
5.733333333333333,7.466721369732947,11.210642626485454
20.33333333333333,9.0,37.47149664561739
16.516666666666666,2.3666666666666667,10.29
15.016666666666667,1.3666666666666667,2.7094031284173
17.75,3.966666666666667,21.42270679291083
17.75,1.5833333333333333,11.77
17.45,2.4833333333333334,10.45
21.267464995229002,2.9166666666666665,14.125905207034133
16.62535044145853,3.9,15.13
19.216666666666665,1.4166666666666667,9.9
23.73333333333333,4.016666666666667,23.1
22.091104252912295,1.3,17.76762950251838
16.433333333333334,2.333333333333333,16.252884826511163
15.098652798107084,2.6,10.94
18.95,6.45,10.11
19.35,1.4,7.22
17.166666666666668,1.6833333333333331,5.569040874027656
17.12434645361037,1.6,12.43023056485978
5.520480081722934,2.933333333333333,13.8
23.05,10.2,51.53536333683664
20.633333333333333,3.6,8.527194838623329
19.03333333333333,3.966666666666667,23.2
12.063484902920434,0.6833333333333333,2.73
7.846031533397877,1.0666666666666669,5.8
16.983333333333334,2.5843605440340975,12.45
17.416666666666668,5.216666666666667,20.204574942220034
16.383333333333333,1.6666666666666667,6.23973985477234
14.345275097675978,2.533333333333333,15.535936314526333
16.31898531054794,0.6333333333333333,3.22
21.98333333333333,4.957819617622856,10.5
23.35,1.9333333333333331,12.64257990403866
19.48333333333333,9.89770285312458,42.9
17.833333333333332,1.7833333333333334,6.710762384866711
23.066666666666663,2.2948221346510422,20.76
22.33333333333333,10.5,51.690310421238614
18.35,2.3833333333333333,10.71
14.616666666666667,1.7833333333333334,11.395233705520596
11.15,1.2333333333333334,9.408621115974112
16.25,0.6333333333333333,2.73
6.8241260213984445,4.866666666666666,13.31
17.483333333333334,3.058160906198759,18.17905435808093
16.466666666666665,5.733333333333333,32.83205665860669
18.633333333333333,3.5,13.85
7.533333333333333,5.430360896208959,20.773832452785264
7.8555792415565175,3.1,10.3
17.616271942676963,1.7166666666666666,7.33720199443001
19.4,4.366666666666666,17.162360701821946
16.214014193500255,0.8166666666666667,6.262331123535981
17.433333333333334,1.6333333333333333,6.996284603891172
18.6,3.7247598447479957,38.86706220239618
21.83333333333333,4.066666666666666,21.91438574247584
17.283333333333335,0.8,2.4574839430060207
9.866666666666667,5.2,22.3
17.562557212790782,4.666666666666667,18.545917141651955
18.65,1.6833333333333331,7.6
9.05,19.372043734002684,68.68893019138791
6.625242974424591,7.386605541201327,34.4
18.23333333333333,1.6333333333333333,6.69
10.716666666666669,2.816666666666667,17.54
18.95,3.2666666666666666,13.981084965777802
17.366666666666667,1.7666666666666666,10.3
18.6,1.4,8.09496863486765
16.9,2.85,12.398467982762936
15.15,5.833333333333333,16.214767091362177
17.216666666666665,2.783333333333333,12.77
18.7,0.4166666666666667,2.22
17.616666666666667,2.5591825728755833,17.6
17.5,5.066666666666666,19.2312473386846
19.216666666666665,5.856218943775396,23.2
0.1424171677715613,7.752686398097338,4.268672392294068
23.70815321881977,1.1333333333333333,39.2
19.03333333333333,1.6,8.74283347867319
18.48333333333333,2.05,17.4
18.066666666666663,3.5166666666666666,11.83
17.75,2.45,10.77
6.333294311155154,1.3833333333333333,4.7073570556545645
15.300849352263509,0.5666666666666667,2.188048935472018
11.266666666666667,1.2333333333333334,6.944653971577556
17.25,6.133333333333334,44.90912747691506
7.669956237028239,1.6166666666666667,8.364344404795313
17.916666666666668,0.7333333333333333,11.06
23.051517089272828,2.933333333333333,27.5
21.166666666666668,3.5,16.703214028846414
9.616666666666667,1.5833333333333333,3.8383089486298125
23.566666666666663,4.9,15.6
5.2763059396554715,2.6,25.095145549432438
23.07778573527153,5.5792286247274205,46.7
12.299868215342485,2.7333333333333334,10.976033949985823
17.866666666666667,10.383333333333333,50.17684098916272
11.783333333333331,2.9,10.835954378069252
19.1,1.2166666666666666,6.484987978737645
18.6,8.040787332936278,20.7
20.48333333333333,5.466666666666667,34.89492546749407
17.4,1.4641906210875353,8.209853970712462
18.520736803928934,2.1666666666666665,10.37
18.6,1.8666666666666667,9.48
17.116666666666667,0.4553568103269889,2.74
10.053029057985238,2.3666666666666667,13.224362003191516
10.583333333333334,3.5166666666666666,16.0
18.416666666666668,1.8833333333333333,19.69686616170168
16.733333333333334,3.5,10.53
11.13207143058848,4.666666666666667,20.76
9.837416887169447,3.316666666666667,9.77
18.511642979366872,2.7333333333333334,20.77
15.697651361935455,4.884976434789512,25.87779669033331
12.166666666666666,3.5,18.1
8.440396953908085,2.0166666666666666,28.051277266392162
17.683333333333334,7.4914698798550035,19.5
23.03333333333333,5.40604817077314,20.232513693014113
14.584241557477737,1.5333333333333334,7.64
17.75,1.5333333333333334,5.71
8.095050271801115,1.5833333333333333,13.14
16.383333333333333,2.2,10.970752482416929
17.883333333333333,2.7666666666666666,22.6
17.583333333333332,1.4666666666666666,14.1
0.30495574724632235,0.6833333333333333,0.7587992578760031
13.616666666666667,1.3666666666666667,17.82017065039704
19.490789719521853,6.916666666666667,20.7
19.066666666666663,3.1,17.576096248014483
23.05,1.0333333333333334,8.084386115748748
7.55,0.1,0.8217925561641842
20.566666666666663,3.5166666666666666,10.449460697336017
19.95,5.299563486427322,20.76
1.3065638548044625,0.6666666666666666,2.3489961022314865
19.118717676266996,0.85,3.9
20.48333333333333,7.75,4.59
11.066124459417374,0.6859843273730599,3.22
23.35,2.4833333333333334,23.327371148257818
21.74128425415356,2.816666666666667,16.467856667657493
19.15,0.6833333333333333,2.630407689910482
6.536752009382883,2.5,11.52
19.30952765730522,1.3333333333333333,2.7957238844253443
20.03333333333333,5.666666666666667,37.293407322982574
19.0,3.55,21.0
17.616666666666667,1.0,3.7495490161014975
21.0,5.333333333333333,30.1
14.25,3.353254178091197,19.82531889632994
19.23333333333333,1.8666666666666667,11.0
18.53333333333333,3.1666666666666665,14.810943651266106
12.15,0.8333333333333334,9.0
9.087965812488282,0.5130156186009276,4.051523032157803
16.55,2.0,13.666425317752214
19.2,2.15,8.955190561991166
21.954159202147434,2.0,15.246383833557951
17.8,0.9333333333333332,4.528735272052467
11.633333333333333,1.4833333333333334,7.732218789800297
18.75,5.216666666666667,41.29161376768285
18.9,1.1666666666666667,11.700553310590925
23.383333333333333,4.665611667879034,5.567091725581033
15.576429876881905,2.7666666666666666,17.80569562801017
0.9632431859305707,0.8333333333333334,5.348934979571791
11.95,1.3166666666666669,9.128987574545613
18.35,0.11140897898925599,0.9750446501910179
5.436968168104555,2.2,14.7
17.416666666666668,3.4166666666666665,15.074471012395403
15.655007926613374,2.75,23.0
21.066666666666663,1.4666666666666666,9.65
5.45,1.8333333333333333,11.394952593578676
18.066666666666663,0.9589437970480589,3.436033089817693
18.33333333333333,1.6833333333333331,9.24
18.08333333333333,1.2,6.392533154474038
17.4,7.786841173675991,24.283582617333323
15.34971715940393,0.95,6.877042107836957
7.6,1.3166666666666669,9.67
17.75,1.0333333333333334,4.9807624575471
18.616666666666667,2.85,9.898321224378765
12.133333333333333,1.6666666666666667,7.69
18.519601412179817,2.989962798579048,25.237859957176394
6.331598008791149,1.4,5.8
17.583333333333332,0.6333333333333333,2.1043528687712816
14.220564145700422,1.9333333333333331,9.616343783576406
13.303178082571195,3.3666666666666667,23.01507455091426
6.916666666666667,2.5,10.3
9.36561333730204,1.8,8.6
8.95212845377187,7.166666666666667,11.255206414733042
7.714694324580269,2.3833333333333333,17.244279692172835
17.433333333333334,3.5,35.506611637205715
20.166666666666668,4.5,26.2
12.849655237448236,0.5,7.450684729220889
17.983333333333334,5.416666666666667,20.2
6.738914265496173,1.1666666666666667,12.239957836878324
14.066004631656309,2.566666666666667,12.687819430193706
17.5,9.0,27.3
22.2,2.7333333333333334,12.23
18.816666666666663,1.6166666666666667,9.67
15.483333333333333,6.876325495340241,25.239524388562337
17.483333333333334,2.566666666666667,14.477562637648512
18.133333333333333,9.64649641876728,48.65450059255345
4.1141894580720155,1.4833333333333334,9.13
13.161761328071245,2.8082768389417843,15.13
17.516666666666666,1.8166666666666669,4.03
23.116666666666667,4.75,35.2
12.4,1.1166666666666667,4.02677280396612
17.616666666666667,10.016666666666667,39.2
6.85,2.4,15.405929945169156
5.4,0.5333333333333333,3.9
17.233333333333334,2.066666666666667,10.770973393724125
17.55,3.4166666666666665,20.76
9.033333333333331,0.6833333333333333,2.4027816521528282
7.425468059767192,1.8,15.296446318433512
14.75,1.8666666666666667,11.3
17.01275958288129,0.2666666666666666,2.2864980840151827
18.933333333333334,4.958489873716462,15.827584948132712
13.913538808777355,0.55,4.54
19.15,3.599302029998929,36.63076559020292
12.533333333333331,1.1,7.233644288646398
4.110213911416617,2.095739899124745,16.65944208435162
23.15,7.88072650753173,25.06067199795476
15.097508402884229,5.416666666666667,30.7
17.8,1.1465259655697195,2.86
5.439926158791637,0.2968204229101897,2.75
16.55,1.6833333333333331,10.1
17.35,7.333333333333333,33.19620778584749
18.266666666666666,1.3166666666666669,8.755191246743925
18.133333333333333,9.0,44.5
21.116666666666667,3.083333333333333,18.79714630555018
16.19379496044377,3.0,19.016467806858238
15.91318370309752,1.95,11.11
18.133333333333333,2.8,15.270763283562404
13.275189867498858,6.35,40.0
17.116666666666667,4.644405380777403,23.2
11.25,2.033333333333333,8.72
16.7,3.1166666666666667,10.4
17.316666666666666,1.9,19.366526427812296
13.676685096716902,1.1166666666666667,6.57
22.55,4.05,14.49
7.15,2.533333333333333,33.69160890598904
18.53333333333333,2.066666666666667,13.8
22.763916508072814,12.654244621951594,55.01673580155177
23.066666666666663,3.5166666666666666,12.298804361277057
14.04574646235106,1.6473632029193992,4.045208786949057
17.9,4.789871541325472,38.9
1.7839553578077298,1.0833333333333333,15.39
19.383333333333333,2.6666666666666665,10.973091121421563
18.866666666666667,7.133333333333334,50.62175755373748
17.833333333333332,1.2166666666666666,5.338625287560649
16.32994008606677,0.85,5.12
11.973365905727873,1.4166666666666667,10.22
18.366666666666667,1.7666666666666666,12.064721996676845
14.5,6.066666666666666,33.59483955886285
18.633333333333333,2.966666666666667,13.520726163136773
17.733333333333334,4.783333333333333,19.8
17.55,0.8833333333333333,7.7
5.4,9.551912759128784,60.05235408982171
17.633333333333333,3.433333333333333,13.699822540214551
14.95,1.7833333333333334,11.09
21.35,9.720675159734188,50.218774670313834
17.733333333333334,4.016666666666667,38.537928978777565
23.116666666666667,4.116666666666666,14.96893242393624
18.25,0.2833333333333333,1.1
20.56175437219658,1.3666666666666667,9.449097414611824
19.316666666666663,5.3,50.59220908422382
18.15,2.95,13.769024131976563
17.233333333333334,3.3792340261222495,7.11
14.516666666666667,2.5166666666666666,6.737209139133343
18.966666666666665,1.7833333333333334,10.33
17.35,9.0,44.56172551567213
15.620683714024347,3.5,9.65
7.163342795961093,0.6166666666666667,2.809710406131139
17.716666666666665,5.3,19.7
17.516666666666666,9.0,17.2
5.58793436050462,2.3833333333333333,8.46
17.5,2.816666666666667,12.768206405453295
17.083333333333332,2.6333333333333333,15.6
12.66914313283199,0.2666666666666666,1.464395328346298
15.998244654558592,2.0,10.93
17.366666666666667,1.3333333333333333,10.3
17.733333333333334,1.18738537431356,8.49
23.1,3.5166666666666666,10.5
13.087524131715947,1.6166666666666667,9.18
14.183333333333334,7.0712320311058265,19.4
20.133333333333333,1.9833333333333332,11.3
18.266666666666666,2.433333333333333,18.054306893801
22.2,1.65,8.74
7.866666666666667,1.5166666666666666,11.46
8.4640162837195,1.7833333333333334,5.01
17.15,1.7833333333333334,7.914937304576078
17.616666666666667,1.2166666666666666,10.823930029391477
17.266666666666666,9.0,25.98631928068913
23.28333333333333,6.4902676670366946,17.690120026182907
17.55,6.4,19.88
17.85,2.966666666666667,12.9
17.366666666666667,1.95,6.816322806086498
17.616666666666667,1.4,6.26
20.4,10.466666666666669,46.93526475174816
19.416666666666668,2.566666666666667,13.31
15.966666666666669,5.736016975955007,15.813523634891997
18.85,1.4333333333333331,2.7259303291677224
17.483333333333334,4.933333333333334,34.15963933590424
23.516666666666666,6.133333333333334,53.204557885478216
5.286704767822949,2.333333333333333,11.455834779836856
7.31322553015009,0.6,11.46
16.733333333333334,2.0,14.83
18.183333333333334,4.016666666666667,20.76
6.4,1.45,6.714938488055996
10.383333333333333,1.2166666666666666,10.4
19.116666666666667,1.9166666666666667,6.8318219173765655
17.633333333333333,2.783333333333333,16.29092428205803
14.601848587933105,3.0263999691291854,16.96626799897736
15.480053438320866,0.5666666666666667,1.9987724554476853
23.35,2.7333333333333334,20.1
13.366666666666667,2.45,17.5
10.137168708217912,0.1,0.6699098761651601
14.61880588179241,1.35,8.204134131281792
12.331292974299135,1.05,5.068383279907581
14.816666666666666,1.3166666666666669,14.908445092543339
17.95,7.133333333333334,22.69294886581661
18.066666666666663,3.5,21.7
17.4,2.3833333333333333,12.256887146185573
15.783333333333331,6.083333333333333,20.77
15.966666666666669,2.0,8.17
18.016666666666666,0.8333333333333334,4.07
18.58333333333333,6.946180705796466,25.8
20.83333333333333,1.6333333333333333,13.85
19.376229386618448,10.719769376535131,60.41883160706398
21.09725106604977,3.2333333333333334,19.3
17.883333333333333,0.75,6.437148215673252
11.437166677202837,2.583333333333333,13.746699521621004
20.53382538731993,3.966666666666667,15.117822004927921
19.45,2.2333333333333334,17.5
10.698078445177575,0.1,0.6
17.9,7.283333333333333,40.75288807129282
17.433333333333334,2.333333333333333,11.927735765520255
17.05,2.816666666666667,12.487857773792426
13.613171676369715,2.65,11.17593507456663
16.216666666666665,3.316666666666667,13.45537948285808
14.533333333333331,3.966666666666667,13.8
17.566666666666666,12.243434868411107,59.649588366282124
16.55,2.5,10.2
9.766822520330315,2.55,7.768695357464298
17.316666666666666,1.6666666666666667,8.27611509774671
17.183333333333334,3.6666666666666665,19.790896062729512
17.916666666666668,4.966666666666667,11.794980785909015
17.833333333333332,4.516666666666667,16.2
17.616666666666667,0.4832681583259668,4.448799988616482
18.64239575441204,3.583333333333333,18.96
0.4365621966895389,0.15,0.7566616606819672
17.216666666666665,3.95,11.3
6.774409883113626,2.6333333333333333,22.6
17.433333333333334,2.85,18.054218401872905
14.116666666666667,2.8666666666666667,14.801646005796405
19.016666666666666,5.039944116594544,22.5
20.916666666666668,7.62996363663467,56.22625198217967
11.814052520422885,2.3833333333333333,19.349658462327426
20.45,3.1,19.802445394873132
18.1,9.0,47.069104466936665
17.666666666666668,1.3333333333333333,13.8
22.317250266554957,1.8166666666666669,12.659836744072479
22.404978842724603,6.7413883071348515,31.091271574922075
16.506147449912902,9.0,50.625439498884155
20.107684890577147,3.5166666666666666,27.70962080855088
21.149571328885962,3.5166666666666666,29.79
22.2,4.8,18.6
18.03333333333333,7.4,34.2
18.45,0.85,3.1090048490124707
17.766666666666666,5.458533179380546,19.5
13.385842875898048,2.833333333333333,15.4
9.833315915188066,3.5,22.1
8.583333333333334,3.25,23.89251300130877
19.45,3.7666666666666666,17.502592413783955
17.2,2.5846050749838767,15.0
9.253252784106,1.0,10.2
17.383333333333333,5.35,24.31252509497699
17.866666666666667,0.9666666666666668,11.87
15.531302596219055,2.65,11.26
20.416666666666668,4.75,20.482845727841806
20.378170994176678,5.890042727118362,37.9
21.633333333333333,1.7333333333333334,9.9
18.683333333333334,2.05,11.4
15.166666666666666,11.770111414801583,64.000782213117
21.383333333333333,3.316666666666667,13.45
18.78333333333333,3.033333333333333,20.76
12.533333333333331,4.166666666666667,29.79
22.166666666666668,6.183333333333334,35.29355629710928
0.2166666666666666,0.25526979896133395,2.0202945077286567
20.237810694702798,12.247681558640458,57.34371011653209
14.75,2.9,18.025892255765655
17.866666666666667,2.2,10.078448884532737
18.366666666666667,10.15,26.012513671242456
11.720156086806673,3.943226069912066,12.12
17.45,9.0,39.47269478047834
5.516666666666667,5.2,29.97496679521273
15.216666666666669,1.8833333333333333,15.56
17.783333333333335,1.2666666666666666,10.74
18.433333333333334,4.966666666666667,48.33442359846549
16.033333333333335,1.6,7.659568882937897
9.966666666666669,0.9,4.004897906751035
21.45,0.75,3.731424123363463
19.670913909210572,2.316666666666667,15.498650149841156
20.35,2.933333333333333,10.57
23.5,4.74177382273621,35.58685689460256
18.25,2.216666666666667,14.010321466720232
16.733333333333334,1.9,10.46
9.04307432756709,1.9833333333333332,12.73
15.603228732409441,1.2666666666666666,2.337432206554464
19.316666666666663,10.135409606834795,51.86154613647286
11.373050724610293,2.1,16.06
23.066666666666663,10.848965183875876,52.20776428934977
17.383333333333333,3.20968682644866,12.65
14.050677749599199,2.5166666666666666,14.68
18.490154122271466,9.0,46.75972559363849
23.3,10.366666666666667,49.3
0.4833333333333333,0.15,1.0413869408796566
17.133333333333333,1.8166666666666669,6.270130384741821
18.016666666666666,3.083333333333333,29.815549795693688
7.2673458926618135,9.197617485655655,51.93666442375324
16.616666666666667,7.333333333333333,27.18171127661469
17.7,2.55,17.53
18.066666666666663,2.05,38.3
17.366666666666667,10.257226023110668,64.05553798761503
6.916666666666667,1.2333333333333334,13.85
17.716666666666665,1.3333333333333333,4.876396595839133
15.516666666666667,1.85,5.5
23.05,6.083333333333333,20.8
9.423229034831662,1.6,10.505863219094191
5.433333333333334,0.8,3.27
18.6,1.7325693297615905,12.96613002998327
20.02427503788292,1.3166666666666669,10.872016236519288
6.431068088656345,1.2166666666666666,2.4381724355458267
22.435318806296028,6.583333333333333,22.2034822949603
8.64568618286303,1.2333333333333334,13.904127483724267
12.983333333333333,5.984186627317369,21.8
16.2,6.45,41.0
17.55,0.6333333333333333,3.03964778509451
18.53333333333333,0.7,3.2158382030931603
11.966666666666669,0.7333333333333333,4.603267148984368
13.2,1.4666666666666666,5.147861306820986
17.02240712935616,6.483333333333333,19.46
14.583333333333334,1.8,15.42
15.82683396129274,2.9833333333333334,8.7
9.43891898595346,1.8166666666666669,14.096798909776505
15.480690632157502,1.0666666666666669,6.23
18.3,2.2255303942606814,13.768507541912177
18.766666666666666,2.9,10.4
17.21023877629154,3.183333333333333,20.7
17.427451920810075,1.7166666666666666,10.210042601211393
18.23254188862441,3.0166666666666666,14.530135650909923
9.083333333333334,0.7333333333333333,5.969837967240924
14.802810518763408,1.5,10.68
5.816597462738734,2.95,18.776343933767624
20.17511844847875,4.55,13.911396616766504
17.4,3.033333333333333,18.1
7.294120445544778,1.988274079217001,7.757398898470535
18.566666666666663,1.9666666666666663,10.3
8.494730073425073,1.1166666666666667,4.899592752134897
19.133333333333333,9.996281650103993,53.73
20.53333333333333,3.4166666666666665,33.618609568481
6.787223075412948,9.40741135277705,28.6
16.366666666666667,4.083333333333333,13.705500218665088
18.0,2.6676875794695696,16.256734914998816
19.616666666666667,2.533333333333333,18.88
22.182204206352488,4.8,11.998961150467371
19.586480034006488,6.786002219607758,25.635659421010086
17.65,1.2166666666666666,4.698354749137134
19.466666666666665,1.8833333333333333,3.22
18.53333333333333,2.183333333333333,11.11
20.55,1.2333333333333334,6.07
17.47397661966996,1.7,10.37
12.166666666666666,0.9666666666666668,6.478765641401483
0.2166666666666666,0.6666666666666666,2.7018582213687594
23.116666666666667,2.466666666666667,12.518652527683289
10.577946120907871,2.3833333333333333,9.77
16.88465548474192,4.133333333333334,16.82
23.166666666666668,7.416666666666667,44.899292078992
22.116666666666667,6.080292367354066,18.612743494304013
9.033333333333331,0.55,5.783734200324495
18.633159110565177,3.0166666666666666,15.066766769141896
17.55,1.3166666666666669,2.73
13.388924373611644,3.8593418339761607,35.53614381101023
10.333333333333334,3.7171274293507928,31.934150123183645
17.784202721934527,10.32035361562533,43.2
19.85,1.75,9.52
13.816666666666666,9.36781990364102,42.4
18.816666666666663,1.8833333333333333,13.156029084384677
7.991845403723403,6.05311451523437,18.32223065870645
10.585975037275576,2.3666666666666667,16.6
23.466666666666665,11.653178755774206,62.516790959622895
6.737965447648569,0.9833333333333332,7.04
19.066666666666663,2.216666666666667,16.6
17.883333333333333,2.8054929287183197,12.9
6.7,2.3637357379507726,10.299320694900844
17.8,1.3,6.83
23.666666666666668,3.333333333333333,13.692158313806175
19.933333333333334,5.05,17.86732432004924
8.828215089750625,2.783333333333333,17.996659359355107
15.483333333333333,6.241351222708704,31.0
18.25,3.25,24.899510740494055
19.366666666666667,0.9833333333333332,9.21
17.366666666666667,8.133333333333333,36.389911270667056
18.933333333333334,3.933333333333333,13.047590821931985
13.45802943334132,1.9166666666666667,9.73308238427895
10.6,1.45,9.470213404906438
17.516666666666666,3.316666666666667,23.2
0.4333333333333333,9.0,20.344531244345273
18.866666666666667,10.221724649479377,39.5
3.6279190001205652,2.1666666666666665,10.445160365155512
13.133333333333333,2.65,9.9
15.766489483602047,2.216666666666667,16.3
22.225994295716188,0.7333333333333333,7.3917566964818695
23.08333333333333,6.183333333333334,24.892328746766665
21.383333333333333,4.3,36.14449373591625
21.85,2.1642166516500194,19.36995312115155
0.55,0.7666666666666667,9.458818346887707
18.633333333333333,2.3,18.5
19.095392088931067,2.216666666666667,12.056781222798842
17.633333333333333,2.7666666666666666,14.2
22.046770691494935,8.516666666666667,30.305357336754152
13.85,1.3,6.866552878402324
14.84551867370438,0.8086732855607389,10.2
7.296641727376667,7.383333333333334,19.896770870256123
16.45,0.8718431733954314,8.95
6.423032903838127,2.05,19.197484060780862
21.53333333333333,5.35,36.76380331515624
18.53333333333333,4.8,23.296147331853327
15.8,1.1833333333333331,10.53
20.183333333333334,8.133333333333333,35.6
18.3,10.252316417666764,59.78351697421924
5.383333333333334,1.6666666666666667,22.5
19.85,5.633333333333334,20.0476236628763
7.858806100330019,3.1,12.59
21.72218669109897,10.35,55.34099032304513
23.08333333333333,6.17170599729847,17.42430204620094
19.316666666666663,2.1,16.5
16.15267562587142,1.2833333333333334,7.1
17.15,2.216666666666667,10.15
9.116666666666667,1.9833333333333332,11.9
11.18531786385119,1.6913997282327404,20.7
6.43939651305669,1.7833333333333334,5.448044258021408
14.116666666666667,2.066666666666667,13.045057217075803
14.370728136525925,1.0333333333333334,3.263907811000965
17.35,1.1166666666666667,11.11
8.816666666666666,10.466666666666669,51.73716611117171
14.918194426655868,1.8333333333333333,7.92
17.3,3.316666666666667,27.508439460977495
15.65,1.8666666666666667,14.347677306072912
14.583333333333334,1.229949111143617,7.99788323883672
16.0,1.1,7.83
18.434206122495727,7.2,39.2
9.421126934707738,2.15,35.678399653511725
17.016666666666666,1.2166666666666666,4.970165831575143
14.25,3.566666666666667,38.62504431323152
17.183333333333334,3.3,10.49
21.242272020062515,3.316666666666667,17.48812206770475
23.07286266128945,3.816666666666667,29.51285050032693
12.25,0.8666666666666667,4.06
17.25,0.6333333333333333,1.694736064072176
19.366666666666667,1.1833333333333331,7.642266846492692
10.64187381593311,1.25,6.6
6.537405392055545,0.9833333333333332,15.6
21.066666666666663,5.766666666666667,30.5
17.416666666666668,3.5166666666666666,23.2
20.7664366264601,3.683333333333333,20.76
5.356100699181868,3.433333333333333,15.699621406229706
17.983333333333334,2.1815088908634417,11.520266922844575
1.9947548661335008,0.7833333333333333,1.633583746345142
11.95,2.4833333333333334,35.6
19.066666666666663,1.65,10.29
20.2,3.5,21.498093366195757
23.1,3.5,20.76
21.633333333333333,1.0333333333333334,5.442283215030214
20.431242912655787,5.15195157422567,21.496282595852733
16.32591956322914,1.9166666666666667,10.74
10.089255862243858,1.0666666666666669,5.98665654326235
18.966666666666665,1.3166666666666669,6.215976694042159
18.15,7.533333333333333,27.367025796554916
12.283333333333331,2.9833333333333334,10.666374192572563
18.316666666666663,2.0166666666666666,10.616842443167197
0.05364390984206573,0.9,4.352721221632753
17.116666666666667,1.85,10.41
18.616666666666667,1.2666666666666666,8.74
20.4,3.5,19.4
17.65,3.170504973478603,15.721864192366619
17.633333333333333,5.466666666666667,24.317591245504083
17.55,2.083333333333333,20.76
5.683333333333334,0.1166666666666666,1.3456057683612372
22.90870515657035,0.6666666666666666,9.01
17.733333333333334,5.135960637213347,15.932291122222036
17.383333333333333,2.583333333333333,11.582580302205074
15.666666666666666,0.7333333333333333,3.9691486114887122
18.5,6.016666666666667,10.341259682145042
11.266666666666667,1.3166666666666669,8.4
17.21835942914951,1.15,8.63
18.633333333333333,2.1666666666666665,14.83
19.116666666666667,2.033333333333333,9.557691839831277
18.7,8.2083548593077,26.2
23.5,4.3,13.3
10.644318843213448,3.1666666666666665,33.33
16.68606198888853,0.4663287542945182,1.4678784401098202
18.35,5.119879551377941,21.8000105338936
19.8528207205681,0.7333333333333333,3.8862040432499745
15.503962116292579,0.9666666666666668,9.5
14.566666666666666,3.45,21.075437488771122
18.160905430334722,1.55,5.246921481091874
0.744003969111326,2.7666666666666666,10.24
10.766666666666667,1.4833333333333334,11.727543882122298
18.55,6.183333333333334,20.77
9.416666666666666,2.55,15.06
5.383333333333334,1.95,9.7
17.6,1.2030617084101436,7.14
17.233333333333334,9.0,42.1
17.45,4.833333333333333,30.026777304399815
8.95,2.216666666666667,10.525000241345099
14.73752031253184,0.8,2.383805270212206
16.833333333333332,3.2333333333333334,18.34
16.35600221957384,0.6166666666666667,2.0980845653507894
15.466666666666669,1.95,10.25
18.03333333333333,3.2416185818109473,36.0
18.33333333333333,8.659715642850037,37.715845788553665
19.466666666666665,2.4166666666666665,14.393203348295705
18.966666666666665,2.066666666666667,9.72865391432268
16.466666666666665,2.95,20.31
13.414942159042898,1.3,7.77
16.97566940924564,5.633333333333334,42.52765232563751
17.483333333333334,1.8166666666666669,10.36
23.566666666666663,9.634352840582869,16.82348077169909
12.3,0.6833333333333333,5.0
9.779516121189923,7.333333333333333,20.763746517018472
0.55,1.0,6.2838858389278665
17.233333333333334,2.6333333333333333,13.2
12.016666666666667,8.624720296181506,18.4
17.766666666666666,3.1,21.522736710276654
18.50274245855951,7.966666666666667,27.543558187850522
16.616666666666667,0.9166666666666666,3.1084876234114898
19.716666666666665,1.2833333333333334,9.299477437167742
13.551402266215094,4.483333333333333,19.84141192093417
16.616666666666667,3.3833333333333333,20.067206351044245
23.106188710809224,7.000661333240555,48.21454595884823
20.55,7.633333333333334,22.993602007937337
17.716666666666665,1.3796153955247215,5.685540433901048
9.616666666666667,2.8,13.14
17.233333333333334,1.8333333333333333,10.09
19.3,1.65,9.813765750013756
20.109059141007638,1.6,15.20623704409213
19.353616103805454,1.65,10.446894216245761
14.466666666666669,5.4,9.93
18.83333333333333,6.738704649476313,15.541721239481497
17.616666666666667,1.1009265272421611,5.068240689582181
17.85,3.25,11.861968725634297
18.924385612864878,3.3833333333333333,20.76
19.316666666666663,2.553613094734377,7.401031438602248
17.65,8.509338808583593,59.81881105535431
7.2,12.16408089355942,12.78
23.218379870457145,0.75,3.369957438478648
10.850225596313336,0.6666666666666666,3.267140532364761
18.933333333333334,1.5333333333333334,15.8
13.816666666666666,10.016666666666667,30.122524067227715
12.416666666666666,8.766666666666667,14.266809189142704
17.383333333333333,1.2833333333333334,5.83
19.729634588835285,1.8666666666666667,6.7
19.133333333333333,5.366666666666666,15.92
5.483333333333333,1.35,9.24
18.52603177395321,3.2405093016424873,10.458798379092201
19.133333333333333,8.47628061902595,46.4
18.316666666666663,3.492161643923108,18.1
15.098058757768117,0.9333333333333332,4.882046531954386
1.7887240137636153,2.4166666666666665,12.422674157461788
17.883333333333333,5.557551815428398,19.47
18.0,3.1,13.356605969219014
19.169735661489163,3.783333333333333,19.58192594526934
10.795934616974915,2.4833333333333334,16.023919371533015
9.616666666666667,2.2333333333333334,6.2087140059996955
10.80741302497861,1.0666666666666669,5.52
5.445871008204426,2.333333333333333,38.90977813188861
16.366666666666667,0.2319587988015738,1.14234494611629
14.416666666666666,1.8333333333333333,10.58
11.81683027910461,3.466666666666667,18.70378622526374
16.183333333333334,2.6666666666666665,10.33
17.666666666666668,1.4666666666666666,12.5
21.216666666666665,5.016666666666667,18.337046280158273
21.316110414726058,3.75,2.7936482273518695
18.48333333333333,2.7,10.255663470781872
17.383333333333333,2.433333333333333,9.63
22.55,3.1791070309607523,18.29
18.066666666666663,4.634720847498246,39.20019213820096
17.733333333333334,2.283333333333333,9.26
17.75,0.4166666666666667,2.97
18.269386561975935,1.1833333333333331,5.9
10.187287667607018,2.333333333333333,11.4
16.583333333333332,3.683333333333333,40.73043871516728
19.716666666666665,2.65,22.802878547099354
17.133333333333333,4.4635637724988255,19.9541722205118
8.333333333333334,3.316666666666667,18.59
17.733333333333334,0.9333333333333332,7.432240247322037
17.95,1.673239071049617,8.944321102802869
19.316666666666663,1.9666666666666663,10.25
20.084246225183183,1.1,10.03
12.733333333333333,1.85,9.611471994719206
7.922759760162446,0.85,7.0726688419099775
16.383333333333333,2.8,16.25
16.183333333333334,1.5333333333333334,11.130704147880301
18.183333333333334,3.5166666666666666,22.1
11.416666666666666,3.1666666666666665,17.59372181485842
22.912007960705964,0.7666666666666667,9.24
11.316666666666666,5.066666666666666,16.699828482515034
23.66564382817068,8.516666666666667,25.8
10.571473275778313,3.8666666666666663,22.539416620975363
6.490030025294256,10.012541470319889,51.68316127912912
21.96870547985414,10.999682632848248,52.19178141274941
17.05,1.6833333333333331,7.79
22.366666666666667,2.4833333333333334,12.3
18.316666666666663,3.5,19.82462791054007
19.223689880591085,0.85,4.59
17.366666666666667,3.5166666666666666,24.0
15.3,2.7333333333333334,21.53
14.433537724560676,1.1666666666666667,27.537116039326722
18.15,3.2361642234917554,20.031980906784938
6.828037504246788,3.6,18.1
17.3,1.8833333333333333,10.33
18.183333333333334,3.1166666666666667,26.56878148347734
6.3,1.6666666666666667,10.39
20.711459207094425,5.5,20.061232327599903
10.077190756850975,1.3333333333333333,4.1
20.516666666666666,5.066666666666666,11.49
19.266666666666666,1.9,8.689827544709564
0.8579012023153852,2.3666666666666667,11.35888958241163
21.4408731641373,7.416666666666667,15.576430210438389
10.566666666666666,2.1666666666666665,13.641455356316547
21.53333333333333,0.3166666666666666,4.1
15.957248745614589,1.2833333333333334,7.421060975662666
12.333333333333334,2.066666666666667,14.26
6.0554427258934345,4.983333333333333,21.0
5.4,2.833333333333333,10.422297803544673
18.05,5.633333333333334,33.2
18.206698101538876,0.8666666666666667,8.5
18.90721045570076,0.8833333333333333,4.8
16.266666666666666,7.494938540691025,55.22232315467432
18.75,3.1,49.145871555628254
11.159174265638319,1.25,10.57
6.15,6.45,49.80511886744213
23.616666666666667,5.210389089936257,32.33482932201921
9.10347103605629,1.8333333333333333,11.9962168020804
17.116666666666667,2.316666666666667,11.205790257840036
9.928130909273149,0.6666666666666666,2.382271566291733
21.778466794318962,1.8833333333333333,23.234375759606163
18.133333333333333,0.6,5.1762185142479495
20.133333333333333,2.966666666666667,21.394296617075934
17.733333333333334,9.940852151969345,35.35092537231961
9.752301944230322,2.55,16.2
18.115755605889547,5.001128273024173,34.0
17.460520837275872,5.266666666666667,23.38523426303186
17.116666666666667,4.6,25.222656526579986
17.466666666666665,3.5,24.793039327043914
19.383333333333333,2.816666666666667,15.89
23.08333333333333,0.2333333333333333,2.1
17.616666666666667,1.3833333333333333,7.7516051398032415
8.3297327207464,1.85,13.137457852217322
19.316666666666663,3.839169032825877,11.75
17.983333333333334,1.5166666666666666,10.4
21.016666666666666,8.668788688286803,30.91076183125674
14.85,3.033333333333333,9.21237339675368
16.551906388112652,2.7666666666666666,10.05074505543955
17.116942357622133,1.6333333333333333,7.23
15.466666666666669,2.6333333333333333,13.430409446583724
9.086660731749717,4.766666666666667,15.554096812437896
16.266695705472745,2.3666666666666667,12.136033406421712
10.5,3.183333333333333,32.90507740072762
22.316666666666663,1.8666666666666667,4.9
17.709603260780455,9.319051136530371,36.68377272432781
14.083333333333334,1.5166666666666666,9.8
0.4863924961235313,0.8333333333333334,10.53709934904768
16.229079595245512,4.516666666666667,25.626733653122777
17.783333333333335,2.2666666666666666,11.03
12.651991264948757,1.5333333333333334,11.63
18.316666666666663,0.5,2.8033669108631307
23.05,2.3833333333333333,5.91
0.55,0.2166666666666666,2.198064582514441
18.316666666666663,1.9166666666666667,10.1
17.716666666666665,1.5333333333333334,10.2
12.133333333333333,0.8333333333333334,5.167621979404991
0.4158314394725013,0.2333333333333333,1.9506906273810558
16.566666666666666,3.4833333333333334,40.3
1.5463369064576407,1.2833333333333334,10.97
16.27189129421568,2.966666666666667,20.77
5.4,0.6754578314808318,6.798725845936025
12.15,3.75,17.49161628803912
19.466666666666665,0.6333333333333333,2.626084117246296
18.28333333333333,8.0,45.3
22.340110451326492,3.0166666666666666,36.77276933044992
20.743360531656904,10.433333333333334,45.47916545457392
5.366666666666666,0.6166666666666667,11.511867054885574
17.016666666666666,6.666666666666667,31.0
17.233333333333334,0.85,3.8142033266835025
10.783333333333331,9.0,44.2
19.0,4.784678105582695,16.39
9.766646340766602,3.183333333333333,15.84910821301438
21.466666666666665,2.75,23.0
15.916666666666666,2.4833333333333334,20.395894809613786
17.916666666666668,5.299613683761239,27.994045966171996
19.6,2.3833333333333333,13.92
11.311362362753506,1.7312928520837432,6.216747144253624
6.5465855383048,0.7666666666666667,7.52
12.968580954218794,4.666666666666667,17.42041312745633
17.833333333333332,4.566666666666666,21.085708620154037
0.06477916079534217,0.23821850310200032,2.55
17.616666666666667,2.933333333333333,15.74
2.496402060703387,1.6166666666666667,6.3976754160365905
9.421137890771831,0.6833333333333333,4.733156696635347
17.383333333333333,3.3383715857297296,19.18342786514875
17.916666666666668,0.33696468630050613,4.370869441603153
12.29012416035171,3.0166666666666666,15.854375852661823
18.866666666666667,2.7666666666666666,16.68
21.834109163119436,1.4333333333333331,4.91106227237974
10.55,0.943415172505873,4.32
16.26925871935737,1.7,8.6
18.48333333333333,1.3166666666666669,8.971609509064287
0.8265204952403887,1.0,2.503874181916963
11.150405075495016,3.1,16.25
18.3,1.6333333333333333,7.82477110907613
20.75809072009527,2.7666666666666666,6.998549821733508
10.498543134210232,0.8166666666666667,3.93
22.89905623891362,9.0,33.256890219478215
18.823864691108067,3.696676480734459,20.4631084015152
20.316666666666663,6.516666666666667,41.2
15.533333333333331,2.1166666666666667,10.95
19.216666666666665,5.616666666666666,22.4178436989219
17.916666666666668,2.316666666666667,10.69
18.65,6.118809513184896,16.928276681086153
17.733333333333334,1.15,14.199459209298048
20.81418781662634,2.35,18.85252574289367
15.683333333333334,1.95,17.544438164410327
17.45,0.65,2.1637043643525753
8.366666666666667,1.8,15.679973404211484
23.5,5.433333333333334,21.8
20.48333333333333,3.353438480528837,12.473778786569117
22.434898451928643,10.235414432346783,52.96167610814584
23.08333333333333,5.5,36.0
13.46191769524293,1.3666666666666667,10.93
17.3,1.45,9.00563455424508
11.25,1.95,9.66
10.736310040875116,1.8333333333333333,10.55
23.066666666666663,15.327591036796395,64.03205971076457
9.116666666666667,2.6,13.44
18.133333333333333,2.033333333333333,14.495457916719596
13.175210896820552,2.333333333333333,10.9
5.446516606704237,0.5666666666666667,2.75
16.445294616906054,2.816666666666667,17.77987572836394
18.183333333333334,6.400764550761642,40.15582126341447
11.373643058621443,3.35,15.1
19.026689067293045,6.0,35.41193587534485
10.85,4.383333333333334,17.08189452256161
13.501685779494448,3.6,12.472418353981707
22.33343569208813,3.7666666666666666,14.9
15.266666666666667,2.7666666666666666,13.6
18.383333333333333,3.75,20.97
18.566666666666663,1.6333333333333333,11.679996004013475
17.906254739460476,5.266666666666667,10.25
17.25,2.1333333333333333,17.3
12.8,7.416666666666667,34.1
15.65,2.7666666666666666,18.05514208424365
5.283333333333333,2.566666666666667,20.825014166011652
6.623145247203083,4.64795735745535,10.55
6.816666666666666,1.4,10.35511357471107
17.533333333333335,0.9,9.994483940528125
5.466666666666667,1.9333333333333331,8.08
19.28333333333333,4.8,21.8
7.44779079384913,4.316666666666666,13.82237884130866
22.8,4.69125798333439,22.434703983752605
16.1,2.283333333333333,11.83
16.5,3.5166666666666666,21.25420681506921
18.18433744363449,3.316666666666667,19.547375021919045
6.85,1.8666666666666667,14.98762107850713
17.466666666666665,4.783333333333333,20.02074135743015
20.6,3.1,13.71662433742638
15.2,1.8666666666666667,10.229160546220543
16.783333333333335,0.55,4.506665606357729
5.816666666666666,1.1333333333333333,6.824688342354348
19.85,2.95,20.179013804988443
22.55,4.383333333333334,42.1
17.433333333333334,4.419796417921582,16.6
5.4,9.0,44.46663853531014
13.816666666666666,1.7166666666666666,14.029203593947004
4.975301827563438,0.7333333333333333,3.777894518576483
18.33333333333333,3.5166666666666666,17.906928028727908
16.583333333333332,1.0666666666666669,5.801010636920042
17.2,2.0832718220970565,10.844432941048101
6.5,1.6333333333333333,14.83
20.016666666666666,3.683333333333333,20.76
17.233333333333334,6.622832571421198,51.24692166538455
20.528186262442734,3.183333333333333,25.805261328045255
16.466666666666665,9.00508964687837,54.42717424065422
23.183333333333334,4.266666666666667,14.108261854890284
11.956103852212705,1.6666666666666667,8.388307108830876
13.670267766413284,1.6333333333333333,6.00280145870481
17.233333333333334,3.0554510213570096,12.847578288296202
0.1,0.5,1.29146630059084
18.5,7.7146157496210135,23.21089697218887
18.35,5.1,27.5
5.377711184234936,1.1833333333333331,1.316655425594668
16.483333333333334,1.5274698801170663,5.309700673754517
16.75,5.716666666666667,19.9
15.383333333333333,8.65,34.1
19.316666666666663,2.216666666666667,11.25752137322386
13.616666666666667,1.35,13.3
20.066666666666663,5.85,32.565933706990144
17.5609910630137,2.596241302915102,11.482099083024606
10.5,0.4166666666666667,3.7250597313467018
15.168439791276061,1.6,8.145856017350244
15.6,3.269939124715798,12.79595492105356
18.916666666666668,1.2166666666666666,7.76
21.263734985240937,6.183333333333334,38.354150333906155
20.113991215212454,2.95,17.405807399499903
18.616666666666667,1.8333333333333333,5.177490397750691
19.116666666666667,1.7666666666666666,5.1753880924240505
10.696506732661367,5.216666666666667,22.1
19.28333333333333,8.766666666666667,36.47089833859221
9.102872973596178,1.8,8.275515408036297
18.03333333333333,2.4166666666666665,15.578647807079479
23.7,6.0,40.3
20.988755454787185,1.8,13.241198873628768
17.866666666666667,2.75,4.270716905064534
16.45686487231423,2.05,18.474619008078943
17.85,3.183333333333333,19.7
13.116678145996707,1.1833333333333331,9.351670933309487
23.166666666666668,7.626494075991642,40.3
13.264607714669491,9.766666666666667,40.131161718192246
18.8,3.1666666666666665,17.983804378647545
16.166666666666668,4.130463631148473,22.67506059561459
22.906227852985012,2.3666666666666667,15.92
11.809933961407397,1.8666666666666667,9.44
7.713735524264748,0.5,3.97
16.383333333333333,2.933333333333333,29.463177133527097
17.45,1.5688675133842709,5.0
6.0,1.8833333333333333,12.30149236868674
14.533333333333331,3.25,16.07
15.483333333333333,0.8833333333333333,6.89
17.733333333333334,1.95,4.36
0.4833333333333333,2.066666666666667,25.23767593814043
16.583333333333332,1.8833333333333333,10.844737430844402
17.633333333333333,2.8666666666666667,17.6
19.133333333333333,2.9,9.52
23.032230609592578,1.95,12.65
14.616666666666667,1.0833333333333333,6.700762229140651
11.633333333333333,2.4166666666666665,20.76
17.866666666666667,8.421824987389451,35.2
0.55,0.1,1.0720231481103693
22.920146283093125,0.6333333333333333,10.1
6.383333333333334,0.6666666666666666,1.9542817789386056
7.083333333333333,1.7666666666666666,10.25
9.9,2.55,14.349014239924555
16.916666666666668,1.4,14.1
6.079449697894694,0.8294840587724679,4.1009528631545455
21.701225009406098,2.8,21.54269293685755
19.366666666666667,2.066666666666667,10.22844932741336
17.383333333333333,1.3166666666666669,5.22
1.017835010676769,2.966666666666667,12.73
22.25,5.915736629642538,10.154268905767983
23.2,3.5166666666666666,41.223323348280104
23.116666666666667,4.016666666666667,13.29401661869588
18.65,1.65,6.3
8.317541905736512,1.6833333333333331,7.7
16.733333333333334,3.25,46.75899326826175
11.25,7.833333333333333,19.31081060901685
17.65,6.129816492822632,31.896528851964288
17.183333333333334,0.6666666666666666,4.22
4.225580775283714,5.183333333333334,17.54510798854149
9.766609783565787,1.6666666666666667,10.95
17.773743380404774,3.183333333333333,12.3
18.98333333333333,3.283333333333333,11.625194253244869
15.366666666666667,0.35,1.6499448318390453
22.8,2.2666666666666666,15.92
18.633333333333333,1.7666666666666666,10.15
16.916666666666668,5.305670584290343,27.99753056604919
1.7333333333333334,1.6666666666666667,16.46
9.416666666666666,1.9,10.438852660900956
18.516666666666666,1.8,7.74
17.316666666666666,1.2,9.624635346105062
15.416666666666666,1.8666666666666667,10.9
20.08333333333333,10.35,49.08692337056245
17.6,2.283333333333333,11.178906657042184
0.3166666666666666,0.5,0.7
18.58333333333333,7.966666666666667,46.89196489122122
15.916666666666666,3.1,14.553209707816869
12.0,3.3,10.669387540976274
10.333333333333334,10.183333333333334,49.4
19.55,3.3240596743052833,15.781016886012436
17.433333333333334,3.8333333333333335,30.9
23.343541148126608,7.416666666666667,29.82746842243
0.9148025940739871,0.2666666666666666,1.692631649829742
17.633333333333333,1.65,10.45
17.466666666666665,6.516666666666667,45.7
18.133333333333333,6.995693179267702,24.2
17.533333333333335,3.083333333333333,37.37657945856654
17.480284183921345,4.573177917255134,21.0
23.316666666666663,1.8833333333333333,9.445540286979634
15.95,2.9166666666666665,16.0
17.166666666666668,2.033333333333333,21.9
15.92206492920111,1.65,16.3
22.607012500716444,3.5,39.094014504319325
17.55,3.066666666666667,13.97
17.866666666666667,9.283961845228344,36.46055350376189
19.73333333333333,1.1,5.5
12.293114472663074,1.2833333333333334,6.0
17.75,3.083333333333333,10.709568510002429
18.566666666666663,5.9217275232659485,19.69038919834739
8.903544680035061,2.3519086705722887,20.2
14.416666666666666,1.3,4.686981706468816
17.733333333333334,4.133333333333334,25.8
13.545005786365659,3.1,17.4750727705803
16.55,3.1166666666666667,11.748229733631836
17.85,2.7666666666666666,16.96
17.15,0.8,4.03
18.216666666666665,0.5,1.74
16.1,2.6,7.0
19.23333333333333,3.466666666666667,21.304836304467184
17.883333333333333,0.7833333333333333,12.14
17.99442974261664,2.333333333333333,17.6
21.266666666666666,2.283333333333333,21.901570601215678
18.48333333333333,1.7333333333333334,10.906534132002347
6.333333333333333,2.566666666666667,11.330557013152466
19.15,1.5166666666666666,4.407617787028396
21.183333333333334,1.65,19.68481132874018
17.466666666666665,5.366666666666666,23.727255489565866
5.433333333333334,0.2666666666666666,4.419900498933813
20.48333333333333,9.949375562984113,32.575327079039454
15.12844368767135,0.85,6.4
23.45,3.55,14.7
0.9209120253819174,0.35,1.9
19.35,8.866666666666667,52.452836213396104
22.55,2.7333333333333334,15.044179300973987
19.73333333333333,6.566666666666666,19.611576911685063
17.8,8.516666666666667,16.463332167935818
14.799605656316139,9.465433348365575,50.687743944397226
5.516666666666667,2.066666666666667,7.873826284968212
10.733333333333333,2.4833333333333334,12.182328345871442
20.9,6.783333333333333,36.18790766993967
14.833333333333334,4.133333333333334,18.724656196452862
19.272599871612503,2.433333333333333,11.72
8.40797358923373,1.5495886759779618,9.608959099591996
23.83178596408303,9.0,63.54039469176161
20.286341251859085,5.166666666666667,30.651285613822253
10.95,2.95,11.116959753919641
18.133333333333333,2.0,11.39
17.916666666666668,2.8,33.0
19.133333333333333,3.752396960662827,21.600744451614066
23.516666666666666,1.3,10.29
18.53333333333333,1.8833333333333333,6.23
20.308443943960672,1.95,10.66
11.514340792263024,0.6333333333333333,3.489282074724486
20.48333333333333,1.1666666666666667,12.7
11.152446706365474,3.199770369083679,17.42577567792492
6.116666666666666,0.85,11.8
19.133333333333333,4.270756518074973,22.3
17.766666666666666,1.0666666666666669,6.1968909410612225
10.19483067218874,0.6166666666666667,9.298293230470783
1.2930767501807734,1.9,8.459673618871273
7.863587902678898,2.3666666666666667,6.6860848121093905
6.543785139210667,1.0666666666666669,2.0522129826866955
3.644617076496972,0.2666666666666666,1.9
17.366666666666667,8.997107632644596,44.4
17.85,2.6568733404312788,17.26569486112808
15.383333333333333,1.0833333333333333,10.43
17.983333333333334,3.15,14.696080883641939
17.8503417430341,5.066666666666666,31.515397905065853
21.491908708950366,12.07448281141942,66.34211559678167
19.56925852226878,2.8,20.7606669123984
23.2,0.2499718346537738,1.536816919006847
20.75,0.7333333333333333,9.504526910271734
22.25357563829989,3.216666666666667,33.43254447242978
6.84093718228486,1.8166666666666669,8.135589912845774
18.83333333333333,2.033333333333333,15.872522102727471
15.908290523127839,2.3666666666666667,10.4
20.73333333333333,1.8833333333333333,10.63
20.43987241486815,2.2,14.279285325507935
18.08333333333333,2.15,12.1
14.5,4.3903384196175015,18.2
13.444449264542829,2.333333333333333,11.266142700539204
23.116666666666667,9.0,53.41676812817219
16.933333333333334,1.15,5.939816717189565
17.59749735261477,1.9166666666666667,8.49
15.866666666666667,5.3,35.2
18.633333333333333,2.5166666666666666,46.0
17.533333333333335,3.1666666666666665,13.6
18.65,0.5,2.75
13.92344795911274,1.4695050747887952,7.567677177769602
14.712948505935913,3.033333333333333,13.0
17.316666666666666,3.097004199950542,12.77209265585061
9.244287001295982,2.2666666666666666,10.68
23.05,3.8666666666666663,6.168943352548359
13.43494629266312,7.980510690812798,48.21206771544752
19.105473220868582,1.3,6.83
19.34949080651978,3.45,15.0
14.616666666666667,3.3833333333333333,11.14
18.916666666666668,8.344191797046028,34.2
13.635497863365945,2.7333333333333334,9.575533176770117
12.166666666666666,2.3833333333333333,13.709540678012955
17.433333333333334,8.209368522241569,38.84488494907637
16.783333333333335,6.732061134785893,39.1
11.75101728690739,7.605813636172509,39.5
18.58333333333333,2.833333333333333,20.77
10.146547866203436,1.6166666666666667,8.06
0.835708361494102,0.8833333333333333,4.66
14.25,1.15,6.532934673992902
16.266666666666666,1.7833333333333334,3.97
18.716666666666665,0.1666666666666666,2.618021965636168
19.23463955954975,0.7004129588235954,3.8032587329957788
23.479632654502982,0.7833333333333333,11.68393423199221
17.366666666666667,7.001540522654954,23.11557853937685
16.616666666666667,0.4833333333333333,2.1980551797652077
5.67282679824541,0.2666666666666666,3.5697598543571627
17.69781216953291,5.5,6.71624597990498
18.266666666666666,1.8666666666666667,9.15248134390681
10.489958871567152,2.9166666666666665,19.613472105151942
17.25,1.4833333333333334,6.309505826689332
10.985638797036028,1.2166666666666666,7.1
0.2922640811048195,7.633333333333334,53.372195330089355
8.81434886086105,1.0,6.821311200538115
17.65,2.683333333333333,19.00073744213266
14.416666666666666,2.7,16.654466339680784
18.969850253852137,3.5,30.5
18.530896558314367,3.025866516783515,14.49
18.916666666666668,1.85,3.504595903854874
17.216666666666665,0.7333333333333333,3.9
18.383333333333333,10.239869239328973,50.23841036737011
18.73333333333333,2.8,11.404601622810379
9.908291174321196,1.85,8.6
17.483333333333334,0.8333333333333334,11.218450343000711
18.916666666666668,3.933333333333333,25.95883637197326
6.35046201212849,1.7,5.003537812725666
16.222056323509523,2.25,12.4
15.433333333333334,2.4,11.1
17.233333333333334,3.633333333333333,17.80846944385423
21.015255855195157,2.433333333333333,7.51898475208853
12.525656239787624,1.3,5.5
17.65,2.2,10.29
17.1,1.9333333333333331,6.361588086668464
18.766666666666666,4.765387491756125,20.77
18.78333333333333,3.3833333333333333,15.014522458456314
18.688411478351448,1.15,5.24098337605346
8.369093501532467,1.0833333333333333,9.9
15.56112850147263,1.4333333333333331,8.170323296150114
15.883333333333333,0.1666666666666666,1.1
5.720732979297877,3.3344252689383476,40.97168305354655
22.860717542821735,5.367733892987712,7.92
17.283333333333335,1.6333333333333333,10.283046939457321
0.5055523344635425,1.3333333333333333,10.58
17.55,3.05,24.387834489094782
9.966666666666669,5.116270779764947,12.54
15.233333333333333,1.2166666666666666,13.398092009848984
11.980789985690729,1.8833333333333333,11.39
17.533333333333335,1.7333333333333334,16.82
12.866666666666667,0.8833333333333333,4.684795556719854
11.166666666666666,5.916666666666667,17.7
22.8,8.866666666666667,23.911590519303626
23.7,2.083333333333333,4.293018946001651
18.05,2.3,36.8
18.633333333333333,2.4166666666666665,12.4
17.416666666666668,2.183333333333333,14.68763866116767
10.45,1.4666666666666666,8.147504686914987
18.433333333333334,2.145565451269768,10.95
23.1,6.0290362643801245,34.94872277275526
11.166666666666666,1.9,11.799761518449712
21.470008137436782,9.959188989689817,49.860312945379555
5.4,8.9158498637547,12.775944642971146
15.216666666666669,2.0936780370714736,10.739570284929298
18.866666666666667,2.3833333333333333,16.920327672383294
10.65,4.76772378445177,26.1
18.35,0.2333333333333333,4.332696655566761
17.583333333333332,2.9,13.912736910437065
18.616666666666667,1.3166666666666669,7.109780255964688
16.983333333333334,3.119808288359411,11.445008573226218
15.966666666666669,4.325802876065579,27.507814487128073
14.566666666666666,5.833333333333333,46.89
16.516666666666666,2.7333333333333334,11.3
11.433333333333334,2.933333333333333,15.9
21.616206182554805,1.95,10.2
17.05,0.8833333333333333,4.79
15.55,0.2333333333333333,1.1
8.34052010927635,1.5333333333333334,9.44
16.85,1.9166666666666667,13.09789298303255
1.0786127783305064,1.0166666666666666,11.02
17.733333333333334,2.7333333333333334,12.29
18.816666666666663,1.0224127370115155,8.8
13.294155205524742,3.261942568815554,16.459944613342913
2.8177124621600322,2.283333333333333,5.521529100255941
6.820218115406778,0.2666666666666666,1.7069222824597587
16.12203865875593,1.65,12.95
22.85,5.889275962925816,36.74766269244276
18.316666666666663,1.1,6.0
20.518848452279485,2.15,10.41
6.857889228261129,3.95,12.46
14.53031230697228,1.7,6.5
18.366268147028215,0.2666666666666666,1.3763398187538098
10.766666666666667,1.7666666666666666,10.17
1.2490365341241325,1.6333333333333333,12.29
17.283333333333335,7.002101684262569,19.84
23.08333333333333,3.5,38.7
17.55,4.833333333333333,17.7
18.216666666666665,2.90091854128439,18.45
14.549842957826838,1.9333333333333331,4.734185820789455
17.966666666666665,2.933333333333333,13.99644305905564
21.933333333333334,4.966666666666667,27.184533472337513
21.35,3.9166666666666665,13.072678339518093
19.6,1.25,2.75
19.55,1.8333333333333333,10.08
10.730929001476184,1.5666666666666669,7.0
17.283333333333335,2.283333333333333,7.071154054938013
18.854517892953307,2.7333333333333334,12.83
19.03333333333333,5.066666666666666,38.75374662110812
23.55,1.8666666666666667,15.29
12.833333333333334,0.85,4.829267357581188
16.3890307214137,3.333333333333333,23.0
17.566666666666666,3.05,17.6
19.133333333333333,2.566666666666667,7.631558628533869
18.78333333333333,2.816666666666667,10.87
16.95,5.338267743754893,16.447092478636996
17.116666666666667,1.75,6.72
14.22216821492762,1.1833333333333331,12.306383489379577
17.283333333333335,3.8754732898035167,25.3952847350552
18.83333333333333,0.663342898622461,6.07
18.85,1.6166666666666667,33.1462237272558
15.083333333333334,3.1,15.39
16.85,1.6833333333333331,8.764325827600368
20.2,2.966666666666667,12.174333351479001
8.88773325120722,0.7833333333333333,4.4
18.616666666666667,9.678648092615184,51.503041015369455
23.5,9.0,34.188695049460854
20.166666666666668,3.1,15.058569992234146
14.9,1.1333333333333333,5.01
14.17566274501289,2.65,9.438031260869344
19.566666666666663,2.3833333333333333,17.5
17.744634022547714,5.816666666666666,21.39533050533813
19.588501211177736,4.692526395094767,20.651743255260943
20.42833883125382,0.6333333333333333,1.3541926232753267
22.383333333333333,4.833333333333333,20.6
14.95,1.55,9.247081477555387
17.5,4.0,11.05
23.7,0.2,1.6276110678901938
16.925692119628252,4.95,16.050657128597884
18.966666666666665,8.423063173287936,38.802184933384815
18.65,4.955784368021742,24.845028852642752
22.75463442875447,1.6166666666666667,11.14
21.78333333333333,2.15,10.3
8.383333333333333,1.2333333333333334,8.08119506646431
17.7,0.9,10.57
17.933333333333334,1.95,10.02
21.960069828468885,3.8429174754375635,23.887119197508536
18.98333333333333,6.666666666666667,48.268005824996614
20.96712302854055,6.25,36.1
8.799624100594565,1.7333333333333334,9.35
6.420244378122328,0.5666666666666667,4.709584908072097
18.633333333333333,2.3666666666666667,13.8
18.25,2.0166666666666666,15.43100071029791
20.039711802213212,5.166666666666667,44.074334182597475
17.75,7.482270855097833,39.88220778470013
14.583333333333334,1.95,10.145505314365701
17.616666666666667,2.316666666666667,6.528555949398811
17.883333333333333,3.1333333333333333,11.14
20.31588802369252,0.8634763991359364,9.515398937939935
15.383333333333333,3.5,7.794678382026402
19.1,8.541888901692756,41.39808290929404
16.466666666666665,0.5833333333333334,3.8819347626687417
21.883333333333333,4.833333333333333,36.7
5.466666666666667,1.95,6.018652433504693
16.225674401585753,1.5166666666666666,5.76
16.4,10.466666666666669,22.6
22.183689750586783,3.4716855979454637,7.886933383022904
0.43418353211818944,5.2180052806436,28.913078709482743
21.066666666666663,2.747736616814082,7.03
19.066666666666663,1.65,4.065503457487881
20.41476052410131,3.25,12.28025616837279
20.48333333333333,8.133333333333333,23.56417654845154
17.9,2.533333333333333,16.842861209284955
17.05,12.207188642960924,57.18343753873383
17.183333333333334,0.7595212543104543,6.69
19.489944852519873,1.85,10.534085560598063
14.768185451569188,7.4,18.92276284769292
20.32701101491818,8.133333333333333,35.169142340763536
23.05,0.7,3.76
18.6,7.147684683474593,29.206372035685106
5.694359965936296,4.242508530394578,9.76
15.266666666666667,1.3,6.5
21.93779341174749,4.716666666666667,32.293628816570326
14.516666666666667,9.0,49.18931139694449
15.066666666666666,1.7833333333333334,11.26
16.366666666666667,1.8666666666666667,10.15
14.740955246608623,3.5166666666666666,10.74
17.216666666666665,3.733333333333333,25.8
14.85,17.73518569443626,66.3299237664753
15.190505811963414,1.8,12.3
19.78333333333333,2.1,11.3
19.066666666666663,7.833333333333333,50.37645541657695
23.108378192511744,1.7666666666666666,8.8
17.516666666666666,0.3166666666666666,3.1460869655685073
18.133333333333333,2.2,31.028112807620754
0.8,5.3,38.9
18.009479242831397,1.103319813633099,5.6
21.98333333333333,4.864888651949521,17.2
18.1,2.6333333333333333,16.42174060481066
4.798022342045226,2.35,4.37753351085312
16.033333333333335,1.85,9.46
19.35764164078768,2.4560280371101233,12.3
20.73333333333333,9.0,26.48875099154695
17.383333333333333,1.9666666666666663,9.36
6.7,0.7166666666666667,2.9
18.016666666666666,10.05,52.42715050106596
11.584067948695429,0.44914109078469977,5.01
4.766159300772226,1.4166666666666667,11.858475657511832
10.966666666666669,1.6311029222333104,10.57
20.33002452327049,3.3,21.38490988859669
10.766666666666667,10.146080822516213,44.73158864947925
5.4,4.030228550222842,25.7
16.321218913341244,2.4166666666666665,14.8
19.133333333333333,2.536944845896335,13.041492005480201
18.1,9.0,37.79410906920266
15.18090031093892,2.8833333333333333,16.5510008190967
22.43648480375244,10.351063607088115,51.475806153249884
11.016666666666667,3.1333333333333333,14.0
23.795519605064175,12.575112330508636,57.1851253414963
18.666666666666668,1.7833333333333334,35.90027946163651
21.016666666666666,0.9833333333333332,10.90113907479705
17.5,10.016666666666667,52.18044660828103
18.166666666666668,0.5152937813874874,3.6260810812190813
15.716666666666669,1.5,13.97
22.357299911142228,7.683333333333334,49.124218759779545
17.816666666666666,9.0,41.2701036754996
17.55,2.25,6.83
19.466666666666665,2.033333333333333,10.37
23.05,10.955630608883014,60.64385551723463
17.4,1.3666666666666667,5.961734832486143
10.55,5.066666666666666,39.091667084608886
18.0,1.9,10.812647459462877
17.833333333333332,4.666666666666667,27.5
18.566666666666663,1.4,11.8456432358024
20.772656446724014,3.5,15.73
23.45,3.2666666666666666,24.40716900594807
16.250228068682972,2.4833333333333334,13.323225293849314
17.283333333333335,3.3,32.2
17.233333333333334,4.75,34.29653124052561
17.416666666666668,1.05,9.72
18.866666666666667,0.7833333333333333,4.22
20.316666666666663,1.2666666666666666,8.733189814468256
17.533333333333335,2.2333333333333334,9.79
18.58333333333333,1.6666666666666667,14.979467745653418
19.216666666666665,2.333333333333333,10.593595198717766
18.616666666666667,2.3385009176875466,10.61
17.466666666666665,1.65,10.17
9.05,8.816666666666666,39.2
17.583333333333332,2.9,21.8
13.060662018370861,2.333333333333333,10.18
13.858674835059386,2.4,10.9
20.933333333333334,2.9166666666666665,13.45
17.75,6.0,31.311757253874475
6.216666666666667,0.8833333333333333,4.272168620500296
8.916666666666666,1.0666666666666669,7.1
18.316666666666663,3.083333333333333,13.40382333598106
12.130338805181124,2.65,15.838873653427031
17.783333333333335,1.4833333333333334,5.8055236237115215
23.303735123127968,4.25,29.580677445952645
18.633333333333333,7.50084216540907,20.76
17.583333333333332,3.066666666666667,31.695161312616623
17.683333333333334,2.7,10.09
18.616666666666667,3.6666666666666665,17.7
17.6,5.666666666666667,11.658170594056374
18.316666666666663,2.433333333333333,10.409780090159607
18.683333333333334,2.783333333333333,15.990436759406968
21.213287158652548,1.0,4.222505948138883
18.109449871996716,4.1,11.9
18.55,3.459954807996288,39.6222235310504
11.183333333333334,0.7666666666666667,7.7
9.620545231300968,3.45,13.13558014513777
17.883333333333333,3.05,22.1
0.33438905767453964,0.5333333333333333,3.7
22.133333333333333,3.9166666666666665,25.84066524251841
6.166666666666667,1.2166666666666666,7.46864942875591
16.9,2.95,15.0
17.319822926603944,1.6,10.190841323179566
7.086685066203665,1.8166666666666669,16.53
6.283333333333333,2.1666666666666665,11.01
21.716666666666665,2.6,6.567227944946684
10.279228002151202,1.6333333333333333,10.79
0.9457636340170498,8.065971559620507,43.6
18.433333333333334,0.5666666666666667,4.971674827062977
17.75,2.05,14.31940580463425
15.193640108798588,1.5833333333333333,11.897586629376699
16.716666666666665,1.2166666666666666,11.84
8.383333333333333,3.8666666666666663,10.182327780883586
5.483333333333333,9.0,30.697329438387253
16.533333333333335,2.85,11.8
20.742131917289814,1.5,13.47
23.683333333333334,2.3833333333333333,38.56641298517941
22.351071828155213,4.78340898108413,19.8
0.4916889387840913,1.6666666666666667,1.8
9.765896836065592,1.0166666666666666,4.205037914829829
17.516666666666666,1.9333333333333331,9.9
12.279905165601527,4.383333333333334,36.387091810211906
10.6,1.4666666666666666,10.58
17.716666666666665,1.2853796249183196,9.78
3.639481016864413,0.8,10.32
14.35,4.8438452131507646,14.720601961054468
18.266666666666666,1.8666666666666667,8.173471100045226
10.520150594645912,2.3833333333333333,22.1
18.98333333333333,4.433333333333334,23.2
17.933333333333334,2.062511365745422,26.1
17.966666666666665,2.55,15.0
18.6,2.55,9.65
9.999454777058977,1.0333333333333334,3.885624568007933
15.883333333333333,5.616666666666666,16.177907423209763
15.527583979982477,2.25,14.1
15.486485000768626,4.016666666666667,20.846027801325928
17.666666666666668,1.0607392747603912,10.110567545376394
17.8,10.433333333333334,55.518084648660775
23.08333333333333,1.2166666666666666,5.8
19.48860123457667,2.2666666666666666,13.900645095675218
23.116666666666667,7.383333333333334,45.3
19.000365758263076,1.6666666666666667,7.592287744056991
17.516666666666666,3.4833333333333334,12.3
20.224815089466134,1.3833333333333333,10.48
17.316666666666666,3.25,15.026256934097159
18.366666666666667,4.983333333333333,33.0
16.236288603983105,10.016666666666667,12.58
18.683333333333334,2.9166666666666665,28.843947208597093
17.483333333333334,0.85,8.24140590503377
15.083333333333334,2.1,10.8
9.9,0.9333333333333332,8.18
12.3,1.8,14.72
22.383333333333333,7.829298139439568,44.779212793669664
16.966666666666665,1.3333333333333333,12.193229271491894
23.183333333333334,0.1,1.1
18.53333333333333,1.5255979028281217,10.93
20.08333333333333,0.8333333333333334,4.033124655780343
19.166666666666668,3.5166666666666666,20.77
18.633333333333333,1.85,9.958547751728519
16.666666666666668,4.05,18.219912523227194
18.133333333333333,3.466666666666667,11.784793134681276
22.116666666666667,4.45,36.7
20.16773017602352,3.174850643346205,10.82
16.366666666666667,2.55,12.649717414396777
17.7,3.614099217014139,35.100691508997805
17.966666666666665,4.8,13.132237015718525
11.95,1.9333333333333331,10.76715474844586
18.716666666666665,1.3833333333333333,8.549622332915417
17.716666666666665,7.083333333333333,20.7
17.266666666666666,0.6166666666666667,6.41791575305691
17.59406294932347,3.1666666666666665,18.42
15.783333333333331,5.983333333333333,41.43857853736208
20.48333333333333,8.647939530554156,49.79882688270918
11.868506804722529,10.033333333333331,53.68767124681505
18.016666666666666,2.0,6.4
21.266666666666666,3.183333333333333,19.37
14.15063414575096,2.4020982533071598,12.7
10.966666666666669,0.6666666666666666,3.27
13.57557364453069,1.9,8.18
10.783333333333331,0.6,4.479193429223396
18.78333333333333,2.966666666666667,11.933116630319264
12.2,2.0,8.9583755363869
5.2308398248327785,0.4666666666666667,2.0
15.483333333333333,0.7333333333333333,3.7807761897281176
18.543513483963594,0.8166666666666667,6.635521644823638
18.85,5.491695409602441,33.84363699071891
17.633333333333333,2.6631868518983497,15.62
17.141605183247385,1.2166666666666666,7.069917989023634
16.1,2.0166666666666666,14.351056113174398
0.5449678772560593,0.8,6.3
6.383333333333334,4.266666666666667,15.140051731823453
19.316666666666663,0.5166666666666667,4.88
17.55,0.75,4.8
17.55,1.9,7.158281799865286
8.8,2.2,10.43
20.516666666666666,5.7,30.9
18.5,9.0,24.508801436608568
15.468432816737014,2.7666666666666666,19.7
9.821079582426373,2.716666666666667,11.127968369040982
15.783333333333331,1.5166666666666666,10.29
17.6,6.116666666666666,32.51847614574307
8.760114625096353,0.6666666666666666,2.75
20.316666666666663,3.183333333333333,38.6
23.827798557599465,0.44156686625088637,9.65
18.516666666666666,4.86633746673981,9.22
16.580454958287174,1.8666666666666667,12.0
18.956707514825027,3.017395174512209,17.376043192527014
18.75,3.2666666666666666,20.76
18.08333333333333,10.433333333333334,46.89
15.466666666666669,3.1666666666666665,11.018478641340325
17.5,3.5,18.941896365854664
17.916666666666668,1.0666666666666669,10.74
14.841695289201875,1.15,9.5
17.35,1.65,9.202916888730547
14.816666666666666,1.0,9.0
17.115067763937947,1.7833333333333334,11.464080228272099
19.099294938522615,2.6666666666666665,8.8352672033131
15.883333333333333,4.030004790861851,18.05721982801039
8.816666666666666,1.2166666666666666,4.66
19.316666666666663,2.6,14.3
17.65,5.725353292460083,23.99850895055415
16.55,1.8333333333333333,15.001506560711993
22.994210844446705,8.255336392880805,17.54
19.53333333333333,0.6833333333333333,10.185476399007605
16.1,0.9833333333333332,4.4107140215354
17.466666666666665,1.2,10.439947546133068
18.566666666666663,4.383333333333334,24.396447064619867
19.35,1.1,7.8030318879362195
16.3,7.339040417555907,18.1
18.03333333333333,2.816666666666667,17.54125179325732
21.687502133927143,2.9166666666666665,19.47
12.133333333333333,1.8,8.31312066561926
14.75,2.2333333333333334,13.7
8.371741486611642,0.8896667270425629,5.54
15.328465025342258,5.3,12.624354655824783
19.885978643021794,2.7333333333333334,15.893306726573323
18.45,2.35,15.562372426827356
22.03333333333333,1.3166666666666669,9.0
22.85309648168981,3.283333333333333,15.55153100623902
18.183333333333334,4.633333333333334,32.0
17.25,1.1860501976775129,10.503558416519304
17.116666666666667,7.9331596866986125,47.6
4.584374051341359,0.4666666666666667,3.787557863728542
18.116666666666667,2.4166666666666665,14.630363078419478
10.89020516563114,1.4666666666666666,6.4
20.697459896998588,3.2333333333333334,11.03
17.75,0.4666666666666667,1.7303539098281306
17.45,0.65,4.991147864248593
6.85,1.1666666666666667,10.539942819427159
23.1,10.85,58.7
0.6241662943656827,2.716666666666667,8.07719440343801
6.445418429461282,0.6333333333333333,6.525098820667053
14.583333333333334,1.1333333333333333,4.085084245662652
14.833333333333334,3.7,23.730096180973558
0.5166666666666667,0.2,4.733053200953539
23.116666666666667,9.0,25.0
0.29358059143240817,4.787183362345968,4.8
23.105025866676755,8.125721211513353,39.5
19.116666666666667,3.211107359094016,12.849713434285965
12.267430818735413,1.7094740125785808,12.854859460521395
19.45,9.0,49.682103176197046
17.983333333333334,2.183333333333333,16.0
4.008411904376547,2.283333333333333,15.032730398797439
16.3,4.375641127568671,12.5
20.48333333333333,6.35,30.740112966563128
23.15,7.736919259038329,24.854778806640123
17.666666666666668,1.7833333333333334,18.6
6.672309092039196,0.9,3.5854345081615135
16.583333333333332,1.6833333333333331,13.8
23.566666666666663,1.7833333333333334,16.111067572233075
23.70909073930944,10.433333333333334,51.704701580390534
20.75,10.952002354203097,36.32363970145835
20.649827972807316,3.35,17.8
18.98333333333333,4.5709960391490005,21.073054578049614
18.416666666666668,3.033333333333333,13.38704944981936
15.416695564212603,1.405045115987906,9.570177961221958
17.304977672519968,1.6,10.15
17.716666666666665,1.7333333333333334,10.210801493343439
19.116666666666667,1.7826231569493152,9.354584828421887
0.3233178312401278,1.7,5.935568052714093
18.25,10.766666666666667,60.54177184291986
17.433333333333334,3.987954876753944,8.7
21.53333333333333,1.85,10.140362690469127
17.383333333333333,1.8666666666666667,7.0
23.47117985964863,10.592501723481929,47.524143278294126
10.190431500428401,0.5,11.655729544361739
18.8,3.183333333333333,19.4
14.75,1.4989500918529644,9.48
6.866666666666667,1.7,15.74
15.716666666666669,1.6666666666666667,9.36
9.606849319187818,1.1833333333333331,6.3
16.516666666666666,3.8,16.3
18.31735717025253,1.4,3.8514381474480084
17.466666666666665,6.995343073073718,25.929213646694954
17.883333333333333,4.483305953488768,45.14772701438028
16.85,3.583333333333333,12.252924200159972
17.4,1.476265168222301,7.1170121632725545
9.84172943468956,9.0,48.8
14.401062835692017,2.4166666666666665,12.5
18.73333333333333,1.15,13.135083640620957
17.266666666666666,1.1666666666666667,7.1
19.73333333333333,2.183333333333333,11.796892603799414
9.033333333333331,1.6166666666666667,8.25940233754412
8.816666666666666,3.15,21.9
17.533333333333335,3.6817469945129915,17.382714591541205
18.433333333333334,5.516666666666667,18.86533572637356
13.733333333333333,1.9,7.526239386828164
17.283333333333335,2.7333333333333334,19.106933450078287
21.933333333333334,3.5166666666666666,17.28758321090943
11.389088673481801,1.45,7.429413780342096
17.133333333333333,2.2907813791276075,10.24
6.394479330980849,0.2,1.4632395930898678
17.616666666666667,1.65,10.557245124132452
12.280182593760282,3.15,14.9
12.383333333333333,2.833333333333333,22.48329940157808
17.5,1.7166666666666666,6.567315671721483
9.648361659465142,2.7666666666666666,9.240340962066663
18.433333333333334,7.203232509614781,30.75417994693107
13.816666666666666,1.5333333333333334,9.795673181109072
15.533333333333331,1.6833333333333331,10.675213765378933
12.333333333333334,5.79734743760949,19.812782621810374
22.92268429994916,2.083333333333333,6.7
17.75,2.933333333333333,14.83
17.516666666666666,1.5666666666666669,9.719733380082944
20.53333333333333,3.966666666666667,42.0
23.73333333333333,1.8833333333333333,6.882621018899223
17.808804393627607,9.0,33.2
16.616349710287643,5.466666666666667,23.321263509789695
17.2,2.238006382101063,9.77
6.562730787121575,1.4,8.703515158659577
19.43911614669908,1.8333333333333333,9.281864993104785
19.203220219448152,2.4864670390480117,8.5
18.78333333333333,3.1666666666666665,18.329060632479965
19.651464049602435,2.2058634052303585,6.44081106074351
20.28296373443025,4.087473200654472,20.9
8.643005604111867,1.1833333333333331,10.37
15.95,1.7,8.548938664910073
16.933333333333334,1.1,9.959086737903345
17.466345018785443,1.4166666666666667,3.5298856023109164
0.3166666666666666,0.4,4.5
3.3295405053839215,0.5,5.092301096295562
17.633333333333333,1.85,8.254254687690448
11.269585622205767,0.8833333333333333,4.498271264058029
18.83333333333333,1.7833333333333334,31.73116344421556
18.7,2.95,7.594527552101337
17.516666666666666,1.7833333333333334,10.12
7.091424931815319,1.9333333333333331,12.45
14.922227671198694,0.227611563903568,2.668619758491754
10.516666666666667,0.9666666666666668,4.32
17.983333333333334,1.9166666666666667,18.6
18.78333333333333,1.6333333333333333,16.0687815062613
18.216666666666665,1.8,12.2
15.3,5.836811348402428,37.231557327245966
9.713172986660153,0.7333333333333333,2.86
11.325616444893203,5.833333333333333,20.121115251168895
17.733333333333334,1.8333333333333333,22.459825072819886
16.033333333333335,3.5,20.325540153727964
17.916666666666668,1.8833333333333333,10.73
21.6,2.083333333333333,11.39542646853081
17.671091277011662,3.966666666666667,18.151548162640545
11.008215995175032,0.5,1.490155620717664
19.166666666666668,1.6666666666666667,8.310578829841866
18.133333333333333,8.103119068239304,34.8
17.883333333333333,1.4666666666666666,10.00593342009019
19.100509159643245,1.65,9.539641322796793
17.4,1.5166666666666666,9.44
10.645201413250215,1.9,10.668706284525854
17.85,5.983333333333333,33.0
20.45,2.1,10.472942809880562
17.866666666666667,1.5333333333333334,11.0
23.116666666666667,2.683333333333333,11.918413909230749
15.966666666666669,0.8,5.8
19.243583390244087,5.5764745478136994,17.6
20.5,3.733333333333333,15.271495270325739
16.416666666666668,3.1,13.85
18.748132672648914,3.083333333333333,29.407430548873933
19.633333333333333,3.75,32.60392703371718
0.38631673229481617,2.1,8.090085868865216
5.683333333333334,1.1833333333333331,9.66729216792536
19.966666666666665,9.0,41.28277136132933
19.392864383275583,5.616666666666666,21.971723099089036
17.5,2.0490001536715945,10.2
6.918374315858371,0.6,6.578982057894581
18.7,2.283333333333333,11.11
4.054908754389302,3.0477528230794744,44.18564072640129
16.216666666666665,3.0166666666666666,7.411785499047967
1.5300463426711304,1.7833333333333334,10.013777089504742
16.883638942357454,6.738024907214852,33.0
9.764909402707401,1.1312642851493155,4.6
0.7427175532712904,0.6333333333333333,5.474711352349618
14.99066064824967,0.7666666666666667,4.728131163898033
17.616666666666667,3.2666666666666666,14.513347725397177
21.78333333333333,5.716666666666667,20.76
10.979929606967437,3.1166666666666667,2.79857641011829
8.816666666666666,0.7613967703563579,6.40363204255949
20.83333333333333,3.75,23.2
18.32623224402817,15.196704409867547,66.33289268878885
15.716666666666669,2.3833333333333333,15.423160683277331
21.383333333333333,3.5,16.185840299501905
20.49883368925131,4.516666666666667,23.59094487111006
14.833333333333334,10.569263413236907,49.80086756668514
14.755473259499889,1.0333333333333334,4.383276525325728
18.316666666666663,1.3885512026647613,7.687515424235744
21.33333333333333,9.766666666666667,52.14781463120798
17.483333333333334,2.45,12.53494319511181
20.630576631339824,1.3166666666666669,4.36
19.45,3.4833333333333334,18.1
19.35,3.9,20.9
6.618418329842427,3.5,20.99
8.849756288899314,0.6666666666666666,2.51
17.85,0.5666666666666667,8.18799617522455
17.376570100174646,1.8833333333333333,7.364753199269085
18.7,2.8666666666666667,13.91
21.998291000074996,7.758396025299907,56.255873675521094
20.45,3.4,20.765990046563473
5.47380480033519,0.7645217398146794,3.2839761599047277
20.041300209594898,7.016666666666667,44.317647411369876
12.733333333333333,2.7333333333333334,10.1
17.45,1.2,8.292687536201925
17.3,3.2333333333333334,20.76
18.216666666666665,1.6333333333333333,9.44
18.616666666666667,2.7333333333333334,15.034185453680497
17.05,3.5,13.976348770128807
10.716666666666669,2.583333333333333,14.9
17.883333333333333,4.230379728274223,34.1
5.283333333333333,1.04421052056607,5.5218992313748805
5.170480698810927,1.7166666666666666,10.61
18.19435060718521,4.866666666666666,47.5
15.333333333333334,2.3833333333333333,10.2
23.291054652358614,4.353491448278889,20.7
17.45,5.083333333333333,18.5
8.366666666666667,3.5166666666666666,16.623206178723795
17.733333333333334,3.100191315223083,11.153421746245854
18.58333333333333,5.928480660778534,18.472502194187125
18.5,1.85,10.68
17.266666666666666,1.8983522495799434,10.45
19.092088385139693,3.283333333333333,21.607253792042194
18.616666666666667,1.3666666666666667,4.85
19.766666666666666,0.6333333333333333,20.69774587479317
18.98333333333333,4.066666666666666,42.5
18.383333333333333,3.8333333333333335,20.792541830907467
8.984762893153878,1.65,7.1
7.85,3.5,26.2
18.716666666666665,0.9166666666666666,7.896253315864534
4.576903928765308,2.583333333333333,6.07
19.59078432757526,8.084469583703148,27.999325986995338
19.316666666666663,3.85,19.827875662639652
10.39719675374066,7.2,31.739032547570403
18.85,2.5013867778430496,12.95
8.816666666666666,1.234051094871389,6.486642185126716
19.066666666666663,3.733333333333333,19.864263704770554
20.217347728656748,2.7666666666666666,21.53
23.08333333333333,5.956169542360636,17.57347825216171
18.58333333333333,2.283333333333333,11.77
17.602461597991688,1.0666666666666669,6.032133682224264
17.91419709444029,6.616470494084948,36.0
17.25,0.9,8.74
11.99893123161068,1.9,9.614517051143007
17.233333333333334,4.738727658932825,38.7
17.466666666666665,1.3,17.28
15.016666666666667,6.87037330886056,46.0
15.516666666666667,3.5,21.9
17.583333333333332,1.9666666666666663,6.246086555307452
15.65,1.8,13.503836010583987
21.10482877166772,1.5833333333333333,4.5
9.767153059462506,1.3297744855723237,6.492482213173041
9.554109523716555,2.05,19.215759949854775
18.48333333333333,9.0,43.580942540453634
18.58333333333333,5.5,20.76
18.98333333333333,1.3666666666666667,7.3
17.083333333333332,4.951356143645937,35.3
17.09297498688248,1.520960135161181,6.79
17.25,1.1333333333333333,5.915779379063081
22.966666666666665,8.56486196988591,27.3
22.207992342688534,0.7333333333333333,2.1218220274502126
14.75,10.41758131027271,51.40101682299036
6.416666666666667,3.1333333333333333,12.33
9.404258217819281,3.1,15.493419859169252
19.133333333333333,2.6961383330588737,10.79
13.039033727562028,2.283333333333333,10.24
20.85,1.4,10.405117646822191
10.383333333333333,1.9166666666666667,10.48
16.2,3.283333333333333,18.67322286605153
21.99603417774641,5.483333333333333,30.6
18.791527449419505,1.4333333333333331,5.71
17.333333333333332,8.916666666666666,43.5
11.266666666666667,2.933333333333333,13.4
17.216666666666665,1.0038590823131595,3.3881807461812574
4.255928017503649,2.3833333333333333,6.885651970630328
17.516666666666666,3.433333333333333,13.707904550240814
18.8,1.85,5.51
11.266666666666667,2.55,7.985982879695715
11.899548505805097,3.633333333333333,13.381082739143272
18.23333333333333,1.15,4.67
12.001558348272004,4.583333333333333,18.043356294436617
14.583333333333334,7.3565843600080365,31.149527493062262
11.576782915577152,4.95,17.54
20.712653868838082,3.083333333333333,19.5
0.55,2.816666666666667,19.18947461049832
8.885543519309152,5.214972757476433,19.4
18.9,1.1,9.9
16.58643208026857,2.85,12.23
17.516666666666666,3.1,9.93
6.166666666666667,1.645668334909745,11.925144133914989
20.35,2.1666666666666665,38.50621135885347
17.1,1.8,7.200322663407143
17.733333333333334,4.610764624055378,13.989997853095318
19.466666666666665,2.2666666666666666,19.663227392042316
18.1,0.6666666666666666,4.8
17.433333333333334,3.1631770055327175,22.1
18.15,2.833333333333333,12.79146871112226
11.382752803330106,5.197882055768506,25.60331950385528
17.166666666666668,3.964954268401501,13.696056858078697
23.50541642774042,8.883333333333333,9.4
17.416666666666668,6.783333333333333,12.22
13.083333333333334,3.75,14.400462806417318
21.216666666666665,5.595046544298103,22.211371244872513
20.6,1.6,10.93
15.2,1.9,10.3
17.716666666666665,1.8333333333333333,6.773223629669048
20.40445471922343,8.0,42.785375025276004
19.133333333333333,1.4666666666666666,7.74
15.266666666666667,0.9666666666666668,8.004704182914194
6.4214372777176925,2.8,20.2
15.179271710377147,1.5,3.26
6.4,1.0,4.71
7.886144838294458,7.333333333333333,16.06416288231092
23.440520251747216,11.981788947675584,58.76907533002908
21.001609031834043,2.1333333333333333,11.0
17.75,3.5,21.790247756772125
16.829530549152583,1.2833333333333334,7.64
18.5,2.8666666666666667,19.5
7.6,2.783333333333333,12.258728134805915
18.081881799291295,5.915291194773932,21.8
18.33333333333333,3.852330821634526,13.6
23.133333333333333,0.4166666666666667,3.9135251576996843
17.557404466813466,3.1333333333333333,16.96
18.216666666666665,2.5252294992462034,14.059958115426038
10.966666666666669,1.8666666666666667,9.52
6.85,1.3833333333333333,10.33
19.25,6.033333333333333,20.831743134681933
8.655587071474233,7.767819387411828,30.193776466805158
20.73333333333333,1.5166666666666666,11.77
0.3833333333333333,0.9666666666666668,7.238938927495375
13.566666666666666,2.343870023762694,9.81911939310424
17.783333333333335,6.457433822652759,33.63918615930049
20.224052347239027,2.85,20.77
10.5,3.183333333333333,15.89
17.483333333333334,3.5,14.922860594886563
18.6,3.45,20.76
13.275006147716264,4.933333333333334,15.59900678720606
17.18301673733602,6.866666666666666,25.79
17.016666666666666,1.8833333333333333,6.679515763977782
21.25597340965891,2.033333333333333,12.73
17.583333333333332,1.2166666666666666,6.77528604537758
20.016666666666666,6.516666666666667,42.1
0.6415410697808566,0.21322342548357429,2.22
23.45,9.0,62.82212980006589
18.4,2.0166666666666666,10.830953989472365
15.716666666666669,1.8333333333333333,8.4
0.20512425038309867,0.4166666666666667,8.8
9.116666666666667,6.966666666666667,21.9
14.0,7.683333333333334,20.997364533787668
21.08333333333333,7.05,23.2
18.616666666666667,7.016666666666667,22.12519631381587
17.216666666666665,2.933333333333333,19.83964459431696
9.435693067978955,2.05,17.8
10.566666666666666,0.8666666666666667,13.86899051319111
21.99278835977669,2.05,8.18
17.533333333333335,4.8,19.835906690519998
10.696654315191582,10.466666666666669,34.4
17.866666666666667,5.066666666666666,49.29068846945565
0.09720179643734686,0.413391811390596,3.9003442407213416
16.412668418240923,0.75,5.955199474239794
20.216666666666665,2.3666666666666667,16.868268578279984
17.420517707951838,1.9,5.351479885314346
7.533333333333333,2.3833333333333333,11.1
10.170119264206633,1.7666666666666666,11.77
17.7,1.95,19.01224767044343
14.35,1.75,7.106832521404772
8.55,3.1666666666666665,10.15
10.383333333333333,2.1666666666666665,31.51284947890862
17.634913745770742,0.5,2.0926275833656156
16.9,1.8333333333333333,7.6935377272335215
20.133333333333333,7.75,53.48989127639979
13.07312144749253,1.3833333333333333,18.2
18.53333333333333,2.3833333333333333,10.461867291093109
17.783333333333335,5.957057354161338,31.298271424123982
18.73333333333333,4.066666666666666,22.5
11.418152994200955,3.933333333333333,23.49413394658665
20.05,9.266666666666667,55.25187363318477
23.08333333333333,6.9,42.9
18.20290647933158,5.7607437434431175,28.905382751413757
8.384353553033879,1.8,17.94
20.566666666666663,2.4166666666666665,16.301789240802687
12.166666666666666,6.766029429831739,19.2
20.63703229831095,8.914019488619358,18.78328643672693
22.929240091439823,9.45,43.91495181261966
15.916666666666666,3.1,11.4
14.610697088719098,8.8,21.0
19.316666666666663,2.3666666666666667,11.278475256504908
9.033333333333331,3.466666666666667,16.38612051584981
0.0,0.1,2.9
17.433333333333334,1.5333333333333334,6.885401923577945
8.823350868612899,1.55,7.03
17.816666666666666,3.25,19.4
17.316666666666666,1.0333333333333334,8.834170253852617
23.116666666666667,3.5,22.89063303038947
23.316666666666663,4.6,14.427985843309413
21.16480663527651,2.0,10.18
13.05,1.3333333333333333,5.0
17.4,6.324602731090681,42.79803480221244
21.95485884777156,7.145140973484135,30.6
3.768319900624806,0.2166666666666666,1.0575262653657214
19.44655799054382,2.7666666666666666,13.2
13.375054885350702,1.45,7.3
17.5,7.661232187718149,45.15201552217368
18.433333333333334,2.15,7.679614250842237
10.114940298264468,1.0,3.901334121091059
22.566666666666663,5.083333333333333,31.53
17.828782785833496,1.7333333333333334,5.64901078623423
17.75,3.5,20.77
17.566666666666666,1.9166666666666667,8.47
16.85,2.560522715334192,17.16892387715272
16.383333333333333,2.833333333333333,16.728501907622558
15.533333333333331,3.933333333333333,18.79
14.633333333333333,1.5166666666666666,6.803351111863142
18.439916349148643,2.6666666666666665,35.9
18.83333333333333,0.85,5.2
20.183333333333334,3.0166666666666666,13.965949406432758
9.026504495591787,2.605130352265735,11.1
17.683333333333334,10.992744186891187,58.06357266459031
12.866666666666667,6.888331998138491,44.1583989382963
17.6,7.2,8.155086446484116
20.957631346975873,0.35,1.3662219311469155
21.02861047141517,2.3666666666666667,11.015721624876914
12.083333333333334,1.6833333333333331,9.960998419230677
23.949508154269306,19.9106469664676,68.05081071298366
18.03910512834083,2.4833333333333334,20.2
21.090602954067855,2.55,5.396915401581491
18.08333333333333,1.85,10.74
18.0,8.347415582480652,41.0
18.066666666666663,1.45,3.97
15.739928843786318,1.6,5.82
23.1,10.245558667132704,59.74743242540055
17.583333333333332,2.7333333333333334,13.713107419715357
18.916666666666668,2.0,10.49
9.01949208603483,6.166666666666667,19.349589465377047
14.95,0.7333333333333333,6.79
5.35,4.583333333333333,39.79
10.55,4.05,17.075694455534908
23.00840421389984,10.15522426646772,49.824554281895594
17.433333333333334,1.5666666666666669,11.38
20.558169410807302,3.5166666666666666,20.39
0.2882330396537242,0.25,2.1
19.85,1.6666666666666667,10.266536655980579
6.623371784963791,1.8666666666666667,6.292741746011993
17.25,2.283333333333333,15.600839568325595
17.566666666666666,3.5166666666666666,17.3988097251896
23.071838048002295,0.2,1.6332069186186322
23.304260538645817,3.033333333333333,18.59
17.916666666666668,1.95,12.5
3.179660903481475,1.6,13.822039829930151
18.73333333333333,9.0,37.6
12.213566603613225,0.85,15.380497506305693
20.26448744488721,2.3833333333333333,17.54
12.383333333333333,1.8166666666666669,21.30166666982627
18.6,4.983333333333333,17.6
18.316666666666663,3.1,35.00779742783961
17.85,0.2666666666666666,1.725009648499881
17.75,3.0166666666666666,10.11
17.683333333333334,2.85,27.193418091592253
10.95,1.8666666666666667,9.51
17.2,1.2166666666666666,27.5
18.133333333333333,7.383333333333334,19.10442102923108
5.200119840125645,1.3333333333333333,10.343629990584628
17.466666666666665,4.766666666666667,13.421958632255032
5.966623496224472,1.1833333333333331,4.37798740070771
18.678235652659783,3.55,15.422056348352768
