arrival_hour,duration_h,energy_kwh
16.65,1.8400955191068467,15.87
17.683333333333334,2.39569112216696,20.76
17.466666666666665,2.0047181027482015,13.4
17.733333333333334,8.168733670211859,34.65218021205663
8.016666666666667,0.6669444444444445,11.324428538658216
22.031854333958883,10.817520858228926,60.88181689628989
16.416666666666668,3.0652880552458885,20.76
16.516391084122542,2.9168180087048112,29.83121149232375
9.283333333333331,5.0880079031242005,30.6
16.65,2.8706964192795996,19.207822714985664
17.25,4.306894860881778,31.42660873811372
8.1,0.6669444444444445,4.7
16.045446785993175,2.239117140439824,9.233911470493815
18.016666666666666,6.113160167955454,20.89229598976702
17.433333333333334,1.9484573618882781,15.907953425510254
21.89200020932544,1.7830394932879388,16.38423283489802
20.905355970173307,5.820923062340373,20.77
17.508113237659046,4.265244038971082,32.5
19.56119021538776,2.6700431967159064,18.29688864349046
16.383333333333333,2.3675716616090576,17.2
16.916666666666668,2.0684153459733126,12.477472914111257
13.016666666666667,6.813850134161356,51.07064909556298
11.601274199233979,1.752758117706837,13.4
12.438767767351191,2.3690382900671882,14.73
17.566666666666666,5.220339692201954,20.783718272085373
16.75,2.0586482414512868,17.3
18.116666666666667,1.3518105386296189,11.24
16.333333333333332,1.0847641125700562,12.086393408916289
17.716666666666665,3.287670749582773,40.97772407633671
16.383333333333333,1.8441666666666667,17.0
10.482200762692338,1.3870396102196298,6.927964507220348
21.220992052036316,5.9400774643106775,32.2
16.55219974180035,1.6451001994057677,14.681358667134571
16.7922567355576,7.0,27.364492279597876
9.378503224314835,8.11547479399263,44.64130827232162
19.548926469857633,2.29176373377885,17.802158221139614
9.383333333333333,2.5110386745420907,22.6
9.158071721335414,2.6329583645158534,16.815894264819054
17.416666666666668,2.351848251548238,9.94165756292034
6.914017719065133,2.223467629389839,17.4
16.465765252264173,0.9003128596422163,7.858552071245225
17.983333333333334,0.6669444444444445,3.4669858810746494
20.23333333333333,3.3499819786221883,19.49186452945705
16.666666666666668,6.998972685172872,49.1
17.863095114717403,4.3406288663657815,30.24112044311139
15.85,1.8566459117036205,15.03
17.25,2.3623652760547427,11.24
13.442878068030483,5.0,26.883073709373864
17.0,2.2270151753019545,18.015562247249363
20.566666666666663,6.100836997303722,40.617176440863275
17.19125382837487,1.7935356875192878,12.780737085404075
16.716666666666665,1.478888888888889,20.5
17.066666666666666,1.176095229214182,8.7
20.51205862275998,6.068693273069297,22.257711720174804
9.904102001011049,1.314825180801221,10.712585005810242
17.316666666666666,2.515555555555556,16.5
8.983531889353767,0.4021472314264114,4.717815773150524
17.516666666666666,0.8013888888888889,10.28413289306732
8.915308815051153,1.2069520620629073,19.44
13.680164841607855,2.586634584661223,17.4
17.283333333333335,1.0796828533606213,10.298313569601731
17.233333333333334,2.607427120009638,20.351343435117656
15.683333333333334,3.572506237058892,23.9
7.833333333333333,2.341315131686825,6.9399473862986705
16.9,3.0776722373746224,20.76
17.016666666666666,1.9214022287206074,8.564564139128041
16.25,2.4902778101624987,17.9
22.25,9.0,36.42717665194866
20.133333333333333,2.290883245685976,15.56
15.473542709762347,2.657895178078335,15.63216836894354
20.58333333333333,0.6669444444444445,4.409602421223779
17.316666666666666,3.348977043988245,38.7
19.28333333333333,2.867816929666881,30.478572951876888
15.553648914015579,7.020528726249776,30.474145924681586
23.112168900340503,3.187759364143835,49.28433084513399
7.833333333333333,5.9945472115039795,18.02
16.65,0.6666666666666666,8.56052454353164
17.033333333333335,4.654585002986597,31.185904986267765
20.106187889071805,2.6457581456606154,15.3
17.216666666666665,3.04415589991151,20.09527197754191
16.683333333333334,1.044012368826258,14.584859757055437
0.9408380779013694,0.3798230693570196,29.9
16.366666666666667,6.066944444444444,26.86085102039072
15.75021733661951,2.4791488461170856,12.227208479578541
15.05,1.5630555555555556,17.011047027993296
16.45,3.8391229233030533,39.425201272875775
16.118013178137126,2.2476897878222584,11.83655292112275
15.116666666666667,2.01522759894821,10.730900393199096
17.65,2.546367093188099,22.02477909223823
8.116666666666667,1.1125457145758413,11.6
21.225402457444137,7.0,42.15085808000663
17.066666666666666,3.258173904946591,20.07
16.13575156116952,1.5133333333333334,16.97
16.733333333333334,1.3850401854639984,10.962243160182402
9.116666666666667,3.136648679611815,12.487766021349978
9.554884487148193,2.5002375598031943,16.5
17.55,0.6666666666666666,13.38
15.283333333333331,1.4595595323505102,16.703020454793425
17.183333333333334,2.6752758370751417,19.14
15.766666666666667,6.59868970694683,30.713815587728725
9.1,0.6669444444444445,10.277345536867522
17.516666666666666,1.9507876132911806,18.724771963060306
14.181586083939125,2.741876838357822,14.483908149732802
9.116666666666667,1.2707255939784723,8.641541358044
16.416666666666668,2.502232157815817,19.606112438492914
16.86500246673278,0.6669444444444445,14.482922220115078
15.9,1.3493522855873958,10.275495878429265
16.69687608669059,1.9444997088674443,15.12743173752203
12.300004548942837,8.15014147872592,39.2906744605268
9.034720004813924,6.946189267630633,40.41193194062319
17.233333333333334,1.220473860539157,23.300701068459297
8.480849626731846,3.4012075459234588,27.468244947102157
9.35,4.756778603417287,26.6748210607509
15.07117583164558,3.090794454500297,20.76
16.066666666666666,2.234524445235148,18.688869716488888
15.29951948707525,2.1989684423591975,15.8
17.366666666666667,4.627816310322996,22.3
20.23333333333333,3.549386781733489,18.319418281728623
9.183333333333334,0.4480704417834473,6.17
19.66438412116476,2.725351871525531,15.4
19.7413424794025,5.458609646030343,35.53141306750224
9.1,0.7168153073443797,8.528384738277687
16.9,6.427963431098105,37.63637674797567
16.38292119078717,2.339891207716476,16.03837982780832
10.766666666666667,3.0812896883702683,6.693532632813909
17.366666666666667,2.6168908640223805,19.17282506948155
8.885025217572702,3.4248378796038406,16.5
18.28333333333333,7.276115117860796,24.15103150466835
9.616666666666667,3.576555245560167,19.98783233850919
17.283333333333335,2.9984568925539756,24.377033215062948
9.079633251858889,6.677294794833324,27.780150685690533
15.483333333333333,1.9311533689517726,8.665341573559816
19.100003290364175,2.0618968681997845,16.895619435193467
13.045208012631651,2.501762271237135,24.5
15.937100782392138,2.068545418049046,17.8
15.05,0.6669444444444445,8.7
17.233333333333334,9.0,32.5
9.133333333333333,1.2792543667987293,6.7392237061671025
7.028181043868278,1.621147304153858,20.76
17.621909950128064,3.0784430029177594,16.391598889479486
9.466666666666669,0.39744445521896415,6.894646380618607
12.214754019341758,2.4265975167064715,18.602187780137047
16.183333333333334,2.2897658368666844,13.012001756869864
16.55,3.077772046732145,19.14
16.733333333333334,1.8015076560568375,12.24
4.354189391816181,3.1002677887506915,20.76
18.68054608221005,2.7198138704734878,39.81603379150917
19.08333333333333,0.6669444444444445,10.810443161277789
0.9084147790006324,2.515041985914152,12.70556576743386
7.85,0.6669444444444445,7.506601220088526
15.666666666666666,7.361785634989848,30.74
18.78333333333333,2.38,14.51787137338828
18.066666666666663,2.645892267615767,18.4173637113376
14.933333333333334,2.140225524702282,17.699729755503338
23.263668564304403,4.713856691890916,38.13429171634108
19.364332196638976,8.020484357175572,24.176326338559686
18.133333333333333,6.615751771506004,41.00744907432039
19.99441618766316,5.500229679847354,18.8
9.05,1.8016666666666667,13.00769639327369
16.85,1.5253042389139815,14.710189843823455
16.9,1.5763548726474628,13.294234632358323
8.983333333333333,0.6669444444444445,4.39728449821734
17.433333333333334,1.0067261238815857,11.720497478150405
17.316666666666666,0.23855794846549014,4.442779623144501
8.033333333333333,7.621778850227258,45.15887401727985
20.857221863326135,1.9349798813299328,52.20701199484212
16.866666666666667,0.3964576531245861,4.293168904699212
9.962202574113457,2.781739891664726,16.389270978643264
16.26964261635091,2.31746739283546,14.64
19.83842214190567,7.136724986560723,18.716879285705215
8.987954496402091,4.628892145794019,16.819575227307784
17.983333333333334,8.696298349817194,39.10680138593048
13.049351537980613,2.9228641537833586,16.467179460014584
8.8,1.1646837243831665,7.760073030754399
19.6610097946649,2.450547074185736,20.76
18.433333333333334,7.518520729516026,43.4
9.1,1.8924710020159354,13.60286493814219
11.665722326603252,0.6666666666666666,9.754145928238483
16.4,2.666933820350193,16.9
15.4,0.4592267382525291,8.46
9.9,1.263574988179469,11.853000879404586
17.583333333333332,6.874534620294429,31.1
18.3470993659609,3.0373340032538994,27.03152411455325
13.3,4.475151266305043,17.117948478180566
17.233333333333334,2.493888888888889,20.76
10.666666666666666,1.4809292835384344,12.81
18.667021854216557,0.5907880592548523,10.835620259824424
9.1,2.5215092845963194,14.083382961082727
8.016666666666667,6.790940464975715,20.446832393094354
16.15,3.58886851099103,23.8
7.833333333333333,1.4478455711498048,11.290152300639535
22.1,0.6683755792686787,23.6
21.04207538741456,10.525334767015844,56.32594232743053
16.583333333333332,2.1918411896378136,26.721118491171694
9.466666666666669,6.692598183452805,15.506076250632493
16.283333333333335,2.100248632955786,14.298983340656038
20.1,2.777218186206735,12.542597583676557
14.666636409616604,1.6018496680333434,9.693572727458152
15.815043768360708,0.6669444444444445,5.062336106337228
16.383333333333333,2.596792663967756,23.2
7.866666666666667,8.771548563367904,40.50302425078967
7.983333333333333,1.9329103020409737,8.986067089044022
15.486211725206728,5.51594256362991,25.013434078084543
17.183333333333334,1.99351916064206,20.402820004663756
9.001734270062757,3.170550639810467,23.7
12.798577529593569,1.0081554874255438,8.759985467127946
16.95,1.0640250281022863,10.77
16.845242520725577,9.29490858803021,48.176048312556965
16.916666666666668,1.6480377535865294,7.34483477266333
16.7,6.633442468881408,41.07380098763235
17.542122949121314,3.108726157622314,21.359712684225094
9.24236795459813,3.3517598743925507,44.54735584691816
16.7,0.8943517578301364,10.628521504745558
14.616872878342958,2.2946687782790636,18.93846621740854
17.683333333333334,5.0,41.0
19.843381461055845,6.11320789053711,17.999318978894976
9.45,7.823207292029927,36.15941540535289
16.866666666666667,5.0,35.53432669678034
21.27520278080398,3.4921591715091753,30.351311504628807
17.383333333333333,0.5692707138317306,2.8485171186043434
9.254447746462079,0.6669444444444445,3.704278426645982
20.8,6.5149284231753635,19.63
16.95,6.878794858881656,44.17792588692799
16.45,7.026766119701454,36.90160263881037
16.851694887940894,5.812900334305919,30.8
17.3,1.8077439777895854,13.8
9.134217015843834,2.4559393019318185,20.24625975206635
7.5854415783273055,1.8360013445490273,15.03
18.741531741749842,2.076289481833158,9.955606135588303
13.354723047421434,2.9568155495994235,17.59288867045777
12.75,2.2714130463852444,13.750866764056996
17.45,6.942112338245441,31.21698963831535
7.780807665289115,3.063710921535725,34.65173884577075
16.95,3.2733652084042215,31.637658518772312
11.701935220825602,4.922733768618471,31.46
8.751123469267037,1.6082384739368003,30.313355994483658
18.85,5.477066105739851,20.59427500627006
17.416666666666668,2.507255225839865,16.076104513950977
16.705525885274454,2.881793361093582,20.792458383638497
9.383333333333333,2.0581417266251143,15.4
9.533333333333331,2.0046235765490312,10.8
8.471113168522178,1.350075098490076,12.24
13.083333333333334,6.768462078487455,23.8
14.883333333333333,6.4087182290295654,30.212740401409533
11.223997804552187,1.3199000763501678,10.8
9.066666666666666,0.9947789900314149,6.975917685646346
16.009114589892732,5.290709010216248,22.3
8.733333333333333,0.6669444444444445,7.666330394240681
8.496833519749375,5.293102470403745,11.918374024860187
15.116666666666667,2.9142066946529654,13.46
20.31658912334779,9.0,20.0
9.406520816489422,2.5760034198271584,12.31380687614505
16.204294508979,2.3175064680476742,23.309892554755994
15.283333333333331,2.735501863935334,20.8
9.133333333333333,2.9905913017625916,20.77
9.266666666666667,6.067891969638156,20.23009176876912
10.266648452469887,2.8542684359720427,37.50283162067507
18.03333333333333,6.102813662138992,31.14251429417092
12.766666666666667,3.1879115291956484,23.202393512357606
16.64907544299168,2.1247948559173073,11.354721930680473
9.233333333333333,6.21262720304529,32.5
16.383333333333333,1.1307043782459438,7.9520245999587855
16.883333333333333,2.6683533309671246,17.2
15.966666666666669,3.772897519560722,15.41
16.4,2.4187701453648462,14.992578035530194
16.666666666666668,2.2702287795914606,15.9
0.6431456929005377,5.757844977774214,52.91545911125848
17.666666666666668,1.8614343193094935,9.06
9.083333333333334,0.6669444444444445,5.116733667610544
9.333333333333334,3.0505555555555555,18.182793500394034
17.533333333333335,7.354578539266373,30.275383783922617
18.703140129313,2.370091948769686,20.528985923622045
11.084267865664533,6.864757551626584,30.465658893342365
22.320020104528382,4.6565788597035525,51.336141514521415
13.012017253597055,2.484168249954703,17.534126462738886
9.466666666666669,7.222150709078499,40.98582251914941
19.666256932402707,3.44125615245373,24.472354224223732
13.226646347497047,2.578223958533182,15.975122204494914
7.866666666666667,0.23489352728901988,3.8843278713780607
9.35,0.6669444444444445,9.493095745698751
16.35,2.327146219773799,17.92060406697544
14.616666666666667,6.810369398418306,9.63
16.433333333333334,2.3326844176973682,11.991261312162527
16.716666666666665,1.3589388936837103,8.75
16.566666666666666,2.7321609629701595,17.751602298383208
23.71957267379916,0.15691386177409258,0.8677030403684937
17.078027353106183,1.3852233348233667,16.669339838781898
13.077504871528886,1.8077127432851954,5.8964618907844235
16.283333333333335,4.665655836600241,17.9
17.78640111287091,8.449323097611234,27.604480988887193
16.833333333333332,2.9929914680655116,16.57
19.666666666666668,3.144496370588008,47.747006445298446
7.985310219817476,1.7273968556870576,20.76
11.338168139858086,3.458710598650166,24.109135202033762
8.782063683133709,2.260280711268782,13.479858907578897
20.438476866438965,1.9604879049069086,15.247515112564965
11.55275687634355,2.332899354008525,11.319188287549137
16.666666666666668,8.17009022459571,36.12184011056932
18.115413263285763,0.5972765567034515,17.106789200054415
23.06015067611069,0.1934189328652916,1.5958409672811604
18.6,6.514905203923938,39.00204191568814
16.50453216371796,3.1890161194106565,20.3
16.316666666666666,2.2495323644753973,14.79
15.983333333333333,0.6669444444444445,8.59947601134403
8.7,1.6095738777864492,9.80442262685318
18.264675863090226,1.2650324379665376,11.7
9.283333333333331,4.631519066460651,24.54982876708675
20.65120938592442,5.412300786387242,27.29
16.833333333333332,5.462183044036674,6.9278723620592855
17.516666666666666,4.7362493986709735,20.29324986150002
15.6,1.314116976082777,14.359631424565167
16.383333333333333,1.8077513198865467,15.5
8.516666666666667,5.28300016895966,9.091209989925122
16.833333333333332,2.6,13.678246918463984
7.920088097317398,6.732477890637587,32.157366023920574
9.216666666666669,1.8796338309068148,15.9
8.356226732254227,4.130363118302051,22.3
18.0,2.3706998638760783,20.357166322387403
16.166666666666668,2.9985691610227714,16.484702636590384
16.466666666666665,2.738083613341303,15.03
18.28273474641129,2.207902567118551,26.735447505260368
16.25,3.1315639986365396,28.66568547549455
23.703089299910044,10.857511957491221,60.09004886855568
9.566666666666666,1.5769325048421203,11.092228135105195
19.734673100305937,9.0,47.51483241991013
16.45,0.801018102759236,9.51
8.670513041195427,1.9860625840095585,28.678439721478913
17.166666666666668,7.816968522357605,34.196541407446105
9.383333333333333,2.6944444444444446,19.654085895884855
16.002399428741146,2.962944774515409,20.034586477887185
20.03333333333333,10.071432241858004,41.07113648983067
16.11506342945648,4.569866113686865,17.0
7.866666666666667,2.2676600724132023,7.963410400980339
8.816666666666666,2.5530575257524415,11.270845953604912
15.052657029775046,5.637637053262414,15.1
17.133333333333333,2.173921279523086,13.101759813455981
19.2916382067234,5.214120167336454,18.2
13.261126967737033,2.418705701979351,21.4
7.95,0.42846825579538245,5.112226793094272
10.5,5.395937306807879,29.6
8.983333333333333,9.597917342818327,36.467653306293435
18.75,4.7514130704112,22.1
17.133333333333333,3.43983287400445,17.4
17.416666666666668,2.500555555555556,20.0
7.35327657427554,2.491967521494704,20.76
17.183333333333334,2.4931899934482336,15.5
16.494947681722472,3.0949057569251623,19.763303739744963
17.516666666666666,6.617084058698176,22.3
13.766666666666667,2.145445174311839,13.4
20.816666666666663,3.1126015917329726,22.271300647666816
19.933333333333334,2.1439481348046057,14.72
17.133333333333333,0.4255555555555556,4.532129422560013
14.324778509350544,7.073914041323697,18.64043964103208
9.823340058124646,6.81319553896527,4.496100236059637
16.40684588704825,3.110467390832377,11.98
16.894238060795352,1.3220398879563577,10.77
17.3,2.3113888888888887,14.64
13.511068889677645,6.563798132739463,40.7
22.255964587561348,1.9348632792391773,10.51
16.816666666666666,1.701791304138454,12.80312174172444
15.81891896226382,1.9428009162504603,18.11482465901207
17.52602782739249,1.024758871293497,8.56
16.34360203931199,1.60170052466848,9.964513343447244
19.683333333333334,3.6424436884160505,20.72683446151719
20.8,0.40354026192648573,5.010944203650196
20.50893943611864,6.101610538684735,31.42074568391858
9.5,1.9505821580840537,12.393116450447325
13.695623734458332,0.8609491046290353,16.572947636704004
20.8,4.3997695643287,23.8
22.066666666666663,9.0,44.389550306320636
8.05,0.6671453827478875,7.721919221966226
9.616666666666667,2.0016071487611886,12.249114146715119
9.266666666666667,2.713503155067861,20.16
10.431339898948353,1.152349883732969,11.010153567448464
9.547204777552869,0.6669444444444445,11.34
22.94393554981285,9.576271094719301,54.06185105504228
14.75,1.5777491694308556,16.293778614496773
11.065319005172528,2.4109259766964994,25.045846976577828
12.770598426086224,1.2663886150294839,9.83727247554744
17.75,2.233888888888889,46.87092427697691
15.984774850211778,0.12172972591266966,0.8012657683602538
16.183333333333334,6.818835650821806,22.874595444779608
9.366666666666667,3.1131499124313358,23.67474799596896
16.8,0.693952092215033,11.7
8.868296236558535,2.566723844211869,10.666104688457098
12.134063973768745,0.6669444444444445,10.324453047233728
18.666666666666668,2.8453000738422247,8.67
13.29921137688021,2.9838472237870017,15.969600435930642
18.993412929756204,5.342568515516388,23.6
17.516666666666666,3.2251985953360576,14.73
18.666666666666668,8.000237173889552,37.870560301586664
8.033333333333333,2.093870362409879,13.4562022996448
17.65,0.10229133654959796,0.6265491536051292
18.016666666666666,3.2386270909110597,19.674833893749458
9.616666666666667,1.9506974293810142,29.810258407069423
19.056824733572373,1.4996013874962664,14.604339092235032
17.25,3.2928632406833507,20.694596720283048
8.940586057651869,1.4116011966087694,10.995642636163595
18.116666666666667,2.084020675310607,13.85
15.091918141361212,1.926111111111111,19.69
13.670505984272616,6.934121441695672,30.18447801962594
14.4,2.6202066242731563,18.45901135440355
16.25,3.6377124448438543,26.908231657202613
17.05,1.2531588746123057,13.871805108286953
17.433333333333334,3.882678125083042,23.546438053637484
13.564693962742052,1.3139878244202137,15.347968421085307
16.65,8.080567531011974,39.18630340503158
9.969911761257466,1.3458527266211244,12.148189769817611
8.271931425699622,1.878055555555556,21.264182474197842
14.75,0.8045286963832678,15.5
17.666666666666668,2.870775515028821,25.997167275368373
9.466666666666669,2.9670819020818935,13.6
16.55,8.441700577632291,40.5
11.408448282402837,3.349317087945968,22.802832428212653
16.083333333333332,2.3997170855262113,15.4
15.0,0.39896117416306814,5.486667968845118
9.24232304283213,2.581946008163215,10.28452015980338
19.28333333333333,4.35310114297325,25.545983224104003
7.983333333333333,0.3846684683307062,9.188278669311977
16.9,5.26545367967719,37.35782825423991
17.833333333333332,2.798140983918088,12.639350536086042
2.8943331283575793,0.6669444444444445,3.8862446341070584
17.516666666666666,2.84567886222308,11.72530192116462
21.423148048801522,5.891386610305482,8.58
12.456303978611581,3.4195993363215695,30.460747583689365
17.493289722519584,1.5618566064260062,13.88
15.683333333333334,3.059859855405589,20.76
9.1,2.3412677908587565,13.183976172989592
14.187416102372019,1.5527837529708324,13.754128187507757
9.457057785423526,0.6669444444444445,5.671069300935826
8.01267854346152,3.4715693873160935,17.572318981276677
8.066666666666666,2.9522222222222223,38.7
19.440046938463865,6.060643610145755,20.76
17.316666666666666,9.0,51.22836323971737
18.23333333333333,2.8454533494854926,17.5
15.45,2.100328354355195,19.69
15.45855914168889,6.711135366666047,37.46344919408352
7.584590841618141,1.4913043632210563,15.887754738671216
17.483333333333334,0.6669444444444445,10.409783486137549
9.05,2.023724204499714,13.57297783925108
18.35,3.614373860271487,29.847006003048033
19.812658224487926,1.9311656558828993,7.7126462059105885
19.1831990747051,0.39922575975808977,3.9718876037868687
19.432626230038142,6.8100797043098975,37.1103345274776
14.883333333333333,3.2018385514330756,17.795846325435264
17.76267120004385,1.6245643799065292,8.764320639139108
23.044041311711197,1.0254739192774192,5.967459720512473
17.016666666666666,2.4501183928014143,15.62346492553928
16.816666666666666,2.0893312317668986,19.279100704602715
16.65,1.5120316779572918,13.53
18.556171064435947,2.5588820653928463,31.56006792910337
16.933333333333334,1.5876012804674282,7.606709652823073
9.3,6.394667669295079,34.943691059744474
16.283333333333335,2.335689183995777,15.257633566451418
20.764521436324067,9.0,52.429883578773314
17.3,2.739595789580752,17.3
9.45,6.0,24.050869383611552
18.236969072371174,3.5110049903175775,20.76
9.1,6.834686744312895,25.991468740253385
18.415009020434077,1.867899378526723,13.29864521016553
8.75,0.6669444444444445,9.80551723506241
22.095369130837785,6.5668635474530745,31.186305420051962
10.24136782274708,1.3500770531636554,12.784591292760998
17.65,8.097499266531154,47.89693740645126
17.4,2.461877411493888,41.8
15.85,10.104320706741124,46.517417850655264
17.733333333333334,2.466893593172208,30.609729325066965
13.8,2.71737042642649,13.285104493841208
8.016666666666667,7.6066378650252675,34.878812747818614
13.083132581972341,3.1126139617325013,18.28092571958635
16.85,1.2137614714777316,7.590763845575103
14.3,2.089880713984514,8.806890493632855
9.838518487749322,7.669719047608948,23.8
9.266666666666667,2.8270827358532875,13.033582035869019
16.833333333333332,2.8812591920059605,11.34
16.336579455882113,2.377046240714333,54.77049986695824
7.706268093786514,1.0426645002815895,9.5
15.633333333333333,2.8089830268158305,18.700619459987077
18.85,0.5800236026037207,3.9124932640814962
21.28333333333333,1.0593547071253526,33.82173171789798
19.522342598490066,1.4476641702273292,21.38248815085658
11.25,0.5859877794408707,5.23157683874825
19.395216533391174,6.840237924057532,41.352911442501025
17.0,0.7745396296602931,8.983308441522778
17.3,3.391693310796411,30.784924368110882
16.875274343978937,5.1169594926051944,23.7
9.266666666666667,0.8369647966492598,10.5
18.545188749705122,1.3167251990079707,9.870178459659224
16.2,1.3864001920365785,17.140012517687598
16.0,1.1738975925587871,8.812843146194641
15.2,1.2362252701576284,22.3
17.416666666666668,0.6069149022811406,7.13
16.716666666666665,2.596519799608295,20.53693553275887
0.6064193090479052,1.665792450454692,6.918171186589781
8.5,7.619257308073601,30.73772948084715
13.402769891083421,2.793101083264447,23.003209180567946
15.916666666666666,1.2268230351789995,7.53
9.283333333333331,0.2119340188973836,2.0049003269116294
16.366666666666667,3.1901875602951018,15.7
16.2,5.898959492159853,38.05638997311233
17.5,3.3097255413770275,16.386965290441253
20.566666666666663,0.6669444444444445,3.6275432768127276
16.277017465298687,1.5630555555555556,10.434270783013876
14.635840191898907,3.168156171606805,15.2
23.022569101849882,8.315868734021196,51.60634672304244
9.583333333333334,1.0711484642305384,9.11123033728005
16.45,2.2233769511788006,16.476401048100488
9.208375776558269,7.483880353037232,44.58253957001432
15.0,2.145750791091146,17.113653297327218
11.716666666666669,1.861653568090258,18.1
17.320430626903388,3.038928669339998,17.765782714138382
15.766666666666667,2.0588694197122432,11.002177358821287
9.0,4.57786233325567,35.07463815502674
15.766666666666667,0.7028434138674943,10.44726801177134
9.77677495670964,1.5971982026991536,14.093414520318474
14.313581975186262,3.513896608964919,37.83930983953225
20.995432708124213,7.917201504429104,44.5
16.183333333333334,1.388485866802785,11.29140064615122
17.033333333333335,2.7855680819924817,16.695366379963758
13.95560969597406,4.341772589869065,29.805444008444873
16.533333333333335,2.273177662432407,25.985062078424185
16.6,1.7513793808962885,11.700325457908354
18.35,6.1717205481506126,46.6
16.216666666666665,4.817535672930463,19.34884452711109
13.043060211935064,2.3174545556648787,10.77
20.202104726753845,1.6569444444444446,16.4
21.272978029766435,0.6663888888888889,3.4916764349240212
15.966666666666669,1.7084518139930744,19.811330859080098
16.25,1.644618020173481,14.02
15.0,2.813397094150617,19.74431126157381
8.766666666666667,0.6669444444444445,4.688483976307676
16.233333333333334,2.0070737237658465,19.11
18.042511246492047,2.0685059504558847,14.011826034735611
8.15,9.35382014536618,42.2
16.266666666666666,1.943126478506444,10.564730051482625
20.03333333333333,9.0,35.354956816005235
16.866666666666667,8.14918265804872,44.49322548077473
17.45,1.7887087758900126,19.142171557947538
9.522557978042947,1.9265362661722407,16.21
11.25,2.2996529131924324,19.840791284242627
23.53832652459396,0.23155861376683232,5.151072633145935
9.6,2.512200037463159,14.292251842318699
17.90108352340068,0.6669444444444445,5.96944204974209
17.616957640799278,5.096048655396056,22.60286991784042
12.4157438422066,0.5165363822820611,5.3954626382721305
8.966666666666667,0.6669444444444445,10.571627275732041
16.233333333333334,3.3091427229508863,7.791069183421851
16.4,3.180114004294496,20.76
16.416666666666668,1.0859281817227884,8.705850130908274
11.198516267398386,2.4186476688023784,25.186842976014606
18.1440959162923,5.0,37.38132475456493
13.009722305643612,2.4239621711460866,17.113689876586527
20.264090908018936,0.6669444444444445,6.8920317584098365
17.9,2.269359635418732,17.22843598507591
18.416666666666668,0.6669444444444445,16.974657616432097
18.483361332263726,4.472224276812191,18.522438238951352
16.166666666666668,6.790704039605855,29.836611485996773
9.98439765058118,0.3845557749651102,1.7259474855392674
17.45,6.619451238516172,34.7
9.971505714240845,1.3301338127210276,8.062436330019384
18.183333333333334,2.778549576464065,13.269928630001967
23.081990670891336,2.7170578011768214,23.8
16.866666666666667,7.795614044059519,41.85614044663622
20.464247149711458,1.932406341577111,11.114166077930292
8.05,7.756657788305632,39.81520775552099
17.75,3.6299968947574768,16.3
16.9,2.771256366180395,16.32550804411367
14.65,2.2404564709446904,20.76
9.811222056615275,4.668152108904336,30.8
17.666666666666668,5.0878909179272656,9.96
17.383333333333333,3.568430018609151,20.77
14.799112723432756,1.1832398778458106,8.232797849543367
14.131316416606687,1.6211013524787992,16.3
16.1,2.8137382972863416,23.8
15.216666666666669,0.3492649992133946,3.707325475562804
16.9,3.328180593279498,30.0072462105309
7.833333333333333,2.140609863794768,17.390699999278134
16.233333333333334,2.7234296560274167,16.13975228876114
17.25,1.1293454740304198,23.860351421988554
9.616666666666667,2.5006494974535594,15.5
9.511210169833605,2.5964362657391367,23.554013646686666
17.9,1.7852777777777775,16.9
17.983333333333334,2.277466567887831,15.41
8.8,5.8484522961435745,41.7
16.0,10.101877716914075,18.07487530615404
16.333333333333332,2.1124698747048694,4.0192267825589125
17.016666666666666,2.4585304501595644,12.6
16.05,2.837804190270898,17.023997842218737
10.27105131303684,1.7875158156137076,12.057394966429944
16.266666666666666,1.804265981937971,12.115756025949581
16.466666666666665,6.274674927394151,17.597725547930796
23.883333333333333,10.809922845588437,62.19720333966031
9.416666666666666,0.5840167624884793,5.22085280486198
16.091960210568217,2.3276267819981538,15.54
19.38486625597102,0.428843824865943,7.715033780100558
17.516666666666666,3.3070107926280707,20.77
15.4,1.647377880997612,10.530764555391178
10.868508495091719,0.24256094770670103,4.2
9.36152202880299,7.074165453729437,37.25480321902894
9.116666666666667,0.6669444444444445,10.88
8.009943558946285,0.9047563515316973,7.557322217257611
17.6,1.449862089094642,9.41
13.083333333333334,1.7852777777777775,10.87
16.4,6.738348594928796,40.1
17.216666666666665,1.9223000949503988,14.726763675390979
17.25,1.6024790892187342,13.608195890387012
9.616666666666667,5.83140269643202,29.674246735663814
13.15348123084122,1.7084871811026265,18.53049467962903
16.5,2.766295624459311,20.024741569404746
8.016666666666667,2.6610255092151136,12.457678058263781
17.45,2.1554558560682677,13.071310268918229
15.380331434677588,1.5969549735341342,13.465967405917123
17.450328921831176,1.352752459023604,5.337899059859828
17.466666666666665,1.576058140378307,19.2
17.904097009815654,4.653911465830751,15.173662997434104
15.4120356469013,2.86636338537011,20.76
21.012669706771813,10.811145014453473,57.88631681267999
16.1,0.9935164870206359,9.800161958611033
19.108659324654138,1.6065220447765287,19.751557548647583
7.740719934025173,2.7421959739075397,9.419843374014196
21.41616255474956,7.199285511949344,47.18711912809536
11.764098070437099,2.724585936668376,22.001456503801652
23.4704669744194,10.22281754327468,57.84912692389365
13.952835449944283,2.1194203218674748,16.900184067296003
14.4,0.6668197634516249,10.44736028376093
8.05,6.702563595191638,30.45347872799599
16.816666666666666,2.975725869097829,20.76
15.816666666666666,3.2821865212553423,19.29
20.09175740548615,2.801190026561525,20.0
17.537653181578175,3.1777601397331394,14.761365849850984
16.583333333333332,6.594561696869197,11.08365659095924
9.583333333333334,10.001909516443655,44.20270228854859
21.405784881233032,1.1278472791871286,11.224066846429128
16.866666666666667,8.012076767575142,20.76
7.965052446235618,2.9516546476622425,20.76
15.2,2.462112811857586,20.76
20.024275834648837,7.833333333333333,25.11987103490862
15.116666666666667,0.6951912304901117,9.6
16.866666666666667,1.6185271490560476,10.850874688439319
17.27219913741395,2.4642305651815635,14.664277920513227
9.212347777048139,0.504496188603627,9.23
16.9,7.162405036795661,31.088195481414456
17.59043046286587,2.3753154289497718,40.4244446838804
17.75,2.100110614438337,20.76
14.4,2.3907463222305605,17.86589367591705
19.50660196168015,2.9522343142931367,17.870660361373126
16.7,1.9271369684780468,15.716192559257333
8.94383333195201,2.0903003529264503,16.49809350517768
17.183333333333334,4.868223109875242,30.817758254380347
1.3490709100896425,2.7755682297277136,15.655555336736064
16.85,2.5944526535257175,13.877285999276465
16.65,2.295591625962204,29.6
7.9,1.2839883885400138,4.8111485256304025
9.35,1.654157728396192,22.47387071593589
9.415844670493739,1.9404308593127049,17.752842033423654
22.25,2.087222222222222,11.93225032197776
20.884720568853467,2.2994444444444446,23.582141900088118
17.85,0.12038909755886767,1.599012606758247
16.760338356918528,3.4141097524660577,22.804386580279672
17.116666666666667,2.4791605476758005,17.977317800874314
8.016666666666667,9.429956542368089,51.02219914414904
14.723855391739491,7.0,38.505025056285696
9.35,4.692042389578894,20.76
17.733333333333334,3.004767862706993,40.92134482927702
7.782124443804277,0.6669444444444445,13.904757977640807
17.033333333333335,4.742371675096662,37.19806868543948
16.4,7.797459442909476,51.15073413471162
17.433333333333334,0.3996895077352232,4.813232399869364
18.183333333333334,1.5649000438503353,16.572046132293945
22.186495577970025,1.6147884486373967,9.39
9.489425229025398,0.5897582979822344,4.2
17.35,6.563424655983017,18.04
17.761146391874437,3.2787013632923765,38.7
11.716666666666669,6.103440540107517,40.40525908723619
15.133333333333333,1.7936432444339248,7.78400952652611
14.283333333333331,0.6669444444444445,12.121919159227675
16.1,3.2924439090450663,32.89242320306542
16.916666666666668,8.287096791595593,43.4
21.782467649889696,0.3973111103820172,5.364038429909016
15.377839061257529,3.4382562649959167,21.4
13.766666666666667,1.2697692256780149,9.94
20.120745241557987,1.3125,6.6957881961651236
16.7,3.859163599992728,20.76
15.643519592999466,2.7198729631071363,20.1
9.359620106653233,3.0747769909660008,12.831059775867569
20.33333333333333,1.7538469039204572,11.602045543495658
16.583333333333332,7.7564501628125635,40.666230738530324
16.125496384389734,2.191897280604611,18.4
11.483333333333333,3.0347409421091074,24.5
13.70441055049734,7.071587904698564,24.5
10.793312648340633,8.971719107979787,40.39061687350966
14.934528198764918,3.1789969377882827,20.8
11.72195432824755,3.4019568184313185,9.91423389254448
14.352964759937382,1.6221293317051853,13.1697861166449
9.05,0.8047469096486483,4.2893019013402425
2.6879210475834676,5.285429023610954,20.76
16.466666666666665,2.995972236488267,22.3
22.259594219980013,2.247762038766803,15.5
17.911319787022297,1.9712521927050564,17.131919557623842
22.48333333333333,2.3266666666666667,30.16915968750098
17.160000891646938,1.601623136221517,13.8
16.1,7.509621913221022,33.037251808005905
16.916666666666668,1.8172837792879935,40.70228742389666
9.216666666666669,2.881473261238921,18.654085473866665
14.469344727650968,2.6837541632078925,15.2
15.528919522911181,1.436089752435501,13.136365538927521
7.695745372374074,1.8811546666956527,9.7
17.316666666666666,0.459276305471635,10.840567183239981
17.383333333333333,2.8620094391949147,15.227932354248988
9.066666666666666,3.0844634220368827,27.537726878925493
9.45,7.617786561526332,41.865032793227506
17.11025120077622,1.9325545359409704,20.1
17.616666666666667,0.17465322015038034,2.8557578617716564
18.766976685016434,0.23566885343463997,4.280883092546894
15.2,2.309059265875219,14.7
8.8,0.6384257325961291,6.929007946837397
22.28872904816667,2.147778042796638,20.751890628014444
22.25,0.3318114698283404,5.21045067842214
14.883333333333333,2.348490829948593,19.16018785892789
16.683333333333334,8.000071128480046,45.99619778455512
19.416666666666668,5.316716944309587,26.3
14.916666666666666,2.9659159542470603,15.5
9.283333333333331,2.720580785197934,16.702679103458827
17.183333333333334,3.1898134998503163,15.633406429018654
17.433333333333334,0.7730713166250066,3.3291845856570674
17.06255328946908,7.0,41.552587264735436
17.233333333333334,1.8482033542153442,13.150949649182369
20.683333333333334,2.421783977294699,13.27269607196193
19.616666666666667,9.159200025218306,42.45991783908792
17.516666666666666,6.820575420996063,37.37776794981603
20.254465314105612,4.399212882776366,12.736576851974625
16.716666666666665,2.3263229476996754,18.009561442146374
16.690981492980843,0.6669444444444445,6.249033576524245
7.866666666666667,2.7941483741631936,52.3
17.7,4.738137080875639,20.76
19.01851966556142,7.700638190175141,21.4
8.133333333333333,0.12038229858080415,3.786966390670536
15.9,3.350343461635614,26.306312358910848
19.416666666666668,2.1444470920978294,11.144859324283752
17.366666666666667,1.7474882486580585,11.64
13.187089775906594,2.332193538019572,11.335688077833291
18.116666666666667,1.2654356541360148,12.54
9.083333333333334,2.8990066440648974,30.6
14.508737773524123,7.316687395156667,45.083257531020266
16.18826827573373,7.199112575278009,32.02529398318843
18.066666666666663,1.6097694239391198,15.0
10.753453693441866,0.4289553239373413,9.053475998748175
16.883333333333333,2.9860224356136267,39.70058504143729
17.516666666666666,2.2006400167529185,13.73709864575761
16.616666666666667,1.8016666666666667,16.633882608630262
16.333333333333332,2.518380974715846,15.675097513519813
9.224602316176133,2.8624573657922494,19.97012055841683
17.366666666666667,3.060055178535098,14.99917984240571
19.578894125694276,3.409110672798777,13.4
19.916666666666668,1.1296570468208966,20.76
15.216666666666669,1.0499262496770942,11.061359960917528
17.133333333333333,2.1405039191027906,10.082291101580822
7.933333333333334,1.6099887129533028,15.175191321684638
19.666666666666668,1.5317165238694403,15.9
9.366666666666667,7.251914580884549,35.372602813299
17.683333333333334,6.930664812201155,44.579977452624675
20.79603085547262,6.101747047236705,30.29654583333373
8.21608270391799,4.74329396558051,11.719538610558997
22.618501592119756,0.8440833620424252,10.663903568313076
21.775546590471997,0.6666666666666666,22.495553891530413
15.548445503818401,1.4476533484242442,16.764725792796153
14.652936053989329,2.3216790541036785,19.438434267069727
9.0,1.9433380537820955,17.307096330691596
19.47200503885619,6.866159830797065,27.29
10.356111060216294,3.0505555555555555,15.0
16.6,6.409708416897999,20.76
7.9935059792409,2.98123443730035,30.8
20.683333333333334,6.41500200683544,52.3
13.936396363101462,2.981866164506088,17.7
19.10068896503142,1.5326125598004288,15.2
16.963836016637828,5.495945164653657,49.41280208350583
14.530711953022154,1.6732633441568578,16.9
16.722702623872795,6.441239297687263,15.940497426112042
18.85,6.042470012384643,22.3
17.783333333333335,6.295555555555556,44.527056944532575
17.85,2.666448258838163,17.5
17.5,2.7849222135700287,15.923069433219405
16.9,2.417453835421278,9.535511356200312
19.61704647795243,2.2239545730474513,6.557317447940251
8.966666666666667,8.811979191004514,51.173690822807366
16.9,1.6089905884060514,9.021847545628908
17.966666666666665,4.726315211235547,19.15817009104197
16.913582110291316,2.460730253519678,29.927696972461963
9.588829896935229,3.090350903852274,15.5
18.166666666666668,4.443217064883546,30.04063284765917
14.75,3.145,40.390809879556755
15.216666666666669,0.6669444444444445,8.8
16.85388341297947,5.846111111111111,29.46815184682945
21.266666666666666,7.149225811607971,30.033143788514998
18.229700566135435,2.696894364161034,23.49268465642682
16.333333333333332,0.8917292687996021,12.54
9.183333333333334,0.6669444444444445,15.4
11.770580517913565,3.420523295603077,20.77
16.516666666666666,3.0395813199968673,40.505631762618485
10.75,2.4560580952427986,13.89638535047041
8.4439903402773,0.8367783273180726,9.002474976330218
0.9104964076712654,0.423384714849765,4.4705862582923706
11.333006037671883,2.1449576102181522,17.3
10.75,6.207650085100472,34.096332527579825
21.922291128965337,13.307766011988395,60.643661522231504
17.966666666666665,3.397533907006245,19.00701164418878
9.266666666666667,3.1351789405442454,9.709402540236924
17.233333333333334,1.9266699572343002,10.812632708657812
20.58333333333333,3.261148528393684,5.355713363736087
18.862433005252846,3.112631377650872,13.039035450112962
17.32091785723633,1.5133333333333334,21.71479119151762
15.397765269531094,3.040160640331961,16.38
19.882515719833265,3.05922156409691,9.903688328613812
12.233333333333333,0.4990600242871508,3.7007279105209308
18.766666666666666,9.546754532403241,49.934156497773884
16.05,1.4141555411555105,11.377879127572248
10.181872055060193,1.816740972150736,8.692173405380458
16.816666666666666,2.3760445242766486,14.294439369866655
17.833333333333332,0.6672789734532227,7.886541852544984
20.07320958400405,0.39915432510178395,11.154811738776957
12.729520869422208,6.706388888888889,27.72053544860144
16.933333333333334,2.12032639360927,21.263112662041188
8.827915570369242,0.42856437923211793,12.440010910082282
23.166666666666668,9.0,39.101140502924856
14.234102837405988,0.362880606350127,4.285167844548814
17.0,2.066968423459377,10.63
20.686709143955703,1.831972578741496,11.303821307084759
17.783333333333335,3.4261579760620227,25.984137546020442
17.316666666666666,1.4663767439119864,7.659860048090423
8.9,1.3586332791688323,14.02
9.6,7.0,32.2
19.93060624599232,0.4225967073965672,5.281575094128078
8.04292925803161,1.2792850083143528,11.986197310250487
16.5,6.0402503103506895,24.448980808495406
13.766666666666667,2.1209819734242767,15.3
16.833333333333332,3.266386227306217,19.962893666437697
15.44095817379383,1.8817201887770216,11.671686553927135
19.08333333333333,2.6846736296948452,18.4
16.878857440689764,3.465031302194368,18.667806550660515
16.35,0.6634910509723179,7.62568221695252
18.13319865586472,1.6158471066183553,12.8
8.033333333333333,0.7769280091909745,11.616837363108214
16.333333333333332,2.3221718514108973,11.93
20.566666666666663,1.3150231900400076,16.960195494333206
20.87865572753817,0.46494604191516803,4.538521911545003
8.8,4.630600961965759,16.979935549768733
13.586395042228515,0.5160802282395662,5.395519779616501
18.133333333333333,4.135488283083708,19.7
17.316666666666666,0.5845888479069242,6.55
17.25,2.3433300776540937,11.693372986552884
10.766666666666667,0.6666666666666666,7.7143655373210045
8.0,0.2728504310796405,2.2341272047045218
23.65822548686753,9.0,53.72338919664862
16.366666666666667,0.36088215946019747,3.246445555340294
8.715507062362022,1.3176600758470243,10.734509595562315
9.7,0.3996170473078323,3.7023347546853618
16.939112140756936,2.6377314573557618,14.1
14.525954112643248,4.3464050060840975,23.1502705080928
16.85,4.905743741805231,20.5
8.116666666666667,6.516738957333314,19.50248092887554
22.605671484509756,5.911658859775193,39.33324185779926
9.533333333333331,6.40446703838623,43.6
18.45,4.017609098797133,20.068159888265548
17.216666666666665,1.5689312910442013,11.64
21.321528949714434,2.423543404786811,7.4
13.21370356253388,1.3122380643601712,11.75278655584325
16.06475455742054,0.8544149040671953,25.079026832246303
14.027245742353536,2.9522222222222223,15.601372902336431
19.73570586394848,8.127546784982522,48.17348029451039
9.216666666666669,2.0557026025629273,15.189994833908527
8.65,0.7256462993089995,10.312346288794842
23.216666666666665,9.179098099957718,33.7555352943675
17.55,3.2119304371585904,19.81037976217187
15.935657798473718,0.6669444444444445,6.042905514882402
17.883333333333333,1.8075975016126695,17.593283939573165
17.383333333333333,6.516711916632072,20.77
18.78333333333333,6.835819156351165,17.36
8.116666666666667,1.7671464045598868,9.7
16.383333333333333,1.4503974062063425,8.492367986532825
19.111581119774176,0.42798624514823014,7.071319310631032
16.361431889740285,2.980020156941278,15.277290328732697
9.006706510384465,6.564537683937671,20.76
20.1,1.0712194077094384,5.713326551223101
16.75,3.410840552755758,20.8
13.752783675183629,1.2138435103633434,12.74
8.5,1.2907946771871985,15.56
14.0301637432013,1.73944744353148,19.999405711200225
19.36677321041155,9.0,53.381370958182735
15.927675721636932,2.1201210241607438,10.27097093794211
23.37995434714443,10.814246130898322,49.44870406548016
16.25,2.5552039248094456,19.2
10.064683135721992,2.9983096043797595,29.6
20.994093958764054,2.310261961380739,13.9
21.297864400059822,1.586349229240553,10.51
16.35,5.8270298626782475,29.6
16.233333333333334,0.6666666666666666,10.509815406441513
21.28333333333333,10.512309446970953,56.09604508467768
23.324033346755535,2.9926834702395335,32.76632559930651
20.1,0.38071505902305264,5.6368253381498254
13.127332746986992,1.952151074962837,12.735763476155384
16.55,4.834636534709738,20.76
8.872009008528503,3.4246562710486237,22.45437800648447
14.062744446087049,1.7979763759520464,29.701362628966777
16.217950186534143,2.994368815416433,20.77
16.85,2.8670815531870764,14.262243270329042
18.183333333333334,1.479319350415038,9.57045230065769
17.74058191164486,2.711821527051492,16.29
16.166666666666668,9.24942322187438,29.964081476811263
7.866666666666667,2.3723389685986374,7.71890919883109
18.33558378077304,1.0607027069617039,10.74
14.217990933918177,8.787399334404753,42.59531450253121
16.233333333333334,3.408990696261735,15.4
17.616666666666667,1.834565408082603,11.383341243595783
15.732300063791497,6.412839499173453,19.29
16.85,3.134743178041187,22.016156693783852
17.960094217735026,0.8168674081495378,9.23
18.42460369377568,10.09231920110738,51.802977722165544
15.216666666666669,2.4293566926338466,18.097255694887245
11.024038182392633,1.8371395481846025,9.06
17.483333333333334,3.0327703984942853,16.69598895177355
16.933333333333334,5.105167148834411,37.031793385422134
19.466666666666665,2.8158823166733855,52.31453119324379
8.016666666666667,3.2923231187750255,8.192269117821402
16.716666666666665,1.6213375544978565,12.9
11.45622393663948,2.1654592673409687,14.585450314664808
14.16486851324609,1.8846483926743294,18.6
16.183333333333334,0.6669444444444445,10.694393368011905
16.85,2.980103131624944,28.25615947550724
17.4,6.668663269917479,18.39438021261592
7.8,1.447124951732362,16.8
21.283000058650796,2.3864149786485496,31.253195563601388
11.192082268175971,1.5180652555988046,7.876208268915032
21.023165331984004,1.388764142563058,8.24
9.306103485279664,2.828458805940496,20.3
17.516666666666666,7.627716521176494,39.09377882657467
15.630545662420644,3.066666666666667,20.5
17.22275460712439,3.2794288048214764,22.07681351443736
16.933333333333334,3.000666789495764,18.43364787438249
16.516025171923992,1.5391744507182088,16.310864133456473
16.569400487806462,8.443639463042825,47.40065101506349
13.75,3.134171599416171,41.26506785294639
22.47059639246321,9.059337943247412,47.08195970348852
16.366666666666667,2.697845212076149,29.801805373413814
8.066666666666666,0.6669444444444445,9.247531332333446
16.8,0.6669444444444445,9.533906117679836
17.766666666666666,2.7425712450738535,40.7
15.716666666666669,0.5033342564577951,6.914597659794932
8.044474045557354,0.6669444444444445,13.499064760038255
16.416666666666668,2.611578612627207,16.52659894879749
17.566666666666666,3.226633729250387,15.5
15.853894367986454,2.6904338838533213,15.443497526984377
23.817284429039194,10.818788025576028,59.1894605957309
16.216666666666665,2.392552066274059,17.48505120915508
20.444084726799822,2.2994444444444446,13.9
15.133333333333333,9.097471217797565,54.3
16.883333333333333,1.7869444785762352,12.74
17.84784476526697,2.367143761170853,30.33423324425006
9.183333333333334,0.6697423186105236,5.118080187942476
17.216666666666665,5.8624319764126165,30.8
16.716666666666665,1.9625020351664544,13.27
12.75,1.2555601083485257,17.2
20.93332813912551,2.4641403840084637,14.75993691850328
16.05,2.2014290658860567,16.2046415295891
15.766666666666667,1.0601161267355925,13.89095354812173
15.388092512120203,1.2409840419318576,11.156155057474336
7.9,2.2154997910609726,12.687759313894613
16.816666666666666,1.5683542210260883,17.13932907859967
16.266666666666666,6.174462005662286,40.387360562627556
7.96277886827913,1.518322868809475,20.21
15.9,2.179837903268895,24.50186211440366
13.133333333333333,2.84409917067883,15.41
13.277295560274604,3.6291663261868177,37.777740373815746
8.033333333333333,6.9660041373284045,19.14
16.366666666666667,2.131804419306066,13.614585415175037
16.24203502060824,1.691879658117208,18.015929565862365
17.39214635867899,4.774325723524572,20.76
16.866666666666667,1.5619089567967976,33.695765216081796
16.1,2.498681435571061,20.212202404810476
13.203831016823665,6.545530894677189,22.073300308305228
19.566666666666663,8.637967659307911,47.93273996102866
18.32332046060278,1.1777555188845257,6.55
20.918053514053664,3.0462796864106925,12.708792080824278
15.716666666666669,0.6669444444444445,12.796932580781784
17.066666666666666,3.1353022990748323,31.100822501543067
17.833333333333332,6.666666666666667,40.421669574596706
18.23333333333333,7.333333333333333,40.38561006053433
9.466666666666669,0.8526723018879561,5.172802996825043
17.716666666666665,7.328082795870811,47.4782570225797
18.20568594034595,2.38042564348553,17.7
8.683333333333334,1.75474725037343,10.77
15.833333333333334,1.845298543971538,14.748619007491378
19.516666666666666,7.643355697920953,35.84480886043305
16.883333333333333,5.63392266907095,30.36688812586601
14.574183533275724,3.1342987534441464,21.498010746919892
14.916666666666666,6.19948452040173,28.587339186434637
7.8,0.6669444444444445,14.580471673626912
8.066666666666666,2.1018804264517117,17.13
16.866666666666667,1.367201979014327,15.4
15.616666666666667,1.585195785959256,14.99541125609454
17.432451228497026,1.8472572927219977,15.2
8.983333333333333,1.6108333333333331,12.59533057587055
13.3,2.6042277206242237,13.67616290405563
16.133333333333333,0.8046298734053986,26.706726663961337
16.25,2.948807959708006,20.38267755982701
9.383333333333333,1.79918342705449,11.808851146133092
16.866666666666667,1.559175881347593,12.542374466917638
10.001454774066637,1.312991717101801,13.8
21.179395105523568,2.356971556788922,14.386751216095524
16.166666666666668,3.095457298241314,22.3
17.05,2.304276396340029,11.936170352436426
23.0140089243999,0.3304663744395327,3.495291997636666
22.4679085808962,7.83382321707743,37.93946922786084
17.516666666666666,3.3380158752358384,15.9
19.060367317920857,5.00092004105922,33.717773319272624
0.5110141679860666,2.881773278570091,16.57
17.316666666666666,0.4732895992980214,10.285417790034959
15.62253296457973,2.2994444444444446,16.424572523518446
0.5578297507864987,0.07787054918782865,0.6330918062453679
7.592299823357914,2.422924159254375,34.85863811755443
8.954880694927393,2.587545667048898,31.381418479796668
17.929175653621787,7.32622690912386,31.95956608002691
13.133333333333333,8.82120681835499,41.61303853318812
23.092559213429944,10.100562366529902,47.48224557504238
15.235587616186773,6.755749702430649,29.60442900587914
16.933333333333334,6.85072616945793,30.8
16.866666666666667,1.9666299636005362,8.46
18.78333333333333,2.2553187662657406,17.2
17.798440039614082,7.6894381993287695,44.5
16.140554996223432,1.3888483366913926,10.8
17.10713205516428,6.808565218287088,21.104381189255484
23.67583878262238,8.731053707502092,57.19241176324038
15.5,4.553664736469,25.927763987333417
8.5,2.2035821003126306,19.621974096610646
15.371390246146097,2.63858464527063,18.4
16.216666666666665,6.177030270141349,12.675948217194108
15.994355689858958,1.2651536288851792,13.14232520424386
7.956709320005785,0.42462364697869426,5.33084455537574
18.735538250473294,2.4203369204608394,15.412196543062976
8.80834752325185,1.3206448901260732,15.25
16.6,2.1256665118655844,12.78
17.2,0.6669444444444445,6.673653339376682
15.845317639082662,5.881011090897956,35.90909478608916
11.246365639903928,3.6892127998919135,22.983164289709556
16.833333333333332,5.323640343878062,42.04464516774017
16.25,3.3448838151988456,15.87
16.966666666666665,3.2925061214966793,24.26943153555169
16.283333333333335,2.1077172993323545,14.3
3.429926435122357,1.3019415349963805,10.432667393719308
9.1,0.6666666666666666,7.388393453786394
13.094494724128507,3.5947797394291534,17.36
8.905333860474038,1.5220771052874864,12.555865618547758
9.34524335973554,1.2414615661698303,15.54
17.183333333333334,9.537635716107765,48.97033378264473
7.9673077370092695,2.3505650643692353,18.795241231804948
17.433333333333334,1.4809439921511773,12.805144312772027
15.516666666666667,2.3821983440488954,16.5
9.316666666666666,1.525890228545407,20.527708556946834
17.583333333333332,6.577819999304835,22.87151925392284
16.933333333333334,1.9448279894176768,13.79103615043545
17.455053099457682,2.019066646087948,15.54
16.25,0.6669444444444445,10.281750645014347
14.6996384871043,2.493888888888889,13.170366902948823
19.73333333333333,1.1952505855461026,3.9988111857707747
17.016666666666666,3.474064884066498,27.384321335857507
17.683333333333334,1.813055555555556,9.94
17.366666666666667,1.3830769466233204,19.750191566994506
14.892840307800327,2.117623367795282,19.81342348295444
13.941759608672363,2.086422284658331,14.42
8.71392281680404,2.8749883284259763,16.97
17.516666666666666,0.6669444444444445,7.719242797503006
20.53333333333333,6.843852126470967,29.666549600343863
8.959676974477736,0.6669444444444445,18.6697247186838
9.333333333333334,3.093705023772017,16.6
9.333333333333334,2.962428259976109,17.707769287373594
14.883333333333333,1.2695015738926478,9.505843731025127
17.433333333333334,0.6409976813979288,5.319726910898886
9.041165957041914,2.869052967067297,15.997097803879333
21.0010875503481,0.6187894542077886,7.425052271882848
16.133333333333333,7.329510582868453,40.749660363235535
8.983333333333333,3.00279613573317,13.88
8.9,3.274101411455229,20.8
22.096756728714734,0.6045834639733804,7.890252032002121
20.05364368577031,7.150458437389176,40.403593125639404
8.237433641523323,1.3842682422681312,11.9
13.133333333333333,1.4906924831075268,9.96
17.65,1.6442720196744716,17.692255310582713
13.169830901072116,0.6666666666666666,7.87772285176246
18.36209225968682,6.5751346982703955,42.432104805119955
8.683333333333334,0.6669444444444445,10.40961345091951
12.33186233881733,2.0686358534778115,15.898246987446791
15.0,6.1116081101695565,32.093597198154434
15.216666666666669,2.0024272546469004,14.838364368615954
15.755901495943299,3.88062647734185,29.50144343843972
8.185899789424132,0.6669444444444445,7.875945649135953
19.504461681088962,2.526099513752797,11.701349967001523
8.125729506542969,1.4189241933674392,8.493845581757848
19.062658627945634,2.1228709763095015,15.948179677836453
11.52196688413908,4.722854929069966,47.77003190971565
7.745059317335532,0.7719310807505189,5.713183980803892
16.55,6.082336337674328,22.3
18.303739408071845,2.975909800287568,26.413984960543686
16.983333333333334,5.857437632601518,31.636014962930325
7.833333333333333,2.5853418872899616,9.71651373311994
16.95,2.7604148880727215,20.3
9.5,2.030714044906886,16.6
7.95,3.6130949544189814,29.933434475343184
10.666349179302584,2.7556802533375864,10.678547930055775
10.416276140413961,2.8436131441259684,15.96
18.016666666666666,2.2205244837643634,11.16
14.6425349993664,1.942202395391553,16.9
22.029587729853954,5.0,56.080970447141105
17.0,4.729077939238692,20.76
15.84029343175147,2.5784116661453282,15.9
20.58333333333333,1.8166049326534075,17.2
15.651125431539246,1.5181473968933217,11.06
7.95,0.32523911393155325,5.888612038244413
12.783333333333331,9.478919690628857,55.2656910456695
18.066666666666663,2.2020090865483724,20.76
16.516666666666666,5.065079268860068,29.243462077205567
8.85,1.5678135250948682,12.893753297927057
17.116666666666667,2.785057370667824,17.7
22.6,5.697634486714848,25.490029106358538
16.133333333333333,6.791212619857797,16.4
8.51377209029507,2.8033285856806125,14.35987983543683
12.862378660995832,5.445783056032035,14.052171283119483
9.483333333333333,0.6669444444444445,7.5567341596484985
8.116666666666667,0.9630100202205034,3.337353890471291
19.73333333333333,4.7403517414066,24.3
14.42233731791011,0.6669444444444445,4.931635606935813
7.9,1.2174043206757492,10.346432235028807
17.65,1.4557164872765542,8.2
19.666666666666668,3.1127677594967462,36.84570321536088
9.566666666666666,1.064162049281103,7.965850529957601
7.9,2.398153311465183,15.333514140481475
7.864637316314657,0.45505284691882725,9.818912469622655
16.1,5.878874700666509,25.730827687952427
16.983333333333334,1.4218508725490864,17.79
9.94684806492031,3.0368999542163566,27.40950530012182
15.18591427802072,7.0,35.53908385389097
17.283333333333335,2.405019912854445,17.932594378466074
17.633333333333333,1.214952817970721,16.440196754418675
10.5,6.924866362177698,18.60120795097727
8.061383693563695,1.4327056342473814,9.63
8.9,2.418821309709347,31.17418705332714
16.172966531170726,1.8654190304473275,18.4
17.233333333333334,2.41874969860561,14.673164134167843
16.55,1.4160431195334886,13.145176167390206
9.083333333333334,1.810787631054209,18.407682633324615
18.2,2.438906935394336,19.16478112591691
17.433333333333334,3.259594987165093,19.6
23.45857767029438,7.485572742629733,47.059722401211665
15.116666666666667,2.2569595444898103,11.901289906984799
10.766666666666667,7.832646519648023,51.4544367201995
18.45,4.746387074452684,27.59019673373426
20.81336152272656,8.3766337695618,43.6
16.087945478790672,0.445445538105742,3.886399753261742
9.616666666666667,1.6259848929559375,8.862630622952068
22.7633862269566,0.06356753759460435,0.7593724374681702
19.03582124926589,2.1174177253877073,9.23
13.516666666666667,0.6088297626297298,4.2
9.58413033591733,1.1966529495089862,8.2
9.145086433182362,7.00140415842958,36.033935170766824
9.05,1.9519458000483783,10.870626585785542
16.321817210241022,2.494164361105502,30.880411403513847
14.291471679467591,1.6546068187396972,13.01399707978918
16.716666666666665,2.330852989953063,16.1
5.53009698929214,10.101962851641948,56.16126678030702
17.466666666666665,2.1732906883190823,12.6
9.133333333333333,1.8441666666666667,12.05
15.9,5.256096624814572,30.254573561605778
19.249534397948764,1.2191734447358622,10.132064458259844
22.25,9.0,37.77020429359042
17.12136899473117,2.394929287816288,17.4312697525415
15.066666666666666,1.8492745334637564,17.490067269907755
15.443962367626737,6.112756794182295,22.82900425677795
9.05,2.717370349015024,20.5
14.272413098526554,5.0,32.75327776620121
17.366666666666667,0.42530127543756957,1.8831734782409226
16.333333333333332,0.6669444444444445,10.706272021281093
17.366666666666667,2.410801645817691,22.499947500073358
14.742510618514284,3.08066888328635,16.891853924288217
8.027674948280902,2.7104350764194645,15.32528415277894
17.166666666666668,4.63173875686964,22.3
17.133333333333333,2.2594444444444446,14.032030565462357
19.82717420354509,6.863740572027301,22.80130310269497
19.58333333333333,2.199571642570434,20.1
7.740514128325669,3.7433207840404874,23.94005439876121
9.03747061412723,0.6669444444444445,10.118889583614546
17.556660467690214,2.6372489831678645,30.869747533841252
9.183333333333334,0.6669444444444445,9.462791860171775
9.0,7.69461311727325,44.32236739871237
8.984434656697822,1.6466530455848738,10.218804370265199
14.016666666666667,0.6669444444444445,6.274206516625832
16.418287958108223,2.453860263692505,16.762918700366317
19.47211431362242,1.8956976927010487,20.72
17.05,2.983915129453134,19.18646172858575
16.316666666666666,6.681857127927604,29.71251295939783
13.2,3.3277794562770397,24.3
17.133333333333333,8.429651953870446,46.56760139535061
9.6,6.017419656610619,25.519013275422918
16.716666666666665,2.8683603605290826,15.9
14.373137078812825,2.258818796157003,14.706959117489395
15.666666666666666,2.30420034574409,16.9
17.416666666666668,2.5226529464031024,20.76
9.5,7.787669984395459,30.13
8.816666666666666,1.8000805240493782,12.6
16.016238613232584,3.082956515689578,30.46150047904565
0.352012847470383,0.04970480366692837,0.5939055688956081
9.166666666666666,2.2665864558069506,11.316362350157215
9.266666666666667,1.780857843778431,7.551499439433214
19.711008464701468,1.896474660099098,27.0868526287658
15.583333333333334,1.6080555555555556,8.67
19.82804763762468,3.41061207251219,30.8
16.429828249040494,2.98149086452418,14.946392161726514
0.3434860268545751,0.0940835495337553,1.6
17.183333333333334,2.7795247647336447,31.640883530044917
18.852117507120713,2.594623833839959,20.76
17.183333333333334,2.5400216582417117,12.528557772002314
13.562267944031003,3.084102654792901,27.29
7.741024736177246,0.21154393261959598,2.813348174711222
13.31015484024891,2.3073349988780496,18.28911574719995
16.883333333333333,2.7924283261535163,19.433387518582677
13.413561472208869,6.103519800878508,23.65581532473907
18.516666666666666,2.655179016622669,10.672228246445586
21.86921542697765,1.03075916947254,20.76
18.0,2.3487988326931566,18.416698062701652
12.721660554055156,0.23112591611972663,0.8894328978592406
10.996461762556262,3.192162076579688,20.76
13.741636900175559,2.114391661723418,14.767213793576952
8.95,1.527158234454895,14.05137050739374
7.783333333333333,1.8877049948228501,8.0
17.5,1.9417133721386783,16.4
7.983333333333333,0.6669444444444445,8.793163794449038
17.483333333333334,10.08348077657428,56.35496905078052
8.105041682949519,2.5933053031766136,13.3
3.4147333139195464,4.136010214817934,20.461798455821437
22.419617114525714,7.354685845173329,38.87394126331826
17.933333333333334,2.124968595140996,15.7
15.083333333333334,2.771450817613025,17.8
19.4722159317788,2.5163273677040743,19.009143727224437
17.51858266100293,2.8681915247739314,19.952927460896827
16.383333333333333,2.6377032627984502,21.40137234454913
17.683333333333334,3.4001092794373866,21.830848243509895
15.657816326903392,1.5328291006892554,9.833946580247629
16.933333333333334,4.6193764949539045,39.41490478783546
15.833333333333334,0.12006043824965248,1.3700480608444792
9.366666666666667,1.7533255221967357,12.495410486785396
9.145918571355235,0.5952777777777778,3.463215876380536
14.285126619658087,1.3757595259522977,12.593199957668498
19.508335827567254,1.7324595760542516,12.721319406278562
18.28333333333333,2.7916904028988285,14.4
14.671167489212076,5.832384797983186,21.45034133412985
16.25,2.163363747986546,19.29
20.566666666666663,1.7415428793060452,14.79
19.28333333333333,2.2033123880313226,13.128970741641233
12.867294212101278,6.5157047577639124,26.011826192059765
17.683560390641052,6.70884032674578,32.2
14.265325099439726,2.6492295916594677,33.57905262903104
8.777903003479857,2.387148212349876,16.68547528937087
17.366666666666667,2.4834608156505085,17.690568625280086
17.305092781865213,2.750586349646525,10.85836182587045
16.9,2.0370620410354334,19.559816545856027
16.216666666666665,2.7546125959674392,20.609025860807446
17.5,5.885420836252042,19.305435413097
19.281967953590375,3.2498939501286306,18.027218007055854
16.0,2.6936282590414455,19.196997460805147
11.343965641186882,0.9491445151037403,9.621696914124612
9.583333333333334,0.6658658463233137,12.9
8.933333333333334,0.6680451781733734,6.432329454737306
20.066666666666663,6.512596975169178,35.7
19.58333333333333,6.8367718593145375,41.25171507247656
7.7121019496801475,10.809957589734694,54.56615329170909
18.28333333333333,2.217724007258873,15.80492701637379
17.483333333333334,2.5256713088930254,16.008569460288637
9.15,1.087896072573887,9.23
19.784479601000978,6.620036323283168,32.86625586615848
16.9,1.2025020377204263,7.5135942885743985
16.5,8.729716418781164,46.49464841672649
15.041332550369274,2.711731451752116,13.9
10.991799539311344,1.408434486689554,13.8
18.45,0.6669444444444445,10.816859277827474
8.933333333333334,0.8937697875510733,10.822505925404354
13.524868363672871,2.3798129780016386,22.3
16.871151253124886,3.425663860236566,21.637364082946483
11.587708972576896,2.3957821683391387,15.7
17.783333333333335,2.566066489245162,31.086970817462532
17.286368770079456,0.504884949648373,2.62
19.313727195856742,2.851754880591013,15.4
14.4,2.140897232448108,19.2
14.65,2.3266666666666667,19.191339253240223
20.93309652973697,0.2387360324873336,40.111982297189925
15.966666666666669,2.565045356257538,17.7
15.766666666666667,7.910159687231787,42.090598633291556
19.616666666666667,3.045749292764909,20.76
8.460532019167568,3.231110568462026,40.1
17.088167766901982,2.3106056938903565,15.267240663778399
17.006058225681432,2.1545279948103144,20.8
17.98013177351907,2.2175988456947855,15.4
16.65,5.89258668298803,23.76451133775833
19.28333333333333,6.930513617377762,42.39761508548304
18.03333333333333,2.141129261839016,16.57
21.20320446798039,2.386792793854341,15.4
23.293833263877143,2.7427424731447414,16.57
19.14543934034876,8.655132999984566,52.31069027431458
20.17101414391279,2.3258663301499625,17.293418355115328
13.003388265630303,1.6939387885554278,12.123019210809813
16.883333333333333,8.000273217728619,45.45245049107714
16.283333333333335,0.8013888888888889,8.46
22.663943491754225,4.906913082038762,26.72634315486669
9.366666666666667,2.0900453154938843,11.10900375967758
17.932319476437957,1.6338095235527923,12.069638854620043
16.716666666666665,1.2918357961248774,10.249871891658842
16.27868330969306,0.41498773416976237,2.881258973305683
16.291433446748666,2.8573419425298305,24.342314063606846
16.533333333333335,0.6669444444444445,13.582850242203156
17.316666666666666,1.708876180988523,15.98
10.95994611600927,1.110000152078344,15.0
17.0,3.4335578175510566,18.4
16.433333333333334,2.4942258749638464,17.8
17.15,2.211866215853402,15.3316879917828
9.116666666666667,1.926111111111111,17.3
0.9033771779069452,0.6669444444444445,12.176626331327336
12.648505080388988,2.3936692966778854,13.46
17.166666666666668,6.483191747182662,27.43456464018151
19.666666666666668,1.9449588418920523,18.007252864299485
17.333333333333332,7.415506437095829,32.990718339929685
16.190823622475946,1.6074316627002887,6.341488051732913
22.060909446856154,0.6669444444444445,6.199727836035188
16.516666666666666,1.4209834279345794,13.49772549260126
17.2,3.633946948947442,16.905949633075156
9.183333333333334,0.6666666666666666,5.61473971401345
16.37963603873088,3.9369012065342295,6.747903927813974
14.007419407325234,3.1721593818192284,20.204707629885753
16.816666666666666,1.7430366005586282,11.833011938843871
7.54389007268366,3.066666666666667,6.254900251216816
15.038993603973264,0.40416997893590245,10.5
17.016666666666666,8.66482469444949,44.5
16.916666666666668,0.43559234077248676,4.079942325165301
17.366666666666667,2.6682476289126207,18.3
15.396687135126104,7.621340619875935,40.5
17.283333333333335,0.49393316906033535,6.8787954075833575
10.352538943115093,3.2266152982219376,30.24534047050421
15.766666666666667,1.8640726651616613,14.786798902196535
20.103748105804485,4.79827486169808,34.077321738970234
19.688606513946386,2.4603076813492977,8.216402323101478
8.066666666666666,6.91277251316547,27.49181110724896
9.533333333333331,1.9508333333333328,14.515851182157565
16.483333333333334,0.11599065898258903,3.0594269451776834
19.30052082852025,5.488671262930106,27.4116683264308
20.889898020055995,3.073546329980108,27.58436431600871
12.835228812518308,3.139114143524691,20.76
16.213864533926156,1.2680866027392257,13.3
19.40803950169963,2.663325660600491,16.5
14.648060356626841,3.0966103323840475,29.960014832858374
8.8,6.102132147842052,18.297907616189626
7.9,0.6666666666666666,10.77
21.268236162284193,3.5704448592060554,20.8
15.411089857245539,0.2281765213100411,8.455566329165318
9.5,7.362950539448748,22.33551819399861
8.066666666666666,1.2214195002563228,8.528158926445533
11.294459288575167,0.6430619553132882,6.391228459235431
15.216666666666669,2.655494580941053,13.8
16.266666666666666,1.2139516584271506,11.167893973232642
7.696455386151576,0.6669444444444445,9.22
19.91329254274403,0.39854658511025326,8.52129780674063
21.21751697533559,2.2700059370734142,19.99596622950337
16.133333333333333,1.7866482439184672,9.39
8.066666666666666,2.643869118802364,10.846217015240255
9.0,0.5154563931856625,8.294007741313914
14.63750898413162,2.2798975337152885,16.74794108013769
9.383333333333333,2.7582736182831864,20.76
16.333333333333332,7.789912836481832,17.7
7.716666666666667,1.816831556528013,9.117449152240365
9.089096736054982,0.6669444444444445,11.271884746922352
14.469923199391234,2.9669527353005067,17.071195280212336
8.116666666666667,9.0,44.1875619243317
16.866666666666667,1.1199441930339027,14.47470573801228
17.84996420658967,1.9508333333333328,17.167602282257015
17.760376376620364,2.9847871825287133,40.1
16.216666666666665,1.6697473177887008,16.915647330951426
9.5,1.589548589479881,10.173650280723109
8.65,1.4362228182773915,10.078249413852587
18.81182149828668,2.6444533613524457,12.67
8.05,0.5339484786760584,7.53728506272956
14.016666666666667,5.846111111111111,28.087808133996145
19.283819152172637,2.119702940896802,17.353967327161346
16.14729057396408,1.0313232119407219,5.329617162038571
9.241589177068523,6.597025714929497,16.1
16.516666666666666,6.257289254000619,20.5
8.1926083312202,0.8033692382604531,8.230235797685934
16.65,0.6212533394999153,4.098090549001933
14.89280926216553,5.663193907888301,44.591614663663115
14.283333333333331,1.7747082525656601,15.876747204158029
9.183333333333334,0.7258111877409891,8.794243457505665
15.516666666666667,2.0618622500539354,12.8
17.183333333333334,8.084742119411661,39.04963324699894
20.58333333333333,2.2339404608723017,19.984571637714424
15.816666666666666,6.668734505925797,20.8
21.28426709738783,10.640581699064201,57.63736419423452
8.116666666666667,2.058749612921673,16.206010669856084
8.759485460367902,0.6663888888888889,10.731056404439666
17.65,9.321713897021528,48.87620454170019
20.598386687622202,2.478658514022728,11.6
17.266666666666666,5.006755517717542,31.20182896517101
9.183333333333334,0.6669444444444445,6.3568656467977425
8.683333333333334,2.5232891055535385,12.736052785792305
17.54959693739315,1.699610026035781,13.76691215316553
15.4,2.45983148101211,15.0
17.5,8.406573868750812,23.892742516680315
16.101765805598102,3.025816611801809,33.91518111804212
17.7,7.296168143386346,38.7
18.2,6.863533194286009,25.10308086766488
16.383333333333333,2.960426381596732,16.751406159968546
17.4,1.6217019223536837,28.26413770099271
19.499250099678985,2.015082803073994,23.57870114244172
15.716666666666669,2.958607918120103,20.77
15.959432648644988,2.467864570237417,23.6
8.066666666666666,1.6183917282538498,14.69286440745215
8.500072856806922,1.9923309554087172,12.05
17.433333333333334,1.0653844052347565,10.085318043062221
16.732455365332303,0.6669444444444445,8.7
9.111278814325685,2.3682425217984577,16.1
17.233333333333334,9.08618685806023,51.2533626197388
20.1,3.0262093261799055,20.77
20.451163778982593,2.140985473262486,38.7
14.566666666666666,0.6672454514528717,10.2984495798555
17.366666666666667,1.0070544413891858,12.884987056075765
16.666666666666668,1.927465112972007,14.693163637315685
20.8,1.7090653186338403,11.660896872127628
13.75,0.45935622918207697,2.6534852984937856
13.3,0.6665821549271926,7.2294836083813
17.65,7.5,38.242228146881246
16.016666666666666,0.4870720327695075,4.350296221324038
20.346449183851647,7.017830475400856,32.1765395037742
16.46328248386159,1.8723953818910872,7.13
8.783333333333333,0.8616326251799981,8.749953216852068
17.666666666666668,4.01726571292823,20.77
16.5689352169548,3.5928817717151045,18.52215627421969
12.8,2.3113888888888887,16.27390277996481
9.316666666666666,2.655435996496113,12.882193016159615
9.566666666666666,0.5114089987748259,10.7
21.086292489180373,6.409318496184195,36.32848115439131
15.5004579514139,1.2138142918722277,12.034372672593607
16.333333333333332,1.8230078539419279,12.373235026017817
18.35,2.526095052770774,16.871164914311173
9.216666666666669,4.023539471584165,38.937794637318255
9.416666666666666,3.141727537478868,20.1
9.283333333333331,0.4797764384391036,3.998108271187596
13.94652416538951,1.5824041513133806,13.085908431523725
21.214322115071766,7.678208847375225,48.443687609845185
20.116666666666667,1.8744908786957544,13.042428935307386
17.45,3.1349960886355133,22.3
19.113253513242498,6.310070420595186,47.446212006894925
8.15,6.7749844944104405,38.4
7.833333333333333,0.41283161916174704,8.313096388967057
16.2,2.450313034617113,16.39708870293337
16.283333333333335,2.268062097227033,19.532942636714083
9.0,1.0972961373760226,11.475012586442665
16.98981742256047,2.4387868035027713,15.96
16.366666666666667,1.9484321092465005,12.16
14.432938398460168,1.107567355375725,13.317079167254933
17.05,1.7529723415789782,10.19462530773341
22.255314322816233,1.9425926951050099,41.387322728876654
11.566996724404072,3.181465648567649,45.95887643907263
16.266666666666666,3.3707177870864027,16.6
9.863961392474646,1.2407595188449552,15.5
22.611760702860593,1.578033348286991,44.870753570512804
9.35,7.5082686642612195,44.61859672962359
18.85,6.9127749375319665,36.9
15.216666666666669,0.3878000550765658,12.8
20.503452276163216,2.3375950265165266,15.3
8.1,0.7914402475381916,12.822343338939753
23.27552984346931,2.5261498276129633,10.828767127391345
18.116666666666667,2.142784531359114,17.371181673375027
8.0,7.618108471449351,37.55571537325265
18.666666666666668,1.7835003617267549,19.597690985500652
9.466666666666669,2.4437752968631976,15.171791841090915
19.500039913466164,7.318847276807839,21.996462757272575
15.616666666666667,1.2531676865439225,6.4144995017363
9.454373548843934,2.3685197213952986,15.691034110912588
16.066666666666666,3.0304290021952913,23.2
13.565848441214795,2.6487682379763196,17.0
16.6,3.0573628955889807,20.76
9.466666666666669,2.6164022000857834,15.23411585988166
11.512199634481895,2.1793424161315667,15.422199334861844
13.133333333333333,2.952715346796612,29.663929725560386
9.45673889576566,0.7526075174006517,9.06
15.283333333333331,0.6669444444444445,10.85802341850714
16.183333333333334,0.40362711510260807,4.4507595061625
14.924563054032802,1.6108333333333331,18.3
12.804050777529964,2.6155969049861434,33.39543182405225
16.216666666666665,2.7172222222222224,14.64
16.866666666666667,7.50092096212761,37.5435047239412
17.183333333333334,0.668802306854238,10.289978609636304
10.636211554147494,0.5974359835821947,4.917419526161577
12.150675429281904,5.0,22.123608500501316
7.833333333333333,3.8879760480236762,39.04309763154688
13.384077956467433,9.0,51.30017303245655
21.947133352555475,2.9636530153857517,6.016232151369016
23.022379833635014,1.1702696930676604,14.643067855387566
0.6276007085918376,9.689359970922112,58.13217969030113
12.856025542697575,3.216642913458012,13.8
22.442035896237083,8.92661553568447,54.206406201614115
9.16132380514668,2.4501461227802888,20.76
16.233333333333334,4.331750286308019,18.938560418580664
18.28333333333333,2.708625140041339,13.4
10.666666666666666,1.7283247811697244,30.57429640808299
9.925619350760778,7.5,46.0
19.516666666666666,7.071860313191762,22.3
17.52915477292728,2.3075304202753055,20.77
17.183333333333334,2.2413682387243203,18.09162089241209
23.748486212862034,2.306628232482149,13.669776202086924
8.420050481057322,0.4207881893994466,3.80493554973776
17.85,7.417305732192023,36.24319826669168
16.35,2.6469632129468645,23.8
8.878331354422373,1.4496474317793544,12.27204321362155
17.483151861064552,2.4335550279799847,16.102215493623547
17.033333333333335,2.460352988836735,15.26
7.95,2.2719276917705695,20.054914293771738
12.583520273749908,4.874349390699551,20.69467484759099
17.75,4.322263680638202,28.09669691265972
15.522630381102651,0.7050796663370487,15.3
7.014028194642332,10.092715920095678,51.29355619890291
16.9,5.834908651214193,25.498954940107236
15.941172490415255,6.932748161440028,30.47298284721091
7.164666429340013,6.932213367631082,29.820819162772217
12.298283822180633,1.0640267742583682,10.77
13.116666666666667,1.7421259909157418,12.6
10.5,8.287262145446652,46.498265254143256
22.498976647175017,0.3535565850086691,10.66
18.929780782917017,1.8016666666666667,12.78
16.866666666666667,5.870565322362446,18.422577032558983
14.359210385562449,2.493211635903858,18.3
17.066666666666666,5.4455807526835125,23.466750177480193
17.9,2.8829249485413198,12.812427752755864
9.483333333333333,6.578554033320827,40.37841028039025
9.116666666666667,1.3393686088461654,13.870834903356455
18.25979805374259,9.0,57.1154826132216
17.042943423434945,1.919570208430504,15.0702771143136
20.526244805849007,6.737723052308757,36.428445990712795
15.216666666666669,2.889141873793933,38.7
9.216666666666669,5.211318789008456,17.9
16.766666666666666,1.7485336241623584,15.2
17.316666666666666,0.40012917560187683,4.302267266765433
17.766666666666666,1.788843404197995,11.132461279753045
15.883333333333333,2.0165553905103866,15.2
14.06228469063915,8.41931796244397,26.3
17.35,2.555503961874401,14.488865028150645
8.716666666666667,10.156760621408978,49.413704233976794
16.4,7.5,54.3
16.316666666666666,8.287964333106117,36.9
9.616666666666667,2.411320762725044,17.9
15.0,5.589330818703628,20.77
21.28333333333333,1.8077496884295443,10.174140075741313
20.8,5.890216791416021,48.082352603829335
16.716666666666665,1.2607867727960849,13.81
16.216666666666665,1.699714404146116,11.136776506251362
17.283333333333335,1.897310750603339,5.1048369833658205
14.183333333333334,2.3767564816329116,15.56
17.833333333333332,5.951442097037574,35.795509564213575
20.53333333333333,4.43027546846859,13.9
13.8,7.516961230974782,46.23240044980376
17.725755843409694,2.95622174016229,29.4
19.58333333333333,7.5,25.149261441173767
16.9,6.833564305041159,32.2
11.110311280022904,6.83569362909146,30.841947069383206
15.0,1.5207887220711456,19.991133693585994
16.283333333333335,0.6663888888888889,2.7858233423906587
19.089447182075922,7.684807406472438,34.24125424001566
15.716666666666669,0.6669444444444445,12.722570333260355
16.066666666666666,3.180517288758201,23.81
16.5,1.6288077574506525,10.500197481618029
18.066666666666663,3.3353647182526425,20.156956965099425
9.496539666989154,1.53017439365713,9.608092342358324
13.130319595559302,1.702094219724772,13.5
16.866666666666667,4.7137108128050995,19.739348087755328
16.683333333333334,7.36708761888007,26.66598858752078
16.85,1.0755929704819989,14.247591625264153
8.540418112879092,2.001208065755619,13.6
16.666666666666668,7.341810465007941,34.89993678448765
15.9,0.14993249551170776,8.661273962353691
9.635910300135174,0.6669444444444445,12.894108297700383
16.716666666666665,2.4586067388079758,16.0
16.916666666666668,4.627200877018753,30.13
23.381311375068535,0.10203986126652291,3.989597821234848
17.73476487905036,0.5166439849736898,0.9797820345883512
9.4,6.1574451300548585,14.099375013723305
8.85,5.023652665396619,19.78698343403686
23.883333333333333,19.357764786433048,63.60232322046581
18.377639634925853,3.084453830318455,27.29
9.767359387683086,1.9320225168463574,22.3
16.75,3.3014895027505697,19.790760215569534
19.405214427966197,5.991827835814518,38.3133138283544
16.116666666666667,2.991110974249572,17.969807756962723
8.1,0.589559249593906,30.681950563522673
8.89727947528515,2.1199134223462757,14.4
9.04260428899224,0.6666666666666666,10.845238100194587
20.52922251134226,5.849050785952217,18.11
16.333333333333332,2.3174838730903096,13.757024196553864
7.653548734141887,0.6669444444444445,6.25674107117749
20.34894306936223,10.163547822119325,46.49385181663303
20.23333333333333,3.329240707797528,9.473690101411842
8.640634066290422,1.1396498790533798,8.106236081801606
16.45,2.990744198739622,12.385021142608025
16.65,0.8013888888888889,5.804521663670411
16.883333333333333,0.8929565233673872,16.88878891541224
12.933333333333334,5.255182656260694,17.164506463032456
14.911870535977128,0.8035336375259408,15.102881167843318
17.569966109585167,5.236359785478255,26.97
16.05,0.6459365651342113,7.969228404783457
17.25,8.72805227870733,42.081329693498695
16.216666666666665,3.0281749086993246,21.277272426127166
14.182846623416218,8.643536982710655,45.95646362382244
15.964229277090777,5.0,30.24616423320855
13.766666666666667,3.1179797980532804,19.18
8.65,1.3846125877707012,18.2
16.333333333333332,9.194188437062593,54.3
16.233016537192526,2.4184936623712,12.410717795618984
8.706684040381916,0.579431386974034,11.632240390925261
20.198577517929035,2.9139333356325765,20.77
16.583333333333332,2.7343948692860165,15.0
20.066666666666663,1.9506026043130893,15.637222476965952
18.28333333333333,10.614550024399808,56.07351863875875
13.319362556961059,5.985162119657429,17.227193188144245
8.65,0.3197290041968904,3.6
16.466666666666665,8.355215368936125,44.414366749007186
17.133333333333333,2.9665757269341904,41.70452360010745
17.1,2.5017090417908023,41.8
17.25,6.7365692906377745,34.89974432503919
11.716666666666669,1.7851051343106497,5.029870515836099
19.671715692004177,3.0945294524179867,20.365258547078838
16.95,6.537574638093721,28.58064805780376
12.719170054742095,0.8013888888888889,9.6
16.55,7.642419667676007,30.738631250400886
7.8376387296141505,1.2751109156441671,22.4
9.533333333333331,0.4125372063110884,6.17
17.133333333333333,2.105873829830055,16.445762766008396
18.03333333333333,4.632530654304915,17.797653410889705
16.25,1.352934446121169,16.3
18.03333333333333,7.513333333333334,26.866458955472226
15.6,2.4948469947694814,11.973020131896682
21.766666666666666,8.04984607365514,44.09613619508769
18.44664476650771,1.0624441604557247,10.326216706045026
19.235564850988332,0.6315730600572539,7.158548509699577
16.8,2.1634967374640115,15.405726973925136
9.183333333333334,0.49404312932444494,1.9
9.835232000375663,1.6102527133252924,9.830135721358948
17.06068141274733,0.6663888888888889,13.18064070881333
18.437127685086562,2.4617907092537425,11.203402186591122
17.216666666666665,2.239977186655395,12.8
13.2,1.1729982583964629,15.879847822235318
18.35,2.6017892431840677,17.911889332214063
13.288465677788977,2.100141027799111,18.0
17.4481425040369,3.213054175574684,13.676513282394557
17.216666666666665,8.079123834391027,37.331554397983595
18.35,2.710306971412232,14.276798544356037
20.816666666666663,9.869694480282465,56.08224471314947
16.083333333333332,2.784450672579103,13.13449091867314
17.233333333333334,0.5047930488580548,8.481989961787885
16.933333333333334,2.054436880794202,11.64
17.0,1.1093820660673905,9.23
16.866666666666667,1.6408263723818237,13.46
21.28781719064273,2.9968718165055006,10.51
21.394917636372952,0.20948224102345778,1.6263912623918695
17.166666666666668,4.661296637950669,20.06450838594986
19.216666666666665,1.4489947395883778,16.516246616376453
19.857508053542624,2.373425861420736,17.865300708035576
17.316666666666666,2.1751244930400637,17.8
16.4,2.119029399586261,17.219290394542835
18.683333333333334,0.9200390675750603,14.68
17.766666666666666,2.9634980697119286,19.14386965820775
8.9,2.281156244521848,12.446362183412676
19.216666666666665,8.116699209935645,45.490476889913104
9.383333333333333,1.31415444266176,17.83460967348032
9.266666666666667,0.4578908194771869,5.631176242067644
16.947740089888782,0.6669444444444445,3.1057765478091826
7.833333333333333,2.967124512563965,21.745532472970837
7.9,1.4480848635664354,10.596456982721032
17.955681423706896,19.585138661597274,63.535943811497326
13.016666666666667,5.073910591002357,22.536672826239844
16.35,2.9522222222222223,32.2
12.69847116980761,1.6553534159928855,16.858553027421593
16.5,1.9868448597169808,22.3
18.88513504000559,7.354495942286276,28.235079309754198
15.083333333333334,2.258644489159959,12.20768921511442
13.116666666666667,2.747317774934377,16.9
15.366777116404112,2.592593090738537,14.992185614238815
19.603669305432966,8.167576078660346,44.39873980640713
15.789591984444545,2.3284817082973843,15.407238708290802
16.083333333333332,8.102916241455386,43.56501040987873
17.483333333333334,3.5126769561309246,17.68369202271575
18.466666666666665,2.8858333333333333,20.76
19.652034916932813,0.6669444444444445,10.70643036010821
19.666666666666668,1.8790245348296701,11.249271991824589
19.476700500715047,2.122914541443058,17.16513857573919
17.3,6.946282535387193,17.3
13.217678877865856,0.715382002870457,9.604156583169392
16.5,2.4943211894066835,14.0273317011464
17.283333333333335,1.9663552707483365,16.22587673055759
18.183333333333334,10.613033704917388,55.90137106340817
15.683333333333334,6.789728620138251,40.84254547498378
1.7263568680784624,10.293488520596588,56.0752908391473
7.833333333333333,0.06349463761132003,0.6130481143081631
17.983333333333334,0.21419264146197076,2.702394800879422
19.08333333333333,2.7544649471254097,43.4
8.05,2.8655413666597056,14.48594012576066
9.7,0.15102618947960064,0.8338844118626063
8.65,6.014447838237033,9.072715482219492
17.45,1.8889223729568687,13.5
12.8,2.2986822913047162,12.537457009499903
16.083333333333332,5.82820941696969,29.460288580421402
17.033333333333335,2.349497726626736,16.44
17.283333333333335,1.8238992319908007,12.635818981232738
17.516666666666666,6.9371993318257505,32.5
17.283333333333335,2.777758938892962,20.77
16.133333333333333,1.8350133905709194,12.080773350691679
20.41874357752393,2.788297634523052,15.2
16.533333333333335,2.5552315385415616,19.279721355014463
19.54306881700618,1.0302702890683129,14.79
16.63608241796231,6.039334527949165,22.3
15.566666666666666,6.834589362498663,35.87483950482396
18.183333333333334,2.9794030555159634,17.7
14.183333333333334,2.3101468236476856,19.12330831712663
13.779866394275375,3.0368912662875616,19.51321362856568
10.538073212544317,1.6704127312591173,12.629714482073052
1.5333333333333332,0.07305677213896673,0.6387262769135172
7.9,2.741885132489017,15.616114471648087
16.814188505629282,6.512094658708135,29.494239219413224
7.602851848331021,0.34709707453522126,7.13
9.366666666666667,3.909903706481912,18.2
15.9,6.310247729208792,20.76
9.416666666666666,4.813944944437313,22.57056419635797
17.131814607046916,6.834250321258808,30.29541235049433
14.68867831012661,2.9908016843658904,17.516827017476174
17.666666666666668,6.069974874971345,19.66658292598979
13.77669690171531,2.859173544629667,20.16
17.387791914972844,4.694885397349335,27.13439035008735
16.631682235147263,5.716809443843415,45.99630950880662
14.566666666666666,3.351732821520452,22.3
9.283333333333331,10.664008823057479,43.4
17.616666666666667,2.8860495785193288,19.65607122134839
16.616666666666667,2.6883113919637025,15.61552758243176
16.48311605499031,5.462595453012078,22.67570002878881
17.616666666666667,2.256259759931834,7.1944271396374315
16.066666666666666,2.441280572787737,15.31364798212154
12.246007836823825,2.659358620024942,14.672851952997139
9.466666666666669,1.9418385408344698,20.12086235792777
17.316666666666666,1.2490318338147124,4.013006297481396
9.066666666666666,6.617296536078647,36.70269185887741
20.1,2.50528308430084,10.5
18.716666666666665,2.84720061709843,19.616866137082823
20.0,0.231352629412478,5.194523578508861
16.466666666666665,1.2737934057874414,8.459839761053237
20.1,2.982240217012067,22.273783804964502
7.705658299568747,1.0086494344211303,5.130725509916515
17.916666666666668,6.192271976366202,23.81
18.445079865411262,2.332768241138658,20.76
17.133333333333333,2.7395700470006057,24.191665661620313
10.361507933583297,7.515269923839309,40.7
21.28333333333333,1.9857245102519159,15.239482952233782
16.183333333333334,5.479653999165142,37.39211699753839
11.652141817980961,0.42348000082713466,4.275602199224812
18.016666666666666,7.549570802334764,37.0614605918584
14.4,5.685875359114846,32.072700844718405
11.983994192847216,1.813055555555556,13.59730333601389
16.563572887320657,6.042635594432396,20.76
15.2,2.493363191228659,16.287326681347324
16.9,2.2155191609099183,14.693571263996638
11.681591647377084,0.6663888888888889,12.162676257402333
16.25,1.8491183853092927,12.495648590972953
11.716666666666669,1.0623981382382202,9.480817576385153
23.755889819271548,9.213285380402821,58.556713481334285
8.488136082253611,0.6328218227614051,3.7014557047400816
17.233333333333334,2.8923607256226997,17.030459425345036
17.933333333333334,4.899023573885841,32.9984273873898
13.90214165780099,1.8365043092706397,17.38052884281156
18.246421150045656,2.341853173059609,18.570112277376065
17.942034075872883,2.6944444444444446,20.76
16.59413521613626,2.894698408379147,22.39363107491178
7.966666666666667,2.0237188547698644,10.561009359730727
17.233333333333334,2.990503898701113,17.681418861655644
15.2,4.1875654346703515,26.895196253929324
20.661418160891117,2.474502445229604,14.893026918765248
16.666666666666668,1.112519719351876,3.8872101663697256
17.266666666666666,2.1426128962737496,10.126637714963456
23.613300767303695,2.686783108722472,58.993887088937505
16.55,1.8863358267788806,16.374083654014047
17.86702784632585,9.564902413211538,48.67846487863368
16.3850052224538,6.232600673670543,33.84329561574799
17.049796278567257,2.052995579613747,13.38
9.216666666666669,3.398135791980597,44.17868647246278
15.0,2.1861094240812187,17.28
23.6977742751087,6.891715552423797,16.892435148362637
15.054074082069825,0.8881410476015743,10.793903517947035
8.95,0.6669444444444445,4.866488905962293
20.754037937169986,8.775964871172837,40.7
10.766666666666667,1.8959233015580044,7.9509860172860884
9.083333333333334,1.5614954746338128,8.24795605596514
18.016666666666666,9.064323188385956,49.861518299596845
16.45,2.9978955400761462,15.941794526171563
15.766666666666667,1.3924801253721812,11.08400148697486
8.491232952440424,1.3042043054342731,22.3
8.5,0.4941587082386786,8.58
17.583333333333332,7.819252614026824,40.37756250756712
11.994118991348252,2.7883470359953835,15.5
16.316666666666666,3.0804397299383743,44.580045443241175
7.9400526196155425,0.6459390427148796,9.628596693618828
16.4,1.9516454899056517,15.5
2.667096738170952,0.6669444444444445,8.7
20.031418075688148,2.1453082524428906,15.3
20.683333333333334,9.0,44.668218399293195
7.964999546259448,0.5803477122908776,4.133669054993174
16.983333333333334,6.94625494334477,20.76
19.58333333333333,7.622297567282196,40.91764966693104
18.066666666666663,2.2032523147442773,19.2
9.183333333333334,1.4799555707034102,20.35
18.183333333333334,2.4095174622565416,15.08
15.787515657533994,2.5648393524067905,17.74383138679142
16.5,2.245384033586038,15.3
8.786675218743296,3.317978960209728,20.76
16.466666666666665,3.5473791341429677,20.76
20.58333333333333,2.847464585338009,9.23
16.65,6.02008609496089,24.3
15.868885259578878,2.6047718131517,19.132112428291606
16.716666666666665,6.563018703102544,38.7
7.892636964979766,8.734822236183083,47.264879612391866
18.716666666666665,7.049246874984413,15.271421289012299
9.0,4.806800310413693,27.13725176661335
9.3,0.9358496880908441,5.386941852874109
14.183333333333334,5.107868627338253,20.5
17.216666666666665,7.794103529965331,34.92051230053307
15.816666666666666,2.8620475866712574,20.76
15.116666666666667,2.5929589228311456,15.0
17.266666666666666,0.9371827046074793,7.66
17.729230960479114,2.872171523048811,15.25
16.9,1.6318732502562028,10.873451221672102
17.39293922132488,2.6,17.0
18.23333333333333,1.6091253993443357,16.810440335413155
16.383333333333333,4.478202108416292,31.46
16.395746909973898,3.4056582088582643,17.749625928322885
22.605456324919192,4.580655367560756,15.24481587389254
17.35,2.2494628713169527,11.829895422243128
16.283333333333335,8.216303151728033,42.8596904386327
15.95,1.9182487614992545,12.535859528085394
16.333333333333332,1.242104537319486,9.622883932035041
17.616666666666667,7.480161423078931,42.2
18.716666666666665,3.1061520117802632,24.263912667061597
9.060966439493557,0.2185583323694136,3.951125515972838
18.045588849449228,2.0039269842420424,15.7
8.966666666666667,0.5952777777777778,5.1207359111085
16.4,2.105170151777012,20.77
14.906571338774798,2.105844770990803,17.128060622178896
16.083333333333332,7.252267521986483,26.15626221035611
17.183333333333334,2.1137704727651143,9.9
16.85,2.155533796526701,15.284353364236217
19.316666666666663,1.76790064351969,15.0
17.516666666666666,1.2702704410489316,13.87837047790847
8.130414004388948,1.3125,12.763092232634346
18.022550494388327,2.7401333107458017,13.396471458462958
16.916666666666668,2.2625194973610387,15.979724996697367
14.29121846243071,1.4454179324955392,13.540939215079183
16.6,2.277738429120363,14.680333148577665
18.298377274515122,2.050801638854728,9.5
21.2,1.5069499799456358,16.288147320090687
15.966666666666669,0.5488608664939817,32.2
17.55,5.8465467303682574,44.94329829953855
17.016666666666666,0.6669444444444445,2.888272570948896
9.566666666666666,1.5868108964173684,10.274426311666398
23.218980022916107,4.328638092483685,28.08804889493906
14.899199084729833,2.885065013661249,17.00137961115643
9.755464604713708,2.1474925233973488,24.588395771075877
9.566666666666666,2.290005572386981,11.102900833477658
10.059048422884722,2.6807128209282274,18.78822552326374
18.116666666666667,6.877189267253101,34.273427098545696
8.65,2.2066210892142837,20.76
11.1074759465435,1.8268164489718324,23.2
17.183333333333334,2.747358919594251,19.63
23.711925312956073,9.90719647319208,45.234679480223974
21.0253595814613,4.999436830657383,41.838092045654854
0.5167701524465902,4.5243750147033905,54.3
16.8,3.5439289117974693,20.76
9.17101447738753,2.5249106119043767,12.74
18.49052081768416,6.6211971117046415,25.982267152000464
20.866666666666667,1.5506988890991111,15.87
18.65135228112031,2.735028814303289,10.219039770178009
16.366666666666667,2.96229683296271,17.2
21.29857074796042,0.3755743286719981,8.69449938548011
17.283333333333335,0.6669444444444445,10.577570925802323
17.616666666666667,6.251299600200239,12.24
16.75,3.6915074673761703,20.76
16.4,3.3497635049015537,20.8
16.08595015680565,8.07958076118739,44.33354960897752
12.672210968703734,2.2121846786726818,15.25
16.65,1.2896833123479396,10.544481578826606
15.666666666666666,7.488662139545493,55.68011676270985
17.183333333333334,2.6239524239186567,13.032891598083117
19.08333333333333,0.5973466071064859,5.589524682509222
9.15,1.3907371855300985,11.64
12.8,8.660589242647069,37.38013840279908
11.42288478994385,2.6099650493018376,14.79
16.45,2.119214721153106,16.9
18.133333333333333,4.753281243007242,26.16014325619908
17.433333333333334,1.0596599792704267,11.102287363917391
9.407346635296564,0.6669444444444445,12.241268094365706
20.33333333333333,2.3829151951042786,19.60527907750996
11.316666666666666,6.028835185851958,16.750017253700907
8.016666666666667,0.21269119887972066,8.8
7.833333333333333,0.5390194330664879,6.214276528776558
18.03333333333333,1.2702354331535919,11.094915477577024
17.516666666666666,3.556592989234729,22.81079436537043
19.485456079599086,7.526759591617055,45.44816131937996
15.916666666666666,1.0676493080306817,8.125528857886888
18.116666666666667,5.067523854280707,17.12945053141577
15.383333333333333,6.016660756823179,30.777423877151012
15.85,1.4319216724529462,12.77181223056076
9.35,1.9496888610289238,13.118656224097565
19.217578534208553,6.137740908685236,32.02524077167029
11.003947481927874,2.5192556295829243,18.126860704791024
9.0,5.8118343881275445,15.95
21.297241274001053,0.516906803988058,16.1
9.383333333333333,0.4799170504661129,7.53593377814478
19.79501616335101,2.218059897218515,14.761739607439631
17.11593537459883,2.467206409011443,10.802662339022936
18.683333333333334,6.5362099810593355,23.321708037535213
14.733333333333333,4.246944284851497,22.3
13.112138284419988,2.716230475144099,15.2
19.960980435333557,6.256007622588759,29.425710179264783
17.1,7.517077750188903,48.0479680274134
12.933333333333334,1.2692783991577248,12.23
18.86150898219108,1.9627935558491085,9.605945206373145
8.937097803866218,2.373722465000262,16.9
18.133333333333333,1.9309741908854126,14.446129447304408
17.483333333333334,2.1243399030826575,19.655911123141603
16.433333333333334,1.6205651678776036,15.284523720149638
9.392356836899006,4.66625230517169,28.04632387810713
16.166666666666668,0.9228186269154841,11.739551929944152
17.316666666666666,2.34865810723588,16.43746559537277
16.383333333333333,2.0930963531324975,16.74650018949543
16.316666666666666,5.86515489143568,22.34740167380639
9.466666666666669,0.331629635983356,13.904303840620488
18.433333333333334,1.7225817063157312,17.8
16.516666666666666,2.96165923974453,23.650030484114428
9.5,6.900966574542493,33.74925720897827
22.405149918190357,2.4382373760090013,14.049019828027639
8.015540345002744,0.5829559976986984,3.1692494698371383
17.965538964211284,2.4507239188173475,15.3
7.9,0.6669444444444445,7.001089070734948
17.536867348450805,0.7123616824134956,7.5836794207359235
22.939624873339344,2.6545601615825856,17.550199706614535
12.233333333333333,1.6479725836408394,12.24
21.860712655252357,1.6967341516949874,7.627429171140762
8.416990878841686,10.181328057680933,57.470365098563676
16.7,2.280671462956401,19.14
16.383333333333333,0.6669444444444445,8.758880359589428
18.912576907720947,1.8458391736910102,40.1
17.116666666666667,0.9368605217864946,4.961125441104876
20.226774700951268,6.574501823538893,22.3
16.483333333333334,1.7901030765263608,11.69409577196787
8.016666666666667,0.6482292044909677,10.790971642755547
15.59925073289658,2.0974059567270356,16.8
23.17068993880059,12.975076671220357,58.813320442640176
16.883333333333333,1.5423149856975935,12.05
17.266666666666666,3.0908130433139602,23.8
9.2,0.6669444444444445,5.207504384638509
16.966666666666665,4.648733150184181,23.2
14.883333333333333,1.5425012992424367,13.052858111819882
8.983333333333333,1.3702257946886764,9.809694465990102
19.023549748993815,2.481883506857629,14.68
12.207142149084865,2.0986137164971708,15.95
13.108673036677025,3.4332246425075503,14.78642135345241
8.983333333333333,0.6666666666666666,9.51
18.066666666666663,3.4361863686077974,21.485583982730635
16.0959440018442,2.9602821563390496,23.7
9.0,6.6407356519004,52.23067172372911
16.857873983786284,6.2702131984528755,16.998740997520002
16.416666666666668,0.6666666666666666,6.870313252156553
17.966666666666665,8.946873329227712,47.0
8.1,3.145,20.1
20.559677883473913,7.789668319412784,39.38228552211169
9.815965512049436,1.851055260027836,14.702996099860114
17.23007541169762,0.9004864512425654,2.9
16.133333333333333,6.028875825669514,29.134773853909717
8.783333333333333,2.6390079642464754,41.02905931258016
12.591653257940992,1.4459262918312594,9.39
8.966666666666667,1.071246257746511,10.981153995006398
12.73400716373338,1.3887800784066897,8.706495566064847
17.15,3.569245360162459,29.225446740343656
17.383333333333333,3.590933114974499,31.522650652611237
16.91245955326255,6.796833443572894,41.833909280316355
17.483333333333334,2.0194444444444444,14.103211463108545
18.75857841955438,6.8335230919288845,28.995585753975774
19.56851163381554,1.8272846931307294,13.766321532340632
17.12514691555685,1.5747319376310072,14.24168149996315
14.916666666666666,2.3251320953658974,15.6
7.9,2.4091701826764065,15.7
8.128969098172329,0.39970983768726553,6.518280904922903
15.833333333333334,1.1114820746931353,9.215521320408723
17.233440834523257,5.880942674601417,20.292501245925653
9.533333333333331,1.1733980082075621,5.393861453605003
21.41710725823967,7.697062187505046,37.91770738345645
9.116666666666667,0.6666666666666666,3.065879094656607
23.6,1.0585389885269216,14.033532904853478
7.47501852742814,0.9654902708772689,7.63481038146797
16.6,2.2809902712894377,15.4
17.516666666666666,5.667046650934937,31.750820019991767
9.383333333333333,1.032431283020221,10.833811641984454
8.083333333333334,2.265923977965665,13.807889385666218
22.556792760338546,0.6669444444444445,7.804171319215958
14.037615426057307,1.7517976974638734,20.488957295781965
20.23333333333333,1.1635259600029324,12.688135186133726
8.273598329859665,1.849128688867285,11.45
16.257753312492422,1.331923091983741,8.67
16.683333333333334,6.7168838367803785,37.897792237837926
9.333333333333334,1.1150482255754106,15.6
16.933333333333334,2.8434585606277456,10.434523794325846
11.25010744549766,2.618019605188985,13.4
8.983333333333333,0.2112764393187236,2.6705762090185443
12.951953210443667,2.480173370303815,15.5
18.433333333333334,0.6663888888888889,20.1
9.05,0.58163317202987,7.115885415238349
9.891785488131376,3.23027012589057,15.23
8.9,0.6669444444444445,9.707023371172445
17.733333333333334,6.674631808502839,25.175411008332922
17.433333333333334,1.0520362536927783,8.0
16.8,3.1802026345440506,16.114524775607354
18.02430764692881,1.9342911477382263,11.015679089002438
18.85,6.113238646748343,18.11
16.11672595262602,1.4539355555139444,12.78
12.76005750585762,0.6669444444444445,30.6163678479563
20.1,7.819562229208535,38.7
16.84685580277771,2.3216484438125677,13.535211992817953
8.066666666666666,1.6991012360096593,10.722278545417508
7.9,1.0628157979240778,8.736242780864172
19.677635220648067,8.112910985441326,32.2
14.8,3.0622058263722765,17.8
14.705391445080505,7.613040938250426,15.672364534066835
10.5,3.2876626146866865,17.0
20.89912916942957,0.6669444444444445,6.121153224916575
9.1,0.2053423052858891,1.2403436929310543
16.816666666666666,7.835466873467796,41.37233088288613
12.284366641911499,3.2835867113660004,16.663059864479774
18.0,3.737137679685933,17.029762531067554
17.05,5.82999840494475,29.4
16.05,5.761865199500139,20.76
19.490541113022257,3.4267077588564403,20.76
9.016666666666667,10.811576293725592,57.85221073540985
15.2,3.2280999087461404,22.3
17.816666666666666,1.583275199962478,8.58149749797585
14.550607117733266,0.6669444444444445,7.990961490622987
17.516666666666666,2.777300016564367,14.408276591512518
14.733333333333333,1.5739526045232732,16.4
17.516666666666666,0.5948994774385172,3.2072095305871464
16.85,9.48699519553726,47.475327954897814
20.732787648539695,1.6454781741802442,11.418922784821746
8.7,5.606206517522128,35.94842640885017
17.383333333333333,3.074906679151967,25.203044347963903
17.032382001494557,1.6435651432135923,14.353177128514652
16.9813343335251,1.9461446426970834,14.8
16.2,1.0495346962361236,13.6
17.183333333333334,7.331608199819056,34.03560618039872
16.95,3.6290017897010864,40.42844342689863
17.033333333333335,5.833208054161075,8.67
15.583333333333334,2.4933357802623677,31.107387014490264
7.732548957542559,0.6617772189766856,3.4951999974963193
15.616666666666667,5.295301379219746,24.372404946898673
18.339660993589813,6.018620292539764,32.300338707699346
17.116666666666667,2.6847222222222222,15.96
17.15,1.3928874882119169,9.23
16.433333333333334,1.6296768272424922,17.2085642796197
16.73287554093886,6.16251779568627,32.17068708596973
16.483333333333334,0.3991042248810624,5.09533038276788
16.833333333333332,6.937577626627278,26.89684792053452
17.85,7.498132162157938,30.205761649438312
17.8,7.2552972158848,24.38501167525507
8.116666666666667,5.867820988694725,48.861985689949
17.616666666666667,3.309420191484196,16.70860934824213
16.95,3.6130811945621915,28.021991719455666
17.316666666666666,1.959949342283767,15.4
8.783333333333333,0.6669444444444445,10.150093116286516
16.936662624706436,1.8627352685390564,8.6
20.96545316876902,2.5993930664255287,17.8
13.683989383585512,3.4151363901284277,38.7
16.6,3.1121493142678274,24.589069120480488
8.853337745120886,2.1464989015068894,20.363655721427296
15.116666666666667,3.2850995964840632,26.88616102087557
15.499988188901742,3.1890008448850495,22.6
16.55,3.147469823023326,16.295055399212078
19.719030708364123,2.96271208116337,20.5
19.89076038447309,7.052749235460971,39.645728743008874
16.316666666666666,1.9477739633401947,15.2
9.86444068278977,1.6695345937283914,18.17332262244146
12.75,9.143138195944099,56.36135637138123
17.983333333333334,3.161266676016576,24.5
17.683333333333334,3.349738227669339,22.3
9.487020261001017,0.42685190320460664,6.55
17.283333333333335,4.885712970631106,23.77934048785903
8.019902615388473,0.6669444444444445,7.52703882830661
15.95,4.862976241710888,44.58054065969085
17.616666666666667,1.415435707590486,20.76
17.283333333333335,3.145,18.41
9.58337802916285,5.500042286168269,16.9
1.3486828838532492,0.3380808995485936,5.999350874012021
16.383333333333333,1.8042364399464885,15.437507287168877
12.766666666666667,2.3372690143800807,18.6
17.55,6.017187969802799,17.058612378352485
16.95,2.200255123551336,18.412282490447883
19.13789273848049,5.297945492198166,17.55060864039159
9.083333333333334,0.23934568286133517,5.0
19.06997069812862,8.288508788059982,35.32298772141985
11.580926435358363,1.214388898942573,11.93
17.62370510721163,6.52302712970357,41.8
8.066666666666666,1.2658696963948874,18.6824403158307
12.533333333333331,2.9468659468000653,15.9
15.945504807307334,2.639889787659801,15.5
15.05,1.1256398450059637,12.906461215829905
18.411149431808745,5.443936888343568,28.79367667085807
17.183333333333334,7.690379198607529,44.56828006205391
9.794084847429318,2.2443106300890343,13.521708983431147
13.414310374030158,0.8537338086393963,15.031233110031666
7.616784018676088,5.080801188226309,30.52035577542948
17.333333333333332,3.063442098560156,20.76
15.716666666666669,5.857320430834713,37.39651034322275
7.933333333333334,0.6669444444444445,7.938326185488516
20.931447630073393,0.4711730993309924,6.632806526421741
20.555142101712292,0.6669444444444445,11.06
7.635490249888119,0.5974909858479349,0.689411420892326
18.75,2.7364942615109746,29.4
18.5,2.645277777777778,19.93558672172682
9.116666666666667,2.7718369098238584,10.8
16.55,3.0006351919761256,16.934294078942443
15.206075136534134,3.65320518945489,18.56014129398685
9.216666666666669,1.5180839343088959,22.759302371695014
7.9,1.0713736817810642,4.531125766411063
16.433333333333334,0.6669444444444445,11.9
16.65,2.4496513283935366,17.8
7.71145784521428,6.92830539411113,10.77
23.266666666666666,10.260354659372744,53.16994933755451
18.14640781887997,3.135694869053102,22.3
9.226601948657843,0.6692362698741213,12.255064812941756
20.467317101673096,1.0429985612821686,14.553162483487094
17.183333333333334,2.117824061661399,9.462704834194156
23.258240036970328,2.349585166533623,10.242123007776799
16.5,5.685560462730368,22.113727068550215
9.35,1.3965138175138618,10.417502271138721
16.366666666666667,2.32156126663292,15.95
20.05,6.568650006929337,52.35860408261483
19.933333333333334,3.9388011108788263,16.96771306078502
9.15,3.457102427102244,18.677340618049428
17.966666666666665,2.206355935170604,13.610746271537103
19.117718053625133,5.6556818398147035,39.67485767619132
23.6,5.500277777777778,44.07989078059628
17.414778892953425,6.066944444444444,23.8
7.75,2.4742009315745697,13.27215339089277
16.533333333333335,5.66109292264607,22.11938633452485
18.78333333333333,6.491230622634056,41.017773194149406
18.15,7.801007609632008,46.492818626791454
17.661646999560688,2.59172029144184,19.626631601683737
17.183333333333334,2.7246742250202325,20.438687121472245
9.216666666666669,1.8363888888888888,14.019611215725352
8.745201127524803,6.773646946342042,29.6
17.766666666666666,0.99354186307561,4.45
16.05,2.9522222222222223,30.6
17.2,3.5592837969408366,20.77
13.133333333333333,2.974972049896311,17.859080978901186
8.066666666666666,3.5732054454067383,19.73
16.333333333333332,0.5697210532070627,10.87
16.65,2.2777157536879478,17.128481049795006
13.889914763696236,3.4230831378508255,25.96312501092498
19.891489972228676,2.6175874828577173,23.2
17.516666666666666,3.584093553037858,22.3
11.539800851927865,3.1771937840185807,17.3
14.24204397814461,0.6533713338765117,2.8580567267416903
9.445633250265917,2.3760397135928555,20.398110779641357
15.08697456909204,0.6669444444444445,9.838332993134713
16.383333333333333,0.83008772335031,11.24
12.984013688180067,1.2998316322687726,15.5
15.983333333333333,2.4056329723018246,27.583521880751437
13.223156014985527,2.2994444444444446,16.57
18.901591545277228,1.5661859671452316,14.227554127257681
7.866666666666667,2.988835138481372,17.0
17.630289853839212,1.877280327628763,16.664513102338038
19.93748630915908,8.281352064340284,47.0
15.966666666666669,3.176752399949263,16.309998984936374
18.85,1.4856442864621928,20.37874997343987
8.983333333333333,2.599464728524584,17.84
11.716666666666669,1.2451607225144257,10.32
22.61471465497853,7.29850220019105,40.32850776442667
18.35,1.2785779280117744,8.58
16.75,1.1286863217107161,9.03
17.983333333333334,2.9832405003494924,15.41
9.697092629578002,3.2878417698071503,17.59991581785168
16.233333333333334,2.3358134067859075,16.880927287703003
17.716666666666665,2.4495740463571454,18.88282671125861
17.216666666666665,10.10563184050793,47.320316194362796
15.616666666666667,0.6669444444444445,8.7
16.516666666666666,0.5160507938299487,4.919004246061826
15.115045039294017,0.6176859922803092,5.588070689746375
11.47684084061407,1.062296526825396,10.214296369761655
19.588531689223913,1.8873676957480563,12.67
16.516666666666666,7.791829653259401,51.26371980916839
17.383333333333333,2.8858333333333333,25.904285546166392
15.616666666666667,4.7457905804056875,19.816002542667057
9.466666666666669,0.3829533352032544,4.7
16.41823412691068,2.196167689180727,23.8
9.116666666666667,2.7236811246388983,41.46029564047903
9.116666666666667,1.8550957323286734,17.38
16.46794566444601,2.548995575206146,13.913969498514959
9.276811102133141,2.893011256209757,9.63
16.8,1.6446275655302973,17.23344694853745
18.116666666666667,2.86949182446859,19.73
22.556788255372737,3.5423148410800485,43.4
18.140405950830928,7.514336680453877,48.41696917685216
17.55,5.0,43.18802969787075
2.106199889469069,10.818529681031992,60.04101019846726
17.416666666666668,0.6669444444444445,14.720975138567317
17.433333333333334,5.861078819462895,32.2
20.866666666666667,2.7416772016174615,11.289431777897079
11.552455976724575,8.73311183836462,27.392393000811733
17.483333333333334,1.853372164712084,13.888183486131117
18.231375194700092,1.4959714680998972,14.651580120543574
17.5876879052476,5.452280236855656,19.29
18.27828221441456,6.4099727550774395,38.35376528380001
19.953778610517094,3.4453590222862167,31.46
19.55223450866328,6.562806345024165,29.79918129354829
16.35,3.1760266645050823,12.24
16.35,1.5543396335954893,19.963177401627973
17.183333333333334,7.5,34.04131009834733
17.0,1.3888660220367977,9.677591639210856
9.116666666666667,1.1192730296173512,8.56
21.001527858067437,3.0798739176833703,22.597295363604108
16.4,2.6190785276106547,16.5
16.983333333333334,5.689137676592028,29.845393198428376
0.6104193325185254,9.904686676328717,60.01747243498272
13.97492050552014,1.851159209734318,16.711444069853084
21.876110806025014,0.7644843152074897,4.727946401080939
16.333333333333332,3.6189483585283337,33.855947500635665
9.05,1.8492020935684037,29.872134985905724
12.148700509795379,1.9415272176796294,20.453325966568972
15.966666666666669,7.327852789929873,30.011354900822756
13.3,5.295860715424545,29.7995051255806
8.766666666666667,3.727661966211885,39.67292403886116
16.983333333333334,5.722014121805877,31.563925694842805
16.716666666666665,2.6550427549957716,13.87
17.383333333333333,1.613511168949894,22.3
17.9,2.54934571613013,13.232997588664638
17.516666666666666,1.9514049200906618,16.57
16.133333333333333,2.2572512340117923,29.4
16.961710371096917,2.782036713902453,20.20280535680651
17.45,2.959639452765412,22.3
9.483333333333333,2.438705327611497,15.5
15.9,4.895431067509055,38.59301101760921
11.352591309912162,7.513333333333334,34.01592234552902
14.183333333333334,8.343393662796043,40.7
17.166666666666668,2.9462759836546644,15.9
17.616666666666667,3.343529602350979,38.93325977194873
20.417617983068183,0.38946463833998884,8.397589389730319
9.283333333333331,3.7997361112400725,32.19082640297594
12.233333333333333,0.6668288915277725,4.5309473944046
17.787788874670742,1.934952382623978,15.690932323777114
9.066666666666666,0.6568869386462807,11.982404383765713
16.6,8.405542922090458,40.29452648286496
16.616666666666667,2.027452343773083,9.06
17.05,6.066944444444444,34.697160674070986
16.95,2.1447325740652543,14.56722856760977
8.058887047249849,2.3530739291760123,20.76
17.216666666666665,3.32972972244781,39.67003234909263
23.332169091521912,3.0448100383474634,34.855304756549685
18.066666666666663,2.756722353016058,16.045145636335725
16.733333333333334,2.1460432176589626,10.234296930274136
9.35,3.6375700575978867,17.2
16.1,1.2775801736938273,13.3
16.866666666666667,4.686545007457904,15.45
21.266666666666666,1.3125,20.77
22.675339048303236,1.314909220382204,22.3
17.316666666666666,8.116525834617756,42.63420928731211
9.266666666666667,0.14981652537028,1.483269923471732
17.166666666666668,6.112555325437383,20.8
16.25,1.9426033757271437,13.084260285988371
20.133333333333333,1.754245756067709,8.20119837797881
16.333333333333332,4.0186509402814465,15.716282744192275
8.15,6.62079161619147,23.117389581498465
16.947384011057487,0.7049448358799825,7.360435851017844
20.05,8.127588418886186,50.98617124380485
14.916666666666666,0.5972274565078437,4.21502145477428
20.553528142624543,2.688541244381832,14.954471336446924
16.4861298092142,0.8048062092355571,10.677710156502568
12.75494870081682,1.8016666666666667,12.826920462309504
16.21507660825866,3.2924865413511064,15.41590496365425
8.926741944291809,1.2401152478234962,12.096286861429558
9.116666666666667,1.8557281990649772,10.738922040796567
17.76009356247475,4.887268751824245,26.341691799111047
7.634985242371483,3.1843237591953995,9.708865296375816
17.987524371745604,0.4436207700842166,8.808864153255199
16.75,3.3449325351856873,22.3
20.03333333333333,7.793268276333728,44.24707850029539
16.65,2.884823635579237,24.2
9.083333333333334,7.666074543857184,43.6294320777011
17.333333333333332,10.815922683353415,58.00661063191599
17.466666666666665,2.2753477628064425,20.77
16.483333333333334,0.6669444444444445,7.492153120303034
9.35,5.900513795780878,11.497778542203168
8.476807279319502,1.3666682198876998,15.08
16.165756594696454,5.057825135961656,38.899197908621794
17.616666666666667,3.0806202429406633,18.11
15.840860260224007,0.6666666666666666,11.128318818517727
22.1353597026912,0.31382882383983113,3.371683784660204
17.68039814119936,1.874236509595944,17.2
23.84438815626343,0.3895755180533991,6.447113187175228
21.149928499898632,2.321888121798636,18.0
17.45,2.788067382626575,11.98
13.511368017679606,2.5205886415735144,13.034970396940214
13.630764824130752,0.6669444444444445,6.17
17.55,1.9508333333333328,12.78
16.283333333333335,8.368902207735722,31.482392243180342
16.333333333333332,2.498311528103209,15.714612719474035
9.234780749480306,6.577631842082085,18.717288755507063
18.357162499266945,3.0505555555555555,13.132210651734868
16.776538039152864,3.135285435726268,15.001144765861289
7.833333333333333,8.80657148635448,38.399848429736004
14.733333333333333,5.522756889579413,16.97
16.948160230707252,3.540548047275202,39.04085484319343
17.3,3.0800079874084125,17.79
16.933333333333334,2.73065333060447,18.920964485582942
16.216666666666665,1.2157736428947843,11.639575306555301
17.6,0.43520991708271733,4.007724475313788
11.596970671098264,2.1113155787769164,16.982875634025277
22.55989504847338,10.347921755664087,57.99264094149217
9.133333333333333,1.77248854966922,12.33230896308305
8.9,6.177640330365082,17.96
19.57159470392859,7.159486260461996,52.99133570204341
17.05,4.84090144443563,20.727404917246464
22.6,8.630391775137312,47.435483269708534
9.116666666666667,1.7959104516186102,15.7
16.866666666666667,0.5344057266692753,5.582676063567507
0.6644554701898577,0.3886104882517309,1.3802185266610794
16.35,3.0795794471698197,19.32963815059908
15.147116383902612,1.3125,8.792901741795744
16.583333333333332,4.665679626563222,23.2
20.366184939569155,5.848433569234944,18.655132623824674
19.916666666666668,0.8013888888888889,11.935733890238089
17.266666666666666,6.017763071482785,31.250891386189807
17.783333333333335,7.62363382607225,41.91114444829501
9.216666666666669,2.7423508170516584,16.01754164342551
8.016666666666667,1.433558632627612,15.96
14.953941269163607,6.7917875712586735,16.29
9.282653734578824,2.0534228326883825,9.23
9.029724760614117,6.893311390335841,42.32037339923836
9.119910449687215,3.3441448332096293,28.161172670552272
16.9,1.4993100830567898,9.760427908090735
11.716666666666669,2.098276682126133,14.49122150956274
16.383333333333333,2.7824122668443687,20.286817126799278
19.464953995962958,3.006080609228058,21.90618183370935
16.55,7.337548550464821,15.96
19.81053830577282,2.5149740721621314,15.98
16.883333333333333,2.6136902856754722,16.980743462876337
15.690838269726363,3.175048754138014,26.101426104878467
20.251973551239143,2.352499454453712,46.03336797752194
15.202838520855067,0.42873303130835216,4.107772778578258
20.985325832961845,0.34971401844935895,5.627837501227052
18.342377559540548,5.9791934143279555,31.053867728306233
8.857910639485391,1.6497467317849843,10.166184090459343
14.883333333333333,1.9271062657286386,10.82731039011144
7.833333333333333,2.055920614639481,5.381759072875528
12.75,1.7427326117867068,8.712352515602836
19.666666666666668,10.502137963604879,54.0261018995714
15.920684542496433,7.0,38.7
8.05,2.1923493048626064,25.470844866341878
17.9,2.0523920910097178,20.5
8.283333333333333,0.3975896317753706,3.9012540994495497
7.8375099009353395,1.3247362287270117,15.8
1.05821633245031,0.19001019908727848,1.4569789501220882
14.988155154218116,6.380322803464708,25.331610874228318
9.35,0.6666666666666666,6.68
9.080588986567362,0.7423151542064832,8.279133387514793
16.733333333333334,8.7453186596997,46.0
7.866666666666667,0.4305566574737047,2.283183407127476
16.45,5.4804468560562345,36.846775409545565
16.233333333333334,2.917960754950207,40.689268913171766
16.901827189017034,1.5775624072297614,15.9
11.229522312360073,2.539313359207453,9.783056795288815
9.216666666666669,2.0045108067912047,15.9
16.74713018671718,3.066666666666667,18.08758075500535
23.298476891016875,6.583880508323039,26.12090402042516
14.177975949783745,2.136873027071587,12.931713722418571
19.993544086225718,0.6669444444444445,10.614871448314664
15.45,1.6954327353921397,14.085755382284262
17.058078918246615,1.637183376954904,3.995395012285123
17.05,2.491356709973529,20.76
17.266666666666666,2.203660377192836,14.293005277316642
