arrival_hour,duration_h,energy_kwh
19.778214,3.77480772554357,1.9051555012166501
17.705032,5.418333265552711,13.005588982701301
2.0476418,2.3787565082839377,10.777301506102084
21.550558,1.1873849420456422,8.161306627988814
15.472848,5.710882111173123,11.511425818204879
6.0,11.021782254978188,7.333854044675826
15.386415,10.568189258151172,6.327031892687081
23.440758,1.7181157325728176,10.386073042452335
23.515797,1.8842133424120644,9.823341125547886
15.082939,9.35634772191652,25.637315914630886
1.295124,0.7670797358805106,5.368587077260017
15.287541,3.218893520080795,11.143061897754668
1.7115955,18.81365389155017,15.105228744745254
14.657789,3.772553651612252,14.892009202241898
15.408622,9.354194711020424,5.285824601203203
15.33301,11.329363306473114,3.6868420107662674
17.296833,3.166230268002384,0.505
5.20298,1.4830902685778629,7.427725680470466
15.38481,7.8098819752803275,7.980091930329799
15.704908,10.255474040802156,13.350994445085526
2.5609703,1.6424871332265645,8.954009965360164
23.04913,1.9349621250904683,11.48307619959116
23.78665,0.33249221565382964,0.505
14.411676,6.327438638551781,24.23708699584007
0.7838707,5.27638225392335,6.695600786060094
11.684201,1.0973388005684441,6.808777517080307
15.391425,12.380175012174167,12.666507121324539
15.673407,3.742366491237448,5.005587111860513
14.950863,4.574020345506982,4.763412721604109
23.727947,1.272082107573644,5.914659540355205
18.054295,1.1196733221903235,9.675102471709252
14.489247,10.499608782606407,6.069290740638971
1.3626099,2.1784027234159615,4.211792200505733
23.09705,1.9104662047497305,3.0902854621410367
2.3608189,6.151762032828604,3.4815310689806935
22.247417,2.424360077731932,8.219616579711436
23.752514,1.2079979141910249,9.475712265968323
21.697704,0.3572056823611233,2.513577746003866
1.6050167,0.0955555555555555,3.4163554560393092
16.382462,5.835659362570279,6.626483171135186
15.891069,7.607442486679388,2.9064951865375037
6.0,1.2999678335056846,1.5183797016367317
15.052949,8.783739294186235,9.261158536076545
4.00745,11.272533966035894,12.93722715884447
23.43624,1.4443037486433363,4.454900521934032
14.651325,1.5447654178891228,2.3846233174204823
16.370995,9.059285409326355,14.081446387767791
2.1023102,11.041864748479178,15.288455158472061
0.6963692,0.0955555555555555,0.9858865083381534
14.1436405,3.3919490334815863,3.364697621017694
20.557198,4.282667480663707,13.93483633697033
15.550507,9.788142199454208,6.900136557519435
2.7718945,1.3318760319043776,7.889019851982593
22.133938,0.5161434160041648,2.569534049555659
13.366245,11.634806895231208,8.339586113393306
0.3662758,2.0847854152528775,11.91797954827547
17.356869,2.919159174488547,12.562541873455048
1.1560955,11.729846246223897,39.02888716101646
14.289042,3.499998920482273,9.394283604621886
0.54532623,14.163184725596674,15.107367916703224
12.550417,3.930969345578924,5.267106101214885
15.02587,0.5912937815898718,5.222243118584156
1.1061764,0.9572930521921564,4.811203835606575
16.665121,23.4085735760712,13.277174378633498
15.342589,7.754134459398273,6.547185482829809
16.490244,4.871445994029442,18.211175245046615
17.443705,5.334561420082011,4.6241790872812265
15.324441,11.99427706413799,0.650782332867384
1.6391869,2.953180388189438,11.8026871240139
14.584406,8.627828899671634,14.395670623779296
15.281895,3.375971663188603,4.464571889787912
15.827238,2.2911602247961693,7.375322675704956
0.48706055,0.9151085434246083,2.44080061905086
22.357191,2.2340303548068428,1.4233918019384144
16.296188,9.307660706989054,10.669942651987077
16.823439,2.1582066874361283,4.418337824642658
0.19323349,4.511067485291925,13.305748349428177
1.671093,2.6922341991800605,11.906588271260262
17.452978,7.333026477220572,12.701005927622319
16.548508,4.874371093781665,7.160386578142642
14.310142,1.7794825782523387,3.816251851916313
19.670181,5.60206422693717,9.57263464421034
14.945881,6.037887723534885,9.215507712066174
2.4255543,12.654484639490645,11.902719127833842
18.871708,5.492695201371486,6.03279028058052
16.349903,7.914730578120798,4.370571680068969
15.631629,11.249296014528309,12.014651486873626
16.26721,15.852335111482276,0.505
15.07287,8.20600979378861,9.2018199929595
19.312113,0.31246910180055737,2.869693788960576
21.712975,1.3230557248182593,3.0030549490451808
1.5341129,17.08153821334657,4.179059888124466
1.987299,0.5835921236466513,3.5279667529463765
14.911987,4.420362797437442,12.201556978225709
14.255988,11.096257119532675,25.984902288913723
16.234219,10.119739428744134,11.879633959233761
14.637792,2.893001646916899,7.037161329090595
22.956867,7.3491564649716015,2.7964616221189496
12.477232,1.116252931733098,11.876811295747757
13.987996,2.2097046458938467,13.303734397292137
15.339791,11.45078215546906,5.434162014722824
16.328484,1.5971743757311359,3.1105992104858156
1.724081,1.982230165903974,5.1300015765428535
20.847582,1.147766288718881,3.596248264685273
15.178679,7.763608198335601,13.401835183501243
15.632597,0.9521057975574189,7.40733348339796
6.994106,3.0456624761451447,0.9666668495535851
13.026144,7.259191542168458,9.269116702973843
20.815966,0.0955555555555555,2.003648717403412
16.296436,8.41427575049301,10.602004935741425
15.147647,2.958056577348357,14.002777034640312
18.270615,14.996620071588291,13.93668183863163
19.677948,4.166944167903727,13.553559867739677
13.763624,8.975191962456124,13.740811204314232
17.47665,8.747171660243637,0.6173896349966526
22.912415,1.1989721054472544,1.8479412229359147
16.949932,1.898392445337441,2.793199943900108
14.621285,10.781616385407332,0.8322210100293159
15.025339,7.932531583830714,5.093359126150608
0.6185913,0.0955555555555555,1.7766356152296066
15.082282,9.859581899655362,3.5302169829607006
3.18927,10.76151507045039,8.279958372116088
16.609333,8.49879636258094,4.72683101773262
17.596348,11.777087282339732,31.068192015886304
15.852769,2.3732144078301887,1.056959844455123
15.100551,10.844601160265093,11.851114399433136
0.11474419,9.433065613026008,12.735846852362156
21.214464,3.2256811099240763,11.02672970175743
15.570926,4.860140027271377,1.2064482741057874
13.39783,5.983290362276343,14.023362278938293
15.691933,2.6348308043362985,7.0664307171106335
21.491991,3.230246949640827,5.357373567670583
16.2058,0.83084033319843,4.512062997967004
17.831678,3.1710796570446753,3.1706603763252494
0.81668854,0.20450467853056675,4.017831541150808
6.0,0.09570165199285834,0.7542364528030157
14.710484,2.448354365355335,14.325851628780365
18.040043,3.222664357864608,3.506156888604164
19.12828,6.5527494694313235,11.06307400971651
5.0642242,16.122773247141804,4.502610392123461
19.367184,19.27917068988499,13.291775904297829
21.328474,2.3900526551519414,6.837491614818572
18.100649,23.888906951861248,2.1216296410560607
14.783158,7.4935440368226,13.5928952896595
15.497868,8.601385572382974,15.566079429388045
23.57518,2.7763871791337924,7.695295097827911
20.802467,5.2733155840894,10.985655364096164
21.030573,1.8159033230060917,10.737577753663063
16.243248,1.4879101979499683,2.8404152703285215
0.8610134,3.624282313241727,8.389855163693428
15.352116,7.840911191227949,9.37816155254841
14.7741585,5.749370351947016,6.336989477276801
15.135566,11.171317904194197,13.634629267454146
20.996372,1.5809917083615437,2.8666829230636357
1.0800114,20.965273636554677,15.590488350391388
20.526052,4.370183568382635,6.3931811270117755
20.890987,0.20142583612456083,0.7235823329351843
16.053808,7.735194346441163,14.358544437289238
22.895393,3.746753117960567,5.214158986508846
14.599002,9.472246156049271,3.742390790879726
18.452854,9.489997243984707,4.300123231858015
15.894661,5.040936478175636,9.34516314804554
15.764715,2.6812330581760033,5.611828817427158
3.0604897,12.724128936458794,12.350444837212562
2.256216,2.748780808615912,2.1955581568181515
6.0,0.27626545589232887,9.03953063160181
2.077919,1.741453212757802,9.861394535005093
22.834148,0.5756645059414829,4.1906896790862085
21.560783,0.44801626647796683,3.0885724475234744
14.136435,2.626782381525263,4.279236863702535
1.3304062,2.222517761195389,11.642424385845661
16.746159,1.5742942364676855,3.3136970037221904
18.672226,3.356324927309114,3.6147567605972286
0.79048157,2.098406830255149,6.421738699972629
0.25867844,2.3534348988538194,12.355926185846329
16.288723,14.09282521330234,3.914694756567478
23.896719,2.2443774502165614,1.0924643224477768
0.2770462,0.4641564321358843,4.361354606747627
15.37897,4.5012741907654945,5.099777014702558
20.26518,2.9322940957706627,9.082927498817444
6.0,0.4497380716807674,6.421924293637275
3.7552853,0.524564866774405,1.0502873702161013
12.393566,9.756064710242468,9.775217955410481
23.755316,0.22915743581336245,1.2854433478415013
23.711569,6.298307116358644,12.04769983023405
11.438808,0.44960100238198514,3.786402949541807
8.99404,2.5314627545037203,14.486012253165244
20.108778,4.595170752052217,13.449057963490485
22.439648,0.23273635100625037,2.715085881054401
14.690955,4.834947099317279,5.767980171442031
15.243182,11.869828779057912,7.008274308741092
15.235896,10.126176366679784,8.0698946672678
16.25138,5.467915117962079,6.1327399225533
23.559414,1.4181594165489595,5.191441278457641
18.856125,6.929882347262982,13.72728000998497
1.5550308,4.122649917130669,13.47805529654026
13.316418,8.87584577134707,20.085727905035018
0.7963104,0.33101442449001794,0.5832026670500636
13.3708515,9.137016385760573,18.63039182960987
15.372782,1.907146468165641,8.981789386570453
14.064786,10.15001251315698,6.527419012188911
0.25391006,0.8868070065227543,4.893279466032982
12.772881,4.645897030815896,12.789730134308337
1.9068718,0.2532192096083114,1.5856278703361748
15.219496,10.858055227974223,13.983438025712967
17.163387,11.924044392090291,9.708968470692634
12.860971,5.84335897470307,13.919410447478294
15.719787,12.919860621823206,30.50043938040733
0.9324455,2.023714700633039,7.589898020923137
20.726902,6.262571718098802,2.7282948952168224
14.623228,2.8820778375470804,4.4508293870091435
14.520897,1.0808491593438925,4.155400422662496
17.467852,3.485242080691581,6.265229947715997
16.223804,6.415151533234036,7.163877826035022
15.225026,8.329341884698305,4.720495491027831
21.980055,0.6541032304938158,4.699320670068263
19.93631,4.924947210059812,10.48560714840889
23.53453,3.0695935482262735,14.946139942407608
15.6930485,7.7980080915470085,13.775039446353912
2.709591,2.043778372678078,9.620856201350689
21.215965,3.2162345802654615,19.971124935150144
15.3442545,3.4191010295030555,13.938826973438262
1.1717892,0.2669834221785681,0.505
3.0638046,2.4184249770946593,3.082475248426199
13.842721,7.781002496932116,9.150048304796218
15.750671,32.69850053792199,13.346468642950057
21.289656,1.6602101935591134,4.93495232462883
14.847698,4.745527180412577,5.44358965113759
17.521683,8.759211663783839,8.483177472054958
15.241086,9.133153077345343,13.558735620379448
14.627153,8.562015178151844,13.692005288004875
22.445587,3.048335736633485,12.527112117409706
1.4881287,1.566737933355487,2.8598170755058523
15.552071,8.102488512754855,13.52399457335472
2.7630196,1.662498943977213,1.7986757014319301
14.3541975,2.54748554178824,2.7864086319506165
19.886545,4.095628034652521,5.18742045506835
3.6001816,8.503672756320901,13.190623630285263
3.3108025,1.466679288764329,8.22667137503624
3.9112396,0.3179003449016535,2.1391436456143853
16.745087,8.360192705976466,4.607420501112937
17.385822,5.68191957292147,13.598950562477112
15.103193,2.2323965705977753,2.9558042182028292
16.339756,7.535963506917986,6.554122884571552
0.96118736,3.287759181599443,6.270614400058984
23.294111,4.763718935914544,14.780408526659011
16.472998,7.5992044172415305,6.969199016094207
14.753488,7.388976937497241,6.3047673611342905
22.61288,0.9598282204764998,2.740507554635405
16.992716,10.036974940328962,2.0335054460167883
2.098381,0.2922267537871246,2.0942938930541275
14.538813,10.283835519949596,9.412066310048104
16.082996,9.78140657319584,8.271184040307999
1.4742908,0.33275817100967586,2.065424668081105
21.184608,0.0955555555555555,2.725105330199003
13.734661,5.0616944982804775,7.340721755623817
14.695087,7.631630512550473,14.166244058609008
1.3181438,2.182455678458015,11.777304767966271
22.97929,0.665607129410944,1.2425333379022776
0.16826057,3.765937091520884,14.382816212773323
17.573265,7.4995349880846005,11.29777396917343
15.358344,5.822680332042897,12.543832690417766
0.42691422,2.6008668733274356,13.823827474117278
21.33665,3.58106415875463,13.646511734127998
2.7149677,2.3847583023412153,12.272836871147156
22.153309,0.6228024332116668,4.777557716667651
17.23176,3.5665409505149968,11.417243368923664
15.000103,9.321162237500152,12.725579572319985
14.824075,8.122489992162834,7.478697601556777
7.2888794,4.5788226809093935,5.976005700081586
5.2606354,10.728214186601756,34.405428471565244
21.84872,0.7896660967662723,3.384164272174239
23.907492,1.3686555095169588,5.768202660232782
14.938194,2.091646449690581,5.964401623904704
3.5875664,10.02549630717064,13.539994387030601
19.561491,0.7168934487797216,2.2144186471402643
17.628561,4.117482609147619,9.62595816373825
3.096161,1.8704601772181277,0.7426023760437965
14.796793,11.827232550941408,15.470572482347489
16.491524,0.6674126082603147,7.552709224522113
0.7686863,2.4441489974362773,11.518284584879876
22.142805,0.8157352453273617,5.418806934058666
3.0935936,10.798416580655095,12.692318057119847
15.98225,6.727111846534535,13.80740131676197
2.5031128,2.601016831231924,7.772568399012088
14.679915,7.587550662710434,3.5540996825695035
16.322481,9.275178147312255,0.505
4.641838,0.3973683422537417,2.383690504282713
2.2223263,1.7819350957953266,1.2185517388582228
0.3516121,1.6471949521871285,9.050947250723839
2.9844723,2.115684517657177,8.78921173542738
2.50288,0.7419181088259857,6.065100348740816
17.029758,9.275511205250192,35.672632199525836
14.272674,2.6979080498254753,9.802316866517067
14.403965,2.904926675910958,3.505916511267423
15.001083,1.9850724103337982,10.053542115688323
15.468399,2.389699957433881,13.384341676235199
15.744797,37.41829321776827,13.877032482028007
16.20359,1.7117152100628137,10.321473776102065
2.1455078,1.7542565081692816,5.2790154007077215
2.3816357,0.15667414213944636,2.6847219376266
6.3395042,64.76957408815622,16.75569457054138
18.36492,2.314210166325275,6.479567524343729
11.522967,5.141158276148555,29.46088827013969
2.0348663,0.23885356713070194,1.8748672114312646
0.9208298,11.93112698779752,15.087498214244842
16.09874,9.258003977917964,5.2628322294354435
14.785693,8.632923785965476,14.224782834649085
15.946788,2.786013740110211,11.925243788659573
15.259325,9.53411064511579,5.872772019207477
20.452692,1.0045328608217337,4.415063475370407
1.4210033,1.297851749487842,3.6964418244361874
16.146275,8.04431466570331,3.5306075495481486
15.364137,2.8105313460415022,2.8029503194987773
22.897446,4.844485076702096,15.304610006213188
2.4679832,0.882535968088907,2.562991872876882
14.9802475,10.268294725602287,8.128056293129921
0.6998005,0.65609012158303,5.686172123849391
23.742634,1.4666049235552134,9.002500596046447
15.007939,7.106835129532135,9.325978427827359
16.603086,4.025592987892321,3.116741689965129
16.060356,1.904753279125111,13.186978839039803
17.709454,7.9847914020924105,14.112578420639037
16.625973,3.6691461176383826,14.444543622136116
15.9873295,8.885963531407631,1.6018086192011833
1.6573868,1.7979759885021487,10.277545469999314
14.520169,6.897507806376864,13.831784895658492
19.728275,4.5977791603499405,13.854530181884765
15.928689,10.746109299591433,3.4484637190401553
18.708618,0.7495935803957076,3.5747639346122737
1.9927826,10.30324125936048,11.990618225336075
23.856405,2.5963092168524033,13.910424434542655
1.9009972,0.0955555555555555,2.4372279410064217
14.739897,3.178965028764473,4.42883020222187
14.755573,3.5298047417930016,6.072469311654567
17.583078,21.656471148294706,14.695634707212447
3.76865,1.5660715106080492,2.326025658249855
16.051493,1.5515065678356526,9.772603991627694
21.38105,12.255019695009622,15.099887523055076
16.220198,20.913460623290803,13.489961614608765
16.619278,2.5384586078487335,3.6428175537288183
14.918858,2.8302989893173796,10.469279378056527
12.868412,6.868020313168979,7.294066191613673
0.5376091,1.33271563250468,4.5759720645844935
22.690653,2.344401009158852,11.305674743652343
18.666702,0.5552528415423714,1.3693746354058385
17.062977,1.8066914478037508,12.280007942020893
15.070124,10.111171574665027,14.73901890337467
23.138206,4.624829275012016,14.194141246080399
15.860982,11.09977427682322,3.0386166331171984
10.138411,0.7146955834899563,3.872483750879764
16.682121,7.3997084406866795,9.324136652946473
17.645412,12.961379117005402,1.643050196133554
14.8570595,11.711958498151766,13.950037128925324
0.65236855,3.23339545189196,12.702980375885963
22.10121,1.42403835968994,9.42079368442297
12.8891735,3.8349921950853116,7.981613202095031
11.600404,9.24198364560596,12.502888044714927
14.816562,1.5213750535045336,3.0471595318615434
15.752308,4.0887242427768395,8.03508653819561
13.584242,10.253260473917342,37.71630615472794
13.303436,7.3073679228127,15.147061109542847
0.8103161,0.6769785621027565,1.0410880456864833
18.862917,2.2156460885434512,4.92494107440114
16.186934,1.7460867687997719,8.694712509810925
0.82993317,2.080747599208003,8.69571054160595
13.259701,2.2808894381154743,4.808717327713966
16.27082,2.4115547365100225,6.520558009445667
15.9599905,2.6057543144437174,1.6521501553803684
17.141872,3.504833170527385,14.654725093245506
8.813606,16.564020187188355,16.93082790791988
15.478728,8.61868740034807,10.69356522232294
21.846039,3.3492850890398644,14.559578898549079
21.905424,0.3627578840038687,0.9344118445739149
22.219316,0.29137871421880035,3.30705420397222
10.020337,32.652438706937765,1.3380195547267792
16.367634,14.51394137872176,1.816632727012038
0.04756546,0.6464233604316703,5.110267528891563
15.742409,2.588734399155817,1.8568087242543698
2.6021938,1.0394671197173495,5.91539446145296
6.8877,7.203520948758555,8.552571614086627
23.124155,1.1723152978402664,2.5793110716342924
23.350597,0.9056159830313278,6.609482344239949
16.345585,3.3923487848395273,8.539949008822441
16.98117,1.7249812677934662,3.6616519565880297
21.051786,3.4407283144594274,13.770076865553856
0.90091896,1.4424449252870142,7.305600576996802
16.405714,1.074846444671922,2.613136821389198
16.52409,1.490720118575005,9.69849100023508
14.145271,10.03226793969257,14.051860223412513
12.535203,12.020096828407713,13.035932428836823
23.857382,3.7574670271803106,11.622180514633655
17.439613,3.566051183498154,14.5544776815176
2.4593086,2.110620523100822,9.630829811096191
1.1262665,0.3309479356510564,2.2668177387863397
15.678062,0.8436414293636981,8.142153212726116
16.81865,0.8244806757517572,3.9913986057043074
15.864473,10.65549299074751,14.275423817634582
23.080063,19.1159412039775,17.316707696318623
18.725544,5.173940342472245,13.519410633444785
17.589855,8.299129356274175,4.3870779632031915
14.634551,7.019745797868818,17.729749751091003
15.474122,8.19149108633192,16.497975779175757
19.50024,3.565472219146581,9.528355275392533
3.5108452,10.16433973275746,12.607481627762317
17.590567,1.2611328278639768,2.7427486540377135
21.918072,0.8368842709505567,5.907123245000839
14.563515,3.92979218625774,7.303809486329555
3.5520935,0.4001432795204325,2.286102150380611
15.056153,8.332575083501224,13.663313550949097
1.2877312,0.5378784384522846,2.589525245055556
12.595052,6.410954757718783,14.598019893169402
1.1731224,1.872312453981075,4.5559450919926165
16.334074,9.598669057355988,8.871844892203807
21.194134,0.269689428420097,1.3029707688093186
13.608242,3.2981940422765907,13.867474035620688
17.013485,8.909237489178777,3.172904084473848
15.273986,1.7755709887109696,3.756547711640596
14.0190735,7.895400942857894,7.302719775736331
20.749605,2.2385039284732193,3.4738097389787432
15.325975,6.602432794037999,3.132301929891109
22.211468,1.6281520372559317,8.389119497239589
15.620438,11.859530169355374,20.160943278074264
22.09982,1.5285146250322255,4.809679582417011
14.464052,11.292769486157017,10.336843763887883
14.514332,4.220549720266006,10.089654617905616
6.0,0.24633779378420306,2.2782792656123636
15.377497,4.039467674225776,13.566248809695244
16.710236,54.72935842611724,17.15857742190361
14.970958,11.650405790594718,26.549482688903804
11.015984,8.572817057220059,11.768096638917923
16.124039,10.722170862592758,5.372566533386707
20.874807,3.0366087420890104,3.098368662521243
3.8873844,1.557614028001618,5.059787170141935
20.785255,0.0955555555555555,1.9632958844304085
23.158665,2.0490651559902147,10.328657518029212
14.155069,1.3629598709904691,2.7252994954586027
14.132898,11.443084179984613,21.836077408790587
20.788464,3.916194911818537,5.789499719589948
16.552954,4.459531883922302,13.463772783279419
1.6119404,1.9499092252511119,9.724774491786956
5.4519253,8.67997251590093,6.1561761538684365
13.638071,1.3362205149326472,2.357634532675147
14.582201,2.640767746202958,12.779933919310569
14.989876,5.190292505235928,6.374365730732679
15.920121,11.296073879162885,3.418773204833269
3.2368584,9.275625770634248,8.72932013809681
15.870382,1.264541250330189,11.805190775096417
15.458775,10.606660314117455,3.312387413084507
11.774189,11.786376898338398,8.301815939247607
23.555325,1.7196495789423998,4.7063326074182985
14.690701,1.2532786547532306,11.878112687468528
23.358849,2.120181208981408,10.813506432473659
15.459995,3.0083679657569156,3.420039937496185
14.4027,12.328753157864428,25.599583008289333
16.00056,7.661667919601831,10.400336921811103
2.284155,3.178109061680734,14.17331897854805
15.627918,9.094596915665187,14.815863624811172
15.640837,1.0140315586463031,3.9353560271859167
17.546299,1.8697081373042117,2.875828442201018
0.41249084,0.10938657662265334,2.4912094236165285
1.1942768,2.5399675976215965,8.511272924244404
15.286586,7.674112175282919,15.682963188886642
13.994959,7.526381749189976,13.629365562796593
16.887756,3.51436337383257,9.837934452295304
15.75896,3.623682481623772,13.832706155776977
15.562376,12.604257538471785,2.4980463886260984
0.27321053,1.9442081653269834,6.547884254157543
22.610525,0.14502528476706675,2.7889622218906878
17.064741,2.177020778470776,3.9733576343953607
16.60541,6.8851552030030225,9.94814503878355
6.0,4.822460699941342,14.395244280099869
15.512316,10.915120245772933,3.941750437021255
7.813262,3.2310257896713703,5.557039182484149
1.16148,2.6045327610362112,4.927074656188488
15.634359,6.18595366253828,13.694669190645218
23.647224,1.5771481420169584,6.210022540688514
1.9136772,2.8602289913211845,13.528524847626686
14.493011,10.26767607252838,2.287791499942541
15.162819,9.829047769831702,5.072773881852626
14.942226,3.394633341346246,12.744761311113834
14.935099,5.42609016037753,13.93954698741436
15.449045,7.4045144585478635,7.605928394198417
18.935654,5.437098666299135,25.534969580173488
2.0135803,0.8064552446377152,6.18658668205142
15.97055,2.3118323208629667,7.059093431830406
12.424785,8.404982861197658,14.438561394214629
15.522064,2.1851508291179518,13.912544227242469
22.392109,4.115077145244512,16.20109001636505
4.6084366,13.969374465387729,13.021849671006203
15.203477,4.140493475697521,1.9420536087453364
14.555606,5.596264354369293,9.739532542228698
21.295805,4.4730980620429746,24.42809492707252
0.25502205,7.599526836965233,13.214956524968146
22.290716,4.576381619904811,4.7155929113924495
17.142057,9.656068769740976,13.856153567433356
20.259327,10.187225804871156,14.241043522953987
3.966236,9.91000048853043,7.412257305681705
15.439594,9.196680401129028,23.054692864418026
14.533546,9.167719908687804,15.287037491202353
16.499325,7.7369733831907315,13.55423814177513
14.619145,1.4744801685133844,3.2115621640533205
16.019272,8.301761086810794,9.454914595186711
16.707623,2.2750159163721317,3.4500394017994402
19.8023,6.900850251456722,14.081110977530479
6.0,0.7129689194873854,1.0445723058655858
7.1274357,9.537012422629115,12.200673731267452
1.0860252,1.6855549206470863,7.503274973034858
15.259809,0.0955555555555555,4.19000767827034
15.582708,8.465616590709736,13.066447306871414
14.544735,12.85504443746888,3.538343413993716
17.229103,9.62957797965035,16.155790255069732
16.37547,9.619890658104172,14.083335120081902
20.913969,6.616877852319222,13.864831002950668
3.1788006,9.576771520841868,13.322593396902084
15.827236,3.8097072056618826,5.452600633502006
12.030153,1.5612023794951124,13.563318069577218
19.514267,6.357503459462896,5.615481062233448
19.148382,2.6550174295881552,12.239577592015266
17.98626,8.307911611286302,14.452556200027466
16.13226,7.861656527308126,12.520787025690078
18.032476,6.487963972233443,6.073830331861973
23.419453,1.803938502999178,6.3649161063134665
14.616276,4.598586437145455,5.973347760289907
2.6093445,1.4667438340833825,8.742110448479652
16.894432,2.6785655259568655,2.104790742769837
14.635515,2.3661563618481156,4.00304367646575
16.091421,9.072008713550039,12.725963430702686
21.476976,8.158016717758859,13.938253049254417
14.496027,3.595459299261371,10.82445347726345
16.6122,3.8946271599456668,11.271309356093406
23.908783,0.5895621053517486,4.939074143767356
15.819349,8.762095438165383,12.66795162141323
17.456701,2.596857084885446,13.459992337226867
14.470965,12.575676748446293,26.771679300069806
18.301613,11.653561248601312,14.100941921472549
1.5038624,0.7594760722568672,0.6127708496898413
16.920353,8.958113536989938,2.4293567944318055
22.993008,1.7318785130757735,3.8081915712356564
18.304543,6.635970582734379,12.533655598461628
21.665096,0.16507175921818185,2.4112768782675267
22.17039,0.554105039600852,7.014892325401306
16.162388,3.0511884146965005,4.042858735024929
14.409371,2.2338390715316763,8.587657015621662
15.797667,8.859909726424764,6.173864199072122
1.7331505,2.365612585435932,8.037182479500771
16.455112,10.097668407505585,15.526417541503905
15.647208,1.0586607085866853,5.999741191864013
0.038276672,3.5939143032249476,9.13302362650633
15.544392,10.830599633685003,4.823383326679468
5.445465,6.791277463172252,13.258254259824753
16.389006,10.817449982567794,3.345394202843308
15.188309,2.04843975174189,1.210160892754793
17.652927,8.376546096226408,13.514038106799125
17.445944,0.0955555555555555,0.6137399989366531
13.9494915,1.1838184807237444,4.829987554252147
3.284912,13.132367134386053,13.404859838485718
16.948208,6.760690960601593,6.2554352234303945
11.600357,6.206490325954639,3.29708376199007
12.505196,9.898640512377025,14.557670786976814
14.759606,8.219763368144632,11.874627402424812
16.680635,7.03010005361504,13.278890188336373
22.868954,1.9009218853525818,6.14492612183094
22.132101,2.5678129187976526,6.433848500251769
15.138434,4.545140457996684,4.5255248741805545
13.164387,9.286726338025183,15.613879114985465
3.401474,0.5045943813944338,1.720195575580001
17.361652,7.396305848780192,9.581808486878872
4.3455944,3.6099223606743744,12.71786737293005
0.646492,1.8504552199324178,7.887265283763408
10.537457,0.33997993297137624,0.505
23.927864,0.3152851087116222,1.0882538059353828
16.747597,5.7087839279965396,14.4194922041893
16.259567,3.1878724873748916,13.32240854859352
9.217413,34.782408867652215,40.09537245869637
3.353321,1.692754639001408,5.806625766307115
0.38381577,1.6179323958359761,8.304422449469566
14.756718,4.520155384382233,15.286623073220252
16.946917,10.061700605180944,3.763259643167257
22.698864,0.6165289555293404,1.6781410946696997
15.236738,8.751317290498152,12.925227671265603
16.4581,7.133830007312612,7.185902352929115
16.580997,6.70327856419194,5.993218208104372
14.683216,5.5208782858494665,4.0326980409026145
19.106457,1.7958554037013608,5.790544336140155
15.767863,10.562457715651641,13.292322995662689
22.399223,0.30978025479400656,1.5570320978760717
21.330004,1.8683742689041214,7.349933611452579
22.781452,0.7146510871131128,5.504896679669618
16.718098,10.454879183373933,4.87262788504362
15.649268,8.391073805248986,4.153816168308258
23.189968,0.387659130535968,3.2497517873346804
15.751633,10.003707607771375,3.2321412591636176
23.866684,1.7147688890005357,6.281239078342914
23.56651,4.448545472753337,0.505
5.413553,12.922755034418984,21.74427935361862
22.052925,16.00728806671583,15.253462181091308
21.606781,1.1109092748910188,1.6469062026590109
16.489895,16.236466297631463,1.4519109890609978
15.858494,10.053886427664095,4.597068250477314
15.627071,10.018654298769931,3.3299729718267916
23.713085,1.5444967006891965,5.690488853603601
21.767103,3.8632157866097985,1.6446684573590753
14.715544,9.531276788508727,23.279197098016738
2.792883,2.682722408168742,4.060891134738922
16.863518,13.055637786738162,9.900800020396709
16.944414,8.613451762296673,14.801673535704612
15.341654,8.13793095096118,5.923260576874017
20.849096,0.3141744126567694,2.785325629562139
16.16028,0.41172773222322573,3.4174351043254134
14.1732855,6.61122977888522,13.711869027614593
19.158937,9.459866547977759,3.985162211358547
17.225765,3.3278535881416045,14.473294987678527
20.572178,3.4926722595907953,4.384535926282406
16.849194,13.2899264521069,3.7096115210652347
20.796848,4.414258099115557,9.132691943049432
16.747839,6.381110884334064,15.253426403999327
2.4489594,11.576917824991462,13.81851904809475
22.824308,0.3527560702494035,0.505
16.981249,0.6045671019475493,0.8664354629814625
1.0012035,0.2888273840320632,1.3197969960421323
11.439348,2.3616936309770162,9.044801044464112
15.332798,11.107420697884843,6.599374197721481
4.367367,0.9567206344339582,0.7305686486698687
6.523091,0.9389660686207935,4.073854367733001
19.611351,2.0390787369592323,3.8164832849800585
4.7809544,1.3009048146824354,5.787748878151178
14.448589,6.6005490117944365,0.9035549412667752
0.7962723,3.180258799280143,7.251760525703429
16.18899,5.08797129660017,14.24476583123207
14.005808,14.977386180253493,3.6503381966054436
1.1691589,2.9323605846096243,10.750126568675041
0.6271286,1.147359274733915,4.712711737453937
19.994629,2.2243276896824438,4.697109198570251
14.163231,6.74221320080157,13.595648635029793
0.100400925,0.33331637038538847,4.596279291063547
16.332613,4.547507460663716,4.463103910982609
19.781128,3.596067314121044,13.589924300312996
2.4842224,0.14924115025089119,1.3474489613622427
1.9746265,0.41987568371166056,1.7696136155724527
15.876444,2.199332182434801,14.00948076725006
15.256809,1.3474983517973063,2.796843617111444
15.713368,8.379171280169654,8.53725231051445
1.5341778,2.5897599639241684,6.173452762514352
14.1872835,7.391138131635056,12.921477039456366
14.95645,9.075865475371895,6.623364228606223
17.507923,0.0955555555555555,1.8375012066215275
17.78927,6.138284642880575,13.551471379995347
15.987811,0.5203885493634475,9.362207205593586
15.465291,9.42456486152899,5.362799014598131
2.5174866,13.520786339195652,13.647942817807197
15.660374,2.0624969243656635,6.473008018136024
18.713636,12.044032810433873,19.312707185745236
20.791214,3.2467140869506528,2.4996302703022955
23.119888,2.1877256861246295,5.635953012406826
18.682167,10.626491582097694,4.286115382313728
2.1557636,2.033667977535062,4.855871907621622
3.1156158,10.536993104072495,12.039852721393109
17.413692,0.7326683861306972,3.102538370788097
2.5629463,1.7789116948519625,11.332889930307864
3.9467163,2.603222419456061,15.07371359884739
22.309092,7.619306550522645,3.4701843269914385
1.301611,2.657600878998637,5.955377970486879
16.330288,7.301837688059442,9.267341264784337
4.216152,9.790646271420023,12.590630617439746
0.85201645,1.8628290997347277,10.18360377073288
19.109478,1.9718435863529642,3.870009914040565
0.9994278,1.2359147364415954,5.645950473546981
21.390417,2.4809066871677836,6.551194753199815
14.516271,0.8548465376675852,6.400526611208915
0.14095497,7.8107485805783,15.32187543451786
1.0657883,2.979008131119836,11.218828834295273
20.888374,4.689361091716629,6.040811057388782
4.4633865,8.244754170028287,14.05827177643776
17.104301,10.352755600025672,5.1091032826900475
22.98787,4.275829973045943,15.592102791666985
21.188183,2.3846439415382013,2.0896516290307043
16.512604,9.680989195745854,4.761939525306224
1.7513733,1.6875258544149498,10.26038737297058
3.9281998,0.3665083404012774,1.3459098010510204
0.023080826,2.0668375203541167,4.629169246256351
20.434093,5.937307499574704,7.104156915247439
14.967158,6.353363148315499,14.057186537981034
21.66611,1.0352831305172812,3.8102099955081936
15.897133,6.14811148869805,12.479168578088283
21.71543,2.255456332016943,8.222360235452651
0.71401215,0.23419317261315878,3.5422015634179114
21.558805,3.989691060663511,9.901698174476623
20.290234,2.1921857574421706,13.992033472061157
15.921137,2.4936647701687695,3.4325093720853324
16.821278,7.900780605963535,5.347058957517147
15.663462,11.10459175122281,18.250550916194914
16.507889,10.49853514129296,3.2795813104510305
14.056706,11.990658434650138,13.52442091703415
23.875916,2.46918808044607,11.156649739146232
15.952144,5.645282790586352,9.691923667788506
15.552095,8.078181829878854,13.537331975102424
14.637133,10.466856175952902,12.415417526960372
17.966019,13.74698177850495,2.0552994715422392
4.1089363,0.9870180639909166,5.415840044170618
0.6637001,3.37206948437521,12.839630233347416
21.827482,0.24452860690342879,3.2494456323236225
15.564885,8.046789277998938,3.7564049759507174
16.882809,7.954100972351928,5.296589406430721
15.54278,9.561203721796888,3.5605421678721902
16.863203,68.10482773519225,50.525
10.559276,0.40812746388397897,4.552943170368671
15.482481,12.246777533950906,2.9074783112108706
16.487053,8.259949631575083,6.744956402480602
4.7338867,0.8720899577449179,3.01107758924365
19.647202,14.18229259500901,15.231875178217887
22.234043,1.7681923642345807,8.729251565337181
1.840414,0.5138555606281281,2.2220389813929793
4.933529,9.367720791256676,13.18804917037487
19.00764,2.7645331397616406,5.266741622090339
23.665289,3.73926054184325,12.618240097463131
16.67203,8.101438602842391,14.255531754493713
15.263414,10.311651995198595,13.846642823815346
15.738503,9.336554096848188,5.814756855815649
16.992449,6.172262280819316,12.588496662974357
22.193283,4.661533159929224,3.6371852704882617
14.496533,2.358212684531075,3.900325409322977
16.275028,8.225194585673098,31.58765750288963
15.480284,10.516652020133204,5.183915790766477
18.705196,8.224791151856383,4.126561105102301
3.293167,0.6787370896027681,4.4033349247276785
15.078956,10.938985033596142,3.2078473093360658
15.611253,4.560720122742156,9.53846304923296
15.148121,8.729787999861356,5.121312215328216
22.970808,1.647586520303351,3.3851988264173265
4.06522,11.736679253058716,13.47942526102066
17.877962,4.01500510059504,11.931113467812539
16.030182,11.788717305469845,14.543237711787224
16.180502,10.36974155486044,3.8584002476930617
21.170057,3.549978887601238,12.989081581532956
16.868052,1.5701660978923448,2.7902897010743617
13.938852,9.917335946406755,13.07072714149952
19.656076,3.91198749808905,9.494687541127204
16.797781,9.394921886728456,5.632961153089999
17.492,0.6933126705893987,4.42146161198616
15.037843,3.4898768642198084,7.047983899414539
20.275414,0.9001144919146059,2.8671046082675455
23.820925,0.7002102227432705,1.6465013811364768
17.04742,3.299010525219039,4.382243210971355
16.846107,6.602724526605258,2.7382247152924535
19.414188,2.788835935597825,3.91902490273118
15.056788,11.302747312784195,5.410845040380954
16.17382,8.984586323948784,3.4639935857057567
23.903898,1.6445875667946206,5.065518213063478
15.394393,0.5431054329546168,2.9356320875138042
15.682351,11.845038466596355,28.30963809728622
15.2563,7.124785070241325,11.789211086034774
23.727549,13.643405669751681,5.32512275531888
22.18977,2.187658174380453,5.73996745377779
15.146132,8.10131749086496,7.853334438800811
1.9668846,2.109869710673164,5.24243034273386
4.685028,11.829700616643661,12.771190147101878
13.935232,9.31671873724709,13.229192826151847
6.0,16.218865781343645,14.353240483403205
1.598629,2.449823052662735,11.688067756295204
23.498259,0.847185079899306,5.851108990013599
15.417993,10.22917146527105,3.1821914076060054
14.843287,5.987966675756292,8.77035497188568
22.054647,0.16490290313984987,1.6467821008712051
23.074102,0.743622678075917,4.9414387859404085
15.266848,3.7585206195515477,3.5071892067790027
15.752903,11.69261413305377,10.636501505970955
15.922598,8.882116589475837,5.823263977468013
14.90299,7.224709816539867,5.366076717972755
16.673265,2.4653843051143403,13.418493891954421
22.294401,3.003749548712124,7.635741146802902
17.273909,9.134537681844087,0.505
17.664536,5.830676586687979,14.354191557765006
13.104187,2.861359097002488,5.430083426237106
16.568878,3.5122938320020003,6.9611461889743795
23.4928,1.6399699680740012,3.4766776828467845
16.004114,6.68586380749113,13.809258744120598
15.22229,7.091557017243985,7.689420946538448
16.320229,3.357408388512623,5.623610288351774
16.290112,8.305540926160498,8.195013120770454
23.125786,2.7177065848388398,7.512353410124778
1.7562447,16.27637924078852,39.45326011896133
4.2458553,2.356498499972125,10.000694878697395
21.816677,4.223352889716625,8.450285653471946
0.69042206,1.2700240222814805,3.6134795929491514
14.584649,8.11966431879749,8.454766734242439
23.094526,1.418217006112552,3.8859333287179467
20.632042,5.266003448451973,11.649596947431565
13.437874,8.807009160336522,14.785229489803314
1.9464264,2.2190627965419036,2.9352445023506877
16.119106,6.003129404336214,0.505
17.016294,0.9735275808561386,1.8221873068809509
23.621471,3.124745324111233,3.814345976412296
15.072415,2.104286898591866,3.572739733830094
13.704449,4.093406693688077,13.535072055459022
14.149929,9.726033849784484,5.734703003764152
16.834522,9.092523282213758,13.988281349539756
18.20894,6.27410599730081,9.977821391224861
23.220034,0.21379579052810888,1.3543154611065984
2.9353447,0.3109910037651813,2.3566409730166193
19.722294,6.67135737489702,11.284924775660038
16.598576,8.612925579854185,4.493775313794613
14.856059,23.858894094535046,1.6916939974948764
22.336369,0.39048682413911184,3.1754725815355775
15.517339,8.744185595340614,13.834162581562996
16.453674,10.349501124794285,14.418430817127227
15.050422,1.0702747743954468,3.2362513389438385
15.21761,11.148419557217924,3.3488040205836294
15.701756,6.11858839838869,5.094544987678527
14.048807,8.01466023436437,26.204877738952632
21.836742,0.0955555555555555,0.505
16.638105,7.646977364069057,4.398675703853368
16.18433,7.841895635206666,10.276876140236855
22.600138,1.380865519903859,6.5682589353621
22.214907,3.2921861107880246,15.877838027477264
15.7506075,7.769007501221365,13.87528238594532
4.554201,9.654549960078052,11.55824685126543
1.7650299,1.853402005275194,4.901122475415468
17.45433,0.16768142057479252,2.3878490322083232
23.972237,1.7168994982724284,10.042858181595802
15.362899,9.990472850940295,14.42648513495922
22.470318,1.894081104438131,6.227832078933715
19.624447,2.6735520629181213,5.813865037262439
19.246801,2.2019612534178625,6.502776422053575
16.262815,9.473653673624828,6.001763342916965
23.599365,2.686435758679484,13.561643999814986
16.320503,20.777119633021453,2.1181991396844384
22.626762,0.6990289206559666,1.5822525253146886
0.5126114,0.344651847958901,3.8019972895085807
4.4330826,1.2404586859867495,5.490186704695224
16.360233,5.705362923796185,2.6537330131232735
21.945545,1.9953010533196438,3.0307242438942192
0.22169495,0.44455322087328464,3.126954745352268
18.78809,5.282496772135297,13.45909343779087
23.71577,8.790737602503764,12.950981214642525
16.856415,3.605374114927318,15.438835220336914
6.444376,4.433852053085963,2.572701812908053
21.526503,0.49527551030662526,0.975664741601795
19.819561,4.724425873317652,7.274911285638809
16.71921,4.4569652101573425,14.091732301712035
2.1208115,0.9461603144322159,2.839663951396942
15.407967,1.0493698651017622,12.26231542468071
16.200127,6.104803318552052,8.674230870008468
15.722489,2.959095235303458,4.409176653027535
15.361176,12.528895610515029,11.195637079775333
13.632674,9.574190526403902,18.669487246870993
12.50296,0.9220810233854636,2.6372205808013676
15.511662,0.2763783974143572,3.2555012778192753
16.891144,23.066543531914554,20.458077989816662
14.821483,9.288304885352652,14.82985395848751
22.679836,1.8574598702622782,1.2660894317924976
15.707837,2.7243055509605134,4.069901744425296
2.307434,109.92916666666666,8.600026199817657
1.1612949,13.356860459417934,12.718415209650994
6.152037,24.91797578431666,15.592317454218865
1.4802551,11.587869457383123,8.722545596659184
16.217413,6.698019603901646,6.635031287372112
1.6787987,0.5208082473730771,2.5281461033225057
15.321289,7.709813203927543,3.418176733627915
0.8604622,2.45514911553512,4.685077288001775
14.938503,8.83660058071423,4.775475191771983
5.22542,9.682452359365094,14.369226880669594
2.3528843,4.162289540014333,14.66745428442955
20.93292,0.868677136786282,2.05957567255944
14.931411,1.2817158288865662,6.776034769713878
16.826061,7.061481967280722,3.7494888168573377
22.695898,2.010575687730064,7.7158669257164
15.138721,9.66181095045474,4.170863579958677
17.333721,2.56136268309421,3.832717513144016
15.9610815,7.592456516120583,10.98027389317751
16.27214,7.6728388628715445,1.7584444546699523
18.40364,2.0343680538640667,3.152854564860463
5.802416,4.435380273476864,15.883392421007155
16.82293,3.8457429288927876,8.554945573210716
13.751875,9.072258302422448,10.52061726897955
0.6626625,0.8593354549121835,3.117555059790611
18.126701,5.885909785828035,17.58744934916496
22.939354,2.4282143845812727,0.5632160368561745
14.144505,10.46468761689754,3.9685485969483847
16.296396,15.170491045026317,14.162454668283463
14.182994,3.2895461970096864,4.482110491096973
16.20796,6.8408748637408845,13.539278845191001
21.99803,4.6658596398257135,5.7641371154785155
16.42602,7.225267095300886,5.295591001957654
18.720318,7.204416195402542,3.3682380624115464
17.851545,2.141677562070286,6.330693454444408
23.07432,2.2283108825888482,8.282088599801064
14.679304,8.718132608681918,10.834974178373814
3.6373825,12.17295487376137,13.748758190870285
2.8676338,1.1225163849443196,3.7560609941184517
14.901089,2.1616037556544567,3.4306316337734457
23.535833,0.47680097265802834,1.4214479132741689
23.308392,1.7559405170243956,10.023594453632832
16.285534,6.675209226773845,8.859601673185825
23.47393,3.480675422650658,14.615304700732231
4.517872,12.648605798640185,4.323588904738426
1.2229519,3.6073110882420507,2.807395995855331
14.098002,8.64054893059863,13.466833215355873
16.565584,8.141258257043859,8.967446499466897
0.051712036,16.09109919174678,15.373916196227073
16.172672,11.543907446223828,3.6649512752890585
19.097538,3.1779828351772283,4.098247263580561
9.801861,2.8492712214982343,6.617539270818233
3.250679,12.716345036936303,12.819221638441086
2.8651943,11.304779211702861,12.009056844115257
2.6834545,2.8215038456995454,11.60615163207054
17.331888,7.802061251170105,6.2652482089400285
23.312696,16.022242122631933,15.033841520547867
20.578953,3.0594631041410483,10.866838896274567
1.8752785,19.187631311375235,11.529173491895198
19.773895,5.578981757022233,1.1340410301089285
5.1555595,9.133861746078152,13.558443440794944
3.0868301,11.016710281761156,11.248013997077942
14.904728,9.903457168452443,5.90890240997076
0.99905586,3.5341954601369796,15.38659768462181
14.951182,11.71567532654024,5.5112564304471015
23.176613,0.31102266268157913,1.610144681632519
19.977001,28.321101238164637,14.165117080211639
18.223764,3.326826795886995,5.843445984125137
2.7093258,2.626633037363903,5.13166446596384
18.016209,2.5038471778389066,5.111783210486173
23.70288,0.45628860324052056,1.0792307115346191
0.21495056,1.4659409557802912,2.6634703449904915
18.449478,2.5122779626192315,14.47917137503624
15.084236,4.926627229584588,12.470592510998248
22.186731,3.5079800361301747,10.750035635232926
3.7901878,10.521206812473636,11.563945843875407
14.475882,9.567658662864318,16.636695490479468
15.444598,12.088088110548755,4.650276985168457
23.113098,1.7347940998094984,10.114667277336121
17.046864,3.0373196612132918,2.6509056911617517
16.075127,7.383211025382495,6.687197268903255
0.96092796,1.5091974692129426,2.2451112926006314
14.472158,21.045405576109058,13.555494812130927
5.5471973,0.8326597747039826,4.315745522677898
20.359406,2.6453176285983577,7.683300827741622
17.422924,2.24347361116877,5.499848382920026
15.313482,2.45503434557002,14.089585676193238
4.3223763,1.0782961925088117,1.2340163402818143
14.2077675,6.47087409022885,11.415893529057502
13.591478,1.2405138205778266,5.660246030539274
13.556382,10.243302287070287,12.687100564539433
17.036823,9.186144477416658,19.41513401865959
1.2604008,1.1244412879775174,4.026733701527118
22.150543,9.071661744101181,8.103654825687409
1.2836876,2.2189684846810995,12.188963441848754
1.1283226,1.3230811951581076,3.996215096712112
18.661373,14.202220425241524,2.5353581687808036
23.930325,4.2269027799740435,4.957557483911514
17.781635,27.541595091745258,2.010320399701595
0.54226875,3.566693567973044,7.485253008306025
14.745504,10.550597743429245,22.307932530641555
16.822065,7.854790787506435,4.780473922342061
23.003822,7.6728650492450425,14.368028348088265
15.373087,8.03277056661124,7.109614412486552
0.70274925,3.7236943794466137,8.324174385666847
23.352098,1.0668561228770865,6.354664106070995
1.9922943,1.3717456038803277,8.29703969746828
15.428681,1.1300399550896447,5.350268833488226
20.074587,1.7201667598189991,8.657664585709572
21.109623,2.343130356301036,3.4424827954918142
5.5642643,9.460916457890223,11.68064475506544
2.560917,2.141131739847672,12.929366633594036
6.0,13.461391552479732,12.826493332386017
15.54957,5.779217089466337,11.989781935811042
16.573345,6.20029479364968,13.86478031873703
1.3199139,2.002630169183637,9.835523970723152
7.8369617,9.373724017381255,7.0321279394626615
2.0236702,1.5854567919146372,8.311946073770523
15.651549,0.7228306975179455,8.672260148525238
15.556883,10.935211740839813,3.8513953912258145
23.298222,4.5515728951493895,1.8686153509467838
21.402308,2.762726484571273,4.70246085524559
16.97728,12.112760584329566,4.471042325943708
22.653603,3.906846785641586,17.641182069182392
23.500101,0.6705403966808484,1.8774968276917932
15.357779,10.843174002909413,18.826302713155744
14.503815,4.717873960835859,6.515603627562522
4.6319504,28.510245413945782,10.720512080788613
1.3367424,3.2457421224155567,7.916803745329379
0.7080059,1.3620930611114535,1.786848204769194
23.912262,2.3412291846688214,13.046675991415977
13.993882,3.4944977362371152,9.880242354273797
17.549053,18.159262964410914,0.7940776919946074
20.537262,0.759125829511322,5.864031228423118
15.734871,9.249494224855056,7.950771858096122
17.489378,12.375265885467332,12.107076386511325
14.69623,7.963975690133456,10.130545597970485
16.077957,9.580263310083085,4.348192363679408
1.1104641,9.584370479101523,14.904552054405212
14.082457,11.019969666937573,4.41290716022253
18.313725,14.78611927157061,2.6788781595975157
0.69999313,0.33113057537715773,0.805734874792397
20.285141,1.658549813814461,3.0757049927860494
14.763281,6.395497023274915,6.2344955623149865
0.3041458,0.6852007765097854,2.358703186959028
9.401751,2.9450507467043483,5.479188975691795
20.496668,1.8681964879777904,3.6283930501341817
22.826834,0.0955555555555555,1.5123777217790484
0.3809929,1.369133103961746,3.575159346014261
14.35154,8.80415320897682,7.9604570150375356
1.1337261,1.6230024255330986,5.39962109580636
20.517778,1.5223710563121777,3.9108956766128538
1.1230888,3.4343478408916335,7.677264934182166
16.983232,8.669880942213867,12.58330898463726
16.122606,6.974445826688574,17.761251480579375
14.332808,9.6957124842455,3.399506495445966
15.123064,3.7527248386045295,13.35290255665779
15.358616,9.07073785611118,8.234376866221428
6.0,0.21214700797132935,2.6635709680616855
1.4225483,2.76412029521695,5.337398024648428
16.920006,27.34309910732839,1.3446045893803238
2.3197575,0.2138736719739002,2.115667165070772
14.732416,14.364055486760206,3.9848390994966025
17.16631,3.2544462274692743,2.374973751232028
15.124192,3.214816629056715,15.859842150211334
15.528647,3.360869490597397,5.951528206318616
19.379059,0.0955555555555555,2.315515764802694
1.5428467,3.029509984479389,14.33855547785759
20.005833,4.826548638341741,5.309227291494607
16.803127,1.49071561779206,12.791190286874771
14.619091,11.62944114363649,6.318915337622165
10.333677,14.0659890904112,34.86248976588249
14.554842,1.353230712621007,4.348990640044212
16.477676,6.771341040535933,9.599147705435753
23.951763,3.1590378122750873,14.570394015312194
16.131851,7.459742338580804,16.530740141868588
14.39822,10.610523622532686,5.4323668245971195
22.703608,2.196094278267895,2.733822083249688
15.197777,8.5050238095286,13.368043720126153
15.111595,1.0483048161921196,7.698832557797432
15.406642,10.259704776770539,6.128083310425281
15.9568815,11.28992908295658,2.7052065588533876
14.6048565,10.318886799201785,6.726736918389797
22.91967,1.454922323097061,4.243258898258209
15.5120945,12.619030744745913,2.5996056270599364
15.329969,2.578951947424664,7.790338433384894
14.7969475,2.670481710625398,14.179819974303244
17.409498,0.12855959231085656,3.1478716731071468
8.837556,6.2392167462346455,12.862019984722137
18.835213,1.3350057126995591,4.63213390007615
21.136944,1.2972499743499792,2.113702965453267
1.4289455,2.767123544927583,6.785673714578151
15.607472,8.202296238696825,12.243516798913479
20.82816,1.1499823105762093,1.298589099906385
15.7403345,8.975248426823981,4.968695339858532
14.85035,10.25515080275428,4.713051619827747
0.07088089,0.5309437548391158,1.532740943133831
15.553586,10.710812523087695,5.268786133825778
7.9662523,0.3691866386978007,3.3915393842756747
16.495626,8.485436402151569,5.2471752795577045
16.682173,4.6796839992226,12.935858685076237
7.7678075,0.4941940437682852,2.3383877615630624
16.90627,3.84161775674257,5.483328683376312
15.543292,9.100776899810882,13.162797996997833
15.530939,6.5696949172195875,5.798380264639854
15.444608,38.0401966752857,12.344485715329647
2.920433,1.9727715659638245,4.433543834090233
15.937378,4.051406614730755,3.6027311855554576
21.374563,4.433727258649758,13.685194224119186
15.924634,9.548222645459077,3.3930468669533727
2.931448,2.210321253157324,4.160294058024883
1.8840733,13.631715908957025,5.992509374469518
16.751884,1.483003423925127,4.697466224133968
0.60116196,4.5883332444344544,13.013995108604432
14.394888,0.34890754281452646,2.33118724912405
23.900911,0.49608554894622,3.844502338171005
10.446154,0.1570171989758576,3.323509616553783
15.729781,5.847736190698213,7.29173695385456
0.60619926,4.418642680028246,14.40571057021618
0.2697277,5.763558865600369,34.17139858722687
16.513666,2.442063293703314,3.3484114042669533
21.533035,2.5776289218198505,6.539678256362676
21.53973,2.433152357215165,3.1507494929432864
2.6911144,1.348451801748015,7.342065632641315
20.122787,0.44523693071885234,3.1757030829042194
16.392845,10.512187243451676,14.268736482858657
20.924519,0.0955555555555555,2.29057205080986
6.8679657,4.3097810154491,13.43769277393818
22.83877,2.4350040202349836,9.212702191770077
16.42221,3.061621638725305,3.4817442408204076
15.218654,6.696123955957591,10.132117553949357
16.580269,2.3904880036113574,13.080179747343063
12.984251,1.2255720395243004,2.876949085071683
15.467031,9.16189671388103,21.048467089533805
0.25488663,0.7051315731674225,4.463171738386154
13.748167,3.8690258882298236,3.96753006786108
14.817694,9.173132304760317,8.978070059716702
1.4744358,4.484356565999074,11.6640978500247
17.0414,2.7642039688635203,5.731723070144652
15.329229,12.319282692223789,0.791638793721795
15.874498,7.905924591707686,11.396090908646583
15.199035,10.595078572113481,14.587331486940384
19.018808,0.5076898715828104,4.140796660929918
16.400738,2.6624060785356494,5.0599299058318135
15.9704075,10.379865043190206,13.562686007618904
2.187563,0.3503461567086115,1.036527537908405
14.742501,7.97959913522212,26.24913400173187
12.4721365,8.93813906227963,6.961749182045459
16.412792,1.5656659286903838,11.621382238268852
14.869947,2.74412638530756,9.94295437902212
6.0,1.126644012067053,1.0401335240527987
1.8930969,14.0969462938317,8.303833618164063
18.491163,4.735814490817073,6.545850550085306
21.22668,0.6367826833632878,4.265582685619592
3.3522415,10.316889269898336,13.247665731310844
3.050373,0.49054963706902016,0.9954873002879321
15.847151,2.2397328467982716,1.5315433422476055
0.99045753,2.8457825009726605,13.42109816610813
10.165076,0.7502719711341584,4.09855882242322
18.874939,3.275687877159669,8.176136232614517
16.61647,9.189690276053218,10.945992730855941
16.308023,11.115995098557324,5.831995451301336
17.256502,37.545267669566805,14.753987144231797
15.948022,7.325713114096886,7.882914640307426
23.124897,0.2653128773133438,1.3189884710311888
8.274399,8.594399538928023,6.433498182892799
16.00402,2.1167211298018485,13.806559064388274
14.862274,9.53374485421098,3.020323731452226
16.593925,9.738864354474678,12.584465777277947
20.075874,4.690172460133002,14.371461458206177
3.7673855,68.70379520282148,17.154793994426726
2.7663097,1.2862579372023335,7.769881390333175
14.777876,7.751061652133034,8.781756683886051
22.651567,3.712393322633579,3.6133942496776577
4.876343,8.304071215947884,22.203734731674192
3.1122742,0.5677431279581246,2.5930146295577283
15.936912,1.0844430345255467,3.6547875997424124
14.986438,8.97051933143495,9.4353646504879
2.9212685,2.425970948864188,3.99916148930788
13.663763,11.41237983873321,13.631874431371688
20.058699,10.506228206832377,0.505
19.545143,4.346542592220422,6.924607343077659
16.560974,8.097122761160136,14.324213336110114
14.580054,7.689775718256003,22.7863154810667
16.993542,1.5076258776409346,3.312101755365729
13.765562,9.905579901354182,1.5146224547922609
15.255633,9.137373993423665,6.816123746633529
20.883224,3.322766885089481,2.2101598688215014
22.918297,0.18451450861836843,3.2978436525166033
14.720726,5.735925694965861,11.344908797144889
17.703617,7.539351368989381,17.20402923583984
17.061596,6.8991325890200415,5.833985924720763
23.191216,2.969544416653613,12.439896511435508
21.071472,1.6467287119902254,6.4857461535930625
12.19821,4.1901203359363395,13.691033343672752
14.289115,8.766548758308508,13.772378525137901
22.89102,3.690224511656496,5.046956983208656
18.225842,7.072258478299611,20.94127594053745
20.625465,0.766724071737327,0.8954448148980736
23.712107,33.30438775474826,16.42551077008247
1.7268543,0.5961782051357699,4.6884768570959565
23.54192,2.4201338425464924,3.435699309781193
14.920597,10.408912277993643,11.860473835766316
22.500145,1.45583915304108,8.555399495065213
15.749747,8.336472761531672,6.052040219455957
23.654476,0.0955555555555555,0.915937541872263
17.772455,5.8815027010006204,11.594939240515233
1.7873936,27.82201841894951,11.581398356556893
16.551517,6.553623439646843,8.925584320425987
1.5755634,0.9352235653114298,1.7093645268306137
15.93606,6.952739778030663,14.885052048563956
6.0,6.587187414716722,4.6842152836918824
15.159546,4.170809522129388,3.259385328367352
17.841427,4.537364332553827,12.042468175888061
15.489811,9.018338104416099,10.627347042560578
2.3658142,2.183622608727051,9.118773163557053
2.0908775,1.2935992256383826,9.198801300823689
6.199647,2.062480967044313,3.6340849618613715
18.210386,4.217952359344603,11.379394187033176
22.385536,1.3633442787701884,3.8555645404756067
19.272121,5.645710364966136,34.70607231974602
0.80841255,2.7330976258627033,6.11708259999752
15.136336,8.731139053069056,8.917410000264645
20.674305,5.940097166676488,3.738212697356939
15.278078,1.248275420766634,12.430040667951108
22.17556,2.226289417303374,9.650405843257904
20.096773,4.336255848218376,10.922321712374687
21.430672,4.615141135141667,1.9908898051455615
13.997173,11.588325263946835,13.741064625382423
15.633352,2.071954296819555,1.6338678750395772
15.059568,0.9501881571512462,3.1889057615399357
17.193876,12.408385101349818,1.2592491126805543
22.249165,1.002526023080831,2.8034264156967397
14.965808,4.1885769765482594,3.7433720521628855
3.8305187,1.155221733376901,1.9386566483974454
1.0668488,2.0627544918987484,2.830667317137122
15.829188,2.9863311095525407,5.051903911530971
0.094675064,0.45161983368653125,0.6095970303192735
14.791337,4.924150980640617,5.419852295964956
14.993153,8.566236912554338,4.294009075909853
14.28758,7.942359657134447,16.104016330838203
14.208846,10.284151393079924,14.988128831982612
17.364096,6.425838028594024,5.671635816842317
2.6047268,1.7737520586580247,9.473380046784877
18.266407,1.0821017067794068,2.760891180112958
2.2117348,11.597181168134428,13.924979748129845
18.187809,2.508794356619732,14.070974134802817
14.710497,6.783595854171241,9.506935977637768
2.5643272,1.9284063255688588,10.710194116532803
15.567784,1.8685379337384882,1.6729230430722235
15.995571,10.950066779531126,4.963571389466524
21.252798,1.001428650366401,2.3356031112372873
15.665724,4.906869201617729,5.030197279006242
1.141016,0.8212463517531028,3.126785549521446
15.732922,19.683434287309648,2.1866013991087674
12.975828,2.4525509362895455,14.435122321248054
2.9300613,2.3024647594869343,3.158791885077953
21.351536,1.5948516648599051,5.05823720216751
1.6044292,0.8435299326952856,2.144217470809817
23.139954,1.5813893116185338,8.105673995316028
21.279434,2.1243376820311983,12.152360495328903
16.861345,4.917130986732534,11.294993790984154
2.699871,10.973118153127531,9.583740449845791
14.214065,1.489964396202316,6.243152873218059
16.103466,1.1290231873061405,2.352614000439644
0.6301651,17.25000988389883,9.847766444385051
20.36942,0.9981211886448889,6.674026081562042
0.8865795,0.28298498417988105,2.836221151649952
17.03648,3.2302843879716883,4.846537068039178
16.387478,10.994245646595955,5.2200629520416255
23.771065,5.044742503898839,21.68264287769794
16.992556,10.06698943430351,5.465357402861118
22.882755,0.4271224045606019,1.1076668846234679
15.781342,2.5122783717813175,9.203799658715726
2.0229053,27.097456194075445,6.569976235777139
16.319595,2.081831469573598,1.9803693835437297
22.459778,3.4078220674426603,9.196294668316842
3.977501,10.172107265796512,13.945737915039063
14.084178,1.8709184387543547,8.960434934794902
15.026057,9.333234155683055,8.079473983645439
18.191044,5.927950371831862,7.683338840901851
3.5968513,41.44370837814278,5.829568944573402
15.931341,7.089688783159686,7.984903949201106
15.863039,9.241905086485463,36.28803694009781
4.665283,10.59205322765021,13.605467956066132
1.8779907,0.3930768457155985,1.7191795620694754
15.909627,1.9897055572136821,3.7281574711203573
14.39514,3.85133085550016,3.471355467736721
23.166307,2.248014082836194,6.668683369159698
16.40402,10.084725792403852,8.808634969592095
0.13516426,1.9233734273310334,4.79900086581707
15.132793,10.662208977225754,4.382092649042606
1.5217247,2.743349795668489,10.875134709477425
22.64984,3.7532457019399024,11.954457274973393
18.614937,0.9776775073125544,4.123378434628248
16.24282,6.756107526915148,5.721232183277606
15.66499,4.067957221106108,10.892213798761368
1.1919956,0.38789872050990293,1.6328042519092558
16.790066,5.974914405215531,15.25969633936882
15.100424,10.286845316253602,19.631396104693412
16.09052,4.399612551412234,8.094573407173156
21.331978,3.0497594161114345,4.372080280780792
23.958658,0.33566291494812395,1.0104213945195077
17.076313,8.634616898677002,2.0028167136758563
15.04326,2.872109421647878,9.126234923303127
0.6967335,2.012607586648729,6.3903696438670154
8.921177,0.7545325759348148,10.549801686406136
16.463383,8.001752807202024,4.12160001501441
1.7674637,11.6989790584623,17.54619239926338
20.010601,4.247090837293201,28.479626986980435
1.2749348,15.943378585543899,14.504769884347915
17.381405,3.4648498514915502,13.986571502685546
17.049839,9.477876226351494,8.102696297764778
23.456985,0.6882872907049022,5.287396184504032
19.634804,42.26728619116048,21.259381991028782
3.3638382,2.089433291967855,14.563389158844947
3.6513786,0.3393022071213151,2.5450774257630107
18.309868,1.3751402171261402,1.6389759866148235
14.710484,7.707353321467009,4.72181141719222
0.22171783,0.6525788459974703,1.3550045428052544
0.039253235,3.3450316445757116,12.51180101275444
15.086158,6.555182347194188,7.098102387785911
1.5362568,1.323412002704572,8.470396851301192
22.127092,2.802395567125123,2.0112714740633963
23.759895,2.4932736112146325,7.8469884771108624
23.109943,1.199326439813659,1.4339467894285916
18.34887,7.582450866471562,14.911269203424453
14.788591,4.163395095970482,14.741122298240661
15.572333,2.4255018445326844,9.457883348464966
16.13013,8.052675483766944,3.8154919613897795
1.3112564,3.0105424576625226,8.194016579687595
21.834324,3.7805126725075144,7.161591818928718
22.298225,1.0882886466805615,6.251293279677629
17.029459,6.61272403882299,6.561761293709277
20.143003,0.31868048913634583,3.2705449859797953
18.060253,2.908965514861047,7.254229145050048
22.238636,0.26355715001635766,1.3541522281244398
15.29637,6.84788953854185,10.368615312278271
0.10820389,2.2046314451905586,7.682644914388656
16.462923,4.137130163351281,6.758814808130263
16.377357,0.5999906751618255,8.069791062772273
3.514719,1.5593307698236054,0.505
3.0631256,11.094779226078343,7.526992948949336
3.18075,0.5734694536410583,2.4994472853839396
3.3739548,2.753143703938048,8.10166174352169
14.160826,1.1025891684549345,6.297334297597407
15.06416,10.692752108615306,20.413015251755713
22.660507,0.34132234263001004,1.1123327671177685
2.682579,1.8972420861328847,2.9598712536692617
16.617287,6.936327059278264,4.057149447202682
15.598826,9.841468294111806,11.412479798197745
14.377918,3.8113553105439575,10.03588239401579
15.750525,7.572722628716793,3.974189079105854
15.077488,10.78526856618623,4.25694848075509
16.392769,9.579626653877398,2.9330939637124533
13.03733,11.336846062700369,11.18016274213791
15.584967,9.038091631600013,19.45008823752403
17.60751,6.748813803571586,14.286614593863487
15.774391,2.9312951265378957,3.1925902429968116
15.478081,10.357689276457661,3.0360425458848472
15.754806,7.587792886665298,6.461263442337512
14.123699,10.363631946593523,4.554313134849071
13.7937155,2.5348444791438265,3.4482702991366385
15.318228,7.330267088113145,13.62843983054161
15.787518,7.299924446145694,14.091584721207619
14.277854,13.26233256103264,7.321981267631053
16.402168,6.582412902336154,2.591952310800552
15.494862,9.170475206174372,8.873993753790856
15.20339,2.4251147771994064,3.3160579191148276
16.229057,5.108656076691631,4.562835536301136
22.847881,2.2981323467401995,6.644160781353712
15.385333,9.347607201437157,5.169508430361748
15.679384,9.722149264940786,24.030520501732823
2.4979897,12.416666541968784,12.629759575724602
18.781212,0.0955555555555555,0.8837455194815993
1.5603428,13.227435126724757,7.683814378082752
13.406528,10.186133342101757,9.743492619097234
18.703756,2.1769186925303394,8.352961528301238
6.0,6.5464164586654965,14.1994988656044
16.706013,7.001240215046952,5.096368128657341
14.852362,2.0717045033661026,2.3127851527929306
15.933336,7.752100923831264,3.3976252166926857
18.042238,2.6219579513702125,4.35699241027236
0.8776741,1.1263749879955625,3.1366667351126667
16.69533,4.042058079391718,1.7847476981580255
18.699547,4.445747622409836,13.021928678750992
23.668703,1.3600145177149936,7.917673575878142
16.954422,9.376323833275173,5.0728268021345135
16.357506,6.969730642810464,5.636878371983766
16.146759,11.354010412204598,8.451452881097794
20.188723,4.218486315866725,3.638665920346975
4.5745544,9.590009550969635,11.752664786577224
13.928987,3.1679982573756327,12.397385872602463
16.084412,11.71908855666096,9.436349265873432
15.358574,10.035700809593417,34.43230303049088
18.82106,6.988139663380053,2.191919328421354
1.024498,3.106532292180798,10.793670271039009
15.353237,1.5357456442861195,4.696346699297428
5.092819,7.904590723307596,14.754595354795455
22.424742,0.871185453808737,2.1455563166737557
17.931602,5.720512559189357,0.8957611253857612
21.949898,0.3466638513711384,3.944555211961269
14.7946205,4.083126905441492,3.123898226395249
16.275373,4.116159788123849,10.854515178799629
22.177755,23.392380577358935,15.336708020567894
15.347773,9.91469194100756,5.568387228846549
16.856136,3.867856502988272,13.274361404776572
12.983553,7.384896773176474,8.2442863753438
21.07233,6.809127568332478,3.748209785819053
0.58151245,4.158905769563797,11.137097558379173
15.4265175,11.91412384815514,4.209523336589336
1.7757072,0.31011611293496866,4.504258374422788
6.0,19.919792494508958,12.584788516461849
15.023624,4.517921768555211,9.734825618565083
13.957024,7.630373566622535,8.58704805970192
20.966576,6.903085094770002,13.88514046549797
16.158628,12.539617293814405,5.349567826092243
3.1034927,11.105893704980199,34.74341167807579
16.044836,7.729181300426522,7.796578554511069
0.93873405,1.332310152877536,4.4167528249323365
19.747301,6.814569014913092,4.876672559827566
14.804501,9.358114483803512,8.305536756813526
15.916583,9.118470705054287,5.116455475091934
16.212471,4.055560428226988,4.761662252843379
19.921547,3.3929216117598116,4.28147442266345
16.952335,5.669971221688514,8.375876755714415
15.854318,13.63255223626064,3.6567456501722333
16.462467,11.207046755860663,0.505
15.781985,3.2494757264495515,13.373401339650155
1.8698997,12.614003779358335,15.027804136276245
20.613317,6.126240138557429,6.61008049249649
0.5540581,4.782515432979498,19.14445795714855
11.293745,2.4137652346791905,7.141116141974925
20.757309,0.5120570375342179,3.2543375906348224
15.667975,2.004103152692939,2.2794511517137286
15.449825,8.86446206379268,6.796922628581523
17.39286,4.208762578894901,14.683363164663314
0.18946266,0.8969155092911225,4.215294628739357
3.887701,9.736217894102964,13.889558936357497
14.679357,1.974801009909974,13.378517463803291
13.902909,9.397666546000789,13.146792220473289
15.352491,3.267285938306401,9.315751397013665
15.14409,8.990203301064257,30.3784305524826
0.81591415,3.048993873848683,3.396608923673629
17.87896,5.053530896342256,15.79947427034378
0.26910782,0.6381808925013885,2.834907834231853
2.0452728,1.7750075725186614,10.851092503666878
16.058483,2.9697297670785336,3.000127190351486
23.1386,4.848810329112328,16.652605861425396
0.9151859,1.884547627836259,11.245047479867935
0.8550377,2.5159831298882556,3.0034246456623075
0.8885479,0.8996272821607999,4.161893964856863
21.99387,0.62086653394741,4.8639429959654805
23.160818,2.0755234176950115,4.727607678771019
1.8573685,13.769438230428431,13.875012567043305
21.468172,4.5902362572960556,3.5184653262794012
15.22112,10.565907770360097,19.96294539749622
3.6367989,2.191773526640609,12.806036289334298
15.055625,3.2399706866126508,9.904732519090176
15.441045,7.877005833799227,11.388096219301223
14.68337,8.709163775758611,13.748837198615075
12.442925,1.1536471753797701,3.072905248999595
15.6602745,7.70343273035975,17.375635548233983
4.0951843,13.623314993008972,12.125817619860172
15.255823,6.008299167291779,7.2763632392883295
16.202686,10.258589400924329,3.4319760698080057
14.791786,1.65304975476504,6.780749146938323
15.823336,0.9863093952581079,2.072662541493773
21.806767,0.3169658442700488,1.0295888317935167
22.340668,2.4060251154998937,6.9052340477705
6.0,8.563699289297478,14.350411111712456
13.552871,9.675080076901036,24.082258648872372
16.824472,1.5934672649422037,11.338503952324391
2.5639935,15.132198383729492,14.6466320168972
14.415443,9.028180089230753,2.425466222018003
15.373971,9.376891750250426,4.443960185348987
21.483624,3.740651692935369,3.563819498568773
15.877253,7.719556989841577,31.182794985771174
6.23868,9.965672718588678,14.305616701841354
2.705761,52.48762482331031,21.010139389038084
16.16774,7.0055053206305535,4.107370049357414
14.722237,10.433151858287554,5.158828968405723
17.632225,2.7592230342106063,12.019555184543133
18.844591,3.2368201385510877,13.464923613071441
19.956223,4.1715406947769225,6.182647475153207
22.128712,1.829263897178591,10.30355317980051
3.2230759,9.220732585187589,11.348115319013596
14.969829,3.942496669025471,5.972556937485932
3.1206055,1.3560005353616238,8.00959685087204
13.288082,5.0958030680867115,14.194546719789505
15.80916,4.588192083514813,3.855869018435478
15.873653,7.505539850857523,12.24422488719225
23.884108,2.971304222785143,9.155212877094746
16.176006,1.498589123811366,8.903183388710023
21.884657,3.8322491724613226,14.30850122988224
0.23997498,6.203906876544157,13.911622967123986
21.568892,93.95414987400173,7.095497368276119
17.071995,8.555997222192172,5.93199726819992
17.332273,1.5758092613813157,11.127600976526738
16.888193,9.265873801478495,5.018398664891719
23.844194,1.6341720390260321,9.526286166906356
1.7961578,1.2105313435365033,2.1860179716348647
16.83046,9.641281651955927,11.531160611212254
3.53763,7.198133102411197,9.686333497166634
12.374739,11.339498251341285,25.744179106950757
14.521958,8.409229963649478,8.29705758601427
15.713673,11.192161439174994,16.453893929719925
8.054204,13.910000136776103,6.177071466296911
17.8637,7.117853046181715,4.6134899356961245
20.17109,3.71218178583516,3.4037608016282315
16.87709,9.046176674417739,6.254032463282346
23.739117,0.38366233299020674,1.174896093327552
22.381388,1.4243989337781549,9.47866834819317
2.3969631,2.3765251428483882,9.341062944233418
22.95142,1.2056988324302558,7.7078014275431626
16.17434,7.974845490107933,5.989383723735809
3.4241085,10.890095074274061,12.771227414906024
19.889814,0.0955555555555555,2.3965560956299305
13.975509,9.735244088338481,4.409724489748478
17.870333,32.60109377510018,50.04827024936676
6.226795,15.53704135466781,14.735669273138045
18.806942,14.699535664245486,21.10891993999481
0.6109123,2.1259207301416123,2.784094673991203
15.694335,1.2218938769529468,9.330076395571233
14.476198,2.3005359694139202,4.291053366363048
3.6967354,1.3894040166033017,2.22501667894423
3.731247,12.752226915222904,13.374789192676545
14.689906,10.09465942952575,13.458181121945382
13.93538,8.889435680868726,14.414520679116249
16.884474,0.5856790548658722,1.9831878544017671
15.756577,11.050186286982564,2.576177967339754
14.637068,2.9971006648159686,8.518326974213123
2.2756653,3.3608220277954306,7.933311146497726
21.810719,1.1434744853091736,2.989776803106069
16.853325,5.828483068745376,9.8913764834404
17.033508,10.668853769501052,5.247015027999877
0.06658554,1.5016287889476452,2.3122928451001643
17.65269,7.012165661065115,6.676719053089618
0.1053009,2.2679194091539827,8.365804013609885
21.575848,0.3066724513841068,0.505
17.995712,4.2839326098333625,11.482219040095806
17.504559,2.8562421159560065,23.934356150627135
15.322793,10.51013734140123,14.495743622183799
17.189869,10.4096021252705,3.703921472728252
13.06736,0.32460704851507516,3.5835954724997277
23.053738,0.857111505539441,5.437771774232387
15.041129,7.152572085820139,25.056424142122264
15.280744,4.324816494620301,13.292685238718986
13.837681,0.9769882737788268,7.296428225040435
19.054197,2.216607619445357,6.9041413557529445
10.562241,16.169168954388137,36.2502801823616
16.004257,9.088334280778136,1.2602469581365585
15.030365,0.6142340165346912,3.291357377544045
2.1795921,0.3527324922842025,1.6713710253685714
18.808805,6.589834284250521,4.288491950184107
21.364521,3.1960389534477143,3.3391652620583767
23.469208,0.9948473805049434,6.153067273646593
22.414503,1.280365184840953,6.546144220381975
15.2334585,3.1509519511331905,9.698344165086747
0.72299767,1.1559013516016097,2.940267084315419
6.0,0.612725691650218,3.1740448519587514
20.658281,20.07115955322153,0.505
0.70975304,0.5996771035682306,4.514884916096925
17.408255,5.203346821587119,7.7329512324929235
13.261063,9.514523237738759,14.578771817684173
16.307913,10.78484058264436,15.764531977176667
20.92944,0.24432783618239526,1.1402826885320245
15.728083,3.4092169009935525,7.9176564326882355
23.558205,0.34802605424567845,1.1919421074353158
15.536251,9.162771502420721,8.948194697201252
15.05097,3.886966418211038,9.213499722778797
20.204708,2.7941967772475134,14.87768196761608
14.069689,6.037062852769676,13.297510673999787
1.4037819,12.004807259581156,5.0546509213745585
2.1352196,14.897763238333994,10.909882464706898
22.632921,1.6034420228537378,6.136552418917417
15.448235,10.410432724304911,14.184268259406089
19.753288,6.11483229043997,8.637522082924843
22.519907,1.922328222782558,4.448393936008214
17.65997,9.835835768837068,25.994997391700743
4.9540863,10.042635288625542,12.642559575736522
21.019531,2.191683101819621,4.539894221425056
15.164112,3.2974401611332884,1.0511734588444233
17.498817,5.890893789196594,1.5132297569513322
14.80916,10.332555267843937,22.025186172723767
22.18747,0.7271016336612713,1.6103526359796523
16.324488,16.59334237891353,17.521424216628073
23.161764,1.8512903197497748,10.432251578569412
16.14297,5.239702918731297,12.392778081297875
3.4798622,2.206562894817131,5.351232578903436
15.324305,9.681880350768981,12.735350445210933
15.048307,12.314222175545163,2.9782614243030543
14.597474,4.540275929957214,14.056752740740777
15.273298,11.058830245209652,1.6995844301581382
15.843039,8.111864052791564,11.213182761967182
22.679922,0.43589831756039826,3.456008585989475
23.813162,1.7130428387410936,0.505
2.724247,2.2098750619026313,3.8267159059643743
15.992783,1.2969232584243744,12.046726395189761
15.251818,9.565044117135306,13.496686217188834
15.401197,8.170294035308892,4.429215551316738
0.651207,0.2597580416896703,0.5901957841590046
1.6610813,2.7285765893943608,6.9945739185810085
0.689888,3.824092117116476,13.08816847383976
23.800022,0.30756168845995685,1.877076074182987
14.210293,9.778057172360521,7.807310191392898
15.865555,4.322485498216831,4.669008901566267
16.129044,5.862092051644706,6.18259194612503
14.838425,10.20497280118573,25.951996308565136
18.586678,1.8692445566608673,3.667633066475391
23.15624,2.400747742915733,8.144994510114193
14.19521,10.520211730280685,13.806457695960999
2.1702557,2.249363499395549,4.349801214784383
15.249863,3.293257910872085,5.8176887139678
19.944254,0.0955555555555555,3.213445865213871
20.740295,24.373955511529413,25.652962429523466
15.472546,3.6277491435957034,12.235631676912307
18.710417,2.3850314180335648,9.512766152918338
15.363836,8.952004747047193,5.030140259265899
21.778845,3.361412857847495,10.691203934252263
15.403284,10.96961163405122,1.0642540854215623
22.079123,1.8715250215467272,3.9882368052005766
13.658892,1.522510682873997,4.992469217479228
3.512947,0.2091811070873518,3.813351671397686
3.01441,3.16431252530569,13.208440622091294
3.6776428,2.1007582847629154,2.942031342163682
14.773876,0.82025321308006,6.599215064197778
19.881361,3.9049724141259987,11.34073256701231
0.73688316,2.7400265812066693,13.721136785149573
21.832394,2.9882312582795403,1.5911317659914492
19.894566,1.1074659713569823,2.1643458118289707
23.07218,2.1074333550325695,12.450721317827702
20.69666,3.867469435654994,12.364380014538765
0.6944065,1.1759700358822012,3.249265069812536
16.758524,9.470524401991732,3.5393707010149953
16.121006,5.404798592912654,10.449856889247894
2.9241104,0.354358042106291,4.555314520746469
16.832026,2.9537276424793526,8.54685995042324
19.764544,3.0369810795871954,13.547419624328613
15.318936,5.81128844124679,13.767086496949196
16.765282,9.200889860668944,12.063454421758651
14.208225,1.5189281619402268,8.82940282613039
17.02475,8.266272004126675,7.503263047337532
22.489923,0.23176003912399104,0.9699259190261363
19.22568,5.410665568062622,14.351265289783477
18.930557,3.367030448706096,14.53320521891117
1.1709404,1.6045479879719724,3.270462624132633
6.0,18.033407980079453,7.238246474564074
0.1621151,0.8590685277963833,1.331125476807356
2.746706,2.470364830605168,10.203425770401955
22.437302,3.1949149851976997,0.988999208509922
15.765354,7.645330077511154,4.317768046408892
13.644537,10.954197679950546,18.948442723751064
15.986125,9.787593922259079,12.59125746190548
19.371525,1.5631035511273268,9.818827994465828
14.315727,7.143825018747399,16.326734691262242
0.90011024,1.7122425177010396,8.136431859433651
0.48330498,4.15464230062854,18.415654742121696
21.983109,1.0836781060059244,2.3152306661009785
15.795886,7.0189675715814035,14.2007510638237
15.076687,5.051996538520066,10.93570979833603
1.1297188,2.4520662837987763,12.730835078060627
15.49359,12.027721154716694,10.668098641037941
0.25316238,2.8653406532605485,6.844896727502346
5.528305,10.450313752819268,11.1855688098073
2.616562,1.2762815426424559,3.1587216352671383
17.045347,4.401308528258362,5.00039533406496
14.947685,9.219688403544327,5.089039042294025
21.394121,0.2387252692441365,1.368101194538176
15.131698,3.158990554054164,7.235313498377799
1.6220341,7.346231774381465,2.2793149378895756
3.9401093,9.804654344593486,12.884766016304493
16.586882,2.096038190939774,12.75961253106594
15.003723,6.935398261343233,6.5465687006711955
0.3079357,2.23357311617583,8.046923538148404
14.731157,7.030124603340195,6.10946617886424
14.485298,9.37672808541606,8.204295785427092
3.4022636,2.6547952545755025,5.822033394575119
7.7849083,1.242826404687431,4.885180426836014
13.78336,10.061892911361324,12.333045244812965
15.426062,43.966071525845265,26.705029559135433
8.232672,14.78361683625314,15.632381834387779
19.117842,3.8740909056913932,2.588192921057343
9.6984625,5.759079768245833,14.023554580807685
23.899097,0.2806797777741384,2.031693578548729
4.490677,9.778686463648661,12.798414278030394
0.8148937,1.1608161042871266,7.111015681922435
15.268871,9.954884751031383,3.295072791278362
19.863771,1.0593116854653797,7.88851300984621
9.420998,10.58941740549273,14.054354184865952
19.412037,2.5519159488545524,13.119858033061027
21.665657,0.6603299614078261,4.880112750828266
22.681286,1.5430726120491616,2.3817738211154937
22.680603,0.6074061753712077,1.5375384275615214
22.491709,3.9198078130371865,15.786624331474304
23.440336,2.029712198488414,11.424067849218845
15.477289,1.6974541724297323,4.455702897757291
2.9377823,12.067791216114744,13.361529307961463
6.107094,0.30907971815765545,4.087673269510269
20.460484,1.6978994430697316,1.7967055389657616
16.809956,6.474994761596124,4.937702688574791
16.467678,8.408780703679142,3.6432502329349514
3.8236752,1.1699806189780229,1.3460886865109205
0.34184265,4.9385804907625745,13.756430886387825
16.133272,6.74418945367655,6.313390012979507
16.28505,5.640020966161456,8.873753003776073
23.352629,0.47595088727927454,1.5365051776915788
15.40711,9.433059884756805,14.106099785566329
2.4163208,2.505575478489821,7.161008205115794
18.134346,4.502549958149385,0.505
17.746403,1.145502394897501,0.9853795730322599
6.0,5.292121491882329,23.608078016042708
16.310625,10.480730862286357,16.435689352750778
15.422552,0.8371150895122749,3.397517699077725
18.20282,3.715163759117325,5.2923923063278195
14.487221,9.272917935949648,27.95772865772247
17.97702,8.285042723980215,1.7391337692737578
18.890404,11.534247947699495,13.89620751261711
20.307928,4.472105025660453,5.7937407957017415
14.018779,5.820957759661186,12.883269341289997
22.364532,2.6187979925806735,2.333427789509296
1.4397011,11.942164544227223,14.119714459776878
16.647308,3.0689055421788036,6.2882953643798825
15.201249,9.425609861496422,11.303627995848656
23.910194,0.15674708806757628,2.3076462952792642
12.95748,11.116085114216226,8.39099034100771
15.231838,4.6532754507112415,7.806918134093284
13.227848,2.177381250268469,7.384975782334804
4.8976364,0.27019687891084077,0.8085298669338226
18.18816,7.7457139036700955,4.71217060893774
22.599293,21.466726322571436,5.448939444422721
18.114721,7.344195783841941,11.58021696716547
4.374506,8.442740338486102,20.655582444667814
19.0508,6.619752625134877,9.472458041310311
22.317417,0.8602239503817529,6.206902480125427
2.6919632,17.90630423306177,44.368433290719985
15.782529,6.387150116722203,4.9361206702888
16.484406,4.922840025317337,6.193770051300525
18.865099,6.199949460849166,3.52088288873434
15.967211,10.168027101475746,3.9011371020972727
11.169327,7.367912454990049,8.596959059536458
11.247996,7.187381959441635,14.225104828476905
14.357741,1.7528513432757205,8.549611059725285
15.607013,8.505167016258671,15.444646016359329
18.097187,0.7077437150691791,4.356467679589986
18.099236,6.7545743965792155,3.891267469525337
15.505732,1.480008255165691,1.8971052828431128
22.941082,2.5761115442242266,10.550925683379173
20.496605,4.529475687537342,9.268425757884978
14.331703,31.42085755503012,43.18662948131561
19.058811,0.0955555555555555,1.3904407275468111
16.682106,1.398697621932305,4.718851235508918
15.183059,12.543591894317005,3.9093062047660347
16.343658,0.5994014306128439,8.451864317655563
23.142403,2.5067841432916205,13.078322319984435
15.753469,7.404093021599369,6.774173615574836
2.464077,1.1922758610396542,6.759508734643458
1.2638168,0.29004558742499076,3.9201734964549537
22.608316,0.22638473615182894,3.7111454638838763
15.040317,14.721610777104894,0.505
16.038443,2.717345090135932,3.714334842562675
20.78617,1.3153995861570973,1.4985107445344328
23.667053,2.8794236030957348,7.820148204565047
6.0,5.655314626608871,14.275531148910522
15.7543745,3.720608888156712,14.686733664870262
22.151752,4.72637225736036,12.446085202991963
17.537628,6.272570411992363,15.441008678674697
17.201777,8.977211586512212,10.617307096123696
14.758334,10.70320538158632,12.732179700434207
22.903055,1.5766496803057897,9.766034423112869
1.6256046,2.3930980485574236,8.92703180193901
0.42238998,11.064506141665495,13.538789891600608
16.310204,8.056811294131395,5.907836550772189
16.338474,7.707133192264785,2.9792751085758207
3.8902626,1.2404673806810753,2.219802540466189
0.8601303,0.48331524222791705,1.391720690280199
20.795645,3.715885930198969,12.771576986908913
12.71382,2.0677835030967575,12.398101414442062
18.204687,1.822963619379637,11.416818515956402
14.370989,1.301477743893241,4.153842628449201
15.62777,4.080011136157231,2.526207059472799
15.30821,7.821471082201848,2.7915987326949834
22.8502,0.7290053625565228,1.8452280336245894
23.37891,0.17741505415456932,1.7549062493443488
1.8413925,0.8606681981165375,2.1747265723347664
14.146467,7.073394312250118,14.186985827684403
17.8535,9.974888685411878,13.863881419301032
15.067579,8.462119891523487,5.961352744847535
14.22927,12.268732353157054,7.595688692331313
0.23465347,0.5187084786934104,4.156959334909915
8.71397,0.43757902754619454,1.4957194791734216
16.25636,5.310430267740869,13.282172736525535
17.042957,1.867116095489926,4.693859446048736
16.64498,15.394888626130092,13.257356851100921
16.834162,9.584931849483402,14.039539487361907
15.187644,6.660956474673003,15.2472801977396
0.7334881,0.2656919020543702,1.9144740361347794
16.276844,3.609535293341097,3.254853563383221
3.4732323,1.7112357743886402,4.8031517538428306
16.404997,2.3782900635059923,1.1135247312486172
15.922806,4.3353683756540216,6.488397012501954
20.746449,2.8893054812137655,9.66275490283966
15.141245,5.304064933170254,5.077406269907951
1.2656555,2.8927584000568216,8.818768085539341
15.325975,12.797161095498337,16.046114088892935
14.47952,1.3883685296543669,6.54344901278615
20.590836,0.339851302640616,2.0579639331996438
11.381277,6.652792463572696,14.336711466908454
15.485364,2.7495745830625915,14.25029637336731
1.7622299,1.7614657395421007,11.353929096460343
5.3776245,0.5003376124883329,3.579685893505811
15.188377,7.782581862583756,20.063990340232845
16.47478,6.4597023286349655,4.628691473007201
2.650425,11.234346868557235,5.673530139327049
19.01565,8.664656760700876,1.350217027515173
16.251677,11.105954260968915,24.696859895586964
1.1914406,2.0805579525811804,9.45634567886591
23.962677,0.0955555555555555,1.3375647011771798
15.660421,12.19013313477652,4.863536776900291
13.969962,5.6677073278671335,5.76596323788166
15.934177,6.004018922710998,11.208887274861336
2.0041847,35.32006748832762,13.800763175487518
21.035965,6.155716584388994,14.017781052589417
14.867961,9.725726159895874,4.194517827928066
6.5213375,25.828420344822938,40.390912108421325
16.376038,8.18518262529125,17.571655253767965
23.887436,3.3314466449990867,5.181542949676513
18.146265,6.3215491594870885,10.756530668139458
14.860746,5.5465315211502215,4.316761815696955
14.180759,8.181372507947188,12.051553321182727
14.72676,11.11385681749632,5.410331117361784
21.55439,3.1369579940516914,2.4815404781699177
23.553057,4.712751251520175,14.468576883673668
15.714579,9.92988576590601,17.45709253311157
16.326195,0.7000503426581983,5.243289365619421
16.113075,4.312681974638253,8.750251972973347
15.706329,10.830358228054312,9.118326695263386
1.8757133,1.5674802556698624,8.413718484044075
16.621403,8.390320128686726,6.929713032245635
19.788698,5.343898908044729,13.438821243047714
14.713991,5.956309396006787,6.341167198121547
16.245522,0.3876238403060576,3.1166744215786455
14.930789,2.6993356163432405,2.051633064970374
22.698648,0.596242034421173,3.1760386794805524
15.66648,8.981860486132405,11.124198426008224
11.939314,7.136575484909117,12.548331659734249
1.762558,0.0955555555555555,3.364810542464256
14.702915,2.1271692882467885,4.937699334472417
3.450348,0.16876119931952815,2.3667875053733587
1.7836723,2.2213211666751236,5.828782593905925
22.477844,1.5402034652121883,3.3008530277013777
17.43566,1.7385565497705504,4.74502627775073
16.635586,7.312966896796392,15.018002703785896
0.6249714,2.05224905076178,8.60252388805151
1.7067337,4.60041089088656,12.504732055664062
15.624083,7.47986329331787,28.255158530473707
15.476923,9.802421956252722,5.458206456601619
15.660658,6.89404465848166,11.553103894293308
16.063463,8.995311280544849,3.9479894401133055
16.087357,2.5233159282110216,14.586747127771376
8.103624,16.669073371071782,13.683323380351066
22.93213,0.7391650617308914,4.70452362820506
19.066479,5.177829018936802,2.20178896099329
5.9547195,6.531009051158196,16.572447286844252
15.201068,2.6941255509222133,3.9024418479204175
6.3624396,15.151406088690791,14.67792057454586
23.081955,1.5548409319643137,4.908595788180827
14.365167,1.755175077052166,4.095219254493713
19.142847,2.3323374787987103,4.973139898180961
17.208893,3.916946542570367,8.971700991988182
23.955812,2.9228600455556686,9.979924786090852
2.9159737,1.9110161185932033,8.426786066889763
15.466698,10.286660374990769,11.171306421160699
1.407135,1.1168402839074325,5.9518375290930265
15.676689,8.30212933268812,5.263701314628124
9.213451,10.085937730502337,29.22778560876846
15.0378685,6.718766576630166,2.5420406587421893
20.35871,4.087621960117378,18.973143824338912
9.979776,4.031204236738591,21.160385286808012
15.455657,8.628968825243,30.405773195028303
15.736164,12.485861578966595,4.737900673598051
15.244231,9.163165116347374,6.083806923031807
14.999025,12.34801487222107,0.505
1.577301,2.9393519371716925,5.244913123846054
19.0523,3.9114711355366225,7.912354714870452
0.061576843,2.3678734105416677,6.736755249500274
0.6285286,0.3079745841499081,3.1423320003598927
14.720722,11.003076182734222,13.815461597442626
15.990736,1.1065156924124393,3.0728033215552566
15.216259,2.4076961334587796,6.37310347020626
1.3713379,4.193881762992176,14.491645654439926
17.079535,48.25233897253043,50.525
4.729315,17.633173810876908,0.505
3.6067543,1.1885516677336354,6.9862072965502735
23.54942,3.3837416512001717,2.1379283425211906
0.8256054,1.2459868749295775,7.546812712550163
1.7940388,1.7405696272332634,8.599887563586234
14.652155,3.966828719950798,6.433323769569396
23.002136,0.39906943362594266,2.5837291698157783
1.3949051,1.833027165463815,7.492897380292415
14.765669,8.419442649313973,2.899762757718563
22.877855,1.9584406639045726,6.263599481284618
2.8456535,0.2769260608663575,0.7301670414954424
15.095401,9.185182946514752,3.9272256830334658
1.368721,2.332482731339211,9.818849609792233
16.021843,7.536575613398519,1.0033793634176253
19.808111,3.027498748246063,5.939572694748639
22.458258,0.48594208839213626,4.219426137506962
19.858387,1.9574912032842016,3.619147094264626
15.095289,8.22802353233513,7.929757288694381
15.38321,10.631170759712242,14.616723858714103
17.786732,6.063757814741176,13.74607043683529
4.7042027,3.3975594640036837,7.386611838936805
6.0,0.2663548213514473,1.8246383171901104
3.0291214,1.8698233164313973,9.824324250221252
11.605331,1.9326264233230095,5.53425886452198
1.8654308,0.9031100698361276,5.486573218405246
19.080349,7.070970436053144,13.035209433436394
1.2289066,2.676216117259529,7.125265399515628
20.30377,5.8671149254114265,1.4874924250692128
3.7388954,2.27472397922383,9.743107270002366
15.141049,8.758425254254705,14.35246978521347
15.722898,0.7196750349303086,2.2288448277860877
1.297432,1.8357039038298857,6.396110749095678
18.755087,6.02094841317791,13.129734001159667
15.871309,8.76573779905422,5.155475611388683
16.730124,2.7674298027488917,4.410972215831279
22.405754,7.711880290785597,0.505
15.952323,9.64845999159126,4.559334971457719
0.5581379,1.4152253152308467,4.823990791887044
15.068603,2.4855150797414693,13.889696081876755
20.840454,4.640744861830026,13.057848879098891
1.7979946,1.6580263932160517,2.822882259190082
17.323053,1.8137875458598138,4.848213746547699
22.795134,1.6343759040353407,2.343508357852697
15.225508,7.6396828224013245,3.1252061399817466
23.797346,0.39254912891528665,0.8445532059296965
15.252329,8.53902763384084,8.04489840567112
20.792515,5.541091302055865,13.172867757678032
14.86479,10.365735039715139,13.978724393844605
21.045174,9.319107425504676,14.972549399137497
1.5599499,13.06766306044327,11.699777300357818
21.541468,1.1012142815557309,5.5043223828077315
15.36195,2.183998219521923,1.810898143649101
3.8517303,0.5033386629527538,3.621687081456184
16.029366,1.1422191760295797,2.466940629556775
3.1203384,2.3120135796670285,8.867508410513402
2.3102627,2.180008275441101,11.122086832225323
2.2438946,6.802797830863338,14.703914122581482
5.3999386,9.727455278870961,12.120688824653625
17.481564,5.444640341866761,14.593450860381125
14.644674,8.791760507718557,5.226790536046027
3.278885,2.507881720587094,12.194365782737732
17.778683,12.31095051550617,13.226263576745987
1.2373486,13.26970566182087,14.932191348671912
16.34695,55.98658585757017,0.7501438190136105
2.1312656,2.3744907889572073,11.088488416075707
23.866463,0.4841724367979137,4.318970678448677
23.038084,4.507578969347394,26.46657225966453
14.407013,6.668795611077091,12.261401618123054
3.42807,2.8261717713567323,12.681338216662407
16.300673,5.933994105002946,9.240828948915004
14.250156,7.867423257747044,13.490841134786606
15.290605,10.257909373537535,6.367458888590336
23.828476,3.4528180311930674,8.085943674445152
0.5309658,2.9817900241419877,3.993731570243835
22.39766,0.5828854495790114,1.122372853308916
15.873071,10.342210674747411,11.088383320868015
23.54713,2.91675514265274,12.016508914232254
16.47659,2.5861930934401847,3.3573506461083884
8.179991,7.501676542442292,14.899412078857422
14.856845,9.503628069714955,10.801275884509087
15.756494,10.218357311340256,17.24278029859066
6.0,0.23311441677363792,3.0770263227820394
15.070442,1.019983128057534,4.798336753547191
14.906314,9.690100417075058,11.877911441326141
15.704139,8.159010981627636,6.456847952902317
22.369013,4.8309356742269465,12.788062772750854
15.913288,12.144738237992344,5.457698869109153
18.904568,3.441319349092535,5.254443992078304
7.014452,11.069050295791692,14.403683201670646
15.884164,6.028566192893519,18.71926957964897
2.2243252,2.6106495296396313,4.576573939621448
23.587511,1.0207931666971288,5.267808972001076
16.258303,4.2265611296323025,2.840760183855891
23.73383,1.0497077306942082,4.362185306102037
22.810165,0.39038146490198816,1.1480930420011282
16.444702,11.279254044134998,4.631952778548002
23.274944,0.37826134231083813,1.4253341998904943
16.02199,10.656294130111736,13.992610377669335
16.217241,12.131512482727155,14.132482409477234
23.777647,0.401765504900573,1.8191160671412945
22.259155,1.4190115988834036,4.690114031732082
17.94605,4.386599969593808,13.033141815662384
15.568462,3.0746908894926306,9.56901370435953
15.598934,8.665845785722551,10.49760439991951
15.1884,5.523341441606688,8.521839837431909
15.768669,10.56012794673443,6.641625452637672
2.5653324,11.183645957842884,14.049212718605995
20.60094,4.7929302447144355,1.8920690049603581
14.947041,1.265780499997911,13.281573470234871
5.3042564,6.261511169972105,14.77855259001255
1.6832962,1.7988514930754897,10.343556440770627
15.942906,3.4252196393358623,15.094178095459938
21.114063,4.209230251159105,13.773796192407607
11.942318,12.096183791580714,3.752233217954635
14.4967375,11.445587433626255,29.887261763811107
21.707047,2.240058744399705,6.312918202579021
18.267406,0.9504032741179171,8.315371730327605
14.540596,4.83079001252436,4.7421853530406946
17.283781,1.9327645155270066,5.175284940004349
20.447075,0.49783123898578596,2.2859877382218836
1.03792,1.486499100206161,2.733607420697808
6.0,31.913550899111563,13.082017795443535
16.037271,10.16400585649535,5.466029714047909
2.1469269,14.617498666019076,14.522752345204353
23.857555,0.559898263284833,7.262536883950233
1.9644794,2.8600092712810468,8.897031219601631
4.396057,1.950565930399009,2.6916187174618242
20.831581,1.7090916627679125,6.4047214752435675
19.1687,3.7385878793740024,13.208938519954682
0.8109684,2.4473498724344083,12.21157381862402
15.030878,0.8491637877468019,4.161001400947571
15.790143,8.310427139790523,11.780469549894333
16.99055,10.830359864702656,13.68982884824276
17.86494,8.282446181382985,0.6195824725925922
15.847739,9.955185076002445,4.866646029800176
1.810997,3.743108302099216,8.492691942453384
0.47136497,13.62454084261838,13.733748210072518
23.654322,5.10433982584729,21.251801719665526
4.25045,8.704712910588004,6.035367721915245
21.059357,2.522230012034997,7.70189149916172
15.573312,10.826233874228267,13.710312724113464
16.461403,0.5680158856336492,7.911575072407722
16.988552,27.409075675358377,18.43050372600555
1.2084808,1.1983390294098193,3.5810461683571333
15.61204,6.951877673515636,11.468177276849747
14.363062,9.321777617277371,3.9194396933913227
16.37143,4.781670513272078,13.8124130910635
6.0,7.244267764246712,23.011715632677074
16.847464,4.257587481445322,15.600095990300177
14.195618,2.966968945903807,13.673639714121819
3.1277885,8.994992134117833,12.492651324272156
15.134802,6.387724580290831,7.350858598351478
15.834071,12.491638947619746,2.1126391559839246
15.897163,9.083636281707635,4.7074662940204135
15.622099,9.379273073590465,6.775811908245086
15.543893,6.769905699938535,11.376941965520382
15.998539,3.475238681434033,15.647037025690079
19.591621,5.879949112560393,9.881971580386162
16.409607,7.299714955157704,9.443901213705539
15.666185,10.555862022826656,12.806405985951423
5.3203087,14.727805491085682,11.234062421917915
20.38536,5.841154409384147,4.914639135301113
23.914679,1.5262654610459383,6.70451971694827
21.98961,3.7411316400621497,6.679866319149732
23.79802,1.1187449334173771,3.8444635796546933
15.232197,5.091123890472162,10.058300468921662
16.28366,2.783871572009391,9.710310111641883
6.0,10.925625073166772,5.405844446420669
17.61621,2.2571660157929485,13.125142607688904
21.478775,0.644842153550643,5.3078990669548505
14.961481,10.325657613399542,14.962897037863732
0.609745,1.6204240906486906,9.39903077751398
15.263437,3.40412406051014,5.807351370453834
14.480668,7.9887643659466665,7.199107826650142
15.660526,8.958152816550186,6.22192923143506
12.294651,3.0460004440281123,5.004169444590807
22.029968,0.7031112330776845,1.0070950566604733
16.125765,7.19675586283,14.309464229941367
15.508846,0.8864498080217486,9.290423451960088
16.218208,12.98050989949455,38.903777651786804
22.4078,2.0137147792532213,4.273930301070213
15.848479,6.2621666476337445,4.609036805778741
0.91111565,3.9999180670010133,13.259533290863036
0.35172272,1.716381499071657,4.1240555906295775
15.863613,7.252633492255376,4.261618509292602
0.8311081,1.9995606352150852,3.0274638700485226
22.428434,0.2522427442902698,1.2016323886997997
19.583591,5.231369923689506,14.041814314126968
19.367184,4.189232454209899,4.406910770535469
23.033634,2.8625178440298056,4.845773078054189
21.543514,3.4518871874476056,6.7202135619521135
19.838818,5.225874876875637,14.310276668071747
3.3803844,0.5972103164974961,1.5076696800813076
18.244814,2.3230758904029303,13.184681651592255
22.325203,0.9243660913447901,3.8011978951096532
23.4548,1.3869391219072145,8.491239988803864
15.733952,4.48431483146631,6.346180463135242
14.925794,2.7414553752106925,0.505
12.996215,8.681249101608993,10.903559609055518
16.117128,1.9817952266066436,9.858740321993828
23.653662,4.1243638971085765,13.783136994838713
13.381562,0.6990207374142482,1.2738957323879003
0.80438995,0.8991417602005983,5.3761420065164565
22.224768,3.645194587452958,13.966105515360832
16.979927,6.310203094844603,7.422971054017543
3.519123,0.28831815624350887,2.0335131790861487
14.137994,9.162205222093812,5.8029224646091455
0.08073425,4.2396449056536785,1.7002500331401822
16.362926,1.9403874097686882,7.580048885643482
10.634566,5.064312317306175,13.069190217256546
1.159565,0.3030419434094478,0.9381791537255049
14.15648,5.583500133937018,11.89524246096611
0.3832035,13.128213320889822,15.064732058048248
16.018646,9.941865213457495,5.476200843155383
21.175068,0.3046518811406955,1.8635604391619562
15.895475,7.1203382966915765,13.453324381709098
3.0808449,1.9620020107003961,11.76589038491249
11.609678,33.804792985825074,1.1041001228429377
3.4033928,13.22575019725495,14.088986409902573
16.522516,2.1331839709097724,3.772438330650329
20.12346,7.5929802435905565,15.064839389324188
3.7998695,1.468104195728536,8.697835551798343
15.103588,10.533844192659275,10.523664284646511
16.218025,9.55595008061371,2.5531636075675483
20.300222,0.0955555555555555,2.0057976721599697
15.312844,5.809490992203354,8.124969773590564
15.774023,10.477515666615218,4.783821316510439
1.7528038,1.3559018250083965,0.505
11.377002,1.516491090265982,4.0528625316917894
15.08472,7.868208848952005,12.093667430579663
16.006145,2.012486065509212,3.3284075377136464
15.111539,9.229945278714101,6.715218930840492
21.515633,4.336821310221114,4.720585306435823
20.908518,0.8886101838353917,4.659157902896403
16.985867,5.051954394825216,6.325593728125095
12.840677,11.516285732127727,6.360012781322002
15.90323,6.9999889973882174,17.972473468780514
15.640914,6.360731748320783,13.608957713246346
22.85483,0.0955555555555555,3.2214390638470647
17.289106,3.273349515838652,14.02514517068863
6.0,0.19861783344680178,1.6559595771506426
12.2172575,2.1963929665906146,7.912799692451953
14.485102,12.319429990574719,8.092150999903678
15.504431,4.8397252941566204,7.396629424691199
22.225918,0.5168580943051104,1.3164591051638126
16.136906,2.683036030907598,4.726169514209031
2.371214,0.3891208620879074,1.4942332391440867
3.208147,2.3520848685513354,2.7638291874527927
15.524731,8.756032474376262,15.84157943546772
14.987653,2.5440598322238976,14.30170507311821
13.43618,4.847513694462056,10.00329766213894
16.90946,7.406637191449602,1.8517965772747993
16.552073,22.94525152316524,1.415307483524084
6.0,0.9808215087807426,4.826898053288459
19.34262,4.698939985310037,6.890181581676006
3.8072624,10.976933998740796,12.428801140785216
14.708013,2.6631620054893816,8.985281379818916
15.135216,11.634869087868267,4.197081107497215
20.783628,4.373879529504726,7.919883556663989
15.254239,11.46290562807479,0.8674685265123844
1.1475487,2.0350579011409233,11.491245302259921
16.405296,5.293220910407189,3.9203266671299932
14.289041,8.152447203445352,20.944085932970044
4.000149,2.369533585705277,5.102131221890449
2.632801,1.5032105072812798,2.3984267530590295
15.492744,10.099875427797024,12.258260687589646
1.9570084,1.2278774632974008,7.648333192467689
14.474075,7.20673941772638,15.11767470061779
0.43062782,1.5746081660781055,7.6745950686931605
16.092087,6.048232568553131,10.277976285815239
21.612022,3.833274941810717,13.257559587955475
2.0632286,22.60414782197111,14.913283155560492
14.0659485,8.337588955702055,10.714222766160965
0.030475616,1.6585601451571308,4.388753896355629
16.892021,7.112803986041496,10.159247024655341
0.23451614,47.48105534738965,48.29476938009262
15.306027,9.616103453836923,15.75929361462593
15.016076,2.946581012905679,2.8207542675733563
1.5990524,2.6857350686073507,5.024018277078866
1.9458637,1.9882716486835852,6.195122872591018
22.264175,2.6856878103864275,6.854478279948234
22.101429,0.746293279010699,5.089079291522502
23.893623,2.164312204082186,11.712124123871327
6.5461307,8.09739198981267,14.88773383975029
15.106261,9.84949523591333,13.163380865454673
0.10380554,2.2593450084815005,12.200132602751255
16.389631,0.0955555555555555,3.7987106418609615
20.063423,1.80532781286191,3.603488840013742
15.0505,0.5967107807358519,5.620521160066128
14.756477,7.091165039965675,12.549508576989174
19.174667,1.6787850270640208,11.677832526564599
23.93028,3.4531296081214933,4.959631437212228
17.645023,6.78777708152723,13.874294043779372
3.5955448,1.2739002193024174,6.9568059805035585
20.545399,5.763149294352366,4.30954304203391
20.868591,8.254736906600495,16.016049405932424
21.01629,4.727400072520185,12.324518371224404
22.128014,2.741649727201503,4.363774032592773
21.872252,4.024416646895309,7.253321301341056
18.378487,8.721647310999947,3.4638568128645417
23.329124,1.162817418339869,3.7800827026367183
0.8487816,0.3820261449538843,4.554706682860851
0.7250538,4.694340594302242,13.108398928642274
2.5643063,7.494549757229785,14.109924952983857
0.047035217,0.0955555555555555,1.6368381190299988
15.617012,5.3106864032066525,11.168808732926845
14.234837,2.723629615194578,3.0468589670211075
4.2657623,2.1588447757091163,12.14107058674097
15.863266,6.65831901586718,8.512019025683403
23.053272,3.8739464714750644,14.600959577560424
15.783534,5.865258147865534,10.728462048768996
15.730679,8.39295349587169,5.438429923653602
14.726946,9.956702249017027,4.8068330675363535
17.069038,14.980816595181823,13.265120480060578
23.210876,2.2487225469879597,11.122939519584179
12.758579,1.4939383829617872,4.005022596865892
21.727484,1.7120124663182326,2.357330613732338
22.95061,2.2906420210143548,6.691429400742053
17.268688,8.296961615542985,5.8380089841783045
16.324627,3.3146523826015697,13.959687999486922
13.14901,10.125644455968093,29.2318284201622
16.44598,2.675789770366003,2.1162807794660328
19.485847,1.1096214372255941,1.6621426785364748
2.9048042,2.479568317984748,12.907327199578285
22.310146,9.795534940022563,14.329016410708427
16.910927,5.157106186771351,12.886553380191327
22.760883,2.1713215597760342,11.529236847162247
14.359609,8.971312287557456,3.627295513302087
2.7599792,2.670477209842453,5.947863663136959
22.193798,3.7615635579845144,4.311303200423717
16.411957,5.035370237158818,9.520244310498237
21.049526,5.453533888966259,13.7403893327713
16.178955,8.557029128972856,0.9650844585895538
1.0594826,0.3106526267201277,2.702006558850407
14.607937,8.72341898283197,25.12416806578636
15.733757,3.120403705217565,5.188991665691137
2.5373363,2.886300799435832,15.819861249923706
19.587986,10.177638318873942,14.247361161112785
16.100695,6.60555756488815,9.2342541629076
20.743088,2.5147771246400143,9.296758978664876
1.8217545,1.7639898604501245,4.1402663400769235
14.642868,7.94195049504853,7.520151325464248
23.584929,3.6868726558486618,8.432646801769733
16.720665,7.587914816966901,8.794714699387551
22.367123,1.602037369412784,7.300988313555717
7.2331276,9.886044048399976,13.520315495729447
0.5547714,1.8776207183027225,8.313845986425877
3.0336723,10.699028655013278,13.18840694129467
15.003934,9.963217746073173,13.732285821437836
14.570763,2.017632301644836,3.9790741428732868
15.61029,10.752209906292459,3.432443035393953
21.767513,29.153314007843534,14.695743529200554
7.3054667,5.169847494126815,9.580102366805077
14.502769,3.724362541132917,9.333151734769345
15.043354,12.003119875138832,16.63972014546394
21.136852,2.7989477628081416,12.909064624607563
17.285381,6.229472960320612,13.69966903924942
15.390482,8.945296125486493,2.797605184689164
0.3966179,0.539112062141325,1.4167606483772395
14.9465065,9.726497839589914,4.623955480456352
19.335323,0.9395933140985047,7.476515198945998
1.754446,0.9840638114400725,4.165105331540108
0.89647675,2.8440171711529705,2.9274266487359997
15.056698,1.8147683073797571,5.730728765130043
15.393879,1.633341644572663,1.675493030846119
21.175121,0.822261585178785,1.299698096588254
15.710652,8.672091235801993,13.827245677113533
18.50119,8.86184751806367,5.487577585726976
14.787041,8.69259598457565,7.396232895255088
16.030241,9.675895127776183,19.76999804973602
16.014126,10.97272044758002,4.137675482332706
15.632963,8.119283798057587,7.895962843894957
15.81877,10.531949772201479,2.7210401581227774
22.587723,2.8382672163595752,9.601796700954438
14.910062,10.788766902020823,13.080722366571425
7.734173,2.1242984024709504,4.5307226148247715
11.731863,10.874716308112774,13.86023364663124
3.1862545,2.3021830513907804,7.749139621257782
15.908495,7.782060590086298,0.505
10.03649,0.9510395211615186,1.4455046535283327
0.25919342,1.1975855574286025,7.36451501250267
22.519539,3.237753846431151,17.139699043035506
14.293896,6.591538853500452,29.621417100429532
14.338888,7.337795670494023,10.802635414004326
1.5505333,3.496466828775592,5.656229306608438
2.9078484,3.579150916840881,6.437939759790897
14.416113,11.812805495791967,5.675566452145576
15.423628,9.566567836743262,15.350167660713195
0.81936264,2.7394815773082275,10.04550046890974
16.31304,2.6248531822901633,5.205493849366903
0.10229874,0.7886047303154029,3.004313482791185
15.292553,12.33729564389421,0.505
22.793972,0.7910316752280212,1.8083024410903454
1.9944096,1.7239937550991047,6.375316432416438
15.869691,3.045284819539843,16.535547688603398
20.04353,2.691109208024831,8.319713429510593
20.290783,0.33631465900572943,2.1440525607764718
18.692863,3.020466888637489,0.5948195074498653
23.684357,1.1316293452123904,3.6606174023449416
14.198799,10.531895762806139,13.800976347327232
19.14178,3.654173649428412,15.248405685424805
20.551943,2.1468080454656024,3.2711017669737337
15.434792,10.96341937504295,13.58279720544815
17.249172,2.292917371374141,6.026555376946925
16.15241,9.299069939833135,2.692618239969015
1.3352909,2.220623954480721,11.049439210891723
16.257507,3.5777818605014016,14.368201270699501
14.346489,1.9186664266946414,12.792534163892268
13.227623,2.533677958036876,5.188117363005876
0.4638195,0.6396396576282051,1.5724433597549794
14.952239,8.8118618226755,9.502922980487346
0.5537529,1.834229692834326,5.177989091873169
16.020466,4.527359910391064,7.3660444831848135
23.495337,0.6851999581856135,2.7144534464180468
1.5444794,1.7707741769967185,9.289415730535984
23.639105,4.476205648085516,8.78430207490921
19.902094,2.1557603073244294,5.116161804795265
17.349115,7.431495424817419,12.947273068130016
6.1981897,0.3982859905219326,4.784224181473255
17.883188,0.8092954944023707,3.974662007540464
1.6143436,1.6379246690970226,3.6675812642276284
21.68335,2.353534938983826,7.916585355997085
21.419062,0.0955555555555555,1.2835170682147146
15.615726,4.983271628758973,14.88671419262886
6.0,2.5386840561580737,5.854022214263677
22.000631,2.102323738903635,4.694089015722274
17.179104,3.958451535403728,3.3088277787715192
23.120403,0.24714927727741365,1.4166505220159888
16.434536,2.13317619683014,4.914772181361913
15.089484,8.999153312531611,5.48465206310153
15.902174,0.6240187698025773,3.190504736676812
18.609123,37.90804059483111,15.841809005141258
13.806334,12.820865491783868,24.063603876829145
16.824705,3.587960994874851,5.442063161879777
21.309149,1.2096657611437451,7.940134136080741
15.3385315,12.776227544858639,4.661298192888498
17.140072,1.3961926293517979,10.550967423319817
17.62729,1.113276891301179,8.272436238527298
15.423055,4.242151841754094,8.717628482580185
0.71321106,3.0579459311264667,9.092108795046807
15.449505,11.627464890761509,25.70088882565498
0.07096481,0.2519009916580075,1.6208506037294863
16.09768,2.8331125924011897,14.755522577762603
15.39939,9.694163396588216,13.817837792634963
2.4357185,1.9731662027956918,3.987630458027124
23.822952,1.1789423938553467,4.100719237029552
3.0404167,8.037316357385782,12.932854900062084
7.642201,16.479230346447892,41.49461750745773
1.3256798,2.3738629297363674,12.579712641537188
18.45819,30.674575369987224,18.031623436808584
12.504216,1.5513718512188643,12.775672718584538
19.691599,0.9643999930434963,2.4416031812131402
16.771378,7.963735921151108,9.753772570192814
15.536806,3.678885402769471,2.0259467899799346
15.701223,1.3726314397963386,5.099047683775424
15.387993,7.995583461270564,12.53833345323801
14.440629,1.3202091841865329,7.175340657234191
17.321636,5.827039954068346,8.038907978832722
15.399682,7.578933709181017,13.570050125718117
15.169714,10.153066498966268,2.802515963241458
20.670795,1.787491107759997,7.355980685353279
17.569063,5.19915454685481,12.96753706395626
13.725205,9.517353821049134,14.53680379807949
1.3002853,3.9409197583463453,8.007796815931798
15.503029,9.601613387726248,7.481947354078292
17.313385,4.310717178301679,15.431742411851882
22.733753,1.5438348810152251,4.943109501600265
6.1453953,10.484112177764377,50.525
22.919426,1.6813669421166804,6.875776084661483
23.074455,1.6975723179820408,2.6783879016339776
1.968792,2.9383838596764122,12.303641692698001
16.491253,5.958653485597008,14.706534794569015
4.126547,0.7703314492678166,3.2768605744093655
14.720421,0.39558122455297656,7.8198098129034035
15.5196085,7.379285524330205,11.790711487829686
11.834852,11.471483302043959,32.4927672457695
19.48804,2.0705126142098256,4.839551590830087
19.565014,1.3059727985691278,3.710835023075342
21.676767,3.1046321434537982,4.564776816219091
18.697224,6.259775504403644,9.146990854144097
0.3306465,2.965380374105233,6.634677243232726
19.009317,1.7884628677140508,7.601805084347724
2.5909348,12.91573626799716,13.634314727187157
15.107218,9.734224456420376,3.6084948378056283
17.620808,7.7686638050691945,35.17391444444657
15.7051115,2.2415579142825055,13.697810121178627
16.323792,7.481216801498085,24.495057717561718
14.271488,9.477897502779962,13.573787341117859
14.84416,9.181437476780266,3.326374951675534
15.188925,10.415021067936388,6.864612886607646
22.120409,4.702831116747111,12.216180864572525
15.537991,5.571039511772494,13.941707029342652
6.0,11.505017408281565,8.605326426923275
2.628004,0.8799465858281796,6.093442886471748
16.642496,4.019291891769195,5.221897646039724
23.43419,0.4462280747267262,2.2496262870728967
14.742984,6.113614214910194,3.257256032377481
3.210394,1.5511445616801374,8.704526613354684
16.179562,5.371493208281075,3.287892030775547
15.144069,5.448692683165686,12.377946985960007
15.167062,8.223926183206755,5.904671396166085
18.443584,1.728982872993737,0.505
18.682255,5.5557168008169775,7.10814680635929
21.910088,2.9500865090767747,4.466507952213287
19.29449,6.2606241065698365,5.26147419065237
16.574963,6.234615718578506,6.894961550235748
23.900862,0.4327118910984265,2.1229688595980405
15.271145,9.250345281993765,5.531880060583353
6.0,3.1611644322166423,6.789066575467586
13.342306,13.824008177827217,13.950554406046868
13.050686,4.519739266540855,3.935511806607246
21.480005,2.4975063929934467,8.766147436797619
23.862144,4.4465823130651065,6.4110968784987925
20.35076,1.3464958023962876,2.2834343346208335
15.38233,9.117140109950885,12.057167343199254
15.368788,10.301654528791293,5.449257338792085
21.596573,1.441634170613769,3.0248450614511966
20.779577,7.330294092810816,7.974814063906669
14.392908,1.9456338906153623,2.863425530642271
16.720394,0.548544015400629,2.9535733674466607
16.493422,3.4553347871835447,5.232181696593761
0.8691044,3.944659908973715,6.216962923854589
0.7243061,0.0955555555555555,1.4877743560075758
20.18898,3.6850457471350415,2.7141012656688686
16.79906,12.060550683842353,16.732001191377638
17.225977,8.020030077579948,17.76916567146778
16.34116,1.71990888541435,12.747064461410046
3.5249424,12.903462223743814,14.315510558485984
15.970392,9.069295968920407,8.034697462320327
16.252022,8.694623791873456,6.37249004215002
18.106983,8.115045697171656,8.20158865213394
23.265717,1.558223474928592,7.1534092998504635
14.90587,5.558834206749581,4.976225672364235
14.822457,2.905360183140987,14.574295209050177
22.369743,2.703017461373367,4.285172506868839
14.345591,6.773674901074005,11.654796551465989
15.943647,0.673974698648995,2.5625798773020505
15.34793,9.350916504388055,7.831771287322043
22.283743,0.7193285769340582,1.8676772271469235
23.804188,2.169198008550124,11.29509515941143
12.309664,8.823546673525126,11.863610294163227
16.27169,3.4090080237486915,14.249488407373429
1.8097095,0.26104993261700854,1.9164246330037713
2.1819267,14.69868460710678,40.53370146393776
14.04415,0.6142722731897244,2.9101701647043225
20.11743,5.256411052509728,3.1210820847749705
18.272,6.492712298240512,8.541622333228588
15.637913,2.286927852179441,3.8207824988663193
20.123297,2.482694725483242,1.9286077576875686
16.577078,9.950388059707151,14.225960497260093
15.685167,6.57668586061957,9.460560667514802
17.513058,4.765368268282877,8.241473401486873
14.635667,9.71478189242176,10.057802571058273
17.975811,5.423709655361664,14.083964200615883
18.725294,2.3043025109958317,5.647797465920448
23.14686,1.7568493683077393,3.9715840595960614
1.5791473,11.843090036743218,13.200301333665848
14.75107,7.741434886575573,31.255353909730907
13.047144,8.620481985256905,22.99568898618221
18.57033,5.12617721553478,5.620456686764955
22.728895,0.300269090312132,3.5443452075123782
14.52668,2.8468019283097235,3.4725584724545477
1.8491955,4.600522182973929,12.199056308567524
3.7446747,13.629281394545817,7.253805037438869
2.1379185,8.661324544673166,10.116550046801567
20.908144,1.2674459942686371,2.63962882630527
1.3294506,0.7100348693145335,1.9224095628410578
17.734917,11.160028303919567,2.9610228288173674
21.479212,1.522215574719529,0.6326180051267147
21.97212,3.1248226557454712,14.174174647331238
3.3665085,0.5757136053917928,2.424046132341027
1.4360123,3.5847425259070262,7.1900495141744605
6.289574,5.0205671620524175,12.036643963456154
23.030062,12.374378822065063,11.822383903861045
0.6024933,1.9781246335338802,10.652379081249236
23.410658,13.064703181913744,14.530803681612014
12.60135,1.184482141627102,3.351187296658754
1.8357487,3.0060181478974926,12.349993151426315
15.384064,8.917788976774448,6.78533606827259
7.477672,9.69187618052794,6.286808378994464
2.079174,1.5581435860313162,3.5060333458334205
0.32357597,2.047827440680315,12.839005624949932
15.442888,6.923064888587429,6.598600890785455
3.7261925,2.357623491127354,2.9322826436161993
15.250666,2.4267013031875506,13.064609258770943
15.810425,5.7738153316080565,4.098890505880117
0.9071789,1.5674337134825893,5.283354491144419
14.725119,8.184904395072826,9.438796269893647
13.698254,8.078556622349554,6.574325015842914
23.394756,2.1884435610043713,11.690140591561795
6.513755,15.663236761854755,50.525
23.389069,2.0626104668445056,2.3827058888971804
16.485897,10.257550947550271,5.99452891677618
2.6487255,6.237444256078452,14.671370385289192
1.6778164,2.5469884098538507,12.450883060097695
14.7817,10.261456808822437,13.764813160896301
0.94472694,2.2636240255760236,12.691935689449311
14.835062,8.229079170516796,14.210112736225128
22.089272,1.860853869764962,1.9211354697868228
17.71363,3.1872301029000014,13.483485960960389
18.962719,7.535827665105462,6.6370638734102245
1.9922638,0.0955555555555555,1.640556980036199
22.681734,1.504166412204504,6.967721720337867
21.176247,2.4374188948660676,6.903412397503852
15.4444,9.67619217945056,4.4470992524921895
20.696959,3.3443696203206974,4.0807850612699985
6.0,16.15870586152706,7.9529266825318325
2.3434906,0.299137284050909,3.3131309057772156
21.037281,0.831986038184259,2.50149720095098
0.8766117,1.793361560787695,3.3345684647560114
14.315071,11.636734048655878,3.6377163366973395
15.227444,13.870380153672563,2.9714814790338275
22.273792,0.9000201289085412,3.308164970874786
21.008448,1.236645193055479,5.526957356333732
15.625697,8.593978101979529,7.045610685646533
0.6824665,1.6151598112512793,9.280017535686493
16.595882,8.589194997195156,10.841367842853069
15.690822,6.880345093520979,6.867040511369704
20.933256,3.655376585961009,5.220508302301168
19.89309,6.2175438397056935,12.202007918655871
19.882927,5.928839071882474,12.761331322193145
2.893797,0.2854810646987041,3.162892461568117
14.9392,6.183179543595761,12.229232794940472
14.407166,10.399643120099274,15.798925688266754
16.436531,4.622403762166699,6.235380299985408
17.245766,2.211742068500672,10.30386250257492
17.418964,3.2450504339093134,6.053611802756786
16.297722,4.112893447191972,3.149110827594995
0.624176,1.4591512178360588,8.720435493588448
23.037434,3.413248579607138,14.623661633133889
6.0,9.255578465072645,1.1715525656938552
20.900251,3.7893010649509313,6.135425440520048
20.036072,4.87083388754891,11.254513502120972
16.595234,9.751280787133924,13.553264706730843
14.738044,10.76775151896394,3.647711189091205
1.6007595,0.3093510565521945,4.1324758782982824
17.030193,9.827853834864994,12.17904573380947
16.060436,11.783052865552406,5.470925212800502
12.195021,9.462982726424105,7.621072539091109
2.60606,2.589748507385763,13.562392337322235
22.270824,0.6341036434604838,4.775810229331254
16.34563,4.684620130627105,4.733664442300796
23.33108,5.381566369674272,14.248787772655486
0.10010338,0.5301873164327763,1.5597443554922936
16.150372,1.0488876675835086,10.25479496628046
14.824396,3.755640527628776,9.259882486462594
3.1260605,1.6329559070161648,9.275888262987136
0.20233917,1.8204949399342554,4.03340240240097
22.324022,3.781806852185271,10.024448631703853
14.875005,11.032085774625756,14.281561079621314
2.6919117,10.840122472072641,12.35859456062317
16.451075,7.619673159751627,11.0383408588171
6.0,26.746796103202634,49.06518433451652
20.018425,2.388650047521417,5.059876985549926
2.252777,1.6000694020700434,10.458251089453697
21.69339,2.81923545109522,5.833052366226911
16.396473,3.996238881524445,8.93574203312397
12.27649,0.8717006400201676,3.4477267482131717
15.854624,10.83355542059367,13.613580411672592
22.760046,3.653764078180409,14.65980991244316
22.779608,1.2904113415364797,3.580897842496633
13.002398,16.38760749887261,15.361605895161627
0.044942856,0.595330677020053,4.554906810969114
0.6435089,17.501421982563205,14.791724522709846
14.933031,10.08938287526576,5.080653413683176
18.474926,2.0483687621199835,6.837461055219173
16.844833,10.470152385717052,3.472910839542746
16.824512,0.8657274873089045,1.625853899605572
20.443512,7.271306013208297,13.770218483209609
6.906774,1.561446649260405,3.107797044292092
16.39248,1.1490088116832906,6.487310656011104
16.077335,5.585770983513858,7.139469650387763
23.796045,0.33106546746023613,2.012174845635891
16.333176,3.23555766893499,10.927586162388325
15.714044,4.1441689787153155,4.9477176655828945
22.326256,0.35174262690784713,2.1871417822688817
22.705915,2.1388860537391152,4.009329636991024
19.983196,2.422786440349494,13.874235906004905
14.020547,4.573558810674068,8.825242248475552
0.7770786,4.162135695070028,13.031278425455094
20.73066,5.217442455446968,0.505
23.35424,36.60072845076521,16.45590937256813
1.4459782,2.1887710952541477,6.514680876731872
0.42450714,3.1241549032212546,12.57495354294777
22.769814,3.292195112353915,13.86359967470169
15.699978,9.545308593083174,22.928815638422964
15.07022,17.428623864236805,3.2778569291532036
14.981483,4.848720313453426,4.206369735002517
19.732412,2.5118082445445986,11.920846187770367
20.453512,4.415557188738345,3.9659692922234533
14.901427,9.542586846887652,2.8078044509887694
14.997211,0.22047652513539,3.3044844025373457
14.825301,7.54124660777135,6.644614330530166
23.596046,0.29483692659634264,0.9043471616134047
15.462574,8.518643178720442,5.029166451543569
17.249706,0.8180761639114158,1.90531910687685
14.868053,2.584348181594784,5.181673386991023
2.5148392,3.1473392544955843,12.911517591476441
18.422264,7.045327429804537,15.97864296555519
17.10531,0.2836129968365033,3.842594971954822
14.879852,5.402956545201854,19.066566755771635
16.573606,0.7121423609285719,1.5532002222537993
14.064503,1.8923425747350686,11.184095986187458
19.642307,0.832327483944957,7.516121930480002
1.4331627,22.034553282165692,10.377464179694652
4.385586,9.87960874711267,7.142205852568149
15.65219,9.97779864616692,7.104975316226482
17.210052,4.154552284969638,3.220565506517887
18.689348,7.906161087393347,15.186004474163054
12.168642,0.8617496135096169,4.261825345605612
1.2790298,1.3537310155615625,5.887567710131406
3.9648705,12.611090545306604,15.180230945944786
2.9164047,1.9613084809647665,9.516989340484143
16.185818,8.175718706243982,4.192275424152612
19.031654,10.958405502842119,5.1114645707607265
23.730703,1.4721008909837758,4.4075249439477915
18.294762,4.580199511328505,13.916959716677665
18.617954,3.59568392924654,8.868308922946452
15.424127,8.606911715515373,5.270332375019788
20.534271,2.347659166849011,11.56653297483921
15.842247,8.397077031373565,13.56989509165287
15.730146,2.470875055726307,4.658713670670986
20.654985,3.517968910133673,5.654819465577602
0.12335968,1.738387668119588,5.022273771166801
1.137064,14.607434915353855,15.056451151967048
22.859165,3.8553930166891464,9.175704951882363
15.805878,2.247133975189386,3.715850896835327
16.764153,3.091992308295642,3.4382262532413
2.4507084,2.094751989922693,10.6398153591156
13.929574,2.266578789579475,3.8904967713356013
15.135534,8.376388159661245,13.768109125494957
1.2815247,2.567749498674335,4.75229759901762
3.2067165,11.699200005988695,4.692992596924305
23.437317,0.8021929008981937,3.2189961592853065
15.732871,10.491900168907726,3.8073903134465215
14.915521,8.139901475566958,14.477609108686448
2.3097458,1.1997810188911129,3.907045912444591
17.87737,11.528400203167566,1.7104719396308066
15.634313,2.332287151862143,6.728978576809167
18.57286,20.85433179193073,31.559515838623042
0.053691864,0.7757403163173391,3.276979086026549
13.190062,11.234904965642427,2.876114099919796
0.31328583,1.9569085564738553,4.187225264012813
1.0163078,2.7311174859479066,6.946886036396026
16.44531,1.7712488050163828,8.063920638263225
1.0669518,0.15310010492580148,3.687625752687454
1.8779373,1.5089689521879577,9.224931249022484
3.1422348,13.947741247581112,12.970299353599549
15.782474,1.171070626774906,2.3097567710280416
18.287931,2.479787424281757,0.7390943576395511
15.172077,7.108129718371977,4.053305273205042
15.989518,8.5522222927875,6.422572380751371
22.005106,2.674865268632873,10.92618191152811
3.3747368,2.445268055741261,2.722361674457788
15.28974,9.508308883977847,4.1304283851385115
15.3190365,2.34161216038124,2.0735646086931228
6.0,1.2943182257138606,13.013300436735152
1.7101784,0.3628573103907466,2.9130054992437358
23.1306,2.0957548461952764,4.782915336191654
15.7861,4.8412473771162325,9.777178987264634
1.8606396,3.605272233567925,15.181460783481597
0.9736557,2.2054794336136223,12.742522261440755
1.2598419,0.45879331452209343,3.3708441999554632
11.770026,5.465252291106929,13.91844297528267
12.706402,2.1758513932292245,11.180599520802497
16.129011,3.92344035403596,7.73663105547428
14.875767,1.7604292296879511,2.959723673164844
15.35687,7.663680997064544,5.8308986598253245
15.392412,9.326627006319663,8.562021983861923
18.471378,0.0955555555555555,1.8284891993924974
17.17247,2.458812752852423,9.177441631555558
15.344031,7.77427341726712,12.528720595836639
23.51122,1.5435414095091011,9.859989538788795
16.676682,1.28501786921044,7.081867786943912
13.750245,10.077179206891193,10.334665088057518
16.363722,2.9001433665455423,14.980211659669875
19.68937,0.48275356497447414,3.6650999738276
16.991787,10.932832054148118,5.573170178830623
2.9542046,0.3359324760448523,1.3257731679454445
19.004791,5.152470789499994,12.81240088492632
1.8199806,0.7752391439073512,0.6612720085307956
14.3091755,2.8668656003547626,8.853246021866799
19.875553,6.100239933807817,13.578606813549996
1.8886795,1.25777319797651,7.286772882342338
18.258457,6.408267790300564,8.745451134443282
17.001465,1.0213958624496848,3.9929847234487528
3.5905914,2.77810668279986,15.278467386960983
15.901318,11.13414798366113,17.480571249723432
14.821933,7.680810158629384,6.165668636262416
14.7561,10.466510024828215,12.720008780956269
19.744564,3.9819259825969735,16.271769152283667
7.7452826,2.9548464962032934,14.052827695608139
2.756342,10.72281488371599,13.309096488952637
15.629035,9.719002808500083,14.41773614525795
22.836758,1.528761042898469,5.03054163351655
14.715881,12.334799755170113,5.285802240520715
15.498517,6.251460512493633,13.921904408931733
15.637956,11.422062250334356,4.1012447130680085
2.8192902,3.070031351658205,12.010916507542133
2.2495327,3.5920100628770886,12.823146683573723
15.7229595,8.873309784738554,10.21640614658594
16.489794,11.435166893622114,3.5376222819834946
3.0486164,11.271464416343306,5.014075599610805
14.352633,32.027134294162195,1.3335269209370018
14.877978,4.122360639535925,13.417781331539153
18.867794,1.1098726627463473,1.3534425559639929
15.996501,11.833435448163915,5.364094070792198
22.24646,3.2259259934324978,13.288160927295685
16.282455,8.6846917913999,3.8373256771266457
1.7507591,1.4369476280816729,4.8644155517220495
9.048907,1.7945862852013668,2.6636699140816926
16.408367,0.0955555555555555,2.2226421608030793
15.640093,7.58154007166831,7.035049735307693
16.411259,1.9935058546676818,4.898335961699486
2.2208385,0.4920003212446398,2.7626222696155307
16.006054,11.10867273386775,4.5274534830451
4.7766914,0.9806497629951788,1.8175269679725168
22.893223,1.5084036947662631,7.545079759657383
15.385793,1.6342367889261284,2.6843732973188157
15.274017,10.50504327343156,2.6326712999492883
18.546234,13.4801614540091,2.3122322849184274
23.956352,0.38972780289710496,2.029524312838912
14.099962,10.595752871231074,5.11835352435708
15.163996,4.470306758292847,2.555115881487727
12.785959,1.0112366747279236,4.866227512359619
14.56166,7.0790603888159,13.471390322446823
3.3016567,1.3475146159902214,2.2316330185532567
22.62562,9.82415828290499,4.655091985464096
14.706978,2.5937945066723556,3.74784083455801
19.713629,3.967018161996578,6.696599935889243
15.528372,4.241774185148792,5.436543427407741
20.736284,5.555809271448395,6.715942671597003
14.520775,10.613985133779547,12.873398590683937
23.83582,3.5292576920841303,4.146388694941997
15.877895,10.303637328259647,2.1433347828686236
15.038228,8.305792151681251,7.3290479886531825
15.479998,2.369265789120044,3.309364994168281
3.0879765,13.656012771942963,12.011525463461876
15.26136,4.516325218095961,8.430890742838383
16.118158,6.999375254259341,5.298564600050449
16.060825,6.758733529182565,7.1984437143802635
1.9112263,1.2517592313471768,8.249142370223998
15.787764,10.949461219643968,14.066643615961075
1.2274837,2.1126575365455613,4.735427209436893
15.81317,8.000295371851987,13.824007850289345
20.58866,0.848940794409977,1.9571871323138472
16.860273,0.46952131426117066,2.110352030843496
14.567409,10.195440961232203,2.8037359248101708
14.057627,3.472436944050714,6.1903712275624265
0.95451355,4.784413945058153,12.474785884320736
19.154701,3.440383186239956,7.115112904310226
15.456494,8.544132340024744,7.789669103622436
13.095846,0.6515919981914986,3.7060759244859214
22.927288,1.646837855976644,4.522276612371206
14.583067,10.551478260238138,15.01128406405449
22.998371,1.8913202832634042,4.434278755187988
16.682552,8.883508558892128,15.770308486819268
6.6047697,9.924350621207722,14.897228185534477
23.173365,3.22744255270395,15.21330984890461
18.743347,2.634270456859635,13.53842466711998
22.15188,2.5532895059769762,12.356635764837264
20.017214,4.4169798453110785,14.209711734652519
16.94009,0.1990298340946901,5.481843561381101
0.8715191,11.82603779765053,15.287794772982597
15.405062,12.957815315237063,11.053771965801715
15.674608,10.102426962564804,7.1392848020792
15.682369,7.927187108664463,13.061243230700493
17.16767,8.579929112597473,13.36483570754528
23.468908,0.0955555555555555,3.4533966719359155
16.173893,11.544333793117355,10.75822337180376
2.2986832,11.178699188224144,13.218455226421357
16.321514,3.972597496200146,3.820690447390079
23.600399,0.35409152415257666,4.474561897367239
15.872637,9.06446621965824,11.147560867071151
20.071995,17.259366602479584,6.7571250858902925
15.3836355,1.5060968389258615,9.322179347872734
0.75338936,0.5665393731013562,4.7229819989204405
0.123104095,13.90827674607022,14.861956444978714
4.078768,10.166182598792432,7.238710831403732
23.202175,1.3332414057850839,6.9880535435676565
16.157583,8.757104479041365,6.044844179153442
14.183445,7.766654819227341,17.20520987987518
14.498194,6.186474935035738,25.02110320806503
16.100471,0.22896326283096435,6.064028899371624
0.62446404,3.156730751853643,7.698206458687782
22.059898,0.6535180264204327,5.190778656899929
22.94241,1.285842739975649,3.161986667588353
15.609723,2.076820256926326,5.182181719839573
21.908915,3.390124579740481,3.2051640274375672
18.636635,5.031398091628733,9.551363672316075
3.1026115,11.179286744979521,14.021981879472733
13.784909,2.841543377181515,2.1832640672475097
1.2583771,0.8786670336949949,5.800108000040054
16.559465,11.044372912065851,11.177224548459053
15.96463,9.4843115276388,6.616483473926782
16.560478,7.10027544297071,17.939451212882993
18.158688,4.524265826697357,6.461190397441387
4.5074387,2.1715234812654347,13.563702673316001
17.502005,6.88933152041398,13.927025005221367
15.198975,6.630479627541369,7.185018360614776
15.952265,3.3671315117413174,6.696497076749801
13.790734,10.12117395101736,11.763533568978309
11.759765,0.7339713627933007,0.505
23.393923,2.420949302583726,10.81198366999626
1.3902283,2.0076554979228725,4.103478172570467
0.30770683,3.4829049468568214,6.454635736048221
22.367105,2.907596458521568,6.03191597789526
15.688549,8.044281932736437,12.283613974750041
15.858257,9.306588702323952,13.772821266651153
13.378625,4.307670966572025,9.75220210492611
14.593612,10.651921824061622,8.309397701323032
21.057632,0.5524733012022139,1.5588596178218723
4.7263947,12.438154916396986,12.84454883813858
21.825188,0.757766388480862,1.5744834925234317
3.3882732,2.6211651998287477,8.192411828041076
15.845936,2.088125609941263,6.77993298202753
16.01437,3.139144147076747,2.3246842036396265
23.975588,0.40134243130373454,1.285038992166519
16.162498,4.182296338529429,9.809549801945687
22.036245,5.440434155623532,4.635084392130374
0.74015045,2.6132290920102967,13.336349688768387
19.917747,2.572821267310323,5.806093209385871
16.272074,7.898429560617854,15.801276541352271
20.85598,3.785748310558912,11.982286635041238
3.3910408,12.774352764180966,4.8068856151401995
15.7201185,6.363645391534599,4.876803369820117
16.858986,9.78966837403468,3.673646972030401
3.1923084,2.7757378389034417,5.818367733359336
16.257154,5.963868665544109,11.967425725460052
23.567013,1.6714404653312847,8.188007518947124
1.5845814,5.127209122315463,13.510096663832664
0.6335144,3.3266848166431817,7.949467484951018
15.848604,1.6864687841659824,3.0269495743513106
21.365482,0.0955555555555555,2.28224511899054
16.799591,2.644329092998782,3.737158391177654
11.147119,4.105685238724368,5.990211441665887
6.0,12.614411304795908,13.271414266824722
14.485148,11.874830376396163,29.768326784372327
15.609912,8.785645989506609,13.182441111207009
20.670845,2.868003070953612,3.6347941681742664
14.442359,9.182348271583518,10.88523950189352
16.89283,5.332332305037934,8.652096030414105
0.2903881,2.4511456691054625,10.79674262881279
22.362316,2.038650753417363,6.219456512629986
16.934795,8.060953651089221,3.280519527420401
0.455204,3.902429880924109,14.058772655725479
17.43433,10.278336381514867,13.977282875180244
22.834623,5.02110807433,21.888088356256482
20.645582,4.254378832367559,1.5847662387043235
6.140929,47.94556888028979,12.056176019608975
0.86624146,1.953768442045483,6.001963471025228
21.674133,0.8387320980758198,2.1514502198994157
16.787712,16.279627987750704,2.4649671129882336
2.6375217,1.2286686804810434,2.7174035657942293
0.7316246,1.1082362189837212,2.3110171681642533
6.0,1.918593595843348,5.272136509418487
13.948203,18.991102578267455,13.80828530907631
6.2395263,7.3712004815124805,14.730775265097618
1.2808533,0.11241670956096232,1.6735317194834352
15.355901,7.041422386856542,4.9958460532128806
15.054569,2.6701116235186864,3.747881456464529
16.033518,10.514049749266771,5.433046962022781
20.705101,6.493093637304587,14.16453719317913
22.417896,3.6842626109025955,14.111520015001297
15.8817,0.7548121359300178,2.1961792247742413
14.955209,4.025567210680909,9.94123111575842
21.919071,0.2808259125703868,0.6347705469094217
15.680214,3.0795335273605047,6.0070561164617535
15.696834,0.9536943693559927,4.975676344931125
18.342249,10.261447807256546,10.496987245082856
0.4687767,17.212645202212865,16.502711771726606
2.2384052,1.7940094689507449,7.462653066515922
15.777777,8.884885798473325,3.913720203489065
14.327461,3.0919857617022677,14.112997310757637
2.9603405,3.2510387256177555,5.834760722368955
5.3341503,1.423817207582502,8.646870338916779
15.047449,8.18923332994183,9.02516911059618
14.463837,10.342935709963657,15.028194702863694
15.448679,10.068795475750749,5.960148249417543
15.208183,2.2785488264029845,2.062058174163103
0.87472534,3.6487219737956504,13.19613628387451
17.201286,0.0955555555555555,1.7685853968560696
13.7167015,3.957528465737899,8.483915374577045
15.715214,3.9532351279703692,5.9985769456624976
1.3961239,15.050583640775747,4.885897832065821
14.068636,9.52216065723449,21.914945026636122
3.3751717,9.286134689648947,12.899416735470295
17.652979,9.205934010864132,7.216556612551211
14.88855,10.89177182050215,7.073447499275207
22.284866,0.0955555555555555,1.4689858857169746
2.9204998,2.550502089266665,11.82274540156126
0.72122383,9.48926729882343,6.135374383628368
1.3849354,1.0764019766320576,3.101647297590971
3.1088314,2.139570377327812,3.3918557879328723
19.716862,4.255592816276476,5.468183420449495
12.440623,5.856477529501749,8.269393694996834
16.358055,6.751887838323083,10.526818631589412
15.159156,6.667883997949668,12.552973737418652
6.0,17.275412302840916,12.913986210823058
16.289104,8.470184476236916,6.107468251883983
14.684646,9.88761195751321,4.903329102098941
15.462388,2.1150507255860913,14.0446183437109
0.07273102,0.30416176889334257,3.7676740145683283
22.634453,1.7377608318039628,2.007178164795041
23.780886,1.6622638803588536,9.608517576754092
15.811606,1.5182690018198142,2.50826522052288
16.187569,4.368165171812806,3.846680268645286
14.855263,6.946483689736989,14.23601982295513
22.903818,0.8292889951496747,2.3138601426035166
3.8475933,1.6709678831220502,4.052220407426357
0.19515991,2.9129753033030363,9.396266251802444
1.4738808,0.8080349171609204,5.833697099238633
1.6864643,0.7556269822241221,3.991306554228067
22.40556,1.9704113144712108,7.7173993778228756
23.748014,0.45744893577092116,2.2429387659579514
23.588158,2.172561116315321,11.334540148675442
16.240448,2.5616808066160104,7.36242950618267
0.52264786,14.281835183919304,13.260363617539406
0.4378891,0.8186207586477717,1.4270975260436534
1.6395569,1.0719934597373422,6.453364531248807
14.399147,12.142441202042004,11.169713595211507
15.947714,7.312230405041741,4.275179517865181
16.105534,11.98547189604905,13.66555110991001
13.454501,6.5361023008036945,7.193202370405197
17.039434,7.215059319581423,8.070803256332875
15.56724,8.844337835758925,13.05517752289772
23.599802,12.882738164092105,17.153641673922536
14.816795,9.703941552117467,9.320694598555566
12.629656,2.724160503001056,4.754717770218849
15.783551,3.849654109272071,4.9460301794111725
1.72892,0.9083913806053654,4.841053110659122
23.89041,0.18723330756823992,1.0392383048124612
9.55934,0.6250908767582021,2.087737927287817
17.9031,2.075140441982593,4.58263442993164
18.614979,4.79953616659157,11.875924322009087
1.3788071,1.5031237649190654,5.734706357866525
0.25776482,0.6557877508015372,1.7667548023164272
23.079197,0.9483663629636996,0.9239335355907679
1.9720039,0.21775485565775948,2.139095756486058
21.861069,3.4039241848311694,12.008381551504135
15.787561,1.429999339829147,1.0896055091917516
23.013866,3.865207178481958,4.037662112414837
23.59003,3.039015842640462,9.622943198382854
20.537155,4.748755469270464,5.004483612179755
9.358456,4.842195405669303,14.368946626782417
1.3521004,2.0893007234520176,8.70234570145607
10.896639,4.900960901097084,12.962758586108684
5.7154484,0.8446747682116822,3.6868218861520288
23.983002,2.361110779585627,4.75406893774867
3.1805687,14.458167676466207,6.527945978939533
15.730033,6.142164317779243,11.75932677924633
17.595396,35.59156780876219,1.5713652021810414
1.4323692,0.41867921705454736,1.8322777511924504
13.559627,7.775554912920213,10.506050775051117
23.902264,1.9051153875711475,11.429299503564835
11.723575,6.3915972994340375,14.601284552812576
1.7109566,11.064199270101058,14.242637094259262
14.774687,6.83972880073823,13.638621394634246
15.15209,11.264822079040524,15.966061354875563
22.14318,0.0955555555555555,0.7072314099594951
21.581005,4.973728332267039,12.695697501599788
16.816917,10.224700141996147,6.880857177078723
15.205673,0.0955555555555555,0.9456647648662329
0.8916092,0.5466318986826162,4.782939187586307
2.6948051,11.205775898421805,12.24253814637661
19.796831,4.424558345466438,12.543036650121213
14.365757,9.823772852220056,7.507004734873771
3.3479424,18.20382235221565,9.748168237805366
18.935543,0.3823175195043182,3.197365180402994
18.214037,3.809236669263078,6.532620479613542
3.7477036,15.509039938155976,5.861286454647779
18.596485,4.9173097905640795,5.093641616106033
7.663763,8.320782213860916,12.453196645379066
13.345023,1.1926142380847078,4.367598454654217
14.026225,11.982877808424334,11.69086284160614
16.080576,9.494090501492224,4.8270463791489595
3.4904633,12.73559611307871,0.505
17.053885,2.3756924980035463,1.388856845870614
3.2433414,3.2794936983018284,13.197831223607063
15.663221,5.905279109813272,11.853635193705559
22.81456,0.44281233848822815,2.195389892682433
20.450142,4.0907516409125595,2.6756664202362295
3.2889614,14.718257284648717,0.505
22.573402,0.34997351233886237,0.8240833520703017
17.691454,6.50033007795612,11.559471471309662
16.648348,9.35276100707137,21.69933140039444
4.4885654,8.419995836454135,12.147520152926445
16.519413,8.918127762981587,3.616870590448379
3.1227055,0.1458453606640816,0.505
14.920407,6.139222442381498,13.982670308947563
12.553926,9.978985216216081,25.571825947761532
15.539407,7.465528708799845,13.914590975046158
21.085793,2.0256801107127425,8.780479143559933
0.9714184,13.965734559471409,14.606882176995278
16.07847,1.1767245307686323,11.328531833291054
16.767248,8.07601163417515,2.3535307884216308
14.934163,10.600098172583515,9.69679904192686
17.68003,2.075274033403645,3.682283785641193
22.83418,2.3103847054029916,3.38470894113183
20.36387,2.2582836420306314,9.131814658939838
21.991543,1.4607773302560156,2.0760991920530794
22.853867,0.7938347935333796,1.5740696335583926
19.957119,2.4527972518652676,2.7704341603815554
18.787695,19.892576669202082,1.4929713512957097
13.879181,3.381569818848123,8.151990422308444
15.378666,7.019404556689163,6.050512239485979
14.612009,9.400925112853034,7.511566314101218
18.586506,7.849488046872946,1.9054070588946344
0.74310684,1.7859453956899234,9.903510135114193
5.6870937,8.563376051249604,5.421151451617479
14.445486,8.516531084032938,18.1696186619997
23.4856,3.0989781371695506,13.486209492087363
19.360016,1.5409907953560147,4.127623610198498
14.128291,0.38035241629617905,3.4135819860547776
15.562584,9.898352462268539,16.721676518917082
22.410183,0.23031725689115568,2.7149962519854305
15.068345,9.315196654287478,14.779415712356567
17.284218,1.6215611520854547,11.04600833684206
15.466045,10.986067314822641,2.369339418262243
15.636387,2.1846430589693284,12.16209782719612
2.414997,0.21985994344454307,1.257584359869361
1.7956352,1.4557654015750936,8.641055070757867
14.790806,9.421140174869862,5.497752814292907
15.233647,2.5899481784836906,12.095878902077676
20.843048,3.0768844074352333,11.380615080296993
16.857992,1.2985182745258013,2.57524925366044
14.969982,0.7200211860549947,3.5272780439257616
22.665716,0.812989563149814,3.1675097561627625
15.048044,4.67377815367447,5.544388626366853
17.204187,2.6357098890778916,12.474529481828213
23.736773,1.8912844815808865,7.465076964497565
16.707403,0.7346959377021994,4.351702990829945
22.38936,2.247202509838777,3.7694326822459696
15.459401,10.839530005372234,50.525
0.2433548,0.5241765719548694,2.0494303514063357
3.384632,2.5228578712558374,7.511548425555229
14.538359,8.226264953689858,3.458712737858295
23.86504,1.8985225588807628,5.245475867688655
1.1193199,2.7057950581936163,13.772223491072655
15.170847,11.26220998828403,6.256967302858829
19.821846,3.161333416158126,3.8195388722419734
18.189789,4.153236419701328,12.03154647320509
22.895065,3.3030129487434814,7.34836985439062
1.368145,0.24751774052209732,3.004315159842372
15.205263,9.07104554599979,8.286216381788254
21.941814,4.464145186441019,13.442339323759079
20.61419,0.0955555555555555,2.072566576898098
15.389386,11.1251333245842,10.4174398624897
9.120022,5.525494452502786,4.706834604740142
7.780099,1.0978574135123442,4.170751031190156
16.754215,2.1705738160640204,3.2261130055040117
19.661278,2.829324160647682,3.5792047661542887
4.0238857,10.420890088896785,13.411972026228904
15.51944,7.824538979522056,6.238627816438674
22.49489,1.6530615181750101,7.968052193522452
1.2819214,12.710625769299352,10.347238499820232
0.027961731,3.0738870905748463,13.194122331738471
23.692719,38.478347076666026,35.415883861780166
15.429403,7.761598394169575,6.884994648694992
15.292644,6.982771456812818,13.292275292873382
15.510151,7.813305025291111,5.616008774340152
22.298763,3.159367392335294,13.306061398983001
15.882433,1.4650326159495548,5.128858200311661
16.515266,9.919394850023092,13.283448786139488
15.018801,8.320117734633387,4.887983711063861
13.77352,30.10487117474278,12.920777150094509
16.182587,2.3528397725998524,1.6916245862096546
0.18183899,0.0955555555555555,1.7118669667094943
15.911131,10.208484230207073,47.601158897876736
20.248959,3.798727750248379,9.01168934583664
14.908304,0.3685682413501975,3.099455391690135
20.365185,3.136692447857931,6.279778925776481
16.20502,9.541896999610795,3.2092478334158656
23.246546,0.5444848717820261,3.8021191552281377
23.91882,0.6761145140678207,2.8761424234509465
4.303856,12.759494452192966,5.082994949817657
23.3034,2.0660443596505664,5.9675131128728385
2.5646915,11.452911434964173,14.22127220749855
1.2908459,2.5604240652691157,4.951201832592487
15.905134,0.0955555555555555,2.5775699198246
20.986835,3.702760828806915,2.3162238530814645
16.728424,6.4262512823008,16.186294698119163
11.256261,0.5572429036377515,3.6944942089915274
23.763384,14.007945356902978,33.34985816836357
18.684786,1.2729215035929036,2.2515068204700945
22.737392,6.760088264849037,15.987655811309814
23.624016,0.941832607049469,4.219734714925289
14.001803,7.432752370745358,10.746566748023033
23.527624,1.9841546597750859,10.006919347345828
15.680687,2.5707995974438056,4.434017135202884
5.283066,0.45292595578267025,3.502995833456516
21.831701,0.971510514063088,3.416345952749252
21.974415,2.84598851408292,4.928991339355707
1.188734,0.7771369399523569,1.057328143529594
18.547062,1.9374612871112507,12.212778314054011
15.279505,0.9759848037631147,4.278471010327339
17.62705,4.573850952403412,6.767731502950191
18.94335,5.800953416118605,7.153651540577411
17.70227,1.349126612318214,0.6971652828902006
16.18824,9.383334416455279,5.152255300432443
16.99482,1.298434294007667,2.8254026807844634
1.6890564,1.263834422826767,4.89281138241291
22.790827,2.18391781917204,10.625482161641122
3.6635895,0.3232011420152331,1.7640943469479677
21.418957,1.8307153996783825,8.748099384605885
15.231363,3.6860502400559683,9.987773385643958
3.9926872,1.6981164012657892,3.2761452189087863
14.00485,11.306021427795706,27.81763152837753
22.294134,3.3627139932807117,11.023132613301277
19.270973,4.131697718336557,15.241060946583747
19.268822,3.2193086150169576,7.362247639298438
20.139305,2.265702568972483,8.24864149093628
16.864197,5.741709201050301,13.817320515513419
15.410822,11.37885800735818,8.756084384322167
20.017693,2.429041710318997,10.146028134524823
13.567258,7.259435402771665,12.220293739438057
14.300552,0.937950886340372,2.594208130985498
16.58905,8.98756420561009,5.631698892563581
16.066347,12.072263357713819,3.328797917962074
16.963531,7.98985846536441,9.1753412181139
23.652744,1.9109160784631967,3.7022291417419906
18.220238,11.631728359696767,3.4644886884838337
10.395838,0.7507147356563816,3.046700392514467
19.694572,4.122551309067963,15.538238888978958
15.889014,0.9770801306671152,3.921784956306219
2.5776577,1.8359633125923573,9.213836623728275
14.898644,8.260308057562344,11.23669874638319
23.981983,3.546510829761003,9.015587558150292
14.030683,7.1440426929771075,6.067538035809993
21.022293,1.4962575136647662,8.873758966624736
3.375965,1.0453418689469496,3.0606113457679744
16.592022,7.368525379794753,11.173717648088932
2.827713,1.9304791406961157,8.742278898954392
16.430883,11.263331092399442,28.700371644496915
18.247303,4.443973086443212,12.122541779875755
3.5064354,1.6953195738275015,11.427753635048866
23.351147,6.098086104587548,15.08608949124813
15.132691,9.809494732069886,5.113689831346273
15.831995,9.004199099375143,5.875977050364017
13.782545,1.126585501888767,2.7034288845956325
3.7955074,1.9104259022842678,2.488351169377565
22.907877,0.7905177165028483,2.6400059764832253
1.7871227,2.4908366418309096,3.7009743347764013
17.946045,3.2649578060375317,12.857942886948585
15.606377,5.555617783592186,14.00266374051571
15.456018,9.015319306546202,11.895392277538777
23.30238,2.566782034922184,3.6932554271817204
0.7706871,0.41985241261802403,2.149514157474041
16.082777,6.5645988034394875,16.728711189627646
10.30004,7.3253996959390735,11.396910054981708
16.034924,6.28073442309267,4.581137754917144
21.394213,1.5932118455100701,9.678307502865792
15.747309,6.051971082532157,1.9186885589361191
15.006663,1.9556473143440152,5.459978540688753
6.0,8.512728331606422,14.545168184041977
16.86203,4.606017638949884,8.770629262924194
14.851578,8.740348473298882,4.426067539900541
14.850046,9.745207185130567,10.07308833360672
15.673725,2.993262724450065,6.620466284155845
15.103321,1.9762158924030762,2.9076694950461386
21.10425,2.7143262922660343,4.581184712350368
1.5409527,0.0955555555555555,1.2522790084406732
14.467868,6.585376054162366,9.018624138832092
1.7989502,1.5812401720382168,5.512147876322269
21.15682,0.763556441158677,4.7833319902420035
23.469513,1.765303475326962,8.87986566901207
1.6266212,1.0804705821238976,6.888879444599151
19.895023,0.7402631504789718,8.371925623118877
3.0803947,0.38744383456088444,1.8417302638664839
21.912296,1.13245493201125,5.519255964607
15.780386,2.2123981599054403,2.737793713137507
11.634569,0.5945069825958409,2.979160696417093
16.002094,12.152679255755826,8.740865703821182
16.252302,1.7151543196854697,3.6866616345942016
15.858871,10.591055690484742,3.683396602272987
16.47335,5.54148164268583,12.258768275082112
19.410416,4.629028914661871,5.558986797928809
20.367332,3.61171367228652,3.126157400682568
3.7243767,12.534091969006179,3.890741248130798
16.219046,7.194520201192548,11.292900085747242
16.25925,9.421800562476532,5.02893911793828
1.3119774,0.16048172139994368,3.2094220604002475
6.0,0.2518506135761789,2.0708215119689704
18.16591,8.050185323312052,5.361116000562906
20.738476,4.4632352099619395,9.060389421582222
18.003311,8.652517739935883,4.140586470514536
18.931936,8.200391180024793,6.219883228987455
16.264969,8.006449169624183,14.628117371797561
15.456291,9.31157065988208,11.992992929816246
15.813308,2.9890446725063438,5.806225510090589
20.938885,4.14014977954535,7.1636184421181675
6.367592,25.233302274098,14.79558993935585
16.151325,18.714559744286042,50.525
6.0,1.4499767809645792,13.590286543369293
0.6148224,1.104310717931431,6.10359277293086
21.838318,3.0026319224744413,13.316623094677924
16.167652,10.479962455889003,14.787027288675308
15.115526,0.0955555555555555,1.9922521297261118
16.040594,3.1584244783082975,3.190337404236197
0.3904438,0.5242773281185267,2.1222372926026583
1.5993366,26.84359566948894,12.835088033378124
15.950458,11.794593691347789,24.543625119924542
15.877591,5.768484767952727,13.781854982376098
15.4589405,1.6297710916299062,4.014982417523861
15.83104,2.108395295096561,11.146182703673839
20.630182,4.463221707613104,3.765348130911588
15.177909,8.470597729943693,2.6102685048431153
22.804783,1.9024975685454493,9.863792345523834
16.13987,13.167401228830633,0.505
14.633793,8.972790999335961,6.643609217852354
20.209047,0.0955555555555555,2.3626554375886917
15.479669,4.723843226507306,12.72955530166626
17.963095,6.152860223867206,9.54957854449749
2.4102,3.1497295794015128,11.24456299841404
12.33909,5.950538983109096,12.873480579853057
15.501637,9.879599745546779,22.975573316216465
15.104609,9.015705555555307,8.899186044037343
17.569239,8.082622056835227,7.441627316772937
17.926779,3.456577003276389,6.863786286711692
14.142331,2.7677131474933896,0.505
15.943375,9.01489050468016,5.102475949078798
20.23294,5.857732838781343,2.5922668510675426
16.343704,6.726485419380996,4.184977270066738
19.45357,5.061835659200119,9.622007776498794
21.134682,2.4927202194934295,4.615096178054809
15.988517,1.5138295931876118,3.837172879129648
15.992336,5.999642525040027,14.534573692679405
14.820469,5.0637423545204925,4.418623296022415
16.521742,7.6720164470788506,14.66528678894043
21.584145,2.0099791294087965,4.426884077489376
16.083313,7.393964623324573,18.851209532022473
17.775494,3.348204287389914,9.948528897166252
2.6304111,3.4233379029027287,3.1994368976354597
18.105179,12.836488118548361,0.7534100392460823
12.243437,0.9962764813805309,4.5451758146286005
16.711008,8.203018818940555,6.979660088717937
21.59488,4.334649887031151,3.0957032691687343
0.08668327,0.8770537075902232,2.3299853624403477
22.584732,1.9375003620904558,7.568175363242625
23.728783,2.344742045757464,12.531622267067432
22.97039,2.0374251083889976,3.220625880360603
12.961294,4.603240246710678,7.9182914760708805
1.213028,1.4282784040957792,8.691846615672112
19.498486,0.3273427573667787,0.7997164505161345
14.761863,6.333679997010363,4.425717222541571
16.071785,9.648537732387583,24.90937880337238
15.17638,3.384930676221847,3.3057051094621417
11.7012,0.7102728482127552,2.021129087768495
16.362461,3.0286722251084734,19.823036097884177
19.785194,1.1549954667433888,1.9788317139446736
15.418319,2.206445669879516,2.475926269814372
22.717682,5.704001641536339,0.505
0.25165558,2.352426518893076,1.3110470746457576
16.953384,2.7704539197259064,4.041092241108418
2.8042603,1.6227095677701033,10.21134294271469
15.674889,5.5430385044227455,6.534648966193198
22.775248,2.0759569249250407,5.464073899686336
14.903763,8.845989213937687,7.52241124510765
2.3581429,13.500594190255637,13.210751225948334
16.847612,9.388657615193063,11.406559434831143
15.10545,7.488214291491442,4.3826688092947
6.0,7.548683537844982,12.391042892336845
13.964653,3.2661218721719663,3.575449103191495
15.183635,0.38172188179774413,5.479504261314869
18.516144,6.122839183299285,16.9689156037569
21.845446,0.42767763751119164,2.520726828873157
15.335475,4.005902062507554,6.486461322754621
15.094169,4.340105654284772,2.000983510389924
16.539164,3.6306591043507472,6.774448651969432
6.0,0.35948080256723586,2.5102890486270186
23.124107,1.0686999095267513,2.5116944175213574
15.53481,8.761939138248563,13.368039247989655
15.430946,8.193748842722012,11.36404208779335
17.392803,35.44890444594125,14.064860724210739
16.45227,8.354359691279631,3.988428361713886
2.2376022,2.7969592350705836,4.548116244375706
0.6042557,2.1259935609929057,11.809330482780933
21.570763,0.46505541238390524,3.5888880597054955
1.8526268,0.38659873584505267,0.9060985154844821
14.940958,8.688109931465654,6.13920365050435
11.545702,9.035058922219195,11.588324205279351
16.373396,4.1553767465727605,11.37184000313282
23.399601,1.013578923088757,5.776578599214553
19.426826,4.216487968239106,15.139058966636657
15.893061,7.77808271628701,14.613866163492203
0.49626923,2.4100977103220713,11.688475466072559
23.36589,2.6714763836562634,5.894572939276695
2.6692657,1.7783708848649016,6.942362470328807
14.602663,9.939532171243595,13.763917242884636
21.10164,4.297894038529032,7.804541938900947
0.17985916,3.910953136335851,4.4167054948210716
15.491325,11.664807477694833,6.003899533450603
16.168827,11.019902564355483,8.773500374555589
22.438427,1.8181260960378371,2.3541719809919592
6.0,0.2958439767803065,2.3689384166896343
16.61412,9.298156690057368,4.215526434481144
20.49083,1.1476267644475833,7.836164416074753
15.869976,6.843675987381074,4.745178703069686
21.829775,2.4667329033495236,12.091755592226981
21.247366,0.4114923105880411,2.028764515481889
21.112045,6.399659838337037,13.69209324002266
15.671141,0.6872523663538352,3.8703382433950897
20.484232,3.5810686595375754,12.97038954168558
15.341871,8.230810744464398,11.803312477767467
17.157364,6.567865553533451,4.4648074223101135
0.24330711,0.0955555555555555,1.261188668962568
3.959156,10.289141533879771,10.944500527977944
19.165943,1.5669654274752571,11.690794268846512
23.848978,1.4275288191543787,3.7415947505831717
21.622482,4.01260700160948,14.211561708450317
17.896843,5.091460221706786,13.205696220993996
15.799462,6.992891671845896,12.658349944353104
2.0847855,1.0057474584737793,6.490031951069831
22.699532,2.7214612607202593,11.030420705080033
15.935047,2.611273297239612,4.697244108021259
22.117714,0.0955555555555555,0.6484282654337585
16.089638,9.817242625328817,5.162261333167552
21.325127,4.56017757381623,13.824362639784813
15.267262,7.230163947145144,26.1575237762928
5.831032,0.3758239126197683,3.0000021568685766
19.373829,1.127945352081313,6.829789105057716
16.303621,4.719038845294466,7.440462325215339
17.400347,9.68724201074284,9.37726488918066
16.996832,8.797232641455615,4.077027348577976
14.997939,0.5300054950308468,3.4524880828708406
19.52901,5.8030957888004675,14.14611944437027
3.912632,2.3896224212185997,3.496702233031392
15.4340725,2.101989044317355,12.442160903215408
14.872395,2.4855834098098177,8.549558884799481
22.60973,3.746011307098799,12.760425714552403
18.163803,9.749072948518313,14.656925384402275
18.072147,0.7524617554727269,1.5583375890552995
0.86021423,18.20973719932967,10.602260592877865
15.845375,11.478086359786491,13.969027311205863
17.851257,2.7788462432701553,3.905374824106693
14.918453,9.044823166237524,5.5997656019032
21.940277,1.5774143019538474,4.182615981996059
0.25823212,2.15479161608602,5.322112262099981
22.469284,2.7561796866155537,6.933885535597801
1.4358215,0.21589810368449733,1.5105198285728694
17.186436,6.946381399215509,6.548729115277528
22.452858,3.2158892474649474,15.093623550534248
18.725986,7.490392670436866,50.525
2.755579,17.338842246048152,14.683713482022284
2.0258713,1.072234149334383,3.839094407111406
18.85138,2.439934014208201,13.34419679760933
15.181734,13.885961045904292,16.587241114377974
14.995025,5.106626632745481,14.231655017733573
14.534526,9.624795693190148,1.8190769359469412
23.585384,0.8342746863118372,5.684407866001129
2.2759342,1.2589612000929709,3.8281838847696776
3.3324394,0.8640817351088238,5.334529521763324
2.0543919,5.978976566404518,4.577330476045608
14.7367325,7.810080828054083,13.026563302874566
15.736332,6.21838098533348,14.232771561145782
20.90686,1.919830901991162,6.955342846512794
3.1469269,10.539626471257458,13.885121086239815
1.4120884,2.1315829196675784,9.647500445246697
0.24513245,1.3840078847237036,3.2181281921267506
0.9647713,2.3123147229622636,6.158315325826406
15.373157,8.645508793404119,4.284418951869011
5.263481,0.6875181171286385,4.110897819697857
17.213737,10.474640075475392,4.990380729734897
0.43261337,30.010279447072083,23.23594259381294
14.585928,0.3895835221165584,3.0590252280235286
15.34632,9.085950502465582,8.863561750054359
22.926851,0.3155274349570067,3.88957886531949
13.447491,12.4187434487169,5.977043981105089
16.3475,7.39455218007995,4.914508697986602
15.7786875,3.833558081974172,19.89988678216934
14.870446,2.411521185218977,2.9166288615018128
21.983086,2.8708428604109213,10.384789539277554
15.142578,1.867267690042758,5.256434838175773
17.506405,11.340522793204421,3.0420667000859973
16.411537,7.965111524083962,4.545846262425184
16.123777,5.962147320648655,4.602274562716484
19.572489,4.9770134946548685,5.343339630663395
23.690277,0.0955555555555555,1.2456513953208923
1.2492828,0.7060319343374835,2.401058605387807
19.42546,4.366828439278114,12.30702784538269
9.982407,13.711044254174663,16.843150181174277
13.223152,5.1440784659557455,13.50042194187641
11.496281,2.357951843701303,7.804048513174056
14.757132,0.4816751671517785,4.897431099414825
4.4738026,6.206834840430981,13.158619530797004
15.982571,11.327927147551543,4.5466121158003805
23.122002,1.463260944117533,8.113965336382389
14.455507,3.535099299184771,7.483833850324153
21.335373,0.6612214233025183,2.866812615022063
15.885089,8.180670385807753,7.08418286293745
15.72566,1.3839915182402667,3.7469069033861158
18.72498,29.598132114575968,13.451253782510758
22.142149,2.5828025718152317,10.366695275008679
3.8411827,10.200259253955965,7.564666972160339
14.721563,7.83775327824884,3.991284566223621
0.85518265,3.1933311187631137,12.24690891444683
0.15376854,4.492433834737167,14.601716859340668
17.002834,3.066990459035668,6.895569015443324
19.9639,1.8482418576286483,6.597744849324226
18.94913,4.8127647859913605,13.819614721536636
16.434658,1.5904418181884101,3.9600802338123318
14.491132,1.0047916558410765,10.8948344707489
6.0,7.819705956963201,3.3715429712831972
16.391151,2.7062539334729725,9.616195489764214
5.0071526,1.8772031683940438,8.560002814233304
0.9467392,0.25522529295661817,1.458508508428931
20.435867,0.22975683269660088,0.976695056632161
19.48515,1.7818798589137277,1.7854052885621785
14.65502,1.1872319154255093,3.019284705072641
0.31946945,2.7067752059704313,4.191756656318903
16.343525,9.72102243255617,3.7888227480649945
14.89894,12.853071457890588,4.799543485045432
16.271162,59.44320025258594,16.66609084367752
15.202451,2.4626883361302316,8.117478944957256
23.625116,3.8831108838754393,11.718487974107266
7.3382144,10.22963054513145,12.419288161098956
21.575317,0.538762381993648,1.4902779139205813
3.5688515,2.2299559187552784,11.038745587170125
3.627842,2.372622759453952,2.793085718080401
20.075752,2.8622001296700907,4.418863300681114
1.0772152,1.1065885232637327,6.00449432760477
21.691101,0.4101873648328991,0.9818442559614777
15.9713545,3.099811191176478,9.209131190776825
15.608292,2.9916107325281738,3.237242476195097
16.843538,15.936002211458982,6.3770665284991255
16.138554,10.083206164416755,4.907733411192893
14.126402,11.487294143367974,7.102854032814502
15.915919,8.723830599890402,9.818164627552033
6.0,20.625978431780307,14.141356619000435
17.074024,7.049779931623489,8.860039197206497
23.561453,1.7779549716045664,6.846303214430808
16.650126,3.5838624182602183,3.3251909535378212
19.53508,3.948261762816045,7.731614063680171
23.175331,1.1745034966757522,2.358615421280265
2.7426643,2.1879961422634207,10.099673694372177
21.102442,2.3374800324755616,5.46741533100605
14.933435,1.6544429516675883,6.136549064815044
13.906733,8.701265310852065,7.349429005384445
23.420362,2.0172722390092286,9.579840746819974
15.541744,6.4854095733310615,5.096135577559471
1.117794,0.6329375826608803,5.023787962049245
2.0752144,2.1037502825161853,4.631818987131118
5.928211,11.027389412203597,12.935456938147544
16.199532,8.284218671539179,6.488450678139924
16.800713,5.656298252263417,8.583040280044079
16.714418,8.618402623536273,4.118864558190107
17.079144,5.4167183027995955,7.975863525271415
0.74145126,0.2455155186409764,2.799561185389757
15.314875,9.531124580212765,3.3512704038619994
15.528556,1.86482969775382,9.916378707885743
15.647149,2.0058494564756337,1.2043937000632285
16.431751,0.8581173793824078,10.026318730115891
14.887391,4.396326570700233,10.221554321050643
15.153058,6.754987650285992,14.11832958817482
6.0,13.7151776095666,13.855819647908211
20.8603,1.90947664624494,5.789959976971149
13.916773,7.722187083729853,4.847073351740836
23.556084,1.7314967648496125,9.556985893249513
1.4609375,0.0955555555555555,1.2419917435385286
15.689007,3.3217454119419885,14.904265837669373
1.0264702,2.5931124334751314,12.922457928061485
14.92745,5.929277284476492,13.82300460100174
23.576687,3.6967273246879793,12.421807464659214
3.403162,13.058773604964632,9.447657808363438
23.182991,3.2126844854270002,14.084563466906546
15.136619,9.94138158387194,10.422747543156147
16.380417,9.205844813529403,5.062368338257074
14.925529,1.2837896669190378,5.337065223157405
22.66659,0.991550556997665,2.7334305849671363
20.018253,2.8607866792442898,7.454100850820541
16.89397,10.898434615909226,12.643784195780754
17.444372,3.9003447909342746,5.952992085665464
13.139168,11.409994423772313,13.656688826084137
3.007351,1.1576765013113617,6.091538129001855
14.700888,4.958681396557432,6.626276334822177
14.80032,10.699622758362029,15.581007421016693
15.605871,4.680470408751733,7.500406842827796
2.8085823,0.2577841798556295,1.9327148560434577
15.720629,6.511783343065116,5.431002822965383
14.935593,0.7058470953651703,2.8351715039461847
13.706343,7.780314286303603,15.75252578139305
16.630568,6.922172915240129,7.208307756781577
17.956612,5.199299390233225,13.523851464986802
0.7192116,4.458022894149439,13.917186304926872
15.781565,1.3552051242666008,9.668395757675171
0.8931236,0.20288316918407667,3.5353092557191843
14.257557,5.3142186994943765,6.085118004381656
15.786018,8.239431789614676,11.530443578660488
14.651144,2.414424803961689,10.348414671719075
16.633968,3.4738665563789093,3.114889852777123
19.165834,5.779854973158281,6.0648152500391
18.718662,8.055549438258426,6.8769515112042425
19.418303,5.943951882687915,14.034957038164139
4.7798576,8.874184573278246,3.9132424302399156
14.689655,7.750875074221856,4.0986695078015325
12.381214,4.832041639345181,14.14348684668541
19.190044,9.2932950261525,7.25133120059967
22.764519,2.657710534437663,4.897227244526148
15.75419,8.142657591377697,14.085197019577025
17.116652,10.235120682000288,4.014487501084805
15.648516,4.437922397516668,13.86008755683899
16.995682,7.955154973885251,2.655371492132544
17.85727,5.772719595541971,6.038355109095573
0.40745163,0.4351260752684902,1.9932741992548109
19.421232,0.5549441287485468,2.173065918982029
15.155242,7.307421932208041,8.846502040028572
4.389927,0.2830784265712524,3.906501429826021
15.249699,7.157767625987115,6.188003976643085
18.974703,5.342992204862336,13.873244582414626
15.128685,14.0805045245712,0.9289020792394876
15.399683,8.618986906994962,3.360411637201905
14.264161,8.130166691218815,4.838263242840767
17.417767,2.57151767690459,9.862157779633998
16.135647,7.892342047103577,6.145282774716615
22.810139,0.483218500967228,1.0788558905944228
23.97936,0.33540995048850564,0.7600825600698591
19.549904,0.0955555555555555,1.4632726381719112
17.073895,6.062431720420718,10.182837544679641
20.851711,4.879375964416605,8.609164265394211
16.196167,7.466916586595277,2.591092169880867
18.181879,3.901123017221689,7.177520078420638
15.298123,7.198961246473093,21.586842260360715
14.619732,9.32634877610124,5.118248801827431
15.750921,8.692545248476996,4.30306627035141
19.63281,5.029606370854502,13.394806475639344
15.650187,9.41367624009856,0.6575520294904709
16.702553,10.09369135203047,15.477513238191603
1.1734352,0.40420201397694955,0.9754803125560283
15.515088,2.1706087994223666,6.503917189538479
17.386932,22.225599243322183,11.799225690364837
1.8105755,1.7583443442791595,10.55383853495121
23.532623,5.994779224486814,17.132176909446713
1.4136372,1.6361818431920576,3.6886073866486546
14.944272,2.4749803835153577,3.6532152710855
3.8579922,12.01467624909348,12.716469830274582
16.172115,7.986898586834884,4.990071034282446
14.806942,10.591679253503681,11.309724263250828
10.454736,11.766714205137559,12.348384672999382
21.730408,1.1005412099243967,4.61011757209897
23.609535,1.721968505064336,3.6961343650519844
23.293468,0.11674063858757204,1.0134303038567305
15.10748,8.873714036879441,15.612895244956016
23.428799,0.6540979625319596,1.5110676652938126
13.64473,2.4727823647898104,13.904862587451934
20.473255,3.605671984925866,2.063726653754711
15.984953,9.236219370139557,8.740889555215835
1.786644,1.7743909652551841,7.777159047126769
15.995267,6.208624106232698,5.659336323440074
16.45641,0.4584762906233987,1.3714061965793372
13.673618,7.915584090232021,17.393925095796583
21.05368,0.501214549128975,1.8372399593144655
15.959174,7.825074163530435,5.321160815060138
15.805268,7.996520442447315,18.809481517076488
15.29032,8.773520061928366,13.814407663941383
16.265114,8.07819737803812,14.547690469026564
15.029691,3.567375232008182,10.960287915170193
1.8241253,14.139378038789664,11.468606601953507
14.63833,9.772657051150585,7.589879387021064
4.445114,9.464681567404833,15.036493497490882
14.319602,8.663693593150626,7.174298649430274
14.725232,4.666706196181476,6.554277173280715
13.810387,9.070260773119,19.77320308089256
21.726135,3.5074520124582986,6.559631066024303
16.412806,6.561399155927615,6.023572834581136
1.0543785,0.0955555555555555,2.844630631655454
21.107203,0.4447741172544192,4.285320087373257
14.325432,7.155501686355306,14.291888733506202
14.9655485,3.6733637604200178,7.591280656456947
0.68771935,1.9433135324261253,5.7210827393829815
17.92849,0.0955555555555555,1.529362616688013
15.270988,2.5748654410915655,14.77163121342659
23.387592,6.899273340777597,13.860789682269097
20.506317,1.1612981995148584,6.7179160018265245
1.798603,0.1102164020849967,1.1413536254689096
2.9581337,27.13458028845489,0.505
22.75319,5.089577257787394,15.100407781600952
14.707758,2.4998377985590032,9.506565535664558
15.596945,11.395610739803978,10.241406134963036
15.85392,17.029309491403403,3.913030376434326
20.41592,3.726004099421617,12.356938379406929
18.470835,1.2940461329267254,2.5495948426425454
4.0298767,0.9057093742774385,2.349177163541317
7.9417458,5.640498049153636,14.804089980125427
21.046505,1.2602593691010648,8.166552444100379
15.461251,7.83213302783668,5.660000808387994
17.627394,3.2342827198752717,3.698158752173185
1.7264977,2.3301509166115686,7.078334053754806
0.8202858,2.1962016833154485,3.9733341556787485
12.63233,12.838227875737681,1.4940823045372962
16.623959,7.145049231708463,5.66458512097597
15.730109,3.9477003924341663,5.483503842055797
15.084019,3.7185147966009873,6.843354585766792
23.380165,0.0955555555555555,0.8830510339513421
20.846004,4.283111421526927,14.250118978619575
15.383598,1.6703758255837275,2.4540774606168267
15.790785,9.143158726994363,25.5777828335762
18.158806,3.4458438634386077,4.662692381441593
14.473099,12.471849414172272,4.032362630665302
11.109877,0.556012399809616,2.1242033556103705
16.778534,2.712324671341727,10.221499910056592
2.6624126,2.010535589845644,10.847302367985248
18.039202,14.475419586656823,35.88884211063385
16.328228,4.545275890647123,11.849531263113022
11.968603,4.221060763711317,23.921904231905934
19.30718,7.450874977854805,16.209490179419515
15.702417,6.5701102167367935,13.743370757102966
1.1261711,1.1583210338872028,5.258514754325151
19.894829,3.3476613293019017,8.531127719581127
20.094551,7.109626433282263,14.436186689734459
0.8495407,0.2949914875742979,0.7950764691457153
15.3470745,10.58830202964652,7.144968142211437
2.7740765,1.4152542634484253,8.05704920053482
0.40379143,2.2109411337174887,11.328909728825092
16.257252,0.4875093070443512,9.001303554177284
16.33573,12.995413219311999,11.639953530430793
16.982067,6.7874845306357985,11.907950782179832
10.118431,2.983559241001494,5.653338443040847
15.521988,9.140959071620472,1.809989554584026
14.838825,11.371624840003335,5.431794018447398
1.9243279,0.9425280291597462,5.823191305249929
20.763515,0.0955555555555555,1.4923861536011098
6.0,3.7638217235366915,5.169260226786136
1.7539597,68.96959344042672,10.781773642599582
15.805342,7.679332265175051,6.237933889925479
19.240797,7.657252242370612,5.589016449153423
21.476383,0.6597856223977739,1.4029955985769629
20.045563,4.866795866922993,9.892551909983158
14.934183,8.051362073471148,4.903056301772594
18.225006,18.684885673166978,1.1265835561603308
22.827486,3.7442625483435887,21.361422729492183
20.965878,1.5333494888204666,2.272323684170842
2.7037373,11.120744652050652,14.278169709444045
22.267334,1.767830869531673,6.536733727157116
16.641544,0.29336424995860494,2.1727979634702206
20.85276,0.6000040240748785,2.029998172968626
15.058458,5.989931062930781,6.248803045004606
22.186848,0.0955555555555555,2.3405791084468364
15.319271,2.0790055916272103,13.293117545247078
22.252428,4.6258726383311055,9.93769141972065
14.666987,2.0529339880936055,3.64575462937355
1.410635,0.34785584281793686,1.1866303738951682
14.499332,26.53467011137969,8.978904858529567
15.212364,2.30856393412066,9.033970275223256
0.9315891,2.68490385582981,12.926488813757896
15.204942,2.9455673138378184,8.107542603015899
1.6046753,2.812039926652279,6.8110098585486405
15.820385,2.910903101918908,3.3246090167760847
3.2019806,9.857084374282923,13.353573377132415
21.739899,0.7481777772879123,1.5306105291098357
16.117193,6.251131955338642,11.663078948259354
16.386547,1.886896218209424,3.469999665021896
20.333609,5.16753286420678,9.829809325635432
6.0,0.593554555550347,2.278278520256281
16.009928,6.625606507098095,11.429535036087037
2.286333,1.7218824787357718,8.091859565675259
6.052296,12.865600000961374,0.505
18.615667,10.034411130698606,4.909170085042715
20.605408,3.6536671067660467,0.505
0.14184952,1.799976586521241,5.115889004468918
23.090578,1.0440503488227517,2.943585409596562
4.8593407,8.549317241977487,13.314293111562728
14.778199,11.331796184235978,12.724582285881043
3.1091652,11.589073212239892,8.248757766485214
15.083201,3.026751004534049,5.605764973014592
22.982994,1.470449410514492,8.466465097963809
1.6395645,2.60749632202451,10.4518417724967
14.833529,8.849080024334706,12.986916322112084
23.637314,1.84053897219917,10.225896765589715
13.812801,4.7130102511205605,8.335420318245887
22.470102,0.24098256532688128,0.9710578819923102
0.47157478,0.8157402575629142,6.419018895626068
14.463625,8.250254945111358,14.053504478931426
15.360459,6.248871334813949,6.9439292088150975
15.419685,3.7534654219800396,5.905735391974448
0.4622116,0.4458804659621091,4.536972425580024
14.232923,5.421599197322503,12.047222802340984
22.963736,0.1161891520273315,1.2292202999815345
2.872963,0.24824768568337371,2.389126386195421
4.2793694,2.3906557600665836,2.740964271575212
15.959378,9.906998875468142,4.270837073326111
14.646677,7.519344161312199,9.234773676097394
20.582434,0.3068447597675387,1.6566078506037591
14.227871,4.033819600791774,7.295633675456046
17.559757,7.036343867046138,11.628482500314712
4.622423,1.4501613130653275,4.687787402719259
16.96651,1.5712841332921137,10.523675464987754
16.365324,1.8280562552820063,8.372936325967311
0.6102314,0.5532376159787074,1.2240845170617103
15.590057,12.268157071264254,41.04657204031944
18.965391,6.148091030593754,0.505
13.832989,6.50194463154715,3.5385340388119215
4.560299,10.68096005729917,36.591700971126556
0.4819107,12.543819388436775,12.42127975255251
18.029224,5.5244195837030805,14.042468736767768
15.650593,11.22701141068091,1.489176557138562
15.377941,1.4476483418241455,3.044295501112938
3.3092175,58.61478778036104,10.949185090959071
15.595515,5.322060700033067,12.201164920926093
15.002267,0.13819239300908515,3.592492229044437
15.303681,5.429778756582074,5.750680084079503
18.815327,6.570139267244893,14.437844361662865
15.536254,7.795936913068096,5.783508920073508
1.5461273,15.808644783948031,13.584671030640601
15.951246,12.803253518957645,4.539838319718838
22.887129,2.70349270313616,6.546499382555484
15.440062,8.755932638827298,9.807037951946258
17.61311,5.674487143630783,15.827748607993126
1.8414917,2.4946672172792668,11.018758863806724
2.2117825,11.156484960255524,13.924238864183426
23.960587,2.776621219846937,12.462969754338264
6.0,8.820847840406415,13.477359133958815
13.735057,3.685695087365392,8.89023208141327
0.017190933,2.1150065360808123,2.8010023313760755
18.983732,0.6514674083363368,5.395043118745088
16.02077,7.1955111917646395,6.880687235891818
18.621937,4.425495326643189,14.636958785653114
1.7294235,1.5308156503129027,8.788060905635357
1.9261398,5.493491430790681,13.371165271401406
3.9895267,12.015011762003933,15.169839191436767
0.25881004,0.0955555555555555,2.92040073595941
19.26897,1.2939336133530985,2.929753836765885
18.09211,7.203561046642975,7.1246743321418755
14.082321,2.26503645309661,4.34869361564517
6.0,8.194195647719834,9.218498826026917
17.89037,2.9566251237907757,2.8230622626841066
21.577278,0.0955555555555555,2.750769989863038
14.206571,5.846810666059868,8.61600887030363
14.284147,1.7803940890892407,3.107843070030212
14.119412,3.5119129021000117,5.713269544243812
2.8905048,1.5787861201374067,10.682289475500584
15.492709,11.123794546239079,29.95675876498222
19.10452,15.747530698147086,1.863416958115995
16.85305,9.950646650145451,3.4791735076904295
7.207873,0.9217436181003641,4.787525363564491
15.793655,9.429189211424028,24.516671553254124
13.39887,4.682913515566745,18.211149902939795
15.00693,8.61477908410339,10.970323389470577
17.452969,0.928097547277834,3.087862309515476
2.0847855,1.5060941793723033,5.629990909099578
13.503947,11.613898712640836,12.378787002265453
22.025347,2.429709667424257,9.831941789388656
15.365079,5.197092369941787,10.589659602940083
16.440273,1.5663221223856736,3.9831471411883825
21.701962,2.8937761907455406,8.32200018197298
6.723543,15.023356358930469,6.86410529911518
17.509712,1.004494092714093,1.5060026912018656
14.6224,4.490810688742333,10.056151607334614
2.7818184,2.1956920719374384,6.601947912275791
16.074913,2.5469290813513927,14.11041390657425
16.091825,7.639636996247702,4.880633009374141
23.570442,1.404476934105365,5.663129440546035
16.37508,8.167083749582785,12.034494356513024
22.20854,1.1236329882767877,3.047216924279928
13.869551,10.53233356623807,13.29809950530529
15.017302,9.800495621152223,8.572032116055489
17.40897,9.748734162311173,6.800299091637134
16.382807,5.402710638788218,9.162395128309727
19.4594,3.884560545145844,9.466677059531213
1.7737446,11.791227924029034,14.31075816810131
16.604887,21.799898825892143,14.431562500596046
23.248287,0.5596008024483712,2.3653247440606355
21.490618,2.7842353171037715,11.062165420651436
4.177696,9.816377656679187,12.999275071322918
23.925224,0.7788156297003539,4.599258852005004
20.099615,2.293555868809215,2.3843676602840422
15.386384,2.1322985441558475,0.505
16.927498,2.7649907875547393,3.7935006028413767
17.98177,9.555471360973186,1.8024258673936129
0.8753338,1.8382355942364987,9.545249516367912
15.314841,7.827490674809863,3.930368104279041
23.50886,2.410133102842503,14.281350889205932
15.980488,5.722708532104475,6.8214590054750435
1.0600262,0.46251640820500645,1.759284564144909
22.257345,0.4268785439573952,1.8546594899892805
14.991266,2.8683819550451717,10.11510181993246
0.010421753,1.0102391375624573,3.133236233741045
20.120695,7.118834216863744,14.360753672719001
18.406717,5.08145907284071,6.341570063084363
3.789404,0.2592410270351683,2.2282845063507555
23.495356,2.6878084974777368,13.41934956073761
16.221134,12.469295424431976,2.558769244328141
16.076834,9.836704829107557,22.09426130235195
16.151035,9.977953309435398,8.88768147289753
14.353789,10.414176557391055,14.6988784968853
15.796392,5.83749322703936,9.955404061675072
22.573025,1.0399231308621042,2.8249262119084593
22.750172,3.0899205160736,2.61841766923666
15.30917,8.405430484519652,13.249326384663581
15.831741,7.921973565365705,6.111732434034347
15.89045,8.61700983579581,24.905735502839086
15.048555,4.743555019158456,8.176215240359307
6.0,0.5228080782132585,2.520817575976252
22.56814,7.385941773143907,8.600661243200303
13.119667,8.812379003552099,8.542423591017723
16.107044,7.441118917078193,22.854077293276784
3.5398483,0.48125429280115184,2.7522012598812577
14.689325,12.368342862973611,5.93418004348874
23.694866,0.17028709260106548,1.4632264260947703
21.813694,1.320260636318837,9.0030916634202
15.355624,1.3811718800156894,9.004378893375398
13.56897,7.325164018577586,12.939246328473091
15.290341,3.220375505155987,8.033399797379971
15.172931,8.51845496416092,7.5007526880502695
15.692753,15.028204111324417,1.8869471974670886
13.667885,8.594271062033044,7.387592727541923
16.625916,3.5546470178394682,6.797866249382495
16.219193,4.523348894462817,6.01192403703928
18.463793,2.373406304848484,13.258925080299377
0.6673012,2.0460436985667587,8.269333321154118
16.990444,9.715631312912123,5.131846332848071
1.6539764,77.32395001639922,4.493588229417801
4.2786884,9.224901946843085,5.224566393494605
15.410364,7.682187398210582,3.633535261750221
2.7879143,0.957443623839774,4.498545592725277
0.19707108,2.20899474967478,11.911957816481591
0.48405266,2.1451603497456135,9.529538900852204
4.1064262,10.992113093804155,19.084306230545042
6.318838,14.08722623931865,15.558098156452179
19.750048,4.562264709616493,3.3220649301260705
20.140562,5.047436427072518,5.709096295535564
15.44404,11.505663066053144,5.630389674603938
14.064536,13.649429353980555,24.264092737436293
21.334,5.204919640645385,5.222478278428316
15.805323,1.8890930094487137,2.327020708620548
23.361908,4.582534599352835,12.640475560128689
15.527889,5.958820014565976,4.924399945884942
16.41124,10.899755391122566,3.2716264976561065
21.376043,0.781936104348602,2.5943970787525172
19.053648,1.6107163109982179,11.368344283103943
23.13353,2.3624207120036913,4.050128938257694
4.6360283,0.3237202408391102,1.9109858628362417
18.010036,2.024307576495533,4.963990652263164
14.719311,6.435652190386835,10.535241900682449
13.110495,0.4100563562475144,3.738905878514051
19.538721,2.791103511877979,4.556328950375318
15.894739,8.774695993763292,2.4937710261344908
1.424633,16.206111380801435,2.0939389172196385
6.0,0.1235589028009821,1.2677279573865234
14.843751,4.65343297811432,13.995302603840827
15.939162,11.917536259951692,13.863942538499831
15.49471,2.693780831864828,5.263657338619232
21.896719,2.8875057817788585,0.9919897634536028
14.353846,6.574289398282352,14.589481093883514
23.728445,19.400357953140304,19.897234805226322
17.178993,5.1397245721995,3.821670590639114
0.33639526,1.3138068204471427,1.2165403954684733
22.097874,0.5449296309694182,3.17245985224843
17.547913,10.331572460513563,5.03712051898241
23.36325,1.5182149924244732,3.2618150028586386
7.9208326,6.59807030787795,14.835087848901749
0.9534683,2.923104110739918,12.538949862718582
16.606115,3.928835974462951,5.686835863441228
1.8943233,0.25343675597486753,1.4522054047137498
22.947903,0.6348633040182499,5.0387852717936035
15.738689,5.949681379377014,13.910017470121383
13.532318,8.912611439739251,12.407495137155056
2.3677502,0.3863967376377614,3.123295792341232
15.26911,9.307445487731862,9.461751001179218
15.071777,9.218375811572704,16.259861343502997
15.043565,1.66927722538304,1.757210890352726
0.8034172,0.12727960544295552,0.681742794085294
1.0270233,0.39325866711752794,3.4103842221200464
5.539278,9.914642023233077,5.776401949822902
3.361782,0.1511069165763587,3.913571504950523
1.7138443,12.076494093682204,11.52755085170269
14.917879,1.1607371360045442,8.728521861732006
1.6771355,2.702715908916046,6.653749787360429
15.962494,7.497872971691605,5.636790792644024
0.6537552,0.6671552964535334,2.5485837671160696
20.770998,4.516429963589956,29.8942472410202
15.186491,8.242830289900304,13.89735237956047
16.44747,9.327618815215926,5.08164622798562
18.381443,2.7306940031889826,9.321653126478195
23.150452,1.7493228317372913,3.0044349758327002
22.345062,0.34133962972814,0.9264329940453171
19.683313,7.112612498185287,14.219921622276306
14.831099,9.164285402138615,3.8688851717114443
14.873581,12.330149218901578,15.926424809098243
16.156048,1.6808358497291596,12.71419723957777
20.152555,4.0998608164313355,8.21719193637371
15.23867,7.8675640095045996,16.567820116281506
22.73461,14.689486643415359,23.74723003387451
20.171692,2.975558076411382,13.440562394857407
20.199738,4.768202534052026,13.669409072995185
22.001091,1.5609892060483497,7.884725855588912
15.059942,10.707475397114953,2.4866217569261786
15.199118,7.125993735043125,13.867056636214256
16.301842,6.579945245795987,5.725225055813789
14.797431,8.123837772073847,18.84921197772026
13.670591,10.414945782112579,7.269070675373077
2.1936455,2.061873156765683,11.98854688078165
14.917945,3.518290716114247,14.011321796774864
22.449205,1.5486767005589273,2.666520342081785
22.599892,0.5525621405201188,1.7940317603573201
15.595235,9.978481946850403,5.363174301385879
19.019348,3.447306822476805,14.967937135696411
15.632202,10.487214444699802,7.973593170642852
3.0363922,0.0955555555555555,0.9724229550734163
15.092138,6.927542758455707,13.663037769198418
16.141598,3.637148415033395,6.627459214925765
14.783659,5.025047486893212,9.203530585169792
15.392507,0.0955555555555555,1.7864695638790726
15.075042,2.8794023266672673,11.936048470437527
16.945799,2.333368567255222,4.537425229400396
15.77116,0.3304902111400668,4.032239646911621
19.816195,4.294643654918505,4.294613187015057
3.0236053,2.3794839984726988,4.013692951500416
16.063616,11.82140280954126,1.4629580979049206
2.9665623,1.0044607460040909,6.824158685207366
20.061907,4.219342282950464,11.74069734930992
16.921515,4.684884858496694,12.802861817777156
23.659426,4.100205330907677,7.099691486954688
13.392737,2.438666020903943,1.9047735062241555
14.830236,9.974422240633933,2.8354221299290656
2.171608,2.934903731554643,13.152950352430343
15.917904,8.981889127478418,5.95521473750472
18.898462,7.816323004836837,5.153829492479562
2.788969,0.826593588763434,5.904985936433076
17.335735,8.802102488602202,4.670232403576374
22.746239,3.3820458789350876,10.485914235115052
20.23793,3.5265310359435773,6.3227017465233795
16.236605,0.979336454989906,4.453371051251888
15.284282,9.529234251375827,6.069026884585618
13.837338,1.6836813674556712,4.9954472877085205
6.0,1.820298951295101,3.818706309497356
23.394964,11.836133462958452,13.369834065437317
14.780939,7.115978265504042,9.29232336461544
16.812134,2.4882791742128836,14.095111746191979
