arrival_hour,duration_h,energy_kwh
18.560669,3.502239418029786,10.96175192087889
2.4250526,2.734295225143433,20.757309613227847
15.171499,3.8315077463785814,24.938932359814647
17.495018,2.362421290079753,12.204572163224222
22.465258,5.651369285583496,23.13127694040537
16.087852,0.6621599952379862,4.026863974779845
10.494537,2.885460917154948,17.670354407876733
14.579849,2.3532220681508385,15.222250904142859
16.125145,0.7723505099614462,6.128891445025802
14.199617,1.9484431902567547,14.943770582377914
19.45384,0.8633933464686075,18.498854534327986
18.913742,2.8998028914133713,20.98704145908356
20.255802,9.954333623250326,15.551376748532059
6.336867,0.6138453284899393,5.351792591884733
9.434208,1.734124485651652,8.548288183361294
16.759964,1.8948418776194256,8.144202915728092
17.277212,5.943502934773763,36.03404375195504
17.051636,0.9230140606562296,5.969782915636898
18.280674,2.9151793956756595,21.26418004214764
20.095236,9.991232617696127,15.335710660368207
18.880964,1.8271299044291178,18.224405564665798
17.910648,2.022278944651286,12.9707622307539
19.407736,6.824076271057129,23.712675227224832
18.599415,2.778811661402385,19.78485176444054
22.367085,10.31940924326579,64.46857936739922
14.29018,0.7000889301300048,13.995516186207535
16.218937,0.5683314283688863,4.808634369373323
16.196323,3.8061237335205083,17.745437573790554
12.173784,1.3591909329096477,9.688188272416593
16.993427,3.0845442136128747,20.15883483797312
22.501312,7.257764116923014,42.195107423663146
10.843505,1.0624311844507854,3.831432625465095
11.344235,1.7344531853993734,5.936725214794279
16.445713,2.3960584640502933,16.586306237578395
15.175446,0.8892304579416911,6.778080261573197
16.206524,2.579929606119792,20.355683858990673
8.460646,1.3011446555455526,6.518649663627149
17.699043,2.788382418950399,18.577393290996554
17.98862,2.1912173271179203,14.114599586576226
20.579527,2.70925407409668,9.030371216982605
17.032858,0.4802714546521505,18.448819543719296
18.9465,11.688529014587404,0.57
18.618492,4.370286496480306,15.804696401655676
9.712076,1.9767800807952882,7.4811953154951345
10.935636,0.930728801091512,2.04887894352898
6.3829155,8.139203961690269,15.533212142735723
16.098911,0.9205357869466145,3.6152575049549345
13.735145,3.299172910054525,24.778351190388207
17.592724,2.2547855854034426,14.083732437789442
13.851299,4.170901075998942,15.312449083775284
15.951198,0.2777585347493489,1.6005157235171645
19.182795,3.442027918497722,22.492044806778434
0.44527435,4.6330284436543785,34.20104051589966
14.673371,1.648858896891276,11.778167195022109
17.0072,0.3667658805847168,2.3968388568982486
17.102238,2.6942470073699956,20.371614960730078
22.658955,1.1327761650085448,8.077085300683976
17.332283,2.1490149021148683,13.137240096330645
12.248131,3.263512833913168,23.89026538908482
16.556084,1.1717783133188884,7.404180332198741
10.586579,1.917769209543864,13.127590213418008
19.993587,7.501787312825521,23.48038875997067
17.319773,12.185565694173178,15.672422646284106
18.765423,0.4085039297739665,2.443704859092832
19.75952,6.273212560017904,37.540652686357504
21.520401,5.579942131042481,38.442881968021396
18.260132,1.5348521868387859,10.45876967072487
11.043081,1.578869104385376,5.309968592152001
6.3265443,1.3403726100921631,5.136791748404503
17.750057,2.1646961530049644,12.736404863446953
17.673515,0.9254897117614747,5.191752924472095
16.351843,8.465779050191244,49.691372910738
16.82684,2.271211655934652,16.065921268314124
15.982399,1.493776257832845,9.533096777796747
15.865403,1.8611812750498455,13.596746740043166
19.939573,7.983741569519044,8.754185247942807
19.741535,6.290290260314942,37.39160515189172
16.08405,1.5110531012217203,9.860134336799385
17.481482,0.9524107456207276,6.471491945758463
18.124321,3.256198914845785,11.050319969803096
18.119839,3.56051893234253,26.412151226699358
19.909203,0.9597330570220948,16.312584383934738
18.571384,3.570238304138184,25.098218833208087
17.153027,5.313443915049235,35.128341494202616
22.84672,5.26914987564087,18.81906374782324
17.189503,1.537184731165568,10.495076383650305
15.0495205,2.105813789367676,8.98220566108823
18.70642,0.7161590258280436,5.06624104127288
9.021956,0.994420584042867,6.798166458085181
16.165495,1.2830626726150514,8.033550379574299
20.617035,9.452579053243003,39.957631329298025
18.54439,3.604390207926433,26.467698390781884
21.090725,2.144858773549398,14.929764139354232
8.643355,3.0960945129394535,14.14327822864056
14.007171,1.438614845275879,10.977206459939481
16.899796,3.5100705146789557,12.842755040824414
21.37991,9.79855791727702,8.221693950369955
13.032557,0.6609626015027363,2.105483544971794
16.677753,8.908169047037761,33.543486285805706
17.572353,5.981487337748209,42.42370615482331
17.093243,1.7732357343037923,12.109359848797324
12.097473,0.5731365203857421,1.3758241543732583
17.098331,3.836166540781657,20.284608523845677
16.129627,1.8795837402343751,13.564564441889527
18.167282,2.529840660095215,7.817824976742269
13.560889,0.5153178850809733,1.7674121793545785
18.298407,12.00011049906413,9.780126008093358
6.5938807,2.1117440223693853,9.07905731022358
19.768898,3.3595942179361984,23.920477008521562
16.978848,6.7556207021077475,22.363092672824862
16.524647,1.9932960192362468,10.709294375777246
17.033054,3.115194416046143,21.66632326573134
14.86812,2.0637335777282715,13.841190668940547
12.246779,0.1057566444079081,2.0301058510504664
10.673462,0.0833333333333333,17.59226255655289
15.928118,8.013551139831543,18.33899332225323
20.103676,0.7338347236315409,18.654099428951742
14.944733,3.4275336583455407,13.184634561538699
9.0671425,2.4046731948852544,8.815746203511955
16.840055,0.38132929007212324,3.7791163211315872
21.40726,9.696141370137534,61.18950088381768
15.310174,1.7741837183634441,11.917442126572134
18.55832,2.2634775956471764,15.710983316600325
19.99205,2.6344976107279465,18.103444548249247
20.33716,3.1191461563110354,18.480352448523046
14.525621,3.593256727854411,22.723570410013203
17.12027,0.6001306374867756,18.860170858204366
9.218815,3.059730180104574,24.916587092578414
15.46525,2.7344842274983727,17.981767665147785
17.597939,1.3942178249359132,9.794392208456994
7.022139,3.278077379862468,8.371797388195992
15.359276,0.5363789717356364,5.032497131079436
21.565996,2.9847848892211917,15.664043938070538
15.301268,0.804427671432495,3.30183061696589
9.637984,1.7798490683237713,5.0197045934200295
19.571606,10.145718701680503,61.2497645866871
3.6504383,1.5822202682495117,9.77705903068185
19.079273,1.4971303939819336,10.993597761690618
18.313297,2.2946664810180666,16.141536220908165
18.20188,3.139986069997152,21.69440978378058
6.0,2.2788733323415125,8.40124507561326
11.457267,0.0833333333333333,1.0589596042549239
22.679646,3.4795409520467127,25.050640287995343
9.500502,0.6321353276570638,4.949825778305532
19.62616,0.30363043944040935,11.661352069377902
17.65744,6.778366724650065,47.452747339010244
9.175205,4.502577654520671,20.410394481718544
17.355803,1.538333781560262,9.682926652282479
21.610397,1.9646297295888266,15.60843643665314
10.50997,0.9471596797307332,5.643436679318548
19.382235,5.968156814575195,36.70195145964623
17.77914,2.817434930801392,18.83171822547913
17.411736,7.018858846028646,33.13561203807593
13.779345,0.6356619437535603,2.2601730037480596
17.116138,3.169050470987956,11.915856993198396
18.834707,10.26203645070394,8.069605005159975
7.7020416,0.9708448568979899,6.571860545650126
22.08028,4.073367118835449,28.875141689479356
18.76232,6.823458035786947,16.894441848099234
6.726161,0.7532895525296529,2.5583275151811544
18.50038,12.916686248779298,12.71307170018554
18.511934,0.8063021341959635,6.688094285279513
9.428603,1.634190320968628,4.826983566507698
21.00633,8.021814791361491,14.795790711939338
13.268423,0.6975076754887899,8.794572912305595
6.0,1.062445346514384,3.6918606092408304
16.889809,2.9433285077412927,15.84093561857939
18.50109,1.7898833274841308,10.858686548918488
18.529215,8.810149383544923,58.86251281917096
17.137014,2.851244147618612,21.99049019932747
16.688725,1.649753204981486,11.184082727879288
8.333328,0.5868688265482584,2.438750550299883
13.664332,0.9375911951065063,6.729529671669008
9.368191,0.3460214952627818,5.759949606955052
17.34213,2.115956974029541,14.11064697980881
17.208939,9.353543917338055,57.214935417175305
16.973957,2.2871572653452557,16.841201820075515
20.263708,2.944048150380453,21.809568189382556
20.356033,0.5897661050160725,4.7079870928078895
18.977516,3.3904745101928717,10.2715500792861
14.153134,3.810482501983643,15.67925099179149
21.096756,5.373750178019206,34.78261879205704
22.133282,6.004650179545084,44.17931806623936
15.40505,7.155895169576009,16.314935494661334
14.200241,6.924013582865397,32.18301437646151
18.341953,3.303129895528158,10.833965626955035
19.573933,5.503498458862305,34.391573547422894
18.424051,1.1905985593795776,7.063406314179303
2.2554417,8.623042297363282,43.667203402519235
16.604004,5.418086528778076,34.13208414614201
19.374712,1.003244686126709,20.634716420769696
16.286066,2.847663768132528,20.797870619595052
22.17749,8.28201910654704,31.00361787706614
18.474178,1.0825137774149578,6.666007241383196
9.37945,1.596288267771403,5.812291733622552
20.06454,0.9788093566894531,7.745718793570997
17.297724,3.1292267481486005,21.495394754707817
21.286957,5.801477018992106,32.70855051785708
17.478884,5.09103167851766,6.930493903458119
18.128412,1.0220450003941854,6.498231611773373
18.183914,0.0833333333333333,1.3269845332950354
9.443974,2.616610399881999,10.130597974359992
18.871634,4.072748533884685,28.00478892862797
7.879692,1.9414950370788575,7.388561143800618
16.970272,4.5910440444946286,30.933874053955083
21.034405,0.8810126145680746,14.598416040241721
11.2633095,0.16526115536689756,1.5944195434451105
17.030195,0.6566033085187276,4.692207345739008
23.326645,7.2382862091064455,39.86326782822609
11.31648,1.2118786334991456,4.623007581308485
15.136423,2.225084940592448,17.133533139526847
1.679966,2.4738999843597416,17.62369012668729
11.222344,0.9650183041890462,4.454666672684253
22.15955,4.506876627604167,34.30207998514176
16.201244,3.987906932830811,7.37488348811865
19.022654,12.409962717692059,21.85202112913132
8.107052,2.7841708660125737,8.312639188021423
17.051441,3.3284177462259934,16.64034496828914
16.214058,1.3295056740442912,8.917893732115628
18.14939,12.395565668741863,11.513057217597963
6.5858283,1.4471328894297282,6.3896233863383545
14.805711,6.896637090047201,47.09562803924084
17.950748,3.23332420984904,17.609947531670336
16.074884,3.9987585703531905,20.924372444152834
19.279041,3.3379426956176763,23.261934882402425
11.459106,3.0960385640462245,17.967301022112373
14.546485,2.55086940129598,20.47234967529774
6.0,1.396242650349935,9.038072408512237
1.5095177,2.474533605575562,17.946536797583107
21.145718,10.365846125284833,69.2
18.464302,1.726601282755534,11.95828743427992
14.650201,0.46229647397994994,5.055037727653981
20.838589,2.683697843551636,20.321941994130615
4.976063,4.6440640131632485,31.77108423262835
9.175816,3.0298782984415693,15.444617504477502
19.059875,2.0896508534749354,10.36209801092744
15.935702,2.0080140749613444,14.44247368693352
9.962737,1.7831157843271892,7.165780874788762
17.001844,1.2729477246602376,9.214924716353417
13.582069,2.2692468007405604,12.049915301948788
18.67699,0.6874852180480957,0.57
14.356627,2.9363981882731123,22.81929405778647
17.345734,2.0197072188059493,11.166150267422202
6.647928,1.7401959896087646,9.656100059598685
23.056438,2.2325686295827234,25.063513616323476
16.047216,5.575603644053142,35.65201638221741
21.34003,1.5106145143508911,11.288543017208578
23.849266,5.873597939809164,42.26137213468552
12.220257,2.874861574172974,19.163397668600084
19.776825,2.3394040902455653,8.974073415547611
7.0549517,3.219147109985352,19.845440675318244
7.2586455,2.0501684188842777,14.486435060054067
19.057688,0.0833333333333333,2.0248839870840314
23.382984,4.035011704762777,27.714879283905034
11.751599,0.36472722093264265,1.5512796273455025
16.371716,4.3674852053324384,26.0428090146184
14.950183,1.3880004167556763,7.899367305487396
12.2779455,8.7845059076945,46.313083485960966
16.715885,2.83326374689738,21.483315015733247
6.012478,1.510030460357666,14.509933895319703
5.5916996,4.885788408915202,31.521678324937824
13.983414,2.36438946723938,17.580128616243602
18.870754,0.4484832167625427,1.7735219736769796
18.66827,1.084184201558431,4.750793363898993
19.00413,3.029063193003337,20.349142882823948
21.415775,7.776013819376628,35.056857092380525
18.246933,2.1562130769093835,8.455625376999379
1.1966438,2.298912302652995,15.500406017899516
6.8034787,0.7641774257024129,3.0892212795466185
11.794924,1.1596827745437621,3.4523461894690994
21.335018,1.4133568048477174,19.368063953816893
11.7713585,0.9425031582514445,6.08195155516267
16.988182,2.112006457646688,15.047551821023228
13.924071,17.301026153564454,69.2
18.95451,3.9765059471130377,15.313943199813368
19.032177,0.6125705242156982,2.587708857096732
16.800777,11.525415611267091,59.003223574757584
19.024757,1.8565336704254152,11.534747978150847
17.506222,0.5152874191602071,3.315848564989865
19.327433,2.1685657183329266,13.728773010075095
10.41302,2.6626103560129804,7.1168728628754625
19.76724,6.305804189046224,39.843726713061336
17.978577,2.707801151275635,14.29997633263469
13.458946,2.348740037282308,10.141757313311102
21.056538,6.138446362813314,39.87083147108555
15.116138,3.1194734573364262,13.00027741417289
14.123292,0.8789271195729573,3.0757995462045074
13.504546,13.507415644327802,17.101151421368126
23.714039,9.098961766560874,48.09881906747819
21.413364,7.259177525838217,45.622022604346284
17.761593,2.4289571126302087,16.258569174557927
7.723915,0.5330419699350992,1.3526388303656132
0.04052925,9.298353830973308,27.235543133020403
9.089371,1.2031046231587728,4.188994484245778
17.928087,2.56976596514384,7.774932290315629
15.53797,1.0160977204640707,3.6926345122605566
0.63160706,7.319449170430501,32.78703405052424
13.697389,1.6585794925689699,12.070383975803853
0.04191208,6.342887814839681,42.96889795005322
15.078831,2.8447044213612878,20.06727753430605
9.7458935,0.875673254330953,6.440618149638177
10.601054,1.2332675457000732,7.153135089799763
20.244698,2.605439154307048,8.408808207139375
20.807314,0.5350956002871196,3.1533227948471905
7.078025,3.0189773559570314,16.400223851501945
16.055285,1.1143255313237508,6.909272035583855
17.841131,1.6158013184865316,11.757034810483457
17.25057,0.6708184798558553,15.105604518502952
22.040707,2.137332598368327,6.272587876021863
11.665463,0.4156639019648234,2.683467531204224
19.520191,2.139718818664551,14.39759804978967
11.3307,0.864239223798116,4.6262389523908505
18.039944,2.3319462776184086,11.11308920606971
15.008936,7.050548299153646,45.480591891407975
18.829409,9.682945823669435,8.898779580295088
21.279953,6.109042421976725,43.79147785902024
14.11099,0.5513655821482341,2.3377247592248023
19.560692,3.1393734296162927,8.728477963954212
18.56398,1.6746675968170166,7.363398941159249
18.071701,2.5715329011281334,12.25306804046035
22.035892,2.2487158298492433,15.40122984737158
18.805939,0.6440985123316446,25.305717905163768
17.71823,2.3922880331675214,16.782852549254898
18.340385,1.2193459749221802,8.68290998145938
18.456264,3.6031250635782883,18.342239266335966
7.7687263,0.3522856076558431,2.5376892064884307
10.190608,0.8599067687988281,2.8519388298317794
17.865349,2.858177439371745,9.84671388179064
7.5582523,2.042284695307414,7.531182240769269
8.706939,2.297009690602621,8.959357753172519
21.19963,2.889438883463542,18.567786360085012
21.06442,3.4834262530008955,10.345018454492093
14.495817,5.9011335372924805,39.064348335862164
11.364657,2.8804800669352217,8.395014990121128
7.4995575,0.6473460396130879,7.283747011795641
23.802368,8.929717763264975,29.45926640570164
19.287409,1.4775392770767213,2.7291219290345907
11.939969,1.4732241312662762,11.051010269820692
21.93969,5.592747084299724,38.577432179450994
15.270062,0.43018736044565836,2.16998172711581
16.871212,2.080037784576416,12.003335902094843
10.78165,1.2833479245503743,7.4906012924015535
17.54675,6.623213450113933,45.823712929487236
0.2705574,4.6546117782592775,33.24994617432356
17.907763,2.619217093785604,18.822690123915674
15.632118,1.818528985977173,13.03587541908026
18.708656,1.0257336934407553,4.8962615649402155
7.0510616,1.5371939977010092,4.7985288884490735
1.6075611,10.953808848063153,16.375568380206825
19.361092,2.9700299421946212,20.184438321292404
17.997913,7.146997197469076,53.094185882806784
11.320075,1.206078306833903,4.25207282152027
13.570626,3.508756764729818,11.032962248027326
8.717115,1.3263023376464844,7.8842211004346625
16.066704,0.6959966619809468,4.946032707542182
17.636559,12.962393697102867,69.2
0.6615639,3.179558372497559,21.274918042421344
17.889893,1.570894988377889,11.644244900941851
17.330662,3.286127026875814,21.394058712124828
10.969321,0.5536628087361654,3.617024672999978
7.537973,1.9925963083902996,13.78357158213854
23.275265,6.818119812011719,50.10750826001168
12.949706,2.359632937113444,17.8904660281539
15.213896,1.1050325949986777,3.3553401176631454
1.3387508,9.324101511637371,46.52426824867726
17.044273,2.321967442830404,15.326146681457761
12.004085,1.9089929262797039,14.13037626564503
13.948952,2.5344410578409833,19.26008671373129
10.459607,0.3047234972318013,1.9186635605432096
14.401865,1.6795554320017498,11.78201753512025
1.6014366,4.462974929809571,15.60567216858268
18.685308,0.0833333333333333,23.959855812191968
16.151861,1.0006178855895997,4.149784931913019
20.56553,2.768682463963827,19.392020943760876
19.723019,7.355138969421387,54.13796859741212
18.510033,6.235571543375651,35.870327086448675
17.777626,2.834130954742432,20.609712220132355
22.039303,3.2004633267720544,9.776866769343616
17.862303,1.7293969790140789,10.692777286022903
6.6208262,0.7257537364959716,2.254242943096906
18.171797,0.35817912419637044,4.134424478188158
18.337807,1.0873009045918782,6.9417304537445315
16.376137,1.2502593994140625,8.509725467711688
18.060831,5.396305624643961,34.39712049156428
15.07808,2.2589850743611657,10.792532285898925
3.1612244,5.980953725179036,39.253206239342695
18.87399,4.9209918022155765,28.729653035104278
13.248035,1.6657671769460043,11.666164738833906
17.137894,2.9386774063110357,21.666797783076767
13.678421,1.0739621639251709,2.6704845218732953
18.324266,0.9043871879577636,5.025753155574203
18.300781,1.5863991260528565,9.749523729979993
18.202774,6.2679701487223305,46.619564421772964
18.374481,2.5919318675994876,17.654325130134822
12.231579,1.7530962308247884,7.873644170165063
18.283527,1.666797161102295,6.581244023889305
18.901289,10.945045852661135,39.914838864207276
17.663418,1.307514524459839,8.072867311909796
0.5625477,7.443554306030274,40.49687120437623
18.881477,3.6593232790629076,10.353238649368288
15.08581,2.3785779317220057,16.4608894623816
21.614674,2.3493439356486006,15.111411219984296
18.802937,8.866682942708335,2.4762742365896706
17.82144,3.8993758519490562,21.14825054585934
14.693747,9.193981870015463,57.25412809550763
17.461643,5.491155083974203,34.016866425871854
10.071413,1.4273144801457722,4.81477318186313
16.896751,0.9825132608413696,4.37163482990116
7.8083134,2.735657056172689,8.818268610909582
15.749813,1.8976027806599935,9.627648449540139
14.547762,0.5057216008504232,2.9106652089953426
15.556982,3.8253900845845545,24.47286837726832
17.898449,0.9578892787297567,5.668769667297603
21.59595,3.7493300120035813,17.069570451229815
17.937077,2.3123370647430423,15.883256634324791
0.9858742,3.528259150187175,25.01431925773621
16.395134,2.2243798096974694,14.621616256833079
8.755446,2.7952239195505784,9.27702001526952
23.65358,7.310768000284831,33.634303178787235
17.380648,5.599328772226969,38.34904207229615
3.582819,6.25352274576823,41.93513327836991
16.540058,1.7927271048227946,11.485192618221046
20.17424,3.3394274393717454,23.265882375836377
17.742792,0.5250009338061015,14.712790060490372
7.584035,1.1219295978546142,6.250259482786061
12.306189,6.596388053894043,51.08359043955804
6.0,1.8877982616424562,9.63648838043213
18.735039,2.8050067583719893,20.947895823419096
17.42907,3.601847330729167,18.27619136065245
23.87476,5.3705030441284185,39.26292566359044
17.302996,4.091538619995117,31.54803449094296
20.78162,3.8390297253926597,25.573828386664395
21.877989,2.2594786485036216,16.06798091903329
22.065388,3.8704355875651046,11.253151590973141
15.044069,1.6502160072326661,10.78615902706981
10.793717,0.8145344018936157,5.103173114880921
13.180586,2.924362357457479,21.502127992212774
15.5461035,2.308157857259115,15.720635244846346
22.57894,2.758352375030518,20.34427294403315
10.289366,0.6206074078877767,2.23570097329095
14.577066,1.479042116800944,9.634679283052684
13.032387,2.135687875747681,12.678483067303898
17.845211,1.3951860904693605,9.00976448312402
17.246132,2.4495949109395347,16.04340317040682
16.329275,1.044570287068685,6.983112661466004
18.364876,0.9284508943557739,6.725873126909138
17.604244,0.9657544692357382,6.663461312651635
20.754333,3.267526817321778,7.95065608546138
9.621255,1.6920329093933106,12.182113379985095
16.4128,2.7121529261271164,11.974760549366476
20.606836,1.8562005996704103,6.126943776309491
17.827309,3.8093729654947923,26.523576898872857
18.954697,4.584305000305176,33.705705767273905
14.987066,0.4524737278620402,2.8571380672976376
19.092464,3.5515730539957686,23.63586477726698
19.343693,2.758944384256999,17.387410145998004
16.765469,3.513317648569743,23.647461817562583
21.209333,4.236653264363607,14.690347639918329
12.758976,0.22838637928167976,1.3547527463361622
18.34097,13.574313735961915,6.648200568929315
16.77829,3.283697446187338,23.18070446699858
6.882011,2.212601693471273,7.3293814676255
19.102917,3.218248780568441,9.32024200037122
16.559277,2.435063759485881,16.7936754308641
16.476137,2.8278293609619145,8.60502470880747
11.595705,0.39111446738243105,2.855286529250443
6.02893,1.0771941741307578,4.553065360859037
6.363995,1.4469814777374268,9.768199669122698
12.19208,1.5953000704447429,11.566549844294789
14.808877,0.8062856992085775,3.7076503273099664
7.452321,1.213217560450236,7.460716414973141
18.00824,4.958835633595784,32.72963176906109
14.282174,4.090349356333415,15.554339413940909
20.226582,11.149181683858238,13.281777670681478
16.523403,2.5989121913909914,17.39417508617044
8.561624,0.9259967486063639,6.410874400213362
11.387433,2.600485404332479,16.100027202516795
18.082012,2.8717037836710615,19.998405023217206
20.854061,0.6051581263542175,19.501460597217086
7.459965,1.346585734685262,7.133864469975235
19.604425,1.0199291706085205,7.272588184177876
11.2916565,0.6342914581298827,2.162499002758414
19.359922,0.8975045998891195,6.036149381995203
10.560127,0.6137680053710938,3.229898542799056
18.415615,4.765930143992106,33.53761413365603
18.490936,4.89806219736735,11.56089756548405
20.473667,3.145405769348145,21.95256358236075
14.516432,0.5596886356671651,4.398049543574453
11.305406,2.379384469985962,17.997741718888285
18.45791,3.164064725240072,20.422611258029942
20.676203,6.365049171447754,19.398306253254418
16.595173,2.5236340045928958,19.35959422826767
19.60964,0.6456353584925333,0.6330484242737293
18.936316,3.1851899782816573,10.084306966513397
19.314917,1.4132663249969484,8.208777158707381
19.846579,6.526223246256511,41.186856240630156
15.458031,3.4311857223510747,22.604499281644824
6.9857483,1.311068852742513,14.082485807091
19.771519,1.1498265902201334,0.8693475799635053
17.390583,2.0160672187805178,13.764284088313582
17.72453,2.0249401887257896,12.83801702603698
13.774902,6.027772458394368,32.69223693877459
21.258398,0.8570814371109009,5.17746115744114
22.624336,5.813671429951986,28.192955509424213
15.559462,1.3492743412653605,7.83291953712702
21.559032,3.603086598714193,25.200066209137443
17.189926,1.4478378454844156,9.622918616086245
22.585007,4.557340780893962,17.24078633159399
0.15112686,6.467025820414226,48.89001129031182
19.758472,2.956630357106527,20.217331372797492
15.665392,0.134575613339742,2.659077186249197
23.005672,2.668069219589234,18.54767050623894
16.099861,0.5339863260587057,1.1476931653916838
15.907656,4.23834851582845,10.051236993670464
17.086792,0.8035947759946187,5.630887536332012
15.063267,0.8805163304011027,4.890876202136279
15.702281,0.6897054274876913,2.972234090231359
21.467411,5.2789559682210285,35.56009091854096
10.251556,0.8094928383827209,2.8631390754505994
22.213543,1.953970241546631,13.599944618791344
1.3812771,6.8396090825398765,50.237992348670964
17.856752,5.513658428192139,35.9928261935711
10.623949,0.8232897043228149,2.4543786870315674
22.773914,7.477548853556315,16.924548132866622
19.204588,4.98779722849528,26.340640235543255
22.072027,6.986232248942057,38.024987632036215
20.527172,0.5674681107203166,6.8887281957268724
15.733191,7.142926216125488,50.11318610548974
21.483013,3.0741226832071944,16.72751400917769
16.712059,0.5495733817418417,3.6182789736986165
21.29026,0.3445684194564819,4.2196161930263045
12.446178,2.14671802520752,15.256346611678604
9.415306,1.9080015818277996,11.995104457885029
18.050173,3.5458631197611497,20.577919557988647
19.454548,9.860986391703289,23.181894851028922
22.476845,6.5133913675944015,30.80967527478934
17.884766,1.6627863248189292,11.862118926495315
17.038326,1.9397924423217774,12.911967077255252
21.547888,5.954516474405924,30.46357418596745
9.276779,1.3453180551528932,2.217537006661296
17.849083,2.2135115623474126,15.013975628167394
7.0600185,1.021204980214437,8.069373371154072
12.627012,1.226853617032369,19.96845725178719
18.689135,2.1002650578816735,9.85808286741376
9.204384,0.08537817796071367,1.3672360551543534
16.638151,2.553856197992961,16.821117668896918
10.63795,0.0833333333333333,19.447343121171002
6.650246,2.0095596631368005,12.93827210992575
18.223263,3.554390080769857,16.329166924357416
16.94604,1.2670619010925293,8.444522284716369
7.2456613,6.259551239013672,45.21267776191235
10.029772,3.475865809122722,10.171407488733532
16.287674,0.761967400709788,6.1407819906622185
19.710253,5.351310475667318,15.552236811220649
11.960989,2.000786526997884,12.08783373758197
16.995983,2.874950218200684,20.74054810613394
16.83334,2.1329526742299403,13.339289377480748
11.348751,0.5057154377301534,2.0553575370274486
13.098663,3.133417320251465,22.576465942263606
17.524883,6.064063008626302,39.215285758376126
14.81288,2.2082789421081546,9.174805501997472
17.965328,1.2886518796284994,7.7683381354808825
6.0,0.9876601219177246,6.891698019802572
17.013203,2.0302436192830404,15.277587398886682
15.8282795,2.663079977035523,13.19934050858021
13.403173,0.687222695350647,3.4521137884631754
17.28964,2.49318749109904,10.817522169202569
23.781082,5.9538164138793945,40.348690891265875
20.126202,4.0155131657918295,13.204311691373588
18.263485,0.8006625731786092,5.774032749980689
15.718013,3.0237351099650067,12.567005239129069
18.728542,4.704748980204265,12.659015584141018
20.006907,2.4071887969970707,17.656036051511766
19.251547,2.6273162206014002,9.491909899413587
9.106433,0.9885090589523315,5.808976759538056
15.381008,2.8619366804758712,19.483122138082983
16.807106,1.6257404645284017,11.424326564669611
18.310194,2.8075877507527673,20.495952822566036
0.16431046,4.51420243581136,33.316642450690274
16.677345,3.005183506011963,18.895193101763727
17.163828,2.0005125522613527,14.232743156254294
12.109568,3.4929015477498377,24.343844656646255
17.939999,1.356545948982239,8.880110288485886
17.349928,3.2119723637898767,19.803288399577145
22.848925,3.096861012776693,20.221861786246304
19.005568,2.025800402959188,13.033766680359843
19.073517,4.562716420491537,22.611911569833758
19.388962,13.072708129882814,13.421099644899371
11.126583,5.098459593454997,30.06865712523461
17.257706,2.408978287378947,17.186379440873864
21.374931,3.2101134618123375,21.82564041912556
19.654716,4.521476491292318,28.976035940051084
16.255224,5.085735066731771,34.91846574485302
16.703999,1.3247790416081746,9.451961470395329
17.49361,2.913219785690308,19.31876528322697
18.620277,4.105884265899658,15.522505845129492
2.3787804,1.8891955852508546,10.161155255138876
19.264717,2.2668756167093917,10.441136851608755
17.892872,7.184673881530762,26.39728983432055
18.260303,2.6036753654479985,17.9812726944685
14.305536,4.4899223645528155,33.05360848665238
7.60277,1.2479713519414266,7.273223260194064
19.802555,7.19546152750651,43.9151959848404
17.958626,1.4056644439697266,7.510681352913381
18.104815,3.024283409118653,21.213658262193206
8.062334,0.6985450029373169,15.767703479379417
18.07603,3.516539605458578,23.86412807375193
23.413609,4.936377398173015,35.40039128780366
11.284949,0.5782940030097962,2.0800342286564413
16.58863,4.598500982920329,26.950403205752377
18.20781,1.3290482918421427,8.757845883369447
12.520348,0.4490538517634074,1.7130325171351433
15.505687,1.514795732498169,2.6628239813447
3.2998333,9.097028732299806,38.372158430218704
16.900639,2.9206924597422286,23.012588289380076
15.347601,2.76979619661967,20.456559701561932
18.26384,1.0875664869944255,7.613483388200404
19.623014,4.61698579788208,21.975501996278766
21.33054,10.939399210611981,69.2
16.188946,1.9989062945048015,14.240803815126421
2.5439987,7.597901217142741,46.74437066495419
12.364456,2.1419884204864506,5.582022987753154
16.848356,2.518093840281169,16.925525802224875
19.96423,0.8620153427124023,6.622456980273129
13.075307,2.0032696088155113,14.64344814538956
19.482185,4.964770062764486,27.87456050664187
17.939905,0.77372278769811,3.1419527865573764
15.234186,3.5273359934488937,18.383937478065494
14.977271,0.8810592969258626,3.4245736300945286
17.511435,1.7646722316741943,11.769870300143959
18.55033,3.206225713094076,20.801656531691556
10.101532,1.5376125653584798,8.164960492923857
15.654385,4.494413312276205,29.1055587220192
6.7498574,1.0589897155761718,4.052016206420959
18.49455,1.3855260769526163,8.822164459675552
19.743416,4.8816702206929525,23.96769352972508
18.771704,2.6515356222788498,7.9465572373569024
12.479052,0.265175661444664,2.10931688323617
15.922042,1.3246264060338337,8.495760954022408
18.314528,1.5617566108703613,9.050333159491421
6.332672,0.8671101888020833,3.47803787779063
9.540258,12.46448071797689,69.2
9.48889,1.123159074783325,2.8087641430646184
23.231295,8.06186300913493,48.12960951626302
18.213291,2.721316305796306,20.514925335049632
11.917921,0.7541477560997009,3.7981519832834603
19.311821,0.45984092950820926,5.371029975041748
22.172215,9.47162265777588,8.912912322655322
19.054834,3.550034809112549,12.03206465482712
18.738083,2.715048281351726,18.25672796815634
15.643138,0.425525047381719,2.984371865540743
17.118534,2.059187380472819,14.057433541119101
21.83553,4.0464084943135585,11.657731829285623
20.630037,3.9492245674133306,14.346539369821551
17.613157,10.824824968973797,67.48863683104516
17.810118,10.104664802551271,42.64115781903268
13.726041,7.7199607213338215,48.89089487433434
13.468977,2.0243974844614665,16.47299272269011
10.648865,1.6565532684326172,8.957585983127357
18.424831,4.095236142476399,16.65078230455518
4.2793007,1.3247396151224773,11.181113926470282
16.110653,4.538516076405843,29.3739964568615
13.409665,0.6376066048940022,3.432680053301156
20.34706,2.475362348556519,16.837338185310365
17.946379,3.908037090301514,14.066164046674968
18.005123,2.606082042058309,9.192747166454794
14.426729,1.7479342460632326,11.21722428739071
12.243367,1.6874856630961101,6.958531844839455
13.177085,0.4591647783915202,1.603871476436034
18.221313,3.016416994730632,20.095014300346378
13.652695,2.402630710601807,14.63110762640834
18.662712,1.626910670598348,10.689887229949237
17.69207,11.34288024902344,22.614877303242686
6.0,0.6617331663767496,10.820881629288198
16.727295,3.9404902458190922,19.407227997481826
15.052343,0.6786776383717854,4.679462362080813
15.3975315,1.7993844985961915,13.18863830164075
18.587063,3.8771011988321944,26.216551904380324
23.999817,7.538551330566406,45.95004090070725
6.015868,1.5202885150909424,6.392384075075389
22.459116,8.045553906758627,42.80455950319767
16.464558,2.127442757288615,13.307738064676526
18.328661,2.906996870040894,20.178819790482525
21.452023,2.7243810812632248,14.90319934934378
19.070545,0.5788423458735148,4.457119283080101
0.36332893,6.225416119893392,38.20088630318642
11.2269745,0.38288466930389403,2.5900897529907527
15.022235,0.5706999897956848,3.232630596868694
16.670757,2.6264761130015057,8.211280135437848
7.601652,1.0360509316126507,5.509219345897437
20.089848,9.354290135701499,60.90129704713822
8.932719,0.5807085911432902,3.137322151772678
23.019196,3.8005743026733403,27.855992970168593
9.047392,3.121475378672282,8.655856356769801
10.655476,2.4708161513010665,9.144735521897674
16.59827,0.3160242557525635,2.088284847866744
12.220499,1.9426217079162598,15.550190455168488
18.905308,2.6870811780293784,17.702833279371266
10.039141,1.6585394541422527,12.193083525598052
17.915611,3.890679995218913,15.686880085319283
3.3489456,9.382408650716147,45.61064646005631
14.304492,0.9238441149393717,2.3600520019605757
17.867397,3.56656665802002,22.760425272285943
17.328033,1.71733824412028,13.150525559335948
23.986189,5.50347048441569,37.031646929383285
11.607176,0.8077655911445617,2.3964873152226214
11.4328,10.393316332499188,0.57
17.278416,2.5196200211842856,16.44911959141493
20.702742,9.627279472351075,18.263960267007352
5.1963444,1.6206096013387046,11.001449796557429
12.388176,8.31490027109782,19.602508247792723
17.813269,6.948710823059082,50.2861926752329
18.369324,1.769666894276937,12.875585709661248
12.626019,2.1825945536295577,11.624025757759812
19.189991,2.4949080944061284,13.03945168450475
7.511388,1.3783141771952312,10.007835019230845
23.860771,8.995808092753094,21.008672904968265
17.760725,2.943191432952881,22.478764457106593
20.843649,4.79639326731364,34.328139577806
23.038689,3.0824982325236006,22.40807978063822
19.446173,2.406225951512655,17.62236986398697
1.5083504,3.7534555435180668,28.510931218862538
2.2623062,7.302523930867514,43.74073313772679
18.337608,2.977900377909343,11.505224613398315
17.903076,0.614314599831899,16.70746769666672
14.227739,0.5325408339500427,2.3198220839351418
9.520352,1.104599952697754,3.7070149956271057
23.759212,2.7315755844116216,21.102660064697268
6.932811,0.6017434954643249,1.7652434867992999
20.226334,4.09216734568278,8.330133435800672
14.191357,7.67561632792155,9.495742854177953
19.320461,5.732580502827963,34.46734087735415
19.407253,10.898669815063478,31.93154472738505
18.334038,2.953018156687419,20.194352052211766
17.433588,1.4977139234542847,8.835915747359396
11.51923,2.8261010646820073,20.731235703229906
17.323048,0.0833333333333333,1.6956273691914978
14.500578,5.714211781819662,37.96661381721497
17.384365,1.8129071712493896,11.239157419949771
6.0,0.878315265973409,11.988870281726124
20.289736,1.3230344851811726,9.802790347337725
17.574966,2.0202866395314536,12.486849646419289
18.93769,1.6002366860707602,10.156861077696087
12.590174,2.5998283545176193,10.852669178098441
15.737302,1.1353924751281739,7.180603917166592
17.516483,5.319386386871338,34.84731882303954
18.799433,1.234574564297994,7.860851632505657
20.606491,3.300639120737712,9.982235626578333
16.388258,2.126795848210653,17.36047821864486
13.457693,4.064448515574138,19.74841210484505
17.287298,5.9175954500834145,8.884573205932977
7.032295,2.0506450335184736,11.98759706169367
17.745752,1.45091765721639,9.298923490494492
18.241169,3.511775906880697,24.852602928280835
22.434933,8.499678484598796,39.69538277328015
23.362432,6.3223217010498045,44.05688850045205
7.1272388,2.4446876684824628,13.199080751240256
15.08498,2.4746075630187994,11.24564726278186
17.266212,4.408430703481039,9.256418394744397
12.115846,0.5916165272394815,2.181158323567361
16.467247,0.7764597376187642,1.6260191772505643
18.782267,0.5095109144846598,3.7397630841284992
17.425331,3.026275189717611,20.88069639503956
11.554751,0.8161139527956645,4.887231418043376
0.057905197,6.17737979888916,43.89253778159619
16.64611,1.0270142237345379,6.602848369106652
21.446426,6.092387135823568,27.937816532254224
20.105194,4.1019388198852536,14.438199962824585
17.751528,0.7113675276438395,21.866493908166888
13.153818,3.229299386342367,20.675226293802265
13.384618,1.1076613187789917,7.4091182783246055
20.558508,2.96585021018982,22.382995811998846
16.126656,2.9401240348815922,18.53594665527344
21.79047,6.277370262145996,38.773542835116395
16.184174,0.09346987406412757,1.6940202484838665
19.046303,3.002628040313721,20.436304765045644
18.472038,2.544333346684774,15.783930131793024
16.973492,0.8141301711400349,5.613778322562577
1.8502197,8.507305018107097,46.757268537282954
14.43239,0.5358950138092041,12.6150644376874
14.440983,2.0397304534912113,9.433431772589685
13.876501,1.2149238268534344,7.754789847135545
2.164528,9.301750628153485,62.99372218847276
20.363638,2.469967301686605,12.185000368058683
20.12484,5.223565165201823,20.075006849169736
19.694317,3.2277646382649743,22.52802631169558
22.305965,2.388753112157186,14.621955782175066
19.351194,6.685246086120606,18.5097459346056
18.817371,7.175633939107259,45.909780558347705
18.924847,1.4505259275436402,9.920445082336666
20.148354,2.853284009297689,20.665504824221138
9.161499,0.6231842478116353,1.7564324462413787
17.836254,1.42301664352417,6.431531244739891
20.944191,8.960066541035971,16.65686410337687
9.301743,2.9240688006083175,21.846668491661553
10.829386,2.4847358862559004,6.118197419419886
15.572355,1.5389264901479085,12.418065084666015
16.867985,1.87432279586792,12.766831242889168
12.203602,2.166209220886231,3.7823003938794137
16.301102,3.771523539225261,29.420198492705826
16.722557,3.3620286941528326,14.53196315854788
11.8873005,1.8817786852518719,6.555565374568106
17.50293,8.759309323628745,17.93205379188061
17.463364,0.5657971183458964,4.0214054913073785
11.824501,2.3767585436503094,8.08006023809314
21.452944,10.133220418294272,15.946371531933549
14.090603,0.8381017367045085,2.6674333957955243
19.78281,3.341973463694255,8.447986568138004
17.546515,6.473037528991699,49.95576906681062
17.653242,1.277937404314677,9.3025253225863
16.163448,3.797518094380697,24.605246444642546
0.5869446,5.123318735758463,34.98161336779595
18.568687,4.063629913330078,29.537586311697964
12.848913,2.236097431182862,8.899968941658736
17.174881,3.012563514709473,22.28912319093943
14.285307,2.8121603488922124,22.053457832932477
7.0673394,5.047752062479655,26.561920763850217
22.840506,8.41880086263021,51.17818710863591
13.3220415,1.2617412487665813,8.44969851218164
21.153463,5.040098253885905,18.142547231912616
18.30335,8.225069427490237,43.79116287767888
21.518528,3.0362540245056158,19.786897097826007
6.887257,2.1497633934021,9.875382297188045
20.161556,1.9087602138519288,7.612552761510016
18.673021,2.8777960936228437,21.161708839535716
9.107573,0.7226076165835063,2.383700913563371
9.22308,2.5974919637044276,10.40165066793561
15.893702,8.580006408691407,27.307682041525844
21.412752,7.204567909240723,40.26525356113911
9.849562,0.0833333333333333,1.0100279431743546
20.089127,1.0595754305521647,6.650019892975689
17.647507,2.5947557131449384,18.853809871375564
21.741163,0.732250452041626,4.588534765429795
7.2296944,1.4718143065770468,7.920289532020689
10.5359745,4.0472564697265625,27.297524915933614
20.23287,0.8520554780960082,5.833375030159951
21.34903,6.7130023320515955,43.1672911977768
20.377672,5.15002244313558,20.901787872910504
18.751554,0.17628402709960933,15.960253209620717
12.649176,0.40749492645263674,1.7725923696532848
3.4995575,1.2402698119481406,8.223993416428566
15.890503,0.5678806900978088,5.081919033005835
7.509145,2.173769839604696,6.535935798734427
14.60173,3.6194782257080083,10.369360989779235
19.626785,3.0522631009419765,22.788900403678422
3.3175488,1.0791032552719118,4.325052362047137
14.386724,2.0336313247680664,13.814610538929703
17.017387,2.201132520039877,14.059978958517314
14.435851,2.0289882659912113,4.573669026717544
6.85159,1.1973994970321655,8.34211960077286
11.441538,1.5153249740600587,9.33599106743932
20.545866,9.973851394653321,64.58351074099541
17.377815,3.3398001988728847,11.068354696929456
4.5464783,2.353611437479655,16.63367513611913
16.800467,9.412074152628582,55.20739161133767
12.897804,1.8491714954376222,7.1421501155197635
17.810677,0.6259478608767192,4.488562193214894
16.692825,9.635309537251791,30.98596460461617
18.034542,2.147814798355103,12.543386751860382
17.004072,2.636305634180705,17.682723561525346
17.326488,9.087594350179037,55.25713411927224
20.462097,6.267394574483236,18.24767532259226
9.079495,0.6443127791086832,5.298821525201203
12.104059,1.1726678133010864,4.3355561716482045
18.84705,10.105792172749839,13.414940123409036
9.135003,2.211141077677409,15.1917744140327
16.158781,2.649737040201823,11.50818114280701
22.577839,4.272948360443115,31.026368120312696
21.26986,3.0543608347574875,21.571106860637666
17.490963,2.9130010604858403,21.06885070383549
20.507528,4.528121121724447,22.272664393186574
3.0579586,6.268081347147624,43.14979541599751
17.413502,9.757785161336264,15.095365579575303
17.906887,1.985960070292155,14.643895050734283
6.6081076,2.9487831751505538,20.85776820778847
16.770018,2.1968396663665777,14.430844943970444
17.360073,0.796082588036855,4.889511964768173
19.693964,0.6874678651491801,2.388477534018457
23.613613,5.363338438669841,39.04558444738389
6.905694,3.68506186803182,9.974207693040373
15.080456,3.888101450602214,20.212267127335075
16.728352,3.4711930274963385,6.7955397386848935
17.810688,2.5913117090861006,14.615732855349782
9.135717,1.0632332642873128,6.460099950134755
16.288595,3.3193844477335617,8.742743652984501
20.37257,3.5917268753051763,18.93439805209637
20.1427,0.8424064795176188,5.0434846620261675
17.311401,0.7175110220909119,4.248547689430416
19.67215,3.289075883229574,10.170272328704597
17.252115,1.9394049962361655,13.11105982899666
14.247686,0.820941162109375,4.942057602107526
22.592102,2.5730146725972496,19.38483364224434
17.426544,0.9910387357076009,6.5586947346478714
6.3749495,9.492727279663088,20.287854467928412
23.25574,4.115461317698161,12.92933911636472
17.83717,2.771744441986084,14.225406545400622
16.868446,2.65090339978536,19.069784804880623
17.384645,2.247885862986247,14.544750582873824
23.051119,9.060041618347169,19.98567077755928
17.619982,2.951834313074748,8.154223003983498
20.045086,4.435352961222331,30.67166435927153
7.9568834,0.7118140697479248,4.0326855049282315
18.49494,2.070154062906901,8.985702669844033
20.22569,4.519585418701172,37.64082084357739
21.696508,3.4234717686971035,21.995032884776595
20.82229,10.271149826049806,36.98493969619275
17.498621,5.356761646270752,30.264598018229012
15.056765,2.7621128400166834,15.725062368959192
16.560005,2.8347953478495285,20.14312258690596
14.234836,9.426280275980632,53.29674342930318
18.289124,1.9488292376200358,11.82278921082616
20.37989,0.8852654298146566,6.860453507006169
12.753151,2.6056428432464602,8.315812011435629
16.768154,0.4348879416783651,0.744985813293606
9.425574,2.4811889012654627,7.885616017803551
20.136593,2.4716087023417157,8.582555698901416
18.307396,3.1976267178853357,9.415536128133537
18.703575,0.28794630368550617,19.171235386133198
11.700098,0.5136194864908854,2.776253824569285
11.419894,1.1830220301946004,3.6538549912720923
12.339411,1.9559620221455893,14.86142136961222
21.663294,7.533536211649577,43.925762177109725
19.847435,2.5005115509033207,16.359259914457798
20.2794,1.6286559263865152,10.415443373620512
6.19523,9.11647866566976,5.766178669780494
10.37892,0.8606838464736938,3.7232436933740978
17.925709,3.820537916819255,26.0847219863534
22.529137,2.2714090506235762,16.662044932842257
7.4453554,2.639334917068482,10.015281055420639
6.7016096,1.7543400446573894,12.444617602676155
15.484695,2.7524588584899905,10.75249897554517
6.968584,9.599037170410158,52.74690054595471
18.458027,0.4972677230834961,2.8100383857637645
18.347609,3.021437009175619,10.542709130197766
12.989218,1.2660442431767782,21.130838622748854
22.787342,9.790375391642254,36.05119591772557
15.338208,0.8709623575210571,5.386268220096827
19.413837,7.0192050298055015,4.955476011782886
16.263939,0.790824047724406,5.044566132053734
17.26654,12.84818941752116,18.564757221341136
15.16478,2.324275159835816,15.030200235247614
19.994833,2.9604266643524175,19.85680045694113
21.57341,9.093762715657553,21.081934701502327
16.893269,3.3563659667968753,13.932160961925986
18.81968,0.8760332504908244,5.130605637580158
19.763512,8.516434478759766,27.454166773259644
17.291142,1.947352186838786,13.496232921481134
11.031669,0.8633304913838704,6.274965576082469
21.32259,2.1102339267730716,14.539871440082791
15.138512,1.5282843112945557,10.628802325725557
16.828161,0.7825372735659282,5.41581101551652
6.0,2.3450475851694748,5.622002096772195
17.206402,2.1922102451324466,14.696903956085446
18.1055,10.662935447692872,14.808711082935336
18.266478,2.5943596998850507,18.529289095103742
6.704681,1.888398313522339,10.880381400138141
23.135311,8.67266337076823,52.48286027789117
7.125765,5.712391694386801,18.839382089674476
18.056824,3.390629069010417,22.27282392919064
18.849487,0.7423604170481364,4.9217576682567605
18.324583,3.2406650543212896,13.166404505074027
14.858971,9.074998855590822,13.649972450733188
1.2930527,7.616135660807292,50.317069028019915
14.079299,4.66404021581014,29.529008183479313
13.480223,0.37737523317337035,11.581561568677428
9.984082,1.0949478069941203,2.501844738908112
10.646808,1.078165062268575,6.25571183025837
19.456936,3.24903465906779,8.7154890742898
21.882936,2.6122855504353844,17.558477739691735
16.898602,5.289782778422038,35.11730078458787
11.17128,1.8823268095652264,8.182492068037392
17.48077,0.32733366886774695,2.9409609427675605
20.506264,1.2552849213282267,8.626185728013517
17.723392,1.8637229283650716,11.98826690837741
16.71784,0.9399397373199463,6.79491386666894
17.819782,2.758404302597046,18.971529034376147
9.548542,1.0077333609263104,3.2792071843892336
16.604397,2.9983538945515953,20.64668571174145
20.254196,3.835956732432048,9.896608767062427
17.287027,0.8176453351974488,5.154836190864445
15.724062,1.2316009680430096,8.83094149656594
18.939634,1.3576727946599325,5.585646807178856
6.0,0.5043025096257527,2.50812570206821
10.476895,2.5634341239929204,19.597840797007088
18.254898,2.9116630077362062,7.359947952404619
10.58114,1.805974054336548,11.153428293764593
21.621895,9.255692100524904,15.977698880732062
0.9354553,6.784574953715007,44.371644855141646
16.760895,5.516478602091471,36.200922502875336
8.995609,1.495611294110616,10.822621185332538
17.48729,3.1106691996256512,21.40709975779057
7.438782,1.5861321449279786,9.98904658675194
18.249071,2.831507301330567,20.309870436489586
9.8448925,1.193541733423869,6.871148555278779
18.395151,7.406331507364909,45.58022417128087
16.799536,1.7049263318379722,11.22641499295831
22.181358,7.919838841756185,13.589185142517092
17.200418,1.9674782276153566,12.71153463214636
18.47157,2.9665039380391445,7.271517452150585
17.798872,5.556185881296794,39.13262156426907
14.184828,2.4683766047159836,10.484043855369093
15.399393,1.3431882381439209,8.280741191208364
9.40075,1.8392118930816652,11.055369897931817
17.635468,1.5130337794621787,9.704276864826682
18.292353,2.1631822109222414,8.568793673217298
18.903381,0.7956252495447794,16.933048538416628
18.268257,4.982968839009603,16.55178714603186
7.7486105,8.613779958089195,41.20712958514691
20.627657,1.3390504678090414,7.755121191143991
18.94477,8.726479212443035,8.260500060692431
23.576103,2.3932131131490073,17.447313870191575
15.5225935,2.7606697082519536,18.38829812884331
10.832318,0.6557882905006408,2.805590041317046
10.929356,0.5793565948804219,1.907434552423656
21.015776,8.426670773824057,14.079086463004353
16.85194,1.387389087677002,10.077544071674348
20.591747,5.048405265808106,21.60321654945612
20.040554,3.029905223846436,8.261701694056393
17.823019,1.6052923679351807,9.817559699714185
7.3200407,1.231953533490499,9.317759988307955
20.246222,1.7998233477274577,12.214546231478455
22.999838,5.119979985555013,30.195568016469483
10.7768545,3.4793262481689458,7.802487533017994
17.056328,1.5895598888397218,11.884450899064543
15.591146,3.4896855354309086,24.336573496460918
8.413259,0.6309986035029093,5.179427745491267
13.0845995,0.5195552706718445,2.179450598023832
4.077963,5.826918379465739,40.41148262619973
9.629448,1.6845076084136963,12.108294230103494
18.463236,1.746939754486084,11.4889008076489
7.6974306,1.7870019594828288,10.229073618203403
19.296371,1.7900737285614015,7.7763783410191545
20.776611,2.942386468251547,21.32920323580504
14.880325,7.918819173177083,10.55281512245536
15.455496,0.798090934753418,2.5315534619987012
18.896759,2.9851247787475588,17.094012185186152
13.316521,2.2154699484507248,7.148642515018584
21.965807,3.5839887936909998,25.493450875282292
12.232795,1.2214076042175293,6.544870837628842
22.042519,2.9375309785207118,21.168996362388135
20.158123,1.9091777324676515,13.006804073005917
18.981586,1.5577784697214763,11.445651210546496
21.483887,6.434018770853679,38.38510539054871
18.718859,1.6591821670532227,5.847515953853727
19.964663,5.864380709330241,33.12340548843146
18.123655,0.5855214198430378,4.232202919013798
18.287766,5.494585800170898,40.170853244066244
13.083299,1.6084928194681805,10.705636297017337
19.757238,6.126875432332357,36.00312240183354
17.940506,3.7161897341410324,23.4474507111311
16.855118,2.7096048037211102,12.208032867312433
17.613956,9.815693664550782,57.18684071779252
18.113766,2.8634383837382003,20.920087470710282
8.627207,2.0774550437927246,12.15391948193312
12.646389,3.563987763722738,20.6159688949585
18.571846,2.453662220637004,17.704640331417323
8.616521,0.8952752113342285,2.663716385867447
16.023876,2.9171131292978925,16.988398327827458
17.880127,1.8719755649566652,12.429840068966152
17.48497,1.951848030090332,13.07545057475567
10.872648,2.3071871439615887,13.028097016215327
13.240789,2.395186535517375,18.265269280374053
0.12996292,3.005758380889893,20.540845845043663
14.4288845,0.609117865562439,5.009314811155201
14.6630335,3.9518219947814948,13.803980941325428
15.146482,1.944718392690023,14.156672094315292
18.81073,3.1267856280008957,18.918642849028114
8.720321,1.7331093629201253,11.113614856749775
10.216066,0.6044107278188069,2.232209972701967
23.139822,9.354499944051108,47.30820362865926
12.368063,0.37534367640813193,2.148982289247215
19.659506,3.187665716807048,17.735787690877917
11.040396,2.8148238658905034,10.384229540824892
16.97932,2.661786508560181,8.939962368011477
19.808273,10.964336331685386,69.2
18.311039,1.2548321723937987,22.344545589685442
13.909872,1.2371515353520712,8.035814052298665
22.908491,3.2288437525431317,21.98037807106972
23.851543,4.920169703165691,17.160047818869355
17.536976,2.8376613299051923,19.119398456811908
16.770525,5.276976426442464,33.711299754083164
9.515347,1.2271990140279134,8.539622105807068
18.849766,9.062112426757814,59.52194466531277
18.533533,1.891269890467326,12.840466312766077
10.338091,1.847889566421509,10.67173387348652
12.988426,0.5814333915710449,2.072967857476324
19.769203,8.038541412353517,45.004802348613744
21.106142,11.639248530069988,16.590279297679665
15.242607,1.645432726542155,11.56133526682854
9.672049,1.1006518840789794,3.491966598145664
19.142265,1.0318776686986288,4.950051276311279
19.165512,2.7554105122884116,17.084657852947714
16.755056,2.023496532440186,15.129149373769762
13.976736,4.491443824768067,30.455775329768663
20.875057,10.68689765930176,62.40139773070813
10.492345,1.1468809684117636,2.8606297070533038
19.385647,1.4242342313130696,7.190171475410462
20.048046,3.9532385508219408,30.39734220027924
13.356728,0.0833333333333333,2.29643446367234
13.865568,5.244352277119955,34.58376125365496
12.6669035,0.6177304983139038,1.4114862037822604
0.11444092,4.694522221883138,29.2100179886818
19.171919,3.4899488449096685,18.723972108066086
17.9579,3.081689771016439,20.667957178950314
10.718475,0.8143054048220316,6.0556306711584345
9.982334,2.3959586302439373,13.285101337432863
18.97497,2.024391015370687,12.570081420540811
0.76151085,9.731031099955242,28.56950343102217
7.267538,2.1368350028991703,7.088441194817425
20.046783,1.8196449915568034,20.380236040949825
16.958235,2.4304039160410564,15.903468618839982
17.131023,4.459153620402018,24.66730799555779
15.574071,0.6532174388567606,2.3587307165935636
8.407547,3.3760879516601565,19.813697101175787
13.211909,2.983970832824707,7.320742490738631
20.193256,2.693213526407878,19.310154429674153
23.833466,2.4471331596374517,17.95563239514828
19.957554,6.952940559387208,47.74134797036648
17.023592,1.50495449701945,8.812675135433675
7.4703984,0.7666231354077657,7.597481211125852
17.80107,2.8906846205393477,21.996947316825395
11.370949,5.40746078491211,34.61018491566182
0.48459053,5.7465995470682785,40.74132126927376
17.168041,2.9727779070536298,9.717645163834096
7.347354,3.040590063730876,10.511450300067665
6.820573,3.2424494743347174,23.141988351345066
7.5526795,1.2361148198445637,8.807797015309335
15.74771,1.0046480417251586,6.673533045575024
5.709934,1.2515716632207234,5.700763794779778
19.229643,4.969174989064535,32.574427781105044
22.329773,6.351496950785319,43.66883966922761
11.585948,1.3420883178710938,5.725009176731111
14.928364,1.8440329392751058,13.5454835267365
14.633643,15.198620605468752,19.03186636924744
18.703808,2.829473733901978,19.64488346487284
6.7592144,0.0833333333333333,0.7858199355844409
10.297336,0.0833333333333333,1.4670219267811628
9.375168,1.6408218383789064,6.057226542532445
12.563468,2.4840209643046065,16.29846340224147
18.188156,10.58015626271566,15.530153346657755
18.895205,3.3775419235229496,9.511768041253092
18.63702,4.502440929412842,12.08665869355202
20.518654,1.4681358416875203,9.061782424449921
13.32679,4.68471508026123,10.399107295870783
15.892574,4.085959815979004,29.87657782167197
17.1055,13.871732457478842,0.57
10.571961,0.6324020465215047,4.4641404012590655
10.101949,1.9323334058125814,6.115558428019286
13.213942,0.5229926745096842,1.7139502326585352
13.437972,0.5834294994672139,1.6440512198768555
19.855503,11.004097112019858,6.491702396273614
7.454652,1.5840844154357911,8.225871543809772
12.12607,1.0874826510747273,20.031052634716037
6.455254,3.1625506083170576,13.328910333216193
12.517832,0.7338373899459839,2.7023166845180095
22.083752,2.055735508600871,15.652012264430525
18.583662,2.982839965820313,20.866849488019945
16.758387,1.6268318176269532,10.242750762552024
17.637665,0.7239623665809631,0.57
18.596373,5.8284276008605955,25.065783936381344
6.186343,2.8601886272430423,20.65454797327519
12.032566,1.1859903812408448,6.293463059887291
18.69606,2.173327493667603,14.705925921648744
7.4036174,1.9042596499125164,8.344070848822595
18.082485,2.446800263722738,16.147405305057767
7.9808307,0.9027186870574951,3.351916740909219
16.373533,1.9268955230712892,13.974153701663019
6.0,4.111849117279053,12.29062240675092
9.035837,0.7843768119812011,1.494771667905152
20.506866,10.530056826273603,65.323843703866
11.438646,1.734512456258138,10.15181933090091
20.22775,2.4073722044626873,9.708365486264231
6.8888664,2.0803227742513024,15.209460411816838
15.139044,0.8183839480082193,2.85828831166029
19.539747,1.450478982925415,10.130292197018864
18.33537,3.0645183563232425,7.74733256161213
16.776035,7.3908791224161785,45.42458248198033
6.864747,2.4846115748087567,15.224990628212693
16.081776,3.2712477684021,22.13993657380343
17.674759,2.5119294961293543,7.976768345460297
15.917408,3.072092437744141,20.59870628118515
11.953038,0.5589832862218221,1.9120056168735027
20.840769,0.7727944731712341,24.205623071789745
18.024471,0.5110931754112243,3.9322898043692116
17.492958,0.8056572357813517,5.995617521628739
11.034074,0.4098397751649221,1.9666856874339285
7.528987,1.6382418950398763,8.906515542492272
8.787296,0.17496984004974364,1.0054171864734962
6.974221,1.2680067380269369,4.70901512850076
21.013584,2.6542145252227787,17.75440022468567
10.093534,0.24303765694300333,6.381229338124395
20.606916,1.7683576901753744,11.943893400579693
19.324785,0.5035469810167948,4.480072269998492
6.315163,2.1125297546386723,9.352916201204064
17.385494,2.8526070276896163,18.92643761456013
11.786823,1.7215317885080974,11.109203072637321
15.709087,0.9798767566680908,2.645625156406313
15.246054,0.8520066976547241,6.355345132797957
17.832996,3.0021909395853683,21.09927503794432
22.710457,5.049970086415609,37.54557375848294
17.390491,6.845149421691895,43.67489385604859
16.264341,2.7945611000061037,19.256435793638232
21.216087,2.89225975672404,19.180517109036447
18.12591,1.5236342589060465,9.785529778897764
13.482521,1.9841819445292155,5.2330763288587345
8.514046,0.717721966902415,5.507895503863693
9.531568,1.2928084452946982,8.76778620362282
16.006802,0.0833333333333333,1.7361078405566515
1.1031494,4.992217540740967,31.645545760095125
14.703064,1.7722097714742024,12.627391662001612
13.603805,2.1843144575754803,16.77369661435485
18.881544,2.8198699315389,18.712996849119666
17.810423,3.301699701944987,19.71493408799172
13.681482,2.8236366907755537,13.572243646085264
21.738686,7.609241358439128,15.658857995271685
13.924064,4.383795356750488,13.088036533743145
6.2801704,0.4170920193195343,18.12343359142542
23.002556,6.104193751017252,40.40065872192383
20.625998,3.6976874351501468,26.291634047627454
8.110583,1.0926610708236695,8.354460119754076
11.167731,0.7326300303141275,2.224543679673225
6.517228,1.569199562072754,6.410298127532006
16.159931,0.5406349778175354,16.212626896053553
17.452152,0.7194085637728374,4.365466871410609
20.536493,4.847695954640707,34.48303881108761
17.444157,0.6250402212142944,4.556451410278679
20.55719,2.1747414271036787,13.740245285034181
16.611921,0.8765895922978719,2.342359484676272
16.715927,2.0419323921203616,13.888890911489728
10.212348,6.506310335795085,11.329202199578287
20.64653,1.8274975935618083,13.584827559739354
22.340038,9.38307654062907,14.533296715915206
16.495907,0.896463950475057,6.2201030873507275
18.333885,1.21018119653066,8.008869341611863
10.239865,0.6258263031641642,2.456004982739687
20.377028,9.782640457153322,40.924448148608214
16.90502,2.6104909896850588,18.634175836443905
15.808819,0.921747342745463,6.11268677994609
17.166801,6.460270690917969,42.808331097960476
6.719885,9.428704261779787,59.335344809889804
15.84624,2.4557475407918297,17.62220828264952
18.727842,1.261305022239685,9.800875915288927
3.4701424,2.009415944417318,11.71903558418155
18.015411,1.8223252932230631,10.900318287312986
6.0326614,1.4738925457000733,5.603592050969602
20.10297,14.155077234903974,10.398862878531219
17.398586,2.1354401270548506,14.993711487650874
17.575283,3.784193865458171,26.15570119082928
16.621841,1.217370629310608,8.19510972969234
17.094368,4.148326746622722,8.684712431505323
15.989285,3.117325019836426,15.838946531862023
19.799393,10.085298093159995,33.309064490497114
18.713718,1.753239425023397,0.57
18.424797,3.354858843485515,9.554807991683484
19.456938,1.3528428316116334,10.34765488922596
14.022699,1.375157348314921,8.673623656556012
18.78196,9.402443949381512,64.88376159131528
17.153313,3.1891595522562666,20.493629323840146
11.162474,0.9760323683420817,2.8938193318992855
19.443703,2.7236324151357016,17.68184100016952
17.500202,10.407209142049155,7.944690870642663
20.88144,2.9273769537607834,7.042027978301049
18.779175,3.15575491587321,21.52189204871655
19.74437,1.552832063039144,11.02274376243353
14.4865465,1.7508341471354167,11.82064570143819
15.766342,9.31125914255778,53.537225547432904
18.355633,3.2745840708414717,22.138183723092084
23.315504,6.523214594523112,44.92460073590279
21.609371,6.185155995686849,36.73918061792851
18.30449,5.881358051300049,18.526276319026948
19.996323,2.897781038284302,9.604089276939632
15.183207,6.793529574076335,9.024949549511076
13.976839,0.25257400373617805,1.8997521523945036
10.131994,0.7004734476407368,3.2944643487781287
16.127802,0.1642892837524414,1.363330874554813
20.180696,0.7279849608739217,14.833959700912239
13.633797,4.016585985819499,23.01132222801447
1.0105133,1.9287874698638916,12.342963510751726
17.619894,10.544390233357749,47.6321435302496
15.985231,3.7786231040954594,29.580722392797476
1.594202,8.177183469136557,34.399679203629496
16.867195,1.8231783390045166,12.587642652988436
11.741465,0.6784815549850464,5.360302712768317
16.761856,2.8625452995300296,21.75148890256882
11.171395,0.8076680739720662,1.6359366153366866
23.357162,5.821769332885743,47.41700309276582
17.584349,5.908781750996908,37.03299684941769
19.922152,4.095542462666829,15.651533656418327
17.317146,4.494859504699707,24.378944622874265
20.426853,2.804469998677572,19.2790858155489
17.769012,1.5961823145548504,11.485913598239424
6.4487967,0.6384083350499471,1.7806655561923983
20.292145,8.045576286315919,22.37542194247246
6.0,0.26390825510025023,4.198948866166175
12.112172,5.16545000076294,35.03076272904873
7.0187902,1.478025770187378,5.756697526872159
22.987928,6.155239423116049,28.5267559632659
16.363781,2.1841350714365646,15.768427527397874
17.957489,1.901659075419108,11.567440586984159
14.324074,2.1362017313639328,14.351531005948784
9.3735,1.1623906135559081,3.769872948229313
17.665016,0.6876260956128438,5.332328688055278
21.563353,2.794372447331747,20.238545570671562
17.235294,1.3944036801656088,21.372259548902516
18.826332,1.266233770052592,10.145175065398218
18.687595,3.1524238586425786,21.771030017733576
14.211765,3.3402491887410486,15.830762130320075
19.785725,2.5483978589375815,17.818173719644548
17.56541,2.2063133875528975,15.49907552853227
15.606872,3.0072025616963707,20.27868114769459
23.644358,6.435817527770996,44.44400465965272
16.191872,0.7622174660364787,2.5038627159595492
21.586012,10.35545431772868,12.245275320261719
1.1968193,5.747374439239502,37.858853382468226
13.996259,8.769734700520834,1.977970686554909
9.450888,0.2954324185848236,1.08632632474415
12.735827,1.2923372507095336,9.27501456588507
21.80798,9.585317103068036,44.73266665101052
23.793695,3.0866531372070316,22.275333553254608
16.44342,0.7917064666748047,5.234416533559561
17.637402,3.3473239262898766,24.119395906925206
16.905178,2.5120300292968754,9.64362250328064
17.573257,0.5796293457349141,1.8145162072218954
0.09278107,5.421467940012614,41.75678020715714
20.33833,9.056022389729819,12.916311365365985
20.721453,3.748236211140951,27.083413281142715
18.300768,1.430812946955363,8.991066556647421
17.281311,1.440965747833252,9.7157164144516
15.870134,0.483166241645813,2.369905267711729
16.816814,4.022699801127116,23.56351519942284
18.429426,1.5867869218190511,5.751354604735972
1.0383263,9.288322194417319,31.760806432366376
20.63904,0.5686403274536133,3.759458621963859
8.502466,2.671463743845622,9.79001724034548
18.937737,3.931656964619955,11.945405924618246
17.5447,4.574128945668538,30.662523764371876
21.002533,2.8596408526102706,20.11740047425032
18.348227,0.995373813311259,5.323375241160393
15.657919,0.1428790191809336,2.802405457235873
23.109388,0.9312458912531535,7.0175601663440474
18.953548,11.727727508544923,16.05827274411917
17.082691,3.0599994341532395,20.344217720031743
14.883227,1.5466137806574505,11.224258188903333
16.20855,1.907050100962321,13.565828457921745
18.177532,0.9135754823684692,4.324968247711659
15.573656,2.0938176472981773,14.139093476533892
18.09261,4.409554926554362,23.137764737904075
16.91761,0.40116011301676435,3.087400421500206
18.05272,1.803122584025065,11.342685037255288
2.3327408,2.456241814295451,18.671128874719145
12.837672,0.28974171678225197,1.614944208301604
19.522953,0.33955950736999513,4.687735735625029
22.20579,0.5891889572143555,11.19300958544016
19.217052,2.3948198954264326,15.470397909134629
20.647844,11.186522674560548,42.13254476606846
2.407753,5.7889479637146,39.06898715198041
19.337814,0.6447997093200684,16.86436726599932
19.812883,4.653879896799723,14.76272994309664
17.576422,1.6572031497955322,7.514583849012853
18.062332,8.900114504496258,61.420124495029455
21.913923,2.104325024286906,15.335612484365704
20.814945,0.8365036964416503,7.114667993485929
22.22154,4.619941997528076,32.39334009915591
17.552505,1.7717247645060221,10.884063000231983
17.107347,3.66494369506836,16.033080372810364
21.599928,3.0928263982137048,20.130183807909493
18.081327,3.1422212282816573,14.855355933457615
19.277111,0.8204355239868164,4.797264616750182
16.84051,0.8766041914621989,5.033211463764311
10.742884,0.8437808990478516,4.26489859584719
10.602152,0.7147938728332519,3.938213601186872
7.6344566,1.252962342898051,5.735757403671743
17.187094,3.352429612477621,15.074870316386225
14.970906,0.9821717103322347,3.992509532570839
14.794731,2.163989098866781,13.886472304761412
0.09691048,5.820092614491781,50.832644395828254
17.313906,2.0075435797373458,12.636614070236686
11.634644,2.0396996815999353,6.512546388804914
23.761341,8.710904439290365,49.985725019574176
17.19172,1.872049872080485,13.002973163574936
19.224344,0.5207005620002747,20.04812298715115
12.046017,3.2226309776306157,10.459823017418387
21.924343,6.032795969645182,34.593713845908646
22.507973,4.55175043741862,31.353496696650986
13.007724,3.0628874460856124,22.018364002704622
20.37897,4.109814675649007,29.31926742613316
0.7874603,5.40470355351766,18.08964263856411
13.871824,0.5161181728045146,2.0470727863162756
17.495422,11.248055966695151,8.743346003666522
22.02519,4.27999127705892,32.81904147267342
7.325226,1.112740429242452,3.781912803202868
13.029447,0.6720211625099182,2.9936717407777906
16.916445,2.8679464658101406,10.377861395329239
10.94825,0.853875478108724,1.7439775164239109
9.849934,0.8702282031377157,5.720127477273346
17.529234,1.7402063051859538,10.800209444761277
7.5810156,2.562019840876262,7.836913561895491
19.279963,5.242526245117188,27.12006770074368
17.919512,2.835634581247966,12.079191181361677
22.181057,3.300493653615316,22.962905096113687
7.471002,2.0584582964579266,9.426230153739453
11.231972,0.752682900428772,1.6645209163986148
18.550352,1.479101300239563,9.492466230094434
18.607332,3.6161891301472986,25.593443133831027
11.5324955,1.09795138835907,2.499427410513163
15.456532,8.22734095255534,54.61593028426171
11.090161,2.136213270823161,14.529719427824023
14.267531,6.4774022420247395,42.93009388506413
10.595699,4.224031543731689,24.95834052830935
10.8116865,0.7538769721984863,4.344039703197778
20.686422,3.2947302182515465,20.03785132288933
17.313528,3.4123340924580896,24.034033918082716
19.47358,5.894088172912598,22.568022806048397
14.017798,0.6086747328440348,13.855177681297066
9.474519,0.8091955661773681,1.8273018418811264
18.337025,2.2344628492991134,13.794347421079877
19.871428,4.276935068766276,20.74093262881041
13.630276,0.7483898719151815,4.235272197425366
17.6014,3.0503146807352706,22.199525316655638
9.550234,5.064192295074463,36.8634714370966
22.832315,4.028076839447022,29.91752335071564
17.198132,1.919998073577881,13.190149803012611
14.801625,0.8388362407684326,2.821010065376759
16.123594,3.4994709968566897,20.475311318039896
21.862453,0.0833333333333333,10.661462209224702
19.498722,1.7923181533813477,12.22712503179908
14.165998,0.7652766903241475,2.5062402881868184
22.23168,2.525924936930339,19.2927240985632
17.101374,2.912654527028402,18.927364150583745
20.685535,2.004569721221924,13.333627894669773
11.459518,1.2727400143941243,4.110515297912062
16.799797,0.9914570411046346,6.556083355247975
21.230253,1.333509341875712,8.531259760260584
17.003902,2.562620242436727,10.483561156690122
15.999398,0.7249478101730347,3.508383466564119
16.864994,2.3727244536081953,16.347215968817473
6.163946,0.9464747428894043,3.1157492535561326
14.694857,0.5660113851229349,2.985401690900326
14.7325325,0.864363185564677,6.105654412433506
17.959982,1.801085344950358,12.767173836231233
20.501099,3.0983691851298016,10.57362945765257
13.266389,0.4590242942174276,2.271418118868023
20.360102,3.9683293660481778,29.571939731240278
17.169357,3.140223852793376,11.585928355455401
19.69988,3.5262827555338547,8.824788622409107
12.875509,0.6675572713216146,3.454490977190435
18.1101,1.4797499577204387,9.537597533911468
16.8717,3.0403361956278485,16.325095688253644
13.669542,0.5793959339459737,1.8915825795196
12.286441,1.794807004928589,13.579923872947695
19.899843,4.185264905293782,29.040672565698628
19.21471,2.1496974786122642,7.940099097192289
8.2687845,0.9656083901723226,6.911533151641489
18.439777,4.178309408823649,15.764050513952974
14.80867,0.3698837419350942,1.8006161215342584
21.013521,0.7193334698677063,5.352101948559286
20.570946,0.3314911524454752,17.418853056132797
12.797373,2.1226217110951744,16.829288775771857
18.72128,0.8171806097030639,5.937181324139239
23.747837,4.2576907475789385,27.651050564944747
21.442913,3.8068717002868655,14.145026988685133
19.803196,1.455622959136963,10.545792470276357
13.003168,3.352669143676758,23.74307297199965
18.3605,2.1318826516469325,14.88366846084595
16.195065,1.1256031672159832,8.381875257119537
13.833786,3.1843182245890302,12.26356162339449
5.236206,1.3576151847839355,12.257408237904313
16.95371,2.1256800174713137,14.612655651271346
16.440863,3.190543588002523,12.214367264807226
14.564752,0.364625616868337,4.035556641668082
12.961519,1.03451513449351,7.620949877724053
7.1226826,1.0253255287806193,4.914533039405943
18.42347,3.2600398063659672,24.512218546271328
16.890825,3.9682566324869795,20.122877877056602
20.56015,3.2324265797932945,21.968580588102345
10.028268,1.6160576343536377,5.955613868609071
17.045937,3.2012277285257977,19.866873723864558
16.247663,1.3573667367299398,9.268379504382612
23.622904,9.521244430541994,65.92110559642315
11.246589,0.7199195782343546,5.541978428065778
18.177563,1.8036736806233724,12.974688248187306
19.547234,3.7458143234252934,25.141555356979374
12.451673,2.497555526097616,8.323620071634652
21.702057,10.125319735209148,12.106284690052274
18.825733,1.685666799545288,10.861396615654233
19.809998,5.411036268870036,38.176894542574885
18.393967,2.274724547068278,8.689096603617074
16.580101,1.4553558031717937,10.219628268629315
18.445364,2.6206787586212164,16.715938444882635
18.36069,5.843254407246908,35.91147919416428
19.183992,0.8176726977030436,4.5535063858702785
5.0851555,0.8989197572072347,13.353298888504508
18.116133,2.8313380559285486,19.465513862967494
0.7143917,3.8673755327860517,27.64596382081509
0.22432327,7.715693918863932,54.55312218666077
20.258764,3.100566228230795,9.970661084949972
17.947006,1.2396861076354981,8.185978338792921
20.596596,4.324607022603353,31.155416384935382
7.8450136,10.210727818806967,58.60738202333451
20.410503,3.1193853378295904,8.908305209204556
19.794369,9.687746238708497,13.43234488785267
8.671011,1.541222580273946,10.136533531844618
17.996895,1.3390766938527425,9.57059285208583
10.634355,5.44426851272583,37.323151934146885
15.251945,1.5259438991546632,10.189238705188037
10.497711,0.793353549639384,4.2801762135699395
17.83821,1.7578401724497479,10.702410806268455
21.702366,2.033329550425212,13.855407781302931
13.979064,7.589702606201172,28.872732286751276
17.911001,3.060301208496094,20.086329814791682
16.112309,6.825298055013021,51.55380031287671
22.438234,2.192478974660238,13.958543717265131
1.3846893,6.253544425964356,30.21945955574513
6.9161534,1.3000664154688517,7.713033343404533
21.91811,9.530327033996583,15.796326897442343
18.20702,0.4017256776491801,2.84039011053741
11.344175,3.180954647064209,21.68192711412907
2.4740524,3.836200110117595,12.44656885072589
17.644684,2.662784322102865,17.55124748617411
16.9068,0.6377860347429911,2.5098632127791647
17.500238,2.3540380477905276,15.202075735628608
8.188639,0.8953292369842529,2.4231692005693914
17.677933,2.8489068826039636,19.93800019234419
18.710278,10.334716161092123,12.650076454579832
19.122,3.0811918258666995,9.160208980292083
9.2721615,2.717930348714193,9.407110377252103
18.39877,2.25924243927002,7.267369516044856
19.412647,3.711998812357585,13.17595621198416
13.170645,2.0481040795644128,11.665977590829137
7.058808,8.983546892801922,30.417014216780668
13.394913,0.2675047636032104,12.37162374481559
19.921352,4.637892150878907,30.730119987428193
22.046715,8.92502644856771,32.32628998011351
18.007217,2.7134498914082847,19.519214091002944
20.085373,1.9398844083150228,11.88413182705641
6.8920126,1.584523089726766,4.917905794158579
19.315733,3.4726991017659508,12.357989552468064
17.989374,0.15208630561828612,2.0873030878417196
12.829407,1.4500654856363933,5.219124087169767
16.595219,0.4278226455052694,3.2170149878039958
19.039986,3.9896287600199387,29.018186170458797
11.3502245,0.43619187871615095,1.3981455167755485
6.685589,3.750665442148845,14.126870564222338
18.592411,2.1109451770782472,14.310485255569223
18.534168,6.775912666320801,8.732817650064828
10.840002,1.1488988876342774,3.8796015050262214
17.654915,0.35939035216967263,1.8167442144453525
15.560433,20.42624740600586,13.267255803644659
10.435603,2.9033526738484703,20.57631192594767
15.904864,3.795716190338135,7.825653490275146
14.061433,0.0833333333333333,1.0199545533023775
19.599274,5.803216679890951,32.81180712848902
20.90051,2.64470443725586,7.790626133382322
18.352196,12.877853520711264,65.25045305132866
11.419749,0.5412617365519206,1.8732209825515747
0.3102665,1.8632709662119549,13.84638070240617
2.5790253,7.277546946207683,46.05638187408448
16.302319,3.369054476420085,23.249018602073196
11.837515,3.026002089182536,21.2377400174737
14.768267,4.539235719045004,11.015816218256953
16.605213,6.900845845540365,19.25439659625292
4.7704697,1.2736650069554647,12.394164341390136
6.9869785,1.8563394228617351,11.245557268112899
6.690427,1.7406280199686688,6.372797451242806
9.900642,3.297425206502279,25.196415289044385
20.063068,12.378667704264325,15.10029892370105
21.760036,7.289766184488933,46.08297529876233
8.863917,1.6951856295267742,11.510552706867458
20.0037,4.4939573287963865,28.57371477246285
17.692818,1.6689134279886881,12.00677308484912
5.114725,1.0549902439117431,1.1193236243352294
17.652042,8.796455192565919,59.97220844745637
12.637387,1.2928338845570881,11.58686716347933
10.333569,0.8295966307322185,3.6108089048415426
19.903036,1.012647596995036,7.918356691971423
17.045374,3.0317176183064785,20.728282241821294
15.680105,7.674535115559896,27.188222299814228
18.659061,0.8554111878077189,4.94860011227429
13.960478,0.3097618261973063,2.7738326611742377
18.000944,2.924398199717204,8.727713009268047
18.902039,2.032491191228231,11.886515663117173
16.507133,0.2316253066062927,15.174292949587109
21.183887,5.8931790033976235,33.73764773875475
17.941154,9.67120564778646,4.0973604805767545
18.100985,0.6358788768450419,3.458308336287737
17.213171,1.8589468161265057,11.483739408850672
16.114344,2.2310057322184247,16.696152912378313
17.580507,7.085665321350098,44.44061349689961
17.62838,1.9459735711415609,5.961533063426615
22.160702,7.157521184285482,33.36857755601407
19.999735,9.711134974161785,60.25410038530828
12.079287,2.1042491436004642,18.009764188528063
20.35632,10.836995251973471,15.545125187039378
15.565502,2.577426942189535,18.09943160414696
7.0733647,2.9530742804209393,9.569441329389813
14.108942,0.8760902484258016,3.4146154131740336
19.88798,3.121298789978028,21.35126420170069
17.227585,2.827156225840251,18.98371513068676
16.428728,2.9619769732157395,10.824076440036299
15.487428,0.0833333333333333,10.741411223262551
12.722931,0.9987409750620524,6.145097132772208
8.919068,1.423148473103841,4.675981971658767
16.216105,1.653885555267334,11.90995518371463
20.137074,1.1852182865142822,8.437179026529193
8.151251,2.2982099692026776,14.956708338707688
16.345695,6.343394851684571,18.939914316236976
17.46946,12.255627695719403,7.052359979897739
13.760333,1.0517654895782471,6.050808286368848
17.652504,4.4047146479288735,14.25377327412367
10.198627,4.2720105171203615,12.373197628855706
21.600061,6.199548149108887,24.42654566675425
13.903676,6.444918314615886,40.72550675153733
17.929947,0.3177607258160909,3.090173637904227
8.64815,2.122350883483887,12.472296076714995
9.066779,0.9979683558146158,7.103890109211208
15.92883,6.185431543986002,40.12815486431123
10.7297735,0.8945129076639811,3.4871408896893263
15.798498,5.500261465708415,38.728140524625786
20.309261,2.672804069519043,18.362625104188922
16.146442,1.1724496126174926,4.417519583404065
17.50634,2.4736627260843917,16.258774730563164
15.802648,3.052950922648112,23.19177381128073
17.42351,0.6875628471374512,3.1018261578679085
12.7433815,0.5003428141276042,4.289544351808727
11.452828,1.3587769110997518,3.906540335379541
12.562172,1.7634310404459637,5.710188179686667
12.868576,0.8423340956370036,2.7460567781329157
17.684063,2.411681667963664,15.301395079493526
9.422625,0.645779820283254,1.6811876989901067
19.006054,2.9875818093617763,19.53045319795609
18.44587,2.1262204488118495,12.232843783944848
17.154684,3.233628082275391,20.26281549662352
18.04266,3.179144700368246,20.87749340295792
9.142454,0.8993426958719889,6.294779743254185
19.288324,1.86284662882487,13.02909718424082
12.538145,1.3108878930409749,9.8574723353982
16.969898,3.7291516939798997,16.731878750622275
15.129606,2.9770541508992516,20.38914551317692
13.372961,0.41473733584086103,2.393620269149542
18.435444,2.280364720026652,15.413496734350922
0.55701065,8.975750414530438,49.8495385414362
20.490845,5.5202236811319985,16.004847613424065
17.843964,0.6412012775739033,2.448973637893796
17.257435,2.0821514288584395,12.655297168046237
13.256992,4.000100644429525,21.11601609170437
18.487926,4.339611117045084,21.926536715030675
18.253056,3.724335892995199,11.659013230651619
18.190275,1.4942689577738444,9.162286016345025
16.29881,2.4129913965861007,18.330294519364838
14.513042,1.2359600861867268,8.618140920475128
23.21568,3.9120650609334313,10.44706422775984
12.1882105,2.793847227096558,17.46605014666915
11.038413,0.8827074289321899,2.990990564376116
20.92562,9.53240063985189,34.0978718546033
5.6615257,8.881534576416017,45.038006290793426
21.65069,5.736340268452962,36.46654176831246
13.792999,0.6414578557014465,3.091929812282324
8.672567,1.8247765541076661,11.077914585173131
18.555096,1.4127400557200114,8.78530704073608
17.924135,5.491394964853923,37.17341716766358
17.22887,3.7993189493815107,15.957196458876135
17.78308,5.455272610982259,29.42334626078606
18.794508,1.1266220490137737,21.20067857652903
4.188225,1.581545909245809,12.82181900829077
6.490176,1.1795060793558756,8.620228694528343
19.997265,4.379351615905762,33.48649307101965
19.432564,0.0833333333333333,1.9565455636754634
13.417317,1.6826822757720947,12.766455924212934
15.994381,0.33633637030919394,2.1148341700434687
19.72022,9.621109708150229,11.930962802916767
21.88094,5.8351690928141275,36.91683827579022
13.903913,3.3574786504109704,21.529091622233395
15.947671,2.3728209654490158,14.096343963444236
22.272495,5.791315650939942,42.671261035799986
20.09891,3.321897951761882,22.83987420231104
21.21749,6.077194913228353,20.645374653041365
6.329722,9.574126625061037,42.737149405479435
13.655495,2.518237908681234,16.729315947890285
18.543179,2.1565949281056724,15.979754440784458
17.376015,2.600146039326986,17.85661166995764
18.00037,4.1872552871704105,18.62206132680178
15.695348,12.214021301269533,11.299924274832012
18.935146,2.6294893105824793,8.870776409581305
23.106907,9.501088841756186,62.80211944758893
14.686217,6.379116121927898,41.09324951291085
14.041748,1.5906636555989584,5.20076108403504
21.297306,3.8944610913594566,28.544421507716184
18.923494,4.427865250905355,18.490298904776576
19.187416,3.3070298830668134,8.638058888316156
12.79369,0.3226394911607106,1.3609438426606357
20.681114,6.097433725992839,40.68893619060517
2.9926567,7.3807223002115885,41.40426290750504
13.784365,1.2279850085576376,7.5442872031033055
17.364319,1.5767809867858886,9.476922719031574
11.47016,0.5972350200017293,1.7919174464792014
13.545214,1.9418933232625326,9.375910861790182
23.265446,8.848798878987632,40.17853142559529
12.447924,3.0806498209635422,19.850026312768463
13.600064,0.5836625178654988,12.403296754956248
17.656599,4.126817194620768,18.141622741222385
10.850314,1.4549806833267211,4.972696184888483
13.439745,2.218278058369955,14.570027835518124
10.771142,1.700911299387614,9.58883313521743
16.791042,4.003152306874593,20.442626890540126
13.6027355,3.708140087127686,18.27205774188042
15.678182,0.7293770392735799,5.323791466504336
8.538979,0.0833333333333333,1.9139076490886513
11.721428,1.8912090460459392,8.569433351233602
11.867085,0.6840007384618123,2.7682016026973724
18.930742,1.5953000704447429,9.046676103398205
18.879793,0.576236613591512,0.57
19.406553,0.409810205300649,4.536636220440269
2.9197807,3.127006626129151,25.72908759862185
17.364967,0.5942432840665182,2.208241861257702
17.972727,1.8493699391682943,13.282766589373352
15.974453,0.4533614794413249,3.888282155580819
15.827095,1.4760711431503297,9.45879697456956
9.602531,1.4556817928949992,9.12637354142964
15.2247925,13.70336405436198,7.425687524080278
14.417311,0.7374840339024862,2.365164951924235
19.987797,2.976832453409831,8.73519023679197
17.10836,1.6574692567189535,10.779116944223643
18.84858,2.79539753595988,10.977376222610475
14.597447,4.509461816151937,26.00620368301869
13.643178,3.1144254684448245,20.857982967793944
8.402849,1.785393778483073,6.892674666494132
10.572954,0.7475511193275451,5.5139195220172414
17.964844,0.6923219998677571,5.019029633402825
17.653053,2.165439573923747,13.295720708370212
7.9642916,2.2313804149627687,13.898111274391415
13.956866,0.44590991735458374,2.519447517190129
21.208357,3.1461908022562666,22.706767996251585
17.698948,1.1223106622695922,6.706889876425268
6.309973,1.402207938830058,7.935505278408528
21.235207,2.0445752779642743,15.005336139947179
0.11700249,9.443039067586264,22.912906921505932
18.534191,3.265184307098389,9.52120930016041
13.037089,2.3336436271667482,17.857679333984855
14.782669,0.7668966293334961,4.671961613222957
18.816948,2.7966077804565432,20.146135362982754
15.431,0.41927406986554466,2.565756549537182
17.484177,0.6857690731684367,3.444464241601527
17.225452,1.9857728163401287,11.993165481835605
12.953113,0.5363787968953451,2.2309436556696896
14.484389,5.452646859486898,26.20771401882172
21.36872,3.9210144360860193,29.275967718362814
20.332039,1.3233269055684407,8.54750891134143
16.596418,1.6571846167246502,11.718211314827206
6.616667,1.2572545846303305,7.951388826146723
16.58946,0.5734315633773803,2.3086240114830434
9.079536,0.7408942937850952,3.5998055225610734
10.866612,4.000809796651205,24.30035882353783
7.7970796,1.1498851617177328,7.662455316781999
12.811886,0.14101550579071043,1.6828111823648215
18.061008,3.401677576700847,8.800225191116334
15.713478,0.6193935791651407,1.8665332537144423
11.709814,1.0906083583831787,5.8099881768971695
9.146425,3.426262919108073,44.33798684895039
17.32222,1.975994348526001,12.92865495234728
12.3201065,1.2439221382141112,6.214488135874272
19.764185,0.60604168176651,7.321638346761467
18.366247,10.550015195210776,12.495826614648106
17.767954,2.552333513895671,14.57415634095669
19.238407,2.987510474522909,16.08646459683776
18.891703,7.5516293843587246,17.510085151791575
21.720766,2.6492198626200363,15.8670841832459
12.456038,0.9661440134048462,3.8484480095654727
19.874668,2.9473556041717535,18.2364668956399
21.87032,9.057410621643069,47.137688274979595
8.562608,1.4718114217122396,9.195542114526035
18.67325,1.3766571283340454,9.471451452225448
18.867548,0.21671955982844032,2.8684436475858095
11.54348,3.047289943695069,16.10729324936867
9.08333,2.3550323645273847,14.96051368147135
17.561878,1.8208844343821209,12.753884282559158
15.991166,1.1162585655848185,7.290762505307795
11.947423,0.8708474000295003,5.914322166889907
3.8037376,1.5305737574895224,12.266676666140558
18.644081,0.9732033650080363,5.743794541209938
17.83316,3.1836576779683434,22.52756202101708
11.45216,0.9087407112121582,2.8484643197432162
22.107351,9.763714345296226,35.42518072843552
7.1016207,1.6523752848307292,11.11909737288952
15.572607,0.9127011934916178,6.942238207757474
17.364672,2.2939295291900637,9.538412599265577
18.986954,2.2660753726959233,15.354595223516228
18.467491,4.362330214182536,18.282028742134575
16.564123,2.623682514826457,17.22744564458728
2.358097,5.563316917419434,39.648389193415646
18.638641,1.135868215560913,7.231712707802655
17.360107,3.165436172485352,6.919800389185549
17.785545,2.390268627802531,17.006633497625593
15.826254,4.015429592132569,29.368932211399084
0.20311356,5.92137025197347,23.7897924771905
18.09828,1.1670226573944091,3.9479619157686834
6.8956785,1.842506758371989,10.201157885491849
18.670647,1.118791389465332,19.505254690647128
20.949791,4.222505537668864,29.231931690573695
18.711878,1.8822437604268392,11.88947014719248
21.369099,1.3409584999084474,4.611080731004478
6.0,1.2048439343770345,4.675932883657516
18.8155,2.0612244447072348,7.802773368358613
18.18744,1.5737852732340496,10.714934382587673
21.477283,8.82874050140381,3.6612647227942947
0.95461655,7.604289881388347,48.945423462390906
17.019821,9.116215705871584,13.57240625008941
17.795967,0.8682984908421835,5.026360108256341
6.8370414,1.8819059689839681,13.69383564785123
19.659481,4.487394523620606,27.090741710662847
16.980528,1.2751589298248291,7.755281238481404
17.099907,2.1062244892120363,13.706740678846838
9.607222,0.4171244303385417,5.288414868935944
12.0805855,4.44650707244873,25.441575084626677
0.24824524,8.226205190022787,27.846204004585747
17.927465,9.67584660847982,14.773321702033284
7.0476484,1.2211676359176635,6.420701715797187
16.026451,0.567455259958903,2.469307319745422
18.810648,1.3184505224227905,6.531620656624438
20.715103,4.495656077067057,16.811178371310238
22.191257,3.964428329467774,27.31851821780205
15.1621,0.683334203561147,3.4341082073375584
12.52555,4.039882405598958,29.775892195105556
21.478306,5.632234414418539,41.18308055520058
2.2549438,1.1735833644866944,13.244395112395289
21.41339,2.3815294106801352,17.862273152768616
17.695137,1.578360668818156,11.473648756593468
3.2188072,2.5416222731272384,19.76674647331238
11.198732,0.7503286759058634,4.979204435721041
18.116983,3.3690618197123214,14.668028962016107
17.163342,3.043637530008952,19.285440666377546
15.340815,1.2687363465627035,7.831524108424784
12.544038,0.9282039324442546,3.178368157818914
18.31185,3.4658471107482915,18.993254565596583
2.3004456,8.212491416931154,50.71350372612477
17.277107,6.853703308105469,48.725844651460655
18.66259,6.0894721984863285,18.59948493689299
19.06731,6.982613754272461,47.85318679988385
22.999428,5.988971900939942,40.74156261861325
17.586216,0.5586101770401001,4.355491013489664
20.070347,2.970421934127808,8.292275848835708
9.421733,2.803352419535319,6.510243343412878
18.45808,1.2503773291905722,8.307786123231054
22.522915,0.6485132296880086,18.329570471346383
14.911144,4.4338098208109535,32.13074588179589
18.547972,0.42139612833658857,22.54799899220467
18.392567,0.0833333333333333,17.49954248085618
19.690529,0.7525893171628316,4.034670500978828
16.200521,2.3336396058400477,16.294043436795473
7.330588,1.8630987485249837,11.378218614161016
16.51762,1.076348384221395,7.611276473477484
19.599709,3.8266471862792972,21.433239118456843
23.454176,5.9175762176513675,24.952196346819406
12.100901,0.0833333333333333,2.0814031958580017
20.417303,3.7027497609456383,8.122310689836741
19.982656,3.645085684458415,13.690822871774436
18.07634,0.6266112486521402,1.270886407531798
10.509385,0.3399840195973714,1.868178085256368
15.791231,1.9370096842447917,13.99295133814216
18.83051,2.953947957356771,21.187887061536316
6.8614144,0.44627437194188435,1.6336901361960918
23.974174,8.416215324401858,49.907286484241496
3.3822365,6.813972600301107,45.95652869820596
1.3283329,7.168170356750489,46.55057941734791
17.6758,2.310638491312663,14.706559974998237
23.04876,10.421322250366213,4.246217799037695
12.788944,2.0499418258666995,17.46644591867924
17.687935,2.5886305332183843,18.018794335424904
23.668222,4.3700490633646645,33.0065699094534
6.4059772,2.023784669240316,11.14219327747822
14.418425,0.6975995540618897,3.5261413066834213
16.059002,0.610995868841807,3.635425514802337
13.543022,2.4986731052398685,12.850720591694119
18.699493,3.349826590220134,22.956981810629372
7.7135506,4.438089211781819,20.58860437959433
16.95512,6.701266352335613,40.76439262986184
22.654936,5.844466749827067,38.86431064009667
18.25268,2.8655862967173262,19.03038554787636
9.607681,1.2360648155212401,4.742585441023112
14.637888,5.880286280314127,10.603950502425434
18.642479,1.9886763890584311,12.747802483737471
18.115124,1.941322994232178,12.607716577500106
17.643158,2.1646136283874515,14.101206743568184
18.778143,0.9806292692820231,6.693013823404909
14.974567,1.6862327575683593,11.349549176096918
19.16695,2.668608951568604,17.907628420591358
10.93108,0.704128877321879,1.303440125444904
8.014562,4.4623178799947105,17.808898132741454
11.18795,3.145709292093913,13.585264238417151
14.8001995,3.2905319531758632,23.410538579523568
19.863783,2.2357432047526045,7.105509501919151
12.428194,1.4632202068964641,8.49130212724209
17.417305,3.2501788139343266,15.14841027826071
23.867756,5.723200670878093,39.73392912626267
15.991797,0.504015552997589,2.2515797911956907
19.912075,0.4009272694587708,5.017788627371193
3.8515701,1.724940299987793,9.560744571834805
19.834461,0.7739189585049947,18.742056945860387
17.907803,1.863050667444865,12.636291930228474
14.862792,2.9775533199310305,20.228439578413965
11.959072,0.4724260210990906,4.110037201233209
11.161407,0.5851575334866841,1.5357467264495792
18.32403,3.1342869758605962,11.342590951919558
13.6308,0.5336055676142375,1.6986129167675972
6.433435,1.5207637310028077,6.393038581758739
16.696173,4.7600523630778,32.3585919302702
20.39403,3.3939352989196783,8.968681916743519
11.189329,0.42178735534350076,1.9814001993089914
4.429497,11.760685602823894,19.22064245939255
0.27183914,2.645340156555176,18.303314526677134
19.032032,3.6078611373901373,9.137026660367848
11.797663,1.2603061596552532,7.003188119977714
19.16222,0.7647034327189127,5.014820337295533
19.237707,1.2763033469518026,8.324444340988995
22.063236,5.116833209991455,19.871232329308988
15.416785,2.239076884587606,16.45938818767667
18.265865,2.8091424306233725,20.711254841387277
16.381338,2.668048938115438,19.116588168740275
8.220997,3.3343874931335455,21.871271806955342
17.98357,2.455861536661784,7.630446360632779
16.662678,14.989248657226565,16.961364133805038
19.023762,1.5606573899586995,6.382225415483118
13.102165,1.7244566917419435,15.476530841290954
21.97532,9.6131041208903,60.09592248260976
13.470005,0.3028577546278636,1.2944909609667956
15.843728,1.5905377705891928,12.049786445945504
7.9234304,2.253923098246257,12.117208815664055
19.243526,2.3210979620615646,16.72022035032511
20.150219,4.603810532887777,30.348274652361873
20.668169,3.008005253473918,6.756416601687671
16.009228,0.6276655356089273,2.394714266844094
18.347649,2.914420588811239,20.625506284534936
11.306805,0.3627345661322276,1.7744150173664095
18.089523,1.5268641710281372,9.81642044901848
17.607542,4.6000283877054855,27.458159264028076
16.654474,1.3950961351394653,9.767099279761316
11.634522,1.9533121426900228,12.645430479794742
11.833797,0.4066977421442668,2.669692466519773
9.245884,2.033943239847819,6.867556949853898
16.449066,1.564359458287557,8.959220204502346
21.640415,4.596079095204671,21.044711679220203
15.422297,4.729916540781657,19.535179963409902
0.5105972,6.402930768330892,28.11500580877066
16.925797,2.6594148000081383,13.878152911216024
22.672234,6.58842093149821,42.48655515909196
18.25824,2.257742484410604,14.799943761378529
17.007187,2.1862483660380048,14.80227850943804
19.147366,2.7798979441324874,9.573294737488032
6.0,2.465689833958944,7.588286414891483
0.79605675,6.349038696289063,41.14164619147778
16.380772,1.5678235689798992,10.916474375724794
19.44757,1.9209791024525962,4.399119764268399
16.611313,0.6175114234288533,2.8081490090489387
18.058865,1.8538507461547853,12.350945424288513
20.404873,7.1620838165283205,49.28118130028248
23.280195,3.8053817113240562,15.45231818467379
13.272432,3.5367214202880866,22.814855684340003
15.51402,4.682662804921468,31.448758099079136
20.190361,0.8196924527486166,4.7331717941164975
17.838453,0.41171067555745444,4.177999794632197
16.887337,1.164384404818217,8.470157982036472
18.370277,1.5005359331766766,10.600611495673657
18.598122,4.582769203186035,15.88547070771456
17.21322,20.584781392415366,9.803744495362045
9.633705,1.5212939341862997,6.740077455937864
21.555225,1.984452247619629,13.508994779139758
22.38062,9.027205212910971,7.6638134181499495
16.337961,2.9197032133738205,21.705605938732628
10.196687,1.7685919761657716,10.67305004552007
15.951426,5.078832721710206,30.52500986486674
1.5005836,6.919289398193359,44.31998791515828
8.72047,4.504478518168131,28.499798469245437
18.87159,8.371766726175945,54.911947294473656
8.985078,0.7933687607447306,5.257591183483601
17.09639,2.7272986412048343,11.861827466487886
16.929186,1.6044003327687582,11.267954691350463
17.275524,2.782441870371501,20.135673482716086
18.195244,0.8700098276138306,16.059638004153967
21.892868,1.798677094777425,12.091607377678157
23.729696,2.962281719843547,19.85347474485636
17.56281,1.390853548049927,9.431506091207268
17.665665,2.7047500133514406,7.114157171472908
11.208676,0.5955332120259602,1.9664306599274277
15.763112,2.376539818445842,10.414380822926761
17.747993,0.742561920483907,6.20148799687624
10.620879,0.47985708316167197,1.5059440458565951
6.441429,3.1023359616597497,13.880378233939412
15.025283,0.452499254544576,1.8910874810069802
19.289177,0.28912123044331867,1.9146457587741317
17.28046,2.6342162926991786,18.3038401773572
20.942356,3.1298754056294764,9.932950250655415
14.717409,4.0960956573486325,12.661161138862374
23.089436,7.324728647867839,43.38046811521054
20.685812,1.8025783061981202,5.3582901047170175
23.884615,1.5921653588612874,10.374018213897946
19.707628,4.945687993367513,27.035489074587826
17.689701,2.586769533157349,9.208343856185676
19.190586,1.9558868408203125,11.790115009993317
11.988525,0.6686351180076598,1.8625405072793364
17.609499,4.0503700256347654,30.533209606409077
17.340204,2.467500305175782,16.79835208564997
15.145171,9.35302708943685,6.537741828113796
18.552788,0.6809635003407796,4.330565302520991
20.614933,6.788622856140137,40.86210229635239
16.606613,2.715333795547486,19.001932915151123
14.3031645,4.562751388549804,28.242773694694048
15.995085,0.7322747111320496,2.6574750510416925
14.647863,1.989249340693156,13.900699643790723
17.859743,1.7357043425242107,10.913707039654257
11.714231,0.9209211349487305,5.578596031665803
17.70467,2.2764746983846034,14.325598223954442
19.208088,3.8287526130676275,11.218891234099866
17.646206,0.5968084971110026,3.4993916696682574
16.504183,6.653537750244141,41.156196693182
23.306469,9.576997502644858,39.265363700985915
17.500214,0.6866947650909424,5.137165533080698
15.826046,2.672508589426677,7.7726742422580735
18.585403,2.9404485384623213,16.824853470325472
17.836977,0.8246648232142131,5.449142279699446
16.775227,3.2720894495646164,9.005749493688347
12.689388,1.9332682768503826,7.7801514697819965
20.431168,0.7758993744850159,16.848373781591658
16.308617,2.9306174437205,21.727020579278474
18.467226,4.116784159342448,18.147574661374094
12.691672,2.692126369476319,17.423348698914054
7.403463,1.9184872786204021,12.63980376765132
17.476242,10.535771306355796,12.321403651535514
16.614342,5.073802216847738,31.643328618705276
7.7594357,4.015041097005208,25.829812086522583
21.574814,1.8458378156026205,12.151232936531308
22.867596,9.714026832580569,5.958690050020815
10.812853,5.271948369344075,35.35352451860905
0.34580994,5.243625640869141,36.83100790560246
17.67661,2.4232594172159834,17.01083358973265
21.670105,3.627952035268148,24.109874880015855
17.660002,1.0110126654307048,5.521901435554028
17.860641,2.8072384198506675,20.21563579142094
9.293093,1.1045321146647136,5.293841649740935
17.535172,3.0705884615580246,10.10940218448639
14.23509,2.565894476572673,18.630614911019805
17.766396,1.7413331508636476,11.398103345334532
16.421886,3.1952957471211754,22.244373341798784
21.334368,6.438205146789551,44.69164135396481
16.542257,2.1261877536773683,14.49036823615432
17.906418,1.5761863549550374,10.172602986097337
14.712794,1.8613223711649578,13.492910277396442
14.66264,2.5372608820597335,20.06615055561066
6.9344893,1.3521073659261067,10.697709607481958
6.7504816,3.1022139231363934,17.118620613813402
3.3860607,9.120649655659994,53.47873310327531
11.874572,4.019337972005209,22.121295405328276
13.642888,0.5211951414744059,2.851398094817996
21.655174,1.1019026915232342,7.413195650428535
6.9006057,1.5457629203796388,8.86741746082902
19.240114,1.69723965326945,11.406876802891494
18.279057,3.086612224578858,21.22316497176886
17.574469,1.4794401407241822,8.03355753824115
20.489328,1.0978082815806072,9.338481260836126
19.66503,6.279419390360514,14.953078894615176
18.749626,5.077179431915283,32.37162888526917
16.806087,2.237573957443238,15.228950393646958
17.652016,1.709820810953776,11.871226796060803
7.209364,1.6637986501057944,9.92548580646515
15.391689,0.9312185287475586,4.152546898983419
16.943148,2.7667585213979087,20.20370945245028
16.11734,2.066933329900106,14.76814700856805
6.3489385,2.458148447672526,9.016378068625928
18.604134,2.275177033742269,11.099265820384028
16.937197,5.472456614176433,35.32975774466992
17.224072,3.4838787396748865,23.753250550925735
19.988644,1.712908665339152,10.95666108608246
19.319622,3.4833636601765954,9.874058966487647
3.6307564,1.6239285945892334,11.3681156899035
18.403511,3.11206652323405,19.72063238680363
21.419786,6.083766110738119,33.3358644938469
3.420988,1.6506476879119873,10.331996839493515
18.88348,0.8812560796737671,7.103250942528249
15.997541,1.202251664797465,17.74893100321293
17.770517,1.27211434841156,8.032500612214209
18.678362,0.5075555443763733,16.90537824571133
9.1493225,0.7721680204073588,2.6903587707132104
17.97105,1.2888302167256673,3.0222164135053755
7.959259,5.513060824076335,26.91308609813452
17.837599,0.7990091522534688,1.5958995978161692
19.535221,3.699263445536296,24.46091340363026
22.708755,3.702025922139486,24.80557866841555
14.979706,1.5128332376480103,10.537918959409
23.392632,5.267778778076172,23.674374314248567
23.77108,3.7627455075581873,8.969466302096846
17.277033,3.7604162851969405,13.318986375629905
13.492531,3.6157394409179693,17.41770255610347
17.767452,0.9415163596471151,5.971077611669899
17.3472,2.244546937942505,8.38654884390533
10.861769,2.5396481513977056,21.522084310054783
20.150272,2.6299807866414393,10.67536229491234
20.829754,0.9847780545552571,6.573547945693137
11.610115,1.329943299293518,5.007967959120871
0.41658783,3.4904870033264164,25.44099625527859
14.717614,0.9704624811808268,4.278254622854293
19.54382,3.2221382776896164,7.7534915717691195
17.685278,1.8069491386413574,11.696227048933508
17.437046,0.7959400494893392,4.7252926585823305
16.863003,0.6799964149792989,1.874341569580138
23.898449,5.581304486592611,38.66608101904393
7.54138,3.4530327161153163,22.80392337739468
17.457129,0.8420785665512085,6.450194911882282
18.18931,0.7632744193077087,5.6814844822883614
10.803361,1.2708155473073324,4.318282819874585
19.227346,4.562797546386719,18.618214054703714
15.245179,3.7027452150980635,26.26393205225468
17.018166,1.2777192036310832,8.458603893741966
20.425076,3.012573305765788,22.22921742141247
18.140985,10.932676951090496,66.75052510023117
19.497728,3.9113013585408534,28.45647626280785
17.576382,1.1137319485346477,6.763829401209952
19.251762,3.4614998817443854,16.242285252809527
18.581455,3.4764238993326826,25.49877283275128
18.160858,0.7136871337890625,4.104499461092056
10.97686,1.5794098854064942,5.125114428773523
11.293425,1.5389399528503418,8.559287986308338
11.44806,1.0201879342397056,3.4716873732954268
9.943749,1.5692343552907309,5.581662497743965
19.16886,2.275147660573324,14.873308847248557
20.986784,5.601882839202881,29.882924491167074
16.306145,1.647796392440796,12.298051057606937
11.318668,3.744927533467611,17.347149803638462
10.270101,1.6184882640838623,6.233165609017016
18.620417,11.11500250498454,8.575394475385549
12.329264,3.2974007288614913,23.66120032191277
1.9404716,4.739989439646403,30.415991550087934
5.251026,0.542123305797577,12.313982159346343
1.449358,2.869424390792847,19.692480418086056
18.157135,3.782402801513672,25.560010114312174
18.853176,5.08227637608846,20.50944384157658
20.827799,2.853876193364462,17.767482177019122
15.604164,2.5774342854817713,19.802210508883004
7.370232,2.4832736968994142,8.994336533397437
11.728286,1.1884246826171876,7.820416925475002
16.02765,0.19918146133422848,11.526931736618282
17.320858,1.7345738252003988,11.024230719804766
11.474166,1.1592589616775513,7.508991907536985
18.058874,1.191219679514567,7.6357018447667375
19.172173,3.473278172810873,10.343256399780513
17.442749,4.329946645100912,29.09323967903853
15.734982,0.7088592251141865,4.634096867591143
5.0994244,2.797762775421143,17.412696602642537
8.307404,8.830141321818035,13.550899569541219
19.641663,3.2686964988708502,22.57195598214865
20.323391,9.83362248738607,8.071395694538952
6.0,2.311593294143677,7.296895437464119
16.302584,3.376549530029297,23.868537812531
18.24502,1.500300947825114,10.098332840204241
14.906456,0.8431890646616618,5.530267360433937
23.52513,4.727838738759359,34.28979366749525
19.91366,3.004280805587769,22.068253774642947
7.902092,1.653737465540568,6.180298854336144
23.779865,2.5448122342427575,6.819571383297444
18.18786,6.828501828511556,17.715961251705888
14.870802,6.196133867899577,40.149078624844556
17.011509,0.2501588255167007,2.6174356046877802
17.61092,2.7475115776062013,19.198139701485637
18.183462,2.5965883890787764,18.539026927351955
14.909686,1.7385157744089763,12.441438131928447
15.936884,2.2089405377705895,15.559499790072444
11.349115,5.2192445119222,33.19122669816018
15.227127,1.3317314783732097,9.194566490501167
17.272072,3.7964400291442875,15.886339974403384
14.298995,2.9956554094950363,22.598805073499683
10.102796,1.0794705947240195,5.75998233228922
16.483995,2.9035474459330244,19.253764588236812
21.238464,7.587470245361328,37.239366897344595
21.62523,4.450519307454427,15.806017687022688
18.055761,2.4943132877349856,17.31286797076464
17.22498,0.24140488902727764,4.080739078819752
15.362573,0.2175993780295054,2.6256707560643555
19.427057,0.7668384512265523,6.572801910340787
0.05973816,0.172233239809672,13.227734849303962
9.344841,1.408510144551595,5.458125895261765
20.705936,4.062934748331706,13.752468197345737
14.241499,2.5676271438598635,20.33261658906937
13.275961,8.44796002705892,0.57
1.2609978,8.912112045288087,54.44947287201882
20.137901,5.64341615041097,18.23509447693825
22.856373,3.7904304186503097,30.419777462184435
13.09306,2.5488087336222334,7.6644311088323605
18.746443,1.5443035284678142,11.091577412188055
17.139843,3.0220129330952967,7.671216502338649
18.247517,2.3462889512379967,15.00785087734461
11.168556,0.9924759229024251,3.3633248435333374
14.676284,3.54717337290446,21.37219409823418
10.014627,0.759223981698354,2.995859991833568
17.034477,0.6250487883885701,3.8760122006013993
18.826397,2.4147502899169924,15.847251608073714
19.537613,1.224369748433431,5.825045409947635
18.467506,10.107137044270834,6.6315853031724705
18.076084,0.8880091110865275,5.675555572137237
16.02187,0.5877722263336181,2.5964479274861514
11.028524,8.065561930338543,10.678068270981314
17.817997,2.3625153541564945,16.556491412818435
17.422169,1.7691859086354573,11.654367255866529
16.822044,3.8892749786376957,16.174703347086908
2.9995956,8.824949963887533,49.22277476012707
15.895014,4.934622351328532,30.409014917910103
6.160111,2.234122435251872,9.1841751742363
11.994617,3.2576035817464195,19.42587325662375
13.510934,1.50443696975708,11.474703125953676
17.64808,1.7322900613149008,11.557314141392709
21.033476,0.13340770204861957,13.210358719527724
13.777598,1.0285132169723512,2.159820255190134
23.314962,9.469812011718751,64.93406452059746
21.052046,3.7637326558430995,10.269650987237693
2.3243885,8.458638572692873,37.833626240491874
21.971523,3.5178369204203292,23.885692023634913
22.90474,1.9654021739959717,5.750551811382175
22.227318,3.672487354278565,10.540237344801428
18.409672,0.19532448450724282,1.88636876905337
18.997332,5.117014694213867,27.74210471659899
9.6471195,0.648743188381195,3.0287847460061315
16.79411,1.11654425462087,8.331258880496026
16.539364,0.4476786891619364,0.8735526575706899
17.976898,3.1095820426940923,22.284676636159425
20.010391,0.7235128959019979,5.645214585363866
18.380524,0.430582062403361,3.46229443538934
1.763216,7.0394844055175785,49.354531046152125
20.480732,5.246825917561849,37.938510936498645
14.574078,0.5488375226656595,1.9520280613936487
18.751106,0.9792284488677978,6.085727751925589
16.881723,11.37934773763021,69.2
12.749044,3.20685199101766,20.403773737549784
20.59687,10.003049023946128,44.64162477135659
12.901095,1.3361401637395223,5.85041623659432
14.634336,3.2639355977376305,21.70402489602566
16.272665,3.768417676289877,8.500902922153474
17.291143,3.1283920605977382,21.844451350271704
8.606506,1.2644737402598063,4.8418311528861535
22.504452,4.9250264167785645,35.405782786607745
14.509256,9.714830398559572,20.602743769288065
0.28848076,2.8707537015279136,7.881142362356187
15.060038,8.461145083109539,27.752216844856743
17.581678,1.6788116614023845,11.380836640894415
18.199375,1.3798303922017416,9.38703952074051
17.031277,6.985299301147461,16.222533468306064
17.497564,10.92512524922689,24.645823813676838
17.805843,1.5948811531066895,10.360344137549403
18.262665,3.4244886398315435,19.888423356413846
16.704704,4.89643128712972,17.786781942844392
13.194597,1.4020524183909098,10.03031630113721
23.927204,3.272478993733724,22.92376968711615
8.366964,0.7386959830919901,2.4546835695393385
23.909346,6.255836931864421,35.41414410948754
9.991378,1.4545553843180339,7.979802086204292
16.723328,4.610271231333415,30.836964112818247
10.26465,2.7826083183288577,6.910713484287263
18.027416,1.4796968936920167,7.888531129211189
9.037783,1.1374923944473267,3.5750329559296374
17.335148,1.4046911080678304,9.698587770015003
21.887144,5.070360310872396,33.724913493096835
17.246159,3.62132838567098,11.95970894098282
16.474476,3.8202798525492354,17.35718318656087
17.46258,1.4627827564875284,8.130064037367703
18.039822,10.340557924906415,21.244636881649498
21.848984,2.515481026967367,18.621077521443368
15.117298,2.6211058934529627,19.66457184404135
0.36598969,10.877718353271487,15.08062179386616
18.523832,2.576659218470256,7.029262541309
15.810663,1.5475187540054323,11.301609629541638
13.180048,1.8693297068277996,12.060653302222493
17.809612,4.307022285461426,21.213122384846212
18.069504,0.9511487483978271,16.129075027257205
11.5978985,1.1772151470184327,4.230596309639514
13.793382,7.7658842722574875,29.69650871574879
17.184479,2.8242304484049483,19.07322914630175
15.597932,0.6704161723454793,4.75436937365681
10.350144,0.6250682830810547,2.021450383663178
5.8303146,6.1471009572347,38.449467941522606
17.675203,2.975731658935547,16.176554373800755
20.251877,9.450152269999187,13.788637872934343
18.087149,0.49102391401926676,3.694862391650677
18.863976,6.419253158569336,11.958560486286881
20.188124,7.619559033711751,34.357101498544225
17.447132,3.2550316810607915,14.044349543452265
22.468658,5.505449326833089,38.78397403538228
15.999672,1.8715381145477297,12.805145450532438
18.226093,0.9915937662124634,6.636364735960962
16.595932,0.6149106740951538,2.0205389319732787
17.797146,1.2279964605967204,7.698054344356061
19.536339,5.879589716593425,37.60645924270153
8.578633,0.7241063912709553,4.832503154315055
18.86086,8.01120268503825,55.42261386215688
14.513626,0.834069307645162,6.850946797430517
19.9309,11.625694910685223,14.606594305783512
17.290203,2.975829394658407,19.32934783816338
17.87636,1.3480574528376261,8.724320312514903
17.512352,2.9841753959655763,12.999906186163427
15.713284,1.0927974462509156,1.7441768085956575
9.171604,4.249449825286865,19.45272234797478
17.500086,0.8790449619293212,4.430667497739196
19.338367,5.881135304768881,44.749843360781675
20.547945,6.023437118530274,11.5573437987268
17.690329,2.7235712210337324,17.426883035004142
21.869328,9.036665471394858,40.6890875452757
14.6183605,12.712172063191733,21.19797873646021
22.559168,1.5737482070922852,6.966139973700048
19.016935,8.472176806132,53.79331355929376
11.108507,0.10744555791219072,0.8973759658029303
16.67965,2.3582753022511804,16.18159918859601
21.241467,4.971539529164632,18.949410799145703
6.6093388,1.2661004543304444,4.510395615771413
17.343025,1.5023616154988608,6.330209008157254
8.912575,2.22746434211731,7.779163573756815
13.246687,1.231227946281433,5.421942925006152
15.751315,3.4404609998067226,5.202339570075274
17.105703,2.9718988100687667,10.507350429296496
16.077354,0.7775300661722819,4.90976792395115
12.195443,5.252084414164226,33.77854417979718
17.89418,5.167420450846354,19.564452774822715
11.312675,2.84481422106425,21.343234222829345
18.638412,2.4149291515350346,16.53653202697635
21.166336,1.7224907875061035,11.483141148835422
20.5753,2.8409369627634686,22.139809763133528
19.275623,7.308860143025717,51.093514397144325
13.824999,3.746150716145834,24.76128288328648
18.362314,2.690683237711589,18.711720561087134
16.681786,0.4813543717066447,3.811393471620977
20.370651,3.2539301872253423,23.997181101143365
14.84554,1.6374594847361248,12.02836873739958
10.655827,3.120945262908936,16.658401171416045
22.78763,3.1627876917521163,7.8858665711432705
9.525993,0.803045908610026,3.0249489789083603
12.019243,0.37021587292353314,0.57
8.43055,1.8934249718983969,13.370119710266593
1.3342438,5.7023268381754555,40.51938214361668
21.559134,2.754048681259156,18.473109923005108
9.0109215,0.6900326410929362,3.798968326970935
18.044079,3.148901176452637,21.524651203453544
14.327515,3.4272997220357264,22.128227040171627
22.519392,2.01198574701945,13.629498663544657
17.732206,3.3013608614603682,24.1793671271205
18.04611,3.077445697784424,10.471614364385607
16.947668,1.7194865067799887,7.657340449318291
13.175562,1.1554445584615072,5.426689121127129
19.494293,2.7386851151784266,19.965278803706173
16.09272,6.806256548563639,38.25156557381154
22.36523,2.522194544474284,7.588284369558097
15.788206,0.6256273786226908,18.13929106116295
11.647548,3.7059933980305995,17.338233172744516
16.948772,2.0502687772115076,7.4373392770439395
18.290438,3.5768682479858405,12.431200215667488
13.039083,2.4437889893849696,15.464052262306216
19.989845,7.4181465148925785,35.341285243630416
15.705675,0.11480281551678972,1.3050622665695846
14.291054,0.6135836799939474,4.642640225142241
23.797924,1.7618405183156332,7.337405310496689
2.5949554,2.582569169998169,18.360452960133557
18.57722,3.561192067464193,8.26213683873415
21.662214,9.486000124613446,7.421491011306645
6.6864424,2.0264632225036623,14.129245196282866
19.809095,5.541085275014241,35.57363511621953
20.957973,6.604906972249349,35.47822031378747
16.677908,4.817233530680339,36.35636784017087
17.95904,0.5919822057088215,4.615296418778599
7.6202683,2.293459033966065,8.454081150293351
18.300476,2.1029951890309655,13.81319516822696
19.874744,2.327708673477173,25.182482478022578
16.736528,0.7149428367614746,2.1080265335366133
13.688265,0.8470130840937297,7.579848392009737
17.67094,0.5368212302525838,4.703487615026535
20.344532,3.9870718955993656,10.057163347154857
17.048262,3.019670073191325,9.219653527140618
13.9396515,3.6389424959818526,22.352939637899404
17.540041,1.1421247005462647,7.316919762641192
17.009666,0.859366512298584,6.379173266738654
16.761044,1.9162033398946128,11.9353214083612
17.351944,1.5605851809183757,10.215763611197474
17.44386,3.0146463871002203,20.69361384093762
18.837767,2.8606856981913253,20.13764927476645
13.779375,2.162349096934001,15.85805710434914
13.288062,0.4531333565711975,12.256681121885778
18.202204,6.173040262858073,22.52176145553589
12.091511,0.3532522996266683,1.2496856321580707
9.83617,0.7044538180033366,6.094256792142988
18.459557,1.7716476599375408,8.06951552182436
11.612458,0.671019458770752,3.927405548244715
17.836884,2.9721631685892747,19.27252438604832
16.6362,3.604805978139242,10.71752991065383
18.056705,3.06454668045044,11.196134854853154
12.918271,11.157131322224936,14.026689112335445
14.438985,1.133188001314799,8.476786396205426
16.451109,2.288918431599935,10.737622243165971
22.91296,4.713488896687825,31.288714852333072
8.24703,1.1032063881556193,2.894537755250931
17.485407,4.200239626566569,19.599781818389896
19.667831,0.7878062605857848,17.301853850483898
22.893597,3.786070601145427,28.40647195219994
13.140472,0.7588824311892192,1.917407214511186
16.877665,1.668163013458252,10.669908413439991
17.573315,1.2824718872706096,7.723158254995943
19.382544,0.5220184644063314,4.839526317827405
6.8883524,0.6726069211959839,2.1086525333859027
18.886156,5.792086346944173,11.586487754136325
22.146679,2.0291419506073,13.204047843366864
6.7933645,2.6663858572642014,11.348953984081747
0.93761826,7.5316108703613285,42.871556443572054
15.752565,2.330461184183757,11.358406492322684
19.687296,2.2575797080993656,13.113170613050462
17.49688,3.0939436276753747,23.68069030374289
2.065649,7.546801694234213,47.41767396211625
17.071722,2.4544467290242515,17.21632721230388
20.766863,4.814714431762695,33.34090828597546
21.340971,4.907372093200684,14.295598296523096
15.195694,4.537739086151123,29.787125166058544
16.934723,0.2893367866675059,15.865823235213758
17.608334,1.839729944864909,12.283370677232744
22.192505,4.236921819051107,29.79765454232693
15.699602,2.4660569985707603,18.342822186350826
14.215262,1.7283757368723551,11.288281214535239
16.132084,2.7767394542694097,13.903604017198088
19.364971,12.804620615641278,8.028511189445855
19.377495,3.3092206319173183,22.110727167725567
22.061867,5.744053872426351,37.83059096574784
17.449509,3.215587711334229,21.402647067010406
19.254414,2.529175917307536,16.29847158357501
15.222972,2.1977149168650314,17.003549134880306
20.49615,4.331213887532552,15.906709449589254
20.615223,0.7779362201690674,20.570852931141857
15.481789,1.8342329661051433,13.466707511395217
16.098557,0.9906296094258626,4.239913570210338
21.763283,1.0278865019480388,6.831422556266189
11.33643,0.7312511960665384,2.185865530520678
18.307125,0.0833333333333333,18.70309334486723
4.355335,8.017415110270184,47.92024510025979
16.505005,1.3496319770812988,8.317376691475511
18.427135,2.711404609680176,13.733655220866206
17.884525,2.5086865584055587,18.815220566391947
12.123398,4.2556021054585775,32.65658473253251
16.410328,0.9641536315282185,6.277245100140573
16.901968,0.7861822565396627,4.527392591871322
20.756468,3.366425228118897,22.635486082434657
21.63996,2.924724451700847,21.174753975868228
16.597038,1.844944206873576,13.430438637137415
23.000547,5.23912665049235,37.00680840075017
18.103895,6.140047899881999,40.38641911089421
18.53257,4.7780025164286295,22.79523071050644
16.951508,0.9927414178848266,6.6054914511740215
19.198044,2.603014993667603,19.115379376709463
21.995235,9.608952713012696,66.02782700181008
19.217646,1.0865678866704305,6.508822348043323
3.1664124,10.98065872192383,47.01471874117852
20.52532,1.7550707022349041,13.201025863289836
6.516353,9.821596972147626,62.99820146858693
22.135168,0.575279712677002,4.675222385972739
18.080845,3.3617402076721197,18.05343819230795
20.992996,3.4983104070027675,22.763992333710195
17.017847,0.20639618039131163,3.746096970289946
7.1659822,1.2863826274871826,7.235733833238483
19.061852,1.1177461942036946,6.965066173672677
15.4933815,2.331720558802287,14.20455028086901
20.430733,2.909920724232992,8.422319168150425
2.8891869,1.7078984419504801,11.406381832212212
18.86825,1.5918579896291098,6.891034309118988
15.807646,1.747532637914022,11.176372843682767
11.497156,0.6440292755762735,1.3633653895556928
19.831488,6.306896591186524,37.796397082209594
7.0287113,1.6869020462036133,13.091936984509232
22.491493,5.556638367970785,34.72891651868821
18.428219,2.9298785686492925,14.726313804835083
6.5172443,1.9340765635172528,13.190167188346388
19.834251,9.206955718994141,7.587178355529906
15.40469,0.8272019306818644,4.560072673037649
17.661068,3.277613703409831,22.75197804540396
18.415571,2.3403555711110435,9.561461461186411
17.725746,1.6217032273610434,8.158182258084418
22.75408,6.602805391947428,44.22503126740456
13.259993,1.4935008843739828,1.2761096776649357
15.452965,4.482657750447591,29.92516471624375
15.076691,0.534396501382192,2.3497389196977023
19.907219,2.089132277170817,13.552084840238097
17.363136,4.906336688995362,32.539489396214485
18.65342,0.1032193839550018,4.369553703181446
14.879675,3.247201283772787,20.943985145986083
20.617863,0.4514586051305135,12.08405907481909
6.1258845,1.6016759713490805,5.558279735147954
17.199892,2.696710507074992,19.417777827084066
23.71045,10.23834629058838,15.672870574295523
18.563335,3.4586503346761073,13.407676121890548
18.11709,2.3168904304504396,16.03650221556425
0.46969414,9.132845815022788,56.78368505418302
23.04702,2.5946065743764244,19.676222063004975
17.577848,2.781481997172038,20.652662175893788
8.71266,1.3837882518768312,5.058606834411622
3.64748,1.2996905088424684,9.878737666606904
18.184782,1.1472137769063313,7.636467310786249
13.328663,4.260641352335612,28.900164298117165
18.191364,4.140814908345541,24.185883559286598
16.143387,0.677282456556956,3.6564211176708343
18.601702,0.676093848546346,14.712500645816329
23.27005,4.907602183024089,33.306857575774195
18.865387,1.509276286760966,10.208507791012527
13.513204,1.892100731531779,12.822926556319
19.531128,0.7375963250796,18.994111560285095
20.114933,1.5095399459203085,5.7851358422637
16.553589,2.4303166707356776,11.781870271116498
23.214087,6.783668581644695,44.013069278001794
12.523125,0.5005969882011413,3.4781976694613697
13.627141,3.023121770222982,19.5591349080205
14.686502,4.2924780209859215,26.39339142888785
19.160427,5.243963781992594,36.143959968090066
14.64765,0.6460420370101928,3.2119538103416563
18.261688,4.144964218139648,20.630758700668814
23.141525,6.3693075815836595,43.54666372478009
13.472359,2.9592260360717777,20.880559357702737
17.033665,0.9991798241933186,6.085502765253187
2.4424515,8.60326016743978,51.878742427825934
13.78522,0.31073131561279294,1.5101893909648063
21.186615,9.545022010803224,10.415228613615037
20.595076,5.243354988098145,20.52476338863373
14.01349,2.980428743362427,18.22614614337683
21.454165,1.1360336144765217,31.300369161963467
17.697887,1.2200648307800293,7.749817641675474
19.20569,3.8221156756083174,10.07391258224845
14.573504,4.157815329233806,29.59843702524901
9.486073,2.924623568852743,8.251528205797078
9.368585,1.029241689046224,3.177640786133707
23.393616,4.275814692179362,32.953266476094726
18.425758,1.2478967825571696,7.897840464115144
9.580056,0.5071687976519267,2.6680748634785414
13.475069,1.025593384106954,5.8456598138064155
18.34956,3.2544515609741214,20.492445075809957
19.841974,3.2650245030721035,24.74587743222714
7.281049,1.4064021825790405,4.9257169223576796
21.557983,3.604041226704916,23.272114506661897
16.921139,1.6003256797790528,10.510284460037948
10.346734,0.8529666582743327,5.565938997343183
16.364521,3.4234861056009933,26.875539913177494
14.23136,1.2070927302042644,7.7152356561273345
16.705597,2.5119485537211106,16.15036592513323
17.816032,2.5802850564320887,17.02281924337149
18.94787,3.5188352584838873,11.45892951488495
11.7874565,1.2003973960876464,2.694034618306905
19.277998,0.49660892486572267,2.565069317519665
19.028456,1.9381790161132812,12.925083800256255
18.192009,0.9481296062469482,3.1176892522722484
17.273048,1.7485900719960532,11.555762756019833
18.330605,3.318860276540121,17.784943188130857
23.38401,6.362043317159017,32.11177336931229
10.624317,0.7568536281585693,3.0001746226102117
17.724817,0.7753350337346395,3.23241021219641
13.139131,2.444132725397746,22.705330126881602
6.644044,9.470568720499676,59.488168029785164
10.76945,1.6211325486501058,3.715581618845463
6.710574,0.943305238087972,5.407351005300881
6.5585847,1.5491472164789837,6.001313263773919
20.456625,3.069332059224447,20.767581277489665
17.195414,1.5737739086151123,10.283841510266067
21.088558,3.223769887288412,10.707532321065665
8.915252,2.8818335056304933,16.63002728402615
15.154247,0.34662825663884483,2.0422764795273545
7.3350687,1.8052141984303793,11.596767599731686
1.8239403,6.672263844807943,47.21413056492806
18.118544,3.3137045860290533,23.52155723035336
18.718708,1.9112899780273438,12.704769691973926
17.550411,3.198622258504232,11.754191797077658
12.199564,0.4257299383481344,2.3619556960090997
13.131194,0.37271066904067995,1.4040777505934239
14.936703,2.1355266729990645,16.600267683267596
22.0591,2.9212397098541265,18.214414111077787
19.2726,2.979504013061524,8.055653274804355
0.22704124,5.610349655151367,28.795895247459416
9.186432,1.3249632358551027,5.002196539640428
6.070067,1.8106971899668376,6.186187880486251
16.886318,2.6114491144816085,17.679979746788742
4.7482376,1.1617119709650676,12.665795864313843
16.873634,1.9160529772440593,13.276053805202247
19.742416,6.010792668660482,36.76429322123528
16.960339,1.2238648096720377,6.7366106158494965
16.356339,3.743317254384359,12.91751402139664
9.593722,1.2966284434000652,6.296641507968308
18.81431,3.054314676920573,16.84690216422081
1.1704407,7.060068003336589,46.54220173180104
18.586689,0.7173721551895141,4.7691456290334475
17.24371,0.6420918703079224,4.5375765624642375
11.349024,0.7663739879926046,1.2643417241983115
15.831747,2.76989008585612,20.04350053369999
16.783352,1.2040826797485351,8.162179862186314
14.7306,1.9549853642781576,13.666767705827954
19.282051,1.9183220545450848,5.5412144960463054
12.890724,1.6364672660827637,11.88595319643617
8.342699,0.7279572923978169,2.2971438108570874
8.73193,0.8691009203592936,2.5254616921767594
16.548933,2.006049394607544,14.220690006613733
7.753031,2.0753048578898112,10.05707437515259
16.88311,5.918714777628581,39.64215501725674
18.395866,1.2076183875401816,7.921751945391299
13.70372,2.002093108495077,7.354891376942398
18.96597,4.054407437642416,17.839921749532227
21.501043,3.7934869766235355,26.034091803729538
8.769262,3.269847997029623,10.391765571683647
14.634639,2.6881532986958825,14.651770606935026
18.563343,1.5303812583287557,11.841815924644472
6.786808,2.5406398455301926,8.655768918767572
18.49866,1.9896430810292562,12.652856062650683
18.709927,2.083513085047404,15.199665310233835
18.74276,9.39684066772461,61.44508574366571
20.887344,8.336293029785157,15.701159580349925
18.76431,1.563115644454956,10.213669189810755
21.901049,2.5418953736623133,18.00932853251696
17.53149,2.9916089057922366,22.872957469820978
17.506475,3.959325790405274,11.966858403831722
23.251795,0.7573442737261454,2.9641384050250057
17.41657,2.8938411871592207,17.649402012676003
10.396713,0.0833333333333333,3.2183728335052733
14.316492,2.0802503903706873,15.361756958365442
19.52837,2.468359820048015,17.482402587085964
10.804864,1.0711708386739096,3.006015072092414
18.572853,3.486469173431397,20.953502082228663
15.48493,2.188044675191244,14.260384814292195
19.394793,6.677196439107259,49.00823565065861
17.802534,6.248163541158041,38.7248025405407
16.562733,2.736383167902629,11.602767585217954
18.99106,4.958991241455078,37.94166484057904
20.37467,3.393112150828044,19.2692334446311
19.54089,0.81590576171875,6.080467154458166
13.359238,0.6355562527974447,2.417783582098782
9.809324,3.496764469146729,13.859965806752445
17.428595,0.562908144791921,0.5759214958176017
7.112696,1.470607296625773,7.540399535670878
7.539321,1.9294356028238933,5.93255631402135
15.761973,1.5271899859110514,10.437193448841574
15.937691,3.2408395449320477,20.743646786212924
11.953165,2.038021739323934,15.68886508136988
19.722614,1.9630456765492759,14.263885402381423
22.683578,7.087170346577962,50.713466910123834
17.64337,0.6367806593577067,3.0739863581582907
23.103233,9.446457544962566,13.884134488701822
22.041595,2.9575014114379887,15.863491555154326
13.304176,0.2752087513605753,1.5628828036412599
19.5154,1.8892272313435874,12.815021342784169
16.725117,2.198469352722168,14.972779545783999
22.123314,1.5391955693562827,10.97632287591696
22.157722,3.6221816062927252,10.249116862714292
18.009571,9.926435407002769,21.197250597774985
16.203022,2.34027427037557,16.278599124401808
16.500656,2.444034814834595,16.240951695442202
20.294052,7.703490765889486,36.86377414643765
15.2362585,2.283796834945679,16.182557427287104
18.799644,1.4885485331217447,23.229767924249174
18.164545,0.940217383702596,4.298266420364381
16.344086,0.44638513326644896,3.058654794767499
17.827488,2.8295279343922934,14.593706660121681
6.847294,9.501137797037762,52.668298383951196
16.70739,4.253227074940999,26.671554723978048
0.72245026,5.376001421610514,39.728296278119096
15.360464,3.003458881378174,11.336336322426797
0.29068756,8.496881739298503,40.44311984300614
17.360237,2.673246590296428,19.253003724217418
10.251617,1.0297211011250815,5.274793459922076
18.223183,2.7596743424733483,19.818589538633827
15.84434,3.081711800893148,18.08848088920117
20.070704,1.955851173400879,12.842433923482897
23.679781,7.5362441380818685,31.431047557294374
9.812437,2.720472526550293,21.745741515755658
22.691143,0.3739814301331838,20.58373035013676
14.116287,2.042861318588257,13.790178008973601
20.123148,14.674249394734701,13.657196568250658
16.572525,1.4745972394943239,9.769156885147096
20.589235,0.8304980198542277,22.05903341174126
16.376106,2.1663725217183436,15.312042062431576
11.873017,5.516748205820719,37.08183531999588
17.704746,1.2634244362513225,9.077875107526781
19.366484,1.9997714042663575,19.612235853374006
16.892832,1.2343940416971844,3.665586000904441
20.804783,3.355367279052735,8.870976340919734
19.833565,8.981615956624351,18.03378662914038
16.30183,3.4480784416198733,17.538854811191563
18.213642,1.3051908095677693,8.742294702306392
17.196857,2.885069274902344,21.134968150854114
16.879576,2.5327302455902103,17.647948803305628
9.326441,2.279060236612956,15.715731558054689
19.248646,0.0833333333333333,17.922984783649447
7.6990376,1.323160982131958,9.697283869981767
14.158443,5.818380578358968,40.233321816325194
17.057714,2.7074831167856854,18.424234636425975
16.951527,5.857618586222331,42.26831808686257
6.7470574,1.825571378072103,6.3799279947578915
11.961781,2.1786199092864993,17.352728450447323
20.235256,10.333940569559735,63.57895343005658
9.660835,1.8311865488688153,11.130453063845636
17.42246,2.0773046811421714,14.40650547668338
13.74648,0.7735368013381958,5.44575265094638
16.33715,4.112814235687256,31.5786122250557
19.817974,9.936080996195477,68.05702270686626
16.0474,9.340109888712567,5.155208952873946
17.918587,2.5958250363667807,16.469748823940755
11.157652,0.3894367218017578,3.546047258190811
7.840802,0.34895387291908264,2.758600807785988
6.814596,7.333828035990398,31.133058845698837
14.823442,1.141279697418213,4.511741956472397
17.653385,3.0426762580871585,13.682654832899573
18.310463,2.890596501032512,21.32608001172543
17.948288,1.7353960990905761,12.384952159821989
19.783329,9.502299435933432,20.54014634102583
18.999512,3.3340927124023443,10.004169781804086
12.568637,0.7855436960856119,2.5942784679308537
18.863916,9.695753224690757,11.872738297432663
14.910561,2.8897383848826093,10.279211898148061
15.919638,1.1241572380065918,4.186448299847544
17.756458,0.6061065475145976,2.995798887498677
14.679485,1.4757110595703125,8.137043226212263
7.246165,2.5729352951049806,10.294887333214284
14.968727,0.39569604794184365,2.3795736864581705
16.353962,3.8277276992797855,26.579952422976497
7.1956644,0.5942096273104349,2.0538271163217723
16.930677,5.229694366455078,30.977318980395797
18.829119,7.393765385945638,21.142200449705125
17.693153,2.6672161738077804,17.58157466694713
13.968049,3.550213146209717,21.900630522370342
14.689461,3.7922235806783045,25.203414419889455
6.907991,1.148820734024048,5.250239232629538
16.871395,0.7256831884384155,18.765195802450183
21.213287,6.860179392496745,41.64742032170296
9.804134,0.6774748245875041,2.869658575616777
17.623913,3.2681964556376144,11.515380716323854
15.622175,0.32483900388081866,2.735823208205402
16.313414,0.3227128803730011,3.952937444895506
11.641613,3.6643453915913904,26.82200331181288
12.457565,0.657556144396464,6.890344520434739
20.184078,2.7446753184000654,19.559799641370777
19.943089,1.9579686641693117,15.205354405045512
17.70308,1.1467831452687582,7.647472227066757
18.819458,2.86134204864502,18.098987766802313
23.111631,6.407590611775716,45.237540834546095
20.74477,9.25794054667155,39.38609154939652
16.971945,2.24085168838501,14.867340564429762
14.655197,1.3059511025746664,8.652795515358449
20.247631,7.9387145996093755,44.60961121320725
6.537545,1.252137009302775,5.6578532116860165
20.694927,2.6640961488087975,8.28027587786317
17.74059,2.6727806409200037,18.518348606824876
22.494734,0.7175362428029378,5.561276148557664
19.16297,0.381753408908844,3.56230944827199
8.529411,1.19591650168101,8.154962903335692
9.984917,10.799812316894533,59.805444235205655
14.865564,3.3637547175089524,21.53601916640997
19.793348,1.0563193798065187,6.8466838113218556
18.940922,2.6855221271514895,20.328996348977093
11.749615,1.5647535483042398,11.02224981442094
11.532564,5.414904435475667,34.08812175035477
1.6063042,2.3491572062174484,17.327620960474018
19.381996,3.6415178934733077,17.639377833753827
23.654764,9.826063791910808,19.490115132927897
21.943333,0.9962615648905436,8.057012910172345
14.57314,3.7819415728251142,20.133476794660094
16.429886,1.4573674281438191,10.42428228184581
18.789602,2.0911044756571453,13.758723849505188
15.170347,3.4310318628946943,15.503098699301484
18.218922,3.4675329208374026,17.796709991097455
16.00544,3.3714302062988284,23.835043433010583
18.199968,1.0271395842234294,20.039082613587382
16.916405,1.6697942733764648,10.964511075615885
7.8456483,1.2252063592274984,20.85973581850529
17.221594,1.5056100606918335,9.119231237247588
23.4251,2.993595965703329,22.7701140165329
21.820105,3.4637294451395673,16.63626043751836
13.444902,3.605158106486003,16.744635494947435
18.292727,2.853981971740723,15.533657002747061
19.27798,4.881480693817139,30.84893953979016
17.19491,0.2651273727416992,2.6796734377741815
17.843882,2.3915877978007,8.68258784145117
6.0,1.3515528599421183,6.692727476730944
19.097795,5.000991376241048,24.360518214404586
19.850147,0.7581460475921631,4.929102460443975
23.284365,5.018481699625651,33.46769441187382
19.770714,2.4488708972930913,11.658500874638559
20.46953,3.2752400716145837,21.958918433189396
19.76758,6.127815373738607,36.189125019907955
16.185743,7.404420153299967,50.97938070356847
15.904594,3.1029783248901373,20.542255079746248
9.374043,0.426603506008784,3.5262599360197786
20.40208,4.363662147521973,27.772279520034793
13.177544,0.8534703731536865,2.9033301321417095
15.494598,0.9115594863891602,6.565590576156975
9.185482,1.7075379212697348,12.91754061073065
11.295307,3.252822049458822,21.401184653639795
15.349361,0.6633041063944498,3.4764146500825883
19.369505,1.901352055867513,10.435658426135781
14.60965,3.470882161458334,20.993060875236992
21.98082,2.699277687072754,18.9112837395072
11.120648,0.0833333333333333,17.696482519209386
11.154552,1.111578877766927,3.5553995450958613
18.251238,2.2458928585052496,15.450123541951182
14.015195,1.521902902921041,5.073591458126904
13.006301,1.852580181757609,8.877691170424225
20.812134,6.876675923665365,39.24764293253423
17.578941,2.9458299477895107,9.618215371966363
18.630667,2.7656738122304283,10.825073540061714
20.249493,3.745941257476807,9.108547949641945
21.114388,3.466276868184408,10.07970292106271
17.616852,2.7663375059763595,19.752770710289482
20.348883,9.417129834493002,23.506630387306217
10.928339,1.9404348055521647,6.6245038476586355
11.918901,2.75525647799174,17.559732551723723
18.743038,1.5107027212778728,10.141452558636667
13.674406,2.133620389302572,15.517355695664886
19.634739,11.485642941792808,13.495467966794969
7.469471,2.16333711942037,9.462070530653001
20.288277,4.926842308044434,36.630037537813195
6.155407,1.7615102450052897,11.27292587414384
14.718739,1.5033056656519572,7.485028270259501
10.570353,0.765454109509786,7.28796653456986
17.638298,0.6166151920954386,4.656964717507363
17.795391,1.272789756457011,7.384658136367799
18.905048,12.11965510050456,17.17220016717911
17.474625,3.3701912879943854,9.161725594997408
23.698662,6.552556991577148,42.97909189164639
12.925427,1.0043090264002483,4.986131468564273
18.160992,2.5538299719492596,19.178907431662086
18.46025,10.833136876424154,53.64579184353352
15.842501,3.7332712809244795,24.18384640723467
17.872871,1.9563727219899496,13.340584073513748
18.011951,6.693690872192383,47.9947525048256
18.819027,0.6676145315170288,18.0995809134841
13.987232,5.969074376424154,38.78285319268704
17.609482,1.779573170344035,12.25711166456342
23.1104,5.9099622726440435,40.24730371534825
19.8949,3.286813100179037,23.22895797222853
2.3453407,8.473367818196616,47.28014165461064
13.678954,10.9184596379598,13.481734575778248
15.4126625,4.1840557098388675,30.62120393931866
11.210954,4.3286794026692705,24.08201130330563
7.461584,1.2630252758661906,8.777172749862077
12.915539,2.211495129267375,17.09586730256677
6.605249,2.3083297252655033,7.349988201484085
14.701027,0.36355179150899253,2.5195008236914878
13.850489,4.6349793116251625,8.653174413368108
6.8234353,8.212284406026205,63.86829856276513
11.645847,3.6013000806172695,23.82748592615128
8.479848,0.45140082041422525,6.16394794791937
16.378735,4.609152603149414,28.98093042284251
11.477009,1.1334720293680827,6.253364810198547
18.834595,0.19379375775655108,3.0499322148784995
22.091484,6.110901323954264,43.78242521345616
12.670479,0.7332629084587097,2.4999832298606637
15.940896,2.852973318099976,20.097699823081495
14.756774,1.8126176357269288,12.029583665430549
6.8527346,3.8099219640096034,17.169969731122258
9.714663,8.994880040486654,12.987639299184085
21.513735,2.678594779968262,20.123466933071615
21.968033,4.913559691111247,33.32202372282744
11.314635,3.42341267267863,18.80902320623398
17.751404,7.488169352213542,47.74889115989209
18.108397,3.819471041361491,24.118131890892986
16.450562,2.2782912890116376,7.792156042754652
8.291262,0.8917773564656576,3.5091911175847055
9.778086,0.6080372214317321,3.9081144750863315
11.058523,1.0307555437088014,6.001054529100657
7.745781,1.1676554044087728,3.7510108837485316
2.6977406,7.237893168131511,48.996638610363014
13.960284,0.6819399833679199,3.5388310663402085
15.588922,0.9863533655802409,20.233945615887645
16.223991,2.3923656622568767,16.035919295549395
17.718899,11.355510711669924,12.778569411188366
14.354453,0.5974222302436828,3.328105992302299
10.684814,1.5726106961568198,12.296945554912092
11.834032,0.35458235343297323,1.7069287309795618
13.650561,0.5273041486740112,2.7669207126647235
23.083206,4.988217544555664,37.30440031766892
7.024416,11.028330675760907,37.45141070008278
15.350428,2.58708389600118,16.191802334189415
18.749693,4.882237402598063,14.063832366615536
17.098186,2.71979554494222,20.23777857065201
20.268604,5.664719740549724,38.571787059307105
18.231932,3.109472942352295,21.482627783715728
16.950357,2.63595298131307,16.439036097824577
6.0,0.9622121175130208,6.910661328285934
16.473305,3.1618309656778973,21.072417765259747
6.091516,1.398888595898946,5.450406807065011
19.989943,2.635592110951742,18.68944278985262
13.796566,2.093081045150757,6.021737962961198
18.813175,0.31393633484840394,4.18987244360149
16.714115,0.37723710934321086,3.830857886783779
3.6642551,1.584754753112793,11.513468329608441
18.615705,2.9759664694468184,20.54540898382664
23.680063,1.1382927258809408,8.449848332852126
10.497839,0.5821821451187134,1.9941625683009625
16.82117,1.0036641279856364,6.9927962923794995
16.272305,1.567942984898885,11.84816668480635
18.313318,2.78610372543335,18.060750259160997
18.290842,6.5943550109863285,32.89924308538438
22.449389,9.484153811136883,9.246815554499628
6.611701,3.092792129516602,11.032488753348591
12.399965,1.4991536458333334,10.77934397622943
8.454729,1.2122697512308758,4.120448715165258
7.618238,1.0549634059270223,7.270080605447293
16.195328,2.4261049429575605,17.31234129741788
17.230175,0.7031904220581054,5.309221534132958
18.926382,3.5365724563598637,17.79582640707493
12.827864,0.7570435047149658,20.08076241731644
6.760041,1.711974843343099,9.668423193246127
18.28495,2.384428437550863,14.984976891428234
20.232452,4.992715136210124,29.329962474405768
18.224237,0.6245151321093241,4.2407526682317265
0.22585297,2.5228000164031985,18.038462261259557
16.818905,4.737218570709229,29.489688694477085
21.453373,2.201614379882813,13.570425344705583
18.115204,1.2116021235783896,8.48423243239522
12.97094,6.593807411193848,27.934122660160067
16.341911,2.4947699705759687,18.413351417481902
18.211239,2.738527584075928,18.442845124900344
18.119587,1.457184632619222,7.156216895878316
20.09687,4.520053641001383,33.552109411358835
18.013584,1.7366392135620117,10.034678997248413
21.036629,3.1818624178568524,20.71076600670815
1.6743507,3.2536612828572595,9.402165783792736
19.531464,4.947713343302409,27.089451105296614
18.010897,1.3466272592544557,7.302143762931229
17.13796,2.259224605560303,14.51276156872511
17.359863,0.5293903867403666,3.3462087267637255
16.883272,2.4624461968739833,17.923207724988462
16.521366,1.1805930614471436,7.911724698469044
19.169342,1.7431551615397136,4.943556831479073
12.28566,0.8772738297780355,3.240386245399714
17.623735,2.1143979231516523,12.258628279268743
14.98309,1.8170209884643556,12.699762715846303
19.796144,0.11266928315162655,2.063813073076308
15.444029,1.2052783250808716,8.432624580413105
10.12664,1.0162655671437582,7.033743355423213
16.578619,6.887046051025391,46.29798074424267
22.408604,5.562883313496908,26.283741106092933
15.820001,1.3652613878250122,9.905385292619469
18.320179,4.2427646319071455,23.52576652646065
13.912303,2.3697198232014975,18.2889215156436
16.663162,2.9005471865336103,20.943852199316026
6.700992,0.4948421637217204,3.098317388445139
10.732418,4.850797271728516,35.21999288320542
17.841646,1.1998740990956624,7.304788890331984
16.701784,3.067861652374268,9.684154874980452
9.957886,1.80099302927653,4.634156693592669
18.372023,0.807171614964803,6.081070016473533
19.894848,2.4764070192972825,16.79207495748997
15.128456,1.824112335840861,13.296133865714076
18.508905,1.9941882292429607,13.568212293982508
16.557735,4.83375244140625,33.05841706544161
17.697298,1.819049135843913,11.528341993987562
17.590967,13.863646443684898,12.594360550493004
15.912354,1.7119299093882243,12.040361549705269
13.936314,2.8933885256449385,20.038268570899966
10.466133,0.6835674405097961,1.9919725275784734
6.84134,1.3563605308532716,9.705183970183136
10.73779,3.8146426518758143,28.351614065468315
19.04603,2.9636237939198815,11.799860000908376
16.546595,3.623714605967204,9.436970199346543
22.777237,8.734658241271974,41.030105980634694
14.974414,2.6400528113047286,20.640938324928285
6.0,2.084278011322022,8.307547841891648
18.70139,1.6122665723164877,11.140545761436226
0.69719315,5.668714491526286,37.80504066109658
10.003042,1.1320128122965496,6.24282827526331
16.83366,1.4141379912694296,6.594867478236557
15.985218,3.5673782666524256,24.992066030502322
6.417546,2.401521174112956,13.494610972106459
15.903959,2.1114015102386476,14.15380965024233
18.925516,0.8512876669565836,4.40248893968761
17.839275,2.769709475835165,18.607159027755262
22.278975,5.533345794677735,25.74199774295092
17.572922,2.788523515065511,11.277119830250742
19.473965,4.806330839792888,21.830516493916516
17.231514,0.8361687898635864,5.638087621182204
9.002512,2.163053178787232,16.00795140683651
12.778514,2.128780810038249,16.601131836622955
6.0,7.062831878662109,47.39270453214646
20.374107,6.958522160847982,40.205251660943034
22.546902,3.648275820414226,26.00517283499241
16.50349,2.8476896444956465,19.381853591501716
18.519398,10.96825695037842,13.43895438268781
8.398494,3.56219809850057,17.65996513694525
17.02155,1.0251888036727905,4.155093339048326
9.490368,3.2339896519978844,24.813984988629823
7.9095497,1.8437570412953694,11.895807612687351
16.374985,1.913959264755249,13.8837295126915
17.766504,6.35924727121989,40.35301063537598
17.54002,2.2749871571858726,6.8860268216580165
21.970154,5.599853992462158,25.30378097444773
18.815971,2.6319356759389243,19.74769010215998
18.416327,4.66724853515625,31.76458620846272
12.2568245,8.763350232442221,21.376640653014185
0.3924694,0.53255774974823,3.1597783783450724
17.34304,2.893833494186402,21.298453693687918
18.22858,3.782385667165121,22.351651077866556
15.956424,1.819281848271688,12.05648082211614
19.960232,0.7742695132891337,5.363479115515949
18.266535,8.81314614613851,54.774010010957724
9.551929,1.4511008898417155,4.015721509829164
19.228737,10.620628992716473,16.427360312193635
13.519879,0.6388077576955159,1.9556724619865418
17.14537,11.426200739542645,57.05003245830537
19.322378,4.134821383158366,27.191566419899466
2.3924446,2.3517315546671553,18.304114252030853
13.526409,1.8512517452239992,13.482909619808199
7.2832036,0.9866182486216227,6.02176301829517
20.69042,4.781582546234131,17.117577493786815
7.1863585,2.9218542734781905,11.795448216795924
18.69356,2.699882284800212,17.026848550140862
23.919544,7.200071016947429,41.07435063242913
20.422264,10.88971379597982,12.783709333986046
14.901386,2.5313030242919927,20.19249898016453
20.228338,2.153303909301758,14.556273991167547
6.6890335,1.7607371012369792,13.576698382198813
16.751678,0.9506706476211548,6.546377225667239
21.42199,6.201959546407064,37.738600051403054
18.646946,2.9417073885599776,10.931316337436439
13.699016,2.2060095151265466,12.20892565533519
1.6505642,6.519521967569987,46.4637018364668
10.124286,7.218373998006185,12.300749875009062
18.70133,11.695002301534018,10.908057828843596
17.40071,3.155730438232422,21.15584486871958
15.696228,2.1926534652709964,15.485861652195457
15.437351,0.7558732986450195,1.567212646584958
16.85826,3.102819919586182,13.43441374257207
17.680883,2.0587355931599935,14.459317007362845
23.307858,8.249127451578778,21.960939222574236
13.670464,1.6831884384155273,10.304070880115034
14.691738,2.4099640369415285,17.715702517032625
13.676437,1.4455009301503499,10.518266373574736
19.754,7.77343807220459,8.3526341483742
0.5225525,2.417974170049032,16.602769125998023
21.520205,5.5177556355794275,37.99031514048577
18.856258,1.9302577018737794,12.329273071736099
15.639958,3.2562115033467616,10.769021178632975
19.194859,6.2646132151285805,15.75295048967004
1.1163673,3.3363642374674485,24.663787976801398
22.144554,6.5703116734822595,42.045012678503994
6.0,0.9907471895217895,17.38340947389603
17.178795,2.193262434005738,14.583731569200756
21.62918,8.889973068237307,56.606522367000586
11.78812,1.0675670305887859,6.291507721170784
20.07469,5.876534907023112,27.211571825742727
15.680767,0.4409658710161845,3.3085405888035897
7.0750504,2.0194993336995446,14.116671509295704
2.2571678,1.4863190571467082,8.831442091912033
14.95356,12.218189493815105,12.523302600681784
19.54159,2.0207831859588623,8.140663977637887
18.597652,3.628566424051921,11.258936816453936
12.2981615,2.2099352041880294,4.805954215638341
17.91533,4.410508155822754,25.20057345181704
15.489119,4.107824993133545,28.165329191386704
9.769159,1.2998409589131674,7.823174034878613
12.669762,0.9521845022837321,2.8231681477651
16.222454,1.3756072998046875,8.46547723658383
14.379865,3.6400583267211917,26.773492094576362
17.125908,3.0364358584086104,12.056108571439983
22.246685,8.372792689005536,38.96166032791138
10.286877,0.0833333333333333,1.690918883904815
17.613148,0.9700003782908122,5.688306180462242
8.625702,0.9676364501317342,5.946884385719897
9.103233,3.9638597488403327,19.023349601030354
18.31558,11.271817461649578,12.474188010096553
8.348375,1.1156935691833496,8.563330587744714
13.2256155,1.9073607921600342,14.01925739347935
21.727303,8.86325887044271,15.149980071634056
13.939581,3.0263234456380212,18.47422872036696
