location,user_id,session_id,duration_hours,energy,arrival_hour,start_date,start_time,end_date,end_time,start_hour,end_hour,month,day,duration_minutes,day_type,facility,user_id_num
KR_commercial,KR_20,KR1,1.4408333333333334,9.23,15.233333333333333,2021-10-05,15:14:26,2021-10-05,16:40:53,15,16,October,Tuesday,86.45,Weekday,company,0
KR_commercial,KR_20,KR2,0.8038888888888889,5.22,14.016666666666667,2021-10-06,14:01:08,2021-10-06,14:49:22,14,14,October,Wednesday,48.23333333333333,Weekday,company,0
KR_commercial,KR_20,KR3,0.9427777777777778,6.09,16.4,2021-10-12,16:24:11,2021-10-12,17:20:45,16,17,October,Tuesday,56.56666666666667,Weekday,company,0
KR_commercial,KR_20,KR4,1.2994444444444444,8.45,16.2,2021-10-14,16:12:53,2021-10-14,17:30:51,16,17,October,Thursday,77.96666666666667,Weekday,company,0
KR_commercial,KR_20,KR5,0.4938888888888889,3.18,15.75,2021-10-18,15:45:12,2021-10-18,16:14:50,15,16,October,Monday,29.633333333333333,Weekday,company,0
KR_commercial,KR_20,KR6,0.1161111111111111,0.74,15.25,2021-10-19,15:15:08,2021-10-19,15:22:06,15,15,October,Tuesday,6.966666666666667,Weekday,company,0
KR_commercial,KR_20,KR7,2.222777777777778,14.64,17.783333333333335,2021-10-20,17:47:26,2021-10-20,20:00:48,17,20,October,Wednesday,133.36666666666667,Weekday,company,0
KR_commercial,KR_20,KR8,1.6544444444444444,10.84,15.516666666666667,2021-11-03,15:31:30,2021-11-03,17:10:46,15,17,November,Wednesday,99.26666666666668,Weekday,company,0
KR_commercial,KR_20,KR9,0.4188888888888888,2.73,14.05,2021-11-04,14:03:50,2021-11-04,14:28:58,14,14,November,Thursday,25.133333333333333,Weekday,company,0
KR_commercial,KR_20,KR10,1.948611111111111,12.8,15.483333333333333,2021-11-09,15:29:49,2021-11-09,17:26:44,15,17,November,Tuesday,116.91666666666666,Weekday,company,0
KR_commercial,KR_20,KR11,2.4225,14.73,14.7,2021-11-10,14:42:14,2021-11-10,17:07:35,14,17,November,Wednesday,145.35,Weekday,company,0
KR_commercial,KR_20,KR12,1.058888888888889,6.89,16.733333333333334,2021-11-12,16:44:48,2021-11-12,17:48:20,16,17,November,Friday,63.53333333333334,Weekday,company,0
KR_commercial,KR_20,KR13,1.6205555555555555,10.66,16.516666666666666,2021-11-17,16:31:45,2021-11-17,18:08:59,16,18,November,Wednesday,97.23333333333332,Weekday,company,0
KR_commercial,KR_20,KR14,1.2702777777777778,8.26,16.916666666666668,2021-11-19,16:55:15,2021-11-19,18:11:28,16,18,November,Friday,76.21666666666667,Weekday,company,0
KR_commercial,KR_20,KR15,1.6480555555555556,10.7,13.4,2021-11-24,13:24:17,2021-11-24,15:03:10,13,15,November,Wednesday,98.88333333333334,Weekday,company,0
KR_commercial,KR_20,KR16,1.5894444444444444,10.32,16.433333333333334,2021-11-25,16:26:24,2021-11-25,18:01:46,16,18,November,Thursday,95.36666666666666,Weekday,company,0
KR_commercial,KR_20,KR17,2.443611111111111,15.9,15.916666666666666,2021-11-26,15:55:26,2021-11-26,18:22:03,15,18,November,Friday,146.61666666666667,Weekday,company,0
KR_commercial,KR_20,KR18,2.4852777777777777,16.11,14.566666666666666,2021-11-29,14:34:05,2021-11-29,17:03:12,14,17,November,Monday,149.11666666666667,Weekday,company,0
KR_commercial,KR_20,KR19,1.5555555555555556,10.1,14.45,2021-11-30,14:27:15,2021-11-30,16:00:35,14,16,November,Tuesday,93.33333333333331,Weekday,company,0
KR_commercial,KR_20,KR20,2.7688888888888887,17.68,16.283333333333335,2021-12-01,16:17:41,2021-12-01,19:03:49,16,19,December,Wednesday,166.13333333333333,Weekday,company,0
KR_commercial,KR_20,KR21,0.8013888888888889,5.21,15.216666666666669,2021-12-02,15:13:05,2021-12-02,16:01:10,15,16,December,Thursday,48.083333333333336,Weekday,company,0
KR_commercial,KR_20,KR22,3.06,19.73,16.083333333333332,2021-12-03,16:05:14,2021-12-03,19:08:50,16,19,December,Friday,183.6,Weekday,company,0
KR_commercial,KR_20,KR23,2.0391666666666666,13.29,14.75,2021-12-08,14:45:08,2021-12-08,16:47:29,14,16,December,Wednesday,122.35,Weekday,company,0
KR_commercial,KR_20,KR24,2.464722222222222,16.09,15.6,2021-12-09,15:36:22,2021-12-09,18:04:15,15,18,December,Thursday,147.88333333333333,Weekday,company,0
KR_commercial,KR_20,KR25,1.4475,9.59,15.183333333333334,2021-12-10,15:11:21,2021-12-10,16:38:12,15,16,December,Friday,86.85,Weekday,company,0
KR_commercial,KR_20,KR26,3.2288888888888887,20.77,16.283333333333335,2021-12-15,16:17:05,2021-12-15,19:30:49,16,19,December,Wednesday,193.7333333333333,Weekday,company,0
KR_commercial,KR_20,KR27,2.087222222222222,13.67,15.766666666666667,2021-12-21,15:46:57,2021-12-21,17:52:11,15,17,December,Tuesday,125.23333333333332,Weekday,company,0
KR_commercial,KR_20,KR28,2.4266666666666667,15.95,15.6,2021-12-22,15:36:08,2021-12-22,18:01:44,15,18,December,Wednesday,145.6,Weekday,company,0
KR_commercial,KR_20,KR29,1.5969444444444445,10.39,14.3,2021-12-24,14:18:55,2021-12-24,15:54:44,14,15,December,Friday,95.81666666666666,Weekday,company,0
KR_commercial,KR_20,KR30,1.071388888888889,6.91,15.583333333333334,2021-12-28,15:35:13,2021-12-28,16:39:30,15,16,December,Tuesday,64.28333333333333,Weekday,company,0
KR_commercial,KR_20,KR31,1.9575,12.6,16.416666666666668,2021-12-30,16:25:32,2021-12-30,18:22:59,16,18,December,Thursday,117.45,Weekday,company,0
KR_commercial,KR_20,KR32,1.3125,8.52,16.05,2022-01-03,16:03:50,2022-01-03,17:22:35,16,17,January,Monday,78.75,Weekday,company,0
KR_commercial,KR_20,KR33,1.89,12.19,14.75,2022-01-04,14:45:42,2022-01-04,16:39:06,14,16,January,Tuesday,113.4,Weekday,company,0
KR_commercial,KR_20,KR34,1.6916666666666669,11.09,18.366666666666667,2022-01-05,18:22:23,2022-01-05,20:03:53,18,20,January,Wednesday,101.5,Weekday,company,0
KR_commercial,KR_20,KR35,3.176111111111111,20.72,16.8,2022-01-06,16:48:42,2022-01-06,19:59:16,16,19,January,Thursday,190.56666666666663,Weekday,company,0
KR_commercial,KR_20,KR36,1.8669444444444443,12.22,16.016666666666666,2022-01-10,16:01:58,2022-01-10,17:53:59,16,17,January,Monday,112.01666666666668,Weekday,company,0
KR_commercial,KR_20,KR37,2.192222222222222,14.23,9.766666666666667,2022-01-13,09:46:01,2022-01-13,11:57:33,9,11,January,Thursday,131.53333333333333,Weekday,company,0
KR_commercial,KR_20,KR38,2.273888888888889,14.79,16.033333333333335,2022-01-17,16:02:14,2022-01-17,18:18:40,16,18,January,Monday,136.43333333333334,Weekday,company,0
KR_commercial,KR_20,KR39,2.455555555555556,15.96,17.05,2022-01-18,17:03:34,2022-01-18,19:30:54,17,19,January,Tuesday,147.33333333333334,Weekday,company,0
KR_commercial,KR_20,KR40,2.27,14.68,16.366666666666667,2022-01-19,16:22:37,2022-01-19,18:38:49,16,18,January,Wednesday,136.2,Weekday,company,0
KR_commercial,KR_20,KR41,2.118888888888889,13.82,16.633333333333333,2022-01-20,16:38:17,2022-01-20,18:45:25,16,18,January,Thursday,127.13333333333333,Weekday,company,0
KR_commercial,KR_20,KR42,1.9430555555555555,12.67,16.9,2022-01-21,16:54:28,2022-01-21,18:51:03,16,18,January,Friday,116.58333333333331,Weekday,company,0
KR_commercial,KR_20,KR43,1.3288888888888888,8.75,15.0,2022-01-25,15:00:36,2022-01-25,16:20:20,15,16,January,Tuesday,79.73333333333332,Weekday,company,0
KR_commercial,KR_20,KR44,2.028611111111111,13.05,13.75,2022-01-26,13:45:51,2022-01-26,15:47:34,13,15,January,Wednesday,121.71666666666668,Weekday,company,0
KR_commercial,KR_20,KR45,1.9822222222222223,12.83,16.133333333333333,2022-01-27,16:08:22,2022-01-27,18:07:18,16,18,January,Thursday,118.93333333333334,Weekday,company,0
KR_commercial,KR_20,KR46,1.137222222222222,7.22,10.766666666666667,2022-02-04,10:46:35,2022-02-04,11:54:49,10,11,February,Friday,68.23333333333333,Weekday,company,0
KR_commercial,KR_20,KR47,2.1216666666666666,13.93,15.766666666666667,2022-02-04,15:46:47,2022-02-04,17:54:05,15,17,February,Friday,127.3,Weekday,company,0
KR_commercial,KR_20,KR48,1.191111111111111,7.73,16.55,2022-02-07,16:33:12,2022-02-07,17:44:40,16,17,February,Monday,71.46666666666665,Weekday,company,0
KR_commercial,KR_20,KR49,2.033333333333333,13.38,17.4,2022-02-08,17:24:01,2022-02-08,19:26:01,17,19,February,Tuesday,122.0,Weekday,company,0
KR_commercial,KR_20,KR50,1.175277777777778,7.72,15.416666666666666,2022-02-10,15:25:46,2022-02-10,16:36:17,15,16,February,Thursday,70.51666666666667,Weekday,company,0
KR_commercial,KR_20,KR51,1.836666666666667,12.11,17.983333333333334,2022-02-10,17:59:35,2022-02-10,19:49:47,17,19,February,Thursday,110.2,Weekday,company,0
KR_commercial,KR_20,KR52,1.846111111111111,12.13,17.15,2022-02-14,17:09:42,2022-02-14,19:00:28,17,19,February,Monday,110.76666666666668,Weekday,company,0
KR_commercial,KR_20,KR53,2.7752777777777777,18.04,16.333333333333332,2022-02-16,16:20:40,2022-02-16,19:07:11,16,19,February,Wednesday,166.51666666666665,Weekday,company,0
KR_commercial,KR_20,KR54,1.7983333333333331,11.69,15.616666666666667,2022-02-18,15:37:33,2022-02-18,17:25:27,15,17,February,Friday,107.9,Weekday,company,0
KR_commercial,KR_20,KR55,1.0830555555555557,6.93,17.45,2022-02-22,17:27:04,2022-02-22,18:32:03,17,18,February,Tuesday,64.98333333333333,Weekday,company,0
KR_commercial,KR_20,KR56,2.598611111111111,16.88,12.8,2022-02-24,12:48:02,2022-02-24,15:23:57,12,15,February,Thursday,155.91666666666666,Weekday,company,0
KR_commercial,KR_20,KR57,1.941111111111111,12.74,15.8,2022-02-25,15:48:40,2022-02-25,17:45:08,15,17,February,Friday,116.46666666666664,Weekday,company,0
KR_commercial,KR_20,KR58,1.918055555555556,12.57,16.616666666666667,2022-03-03,16:37:19,2022-03-03,18:32:24,16,18,March,Thursday,115.08333333333334,Weekday,company,0
KR_commercial,KR_20,KR59,1.7822222222222222,11.6,17.216666666666665,2022-03-04,17:13:29,2022-03-04,19:00:25,17,19,March,Friday,106.93333333333332,Weekday,company,0
KR_commercial,KR_20,KR60,1.3016666666666667,8.56,16.316666666666666,2022-03-07,16:19:11,2022-03-07,17:37:17,16,17,March,Monday,78.10000000000001,Weekday,company,0
KR_commercial,KR_20,KR61,3.201111111111111,20.76,17.133333333333333,2022-03-11,17:08:36,2022-03-11,20:20:40,17,20,March,Friday,192.06666666666663,Weekday,company,0
KR_commercial,KR_20,KR63,1.685277777777778,10.86,16.916666666666668,2022-03-14,16:55:19,2022-03-14,18:36:26,16,18,March,Monday,101.11666666666667,Weekday,company,0
KR_commercial,KR_20,KR64,2.691666666666667,17.38,16.866666666666667,2022-03-15,16:52:41,2022-03-15,19:34:11,16,19,March,Tuesday,161.5,Weekday,company,0
KR_commercial,KR_20,KR65,1.5133333333333334,9.87,16.45,2022-03-16,16:27:35,2022-03-16,17:58:23,16,17,March,Wednesday,90.8,Weekday,company,0
KR_commercial,KR_20,KR66,3.1669444444444443,20.76,17.616666666666667,2022-03-22,17:37:17,2022-03-22,20:47:18,17,20,March,Tuesday,190.01666666666665,Weekday,company,0
KR_commercial,KR_20,KR67,2.470833333333333,16.22,16.55,2022-03-24,16:33:59,2022-03-24,19:02:14,16,19,March,Thursday,148.25,Weekday,company,0
KR_commercial,KR_20,KR68,1.3316666666666668,8.79,16.5,2022-03-25,16:30:24,2022-03-25,17:50:18,16,17,March,Friday,79.9,Weekday,company,0
KR_commercial,KR_20,KR69,2.335555555555556,15.25,12.933333333333334,2022-03-29,12:56:25,2022-03-29,15:16:33,12,15,March,Tuesday,140.13333333333333,Weekday,company,0
KR_commercial,KR_20,KR70,3.1166666666666667,20.42,14.883333333333333,2022-04-01,14:53:56,2022-04-01,18:00:56,14,18,April,Friday,187.0,Weekday,company,0
KR_commercial,KR_20,KR71,2.5966666666666667,16.96,9.466666666666669,2022-04-06,09:28:24,2022-04-06,12:04:12,9,12,April,Wednesday,155.8,Weekday,company,0
KR_commercial,KR_20,KR72,1.8441666666666667,11.98,16.35,2022-04-06,16:21:44,2022-04-06,18:12:23,16,18,April,Wednesday,110.65,Weekday,company,0
KR_commercial,KR_20,KR73,2.1958333333333333,14.22,16.866666666666667,2022-04-07,16:52:23,2022-04-07,19:04:08,16,19,April,Thursday,131.75,Weekday,company,0
KR_commercial,KR_20,KR74,2.281111111111111,14.76,16.25,2022-04-13,16:15:36,2022-04-13,18:32:28,16,18,April,Wednesday,136.86666666666667,Weekday,company,0
KR_commercial,KR_20,KR75,3.188888888888889,20.77,15.833333333333334,2022-04-19,15:50:14,2022-04-19,19:01:34,15,19,April,Tuesday,191.33333333333331,Weekday,company,0
KR_commercial,KR_20,KR76,0.5702777777777778,3.73,15.583333333333334,2022-04-22,15:35:59,2022-04-22,16:10:12,15,16,April,Friday,34.21666666666667,Weekday,company,0
KR_commercial,KR_20,KR78,1.1552777777777778,7.53,16.216666666666665,2022-04-25,16:13:31,2022-04-25,17:22:50,16,17,April,Monday,69.31666666666668,Weekday,company,0
KR_commercial,KR_20,KR79,2.2594444444444446,14.72,16.333333333333332,2022-04-26,16:20:52,2022-04-26,18:36:26,16,18,April,Tuesday,135.56666666666666,Weekday,company,0
KR_commercial,KR_20,KR80,0.8927777777777778,5.94,11.116666666666667,2022-05-02,11:07:54,2022-05-02,12:01:28,11,12,May,Monday,53.56666666666667,Weekday,company,0
KR_commercial,KR_20,KR81,2.493888888888889,16.53,16.45,2022-05-04,16:27:01,2022-05-04,18:56:39,16,18,May,Wednesday,149.63333333333333,Weekday,company,0
KR_commercial,KR_20,KR82,2.145,14.02,15.4,2022-05-10,15:24:56,2022-05-10,17:33:38,15,17,May,Tuesday,128.7,Weekday,company,0
KR_commercial,KR_20,KR83,1.1525,7.55,14.216666666666669,2022-05-11,14:13:54,2022-05-11,15:23:03,14,15,May,Wednesday,69.15,Weekday,company,0
KR_commercial,KR_20,KR84,0.8066666666666666,5.19,17.2,2022-05-12,17:12:22,2022-05-12,18:00:46,17,18,May,Thursday,48.4,Weekday,company,0
KR_commercial,KR_20,KR85,1.6158333333333332,10.43,16.383333333333333,2022-05-16,16:23:52,2022-05-16,18:00:49,16,18,May,Monday,96.95,Weekday,company,0
KR_commercial,KR_20,KR86,2.068888888888889,13.76,16.9,2022-05-23,16:54:55,2022-05-23,18:59:03,16,18,May,Monday,124.13333333333334,Weekday,company,0
KR_commercial,KR_20,KR87,2.0683333333333334,13.62,16.616666666666667,2022-05-24,16:37:11,2022-05-24,18:41:17,16,18,May,Tuesday,124.1,Weekday,company,0
KR_commercial,KR_20,KR88,2.105,13.88,15.2,2022-05-25,15:12:45,2022-05-25,17:19:03,15,17,May,Wednesday,126.3,Weekday,company,0
KR_commercial,KR_20,KR89,2.100555555555556,13.8,13.6,2022-06-03,13:36:34,2022-06-03,15:42:36,13,15,June,Friday,126.03333333333336,Weekday,company,0
KR_commercial,KR_20,KR90,0.2383333333333333,1.47,16.733333333333334,2022-06-07,16:44:21,2022-06-07,16:58:39,16,16,June,Tuesday,14.3,Weekday,company,0
KR_commercial,KR_20,KR91,16.522777777777776,9.63,15.983333333333333,2022-06-09,15:59:12,2022-06-10,08:30:34,15,8,June,Thursday,991.3666666666666,Weekday,company,0
KR_commercial,KR_20,KR92,3.180277777777778,20.76,17.166666666666668,2022-06-13,17:10:03,2022-06-13,20:20:52,17,20,June,Monday,190.8166666666667,Weekday,company,0
KR_commercial,KR_20,KR93,2.299722222222222,14.98,17.05,2022-06-20,17:03:11,2022-06-20,19:21:10,17,19,June,Monday,137.98333333333332,Weekday,company,0
KR_commercial,KR_20,KR94,1.4469444444444444,9.41,14.033333333333331,2022-06-21,14:02:30,2022-06-21,15:29:19,14,15,June,Tuesday,86.81666666666666,Weekday,company,0
KR_commercial,KR_20,KR95,2.123333333333333,13.85,14.683333333333334,2022-06-22,14:41:41,2022-06-22,16:49:05,14,16,June,Wednesday,127.4,Weekday,company,0
KR_commercial,KR_20,KR96,2.007222222222222,13.15,15.0,2022-06-23,15:00:33,2022-06-23,17:00:59,15,17,June,Thursday,120.43333333333332,Weekday,company,0
KR_commercial,KR_20,KR97,0.4458333333333333,2.84,12.766666666666667,2022-06-24,12:46:48,2022-06-24,13:13:33,12,13,June,Friday,26.75,Weekday,company,0
KR_commercial,KR_20,KR98,1.920555555555556,12.32,14.3,2022-06-30,14:18:19,2022-06-30,16:13:33,14,16,June,Thursday,115.23333333333332,Weekday,company,0
KR_commercial,KR_20,KR100,1.926111111111111,12.73,12.8,2022-07-05,12:48:51,2022-07-05,14:44:25,12,14,July,Tuesday,115.56666666666666,Weekday,company,0
KR_commercial,KR_20,KR101,1.6502777777777775,10.76,17.25,2022-07-05,17:15:12,2022-07-05,18:54:13,17,18,July,Tuesday,99.01666666666668,Weekday,company,0
KR_commercial,KR_20,KR102,2.2594444444444446,14.79,14.8,2022-07-12,14:48:17,2022-07-12,17:03:51,14,17,July,Tuesday,135.56666666666666,Weekday,company,0
KR_commercial,KR_20,KR103,2.1780555555555554,14.05,16.283333333333335,2022-07-14,16:17:54,2022-07-14,18:28:35,16,18,July,Thursday,130.68333333333334,Weekday,company,0
KR_commercial,KR_20,KR104,0.3611111111111111,2.33,15.983333333333333,2022-07-15,15:59:26,2022-07-15,16:21:06,15,16,July,Friday,21.666666666666668,Weekday,company,0
KR_commercial,KR_20,KR105,1.2602777777777778,8.13,11.616666666666667,2022-07-19,11:37:48,2022-07-19,12:53:25,11,12,July,Tuesday,75.61666666666667,Weekday,company,0
KR_commercial,KR_20,KR106,1.265,8.19,15.083333333333334,2022-07-20,15:05:01,2022-07-20,16:20:55,15,16,July,Wednesday,75.89999999999999,Weekday,company,0
KR_commercial,KR_20,KR107,1.6547222222222222,10.8,16.483333333333334,2022-07-22,16:29:17,2022-07-22,18:08:34,16,18,July,Friday,99.28333333333332,Weekday,company,0
KR_commercial,KR_20,KR108,1.3669444444444443,8.86,13.216666666666669,2022-07-25,13:13:18,2022-07-25,14:35:19,13,14,July,Monday,82.01666666666667,Weekday,company,0
KR_commercial,KR_20,KR109,1.5630555555555556,10.08,16.183333333333334,2022-07-26,16:11:57,2022-07-26,17:45:44,16,17,July,Tuesday,93.78333333333332,Weekday,company,0
KR_commercial,KR_20,KR110,1.813055555555556,11.73,14.65,2022-07-27,14:39:57,2022-07-27,16:28:44,14,16,July,Wednesday,108.78333333333332,Weekday,company,0
KR_commercial,KR_20,KR111,2.450277777777778,16.1,16.283333333333335,2022-08-02,16:17:12,2022-08-02,18:44:13,16,18,August,Tuesday,147.01666666666668,Weekday,company,0
KR_commercial,KR_20,KR112,2.198611111111111,14.25,16.383333333333333,2022-08-03,16:23:18,2022-08-03,18:35:13,16,18,August,Wednesday,131.91666666666666,Weekday,company,0
KR_commercial,KR_20,KR113,0.1955555555555555,1.26,16.95,2022-08-05,16:57:50,2022-08-05,17:09:34,16,17,August,Friday,11.733333333333334,Weekday,company,0
KR_commercial,KR_20,KR114,3.01,19.79,18.03333333333333,2022-08-05,18:02:43,2022-08-05,21:03:19,18,21,August,Friday,180.6,Weekday,company,0
KR_commercial,KR_20,KR115,0.7188888888888889,4.65,16.316666666666666,2022-08-08,16:19:19,2022-08-08,17:02:27,16,17,August,Monday,43.13333333333333,Weekday,company,0
KR_commercial,KR_20,KR116,2.3216666666666668,15.23,16.916666666666668,2022-08-11,16:55:32,2022-08-11,19:14:50,16,19,August,Thursday,139.3,Weekday,company,0
KR_commercial,KR_20,KR118,2.608888888888889,16.99,17.033333333333335,2022-08-23,17:02:40,2022-08-23,19:39:12,17,19,August,Tuesday,156.53333333333333,Weekday,company,0
KR_commercial,KR_20,KR119,3.4080555555555554,22.17,17.016666666666666,2022-08-25,17:01:59,2022-08-25,20:26:28,17,20,August,Thursday,204.4833333333333,Weekday,company,0
KR_commercial,KR_20,KR120,2.426111111111111,15.9,20.28333333333333,2022-08-30,20:17:05,2022-08-30,22:42:39,20,22,August,Tuesday,145.56666666666666,Weekday,company,0
KR_commercial,KR_20,KR121,1.5977777777777775,10.24,16.216666666666665,2022-08-31,16:13:00,2022-08-31,17:48:52,16,17,August,Wednesday,95.86666666666666,Weekday,company,0
KR_commercial,KR_20,KR123,1.0430555555555556,6.73,12.066666666666666,2022-09-06,12:04:08,2022-09-06,13:06:43,12,13,September,Tuesday,62.583333333333336,Weekday,company,0
KR_commercial,KR_20,KR124,0.1205555555555555,0.78,14.883333333333333,2022-09-06,14:53:26,2022-09-06,15:00:40,14,15,September,Tuesday,7.233333333333333,Weekday,company,0
KR_commercial,KR_20,KR125,1.4722222222222223,9.58,16.233333333333334,2022-09-06,16:14:35,2022-09-06,17:42:55,16,17,September,Tuesday,88.33333333333334,Weekday,company,0
KR_commercial,KR_20,KR126,3.0105555555555554,19.76,16.866666666666667,2022-09-07,16:52:01,2022-09-07,19:52:39,16,19,September,Wednesday,180.63333333333333,Weekday,company,0
KR_commercial,KR_20,KR127,2.233888888888889,14.67,12.866666666666667,2022-09-13,12:52:05,2022-09-13,15:06:07,12,15,September,Tuesday,134.03333333333333,Weekday,company,0
KR_commercial,KR_20,KR128,0.7175,4.7,17.233333333333334,2022-09-13,17:14:32,2022-09-13,17:57:35,17,17,September,Tuesday,43.05,Weekday,company,0
KR_commercial,KR_20,KR129,2.3072222222222223,15.11,17.75,2022-09-15,17:45:39,2022-09-15,20:04:05,17,20,September,Thursday,138.43333333333334,Weekday,company,0
KR_commercial,KR_20,KR131,3.1725,20.76,16.816666666666666,2022-09-21,16:49:49,2022-09-21,20:00:10,16,20,September,Wednesday,190.35,Weekday,company,0
KR_commercial,KR_20,KR132,2.312222222222222,15.2,15.883333333333333,2022-09-22,15:53:04,2022-09-22,18:11:48,15,18,September,Thursday,138.73333333333332,Weekday,company,0
KR_commercial,KR_20,KR133,0.8672222222222222,5.63,17.65,2022-09-26,17:39:21,2022-09-26,18:31:23,17,18,September,Monday,52.03333333333333,Weekday,company,0
KR_commercial,KR_20,KR134,1.54,9.94,16.833333333333332,2022-09-27,16:50:20,2022-09-27,18:22:44,16,18,September,Tuesday,92.4,Weekday,company,0
KR_commercial,KR_21,KR135,3.188055555555556,20.77,15.133333333333333,2021-10-12,15:08:33,2021-10-12,18:19:50,15,18,October,Tuesday,191.28333333333333,Weekday,company,1
KR_commercial,KR_21,KR136,2.785833333333333,18.15,16.383333333333333,2021-10-25,16:23:34,2021-10-25,19:10:43,16,19,October,Monday,167.14999999999998,Weekday,company,1
KR_commercial,KR_21,KR137,0.6022222222222222,3.98,16.383333333333333,2021-10-27,16:23:54,2021-10-27,17:00:02,16,17,October,Wednesday,36.13333333333333,Weekday,company,1
KR_commercial,KR_21,KR138,1.8077777777777777,11.9,9.7,2021-11-01,09:42:48,2021-11-01,11:31:16,9,11,November,Monday,108.46666666666668,Weekday,company,1
KR_commercial,KR_21,KR139,1.1636111111111112,7.56,14.066666666666666,2021-11-09,14:04:34,2021-11-09,15:14:23,14,15,November,Tuesday,69.81666666666666,Weekday,company,1
KR_commercial,KR_21,KR140,2.645277777777778,17.35,17.45,2021-11-11,17:27:07,2021-11-11,20:05:50,17,20,November,Thursday,158.71666666666667,Weekday,company,1
KR_commercial,KR_21,KR141,0.5797222222222222,3.7,15.633333333333333,2021-12-02,15:38:18,2021-12-02,16:13:05,15,16,December,Thursday,34.78333333333333,Weekday,company,1
KR_commercial,KR_21,KR142,3.145,20.77,10.766666666666667,2021-12-10,10:46:06,2021-12-10,13:54:48,10,13,December,Friday,188.7,Weekday,company,1
KR_commercial,KR_21,KR143,3.0505555555555555,20.07,16.333333333333332,2022-01-05,16:20:37,2022-01-05,19:23:39,16,19,January,Wednesday,183.03333333333333,Weekday,company,1
KR_commercial,KR_21,KR144,1.8075,11.68,16.4,2022-01-12,16:24:49,2022-01-12,18:13:16,16,18,January,Wednesday,108.45,Weekday,company,1
KR_commercial,KR_21,KR145,3.133888888888889,20.77,17.516666666666666,2022-01-18,17:31:12,2022-01-18,20:39:14,17,20,January,Tuesday,188.03333333333333,Weekday,company,1
KR_commercial,KR_21,KR146,3.1591666666666667,20.77,11.316666666666666,2022-01-21,11:19:17,2022-01-21,14:28:50,11,14,January,Friday,189.55,Weekday,company,1
KR_commercial,KR_21,KR147,1.216388888888889,7.87,16.133333333333333,2022-02-11,16:08:24,2022-02-11,17:21:23,16,17,February,Friday,72.98333333333333,Weekday,company,1
KR_commercial,KR_21,KR148,2.207777777777778,14.59,15.4,2022-02-15,15:24:50,2022-02-15,17:37:18,15,17,February,Tuesday,132.46666666666667,Weekday,company,1
KR_commercial,KR_21,KR149,2.3738888888888887,15.72,15.733333333333333,2022-03-11,15:44:23,2022-03-11,18:06:49,15,18,March,Friday,142.43333333333334,Weekday,company,1
KR_commercial,KR_21,KR150,1.0072222222222222,6.55,14.516666666666667,2022-03-23,14:31:07,2022-03-23,15:31:33,14,15,March,Wednesday,60.43333333333334,Weekday,company,1
KR_commercial,KR_21,KR151,1.6116666666666666,10.52,18.466666666666665,2022-03-29,18:28:45,2022-03-29,20:05:27,18,20,March,Tuesday,96.7,Weekday,company,1
KR_commercial,KR_21,KR152,3.0902777777777777,20.39,16.083333333333332,2022-04-14,16:05:14,2022-04-14,19:10:39,16,19,April,Thursday,185.41666666666663,Weekday,company,1
KR_commercial,KR_21,KR153,2.240833333333333,14.77,15.5,2022-04-20,15:30:50,2022-04-20,17:45:17,15,17,April,Wednesday,134.45,Weekday,company,1
KR_commercial,KR_21,KR154,0.5952777777777778,3.9,8.166666666666666,2022-04-22,08:10:29,2022-04-22,08:46:12,8,8,April,Friday,35.71666666666667,Weekday,company,1
KR_commercial,KR_21,KR155,1.9461111111111111,12.6,17.933333333333334,2022-04-28,17:56:26,2022-04-28,19:53:12,17,19,April,Thursday,116.76666666666668,Weekday,company,1
KR_commercial,KR_21,KR156,0.9916666666666668,6.43,13.766666666666667,2022-04-29,13:46:48,2022-04-29,14:46:18,13,14,April,Friday,59.5,Weekday,company,1
KR_commercial,KR_21,KR157,3.0052777777777777,19.81,16.866666666666667,2022-05-12,16:52:55,2022-05-12,19:53:14,16,19,May,Thursday,180.31666666666663,Weekday,company,1
KR_commercial,KR_21,KR158,2.616111111111111,17.0,15.45,2022-05-17,15:27:35,2022-05-17,18:04:33,15,18,May,Tuesday,156.96666666666667,Weekday,company,1
KR_commercial,KR_21,KR159,2.6222222222222222,17.27,13.15,2022-05-20,13:09:17,2022-05-20,15:46:37,13,15,May,Friday,157.33333333333334,Weekday,company,1
KR_commercial,KR_21,KR160,2.3513888888888888,15.54,14.733333333333333,2022-05-31,14:44:50,2022-05-31,17:05:55,14,17,May,Tuesday,141.08333333333331,Weekday,company,1
KR_commercial,KR_21,KR161,20.90083333333333,2.62,16.383333333333333,2022-06-16,16:23:48,2022-06-17,13:17:51,16,13,June,Thursday,1254.0500000000002,Weekday,company,1
KR_commercial,KR_21,KR162,1.6019444444444444,10.51,16.166666666666668,2022-06-17,16:10:06,2022-06-17,17:46:13,16,17,June,Friday,96.11666666666666,Weekday,company,1
KR_commercial,KR_21,KR163,1.643888888888889,10.73,15.9,2022-06-21,15:54:17,2022-06-21,17:32:55,15,17,June,Tuesday,98.63333333333334,Weekday,company,1
KR_commercial,KR_21,KR164,1.8422222222222224,12.05,15.483333333333333,2022-06-22,15:29:39,2022-06-22,17:20:11,15,17,June,Wednesday,110.53333333333332,Weekday,company,1
KR_commercial,KR_21,KR165,2.5383333333333336,16.66,11.216666666666669,2022-06-29,11:13:01,2022-06-29,13:45:19,11,13,June,Wednesday,152.3,Weekday,company,1
KR_commercial,KR_21,KR166,1.5419444444444443,10.15,14.8,2022-06-29,14:48:29,2022-06-29,16:21:00,14,16,June,Wednesday,92.51666666666668,Weekday,company,1
KR_commercial,KR_21,KR167,2.194722222222222,14.29,16.25,2022-07-12,16:15:20,2022-07-12,18:27:01,16,18,July,Tuesday,131.6833333333333,Weekday,company,1
KR_commercial,KR_21,KR168,3.1930555555555555,20.67,16.9,2022-07-19,16:54:30,2022-07-19,20:06:05,16,20,July,Tuesday,191.58333333333331,Weekday,company,1
KR_commercial,KR_21,KR169,1.5133333333333334,9.88,16.383333333333333,2022-07-22,16:23:19,2022-07-22,17:54:07,16,17,July,Friday,90.8,Weekday,company,1
KR_commercial,KR_21,KR170,0.4941666666666666,3.21,10.75,2022-08-05,10:45:59,2022-08-05,11:15:38,10,11,August,Friday,29.65,Weekday,company,1
KR_commercial,KR_21,KR171,2.8619444444444446,18.64,12.533333333333331,2022-08-05,12:32:56,2022-08-05,15:24:39,12,15,August,Friday,171.71666666666667,Weekday,company,1
KR_commercial,KR_21,KR172,1.165,7.53,15.633333333333333,2022-08-10,15:38:37,2022-08-10,16:48:31,15,16,August,Wednesday,69.9,Weekday,company,1
KR_commercial,KR_21,KR173,1.4661111111111111,9.5,13.233333333333333,2022-08-12,13:14:45,2022-08-12,14:42:43,13,14,August,Friday,87.96666666666667,Weekday,company,1
KR_commercial,KR_21,KR174,1.2408333333333332,8.12,16.816666666666666,2022-09-01,16:49:27,2022-09-01,18:03:54,16,18,September,Thursday,74.44999999999999,Weekday,company,1
KR_commercial,KR_21,KR175,1.4566666666666668,9.55,13.716666666666669,2022-09-06,13:43:12,2022-09-06,15:10:36,13,15,September,Tuesday,87.4,Weekday,company,1
KR_commercial,KR_29,KR176,1.3977777777777778,9.46,15.533333333333331,2021-10-01,15:32:59,2021-10-01,16:56:51,15,16,October,Friday,83.86666666666667,Weekday,company,2
KR_commercial,KR_29,KR177,1.8363888888888888,12.33,16.5,2021-10-06,16:30:26,2021-10-06,18:20:37,16,18,October,Wednesday,110.18333333333334,Weekday,company,2
KR_commercial,KR_29,KR178,2.062222222222222,13.81,16.216666666666665,2021-10-08,16:13:05,2021-10-08,18:16:49,16,18,October,Friday,123.73333333333332,Weekday,company,2
KR_commercial,KR_29,KR179,1.4802777777777778,10.18,16.75,2021-10-12,16:45:40,2021-10-12,18:14:29,16,18,October,Tuesday,88.81666666666666,Weekday,company,2
KR_commercial,KR_29,KR180,1.1875,7.95,17.366666666666667,2021-10-13,17:22:45,2021-10-13,18:34:00,17,18,October,Wednesday,71.25,Weekday,company,2
KR_commercial,KR_29,KR181,1.1725,7.9,16.95,2021-10-14,16:57:37,2021-10-14,18:07:58,16,18,October,Thursday,70.35000000000001,Weekday,company,2
KR_commercial,KR_29,KR182,1.323611111111111,8.92,16.683333333333334,2021-10-15,16:41:45,2021-10-15,18:01:10,16,18,October,Friday,79.41666666666666,Weekday,company,2
KR_commercial,KR_29,KR183,1.621388888888889,11.06,16.75,2021-10-18,16:45:55,2021-10-18,18:23:12,16,18,October,Monday,97.28333333333336,Weekday,company,2
KR_commercial,KR_29,KR184,1.6291666666666669,10.57,16.333333333333332,2021-10-20,16:20:05,2021-10-20,17:57:50,16,17,October,Wednesday,97.75,Weekday,company,2
KR_commercial,KR_29,KR185,0.8422222222222222,5.72,16.716666666666665,2021-10-21,16:43:42,2021-10-21,17:34:14,16,17,October,Thursday,50.53333333333333,Weekday,company,2
KR_commercial,KR_29,KR186,1.728888888888889,11.45,17.05,2021-10-22,17:03:36,2021-10-22,18:47:20,17,18,October,Friday,103.73333333333332,Weekday,company,2
KR_commercial,KR_29,KR187,1.5763888888888888,10.79,16.9,2021-10-26,16:54:33,2021-10-26,18:29:08,16,18,October,Tuesday,94.58333333333331,Weekday,company,2
KR_commercial,KR_29,KR188,1.031388888888889,6.94,17.083333333333332,2021-10-28,17:05:55,2021-10-28,18:07:48,17,18,October,Thursday,61.88333333333333,Weekday,company,2
KR_commercial,KR_29,KR189,1.2897222222222222,8.72,17.316666666666666,2021-10-29,17:19:46,2021-10-29,18:37:09,17,18,October,Friday,77.38333333333333,Weekday,company,2
KR_commercial,KR_29,KR190,2.191388888888889,14.72,16.466666666666665,2021-11-01,16:28:55,2021-11-01,18:40:24,16,18,November,Monday,131.48333333333335,Weekday,company,2
KR_commercial,KR_29,KR191,1.0433333333333332,7.07,17.433333333333334,2021-11-02,17:26:12,2021-11-02,18:28:48,17,18,November,Tuesday,62.6,Weekday,company,2
KR_commercial,KR_29,KR192,1.7852777777777775,11.71,16.833333333333332,2021-11-03,16:50:17,2021-11-03,18:37:24,16,18,November,Wednesday,107.11666666666666,Weekday,company,2
KR_commercial,KR_29,KR193,0.7536111111111111,5.13,17.5,2021-11-04,17:30:16,2021-11-04,18:15:29,17,18,November,Thursday,45.21666666666667,Weekday,company,2
KR_commercial,KR_29,KR194,2.245833333333333,10.96,16.933333333333334,2021-11-08,16:56:17,2021-11-08,19:11:02,16,19,November,Monday,134.75,Weekday,company,2
KR_commercial,KR_29,KR195,1.4986111111111111,9.06,17.45,2021-11-09,17:27:20,2021-11-09,18:57:15,17,18,November,Tuesday,89.91666666666667,Weekday,company,2
KR_commercial,KR_29,KR196,1.7416666666666667,11.45,15.766666666666667,2021-11-10,15:46:01,2021-11-10,17:30:31,15,17,November,Wednesday,104.5,Weekday,company,2
KR_commercial,KR_29,KR197,2.141388888888889,12.36,17.283333333333335,2021-11-11,17:17:47,2021-11-11,19:26:16,17,19,November,Thursday,128.48333333333332,Weekday,company,2
KR_commercial,KR_29,KR198,1.6408333333333334,10.54,16.916666666666668,2021-11-15,16:55:41,2021-11-15,18:34:08,16,18,November,Monday,98.45,Weekday,company,2
KR_commercial,KR_29,KR199,1.2461111111111112,8.24,16.416666666666668,2021-11-16,16:25:40,2021-11-16,17:40:26,16,17,November,Tuesday,74.76666666666667,Weekday,company,2
KR_commercial,KR_29,KR200,3.0480555555555555,20.76,17.816666666666666,2021-11-22,17:49:28,2021-11-22,20:52:21,17,20,November,Monday,182.88333333333333,Weekday,company,2
KR_commercial,KR_29,KR201,1.3730555555555557,9.03,17.45,2021-11-23,17:27:35,2021-11-23,18:49:58,17,18,November,Tuesday,82.38333333333333,Weekday,company,2
KR_commercial,KR_29,KR202,1.878055555555556,12.81,9.533333333333331,2021-12-07,09:32:52,2021-12-07,11:25:33,9,11,December,Tuesday,112.68333333333334,Weekday,company,2
KR_commercial,KR_29,KR203,2.9672222222222224,19.51,18.383333333333333,2021-12-07,18:23:47,2021-12-07,21:21:49,18,21,December,Tuesday,178.03333333333336,Weekday,company,2
KR_commercial,KR_29,KR204,2.456111111111111,16.28,16.133333333333333,2021-12-10,16:08:05,2021-12-10,18:35:27,16,18,December,Friday,147.36666666666665,Weekday,company,2
KR_commercial,KR_29,KR205,2.5102777777777776,16.98,13.933333333333334,2021-12-16,13:56:55,2021-12-16,16:27:32,13,16,December,Thursday,150.61666666666665,Weekday,company,2
KR_commercial,KR_29,KR206,2.515555555555556,14.7,16.633333333333333,2021-12-20,16:38:57,2021-12-20,19:09:53,16,19,December,Monday,150.93333333333334,Weekday,company,2
KR_commercial,KR_29,KR207,1.1122222222222222,7.2,17.316666666666666,2021-12-21,17:19:10,2021-12-21,18:25:54,17,18,December,Tuesday,66.73333333333333,Weekday,company,2
KR_commercial,KR_29,KR208,1.8333333333333333,11.1,17.233333333333334,2021-12-22,17:14:22,2021-12-22,19:04:22,17,19,December,Wednesday,110.0,Weekday,company,2
KR_commercial,KR_29,KR209,2.0044444444444443,11.6,16.45,2021-12-23,16:27:57,2021-12-23,18:28:13,16,18,December,Thursday,120.26666666666664,Weekday,company,2
KR_commercial,KR_29,KR210,2.0344444444444445,13.85,11.166666666666666,2022-01-05,11:10:32,2022-01-05,13:12:36,11,13,January,Wednesday,122.06666666666666,Weekday,company,2
KR_commercial,KR_29,KR211,2.4675,16.13,16.4,2022-01-05,16:24:34,2022-01-05,18:52:37,16,18,January,Wednesday,148.04999999999998,Weekday,company,2
KR_commercial,KR_29,KR212,1.8172222222222223,11.64,15.666666666666666,2022-01-10,15:40:24,2022-01-10,17:29:26,15,17,January,Monday,109.03333333333332,Weekday,company,2
KR_commercial,KR_29,KR213,1.9869444444444444,11.72,13.633333333333333,2022-01-11,13:38:30,2022-01-11,15:37:43,13,15,January,Tuesday,119.21666666666668,Weekday,company,2
KR_commercial,KR_29,KR214,1.9127777777777777,11.26,15.883333333333333,2022-01-12,15:53:50,2022-01-12,17:48:36,15,17,January,Wednesday,114.76666666666668,Weekday,company,2
KR_commercial,KR_29,KR215,3.084722222222222,20.76,18.2,2022-01-13,18:12:52,2022-01-13,21:17:57,18,21,January,Thursday,185.0833333333333,Weekday,company,2
KR_commercial,KR_29,KR216,2.144722222222222,12.67,16.833333333333332,2022-01-20,16:50:39,2022-01-20,18:59:20,16,18,January,Thursday,128.68333333333334,Weekday,company,2
KR_commercial,KR_29,KR217,1.1097222222222225,6.12,16.1,2022-01-21,16:06:38,2022-01-21,17:13:13,16,17,January,Friday,66.58333333333334,Weekday,company,2
KR_commercial,KR_29,KR218,1.5516666666666667,9.84,16.7,2022-01-24,16:42:24,2022-01-24,18:15:30,16,18,January,Monday,93.1,Weekday,company,2
KR_commercial,KR_29,KR219,3.0744444444444445,20.76,17.65,2022-01-26,17:39:48,2022-01-26,20:44:16,17,20,January,Wednesday,184.46666666666667,Weekday,company,2
KR_commercial,KR_29,KR220,2.3519444444444444,15.33,17.216666666666665,2022-01-27,17:13:33,2022-01-27,19:34:40,17,19,January,Thursday,141.11666666666667,Weekday,company,2
KR_commercial,KR_29,KR221,1.5216666666666667,9.96,15.633333333333333,2022-01-28,15:38:24,2022-01-28,17:09:42,15,17,January,Friday,91.3,Weekday,company,2
KR_commercial,KR_29,KR222,1.0066666666666666,6.02,16.35,2022-02-03,16:21:19,2022-02-03,17:21:43,16,17,February,Thursday,60.4,Weekday,company,2
KR_commercial,KR_29,KR223,0.6138888888888889,3.49,17.183333333333334,2022-02-04,17:11:11,2022-02-04,17:48:01,17,17,February,Friday,36.833333333333336,Weekday,company,2
KR_commercial,KR_29,KR224,2.3647222222222224,14.79,16.8,2022-02-07,16:48:42,2022-02-07,19:10:35,16,19,February,Monday,141.88333333333335,Weekday,company,2
KR_commercial,KR_29,KR225,0.4247222222222222,2.81,12.733333333333333,2022-02-08,12:44:17,2022-02-08,13:09:46,12,13,February,Tuesday,25.48333333333333,Weekday,company,2
KR_commercial,KR_29,KR226,2.526111111111111,16.57,17.433333333333334,2022-02-08,17:26:35,2022-02-08,19:58:09,17,19,February,Tuesday,151.56666666666666,Weekday,company,2
KR_commercial,KR_29,KR227,0.3497222222222222,1.9,16.55,2022-02-09,16:33:41,2022-02-09,16:54:40,16,16,February,Wednesday,20.98333333333333,Weekday,company,2
KR_commercial,KR_29,KR228,1.9308333333333332,12.08,16.433333333333334,2022-02-10,16:26:48,2022-02-10,18:22:39,16,18,February,Thursday,115.85,Weekday,company,2
KR_commercial,KR_29,KR229,0.7808333333333334,4.94,17.466666666666665,2022-02-11,17:28:32,2022-02-11,18:15:23,17,18,February,Friday,46.85,Weekday,company,2
KR_commercial,KR_29,KR230,1.2880555555555555,8.58,16.5,2022-02-14,16:30:38,2022-02-14,17:47:55,16,17,February,Monday,77.28333333333333,Weekday,company,2
KR_commercial,KR_29,KR231,2.4916666666666667,16.2,17.383333333333333,2022-02-15,17:23:53,2022-02-15,19:53:23,17,19,February,Tuesday,149.5,Weekday,company,2
KR_commercial,KR_29,KR232,1.8947222222222224,11.34,17.3,2022-02-16,17:18:37,2022-02-16,19:12:18,17,19,February,Wednesday,113.68333333333334,Weekday,company,2
KR_commercial,KR_29,KR233,2.5597222222222222,15.71,17.183333333333334,2022-02-17,17:11:16,2022-02-17,19:44:51,17,19,February,Thursday,153.58333333333334,Weekday,company,2
KR_commercial,KR_29,KR234,1.8591666666666664,10.87,17.583333333333332,2022-02-18,17:35:11,2022-02-18,19:26:44,17,19,February,Friday,111.55,Weekday,company,2
KR_commercial,KR_29,KR236,2.893055555555556,18.71,16.866666666666667,2022-02-21,16:52:05,2022-02-21,19:45:40,16,19,February,Monday,173.58333333333334,Weekday,company,2
KR_commercial,KR_29,KR237,1.5316666666666667,9.19,16.233333333333334,2022-02-22,16:14:51,2022-02-22,17:46:45,16,17,February,Tuesday,91.9,Weekday,company,2
KR_commercial,KR_29,KR238,2.1319444444444446,13.39,18.15,2022-02-24,18:09:14,2022-02-24,20:17:09,18,20,February,Thursday,127.91666666666669,Weekday,company,2
KR_commercial,KR_29,KR239,1.3463888888888889,8.76,16.466666666666665,2022-02-25,16:28:42,2022-02-25,17:49:29,16,17,February,Friday,80.78333333333333,Weekday,company,2
KR_commercial,KR_29,KR240,1.8202777777777777,11.82,15.85,2022-02-28,15:51:59,2022-02-28,17:41:12,15,17,February,Monday,109.21666666666668,Weekday,company,2
KR_commercial,KR_29,KR241,1.653888888888889,10.42,17.15,2022-03-02,17:09:52,2022-03-02,18:49:06,17,18,March,Wednesday,99.23333333333332,Weekday,company,2
KR_commercial,KR_29,KR242,1.0575,6.55,17.233333333333334,2022-03-03,17:14:52,2022-03-03,18:18:19,17,18,March,Thursday,63.45,Weekday,company,2
KR_commercial,KR_29,KR243,2.1,12.4,17.1,2022-03-04,17:06:35,2022-03-04,19:12:35,17,19,March,Friday,126.0,Weekday,company,2
KR_commercial,KR_29,KR244,1.3836111111111111,8.88,17.316666666666666,2022-03-07,17:19:56,2022-03-07,18:42:57,17,18,March,Monday,83.01666666666667,Weekday,company,2
KR_commercial,KR_29,KR245,1.3558333333333332,8.2,16.883333333333333,2022-03-08,16:53:44,2022-03-08,18:15:05,16,18,March,Tuesday,81.35,Weekday,company,2
KR_commercial,KR_29,KR246,1.367222222222222,8.67,16.033333333333335,2022-03-10,16:02:59,2022-03-10,17:25:01,16,17,March,Thursday,82.03333333333333,Weekday,company,2
KR_commercial,KR_29,KR247,1.1519444444444444,7.66,11.983333333333333,2022-03-14,11:59:59,2022-03-14,13:09:06,11,13,March,Monday,69.11666666666666,Weekday,company,2
KR_commercial,KR_29,KR248,1.838055555555556,11.33,16.75,2022-03-14,16:45:34,2022-03-14,18:35:51,16,18,March,Monday,110.28333333333332,Weekday,company,2
KR_commercial,KR_29,KR249,0.7977777777777778,5.31,17.216666666666665,2022-03-15,17:13:02,2022-03-15,18:00:54,17,18,March,Tuesday,47.86666666666667,Weekday,company,2
KR_commercial,KR_29,KR250,0.6458333333333334,4.31,17.3,2022-03-16,17:18:28,2022-03-16,17:57:13,17,17,March,Wednesday,38.75,Weekday,company,2
KR_commercial,KR_29,KR251,3.0452777777777778,19.44,16.966666666666665,2022-03-17,16:58:23,2022-03-17,20:01:06,16,20,March,Thursday,182.71666666666667,Weekday,company,2
KR_commercial,KR_29,KR252,1.2272222222222222,7.09,17.4,2022-03-18,17:24:07,2022-03-18,18:37:45,17,18,March,Friday,73.63333333333333,Weekday,company,2
KR_commercial,KR_29,KR253,2.28,15.26,17.8,2022-03-21,17:48:57,2022-03-21,20:05:45,17,20,March,Monday,136.79999999999998,Weekday,company,2
KR_commercial,KR_29,KR254,1.61,9.11,17.166666666666668,2022-03-22,17:10:14,2022-03-22,18:46:50,17,18,March,Tuesday,96.6,Weekday,company,2
KR_commercial,KR_29,KR255,1.2136111111111112,7.62,17.0,2022-03-23,17:00:01,2022-03-23,18:12:50,17,18,March,Wednesday,72.81666666666668,Weekday,company,2
KR_commercial,KR_29,KR256,2.4125,15.23,16.916666666666668,2022-03-25,16:55:34,2022-03-25,19:20:19,16,19,March,Friday,144.75,Weekday,company,2
KR_commercial,KR_29,KR258,1.9266666666666667,11.24,16.55,2022-03-28,16:33:59,2022-03-28,18:29:35,16,18,March,Monday,115.6,Weekday,company,2
KR_commercial,KR_29,KR259,0.6313888888888889,4.29,12.2,2022-03-29,12:12:32,2022-03-29,12:50:25,12,12,March,Tuesday,37.88333333333333,Weekday,company,2
KR_commercial,KR_29,KR260,1.926111111111111,11.1,17.366666666666667,2022-03-31,17:22:44,2022-03-31,19:18:18,17,19,March,Thursday,115.56666666666666,Weekday,company,2
KR_commercial,KR_29,KR261,2.194722222222222,13.33,16.933333333333334,2022-04-01,16:56:02,2022-04-01,19:07:43,16,19,April,Friday,131.6833333333333,Weekday,company,2
KR_commercial,KR_29,KR262,1.6069444444444445,10.25,18.0,2022-04-04,18:00:49,2022-04-04,19:37:14,18,19,April,Monday,96.41666666666669,Weekday,company,2
KR_commercial,KR_29,KR263,0.4308333333333333,1.72,17.183333333333334,2022-04-05,17:11:56,2022-04-05,17:37:47,17,17,April,Tuesday,25.85,Weekday,company,2
KR_commercial,KR_29,KR264,2.375277777777778,15.87,17.2,2022-04-06,17:12:17,2022-04-06,19:34:48,17,19,April,Wednesday,142.51666666666668,Weekday,company,2
KR_commercial,KR_29,KR265,0.9727777777777776,6.68,17.0,2022-04-07,17:00:44,2022-04-07,17:59:06,17,17,April,Thursday,58.36666666666667,Weekday,company,2
KR_commercial,KR_29,KR266,1.5777777777777775,10.77,17.55,2022-04-08,17:33:51,2022-04-08,19:08:31,17,19,April,Friday,94.66666666666666,Weekday,company,2
KR_commercial,KR_29,KR267,1.478888888888889,9.7,16.083333333333332,2022-04-11,16:05:51,2022-04-11,17:34:35,16,17,April,Monday,88.73333333333333,Weekday,company,2
KR_commercial,KR_29,KR268,2.332222222222222,15.93,17.283333333333335,2022-04-13,17:17:35,2022-04-13,19:37:31,17,19,April,Wednesday,139.93333333333334,Weekday,company,2
KR_commercial,KR_29,KR269,2.7425,18.41,17.383333333333333,2022-04-15,17:23:50,2022-04-15,20:08:23,17,20,April,Friday,164.55,Weekday,company,2
KR_commercial,KR_29,KR270,1.513611111111111,10.27,16.6,2022-04-18,16:36:48,2022-04-18,18:07:37,16,18,April,Monday,90.81666666666666,Weekday,company,2
KR_commercial,KR_29,KR271,2.1169444444444445,14.25,17.366666666666667,2022-04-20,17:22:05,2022-04-20,19:29:06,17,19,April,Wednesday,127.01666666666668,Weekday,company,2
KR_commercial,KR_29,KR272,1.834722222222222,11.8,17.183333333333334,2022-04-21,17:11:01,2022-04-21,19:01:06,17,19,April,Thursday,110.08333333333331,Weekday,company,2
KR_commercial,KR_29,KR273,1.5333333333333334,10.33,18.78333333333333,2022-04-22,18:47:25,2022-04-22,20:19:25,18,20,April,Friday,92.0,Weekday,company,2
KR_commercial,KR_29,KR274,2.0480555555555555,13.8,16.583333333333332,2022-04-25,16:35:24,2022-04-25,18:38:17,16,18,April,Monday,122.88333333333333,Weekday,company,2
KR_commercial,KR_29,KR275,2.9669444444444446,19.98,17.616666666666667,2022-04-26,17:37:21,2022-04-26,20:35:22,17,20,April,Tuesday,178.01666666666668,Weekday,company,2
KR_commercial,KR_29,KR276,1.8966666666666667,12.85,17.65,2022-04-27,17:39:25,2022-04-27,19:33:13,17,19,April,Wednesday,113.8,Weekday,company,2
KR_commercial,KR_29,KR277,1.2797222222222222,8.7,16.8,2022-04-28,16:48:02,2022-04-28,18:04:49,16,18,April,Thursday,76.78333333333333,Weekday,company,2
KR_commercial,KR_29,KR278,1.7261111111111112,11.34,16.566666666666666,2022-04-29,16:34:15,2022-04-29,18:17:49,16,18,April,Friday,103.56666666666666,Weekday,company,2
KR_commercial,KR_29,KR279,1.7091666666666667,11.56,16.833333333333332,2022-05-02,16:50:11,2022-05-02,18:32:44,16,18,May,Monday,102.55,Weekday,company,2
KR_commercial,KR_29,KR280,1.7825,11.96,17.0,2022-05-03,17:00:17,2022-05-03,18:47:14,17,18,May,Tuesday,106.95,Weekday,company,2
KR_commercial,KR_29,KR281,2.526666666666667,17.38,17.683333333333334,2022-05-04,17:41:08,2022-05-04,20:12:44,17,20,May,Wednesday,151.60000000000002,Weekday,company,2
KR_commercial,KR_29,KR282,1.5830555555555557,10.82,17.666666666666668,2022-05-06,17:40:22,2022-05-06,19:15:21,17,19,May,Friday,94.98333333333332,Weekday,company,2
KR_commercial,KR_29,KR284,1.676388888888889,11.24,16.916666666666668,2022-05-09,16:55:53,2022-05-09,18:36:28,16,18,May,Monday,100.58333333333334,Weekday,company,2
KR_commercial,KR_29,KR285,2.445,16.68,17.85,2022-05-10,17:51:04,2022-05-10,20:17:46,17,20,May,Tuesday,146.7,Weekday,company,2
KR_commercial,KR_29,KR286,1.388611111111111,9.51,18.35,2022-05-11,18:21:08,2022-05-11,19:44:27,18,19,May,Wednesday,83.31666666666666,Weekday,company,2
KR_commercial,KR_29,KR287,1.7880555555555555,12.23,17.266666666666666,2022-05-12,17:16:29,2022-05-12,19:03:46,17,19,May,Thursday,107.28333333333332,Weekday,company,2
KR_commercial,KR_29,KR288,2.203611111111111,15.08,17.183333333333334,2022-05-13,17:11:31,2022-05-13,19:23:44,17,19,May,Friday,132.21666666666667,Weekday,company,2
KR_commercial,KR_29,KR289,1.6497222222222223,11.29,17.25,2022-05-16,17:15:46,2022-05-16,18:54:45,17,18,May,Monday,98.98333333333332,Weekday,company,2
KR_commercial,KR_29,KR290,1.2738888888888888,8.67,17.45,2022-05-17,17:27:22,2022-05-17,18:43:48,17,18,May,Tuesday,76.43333333333334,Weekday,company,2
KR_commercial,KR_29,KR291,1.7530555555555556,11.88,16.983333333333334,2022-05-18,16:59:30,2022-05-18,18:44:41,16,18,May,Wednesday,105.18333333333334,Weekday,company,2
KR_commercial,KR_29,KR292,1.8488888888888888,12.6,17.516666666666666,2022-05-20,17:31:10,2022-05-20,19:22:06,17,19,May,Friday,110.93333333333332,Weekday,company,2
KR_commercial,KR_29,KR294,2.125,14.42,17.066666666666666,2022-05-23,17:04:44,2022-05-23,19:12:14,17,19,May,Monday,127.5,Weekday,company,2
KR_commercial,KR_29,KR295,2.029166666666667,13.71,16.55,2022-05-24,16:33:09,2022-05-24,18:34:54,16,18,May,Tuesday,121.75,Weekday,company,2
KR_commercial,KR_29,KR296,2.493888888888889,17.13,17.266666666666666,2022-05-25,17:16:02,2022-05-25,19:45:40,17,19,May,Wednesday,149.63333333333333,Weekday,company,2
KR_commercial,KR_29,KR297,1.448888888888889,9.83,16.25,2022-05-26,16:15:16,2022-05-26,17:42:12,16,17,May,Thursday,86.93333333333334,Weekday,company,2
KR_commercial,KR_29,KR298,1.1619444444444444,7.87,17.3,2022-05-27,17:18:33,2022-05-27,18:28:16,17,18,May,Friday,69.71666666666667,Weekday,company,2
KR_commercial,KR_29,KR299,1.9652777777777777,13.27,17.383333333333333,2022-05-30,17:23:02,2022-05-30,19:20:57,17,19,May,Monday,117.91666666666666,Weekday,company,2
KR_commercial,KR_29,KR300,1.8958333333333333,12.92,17.033333333333335,2022-05-31,17:02:28,2022-05-31,18:56:13,17,18,May,Tuesday,113.75,Weekday,company,2
KR_commercial,KR_29,KR301,3.036666666666666,20.76,18.35,2022-06-03,18:21:07,2022-06-03,21:23:19,18,21,June,Friday,182.2,Weekday,company,2
KR_commercial,KR_29,KR302,1.7872222222222225,12.23,18.0,2022-06-07,18:00:00,2022-06-07,19:47:14,18,19,June,Tuesday,107.23333333333332,Weekday,company,2
KR_commercial,KR_29,KR303,1.368611111111111,9.43,17.85,2022-06-08,17:51:24,2022-06-08,19:13:31,17,19,June,Wednesday,82.11666666666666,Weekday,company,2
KR_commercial,KR_29,KR304,1.7513888888888889,12.0,16.866666666666667,2022-06-09,16:52:53,2022-06-09,18:37:58,16,18,June,Thursday,105.08333333333331,Weekday,company,2
KR_commercial,KR_29,KR305,1.7538888888888888,11.99,17.733333333333334,2022-06-10,17:44:31,2022-06-10,19:29:45,17,19,June,Friday,105.23333333333332,Weekday,company,2
KR_commercial,KR_29,KR307,1.8844444444444444,12.81,17.483333333333334,2022-06-13,17:29:39,2022-06-13,19:22:43,17,19,June,Monday,113.06666666666666,Weekday,company,2
KR_commercial,KR_29,KR308,1.7744444444444445,12.19,16.55,2022-06-14,16:33:10,2022-06-14,18:19:38,16,18,June,Tuesday,106.46666666666668,Weekday,company,2
KR_commercial,KR_29,KR309,1.8311111111111111,12.59,16.65,2022-06-15,16:39:46,2022-06-15,18:29:38,16,18,June,Wednesday,109.86666666666667,Weekday,company,2
KR_commercial,KR_29,KR310,1.6080555555555556,11.01,15.833333333333334,2022-06-16,15:50:21,2022-06-16,17:26:50,15,17,June,Thursday,96.48333333333332,Weekday,company,2
KR_commercial,KR_29,KR311,1.1102777777777777,7.53,17.05,2022-06-17,17:03:27,2022-06-17,18:10:04,17,18,June,Friday,66.61666666666666,Weekday,company,2
KR_commercial,KR_29,KR312,1.4491666666666667,9.71,17.4,2022-06-20,17:24:45,2022-06-20,18:51:42,17,18,June,Monday,86.95,Weekday,company,2
KR_commercial,KR_29,KR313,1.7430555555555556,11.72,17.0,2022-06-21,17:00:19,2022-06-21,18:44:54,17,18,June,Tuesday,104.58333333333331,Weekday,company,2
KR_commercial,KR_29,KR314,1.0438888888888889,7.17,17.366666666666667,2022-06-22,17:22:32,2022-06-22,18:25:10,17,18,June,Wednesday,62.63333333333333,Weekday,company,2
KR_commercial,KR_29,KR315,1.5255555555555556,10.44,17.183333333333334,2022-06-23,17:11:45,2022-06-23,18:43:17,17,18,June,Thursday,91.53333333333332,Weekday,company,2
KR_commercial,KR_29,KR316,1.351388888888889,9.06,17.516666666666666,2022-06-24,17:31:37,2022-06-24,18:52:42,17,18,June,Friday,81.08333333333334,Weekday,company,2
KR_commercial,KR_29,KR317,1.4183333333333332,9.71,17.733333333333334,2022-06-27,17:44:05,2022-06-27,19:09:11,17,19,June,Monday,85.1,Weekday,company,2
KR_commercial,KR_29,KR318,0.5405555555555556,3.71,17.5,2022-06-28,17:30:05,2022-06-28,18:02:31,17,18,June,Tuesday,32.43333333333334,Weekday,company,2
KR_commercial,KR_29,KR319,2.6547222222222224,18.13,17.533333333333335,2022-06-29,17:32:37,2022-06-29,20:11:54,17,20,June,Wednesday,159.28333333333336,Weekday,company,2
KR_commercial,KR_29,KR320,2.827777777777778,19.29,16.783333333333335,2022-06-30,16:47:22,2022-06-30,19:37:02,16,19,June,Thursday,169.66666666666669,Weekday,company,2
KR_commercial,KR_29,KR321,1.2366666666666666,8.29,17.7,2022-07-01,17:42:24,2022-07-01,18:56:36,17,18,July,Friday,74.19999999999999,Weekday,company,2
KR_commercial,KR_29,KR322,1.6569444444444446,11.21,17.383333333333333,2022-07-04,17:23:11,2022-07-04,19:02:36,17,19,July,Monday,99.41666666666669,Weekday,company,2
KR_commercial,KR_29,KR323,1.478888888888889,9.97,16.266666666666666,2022-07-05,16:16:27,2022-07-05,17:45:11,16,17,July,Tuesday,88.73333333333333,Weekday,company,2
KR_commercial,KR_29,KR324,2.056666666666666,13.68,17.333333333333332,2022-07-06,17:20:07,2022-07-06,19:23:31,17,19,July,Wednesday,123.4,Weekday,company,2
KR_commercial,KR_29,KR325,1.9477777777777776,13.1,16.783333333333335,2022-07-07,16:47:55,2022-07-07,18:44:47,16,18,July,Thursday,116.86666666666667,Weekday,company,2
KR_commercial,KR_29,KR326,1.7852777777777775,12.07,17.066666666666666,2022-07-08,17:04:29,2022-07-08,18:51:36,17,18,July,Friday,107.11666666666666,Weekday,company,2
KR_commercial,KR_29,KR327,2.140277777777778,14.47,17.7,2022-07-11,17:42:17,2022-07-11,19:50:42,17,19,July,Monday,128.41666666666669,Weekday,company,2
KR_commercial,KR_29,KR328,1.1947222222222222,8.09,17.066666666666666,2022-07-12,17:04:51,2022-07-12,18:16:32,17,18,July,Tuesday,71.68333333333334,Weekday,company,2
KR_commercial,KR_29,KR329,0.9983333333333332,6.76,17.366666666666667,2022-07-13,17:22:36,2022-07-13,18:22:30,17,18,July,Wednesday,59.9,Weekday,company,2
KR_commercial,KR_29,KR330,0.7391666666666666,4.96,14.633333333333333,2022-07-14,14:38:22,2022-07-14,15:22:43,14,15,July,Thursday,44.35,Weekday,company,2
KR_commercial,KR_29,KR332,1.6405555555555555,11.11,16.65,2022-07-18,16:39:53,2022-07-18,18:18:19,16,18,July,Monday,98.43333333333334,Weekday,company,2
KR_commercial,KR_29,KR333,2.0302777777777776,13.67,17.233333333333334,2022-07-19,17:14:23,2022-07-19,19:16:12,17,19,July,Tuesday,121.81666666666666,Weekday,company,2
KR_commercial,KR_29,KR334,1.6569444444444446,11.15,17.283333333333335,2022-07-20,17:17:04,2022-07-20,18:56:29,17,18,July,Wednesday,99.41666666666669,Weekday,company,2
KR_commercial,KR_29,KR335,1.5252777777777775,10.25,17.45,2022-07-21,17:27:36,2022-07-21,18:59:07,17,18,July,Thursday,91.51666666666668,Weekday,company,2
KR_commercial,KR_29,KR336,3.080555555555556,20.76,16.666666666666668,2022-07-25,16:40:31,2022-07-25,19:45:21,16,19,July,Monday,184.83333333333331,Weekday,company,2
KR_commercial,KR_29,KR337,1.867222222222222,12.71,17.633333333333333,2022-07-26,17:38:42,2022-07-26,19:30:44,17,19,July,Tuesday,112.03333333333332,Weekday,company,2
KR_commercial,KR_29,KR338,1.7747222222222223,12.09,16.2,2022-07-27,16:12:20,2022-07-27,17:58:49,16,17,July,Wednesday,106.48333333333332,Weekday,company,2
KR_commercial,KR_29,KR339,1.3994444444444445,9.54,16.95,2022-07-28,16:57:29,2022-07-28,18:21:27,16,18,July,Thursday,83.96666666666667,Weekday,company,2
KR_commercial,KR_29,KR340,1.9347222222222225,13.06,17.433333333333334,2022-07-29,17:26:03,2022-07-29,19:22:08,17,19,July,Friday,116.08333333333331,Weekday,company,2
KR_commercial,KR_29,KR342,1.1280555555555556,7.67,16.466666666666665,2022-08-01,16:28:14,2022-08-01,17:35:55,16,17,August,Monday,67.68333333333334,Weekday,company,2
KR_commercial,KR_29,KR343,2.145833333333333,14.49,17.35,2022-08-02,17:21:58,2022-08-02,19:30:43,17,19,August,Tuesday,128.75,Weekday,company,2
KR_commercial,KR_29,KR344,1.8363888888888888,12.42,17.833333333333332,2022-08-03,17:50:40,2022-08-03,19:40:51,17,19,August,Wednesday,110.18333333333334,Weekday,company,2
KR_commercial,KR_29,KR345,1.5180555555555555,10.22,17.45,2022-08-04,17:27:01,2022-08-04,18:58:06,17,18,August,Thursday,91.08333333333331,Weekday,company,2
KR_commercial,KR_29,KR346,2.2994444444444446,15.56,17.066666666666666,2022-08-05,17:04:35,2022-08-05,19:22:33,17,19,August,Friday,137.96666666666667,Weekday,company,2
KR_commercial,KR_29,KR347,2.2019444444444445,15.02,17.25,2022-08-08,17:15:21,2022-08-08,19:27:28,17,19,August,Monday,132.11666666666667,Weekday,company,2
KR_commercial,KR_29,KR348,1.4319444444444445,9.8,17.05,2022-08-09,17:03:46,2022-08-09,18:29:41,17,18,August,Tuesday,85.91666666666667,Weekday,company,2
KR_commercial,KR_29,KR349,1.823611111111111,12.45,16.116666666666667,2022-08-10,16:07:35,2022-08-10,17:57:00,16,17,August,Wednesday,109.41666666666666,Weekday,company,2
KR_commercial,KR_29,KR350,1.431111111111111,9.7,18.9,2022-08-11,18:54:51,2022-08-11,20:20:43,18,20,August,Thursday,85.86666666666666,Weekday,company,2
KR_commercial,KR_29,KR351,1.2347222222222225,8.46,16.6,2022-08-12,16:36:46,2022-08-12,17:50:51,16,17,August,Friday,74.08333333333334,Weekday,company,2
KR_commercial,KR_29,KR352,1.9969444444444444,13.51,17.1,2022-08-16,17:06:56,2022-08-16,19:06:45,17,19,August,Tuesday,119.81666666666666,Weekday,company,2
KR_commercial,KR_29,KR353,1.5319444444444446,10.43,16.383333333333333,2022-08-17,16:23:10,2022-08-17,17:55:05,16,17,August,Wednesday,91.91666666666669,Weekday,company,2
KR_commercial,KR_29,KR354,1.9436111111111112,13.2,16.45,2022-08-18,16:27:08,2022-08-18,18:23:45,16,18,August,Thursday,116.61666666666667,Weekday,company,2
KR_commercial,KR_29,KR355,1.6497222222222223,11.2,17.833333333333332,2022-08-19,17:50:30,2022-08-19,19:29:29,17,19,August,Friday,98.98333333333332,Weekday,company,2
KR_commercial,KR_29,KR356,1.5338888888888889,10.35,17.316666666666666,2022-08-22,17:19:53,2022-08-22,18:51:55,17,18,August,Monday,92.03333333333332,Weekday,company,2
KR_commercial,KR_29,KR357,1.9322222222222225,13.12,16.816666666666666,2022-08-23,16:49:43,2022-08-23,18:45:39,16,18,August,Tuesday,115.93333333333334,Weekday,company,2
KR_commercial,KR_29,KR358,1.3105555555555557,9.0,16.833333333333332,2022-08-24,16:50:48,2022-08-24,18:09:26,16,18,August,Wednesday,78.63333333333333,Weekday,company,2
KR_commercial,KR_29,KR359,1.9838888888888888,13.58,16.716666666666665,2022-08-25,16:43:56,2022-08-25,18:42:58,16,18,August,Thursday,119.03333333333332,Weekday,company,2
KR_commercial,KR_29,KR360,2.2694444444444444,15.68,16.8,2022-08-26,16:48:45,2022-08-26,19:04:55,16,19,August,Friday,136.16666666666666,Weekday,company,2
KR_commercial,KR_29,KR362,1.7402777777777778,11.89,15.716666666666669,2022-09-02,15:43:49,2022-09-02,17:28:14,15,17,September,Friday,104.41666666666669,Weekday,company,2
KR_commercial,KR_29,KR363,0.4622222222222222,3.14,13.916666666666666,2022-09-05,13:55:35,2022-09-05,14:23:19,13,14,September,Monday,27.73333333333333,Weekday,company,2
KR_commercial,KR_29,KR364,2.108055555555556,14.42,16.983333333333334,2022-09-05,16:59:11,2022-09-05,19:05:40,16,19,September,Monday,126.48333333333332,Weekday,company,2
KR_commercial,KR_29,KR365,2.394722222222222,16.39,17.366666666666667,2022-09-06,17:22:43,2022-09-06,19:46:24,17,19,September,Tuesday,143.68333333333334,Weekday,company,2
KR_commercial,KR_29,KR366,2.377222222222222,16.24,17.6,2022-09-07,17:36:14,2022-09-07,19:58:52,17,19,September,Wednesday,142.63333333333333,Weekday,company,2
KR_commercial,KR_29,KR367,2.8433333333333333,19.14,17.45,2022-09-08,17:27:15,2022-09-08,20:17:51,17,20,September,Thursday,170.6,Weekday,company,2
KR_commercial,KR_29,KR368,1.7080555555555557,11.64,16.016666666666666,2022-09-09,16:01:10,2022-09-09,17:43:39,16,17,September,Friday,102.48333333333332,Weekday,company,2
KR_commercial,KR_29,KR369,1.5619444444444444,10.66,16.4,2022-09-12,16:24:20,2022-09-12,17:58:03,16,17,September,Monday,93.71666666666668,Weekday,company,2
KR_commercial,KR_29,KR370,1.7552777777777775,12.08,16.716666666666665,2022-09-13,16:43:48,2022-09-13,18:29:07,16,18,September,Tuesday,105.31666666666666,Weekday,company,2
KR_commercial,KR_29,KR371,1.868055555555556,12.74,16.9,2022-09-15,16:54:59,2022-09-15,18:47:04,16,18,September,Thursday,112.08333333333331,Weekday,company,2
KR_commercial,KR_29,KR372,2.168888888888889,14.76,16.483333333333334,2022-09-16,16:29:29,2022-09-16,18:39:37,16,18,September,Friday,130.13333333333335,Weekday,company,2
KR_commercial,KR_29,KR373,0.4283333333333333,2.87,16.683333333333334,2022-09-20,16:41:07,2022-09-20,17:06:49,16,17,September,Tuesday,25.7,Weekday,company,2
KR_commercial,KR_29,KR374,1.2238888888888888,8.46,16.85,2022-09-21,16:51:36,2022-09-21,18:05:02,16,18,September,Wednesday,73.43333333333332,Weekday,company,2
KR_commercial,KR_29,KR375,1.5619444444444444,10.72,17.633333333333333,2022-09-22,17:38:22,2022-09-22,19:12:05,17,19,September,Thursday,93.71666666666668,Weekday,company,2
KR_commercial,KR_29,KR376,1.856666666666667,12.76,17.216666666666665,2022-09-26,17:13:18,2022-09-26,19:04:42,17,19,September,Monday,111.4,Weekday,company,2
KR_commercial,KR_29,KR377,1.528333333333333,10.56,15.5,2022-09-27,15:30:26,2022-09-27,17:02:08,15,17,September,Tuesday,91.7,Weekday,company,2
KR_commercial,KR_29,KR378,2.0505555555555555,14.04,17.183333333333334,2022-09-28,17:11:58,2022-09-28,19:15:00,17,19,September,Wednesday,123.03333333333332,Weekday,company,2
KR_commercial,KR_29,KR379,1.7580555555555557,11.98,17.283333333333335,2022-09-29,17:17:07,2022-09-29,19:02:36,17,19,September,Thursday,105.48333333333332,Weekday,company,2
KR_commercial,KR_53,KR380,0.6669444444444445,30.36,11.95,2022-05-02,11:57:08,2022-05-02,12:37:09,11,12,May,Monday,40.016666666666666,Weekday,public area,3
KR_commercial,KR_53,KR381,0.6663888888888889,25.83,12.783333333333331,2022-05-02,12:47:23,2022-05-02,13:27:22,12,13,May,Monday,39.98333333333333,Weekday,public area,3
KR_commercial,KR_53,KR382,0.6669444444444445,27.61,15.45,2022-05-10,15:27:42,2022-05-10,16:07:43,15,16,May,Tuesday,40.016666666666666,Weekday,public area,3
KR_commercial,KR_53,KR383,0.6669444444444445,19.49,16.433333333333334,2022-05-10,16:26:36,2022-05-10,17:06:37,16,17,May,Tuesday,40.016666666666666,Weekday,public area,3
KR_commercial,KR_53,KR384,0.6666666666666666,30.8,17.016666666666666,2022-05-17,17:01:27,2022-05-17,17:41:27,17,17,May,Tuesday,40.0,Weekday,public area,3
KR_commercial,KR_53,KR385,0.6666666666666666,22.88,18.53333333333333,2022-05-17,18:32:36,2022-05-17,19:12:36,18,19,May,Tuesday,40.0,Weekday,public area,3
KR_commercial,KR_53,KR386,0.6669444444444445,31.06,17.266666666666666,2022-05-20,17:16:35,2022-05-20,17:56:36,17,17,May,Friday,40.016666666666666,Weekday,public area,3
KR_commercial,KR_53,KR387,0.0494444444444444,1.87,15.2,2022-05-25,15:12:44,2022-05-25,15:15:42,15,15,May,Wednesday,2.966666666666667,Weekday,public area,3
KR_commercial,KR_53,KR388,0.6669444444444445,27.37,16.0,2022-05-25,16:00:32,2022-05-25,16:40:33,16,16,May,Wednesday,40.016666666666666,Weekday,public area,3
KR_commercial,KR_53,KR389,0.6666666666666666,29.83,10.65,2022-05-27,10:39:41,2022-05-27,11:19:41,10,11,May,Friday,40.0,Weekday,public area,3
KR_commercial,KR_53,KR390,0.6669444444444445,13.44,11.733333333333333,2022-05-27,11:44:25,2022-05-27,12:24:26,11,12,May,Friday,40.016666666666666,Weekday,public area,3
KR_commercial,KR_53,KR391,0.6669444444444445,31.56,16.6,2022-06-09,16:36:12,2022-06-09,17:16:13,16,17,June,Thursday,40.016666666666666,Weekday,public area,3
KR_commercial,KR_53,KR392,0.6669444444444445,31.03,16.25,2022-06-14,16:15:11,2022-06-14,16:55:12,16,16,June,Tuesday,40.016666666666666,Weekday,public area,3
KR_commercial,KR_53,KR393,0.6669444444444445,21.32,16.933333333333334,2022-06-14,16:56:50,2022-06-14,17:36:51,16,17,June,Tuesday,40.016666666666666,Weekday,public area,3
KR_commercial,KR_53,KR394,0.6669444444444445,27.19,16.466666666666665,2022-06-17,16:28:58,2022-06-17,17:08:59,16,17,June,Friday,40.016666666666666,Weekday,public area,3
KR_commercial,KR_53,KR395,0.2272222222222222,9.62,17.833333333333332,2022-06-17,17:50:41,2022-06-17,18:04:19,17,18,June,Friday,13.633333333333333,Weekday,public area,3
KR_commercial,KR_53,KR396,0.6683333333333333,27.29,14.483333333333333,2022-06-22,14:29:09,2022-06-22,15:09:15,14,15,June,Wednesday,40.1,Weekday,public area,3
KR_commercial,KR_53,KR397,0.6669444444444445,22.83,15.683333333333334,2022-06-22,15:41:39,2022-06-22,16:21:40,15,16,June,Wednesday,40.016666666666666,Weekday,public area,3
KR_commercial,KR_53,KR398,0.6669444444444445,30.19,19.03333333333333,2022-06-29,19:02:10,2022-06-29,19:42:11,19,19,June,Wednesday,40.016666666666666,Weekday,public area,3
KR_commercial,KR_53,KR399,0.4116666666666667,19.65,20.433333333333334,2022-06-29,20:26:02,2022-06-29,20:50:44,20,20,June,Wednesday,24.7,Weekday,public area,3
KR_commercial,KR_53,KR400,0.6669444444444445,20.35,16.65,2022-07-01,16:39:26,2022-07-01,17:19:27,16,17,July,Friday,40.016666666666666,Weekday,public area,3
KR_commercial,KR_53,KR401,0.2308333333333333,7.25,17.383333333333333,2022-07-01,17:23:13,2022-07-01,17:37:04,17,17,July,Friday,13.85,Weekday,public area,3
KR_commercial,KR_53,KR402,0.6669444444444445,18.66,17.95,2022-07-05,17:57:53,2022-07-05,18:37:54,17,18,July,Tuesday,40.016666666666666,Weekday,public area,3
KR_commercial,KR_53,KR403,0.6669444444444445,20.12,17.416666666666668,2022-07-07,17:25:36,2022-07-07,18:05:37,17,18,July,Thursday,40.016666666666666,Weekday,public area,3
KR_commercial,KR_53,KR404,0.6669444444444445,21.43,18.23333333333333,2022-07-07,18:14:00,2022-07-07,18:54:01,18,18,July,Thursday,40.016666666666666,Weekday,public area,3
KR_commercial,KR_53,KR405,0.6669444444444445,31.09,15.816666666666666,2022-07-13,15:49:48,2022-07-13,16:29:49,15,16,July,Wednesday,40.016666666666666,Weekday,public area,3
KR_commercial,KR_53,KR406,0.6669444444444445,30.74,16.066666666666666,2022-07-14,16:04:17,2022-07-14,16:44:18,16,16,July,Thursday,40.016666666666666,Weekday,public area,3
KR_commercial,KR_53,KR407,0.6669444444444445,13.53,17.05,2022-07-14,17:03:18,2022-07-14,17:43:19,17,17,July,Thursday,40.016666666666666,Weekday,public area,3
KR_commercial,KR_53,KR408,0.6666666666666666,31.0,14.783333333333331,2022-07-26,14:47:14,2022-07-26,15:27:14,14,15,July,Tuesday,40.0,Weekday,public area,3
KR_commercial,KR_53,KR409,0.6669444444444445,31.27,15.383333333333333,2022-07-28,15:23:20,2022-07-28,16:03:21,15,16,July,Thursday,40.016666666666666,Weekday,public area,3
KR_commercial,KR_53,KR410,0.6669444444444445,19.29,16.7,2022-07-28,16:42:02,2022-07-28,17:22:03,16,17,July,Thursday,40.016666666666666,Weekday,public area,3
KR_commercial,KR_53,KR411,0.6669444444444445,27.4,8.9,2022-08-05,08:54:03,2022-08-05,09:34:04,8,9,August,Friday,40.016666666666666,Weekday,public area,3
KR_commercial,KR_53,KR412,0.5805555555555556,10.29,9.983333333333333,2022-08-05,09:59:17,2022-08-05,10:34:07,9,10,August,Friday,34.833333333333336,Weekday,public area,3
KR_commercial,KR_53,KR413,0.6669444444444445,31.44,15.05,2022-08-09,15:03:40,2022-08-09,15:43:41,15,15,August,Tuesday,40.016666666666666,Weekday,public area,3
KR_commercial,KR_53,KR414,0.6669444444444445,18.05,18.15,2022-08-09,18:09:15,2022-08-09,18:49:16,18,18,August,Tuesday,40.016666666666666,Weekday,public area,3
KR_commercial,KR_53,KR415,0.6663888888888889,31.74,13.75,2022-08-12,13:45:55,2022-08-12,14:25:54,13,14,August,Friday,39.98333333333333,Weekday,public area,3
KR_commercial,KR_53,KR416,0.6666666666666666,23.12,16.216666666666665,2022-08-12,16:13:27,2022-08-12,16:53:27,16,16,August,Friday,40.0,Weekday,public area,3
KR_commercial,KR_53,KR417,0.6669444444444445,31.57,11.55,2022-08-18,11:33:01,2022-08-18,12:13:02,11,12,August,Thursday,40.016666666666666,Weekday,public area,3
KR_commercial,KR_53,KR418,0.1583333333333333,4.45,13.05,2022-08-18,13:03:07,2022-08-18,13:12:37,13,13,August,Thursday,9.5,Weekday,public area,3
KR_commercial,KR_53,KR419,0.6669444444444445,31.08,15.633333333333333,2022-08-24,15:38:53,2022-08-24,16:18:54,15,16,August,Wednesday,40.016666666666666,Weekday,public area,3
KR_commercial,KR_53,KR420,0.6669444444444445,21.37,17.366666666666667,2022-08-24,17:22:51,2022-08-24,18:02:52,17,18,August,Wednesday,40.016666666666666,Weekday,public area,3
KR_commercial,KR_53,KR421,0.6663888888888889,27.58,18.066666666666663,2022-08-25,18:04:23,2022-08-25,18:44:22,18,18,August,Thursday,39.98333333333333,Weekday,public area,3
KR_commercial,KR_53,KR422,0.6669444444444445,23.81,15.116666666666667,2022-08-31,15:07:44,2022-08-31,15:47:45,15,15,August,Wednesday,40.016666666666666,Weekday,public area,3
KR_commercial,KR_53,KR423,0.6669444444444445,31.46,15.783333333333331,2022-09-06,15:47:17,2022-09-06,16:27:18,15,16,September,Tuesday,40.016666666666666,Weekday,public area,3
KR_commercial,KR_53,KR424,0.6669444444444445,17.18,17.266666666666666,2022-09-06,17:16:52,2022-09-06,17:56:53,17,17,September,Tuesday,40.016666666666666,Weekday,public area,3
KR_commercial,KR_53,KR425,0.4052777777777778,19.11,14.116666666666667,2022-09-08,14:07:25,2022-09-08,14:31:44,14,14,September,Thursday,24.316666666666663,Weekday,public area,3
KR_commercial,KR_53,KR426,0.6669444444444445,31.12,13.3,2022-09-13,13:18:09,2022-09-13,13:58:10,13,13,September,Tuesday,40.016666666666666,Weekday,public area,3
KR_commercial,KR_53,KR427,0.6666666666666666,14.12,14.483333333333333,2022-09-13,14:29:34,2022-09-13,15:09:34,14,15,September,Tuesday,40.0,Weekday,public area,3
KR_commercial,KR_53,KR428,0.6666666666666666,31.59,13.016666666666667,2022-09-15,13:01:26,2022-09-15,13:41:26,13,13,September,Thursday,40.0,Weekday,public area,3
KR_commercial,KR_53,KR429,0.6663888888888889,14.52,14.166666666666666,2022-09-15,14:10:51,2022-09-15,14:50:50,14,14,September,Thursday,39.98333333333333,Weekday,public area,3
KR_commercial,KR_53,KR430,0.6669444444444445,27.42,16.233333333333334,2022-09-19,16:14:03,2022-09-19,16:54:04,16,16,September,Monday,40.016666666666666,Weekday,public area,3
KR_commercial,KR_53,KR431,0.6669444444444445,26.37,13.016666666666667,2022-09-22,13:01:22,2022-09-22,13:41:23,13,13,September,Thursday,40.016666666666666,Weekday,public area,3
KR_commercial,KR_53,KR432,0.5797222222222222,9.26,13.75,2022-09-22,13:45:10,2022-09-22,14:19:57,13,14,September,Thursday,34.78333333333333,Weekday,public area,3
KR_commercial,KR_53,KR433,0.67,26.86,16.8,2022-09-29,16:48:45,2022-09-29,17:28:57,16,17,September,Thursday,40.2,Weekday,public area,3
KR_commercial,KR_53,KR434,0.6669444444444445,26.14,19.1,2022-09-29,19:06:51,2022-09-29,19:46:52,19,19,September,Thursday,40.016666666666666,Weekday,public area,3
KR_commercial,KR_70,KR435,3.3994444444444443,22.3,11.716666666666669,2021-10-01,11:43:37,2021-10-01,15:07:35,11,15,October,Friday,203.96666666666667,Weekday,public area,4
KR_commercial,KR_70,KR437,1.2491666666666668,8.0,9.283333333333331,2021-10-05,09:17:17,2021-10-05,10:32:14,9,10,October,Tuesday,74.95,Weekday,public area,4
KR_commercial,KR_70,KR438,1.5677777777777775,10.1,8.966666666666667,2021-10-06,08:58:24,2021-10-06,10:32:28,8,10,October,Wednesday,94.06666666666666,Weekday,public area,4
KR_commercial,KR_70,KR439,3.2847222222222223,21.4,9.066666666666666,2021-10-07,09:04:13,2021-10-07,12:21:18,9,12,October,Thursday,197.08333333333331,Weekday,public area,4
KR_commercial,KR_70,KR440,2.6580555555555554,17.4,9.016666666666667,2021-10-14,09:01:20,2021-10-14,11:40:49,9,11,October,Thursday,159.48333333333332,Weekday,public area,4
KR_commercial,KR_70,KR441,2.7777777777777777,18.0,10.033333333333331,2021-10-15,10:02:53,2021-10-15,12:49:33,10,12,October,Friday,166.66666666666666,Weekday,public area,4
KR_commercial,KR_70,KR442,4.691111111111111,29.8,9.2,2021-10-18,09:12:37,2021-10-18,13:54:05,9,13,October,Monday,281.46666666666664,Weekday,public area,4
KR_commercial,KR_70,KR443,2.8805555555555555,18.2,9.4,2021-10-20,09:24:59,2021-10-20,12:17:49,9,12,October,Wednesday,172.83333333333334,Weekday,public area,4
KR_commercial,KR_70,KR444,2.2,14.3,9.4,2021-10-21,09:24:16,2021-10-21,11:36:16,9,11,October,Thursday,132.0,Weekday,public area,4
KR_commercial,KR_70,KR445,2.234166666666667,14.4,9.1,2021-10-22,09:06:19,2021-10-22,11:20:22,9,11,October,Friday,134.05,Weekday,public area,4
KR_commercial,KR_70,KR447,1.8,11.5,9.416666666666666,2021-10-25,09:25:44,2021-10-25,11:13:44,9,11,October,Monday,108.0,Weekday,public area,4
KR_commercial,KR_70,KR448,1.99,13.0,9.216666666666669,2021-10-26,09:13:53,2021-10-26,11:13:17,9,11,October,Tuesday,119.4,Weekday,public area,4
KR_commercial,KR_70,KR449,3.095833333333333,20.2,9.266666666666667,2021-10-27,09:16:48,2021-10-27,12:22:33,9,12,October,Wednesday,185.75,Weekday,public area,4
KR_commercial,KR_70,KR450,2.5483333333333333,16.6,9.116666666666667,2021-10-29,09:07:23,2021-10-29,11:40:17,9,11,October,Friday,152.9,Weekday,public area,4
KR_commercial,KR_70,KR452,2.736388888888889,17.7,8.983333333333333,2021-11-01,08:59:15,2021-11-01,11:43:26,8,11,November,Monday,164.18333333333334,Weekday,public area,4
KR_commercial,KR_70,KR453,2.2794444444444446,14.7,8.783333333333333,2021-11-02,08:47:58,2021-11-02,11:04:44,8,11,November,Tuesday,136.76666666666668,Weekday,public area,4
KR_commercial,KR_70,KR454,2.348333333333333,15.2,9.6,2021-11-03,09:36:57,2021-11-03,11:57:51,9,11,November,Wednesday,140.89999999999998,Weekday,public area,4
KR_commercial,KR_70,KR455,3.060277777777778,19.7,9.1,2021-11-05,09:06:07,2021-11-05,12:09:44,9,12,November,Friday,183.61666666666667,Weekday,public area,4
KR_commercial,KR_70,KR457,2.6666666666666665,17.2,9.466666666666669,2021-11-09,09:28:22,2021-11-09,12:08:22,9,12,November,Tuesday,160.0,Weekday,public area,4
KR_commercial,KR_70,KR458,2.500555555555556,16.2,9.166666666666666,2021-11-10,09:10:57,2021-11-10,11:40:59,9,11,November,Wednesday,150.03333333333333,Weekday,public area,4
KR_commercial,KR_70,KR459,2.9252777777777776,19.0,13.0,2021-11-11,13:00:34,2021-11-11,15:56:05,13,15,November,Thursday,175.51666666666665,Weekday,public area,4
KR_commercial,KR_70,KR460,2.410555555555556,15.8,9.416666666666666,2021-11-12,09:25:52,2021-11-12,11:50:30,9,11,November,Friday,144.63333333333333,Weekday,public area,4
KR_commercial,KR_70,KR462,2.405,15.5,9.083333333333334,2021-11-15,09:05:33,2021-11-15,11:29:51,9,11,November,Monday,144.29999999999998,Weekday,public area,4
KR_commercial,KR_70,KR463,0.6133333333333333,4.1,12.8,2021-11-15,12:48:23,2021-11-15,13:25:11,12,13,November,Monday,36.8,Weekday,public area,4
KR_commercial,KR_70,KR464,2.348611111111111,15.3,9.116666666666667,2021-11-16,09:07:26,2021-11-16,11:28:21,9,11,November,Tuesday,140.91666666666666,Weekday,public area,4
KR_commercial,KR_70,KR465,2.765555555555556,17.9,8.466666666666667,2021-11-17,08:28:40,2021-11-17,11:14:36,8,11,November,Wednesday,165.93333333333334,Weekday,public area,4
KR_commercial,KR_70,KR466,2.426944444444445,15.8,9.583333333333334,2021-11-18,09:35:44,2021-11-18,12:01:21,9,12,November,Thursday,145.61666666666667,Weekday,public area,4
KR_commercial,KR_70,KR467,2.38,15.5,9.183333333333334,2021-11-19,09:11:44,2021-11-19,11:34:32,9,11,November,Friday,142.79999999999998,Weekday,public area,4
KR_commercial,KR_70,KR468,3.457777777777778,22.3,9.566666666666666,2021-11-22,09:34:33,2021-11-22,13:02:01,9,13,November,Monday,207.46666666666667,Weekday,public area,4
KR_commercial,KR_70,KR469,2.7616666666666667,17.8,14.75,2021-11-23,14:45:21,2021-11-23,17:31:03,14,17,November,Tuesday,165.7,Weekday,public area,4
KR_commercial,KR_70,KR470,3.450833333333333,22.3,9.333333333333334,2021-11-24,09:20:55,2021-11-24,12:47:58,9,12,November,Wednesday,207.05,Weekday,public area,4
KR_commercial,KR_70,KR471,2.3161111111111112,15.0,9.633333333333333,2021-11-25,09:38:09,2021-11-25,11:57:07,9,11,November,Thursday,138.96666666666667,Weekday,public area,4
KR_commercial,KR_70,KR472,1.95,12.5,9.833333333333334,2021-11-26,09:50:29,2021-11-26,11:47:29,9,11,November,Friday,117.0,Weekday,public area,4
KR_commercial,KR_70,KR473,3.415277777777778,22.3,9.583333333333334,2021-11-29,09:35:42,2021-11-29,13:00:37,9,13,November,Monday,204.91666666666669,Weekday,public area,4
KR_commercial,KR_70,KR474,0.7363888888888889,4.7,9.333333333333334,2021-12-01,09:20:48,2021-12-01,10:04:59,9,10,December,Wednesday,44.18333333333333,Weekday,public area,4
KR_commercial,KR_70,KR475,2.578888888888889,16.6,9.333333333333334,2021-12-02,09:20:35,2021-12-02,11:55:19,9,11,December,Thursday,154.73333333333332,Weekday,public area,4
KR_commercial,KR_70,KR476,2.453611111111111,15.9,9.266666666666667,2021-12-03,09:16:21,2021-12-03,11:43:34,9,11,December,Friday,147.21666666666667,Weekday,public area,4
KR_commercial,KR_70,KR477,3.4194444444444443,22.3,9.316666666666666,2021-12-06,09:19:43,2021-12-06,12:44:53,9,12,December,Monday,205.16666666666663,Weekday,public area,4
KR_commercial,KR_70,KR478,3.418333333333333,22.3,9.116666666666667,2021-12-07,09:07:29,2021-12-07,12:32:35,9,12,December,Tuesday,205.1,Weekday,public area,4
KR_commercial,KR_70,KR479,2.7952777777777778,18.1,9.133333333333333,2021-12-08,09:08:11,2021-12-08,11:55:54,9,11,December,Wednesday,167.71666666666667,Weekday,public area,4
KR_commercial,KR_70,KR480,2.326111111111111,15.0,9.583333333333334,2021-12-09,09:35:03,2021-12-09,11:54:37,9,11,December,Thursday,139.56666666666666,Weekday,public area,4
KR_commercial,KR_70,KR481,2.6366666666666667,17.0,9.15,2021-12-13,09:09:58,2021-12-13,11:48:10,9,11,December,Monday,158.2,Weekday,public area,4
KR_commercial,KR_70,KR482,2.881666666666667,18.7,9.383333333333333,2021-12-14,09:23:59,2021-12-14,12:16:53,9,12,December,Tuesday,172.9,Weekday,public area,4
KR_commercial,KR_70,KR483,3.4233333333333333,22.3,9.383333333333333,2021-12-20,09:23:21,2021-12-20,12:48:45,9,12,December,Monday,205.4,Weekday,public area,4
KR_commercial,KR_70,KR484,2.8761111111111117,18.6,9.266666666666667,2021-12-21,09:16:56,2021-12-21,12:09:30,9,12,December,Tuesday,172.56666666666666,Weekday,public area,4
KR_commercial,KR_70,KR485,2.6663888888888887,16.9,9.266666666666667,2021-12-22,09:16:29,2021-12-22,11:56:28,9,11,December,Wednesday,159.98333333333332,Weekday,public area,4
KR_commercial,KR_70,KR486,2.6755555555555555,16.4,9.483333333333333,2021-12-23,09:29:05,2021-12-23,12:09:37,9,12,December,Thursday,160.53333333333333,Weekday,public area,4
KR_commercial,KR_70,KR487,2.417777777777778,15.7,9.0,2021-12-24,09:00:47,2021-12-24,11:25:51,9,11,December,Friday,145.06666666666666,Weekday,public area,4
KR_commercial,KR_70,KR488,3.3088888888888888,21.4,12.933333333333334,2021-12-27,12:56:56,2021-12-27,16:15:28,12,16,December,Monday,198.53333333333333,Weekday,public area,4
KR_commercial,KR_70,KR489,2.667777777777778,17.2,9.7,2021-12-28,09:42:50,2021-12-28,12:22:54,9,12,December,Tuesday,160.06666666666666,Weekday,public area,4
KR_commercial,KR_70,KR490,2.8858333333333333,18.8,9.316666666666666,2021-12-29,09:19:24,2021-12-29,12:12:33,9,12,December,Wednesday,173.15,Weekday,public area,4
KR_commercial,KR_70,KR491,3.546388888888889,22.3,9.916666666666666,2022-01-04,09:55:07,2022-01-04,13:27:54,9,13,January,Tuesday,212.78333333333333,Weekday,public area,4
KR_commercial,KR_70,KR492,4.276111111111111,26.8,9.616666666666667,2022-01-05,09:37:18,2022-01-05,13:53:52,9,13,January,Wednesday,256.56666666666666,Weekday,public area,4
KR_commercial,KR_70,KR493,2.6730555555555555,17.3,9.85,2022-01-06,09:51:45,2022-01-06,12:32:08,9,12,January,Thursday,160.38333333333333,Weekday,public area,4
KR_commercial,KR_70,KR494,3.0925,20.1,9.233333333333333,2022-01-07,09:14:59,2022-01-07,12:20:32,9,12,January,Friday,185.55,Weekday,public area,4
KR_commercial,KR_70,KR496,3.4563888888888887,22.3,9.6,2022-01-10,09:36:49,2022-01-10,13:04:12,9,13,January,Monday,207.38333333333333,Weekday,public area,4
KR_commercial,KR_70,KR497,3.0575,19.5,9.15,2022-01-11,09:09:32,2022-01-11,12:12:59,9,12,January,Tuesday,183.45,Weekday,public area,4
KR_commercial,KR_70,KR498,3.426388888888889,22.5,9.5,2022-01-12,09:30:12,2022-01-12,12:55:47,9,12,January,Wednesday,205.58333333333331,Weekday,public area,4
KR_commercial,KR_70,KR499,3.481388888888889,22.3,9.1,2022-01-14,09:06:53,2022-01-14,12:35:46,9,12,January,Friday,208.88333333333333,Weekday,public area,4
KR_commercial,KR_70,KR501,3.628333333333333,22.3,9.283333333333331,2022-01-17,09:17:23,2022-01-17,12:55:05,9,12,January,Monday,217.7,Weekday,public area,4
KR_commercial,KR_70,KR502,3.4175,22.3,9.45,2022-01-19,09:27:23,2022-01-19,12:52:26,9,12,January,Wednesday,205.05,Weekday,public area,4
KR_commercial,KR_70,KR503,5.3469444444444445,30.6,9.466666666666669,2022-01-21,09:28:38,2022-01-21,14:49:27,9,14,January,Friday,320.81666666666666,Weekday,public area,4
KR_commercial,KR_70,KR505,3.171944444444444,20.8,9.183333333333334,2022-01-24,09:11:53,2022-01-24,12:22:12,9,12,January,Monday,190.31666666666663,Weekday,public area,4
KR_commercial,KR_70,KR506,0.4594444444444444,14.13,20.883333333333333,2022-01-25,20:53:04,2022-01-25,21:20:38,20,21,January,Tuesday,27.566666666666663,Weekday,public area,4
KR_commercial,KR_70,KR507,2.750555555555556,17.8,9.8,2022-01-26,09:48:00,2022-01-26,12:33:02,9,12,January,Wednesday,165.03333333333333,Weekday,public area,4
KR_commercial,KR_70,KR508,2.52,16.3,9.533333333333331,2022-01-27,09:32:53,2022-01-27,12:04:05,9,12,January,Thursday,151.2,Weekday,public area,4
KR_commercial,KR_70,KR509,5.500277777777778,29.6,8.833333333333334,2022-02-03,08:50:37,2022-02-03,14:20:38,8,14,February,Thursday,330.01666666666665,Weekday,public area,4
KR_commercial,KR_70,KR510,3.5541666666666667,19.4,17.366666666666667,2022-02-04,17:22:30,2022-02-04,20:55:45,17,20,February,Friday,213.25,Weekday,public area,4
KR_commercial,KR_70,KR511,3.0947222222222224,20.0,8.8,2022-02-08,08:48:02,2022-02-08,11:53:43,8,11,February,Tuesday,185.6833333333333,Weekday,public area,4
KR_commercial,KR_70,KR512,3.1797222222222223,19.2,8.733333333333333,2022-02-09,08:44:32,2022-02-09,11:55:19,8,11,February,Wednesday,190.78333333333333,Weekday,public area,4
KR_commercial,KR_70,KR513,2.556388888888889,16.5,9.1,2022-02-10,09:06:28,2022-02-10,11:39:51,9,11,February,Thursday,153.38333333333333,Weekday,public area,4
KR_commercial,KR_70,KR514,2.670555555555556,17.3,8.933333333333334,2022-02-11,08:56:04,2022-02-11,11:36:18,8,11,February,Friday,160.23333333333335,Weekday,public area,4
KR_commercial,KR_70,KR516,3.2116666666666664,19.6,8.783333333333333,2022-02-15,08:47:21,2022-02-15,12:00:03,8,12,February,Tuesday,192.7,Weekday,public area,4
KR_commercial,KR_70,KR517,2.8475,18.3,8.983333333333333,2022-02-16,08:59:20,2022-02-16,11:50:11,8,11,February,Wednesday,170.85000000000002,Weekday,public area,4
KR_commercial,KR_70,KR518,2.858888888888889,18.3,8.983333333333333,2022-02-17,08:59:35,2022-02-17,11:51:07,8,11,February,Thursday,171.53333333333333,Weekday,public area,4
KR_commercial,KR_70,KR519,3.1061111111111117,20.1,9.35,2022-02-18,09:21:18,2022-02-18,12:27:40,9,12,February,Friday,186.36666666666667,Weekday,public area,4
KR_commercial,KR_70,KR520,3.082222222222222,19.9,8.816666666666666,2022-02-22,08:49:29,2022-02-22,11:54:25,8,11,February,Tuesday,184.9333333333333,Weekday,public area,4
KR_commercial,KR_70,KR521,3.210833333333333,20.1,8.85,2022-02-23,08:51:34,2022-02-23,12:04:13,8,12,February,Wednesday,192.65,Weekday,public area,4
KR_commercial,KR_70,KR522,2.9652777777777777,18.8,8.8,2022-02-24,08:48:40,2022-02-24,11:46:35,8,11,February,Thursday,177.91666666666666,Weekday,public area,4
KR_commercial,KR_70,KR523,2.960555555555556,19.3,9.083333333333334,2022-02-25,09:05:15,2022-02-25,12:02:53,9,12,February,Friday,177.63333333333333,Weekday,public area,4
KR_commercial,KR_70,KR524,3.1794444444444445,20.8,8.983333333333333,2022-02-28,08:59:50,2022-02-28,12:10:36,8,12,February,Monday,190.76666666666668,Weekday,public area,4
KR_commercial,KR_70,KR525,2.6847222222222222,17.3,8.916666666666666,2022-03-02,08:55:09,2022-03-02,11:36:14,8,11,March,Wednesday,161.08333333333334,Weekday,public area,4
KR_commercial,KR_70,KR526,2.648055555555556,17.2,8.966666666666667,2022-03-03,08:58:50,2022-03-03,11:37:43,8,11,March,Thursday,158.88333333333333,Weekday,public area,4
KR_commercial,KR_70,KR527,2.4494444444444445,15.8,9.2,2022-03-04,09:12:05,2022-03-04,11:39:03,9,11,March,Friday,146.96666666666667,Weekday,public area,4
KR_commercial,KR_70,KR528,2.596388888888889,16.4,8.866666666666667,2022-03-07,08:52:44,2022-03-07,11:28:31,8,11,March,Monday,155.78333333333333,Weekday,public area,4
KR_commercial,KR_70,KR529,2.7172222222222224,17.6,8.9,2022-03-08,08:54:25,2022-03-08,11:37:27,8,11,March,Tuesday,163.03333333333336,Weekday,public area,4
KR_commercial,KR_70,KR530,2.911388888888889,17.7,9.0,2022-03-10,09:00:53,2022-03-10,11:55:34,9,11,March,Thursday,174.68333333333334,Weekday,public area,4
KR_commercial,KR_70,KR531,2.585,16.3,8.866666666666667,2022-03-11,08:52:34,2022-03-11,11:27:40,8,11,March,Friday,155.1,Weekday,public area,4
KR_commercial,KR_70,KR533,2.62,16.9,8.9,2022-03-14,08:54:49,2022-03-14,11:32:01,8,11,March,Monday,157.20000000000002,Weekday,public area,4
KR_commercial,KR_70,KR534,2.500555555555556,15.4,8.9,2022-03-15,08:54:11,2022-03-15,11:24:13,8,11,March,Tuesday,150.03333333333333,Weekday,public area,4
KR_commercial,KR_70,KR535,2.46,15.9,9.0,2022-03-16,09:00:07,2022-03-16,11:27:43,9,11,March,Wednesday,147.6,Weekday,public area,4
KR_commercial,KR_70,KR536,2.555555555555556,16.5,8.933333333333334,2022-03-17,08:56:59,2022-03-17,11:30:19,8,11,March,Thursday,153.33333333333331,Weekday,public area,4
KR_commercial,KR_70,KR537,2.3494444444444444,15.1,9.383333333333333,2022-03-21,09:23:41,2022-03-21,11:44:39,9,11,March,Monday,140.96666666666667,Weekday,public area,4
KR_commercial,KR_70,KR538,2.680277777777778,17.6,9.05,2022-03-22,09:03:53,2022-03-22,11:44:42,9,11,March,Tuesday,160.8166666666667,Weekday,public area,4
KR_commercial,KR_70,KR539,2.38,15.5,11.45,2022-03-25,11:27:49,2022-03-25,13:50:37,11,13,March,Friday,142.79999999999998,Weekday,public area,4
KR_commercial,KR_70,KR540,0.12,5.58,8.05,2022-03-28,08:03:39,2022-03-28,08:10:51,8,8,March,Monday,7.199999999999999,Weekday,public area,4
KR_commercial,KR_70,KR541,3.4272222222222224,22.3,9.183333333333334,2022-03-28,09:11:05,2022-03-28,12:36:43,9,12,March,Monday,205.63333333333333,Weekday,public area,4
KR_commercial,KR_70,KR542,3.255,21.1,8.816666666666666,2022-03-29,08:49:34,2022-03-29,12:04:52,8,12,March,Tuesday,195.3,Weekday,public area,4
KR_commercial,KR_70,KR543,2.6241666666666665,17.0,9.133333333333333,2022-03-30,09:08:25,2022-03-30,11:45:52,9,11,March,Wednesday,157.45,Weekday,public area,4
KR_commercial,KR_70,KR544,2.462222222222222,16.1,9.15,2022-03-31,09:09:00,2022-03-31,11:36:44,9,11,March,Thursday,147.73333333333332,Weekday,public area,4
KR_commercial,KR_70,KR545,2.605555555555556,16.9,9.333333333333334,2022-04-01,09:20:23,2022-04-01,11:56:43,9,11,April,Friday,156.33333333333334,Weekday,public area,4
KR_commercial,KR_70,KR547,2.459722222222222,15.9,9.116666666666667,2022-04-04,09:07:20,2022-04-04,11:34:55,9,11,April,Monday,147.58333333333331,Weekday,public area,4
KR_commercial,KR_70,KR548,2.5213888888888887,16.3,9.05,2022-04-05,09:03:50,2022-04-05,11:35:07,9,11,April,Tuesday,151.28333333333333,Weekday,public area,4
KR_commercial,KR_70,KR549,2.7952777777777778,18.4,9.016666666666667,2022-04-11,09:01:05,2022-04-11,11:48:48,9,11,April,Monday,167.71666666666667,Weekday,public area,4
KR_commercial,KR_70,KR550,2.3866666666666667,15.6,9.35,2022-04-12,09:21:29,2022-04-12,11:44:41,9,11,April,Tuesday,143.2,Weekday,public area,4
KR_commercial,KR_70,KR551,2.525555555555556,16.0,8.983333333333333,2022-04-13,08:59:00,2022-04-13,11:30:32,8,11,April,Wednesday,151.53333333333333,Weekday,public area,4
KR_commercial,KR_70,KR552,3.3475,22.1,9.35,2022-04-15,09:21:23,2022-04-15,12:42:14,9,12,April,Friday,200.85,Weekday,public area,4
KR_commercial,KR_70,KR553,2.8466666666666667,18.4,9.266666666666667,2022-04-18,09:16:16,2022-04-18,12:07:04,9,12,April,Monday,170.8,Weekday,public area,4
KR_commercial,KR_70,KR554,2.5902777777777777,16.9,9.483333333333333,2022-04-19,09:29:35,2022-04-19,12:05:00,9,12,April,Tuesday,155.41666666666666,Weekday,public area,4
KR_commercial,KR_70,KR555,2.4230555555555555,15.7,9.383333333333333,2022-04-20,09:23:24,2022-04-20,11:48:47,9,11,April,Wednesday,145.38333333333333,Weekday,public area,4
KR_commercial,KR_70,KR556,2.6041666666666665,16.9,13.766666666666667,2022-04-21,13:46:46,2022-04-21,16:23:01,13,16,April,Thursday,156.25,Weekday,public area,4
KR_commercial,KR_70,KR557,2.3175,15.0,9.116666666666667,2022-04-22,09:07:04,2022-04-22,11:26:07,9,11,April,Friday,139.04999999999998,Weekday,public area,4
KR_commercial,KR_70,KR559,2.8161111111111112,17.7,9.283333333333331,2022-04-27,09:17:04,2022-04-27,12:06:02,9,12,April,Wednesday,168.96666666666667,Weekday,public area,4
KR_commercial,KR_70,KR560,2.288055555555556,14.8,10.6,2022-04-28,10:36:09,2022-04-28,12:53:26,10,12,April,Thursday,137.28333333333333,Weekday,public area,4
KR_commercial,KR_70,KR561,2.8858333333333333,18.9,9.183333333333334,2022-05-02,09:11:35,2022-05-02,12:04:44,9,12,May,Monday,173.15,Weekday,public area,4
KR_commercial,KR_70,KR562,2.2994444444444446,14.9,9.216666666666669,2022-05-03,09:13:31,2022-05-03,11:31:29,9,11,May,Tuesday,137.96666666666667,Weekday,public area,4
KR_commercial,KR_70,KR563,2.4944444444444445,16.3,9.066666666666666,2022-05-04,09:04:31,2022-05-04,11:34:11,9,11,May,Wednesday,149.66666666666666,Weekday,public area,4
KR_commercial,KR_70,KR564,3.080833333333333,20.0,9.083333333333334,2022-05-06,09:05:11,2022-05-06,12:10:02,9,12,May,Friday,184.85,Weekday,public area,4
KR_commercial,KR_70,KR565,2.4966666666666666,16.1,9.116666666666667,2022-05-09,09:07:09,2022-05-09,11:36:57,9,11,May,Monday,149.79999999999998,Weekday,public area,4
KR_commercial,KR_70,KR566,2.57,16.6,9.0,2022-05-10,09:00:53,2022-05-10,11:35:05,9,11,May,Tuesday,154.2,Weekday,public area,4
KR_commercial,KR_70,KR567,0.4255555555555556,18.2,19.516666666666666,2022-05-11,19:31:06,2022-05-11,19:56:38,19,19,May,Wednesday,25.53333333333333,Weekday,public area,4
KR_commercial,KR_70,KR568,3.403888888888889,22.3,9.583333333333334,2022-05-16,09:35:52,2022-05-16,13:00:06,9,13,May,Monday,204.23333333333332,Weekday,public area,4
KR_commercial,KR_70,KR569,3.410555555555556,22.3,9.35,2022-05-17,09:21:05,2022-05-17,12:45:43,9,12,May,Tuesday,204.63333333333333,Weekday,public area,4
KR_commercial,KR_70,KR570,2.6175,17.0,9.366666666666667,2022-05-18,09:22:23,2022-05-18,11:59:26,9,11,May,Wednesday,157.05,Weekday,public area,4
KR_commercial,KR_70,KR571,2.6494444444444443,17.2,9.383333333333333,2022-05-19,09:23:30,2022-05-19,12:02:28,9,12,May,Thursday,158.96666666666667,Weekday,public area,4
KR_commercial,KR_70,KR572,2.3916666666666666,15.5,9.183333333333334,2022-05-20,09:11:45,2022-05-20,11:35:15,9,11,May,Friday,143.5,Weekday,public area,4
KR_commercial,KR_70,KR573,3.834444444444444,24.5,9.466666666666669,2022-05-23,09:28:13,2022-05-23,13:18:17,9,13,May,Monday,230.06666666666663,Weekday,public area,4
KR_commercial,KR_70,KR574,3.3169444444444443,21.3,10.666666666666666,2022-05-25,10:40:19,2022-05-25,13:59:20,10,13,May,Wednesday,199.01666666666665,Weekday,public area,4
KR_commercial,KR_70,KR575,1.646111111111111,10.5,9.616666666666667,2022-05-26,09:37:08,2022-05-26,11:15:54,9,11,May,Thursday,98.76666666666668,Weekday,public area,4
KR_commercial,KR_70,KR576,2.5547222222222223,16.6,9.416666666666666,2022-05-27,09:25:08,2022-05-27,11:58:25,9,11,May,Friday,153.28333333333333,Weekday,public area,4
KR_commercial,KR_70,KR578,3.3319444444444444,21.9,9.45,2022-05-30,09:27:45,2022-05-30,12:47:40,9,12,May,Monday,199.91666666666663,Weekday,public area,4
KR_commercial,KR_70,KR579,2.338888888888889,15.2,9.183333333333334,2022-05-31,09:11:50,2022-05-31,11:32:10,9,11,May,Tuesday,140.33333333333334,Weekday,public area,4
KR_commercial,KR_70,KR580,2.367777777777778,15.4,9.333333333333334,2022-06-02,09:20:40,2022-06-02,11:42:44,9,11,June,Thursday,142.0666666666667,Weekday,public area,4
KR_commercial,KR_70,KR581,3.136388888888889,20.5,9.5,2022-06-03,09:30:09,2022-06-03,12:38:20,9,12,June,Friday,188.1833333333333,Weekday,public area,4
KR_commercial,KR_70,KR582,3.236388888888889,20.5,9.3,2022-06-07,09:18:48,2022-06-07,12:32:59,9,12,June,Tuesday,194.1833333333333,Weekday,public area,4
KR_commercial,KR_70,KR583,1.9483333333333333,12.7,9.95,2022-06-08,09:57:14,2022-06-08,11:54:08,9,11,June,Wednesday,116.9,Weekday,public area,4
KR_commercial,KR_70,KR584,4.5777777777777775,29.8,9.216666666666669,2022-06-09,09:13:50,2022-06-09,13:48:30,9,13,June,Thursday,274.66666666666663,Weekday,public area,4
KR_commercial,KR_70,KR586,2.4166666666666665,15.5,9.466666666666669,2022-07-08,09:28:47,2022-07-08,11:53:47,9,11,July,Friday,145.0,Weekday,public area,4
KR_commercial,KR_70,KR587,1.4836111111111112,9.6,13.816666666666666,2022-07-11,13:49:14,2022-07-11,15:18:15,13,15,July,Monday,89.01666666666668,Weekday,public area,4
KR_commercial,KR_70,KR588,2.7191666666666667,17.3,9.216666666666669,2022-07-12,09:13:40,2022-07-12,11:56:49,9,11,July,Tuesday,163.15,Weekday,public area,4
KR_commercial,KR_70,KR589,2.7119444444444443,17.1,9.566666666666666,2022-07-13,09:34:23,2022-07-13,12:17:06,9,12,July,Wednesday,162.71666666666667,Weekday,public area,4
KR_commercial,KR_70,KR590,0.4141666666666667,2.6,9.5,2022-07-15,09:30:05,2022-07-15,09:54:56,9,9,July,Friday,24.85,Weekday,public area,4
KR_commercial,KR_70,KR592,0.5361111111111111,3.5,9.116666666666667,2022-07-18,09:07:06,2022-07-18,09:39:16,9,9,July,Monday,32.166666666666664,Weekday,public area,4
KR_commercial,KR_70,KR593,2.664722222222222,17.3,9.1,2022-07-19,09:06:30,2022-07-19,11:46:23,9,11,July,Tuesday,159.88333333333333,Weekday,public area,4
KR_commercial,KR_70,KR594,3.0241666666666664,19.7,9.266666666666667,2022-07-21,09:16:10,2022-07-21,12:17:37,9,12,July,Thursday,181.45,Weekday,public area,4
KR_commercial,KR_70,KR595,2.515555555555556,16.4,9.216666666666669,2022-07-22,09:13:38,2022-07-22,11:44:34,9,11,July,Friday,150.93333333333334,Weekday,public area,4
KR_commercial,KR_70,KR596,10.919444444444444,13.8,9.233333333333333,2022-07-26,09:14:51,2022-07-26,20:10:01,9,20,July,Tuesday,655.1666666666666,Weekday,public area,4
KR_commercial,KR_70,KR597,3.5144444444444445,22.3,9.283333333333331,2022-07-27,09:17:00,2022-07-27,12:47:52,9,12,July,Wednesday,210.86666666666667,Weekday,public area,4
KR_commercial,KR_70,KR598,2.6702777777777778,16.9,9.45,2022-07-28,09:27:22,2022-07-28,12:07:35,9,12,July,Thursday,160.21666666666667,Weekday,public area,4
KR_commercial,KR_70,KR599,2.870277777777778,18.5,9.1,2022-07-29,09:06:29,2022-07-29,11:58:42,9,11,July,Friday,172.21666666666667,Weekday,public area,4
KR_commercial,KR_70,KR600,10.166944444444445,7.4,9.35,2022-08-03,09:21:00,2022-08-03,19:31:01,9,19,August,Wednesday,610.0166666666667,Weekday,public area,4
KR_commercial,KR_70,KR601,3.542777777777778,22.4,8.816666666666666,2022-08-04,08:49:27,2022-08-04,12:22:01,8,12,August,Thursday,212.56666666666663,Weekday,public area,4
KR_commercial,KR_70,KR602,3.411111111111111,22.3,9.566666666666666,2022-08-05,09:34:45,2022-08-05,12:59:25,9,12,August,Friday,204.66666666666663,Weekday,public area,4
KR_commercial,KR_70,KR604,1.6947222222222222,11.0,9.266666666666667,2022-08-08,09:16:09,2022-08-08,10:57:50,9,10,August,Monday,101.68333333333334,Weekday,public area,4
KR_commercial,KR_70,KR605,10.109444444444444,15.1,9.05,2022-08-09,09:03:27,2022-08-09,19:10:01,9,19,August,Tuesday,606.5666666666666,Weekday,public area,4
KR_commercial,KR_70,KR606,3.288055555555556,20.8,9.6,2022-08-10,09:36:26,2022-08-10,12:53:43,9,12,August,Wednesday,197.28333333333333,Weekday,public area,4
KR_commercial,KR_70,KR607,2.726111111111111,17.7,9.5,2022-08-11,09:30:23,2022-08-11,12:13:57,9,12,August,Thursday,163.56666666666666,Weekday,public area,4
KR_commercial,KR_70,KR608,10.813333333333333,11.6,9.35,2022-08-18,09:21:13,2022-08-18,20:10:01,9,20,August,Thursday,648.8,Weekday,public area,4
KR_commercial,KR_70,KR609,1.2002777777777778,7.8,9.05,2022-08-22,09:03:24,2022-08-22,10:15:25,9,10,August,Monday,72.01666666666667,Weekday,public area,4
KR_commercial,KR_70,KR610,10.306111111111113,8.3,8.716666666666667,2022-08-23,08:43:39,2022-08-23,19:02:01,8,19,August,Tuesday,618.3666666666667,Weekday,public area,4
KR_commercial,KR_70,KR611,2.5925,16.9,9.366666666666667,2022-08-24,09:22:32,2022-08-24,11:58:05,9,11,August,Wednesday,155.54999999999998,Weekday,public area,4
KR_commercial,KR_70,KR612,9.4575,2.9,9.616666666666667,2022-08-25,09:37:34,2022-08-25,19:05:01,9,19,August,Thursday,567.4499999999999,Weekday,public area,4
KR_commercial,KR_70,KR613,3.645555555555556,24.1,9.516666666666667,2022-08-26,09:31:34,2022-08-26,13:10:18,9,13,August,Friday,218.73333333333332,Weekday,public area,4
KR_commercial,KR_70,KR615,10.161111111111111,7.4,9.183333333333334,2022-08-30,09:11:21,2022-08-30,19:21:01,9,19,August,Tuesday,609.6666666666667,Weekday,public area,4
KR_commercial,KR_70,KR616,9.305833333333334,1.9,9.366666666666667,2022-08-31,09:22:40,2022-08-31,18:41:01,9,18,August,Wednesday,558.35,Weekday,public area,4
KR_commercial,KR_70,KR617,3.463055555555556,22.7,9.4,2022-09-01,09:24:33,2022-09-01,12:52:20,9,12,September,Thursday,207.78333333333333,Weekday,public area,4
KR_commercial,KR_70,KR619,2.9891666666666667,18.8,9.9,2022-09-06,09:54:35,2022-09-06,12:53:56,9,12,September,Tuesday,179.35,Weekday,public area,4
KR_commercial,KR_70,KR620,2.3233333333333333,14.8,8.966666666666667,2022-09-07,08:58:05,2022-09-07,11:17:29,8,11,September,Wednesday,139.4,Weekday,public area,4
KR_commercial,KR_70,KR621,10.808055555555557,17.0,9.35,2022-09-13,09:21:32,2022-09-13,20:10:01,9,20,September,Tuesday,648.4833333333333,Weekday,public area,4
KR_commercial,KR_70,KR622,2.335833333333333,15.2,9.866666666666667,2022-09-14,09:52:57,2022-09-14,12:13:06,9,12,September,Wednesday,140.15,Weekday,public area,4
KR_commercial,KR_70,KR623,2.4791666666666665,15.7,9.5,2022-09-15,09:30:33,2022-09-15,11:59:18,9,11,September,Thursday,148.75,Weekday,public area,4
KR_commercial,KR_70,KR624,4.655,29.7,9.616666666666667,2022-09-19,09:37:19,2022-09-19,14:16:37,9,14,September,Monday,279.3,Weekday,public area,4
KR_commercial,KR_70,KR625,2.9658333333333333,19.2,9.283333333333331,2022-09-20,09:17:50,2022-09-20,12:15:47,9,12,September,Tuesday,177.95,Weekday,public area,4
KR_commercial,KR_70,KR626,10.821388888888889,13.9,9.333333333333334,2022-09-22,09:20:44,2022-09-22,20:10:01,9,20,September,Thursday,649.2833333333333,Weekday,public area,4
KR_commercial,KR_70,KR627,2.7263888888888888,17.8,9.483333333333333,2022-09-26,09:29:15,2022-09-26,12:12:50,9,12,September,Monday,163.58333333333331,Weekday,public area,4
KR_commercial,KR_70,KR628,2.983611111111111,19.4,9.183333333333334,2022-09-28,09:11:12,2022-09-28,12:10:13,9,12,September,Wednesday,179.01666666666668,Weekday,public area,4
KR_commercial,KR_70,KR629,2.3088888888888888,15.0,9.283333333333331,2022-09-29,09:17:38,2022-09-29,11:36:10,9,11,September,Thursday,138.53333333333333,Weekday,public area,4
KR_commercial,KR_70,KR630,10.609166666666669,10.5,9.3,2022-09-30,09:18:28,2022-09-30,19:55:01,9,19,September,Friday,636.55,Weekday,public area,4
KR_commercial,KR_90,KR631,4.470555555555555,12.8,17.05,2021-12-15,17:03:28,2021-12-15,21:31:42,17,21,December,Wednesday,268.2333333333333,Weekday,company,5
KR_commercial,KR_90,KR632,4.832222222222223,13.4,23.23333333333333,2022-01-11,23:14:34,2022-01-12,04:04:30,23,4,January,Tuesday,289.93333333333334,Weekday,company,5
KR_commercial,KR_90,KR633,5.066388888888889,14.1,23.73333333333333,2022-02-03,23:44:59,2022-02-04,04:48:58,23,4,February,Thursday,303.9833333333333,Weekday,company,5
KR_commercial,KR_90,KR634,1.1955555555555557,3.6,23.75,2022-02-23,23:45:45,2022-02-24,00:57:29,23,0,February,Wednesday,71.73333333333333,Weekday,company,5
KR_commercial,KR_90,KR636,2.1438888888888887,5.4,4.683333333333334,2022-03-09,04:41:13,2022-03-09,06:49:51,4,6,March,Wednesday,128.63333333333333,Weekday,company,5
KR_commercial,KR_90,KR637,4.7225,13.6,0.7333333333333333,2022-03-14,00:44:08,2022-03-14,05:27:29,0,5,March,Monday,283.35,Weekday,company,5
KR_commercial,KR_90,KR638,4.466111111111111,12.6,0.9166666666666666,2022-03-21,00:55:10,2022-03-21,05:23:08,0,5,March,Monday,267.9666666666667,Weekday,company,5
KR_commercial,KR_90,KR639,4.734166666666667,13.6,2.7333333333333334,2022-03-30,02:44:57,2022-03-30,07:29:00,2,7,March,Wednesday,284.05,Weekday,company,5
KR_commercial,KR_90,KR641,5.298055555555556,15.3,22.6,2022-04-05,22:36:56,2022-04-06,03:54:49,22,3,April,Tuesday,317.8833333333334,Weekday,company,5
KR_commercial,KR_90,KR642,4.581388888888889,13.3,22.633333333333333,2022-04-15,22:38:45,2022-04-16,03:13:38,22,3,April,Friday,274.8833333333333,Weekday,company,5
KR_commercial,KR_90,KR643,5.8975,17.5,2.283333333333333,2022-04-25,02:17:24,2022-04-25,08:11:15,2,8,April,Monday,353.85,Weekday,company,5
KR_commercial,KR_90,KR645,5.945277777777778,17.5,1.3666666666666667,2022-05-05,01:22:33,2022-05-05,07:19:16,1,7,May,Thursday,356.7166666666667,Weekday,company,5
KR_commercial,KR_90,KR646,4.246666666666667,12.3,23.416666666666668,2022-05-13,23:25:41,2022-05-14,03:40:29,23,3,May,Friday,254.8,Weekday,company,5
KR_commercial,KR_90,KR647,5.018888888888889,14.7,3.35,2022-05-17,03:21:09,2022-05-17,08:22:17,3,8,May,Tuesday,301.1333333333333,Weekday,company,5
KR_commercial,KR_90,KR648,5.144722222222223,15.2,1.3666666666666667,2022-05-23,01:22:50,2022-05-23,06:31:31,1,6,May,Monday,308.68333333333334,Weekday,company,5
KR_commercial,KR_90,KR649,1.6183333333333334,4.9,9.0,2022-06-03,09:00:56,2022-06-03,10:38:02,9,10,June,Friday,97.1,Weekday,company,5
KR_commercial,KR_90,KR650,4.760555555555555,14.1,3.2,2022-06-07,03:12:35,2022-06-07,07:58:13,3,7,June,Tuesday,285.6333333333333,Weekday,company,5
KR_commercial,KR_90,KR651,5.428333333333334,16.1,22.2,2022-06-13,22:12:49,2022-06-14,03:38:31,22,3,June,Monday,325.70000000000005,Weekday,company,5
KR_commercial,KR_90,KR652,5.195,15.6,20.966666666666665,2022-07-06,20:58:39,2022-07-07,02:10:21,20,2,July,Wednesday,311.70000000000005,Weekday,company,5
KR_commercial,KR_90,KR653,0.7941666666666667,2.4,20.08333333333333,2022-07-15,20:05:04,2022-07-15,20:52:43,20,20,July,Friday,47.65,Weekday,company,5
KR_commercial,KR_90,KR656,3.4430555555555555,10.6,21.2,2022-07-26,21:12:59,2022-07-27,00:39:34,21,0,July,Tuesday,206.58333333333331,Weekday,company,5
KR_commercial,KR_90,KR657,5.160277777777778,15.5,21.58333333333333,2022-08-04,21:35:43,2022-08-05,02:45:20,21,2,August,Thursday,309.6166666666667,Weekday,company,5
KR_commercial,KR_90,KR661,1.35,4.2,23.45,2022-08-23,23:27:59,2022-08-24,00:48:59,23,0,August,Tuesday,81.0,Weekday,company,5
KR_commercial,KR_90,KR662,5.0,15.4,19.316666666666663,2022-08-24,19:19:45,2022-08-25,00:19:45,19,0,August,Wednesday,300.0,Weekday,company,5
KR_commercial,KR_90,KR663,10.70861111111111,5.1,10.316666666666666,2022-09-06,10:19:30,2022-09-06,21:02:01,10,21,September,Tuesday,642.5166666666667,Weekday,company,5
KR_commercial,KR_90,KR664,2.501388888888889,7.8,22.1,2022-09-06,22:06:42,2022-09-07,00:36:47,22,0,September,Tuesday,150.08333333333334,Weekday,company,5
KR_commercial,KR_90,KR665,0.95,2.9,23.883333333333333,2022-09-07,23:53:49,2022-09-08,00:50:49,23,0,September,Wednesday,57.0,Weekday,company,5
KR_commercial,KR_90,KR666,10.618055555555555,5.0,1.5333333333333332,2022-09-08,01:32:56,2022-09-08,12:10:01,1,12,September,Thursday,637.0833333333334,Weekday,company,5
KR_commercial,KR_90,KR667,2.216666666666667,6.9,22.45,2022-09-12,22:27:04,2022-09-13,00:40:04,22,0,September,Monday,133.0,Weekday,company,5
KR_commercial,KR_90,KR668,2.8,8.6,21.766666666666666,2022-09-13,21:46:12,2022-09-14,00:34:12,21,0,September,Tuesday,168.0,Weekday,company,5
KR_commercial,KR_90,KR669,10.060277777777776,1.6,22.1,2022-09-14,22:06:24,2022-09-15,08:10:01,22,8,September,Wednesday,603.6166666666667,Weekday,company,5
KR_commercial,KR_90,KR670,3.3,10.2,21.2,2022-09-16,21:12:59,2022-09-17,00:30:59,21,0,September,Friday,198.0,Weekday,company,5
KR_commercial,KR_102,KR672,8.117222222222223,27.68,17.233333333333334,2021-09-30,17:14:26,2021-10-01,01:21:28,17,1,September,Thursday,487.03333333333336,Weekday,public institution,6
KR_commercial,KR_102,KR674,9.719444444444443,39.06,18.85,2021-10-06,18:51:54,2021-10-07,04:35:04,18,4,October,Wednesday,583.1666666666667,Weekday,public institution,6
KR_commercial,KR_102,KR675,8.376666666666667,30.18,18.766666666666666,2021-10-08,18:46:31,2021-10-09,03:09:07,18,3,October,Friday,502.6,Weekday,public institution,6
KR_commercial,KR_102,KR676,5.416944444444445,9.07,21.216666666666665,2021-10-11,21:13:13,2021-10-12,02:38:14,21,2,October,Monday,325.0166666666667,Weekday,public institution,6
KR_commercial,KR_102,KR677,6.573055555555555,17.24,19.216666666666665,2021-10-12,19:13:08,2021-10-13,01:47:31,19,1,October,Tuesday,394.3833333333333,Weekday,public institution,6
KR_commercial,KR_102,KR678,6.102222222222222,13.91,23.683333333333334,2021-10-13,23:41:57,2021-10-14,05:48:05,23,5,October,Wednesday,366.1333333333333,Weekday,public institution,6
KR_commercial,KR_102,KR680,6.767777777777778,18.47,16.733333333333334,2021-10-18,16:44:46,2021-10-18,23:30:50,16,23,October,Monday,406.06666666666666,Weekday,public institution,6
KR_commercial,KR_102,KR681,6.685833333333333,17.76,17.433333333333334,2021-10-19,17:26:19,2021-10-20,00:07:28,17,0,October,Tuesday,401.15,Weekday,public institution,6
KR_commercial,KR_102,KR682,6.900555555555556,19.22,17.183333333333334,2021-10-20,17:11:55,2021-10-21,00:05:57,17,0,October,Wednesday,414.03333333333336,Weekday,public institution,6
KR_commercial,KR_102,KR683,7.485833333333333,23.08,18.98333333333333,2021-10-22,18:59:04,2021-10-23,02:28:13,18,2,October,Friday,449.15,Weekday,public institution,6
KR_commercial,KR_102,KR684,7.993888888888889,26.97,16.883333333333333,2021-10-25,16:53:56,2021-10-26,00:53:34,16,0,October,Monday,479.6333333333333,Weekday,public institution,6
KR_commercial,KR_102,KR685,1.9319444444444445,13.38,11.516666666666667,2021-10-28,11:31:48,2021-10-28,13:27:43,11,13,October,Thursday,115.91666666666669,Weekday,public institution,6
KR_commercial,KR_102,KR686,3.247777777777778,22.31,16.316666666666666,2021-10-28,16:19:08,2021-10-28,19:34:00,16,19,October,Thursday,194.86666666666667,Weekday,public institution,6
KR_commercial,KR_102,KR688,6.8902777777777775,19.14,19.516666666666666,2021-11-03,19:31:56,2021-11-04,02:25:21,19,2,November,Wednesday,413.4166666666666,Weekday,public institution,6
KR_commercial,KR_102,KR690,6.716666666666667,17.78,16.85,2021-11-08,16:51:07,2021-11-08,23:34:07,16,23,November,Monday,403.0,Weekday,public institution,6
KR_commercial,KR_102,KR694,5.226111111111111,8.04,20.516666666666666,2021-11-17,20:31:01,2021-11-18,01:44:35,20,1,November,Wednesday,313.56666666666666,Weekday,public institution,6
KR_commercial,KR_102,KR696,7.233611111111111,22.03,19.3,2021-11-23,19:18:00,2021-11-24,02:32:01,19,2,November,Tuesday,434.01666666666665,Weekday,public institution,6
KR_commercial,KR_102,KR698,9.11888888888889,34.82,18.6,2021-12-06,18:36:01,2021-12-07,03:43:09,18,3,December,Monday,547.1333333333334,Weekday,public institution,6
KR_commercial,KR_102,KR699,8.785555555555556,32.2,19.916666666666668,2021-12-08,19:55:57,2021-12-09,04:43:05,19,4,December,Wednesday,527.1333333333333,Weekday,public institution,6
KR_commercial,KR_102,KR701,7.624444444444444,25.08,20.03333333333333,2021-12-13,20:02:29,2021-12-14,03:39:57,20,3,December,Monday,457.4666666666666,Weekday,public institution,6
KR_commercial,KR_102,KR702,6.271111111111111,15.5,17.233333333333334,2021-12-14,17:14:16,2021-12-14,23:30:32,17,23,December,Tuesday,376.26666666666665,Weekday,public institution,6
KR_commercial,KR_102,KR703,7.516666666666667,23.35,19.683333333333334,2021-12-15,19:41:01,2021-12-16,03:12:01,19,3,December,Wednesday,451.0,Weekday,public institution,6
KR_commercial,KR_102,KR704,7.513333333333334,23.49,22.25,2021-12-16,22:15:28,2021-12-17,05:46:16,22,5,December,Thursday,450.8,Weekday,public institution,6
KR_commercial,KR_102,KR705,5.76,11.84,17.483333333333334,2021-12-20,17:29:14,2021-12-20,23:14:50,17,23,December,Monday,345.6,Weekday,public institution,6
KR_commercial,KR_102,KR706,7.3275,23.21,1.3333333333333333,2021-12-22,01:20:02,2021-12-22,08:39:41,1,8,December,Wednesday,439.65,Weekday,public institution,6
KR_commercial,KR_102,KR707,3.189722222222222,13.87,19.266666666666666,2021-12-22,19:16:46,2021-12-22,22:28:09,19,22,December,Wednesday,191.38333333333333,Weekday,public institution,6
KR_commercial,KR_102,KR708,8.421388888888888,29.4,16.55,2021-12-23,16:33:35,2021-12-24,00:58:52,16,0,December,Thursday,505.2833333333333,Weekday,public institution,6
KR_commercial,KR_102,KR709,8.801388888888889,33.64,18.25,2021-12-27,18:15:38,2021-12-28,03:03:43,18,3,December,Monday,528.0833333333334,Weekday,public institution,6
KR_commercial,KR_102,KR710,6.168333333333333,14.73,16.383333333333333,2021-12-28,16:23:37,2021-12-28,22:33:43,16,22,December,Tuesday,370.1,Weekday,public institution,6
KR_commercial,KR_102,KR711,3.1875,22.3,19.73333333333333,2021-12-30,19:44:01,2021-12-30,22:55:16,19,22,December,Thursday,191.25,Weekday,public institution,6
KR_commercial,KR_102,KR712,9.181666666666668,36.24,18.5,2021-12-31,18:30:17,2022-01-01,03:41:11,18,3,December,Friday,550.9,Weekday,public institution,6
KR_commercial,KR_102,KR714,6.038888888888889,14.36,19.966666666666665,2022-01-04,19:58:58,2022-01-05,02:01:18,19,2,January,Tuesday,362.3333333333333,Weekday,public institution,6
KR_commercial,KR_102,KR715,9.764166666666666,39.74,15.583333333333334,2022-01-05,15:35:18,2022-01-06,01:21:09,15,1,January,Wednesday,585.85,Weekday,public institution,6
KR_commercial,KR_102,KR716,6.629444444444444,18.3,18.03333333333333,2022-01-07,18:02:55,2022-01-08,00:40:41,18,0,January,Friday,397.76666666666665,Weekday,public institution,6
KR_commercial,KR_102,KR718,9.100555555555555,36.4,14.533333333333331,2022-01-13,14:32:18,2022-01-13,23:38:20,14,23,January,Thursday,546.0333333333333,Weekday,public institution,6
KR_commercial,KR_102,KR721,3.3975,23.43,21.766666666666666,2022-01-17,21:46:23,2022-01-18,01:10:14,21,1,January,Monday,203.85,Weekday,public institution,6
KR_commercial,KR_102,KR722,6.606944444444444,18.58,16.716666666666665,2022-01-18,16:43:59,2022-01-18,23:20:24,16,23,January,Tuesday,396.4166666666666,Weekday,public institution,6
KR_commercial,KR_102,KR723,6.620833333333334,18.11,18.85,2022-01-21,18:51:06,2022-01-22,01:28:21,18,1,January,Friday,397.25,Weekday,public institution,6
KR_commercial,KR_102,KR726,6.950277777777778,20.71,18.883333333333333,2022-01-25,18:53:16,2022-01-26,01:50:17,18,1,January,Tuesday,417.01666666666665,Weekday,public institution,6
KR_commercial,KR_102,KR727,7.671111111111111,26.3,17.55,2022-01-28,17:33:52,2022-01-29,01:14:08,17,1,January,Friday,460.26666666666665,Weekday,public institution,6
KR_commercial,KR_102,KR728,6.039444444444444,14.69,22.266666666666666,2022-02-02,22:16:57,2022-02-03,04:19:19,22,4,February,Wednesday,362.3666666666667,Weekday,public institution,6
KR_commercial,KR_102,KR730,7.151111111111111,21.86,16.933333333333334,2022-02-09,16:56:42,2022-02-10,00:05:46,16,0,February,Wednesday,429.06666666666666,Weekday,public institution,6
KR_commercial,KR_102,KR732,8.05,28.79,20.35,2022-02-15,20:21:16,2022-02-16,04:24:16,20,4,February,Tuesday,483.00000000000006,Weekday,public institution,6
KR_commercial,KR_102,KR734,6.77,19.66,17.35,2022-02-22,17:21:16,2022-02-23,00:07:28,17,0,February,Tuesday,406.2,Weekday,public institution,6
KR_commercial,KR_102,KR735,8.730555555555556,33.31,17.166666666666668,2022-02-24,17:10:54,2022-02-25,01:54:44,17,1,February,Thursday,523.8333333333334,Weekday,public institution,6
KR_commercial,KR_102,KR738,9.091111111111111,35.64,1.15,2022-03-10,01:09:21,2022-03-10,10:14:49,1,10,March,Thursday,545.4666666666667,Weekday,public institution,6
KR_commercial,KR_102,KR740,8.412222222222223,29.54,18.816666666666663,2022-03-16,18:49:28,2022-03-17,03:14:12,18,3,March,Wednesday,504.73333333333335,Weekday,public institution,6
KR_commercial,KR_102,KR741,0.5941666666666666,4.2,14.9,2022-03-23,14:54:19,2022-03-23,15:29:58,14,15,March,Wednesday,35.65,Weekday,public institution,6
KR_commercial,KR_102,KR742,8.971666666666666,33.82,15.9,2022-03-24,15:54:18,2022-03-25,00:52:36,15,0,March,Thursday,538.3,Weekday,public institution,6
KR_commercial,KR_102,KR746,8.972222222222221,32.86,18.066666666666663,2022-03-30,18:04:28,2022-03-31,03:02:48,18,3,March,Wednesday,538.3333333333333,Weekday,public institution,6
KR_commercial,KR_102,KR747,6.408888888888889,15.92,16.266666666666666,2022-04-01,16:16:13,2022-04-01,22:40:45,16,22,April,Friday,384.5333333333333,Weekday,public institution,6
KR_commercial,KR_102,KR749,9.041944444444445,33.27,19.65,2022-04-06,19:39:44,2022-04-07,04:42:15,19,4,April,Wednesday,542.5166666666667,Weekday,public institution,6
KR_commercial,KR_102,KR750,6.743333333333333,18.09,19.73333333333333,2022-04-07,19:44:42,2022-04-08,02:29:18,19,2,April,Thursday,404.6,Weekday,public institution,6
KR_commercial,KR_102,KR751,7.835,25.98,18.73333333333333,2022-04-11,18:44:06,2022-04-12,02:34:12,18,2,April,Monday,470.1,Weekday,public institution,6
KR_commercial,KR_102,KR752,3.398333333333333,23.21,21.4,2022-04-12,21:24:54,2022-04-13,00:48:48,21,0,April,Tuesday,203.9,Weekday,public institution,6
KR_commercial,KR_102,KR754,6.810555555555555,18.75,19.35,2022-04-18,19:21:02,2022-04-19,02:09:40,19,2,April,Monday,408.6333333333333,Weekday,public institution,6
KR_commercial,KR_102,KR755,7.803888888888889,25.47,19.216666666666665,2022-04-20,19:13:57,2022-04-21,03:02:11,19,3,April,Wednesday,468.23333333333335,Weekday,public institution,6
KR_commercial,KR_102,KR756,6.563611111111111,16.7,20.066666666666663,2022-04-21,20:04:26,2022-04-22,02:38:15,20,2,April,Thursday,393.81666666666666,Weekday,public institution,6
KR_commercial,KR_102,KR759,7.621111111111111,24.41,17.466666666666665,2022-04-25,17:28:49,2022-04-26,01:06:05,17,1,April,Monday,457.2666666666667,Weekday,public institution,6
KR_commercial,KR_102,KR760,7.873333333333333,26.43,21.98333333333333,2022-04-26,21:59:21,2022-04-27,05:51:45,21,5,April,Tuesday,472.4,Weekday,public institution,6
KR_commercial,KR_102,KR761,6.543611111111111,16.89,19.933333333333334,2022-04-28,19:56:15,2022-04-29,02:28:52,19,2,April,Thursday,392.6166666666667,Weekday,public institution,6
KR_commercial,KR_102,KR762,7.593055555555556,24.37,22.416666666666668,2022-04-29,22:25:54,2022-04-30,06:01:29,22,6,April,Friday,455.58333333333337,Weekday,public institution,6
KR_commercial,KR_102,KR764,8.485,30.31,22.48333333333333,2022-05-03,22:29:48,2022-05-04,06:58:54,22,6,May,Tuesday,509.1,Weekday,public institution,6
KR_commercial,KR_102,KR765,8.420277777777779,29.71,21.0,2022-05-06,21:00:47,2022-05-07,05:26:00,21,5,May,Friday,505.2166666666667,Weekday,public institution,6
KR_commercial,KR_102,KR766,10.605833333333331,44.8,19.916666666666668,2022-05-09,19:55:41,2022-05-10,06:32:02,19,6,May,Monday,636.35,Weekday,public institution,6
KR_commercial,KR_102,KR767,10.395555555555555,44.39,19.266666666666666,2022-05-12,19:16:31,2022-05-13,05:40:15,19,5,May,Thursday,623.7333333333333,Weekday,public institution,6
KR_commercial,KR_102,KR769,10.5075,44.42,19.716666666666665,2022-05-17,19:43:37,2022-05-18,06:14:04,19,6,May,Tuesday,630.45,Weekday,public institution,6
KR_commercial,KR_102,KR770,9.5875,38.35,22.066666666666663,2022-05-20,22:04:50,2022-05-21,07:40:05,22,7,May,Friday,575.25,Weekday,public institution,6
KR_commercial,KR_102,KR772,7.074722222222222,20.4,20.1,2022-05-23,20:06:59,2022-05-24,03:11:28,20,3,May,Monday,424.48333333333335,Weekday,public institution,6
KR_commercial,KR_102,KR773,9.604166666666666,37.76,18.7,2022-05-26,18:42:47,2022-05-27,04:19:02,18,4,May,Thursday,576.25,Weekday,public institution,6
KR_commercial,KR_102,KR775,9.874166666666667,40.38,15.433333333333334,2022-05-31,15:26:36,2022-06-01,01:19:03,15,1,May,Tuesday,592.45,Weekday,public institution,6
KR_commercial,KR_102,KR776,9.049166666666666,34.64,16.25,2022-06-03,16:15:06,2022-06-04,01:18:03,16,1,June,Friday,542.9499999999999,Weekday,public institution,6
KR_commercial,KR_102,KR777,5.057222222222222,20.75,2.75,2022-06-06,02:45:20,2022-06-06,07:48:46,2,7,June,Monday,303.43333333333334,Weekday,public institution,6
KR_commercial,KR_102,KR778,10.127777777777778,41.49,16.65,2022-06-08,16:39:50,2022-06-09,02:47:30,16,2,June,Wednesday,607.6666666666667,Weekday,public institution,6
KR_commercial,KR_102,KR779,7.755833333333333,25.14,18.23333333333333,2022-06-10,18:14:49,2022-06-11,02:00:10,18,2,June,Friday,465.35,Weekday,public institution,6
KR_commercial,KR_102,KR781,8.086666666666666,27.63,19.766666666666666,2022-06-16,19:46:15,2022-06-17,03:51:27,19,3,June,Thursday,485.19999999999993,Weekday,public institution,6
KR_commercial,KR_102,KR782,1.2663888888888888,8.8,19.316666666666663,2022-06-17,19:19:28,2022-06-17,20:35:27,19,20,June,Friday,75.98333333333332,Weekday,public institution,6
KR_commercial,KR_102,KR783,0.9377777777777778,6.54,16.516666666666666,2022-06-22,16:31:17,2022-06-22,17:27:33,16,17,June,Wednesday,56.266666666666666,Weekday,public institution,6
KR_commercial,KR_102,KR784,5.5025,10.65,20.45,2022-06-23,20:27:37,2022-06-24,01:57:46,20,1,June,Thursday,330.15000000000003,Weekday,public institution,6
KR_commercial,KR_102,KR785,10.071944444444444,12.16,13.083333333333334,2022-06-24,13:05:42,2022-06-24,23:10:01,13,23,June,Friday,604.3166666666666,Weekday,public institution,6
KR_commercial,KR_102,KR786,10.102222222222222,47.0,16.016666666666666,2022-07-04,16:01:57,2022-07-05,02:08:05,16,2,July,Monday,606.1333333333333,Weekday,public institution,6
KR_commercial,KR_102,KR787,8.376111111111111,30.38,16.333333333333332,2022-07-07,16:20:21,2022-07-08,00:42:55,16,0,July,Thursday,502.56666666666666,Weekday,public institution,6
KR_commercial,KR_102,KR788,8.786388888888888,33.04,13.683333333333334,2022-07-11,13:41:07,2022-07-11,22:28:18,13,22,July,Monday,527.1833333333333,Weekday,public institution,6
KR_commercial,KR_102,KR789,8.127777777777778,28.07,18.35,2022-07-15,18:21:36,2022-07-16,02:29:16,18,2,July,Friday,487.6666666666667,Weekday,public institution,6
KR_commercial,KR_102,KR792,7.828888888888889,26.71,20.4,2022-07-25,20:24:46,2022-07-26,04:14:30,20,4,July,Monday,469.73333333333335,Weekday,public institution,6
KR_commercial,KR_102,KR793,9.223055555555556,35.7,21.866666666666667,2022-07-28,21:52:47,2022-07-29,07:06:10,21,7,July,Thursday,553.3833333333333,Weekday,public institution,6
KR_commercial,KR_102,KR794,4.645,4.53,22.25,2022-07-29,22:15:58,2022-07-30,02:54:40,22,2,July,Friday,278.7,Weekday,public institution,6
KR_commercial,KR_102,KR797,10.101666666666668,38.19,17.066666666666666,2022-08-05,17:04:05,2022-08-06,03:10:11,17,3,August,Friday,606.1,Weekday,public institution,6
KR_commercial,KR_102,KR800,5.890833333333333,13.46,15.9,2022-08-09,15:54:27,2022-08-09,21:47:54,15,21,August,Tuesday,353.45,Weekday,public institution,6
KR_commercial,KR_102,KR801,10.026666666666667,40.68,16.533333333333335,2022-08-12,16:32:44,2022-08-13,02:34:20,16,2,August,Friday,601.6,Weekday,public institution,6
KR_commercial,KR_102,KR803,8.630277777777778,31.05,12.75,2022-08-15,12:45:18,2022-08-15,21:23:07,12,21,August,Monday,517.8166666666666,Weekday,public institution,6
KR_commercial,KR_102,KR804,6.133055555555556,14.27,18.133333333333333,2022-08-16,18:08:44,2022-08-17,00:16:43,18,0,August,Tuesday,367.98333333333335,Weekday,public institution,6
KR_commercial,KR_102,KR805,6.371111111111111,15.41,17.116666666666667,2022-08-17,17:07:09,2022-08-17,23:29:25,17,23,August,Wednesday,382.2666666666667,Weekday,public institution,6
KR_commercial,KR_102,KR806,8.450555555555555,30.13,18.95,2022-08-19,18:57:44,2022-08-20,03:24:46,18,3,August,Friday,507.0333333333333,Weekday,public institution,6
KR_commercial,KR_102,KR809,7.491388888888889,24.13,20.116666666666667,2022-08-23,20:07:57,2022-08-24,03:37:26,20,3,August,Tuesday,449.48333333333335,Weekday,public institution,6
KR_commercial,KR_102,KR810,8.079166666666667,28.16,20.58333333333333,2022-08-25,20:35:38,2022-08-26,04:40:23,20,4,August,Thursday,484.75000000000006,Weekday,public institution,6
KR_commercial,KR_102,KR813,8.440555555555555,31.46,7.033333333333333,2022-08-30,07:02:27,2022-08-30,15:28:53,7,15,August,Tuesday,506.4333333333333,Weekday,public institution,6
KR_commercial,KR_102,KR814,0.3780555555555555,2.62,16.333333333333332,2022-08-31,16:20:33,2022-08-31,16:43:14,16,16,August,Wednesday,22.683333333333334,Weekday,public institution,6
KR_commercial,KR_102,KR815,6.6725,17.96,20.05,2022-08-31,20:03:01,2022-09-01,02:43:22,20,2,August,Wednesday,400.35,Weekday,public institution,6
KR_commercial,KR_102,KR816,6.815555555555555,27.36,10.983333333333333,2022-09-02,10:59:19,2022-09-02,17:48:15,10,17,September,Friday,408.9333333333333,Weekday,public institution,6
KR_commercial,KR_102,KR817,10.083055555555555,25.52,16.083333333333332,2022-09-06,16:05:02,2022-09-07,02:10:01,16,2,September,Tuesday,604.9833333333333,Weekday,public institution,6
KR_commercial,KR_102,KR819,7.058333333333334,20.45,18.766666666666666,2022-09-12,18:46:50,2022-09-13,01:50:20,18,1,September,Monday,423.5,Weekday,public institution,6
KR_commercial,KR_102,KR820,8.396666666666667,29.24,19.516666666666666,2022-09-14,19:31:28,2022-09-15,03:55:16,19,3,September,Wednesday,503.8,Weekday,public institution,6
KR_commercial,KR_102,KR821,2.200555555555556,15.25,23.383333333333333,2022-09-16,23:23:24,2022-09-17,01:35:26,23,1,September,Friday,132.03333333333333,Weekday,public institution,6
KR_commercial,KR_102,KR824,7.123888888888889,21.14,17.133333333333333,2022-09-28,17:08:19,2022-09-29,00:15:45,17,0,September,Wednesday,427.4333333333333,Weekday,public institution,6
KR_commercial,KR_139,KR825,1.2772222222222225,8.4,17.983333333333334,2021-10-26,17:59:02,2021-10-26,19:15:40,17,19,October,Tuesday,76.63333333333334,Weekday,company,7
KR_commercial,KR_139,KR826,1.0425,6.84,15.083333333333334,2021-11-04,15:05:54,2021-11-04,16:08:27,15,16,November,Thursday,62.55,Weekday,company,7
KR_commercial,KR_139,KR827,1.3455555555555556,8.75,14.933333333333334,2021-12-02,14:56:29,2021-12-02,16:17:13,14,16,December,Thursday,80.73333333333333,Weekday,company,7
KR_commercial,KR_139,KR828,2.333055555555556,15.21,16.116666666666667,2021-12-03,16:07:36,2021-12-03,18:27:35,16,18,December,Friday,139.98333333333335,Weekday,company,7
KR_commercial,KR_139,KR829,2.3291666666666666,15.07,16.616666666666667,2021-12-08,16:37:44,2021-12-08,18:57:29,16,18,December,Wednesday,139.75,Weekday,company,7
KR_commercial,KR_139,KR830,3.178611111111111,20.76,16.483333333333334,2022-01-07,16:29:28,2022-01-07,19:40:11,16,19,January,Friday,190.71666666666667,Weekday,company,7
KR_commercial,KR_139,KR831,3.167222222222222,20.76,12.766666666666667,2022-01-18,12:46:28,2022-01-18,15:56:30,12,15,January,Tuesday,190.03333333333333,Weekday,company,7
KR_commercial,KR_139,KR832,1.8977777777777776,12.55,11.083333333333334,2022-02-09,11:05:52,2022-02-09,12:59:44,11,12,February,Wednesday,113.86666666666667,Weekday,company,7
KR_commercial,KR_139,KR833,2.9586111111111117,19.29,16.716666666666665,2022-02-09,16:43:44,2022-02-09,19:41:15,16,19,February,Wednesday,177.51666666666668,Weekday,company,7
KR_commercial,KR_139,KR834,1.8519444444444444,12.23,17.25,2022-02-10,17:15:03,2022-02-10,19:06:10,17,19,February,Thursday,111.11666666666666,Weekday,company,7
KR_commercial,KR_139,KR835,1.881388888888889,12.16,15.35,2022-02-15,15:21:43,2022-02-15,17:14:36,15,17,February,Tuesday,112.88333333333334,Weekday,company,7
KR_commercial,KR_139,KR836,3.083055555555556,20.28,13.283333333333331,2022-02-23,13:17:59,2022-02-23,16:22:58,13,16,February,Wednesday,184.98333333333332,Weekday,company,7
KR_commercial,KR_139,KR837,3.3497222222222223,20.77,17.5,2022-02-28,17:30:03,2022-02-28,20:51:02,17,20,February,Monday,200.98333333333332,Weekday,company,7
KR_commercial,KR_139,KR838,2.903888888888889,19.97,18.116666666666667,2022-02-28,18:07:41,2022-02-28,21:01:55,18,21,February,Monday,174.23333333333335,Weekday,company,7
KR_commercial,KR_139,KR839,2.128888888888889,13.98,11.483333333333333,2022-03-02,11:29:08,2022-03-02,13:36:52,11,13,March,Wednesday,127.73333333333336,Weekday,company,7
KR_commercial,KR_139,KR840,1.1075,7.26,13.516666666666667,2022-03-30,13:31:48,2022-03-30,14:38:15,13,14,March,Wednesday,66.44999999999999,Weekday,company,7
KR_commercial,KR_139,KR841,1.813055555555556,11.93,16.616666666666667,2022-03-30,16:37:29,2022-03-30,18:26:16,16,18,March,Wednesday,108.78333333333332,Weekday,company,7
KR_commercial,KR_139,KR842,1.878055555555556,12.43,16.9,2022-04-06,16:54:00,2022-04-06,18:46:41,16,18,April,Wednesday,112.68333333333334,Weekday,company,7
KR_commercial,KR_139,KR843,0.9366666666666666,6.0,15.116666666666667,2022-04-15,15:07:23,2022-04-15,16:03:35,15,16,April,Friday,56.2,Weekday,company,7
KR_commercial,KR_139,KR844,0.1088888888888888,0.74,12.783333333333331,2022-05-30,12:47:31,2022-05-30,12:54:03,12,12,May,Monday,6.533333333333333,Weekday,company,7
KR_commercial,KR_139,KR845,3.142777777777778,20.77,15.366666666666667,2022-05-30,15:22:42,2022-05-30,18:31:16,15,18,May,Monday,188.56666666666663,Weekday,company,7
KR_commercial,KR_139,KR846,1.2369444444444444,8.11,11.333333333333334,2022-06-03,11:20:17,2022-06-03,12:34:30,11,12,June,Friday,74.21666666666667,Weekday,company,7
KR_commercial,KR_139,KR847,0.7691666666666667,5.0,13.8,2022-06-15,13:48:46,2022-06-15,14:34:55,13,14,June,Wednesday,46.15,Weekday,company,7
KR_commercial,KR_139,KR848,0.0980555555555555,0.65,14.933333333333334,2022-06-27,14:56:31,2022-06-27,15:02:24,14,15,June,Monday,5.883333333333334,Weekday,company,7
KR_commercial,KR_139,KR849,1.8794444444444445,12.24,16.05,2022-06-27,16:03:11,2022-06-27,17:55:57,16,17,June,Monday,112.76666666666668,Weekday,company,7
KR_commercial,KR_139,KR850,1.3155555555555556,8.54,16.45,2022-07-27,16:27:26,2022-07-27,17:46:22,16,17,July,Wednesday,78.93333333333334,Weekday,company,7
KR_commercial,KR_139,KR851,3.273333333333333,20.83,12.933333333333334,2022-08-22,12:56:14,2022-08-22,16:12:38,12,16,August,Monday,196.4,Weekday,company,7
KR_commercial,KR_139,KR852,1.9508333333333332,12.78,12.533333333333331,2022-09-14,12:32:37,2022-09-14,14:29:40,12,14,September,Wednesday,117.05,Weekday,company,7
KR_commercial,KR_139,KR853,1.3319444444444444,8.63,15.116666666666667,2022-09-14,15:07:50,2022-09-14,16:27:45,15,16,September,Wednesday,79.91666666666666,Weekday,company,7
KR_commercial,KR_139,KR854,1.4011111111111112,9.08,11.816666666666666,2022-09-19,11:49:47,2022-09-19,13:13:51,11,13,September,Monday,84.06666666666668,Weekday,company,7
KR_commercial,KR_139,KR855,2.808055555555556,18.38,14.583333333333334,2022-09-27,14:35:54,2022-09-27,17:24:23,14,17,September,Tuesday,168.48333333333335,Weekday,company,7
KR_commercial,KR_139,KR856,2.000833333333333,12.74,15.05,2022-09-29,15:03:40,2022-09-29,17:03:43,15,17,September,Thursday,120.05,Weekday,company,7
KR_commercial,KR_160,KR857,1.061388888888889,7.38,13.95,2021-10-06,13:57:43,2021-10-06,15:01:24,13,15,October,Wednesday,63.68333333333334,Weekday,company,8
KR_commercial,KR_160,KR858,1.9355555555555557,13.57,15.566666666666666,2021-10-15,15:34:54,2021-10-15,17:31:02,15,17,October,Friday,116.13333333333333,Weekday,company,8
KR_commercial,KR_160,KR859,1.0775,7.49,14.4,2021-10-26,14:24:27,2021-10-26,15:29:06,14,15,October,Tuesday,64.64999999999999,Weekday,company,8
KR_commercial,KR_160,KR860,1.4958333333333331,10.45,15.1,2021-10-28,15:06:31,2021-10-28,16:36:16,15,16,October,Thursday,89.75,Weekday,company,8
KR_commercial,KR_160,KR861,2.975555555555556,20.76,11.583333333333334,2021-11-09,11:35:29,2021-11-09,14:34:01,11,14,November,Tuesday,178.53333333333333,Weekday,company,8
KR_commercial,KR_160,KR862,3.033333333333333,20.36,16.6,2021-11-16,16:36:55,2021-11-16,19:38:55,16,19,November,Tuesday,182.0,Weekday,company,8
KR_commercial,KR_160,KR863,1.8302777777777777,11.7,13.083333333333334,2021-11-19,13:05:42,2021-11-19,14:55:31,13,14,November,Friday,109.81666666666666,Weekday,company,8
KR_commercial,KR_160,KR864,1.7947222222222223,10.17,17.25,2021-11-23,17:15:53,2021-11-23,19:03:34,17,19,November,Tuesday,107.68333333333334,Weekday,company,8
KR_commercial,KR_160,KR865,2.195,13.17,11.716666666666669,2021-11-24,11:43:51,2021-11-24,13:55:33,11,13,November,Wednesday,131.7,Weekday,company,8
KR_commercial,KR_160,KR866,1.3844444444444444,8.58,15.9,2021-11-26,15:54:11,2021-11-26,17:17:15,15,17,November,Friday,83.06666666666666,Weekday,company,8
KR_commercial,KR_160,KR867,1.218888888888889,8.2,17.2,2021-11-29,17:12:26,2021-11-29,18:25:34,17,18,November,Monday,73.13333333333334,Weekday,company,8
KR_commercial,KR_160,KR868,1.2152777777777777,7.63,16.416666666666668,2021-11-30,16:25:04,2021-11-30,17:37:59,16,17,November,Tuesday,72.91666666666666,Weekday,company,8
KR_commercial,KR_160,KR869,2.270277777777778,15.43,17.433333333333334,2021-12-02,17:26:12,2021-12-02,19:42:25,17,19,December,Thursday,136.21666666666667,Weekday,company,8
KR_commercial,KR_160,KR870,0.3833333333333333,2.66,15.616666666666667,2021-12-03,15:37:33,2021-12-03,16:00:33,15,16,December,Friday,23.0,Weekday,company,8
KR_commercial,KR_160,KR871,1.8858333333333333,13.3,16.45,2021-12-09,16:27:35,2021-12-09,18:20:44,16,18,December,Thursday,113.15,Weekday,company,8
KR_commercial,KR_160,KR872,1.3125,9.12,15.566666666666666,2021-12-10,15:34:13,2021-12-10,16:52:58,15,16,December,Friday,78.75,Weekday,company,8
KR_commercial,KR_160,KR873,0.4302777777777777,2.88,10.866666666666667,2021-12-14,10:52:40,2021-12-14,11:18:29,10,11,December,Tuesday,25.816666666666663,Weekday,company,8
KR_commercial,KR_160,KR874,1.05,7.31,13.3,2021-12-14,13:18:00,2021-12-14,14:21:00,13,14,December,Tuesday,63.0,Weekday,company,8
KR_commercial,KR_160,KR875,1.561388888888889,9.96,16.216666666666665,2021-12-14,16:13:30,2021-12-14,17:47:11,16,17,December,Tuesday,93.68333333333334,Weekday,company,8
KR_commercial,KR_160,KR876,2.006388888888889,13.81,9.6,2021-12-17,09:36:51,2021-12-17,11:37:14,9,11,December,Friday,120.38333333333334,Weekday,company,8
KR_commercial,KR_160,KR877,1.1255555555555556,7.51,16.483333333333334,2021-12-20,16:29:42,2021-12-20,17:37:14,16,17,December,Monday,67.53333333333333,Weekday,company,8
KR_commercial,KR_160,KR878,1.268333333333333,8.56,16.533333333333335,2021-12-21,16:32:02,2021-12-21,17:48:08,16,17,December,Tuesday,76.1,Weekday,company,8
KR_commercial,KR_160,KR879,0.8947222222222222,6.17,15.9,2021-12-23,15:54:39,2021-12-23,16:48:20,15,16,December,Thursday,53.68333333333333,Weekday,company,8
KR_commercial,KR_160,KR880,1.3125,8.57,16.416666666666668,2021-12-24,16:25:33,2021-12-24,17:44:18,16,17,December,Friday,78.75,Weekday,company,8
KR_commercial,KR_160,KR881,2.332777777777778,15.57,15.933333333333334,2021-12-27,15:56:05,2021-12-27,18:16:03,15,18,December,Monday,139.96666666666667,Weekday,company,8
KR_commercial,KR_160,KR882,1.3666666666666667,9.04,15.233333333333333,2022-01-04,15:14:54,2022-01-04,16:36:54,15,16,January,Tuesday,82.0,Weekday,company,8
KR_commercial,KR_160,KR883,1.518333333333333,10.51,11.533333333333331,2022-01-06,11:32:32,2022-01-06,13:03:38,11,13,January,Thursday,91.1,Weekday,company,8
KR_commercial,KR_160,KR884,1.5391666666666666,9.22,15.816666666666666,2022-01-12,15:49:58,2022-01-12,17:22:19,15,17,January,Wednesday,92.35,Weekday,company,8
KR_commercial,KR_160,KR885,2.7172222222222224,18.37,16.6,2022-01-17,16:36:05,2022-01-17,19:19:07,16,19,January,Monday,163.03333333333336,Weekday,company,8
KR_commercial,KR_160,KR886,2.641388888888889,17.11,15.733333333333333,2022-01-20,15:44:12,2022-01-20,18:22:41,15,18,January,Thursday,158.48333333333332,Weekday,company,8
KR_commercial,KR_160,KR887,2.376388888888889,16.42,17.05,2022-01-21,17:03:24,2022-01-21,19:25:59,17,19,January,Friday,142.58333333333334,Weekday,company,8
KR_commercial,KR_160,KR888,2.0952777777777776,14.01,16.05,2022-01-25,16:03:35,2022-01-25,18:09:18,16,18,January,Tuesday,125.71666666666664,Weekday,company,8
KR_commercial,KR_160,KR889,2.418888888888889,15.74,17.166666666666668,2022-02-04,17:10:01,2022-02-04,19:35:09,17,19,February,Friday,145.13333333333335,Weekday,company,8
KR_commercial,KR_160,KR890,2.946388888888889,20.76,17.933333333333334,2022-02-08,17:56:24,2022-02-08,20:53:11,17,20,February,Tuesday,176.78333333333333,Weekday,company,8
KR_commercial,KR_160,KR891,2.5816666666666666,17.79,18.516666666666666,2022-02-09,18:31:32,2022-02-09,21:06:26,18,21,February,Wednesday,154.9,Weekday,company,8
KR_commercial,KR_160,KR892,2.9883333333333333,20.76,16.933333333333334,2022-02-11,16:56:28,2022-02-11,19:55:46,16,19,February,Friday,179.3,Weekday,company,8
KR_commercial,KR_160,KR894,1.3383333333333334,9.23,8.3,2022-02-16,08:18:11,2022-02-16,09:38:29,8,9,February,Wednesday,80.3,Weekday,company,8
KR_commercial,KR_160,KR895,2.957222222222222,20.76,17.483333333333334,2022-02-16,17:29:53,2022-02-16,20:27:19,17,20,February,Wednesday,177.43333333333334,Weekday,company,8
KR_commercial,KR_160,KR896,2.964722222222222,20.76,17.35,2022-02-17,17:21:19,2022-02-17,20:19:12,17,20,February,Thursday,177.88333333333333,Weekday,company,8
KR_commercial,KR_160,KR897,2.832222222222222,19.44,17.483333333333334,2022-02-18,17:29:13,2022-02-18,20:19:09,17,20,February,Friday,169.93333333333334,Weekday,company,8
KR_commercial,KR_160,KR899,2.0169444444444444,12.44,16.983333333333334,2022-02-21,16:59:40,2022-02-21,19:00:41,16,19,February,Monday,121.01666666666668,Weekday,company,8
KR_commercial,KR_160,KR900,1.8747222222222224,9.51,17.583333333333332,2022-02-22,17:35:38,2022-02-22,19:28:07,17,19,February,Tuesday,112.48333333333332,Weekday,company,8
KR_commercial,KR_160,KR901,0.2108333333333333,1.48,15.9,2022-02-28,15:54:56,2022-02-28,16:07:35,15,16,February,Monday,12.65,Weekday,company,8
KR_commercial,KR_160,KR902,2.373333333333333,15.17,17.65,2022-03-03,17:39:23,2022-03-03,20:01:47,17,20,March,Thursday,142.4,Weekday,company,8
KR_commercial,KR_160,KR903,1.9425,12.49,17.116666666666667,2022-03-04,17:07:55,2022-03-04,19:04:28,17,19,March,Friday,116.55,Weekday,company,8
KR_commercial,KR_160,KR905,0.3847222222222222,2.65,15.55,2022-03-08,15:33:31,2022-03-08,15:56:36,15,15,March,Tuesday,23.083333333333336,Weekday,company,8
KR_commercial,KR_160,KR906,2.98,20.76,17.616666666666667,2022-03-10,17:37:23,2022-03-10,20:36:11,17,20,March,Thursday,178.8,Weekday,company,8
KR_commercial,KR_160,KR907,1.0886111111111112,7.54,16.65,2022-03-11,16:39:45,2022-03-11,17:45:04,16,17,March,Friday,65.31666666666668,Weekday,company,8
KR_commercial,KR_160,KR908,3.1972222222222224,20.77,17.233333333333334,2022-03-17,17:14:19,2022-03-17,20:26:09,17,20,March,Thursday,191.83333333333331,Weekday,company,8
KR_commercial,KR_160,KR909,2.992777777777778,20.76,16.716666666666665,2022-03-18,16:43:08,2022-03-18,19:42:42,16,19,March,Friday,179.5666666666667,Weekday,company,8
KR_commercial,KR_160,KR910,1.9508333333333332,13.26,16.1,2022-03-21,16:06:06,2022-03-21,18:03:09,16,18,March,Monday,117.05,Weekday,company,8
KR_commercial,KR_160,KR911,2.566388888888889,17.15,17.15,2022-03-25,17:09:01,2022-03-25,19:43:00,17,19,March,Friday,153.98333333333335,Weekday,company,8
KR_commercial,KR_160,KR912,2.491111111111111,15.51,18.666666666666668,2022-03-28,18:40:05,2022-03-28,21:09:33,18,21,March,Monday,149.46666666666667,Weekday,company,8
KR_commercial,KR_160,KR913,2.7544444444444443,18.56,17.016666666666666,2022-03-30,17:01:53,2022-03-30,19:47:09,17,19,March,Wednesday,165.26666666666665,Weekday,company,8
KR_commercial,KR_160,KR914,2.420555555555556,14.4,18.116666666666667,2022-03-31,18:07:45,2022-03-31,20:32:59,18,20,March,Thursday,145.23333333333335,Weekday,company,8
KR_commercial,KR_160,KR915,2.087222222222222,13.65,17.083333333333332,2022-04-06,17:05:03,2022-04-06,19:10:17,17,19,April,Wednesday,125.23333333333332,Weekday,company,8
KR_commercial,KR_160,KR916,1.4355555555555557,10.03,15.233333333333333,2022-04-07,15:14:40,2022-04-07,16:40:48,15,16,April,Thursday,86.13333333333333,Weekday,company,8
KR_commercial,KR_160,KR917,2.957222222222222,20.07,16.3,2022-04-13,16:18:15,2022-04-13,19:15:41,16,19,April,Wednesday,177.43333333333334,Weekday,company,8
KR_commercial,KR_160,KR918,1.7830555555555556,12.2,14.15,2022-04-15,14:09:25,2022-04-15,15:56:24,14,15,April,Friday,106.98333333333332,Weekday,company,8
KR_commercial,KR_160,KR919,1.3144444444444443,9.03,10.266666666666667,2022-04-19,10:16:56,2022-04-19,11:35:48,10,11,April,Tuesday,78.86666666666667,Weekday,company,8
KR_commercial,KR_160,KR920,1.5780555555555555,11.16,17.3,2022-04-22,17:18:39,2022-04-22,18:53:20,17,18,April,Friday,94.68333333333334,Weekday,company,8
KR_commercial,KR_160,KR922,0.4272222222222222,2.97,13.066666666666666,2022-04-26,13:04:49,2022-04-26,13:30:27,13,13,April,Tuesday,25.633333333333333,Weekday,company,8
KR_commercial,KR_160,KR923,2.7391666666666667,19.01,17.166666666666668,2022-04-26,17:10:54,2022-04-26,19:55:15,17,19,April,Tuesday,164.35,Weekday,company,8
KR_commercial,KR_160,KR924,2.962222222222222,20.76,17.566666666666666,2022-04-28,17:34:26,2022-04-28,20:32:10,17,20,April,Thursday,177.73333333333332,Weekday,company,8
KR_commercial,KR_160,KR925,2.669722222222222,18.1,8.083333333333334,2022-05-02,08:05:07,2022-05-02,10:45:18,8,10,May,Monday,160.18333333333334,Weekday,company,8
KR_commercial,KR_160,KR926,1.8158333333333332,12.69,17.1,2022-05-02,17:06:31,2022-05-02,18:55:28,17,18,May,Monday,108.95,Weekday,company,8
KR_commercial,KR_160,KR927,2.4616666666666664,17.23,16.916666666666668,2022-05-06,16:55:30,2022-05-06,19:23:12,16,19,May,Friday,147.7,Weekday,company,8
KR_commercial,KR_160,KR928,1.2225,8.66,18.016666666666666,2022-05-09,18:01:23,2022-05-09,19:14:44,18,19,May,Monday,73.35,Weekday,company,8
KR_commercial,KR_160,KR929,1.7869444444444444,12.03,15.133333333333333,2022-05-13,15:08:30,2022-05-13,16:55:43,15,16,May,Friday,107.21666666666668,Weekday,company,8
KR_commercial,KR_160,KR930,2.9827777777777778,20.76,16.833333333333332,2022-05-17,16:50:55,2022-05-17,19:49:53,16,19,May,Tuesday,178.96666666666667,Weekday,company,8
KR_commercial,KR_160,KR931,2.0458333333333334,14.37,17.266666666666666,2022-05-18,17:16:04,2022-05-18,19:18:49,17,19,May,Wednesday,122.75,Weekday,company,8
KR_commercial,KR_160,KR932,1.1116666666666666,7.71,16.6,2022-05-19,16:36:23,2022-05-19,17:43:05,16,17,May,Thursday,66.69999999999999,Weekday,company,8
KR_commercial,KR_160,KR933,2.723888888888889,19.18,17.233333333333334,2022-05-24,17:14:05,2022-05-24,19:57:31,17,19,May,Tuesday,163.43333333333334,Weekday,company,8
KR_commercial,KR_160,KR934,0.4727777777777778,3.31,16.5,2022-05-25,16:30:48,2022-05-25,16:59:10,16,16,May,Wednesday,28.366666666666667,Weekday,company,8
KR_commercial,KR_160,KR935,1.705833333333333,11.74,8.766666666666667,2022-05-31,08:46:33,2022-05-31,10:28:54,8,10,May,Tuesday,102.35,Weekday,company,8
KR_commercial,KR_160,KR936,0.6208333333333333,4.22,8.1,2022-06-03,08:06:56,2022-06-03,08:44:11,8,8,June,Friday,37.25,Weekday,company,8
KR_commercial,KR_160,KR937,0.15,0.98,13.8,2022-06-08,13:48:49,2022-06-08,13:57:49,13,13,June,Wednesday,9.0,Weekday,company,8
KR_commercial,KR_160,KR938,0.7452777777777778,5.15,8.5,2022-06-10,08:30:52,2022-06-10,09:15:35,8,9,June,Friday,44.71666666666667,Weekday,company,8
KR_commercial,KR_160,KR939,2.985,20.76,17.333333333333332,2022-06-10,17:20:18,2022-06-10,20:19:24,17,20,June,Friday,179.1,Weekday,company,8
KR_commercial,KR_160,KR940,2.2197222222222224,15.45,15.216666666666669,2022-06-13,15:13:51,2022-06-13,17:27:02,15,17,June,Monday,133.18333333333334,Weekday,company,8
KR_commercial,KR_160,KR941,2.1061111111111117,14.51,16.65,2022-06-14,16:39:58,2022-06-14,18:46:20,16,18,June,Tuesday,126.36666666666667,Weekday,company,8
KR_commercial,KR_160,KR942,2.341388888888889,16.38,19.05,2022-06-16,19:03:48,2022-06-16,21:24:17,19,21,June,Thursday,140.48333333333335,Weekday,company,8
KR_commercial,KR_160,KR943,1.524166666666667,10.74,18.0,2022-06-17,18:00:07,2022-06-17,19:31:34,18,19,June,Friday,91.45,Weekday,company,8
KR_commercial,KR_160,KR944,2.375833333333333,16.47,18.116666666666667,2022-06-22,18:07:41,2022-06-22,20:30:14,18,20,June,Wednesday,142.55,Weekday,company,8
KR_commercial,KR_160,KR945,1.9475,13.5,17.983333333333334,2022-06-24,17:59:52,2022-06-24,19:56:43,17,19,June,Friday,116.85,Weekday,company,8
KR_commercial,KR_160,KR946,2.955277777777778,20.53,16.133333333333333,2022-06-28,16:08:55,2022-06-28,19:06:14,16,19,June,Tuesday,177.31666666666666,Weekday,company,8
KR_commercial,KR_160,KR947,2.406388888888889,16.35,9.066666666666666,2022-07-01,09:04:14,2022-07-01,11:28:37,9,11,July,Friday,144.38333333333333,Weekday,company,8
KR_commercial,KR_160,KR948,1.3205555555555557,9.06,13.016666666666667,2022-07-01,13:01:15,2022-07-01,14:20:29,13,14,July,Friday,79.23333333333333,Weekday,company,8
KR_commercial,KR_160,KR949,2.256111111111111,15.64,13.1,2022-07-05,13:06:07,2022-07-05,15:21:29,13,15,July,Tuesday,135.36666666666667,Weekday,company,8
KR_commercial,KR_160,KR950,1.8194444444444444,12.78,18.08333333333333,2022-07-07,18:05:40,2022-07-07,19:54:50,18,19,July,Thursday,109.16666666666669,Weekday,company,8
KR_commercial,KR_160,KR951,0.1747222222222222,1.18,10.55,2022-07-15,10:33:06,2022-07-15,10:43:35,10,10,July,Friday,10.483333333333334,Weekday,company,8
KR_commercial,KR_160,KR952,2.5019444444444443,17.22,16.366666666666667,2022-07-15,16:22:47,2022-07-15,18:52:54,16,18,July,Friday,150.11666666666665,Weekday,company,8
KR_commercial,KR_160,KR953,0.9005555555555556,6.22,17.083333333333332,2022-07-18,17:05:47,2022-07-18,17:59:49,17,17,July,Monday,54.03333333333333,Weekday,company,8
KR_commercial,KR_160,KR954,0.7744444444444445,5.35,17.183333333333334,2022-07-19,17:11:43,2022-07-19,17:58:11,17,17,July,Tuesday,46.46666666666667,Weekday,company,8
KR_commercial,KR_160,KR955,1.3855555555555557,9.47,15.383333333333333,2022-07-21,15:23:13,2022-07-21,16:46:21,15,16,July,Thursday,83.13333333333334,Weekday,company,8
KR_commercial,KR_160,KR958,2.9625,20.76,18.683333333333334,2022-08-05,18:41:47,2022-08-05,21:39:32,18,21,August,Friday,177.75,Weekday,company,8
KR_commercial,KR_160,KR959,2.993611111111111,20.76,17.3,2022-08-09,17:18:29,2022-08-09,20:18:06,17,20,August,Tuesday,179.61666666666667,Weekday,company,8
KR_commercial,KR_160,KR961,2.492777777777778,17.0,17.533333333333335,2022-08-18,17:32:17,2022-08-18,20:01:51,17,20,August,Thursday,149.5666666666667,Weekday,company,8
KR_commercial,KR_160,KR962,1.1347222222222222,7.73,16.716666666666665,2022-08-19,16:43:08,2022-08-19,17:51:13,16,17,August,Friday,68.08333333333333,Weekday,company,8
KR_commercial,KR_160,KR963,1.53,10.63,17.15,2022-08-23,17:09:55,2022-08-23,18:41:43,17,18,August,Tuesday,91.8,Weekday,company,8
KR_commercial,KR_160,KR964,1.1169444444444443,7.66,15.7,2022-08-24,15:42:52,2022-08-24,16:49:53,15,16,August,Wednesday,67.01666666666667,Weekday,company,8
KR_commercial,KR_160,KR965,1.2727777777777778,8.83,17.333333333333332,2022-08-29,17:20:52,2022-08-29,18:37:14,17,18,August,Monday,76.36666666666667,Weekday,company,8
KR_commercial,KR_160,KR966,0.6122222222222222,4.28,16.983333333333334,2022-09-01,16:59:45,2022-09-01,17:36:29,16,17,September,Thursday,36.73333333333333,Weekday,company,8
KR_commercial,KR_160,KR967,2.1555555555555554,15.28,16.9,2022-09-02,16:54:32,2022-09-02,19:03:52,16,19,September,Friday,129.33333333333331,Weekday,company,8
KR_commercial,KR_160,KR969,1.5611111111111111,10.83,20.53333333333333,2022-09-05,20:32:20,2022-09-05,22:06:00,20,22,September,Monday,93.66666666666669,Weekday,company,8
KR_commercial,KR_160,KR970,1.0625,7.34,17.383333333333333,2022-09-06,17:23:29,2022-09-06,18:27:14,17,18,September,Tuesday,63.75,Weekday,company,8
KR_commercial,KR_160,KR971,3.0172222222222222,20.76,17.316666666666666,2022-09-09,17:19:04,2022-09-09,20:20:06,17,20,September,Friday,181.03333333333333,Weekday,company,8
KR_commercial,KR_160,KR972,1.6094444444444445,11.28,10.583333333333334,2022-09-14,10:35:55,2022-09-14,12:12:29,10,12,September,Wednesday,96.56666666666666,Weekday,company,8
KR_commercial,KR_160,KR973,1.403333333333333,9.7,17.133333333333333,2022-09-16,17:08:47,2022-09-16,18:32:59,17,18,September,Friday,84.2,Weekday,company,8
KR_commercial,KR_160,KR975,2.3113888888888887,16.05,18.2,2022-09-19,18:12:44,2022-09-19,20:31:25,18,20,September,Monday,138.68333333333334,Weekday,company,8
KR_commercial,KR_160,KR976,1.4805555555555556,10.31,9.15,2022-09-21,09:09:34,2022-09-21,10:38:24,9,10,September,Wednesday,88.83333333333334,Weekday,company,8
KR_commercial,KR_160,KR977,1.011388888888889,6.98,17.15,2022-09-21,17:09:43,2022-09-21,18:10:24,17,18,September,Wednesday,60.68333333333334,Weekday,company,8
KR_commercial,KR_160,KR978,2.9902777777777776,20.77,17.216666666666665,2022-09-23,17:13:36,2022-09-23,20:13:01,17,20,September,Friday,179.41666666666666,Weekday,company,8
KR_commercial,KR_160,KR979,2.4186111111111117,16.65,17.6,2022-09-27,17:36:14,2022-09-27,20:01:21,17,20,September,Tuesday,145.11666666666667,Weekday,company,8
KR_commercial,KR_160,KR980,1.7719444444444443,12.26,17.216666666666665,2022-09-28,17:13:17,2022-09-28,18:59:36,17,18,September,Wednesday,106.31666666666668,Weekday,company,8
KR_commercial,KR_160,KR981,2.0194444444444444,13.92,17.483333333333334,2022-09-30,17:29:40,2022-09-30,19:30:50,17,19,September,Friday,121.16666666666666,Weekday,company,8
KR_commercial,KR_178,KR982,1.5458333333333334,10.85,8.05,2022-05-27,08:03:56,2022-05-27,09:36:41,8,9,May,Friday,92.75,Weekday,public area,9
KR_commercial,KR_178,KR983,1.5997222222222225,11.06,15.0,2022-06-01,15:00:49,2022-06-01,16:36:48,15,16,June,Wednesday,95.98333333333332,Weekday,public area,9
KR_commercial,KR_178,KR984,0.5497222222222222,3.88,20.05,2022-06-02,20:03:42,2022-06-02,20:36:41,20,20,June,Thursday,32.983333333333334,Weekday,public area,9
KR_commercial,KR_178,KR985,0.3961111111111111,2.8,17.616666666666667,2022-06-03,17:37:24,2022-06-03,18:01:10,17,18,June,Friday,23.76666666666667,Weekday,public area,9
KR_commercial,KR_178,KR987,1.2313888888888889,8.55,8.95,2022-06-06,08:57:16,2022-06-06,10:11:09,8,10,June,Monday,73.88333333333333,Weekday,public area,9
KR_commercial,KR_178,KR988,1.03,7.13,7.75,2022-06-07,07:45:54,2022-06-07,08:47:42,7,8,June,Tuesday,61.8,Weekday,public area,9
KR_commercial,KR_178,KR989,1.0605555555555557,7.19,7.983333333333333,2022-06-09,07:59:30,2022-06-09,09:03:08,7,9,June,Thursday,63.633333333333326,Weekday,public area,9
KR_commercial,KR_178,KR990,0.7711111111111111,5.33,7.9,2022-06-10,07:54:40,2022-06-10,08:40:56,7,8,June,Friday,46.266666666666666,Weekday,public area,9
KR_commercial,KR_178,KR992,1.5716666666666668,10.99,13.133333333333333,2022-06-13,13:08:29,2022-06-13,14:42:47,13,14,June,Monday,94.3,Weekday,public area,9
KR_commercial,KR_178,KR993,0.5694444444444444,3.93,7.85,2022-06-14,07:51:01,2022-06-14,08:25:11,7,8,June,Tuesday,34.166666666666664,Weekday,public area,9
KR_commercial,KR_178,KR994,1.352777777777778,9.5,13.2,2022-06-15,13:12:50,2022-06-15,14:34:00,13,14,June,Wednesday,81.16666666666667,Weekday,public area,9
KR_commercial,KR_178,KR995,0.7130555555555556,4.92,7.866666666666667,2022-06-16,07:52:27,2022-06-16,08:35:14,7,8,June,Thursday,42.78333333333333,Weekday,public area,9
KR_commercial,KR_178,KR997,1.3869444444444443,9.41,7.65,2022-06-20,07:39:17,2022-06-20,09:02:30,7,9,June,Monday,83.21666666666667,Weekday,public area,9
KR_commercial,KR_178,KR998,0.9608333333333332,6.68,7.9,2022-06-22,07:54:14,2022-06-22,08:51:53,7,8,June,Wednesday,57.65,Weekday,public area,9
KR_commercial,KR_178,KR999,1.2808333333333333,8.86,13.5,2022-06-24,13:30:15,2022-06-24,14:47:06,13,14,June,Friday,76.85,Weekday,public area,9
KR_commercial,KR_178,KR1001,1.5680555555555555,10.71,7.733333333333333,2022-06-27,07:44:37,2022-06-27,09:18:42,7,9,June,Monday,94.08333333333331,Weekday,public area,9
KR_commercial,KR_178,KR1002,0.9355555555555556,6.45,13.133333333333333,2022-06-29,13:08:44,2022-06-29,14:04:52,13,14,June,Wednesday,56.13333333333333,Weekday,public area,9
KR_commercial,KR_178,KR1003,1.1394444444444445,7.81,7.683333333333334,2022-07-01,07:41:37,2022-07-01,08:49:59,7,8,July,Friday,68.36666666666667,Weekday,public area,9
KR_commercial,KR_178,KR1004,0.9002777777777777,6.17,7.833333333333333,2022-07-04,07:50:16,2022-07-04,08:44:17,7,8,July,Monday,54.016666666666666,Weekday,public area,9
KR_commercial,KR_178,KR1005,0.6391666666666667,4.38,7.9,2022-07-05,07:54:14,2022-07-05,08:32:35,7,8,July,Tuesday,38.35,Weekday,public area,9
KR_commercial,KR_178,KR1006,1.576111111111111,10.7,7.9,2022-07-07,07:54:15,2022-07-07,09:28:49,7,9,July,Thursday,94.56666666666666,Weekday,public area,9
KR_commercial,KR_178,KR1007,0.8175,5.59,7.833333333333333,2022-07-08,07:50:22,2022-07-08,08:39:25,7,8,July,Friday,49.05,Weekday,public area,9
KR_commercial,KR_178,KR1009,1.6408333333333334,10.84,7.9,2022-07-12,07:54:18,2022-07-12,09:32:45,7,9,July,Tuesday,98.45,Weekday,public area,9
KR_commercial,KR_178,KR1010,0.9369444444444444,6.36,7.866666666666667,2022-07-14,07:52:24,2022-07-14,08:48:37,7,8,July,Thursday,56.21666666666667,Weekday,public area,9
KR_commercial,KR_178,KR1011,0.7611111111111111,5.2,7.833333333333333,2022-07-15,07:50:07,2022-07-15,08:35:47,7,8,July,Friday,45.66666666666666,Weekday,public area,9
KR_commercial,KR_178,KR1013,1.0491666666666666,7.13,7.95,2022-07-18,07:57:09,2022-07-18,09:00:06,7,9,July,Monday,62.95,Weekday,public area,9
KR_commercial,KR_178,KR1014,1.3333333333333333,9.17,7.9,2022-07-21,07:54:10,2022-07-21,09:14:10,7,9,July,Thursday,80.0,Weekday,public area,9
KR_commercial,KR_178,KR1015,0.6902777777777778,4.74,7.716666666666667,2022-07-22,07:43:42,2022-07-22,08:25:07,7,8,July,Friday,41.41666666666666,Weekday,public area,9
KR_commercial,KR_178,KR1017,1.5422222222222222,10.63,7.8,2022-07-26,07:48:05,2022-07-26,09:20:37,7,9,July,Tuesday,92.53333333333332,Weekday,public area,9
KR_commercial,KR_178,KR1018,1.3944444444444444,9.49,7.75,2022-07-29,07:45:47,2022-07-29,09:09:27,7,9,July,Friday,83.66666666666666,Weekday,public area,9
KR_commercial,KR_178,KR1019,1.575,10.77,7.566666666666666,2022-08-01,07:34:47,2022-08-01,09:09:17,7,9,August,Monday,94.5,Weekday,public area,9
KR_commercial,KR_178,KR1020,0.5011111111111111,3.46,7.833333333333333,2022-08-02,07:50:20,2022-08-02,08:20:24,7,8,August,Tuesday,30.066666666666663,Weekday,public area,9
KR_commercial,KR_178,KR1021,0.5833333333333334,4.02,7.866666666666667,2022-08-03,07:52:29,2022-08-03,08:27:29,7,8,August,Wednesday,35.0,Weekday,public area,9
KR_commercial,KR_178,KR1022,1.6477777777777778,11.16,13.333333333333334,2022-08-05,13:20:47,2022-08-05,14:59:39,13,14,August,Friday,98.86666666666667,Weekday,public area,9
KR_commercial,KR_178,KR1023,1.6080555555555556,10.77,7.866666666666667,2022-08-09,07:52:09,2022-08-09,09:28:38,7,9,August,Tuesday,96.48333333333332,Weekday,public area,9
KR_commercial,KR_178,KR1024,1.6133333333333333,10.86,7.8,2022-08-16,07:48:38,2022-08-16,09:25:26,7,9,August,Tuesday,96.8,Weekday,public area,9
KR_commercial,KR_178,KR1026,1.6086111111111112,10.77,7.833333333333333,2022-08-23,07:50:03,2022-08-23,09:26:34,7,9,August,Tuesday,96.51666666666668,Weekday,public area,9
KR_commercial,KR_178,KR1027,0.7119444444444445,4.85,7.866666666666667,2022-08-25,07:52:27,2022-08-25,08:35:10,7,8,August,Thursday,42.71666666666667,Weekday,public area,9
KR_commercial,KR_178,KR1028,0.5152777777777777,3.34,7.833333333333333,2022-08-26,07:50:03,2022-08-26,08:20:58,7,8,August,Friday,30.916666666666664,Weekday,public area,9
KR_commercial,KR_178,KR1029,1.0658333333333334,7.13,7.833333333333333,2022-08-29,07:50:40,2022-08-29,08:54:37,7,8,August,Monday,63.95,Weekday,public area,9
KR_commercial,KR_178,KR1030,0.3369444444444444,2.28,7.85,2022-08-30,07:51:12,2022-08-30,08:11:25,7,8,August,Tuesday,20.216666666666665,Weekday,public area,9
KR_commercial,KR_178,KR1031,0.9641666666666666,6.55,7.933333333333334,2022-09-01,07:56:43,2022-09-01,08:54:34,7,8,September,Thursday,57.85,Weekday,public area,9
KR_commercial,KR_178,KR1032,1.5863888888888888,10.8,13.116666666666667,2022-09-06,13:07:29,2022-09-06,14:42:40,13,14,September,Tuesday,95.18333333333334,Weekday,public area,9
KR_commercial,KR_178,KR1033,1.6016666666666666,10.88,7.783333333333333,2022-09-14,07:47:48,2022-09-14,09:23:54,7,9,September,Wednesday,96.1,Weekday,public area,9
KR_commercial,KR_178,KR1034,0.8013888888888889,5.39,7.783333333333333,2022-09-16,07:47:57,2022-09-16,08:36:02,7,8,September,Friday,48.083333333333336,Weekday,public area,9
KR_commercial,KR_178,KR1036,1.5744444444444443,10.77,7.933333333333334,2022-09-20,07:56:58,2022-09-20,09:31:26,7,9,September,Tuesday,94.46666666666668,Weekday,public area,9
KR_commercial,KR_178,KR1037,0.9091666666666668,6.24,7.833333333333333,2022-09-22,07:50:06,2022-09-22,08:44:39,7,8,September,Thursday,54.55,Weekday,public area,9
KR_commercial,KR_178,KR1039,1.5483333333333331,10.6,7.866666666666667,2022-09-27,07:52:04,2022-09-27,09:24:58,7,9,September,Tuesday,92.9,Weekday,public area,9
KR_commercial,KR_178,KR1040,1.6108333333333331,10.74,7.9,2022-09-28,07:54:12,2022-09-28,09:30:51,7,9,September,Wednesday,96.65,Weekday,public area,9
KR_commercial,KR_178,KR1041,1.5616666666666668,10.62,7.833333333333333,2022-09-30,07:50:15,2022-09-30,09:23:57,7,9,September,Friday,93.7,Weekday,public area,9
KR_commercial,KR_202,KR1042,3.077777777777778,20.77,17.15,2021-10-14,17:09:39,2021-10-14,20:14:19,17,20,October,Thursday,184.66666666666669,Weekday,company,10
KR_commercial,KR_202,KR1043,0.2119444444444444,1.4,8.566666666666666,2021-11-05,08:34:46,2021-11-05,08:47:29,8,8,November,Friday,12.716666666666669,Weekday,company,10
KR_commercial,KR_202,KR1044,2.683333333333333,18.11,11.6,2021-11-05,11:36:47,2021-11-05,14:17:47,11,14,November,Friday,161.0,Weekday,company,10
KR_commercial,KR_202,KR1045,2.952777777777778,19.57,13.766666666666667,2021-12-01,13:46:29,2021-12-01,16:43:39,13,16,December,Wednesday,177.16666666666669,Weekday,company,10
KR_commercial,KR_202,KR1046,3.0625,20.76,15.566666666666666,2021-12-07,15:34:01,2021-12-07,18:37:46,15,18,December,Tuesday,183.75,Weekday,company,10
KR_commercial,KR_202,KR1047,2.825555555555556,19.14,16.95,2021-12-24,16:57:36,2021-12-24,19:47:08,16,19,December,Friday,169.53333333333333,Weekday,company,10
KR_commercial,KR_202,KR1049,3.0572222222222223,20.76,17.566666666666666,2022-01-13,17:34:01,2022-01-13,20:37:27,17,20,January,Thursday,183.4333333333333,Weekday,company,10
KR_commercial,KR_202,KR1050,3.071388888888889,20.77,14.4,2022-01-21,14:24:56,2022-01-21,17:29:13,14,17,January,Friday,184.28333333333333,Weekday,company,10
KR_commercial,KR_202,KR1051,3.1216666666666666,20.76,16.566666666666666,2022-01-27,16:34:06,2022-01-27,19:41:24,16,19,January,Thursday,187.3,Weekday,company,10
KR_commercial,KR_202,KR1052,2.696111111111111,17.8,16.3,2022-02-11,16:18:23,2022-02-11,19:00:09,16,19,February,Friday,161.76666666666668,Weekday,company,10
KR_commercial,KR_202,KR1054,3.0775,20.76,12.416666666666666,2022-02-17,12:25:54,2022-02-17,15:30:33,12,15,February,Thursday,184.65,Weekday,company,10
KR_commercial,KR_202,KR1055,3.619166666666666,23.71,15.05,2022-03-04,15:03:25,2022-03-04,18:40:34,15,18,March,Friday,217.15,Weekday,company,10
KR_commercial,KR_202,KR1056,1.9516666666666669,12.89,17.033333333333335,2022-03-07,17:02:46,2022-03-07,18:59:52,17,18,March,Monday,117.1,Weekday,company,10
KR_commercial,KR_202,KR1057,1.606111111111111,9.39,16.983333333333334,2022-03-10,16:59:00,2022-03-10,18:35:22,16,18,March,Thursday,96.36666666666666,Weekday,company,10
KR_commercial,KR_202,KR1058,1.645,10.32,12.0,2022-03-14,12:00:26,2022-03-14,13:39:08,12,13,March,Monday,98.7,Weekday,company,10
KR_commercial,KR_202,KR1059,0.5952777777777778,3.99,16.4,2022-03-14,16:24:04,2022-03-14,16:59:47,16,16,March,Monday,35.71666666666667,Weekday,company,10
KR_commercial,KR_202,KR1060,2.5772222222222223,15.4,15.016666666666667,2022-03-17,15:01:46,2022-03-17,17:36:24,15,17,March,Thursday,154.63333333333333,Weekday,company,10
KR_commercial,KR_202,KR1061,1.3797222222222223,8.58,16.35,2022-03-18,16:21:58,2022-03-18,17:44:45,16,17,March,Friday,82.78333333333333,Weekday,company,10
KR_commercial,KR_202,KR1062,1.4144444444444444,9.12,15.966666666666669,2022-03-23,15:58:12,2022-03-23,17:23:04,15,17,March,Wednesday,84.86666666666666,Weekday,company,10
KR_commercial,KR_202,KR1063,1.5686111111111112,9.74,16.883333333333333,2022-03-24,16:53:26,2022-03-24,18:27:33,16,18,March,Thursday,94.11666666666667,Weekday,company,10
KR_commercial,KR_202,KR1064,1.0711111111111111,7.15,15.066666666666666,2022-04-06,15:04:43,2022-04-06,16:08:59,15,16,April,Wednesday,64.26666666666667,Weekday,company,10
KR_commercial,KR_202,KR1065,2.4988888888888887,16.81,17.283333333333335,2022-04-07,17:17:37,2022-04-07,19:47:33,17,19,April,Thursday,149.93333333333334,Weekday,company,10
KR_commercial,KR_202,KR1066,1.6222222222222222,11.13,17.283333333333335,2022-04-08,17:17:34,2022-04-08,18:54:54,17,18,April,Friday,97.33333333333331,Weekday,company,10
KR_commercial,KR_202,KR1067,2.113888888888889,14.46,16.816666666666666,2022-04-19,16:49:49,2022-04-19,18:56:39,16,18,April,Tuesday,126.83333333333334,Weekday,company,10
KR_commercial,KR_202,KR1068,2.004722222222222,13.18,17.3,2022-04-21,17:18:41,2022-04-21,19:18:58,17,19,April,Thursday,120.28333333333332,Weekday,company,10
KR_commercial,KR_202,KR1069,1.291388888888889,8.56,17.033333333333335,2022-04-25,17:02:42,2022-04-25,18:20:11,17,18,April,Monday,77.48333333333333,Weekday,company,10
KR_commercial,KR_202,KR1070,1.5630555555555556,10.09,12.35,2022-05-04,12:21:36,2022-05-04,13:55:23,12,13,May,Wednesday,93.78333333333332,Weekday,company,10
KR_commercial,KR_202,KR1071,2.612222222222222,17.3,10.75,2022-05-10,10:45:05,2022-05-10,13:21:49,10,13,May,Tuesday,156.73333333333332,Weekday,company,10
KR_commercial,KR_202,KR1072,2.0588888888888888,14.08,17.4,2022-05-12,17:24:40,2022-05-12,19:28:12,17,19,May,Thursday,123.53333333333332,Weekday,company,10
KR_commercial,KR_202,KR1073,1.4108333333333334,9.53,17.416666666666668,2022-05-16,17:25:24,2022-05-16,18:50:03,17,18,May,Monday,84.65,Weekday,company,10
KR_commercial,KR_202,KR1074,2.022777777777778,13.88,18.516666666666666,2022-05-18,18:31:58,2022-05-18,20:33:20,18,20,May,Wednesday,121.36666666666667,Weekday,company,10
KR_commercial,KR_202,KR1075,2.365833333333333,15.67,17.8,2022-05-23,17:48:56,2022-05-23,20:10:53,17,20,May,Monday,141.95,Weekday,company,10
KR_commercial,KR_202,KR1076,0.8866666666666667,5.98,16.516666666666666,2022-05-25,16:31:57,2022-05-25,17:25:09,16,17,May,Wednesday,53.2,Weekday,company,10
KR_commercial,KR_202,KR1077,0.9191666666666668,6.14,15.05,2022-05-26,15:03:13,2022-05-26,15:58:22,15,15,May,Thursday,55.15,Weekday,company,10
KR_commercial,KR_202,KR1078,2.844444444444445,19.35,16.066666666666666,2022-06-08,16:04:15,2022-06-08,18:54:55,16,18,June,Wednesday,170.66666666666669,Weekday,company,10
KR_commercial,KR_202,KR1079,2.290555555555556,15.54,14.566666666666666,2022-06-15,14:34:50,2022-06-15,16:52:16,14,16,June,Wednesday,137.43333333333334,Weekday,company,10
KR_commercial,KR_202,KR1080,1.093888888888889,7.43,11.35,2022-06-16,11:21:32,2022-06-16,12:27:10,11,12,June,Thursday,65.63333333333334,Weekday,company,10
KR_commercial,KR_202,KR1081,2.3266666666666667,15.69,12.7,2022-06-21,12:42:00,2022-06-21,15:01:36,12,15,June,Tuesday,139.6,Weekday,company,10
KR_commercial,KR_202,KR1082,2.015277777777778,13.61,14.183333333333334,2022-06-28,14:11:29,2022-06-28,16:12:24,14,16,June,Tuesday,120.91666666666669,Weekday,company,10
KR_commercial,KR_202,KR1083,2.8722222222222222,19.27,16.666666666666668,2022-07-01,16:40:30,2022-07-01,19:32:50,16,19,July,Friday,172.33333333333334,Weekday,company,10
KR_commercial,KR_202,KR1084,3.089722222222222,20.76,16.75,2022-07-14,16:45:54,2022-07-14,19:51:17,16,19,July,Thursday,185.38333333333333,Weekday,company,10
KR_commercial,KR_202,KR1085,1.975833333333333,13.27,14.283333333333331,2022-07-15,14:17:16,2022-07-15,16:15:49,14,16,July,Friday,118.55,Weekday,company,10
KR_commercial,KR_202,KR1086,2.542222222222222,16.97,17.316666666666666,2022-07-26,17:19:57,2022-07-26,19:52:29,17,19,July,Tuesday,152.53333333333333,Weekday,company,10
KR_commercial,KR_202,KR1087,1.189722222222222,7.97,16.4,2022-08-01,16:24:48,2022-08-01,17:36:11,16,17,August,Monday,71.38333333333333,Weekday,company,10
KR_commercial,KR_202,KR1089,2.637777777777778,17.84,15.766666666666667,2022-08-26,15:46:39,2022-08-26,18:24:55,15,18,August,Friday,158.26666666666668,Weekday,company,10
KR_commercial,KR_202,KR1090,1.8494444444444444,12.38,15.25,2022-09-06,15:15:55,2022-09-06,17:06:53,15,17,September,Tuesday,110.96666666666668,Weekday,company,10
KR_commercial,KR_202,KR1091,2.281388888888889,15.41,16.5,2022-09-07,16:30:35,2022-09-07,18:47:28,16,18,September,Wednesday,136.88333333333333,Weekday,company,10
KR_commercial,KR_202,KR1092,3.006666666666667,20.43,15.716666666666669,2022-09-13,15:43:10,2022-09-13,18:43:34,15,18,September,Tuesday,180.4,Weekday,company,10
KR_commercial,KR_202,KR1093,2.4002777777777777,16.43,17.783333333333335,2022-09-19,17:47:30,2022-09-19,20:11:31,17,20,September,Monday,144.01666666666665,Weekday,company,10
KR_commercial,KR_202,KR1094,1.4644444444444444,9.94,16.483333333333334,2022-09-20,16:29:34,2022-09-20,17:57:26,16,17,September,Tuesday,87.86666666666666,Weekday,company,10
KR_commercial,KR_202,KR1095,1.1780555555555556,8.0,16.35,2022-09-27,16:21:49,2022-09-27,17:32:30,16,17,September,Tuesday,70.68333333333334,Weekday,company,10
KR_commercial,KR_223,KR1096,2.325555555555556,14.99,10.666666666666666,2022-02-18,10:40:50,2022-02-18,13:00:22,10,13,February,Friday,139.53333333333333,Weekday,company,11
KR_commercial,KR_223,KR1097,3.0766666666666667,16.57,9.85,2022-02-21,09:51:43,2022-02-21,12:56:19,9,12,February,Monday,184.6,Weekday,company,11
KR_commercial,KR_223,KR1098,2.645277777777778,13.8,9.533333333333331,2022-02-24,09:32:24,2022-02-24,12:11:07,9,12,February,Thursday,158.71666666666667,Weekday,company,11
KR_commercial,KR_223,KR1100,3.683055555555556,21.27,9.183333333333334,2022-03-02,09:11:15,2022-03-02,12:52:14,9,12,March,Wednesday,220.98333333333332,Weekday,company,11
KR_commercial,KR_223,KR1101,2.725277777777778,14.79,9.25,2022-03-04,09:15:51,2022-03-04,11:59:22,9,11,March,Friday,163.51666666666668,Weekday,company,11
KR_commercial,KR_223,KR1102,3.293055555555556,17.98,9.05,2022-03-07,09:03:11,2022-03-07,12:20:46,9,12,March,Monday,197.58333333333331,Weekday,company,11
KR_commercial,KR_223,KR1103,3.133611111111111,17.18,9.616666666666667,2022-03-08,09:37:50,2022-03-08,12:45:51,9,12,March,Tuesday,188.01666666666668,Weekday,company,11
KR_commercial,KR_223,KR1104,1.7961111111111112,11.37,10.5,2022-03-10,10:30:08,2022-03-10,12:17:54,10,12,March,Thursday,107.76666666666668,Weekday,company,11
KR_commercial,KR_223,KR1106,2.0705555555555555,11.53,8.683333333333334,2022-03-14,08:41:59,2022-03-14,10:46:13,8,10,March,Monday,124.23333333333332,Weekday,company,11
KR_commercial,KR_223,KR1107,3.325833333333333,18.47,9.183333333333334,2022-03-21,09:11:44,2022-03-21,12:31:17,9,12,March,Monday,199.55,Weekday,company,11
KR_commercial,KR_223,KR1108,2.7397222222222224,15.03,11.25,2022-03-23,11:15:10,2022-03-23,13:59:33,11,13,March,Wednesday,164.38333333333335,Weekday,company,11
KR_commercial,KR_223,KR1110,3.5725,20.45,8.25,2022-03-28,08:15:39,2022-03-28,11:50:00,8,11,March,Monday,214.35,Weekday,company,11
KR_commercial,KR_223,KR1111,3.2352777777777777,19.22,9.133333333333333,2022-03-31,09:08:28,2022-03-31,12:22:35,9,12,March,Thursday,194.11666666666667,Weekday,company,11
KR_commercial,KR_223,KR1112,3.243611111111111,18.69,9.0,2022-04-08,09:00:25,2022-04-08,12:15:02,9,12,April,Friday,194.61666666666667,Weekday,company,11
KR_commercial,KR_223,KR1113,2.7711111111111117,16.29,8.933333333333334,2022-04-11,08:56:51,2022-04-11,11:43:07,8,11,April,Monday,166.26666666666668,Weekday,company,11
KR_commercial,KR_223,KR1114,3.292222222222222,16.57,9.216666666666669,2022-04-13,09:13:28,2022-04-13,12:31:00,9,12,April,Wednesday,197.53333333333333,Weekday,company,11
KR_commercial,KR_223,KR1115,3.2263888888888888,19.88,9.316666666666666,2022-04-19,09:19:48,2022-04-19,12:33:23,9,12,April,Tuesday,193.5833333333333,Weekday,company,11
KR_commercial,KR_223,KR1116,2.7913888888888887,17.96,9.066666666666666,2022-04-21,09:04:17,2022-04-21,11:51:46,9,11,April,Thursday,167.48333333333332,Weekday,company,11
KR_commercial,KR_223,KR1117,3.499722222222222,19.67,9.216666666666669,2022-04-25,09:13:37,2022-04-25,12:43:36,9,12,April,Monday,209.9833333333333,Weekday,company,11
KR_commercial,KR_223,KR1118,2.2444444444444445,13.03,9.55,2022-04-27,09:33:20,2022-04-27,11:48:00,9,11,April,Wednesday,134.66666666666666,Weekday,company,11
KR_commercial,KR_223,KR1119,0.6972222222222222,4.54,12.933333333333334,2022-04-29,12:56:17,2022-04-29,13:38:07,12,13,April,Friday,41.83333333333333,Weekday,company,11
KR_commercial,KR_223,KR1121,1.8363888888888888,9.63,8.883333333333333,2022-05-02,08:53:14,2022-05-02,10:43:25,8,10,May,Monday,110.18333333333334,Weekday,company,11
KR_commercial,KR_223,KR1122,2.8944444444444444,18.01,9.066666666666666,2022-05-05,09:04:19,2022-05-05,11:57:59,9,11,May,Thursday,173.66666666666666,Weekday,company,11
KR_commercial,KR_223,KR1123,1.8269444444444445,9.78,8.483333333333333,2022-05-11,08:29:47,2022-05-11,10:19:24,8,10,May,Wednesday,109.61666666666667,Weekday,company,11
KR_commercial,KR_223,KR1125,2.270277777777778,12.78,8.716666666666667,2022-05-17,08:43:43,2022-05-17,10:59:56,8,10,May,Tuesday,136.21666666666667,Weekday,company,11
KR_commercial,KR_223,KR1126,3.774722222222222,17.87,8.516666666666667,2022-05-20,08:31:01,2022-05-20,12:17:30,8,12,May,Friday,226.4833333333333,Weekday,company,11
KR_commercial,KR_223,KR1127,4.136388888888889,17.74,8.1,2022-05-27,08:06:16,2022-05-27,12:14:27,8,12,May,Friday,248.1833333333333,Weekday,company,11
KR_commercial,KR_223,KR1128,3.037777777777778,16.21,8.5,2022-05-30,08:30:01,2022-05-30,11:32:17,8,11,May,Monday,182.26666666666668,Weekday,company,11
KR_commercial,KR_223,KR1129,3.117777777777778,15.08,8.15,2022-06-01,08:09:02,2022-06-01,11:16:06,8,11,June,Wednesday,187.0666666666667,Weekday,company,11
KR_commercial,KR_223,KR1130,2.371111111111111,15.18,12.15,2022-06-03,12:09:18,2022-06-03,14:31:34,12,14,June,Friday,142.26666666666665,Weekday,company,11
KR_commercial,KR_223,KR1132,3.614444444444445,21.91,9.033333333333331,2022-06-06,09:02:38,2022-06-06,12:39:30,9,12,June,Monday,216.86666666666667,Weekday,company,11
KR_commercial,KR_223,KR1133,3.568888888888889,18.32,8.75,2022-06-10,08:45:38,2022-06-10,12:19:46,8,12,June,Friday,214.13333333333333,Weekday,company,11
KR_commercial,KR_223,KR1134,1.2677777777777777,8.22,12.616666666666667,2022-06-13,12:37:50,2022-06-13,13:53:54,12,13,June,Monday,76.06666666666666,Weekday,company,11
KR_commercial,KR_223,KR1135,3.4719444444444445,20.89,8.066666666666666,2022-06-15,08:04:30,2022-06-15,11:32:49,8,11,June,Wednesday,208.31666666666663,Weekday,company,11
KR_commercial,KR_223,KR1136,2.7716666666666665,15.87,9.083333333333334,2022-06-21,09:05:01,2022-06-21,11:51:19,9,11,June,Tuesday,166.29999999999998,Weekday,company,11
KR_commercial,KR_223,KR1137,5.108333333333333,20.92,8.966666666666667,2022-06-24,08:58:20,2022-06-24,14:04:50,8,14,June,Friday,306.5,Weekday,company,11
KR_commercial,KR_223,KR1138,3.128055555555556,17.36,8.633333333333333,2022-06-27,08:38:30,2022-06-27,11:46:11,8,11,June,Monday,187.6833333333333,Weekday,company,11
KR_commercial,KR_223,KR1139,3.0505555555555555,16.96,8.116666666666667,2022-06-30,08:07:49,2022-06-30,11:10:51,8,11,June,Thursday,183.03333333333333,Weekday,company,11
KR_commercial,KR_223,KR1141,2.411111111111111,10.41,9.116666666666667,2022-07-08,09:07:23,2022-07-08,11:32:03,9,11,July,Friday,144.66666666666666,Weekday,company,11
KR_commercial,KR_223,KR1142,2.7841666666666667,15.26,8.866666666666667,2022-07-12,08:52:24,2022-07-12,11:39:27,8,11,July,Tuesday,167.05,Weekday,company,11
KR_commercial,KR_223,KR1144,2.0055555555555555,12.8,12.75,2022-07-18,12:45:53,2022-07-18,14:46:13,12,14,July,Monday,120.33333333333331,Weekday,company,11
KR_commercial,KR_223,KR1145,2.421944444444444,13.02,10.083333333333334,2022-07-20,10:05:31,2022-07-20,12:30:50,10,12,July,Wednesday,145.31666666666666,Weekday,company,11
KR_commercial,KR_223,KR1146,3.305277777777778,17.48,8.716666666666667,2022-07-22,08:43:47,2022-07-22,12:02:06,8,12,July,Friday,198.3166666666667,Weekday,company,11
KR_commercial,KR_223,KR1148,3.1780555555555554,18.02,7.85,2022-07-26,07:51:50,2022-07-26,11:02:31,7,11,July,Tuesday,190.6833333333333,Weekday,company,11
KR_commercial,KR_223,KR1149,3.1125,17.01,9.116666666666667,2022-07-28,09:07:22,2022-07-28,12:14:07,9,12,July,Thursday,186.75,Weekday,company,11
KR_commercial,KR_223,KR1152,5.479166666666667,22.4,8.783333333333333,2022-08-08,08:47:27,2022-08-08,14:16:12,8,14,August,Monday,328.75,Weekday,company,11
KR_commercial,KR_223,KR1153,2.4411111111111112,14.74,8.266666666666667,2022-08-12,08:16:37,2022-08-12,10:43:05,8,10,August,Friday,146.46666666666667,Weekday,company,11
KR_commercial,KR_223,KR1154,3.031111111111111,16.71,8.85,2022-08-22,08:51:26,2022-08-22,11:53:18,8,11,August,Monday,181.86666666666667,Weekday,company,11
KR_commercial,KR_223,KR1155,3.591388888888889,20.06,5.916666666666667,2022-08-26,05:55:41,2022-08-26,09:31:10,5,9,August,Friday,215.48333333333332,Weekday,company,11
KR_commercial,KR_223,KR1156,3.352777777777778,18.67,9.016666666666667,2022-08-31,09:01:13,2022-08-31,12:22:23,9,12,August,Wednesday,201.16666666666669,Weekday,company,11
KR_commercial,KR_223,KR1158,3.142777777777778,17.07,8.0,2022-09-06,08:00:01,2022-09-06,11:08:35,8,11,September,Tuesday,188.56666666666663,Weekday,company,11
KR_commercial,KR_223,KR1159,3.3897222222222223,19.54,8.883333333333333,2022-09-08,08:53:46,2022-09-08,12:17:09,8,12,September,Thursday,203.38333333333333,Weekday,company,11
KR_commercial,KR_223,KR1160,2.2994444444444446,14.7,8.75,2022-09-13,08:45:09,2022-09-13,11:03:07,8,11,September,Tuesday,137.96666666666667,Weekday,company,11
KR_commercial,KR_223,KR1161,3.348888888888889,18.06,8.85,2022-09-16,08:51:30,2022-09-16,12:12:26,8,12,September,Friday,200.9333333333333,Weekday,company,11
KR_commercial,KR_223,KR1162,3.713888888888889,21.02,8.933333333333334,2022-09-20,08:56:38,2022-09-20,12:39:28,8,12,September,Tuesday,222.83333333333331,Weekday,company,11
KR_commercial,KR_223,KR1163,3.7711111111111113,19.63,8.7,2022-09-23,08:42:30,2022-09-23,12:28:46,8,12,September,Friday,226.26666666666668,Weekday,company,11
KR_commercial,KR_223,KR1164,2.6847222222222222,15.5,8.183333333333334,2022-09-26,08:11:41,2022-09-26,10:52:46,8,10,September,Monday,161.08333333333334,Weekday,company,11
KR_commercial,KR_223,KR1165,3.573611111111111,19.46,8.7,2022-09-29,08:42:02,2022-09-29,12:16:27,8,12,September,Thursday,214.41666666666663,Weekday,company,11
KR_commercial,KR_233,KR1166,7.5,41.7,19.28333333333333,2021-11-08,19:17:57,2021-11-09,02:47:57,19,2,November,Monday,450.0,Weekday,public institution,12
KR_commercial,KR_233,KR1167,9.0,37.13,17.533333333333335,2021-11-10,17:32:58,2021-11-11,02:32:58,17,2,November,Wednesday,540.0,Weekday,public institution,12
KR_commercial,KR_233,KR1168,5.0,31.54,22.48333333333333,2021-11-12,22:29:18,2021-11-13,03:29:18,22,3,November,Friday,300.0,Weekday,public institution,12
KR_commercial,KR_233,KR1169,6.0,36.78,20.33333333333333,2021-11-16,20:20:01,2021-11-17,02:20:01,20,2,November,Tuesday,360.0,Weekday,public institution,12
KR_commercial,KR_233,KR1170,7.5,45.01,17.733333333333334,2021-11-19,17:44:27,2021-11-20,01:14:27,17,1,November,Friday,450.0,Weekday,public institution,12
KR_commercial,KR_233,KR1171,6.333333333333333,27.29,21.266666666666666,2021-11-23,21:16:26,2021-11-24,03:36:26,21,3,November,Tuesday,380.0,Weekday,public institution,12
KR_commercial,KR_233,KR1172,9.0,44.48,21.166666666666668,2021-11-26,21:10:19,2021-11-27,06:10:19,21,6,November,Friday,540.0,Weekday,public institution,12
KR_commercial,KR_233,KR1173,6.666666666666667,41.33,21.133333333333333,2021-11-29,21:08:33,2021-11-30,03:48:33,21,3,November,Monday,400.0,Weekday,public institution,12
KR_commercial,KR_233,KR1174,9.0,41.87,17.516666666666666,2021-12-02,17:31:58,2021-12-03,02:31:58,17,2,December,Thursday,540.0,Weekday,public institution,12
KR_commercial,KR_233,KR1176,7.0,36.2,20.03333333333333,2021-12-07,20:02:03,2021-12-08,03:02:03,20,3,December,Tuesday,420.0,Weekday,public institution,12
KR_commercial,KR_233,KR1177,5.0,34.88,20.816666666666663,2021-12-09,20:49:00,2021-12-10,01:49:00,20,1,December,Thursday,300.0,Weekday,public institution,12
KR_commercial,KR_233,KR1178,7.5,49.1,21.3,2021-12-13,21:18:35,2021-12-14,04:48:35,21,4,December,Monday,450.0,Weekday,public institution,12
KR_commercial,KR_233,KR1179,9.0,48.08,17.766666666666666,2021-12-16,17:46:37,2021-12-17,02:46:37,17,2,December,Thursday,540.0,Weekday,public institution,12
KR_commercial,KR_233,KR1180,7.793888888888889,26.83,21.03333333333333,2021-12-17,21:02:23,2021-12-18,04:50:01,21,4,December,Friday,467.6333333333333,Weekday,public institution,12
KR_commercial,KR_233,KR1184,7.292222222222223,22.87,20.98333333333333,2022-01-05,20:59:53,2022-01-06,04:17:25,20,4,January,Wednesday,437.53333333333336,Weekday,public institution,12
KR_commercial,KR_233,KR1185,5.5,26.3,19.566666666666663,2022-01-19,19:34:45,2022-01-20,01:04:45,19,1,January,Wednesday,330.0,Weekday,public institution,12
KR_commercial,KR_233,KR1186,7.0,39.11,17.516666666666666,2022-01-24,17:31:03,2022-01-25,00:31:03,17,0,January,Monday,420.0,Weekday,public institution,12
KR_commercial,KR_233,KR1187,5.0,24.38,20.8,2022-01-28,20:48:02,2022-01-29,01:48:02,20,1,January,Friday,300.0,Weekday,public institution,12
KR_commercial,KR_233,KR1188,6.0,30.04,21.85,2022-01-31,21:51:49,2022-02-01,03:51:49,21,3,January,Monday,360.0,Weekday,public institution,12
KR_commercial,KR_233,KR1189,8.0,44.58,20.716666666666665,2022-02-03,20:43:59,2022-02-04,04:43:59,20,4,February,Thursday,480.0,Weekday,public institution,12
KR_commercial,KR_233,KR1191,7.333333333333333,41.48,20.58333333333333,2022-02-15,20:35:30,2022-02-16,03:55:30,20,3,February,Tuesday,440.0,Weekday,public institution,12
KR_commercial,KR_233,KR1192,9.0,45.22,20.03333333333333,2022-02-17,20:02:55,2022-02-18,05:02:55,20,5,February,Thursday,540.0,Weekday,public institution,12
KR_commercial,KR_233,KR1194,2.3830555555555555,16.69,14.55,2022-02-22,14:33:43,2022-02-22,16:56:42,14,16,February,Tuesday,142.98333333333332,Weekday,public institution,12
KR_commercial,KR_233,KR1195,8.166666666666666,37.34,18.133333333333333,2022-02-25,18:08:16,2022-02-26,02:18:16,18,2,February,Friday,490.0,Weekday,public institution,12
KR_commercial,KR_233,KR1197,7.666666666666667,29.59,20.8,2022-04-19,20:48:36,2022-04-20,04:28:36,20,4,April,Tuesday,460.0,Weekday,public institution,12
KR_commercial,KR_233,KR1199,7.833333333333333,26.97,20.58333333333333,2022-04-27,20:35:46,2022-04-28,04:25:46,20,4,April,Wednesday,470.0,Weekday,public institution,12
KR_commercial,KR_233,KR1201,7.0,29.28,18.2,2022-05-11,18:12:14,2022-05-12,01:12:14,18,1,May,Wednesday,420.0,Weekday,public institution,12
KR_commercial,KR_233,KR1202,7.833333333333333,31.1,19.166666666666668,2022-05-16,19:10:53,2022-05-17,03:00:53,19,3,May,Monday,470.0,Weekday,public institution,12
KR_commercial,KR_233,KR1204,7.333333333333333,42.17,20.23333333333333,2022-05-24,20:14:38,2022-05-25,03:34:38,20,3,May,Tuesday,440.0,Weekday,public institution,12
KR_commercial,KR_233,KR1205,7.5,35.98,20.133333333333333,2022-05-26,20:08:05,2022-05-27,03:38:05,20,3,May,Thursday,450.0,Weekday,public institution,12
KR_commercial,KR_233,KR1206,6.5,27.36,19.98333333333333,2022-05-27,19:59:30,2022-05-28,02:29:30,19,2,May,Friday,390.0,Weekday,public institution,12
KR_commercial,KR_233,KR1207,4.5,23.81,20.0,2022-05-31,20:00:46,2022-06-01,00:30:46,20,0,May,Tuesday,270.0,Weekday,public institution,12
KR_commercial,KR_233,KR1208,4.5,15.88,19.566666666666663,2022-06-02,19:34:21,2022-06-03,00:04:21,19,0,June,Thursday,270.0,Weekday,public institution,12
KR_commercial,KR_233,KR1209,6.5,32.62,20.566666666666663,2022-06-07,20:34:39,2022-06-08,03:04:39,20,3,June,Tuesday,390.0,Weekday,public institution,12
KR_commercial,KR_233,KR1210,7.0,36.04,20.866666666666667,2022-06-09,20:52:26,2022-06-10,03:52:26,20,3,June,Thursday,420.0,Weekday,public institution,12
KR_commercial,KR_233,KR1212,6.666666666666667,20.69,19.666666666666668,2022-06-13,19:40:16,2022-06-14,02:20:16,19,2,June,Monday,400.0,Weekday,public institution,12
KR_commercial,KR_233,KR1214,1.5,10.41,19.933333333333334,2022-06-21,19:56:24,2022-06-21,21:26:24,19,21,June,Tuesday,90.0,Weekday,public institution,12
KR_commercial,KR_233,KR1215,8.666666666666666,58.95,17.5,2022-06-23,17:30:34,2022-06-24,02:10:34,17,2,June,Thursday,520.0,Weekday,public institution,12
KR_commercial,KR_233,KR1217,9.0,51.36,19.45,2022-06-30,19:27:44,2022-07-01,04:27:44,19,4,June,Thursday,540.0,Weekday,public institution,12
KR_commercial,KR_233,KR1220,9.0,56.26,19.666666666666668,2022-07-12,19:40:20,2022-07-13,04:40:20,19,4,July,Tuesday,540.0,Weekday,public institution,12
KR_commercial,KR_233,KR1222,9.0,56.92,19.466666666666665,2022-07-19,19:28:40,2022-07-20,04:28:40,19,4,July,Tuesday,540.0,Weekday,public institution,12
KR_commercial,KR_233,KR1223,9.0,48.03,18.9,2022-07-22,18:54:46,2022-07-23,03:54:46,18,3,July,Friday,540.0,Weekday,public institution,12
KR_commercial,KR_233,KR1224,9.0,57.16,19.58333333333333,2022-07-27,19:35:35,2022-07-28,04:35:35,19,4,July,Wednesday,540.0,Weekday,public institution,12
KR_commercial,KR_233,KR1226,9.0,57.97,19.55,2022-08-03,19:33:37,2022-08-04,04:33:37,19,4,August,Wednesday,540.0,Weekday,public institution,12
KR_commercial,KR_233,KR1227,9.0,58.74,20.183333333333334,2022-08-08,20:11:54,2022-08-09,05:11:54,20,5,August,Monday,540.0,Weekday,public institution,12
KR_commercial,KR_233,KR1229,10.815833333333334,56.07,16.35,2022-08-17,16:21:04,2022-08-18,03:10:01,16,3,August,Wednesday,648.95,Weekday,public institution,12
KR_commercial,KR_233,KR1231,9.399722222222222,48.19,21.683333333333334,2022-08-25,21:41:06,2022-08-26,07:05:05,21,7,August,Thursday,563.9833333333333,Weekday,public institution,12
KR_commercial,KR_233,KR1233,8.286111111111111,38.9,22.55,2022-08-29,22:33:29,2022-08-30,06:50:39,22,6,August,Monday,497.1666666666667,Weekday,public institution,12
KR_commercial,KR_233,KR1235,10.411388888888888,57.11,17.75,2022-09-08,17:45:21,2022-09-09,04:10:02,17,4,September,Thursday,624.6833333333333,Weekday,public institution,12
KR_commercial,KR_233,KR1236,7.146944444444444,40.37,22.05,2022-09-12,22:03:06,2022-09-13,05:11:55,22,5,September,Monday,428.81666666666666,Weekday,public institution,12
KR_commercial,KR_233,KR1237,8.740833333333333,46.88,22.066666666666663,2022-09-15,22:04:14,2022-09-16,06:48:41,22,6,September,Thursday,524.4499999999999,Weekday,public institution,12
KR_commercial,KR_233,KR1239,6.833333333333333,41.85,20.116666666666667,2022-09-21,20:07:53,2022-09-22,02:57:53,20,2,September,Wednesday,410.0,Weekday,public institution,12
KR_commercial,KR_233,KR1240,10.140277777777778,42.49,19.23333333333333,2022-09-27,19:14:46,2022-09-28,05:23:11,19,5,September,Tuesday,608.4166666666666,Weekday,public institution,12
KR_commercial,KR_233,KR1241,2.2719444444444443,15.95,20.78333333333333,2022-09-30,20:47:02,2022-09-30,23:03:21,20,23,September,Friday,136.31666666666666,Weekday,public institution,12
KR_commercial,KR_240,KR1242,5.520277777777777,38.7,17.883333333333333,2021-10-01,17:53:57,2021-10-01,23:25:10,17,23,October,Friday,331.21666666666664,Weekday,public area,13
KR_commercial,KR_240,KR1243,5.462777777777778,38.7,18.28333333333333,2021-10-04,18:17:34,2021-10-04,23:45:20,18,23,October,Monday,327.7666666666667,Weekday,public area,13
KR_commercial,KR_240,KR1244,3.2758333333333334,23.2,16.85,2021-10-15,16:51:11,2021-10-15,20:07:44,16,20,October,Friday,196.55,Weekday,public area,13
KR_commercial,KR_240,KR1246,5.481388888888889,38.7,17.016666666666666,2021-10-22,17:01:59,2021-10-22,22:30:52,17,22,October,Friday,328.8833333333333,Weekday,public area,13
KR_commercial,KR_240,KR1247,5.505277777777778,38.7,16.483333333333334,2021-10-25,16:29:10,2021-10-25,21:59:29,16,21,October,Monday,330.31666666666666,Weekday,public area,13
KR_commercial,KR_240,KR1248,3.2875,23.2,18.183333333333334,2021-10-27,18:11:09,2021-10-27,21:28:24,18,21,October,Wednesday,197.25,Weekday,public area,13
KR_commercial,KR_240,KR1250,7.777222222222222,54.0,19.7,2021-11-03,19:42:27,2021-11-04,03:29:05,19,3,November,Wednesday,466.6333333333333,Weekday,public area,13
KR_commercial,KR_240,KR1251,8.178888888888888,55.6,19.1,2021-11-15,19:06:52,2021-11-16,03:17:36,19,3,November,Monday,490.7333333333333,Weekday,public area,13
KR_commercial,KR_240,KR1252,7.414722222222222,49.9,23.25,2021-11-19,23:15:35,2021-11-20,06:40:28,23,6,November,Friday,444.8833333333333,Weekday,public area,13
KR_commercial,KR_240,KR1253,5.496944444444445,38.7,17.516666666666666,2021-11-26,17:31:12,2021-11-26,23:01:01,17,23,November,Friday,329.8166666666667,Weekday,public area,13
KR_commercial,KR_240,KR1254,5.66,38.7,16.5,2021-12-01,16:30:10,2021-12-01,22:09:46,16,22,December,Wednesday,339.6,Weekday,public area,13
KR_commercial,KR_240,KR1255,8.429444444444444,58.3,18.75,2021-12-22,18:45:49,2021-12-23,03:11:35,18,3,December,Wednesday,505.76666666666665,Weekday,public area,13
KR_commercial,KR_240,KR1256,4.4,31.1,14.716666666666669,2021-12-29,14:43:47,2021-12-29,19:07:47,14,19,December,Wednesday,264.0,Weekday,public area,13
KR_commercial,KR_240,KR1257,6.110833333333333,41.2,20.683333333333334,2021-12-29,20:41:09,2021-12-30,02:47:48,20,2,December,Wednesday,366.65,Weekday,public area,13
KR_commercial,KR_240,KR1259,6.913888888888889,48.3,18.03333333333333,2022-01-03,18:02:00,2022-01-04,00:56:50,18,0,January,Monday,414.8333333333333,Weekday,public area,13
KR_commercial,KR_240,KR1261,8.08,52.5,17.316666666666666,2022-01-14,17:19:44,2022-01-15,01:24:32,17,1,January,Friday,484.8,Weekday,public area,13
KR_commercial,KR_240,KR1262,7.546944444444445,49.1,17.233333333333334,2022-01-18,17:14:35,2022-01-19,00:47:24,17,0,January,Tuesday,452.81666666666666,Weekday,public area,13
KR_commercial,KR_240,KR1263,7.0025,46.6,16.883333333333333,2022-01-26,16:53:20,2022-01-26,23:53:29,16,23,January,Wednesday,420.15,Weekday,public area,13
KR_commercial,KR_240,KR1266,7.739722222222222,51.7,18.166666666666668,2022-02-08,18:10:09,2022-02-09,01:54:32,18,1,February,Tuesday,464.3833333333333,Weekday,public area,13
KR_commercial,KR_240,KR1268,7.5025,49.0,17.983333333333334,2022-02-16,17:59:01,2022-02-17,01:29:10,17,1,February,Wednesday,450.15,Weekday,public area,13
KR_commercial,KR_240,KR1270,7.908055555555555,52.7,20.9,2022-02-25,20:54:19,2022-02-26,04:48:48,20,4,February,Friday,474.48333333333335,Weekday,public area,13
KR_commercial,KR_240,KR1271,5.846111111111111,40.7,18.4,2022-03-02,18:24:42,2022-03-03,00:15:28,18,0,March,Wednesday,350.76666666666665,Weekday,public area,13
KR_commercial,KR_240,KR1273,8.170555555555556,55.8,18.5,2022-03-09,18:30:51,2022-03-10,02:41:05,18,2,March,Wednesday,490.23333333333335,Weekday,public area,13
KR_commercial,KR_240,KR1274,5.588611111111111,39.1,17.666666666666668,2022-03-16,17:40:19,2022-03-16,23:15:38,17,23,March,Wednesday,335.31666666666666,Weekday,public area,13
KR_commercial,KR_240,KR1275,9.1,63.4,17.416666666666668,2022-03-24,17:25:58,2022-03-25,02:31:58,17,2,March,Thursday,546.0,Weekday,public area,13
KR_commercial,KR_240,KR1276,5.6875,40.0,18.1,2022-03-28,18:06:56,2022-03-28,23:48:11,18,23,March,Monday,341.25,Weekday,public area,13
KR_commercial,KR_240,KR1277,5.878611111111111,41.1,18.6,2022-04-01,18:36:57,2022-04-02,00:29:40,18,0,April,Friday,352.71666666666664,Weekday,public area,13
KR_commercial,KR_240,KR1278,8.72638888888889,60.0,17.016666666666666,2022-04-05,17:01:59,2022-04-06,01:45:34,17,1,April,Tuesday,523.5833333333334,Weekday,public area,13
KR_commercial,KR_240,KR1279,5.861944444444444,40.9,18.5,2022-04-15,18:30:18,2022-04-16,00:22:01,18,0,April,Friday,351.71666666666664,Weekday,public area,13
KR_commercial,KR_240,KR1281,2.015833333333333,13.8,14.25,2022-04-25,14:15:27,2022-04-25,16:16:24,14,16,April,Monday,120.95,Weekday,public area,13
KR_commercial,KR_240,KR1282,6.706388888888889,46.0,20.1,2022-05-03,20:06:58,2022-05-04,02:49:21,20,2,May,Tuesday,402.3833333333333,Weekday,public area,13
KR_commercial,KR_240,KR1283,6.292222222222223,43.6,19.73333333333333,2022-05-12,19:44:49,2022-05-13,02:02:21,19,2,May,Thursday,377.53333333333336,Weekday,public area,13
KR_commercial,KR_240,KR1284,5.959444444444444,41.3,18.666666666666668,2022-05-17,18:40:55,2022-05-18,00:38:29,18,0,May,Tuesday,357.56666666666666,Weekday,public area,13
KR_commercial,KR_240,KR1287,5.684166666666667,39.8,17.983333333333334,2022-06-02,17:59:07,2022-06-02,23:40:10,17,23,June,Thursday,341.05,Weekday,public area,13
KR_commercial,KR_240,KR1288,6.104166666666667,42.4,19.183333333333334,2022-06-06,19:11:46,2022-06-07,01:18:01,19,1,June,Monday,366.25,Weekday,public area,13
KR_commercial,KR_240,KR1289,8.216111111111111,57.2,18.2,2022-06-10,18:12:41,2022-06-11,02:25:39,18,2,June,Friday,492.9666666666667,Weekday,public area,13
KR_commercial,KR_240,KR1292,4.633333333333334,32.2,19.666666666666668,2022-06-30,19:40:28,2022-07-01,00:18:28,19,0,June,Thursday,278.0,Weekday,public area,13
KR_commercial,KR_240,KR1295,8.74638888888889,61.1,18.6,2022-07-14,18:36:14,2022-07-15,03:21:01,18,3,July,Thursday,524.7833333333333,Weekday,public area,13
KR_commercial,KR_240,KR1296,5.758611111111111,40.1,18.15,2022-07-19,18:09:26,2022-07-19,23:54:57,18,23,July,Tuesday,345.51666666666665,Weekday,public area,13
KR_commercial,KR_240,KR1298,6.5125,45.2,20.516666666666666,2022-07-29,20:31:48,2022-07-30,03:02:33,20,3,July,Friday,390.75,Weekday,public area,13
KR_commercial,KR_240,KR1299,8.098055555555556,56.8,20.1,2022-08-03,20:06:59,2022-08-04,04:12:52,20,4,August,Wednesday,485.8833333333333,Weekday,public area,13
KR_commercial,KR_240,KR1301,6.3,43.9,19.916666666666668,2022-08-10,19:55:44,2022-08-11,02:13:44,19,2,August,Wednesday,378.0,Weekday,public area,13
KR_commercial,KR_240,KR1304,10.247222222222222,21.0,17.916666666666668,2022-08-15,17:55:11,2022-08-16,04:10:01,17,4,August,Monday,614.8333333333333,Weekday,public area,13
KR_commercial,KR_240,KR1305,4.383333333333334,30.5,20.0,2022-08-17,20:00:54,2022-08-18,00:23:54,20,0,August,Wednesday,263.0,Weekday,public area,13
KR_commercial,KR_240,KR1306,2.6,18.0,21.633333333333333,2022-08-22,21:38:17,2022-08-23,00:14:17,21,0,August,Monday,156.0,Weekday,public area,13
KR_commercial,KR_240,KR1307,4.13,29.0,20.33333333333333,2022-08-25,20:20:16,2022-08-26,00:28:04,20,0,August,Thursday,247.8,Weekday,public area,13
KR_commercial,KR_240,KR1310,2.9166666666666665,20.3,21.23333333333333,2022-08-30,21:14:50,2022-08-31,00:09:50,21,0,August,Tuesday,175.0,Weekday,public area,13
KR_commercial,KR_240,KR1312,4.833333333333333,33.9,20.1,2022-09-07,20:06:57,2022-09-08,00:56:57,20,0,September,Wednesday,290.0,Weekday,public area,13
KR_commercial,KR_240,KR1314,5.293055555555555,37.2,17.55,2022-09-12,17:33:18,2022-09-12,22:50:53,17,22,September,Monday,317.5833333333333,Weekday,public area,13
KR_commercial,KR_391,KR1421,6.773611111111111,47.0,20.8,2021-09-30,20:48:46,2021-10-01,03:35:11,20,3,September,Thursday,406.4166666666667,Weekday,public area,17
KR_commercial,KR_391,KR1422,8.434166666666666,58.0,19.416666666666668,2021-10-07,19:25:01,2021-10-08,03:51:04,19,3,October,Thursday,506.05,Weekday,public area,17
KR_commercial,KR_391,KR1425,7.786666666666667,54.1,18.866666666666667,2021-10-29,18:52:29,2021-10-30,02:39:41,18,2,October,Friday,467.2000000000001,Weekday,public area,17
KR_commercial,KR_391,KR1426,7.519444444444445,51.9,17.616666666666667,2021-11-04,17:37:08,2021-11-05,01:08:18,17,1,November,Thursday,451.1666666666667,Weekday,public area,17
KR_commercial,KR_391,KR1427,7.618055555555555,50.4,8.65,2021-11-15,08:39:23,2021-11-15,16:16:28,8,16,November,Monday,457.0833333333333,Weekday,public area,17
KR_commercial,KR_391,KR1430,7.498611111111111,50.0,20.816666666666663,2021-12-02,20:49:45,2021-12-03,04:19:40,20,4,December,Thursday,449.9166666666666,Weekday,public area,17
KR_commercial,KR_391,KR1431,7.816666666666666,51.2,8.616666666666667,2021-12-10,08:37:04,2021-12-10,16:26:04,8,16,December,Friday,469.0,Weekday,public area,17
KR_commercial,KR_391,KR1432,3.803333333333333,25.8,20.85,2021-12-14,20:51:22,2021-12-15,00:39:34,20,0,December,Tuesday,228.2,Weekday,public area,17
KR_commercial,KR_391,KR1433,7.698055555555555,51.1,8.783333333333333,2021-12-20,08:47:34,2021-12-20,16:29:27,8,16,December,Monday,461.8833333333333,Weekday,public area,17
KR_commercial,KR_391,KR1434,5.461944444444445,35.0,21.016666666666666,2021-12-24,21:01:16,2021-12-25,02:28:59,21,2,December,Friday,327.7166666666667,Weekday,public area,17
KR_commercial,KR_391,KR1435,6.193611111111111,40.5,19.683333333333334,2021-12-28,19:41:30,2021-12-29,01:53:07,19,1,December,Tuesday,371.6166666666667,Weekday,public area,17
KR_commercial,KR_391,KR1437,6.836666666666667,46.0,20.916666666666668,2022-01-04,20:55:53,2022-01-05,03:46:05,20,3,January,Tuesday,410.2,Weekday,public area,17
KR_commercial,KR_391,KR1438,8.810555555555556,58.7,17.516666666666666,2022-01-07,17:31:40,2022-01-08,02:20:18,17,2,January,Friday,528.6333333333333,Weekday,public area,17
KR_commercial,KR_391,KR1440,5.846111111111111,37.9,20.933333333333334,2022-01-12,20:56:23,2022-01-13,02:47:09,20,2,January,Wednesday,350.76666666666665,Weekday,public area,17
KR_commercial,KR_391,KR1442,6.938611111111111,45.49,21.28333333333333,2022-01-21,21:17:25,2022-01-22,04:13:44,21,4,January,Friday,416.31666666666666,Weekday,public area,17
KR_commercial,KR_391,KR1443,3.51,22.3,21.28333333333333,2022-01-25,21:17:02,2022-01-26,00:47:38,21,0,January,Tuesday,210.6,Weekday,public area,17
KR_commercial,KR_391,KR1444,8.311944444444444,54.3,15.833333333333334,2022-01-28,15:50:23,2022-01-29,00:09:06,15,0,January,Friday,498.7166666666666,Weekday,public area,17
KR_commercial,KR_391,KR1446,3.3516666666666666,23.2,19.28333333333333,2022-01-31,19:17:39,2022-01-31,22:38:45,19,22,January,Monday,201.1,Weekday,public area,17
KR_commercial,KR_391,KR1447,3.934444444444445,26.7,21.266666666666666,2022-02-04,21:16:41,2022-02-05,01:12:45,21,1,February,Friday,236.06666666666663,Weekday,public area,17
KR_commercial,KR_391,KR1448,1.6302777777777775,11.4,8.633333333333333,2022-02-15,08:38:08,2022-02-15,10:15:57,8,10,February,Tuesday,97.81666666666666,Weekday,public area,17
KR_commercial,KR_391,KR1449,6.4075,41.6,20.683333333333334,2022-02-17,20:41:01,2022-02-18,03:05:28,20,3,February,Thursday,384.45,Weekday,public area,17
KR_commercial,KR_391,KR1450,3.3433333333333333,23.2,14.616666666666667,2022-02-21,14:37:52,2022-02-21,17:58:28,14,17,February,Monday,200.6,Weekday,public area,17
KR_commercial,KR_391,KR1451,4.337777777777778,28.0,21.28333333333333,2022-02-23,21:17:25,2022-02-24,01:37:41,21,1,February,Wednesday,260.2666666666667,Weekday,public area,17
KR_commercial,KR_391,KR1452,5.083611111111111,32.2,20.58333333333333,2022-02-25,20:35:21,2022-02-26,01:40:22,20,1,February,Friday,305.01666666666665,Weekday,public area,17
KR_commercial,KR_391,KR1453,3.9066666666666663,26.9,21.416666666666668,2022-02-28,21:25:32,2022-03-01,01:19:56,21,1,February,Monday,234.4,Weekday,public area,17
KR_commercial,KR_391,KR1454,5.6675,36.9,21.116666666666667,2022-03-03,21:07:50,2022-03-04,02:47:53,21,2,March,Thursday,340.05,Weekday,public area,17
KR_commercial,KR_391,KR1457,2.233888888888889,15.5,17.5,2022-03-17,17:30:35,2022-03-17,19:44:37,17,19,March,Thursday,134.03333333333333,Weekday,public area,17
KR_commercial,KR_391,KR1459,6.444722222222223,44.8,20.366666666666667,2022-03-23,20:22:26,2022-03-24,02:49:07,20,2,March,Wednesday,386.6833333333333,Weekday,public area,17
KR_commercial,KR_391,KR1462,8.078888888888889,52.3,16.4,2022-04-05,16:24:53,2022-04-06,00:29:37,16,0,April,Tuesday,484.73333333333335,Weekday,public area,17
KR_commercial,KR_391,KR1463,3.3430555555555554,23.2,18.466666666666665,2022-04-08,18:28:57,2022-04-08,21:49:32,18,21,April,Friday,200.5833333333333,Weekday,public area,17
KR_commercial,KR_391,KR1466,6.138888888888889,42.0,18.933333333333334,2022-04-20,18:56:38,2022-04-21,01:04:58,18,1,April,Wednesday,368.33333333333337,Weekday,public area,17
KR_commercial,KR_391,KR1467,7.319166666666667,50.1,17.716666666666665,2022-04-28,17:43:39,2022-04-29,01:02:48,17,1,April,Thursday,439.15,Weekday,public area,17
KR_commercial,KR_391,KR1468,1.8597222222222225,12.9,14.3,2022-05-03,14:18:06,2022-05-03,16:09:41,14,16,May,Tuesday,111.58333333333334,Weekday,public area,17
KR_commercial,KR_391,KR1469,7.253888888888889,49.3,18.933333333333334,2022-05-03,18:56:09,2022-05-04,02:11:23,18,2,May,Tuesday,435.2333333333333,Weekday,public area,17
KR_commercial,KR_391,KR1470,7.073055555555555,48.8,17.416666666666668,2022-05-11,17:25:43,2022-05-12,00:30:06,17,0,May,Wednesday,424.3833333333333,Weekday,public area,17
KR_commercial,KR_391,KR1473,7.604722222222223,52.7,0.6,2022-05-31,00:36:28,2022-05-31,08:12:45,0,8,May,Tuesday,456.28333333333336,Weekday,public area,17
KR_commercial,KR_391,KR1474,6.113055555555556,42.2,9.616666666666667,2022-06-07,09:37:32,2022-06-07,15:44:19,9,15,June,Tuesday,366.7833333333333,Weekday,public area,17
KR_commercial,KR_391,KR1477,2.0194444444444444,13.6,9.583333333333334,2022-06-23,09:35:26,2022-06-23,11:36:36,9,11,June,Thursday,121.16666666666666,Weekday,public area,17
KR_commercial,KR_391,KR1478,6.842222222222222,46.5,16.85,2022-06-24,16:51:38,2022-06-24,23:42:10,16,23,June,Friday,410.53333333333336,Weekday,public area,17
KR_commercial,KR_391,KR1479,6.546388888888889,45.1,2.533333333333333,2022-07-01,02:32:16,2022-07-01,09:05:03,2,9,July,Friday,392.78333333333336,Weekday,public area,17
KR_commercial,KR_391,KR1483,8.266388888888889,56.4,20.566666666666663,2022-08-04,20:34:43,2022-08-05,04:50:42,20,4,August,Thursday,495.98333333333335,Weekday,public area,17
KR_commercial,KR_391,KR1484,6.016388888888889,40.8,9.783333333333331,2022-08-09,09:47:21,2022-08-09,15:48:20,9,15,August,Tuesday,360.98333333333335,Weekday,public area,17
KR_commercial,KR_391,KR1485,10.480555555555556,32.5,0.6833333333333333,2022-08-15,00:41:11,2022-08-15,11:10:01,0,11,August,Monday,628.8333333333334,Weekday,public area,17
KR_commercial,KR_391,KR1488,0.2502777777777777,1.6,12.3,2022-08-30,12:18:49,2022-08-30,12:33:50,12,12,August,Tuesday,15.016666666666666,Weekday,public area,17
KR_commercial,KR_391,KR1489,10.2725,22.2,13.883333333333333,2022-08-30,13:53:40,2022-08-31,00:10:01,13,0,August,Tuesday,616.35,Weekday,public area,17
KR_commercial,KR_391,KR1490,4.269722222222223,29.1,20.866666666666667,2022-09-08,20:52:09,2022-09-09,01:08:20,20,1,September,Thursday,256.18333333333334,Weekday,public area,17
KR_commercial,KR_391,KR1491,5.0,34.7,10.45,2022-09-19,10:27:47,2022-09-19,15:27:47,10,15,September,Monday,300.0,Weekday,public area,17
KR_commercial,KR_401,KR1493,2.3433333333333333,16.04,9.216666666666669,2021-10-06,09:13:47,2021-10-06,11:34:23,9,11,October,Wednesday,140.6,Weekday,company,18
KR_commercial,KR_401,KR1494,2.8669444444444445,20.15,16.583333333333332,2021-10-07,16:35:49,2021-10-07,19:27:50,16,19,October,Thursday,172.01666666666668,Weekday,company,18
KR_commercial,KR_401,KR1495,1.8016666666666667,12.54,17.133333333333333,2021-10-14,17:08:22,2021-10-14,18:56:28,17,18,October,Thursday,108.1,Weekday,company,18
KR_commercial,KR_401,KR1496,2.097777777777778,14.13,17.283333333333335,2021-10-21,17:17:16,2021-10-21,19:23:08,17,19,October,Thursday,125.86666666666667,Weekday,company,18
KR_commercial,KR_401,KR1497,2.5952777777777776,18.02,8.216666666666667,2021-10-29,08:13:32,2021-10-29,10:49:15,8,10,October,Friday,155.71666666666664,Weekday,company,18
KR_commercial,KR_401,KR1498,2.2883333333333336,15.32,16.383333333333333,2021-11-08,16:23:34,2021-11-08,18:40:52,16,18,November,Monday,137.3,Weekday,company,18
KR_commercial,KR_401,KR1499,2.788055555555556,19.18,16.016666666666666,2021-11-18,16:01:43,2021-11-18,18:49:00,16,18,November,Thursday,167.28333333333333,Weekday,company,18
KR_commercial,KR_401,KR1500,1.6141666666666667,9.48,17.283333333333335,2021-11-24,17:17:12,2021-11-24,18:54:03,17,18,November,Wednesday,96.85,Weekday,company,18
KR_commercial,KR_401,KR1501,2.7569444444444446,18.61,18.183333333333334,2021-11-29,18:11:33,2021-11-29,20:56:58,18,20,November,Monday,165.41666666666669,Weekday,company,18
KR_commercial,KR_401,KR1502,2.3266666666666667,15.96,16.916666666666668,2021-12-06,16:55:31,2021-12-06,19:15:07,16,19,December,Monday,139.6,Weekday,company,18
KR_commercial,KR_401,KR1503,2.9969444444444444,19.69,16.966666666666665,2021-12-08,16:58:01,2021-12-08,19:57:50,16,19,December,Wednesday,179.81666666666666,Weekday,company,18
KR_commercial,KR_401,KR1504,2.9491666666666667,20.76,16.133333333333333,2021-12-16,16:08:51,2021-12-16,19:05:48,16,19,December,Thursday,176.95,Weekday,company,18
KR_commercial,KR_401,KR1505,2.9452777777777777,20.76,16.266666666666666,2021-12-24,16:16:37,2021-12-24,19:13:20,16,19,December,Friday,176.71666666666667,Weekday,company,18
KR_commercial,KR_401,KR1506,2.734444444444444,18.42,15.716666666666669,2021-12-27,15:43:29,2021-12-27,18:27:33,15,18,December,Monday,164.06666666666666,Weekday,company,18
KR_commercial,KR_401,KR1507,2.9522222222222223,20.77,16.683333333333334,2021-12-30,16:41:28,2021-12-30,19:38:36,16,19,December,Thursday,177.13333333333333,Weekday,company,18
KR_commercial,KR_401,KR1508,1.9727777777777775,13.46,18.683333333333334,2022-01-04,18:41:55,2022-01-04,20:40:17,18,20,January,Tuesday,118.36666666666666,Weekday,company,18
KR_commercial,KR_401,KR1509,0.2391666666666666,0.87,8.283333333333333,2022-01-07,08:17:33,2022-01-07,08:31:54,8,8,January,Friday,14.35,Weekday,company,18
KR_commercial,KR_401,KR1510,2.8819444444444446,19.82,19.08333333333333,2022-01-10,19:05:42,2022-01-10,21:58:37,19,21,January,Monday,172.91666666666669,Weekday,company,18
KR_commercial,KR_401,KR1511,2.9480555555555554,19.63,8.016666666666667,2022-01-14,08:01:18,2022-01-14,10:58:11,8,10,January,Friday,176.88333333333333,Weekday,company,18
KR_commercial,KR_401,KR1512,2.496111111111111,17.12,16.966666666666665,2022-01-17,16:58:51,2022-01-17,19:28:37,16,19,January,Monday,149.76666666666665,Weekday,company,18
KR_commercial,KR_401,KR1513,1.8208333333333333,12.28,16.133333333333333,2022-01-24,16:08:23,2022-01-24,17:57:38,16,17,January,Monday,109.25,Weekday,company,18
KR_commercial,KR_401,KR1514,2.3408333333333333,16.29,16.166666666666668,2022-01-27,16:10:57,2022-01-27,18:31:24,16,18,January,Thursday,140.45,Weekday,company,18
KR_commercial,KR_401,KR1515,2.605,17.59,16.316666666666666,2022-02-04,16:19:15,2022-02-04,18:55:33,16,18,February,Friday,156.3,Weekday,company,18
KR_commercial,KR_401,KR1516,2.3094444444444444,15.63,16.383333333333333,2022-02-09,16:23:09,2022-02-09,18:41:43,16,18,February,Wednesday,138.56666666666666,Weekday,company,18
KR_commercial,KR_401,KR1517,2.466666666666667,17.13,16.833333333333332,2022-02-11,16:50:02,2022-02-11,19:18:02,16,19,February,Friday,148.0,Weekday,company,18
KR_commercial,KR_401,KR1518,2.9916666666666667,20.76,15.666666666666666,2022-02-15,15:40:07,2022-02-15,18:39:37,15,18,February,Tuesday,179.5,Weekday,company,18
KR_commercial,KR_401,KR1519,2.9594444444444443,20.76,16.866666666666667,2022-02-16,16:52:37,2022-02-16,19:50:11,16,19,February,Wednesday,177.56666666666666,Weekday,company,18
KR_commercial,KR_401,KR1520,2.3497222222222223,15.91,16.133333333333333,2022-02-18,16:08:41,2022-02-18,18:29:40,16,18,February,Friday,140.98333333333335,Weekday,company,18
KR_commercial,KR_401,KR1521,2.888611111111111,19.14,17.083333333333332,2022-02-22,17:05:11,2022-02-22,19:58:30,17,19,February,Tuesday,173.31666666666666,Weekday,company,18
KR_commercial,KR_401,KR1522,2.741111111111111,18.11,18.916666666666668,2022-02-23,18:55:40,2022-02-23,21:40:08,18,21,February,Wednesday,164.46666666666667,Weekday,company,18
KR_commercial,KR_401,KR1523,2.781944444444445,19.16,16.816666666666666,2022-03-02,16:49:11,2022-03-02,19:36:06,16,19,March,Wednesday,166.91666666666669,Weekday,company,18
KR_commercial,KR_401,KR1524,0.0852777777777777,0.59,16.9,2022-03-07,16:54:25,2022-03-07,16:59:32,16,16,March,Monday,5.116666666666666,Weekday,company,18
KR_commercial,KR_401,KR1525,2.296388888888889,15.76,15.966666666666669,2022-03-08,15:58:16,2022-03-08,18:16:03,15,18,March,Tuesday,137.78333333333333,Weekday,company,18
KR_commercial,KR_401,KR1526,0.6461111111111111,4.45,8.1,2022-03-17,08:06:52,2022-03-17,08:45:38,8,8,March,Thursday,38.766666666666666,Weekday,company,18
KR_commercial,KR_401,KR1527,3.026111111111111,20.76,18.53333333333333,2022-03-17,18:32:41,2022-03-17,21:34:15,18,21,March,Thursday,181.56666666666663,Weekday,company,18
KR_commercial,KR_401,KR1529,1.248888888888889,8.24,17.316666666666666,2022-03-21,17:19:59,2022-03-21,18:34:55,17,18,March,Monday,74.93333333333334,Weekday,company,18
KR_commercial,KR_401,KR1530,1.9452777777777777,10.87,15.85,2022-03-24,15:51:16,2022-03-24,17:47:59,15,17,March,Thursday,116.71666666666668,Weekday,company,18
KR_commercial,KR_401,KR1531,2.963055555555556,20.76,15.983333333333333,2022-04-04,15:59:43,2022-04-04,18:57:30,15,18,April,Monday,177.78333333333333,Weekday,company,18
KR_commercial,KR_401,KR1532,2.181388888888889,15.1,7.933333333333334,2022-04-08,07:56:20,2022-04-08,10:07:13,7,10,April,Friday,130.88333333333333,Weekday,company,18
KR_commercial,KR_401,KR1533,2.3697222222222223,15.87,15.916666666666666,2022-04-13,15:55:50,2022-04-13,18:18:01,15,18,April,Wednesday,142.18333333333334,Weekday,company,18
KR_commercial,KR_401,KR1534,1.985,13.89,16.1,2022-04-22,16:06:25,2022-04-22,18:05:31,16,18,April,Friday,119.1,Weekday,company,18
KR_commercial,KR_401,KR1535,1.950555555555556,13.56,14.566666666666666,2022-04-26,14:34:47,2022-04-26,16:31:49,14,16,April,Tuesday,117.03333333333332,Weekday,company,18
KR_commercial,KR_401,KR1536,1.3888888888888888,9.22,16.916666666666668,2022-04-29,16:55:21,2022-04-29,18:18:41,16,18,April,Friday,83.33333333333333,Weekday,company,18
KR_commercial,KR_401,KR1537,2.874722222222222,19.69,16.933333333333334,2022-05-06,16:56:45,2022-05-06,19:49:14,16,19,May,Friday,172.48333333333332,Weekday,company,18
KR_commercial,KR_401,KR1538,1.7397222222222222,12.24,16.1,2022-05-10,16:06:29,2022-05-10,17:50:52,16,17,May,Tuesday,104.38333333333333,Weekday,company,18
KR_commercial,KR_401,KR1539,2.257222222222222,15.4,15.95,2022-05-17,15:57:22,2022-05-17,18:12:48,15,18,May,Tuesday,135.4333333333333,Weekday,company,18
KR_commercial,KR_401,KR1540,2.112222222222222,14.68,18.716666666666665,2022-05-25,18:43:45,2022-05-25,20:50:29,18,20,May,Wednesday,126.73333333333332,Weekday,company,18
KR_commercial,KR_401,KR1541,2.2913888888888887,15.96,17.033333333333335,2022-05-27,17:02:26,2022-05-27,19:19:55,17,19,May,Friday,137.48333333333332,Weekday,company,18
KR_commercial,KR_401,KR1542,2.915277777777778,20.16,18.55,2022-06-09,18:33:31,2022-06-09,21:28:26,18,21,June,Thursday,174.91666666666669,Weekday,company,18
KR_commercial,KR_401,KR1543,2.984166666666667,20.76,13.933333333333334,2022-06-16,13:56:34,2022-06-16,16:55:37,13,16,June,Thursday,179.05,Weekday,company,18
KR_commercial,KR_401,KR1544,2.6394444444444445,18.28,9.4,2022-06-21,09:24:36,2022-06-21,12:02:58,9,12,June,Tuesday,158.36666666666667,Weekday,company,18
KR_commercial,KR_401,KR1545,2.9175,20.21,12.85,2022-06-24,12:51:21,2022-06-24,15:46:24,12,15,June,Friday,175.05,Weekday,company,18
KR_commercial,KR_401,KR1546,2.09,14.35,15.966666666666669,2022-06-28,15:58:55,2022-06-28,18:04:19,15,18,June,Tuesday,125.4,Weekday,company,18
KR_commercial,KR_401,KR1547,2.973888888888889,20.76,17.966666666666665,2022-07-04,17:58:27,2022-07-04,20:56:53,17,20,July,Monday,178.43333333333334,Weekday,company,18
KR_commercial,KR_401,KR1548,1.8733333333333333,12.88,16.183333333333334,2022-07-06,16:11:05,2022-07-06,18:03:29,16,18,July,Wednesday,112.4,Weekday,company,18
KR_commercial,KR_401,KR1549,2.6552777777777776,18.62,16.116666666666667,2022-07-08,16:07:42,2022-07-08,18:47:01,16,18,July,Friday,159.31666666666666,Weekday,company,18
KR_commercial,KR_401,KR1551,2.0147222222222223,13.84,10.233333333333333,2022-07-15,10:14:57,2022-07-15,12:15:50,10,12,July,Friday,120.88333333333334,Weekday,company,18
KR_commercial,KR_401,KR1552,1.752222222222222,11.94,16.516666666666666,2022-07-19,16:31:03,2022-07-19,18:16:11,16,18,July,Tuesday,105.13333333333333,Weekday,company,18
KR_commercial,KR_401,KR1553,2.4922222222222223,17.2,16.866666666666667,2022-07-26,16:52:05,2022-07-26,19:21:37,16,19,July,Tuesday,149.53333333333333,Weekday,company,18
KR_commercial,KR_401,KR1554,2.9094444444444445,20.3,16.183333333333334,2022-08-02,16:11:49,2022-08-02,19:06:23,16,19,August,Tuesday,174.56666666666666,Weekday,company,18
KR_commercial,KR_401,KR1555,1.8016666666666667,12.54,16.9,2022-08-08,16:54:10,2022-08-08,18:42:16,16,18,August,Monday,108.1,Weekday,company,18
KR_commercial,KR_401,KR1556,3.145,21.69,15.683333333333334,2022-08-11,15:41:38,2022-08-11,18:50:20,15,18,August,Thursday,188.7,Weekday,company,18
KR_commercial,KR_401,KR1557,2.7883333333333336,18.78,13.35,2022-08-22,13:21:54,2022-08-22,16:09:12,13,16,August,Monday,167.3,Weekday,company,18
KR_commercial,KR_401,KR1558,2.6319444444444446,18.2,16.283333333333335,2022-08-31,16:17:32,2022-08-31,18:55:27,16,18,August,Wednesday,157.91666666666669,Weekday,company,18
KR_commercial,KR_401,KR1559,1.5775,10.98,18.066666666666663,2022-09-05,18:04:45,2022-09-05,19:39:24,18,19,September,Monday,94.65,Weekday,company,18
KR_commercial,KR_401,KR1560,2.953055555555556,20.76,15.6,2022-09-07,15:36:34,2022-09-07,18:33:45,15,18,September,Wednesday,177.18333333333334,Weekday,company,18
KR_commercial,KR_401,KR1561,2.3872222222222224,16.44,16.733333333333334,2022-09-08,16:44:32,2022-09-08,19:07:46,16,19,September,Thursday,143.23333333333335,Weekday,company,18
KR_commercial,KR_401,KR1562,2.8525,19.56,13.8,2022-09-20,13:48:09,2022-09-20,16:39:18,13,16,September,Tuesday,171.15,Weekday,company,18
KR_commercial,KR_401,KR1563,2.857222222222222,19.91,14.65,2022-09-26,14:39:30,2022-09-26,17:30:56,14,17,September,Monday,171.43333333333334,Weekday,company,18
KR_commercial,KR_415,KR1564,2.298888888888889,16.0,13.983333333333333,2022-02-25,13:59:55,2022-02-25,16:17:51,13,16,February,Friday,137.93333333333334,Weekday,company,19
KR_commercial,KR_415,KR1565,4.823055555555555,34.0,13.2,2022-02-28,13:12:43,2022-02-28,18:02:06,13,18,February,Monday,289.3833333333333,Weekday,company,19
KR_commercial,KR_415,KR1566,3.8991666666666656,25.6,8.916666666666666,2022-03-02,08:55:11,2022-03-02,12:49:08,8,12,March,Wednesday,233.95,Weekday,company,19
KR_commercial,KR_415,KR1567,4.819722222222223,34.0,13.266666666666667,2022-03-11,13:16:06,2022-03-11,18:05:17,13,18,March,Friday,289.18333333333334,Weekday,company,19
KR_commercial,KR_415,KR1568,4.693055555555556,32.5,13.333333333333334,2022-03-14,13:20:01,2022-03-14,18:01:36,13,18,March,Monday,281.5833333333333,Weekday,company,19
KR_commercial,KR_415,KR1569,4.28,30.2,13.766666666666667,2022-03-21,13:46:50,2022-03-21,18:03:38,13,18,March,Monday,256.8,Weekday,company,19
KR_commercial,KR_415,KR1570,3.754444444444444,26.4,13.683333333333334,2022-03-22,13:41:20,2022-03-22,17:26:36,13,17,March,Tuesday,225.26666666666665,Weekday,company,19
KR_commercial,KR_415,KR1571,3.608888888888889,25.3,9.0,2022-04-04,09:00:07,2022-04-04,12:36:39,9,12,April,Monday,216.53333333333333,Weekday,company,19
KR_commercial,KR_415,KR1572,4.1658333333333335,26.9,13.666666666666666,2022-04-04,13:40:09,2022-04-04,17:50:06,13,17,April,Monday,249.95,Weekday,company,19
KR_commercial,KR_415,KR1573,6.19,43.0,8.916666666666666,2022-04-18,08:55:58,2022-04-18,15:07:22,8,15,April,Monday,371.4,Weekday,company,19
KR_commercial,KR_415,KR1574,6.8375,47.7,8.55,2022-04-29,08:33:49,2022-04-29,15:24:04,8,15,April,Friday,410.25,Weekday,company,19
KR_commercial,KR_415,KR1575,5.604166666666667,39.2,8.566666666666666,2022-05-06,08:34:00,2022-05-06,14:10:15,8,14,May,Friday,336.25,Weekday,company,19
KR_commercial,KR_415,KR1576,2.0,13.6,15.383333333333333,2022-05-11,15:23:34,2022-05-11,17:23:34,15,17,May,Wednesday,120.0,Weekday,company,19
KR_commercial,KR_415,KR1577,7.0,48.8,8.8,2022-05-17,08:48:56,2022-05-17,15:48:56,8,15,May,Tuesday,420.0,Weekday,company,19
KR_commercial,KR_415,KR1578,2.9869444444444446,21.0,15.083333333333334,2022-05-23,15:05:38,2022-05-23,18:04:51,15,18,May,Monday,179.21666666666667,Weekday,company,19
KR_commercial,KR_415,KR1579,5.420555555555556,38.2,10.45,2022-05-27,10:27:26,2022-05-27,15:52:40,10,15,May,Friday,325.2333333333333,Weekday,company,19
KR_commercial,KR_415,KR1580,3.0,20.6,15.15,2022-06-03,15:09:40,2022-06-03,18:09:40,15,18,June,Friday,180.0,Weekday,company,19
KR_commercial,KR_415,KR1581,7.0,48.7,8.816666666666666,2022-06-10,08:49:45,2022-06-10,15:49:45,8,15,June,Friday,420.0,Weekday,company,19
KR_commercial,KR_415,KR1582,7.0,48.6,8.916666666666666,2022-06-21,08:55:13,2022-06-21,15:55:13,8,15,June,Tuesday,420.0,Weekday,company,19
KR_commercial,KR_415,KR1583,3.088888888888889,21.3,8.75,2022-06-30,08:45:24,2022-06-30,11:50:44,8,11,June,Thursday,185.33333333333331,Weekday,company,19
KR_commercial,KR_415,KR1584,5.403333333333333,37.2,12.683333333333334,2022-06-30,12:41:12,2022-06-30,18:05:24,12,18,June,Thursday,324.2,Weekday,company,19
KR_commercial,KR_415,KR1585,2.7822222222222224,19.2,8.683333333333334,2022-07-22,08:41:41,2022-07-22,11:28:37,8,11,July,Friday,166.93333333333334,Weekday,company,19
KR_commercial,KR_415,KR1586,0.2727777777777778,1.9,12.15,2022-07-22,12:09:45,2022-07-22,12:26:07,12,12,July,Friday,16.366666666666667,Weekday,company,19
KR_commercial,KR_415,KR1587,4.1875,28.3,12.85,2022-07-22,12:51:14,2022-07-22,17:02:29,12,17,July,Friday,251.25,Weekday,company,19
KR_commercial,KR_415,KR1588,5.770555555555555,38.8,10.266666666666667,2022-07-29,10:16:30,2022-07-29,16:02:44,10,16,July,Friday,346.2333333333333,Weekday,company,19
KR_commercial,KR_415,KR1589,3.2616666666666667,22.4,12.416666666666666,2022-08-05,12:25:51,2022-08-05,15:41:33,12,15,August,Friday,195.7,Weekday,company,19
KR_commercial,KR_415,KR1590,5.153611111111111,35.6,8.65,2022-09-06,08:39:18,2022-09-06,13:48:31,8,13,September,Tuesday,309.2166666666667,Weekday,company,19
KR_commercial,KR_415,KR1591,3.1347222222222224,21.6,8.783333333333333,2022-09-08,08:47:00,2022-09-08,11:55:05,8,11,September,Thursday,188.08333333333331,Weekday,company,19
KR_commercial,KR_415,KR1592,7.0,48.6,8.816666666666666,2022-09-19,08:49:35,2022-09-19,15:49:35,8,15,September,Monday,420.0,Weekday,company,19
KR_commercial,KR_415,KR1593,4.0,28.0,8.85,2022-09-28,08:51:56,2022-09-28,12:51:56,8,12,September,Wednesday,240.0,Weekday,company,19
KR_commercial,KR_422,KR1595,6.070555555555556,41.06,16.416666666666668,2021-10-06,16:25:23,2021-10-06,22:29:37,16,22,October,Wednesday,364.23333333333335,Weekday,public institution,20
KR_commercial,KR_422,KR1596,4.398888888888889,30.14,16.233333333333334,2021-10-13,16:14:47,2021-10-13,20:38:43,16,20,October,Wednesday,263.93333333333334,Weekday,public institution,20
KR_commercial,KR_422,KR1597,5.848055555555556,38.89,16.366666666666667,2021-10-19,16:22:36,2021-10-19,22:13:29,16,22,October,Tuesday,350.8833333333333,Weekday,public institution,20
KR_commercial,KR_422,KR1598,5.813888888888889,37.3,16.5,2021-10-22,16:30:15,2021-10-22,22:19:05,16,22,October,Friday,348.83333333333337,Weekday,public institution,20
KR_commercial,KR_422,KR1599,5.756944444444445,39.51,16.2,2021-10-28,16:12:44,2021-10-28,21:58:09,16,21,October,Thursday,345.4166666666667,Weekday,public institution,20
KR_commercial,KR_422,KR1601,6.9494444444444445,47.24,16.183333333333334,2021-11-05,16:11:55,2021-11-05,23:08:53,16,23,November,Friday,416.9666666666667,Weekday,public institution,20
KR_commercial,KR_422,KR1602,6.228055555555556,40.43,16.333333333333332,2021-11-10,16:20:45,2021-11-10,22:34:26,16,22,November,Wednesday,373.6833333333333,Weekday,public institution,20
KR_commercial,KR_422,KR1603,5.438888888888889,35.2,16.333333333333332,2021-11-16,16:20:38,2021-11-16,21:46:58,16,21,November,Tuesday,326.33333333333337,Weekday,public institution,20
KR_commercial,KR_422,KR1604,6.113333333333333,39.57,16.35,2021-11-22,16:21:10,2021-11-22,22:27:58,16,22,November,Monday,366.8,Weekday,public institution,20
KR_commercial,KR_422,KR1605,4.675833333333333,29.42,16.216666666666665,2021-11-25,16:13:24,2021-11-25,20:53:57,16,20,November,Thursday,280.55,Weekday,public institution,20
KR_commercial,KR_422,KR1606,8.293888888888889,54.3,17.6,2021-12-02,17:36:15,2021-12-03,01:53:53,17,1,December,Thursday,497.6333333333333,Weekday,public institution,20
KR_commercial,KR_422,KR1607,7.438888888888889,48.37,16.333333333333332,2021-12-08,16:20:02,2021-12-08,23:46:22,16,23,December,Wednesday,446.33333333333337,Weekday,public institution,20
KR_commercial,KR_422,KR1609,4.74,29.43,16.283333333333335,2021-12-23,16:17:21,2021-12-23,21:01:45,16,21,December,Thursday,284.40000000000003,Weekday,public institution,20
KR_commercial,KR_422,KR1611,6.706388888888889,44.06,16.366666666666667,2021-12-29,16:22:24,2021-12-29,23:04:47,16,23,December,Wednesday,402.3833333333333,Weekday,public institution,20
KR_commercial,KR_422,KR1612,5.829722222222222,37.84,16.35,2022-01-04,16:21:56,2022-01-04,22:11:43,16,22,January,Tuesday,349.78333333333336,Weekday,public institution,20
KR_commercial,KR_422,KR1613,4.842777777777778,30.71,16.933333333333334,2022-01-07,16:56:22,2022-01-07,21:46:56,16,21,January,Friday,290.56666666666666,Weekday,public institution,20
KR_commercial,KR_422,KR1614,8.64611111111111,57.87,19.25,2022-01-12,19:15:22,2022-01-13,03:54:08,19,3,January,Wednesday,518.7666666666667,Weekday,public institution,20
KR_commercial,KR_422,KR1616,4.344166666666666,27.1,16.266666666666666,2022-01-21,16:16:59,2022-01-21,20:37:38,16,20,January,Friday,260.65,Weekday,public institution,20
KR_commercial,KR_422,KR1617,6.675,44.23,16.333333333333332,2022-01-26,16:20:41,2022-01-26,23:01:11,16,23,January,Wednesday,400.5,Weekday,public institution,20
KR_commercial,KR_422,KR1618,8.1275,53.57,16.316666666666666,2022-02-04,16:19:54,2022-02-05,00:27:33,16,0,February,Friday,487.65,Weekday,public institution,20
KR_commercial,KR_422,KR1619,7.0713888888888885,46.21,16.283333333333335,2022-02-10,16:17:23,2022-02-10,23:21:40,16,23,February,Thursday,424.2833333333333,Weekday,public institution,20
KR_commercial,KR_422,KR1620,7.301944444444445,47.78,17.0,2022-02-21,17:00:45,2022-02-22,00:18:52,17,0,February,Monday,438.1166666666667,Weekday,public institution,20
KR_commercial,KR_422,KR1621,7.418055555555555,47.45,17.783333333333335,2022-02-25,17:47:37,2022-02-26,01:12:42,17,1,February,Friday,445.0833333333333,Weekday,public institution,20
KR_commercial,KR_422,KR1622,6.045,39.04,14.183333333333334,2022-03-01,14:11:54,2022-03-01,20:14:36,14,20,March,Tuesday,362.7,Weekday,public institution,20
KR_commercial,KR_422,KR1623,6.410833333333334,41.38,16.4,2022-03-04,16:24:51,2022-03-04,22:49:30,16,22,March,Friday,384.65,Weekday,public institution,20
KR_commercial,KR_422,KR1624,6.905555555555556,46.24,16.4,2022-03-08,16:24:57,2022-03-08,23:19:17,16,23,March,Tuesday,414.33333333333337,Weekday,public institution,20
KR_commercial,KR_422,KR1626,6.309722222222222,40.41,16.583333333333332,2022-03-16,16:35:53,2022-03-16,22:54:28,16,22,March,Wednesday,378.5833333333333,Weekday,public institution,20
KR_commercial,KR_422,KR1628,8.000277777777777,54.79,16.216666666666665,2022-03-30,16:13:54,2022-03-31,00:13:55,16,0,March,Wednesday,480.0166666666666,Weekday,public institution,20
KR_commercial,KR_422,KR1629,8.787777777777778,57.75,16.216666666666665,2022-04-05,16:13:29,2022-04-06,01:00:45,16,1,April,Tuesday,527.2666666666667,Weekday,public institution,20
KR_commercial,KR_422,KR1630,7.537222222222222,51.32,14.316666666666666,2022-04-15,14:19:47,2022-04-15,21:52:01,14,21,April,Friday,452.2333333333333,Weekday,public institution,20
KR_commercial,KR_422,KR1631,8.0275,52.3,16.233333333333334,2022-04-21,16:14:24,2022-04-22,00:16:03,16,0,April,Thursday,481.65,Weekday,public institution,20
KR_commercial,KR_422,KR1632,6.575277777777778,42.8,16.416666666666668,2022-04-29,16:25:15,2022-04-29,22:59:46,16,22,April,Friday,394.51666666666665,Weekday,public institution,20
KR_commercial,KR_422,KR1633,3.688888888888889,25.21,16.433333333333334,2022-05-04,16:26:55,2022-05-04,20:08:15,16,20,May,Wednesday,221.33333333333331,Weekday,public institution,20
KR_commercial,KR_422,KR1634,3.042777777777778,20.46,21.266666666666666,2022-05-04,21:16:57,2022-05-05,00:19:31,21,0,May,Wednesday,182.56666666666663,Weekday,public institution,20
KR_commercial,KR_422,KR1635,7.354444444444445,49.63,16.516666666666666,2022-05-09,16:31:46,2022-05-09,23:53:02,16,23,May,Monday,441.2666666666667,Weekday,public institution,20
KR_commercial,KR_422,KR1636,7.4719444444444445,48.47,20.23333333333333,2022-05-13,20:14:20,2022-05-14,03:42:39,20,3,May,Friday,448.31666666666666,Weekday,public institution,20
KR_commercial,KR_422,KR1637,7.756666666666667,52.23,16.25,2022-05-18,16:15:29,2022-05-19,00:00:53,16,0,May,Wednesday,465.4,Weekday,public institution,20
KR_commercial,KR_422,KR1638,6.942777777777778,47.1,16.516666666666666,2022-05-24,16:31:56,2022-05-24,23:28:30,16,23,May,Tuesday,416.56666666666666,Weekday,public institution,20
KR_commercial,KR_422,KR1640,6.530277777777778,44.76,12.966666666666669,2022-06-02,12:58:48,2022-06-02,19:30:37,12,19,June,Thursday,391.81666666666666,Weekday,public institution,20
KR_commercial,KR_422,KR1641,7.023055555555556,47.52,18.45,2022-06-08,18:27:02,2022-06-09,01:28:25,18,1,June,Wednesday,421.3833333333333,Weekday,public institution,20
KR_commercial,KR_422,KR1643,6.462777777777778,43.61,18.466666666666665,2022-06-15,18:28:34,2022-06-16,00:56:20,18,0,June,Wednesday,387.7666666666667,Weekday,public institution,20
KR_commercial,KR_422,KR1645,6.066944444444444,41.39,18.433333333333334,2022-06-22,18:26:46,2022-06-23,00:30:47,18,0,June,Wednesday,364.01666666666665,Weekday,public institution,20
KR_commercial,KR_422,KR1647,6.021111111111111,40.97,18.45,2022-06-29,18:27:22,2022-06-30,00:28:38,18,0,June,Wednesday,361.26666666666665,Weekday,public institution,20
KR_commercial,KR_422,KR1649,7.241111111111111,49.4,18.416666666666668,2022-07-06,18:25:41,2022-07-07,01:40:09,18,1,July,Wednesday,434.4666666666667,Weekday,public institution,20
KR_commercial,KR_422,KR1651,7.469166666666666,49.95,18.416666666666668,2022-07-13,18:25:43,2022-07-14,01:53:52,18,1,July,Wednesday,448.15,Weekday,public institution,20
KR_commercial,KR_422,KR1653,8.115,53.21,18.433333333333334,2022-07-20,18:26:38,2022-07-21,02:33:32,18,2,July,Wednesday,486.9,Weekday,public institution,20
KR_commercial,KR_422,KR1655,5.689444444444445,37.79,19.3,2022-07-28,19:18:16,2022-07-29,00:59:38,19,0,July,Thursday,341.3666666666667,Weekday,public institution,20
KR_commercial,KR_422,KR1656,7.817777777777778,51.26,16.316666666666666,2022-08-11,16:19:21,2022-08-12,00:08:25,16,0,August,Thursday,469.06666666666666,Weekday,public institution,20
KR_commercial,KR_422,KR1657,8.346388888888889,55.56,15.116666666666667,2022-08-15,15:07:06,2022-08-15,23:27:53,15,23,August,Monday,500.7833333333333,Weekday,public institution,20
KR_commercial,KR_422,KR1658,9.073333333333334,60.08,18.45,2022-08-19,18:27:03,2022-08-20,03:31:27,18,3,August,Friday,544.4000000000001,Weekday,public institution,20
KR_commercial,KR_422,KR1659,6.826388888888889,45.95,18.433333333333334,2022-08-24,18:26:17,2022-08-25,01:15:52,18,1,August,Wednesday,409.58333333333337,Weekday,public institution,20
KR_commercial,KR_422,KR1660,7.095833333333333,48.17,18.433333333333334,2022-08-31,18:26:36,2022-09-01,01:32:21,18,1,August,Wednesday,425.75,Weekday,public institution,20
KR_commercial,KR_422,KR1661,6.8438888888888885,46.49,18.666666666666668,2022-09-07,18:40:29,2022-09-08,01:31:07,18,1,September,Wednesday,410.6333333333333,Weekday,public institution,20
KR_commercial,KR_422,KR1662,9.502222222222224,64.4,11.483333333333333,2022-09-16,11:29:37,2022-09-16,20:59:45,11,20,September,Friday,570.1333333333333,Weekday,public institution,20
KR_commercial,KR_422,KR1663,6.780833333333334,46.4,18.566666666666663,2022-09-23,18:34:50,2022-09-24,01:21:41,18,1,September,Friday,406.85,Weekday,public institution,20
KR_commercial,KR_449,KR1664,2.549722222222222,14.8,3.0166666666666666,2021-10-01,03:01:48,2021-10-01,05:34:47,3,5,October,Friday,152.98333333333332,Weekday,company,21
KR_commercial,KR_449,KR1666,2.722777777777778,15.87,5.5,2021-10-15,05:30:59,2021-10-15,08:14:21,5,8,October,Friday,163.36666666666667,Weekday,company,21
KR_commercial,KR_449,KR1668,2.6061111111111117,14.62,5.55,2021-11-02,05:33:21,2021-11-02,08:09:43,5,8,November,Tuesday,156.36666666666667,Weekday,company,21
KR_commercial,KR_449,KR1669,2.4705555555555554,13.35,5.583333333333333,2021-11-11,05:35:43,2021-11-11,08:03:57,5,8,November,Thursday,148.23333333333332,Weekday,company,21
KR_commercial,KR_449,KR1671,2.623333333333333,14.31,5.5,2021-11-23,05:30:12,2021-11-23,08:07:36,5,8,November,Tuesday,157.4,Weekday,company,21
KR_commercial,KR_449,KR1672,1.88,9.63,5.5,2021-11-29,05:30:54,2021-11-29,07:23:42,5,7,November,Monday,112.8,Weekday,company,21
KR_commercial,KR_449,KR1675,2.1216666666666666,11.01,5.483333333333333,2021-12-17,05:29:16,2021-12-17,07:36:34,5,7,December,Friday,127.3,Weekday,company,21
KR_commercial,KR_449,KR1676,1.6130555555555557,10.53,5.5,2021-12-29,05:30:04,2021-12-29,07:06:51,5,7,December,Wednesday,96.78333333333332,Weekday,company,21
KR_commercial,KR_449,KR1678,2.191388888888889,11.1,5.516666666666667,2022-01-07,05:31:03,2022-01-07,07:42:32,5,7,January,Friday,131.48333333333335,Weekday,company,21
KR_commercial,KR_449,KR1681,2.337222222222222,11.89,5.5,2022-01-31,05:30:51,2022-01-31,07:51:05,5,7,January,Monday,140.23333333333332,Weekday,company,21
KR_commercial,KR_449,KR1682,3.188055555555556,17.74,5.5,2022-02-03,05:30:11,2022-02-03,08:41:28,5,8,February,Thursday,191.28333333333333,Weekday,company,21
KR_commercial,KR_449,KR1684,3.046111111111111,16.98,5.483333333333333,2022-02-18,05:29:15,2022-02-18,08:32:01,5,8,February,Friday,182.76666666666668,Weekday,company,21
KR_commercial,KR_449,KR1686,2.773055555555556,15.37,5.466666666666667,2022-03-08,05:28:23,2022-03-08,08:14:46,5,8,March,Tuesday,166.38333333333333,Weekday,company,21
KR_commercial,KR_449,KR1687,2.325833333333333,12.26,5.466666666666667,2022-03-14,05:28:56,2022-03-14,07:48:29,5,7,March,Monday,139.54999999999998,Weekday,company,21
KR_commercial,KR_449,KR1689,2.7911111111111118,16.14,5.466666666666667,2022-03-29,05:28:26,2022-03-29,08:15:54,5,8,March,Tuesday,167.46666666666667,Weekday,company,21
KR_commercial,KR_449,KR1691,1.990555555555556,10.83,5.466666666666667,2022-04-19,05:28:35,2022-04-19,07:28:01,5,7,April,Tuesday,119.43333333333334,Weekday,company,21
KR_commercial,KR_449,KR1692,2.178888888888889,12.11,5.433333333333334,2022-04-28,05:26:52,2022-04-28,07:37:36,5,7,April,Thursday,130.73333333333332,Weekday,company,21
KR_commercial,KR_449,KR1694,2.3994444444444443,13.47,5.433333333333334,2022-05-13,05:26:37,2022-05-13,07:50:35,5,7,May,Friday,143.96666666666667,Weekday,company,21
KR_commercial,KR_449,KR1695,2.5383333333333336,15.29,5.433333333333334,2022-05-16,05:26:54,2022-05-16,07:59:12,5,7,May,Monday,152.3,Weekday,company,21
KR_commercial,KR_449,KR1697,2.151388888888889,11.9,5.366666666666666,2022-06-06,05:22:52,2022-06-06,07:31:57,5,7,June,Monday,129.08333333333334,Weekday,company,21
KR_commercial,KR_449,KR1700,2.535833333333333,14.59,5.4,2022-06-27,05:24:28,2022-06-27,07:56:37,5,7,June,Monday,152.14999999999998,Weekday,company,21
KR_commercial,KR_449,KR1701,1.855,10.03,5.416666666666667,2022-07-06,05:25:03,2022-07-06,07:16:21,5,7,July,Wednesday,111.3,Weekday,company,21
KR_commercial,KR_449,KR1702,2.4747222222222223,12.45,5.3,2022-07-15,05:18:21,2022-07-15,07:46:50,5,7,July,Friday,148.48333333333335,Weekday,company,21
KR_commercial,KR_449,KR1705,2.1911111111111112,11.35,5.366666666666666,2022-08-08,05:22:55,2022-08-08,07:34:23,5,7,August,Monday,131.46666666666667,Weekday,company,21
KR_commercial,KR_449,KR1708,2.752222222222222,14.88,5.4,2022-08-22,05:24:48,2022-08-22,08:09:56,5,8,August,Monday,165.13333333333333,Weekday,company,21
KR_commercial,KR_449,KR1709,2.062777777777778,10.83,5.366666666666666,2022-09-01,05:22:44,2022-09-01,07:26:30,5,7,September,Thursday,123.76666666666668,Weekday,company,21
KR_commercial,KR_449,KR1710,1.8522222222222224,10.08,5.366666666666666,2022-09-07,05:22:23,2022-09-07,07:13:31,5,7,September,Wednesday,111.13333333333333,Weekday,company,21
KR_commercial,KR_449,KR1711,2.781944444444445,12.06,5.366666666666666,2022-09-16,05:22:26,2022-09-16,08:09:21,5,8,September,Friday,166.91666666666669,Weekday,company,21
KR_commercial,KR_449,KR1712,0.7755555555555556,3.83,5.366666666666666,2022-09-19,05:22:22,2022-09-19,06:08:54,5,6,September,Monday,46.53333333333333,Weekday,company,21
KR_commercial,KR_449,KR1713,2.825,15.6,5.366666666666666,2022-09-22,05:22:28,2022-09-22,08:11:58,5,8,September,Thursday,169.5,Weekday,company,21
KR_commercial,KR_594,KR1744,3.1127777777777776,19.2,8.5,2021-10-01,08:30:13,2021-10-01,11:36:59,8,11,October,Friday,186.76666666666665,Weekday,company,23
KR_commercial,KR_594,KR1745,3.613055555555556,22.3,17.316666666666666,2021-10-05,17:19:34,2021-10-05,20:56:21,17,20,October,Tuesday,216.78333333333333,Weekday,company,23
KR_commercial,KR_594,KR1746,6.513055555555556,40.5,8.516666666666667,2021-10-12,08:31:06,2021-10-12,15:01:53,8,15,October,Tuesday,390.78333333333336,Weekday,company,23
KR_commercial,KR_594,KR1747,6.911944444444444,41.1,15.883333333333333,2021-10-18,15:53:18,2021-10-18,22:48:01,15,22,October,Monday,414.7166666666666,Weekday,company,23
KR_commercial,KR_594,KR1748,6.5616666666666665,41.0,17.9,2021-10-25,17:54:56,2021-10-26,00:28:38,17,0,October,Monday,393.7,Weekday,company,23
KR_commercial,KR_594,KR1749,5.880833333333333,34.7,16.7,2021-11-02,16:42:06,2021-11-02,22:34:57,16,22,November,Tuesday,352.85,Weekday,company,23
KR_commercial,KR_594,KR1750,0.6497222222222222,4.0,16.0,2021-11-03,16:00:52,2021-11-03,16:39:51,16,16,November,Wednesday,38.98333333333333,Weekday,company,23
KR_commercial,KR_594,KR1751,4.423611111111111,26.1,17.05,2021-11-03,17:03:11,2021-11-03,21:28:36,17,21,November,Wednesday,265.41666666666663,Weekday,company,23
KR_commercial,KR_594,KR1752,6.775833333333333,41.7,18.183333333333334,2021-11-04,18:11:32,2021-11-05,00:58:05,18,0,November,Thursday,406.55,Weekday,company,23
KR_commercial,KR_594,KR1753,8.578611111111112,51.0,14.383333333333333,2021-11-08,14:23:33,2021-11-08,22:58:16,14,22,November,Monday,514.7166666666667,Weekday,company,23
KR_commercial,KR_594,KR1754,4.496388888888889,26.0,17.966666666666665,2021-11-11,17:58:37,2021-11-11,22:28:24,17,22,November,Thursday,269.78333333333336,Weekday,company,23
KR_commercial,KR_594,KR1755,5.064722222222223,29.6,15.533333333333331,2021-11-16,15:32:41,2021-11-16,20:36:34,15,20,November,Tuesday,303.8833333333333,Weekday,company,23
KR_commercial,KR_594,KR1756,0.4586111111111111,0.8,11.25,2021-11-19,11:15:27,2021-11-19,11:42:58,11,11,November,Friday,27.51666666666667,Weekday,company,23
KR_commercial,KR_594,KR1757,1.4180555555555556,8.8,13.516666666666667,2021-11-29,13:31:54,2021-11-29,14:56:59,13,14,November,Monday,85.08333333333334,Weekday,company,23
KR_commercial,KR_594,KR1758,7.279722222222222,43.0,16.633333333333333,2021-11-29,16:38:45,2021-11-29,23:55:32,16,23,November,Monday,436.78333333333336,Weekday,company,23
KR_commercial,KR_594,KR1759,5.310555555555555,30.7,16.133333333333333,2021-12-02,16:08:36,2021-12-02,21:27:14,16,21,December,Thursday,318.6333333333333,Weekday,company,23
KR_commercial,KR_594,KR1760,4.626944444444445,26.6,16.65,2021-12-03,16:39:29,2021-12-03,21:17:06,16,21,December,Friday,277.6166666666667,Weekday,company,23
KR_commercial,KR_594,KR1761,3.1105555555555555,17.2,15.716666666666669,2021-12-06,15:43:01,2021-12-06,18:49:39,15,18,December,Monday,186.63333333333333,Weekday,company,23
KR_commercial,KR_594,KR1762,5.011388888888889,28.9,17.033333333333335,2021-12-07,17:02:38,2021-12-07,22:03:19,17,22,December,Tuesday,300.68333333333334,Weekday,company,23
KR_commercial,KR_594,KR1763,4.895555555555555,28.3,17.15,2021-12-08,17:09:50,2021-12-08,22:03:34,17,22,December,Wednesday,293.7333333333333,Weekday,company,23
KR_commercial,KR_594,KR1764,5.1625,30.8,15.466666666666669,2021-12-09,15:28:15,2021-12-09,20:38:00,15,20,December,Thursday,309.75,Weekday,company,23
KR_commercial,KR_594,KR1765,3.748611111111111,22.2,16.8,2021-12-10,16:48:24,2021-12-10,20:33:19,16,20,December,Friday,224.91666666666663,Weekday,company,23
KR_commercial,KR_594,KR1766,4.911111111111111,28.7,14.533333333333331,2021-12-13,14:32:07,2021-12-13,19:26:47,14,19,December,Monday,294.6666666666667,Weekday,company,23
KR_commercial,KR_594,KR1767,2.8625,16.0,17.95,2021-12-14,17:57:45,2021-12-14,20:49:30,17,20,December,Tuesday,171.75,Weekday,company,23
KR_commercial,KR_594,KR1768,5.762222222222222,34.3,16.166666666666668,2021-12-15,16:10:31,2021-12-15,21:56:15,16,21,December,Wednesday,345.7333333333333,Weekday,company,23
KR_commercial,KR_594,KR1769,4.695555555555556,27.3,14.916666666666666,2021-12-17,14:55:07,2021-12-17,19:36:51,14,19,December,Friday,281.7333333333333,Weekday,company,23
KR_commercial,KR_594,KR1770,6.029444444444445,35.5,16.916666666666668,2021-12-21,16:55:15,2021-12-21,22:57:01,16,22,December,Tuesday,361.76666666666665,Weekday,company,23
KR_commercial,KR_594,KR1771,5.446111111111111,31.9,17.283333333333335,2021-12-23,17:17:41,2021-12-23,22:44:27,17,22,December,Thursday,326.76666666666665,Weekday,company,23
KR_commercial,KR_594,KR1772,5.1125,29.6,15.766666666666667,2021-12-28,15:46:32,2021-12-28,20:53:17,15,20,December,Tuesday,306.75,Weekday,company,23
KR_commercial,KR_594,KR1773,3.0794444444444444,17.3,15.916666666666666,2021-12-30,15:55:29,2021-12-30,19:00:15,15,19,December,Thursday,184.76666666666665,Weekday,company,23
KR_commercial,KR_594,KR1774,5.278611111111111,30.9,16.5,2022-01-04,16:30:29,2022-01-04,21:47:12,16,21,January,Tuesday,316.7166666666667,Weekday,company,23
KR_commercial,KR_594,KR1775,3.028611111111111,16.8,16.766666666666666,2022-01-06,16:46:00,2022-01-06,19:47:43,16,19,January,Thursday,181.71666666666667,Weekday,company,23
KR_commercial,KR_594,KR1776,7.328888888888889,43.6,14.883333333333333,2022-01-17,14:53:34,2022-01-17,22:13:18,14,22,January,Monday,439.73333333333335,Weekday,company,23
KR_commercial,KR_594,KR1777,9.14611111111111,54.7,16.533333333333335,2022-01-21,16:32:59,2022-01-22,01:41:45,16,1,January,Friday,548.7666666666667,Weekday,company,23
KR_commercial,KR_594,KR1779,3.946388888888889,22.6,16.7,2022-01-24,16:42:15,2022-01-24,20:39:02,16,20,January,Monday,236.78333333333333,Weekday,company,23
KR_commercial,KR_594,KR1781,6.295555555555556,37.4,17.8,2022-02-09,17:48:00,2022-02-10,00:05:44,17,0,February,Wednesday,377.73333333333335,Weekday,company,23
KR_commercial,KR_594,KR1782,2.4786111111111118,13.4,17.7,2022-02-11,17:42:45,2022-02-11,20:11:28,17,20,February,Friday,148.71666666666667,Weekday,company,23
KR_commercial,KR_594,KR1783,6.862222222222222,40.9,17.716666666666665,2022-02-17,17:43:28,2022-02-18,00:35:12,17,0,February,Thursday,411.73333333333335,Weekday,company,23
KR_commercial,KR_594,KR1784,3.846111111111111,22.2,14.016666666666667,2022-02-18,14:01:31,2022-02-18,17:52:17,14,17,February,Friday,230.76666666666665,Weekday,company,23
KR_commercial,KR_594,KR1785,1.6794444444444443,8.6,13.2,2022-02-25,13:12:42,2022-02-25,14:53:28,13,14,February,Friday,100.76666666666668,Weekday,company,23
KR_commercial,KR_594,KR1786,1.7019444444444445,9.6,16.4,2022-03-17,16:24:29,2022-03-17,18:06:36,16,18,March,Thursday,102.11666666666667,Weekday,company,23
KR_commercial,KR_594,KR1787,1.4213888888888888,8.7,10.333333333333334,2022-03-30,10:20:37,2022-03-30,11:45:54,10,11,March,Wednesday,85.28333333333333,Weekday,company,23
KR_commercial,KR_594,KR1788,2.6,16.0,13.116666666666667,2022-04-04,13:07:02,2022-04-04,15:43:02,13,15,April,Monday,156.0,Weekday,company,23
KR_commercial,KR_594,KR1789,6.83,40.1,17.916666666666668,2022-04-04,17:55:35,2022-04-05,00:45:23,17,0,April,Monday,409.8,Weekday,company,23
KR_commercial,KR_594,KR1790,3.691388888888889,22.5,11.316666666666666,2022-04-05,11:19:18,2022-04-05,15:00:47,11,15,April,Tuesday,221.48333333333332,Weekday,company,23
KR_commercial,KR_594,KR1791,1.2141666666666666,6.4,16.233333333333334,2022-04-06,16:14:09,2022-04-06,17:27:00,16,17,April,Wednesday,72.85,Weekday,company,23
KR_commercial,KR_594,KR1792,1.3208333333333333,7.6,18.03333333333333,2022-04-07,18:02:01,2022-04-07,19:21:16,18,19,April,Thursday,79.25,Weekday,company,23
KR_commercial,KR_594,KR1793,1.278888888888889,7.1,15.283333333333331,2022-04-18,15:17:49,2022-04-18,16:34:33,15,16,April,Monday,76.73333333333333,Weekday,company,23
KR_commercial,KR_594,KR1794,2.678888888888889,16.5,14.616666666666667,2022-05-09,14:37:07,2022-05-09,17:17:51,14,17,May,Monday,160.73333333333332,Weekday,company,23
KR_commercial,KR_594,KR1795,4.247222222222222,26.4,14.35,2022-05-25,14:21:59,2022-05-25,18:36:49,14,18,May,Wednesday,254.8333333333333,Weekday,company,23
KR_commercial,KR_594,KR1796,1.8602777777777777,11.5,12.133333333333333,2022-05-31,12:08:29,2022-05-31,14:00:06,12,14,May,Tuesday,111.61666666666666,Weekday,company,23
KR_commercial,KR_594,KR1797,7.513333333333334,46.6,18.016666666666666,2022-06-16,18:01:07,2022-06-17,01:31:55,18,1,June,Thursday,450.8,Weekday,company,23
KR_commercial,KR_594,KR1798,2.225277777777778,13.8,12.983333333333333,2022-06-21,12:59:15,2022-06-21,15:12:46,12,15,June,Tuesday,133.51666666666668,Weekday,company,23
KR_commercial,KR_594,KR1799,2.930555555555556,17.9,15.283333333333331,2022-06-27,15:17:04,2022-06-27,18:12:54,15,18,June,Monday,175.83333333333331,Weekday,company,23
KR_commercial,KR_594,KR1800,4.630555555555556,28.1,14.916666666666666,2022-07-06,14:55:44,2022-07-06,19:33:34,14,19,July,Wednesday,277.8333333333333,Weekday,company,23
KR_commercial,KR_594,KR1801,4.780277777777778,29.4,14.883333333333333,2022-07-15,14:53:05,2022-07-15,19:39:54,14,19,July,Friday,286.81666666666666,Weekday,company,23
KR_commercial,KR_594,KR1802,5.979722222222223,36.5,15.216666666666669,2022-07-20,15:13:24,2022-07-20,21:12:11,15,21,July,Wednesday,358.78333333333336,Weekday,company,23
KR_commercial,KR_594,KR1803,1.522222222222222,9.2,13.133333333333333,2022-08-09,13:08:34,2022-08-09,14:39:54,13,14,August,Tuesday,91.33333333333331,Weekday,company,23
KR_commercial,KR_594,KR1804,6.066944444444444,36.9,11.016666666666667,2022-08-19,11:01:58,2022-08-19,17:05:59,11,17,August,Friday,364.01666666666665,Weekday,company,23
KR_commercial,KR_594,KR1805,4.158611111111111,25.1,12.75,2022-08-22,12:45:30,2022-08-22,16:55:01,12,16,August,Monday,249.51666666666665,Weekday,company,23
KR_commercial,KR_594,KR1806,3.1175,19.2,14.95,2022-08-31,14:57:49,2022-08-31,18:04:52,14,18,August,Wednesday,187.05,Weekday,company,23
KR_commercial,KR_594,KR1807,8.01361111111111,49.5,17.416666666666668,2022-09-16,17:25:58,2022-09-17,01:26:47,17,1,September,Friday,480.8166666666666,Weekday,company,23
KR_commercial,KR_594,KR1808,3.629166666666667,22.3,12.233333333333333,2022-09-26,12:14:40,2022-09-26,15:52:25,12,15,September,Monday,217.75,Weekday,company,23
KR_commercial,KR_927,KR1809,6.048611111111111,35.4,0.4666666666666667,2021-11-03,00:28:10,2021-11-03,06:31:05,0,6,November,Wednesday,362.9166666666666,Weekday,public area,24
KR_commercial,KR_927,KR1810,7.6819444444444445,44.8,23.1,2021-12-16,23:06:03,2021-12-17,06:46:58,23,6,December,Thursday,460.9166666666667,Weekday,public area,24
KR_commercial,KR_927,KR1811,7.555,44.5,23.016666666666666,2022-02-02,23:01:48,2022-02-03,06:35:06,23,6,February,Wednesday,453.3,Weekday,public area,24
KR_commercial,KR_927,KR1812,8.04861111111111,45.4,23.016666666666666,2022-02-03,23:01:01,2022-02-04,07:03:56,23,7,February,Thursday,482.9166666666666,Weekday,public area,24
KR_commercial,KR_927,KR1813,7.13,42.1,23.3,2022-02-24,23:18:33,2022-02-25,06:26:21,23,6,February,Thursday,427.8,Weekday,public area,24
KR_commercial,KR_927,KR1814,7.198888888888889,41.8,23.166666666666668,2022-02-28,23:10:07,2022-03-01,06:22:03,23,6,February,Monday,431.9333333333333,Weekday,public area,24
KR_commercial,KR_927,KR1815,5.848611111111111,33.0,23.216666666666665,2022-03-04,23:13:07,2022-03-05,05:04:02,23,5,March,Friday,350.9166666666667,Weekday,public area,24
KR_commercial,KR_927,KR1818,4.998611111111111,27.8,23.6,2022-03-07,23:36:01,2022-03-08,04:35:56,23,4,March,Monday,299.91666666666663,Weekday,public area,24
KR_commercial,KR_927,KR1819,5.632222222222223,31.5,23.616666666666667,2022-03-09,23:37:04,2022-03-10,05:15:00,23,5,March,Wednesday,337.93333333333334,Weekday,public area,24
KR_commercial,KR_927,KR1820,6.598888888888889,38.5,23.6,2022-03-10,23:36:18,2022-03-11,06:12:14,23,6,March,Thursday,395.9333333333333,Weekday,public area,24
KR_commercial,KR_927,KR1821,7.796944444444445,46.6,23.266666666666666,2022-03-11,23:16:01,2022-03-12,07:03:50,23,7,March,Friday,467.81666666666666,Weekday,public area,24
KR_commercial,KR_927,KR1823,8.848888888888888,51.1,23.116666666666667,2022-03-14,23:07:12,2022-03-15,07:58:08,23,7,March,Monday,530.9333333333333,Weekday,public area,24
KR_commercial,KR_927,KR1824,4.531944444444444,25.0,1.5333333333333332,2022-03-16,01:32:53,2022-03-16,06:04:48,1,6,March,Wednesday,271.91666666666663,Weekday,public area,24
KR_commercial,KR_927,KR1825,8.6525,52.2,23.08333333333333,2022-03-16,23:05:44,2022-03-17,07:44:53,23,7,March,Wednesday,519.15,Weekday,public area,24
KR_commercial,KR_927,KR1826,0.1158333333333333,0.7,23.816666666666663,2022-03-18,23:49:03,2022-03-18,23:56:00,23,23,March,Friday,6.95,Weekday,public area,24
KR_commercial,KR_927,KR1828,8.786388888888888,52.7,23.116666666666667,2022-03-22,23:07:36,2022-03-23,07:54:47,23,7,March,Tuesday,527.1833333333333,Weekday,public area,24
KR_commercial,KR_927,KR1829,4.615555555555556,25.9,23.366666666666667,2022-03-24,23:22:46,2022-03-25,03:59:42,23,3,March,Thursday,276.93333333333334,Weekday,public area,24
KR_commercial,KR_927,KR1830,6.516666666666667,38.1,23.183333333333334,2022-03-25,23:11:20,2022-03-26,05:42:20,23,5,March,Friday,391.0,Weekday,public area,24
KR_commercial,KR_927,KR1833,7.2175,42.8,23.266666666666666,2022-03-28,23:16:36,2022-03-29,06:29:39,23,6,March,Monday,433.05,Weekday,public area,24
KR_commercial,KR_927,KR1834,6.732222222222222,38.7,0.2333333333333333,2022-03-30,00:14:40,2022-03-30,06:58:36,0,6,March,Wednesday,403.9333333333333,Weekday,public area,24
KR_commercial,KR_927,KR1835,5.868055555555555,35.7,23.166666666666668,2022-03-30,23:10:23,2022-03-31,05:02:28,23,5,March,Wednesday,352.0833333333333,Weekday,public area,24
KR_commercial,KR_927,KR1836,5.665555555555556,32.5,2.6666666666666665,2022-04-01,02:40:30,2022-04-01,08:20:26,2,8,April,Friday,339.93333333333334,Weekday,public area,24
KR_commercial,KR_927,KR1838,2.9988888888888887,15.9,3.45,2022-04-04,03:27:38,2022-04-04,06:27:34,3,6,April,Monday,179.93333333333334,Weekday,public area,24
KR_commercial,KR_927,KR1839,7.848611111111111,44.7,23.216666666666665,2022-04-04,23:13:16,2022-04-05,07:04:11,23,7,April,Monday,470.9166666666667,Weekday,public area,24
KR_commercial,KR_927,KR1840,7.815555555555555,44.6,23.883333333333333,2022-04-06,23:53:03,2022-04-07,07:41:59,23,7,April,Wednesday,468.9333333333333,Weekday,public area,24
KR_commercial,KR_927,KR1842,7.266388888888889,44.5,23.166666666666668,2022-04-11,23:10:22,2022-04-12,06:26:21,23,6,April,Monday,435.98333333333335,Weekday,public area,24
KR_commercial,KR_927,KR1843,6.833611111111111,41.8,19.28333333333333,2022-04-12,19:17:48,2022-04-13,02:07:49,19,2,April,Tuesday,410.01666666666665,Weekday,public area,24
KR_commercial,KR_927,KR1844,6.101388888888889,37.0,19.816666666666663,2022-04-13,19:49:01,2022-04-14,01:55:06,19,1,April,Wednesday,366.0833333333333,Weekday,public area,24
KR_commercial,KR_927,KR1845,3.421666666666667,20.3,19.83333333333333,2022-04-14,19:50:23,2022-04-14,23:15:41,19,23,April,Thursday,205.3,Weekday,public area,24
KR_commercial,KR_927,KR1846,7.415277777777778,44.1,18.716666666666665,2022-04-15,18:43:08,2022-04-16,02:08:03,18,2,April,Friday,444.9166666666667,Weekday,public area,24
KR_commercial,KR_927,KR1848,6.800555555555556,40.7,20.066666666666663,2022-04-18,20:04:21,2022-04-19,02:52:23,20,2,April,Monday,408.0333333333333,Weekday,public area,24
KR_commercial,KR_927,KR1849,5.9319444444444445,33.7,21.8,2022-04-19,21:48:43,2022-04-20,03:44:38,21,3,April,Tuesday,355.9166666666667,Weekday,public area,24
KR_commercial,KR_927,KR1850,5.384166666666666,32.5,20.133333333333333,2022-04-20,20:08:55,2022-04-21,01:31:58,20,1,April,Wednesday,323.04999999999995,Weekday,public area,24
KR_commercial,KR_927,KR1851,4.0175,23.9,23.03333333333333,2022-04-21,23:02:04,2022-04-22,03:03:07,23,3,April,Thursday,241.05,Weekday,public area,24
KR_commercial,KR_927,KR1852,7.150833333333333,43.6,19.9,2022-04-22,19:54:00,2022-04-23,03:03:03,19,3,April,Friday,429.05,Weekday,public area,24
KR_commercial,KR_927,KR1854,4.885,30.3,18.03333333333333,2022-04-25,18:02:04,2022-04-25,22:55:10,18,22,April,Monday,293.1,Weekday,public area,24
KR_commercial,KR_927,KR1855,7.661666666666667,46.7,22.33333333333333,2022-04-28,22:20:36,2022-04-29,06:00:18,22,6,April,Thursday,459.7000000000001,Weekday,public area,24
KR_commercial,KR_927,KR1856,7.483611111111111,43.4,20.5,2022-04-29,20:30:06,2022-04-30,03:59:07,20,3,April,Friday,449.01666666666665,Weekday,public area,24
KR_commercial,KR_927,KR1857,9.251388888888888,56.1,19.48333333333333,2022-05-02,19:29:11,2022-05-03,04:44:16,19,4,May,Monday,555.0833333333333,Weekday,public area,24
KR_commercial,KR_927,KR1858,5.064166666666667,30.6,22.6,2022-05-09,22:36:12,2022-05-10,03:40:03,22,3,May,Monday,303.85,Weekday,public area,24
KR_commercial,KR_927,KR1859,6.866666666666666,42.1,20.416666666666668,2022-05-10,20:25:39,2022-05-11,03:17:39,20,3,May,Tuesday,412.0,Weekday,public area,24
KR_commercial,KR_927,KR1860,5.551111111111111,34.2,19.816666666666663,2022-05-11,19:49:22,2022-05-12,01:22:26,19,1,May,Wednesday,333.06666666666666,Weekday,public area,24
KR_commercial,KR_927,KR1861,9.584444444444443,58.0,18.75,2022-05-13,18:45:55,2022-05-14,04:20:59,18,4,May,Friday,575.0666666666667,Weekday,public area,24
KR_commercial,KR_927,KR1862,6.717222222222222,41.0,19.08333333333333,2022-05-17,19:05:41,2022-05-18,01:48:43,19,1,May,Tuesday,403.03333333333336,Weekday,public area,24
KR_commercial,KR_927,KR1863,4.802777777777778,29.4,19.7,2022-05-18,19:42:40,2022-05-19,00:30:50,19,0,May,Wednesday,288.1666666666667,Weekday,public area,24
KR_commercial,KR_927,KR1864,7.485555555555556,45.6,18.28333333333333,2022-05-19,18:17:12,2022-05-20,01:46:20,18,1,May,Thursday,449.1333333333334,Weekday,public area,24
KR_commercial,KR_927,KR1865,5.281666666666666,32.1,21.9,2022-05-20,21:54:37,2022-05-21,03:11:31,21,3,May,Friday,316.9,Weekday,public area,24
KR_commercial,KR_927,KR1866,6.516944444444444,40.1,21.48333333333333,2022-05-23,21:29:45,2022-05-24,04:00:46,21,4,May,Monday,391.01666666666665,Weekday,public area,24
KR_commercial,KR_927,KR1867,5.338333333333333,32.7,1.7333333333333334,2022-05-25,01:44:00,2022-05-25,07:04:18,1,7,May,Wednesday,320.29999999999995,Weekday,public area,24
KR_commercial,KR_927,KR1868,5.102777777777778,31.2,19.28333333333333,2022-05-25,19:17:17,2022-05-26,00:23:27,19,0,May,Wednesday,306.1666666666667,Weekday,public area,24
KR_commercial,KR_927,KR1869,5.217777777777778,32.2,22.73333333333333,2022-05-26,22:44:53,2022-05-27,03:57:57,22,3,May,Thursday,313.06666666666666,Weekday,public area,24
KR_commercial,KR_927,KR1870,6.383611111111111,39.4,21.28333333333333,2022-05-27,21:17:01,2022-05-28,03:40:02,21,3,May,Friday,383.01666666666665,Weekday,public area,24
KR_commercial,KR_927,KR1871,6.633611111111111,40.7,18.05,2022-06-01,18:03:00,2022-06-02,00:41:01,18,0,June,Wednesday,398.01666666666665,Weekday,public area,24
KR_commercial,KR_927,KR1872,6.633333333333334,40.7,16.766666666666666,2022-06-03,16:46:27,2022-06-03,23:24:27,16,23,June,Friday,398.0,Weekday,public area,24
KR_commercial,KR_927,KR1873,5.400555555555556,33.0,20.25,2022-06-07,20:15:15,2022-06-08,01:39:17,20,1,June,Tuesday,324.03333333333336,Weekday,public area,24
KR_commercial,KR_927,KR1874,7.2,44.2,18.166666666666668,2022-06-09,18:10:32,2022-06-10,01:22:32,18,1,June,Thursday,432.0,Weekday,public area,24
KR_commercial,KR_927,KR1875,6.018611111111111,37.1,1.05,2022-06-14,01:03:55,2022-06-14,07:05:02,1,7,June,Tuesday,361.1166666666667,Weekday,public area,24
KR_commercial,KR_927,KR1876,6.251388888888889,38.4,22.25,2022-06-15,22:15:30,2022-06-16,04:30:35,22,4,June,Wednesday,375.08333333333337,Weekday,public area,24
KR_commercial,KR_927,KR1877,6.835277777777778,42.2,18.2,2022-06-17,18:12:08,2022-06-18,01:02:15,18,1,June,Friday,410.1166666666667,Weekday,public area,24
KR_commercial,KR_927,KR1879,5.316944444444444,32.2,23.28333333333333,2022-06-20,23:17:44,2022-06-21,04:36:45,23,4,June,Monday,319.01666666666665,Weekday,public area,24
KR_commercial,KR_927,KR1880,2.7472222222222222,16.8,17.85,2022-06-21,17:51:09,2022-06-21,20:35:59,17,20,June,Tuesday,164.83333333333334,Weekday,public area,24
KR_commercial,KR_927,KR1881,8.549722222222222,52.8,17.2,2022-06-23,17:12:40,2022-06-24,01:45:39,17,1,June,Thursday,512.9833333333333,Weekday,public area,24
KR_commercial,KR_927,KR1883,5.833333333333333,35.8,19.416666666666668,2022-06-27,19:25:26,2022-06-28,01:15:26,19,1,June,Monday,350.0,Weekday,public area,24
KR_commercial,KR_927,KR1884,3.261111111111111,20.0,20.0,2022-06-28,20:00:19,2022-06-28,23:15:59,20,23,June,Tuesday,195.66666666666663,Weekday,public area,24
KR_commercial,KR_927,KR1885,2.911666666666666,17.9,19.616666666666667,2022-06-30,19:37:09,2022-06-30,22:31:51,19,22,June,Thursday,174.7,Weekday,public area,24
KR_commercial,KR_927,KR1886,6.616944444444444,40.7,19.383333333333333,2022-07-01,19:23:34,2022-07-02,02:00:35,19,2,July,Friday,397.01666666666665,Weekday,public area,24
KR_commercial,KR_927,KR1887,2.6944444444444446,16.4,19.08333333333333,2022-07-04,19:05:46,2022-07-04,21:47:26,19,21,July,Monday,161.66666666666669,Weekday,public area,24
KR_commercial,KR_927,KR1888,5.500277777777778,33.8,19.666666666666668,2022-07-05,19:40:38,2022-07-06,01:10:39,19,1,July,Tuesday,330.01666666666665,Weekday,public area,24
KR_commercial,KR_927,KR1889,4.649722222222223,28.6,19.15,2022-07-06,19:09:59,2022-07-06,23:48:58,19,23,July,Wednesday,278.9833333333333,Weekday,public area,24
KR_commercial,KR_927,KR1890,0.3030555555555556,1.9,17.15,2022-07-07,17:09:48,2022-07-07,17:27:59,17,17,July,Thursday,18.183333333333334,Weekday,public area,24
KR_commercial,KR_927,KR1891,6.201388888888889,37.5,22.666666666666668,2022-07-08,22:40:44,2022-07-09,04:52:49,22,4,July,Friday,372.08333333333337,Weekday,public area,24
KR_commercial,KR_927,KR1895,7.316111111111111,44.4,17.683333333333334,2022-08-03,17:41:53,2022-08-04,01:00:51,17,1,August,Wednesday,438.9666666666666,Weekday,public area,24
KR_commercial,KR_927,KR1896,3.8652777777777776,23.2,17.5,2022-08-04,17:30:49,2022-08-04,21:22:44,17,21,August,Thursday,231.91666666666663,Weekday,public area,24
KR_commercial,KR_932,KR1897,6.788888888888889,24.2,8.766666666666667,2022-05-24,08:46:59,2022-05-24,15:34:19,8,15,May,Tuesday,407.3333333333333,Weekday,public institution,25
KR_commercial,KR_932,KR1898,6.711111111111111,24.0,8.016666666666667,2022-05-26,08:01:26,2022-05-26,14:44:06,8,14,May,Thursday,402.6666666666667,Weekday,public institution,25
KR_commercial,KR_932,KR1899,4.131388888888889,14.5,8.05,2022-05-27,08:03:25,2022-05-27,12:11:18,8,12,May,Friday,247.88333333333333,Weekday,public institution,25
KR_commercial,KR_932,KR1900,6.679722222222222,24.0,7.866666666666667,2022-05-31,07:52:55,2022-05-31,14:33:42,7,14,May,Tuesday,400.7833333333333,Weekday,public institution,25
KR_commercial,KR_932,KR1901,4.81,17.4,8.233333333333333,2022-06-02,08:14:30,2022-06-02,13:03:06,8,13,June,Thursday,288.6,Weekday,public institution,25
KR_commercial,KR_932,KR1902,6.600555555555555,23.6,7.5,2022-06-03,07:30:12,2022-06-03,14:06:14,7,14,June,Friday,396.0333333333333,Weekday,public institution,25
KR_commercial,KR_932,KR1904,4.322777777777778,15.3,8.416666666666666,2022-06-06,08:25:51,2022-06-06,12:45:13,8,12,June,Monday,259.3666666666667,Weekday,public institution,25
KR_commercial,KR_932,KR1905,6.590833333333333,23.4,7.9,2022-06-07,07:54:10,2022-06-07,14:29:37,7,14,June,Tuesday,395.45,Weekday,public institution,25
KR_commercial,KR_932,KR1906,6.7363888888888885,23.8,8.033333333333333,2022-06-09,08:02:13,2022-06-09,14:46:24,8,14,June,Thursday,404.1833333333333,Weekday,public institution,25
KR_commercial,KR_932,KR1907,5.923611111111111,20.6,8.033333333333333,2022-06-10,08:02:56,2022-06-10,13:58:21,8,13,June,Friday,355.41666666666663,Weekday,public institution,25
KR_commercial,KR_932,KR1908,6.711944444444445,23.6,7.966666666666667,2022-06-14,07:58:12,2022-06-14,14:40:55,7,14,June,Tuesday,402.7166666666667,Weekday,public institution,25
KR_commercial,KR_932,KR1909,6.607222222222222,23.5,7.966666666666667,2022-06-16,07:58:21,2022-06-16,14:34:47,7,14,June,Thursday,396.4333333333333,Weekday,public institution,25
KR_commercial,KR_932,KR1910,5.903055555555556,20.9,8.066666666666666,2022-06-17,08:04:25,2022-06-17,13:58:36,8,13,June,Friday,354.18333333333334,Weekday,public institution,25
KR_commercial,KR_932,KR1912,6.81,23.7,8.016666666666667,2022-06-20,08:01:10,2022-06-20,14:49:46,8,14,June,Monday,408.6,Weekday,public institution,25
KR_commercial,KR_932,KR1913,5.6627777777777775,20.1,7.966666666666667,2022-06-22,07:58:34,2022-06-22,13:38:20,7,13,June,Wednesday,339.76666666666665,Weekday,public institution,25
KR_commercial,KR_932,KR1914,1.063611111111111,3.6,16.383333333333333,2022-06-22,16:23:57,2022-06-22,17:27:46,16,17,June,Wednesday,63.81666666666666,Weekday,public institution,25
KR_commercial,KR_932,KR1916,6.865,23.7,8.033333333333333,2022-06-27,08:02:24,2022-06-27,14:54:18,8,14,June,Monday,411.9,Weekday,public institution,25
KR_commercial,KR_932,KR1917,5.810833333333333,19.8,8.133333333333333,2022-06-28,08:08:05,2022-06-28,13:56:44,8,13,June,Tuesday,348.65,Weekday,public institution,25
KR_commercial,KR_932,KR1918,5.881666666666667,20.5,7.916666666666667,2022-06-29,07:55:07,2022-06-29,13:48:01,7,13,June,Wednesday,352.90000000000003,Weekday,public institution,25
KR_commercial,KR_932,KR1919,6.508611111111111,22.3,7.9,2022-06-30,07:54:45,2022-06-30,14:25:16,7,14,June,Thursday,390.51666666666665,Weekday,public institution,25
KR_commercial,KR_932,KR1920,6.933333333333334,24.3,7.95,2022-07-05,07:57:07,2022-07-05,14:53:07,7,14,July,Tuesday,416.0,Weekday,public institution,25
KR_commercial,KR_932,KR1921,6.93,23.8,7.8,2022-07-06,07:48:59,2022-07-06,14:44:47,7,14,July,Wednesday,415.8,Weekday,public institution,25
KR_commercial,KR_932,KR1922,6.295555555555556,21.5,8.016666666666667,2022-07-07,08:01:03,2022-07-07,14:18:47,8,14,July,Thursday,377.73333333333335,Weekday,public institution,25
KR_commercial,KR_932,KR1923,5.9783333333333335,20.5,8.066666666666666,2022-07-08,08:04:08,2022-07-08,14:02:50,8,14,July,Friday,358.7,Weekday,public institution,25
KR_commercial,KR_932,KR1924,7.070277777777778,24.2,7.716666666666667,2022-07-12,07:43:26,2022-07-12,14:47:39,7,14,July,Tuesday,424.2166666666667,Weekday,public institution,25
KR_commercial,KR_932,KR1925,6.028611111111111,20.5,8.033333333333333,2022-07-13,08:02:53,2022-07-13,14:04:36,8,14,July,Wednesday,361.7166666666667,Weekday,public institution,25
KR_commercial,KR_932,KR1926,6.6433333333333335,22.6,8.133333333333333,2022-07-14,08:08:55,2022-07-14,14:47:31,8,14,July,Thursday,398.6,Weekday,public institution,25
KR_commercial,KR_932,KR1927,6.563888888888889,22.5,8.15,2022-07-15,08:09:16,2022-07-15,14:43:06,8,14,July,Friday,393.83333333333337,Weekday,public institution,25
KR_commercial,KR_932,KR1928,6.891944444444444,23.9,7.7,2022-07-18,07:42:59,2022-07-18,14:36:30,7,14,July,Monday,413.51666666666665,Weekday,public institution,25
KR_commercial,KR_932,KR1929,6.8133333333333335,23.8,8.016666666666667,2022-07-20,08:01:12,2022-07-20,14:50:00,8,14,July,Wednesday,408.8,Weekday,public institution,25
KR_commercial,KR_932,KR1930,4.016944444444444,13.8,8.05,2022-07-21,08:03:28,2022-07-21,12:04:29,8,12,July,Thursday,241.01666666666665,Weekday,public institution,25
KR_commercial,KR_932,KR1931,6.739444444444445,23.8,8.1,2022-07-25,08:06:21,2022-07-25,14:50:43,8,14,July,Monday,404.3666666666667,Weekday,public institution,25
KR_commercial,KR_932,KR1932,6.276111111111111,22.0,8.033333333333333,2022-07-26,08:02:26,2022-07-26,14:19:00,8,14,July,Tuesday,376.56666666666666,Weekday,public institution,25
KR_commercial,KR_932,KR1933,5.376944444444445,18.6,8.05,2022-07-27,08:03:00,2022-07-27,13:25:37,8,13,July,Wednesday,322.6166666666667,Weekday,public institution,25
KR_commercial,KR_932,KR1934,7.354722222222223,24.3,7.983333333333333,2022-07-28,07:59:15,2022-07-28,15:20:32,7,15,July,Thursday,441.28333333333336,Weekday,public institution,25
KR_commercial,KR_932,KR1935,6.222222222222222,21.4,8.016666666666667,2022-07-29,08:01:09,2022-07-29,14:14:29,8,14,July,Friday,373.3333333333333,Weekday,public institution,25
KR_commercial,KR_932,KR1936,6.991944444444444,23.9,8.016666666666667,2022-08-02,08:01:55,2022-08-02,15:01:26,8,15,August,Tuesday,419.51666666666665,Weekday,public institution,25
KR_commercial,KR_932,KR1937,6.7875,23.8,8.116666666666667,2022-08-03,08:07:42,2022-08-03,14:54:57,8,14,August,Wednesday,407.25,Weekday,public institution,25
KR_commercial,KR_932,KR1938,6.792222222222223,23.7,8.066666666666666,2022-08-04,08:04:03,2022-08-04,14:51:35,8,14,August,Thursday,407.53333333333336,Weekday,public institution,25
KR_commercial,KR_932,KR1939,7.176666666666667,24.6,7.083333333333333,2022-08-23,07:05:17,2022-08-23,14:15:53,7,14,August,Tuesday,430.6,Weekday,public institution,25
KR_commercial,KR_1110,KR1940,2.120555555555556,14.8,9.9,2022-01-07,09:54:03,2022-01-07,12:01:17,9,12,January,Friday,127.23333333333336,Weekday,public institution,26
KR_commercial,KR_1110,KR1941,3.1819444444444445,22.1,14.783333333333331,2022-01-17,14:47:57,2022-01-17,17:58:52,14,17,January,Monday,190.91666666666663,Weekday,public institution,26
KR_commercial,KR_1110,KR1942,1.9272222222222224,13.4,16.05,2022-01-18,16:03:03,2022-01-18,17:58:41,16,17,January,Tuesday,115.63333333333333,Weekday,public institution,26
KR_commercial,KR_1110,KR1943,2.215,13.3,8.133333333333333,2022-01-19,08:08:43,2022-01-19,10:21:37,8,10,January,Wednesday,132.89999999999998,Weekday,public institution,26
KR_commercial,KR_1110,KR1944,0.2080555555555555,1.5,15.95,2022-01-21,15:57:25,2022-01-21,16:09:54,15,16,January,Friday,12.483333333333333,Weekday,public institution,26
KR_commercial,KR_1110,KR1945,2.015277777777778,11.9,18.03333333333333,2022-01-21,18:02:58,2022-01-21,20:03:53,18,20,January,Friday,120.91666666666669,Weekday,public institution,26
KR_commercial,KR_1110,KR1946,2.015,14.1,14.733333333333333,2022-01-24,14:44:16,2022-01-24,16:45:10,14,16,January,Monday,120.9,Weekday,public institution,26
KR_commercial,KR_1110,KR1947,2.2488888888888887,13.5,7.216666666666667,2022-01-26,07:13:45,2022-01-26,09:28:41,7,9,January,Wednesday,134.93333333333334,Weekday,public institution,26
KR_commercial,KR_1110,KR1948,3.35,23.3,14.8,2022-01-27,14:48:41,2022-01-27,18:09:41,14,18,January,Thursday,201.0,Weekday,public institution,26
KR_commercial,KR_1110,KR1949,3.265277777777778,20.8,8.283333333333333,2022-02-02,08:17:27,2022-02-02,11:33:22,8,11,February,Wednesday,195.91666666666669,Weekday,public institution,26
KR_commercial,KR_1110,KR1950,2.265555555555556,13.5,7.416666666666667,2022-02-03,07:25:11,2022-02-03,09:41:07,7,9,February,Thursday,135.93333333333334,Weekday,public institution,26
KR_commercial,KR_1110,KR1951,1.8158333333333332,12.7,7.866666666666667,2022-02-11,07:52:46,2022-02-11,09:41:43,7,9,February,Friday,108.95,Weekday,public institution,26
KR_commercial,KR_1110,KR1952,2.3152777777777778,13.9,8.066666666666666,2022-02-14,08:04:38,2022-02-14,10:23:33,8,10,February,Monday,138.91666666666666,Weekday,public institution,26
KR_commercial,KR_1110,KR1953,2.3319444444444444,14.3,7.6,2022-02-18,07:36:36,2022-02-18,09:56:31,7,9,February,Friday,139.91666666666666,Weekday,public institution,26
KR_commercial,KR_1110,KR1954,2.482222222222222,15.1,7.633333333333333,2022-02-24,07:38:10,2022-02-24,10:07:06,7,10,February,Thursday,148.93333333333334,Weekday,public institution,26
KR_commercial,KR_1110,KR1955,1.6108333333333331,11.3,16.416666666666668,2022-02-28,16:25:05,2022-02-28,18:01:44,16,18,February,Monday,96.65,Weekday,public institution,26
KR_commercial,KR_1110,KR1956,5.131666666666667,34.0,11.916666666666666,2022-03-02,11:55:06,2022-03-02,17:03:00,11,17,March,Wednesday,307.90000000000003,Weekday,public institution,26
KR_commercial,KR_1110,KR1957,3.580555555555556,22.8,10.25,2022-03-04,10:15:44,2022-03-04,13:50:34,10,13,March,Friday,214.83333333333331,Weekday,public institution,26
KR_commercial,KR_1110,KR1958,2.163611111111111,12.9,7.583333333333333,2022-03-07,07:35:40,2022-03-07,09:45:29,7,9,March,Monday,129.81666666666666,Weekday,public institution,26
KR_commercial,KR_1110,KR1959,4.380555555555556,28.5,7.75,2022-03-10,07:45:41,2022-03-10,12:08:31,7,12,March,Thursday,262.8333333333333,Weekday,public institution,26
KR_commercial,KR_1110,KR1961,6.250277777777778,41.8,6.85,2022-03-14,06:51:19,2022-03-14,13:06:20,6,13,March,Monday,375.01666666666665,Weekday,public institution,26
KR_commercial,KR_1110,KR1962,2.7419444444444445,19.2,15.183333333333334,2022-03-21,15:11:24,2022-03-21,17:55:55,15,17,March,Monday,164.51666666666668,Weekday,public institution,26
KR_commercial,KR_1110,KR1963,3.75,26.4,8.0,2022-03-22,08:00:54,2022-03-22,11:45:54,8,11,March,Tuesday,225.0,Weekday,public institution,26
KR_commercial,KR_1110,KR1964,0.3333333333333333,2.3,12.466666666666669,2022-03-23,12:28:22,2022-03-23,12:48:22,12,12,March,Wednesday,20.0,Weekday,public institution,26
KR_commercial,KR_1110,KR1965,1.2441666666666666,8.7,17.333333333333332,2022-03-23,17:20:15,2022-03-23,18:34:54,17,18,March,Wednesday,74.65,Weekday,public institution,26
KR_commercial,KR_1110,KR1966,1.3905555555555555,9.6,18.78333333333333,2022-03-23,18:47:48,2022-03-23,20:11:14,18,20,March,Wednesday,83.43333333333334,Weekday,public institution,26
KR_commercial,KR_1110,KR1967,1.4219444444444445,9.9,15.2,2022-03-24,15:12:55,2022-03-24,16:38:14,15,16,March,Thursday,85.31666666666666,Weekday,public institution,26
KR_commercial,KR_1110,KR1968,1.085,7.5,16.716666666666665,2022-03-24,16:43:19,2022-03-24,17:48:25,16,17,March,Thursday,65.1,Weekday,public institution,26
KR_commercial,KR_1110,KR1969,0.9819444444444444,6.7,16.1,2022-05-23,16:06:14,2022-05-23,17:05:09,16,17,May,Monday,58.91666666666666,Weekday,public institution,26
KR_commercial,KR_1110,KR1970,6.415555555555556,43.4,7.9,2022-05-24,07:54:28,2022-05-24,14:19:24,7,14,May,Tuesday,384.9333333333333,Weekday,public institution,26
KR_commercial,KR_1110,KR1971,3.585277777777778,24.5,12.966666666666669,2022-05-26,12:58:09,2022-05-26,16:33:16,12,16,May,Thursday,215.11666666666667,Weekday,public institution,26
KR_commercial,KR_1110,KR1972,4.365,29.9,8.066666666666666,2022-05-27,08:04:09,2022-05-27,12:26:03,8,12,May,Friday,261.90000000000003,Weekday,public institution,26
KR_commercial,KR_1110,KR1973,5.110277777777778,34.7,13.116666666666667,2022-05-30,13:07:37,2022-05-30,18:14:14,13,18,May,Monday,306.6166666666667,Weekday,public institution,26
KR_commercial,KR_1110,KR1974,2.710277777777778,18.4,14.283333333333331,2022-05-31,14:17:19,2022-05-31,16:59:56,14,16,May,Tuesday,162.61666666666667,Weekday,public institution,26
KR_commercial,KR_1110,KR1975,2.6944444444444446,18.4,8.116666666666667,2022-06-07,08:07:45,2022-06-07,10:49:25,8,10,June,Tuesday,161.66666666666669,Weekday,public institution,26
KR_commercial,KR_1110,KR1976,2.8825,19.6,12.833333333333334,2022-06-09,12:50:23,2022-06-09,15:43:20,12,15,June,Thursday,172.95,Weekday,public institution,26
KR_commercial,KR_1110,KR1977,2.980833333333333,20.3,11.583333333333334,2022-06-10,11:35:18,2022-06-10,14:34:09,11,14,June,Friday,178.85,Weekday,public institution,26
KR_commercial,KR_1110,KR1978,5.281944444444444,35.6,7.916666666666667,2022-06-15,07:55:58,2022-06-15,13:12:53,7,13,June,Wednesday,316.91666666666663,Weekday,public institution,26
KR_commercial,KR_1110,KR1980,3.083333333333333,20.9,8.066666666666666,2022-06-21,08:04:19,2022-06-21,11:09:19,8,11,June,Tuesday,185.0,Weekday,public institution,26
KR_commercial,KR_1110,KR1981,4.746388888888889,32.0,12.65,2022-06-22,12:39:51,2022-06-22,17:24:38,12,17,June,Wednesday,284.78333333333336,Weekday,public institution,26
KR_commercial,KR_1110,KR1982,2.7219444444444445,18.4,15.066666666666666,2022-06-24,15:04:12,2022-06-24,17:47:31,15,17,June,Friday,163.31666666666666,Weekday,public institution,26
KR_commercial,KR_1110,KR1983,4.581666666666667,30.6,13.466666666666669,2022-06-28,13:28:16,2022-06-28,18:03:10,13,18,June,Tuesday,274.90000000000003,Weekday,public institution,26
KR_commercial,KR_1110,KR1984,3.0644444444444443,20.5,7.866666666666667,2022-06-29,07:52:34,2022-06-29,10:56:26,7,10,June,Wednesday,183.86666666666665,Weekday,public institution,26
KR_commercial,KR_1110,KR1985,4.215,27.5,10.766666666666667,2022-07-06,10:46:31,2022-07-06,14:59:25,10,14,July,Wednesday,252.9,Weekday,public institution,26
KR_commercial,KR_1110,KR1986,2.8113888888888887,18.4,10.533333333333331,2022-07-07,10:32:51,2022-07-07,13:21:32,10,13,July,Thursday,168.68333333333334,Weekday,public institution,26
KR_commercial,KR_1226,KR2018,2.16,13.9,17.733333333333334,2022-03-25,17:44:23,2022-03-25,19:53:59,17,19,March,Friday,129.60000000000002,Weekday,company,28
KR_commercial,KR_1226,KR2019,3.0372222222222223,19.43,16.983333333333334,2022-03-29,16:59:05,2022-03-29,20:01:19,16,20,March,Tuesday,182.23333333333332,Weekday,company,28
KR_commercial,KR_1226,KR2020,1.7891666666666666,11.4,16.5,2022-03-31,16:30:19,2022-03-31,18:17:40,16,18,March,Thursday,107.35,Weekday,company,28
KR_commercial,KR_1226,KR2022,2.276388888888889,14.64,17.7,2022-04-05,17:42:23,2022-04-05,19:58:58,17,19,April,Tuesday,136.58333333333334,Weekday,company,28
KR_commercial,KR_1226,KR2023,2.142777777777778,14.02,17.516666666666666,2022-04-08,17:31:26,2022-04-08,19:40:00,17,19,April,Friday,128.56666666666666,Weekday,company,28
KR_commercial,KR_1226,KR2024,1.665,10.88,17.933333333333334,2022-04-11,17:56:06,2022-04-11,19:36:00,17,19,April,Monday,99.9,Weekday,company,28
KR_commercial,KR_1226,KR2025,2.3044444444444445,15.03,17.5,2022-04-14,17:30:03,2022-04-14,19:48:19,17,19,April,Thursday,138.26666666666668,Weekday,company,28
KR_commercial,KR_1226,KR2026,2.595833333333333,16.9,17.683333333333334,2022-04-19,17:41:05,2022-04-19,20:16:50,17,20,April,Tuesday,155.75,Weekday,company,28
KR_commercial,KR_1226,KR2028,2.438055555555556,15.98,17.766666666666666,2022-04-26,17:46:27,2022-04-26,20:12:44,17,20,April,Tuesday,146.28333333333333,Weekday,company,28
KR_commercial,KR_1226,KR2029,2.7669444444444444,17.92,17.683333333333334,2022-04-29,17:41:07,2022-04-29,20:27:08,17,20,April,Friday,166.01666666666665,Weekday,company,28
KR_commercial,KR_1226,KR2030,2.287777777777778,14.71,17.516666666666666,2022-05-03,17:31:24,2022-05-03,19:48:40,17,19,May,Tuesday,137.26666666666668,Weekday,company,28
KR_commercial,KR_1226,KR2031,2.0775,13.45,20.53333333333333,2022-05-06,20:32:51,2022-05-06,22:37:30,20,22,May,Friday,124.65,Weekday,company,28
KR_commercial,KR_1226,KR2032,2.2380555555555555,14.29,17.366666666666667,2022-05-09,17:22:59,2022-05-09,19:37:16,17,19,May,Monday,134.28333333333333,Weekday,company,28
KR_commercial,KR_1226,KR2033,1.9702777777777776,12.82,17.55,2022-05-11,17:33:42,2022-05-11,19:31:55,17,19,May,Wednesday,118.21666666666668,Weekday,company,28
KR_commercial,KR_1226,KR2035,2.431388888888889,15.7,17.583333333333332,2022-05-18,17:35:05,2022-05-18,20:00:58,17,20,May,Wednesday,145.88333333333333,Weekday,company,28
KR_commercial,KR_1226,KR2036,2.9202777777777778,19.11,17.966666666666665,2022-05-30,17:58:06,2022-05-30,20:53:19,17,20,May,Monday,175.21666666666667,Weekday,company,28
KR_commercial,KR_1226,KR2037,2.354722222222222,15.27,17.516666666666666,2022-06-03,17:31:13,2022-06-03,19:52:30,17,19,June,Friday,141.28333333333333,Weekday,company,28
KR_commercial,KR_1226,KR2038,2.3569444444444443,15.2,18.016666666666666,2022-06-07,18:01:56,2022-06-07,20:23:21,18,20,June,Tuesday,141.41666666666666,Weekday,company,28
KR_commercial,KR_1226,KR2039,2.578333333333333,16.91,20.666666666666668,2022-06-10,20:40:28,2022-06-10,23:15:10,20,23,June,Friday,154.7,Weekday,company,28
KR_commercial,KR_1226,KR2040,2.060277777777778,13.49,17.466666666666665,2022-06-13,17:28:23,2022-06-13,19:32:00,17,19,June,Monday,123.61666666666667,Weekday,company,28
KR_commercial,KR_1226,KR2041,2.7311111111111117,17.78,18.35,2022-06-17,18:21:15,2022-06-17,21:05:07,18,21,June,Friday,163.86666666666667,Weekday,company,28
KR_commercial,KR_1226,KR2042,2.1633333333333336,13.77,17.183333333333334,2022-06-20,17:11:04,2022-06-20,19:20:52,17,19,June,Monday,129.8,Weekday,company,28
KR_commercial,KR_1226,KR2043,2.381111111111111,15.5,17.266666666666666,2022-06-22,17:16:54,2022-06-22,19:39:46,17,19,June,Wednesday,142.86666666666667,Weekday,company,28
KR_commercial,KR_1226,KR2044,1.9336111111111112,12.34,17.816666666666666,2022-06-24,17:49:26,2022-06-24,19:45:27,17,19,June,Friday,116.01666666666668,Weekday,company,28
KR_commercial,KR_1226,KR2045,1.8652777777777776,12.05,18.116666666666667,2022-06-27,18:07:39,2022-06-27,19:59:34,18,19,June,Monday,111.91666666666669,Weekday,company,28
KR_commercial,KR_1226,KR2046,2.148333333333333,13.75,18.716666666666665,2022-06-29,18:43:12,2022-06-29,20:52:06,18,20,June,Wednesday,128.9,Weekday,company,28
KR_commercial,KR_1226,KR2047,2.7475,17.84,17.516666666666666,2022-07-01,17:31:51,2022-07-01,20:16:42,17,20,July,Friday,164.85,Weekday,company,28
KR_commercial,KR_1226,KR2049,0.8713888888888889,5.64,8.433333333333334,2022-07-04,08:26:08,2022-07-04,09:18:25,8,9,July,Monday,52.28333333333333,Weekday,company,28
KR_commercial,KR_1226,KR2050,1.6994444444444443,10.8,18.266666666666666,2022-07-04,18:16:47,2022-07-04,19:58:45,18,19,July,Monday,101.96666666666668,Weekday,company,28
KR_commercial,KR_1226,KR2051,1.5555555555555556,9.9,17.583333333333332,2022-07-05,17:35:10,2022-07-05,19:08:30,17,19,July,Tuesday,93.33333333333331,Weekday,company,28
KR_commercial,KR_1226,KR2052,2.633611111111111,16.7,16.716666666666665,2022-07-08,16:43:30,2022-07-08,19:21:31,16,19,July,Friday,158.01666666666668,Weekday,company,28
KR_commercial,KR_1231,KR2054,2.053611111111111,13.14,18.166666666666668,2022-03-23,18:10:56,2022-03-23,20:14:09,18,20,March,Wednesday,123.21666666666668,Weekday,company,29
KR_commercial,KR_1231,KR2055,3.2275,20.72,17.9,2022-03-24,17:54:26,2022-03-24,21:08:05,17,21,March,Thursday,193.65,Weekday,company,29
KR_commercial,KR_1231,KR2057,0.3158333333333333,2.04,9.083333333333334,2022-03-28,09:05:23,2022-03-28,09:24:20,9,9,March,Monday,18.950000000000003,Weekday,company,29
KR_commercial,KR_1231,KR2058,3.2266666666666666,20.76,17.716666666666665,2022-03-28,17:43:33,2022-03-28,20:57:09,17,20,March,Monday,193.6,Weekday,company,29
KR_commercial,KR_1231,KR2059,2.9522222222222223,19.0,17.533333333333335,2022-03-30,17:32:47,2022-03-30,20:29:55,17,20,March,Wednesday,177.13333333333333,Weekday,company,29
KR_commercial,KR_1231,KR2060,3.3097222222222222,21.43,17.566666666666666,2022-03-31,17:34:41,2022-03-31,20:53:16,17,20,March,Thursday,198.58333333333331,Weekday,company,29
KR_commercial,KR_1231,KR2062,3.213055555555556,20.77,18.33333333333333,2022-04-06,18:20:59,2022-04-06,21:33:46,18,21,April,Wednesday,192.78333333333333,Weekday,company,29
KR_commercial,KR_1231,KR2063,3.1341666666666668,20.16,18.23333333333333,2022-04-08,18:14:50,2022-04-08,21:22:53,18,21,April,Friday,188.05,Weekday,company,29
KR_commercial,KR_1231,KR2064,0.1497222222222222,0.93,17.816666666666666,2022-04-11,17:49:48,2022-04-11,17:58:47,17,17,April,Monday,8.983333333333334,Weekday,company,29
KR_commercial,KR_1231,KR2065,2.9775,19.15,18.0,2022-04-11,18:00:43,2022-04-11,20:59:22,18,20,April,Monday,178.65,Weekday,company,29
KR_commercial,KR_1231,KR2066,2.395833333333333,15.45,17.35,2022-04-14,17:21:08,2022-04-14,19:44:53,17,19,April,Thursday,143.75,Weekday,company,29
KR_commercial,KR_1231,KR2067,0.6930555555555555,4.46,8.816666666666666,2022-04-15,08:49:40,2022-04-15,09:31:15,8,9,April,Friday,41.58333333333333,Weekday,company,29
KR_commercial,KR_1231,KR2068,3.203055555555556,20.77,17.9,2022-04-15,17:54:22,2022-04-15,21:06:33,17,21,April,Friday,192.1833333333333,Weekday,company,29
KR_commercial,KR_1231,KR2069,1.8441666666666667,11.93,17.966666666666665,2022-04-18,17:58:34,2022-04-18,19:49:13,17,19,April,Monday,110.65,Weekday,company,29
KR_commercial,KR_1231,KR2070,3.066666666666667,19.73,20.23333333333333,2022-04-22,20:14:34,2022-04-22,23:18:34,20,23,April,Friday,184.0,Weekday,company,29
KR_commercial,KR_1231,KR2071,2.8922222222222222,18.53,18.3,2022-04-26,18:18:16,2022-04-26,21:11:48,18,21,April,Tuesday,173.53333333333333,Weekday,company,29
KR_commercial,KR_1231,KR2072,1.4527777777777775,9.24,18.03333333333333,2022-04-27,18:02:46,2022-04-27,19:29:56,18,19,April,Wednesday,87.16666666666666,Weekday,company,29
KR_commercial,KR_1231,KR2073,2.4391666666666665,15.98,18.066666666666663,2022-04-29,18:04:45,2022-04-29,20:31:06,18,20,April,Friday,146.35,Weekday,company,29
KR_commercial,KR_1231,KR2074,4.019166666666667,25.99,18.683333333333334,2022-05-03,18:41:02,2022-05-03,22:42:11,18,22,May,Tuesday,241.15000000000003,Weekday,company,29
KR_commercial,KR_1231,KR2075,2.5502777777777776,16.58,17.683333333333334,2022-05-06,17:41:07,2022-05-06,20:14:08,17,20,May,Friday,153.01666666666665,Weekday,company,29
KR_commercial,KR_1231,KR2076,2.7769444444444447,17.79,17.85,2022-05-09,17:51:31,2022-05-09,20:38:08,17,20,May,Monday,166.61666666666667,Weekday,company,29
KR_commercial,KR_1231,KR2077,2.588611111111111,16.82,17.65,2022-05-11,17:39:54,2022-05-11,20:15:13,17,20,May,Wednesday,155.31666666666666,Weekday,company,29
KR_commercial,KR_1231,KR2078,3.066666666666667,20.0,18.45,2022-05-16,18:27:08,2022-05-16,21:31:08,18,21,May,Monday,184.0,Weekday,company,29
KR_commercial,KR_1231,KR2079,2.7066666666666666,17.52,18.23333333333333,2022-05-18,18:14:26,2022-05-18,20:56:50,18,20,May,Wednesday,162.4,Weekday,company,29
KR_commercial,KR_1231,KR2080,2.321388888888889,15.08,18.75,2022-05-20,18:45:54,2022-05-20,21:05:11,18,21,May,Friday,139.28333333333333,Weekday,company,29
KR_commercial,KR_1231,KR2082,3.0369444444444444,19.61,18.35,2022-05-25,18:21:16,2022-05-25,21:23:29,18,21,May,Wednesday,182.21666666666667,Weekday,company,29
KR_commercial,KR_1231,KR2083,2.6772222222222224,17.21,18.183333333333334,2022-05-27,18:11:31,2022-05-27,20:52:09,18,20,May,Friday,160.63333333333335,Weekday,company,29
KR_commercial,KR_1231,KR2085,2.744166666666666,17.69,18.7,2022-05-30,18:42:23,2022-05-30,21:27:02,18,21,May,Monday,164.65,Weekday,company,29
KR_commercial,KR_1231,KR2086,2.086388888888889,13.53,19.616666666666667,2022-05-31,19:37:27,2022-05-31,21:42:38,19,21,May,Tuesday,125.18333333333334,Weekday,company,29
KR_commercial,KR_1231,KR2087,2.507222222222222,16.21,16.433333333333334,2022-06-06,16:26:25,2022-06-06,18:56:51,16,18,June,Monday,150.4333333333333,Weekday,company,29
KR_commercial,KR_1231,KR2088,2.361111111111111,15.33,19.3,2022-06-09,19:18:16,2022-06-09,21:39:56,19,21,June,Thursday,141.66666666666666,Weekday,company,29
KR_commercial,KR_1231,KR2090,1.9613888888888888,12.79,17.516666666666666,2022-06-14,17:31:52,2022-06-14,19:29:33,17,19,June,Tuesday,117.68333333333334,Weekday,company,29
KR_commercial,KR_1231,KR2091,2.601111111111111,16.72,17.783333333333335,2022-06-15,17:47:42,2022-06-15,20:23:46,17,20,June,Wednesday,156.06666666666666,Weekday,company,29
KR_commercial,KR_1231,KR2092,2.3113888888888887,14.95,18.48333333333333,2022-06-17,18:29:14,2022-06-17,20:47:55,18,20,June,Friday,138.68333333333334,Weekday,company,29
KR_commercial,KR_1231,KR2094,2.0166666666666666,13.02,19.116666666666667,2022-06-21,19:07:37,2022-06-21,21:08:37,19,21,June,Tuesday,121.0,Weekday,company,29
KR_commercial,KR_1231,KR2095,2.7175,17.4,17.5,2022-06-23,17:30:34,2022-06-23,20:13:37,17,20,June,Thursday,163.04999999999998,Weekday,company,29
KR_commercial,KR_1231,KR2096,1.3169444444444445,7.96,17.883333333333333,2022-06-29,17:53:28,2022-06-29,19:12:29,17,19,June,Wednesday,79.01666666666667,Weekday,company,29
KR_commercial,KR_1231,KR2097,3.214722222222222,20.76,19.2,2022-06-29,19:12:42,2022-06-29,22:25:35,19,22,June,Wednesday,192.88333333333333,Weekday,company,29
KR_commercial,KR_1231,KR2098,2.262777777777778,14.58,17.666666666666668,2022-07-01,17:40:43,2022-07-01,19:56:29,17,19,July,Friday,135.76666666666668,Weekday,company,29
KR_commercial,KR_1231,KR2100,3.19,20.35,20.066666666666663,2022-07-04,20:04:06,2022-07-04,23:15:30,20,23,July,Monday,191.4,Weekday,company,29
KR_commercial,KR_1231,KR2101,3.2777777777777777,20.77,17.533333333333335,2022-07-06,17:32:12,2022-07-06,20:48:52,17,20,July,Wednesday,196.66666666666663,Weekday,company,29
KR_commercial,KR_1231,KR2102,2.5652777777777778,16.38,17.983333333333334,2022-07-14,17:59:07,2022-07-14,20:33:02,17,20,July,Thursday,153.91666666666666,Weekday,company,29
KR_commercial,KR_1231,KR2103,2.658888888888889,16.97,18.066666666666663,2022-07-15,18:04:30,2022-07-15,20:44:02,18,20,July,Friday,159.53333333333333,Weekday,company,29
KR_commercial,KR_1231,KR2106,2.5930555555555554,16.52,18.566666666666663,2022-07-18,18:34:05,2022-07-18,21:09:40,18,21,July,Monday,155.58333333333331,Weekday,company,29
KR_commercial,KR_1231,KR2107,3.0908333333333333,19.94,18.133333333333333,2022-07-20,18:08:48,2022-07-20,21:14:15,18,21,July,Wednesday,185.45,Weekday,company,29
KR_commercial,KR_1433,KR2109,0.2877777777777778,19.99,8.9,2022-01-13,08:54:06,2022-01-13,09:11:22,8,9,January,Thursday,17.26666666666667,Weekday,public area,30
KR_commercial,KR_1433,KR2110,0.5158333333333334,39.83,18.6,2022-01-13,18:36:56,2022-01-13,19:07:53,18,19,January,Thursday,30.950000000000003,Weekday,public area,30
KR_commercial,KR_1433,KR2111,0.2241666666666666,10.28,14.4,2022-01-18,14:24:57,2022-01-18,14:38:24,14,14,January,Tuesday,13.45,Weekday,public area,30
KR_commercial,KR_1433,KR2112,0.2316666666666666,17.31,9.7,2022-01-19,09:42:03,2022-01-19,09:55:57,9,9,January,Wednesday,13.9,Weekday,public area,30
KR_commercial,KR_1433,KR2113,0.3277777777777778,25.02,13.583333333333334,2022-01-20,13:35:04,2022-01-20,13:54:44,13,13,January,Thursday,19.666666666666668,Weekday,public area,30
KR_commercial,KR_1433,KR2114,0.6580555555555555,46.27,7.983333333333333,2022-01-21,07:59:25,2022-01-21,08:38:54,7,8,January,Friday,39.48333333333333,Weekday,public area,30
KR_commercial,KR_1433,KR2115,0.7086111111111111,52.03,8.116666666666667,2022-01-25,08:07:41,2022-01-25,08:50:12,8,8,January,Tuesday,42.516666666666666,Weekday,public area,30
KR_commercial,KR_1433,KR2116,0.8536111111111111,53.09,12.283333333333331,2022-01-27,12:17:53,2022-01-27,13:09:06,12,13,January,Thursday,51.21666666666667,Weekday,public area,30
KR_commercial,KR_1433,KR2118,0.3491666666666667,26.42,13.416666666666666,2022-02-08,13:25:14,2022-02-08,13:46:11,13,13,February,Tuesday,20.95,Weekday,public area,30
KR_commercial,KR_1433,KR2119,0.4255555555555556,32.9,14.183333333333334,2022-02-10,14:11:46,2022-02-10,14:37:18,14,14,February,Thursday,25.53333333333333,Weekday,public area,30
KR_commercial,KR_1433,KR2120,0.2111111111111111,15.56,18.45,2022-02-15,18:27:39,2022-02-15,18:40:19,18,18,February,Tuesday,12.666666666666666,Weekday,public area,30
KR_commercial,KR_1433,KR2121,0.2233333333333333,16.55,16.283333333333335,2022-02-17,16:17:47,2022-02-17,16:31:11,16,16,February,Thursday,13.4,Weekday,public area,30
KR_commercial,KR_1433,KR2123,0.4572222222222222,35.14,13.166666666666666,2022-02-23,13:10:01,2022-02-23,13:37:27,13,13,February,Wednesday,27.43333333333333,Weekday,public area,30
KR_commercial,KR_1433,KR2124,0.6319444444444444,39.53,16.166666666666668,2022-03-01,16:10:12,2022-03-01,16:48:07,16,16,March,Tuesday,37.91666666666666,Weekday,public area,30
KR_commercial,KR_1433,KR2125,0.4452777777777778,34.05,19.5,2022-03-03,19:30:17,2022-03-03,19:57:00,19,19,March,Thursday,26.716666666666665,Weekday,public area,30
KR_commercial,KR_1433,KR2126,0.2066666666666666,9.23,8.75,2022-03-07,08:45:24,2022-03-07,08:57:48,8,8,March,Monday,12.4,Weekday,public area,30
KR_commercial,KR_1433,KR2127,0.8544444444444445,52.37,8.95,2022-03-08,08:57:24,2022-03-08,09:48:40,8,9,March,Tuesday,51.266666666666666,Weekday,public area,30
KR_commercial,KR_1433,KR2128,0.3636111111111111,26.97,16.85,2022-03-14,16:51:54,2022-03-14,17:13:43,16,17,March,Monday,21.816666666666663,Weekday,public area,30
KR_commercial,KR_1433,KR2129,0.5855555555555556,44.64,16.95,2022-03-16,16:57:47,2022-03-16,17:32:55,16,17,March,Wednesday,35.13333333333334,Weekday,public area,30
KR_commercial,KR_1433,KR2130,0.3386111111111111,25.18,8.583333333333334,2022-03-21,08:35:13,2022-03-21,08:55:32,8,8,March,Monday,20.316666666666663,Weekday,public area,30
KR_commercial,KR_1433,KR2131,0.3316666666666666,17.36,8.633333333333333,2022-03-23,08:38:52,2022-03-23,08:58:46,8,8,March,Wednesday,19.9,Weekday,public area,30
KR_commercial,KR_1433,KR2132,0.4591666666666666,30.22,8.65,2022-03-24,08:39:04,2022-03-24,09:06:37,8,9,March,Thursday,27.55,Weekday,public area,30
KR_commercial,KR_1433,KR2133,0.4288888888888889,19.87,8.583333333333334,2022-03-28,08:35:13,2022-03-28,09:00:57,8,9,March,Monday,25.73333333333333,Weekday,public area,30
KR_commercial,KR_1433,KR2134,0.5169444444444444,39.21,8.733333333333333,2022-03-30,08:44:10,2022-03-30,09:15:11,8,9,March,Wednesday,31.016666666666666,Weekday,public area,30
KR_commercial,KR_1433,KR2135,0.3669444444444444,17.28,9.166666666666666,2022-04-04,09:10:04,2022-04-04,09:32:05,9,9,April,Monday,22.01666666666667,Weekday,public area,30
KR_commercial,KR_1433,KR2136,0.5480555555555555,41.86,8.8,2022-04-05,08:48:17,2022-04-05,09:21:10,8,9,April,Tuesday,32.88333333333333,Weekday,public area,30
KR_commercial,KR_1433,KR2137,0.3419444444444444,25.63,8.65,2022-04-08,08:39:03,2022-04-08,08:59:34,8,8,April,Friday,20.516666666666666,Weekday,public area,30
KR_commercial,KR_1433,KR2138,0.3988888888888889,29.85,8.016666666666667,2022-04-14,08:01:37,2022-04-14,08:25:33,8,8,April,Thursday,23.933333333333334,Weekday,public area,30
KR_commercial,KR_1433,KR2139,0.5041666666666667,38.4,8.016666666666667,2022-04-19,08:01:38,2022-04-19,08:31:53,8,8,April,Tuesday,30.25,Weekday,public area,30
KR_commercial,KR_1433,KR2140,0.4233333333333333,32.15,8.1,2022-04-22,08:06:24,2022-04-22,08:31:48,8,8,April,Friday,25.4,Weekday,public area,30
KR_commercial,KR_1433,KR2141,0.4025,30.13,8.683333333333334,2022-04-26,08:41:37,2022-04-26,09:05:46,8,9,April,Tuesday,24.15,Weekday,public area,30
KR_commercial,KR_1433,KR2145,0.3816666666666666,20.15,16.8,2022-05-16,16:48:07,2022-05-16,17:11:01,16,17,May,Monday,22.9,Weekday,public area,30
KR_commercial,KR_1433,KR2146,0.4,20.58,8.083333333333334,2022-05-19,08:05:59,2022-05-19,08:29:59,8,8,May,Thursday,24.0,Weekday,public area,30
KR_commercial,KR_1433,KR2147,0.2388888888888889,17.28,6.916666666666667,2022-05-23,06:55:11,2022-05-23,07:09:31,6,7,May,Monday,14.333333333333334,Weekday,public area,30
KR_commercial,KR_1433,KR2148,0.4975,37.92,8.05,2022-05-24,08:03:42,2022-05-24,08:33:33,8,8,May,Tuesday,29.85,Weekday,public area,30
KR_commercial,KR_1433,KR2151,0.1822222222222222,11.7,9.283333333333331,2022-06-06,09:17:40,2022-06-06,09:28:36,9,9,June,Monday,10.933333333333334,Weekday,public area,30
KR_commercial,KR_1433,KR2152,0.4733333333333333,36.28,8.116666666666667,2022-06-07,08:07:13,2022-06-07,08:35:37,8,8,June,Tuesday,28.4,Weekday,public area,30
KR_commercial,KR_1433,KR2153,0.3097222222222222,22.49,10.5,2022-06-10,10:30:34,2022-06-10,10:49:09,10,10,June,Friday,18.583333333333336,Weekday,public area,30
KR_commercial,KR_1433,KR2154,0.3441666666666667,25.53,8.066666666666666,2022-06-13,08:04:59,2022-06-13,08:25:38,8,8,June,Monday,20.65,Weekday,public area,30
KR_commercial,KR_1691,KR2185,0.6669444444444445,31.13,9.166666666666666,2021-10-06,09:10:33,2021-10-06,09:50:34,9,9,October,Wednesday,40.016666666666666,Weekday,public area,32
KR_commercial,KR_1691,KR2186,0.6686111111111112,31.28,17.183333333333334,2021-10-13,17:11:59,2021-10-13,17:52:06,17,17,October,Wednesday,40.11666666666667,Weekday,public area,32
KR_commercial,KR_1691,KR2187,0.6669444444444445,16.5,19.466666666666665,2021-10-13,19:28:53,2021-10-13,20:08:54,19,20,October,Wednesday,40.016666666666666,Weekday,public area,32
KR_commercial,KR_1691,KR2188,0.6666666666666666,31.18,16.533333333333335,2021-10-18,16:32:30,2021-10-18,17:12:30,16,17,October,Monday,40.0,Weekday,public area,32
KR_commercial,KR_1691,KR2189,0.6669444444444445,17.0,17.333333333333332,2021-10-18,17:20:24,2021-10-18,18:00:25,17,18,October,Monday,40.016666666666666,Weekday,public area,32
KR_commercial,KR_1691,KR2190,0.6669444444444445,30.68,11.683333333333334,2021-10-22,11:41:30,2021-10-22,12:21:31,11,12,October,Friday,40.016666666666666,Weekday,public area,32
KR_commercial,KR_1691,KR2191,0.6669444444444445,23.7,14.05,2021-10-22,14:03:26,2021-10-22,14:43:27,14,14,October,Friday,40.016666666666666,Weekday,public area,32
KR_commercial,KR_1691,KR2192,0.6669444444444445,30.74,11.55,2021-11-01,11:33:34,2021-11-01,12:13:35,11,12,November,Monday,40.016666666666666,Weekday,public area,32
KR_commercial,KR_1691,KR2193,0.6669444444444445,22.96,12.233333333333333,2021-11-01,12:14:52,2021-11-01,12:54:53,12,12,November,Monday,40.016666666666666,Weekday,public area,32
KR_commercial,KR_1691,KR2194,0.6672222222222223,18.04,16.983333333333334,2021-11-04,16:59:02,2021-11-04,17:39:04,16,17,November,Thursday,40.03333333333334,Weekday,public area,32
KR_commercial,KR_1691,KR2195,0.6669444444444445,30.53,17.133333333333333,2021-11-08,17:08:46,2021-11-08,17:48:47,17,17,November,Monday,40.016666666666666,Weekday,public area,32
KR_commercial,KR_1691,KR2196,0.6672222222222223,16.87,17.866666666666667,2021-11-08,17:52:10,2021-11-08,18:32:12,17,18,November,Monday,40.03333333333334,Weekday,public area,32
KR_commercial,KR_1691,KR2197,0.6675,30.29,17.683333333333334,2021-11-17,17:41:33,2021-11-17,18:21:36,17,18,November,Wednesday,40.05,Weekday,public area,32
KR_commercial,KR_1691,KR2198,0.6666666666666666,26.18,18.78333333333333,2021-11-17,18:47:04,2021-11-17,19:27:04,18,19,November,Wednesday,40.0,Weekday,public area,32
KR_commercial,KR_1691,KR2199,0.5975,9.39,19.58333333333333,2021-11-17,19:35:32,2021-11-17,20:11:23,19,20,November,Wednesday,35.85,Weekday,public area,32
KR_commercial,KR_1691,KR2200,0.6669444444444445,11.58,18.2,2021-11-18,18:12:52,2021-11-18,18:52:53,18,18,November,Thursday,40.016666666666666,Weekday,public area,32
KR_commercial,KR_1691,KR2201,0.6669444444444445,30.73,19.216666666666665,2021-11-24,19:13:20,2021-11-24,19:53:21,19,19,November,Wednesday,40.016666666666666,Weekday,public area,32
KR_commercial,KR_1691,KR2202,0.6666666666666666,22.46,20.73333333333333,2021-11-24,20:44:48,2021-11-24,21:24:48,20,21,November,Wednesday,40.0,Weekday,public area,32
KR_commercial,KR_1691,KR2203,0.6669444444444445,30.87,13.516666666666667,2021-11-30,13:31:46,2021-11-30,14:11:47,13,14,November,Tuesday,40.016666666666666,Weekday,public area,32
KR_commercial,KR_1691,KR2204,0.6669444444444445,30.26,16.666666666666668,2021-12-01,16:40:45,2021-12-01,17:20:46,16,17,December,Wednesday,40.016666666666666,Weekday,public area,32
KR_commercial,KR_1691,KR2205,0.6669444444444445,29.21,16.066666666666666,2021-12-02,16:04:17,2021-12-02,16:44:18,16,16,December,Thursday,40.016666666666666,Weekday,public area,32
KR_commercial,KR_1691,KR2206,0.6669444444444445,12.24,16.883333333333333,2021-12-02,16:53:27,2021-12-02,17:33:28,16,17,December,Thursday,40.016666666666666,Weekday,public area,32
KR_commercial,KR_1691,KR2207,0.5972222222222222,5.89,17.666666666666668,2021-12-02,17:40:48,2021-12-02,18:16:38,17,18,December,Thursday,35.833333333333336,Weekday,public area,32
KR_commercial,KR_1691,KR2208,0.6669444444444445,28.58,17.116666666666667,2021-12-13,17:07:00,2021-12-13,17:47:01,17,17,December,Monday,40.016666666666666,Weekday,public area,32
KR_commercial,KR_1691,KR2209,0.6669444444444445,29.81,13.8,2021-12-16,13:48:06,2021-12-16,14:28:07,13,14,December,Thursday,40.016666666666666,Weekday,public area,32
KR_commercial,KR_1691,KR2210,0.6669444444444445,29.52,10.5,2021-12-20,10:30:25,2021-12-20,11:10:26,10,11,December,Monday,40.016666666666666,Weekday,public area,32
KR_commercial,KR_1691,KR2211,0.6669444444444445,30.33,14.85,2021-12-22,14:51:40,2021-12-22,15:31:41,14,15,December,Wednesday,40.016666666666666,Weekday,public area,32
KR_commercial,KR_1691,KR2212,0.6669444444444445,20.21,15.616666666666667,2021-12-22,15:37:50,2021-12-22,16:17:51,15,16,December,Wednesday,40.016666666666666,Weekday,public area,32
KR_commercial,KR_1691,KR2213,0.6669444444444445,20.93,14.4,2021-12-27,14:24:06,2021-12-27,15:04:07,14,15,December,Monday,40.016666666666666,Weekday,public area,32
KR_commercial,KR_1691,KR2214,0.6669444444444445,17.44,15.166666666666666,2021-12-27,15:10:15,2021-12-27,15:50:16,15,15,December,Monday,40.016666666666666,Weekday,public area,32
KR_commercial,KR_1691,KR2215,0.6666666666666666,7.78,15.95,2021-12-27,15:57:49,2021-12-27,16:37:49,15,16,December,Monday,40.0,Weekday,public area,32
KR_commercial,KR_1691,KR2216,0.6669444444444445,29.9,11.716666666666669,2021-12-30,11:43:40,2021-12-30,12:23:41,11,12,December,Thursday,40.016666666666666,Weekday,public area,32
KR_commercial,KR_1691,KR2217,0.6669444444444445,30.25,14.733333333333333,2022-01-26,14:44:14,2022-01-26,15:24:15,14,15,January,Wednesday,40.016666666666666,Weekday,public area,32
KR_commercial,KR_1691,KR2218,0.6669444444444445,26.16,15.766666666666667,2022-01-26,15:46:05,2022-01-26,16:26:06,15,16,January,Wednesday,40.016666666666666,Weekday,public area,32
KR_commercial,KR_1691,KR2219,0.1675,4.34,16.766666666666666,2022-01-26,16:46:48,2022-01-26,16:56:51,16,16,January,Wednesday,10.05,Weekday,public area,32
KR_commercial,KR_1691,KR2220,0.6669444444444445,22.48,16.75,2022-02-10,16:45:15,2022-02-10,17:25:16,16,17,February,Thursday,40.016666666666666,Weekday,public area,32
KR_commercial,KR_1691,KR2221,0.6669444444444445,27.59,16.916666666666668,2022-02-22,16:55:42,2022-02-22,17:35:43,16,17,February,Tuesday,40.016666666666666,Weekday,public area,32
KR_commercial,KR_1691,KR2222,0.6669444444444445,16.44,17.9,2022-02-22,17:54:06,2022-02-22,18:34:07,17,18,February,Tuesday,40.016666666666666,Weekday,public area,32
KR_commercial,KR_1691,KR2223,0.6669444444444445,6.32,19.58333333333333,2022-02-22,19:35:05,2022-02-22,20:15:06,19,20,February,Tuesday,40.016666666666666,Weekday,public area,32
KR_commercial,KR_1691,KR2224,0.6669444444444445,26.65,13.9,2022-02-25,13:54:35,2022-02-25,14:34:36,13,14,February,Friday,40.016666666666666,Weekday,public area,32
KR_commercial,KR_1691,KR2225,0.6669444444444445,25.96,16.15,2022-02-25,16:09:03,2022-02-25,16:49:04,16,16,February,Friday,40.016666666666666,Weekday,public area,32
KR_commercial,KR_1691,KR2226,0.6669444444444445,30.46,16.1,2022-03-10,16:06:34,2022-03-10,16:46:35,16,16,March,Thursday,40.016666666666666,Weekday,public area,32
KR_commercial,KR_1691,KR2227,0.6669444444444445,31.25,15.516666666666667,2022-03-16,15:31:09,2022-03-16,16:11:10,15,16,March,Wednesday,40.016666666666666,Weekday,public area,32
KR_commercial,KR_1691,KR2228,0.6669444444444445,18.41,16.666666666666668,2022-03-16,16:40:37,2022-03-16,17:20:38,16,17,March,Wednesday,40.016666666666666,Weekday,public area,32
KR_commercial,KR_1691,KR2229,0.6663888888888889,4.12,18.4,2022-03-16,18:24:21,2022-03-16,19:04:20,18,19,March,Wednesday,39.98333333333333,Weekday,public area,32
KR_commercial,KR_1691,KR2230,0.6669444444444445,30.8,16.866666666666667,2022-03-25,16:52:14,2022-03-25,17:32:15,16,17,March,Friday,40.016666666666666,Weekday,public area,32
KR_commercial,KR_1691,KR2231,0.6669444444444445,22.53,18.28333333333333,2022-03-25,18:17:13,2022-03-25,18:57:14,18,18,March,Friday,40.016666666666666,Weekday,public area,32
KR_commercial,KR_1691,KR2232,0.6663888888888889,30.49,16.316666666666666,2022-04-05,16:19:07,2022-04-05,16:59:06,16,16,April,Tuesday,39.98333333333333,Weekday,public area,32
KR_commercial,KR_1691,KR2233,0.6666666666666666,30.35,15.216666666666669,2022-04-13,15:13:35,2022-04-13,15:53:35,15,15,April,Wednesday,40.0,Weekday,public area,32
KR_commercial,KR_1691,KR2234,0.6666666666666666,22.78,13.383333333333333,2022-04-14,13:23:01,2022-04-14,14:03:01,13,14,April,Thursday,40.0,Weekday,public area,32
KR_commercial,KR_1691,KR2235,0.6672222222222223,29.94,15.033333333333331,2022-04-19,15:02:05,2022-04-19,15:42:07,15,15,April,Tuesday,40.03333333333334,Weekday,public area,32
KR_commercial,KR_1691,KR2236,0.6669444444444445,13.87,16.15,2022-04-19,16:09:43,2022-04-19,16:49:44,16,16,April,Tuesday,40.016666666666666,Weekday,public area,32
KR_commercial,KR_1691,KR2237,0.6669444444444445,31.48,9.2,2022-04-25,09:12:50,2022-04-25,09:52:51,9,9,April,Monday,40.016666666666666,Weekday,public area,32
KR_commercial,KR_1691,KR2238,0.6072222222222222,15.34,10.066666666666666,2022-04-25,10:04:30,2022-04-25,10:40:56,10,10,April,Monday,36.43333333333333,Weekday,public area,32
