user_id,day_type,bin,n_bin,fallback,pi0,D_family,G_family,E_family,A_family,n_pool_A
KR_U195,Weekday,1,0,2,0.0,TruncGMM(K=2),Weibull,TruncGMM(K=2),TruncGMM(K=3),20
KR_U195,Weekday,2,0,2,0.0,TruncGMM(K=2),Weibull,TruncGMM(K=2),TruncGMM(K=3),20
KR_U195,Weekday,3,0,2,0.0,TruncGMM(K=2),Weibull,TruncGMM(K=2),TruncGMM(K=3),20
KR_U195,Weekday,4,0,2,0.0,TruncGMM(K=2),Weibull,TruncGMM(K=2),TruncGMM(K=3),20
KR_U195,Weekday,5,0,2,0.0,TruncGMM(K=2),Weibull,TruncGMM(K=2),TruncGMM(K=3),20
KR_U195,Weekday,6,0,2,0.0,TruncGMM(K=2),Weibull,TruncGMM(K=2),TruncGMM(K=3),20
KR_U195,Weekday,7,0,2,0.0,TruncGMM(K=2),Weibull,TruncGMM(K=2),TruncGMM(K=3),20
KR_U195,Weekday,8,0,2,0.0,TruncGMM(K=2),Weibull,TruncGMM(K=2),TruncGMM(K=3),20
KR_U195,Weekday,9,1,2,0.0204,TruncGMM(K=2),Weibull,TruncGMM(K=2),TruncGMM(K=3),20
KR_U195,Weekday,10,1,2,0.0204,TruncGMM(K=2),Weibull,TruncGMM(K=2),TruncGMM(K=3),20
KR_U195,Weekday,11,0,2,0.0,TruncGMM(K=2),Weibull,TruncGMM(K=2),TruncGMM(K=3),20
KR_U195,Weekday,12,2,2,0.0408,TruncGMM(K=2),Weibull,TruncGMM(K=2),TruncGMM(K=3),20
KR_U195,Weekday,13,0,2,0.0,TruncGMM(K=2),Weibull,TruncGMM(K=2),TruncGMM(K=3),20
KR_U195,Weekday,14,1,2,0.0204,TruncGMM(K=2),Weibull,TruncGMM(K=2),TruncGMM(K=3),20
KR_U195,Weekday,15,0,2,0.0,TruncGMM(K=2),Weibull,TruncGMM(K=2),TruncGMM(K=3),20
KR_U195,Weekday,16,1,2,0.0204,TruncGMM(K=2),Weibull,TruncGMM(K=2),TruncGMM(K=3),20
KR_U195,Weekday,17,3,2,0.0612,TruncGMM(K=2),Weibull,TruncGMM(K=2),TruncGMM(K=3),20
KR_U195,Weekday,18,2,2,0.0408,TruncGMM(K=2),Weibull,TruncGMM(K=2),TruncGMM(K=3),20
KR_U195,Weekday,19,11,2,0.2245,TruncGMM(K=2),Weibull,TruncGMM(K=2),TruncGMM(K=3),11
KR_U195,Weekday,20,9,2,0.1837,TruncGMM(K=2),Weibull,TruncGMM(K=2),TruncGMM(K=3),9
KR_U195,Weekday,21,2,2,0.0408,TruncGMM(K=2),Weibull,TruncGMM(K=2),TruncGMM(K=3),20
KR_U195,Weekday,22,2,2,0.0408,TruncGMM(K=2),Weibull,TruncGMM(K=2),TruncGMM(K=3),20
KR_U195,Weekday,23,1,2,0.0204,TruncGMM(K=2),Weibull,TruncGMM(K=2),TruncGMM(K=3),20
KR_U195,Weekday,24,13,2,0.2653,TruncGMM(K=2),Weibull,TruncGMM(K=2),TruncGMM(K=3),13
TRO_R_AsO10-1,Weekend,1,3,2,0.0857,TruncGMM(K=1),LogNormal,LogNormal,TruncGMM(K=2),20
TRO_R_AsO10-1,Weekend,2,0,2,0.0,TruncGMM(K=1),LogNormal,LogNormal,TruncGMM(K=2),20
TRO_R_AsO10-1,Weekend,3,0,2,0.0,TruncGMM(K=1),LogNormal,LogNormal,TruncGMM(K=2),20
TRO_R_AsO10-1,Weekend,4,0,2,0.0,TruncGMM(K=1),LogNormal,LogNormal,TruncGMM(K=2),20
TRO_R_AsO10-1,Weekend,5,0,2,0.0,TruncGMM(K=1),LogNormal,LogNormal,TruncGMM(K=2),20
TRO_R_AsO10-1,Weekend,6,0,2,0.0,TruncGMM(K=1),LogNormal,LogNormal,TruncGMM(K=2),20
TRO_R_AsO10-1,Weekend,7,0,2,0.0,TruncGMM(K=1),LogNormal,LogNormal,TruncGMM(K=2),20
TRO_R_AsO10-1,Weekend,8,0,2,0.0,TruncGMM(K=1),LogNormal,LogNormal,TruncGMM(K=2),20
TRO_R_AsO10-1,Weekend,9,0,2,0.0,TruncGMM(K=1),LogNormal,LogNormal,TruncGMM(K=2),20
TRO_R_AsO10-1,Weekend,10,0,2,0.0,TruncGMM(K=1),LogNormal,LogNormal,TruncGMM(K=2),20
TRO_R_AsO10-1,Weekend,11,1,2,0.0286,TruncGMM(K=1),LogNormal,LogNormal,TruncGMM(K=2),20
TRO_R_AsO10-1,Weekend,12,1,2,0.0286,TruncGMM(K=1),LogNormal,LogNormal,TruncGMM(K=2),20
TRO_R_AsO10-1,Weekend,13,1,2,0.0286,TruncGMM(K=1),LogNormal,LogNormal,TruncGMM(K=2),20
TRO_R_AsO10-1,Weekend,14,1,2,0.0286,TruncGMM(K=1),LogNormal,LogNormal,TruncGMM(K=2),20
TRO_R_AsO10-1,Weekend,15,2,2,0.0571,TruncGMM(K=1),LogNormal,LogNormal,TruncGMM(K=2),20
TRO_R_AsO10-1,Weekend,16,4,2,0.1143,TruncGMM(K=1),LogNormal,LogNormal,TruncGMM(K=2),20
TRO_R_AsO10-1,Weekend,17,4,2,0.1143,TruncGMM(K=1),LogNormal,LogNormal,TruncGMM(K=2),20
TRO_R_AsO10-1,Weekend,18,5,2,0.1429,TruncGMM(K=1),LogNormal,LogNormal,TruncGMM(K=2),5
TRO_R_AsO10-1,Weekend,19,2,2,0.0571,TruncGMM(K=1),LogNormal,LogNormal,TruncGMM(K=2),20
TRO_R_AsO10-1,Weekend,20,3,2,0.0857,TruncGMM(K=1),LogNormal,LogNormal,TruncGMM(K=2),20
TRO_R_AsO10-1,Weekend,21,2,2,0.0571,TruncGMM(K=1),LogNormal,LogNormal,TruncGMM(K=2),20
TRO_R_AsO10-1,Weekend,22,4,2,0.1143,TruncGMM(K=1),LogNormal,LogNormal,TruncGMM(K=2),20
TRO_R_AsO10-1,Weekend,23,2,2,0.0571,TruncGMM(K=1),LogNormal,LogNormal,TruncGMM(K=2),20
TRO_R_AsO10-1,Weekend,24,0,2,0.0,TruncGMM(K=1),LogNormal,LogNormal,TruncGMM(K=2),20
PS_1222,Weekday,1,0,2,0.0,TruncGMM(K=2),TruncGMM(K=3),TruncGMM(K=3),TruncGMM(K=5),20
PS_1222,Weekday,2,0,2,0.0,TruncGMM(K=2),TruncGMM(K=3),TruncGMM(K=3),TruncGMM(K=5),20
PS_1222,Weekday,3,0,2,0.0,TruncGMM(K=2),TruncGMM(K=3),TruncGMM(K=3),TruncGMM(K=5),20
PS_1222,Weekday,4,1,2,0.0123,TruncGMM(K=2),TruncGMM(K=3),TruncGMM(K=3),TruncGMM(K=5),20
PS_1222,Weekday,5,1,2,0.0123,TruncGMM(K=2),TruncGMM(K=3),TruncGMM(K=3),TruncGMM(K=5),20
PS_1222,Weekday,6,0,2,0.0,TruncGMM(K=2),TruncGMM(K=3),TruncGMM(K=3),TruncGMM(K=5),20
PS_1222,Weekday,7,0,2,0.0,TruncGMM(K=2),TruncGMM(K=3),TruncGMM(K=3),TruncGMM(K=5),20
PS_1222,Weekday,8,12,2,0.1481,TruncGMM(K=2),TruncGMM(K=3),TruncGMM(K=3),TruncGMM(K=5),12
PS_1222,Weekday,9,1,2,0.0123,TruncGMM(K=2),TruncGMM(K=3),TruncGMM(K=3),TruncGMM(K=5),20
PS_1222,Weekday,10,0,2,0.0,TruncGMM(K=2),TruncGMM(K=3),TruncGMM(K=3),TruncGMM(K=5),20
PS_1222,Weekday,11,1,2,0.0123,TruncGMM(K=2),TruncGMM(K=3),TruncGMM(K=3),TruncGMM(K=5),20
PS_1222,Weekday,12,1,2,0.0123,TruncGMM(K=2),TruncGMM(K=3),TruncGMM(K=3),TruncGMM(K=5),20
PS_1222,Weekday,13,2,2,0.0247,TruncGMM(K=2),TruncGMM(K=3),TruncGMM(K=3),TruncGMM(K=5),20
PS_1222,Weekday,14,0,2,0.0,TruncGMM(K=2),TruncGMM(K=3),TruncGMM(K=3),TruncGMM(K=5),20
PS_1222,Weekday,15,0,2,0.0,TruncGMM(K=2),TruncGMM(K=3),TruncGMM(K=3),TruncGMM(K=5),20
PS_1222,Weekday,16,0,2,0.0,TruncGMM(K=2),TruncGMM(K=3),TruncGMM(K=3),TruncGMM(K=5),20
PS_1222,Weekday,17,16,1,0.1975,LogNormal,TruncGMM(K=2),TruncGMM(K=2),TruncGMM(K=1),16
PS_1222,Weekday,18,26,1,0.321,LogNormal,LogNormal,LogNormal,TruncGMM(K=1),26
PS_1222,Weekday,19,8,2,0.0988,TruncGMM(K=2),TruncGMM(K=3),TruncGMM(K=3),TruncGMM(K=5),8
PS_1222,Weekday,20,5,2,0.0617,TruncGMM(K=2),TruncGMM(K=3),TruncGMM(K=3),TruncGMM(K=5),5
PS_1222,Weekday,21,4,2,0.0494,TruncGMM(K=2),TruncGMM(K=3),TruncGMM(K=3),TruncGMM(K=5),20
PS_1222,Weekday,22,2,2,0.0247,TruncGMM(K=2),TruncGMM(K=3),TruncGMM(K=3),TruncGMM(K=5),20
PS_1222,Weekday,23,1,2,0.0123,TruncGMM(K=2),TruncGMM(K=3),TruncGMM(K=3),TruncGMM(K=5),20
PS_1222,Weekday,24,0,2,0.0,TruncGMM(K=2),TruncGMM(K=3),TruncGMM(K=3),TruncGMM(K=5),20
KR_U434,Weekday,1,0,2,0.0,Weibull,TruncGMM(K=6),Weibull,TruncGMM(K=3),20
KR_U434,Weekday,2,0,2,0.0,Weibull,TruncGMM(K=6),Weibull,TruncGMM(K=3),20
KR_U434,Weekday,3,0,2,0.0,Weibull,TruncGMM(K=6),Weibull,TruncGMM(K=3),20
KR_U434,Weekday,4,0,2,0.0,Weibull,TruncGMM(K=6),Weibull,TruncGMM(K=3),20
KR_U434,Weekday,5,0,2,0.0,Weibull,TruncGMM(K=6),Weibull,TruncGMM(K=3),20
KR_U434,Weekday,6,0,2,0.0,Weibull,TruncGMM(K=6),Weibull,TruncGMM(K=3),20
KR_U434,Weekday,7,0,2,0.0,Weibull,TruncGMM(K=6),Weibull,TruncGMM(K=3),20
KR_U434,Weekday,8,0,2,0.0,Weibull,TruncGMM(K=6),Weibull,TruncGMM(K=3),20
KR_U434,Weekday,9,5,2,0.0373,Weibull,TruncGMM(K=6),Weibull,TruncGMM(K=3),5
KR_U434,Weekday,10,14,2,0.1045,Weibull,TruncGMM(K=6),Weibull,TruncGMM(K=3),14
KR_U434,Weekday,11,9,2,0.0672,Weibull,TruncGMM(K=6),Weibull,TruncGMM(K=3),9
KR_U434,Weekday,12,3,2,0.0224,Weibull,TruncGMM(K=6),Weibull,TruncGMM(K=3),20
KR_U434,Weekday,13,1,2,0.0075,Weibull,TruncGMM(K=6),Weibull,TruncGMM(K=3),20
KR_U434,Weekday,14,4,2,0.0299,Weibull,TruncGMM(K=6),Weibull,TruncGMM(K=3),20
KR_U434,Weekday,15,5,2,0.0373,Weibull,TruncGMM(K=6),Weibull,TruncGMM(K=3),5
KR_U434,Weekday,16,9,2,0.0672,Weibull,TruncGMM(K=6),Weibull,TruncGMM(K=3),9
KR_U434,Weekday,17,20,1,0.1493,Weibull,LogNormal,TruncGMM(K=1),Weibull,20
KR_U434,Weekday,18,46,1,0.3433,Weibull,LogNormal,Weibull,TruncGMM(K=1),46
KR_U434,Weekday,19,17,1,0.1269,TruncGMM(K=1),TruncGMM(K=2),TruncGMM(K=1),LogNormal,17
KR_U434,Weekday,20,1,2,0.0075,Weibull,TruncGMM(K=6),Weibull,TruncGMM(K=3),20
KR_U434,Weekday,21,0,2,0.0,Weibull,TruncGMM(K=6),Weibull,TruncGMM(K=3),20
KR_U434,Weekday,22,0,2,0.0,Weibull,TruncGMM(K=6),Weibull,TruncGMM(K=3),20
KR_U434,Weekday,23,0,2,0.0,Weibull,TruncGMM(K=6),Weibull,TruncGMM(K=3),20
KR_U434,Weekday,24,0,2,0.0,Weibull,TruncGMM(K=6),Weibull,TruncGMM(K=3),20
KR_U194,Weekend,1,3,2,0.1364,TruncGMM(K=2),LogNormal,Weibull,TruncGMM(K=2),20
KR_U194,Weekend,2,0,2,0.0,TruncGMM(K=2),LogNormal,Weibull,TruncGMM(K=2),20
KR_U194,Weekend,3,0,2,0.0,TruncGMM(K=2),LogNormal,Weibull,TruncGMM(K=2),20
KR_U194,Weekend,4,1,2,0.0455,TruncGMM(K=2),LogNormal,Weibull,TruncGMM(K=2),20
KR_U194,Weekend,5,0,2,0.0,TruncGMM(K=2),LogNormal,Weibull,TruncGMM(K=2),20
KR_U194,Weekend,6,0,2,0.0,TruncGMM(K=2),LogNormal,Weibull,TruncGMM(K=2),20
KR_U194,Weekend,7,0,2,0.0,TruncGMM(K=2),LogNormal,Weibull,TruncGMM(K=2),20
KR_U194,Weekend,8,0,2,0.0,TruncGMM(K=2),LogNormal,Weibull,TruncGMM(K=2),20
KR_U194,Weekend,9,0,2,0.0,TruncGMM(K=2),LogNormal,Weibull,TruncGMM(K=2),20
KR_U194,Weekend,10,0,2,0.0,TruncGMM(K=2),LogNormal,Weibull,TruncGMM(K=2),20
KR_U194,Weekend,11,0,2,0.0,TruncGMM(K=2),LogNormal,Weibull,TruncGMM(K=2),20
KR_U194,Weekend,12,0,2,0.0,TruncGMM(K=2),LogNormal,Weibull,TruncGMM(K=2),20
KR_U194,Weekend,13,1,2,0.0455,TruncGMM(K=2),LogNormal,Weibull,TruncGMM(K=2),20
KR_U194,Weekend,14,0,2,0.0,TruncGMM(K=2),LogNormal,Weibull,TruncGMM(K=2),20
KR_U194,Weekend,15,2,2,0.0909,TruncGMM(K=2),LogNormal,Weibull,TruncGMM(K=2),20
KR_U194,Weekend,16,2,2,0.0909,TruncGMM(K=2),LogNormal,Weibull,TruncGMM(K=2),20
KR_U194,Weekend,17,1,2,0.0455,TruncGMM(K=2),LogNormal,Weibull,TruncGMM(K=2),20
KR_U194,Weekend,18,3,2,0.1364,TruncGMM(K=2),LogNormal,Weibull,TruncGMM(K=2),20
KR_U194,Weekend,19,1,2,0.0455,TruncGMM(K=2),LogNormal,Weibull,TruncGMM(K=2),20
KR_U194,Weekend,20,0,2,0.0,TruncGMM(K=2),LogNormal,Weibull,TruncGMM(K=2),20
KR_U194,Weekend,21,3,2,0.1364,TruncGMM(K=2),LogNormal,Weibull,TruncGMM(K=2),20
KR_U194,Weekend,22,0,2,0.0,TruncGMM(K=2),LogNormal,Weibull,TruncGMM(K=2),20
KR_U194,Weekend,23,1,2,0.0455,TruncGMM(K=2),LogNormal,Weibull,TruncGMM(K=2),20
KR_U194,Weekend,24,4,2,0.1818,TruncGMM(K=2),LogNormal,Weibull,TruncGMM(K=2),20
OSL_T_74,Weekend,1,1,2,0.0192,Exponential,Weibull,TruncGMM(K=1),TruncGMM(K=1),20
OSL_T_74,Weekend,2,0,2,0.0,Exponential,Weibull,TruncGMM(K=1),TruncGMM(K=1),20
OSL_T_74,Weekend,3,0,2,0.0,Exponential,Weibull,TruncGMM(K=1),TruncGMM(K=1),20
OSL_T_74,Weekend,4,0,2,0.0,Exponential,Weibull,TruncGMM(K=1),TruncGMM(K=1),20
OSL_T_74,Weekend,5,2,2,0.0385,Exponential,Weibull,TruncGMM(K=1),TruncGMM(K=1),20
OSL_T_74,Weekend,6,0,2,0.0,Exponential,Weibull,TruncGMM(K=1),TruncGMM(K=1),20
OSL_T_74,Weekend,7,0,2,0.0,Exponential,Weibull,TruncGMM(K=1),TruncGMM(K=1),20
OSL_T_74,Weekend,8,0,2,0.0,Exponential,Weibull,TruncGMM(K=1),TruncGMM(K=1),20
OSL_T_74,Weekend,9,1,2,0.0192,Exponential,Weibull,TruncGMM(K=1),TruncGMM(K=1),20
OSL_T_74,Weekend,10,0,2,0.0,Exponential,Weibull,TruncGMM(K=1),TruncGMM(K=1),20
OSL_T_74,Weekend,11,0,2,0.0,Exponential,Weibull,TruncGMM(K=1),TruncGMM(K=1),20
OSL_T_74,Weekend,12,2,2,0.0385,Exponential,Weibull,TruncGMM(K=1),TruncGMM(K=1),20
OSL_T_74,Weekend,13,2,2,0.0385,Exponential,Weibull,TruncGMM(K=1),TruncGMM(K=1),20
OSL_T_74,Weekend,14,2,2,0.0385,Exponential,Weibull,TruncGMM(K=1),TruncGMM(K=1),20
OSL_T_74,Weekend,15,7,2,0.1346,Exponential,Weibull,TruncGMM(K=1),TruncGMM(K=1),7
OSL_T_74,Weekend,16,5,2,0.0962,Exponential,Weibull,TruncGMM(K=1),TruncGMM(K=1),5
OSL_T_74,Weekend,17,2,2,0.0385,Exponential,Weibull,TruncGMM(K=1),TruncGMM(K=1),20
OSL_T_74,Weekend,18,4,2,0.0769,Exponential,Weibull,TruncGMM(K=1),TruncGMM(K=1),20
OSL_T_74,Weekend,19,5,2,0.0962,Exponential,Weibull,TruncGMM(K=1),TruncGMM(K=1),5
OSL_T_74,Weekend,20,6,2,0.1154,Exponential,Weibull,TruncGMM(K=1),TruncGMM(K=1),6
OSL_T_74,Weekend,21,4,2,0.0769,Exponential,Weibull,TruncGMM(K=1),TruncGMM(K=1),20
OSL_T_74,Weekend,22,5,2,0.0962,Exponential,Weibull,TruncGMM(K=1),TruncGMM(K=1),5
OSL_T_74,Weekend,23,3,2,0.0577,Exponential,Weibull,TruncGMM(K=1),TruncGMM(K=1),20
OSL_T_74,Weekend,24,1,2,0.0192,Exponential,Weibull,TruncGMM(K=1),TruncGMM(K=1),20
BAR_2_Plass9,Weekend,1,2,2,0.0513,TruncGMM(K=1),Exponential,TruncGMM(K=1),TruncGMM(K=1),20
BAR_2_Plass9,Weekend,2,0,2,0.0,TruncGMM(K=1),Exponential,TruncGMM(K=1),TruncGMM(K=1),20
BAR_2_Plass9,Weekend,3,0,2,0.0,TruncGMM(K=1),Exponential,TruncGMM(K=1),TruncGMM(K=1),20
BAR_2_Plass9,Weekend,4,0,2,0.0,TruncGMM(K=1),Exponential,TruncGMM(K=1),TruncGMM(K=1),20
BAR_2_Plass9,Weekend,5,0,2,0.0,TruncGMM(K=1),Exponential,TruncGMM(K=1),TruncGMM(K=1),20
BAR_2_Plass9,Weekend,6,0,2,0.0,TruncGMM(K=1),Exponential,TruncGMM(K=1),TruncGMM(K=1),20
BAR_2_Plass9,Weekend,7,0,2,0.0,TruncGMM(K=1),Exponential,TruncGMM(K=1),TruncGMM(K=1),20
BAR_2_Plass9,Weekend,8,0,2,0.0,TruncGMM(K=1),Exponential,TruncGMM(K=1),TruncGMM(K=1),20
BAR_2_Plass9,Weekend,9,1,2,0.0256,TruncGMM(K=1),Exponential,TruncGMM(K=1),TruncGMM(K=1),20
BAR_2_Plass9,Weekend,10,2,2,0.0513,TruncGMM(K=1),Exponential,TruncGMM(K=1),TruncGMM(K=1),20
BAR_2_Plass9,Weekend,11,1,2,0.0256,TruncGMM(K=1),Exponential,TruncGMM(K=1),TruncGMM(K=1),20
BAR_2_Plass9,Weekend,12,0,2,0.0,TruncGMM(K=1),Exponential,TruncGMM(K=1),TruncGMM(K=1),20
BAR_2_Plass9,Weekend,13,0,2,0.0,TruncGMM(K=1),Exponential,TruncGMM(K=1),TruncGMM(K=1),20
BAR_2_Plass9,Weekend,14,1,2,0.0256,TruncGMM(K=1),Exponential,TruncGMM(K=1),TruncGMM(K=1),20
BAR_2_Plass9,Weekend,15,3,2,0.0769,TruncGMM(K=1),Exponential,TruncGMM(K=1),TruncGMM(K=1),20
BAR_2_Plass9,Weekend,16,0,2,0.0,TruncGMM(K=1),Exponential,TruncGMM(K=1),TruncGMM(K=1),20
BAR_2_Plass9,Weekend,17,3,2,0.0769,TruncGMM(K=1),Exponential,TruncGMM(K=1),TruncGMM(K=1),20
BAR_2_Plass9,Weekend,18,5,2,0.1282,TruncGMM(K=1),Exponential,TruncGMM(K=1),TruncGMM(K=1),5
BAR_2_Plass9,Weekend,19,5,2,0.1282,TruncGMM(K=1),Exponential,TruncGMM(K=1),TruncGMM(K=1),5
BAR_2_Plass9,Weekend,20,4,2,0.1026,TruncGMM(K=1),Exponential,TruncGMM(K=1),TruncGMM(K=1),20
BAR_2_Plass9,Weekend,21,2,2,0.0513,TruncGMM(K=1),Exponential,TruncGMM(K=1),TruncGMM(K=1),20
BAR_2_Plass9,Weekend,22,3,2,0.0769,TruncGMM(K=1),Exponential,TruncGMM(K=1),TruncGMM(K=1),20
BAR_2_Plass9,Weekend,23,3,2,0.0769,TruncGMM(K=1),Exponential,TruncGMM(K=1),TruncGMM(K=1),20
BAR_2_Plass9,Weekend,24,4,2,0.1026,TruncGMM(K=1),Exponential,TruncGMM(K=1),TruncGMM(K=1),20
KR_U1230,Weekday,1,0,2,0.0,TruncGMM(K=2),TruncGMM(K=6),TruncGMM(K=2),TruncGMM(K=3),20
KR_U1230,Weekday,2,0,2,0.0,TruncGMM(K=2),TruncGMM(K=6),TruncGMM(K=2),TruncGMM(K=3),20
KR_U1230,Weekday,3,0,2,0.0,TruncGMM(K=2),TruncGMM(K=6),TruncGMM(K=2),TruncGMM(K=3),20
KR_U1230,Weekday,4,0,2,0.0,TruncGMM(K=2),TruncGMM(K=6),TruncGMM(K=2),TruncGMM(K=3),20
KR_U1230,Weekday,5,0,2,0.0,TruncGMM(K=2),TruncGMM(K=6),TruncGMM(K=2),TruncGMM(K=3),20
KR_U1230,Weekday,6,0,2,0.0,TruncGMM(K=2),TruncGMM(K=6),TruncGMM(K=2),TruncGMM(K=3),20
KR_U1230,Weekday,7,0,2,0.0,TruncGMM(K=2),TruncGMM(K=6),TruncGMM(K=2),TruncGMM(K=3),20
KR_U1230,Weekday,8,0,2,0.0,TruncGMM(K=2),TruncGMM(K=6),TruncGMM(K=2),TruncGMM(K=3),20
KR_U1230,Weekday,9,0,2,0.0,TruncGMM(K=2),TruncGMM(K=6),TruncGMM(K=2),TruncGMM(K=3),20
KR_U1230,Weekday,10,0,2,0.0,TruncGMM(K=2),TruncGMM(K=6),TruncGMM(K=2),TruncGMM(K=3),20
KR_U1230,Weekday,11,0,2,0.0,TruncGMM(K=2),TruncGMM(K=6),TruncGMM(K=2),TruncGMM(K=3),20
KR_U1230,Weekday,12,0,2,0.0,TruncGMM(K=2),TruncGMM(K=6),TruncGMM(K=2),TruncGMM(K=3),20
KR_U1230,Weekday,13,3,2,0.0423,TruncGMM(K=2),TruncGMM(K=6),TruncGMM(K=2),TruncGMM(K=3),20
KR_U1230,Weekday,14,0,2,0.0,TruncGMM(K=2),TruncGMM(K=6),TruncGMM(K=2),TruncGMM(K=3),20
KR_U1230,Weekday,15,0,2,0.0,TruncGMM(K=2),TruncGMM(K=6),TruncGMM(K=2),TruncGMM(K=3),20
KR_U1230,Weekday,16,1,2,0.0141,TruncGMM(K=2),TruncGMM(K=6),TruncGMM(K=2),TruncGMM(K=3),20
KR_U1230,Weekday,17,1,2,0.0141,TruncGMM(K=2),TruncGMM(K=6),TruncGMM(K=2),TruncGMM(K=3),20
KR_U1230,Weekday,18,57,1,0.8028,TruncGMM(K=2),TruncGMM(K=5),TruncGMM(K=2),TruncGMM(K=1),57
KR_U1230,Weekday,19,8,2,0.1127,TruncGMM(K=2),TruncGMM(K=6),TruncGMM(K=2),TruncGMM(K=3),8
KR_U1230,Weekday,20,1,2,0.0141,TruncGMM(K=2),TruncGMM(K=6),TruncGMM(K=2),TruncGMM(K=3),20
KR_U1230,Weekday,21,0,2,0.0,TruncGMM(K=2),TruncGMM(K=6),TruncGMM(K=2),TruncGMM(K=3),20
KR_U1230,Weekday,22,0,2,0.0,TruncGMM(K=2),TruncGMM(K=6),TruncGMM(K=2),TruncGMM(K=3),20
KR_U1230,Weekday,23,0,2,0.0,TruncGMM(K=2),TruncGMM(K=6),TruncGMM(K=2),TruncGMM(K=3),20
KR_U1230,Weekday,24,0,2,0.0,TruncGMM(K=2),TruncGMM(K=6),TruncGMM(K=2),TruncGMM(K=3),20
PS_1642,Weekend,1,1,2,0.009,Weibull,Weibull,TruncGMM(K=1),TruncGMM(K=3),20
PS_1642,Weekend,2,0,2,0.0,Weibull,Weibull,TruncGMM(K=1),TruncGMM(K=3),20
PS_1642,Weekend,3,0,2,0.0,Weibull,Weibull,TruncGMM(K=1),TruncGMM(K=3),20
PS_1642,Weekend,4,1,2,0.009,Weibull,Weibull,TruncGMM(K=1),TruncGMM(K=3),20
PS_1642,Weekend,5,0,2,0.0,Weibull,Weibull,TruncGMM(K=1),TruncGMM(K=3),20
PS_1642,Weekend,6,0,2,0.0,Weibull,Weibull,TruncGMM(K=1),TruncGMM(K=3),20
PS_1642,Weekend,7,0,2,0.0,Weibull,Weibull,TruncGMM(K=1),TruncGMM(K=3),20
PS_1642,Weekend,8,0,2,0.0,Weibull,Weibull,TruncGMM(K=1),TruncGMM(K=3),20
PS_1642,Weekend,9,2,2,0.018,Weibull,Weibull,TruncGMM(K=1),TruncGMM(K=3),20
PS_1642,Weekend,10,6,2,0.0541,Weibull,Weibull,TruncGMM(K=1),TruncGMM(K=3),6
PS_1642,Weekend,11,3,2,0.027,Weibull,Weibull,TruncGMM(K=1),TruncGMM(K=3),20
PS_1642,Weekend,12,11,2,0.0991,Weibull,Weibull,TruncGMM(K=1),TruncGMM(K=3),11
PS_1642,Weekend,13,25,1,0.2252,Weibull,LogNormal,Weibull,TruncGMM(K=2),25
PS_1642,Weekend,14,8,2,0.0721,Weibull,Weibull,TruncGMM(K=1),TruncGMM(K=3),8
PS_1642,Weekend,15,5,2,0.045,Weibull,Weibull,TruncGMM(K=1),TruncGMM(K=3),5
PS_1642,Weekend,16,6,2,0.0541,Weibull,Weibull,TruncGMM(K=1),TruncGMM(K=3),6
PS_1642,Weekend,17,4,2,0.036,Weibull,Weibull,TruncGMM(K=1),TruncGMM(K=3),20
PS_1642,Weekend,18,6,2,0.0541,Weibull,Weibull,TruncGMM(K=1),TruncGMM(K=3),6
PS_1642,Weekend,19,3,2,0.027,Weibull,Weibull,TruncGMM(K=1),TruncGMM(K=3),20
PS_1642,Weekend,20,3,2,0.027,Weibull,Weibull,TruncGMM(K=1),TruncGMM(K=3),20
PS_1642,Weekend,21,9,2,0.0811,Weibull,Weibull,TruncGMM(K=1),TruncGMM(K=3),9
PS_1642,Weekend,22,11,2,0.0991,Weibull,Weibull,TruncGMM(K=1),TruncGMM(K=3),11
PS_1642,Weekend,23,4,2,0.036,Weibull,Weibull,TruncGMM(K=1),TruncGMM(K=3),20
PS_1642,Weekend,24,3,2,0.027,Weibull,Weibull,TruncGMM(K=1),TruncGMM(K=3),20
TRO_R_Bl2-1,Weekday,1,0,2,0.0,TruncGMM(K=2),Weibull,TruncGMM(K=1),TruncGMM(K=3),20
TRO_R_Bl2-1,Weekday,2,0,2,0.0,TruncGMM(K=2),Weibull,TruncGMM(K=1),TruncGMM(K=3),20
TRO_R_Bl2-1,Weekday,3,0,2,0.0,TruncGMM(K=2),Weibull,TruncGMM(K=1),TruncGMM(K=3),20
TRO_R_Bl2-1,Weekday,4,0,2,0.0,TruncGMM(K=2),Weibull,TruncGMM(K=1),TruncGMM(K=3),20
TRO_R_Bl2-1,Weekday,5,0,2,0.0,TruncGMM(K=2),Weibull,TruncGMM(K=1),TruncGMM(K=3),20
TRO_R_Bl2-1,Weekday,6,0,2,0.0,TruncGMM(K=2),Weibull,TruncGMM(K=1),TruncGMM(K=3),20
TRO_R_Bl2-1,Weekday,7,1,2,0.0053,TruncGMM(K=2),Weibull,TruncGMM(K=1),TruncGMM(K=3),20
TRO_R_Bl2-1,Weekday,8,9,2,0.0479,TruncGMM(K=2),Weibull,TruncGMM(K=1),TruncGMM(K=3),9
TRO_R_Bl2-1,Weekday,9,7,2,0.0372,TruncGMM(K=2),Weibull,TruncGMM(K=1),TruncGMM(K=3),7
TRO_R_Bl2-1,Weekday,10,4,2,0.0213,TruncGMM(K=2),Weibull,TruncGMM(K=1),TruncGMM(K=3),20
TRO_R_Bl2-1,Weekday,11,6,2,0.0319,TruncGMM(K=2),Weibull,TruncGMM(K=1),TruncGMM(K=3),6
TRO_R_Bl2-1,Weekday,12,4,2,0.0213,TruncGMM(K=2),Weibull,TruncGMM(K=1),TruncGMM(K=3),20
TRO_R_Bl2-1,Weekday,13,5,2,0.0266,TruncGMM(K=2),Weibull,TruncGMM(K=1),TruncGMM(K=3),5
TRO_R_Bl2-1,Weekday,14,6,2,0.0319,TruncGMM(K=2),Weibull,TruncGMM(K=1),TruncGMM(K=3),6
TRO_R_Bl2-1,Weekday,15,8,2,0.0426,TruncGMM(K=2),Weibull,TruncGMM(K=1),TruncGMM(K=3),8
TRO_R_Bl2-1,Weekday,16,20,1,0.1064,LogNormal,Weibull,TruncGMM(K=1),Weibull,20
TRO_R_Bl2-1,Weekday,17,12,2,0.0638,TruncGMM(K=2),Weibull,TruncGMM(K=1),TruncGMM(K=3),12
TRO_R_Bl2-1,Weekday,18,12,2,0.0638,TruncGMM(K=2),Weibull,TruncGMM(K=1),TruncGMM(K=3),12
TRO_R_Bl2-1,Weekday,19,17,1,0.0904,TruncGMM(K=2),Weibull,TruncGMM(K=3),TruncGMM(K=1),17
TRO_R_Bl2-1,Weekday,20,21,1,0.1117,TruncGMM(K=3),Exponential,Weibull,LogNormal,21
TRO_R_Bl2-1,Weekday,21,23,1,0.1223,TruncGMM(K=2),Weibull,TruncGMM(K=1),LogNormal,23
TRO_R_Bl2-1,Weekday,22,17,1,0.0904,LogNormal,Weibull,TruncGMM(K=1),Weibull,17
TRO_R_Bl2-1,Weekday,23,15,1,0.0798,TruncGMM(K=3),LogNormal,Weibull,TruncGMM(K=3),15
TRO_R_Bl2-1,Weekday,24,1,2,0.0053,TruncGMM(K=2),Weibull,TruncGMM(K=1),TruncGMM(K=3),20
OSL_T_41,Weekend,1,0,2,0.0,Exponential,Exponential,TruncGMM(K=1),TruncGMM(K=2),20
OSL_T_41,Weekend,2,0,2,0.0,Exponential,Exponential,TruncGMM(K=1),TruncGMM(K=2),20
OSL_T_41,Weekend,3,1,2,0.0294,Exponential,Exponential,TruncGMM(K=1),TruncGMM(K=2),20
OSL_T_41,Weekend,4,1,2,0.0294,Exponential,Exponential,TruncGMM(K=1),TruncGMM(K=2),20
OSL_T_41,Weekend,5,0,2,0.0,Exponential,Exponential,TruncGMM(K=1),TruncGMM(K=2),20
OSL_T_41,Weekend,6,0,2,0.0,Exponential,Exponential,TruncGMM(K=1),TruncGMM(K=2),20
OSL_T_41,Weekend,7,0,2,0.0,Exponential,Exponential,TruncGMM(K=1),TruncGMM(K=2),20
OSL_T_41,Weekend,8,0,2,0.0,Exponential,Exponential,TruncGMM(K=1),TruncGMM(K=2),20
OSL_T_41,Weekend,9,0,2,0.0,Exponential,Exponential,TruncGMM(K=1),TruncGMM(K=2),20
OSL_T_41,Weekend,10,0,2,0.0,Exponential,Exponential,TruncGMM(K=1),TruncGMM(K=2),20
OSL_T_41,Weekend,11,0,2,0.0,Exponential,Exponential,TruncGMM(K=1),TruncGMM(K=2),20
OSL_T_41,Weekend,12,4,2,0.1176,Exponential,Exponential,TruncGMM(K=1),TruncGMM(K=2),20
OSL_T_41,Weekend,13,4,2,0.1176,Exponential,Exponential,TruncGMM(K=1),TruncGMM(K=2),20
OSL_T_41,Weekend,14,5,2,0.1471,Exponential,Exponential,TruncGMM(K=1),TruncGMM(K=2),5
OSL_T_41,Weekend,15,3,2,0.0882,Exponential,Exponential,TruncGMM(K=1),TruncGMM(K=2),20
OSL_T_41,Weekend,16,3,2,0.0882,Exponential,Exponential,TruncGMM(K=1),TruncGMM(K=2),20
OSL_T_41,Weekend,17,2,2,0.0588,Exponential,Exponential,TruncGMM(K=1),TruncGMM(K=2),20
OSL_T_41,Weekend,18,5,2,0.1471,Exponential,Exponential,TruncGMM(K=1),TruncGMM(K=2),5
OSL_T_41,Weekend,19,2,2,0.0588,Exponential,Exponential,TruncGMM(K=1),TruncGMM(K=2),20
OSL_T_41,Weekend,20,1,2,0.0294,Exponential,Exponential,TruncGMM(K=1),TruncGMM(K=2),20
OSL_T_41,Weekend,21,0,2,0.0,Exponential,Exponential,TruncGMM(K=1),TruncGMM(K=2),20
OSL_T_41,Weekend,22,1,2,0.0294,Exponential,Exponential,TruncGMM(K=1),TruncGMM(K=2),20
OSL_T_41,Weekend,23,1,2,0.0294,Exponential,Exponential,TruncGMM(K=1),TruncGMM(K=2),20
OSL_T_41,Weekend,24,1,2,0.0294,Exponential,Exponential,TruncGMM(K=1),TruncGMM(K=2),20
ASK_Plass29,Weekday,1,1,2,0.003,TruncGMM(K=2),TruncGMM(K=4),Weibull,TruncGMM(K=4),20
ASK_Plass29,Weekday,2,0,2,0.0,TruncGMM(K=2),TruncGMM(K=4),Weibull,TruncGMM(K=4),20
ASK_Plass29,Weekday,3,0,2,0.0,TruncGMM(K=2),TruncGMM(K=4),Weibull,TruncGMM(K=4),20
ASK_Plass29,Weekday,4,0,2,0.0,TruncGMM(K=2),TruncGMM(K=4),Weibull,TruncGMM(K=4),20
ASK_Plass29,Weekday,5,0,2,0.0,TruncGMM(K=2),TruncGMM(K=4),Weibull,TruncGMM(K=4),20
ASK_Plass29,Weekday,6,0,2,0.0,TruncGMM(K=2),TruncGMM(K=4),Weibull,TruncGMM(K=4),20
ASK_Plass29,Weekday,7,0,2,0.0,TruncGMM(K=2),TruncGMM(K=4),Weibull,TruncGMM(K=4),20
ASK_Plass29,Weekday,8,1,2,0.003,TruncGMM(K=2),TruncGMM(K=4),Weibull,TruncGMM(K=4),20
ASK_Plass29,Weekday,9,0,2,0.0,TruncGMM(K=2),TruncGMM(K=4),Weibull,TruncGMM(K=4),20
ASK_Plass29,Weekday,10,1,2,0.003,TruncGMM(K=2),TruncGMM(K=4),Weibull,TruncGMM(K=4),20
ASK_Plass29,Weekday,11,0,2,0.0,TruncGMM(K=2),TruncGMM(K=4),Weibull,TruncGMM(K=4),20
ASK_Plass29,Weekday,12,2,2,0.006,TruncGMM(K=2),TruncGMM(K=4),Weibull,TruncGMM(K=4),20
ASK_Plass29,Weekday,13,3,2,0.009,TruncGMM(K=2),TruncGMM(K=4),Weibull,TruncGMM(K=4),20
ASK_Plass29,Weekday,14,4,2,0.012,TruncGMM(K=2),TruncGMM(K=4),Weibull,TruncGMM(K=4),20
ASK_Plass29,Weekday,15,18,1,0.0539,LogNormal,Exponential,LogNormal,Weibull,18
ASK_Plass29,Weekday,16,33,1,0.0988,LogNormal,LogNormal,TruncGMM(K=1),TruncGMM(K=6),33
ASK_Plass29,Weekday,17,56,1,0.1677,TruncGMM(K=2),LogNormal,Weibull,LogNormal,56
ASK_Plass29,Weekday,18,14,2,0.0419,TruncGMM(K=2),TruncGMM(K=4),Weibull,TruncGMM(K=4),14
ASK_Plass29,Weekday,19,27,1,0.0808,TruncGMM(K=3),LogNormal,LogNormal,LogNormal,27
ASK_Plass29,Weekday,20,63,1,0.1886,LogNormal,LogNormal,Weibull,TruncGMM(K=3),63
ASK_Plass29,Weekday,21,61,1,0.1826,TruncGMM(K=1),Weibull,TruncGMM(K=1),TruncGMM(K=3),61
ASK_Plass29,Weekday,22,30,1,0.0898,TruncGMM(K=2),Exponential,TruncGMM(K=1),Weibull,30
ASK_Plass29,Weekday,23,16,1,0.0479,Weibull,LogNormal,TruncGMM(K=1),Weibull,16
ASK_Plass29,Weekday,24,4,2,0.012,TruncGMM(K=2),TruncGMM(K=4),Weibull,TruncGMM(K=4),20
TRO_R_SR2-3,Weekday,1,0,2,0.0,TruncGMM(K=2),Weibull,TruncGMM(K=1),TruncGMM(K=2),20
TRO_R_SR2-3,Weekday,2,0,2,0.0,TruncGMM(K=2),Weibull,TruncGMM(K=1),TruncGMM(K=2),20
TRO_R_SR2-3,Weekday,3,0,2,0.0,TruncGMM(K=2),Weibull,TruncGMM(K=1),TruncGMM(K=2),20
TRO_R_SR2-3,Weekday,4,0,2,0.0,TruncGMM(K=2),Weibull,TruncGMM(K=1),TruncGMM(K=2),20
TRO_R_SR2-3,Weekday,5,1,2,0.0114,TruncGMM(K=2),Weibull,TruncGMM(K=1),TruncGMM(K=2),20
TRO_R_SR2-3,Weekday,6,0,2,0.0,TruncGMM(K=2),Weibull,TruncGMM(K=1),TruncGMM(K=2),20
TRO_R_SR2-3,Weekday,7,0,2,0.0,TruncGMM(K=2),Weibull,TruncGMM(K=1),TruncGMM(K=2),20
TRO_R_SR2-3,Weekday,8,1,2,0.0114,TruncGMM(K=2),Weibull,TruncGMM(K=1),TruncGMM(K=2),20
TRO_R_SR2-3,Weekday,9,1,2,0.0114,TruncGMM(K=2),Weibull,TruncGMM(K=1),TruncGMM(K=2),20
TRO_R_SR2-3,Weekday,10,0,2,0.0,TruncGMM(K=2),Weibull,TruncGMM(K=1),TruncGMM(K=2),20
TRO_R_SR2-3,Weekday,11,1,2,0.0114,TruncGMM(K=2),Weibull,TruncGMM(K=1),TruncGMM(K=2),20
TRO_R_SR2-3,Weekday,12,1,2,0.0114,TruncGMM(K=2),Weibull,TruncGMM(K=1),TruncGMM(K=2),20
TRO_R_SR2-3,Weekday,13,0,2,0.0,TruncGMM(K=2),Weibull,TruncGMM(K=1),TruncGMM(K=2),20
TRO_R_SR2-3,Weekday,14,3,2,0.0341,TruncGMM(K=2),Weibull,TruncGMM(K=1),TruncGMM(K=2),20
TRO_R_SR2-3,Weekday,15,1,2,0.0114,TruncGMM(K=2),Weibull,TruncGMM(K=1),TruncGMM(K=2),20
TRO_R_SR2-3,Weekday,16,2,2,0.0227,TruncGMM(K=2),Weibull,TruncGMM(K=1),TruncGMM(K=2),20
TRO_R_SR2-3,Weekday,17,18,1,0.2045,TruncGMM(K=3),Exponential,LogNormal,LogNormal,18
TRO_R_SR2-3,Weekday,18,8,2,0.0909,TruncGMM(K=2),Weibull,TruncGMM(K=1),TruncGMM(K=2),8
TRO_R_SR2-3,Weekday,19,7,2,0.0795,TruncGMM(K=2),Weibull,TruncGMM(K=1),TruncGMM(K=2),7
TRO_R_SR2-3,Weekday,20,10,2,0.1136,TruncGMM(K=2),Weibull,TruncGMM(K=1),TruncGMM(K=2),10
TRO_R_SR2-3,Weekday,21,21,1,0.2386,TruncGMM(K=3),Exponential,TruncGMM(K=2),TruncGMM(K=1),21
TRO_R_SR2-3,Weekday,22,7,2,0.0795,TruncGMM(K=2),Weibull,TruncGMM(K=1),TruncGMM(K=2),7
TRO_R_SR2-3,Weekday,23,4,2,0.0455,TruncGMM(K=2),Weibull,TruncGMM(K=1),TruncGMM(K=2),20
TRO_R_SR2-3,Weekday,24,2,2,0.0227,TruncGMM(K=2),Weibull,TruncGMM(K=1),TruncGMM(K=2),20
ASK_Plass23,Weekend,1,2,2,0.0171,TruncGMM(K=3),Weibull,TruncGMM(K=3),TruncGMM(K=2),20
ASK_Plass23,Weekend,2,0,2,0.0,TruncGMM(K=3),Weibull,TruncGMM(K=3),TruncGMM(K=2),20
ASK_Plass23,Weekend,3,0,2,0.0,TruncGMM(K=3),Weibull,TruncGMM(K=3),TruncGMM(K=2),20
ASK_Plass23,Weekend,4,0,2,0.0,TruncGMM(K=3),Weibull,TruncGMM(K=3),TruncGMM(K=2),20
ASK_Plass23,Weekend,5,0,2,0.0,TruncGMM(K=3),Weibull,TruncGMM(K=3),TruncGMM(K=2),20
ASK_Plass23,Weekend,6,0,2,0.0,TruncGMM(K=3),Weibull,TruncGMM(K=3),TruncGMM(K=2),20
ASK_Plass23,Weekend,7,0,2,0.0,TruncGMM(K=3),Weibull,TruncGMM(K=3),TruncGMM(K=2),20
ASK_Plass23,Weekend,8,1,2,0.0085,TruncGMM(K=3),Weibull,TruncGMM(K=3),TruncGMM(K=2),20
ASK_Plass23,Weekend,9,0,2,0.0,TruncGMM(K=3),Weibull,TruncGMM(K=3),TruncGMM(K=2),20
ASK_Plass23,Weekend,10,1,2,0.0085,TruncGMM(K=3),Weibull,TruncGMM(K=3),TruncGMM(K=2),20
ASK_Plass23,Weekend,11,0,2,0.0,TruncGMM(K=3),Weibull,TruncGMM(K=3),TruncGMM(K=2),20
ASK_Plass23,Weekend,12,1,2,0.0085,TruncGMM(K=3),Weibull,TruncGMM(K=3),TruncGMM(K=2),20
ASK_Plass23,Weekend,13,1,2,0.0085,TruncGMM(K=3),Weibull,TruncGMM(K=3),TruncGMM(K=2),20
ASK_Plass23,Weekend,14,4,2,0.0342,TruncGMM(K=3),Weibull,TruncGMM(K=3),TruncGMM(K=2),20
ASK_Plass23,Weekend,15,10,2,0.0855,TruncGMM(K=3),Weibull,TruncGMM(K=3),TruncGMM(K=2),10
ASK_Plass23,Weekend,16,9,2,0.0769,TruncGMM(K=3),Weibull,TruncGMM(K=3),TruncGMM(K=2),9
ASK_Plass23,Weekend,17,15,1,0.1282,TruncGMM(K=2),TruncGMM(K=3),LogNormal,TruncGMM(K=2),15
ASK_Plass23,Weekend,18,13,2,0.1111,TruncGMM(K=3),Weibull,TruncGMM(K=3),TruncGMM(K=2),13
ASK_Plass23,Weekend,19,11,2,0.094,TruncGMM(K=3),Weibull,TruncGMM(K=3),TruncGMM(K=2),11
ASK_Plass23,Weekend,20,14,2,0.1197,TruncGMM(K=3),Weibull,TruncGMM(K=3),TruncGMM(K=2),14
ASK_Plass23,Weekend,21,12,2,0.1026,TruncGMM(K=3),Weibull,TruncGMM(K=3),TruncGMM(K=2),12
ASK_Plass23,Weekend,22,15,1,0.1282,TruncGMM(K=2),Exponential,Weibull,TruncGMM(K=2),15
ASK_Plass23,Weekend,23,5,2,0.0427,TruncGMM(K=3),Weibull,TruncGMM(K=3),TruncGMM(K=2),5
ASK_Plass23,Weekend,24,3,2,0.0256,TruncGMM(K=3),Weibull,TruncGMM(K=3),TruncGMM(K=2),20
BAR_2_Plass9,Weekday,1,4,2,0.0357,TruncGMM(K=2),Weibull,Weibull,TruncGMM(K=3),20
BAR_2_Plass9,Weekday,2,0,2,0.0,TruncGMM(K=2),Weibull,Weibull,TruncGMM(K=3),20
BAR_2_Plass9,Weekday,3,0,2,0.0,TruncGMM(K=2),Weibull,Weibull,TruncGMM(K=3),20
BAR_2_Plass9,Weekday,4,0,2,0.0,TruncGMM(K=2),Weibull,Weibull,TruncGMM(K=3),20
BAR_2_Plass9,Weekday,5,0,2,0.0,TruncGMM(K=2),Weibull,Weibull,TruncGMM(K=3),20
BAR_2_Plass9,Weekday,6,0,2,0.0,TruncGMM(K=2),Weibull,Weibull,TruncGMM(K=3),20
BAR_2_Plass9,Weekday,7,0,2,0.0,TruncGMM(K=2),Weibull,Weibull,TruncGMM(K=3),20
BAR_2_Plass9,Weekday,8,0,2,0.0,TruncGMM(K=2),Weibull,Weibull,TruncGMM(K=3),20
BAR_2_Plass9,Weekday,9,0,2,0.0,TruncGMM(K=2),Weibull,Weibull,TruncGMM(K=3),20
BAR_2_Plass9,Weekday,10,1,2,0.0089,TruncGMM(K=2),Weibull,Weibull,TruncGMM(K=3),20
BAR_2_Plass9,Weekday,11,0,2,0.0,TruncGMM(K=2),Weibull,Weibull,TruncGMM(K=3),20
BAR_2_Plass9,Weekday,12,2,2,0.0179,TruncGMM(K=2),Weibull,Weibull,TruncGMM(K=3),20
BAR_2_Plass9,Weekday,13,1,2,0.0089,TruncGMM(K=2),Weibull,Weibull,TruncGMM(K=3),20
BAR_2_Plass9,Weekday,14,4,2,0.0357,TruncGMM(K=2),Weibull,Weibull,TruncGMM(K=3),20
BAR_2_Plass9,Weekday,15,6,2,0.0536,TruncGMM(K=2),Weibull,Weibull,TruncGMM(K=3),6
BAR_2_Plass9,Weekday,16,10,2,0.0893,TruncGMM(K=2),Weibull,Weibull,TruncGMM(K=3),10
BAR_2_Plass9,Weekday,17,8,2,0.0714,TruncGMM(K=2),Weibull,Weibull,TruncGMM(K=3),8
BAR_2_Plass9,Weekday,18,15,1,0.1339,TruncGMM(K=2),Exponential,Weibull,TruncGMM(K=2),15
BAR_2_Plass9,Weekday,19,14,2,0.125,TruncGMM(K=2),Weibull,Weibull,TruncGMM(K=3),14
BAR_2_Plass9,Weekday,20,8,2,0.0714,TruncGMM(K=2),Weibull,Weibull,TruncGMM(K=3),8
BAR_2_Plass9,Weekday,21,9,2,0.0804,TruncGMM(K=2),Weibull,Weibull,TruncGMM(K=3),9
BAR_2_Plass9,Weekday,22,8,2,0.0714,TruncGMM(K=2),Weibull,Weibull,TruncGMM(K=3),8
BAR_2_Plass9,Weekday,23,14,2,0.125,TruncGMM(K=2),Weibull,Weibull,TruncGMM(K=3),14
BAR_2_Plass9,Weekday,24,8,2,0.0714,TruncGMM(K=2),Weibull,Weibull,TruncGMM(K=3),8
KR_U73,Weekend,1,0,3,0.0,TruncGMM(K=3),Weibull,TruncGMM(K=3),TruncGMM(K=3),20
KR_U73,Weekend,2,0,3,0.0,TruncGMM(K=3),Weibull,TruncGMM(K=3),TruncGMM(K=3),20
KR_U73,Weekend,3,0,3,0.0,TruncGMM(K=3),Weibull,TruncGMM(K=3),TruncGMM(K=3),20
KR_U73,Weekend,4,0,3,0.0,TruncGMM(K=3),Weibull,TruncGMM(K=3),TruncGMM(K=3),20
KR_U73,Weekend,5,0,3,0.0,TruncGMM(K=3),Weibull,TruncGMM(K=3),TruncGMM(K=3),20
KR_U73,Weekend,6,0,3,0.0,TruncGMM(K=3),Weibull,TruncGMM(K=3),TruncGMM(K=3),20
KR_U73,Weekend,7,0,3,0.0,TruncGMM(K=3),Weibull,TruncGMM(K=3),TruncGMM(K=3),20
KR_U73,Weekend,8,0,3,0.0,TruncGMM(K=3),Weibull,TruncGMM(K=3),TruncGMM(K=3),20
KR_U73,Weekend,9,0,3,0.0,TruncGMM(K=3),Weibull,TruncGMM(K=3),TruncGMM(K=3),20
KR_U73,Weekend,10,1,3,0.1999,TruncGMM(K=3),Weibull,TruncGMM(K=3),TruncGMM(K=3),20
KR_U73,Weekend,11,1,3,0.1999,TruncGMM(K=3),Weibull,TruncGMM(K=3),TruncGMM(K=3),20
KR_U73,Weekend,12,0,3,0.0,TruncGMM(K=3),Weibull,TruncGMM(K=3),TruncGMM(K=3),20
KR_U73,Weekend,13,0,3,0.0,TruncGMM(K=3),Weibull,TruncGMM(K=3),TruncGMM(K=3),20
KR_U73,Weekend,14,0,3,0.0,TruncGMM(K=3),Weibull,TruncGMM(K=3),TruncGMM(K=3),20
KR_U73,Weekend,15,2,3,0.3998,TruncGMM(K=3),Weibull,TruncGMM(K=3),TruncGMM(K=3),20
KR_U73,Weekend,16,0,3,0.0,TruncGMM(K=3),Weibull,TruncGMM(K=3),TruncGMM(K=3),20
KR_U73,Weekend,17,1,3,0.1999,TruncGMM(K=3),Weibull,TruncGMM(K=3),TruncGMM(K=3),20
KR_U73,Weekend,18,0,3,0.0,TruncGMM(K=3),Weibull,TruncGMM(K=3),TruncGMM(K=3),20
KR_U73,Weekend,19,0,3,0.0,TruncGMM(K=3),Weibull,TruncGMM(K=3),TruncGMM(K=3),20
KR_U73,Weekend,20,0,3,0.0,TruncGMM(K=3),Weibull,TruncGMM(K=3),TruncGMM(K=3),20
KR_U73,Weekend,21,0,3,0.0,TruncGMM(K=3),Weibull,TruncGMM(K=3),TruncGMM(K=3),20
KR_U73,Weekend,22,0,3,0.0,TruncGMM(K=3),Weibull,TruncGMM(K=3),TruncGMM(K=3),20
KR_U73,Weekend,23,0,3,0.0,TruncGMM(K=3),Weibull,TruncGMM(K=3),TruncGMM(K=3),20
KR_U73,Weekend,24,0,3,0.0,TruncGMM(K=3),Weibull,TruncGMM(K=3),TruncGMM(K=3),20
PS_27,Weekday,1,0,2,0.0,TruncGMM(K=2),TruncGMM(K=4),TruncGMM(K=3),Weibull,20
PS_27,Weekday,2,0,2,0.0,TruncGMM(K=2),TruncGMM(K=4),TruncGMM(K=3),Weibull,20
PS_27,Weekday,3,0,2,0.0,TruncGMM(K=2),TruncGMM(K=4),TruncGMM(K=3),Weibull,20
PS_27,Weekday,4,0,2,0.0,TruncGMM(K=2),TruncGMM(K=4),TruncGMM(K=3),Weibull,20
PS_27,Weekday,5,1,2,0.0098,TruncGMM(K=2),TruncGMM(K=4),TruncGMM(K=3),Weibull,20
PS_27,Weekday,6,0,2,0.0,TruncGMM(K=2),TruncGMM(K=4),TruncGMM(K=3),Weibull,20
PS_27,Weekday,7,0,2,0.0,TruncGMM(K=2),TruncGMM(K=4),TruncGMM(K=3),Weibull,20
PS_27,Weekday,8,0,2,0.0,TruncGMM(K=2),TruncGMM(K=4),TruncGMM(K=3),Weibull,20
PS_27,Weekday,9,0,2,0.0,TruncGMM(K=2),TruncGMM(K=4),TruncGMM(K=3),Weibull,20
PS_27,Weekday,10,3,2,0.0294,TruncGMM(K=2),TruncGMM(K=4),TruncGMM(K=3),Weibull,20
PS_27,Weekday,11,3,2,0.0294,TruncGMM(K=2),TruncGMM(K=4),TruncGMM(K=3),Weibull,20
PS_27,Weekday,12,1,2,0.0098,TruncGMM(K=2),TruncGMM(K=4),TruncGMM(K=3),Weibull,20
PS_27,Weekday,13,5,2,0.049,TruncGMM(K=2),TruncGMM(K=4),TruncGMM(K=3),Weibull,5
PS_27,Weekday,14,8,2,0.0784,TruncGMM(K=2),TruncGMM(K=4),TruncGMM(K=3),Weibull,8
PS_27,Weekday,15,6,2,0.0588,TruncGMM(K=2),TruncGMM(K=4),TruncGMM(K=3),Weibull,6
PS_27,Weekday,16,10,2,0.098,TruncGMM(K=2),TruncGMM(K=4),TruncGMM(K=3),Weibull,10
PS_27,Weekday,17,24,1,0.2353,TruncGMM(K=1),LogNormal,TruncGMM(K=1),TruncGMM(K=2),24
PS_27,Weekday,18,11,2,0.1078,TruncGMM(K=2),TruncGMM(K=4),TruncGMM(K=3),Weibull,11
PS_27,Weekday,19,8,2,0.0784,TruncGMM(K=2),TruncGMM(K=4),TruncGMM(K=3),Weibull,8
PS_27,Weekday,20,17,1,0.1667,LogNormal,TruncGMM(K=2),TruncGMM(K=2),TruncGMM(K=1),17
PS_27,Weekday,21,1,2,0.0098,TruncGMM(K=2),TruncGMM(K=4),TruncGMM(K=3),Weibull,20
PS_27,Weekday,22,1,2,0.0098,TruncGMM(K=2),TruncGMM(K=4),TruncGMM(K=3),Weibull,20
PS_27,Weekday,23,2,2,0.0196,TruncGMM(K=2),TruncGMM(K=4),TruncGMM(K=3),Weibull,20
PS_27,Weekday,24,1,2,0.0098,TruncGMM(K=2),TruncGMM(K=4),TruncGMM(K=3),Weibull,20
BAR_Plass153,Weekday,1,3,2,0.0283,Exponential,LogNormal,TruncGMM(K=3),TruncGMM(K=5),20
BAR_Plass153,Weekday,2,0,2,0.0,Exponential,LogNormal,TruncGMM(K=3),TruncGMM(K=5),20
BAR_Plass153,Weekday,3,1,2,0.0094,Exponential,LogNormal,TruncGMM(K=3),TruncGMM(K=5),20
BAR_Plass153,Weekday,4,0,2,0.0,Exponential,LogNormal,TruncGMM(K=3),TruncGMM(K=5),20
BAR_Plass153,Weekday,5,0,2,0.0,Exponential,LogNormal,TruncGMM(K=3),TruncGMM(K=5),20
BAR_Plass153,Weekday,6,0,2,0.0,Exponential,LogNormal,TruncGMM(K=3),TruncGMM(K=5),20
BAR_Plass153,Weekday,7,3,2,0.0283,Exponential,LogNormal,TruncGMM(K=3),TruncGMM(K=5),20
BAR_Plass153,Weekday,8,7,2,0.066,Exponential,LogNormal,TruncGMM(K=3),TruncGMM(K=5),7
BAR_Plass153,Weekday,9,7,2,0.066,Exponential,LogNormal,TruncGMM(K=3),TruncGMM(K=5),7
BAR_Plass153,Weekday,10,2,2,0.0189,Exponential,LogNormal,TruncGMM(K=3),TruncGMM(K=5),20
BAR_Plass153,Weekday,11,1,2,0.0094,Exponential,LogNormal,TruncGMM(K=3),TruncGMM(K=5),20
BAR_Plass153,Weekday,12,6,2,0.0566,Exponential,LogNormal,TruncGMM(K=3),TruncGMM(K=5),6
BAR_Plass153,Weekday,13,4,2,0.0377,Exponential,LogNormal,TruncGMM(K=3),TruncGMM(K=5),20
BAR_Plass153,Weekday,14,3,2,0.0283,Exponential,LogNormal,TruncGMM(K=3),TruncGMM(K=5),20
BAR_Plass153,Weekday,15,4,2,0.0377,Exponential,LogNormal,TruncGMM(K=3),TruncGMM(K=5),20
BAR_Plass153,Weekday,16,20,1,0.1887,TruncGMM(K=2),Exponential,TruncGMM(K=2),LogNormal,20
BAR_Plass153,Weekday,17,8,2,0.0755,Exponential,LogNormal,TruncGMM(K=3),TruncGMM(K=5),8
BAR_Plass153,Weekday,18,6,2,0.0566,Exponential,LogNormal,TruncGMM(K=3),TruncGMM(K=5),6
BAR_Plass153,Weekday,19,7,2,0.066,Exponential,LogNormal,TruncGMM(K=3),TruncGMM(K=5),7
BAR_Plass153,Weekday,20,4,2,0.0377,Exponential,LogNormal,TruncGMM(K=3),TruncGMM(K=5),20
BAR_Plass153,Weekday,21,5,2,0.0472,Exponential,LogNormal,TruncGMM(K=3),TruncGMM(K=5),5
BAR_Plass153,Weekday,22,9,2,0.0849,Exponential,LogNormal,TruncGMM(K=3),TruncGMM(K=5),9
BAR_Plass153,Weekday,23,5,2,0.0472,Exponential,LogNormal,TruncGMM(K=3),TruncGMM(K=5),5
BAR_Plass153,Weekday,24,1,2,0.0094,Exponential,LogNormal,TruncGMM(K=3),TruncGMM(K=5),20
TRO_R_AsO2-1,Weekday,1,0,2,0.0,TruncGMM(K=3),TruncGMM(K=4),TruncGMM(K=2),TruncGMM(K=4),20
TRO_R_AsO2-1,Weekday,2,0,2,0.0,TruncGMM(K=3),TruncGMM(K=4),TruncGMM(K=2),TruncGMM(K=4),20
TRO_R_AsO2-1,Weekday,3,0,2,0.0,TruncGMM(K=3),TruncGMM(K=4),TruncGMM(K=2),TruncGMM(K=4),20
TRO_R_AsO2-1,Weekday,4,0,2,0.0,TruncGMM(K=3),TruncGMM(K=4),TruncGMM(K=2),TruncGMM(K=4),20
TRO_R_AsO2-1,Weekday,5,0,2,0.0,TruncGMM(K=3),TruncGMM(K=4),TruncGMM(K=2),TruncGMM(K=4),20
TRO_R_AsO2-1,Weekday,6,0,2,0.0,TruncGMM(K=3),TruncGMM(K=4),TruncGMM(K=2),TruncGMM(K=4),20
TRO_R_AsO2-1,Weekday,7,0,2,0.0,TruncGMM(K=3),TruncGMM(K=4),TruncGMM(K=2),TruncGMM(K=4),20
TRO_R_AsO2-1,Weekday,8,0,2,0.0,TruncGMM(K=3),TruncGMM(K=4),TruncGMM(K=2),TruncGMM(K=4),20
TRO_R_AsO2-1,Weekday,9,0,2,0.0,TruncGMM(K=3),TruncGMM(K=4),TruncGMM(K=2),TruncGMM(K=4),20
TRO_R_AsO2-1,Weekday,10,1,2,0.0059,TruncGMM(K=3),TruncGMM(K=4),TruncGMM(K=2),TruncGMM(K=4),20
TRO_R_AsO2-1,Weekday,11,1,2,0.0059,TruncGMM(K=3),TruncGMM(K=4),TruncGMM(K=2),TruncGMM(K=4),20
TRO_R_AsO2-1,Weekday,12,0,2,0.0,TruncGMM(K=3),TruncGMM(K=4),TruncGMM(K=2),TruncGMM(K=4),20
TRO_R_AsO2-1,Weekday,13,0,2,0.0,TruncGMM(K=3),TruncGMM(K=4),TruncGMM(K=2),TruncGMM(K=4),20
TRO_R_AsO2-1,Weekday,14,3,2,0.0178,TruncGMM(K=3),TruncGMM(K=4),TruncGMM(K=2),TruncGMM(K=4),20
TRO_R_AsO2-1,Weekday,15,1,2,0.0059,TruncGMM(K=3),TruncGMM(K=4),TruncGMM(K=2),TruncGMM(K=4),20
TRO_R_AsO2-1,Weekday,16,9,2,0.0533,TruncGMM(K=3),TruncGMM(K=4),TruncGMM(K=2),TruncGMM(K=4),9
TRO_R_AsO2-1,Weekday,17,57,1,0.3373,TruncGMM(K=2),TruncGMM(K=2),LogNormal,Weibull,57
TRO_R_AsO2-1,Weekday,18,27,1,0.1598,TruncGMM(K=2),LogNormal,Weibull,TruncGMM(K=2),27
TRO_R_AsO2-1,Weekday,19,37,1,0.2189,TruncGMM(K=2),TruncGMM(K=2),Weibull,TruncGMM(K=1),37
TRO_R_AsO2-1,Weekday,20,14,2,0.0828,TruncGMM(K=3),TruncGMM(K=4),TruncGMM(K=2),TruncGMM(K=4),14
TRO_R_AsO2-1,Weekday,21,12,2,0.071,TruncGMM(K=3),TruncGMM(K=4),TruncGMM(K=2),TruncGMM(K=4),12
TRO_R_AsO2-1,Weekday,22,4,2,0.0237,TruncGMM(K=3),TruncGMM(K=4),TruncGMM(K=2),TruncGMM(K=4),20
TRO_R_AsO2-1,Weekday,23,3,2,0.0178,TruncGMM(K=3),TruncGMM(K=4),TruncGMM(K=2),TruncGMM(K=4),20
TRO_R_AsO2-1,Weekday,24,0,2,0.0,TruncGMM(K=3),TruncGMM(K=4),TruncGMM(K=2),TruncGMM(K=4),20
PS_9053,Weekday,1,0,2,0.0,TruncGMM(K=2),TruncGMM(K=4),TruncGMM(K=3),TruncGMM(K=2),20
PS_9053,Weekday,2,0,2,0.0,TruncGMM(K=2),TruncGMM(K=4),TruncGMM(K=3),TruncGMM(K=2),20
PS_9053,Weekday,3,0,2,0.0,TruncGMM(K=2),TruncGMM(K=4),TruncGMM(K=3),TruncGMM(K=2),20
PS_9053,Weekday,4,0,2,0.0,TruncGMM(K=2),TruncGMM(K=4),TruncGMM(K=3),TruncGMM(K=2),20
PS_9053,Weekday,5,0,2,0.0,TruncGMM(K=2),TruncGMM(K=4),TruncGMM(K=3),TruncGMM(K=2),20
PS_9053,Weekday,6,1,2,0.027,TruncGMM(K=2),TruncGMM(K=4),TruncGMM(K=3),TruncGMM(K=2),20
PS_9053,Weekday,7,1,2,0.027,TruncGMM(K=2),TruncGMM(K=4),TruncGMM(K=3),TruncGMM(K=2),20
PS_9053,Weekday,8,0,2,0.0,TruncGMM(K=2),TruncGMM(K=4),TruncGMM(K=3),TruncGMM(K=2),20
PS_9053,Weekday,9,0,2,0.0,TruncGMM(K=2),TruncGMM(K=4),TruncGMM(K=3),TruncGMM(K=2),20
PS_9053,Weekday,10,0,2,0.0,TruncGMM(K=2),TruncGMM(K=4),TruncGMM(K=3),TruncGMM(K=2),20
PS_9053,Weekday,11,0,2,0.0,TruncGMM(K=2),TruncGMM(K=4),TruncGMM(K=3),TruncGMM(K=2),20
PS_9053,Weekday,12,0,2,0.0,TruncGMM(K=2),TruncGMM(K=4),TruncGMM(K=3),TruncGMM(K=2),20
PS_9053,Weekday,13,0,2,0.0,TruncGMM(K=2),TruncGMM(K=4),TruncGMM(K=3),TruncGMM(K=2),20
PS_9053,Weekday,14,2,2,0.0541,TruncGMM(K=2),TruncGMM(K=4),TruncGMM(K=3),TruncGMM(K=2),20
PS_9053,Weekday,15,0,2,0.0,TruncGMM(K=2),TruncGMM(K=4),TruncGMM(K=3),TruncGMM(K=2),20
PS_9053,Weekday,16,0,2,0.0,TruncGMM(K=2),TruncGMM(K=4),TruncGMM(K=3),TruncGMM(K=2),20
PS_9053,Weekday,17,8,2,0.2162,TruncGMM(K=2),TruncGMM(K=4),TruncGMM(K=3),TruncGMM(K=2),8
PS_9053,Weekday,18,11,2,0.2973,TruncGMM(K=2),TruncGMM(K=4),TruncGMM(K=3),TruncGMM(K=2),11
PS_9053,Weekday,19,6,2,0.1622,TruncGMM(K=2),TruncGMM(K=4),TruncGMM(K=3),TruncGMM(K=2),6
PS_9053,Weekday,20,4,2,0.1081,TruncGMM(K=2),TruncGMM(K=4),TruncGMM(K=3),TruncGMM(K=2),20
PS_9053,Weekday,21,2,2,0.0541,TruncGMM(K=2),TruncGMM(K=4),TruncGMM(K=3),TruncGMM(K=2),20
PS_9053,Weekday,22,1,2,0.027,TruncGMM(K=2),TruncGMM(K=4),TruncGMM(K=3),TruncGMM(K=2),20
PS_9053,Weekday,23,1,2,0.027,TruncGMM(K=2),TruncGMM(K=4),TruncGMM(K=3),TruncGMM(K=2),20
PS_9053,Weekday,24,0,2,0.0,TruncGMM(K=2),TruncGMM(K=4),TruncGMM(K=3),TruncGMM(K=2),20
BAR_Plass129,Weekend,1,0,2,0.0,TruncGMM(K=2),Exponential,Weibull,Weibull,20
BAR_Plass129,Weekend,2,0,2,0.0,TruncGMM(K=2),Exponential,Weibull,Weibull,20
BAR_Plass129,Weekend,3,0,2,0.0,TruncGMM(K=2),Exponential,Weibull,Weibull,20
BAR_Plass129,Weekend,4,0,2,0.0,TruncGMM(K=2),Exponential,Weibull,Weibull,20
BAR_Plass129,Weekend,5,0,2,0.0,TruncGMM(K=2),Exponential,Weibull,Weibull,20
BAR_Plass129,Weekend,6,0,2,0.0,TruncGMM(K=2),Exponential,Weibull,Weibull,20
BAR_Plass129,Weekend,7,0,2,0.0,TruncGMM(K=2),Exponential,Weibull,Weibull,20
BAR_Plass129,Weekend,8,0,2,0.0,TruncGMM(K=2),Exponential,Weibull,Weibull,20
BAR_Plass129,Weekend,9,1,2,0.0256,TruncGMM(K=2),Exponential,Weibull,Weibull,20
BAR_Plass129,Weekend,10,0,2,0.0,TruncGMM(K=2),Exponential,Weibull,Weibull,20
BAR_Plass129,Weekend,11,0,2,0.0,TruncGMM(K=2),Exponential,Weibull,Weibull,20
BAR_Plass129,Weekend,12,2,2,0.0513,TruncGMM(K=2),Exponential,Weibull,Weibull,20
BAR_Plass129,Weekend,13,2,2,0.0513,TruncGMM(K=2),Exponential,Weibull,Weibull,20
BAR_Plass129,Weekend,14,2,2,0.0513,TruncGMM(K=2),Exponential,Weibull,Weibull,20
BAR_Plass129,Weekend,15,2,2,0.0513,TruncGMM(K=2),Exponential,Weibull,Weibull,20
BAR_Plass129,Weekend,16,3,2,0.0769,TruncGMM(K=2),Exponential,Weibull,Weibull,20
BAR_Plass129,Weekend,17,10,2,0.2564,TruncGMM(K=2),Exponential,Weibull,Weibull,10
BAR_Plass129,Weekend,18,4,2,0.1026,TruncGMM(K=2),Exponential,Weibull,Weibull,20
BAR_Plass129,Weekend,19,8,2,0.2051,TruncGMM(K=2),Exponential,Weibull,Weibull,8
BAR_Plass129,Weekend,20,4,2,0.1026,TruncGMM(K=2),Exponential,Weibull,Weibull,20
BAR_Plass129,Weekend,21,1,2,0.0256,TruncGMM(K=2),Exponential,Weibull,Weibull,20
BAR_Plass129,Weekend,22,0,2,0.0,TruncGMM(K=2),Exponential,Weibull,Weibull,20
BAR_Plass129,Weekend,23,0,2,0.0,TruncGMM(K=2),Exponential,Weibull,Weibull,20
BAR_Plass129,Weekend,24,0,2,0.0,TruncGMM(K=2),Exponential,Weibull,Weibull,20
KR_U64,Weekend,1,0,3,0.0,TruncGMM(K=3),Weibull,TruncGMM(K=3),TruncGMM(K=3),20
KR_U64,Weekend,2,1,3,0.0909,TruncGMM(K=3),Weibull,TruncGMM(K=3),TruncGMM(K=3),20
KR_U64,Weekend,3,0,3,0.0,TruncGMM(K=3),Weibull,TruncGMM(K=3),TruncGMM(K=3),20
KR_U64,Weekend,4,0,3,0.0,TruncGMM(K=3),Weibull,TruncGMM(K=3),TruncGMM(K=3),20
KR_U64,Weekend,5,2,3,0.1818,TruncGMM(K=3),Weibull,TruncGMM(K=3),TruncGMM(K=3),20
KR_U64,Weekend,6,0,3,0.0,TruncGMM(K=3),Weibull,TruncGMM(K=3),TruncGMM(K=3),20
KR_U64,Weekend,7,0,3,0.0,TruncGMM(K=3),Weibull,TruncGMM(K=3),TruncGMM(K=3),20
KR_U64,Weekend,8,0,3,0.0,TruncGMM(K=3),Weibull,TruncGMM(K=3),TruncGMM(K=3),20
KR_U64,Weekend,9,0,3,0.0,TruncGMM(K=3),Weibull,TruncGMM(K=3),TruncGMM(K=3),20
KR_U64,Weekend,10,1,3,0.0909,TruncGMM(K=3),Weibull,TruncGMM(K=3),TruncGMM(K=3),20
KR_U64,Weekend,11,3,3,0.2727,TruncGMM(K=3),Weibull,TruncGMM(K=3),TruncGMM(K=3),20
KR_U64,Weekend,12,0,3,0.0,TruncGMM(K=3),Weibull,TruncGMM(K=3),TruncGMM(K=3),20
KR_U64,Weekend,13,2,3,0.1818,TruncGMM(K=3),Weibull,TruncGMM(K=3),TruncGMM(K=3),20
KR_U64,Weekend,14,0,3,0.0,TruncGMM(K=3),Weibull,TruncGMM(K=3),TruncGMM(K=3),20
KR_U64,Weekend,15,0,3,0.0,TruncGMM(K=3),Weibull,TruncGMM(K=3),TruncGMM(K=3),20
KR_U64,Weekend,16,1,3,0.0909,TruncGMM(K=3),Weibull,TruncGMM(K=3),TruncGMM(K=3),20
KR_U64,Weekend,17,1,3,0.0909,TruncGMM(K=3),Weibull,TruncGMM(K=3),TruncGMM(K=3),20
KR_U64,Weekend,18,0,3,0.0,TruncGMM(K=3),Weibull,TruncGMM(K=3),TruncGMM(K=3),20
KR_U64,Weekend,19,0,3,0.0,TruncGMM(K=3),Weibull,TruncGMM(K=3),TruncGMM(K=3),20
KR_U64,Weekend,20,0,3,0.0,TruncGMM(K=3),Weibull,TruncGMM(K=3),TruncGMM(K=3),20
KR_U64,Weekend,21,0,3,0.0,TruncGMM(K=3),Weibull,TruncGMM(K=3),TruncGMM(K=3),20
KR_U64,Weekend,22,0,3,0.0,TruncGMM(K=3),Weibull,TruncGMM(K=3),TruncGMM(K=3),20
KR_U64,Weekend,23,0,3,0.0,TruncGMM(K=3),Weibull,TruncGMM(K=3),TruncGMM(K=3),20
KR_U64,Weekend,24,0,3,0.0,TruncGMM(K=3),Weibull,TruncGMM(K=3),TruncGMM(K=3),20
OSL_T_32,Weekend,1,0,2,0.0,Weibull,TruncGMM(K=5),LogNormal,LogNormal,20
OSL_T_32,Weekend,2,0,2,0.0,Weibull,TruncGMM(K=5),LogNormal,LogNormal,20
OSL_T_32,Weekend,3,0,2,0.0,Weibull,TruncGMM(K=5),LogNormal,LogNormal,20
OSL_T_32,Weekend,4,0,2,0.0,Weibull,TruncGMM(K=5),LogNormal,LogNormal,20
OSL_T_32,Weekend,5,0,2,0.0,Weibull,TruncGMM(K=5),LogNormal,LogNormal,20
OSL_T_32,Weekend,6,0,2,0.0,Weibull,TruncGMM(K=5),LogNormal,LogNormal,20
OSL_T_32,Weekend,7,0,2,0.0,Weibull,TruncGMM(K=5),LogNormal,LogNormal,20
OSL_T_32,Weekend,8,0,2,0.0,Weibull,TruncGMM(K=5),LogNormal,LogNormal,20
OSL_T_32,Weekend,9,0,2,0.0,Weibull,TruncGMM(K=5),LogNormal,LogNormal,20
OSL_T_32,Weekend,10,0,2,0.0,Weibull,TruncGMM(K=5),LogNormal,LogNormal,20
OSL_T_32,Weekend,11,0,2,0.0,Weibull,TruncGMM(K=5),LogNormal,LogNormal,20
OSL_T_32,Weekend,12,1,2,0.037,Weibull,TruncGMM(K=5),LogNormal,LogNormal,20
OSL_T_32,Weekend,13,4,2,0.1481,Weibull,TruncGMM(K=5),LogNormal,LogNormal,20
OSL_T_32,Weekend,14,4,2,0.1481,Weibull,TruncGMM(K=5),LogNormal,LogNormal,20
OSL_T_32,Weekend,15,9,2,0.3333,Weibull,TruncGMM(K=5),LogNormal,LogNormal,9
OSL_T_32,Weekend,16,4,2,0.1481,Weibull,TruncGMM(K=5),LogNormal,LogNormal,20
OSL_T_32,Weekend,17,3,2,0.1111,Weibull,TruncGMM(K=5),LogNormal,LogNormal,20
OSL_T_32,Weekend,18,1,2,0.037,Weibull,TruncGMM(K=5),LogNormal,LogNormal,20
OSL_T_32,Weekend,19,1,2,0.037,Weibull,TruncGMM(K=5),LogNormal,LogNormal,20
OSL_T_32,Weekend,20,0,2,0.0,Weibull,TruncGMM(K=5),LogNormal,LogNormal,20
OSL_T_32,Weekend,21,0,2,0.0,Weibull,TruncGMM(K=5),LogNormal,LogNormal,20
OSL_T_32,Weekend,22,0,2,0.0,Weibull,TruncGMM(K=5),LogNormal,LogNormal,20
OSL_T_32,Weekend,23,0,2,0.0,Weibull,TruncGMM(K=5),LogNormal,LogNormal,20
OSL_T_32,Weekend,24,0,2,0.0,Weibull,TruncGMM(K=5),LogNormal,LogNormal,20
OSL_S_KT143,Weekend,1,3,2,0.0195,TruncGMM(K=2),Exponential,TruncGMM(K=2),TruncGMM(K=2),20
OSL_S_KT143,Weekend,2,1,2,0.0065,TruncGMM(K=2),Exponential,TruncGMM(K=2),TruncGMM(K=2),20
OSL_S_KT143,Weekend,3,0,2,0.0,TruncGMM(K=2),Exponential,TruncGMM(K=2),TruncGMM(K=2),20
OSL_S_KT143,Weekend,4,0,2,0.0,TruncGMM(K=2),Exponential,TruncGMM(K=2),TruncGMM(K=2),20
OSL_S_KT143,Weekend,5,0,2,0.0,TruncGMM(K=2),Exponential,TruncGMM(K=2),TruncGMM(K=2),20
OSL_S_KT143,Weekend,6,0,2,0.0,TruncGMM(K=2),Exponential,TruncGMM(K=2),TruncGMM(K=2),20
OSL_S_KT143,Weekend,7,0,2,0.0,TruncGMM(K=2),Exponential,TruncGMM(K=2),TruncGMM(K=2),20
OSL_S_KT143,Weekend,8,0,2,0.0,TruncGMM(K=2),Exponential,TruncGMM(K=2),TruncGMM(K=2),20
OSL_S_KT143,Weekend,9,0,2,0.0,TruncGMM(K=2),Exponential,TruncGMM(K=2),TruncGMM(K=2),20
OSL_S_KT143,Weekend,10,0,2,0.0,TruncGMM(K=2),Exponential,TruncGMM(K=2),TruncGMM(K=2),20
OSL_S_KT143,Weekend,11,0,2,0.0,TruncGMM(K=2),Exponential,TruncGMM(K=2),TruncGMM(K=2),20
OSL_S_KT143,Weekend,12,0,2,0.0,TruncGMM(K=2),Exponential,TruncGMM(K=2),TruncGMM(K=2),20
OSL_S_KT143,Weekend,13,0,2,0.0,TruncGMM(K=2),Exponential,TruncGMM(K=2),TruncGMM(K=2),20
OSL_S_KT143,Weekend,14,2,2,0.013,TruncGMM(K=2),Exponential,TruncGMM(K=2),TruncGMM(K=2),20
OSL_S_KT143,Weekend,15,0,2,0.0,TruncGMM(K=2),Exponential,TruncGMM(K=2),TruncGMM(K=2),20
OSL_S_KT143,Weekend,16,2,2,0.013,TruncGMM(K=2),Exponential,TruncGMM(K=2),TruncGMM(K=2),20
OSL_S_KT143,Weekend,17,1,2,0.0065,TruncGMM(K=2),Exponential,TruncGMM(K=2),TruncGMM(K=2),20
OSL_S_KT143,Weekend,18,13,2,0.0844,TruncGMM(K=2),Exponential,TruncGMM(K=2),TruncGMM(K=2),13
OSL_S_KT143,Weekend,19,37,1,0.2403,Weibull,LogNormal,LogNormal,LogNormal,37
OSL_S_KT143,Weekend,20,33,1,0.2143,TruncGMM(K=2),TruncGMM(K=3),TruncGMM(K=2),LogNormal,33
OSL_S_KT143,Weekend,21,35,1,0.2273,TruncGMM(K=2),Weibull,LogNormal,LogNormal,35
OSL_S_KT143,Weekend,22,18,1,0.1169,TruncGMM(K=1),Exponential,TruncGMM(K=2),TruncGMM(K=1),18
OSL_S_KT143,Weekend,23,6,2,0.039,TruncGMM(K=2),Exponential,TruncGMM(K=2),TruncGMM(K=2),6
OSL_S_KT143,Weekend,24,3,2,0.0195,TruncGMM(K=2),Exponential,TruncGMM(K=2),TruncGMM(K=2),20
KR_U291,Weekday,1,0,2,0.0,TruncGMM(K=2),TruncGMM(K=1),TruncGMM(K=1),TruncGMM(K=2),20
KR_U291,Weekday,2,0,2,0.0,TruncGMM(K=2),TruncGMM(K=1),TruncGMM(K=1),TruncGMM(K=2),20
KR_U291,Weekday,3,0,2,0.0,TruncGMM(K=2),TruncGMM(K=1),TruncGMM(K=1),TruncGMM(K=2),20
KR_U291,Weekday,4,0,2,0.0,TruncGMM(K=2),TruncGMM(K=1),TruncGMM(K=1),TruncGMM(K=2),20
KR_U291,Weekday,5,0,2,0.0,TruncGMM(K=2),TruncGMM(K=1),TruncGMM(K=1),TruncGMM(K=2),20
KR_U291,Weekday,6,0,2,0.0,TruncGMM(K=2),TruncGMM(K=1),TruncGMM(K=1),TruncGMM(K=2),20
KR_U291,Weekday,7,0,2,0.0,TruncGMM(K=2),TruncGMM(K=1),TruncGMM(K=1),TruncGMM(K=2),20
KR_U291,Weekday,8,0,2,0.0,TruncGMM(K=2),TruncGMM(K=1),TruncGMM(K=1),TruncGMM(K=2),20
KR_U291,Weekday,9,0,2,0.0,TruncGMM(K=2),TruncGMM(K=1),TruncGMM(K=1),TruncGMM(K=2),20
KR_U291,Weekday,10,0,2,0.0,TruncGMM(K=2),TruncGMM(K=1),TruncGMM(K=1),TruncGMM(K=2),20
KR_U291,Weekday,11,7,2,0.1346,TruncGMM(K=2),TruncGMM(K=1),TruncGMM(K=1),TruncGMM(K=2),7
KR_U291,Weekday,12,1,2,0.0192,TruncGMM(K=2),TruncGMM(K=1),TruncGMM(K=1),TruncGMM(K=2),20
KR_U291,Weekday,13,1,2,0.0192,TruncGMM(K=2),TruncGMM(K=1),TruncGMM(K=1),TruncGMM(K=2),20
KR_U291,Weekday,14,4,2,0.0769,TruncGMM(K=2),TruncGMM(K=1),TruncGMM(K=1),TruncGMM(K=2),20
KR_U291,Weekday,15,5,2,0.0962,TruncGMM(K=2),TruncGMM(K=1),TruncGMM(K=1),TruncGMM(K=2),5
KR_U291,Weekday,16,3,2,0.0577,TruncGMM(K=2),TruncGMM(K=1),TruncGMM(K=1),TruncGMM(K=2),20
KR_U291,Weekday,17,6,2,0.1154,TruncGMM(K=2),TruncGMM(K=1),TruncGMM(K=1),TruncGMM(K=2),6
KR_U291,Weekday,18,13,2,0.25,TruncGMM(K=2),TruncGMM(K=1),TruncGMM(K=1),TruncGMM(K=2),13
KR_U291,Weekday,19,5,2,0.0962,TruncGMM(K=2),TruncGMM(K=1),TruncGMM(K=1),TruncGMM(K=2),5
KR_U291,Weekday,20,1,2,0.0192,TruncGMM(K=2),TruncGMM(K=1),TruncGMM(K=1),TruncGMM(K=2),20
KR_U291,Weekday,21,4,2,0.0769,TruncGMM(K=2),TruncGMM(K=1),TruncGMM(K=1),TruncGMM(K=2),20
KR_U291,Weekday,22,2,2,0.0385,TruncGMM(K=2),TruncGMM(K=1),TruncGMM(K=1),TruncGMM(K=2),20
KR_U291,Weekday,23,0,2,0.0,TruncGMM(K=2),TruncGMM(K=1),TruncGMM(K=1),TruncGMM(K=2),20
KR_U291,Weekday,24,0,2,0.0,TruncGMM(K=2),TruncGMM(K=1),TruncGMM(K=1),TruncGMM(K=2),20
TRO_R_MS1-2,Weekend,1,1,2,0.0213,TruncGMM(K=1),TruncGMM(K=2),Weibull,TruncGMM(K=2),20
TRO_R_MS1-2,Weekend,2,2,2,0.0426,TruncGMM(K=1),TruncGMM(K=2),Weibull,TruncGMM(K=2),20
TRO_R_MS1-2,Weekend,3,0,2,0.0,TruncGMM(K=1),TruncGMM(K=2),Weibull,TruncGMM(K=2),20
TRO_R_MS1-2,Weekend,4,0,2,0.0,TruncGMM(K=1),TruncGMM(K=2),Weibull,TruncGMM(K=2),20
TRO_R_MS1-2,Weekend,5,0,2,0.0,TruncGMM(K=1),TruncGMM(K=2),Weibull,TruncGMM(K=2),20
TRO_R_MS1-2,Weekend,6,0,2,0.0,TruncGMM(K=1),TruncGMM(K=2),Weibull,TruncGMM(K=2),20
TRO_R_MS1-2,Weekend,7,0,2,0.0,TruncGMM(K=1),TruncGMM(K=2),Weibull,TruncGMM(K=2),20
TRO_R_MS1-2,Weekend,8,0,2,0.0,TruncGMM(K=1),TruncGMM(K=2),Weibull,TruncGMM(K=2),20
TRO_R_MS1-2,Weekend,9,1,2,0.0213,TruncGMM(K=1),TruncGMM(K=2),Weibull,TruncGMM(K=2),20
TRO_R_MS1-2,Weekend,10,0,2,0.0,TruncGMM(K=1),TruncGMM(K=2),Weibull,TruncGMM(K=2),20
TRO_R_MS1-2,Weekend,11,0,2,0.0,TruncGMM(K=1),TruncGMM(K=2),Weibull,TruncGMM(K=2),20
TRO_R_MS1-2,Weekend,12,2,2,0.0426,TruncGMM(K=1),TruncGMM(K=2),Weibull,TruncGMM(K=2),20
TRO_R_MS1-2,Weekend,13,1,2,0.0213,TruncGMM(K=1),TruncGMM(K=2),Weibull,TruncGMM(K=2),20
TRO_R_MS1-2,Weekend,14,1,2,0.0213,TruncGMM(K=1),TruncGMM(K=2),Weibull,TruncGMM(K=2),20
TRO_R_MS1-2,Weekend,15,3,2,0.0638,TruncGMM(K=1),TruncGMM(K=2),Weibull,TruncGMM(K=2),20
TRO_R_MS1-2,Weekend,16,7,2,0.1489,TruncGMM(K=1),TruncGMM(K=2),Weibull,TruncGMM(K=2),7
TRO_R_MS1-2,Weekend,17,3,2,0.0638,TruncGMM(K=1),TruncGMM(K=2),Weibull,TruncGMM(K=2),20
TRO_R_MS1-2,Weekend,18,5,2,0.1064,TruncGMM(K=1),TruncGMM(K=2),Weibull,TruncGMM(K=2),5
TRO_R_MS1-2,Weekend,19,5,2,0.1064,TruncGMM(K=1),TruncGMM(K=2),Weibull,TruncGMM(K=2),5
TRO_R_MS1-2,Weekend,20,5,2,0.1064,TruncGMM(K=1),TruncGMM(K=2),Weibull,TruncGMM(K=2),5
TRO_R_MS1-2,Weekend,21,4,2,0.0851,TruncGMM(K=1),TruncGMM(K=2),Weibull,TruncGMM(K=2),20
TRO_R_MS1-2,Weekend,22,4,2,0.0851,TruncGMM(K=1),TruncGMM(K=2),Weibull,TruncGMM(K=2),20
TRO_R_MS1-2,Weekend,23,2,2,0.0426,TruncGMM(K=1),TruncGMM(K=2),Weibull,TruncGMM(K=2),20
TRO_R_MS1-2,Weekend,24,1,2,0.0213,TruncGMM(K=1),TruncGMM(K=2),Weibull,TruncGMM(K=2),20
PS_6139,Weekday,1,4,2,0.0204,TruncGMM(K=3),TruncGMM(K=5),Weibull,TruncGMM(K=5),20
PS_6139,Weekday,2,0,2,0.0,TruncGMM(K=3),TruncGMM(K=5),Weibull,TruncGMM(K=5),20
PS_6139,Weekday,3,0,2,0.0,TruncGMM(K=3),TruncGMM(K=5),Weibull,TruncGMM(K=5),20
PS_6139,Weekday,4,0,2,0.0,TruncGMM(K=3),TruncGMM(K=5),Weibull,TruncGMM(K=5),20
PS_6139,Weekday,5,0,2,0.0,TruncGMM(K=3),TruncGMM(K=5),Weibull,TruncGMM(K=5),20
PS_6139,Weekday,6,0,2,0.0,TruncGMM(K=3),TruncGMM(K=5),Weibull,TruncGMM(K=5),20
PS_6139,Weekday,7,0,2,0.0,TruncGMM(K=3),TruncGMM(K=5),Weibull,TruncGMM(K=5),20
PS_6139,Weekday,8,0,2,0.0,TruncGMM(K=3),TruncGMM(K=5),Weibull,TruncGMM(K=5),20
PS_6139,Weekday,9,18,1,0.0918,TruncGMM(K=2),TruncGMM(K=2),TruncGMM(K=2),TruncGMM(K=2),18
PS_6139,Weekday,10,4,2,0.0204,TruncGMM(K=3),TruncGMM(K=5),Weibull,TruncGMM(K=5),20
PS_6139,Weekday,11,10,2,0.051,TruncGMM(K=3),TruncGMM(K=5),Weibull,TruncGMM(K=5),10
PS_6139,Weekday,12,0,2,0.0,TruncGMM(K=3),TruncGMM(K=5),Weibull,TruncGMM(K=5),20
PS_6139,Weekday,13,1,2,0.0051,TruncGMM(K=3),TruncGMM(K=5),Weibull,TruncGMM(K=5),20
PS_6139,Weekday,14,3,2,0.0153,TruncGMM(K=3),TruncGMM(K=5),Weibull,TruncGMM(K=5),20
PS_6139,Weekday,15,4,2,0.0204,TruncGMM(K=3),TruncGMM(K=5),Weibull,TruncGMM(K=5),20
PS_6139,Weekday,16,9,2,0.0459,TruncGMM(K=3),TruncGMM(K=5),Weibull,TruncGMM(K=5),9
PS_6139,Weekday,17,2,2,0.0102,TruncGMM(K=3),TruncGMM(K=5),Weibull,TruncGMM(K=5),20
PS_6139,Weekday,18,2,2,0.0102,TruncGMM(K=3),TruncGMM(K=5),Weibull,TruncGMM(K=5),20
PS_6139,Weekday,19,4,2,0.0204,TruncGMM(K=3),TruncGMM(K=5),Weibull,TruncGMM(K=5),20
PS_6139,Weekday,20,2,2,0.0102,TruncGMM(K=3),TruncGMM(K=5),Weibull,TruncGMM(K=5),20
PS_6139,Weekday,21,16,1,0.0816,TruncGMM(K=2),LogNormal,Weibull,TruncGMM(K=1),16
PS_6139,Weekday,22,11,2,0.0561,TruncGMM(K=3),TruncGMM(K=5),Weibull,TruncGMM(K=5),11
PS_6139,Weekday,23,104,1,0.5306,Weibull,TruncGMM(K=4),Weibull,LogNormal,104
PS_6139,Weekday,24,2,2,0.0102,TruncGMM(K=3),TruncGMM(K=5),Weibull,TruncGMM(K=5),20
TRO_Plass52,Weekday,1,0,2,0.0,TruncGMM(K=2),Exponential,TruncGMM(K=2),TruncGMM(K=2),20
TRO_Plass52,Weekday,2,0,2,0.0,TruncGMM(K=2),Exponential,TruncGMM(K=2),TruncGMM(K=2),20
TRO_Plass52,Weekday,3,0,2,0.0,TruncGMM(K=2),Exponential,TruncGMM(K=2),TruncGMM(K=2),20
TRO_Plass52,Weekday,4,0,2,0.0,TruncGMM(K=2),Exponential,TruncGMM(K=2),TruncGMM(K=2),20
TRO_Plass52,Weekday,5,0,2,0.0,TruncGMM(K=2),Exponential,TruncGMM(K=2),TruncGMM(K=2),20
TRO_Plass52,Weekday,6,0,2,0.0,TruncGMM(K=2),Exponential,TruncGMM(K=2),TruncGMM(K=2),20
TRO_Plass52,Weekday,7,1,2,0.0093,TruncGMM(K=2),Exponential,TruncGMM(K=2),TruncGMM(K=2),20
TRO_Plass52,Weekday,8,2,2,0.0185,TruncGMM(K=2),Exponential,TruncGMM(K=2),TruncGMM(K=2),20
TRO_Plass52,Weekday,9,1,2,0.0093,TruncGMM(K=2),Exponential,TruncGMM(K=2),TruncGMM(K=2),20
TRO_Plass52,Weekday,10,0,2,0.0,TruncGMM(K=2),Exponential,TruncGMM(K=2),TruncGMM(K=2),20
TRO_Plass52,Weekday,11,1,2,0.0093,TruncGMM(K=2),Exponential,TruncGMM(K=2),TruncGMM(K=2),20
TRO_Plass52,Weekday,12,5,2,0.0463,TruncGMM(K=2),Exponential,TruncGMM(K=2),TruncGMM(K=2),5
TRO_Plass52,Weekday,13,7,2,0.0648,TruncGMM(K=2),Exponential,TruncGMM(K=2),TruncGMM(K=2),7
TRO_Plass52,Weekday,14,5,2,0.0463,TruncGMM(K=2),Exponential,TruncGMM(K=2),TruncGMM(K=2),5
TRO_Plass52,Weekday,15,7,2,0.0648,TruncGMM(K=2),Exponential,TruncGMM(K=2),TruncGMM(K=2),7
TRO_Plass52,Weekday,16,6,2,0.0556,TruncGMM(K=2),Exponential,TruncGMM(K=2),TruncGMM(K=2),6
TRO_Plass52,Weekday,17,2,2,0.0185,TruncGMM(K=2),Exponential,TruncGMM(K=2),TruncGMM(K=2),20
TRO_Plass52,Weekday,18,8,2,0.0741,TruncGMM(K=2),Exponential,TruncGMM(K=2),TruncGMM(K=2),8
TRO_Plass52,Weekday,19,8,2,0.0741,TruncGMM(K=2),Exponential,TruncGMM(K=2),TruncGMM(K=2),8
TRO_Plass52,Weekday,20,10,2,0.0926,TruncGMM(K=2),Exponential,TruncGMM(K=2),TruncGMM(K=2),10
TRO_Plass52,Weekday,21,20,1,0.1852,TruncGMM(K=2),Exponential,TruncGMM(K=1),TruncGMM(K=2),20
TRO_Plass52,Weekday,22,14,2,0.1296,TruncGMM(K=2),Exponential,TruncGMM(K=2),TruncGMM(K=2),14
TRO_Plass52,Weekday,23,8,2,0.0741,TruncGMM(K=2),Exponential,TruncGMM(K=2),TruncGMM(K=2),8
TRO_Plass52,Weekday,24,3,2,0.0278,TruncGMM(K=2),Exponential,TruncGMM(K=2),TruncGMM(K=2),20
KR_U8,Weekend,1,0,2,0.0,LogNormal,TruncGMM(K=1),Weibull,Weibull,20
KR_U8,Weekend,2,0,2,0.0,LogNormal,TruncGMM(K=1),Weibull,Weibull,20
KR_U8,Weekend,3,0,2,0.0,LogNormal,TruncGMM(K=1),Weibull,Weibull,20
KR_U8,Weekend,4,0,2,0.0,LogNormal,TruncGMM(K=1),Weibull,Weibull,20
KR_U8,Weekend,5,0,2,0.0,LogNormal,TruncGMM(K=1),Weibull,Weibull,20
KR_U8,Weekend,6,0,2,0.0,LogNormal,TruncGMM(K=1),Weibull,Weibull,20
KR_U8,Weekend,7,0,2,0.0,LogNormal,TruncGMM(K=1),Weibull,Weibull,20
KR_U8,Weekend,8,0,2,0.0,LogNormal,TruncGMM(K=1),Weibull,Weibull,20
KR_U8,Weekend,9,2,2,0.0645,LogNormal,TruncGMM(K=1),Weibull,Weibull,20
KR_U8,Weekend,10,1,2,0.0323,LogNormal,TruncGMM(K=1),Weibull,Weibull,20
KR_U8,Weekend,11,5,2,0.1613,LogNormal,TruncGMM(K=1),Weibull,Weibull,5
KR_U8,Weekend,12,1,2,0.0323,LogNormal,TruncGMM(K=1),Weibull,Weibull,20
KR_U8,Weekend,13,2,2,0.0645,LogNormal,TruncGMM(K=1),Weibull,Weibull,20
KR_U8,Weekend,14,3,2,0.0968,LogNormal,TruncGMM(K=1),Weibull,Weibull,20
KR_U8,Weekend,15,0,2,0.0,LogNormal,TruncGMM(K=1),Weibull,Weibull,20
KR_U8,Weekend,16,3,2,0.0968,LogNormal,TruncGMM(K=1),Weibull,Weibull,20
KR_U8,Weekend,17,7,2,0.2258,LogNormal,TruncGMM(K=1),Weibull,Weibull,7
KR_U8,Weekend,18,1,2,0.0323,LogNormal,TruncGMM(K=1),Weibull,Weibull,20
KR_U8,Weekend,19,3,2,0.0968,LogNormal,TruncGMM(K=1),Weibull,Weibull,20
KR_U8,Weekend,20,2,2,0.0645,LogNormal,TruncGMM(K=1),Weibull,Weibull,20
KR_U8,Weekend,21,1,2,0.0323,LogNormal,TruncGMM(K=1),Weibull,Weibull,20
KR_U8,Weekend,22,0,2,0.0,LogNormal,TruncGMM(K=1),Weibull,Weibull,20
KR_U8,Weekend,23,0,2,0.0,LogNormal,TruncGMM(K=1),Weibull,Weibull,20
KR_U8,Weekend,24,0,2,0.0,LogNormal,TruncGMM(K=1),Weibull,Weibull,20
BAR_Plass157,Weekend,1,2,2,0.0333,TruncGMM(K=2),TruncGMM(K=4),Weibull,TruncGMM(K=2),20
BAR_Plass157,Weekend,2,1,2,0.0167,TruncGMM(K=2),TruncGMM(K=4),Weibull,TruncGMM(K=2),20
BAR_Plass157,Weekend,3,0,2,0.0,TruncGMM(K=2),TruncGMM(K=4),Weibull,TruncGMM(K=2),20
BAR_Plass157,Weekend,4,0,2,0.0,TruncGMM(K=2),TruncGMM(K=4),Weibull,TruncGMM(K=2),20
BAR_Plass157,Weekend,5,0,2,0.0,TruncGMM(K=2),TruncGMM(K=4),Weibull,TruncGMM(K=2),20
BAR_Plass157,Weekend,6,0,2,0.0,TruncGMM(K=2),TruncGMM(K=4),Weibull,TruncGMM(K=2),20
BAR_Plass157,Weekend,7,0,2,0.0,TruncGMM(K=2),TruncGMM(K=4),Weibull,TruncGMM(K=2),20
BAR_Plass157,Weekend,8,0,2,0.0,TruncGMM(K=2),TruncGMM(K=4),Weibull,TruncGMM(K=2),20
BAR_Plass157,Weekend,9,2,2,0.0333,TruncGMM(K=2),TruncGMM(K=4),Weibull,TruncGMM(K=2),20
BAR_Plass157,Weekend,10,0,2,0.0,TruncGMM(K=2),TruncGMM(K=4),Weibull,TruncGMM(K=2),20
BAR_Plass157,Weekend,11,2,2,0.0333,TruncGMM(K=2),TruncGMM(K=4),Weibull,TruncGMM(K=2),20
BAR_Plass157,Weekend,12,1,2,0.0167,TruncGMM(K=2),TruncGMM(K=4),Weibull,TruncGMM(K=2),20
BAR_Plass157,Weekend,13,2,2,0.0333,TruncGMM(K=2),TruncGMM(K=4),Weibull,TruncGMM(K=2),20
BAR_Plass157,Weekend,14,1,2,0.0167,TruncGMM(K=2),TruncGMM(K=4),Weibull,TruncGMM(K=2),20
BAR_Plass157,Weekend,15,6,2,0.1,TruncGMM(K=2),TruncGMM(K=4),Weibull,TruncGMM(K=2),6
BAR_Plass157,Weekend,16,4,2,0.0667,TruncGMM(K=2),TruncGMM(K=4),Weibull,TruncGMM(K=2),20
BAR_Plass157,Weekend,17,10,2,0.1667,TruncGMM(K=2),TruncGMM(K=4),Weibull,TruncGMM(K=2),10
BAR_Plass157,Weekend,18,7,2,0.1167,TruncGMM(K=2),TruncGMM(K=4),Weibull,TruncGMM(K=2),7
BAR_Plass157,Weekend,19,10,2,0.1667,TruncGMM(K=2),TruncGMM(K=4),Weibull,TruncGMM(K=2),10
BAR_Plass157,Weekend,20,7,2,0.1167,TruncGMM(K=2),TruncGMM(K=4),Weibull,TruncGMM(K=2),7
BAR_Plass157,Weekend,21,1,2,0.0167,TruncGMM(K=2),TruncGMM(K=4),Weibull,TruncGMM(K=2),20
BAR_Plass157,Weekend,22,2,2,0.0333,TruncGMM(K=2),TruncGMM(K=4),Weibull,TruncGMM(K=2),20
BAR_Plass157,Weekend,23,0,2,0.0,TruncGMM(K=2),TruncGMM(K=4),Weibull,TruncGMM(K=2),20
BAR_Plass157,Weekend,24,2,2,0.0333,TruncGMM(K=2),TruncGMM(K=4),Weibull,TruncGMM(K=2),20
OSL_S_KT17,Weekday,1,1,2,0.012,TruncGMM(K=3),TruncGMM(K=1),TruncGMM(K=3),TruncGMM(K=2),20
OSL_S_KT17,Weekday,2,0,2,0.0,TruncGMM(K=3),TruncGMM(K=1),TruncGMM(K=3),TruncGMM(K=2),20
OSL_S_KT17,Weekday,3,0,2,0.0,TruncGMM(K=3),TruncGMM(K=1),TruncGMM(K=3),TruncGMM(K=2),20
OSL_S_KT17,Weekday,4,0,2,0.0,TruncGMM(K=3),TruncGMM(K=1),TruncGMM(K=3),TruncGMM(K=2),20
OSL_S_KT17,Weekday,5,0,2,0.0,TruncGMM(K=3),TruncGMM(K=1),TruncGMM(K=3),TruncGMM(K=2),20
OSL_S_KT17,Weekday,6,0,2,0.0,TruncGMM(K=3),TruncGMM(K=1),TruncGMM(K=3),TruncGMM(K=2),20
OSL_S_KT17,Weekday,7,1,2,0.012,TruncGMM(K=3),TruncGMM(K=1),TruncGMM(K=3),TruncGMM(K=2),20
OSL_S_KT17,Weekday,8,0,2,0.0,TruncGMM(K=3),TruncGMM(K=1),TruncGMM(K=3),TruncGMM(K=2),20
OSL_S_KT17,Weekday,9,0,2,0.0,TruncGMM(K=3),TruncGMM(K=1),TruncGMM(K=3),TruncGMM(K=2),20
OSL_S_KT17,Weekday,10,0,2,0.0,TruncGMM(K=3),TruncGMM(K=1),TruncGMM(K=3),TruncGMM(K=2),20
OSL_S_KT17,Weekday,11,2,2,0.0241,TruncGMM(K=3),TruncGMM(K=1),TruncGMM(K=3),TruncGMM(K=2),20
OSL_S_KT17,Weekday,12,2,2,0.0241,TruncGMM(K=3),TruncGMM(K=1),TruncGMM(K=3),TruncGMM(K=2),20
OSL_S_KT17,Weekday,13,0,2,0.0,TruncGMM(K=3),TruncGMM(K=1),TruncGMM(K=3),TruncGMM(K=2),20
OSL_S_KT17,Weekday,14,1,2,0.012,TruncGMM(K=3),TruncGMM(K=1),TruncGMM(K=3),TruncGMM(K=2),20
OSL_S_KT17,Weekday,15,1,2,0.012,TruncGMM(K=3),TruncGMM(K=1),TruncGMM(K=3),TruncGMM(K=2),20
OSL_S_KT17,Weekday,16,3,2,0.0361,TruncGMM(K=3),TruncGMM(K=1),TruncGMM(K=3),TruncGMM(K=2),20
OSL_S_KT17,Weekday,17,2,2,0.0241,TruncGMM(K=3),TruncGMM(K=1),TruncGMM(K=3),TruncGMM(K=2),20
OSL_S_KT17,Weekday,18,1,2,0.012,TruncGMM(K=3),TruncGMM(K=1),TruncGMM(K=3),TruncGMM(K=2),20
OSL_S_KT17,Weekday,19,3,2,0.0361,TruncGMM(K=3),TruncGMM(K=1),TruncGMM(K=3),TruncGMM(K=2),20
OSL_S_KT17,Weekday,20,2,2,0.0241,TruncGMM(K=3),TruncGMM(K=1),TruncGMM(K=3),TruncGMM(K=2),20
OSL_S_KT17,Weekday,21,4,2,0.0482,TruncGMM(K=3),TruncGMM(K=1),TruncGMM(K=3),TruncGMM(K=2),20
OSL_S_KT17,Weekday,22,12,2,0.1446,TruncGMM(K=3),TruncGMM(K=1),TruncGMM(K=3),TruncGMM(K=2),12
OSL_S_KT17,Weekday,23,41,1,0.494,TruncGMM(K=2),Weibull,TruncGMM(K=2),LogNormal,41
OSL_S_KT17,Weekday,24,7,2,0.0843,TruncGMM(K=3),TruncGMM(K=1),TruncGMM(K=3),TruncGMM(K=2),7
TRO_Plass27,Weekend,1,1,2,0.0238,TruncGMM(K=2),Exponential,LogNormal,TruncGMM(K=2),20
TRO_Plass27,Weekend,2,0,2,0.0,TruncGMM(K=2),Exponential,LogNormal,TruncGMM(K=2),20
TRO_Plass27,Weekend,3,0,2,0.0,TruncGMM(K=2),Exponential,LogNormal,TruncGMM(K=2),20
TRO_Plass27,Weekend,4,0,2,0.0,TruncGMM(K=2),Exponential,LogNormal,TruncGMM(K=2),20
TRO_Plass27,Weekend,5,0,2,0.0,TruncGMM(K=2),Exponential,LogNormal,TruncGMM(K=2),20
TRO_Plass27,Weekend,6,0,2,0.0,TruncGMM(K=2),Exponential,LogNormal,TruncGMM(K=2),20
TRO_Plass27,Weekend,7,0,2,0.0,TruncGMM(K=2),Exponential,LogNormal,TruncGMM(K=2),20
TRO_Plass27,Weekend,8,0,2,0.0,TruncGMM(K=2),Exponential,LogNormal,TruncGMM(K=2),20
TRO_Plass27,Weekend,9,0,2,0.0,TruncGMM(K=2),Exponential,LogNormal,TruncGMM(K=2),20
TRO_Plass27,Weekend,10,0,2,0.0,TruncGMM(K=2),Exponential,LogNormal,TruncGMM(K=2),20
TRO_Plass27,Weekend,11,0,2,0.0,TruncGMM(K=2),Exponential,LogNormal,TruncGMM(K=2),20
TRO_Plass27,Weekend,12,0,2,0.0,TruncGMM(K=2),Exponential,LogNormal,TruncGMM(K=2),20
TRO_Plass27,Weekend,13,0,2,0.0,TruncGMM(K=2),Exponential,LogNormal,TruncGMM(K=2),20
TRO_Plass27,Weekend,14,2,2,0.0476,TruncGMM(K=2),Exponential,LogNormal,TruncGMM(K=2),20
TRO_Plass27,Weekend,15,1,2,0.0238,TruncGMM(K=2),Exponential,LogNormal,TruncGMM(K=2),20
TRO_Plass27,Weekend,16,5,2,0.119,TruncGMM(K=2),Exponential,LogNormal,TruncGMM(K=2),5
TRO_Plass27,Weekend,17,4,2,0.0952,TruncGMM(K=2),Exponential,LogNormal,TruncGMM(K=2),20
TRO_Plass27,Weekend,18,7,2,0.1667,TruncGMM(K=2),Exponential,LogNormal,TruncGMM(K=2),7
TRO_Plass27,Weekend,19,5,2,0.119,TruncGMM(K=2),Exponential,LogNormal,TruncGMM(K=2),5
TRO_Plass27,Weekend,20,4,2,0.0952,TruncGMM(K=2),Exponential,LogNormal,TruncGMM(K=2),20
TRO_Plass27,Weekend,21,5,2,0.119,TruncGMM(K=2),Exponential,LogNormal,TruncGMM(K=2),5
TRO_Plass27,Weekend,22,4,2,0.0952,TruncGMM(K=2),Exponential,LogNormal,TruncGMM(K=2),20
TRO_Plass27,Weekend,23,1,2,0.0238,TruncGMM(K=2),Exponential,LogNormal,TruncGMM(K=2),20
TRO_Plass27,Weekend,24,3,2,0.0714,TruncGMM(K=2),Exponential,LogNormal,TruncGMM(K=2),20
TRO_R_Bl2-2,Weekday,1,11,2,0.0531,TruncGMM(K=2),Weibull,TruncGMM(K=1),TruncGMM(K=2),11
TRO_R_Bl2-2,Weekday,2,6,2,0.029,TruncGMM(K=2),Weibull,TruncGMM(K=1),TruncGMM(K=2),6
TRO_R_Bl2-2,Weekday,3,5,2,0.0242,TruncGMM(K=2),Weibull,TruncGMM(K=1),TruncGMM(K=2),5
TRO_R_Bl2-2,Weekday,4,3,2,0.0145,TruncGMM(K=2),Weibull,TruncGMM(K=1),TruncGMM(K=2),20
TRO_R_Bl2-2,Weekday,5,1,2,0.0048,TruncGMM(K=2),Weibull,TruncGMM(K=1),TruncGMM(K=2),20
TRO_R_Bl2-2,Weekday,6,0,2,0.0,TruncGMM(K=2),Weibull,TruncGMM(K=1),TruncGMM(K=2),20
TRO_R_Bl2-2,Weekday,7,0,2,0.0,TruncGMM(K=2),Weibull,TruncGMM(K=1),TruncGMM(K=2),20
TRO_R_Bl2-2,Weekday,8,0,2,0.0,TruncGMM(K=2),Weibull,TruncGMM(K=1),TruncGMM(K=2),20
TRO_R_Bl2-2,Weekday,9,1,2,0.0048,TruncGMM(K=2),Weibull,TruncGMM(K=1),TruncGMM(K=2),20
TRO_R_Bl2-2,Weekday,10,3,2,0.0145,TruncGMM(K=2),Weibull,TruncGMM(K=1),TruncGMM(K=2),20
TRO_R_Bl2-2,Weekday,11,6,2,0.029,TruncGMM(K=2),Weibull,TruncGMM(K=1),TruncGMM(K=2),6
TRO_R_Bl2-2,Weekday,12,5,2,0.0242,TruncGMM(K=2),Weibull,TruncGMM(K=1),TruncGMM(K=2),5
TRO_R_Bl2-2,Weekday,13,5,2,0.0242,TruncGMM(K=2),Weibull,TruncGMM(K=1),TruncGMM(K=2),5
TRO_R_Bl2-2,Weekday,14,7,2,0.0338,TruncGMM(K=2),Weibull,TruncGMM(K=1),TruncGMM(K=2),7
TRO_R_Bl2-2,Weekday,15,13,2,0.0628,TruncGMM(K=2),Weibull,TruncGMM(K=1),TruncGMM(K=2),13
TRO_R_Bl2-2,Weekday,16,24,1,0.1159,LogNormal,TruncGMM(K=3),Weibull,Weibull,24
TRO_R_Bl2-2,Weekday,17,8,2,0.0386,TruncGMM(K=2),Weibull,TruncGMM(K=1),TruncGMM(K=2),8
TRO_R_Bl2-2,Weekday,18,12,2,0.058,TruncGMM(K=2),Weibull,TruncGMM(K=1),TruncGMM(K=2),12
TRO_R_Bl2-2,Weekday,19,9,2,0.0435,TruncGMM(K=2),Weibull,TruncGMM(K=1),TruncGMM(K=2),9
TRO_R_Bl2-2,Weekday,20,17,1,0.0821,TruncGMM(K=2),Exponential,TruncGMM(K=1),TruncGMM(K=2),17
TRO_R_Bl2-2,Weekday,21,26,1,0.1256,TruncGMM(K=2),Exponential,TruncGMM(K=1),TruncGMM(K=1),26
TRO_R_Bl2-2,Weekday,22,9,2,0.0435,TruncGMM(K=2),Weibull,TruncGMM(K=1),TruncGMM(K=2),9
TRO_R_Bl2-2,Weekday,23,25,1,0.1208,TruncGMM(K=3),Exponential,TruncGMM(K=1),TruncGMM(K=2),25
TRO_R_Bl2-2,Weekday,24,11,2,0.0531,TruncGMM(K=2),Weibull,TruncGMM(K=1),TruncGMM(K=2),11
TRO_R_Share-12,Weekend,1,1,2,0.0294,Weibull,Exponential,TruncGMM(K=1),TruncGMM(K=1),20
TRO_R_Share-12,Weekend,2,0,2,0.0,Weibull,Exponential,TruncGMM(K=1),TruncGMM(K=1),20
TRO_R_Share-12,Weekend,3,0,2,0.0,Weibull,Exponential,TruncGMM(K=1),TruncGMM(K=1),20
TRO_R_Share-12,Weekend,4,0,2,0.0,Weibull,Exponential,TruncGMM(K=1),TruncGMM(K=1),20
TRO_R_Share-12,Weekend,5,0,2,0.0,Weibull,Exponential,TruncGMM(K=1),TruncGMM(K=1),20
TRO_R_Share-12,Weekend,6,0,2,0.0,Weibull,Exponential,TruncGMM(K=1),TruncGMM(K=1),20
TRO_R_Share-12,Weekend,7,0,2,0.0,Weibull,Exponential,TruncGMM(K=1),TruncGMM(K=1),20
TRO_R_Share-12,Weekend,8,0,2,0.0,Weibull,Exponential,TruncGMM(K=1),TruncGMM(K=1),20
TRO_R_Share-12,Weekend,9,0,2,0.0,Weibull,Exponential,TruncGMM(K=1),TruncGMM(K=1),20
TRO_R_Share-12,Weekend,10,0,2,0.0,Weibull,Exponential,TruncGMM(K=1),TruncGMM(K=1),20
TRO_R_Share-12,Weekend,11,2,2,0.0588,Weibull,Exponential,TruncGMM(K=1),TruncGMM(K=1),20
TRO_R_Share-12,Weekend,12,0,2,0.0,Weibull,Exponential,TruncGMM(K=1),TruncGMM(K=1),20
TRO_R_Share-12,Weekend,13,3,2,0.0882,Weibull,Exponential,TruncGMM(K=1),TruncGMM(K=1),20
TRO_R_Share-12,Weekend,14,3,2,0.0882,Weibull,Exponential,TruncGMM(K=1),TruncGMM(K=1),20
TRO_R_Share-12,Weekend,15,4,2,0.1176,Weibull,Exponential,TruncGMM(K=1),TruncGMM(K=1),20
TRO_R_Share-12,Weekend,16,3,2,0.0882,Weibull,Exponential,TruncGMM(K=1),TruncGMM(K=1),20
TRO_R_Share-12,Weekend,17,1,2,0.0294,Weibull,Exponential,TruncGMM(K=1),TruncGMM(K=1),20
TRO_R_Share-12,Weekend,18,5,2,0.1471,Weibull,Exponential,TruncGMM(K=1),TruncGMM(K=1),5
TRO_R_Share-12,Weekend,19,2,2,0.0588,Weibull,Exponential,TruncGMM(K=1),TruncGMM(K=1),20
TRO_R_Share-12,Weekend,20,6,2,0.1765,Weibull,Exponential,TruncGMM(K=1),TruncGMM(K=1),6
TRO_R_Share-12,Weekend,21,2,2,0.0588,Weibull,Exponential,TruncGMM(K=1),TruncGMM(K=1),20
TRO_R_Share-12,Weekend,22,1,2,0.0294,Weibull,Exponential,TruncGMM(K=1),TruncGMM(K=1),20
TRO_R_Share-12,Weekend,23,0,2,0.0,Weibull,Exponential,TruncGMM(K=1),TruncGMM(K=1),20
TRO_R_Share-12,Weekend,24,1,2,0.0294,Weibull,Exponential,TruncGMM(K=1),TruncGMM(K=1),20
KR_U1764,Weekday,1,0,2,0.0,TruncGMM(K=1),Weibull,TruncGMM(K=1),TruncGMM(K=3),20
KR_U1764,Weekday,2,1,2,0.017,TruncGMM(K=1),Weibull,TruncGMM(K=1),TruncGMM(K=3),20
KR_U1764,Weekday,3,0,2,0.0,TruncGMM(K=1),Weibull,TruncGMM(K=1),TruncGMM(K=3),20
KR_U1764,Weekday,4,0,2,0.0,TruncGMM(K=1),Weibull,TruncGMM(K=1),TruncGMM(K=3),20
KR_U1764,Weekday,5,0,2,0.0,TruncGMM(K=1),Weibull,TruncGMM(K=1),TruncGMM(K=3),20
KR_U1764,Weekday,6,0,2,0.0,TruncGMM(K=1),Weibull,TruncGMM(K=1),TruncGMM(K=3),20
KR_U1764,Weekday,7,0,2,0.0,TruncGMM(K=1),Weibull,TruncGMM(K=1),TruncGMM(K=3),20
KR_U1764,Weekday,8,0,2,0.0,TruncGMM(K=1),Weibull,TruncGMM(K=1),TruncGMM(K=3),20
KR_U1764,Weekday,9,0,2,0.0,TruncGMM(K=1),Weibull,TruncGMM(K=1),TruncGMM(K=3),20
KR_U1764,Weekday,10,0,2,0.0,TruncGMM(K=1),Weibull,TruncGMM(K=1),TruncGMM(K=3),20
KR_U1764,Weekday,11,6,2,0.1017,TruncGMM(K=1),Weibull,TruncGMM(K=1),TruncGMM(K=3),6
KR_U1764,Weekday,12,2,2,0.0339,TruncGMM(K=1),Weibull,TruncGMM(K=1),TruncGMM(K=3),20
KR_U1764,Weekday,13,0,2,0.0,TruncGMM(K=1),Weibull,TruncGMM(K=1),TruncGMM(K=3),20
KR_U1764,Weekday,14,2,2,0.0339,TruncGMM(K=1),Weibull,TruncGMM(K=1),TruncGMM(K=3),20
KR_U1764,Weekday,15,2,2,0.0339,TruncGMM(K=1),Weibull,TruncGMM(K=1),TruncGMM(K=3),20
KR_U1764,Weekday,16,1,2,0.017,TruncGMM(K=1),Weibull,TruncGMM(K=1),TruncGMM(K=3),20
KR_U1764,Weekday,17,2,2,0.0339,TruncGMM(K=1),Weibull,TruncGMM(K=1),TruncGMM(K=3),20
KR_U1764,Weekday,18,2,2,0.0339,TruncGMM(K=1),Weibull,TruncGMM(K=1),TruncGMM(K=3),20
KR_U1764,Weekday,19,26,1,0.4407,TruncGMM(K=1),TruncGMM(K=3),Weibull,TruncGMM(K=2),26
KR_U1764,Weekday,20,2,2,0.0339,TruncGMM(K=1),Weibull,TruncGMM(K=1),TruncGMM(K=3),20
KR_U1764,Weekday,21,8,2,0.1356,TruncGMM(K=1),Weibull,TruncGMM(K=1),TruncGMM(K=3),8
KR_U1764,Weekday,22,3,2,0.0508,TruncGMM(K=1),Weibull,TruncGMM(K=1),TruncGMM(K=3),20
KR_U1764,Weekday,23,2,2,0.0339,TruncGMM(K=1),Weibull,TruncGMM(K=1),TruncGMM(K=3),20
KR_U1764,Weekday,24,0,2,0.0,TruncGMM(K=1),Weibull,TruncGMM(K=1),TruncGMM(K=3),20
OSL_T_49,Weekend,1,0,2,0.0,TruncGMM(K=3),TruncGMM(K=2),TruncGMM(K=2),TruncGMM(K=2),20
OSL_T_49,Weekend,2,0,2,0.0,TruncGMM(K=3),TruncGMM(K=2),TruncGMM(K=2),TruncGMM(K=2),20
OSL_T_49,Weekend,3,2,2,0.0667,TruncGMM(K=3),TruncGMM(K=2),TruncGMM(K=2),TruncGMM(K=2),20
OSL_T_49,Weekend,4,2,2,0.0667,TruncGMM(K=3),TruncGMM(K=2),TruncGMM(K=2),TruncGMM(K=2),20
OSL_T_49,Weekend,5,1,2,0.0333,TruncGMM(K=3),TruncGMM(K=2),TruncGMM(K=2),TruncGMM(K=2),20
OSL_T_49,Weekend,6,1,2,0.0333,TruncGMM(K=3),TruncGMM(K=2),TruncGMM(K=2),TruncGMM(K=2),20
OSL_T_49,Weekend,7,1,2,0.0333,TruncGMM(K=3),TruncGMM(K=2),TruncGMM(K=2),TruncGMM(K=2),20
OSL_T_49,Weekend,8,0,2,0.0,TruncGMM(K=3),TruncGMM(K=2),TruncGMM(K=2),TruncGMM(K=2),20
OSL_T_49,Weekend,9,0,2,0.0,TruncGMM(K=3),TruncGMM(K=2),TruncGMM(K=2),TruncGMM(K=2),20
OSL_T_49,Weekend,10,0,2,0.0,TruncGMM(K=3),TruncGMM(K=2),TruncGMM(K=2),TruncGMM(K=2),20
OSL_T_49,Weekend,11,0,2,0.0,TruncGMM(K=3),TruncGMM(K=2),TruncGMM(K=2),TruncGMM(K=2),20
OSL_T_49,Weekend,12,0,2,0.0,TruncGMM(K=3),TruncGMM(K=2),TruncGMM(K=2),TruncGMM(K=2),20
OSL_T_49,Weekend,13,0,2,0.0,TruncGMM(K=3),TruncGMM(K=2),TruncGMM(K=2),TruncGMM(K=2),20
OSL_T_49,Weekend,14,0,2,0.0,TruncGMM(K=3),TruncGMM(K=2),TruncGMM(K=2),TruncGMM(K=2),20
OSL_T_49,Weekend,15,0,2,0.0,TruncGMM(K=3),TruncGMM(K=2),TruncGMM(K=2),TruncGMM(K=2),20
OSL_T_49,Weekend,16,0,2,0.0,TruncGMM(K=3),TruncGMM(K=2),TruncGMM(K=2),TruncGMM(K=2),20
OSL_T_49,Weekend,17,0,2,0.0,TruncGMM(K=3),TruncGMM(K=2),TruncGMM(K=2),TruncGMM(K=2),20
OSL_T_49,Weekend,18,4,2,0.1333,TruncGMM(K=3),TruncGMM(K=2),TruncGMM(K=2),TruncGMM(K=2),20
OSL_T_49,Weekend,19,5,2,0.1667,TruncGMM(K=3),TruncGMM(K=2),TruncGMM(K=2),TruncGMM(K=2),5
OSL_T_49,Weekend,20,5,2,0.1667,TruncGMM(K=3),TruncGMM(K=2),TruncGMM(K=2),TruncGMM(K=2),5
OSL_T_49,Weekend,21,2,2,0.0667,TruncGMM(K=3),TruncGMM(K=2),TruncGMM(K=2),TruncGMM(K=2),20
OSL_T_49,Weekend,22,5,2,0.1667,TruncGMM(K=3),TruncGMM(K=2),TruncGMM(K=2),TruncGMM(K=2),5
OSL_T_49,Weekend,23,2,2,0.0667,TruncGMM(K=3),TruncGMM(K=2),TruncGMM(K=2),TruncGMM(K=2),20
OSL_T_49,Weekend,24,0,2,0.0,TruncGMM(K=3),TruncGMM(K=2),TruncGMM(K=2),TruncGMM(K=2),20
OSL_T_74,Weekday,1,2,2,0.0115,Exponential,Weibull,TruncGMM(K=2),TruncGMM(K=1),20
OSL_T_74,Weekday,2,0,2,0.0,Exponential,Weibull,TruncGMM(K=2),TruncGMM(K=1),20
OSL_T_74,Weekday,3,0,2,0.0,Exponential,Weibull,TruncGMM(K=2),TruncGMM(K=1),20
OSL_T_74,Weekday,4,0,2,0.0,Exponential,Weibull,TruncGMM(K=2),TruncGMM(K=1),20
OSL_T_74,Weekday,5,0,2,0.0,Exponential,Weibull,TruncGMM(K=2),TruncGMM(K=1),20
OSL_T_74,Weekday,6,2,2,0.0115,Exponential,Weibull,TruncGMM(K=2),TruncGMM(K=1),20
OSL_T_74,Weekday,7,8,2,0.046,Exponential,Weibull,TruncGMM(K=2),TruncGMM(K=1),8
OSL_T_74,Weekday,8,8,2,0.046,Exponential,Weibull,TruncGMM(K=2),TruncGMM(K=1),8
OSL_T_74,Weekday,9,4,2,0.023,Exponential,Weibull,TruncGMM(K=2),TruncGMM(K=1),20
OSL_T_74,Weekday,10,3,2,0.0172,Exponential,Weibull,TruncGMM(K=2),TruncGMM(K=1),20
OSL_T_74,Weekday,11,7,2,0.0402,Exponential,Weibull,TruncGMM(K=2),TruncGMM(K=1),7
OSL_T_74,Weekday,12,5,2,0.0287,Exponential,Weibull,TruncGMM(K=2),TruncGMM(K=1),5
OSL_T_74,Weekday,13,9,2,0.0517,Exponential,Weibull,TruncGMM(K=2),TruncGMM(K=1),9
OSL_T_74,Weekday,14,9,2,0.0517,Exponential,Weibull,TruncGMM(K=2),TruncGMM(K=1),9
OSL_T_74,Weekday,15,11,2,0.0632,Exponential,Weibull,TruncGMM(K=2),TruncGMM(K=1),11
OSL_T_74,Weekday,16,18,1,0.1034,TruncGMM(K=2),Exponential,LogNormal,Weibull,18
OSL_T_74,Weekday,17,19,1,0.1092,LogNormal,Exponential,Weibull,TruncGMM(K=1),19
OSL_T_74,Weekday,18,11,2,0.0632,Exponential,Weibull,TruncGMM(K=2),TruncGMM(K=1),11
OSL_T_74,Weekday,19,11,2,0.0632,Exponential,Weibull,TruncGMM(K=2),TruncGMM(K=1),11
OSL_T_74,Weekday,20,7,2,0.0402,Exponential,Weibull,TruncGMM(K=2),TruncGMM(K=1),7
OSL_T_74,Weekday,21,8,2,0.046,Exponential,Weibull,TruncGMM(K=2),TruncGMM(K=1),8
OSL_T_74,Weekday,22,18,1,0.1034,TruncGMM(K=2),Exponential,TruncGMM(K=1),TruncGMM(K=1),18
OSL_T_74,Weekday,23,10,2,0.0575,Exponential,Weibull,TruncGMM(K=2),TruncGMM(K=1),10
OSL_T_74,Weekday,24,4,2,0.023,Exponential,Weibull,TruncGMM(K=2),TruncGMM(K=1),20
OSL_S_KT84,Weekday,1,26,1,0.1116,Weibull,LogNormal,TruncGMM(K=1),TruncGMM(K=1),26
OSL_S_KT84,Weekday,2,18,1,0.0773,TruncGMM(K=2),Exponential,Weibull,TruncGMM(K=1),18
OSL_S_KT84,Weekday,3,9,2,0.0386,TruncGMM(K=3),Weibull,TruncGMM(K=1),TruncGMM(K=2),9
OSL_S_KT84,Weekday,4,13,2,0.0558,TruncGMM(K=3),Weibull,TruncGMM(K=1),TruncGMM(K=2),13
OSL_S_KT84,Weekday,5,5,2,0.0215,TruncGMM(K=3),Weibull,TruncGMM(K=1),TruncGMM(K=2),5
OSL_S_KT84,Weekday,6,3,2,0.0129,TruncGMM(K=3),Weibull,TruncGMM(K=1),TruncGMM(K=2),20
OSL_S_KT84,Weekday,7,2,2,0.0086,TruncGMM(K=3),Weibull,TruncGMM(K=1),TruncGMM(K=2),20
OSL_S_KT84,Weekday,8,1,2,0.0043,TruncGMM(K=3),Weibull,TruncGMM(K=1),TruncGMM(K=2),20
OSL_S_KT84,Weekday,9,0,2,0.0,TruncGMM(K=3),Weibull,TruncGMM(K=1),TruncGMM(K=2),20
OSL_S_KT84,Weekday,10,2,2,0.0086,TruncGMM(K=3),Weibull,TruncGMM(K=1),TruncGMM(K=2),20
OSL_S_KT84,Weekday,11,1,2,0.0043,TruncGMM(K=3),Weibull,TruncGMM(K=1),TruncGMM(K=2),20
OSL_S_KT84,Weekday,12,2,2,0.0086,TruncGMM(K=3),Weibull,TruncGMM(K=1),TruncGMM(K=2),20
OSL_S_KT84,Weekday,13,2,2,0.0086,TruncGMM(K=3),Weibull,TruncGMM(K=1),TruncGMM(K=2),20
OSL_S_KT84,Weekday,14,2,2,0.0086,TruncGMM(K=3),Weibull,TruncGMM(K=1),TruncGMM(K=2),20
OSL_S_KT84,Weekday,15,5,2,0.0215,TruncGMM(K=3),Weibull,TruncGMM(K=1),TruncGMM(K=2),5
OSL_S_KT84,Weekday,16,7,2,0.03,TruncGMM(K=3),Weibull,TruncGMM(K=1),TruncGMM(K=2),7
OSL_S_KT84,Weekday,17,4,2,0.0172,TruncGMM(K=3),Weibull,TruncGMM(K=1),TruncGMM(K=2),20
OSL_S_KT84,Weekday,18,14,2,0.0601,TruncGMM(K=3),Weibull,TruncGMM(K=1),TruncGMM(K=2),14
OSL_S_KT84,Weekday,19,22,1,0.0944,Exponential,Weibull,LogNormal,LogNormal,22
OSL_S_KT84,Weekday,20,13,2,0.0558,TruncGMM(K=3),Weibull,TruncGMM(K=1),TruncGMM(K=2),13
OSL_S_KT84,Weekday,21,20,1,0.0858,TruncGMM(K=2),Exponential,TruncGMM(K=1),Weibull,20
OSL_S_KT84,Weekday,22,19,1,0.0815,TruncGMM(K=2),TruncGMM(K=2),TruncGMM(K=2),LogNormal,19
OSL_S_KT84,Weekday,23,17,1,0.073,TruncGMM(K=3),TruncGMM(K=3),TruncGMM(K=1),TruncGMM(K=2),17
OSL_S_KT84,Weekday,24,26,1,0.1116,TruncGMM(K=1),LogNormal,TruncGMM(K=2),TruncGMM(K=1),26
TRO_Plass52,Weekend,1,0,2,0.0,Weibull,Exponential,TruncGMM(K=1),TruncGMM(K=1),20
TRO_Plass52,Weekend,2,0,2,0.0,Weibull,Exponential,TruncGMM(K=1),TruncGMM(K=1),20
TRO_Plass52,Weekend,3,0,2,0.0,Weibull,Exponential,TruncGMM(K=1),TruncGMM(K=1),20
TRO_Plass52,Weekend,4,0,2,0.0,Weibull,Exponential,TruncGMM(K=1),TruncGMM(K=1),20
TRO_Plass52,Weekend,5,0,2,0.0,Weibull,Exponential,TruncGMM(K=1),TruncGMM(K=1),20
TRO_Plass52,Weekend,6,0,2,0.0,Weibull,Exponential,TruncGMM(K=1),TruncGMM(K=1),20
TRO_Plass52,Weekend,7,0,2,0.0,Weibull,Exponential,TruncGMM(K=1),TruncGMM(K=1),20
TRO_Plass52,Weekend,8,1,2,0.037,Weibull,Exponential,TruncGMM(K=1),TruncGMM(K=1),20
TRO_Plass52,Weekend,9,0,2,0.0,Weibull,Exponential,TruncGMM(K=1),TruncGMM(K=1),20
TRO_Plass52,Weekend,10,1,2,0.037,Weibull,Exponential,TruncGMM(K=1),TruncGMM(K=1),20
TRO_Plass52,Weekend,11,1,2,0.037,Weibull,Exponential,TruncGMM(K=1),TruncGMM(K=1),20
TRO_Plass52,Weekend,12,3,2,0.1111,Weibull,Exponential,TruncGMM(K=1),TruncGMM(K=1),20
TRO_Plass52,Weekend,13,2,2,0.0741,Weibull,Exponential,TruncGMM(K=1),TruncGMM(K=1),20
TRO_Plass52,Weekend,14,0,2,0.0,Weibull,Exponential,TruncGMM(K=1),TruncGMM(K=1),20
TRO_Plass52,Weekend,15,2,2,0.0741,Weibull,Exponential,TruncGMM(K=1),TruncGMM(K=1),20
TRO_Plass52,Weekend,16,3,2,0.1111,Weibull,Exponential,TruncGMM(K=1),TruncGMM(K=1),20
TRO_Plass52,Weekend,17,1,2,0.037,Weibull,Exponential,TruncGMM(K=1),TruncGMM(K=1),20
TRO_Plass52,Weekend,18,3,2,0.1111,Weibull,Exponential,TruncGMM(K=1),TruncGMM(K=1),20
TRO_Plass52,Weekend,19,3,2,0.1111,Weibull,Exponential,TruncGMM(K=1),TruncGMM(K=1),20
TRO_Plass52,Weekend,20,1,2,0.037,Weibull,Exponential,TruncGMM(K=1),TruncGMM(K=1),20
TRO_Plass52,Weekend,21,2,2,0.0741,Weibull,Exponential,TruncGMM(K=1),TruncGMM(K=1),20
TRO_Plass52,Weekend,22,1,2,0.037,Weibull,Exponential,TruncGMM(K=1),TruncGMM(K=1),20
TRO_Plass52,Weekend,23,2,2,0.0741,Weibull,Exponential,TruncGMM(K=1),TruncGMM(K=1),20
TRO_Plass52,Weekend,24,1,2,0.037,Weibull,Exponential,TruncGMM(K=1),TruncGMM(K=1),20
OSL_S_KT138,Weekend,1,0,2,0.0,TruncGMM(K=2),LogNormal,TruncGMM(K=2),TruncGMM(K=3),20
OSL_S_KT138,Weekend,2,0,2,0.0,TruncGMM(K=2),LogNormal,TruncGMM(K=2),TruncGMM(K=3),20
OSL_S_KT138,Weekend,3,0,2,0.0,TruncGMM(K=2),LogNormal,TruncGMM(K=2),TruncGMM(K=3),20
OSL_S_KT138,Weekend,4,6,2,0.12,TruncGMM(K=2),LogNormal,TruncGMM(K=2),TruncGMM(K=3),6
OSL_S_KT138,Weekend,5,27,1,0.54,TruncGMM(K=2),LogNormal,LogNormal,TruncGMM(K=3),27
OSL_S_KT138,Weekend,6,2,2,0.04,TruncGMM(K=2),LogNormal,TruncGMM(K=2),TruncGMM(K=3),20
OSL_S_KT138,Weekend,7,0,2,0.0,TruncGMM(K=2),LogNormal,TruncGMM(K=2),TruncGMM(K=3),20
OSL_S_KT138,Weekend,8,0,2,0.0,TruncGMM(K=2),LogNormal,TruncGMM(K=2),TruncGMM(K=3),20
OSL_S_KT138,Weekend,9,0,2,0.0,TruncGMM(K=2),LogNormal,TruncGMM(K=2),TruncGMM(K=3),20
OSL_S_KT138,Weekend,10,0,2,0.0,TruncGMM(K=2),LogNormal,TruncGMM(K=2),TruncGMM(K=3),20
OSL_S_KT138,Weekend,11,0,2,0.0,TruncGMM(K=2),LogNormal,TruncGMM(K=2),TruncGMM(K=3),20
OSL_S_KT138,Weekend,12,0,2,0.0,TruncGMM(K=2),LogNormal,TruncGMM(K=2),TruncGMM(K=3),20
OSL_S_KT138,Weekend,13,0,2,0.0,TruncGMM(K=2),LogNormal,TruncGMM(K=2),TruncGMM(K=3),20
OSL_S_KT138,Weekend,14,1,2,0.02,TruncGMM(K=2),LogNormal,TruncGMM(K=2),TruncGMM(K=3),20
OSL_S_KT138,Weekend,15,4,2,0.08,TruncGMM(K=2),LogNormal,TruncGMM(K=2),TruncGMM(K=3),20
OSL_S_KT138,Weekend,16,0,2,0.0,TruncGMM(K=2),LogNormal,TruncGMM(K=2),TruncGMM(K=3),20
OSL_S_KT138,Weekend,17,0,2,0.0,TruncGMM(K=2),LogNormal,TruncGMM(K=2),TruncGMM(K=3),20
OSL_S_KT138,Weekend,18,2,2,0.04,TruncGMM(K=2),LogNormal,TruncGMM(K=2),TruncGMM(K=3),20
OSL_S_KT138,Weekend,19,1,2,0.02,TruncGMM(K=2),LogNormal,TruncGMM(K=2),TruncGMM(K=3),20
OSL_S_KT138,Weekend,20,3,2,0.06,TruncGMM(K=2),LogNormal,TruncGMM(K=2),TruncGMM(K=3),20
OSL_S_KT138,Weekend,21,3,2,0.06,TruncGMM(K=2),LogNormal,TruncGMM(K=2),TruncGMM(K=3),20
OSL_S_KT138,Weekend,22,0,2,0.0,TruncGMM(K=2),LogNormal,TruncGMM(K=2),TruncGMM(K=3),20
OSL_S_KT138,Weekend,23,0,2,0.0,TruncGMM(K=2),LogNormal,TruncGMM(K=2),TruncGMM(K=3),20
OSL_S_KT138,Weekend,24,1,2,0.02,TruncGMM(K=2),LogNormal,TruncGMM(K=2),TruncGMM(K=3),20
ASK_Plass67,Weekend,1,3,2,0.0256,TruncGMM(K=3),LogNormal,TruncGMM(K=2),TruncGMM(K=6),20
ASK_Plass67,Weekend,2,1,2,0.0085,TruncGMM(K=3),LogNormal,TruncGMM(K=2),TruncGMM(K=6),20
ASK_Plass67,Weekend,3,0,2,0.0,TruncGMM(K=3),LogNormal,TruncGMM(K=2),TruncGMM(K=6),20
ASK_Plass67,Weekend,4,0,2,0.0,TruncGMM(K=3),LogNormal,TruncGMM(K=2),TruncGMM(K=6),20
ASK_Plass67,Weekend,5,0,2,0.0,TruncGMM(K=3),LogNormal,TruncGMM(K=2),TruncGMM(K=6),20
ASK_Plass67,Weekend,6,1,2,0.0085,TruncGMM(K=3),LogNormal,TruncGMM(K=2),TruncGMM(K=6),20
ASK_Plass67,Weekend,7,0,2,0.0,TruncGMM(K=3),LogNormal,TruncGMM(K=2),TruncGMM(K=6),20
ASK_Plass67,Weekend,8,0,2,0.0,TruncGMM(K=3),LogNormal,TruncGMM(K=2),TruncGMM(K=6),20
ASK_Plass67,Weekend,9,2,2,0.0171,TruncGMM(K=3),LogNormal,TruncGMM(K=2),TruncGMM(K=6),20
ASK_Plass67,Weekend,10,1,2,0.0085,TruncGMM(K=3),LogNormal,TruncGMM(K=2),TruncGMM(K=6),20
ASK_Plass67,Weekend,11,0,2,0.0,TruncGMM(K=3),LogNormal,TruncGMM(K=2),TruncGMM(K=6),20
ASK_Plass67,Weekend,12,24,1,0.2051,LogNormal,LogNormal,LogNormal,LogNormal,24
ASK_Plass67,Weekend,13,7,2,0.0598,TruncGMM(K=3),LogNormal,TruncGMM(K=2),TruncGMM(K=6),7
ASK_Plass67,Weekend,14,11,2,0.094,TruncGMM(K=3),LogNormal,TruncGMM(K=2),TruncGMM(K=6),11
ASK_Plass67,Weekend,15,10,2,0.0855,TruncGMM(K=3),LogNormal,TruncGMM(K=2),TruncGMM(K=6),10
ASK_Plass67,Weekend,16,9,2,0.0769,TruncGMM(K=3),LogNormal,TruncGMM(K=2),TruncGMM(K=6),9
ASK_Plass67,Weekend,17,10,2,0.0855,TruncGMM(K=3),LogNormal,TruncGMM(K=2),TruncGMM(K=6),10
ASK_Plass67,Weekend,18,14,2,0.1197,TruncGMM(K=3),LogNormal,TruncGMM(K=2),TruncGMM(K=6),14
ASK_Plass67,Weekend,19,6,2,0.0513,TruncGMM(K=3),LogNormal,TruncGMM(K=2),TruncGMM(K=6),6
ASK_Plass67,Weekend,20,5,2,0.0427,TruncGMM(K=3),LogNormal,TruncGMM(K=2),TruncGMM(K=6),5
ASK_Plass67,Weekend,21,2,2,0.0171,TruncGMM(K=3),LogNormal,TruncGMM(K=2),TruncGMM(K=6),20
ASK_Plass67,Weekend,22,5,2,0.0427,TruncGMM(K=3),LogNormal,TruncGMM(K=2),TruncGMM(K=6),5
ASK_Plass67,Weekend,23,5,2,0.0427,TruncGMM(K=3),LogNormal,TruncGMM(K=2),TruncGMM(K=6),5
ASK_Plass67,Weekend,24,1,2,0.0085,TruncGMM(K=3),LogNormal,TruncGMM(K=2),TruncGMM(K=6),20
ASK_Plass27,Weekend,1,0,2,0.0,Exponential,TruncGMM(K=3),TruncGMM(K=2),Weibull,20
ASK_Plass27,Weekend,2,0,2,0.0,Exponential,TruncGMM(K=3),TruncGMM(K=2),Weibull,20
ASK_Plass27,Weekend,3,0,2,0.0,Exponential,TruncGMM(K=3),TruncGMM(K=2),Weibull,20
ASK_Plass27,Weekend,4,0,2,0.0,Exponential,TruncGMM(K=3),TruncGMM(K=2),Weibull,20
ASK_Plass27,Weekend,5,0,2,0.0,Exponential,TruncGMM(K=3),TruncGMM(K=2),Weibull,20
ASK_Plass27,Weekend,6,0,2,0.0,Exponential,TruncGMM(K=3),TruncGMM(K=2),Weibull,20
ASK_Plass27,Weekend,7,0,2,0.0,Exponential,TruncGMM(K=3),TruncGMM(K=2),Weibull,20
ASK_Plass27,Weekend,8,0,2,0.0,Exponential,TruncGMM(K=3),TruncGMM(K=2),Weibull,20
ASK_Plass27,Weekend,9,0,2,0.0,Exponential,TruncGMM(K=3),TruncGMM(K=2),Weibull,20
ASK_Plass27,Weekend,10,2,2,0.087,Exponential,TruncGMM(K=3),TruncGMM(K=2),Weibull,20
ASK_Plass27,Weekend,11,0,2,0.0,Exponential,TruncGMM(K=3),TruncGMM(K=2),Weibull,20
ASK_Plass27,Weekend,12,0,2,0.0,Exponential,TruncGMM(K=3),TruncGMM(K=2),Weibull,20
ASK_Plass27,Weekend,13,2,2,0.087,Exponential,TruncGMM(K=3),TruncGMM(K=2),Weibull,20
ASK_Plass27,Weekend,14,1,2,0.0435,Exponential,TruncGMM(K=3),TruncGMM(K=2),Weibull,20
ASK_Plass27,Weekend,15,2,2,0.087,Exponential,TruncGMM(K=3),TruncGMM(K=2),Weibull,20
ASK_Plass27,Weekend,16,2,2,0.087,Exponential,TruncGMM(K=3),TruncGMM(K=2),Weibull,20
ASK_Plass27,Weekend,17,2,2,0.087,Exponential,TruncGMM(K=3),TruncGMM(K=2),Weibull,20
ASK_Plass27,Weekend,18,5,2,0.2174,Exponential,TruncGMM(K=3),TruncGMM(K=2),Weibull,5
ASK_Plass27,Weekend,19,3,2,0.1304,Exponential,TruncGMM(K=3),TruncGMM(K=2),Weibull,20
ASK_Plass27,Weekend,20,0,2,0.0,Exponential,TruncGMM(K=3),TruncGMM(K=2),Weibull,20
ASK_Plass27,Weekend,21,2,2,0.087,Exponential,TruncGMM(K=3),TruncGMM(K=2),Weibull,20
ASK_Plass27,Weekend,22,2,2,0.087,Exponential,TruncGMM(K=3),TruncGMM(K=2),Weibull,20
ASK_Plass27,Weekend,23,0,2,0.0,Exponential,TruncGMM(K=3),TruncGMM(K=2),Weibull,20
ASK_Plass27,Weekend,24,0,2,0.0,Exponential,TruncGMM(K=3),TruncGMM(K=2),Weibull,20
OSL_S_KT84,Weekend,1,11,2,0.084,Exponential,Weibull,TruncGMM(K=1),TruncGMM(K=2),11
OSL_S_KT84,Weekend,2,7,2,0.0534,Exponential,Weibull,TruncGMM(K=1),TruncGMM(K=2),7
OSL_S_KT84,Weekend,3,4,2,0.0305,Exponential,Weibull,TruncGMM(K=1),TruncGMM(K=2),20
OSL_S_KT84,Weekend,4,10,2,0.0763,Exponential,Weibull,TruncGMM(K=1),TruncGMM(K=2),10
OSL_S_KT84,Weekend,5,8,2,0.0611,Exponential,Weibull,TruncGMM(K=1),TruncGMM(K=2),8
OSL_S_KT84,Weekend,6,7,2,0.0534,Exponential,Weibull,TruncGMM(K=1),TruncGMM(K=2),7
OSL_S_KT84,Weekend,7,7,2,0.0534,Exponential,Weibull,TruncGMM(K=1),TruncGMM(K=2),7
OSL_S_KT84,Weekend,8,3,2,0.0229,Exponential,Weibull,TruncGMM(K=1),TruncGMM(K=2),20
OSL_S_KT84,Weekend,9,1,2,0.0076,Exponential,Weibull,TruncGMM(K=1),TruncGMM(K=2),20
OSL_S_KT84,Weekend,10,0,2,0.0,Exponential,Weibull,TruncGMM(K=1),TruncGMM(K=2),20
OSL_S_KT84,Weekend,11,2,2,0.0153,Exponential,Weibull,TruncGMM(K=1),TruncGMM(K=2),20
OSL_S_KT84,Weekend,12,3,2,0.0229,Exponential,Weibull,TruncGMM(K=1),TruncGMM(K=2),20
OSL_S_KT84,Weekend,13,5,2,0.0382,Exponential,Weibull,TruncGMM(K=1),TruncGMM(K=2),5
OSL_S_KT84,Weekend,14,7,2,0.0534,Exponential,Weibull,TruncGMM(K=1),TruncGMM(K=2),7
OSL_S_KT84,Weekend,15,4,2,0.0305,Exponential,Weibull,TruncGMM(K=1),TruncGMM(K=2),20
OSL_S_KT84,Weekend,16,5,2,0.0382,Exponential,Weibull,TruncGMM(K=1),TruncGMM(K=2),5
OSL_S_KT84,Weekend,17,5,2,0.0382,Exponential,Weibull,TruncGMM(K=1),TruncGMM(K=2),5
OSL_S_KT84,Weekend,18,4,2,0.0305,Exponential,Weibull,TruncGMM(K=1),TruncGMM(K=2),20
OSL_S_KT84,Weekend,19,2,2,0.0153,Exponential,Weibull,TruncGMM(K=1),TruncGMM(K=2),20
OSL_S_KT84,Weekend,20,4,2,0.0305,Exponential,Weibull,TruncGMM(K=1),TruncGMM(K=2),20
OSL_S_KT84,Weekend,21,8,2,0.0611,Exponential,Weibull,TruncGMM(K=1),TruncGMM(K=2),8
OSL_S_KT84,Weekend,22,5,2,0.0382,Exponential,Weibull,TruncGMM(K=1),TruncGMM(K=2),5
OSL_S_KT84,Weekend,23,8,2,0.0611,Exponential,Weibull,TruncGMM(K=1),TruncGMM(K=2),8
OSL_S_KT84,Weekend,24,11,2,0.084,Exponential,Weibull,TruncGMM(K=1),TruncGMM(K=2),11
OSL_S_KT112,Weekday,1,17,1,0.1478,Weibull,Exponential,TruncGMM(K=2),Exponential,17
OSL_S_KT112,Weekday,2,2,2,0.0174,TruncGMM(K=1),Exponential,TruncGMM(K=2),TruncGMM(K=4),20
OSL_S_KT112,Weekday,3,1,2,0.0087,TruncGMM(K=1),Exponential,TruncGMM(K=2),TruncGMM(K=4),20
OSL_S_KT112,Weekday,4,0,2,0.0,TruncGMM(K=1),Exponential,TruncGMM(K=2),TruncGMM(K=4),20
OSL_S_KT112,Weekday,5,0,2,0.0,TruncGMM(K=1),Exponential,TruncGMM(K=2),TruncGMM(K=4),20
OSL_S_KT112,Weekday,6,2,2,0.0174,TruncGMM(K=1),Exponential,TruncGMM(K=2),TruncGMM(K=4),20
OSL_S_KT112,Weekday,7,1,2,0.0087,TruncGMM(K=1),Exponential,TruncGMM(K=2),TruncGMM(K=4),20
OSL_S_KT112,Weekday,8,0,2,0.0,TruncGMM(K=1),Exponential,TruncGMM(K=2),TruncGMM(K=4),20
OSL_S_KT112,Weekday,9,1,2,0.0087,TruncGMM(K=1),Exponential,TruncGMM(K=2),TruncGMM(K=4),20
OSL_S_KT112,Weekday,10,1,2,0.0087,TruncGMM(K=1),Exponential,TruncGMM(K=2),TruncGMM(K=4),20
OSL_S_KT112,Weekday,11,1,2,0.0087,TruncGMM(K=1),Exponential,TruncGMM(K=2),TruncGMM(K=4),20
OSL_S_KT112,Weekday,12,3,2,0.0261,TruncGMM(K=1),Exponential,TruncGMM(K=2),TruncGMM(K=4),20
OSL_S_KT112,Weekday,13,1,2,0.0087,TruncGMM(K=1),Exponential,TruncGMM(K=2),TruncGMM(K=4),20
OSL_S_KT112,Weekday,14,3,2,0.0261,TruncGMM(K=1),Exponential,TruncGMM(K=2),TruncGMM(K=4),20
OSL_S_KT112,Weekday,15,1,2,0.0087,TruncGMM(K=1),Exponential,TruncGMM(K=2),TruncGMM(K=4),20
OSL_S_KT112,Weekday,16,1,2,0.0087,TruncGMM(K=1),Exponential,TruncGMM(K=2),TruncGMM(K=4),20
OSL_S_KT112,Weekday,17,2,2,0.0174,TruncGMM(K=1),Exponential,TruncGMM(K=2),TruncGMM(K=4),20
OSL_S_KT112,Weekday,18,1,2,0.0087,TruncGMM(K=1),Exponential,TruncGMM(K=2),TruncGMM(K=4),20
OSL_S_KT112,Weekday,19,9,2,0.0783,TruncGMM(K=1),Exponential,TruncGMM(K=2),TruncGMM(K=4),9
OSL_S_KT112,Weekday,20,6,2,0.0522,TruncGMM(K=1),Exponential,TruncGMM(K=2),TruncGMM(K=4),6
OSL_S_KT112,Weekday,21,9,2,0.0783,TruncGMM(K=1),Exponential,TruncGMM(K=2),TruncGMM(K=4),9
OSL_S_KT112,Weekday,22,8,2,0.0696,TruncGMM(K=1),Exponential,TruncGMM(K=2),TruncGMM(K=4),8
OSL_S_KT112,Weekday,23,10,2,0.087,TruncGMM(K=1),Exponential,TruncGMM(K=2),TruncGMM(K=4),10
OSL_S_KT112,Weekday,24,35,1,0.3043,Weibull,TruncGMM(K=3),Weibull,TruncGMM(K=2),35
BOD_02H0505,Weekday,1,5,2,0.026,LogNormal,Weibull,Weibull,TruncGMM(K=4),5
BOD_02H0505,Weekday,2,2,2,0.0104,LogNormal,Weibull,Weibull,TruncGMM(K=4),20
BOD_02H0505,Weekday,3,0,2,0.0,LogNormal,Weibull,Weibull,TruncGMM(K=4),20
BOD_02H0505,Weekday,4,0,2,0.0,LogNormal,Weibull,Weibull,TruncGMM(K=4),20
BOD_02H0505,Weekday,5,0,2,0.0,LogNormal,Weibull,Weibull,TruncGMM(K=4),20
BOD_02H0505,Weekday,6,1,2,0.0052,LogNormal,Weibull,Weibull,TruncGMM(K=4),20
BOD_02H0505,Weekday,7,1,2,0.0052,LogNormal,Weibull,Weibull,TruncGMM(K=4),20
BOD_02H0505,Weekday,8,0,2,0.0,LogNormal,Weibull,Weibull,TruncGMM(K=4),20
BOD_02H0505,Weekday,9,1,2,0.0052,LogNormal,Weibull,Weibull,TruncGMM(K=4),20
BOD_02H0505,Weekday,10,3,2,0.0156,LogNormal,Weibull,Weibull,TruncGMM(K=4),20
BOD_02H0505,Weekday,11,1,2,0.0052,LogNormal,Weibull,Weibull,TruncGMM(K=4),20
BOD_02H0505,Weekday,12,2,2,0.0104,LogNormal,Weibull,Weibull,TruncGMM(K=4),20
BOD_02H0505,Weekday,13,6,2,0.0313,LogNormal,Weibull,Weibull,TruncGMM(K=4),6
BOD_02H0505,Weekday,14,3,2,0.0156,LogNormal,Weibull,Weibull,TruncGMM(K=4),20
BOD_02H0505,Weekday,15,7,2,0.0365,LogNormal,Weibull,Weibull,TruncGMM(K=4),7
BOD_02H0505,Weekday,16,14,2,0.0729,LogNormal,Weibull,Weibull,TruncGMM(K=4),14
BOD_02H0505,Weekday,17,44,1,0.2292,LogNormal,LogNormal,Weibull,TruncGMM(K=1),44
BOD_02H0505,Weekday,18,17,1,0.0885,TruncGMM(K=3),Exponential,TruncGMM(K=1),TruncGMM(K=1),17
BOD_02H0505,Weekday,19,9,2,0.0469,LogNormal,Weibull,Weibull,TruncGMM(K=4),9
BOD_02H0505,Weekday,20,12,2,0.0625,LogNormal,Weibull,Weibull,TruncGMM(K=4),12
BOD_02H0505,Weekday,21,23,1,0.1198,TruncGMM(K=1),Exponential,Weibull,TruncGMM(K=2),23
BOD_02H0505,Weekday,22,19,1,0.099,LogNormal,Exponential,Weibull,TruncGMM(K=6),19
BOD_02H0505,Weekday,23,16,1,0.0833,TruncGMM(K=2),LogNormal,Weibull,Weibull,16
BOD_02H0505,Weekday,24,6,2,0.0313,LogNormal,Weibull,Weibull,TruncGMM(K=4),6
OSL_S_KT72,Weekend,1,16,1,0.08,LogNormal,Weibull,LogNormal,TruncGMM(K=1),16
OSL_S_KT72,Weekend,2,8,2,0.04,LogNormal,LogNormal,LogNormal,TruncGMM(K=2),8
OSL_S_KT72,Weekend,3,6,2,0.03,LogNormal,LogNormal,LogNormal,TruncGMM(K=2),6
OSL_S_KT72,Weekend,4,4,2,0.02,LogNormal,LogNormal,LogNormal,TruncGMM(K=2),20
OSL_S_KT72,Weekend,5,3,2,0.015,LogNormal,LogNormal,LogNormal,TruncGMM(K=2),20
OSL_S_KT72,Weekend,6,0,2,0.0,LogNormal,LogNormal,LogNormal,TruncGMM(K=2),20
OSL_S_KT72,Weekend,7,2,2,0.01,LogNormal,LogNormal,LogNormal,TruncGMM(K=2),20
OSL_S_KT72,Weekend,8,3,2,0.015,LogNormal,LogNormal,LogNormal,TruncGMM(K=2),20
OSL_S_KT72,Weekend,9,1,2,0.005,LogNormal,LogNormal,LogNormal,TruncGMM(K=2),20
OSL_S_KT72,Weekend,10,2,2,0.01,LogNormal,LogNormal,LogNormal,TruncGMM(K=2),20
OSL_S_KT72,Weekend,11,3,2,0.015,LogNormal,LogNormal,LogNormal,TruncGMM(K=2),20
OSL_S_KT72,Weekend,12,6,2,0.03,LogNormal,LogNormal,LogNormal,TruncGMM(K=2),6
OSL_S_KT72,Weekend,13,10,2,0.05,LogNormal,LogNormal,LogNormal,TruncGMM(K=2),10
OSL_S_KT72,Weekend,14,3,2,0.015,LogNormal,LogNormal,LogNormal,TruncGMM(K=2),20
OSL_S_KT72,Weekend,15,13,2,0.065,LogNormal,LogNormal,LogNormal,TruncGMM(K=2),13
OSL_S_KT72,Weekend,16,12,2,0.06,LogNormal,LogNormal,LogNormal,TruncGMM(K=2),12
OSL_S_KT72,Weekend,17,6,2,0.03,LogNormal,LogNormal,LogNormal,TruncGMM(K=2),6
OSL_S_KT72,Weekend,18,13,2,0.065,LogNormal,LogNormal,LogNormal,TruncGMM(K=2),13
OSL_S_KT72,Weekend,19,15,1,0.075,LogNormal,LogNormal,Exponential,TruncGMM(K=4),15
OSL_S_KT72,Weekend,20,15,1,0.075,LogNormal,LogNormal,LogNormal,Weibull,15
OSL_S_KT72,Weekend,21,15,1,0.075,TruncGMM(K=2),LogNormal,Exponential,LogNormal,15
OSL_S_KT72,Weekend,22,20,1,0.1,Exponential,Weibull,LogNormal,LogNormal,20
OSL_S_KT72,Weekend,23,15,1,0.075,Exponential,Weibull,Exponential,TruncGMM(K=2),15
OSL_S_KT72,Weekend,24,9,2,0.045,LogNormal,LogNormal,LogNormal,TruncGMM(K=2),9
TRO_Plass25,Weekend,1,2,2,0.0303,TruncGMM(K=3),LogNormal,TruncGMM(K=3),TruncGMM(K=2),20
TRO_Plass25,Weekend,2,6,2,0.0909,TruncGMM(K=3),LogNormal,TruncGMM(K=3),TruncGMM(K=2),6
TRO_Plass25,Weekend,3,1,2,0.0152,TruncGMM(K=3),LogNormal,TruncGMM(K=3),TruncGMM(K=2),20
TRO_Plass25,Weekend,4,0,2,0.0,TruncGMM(K=3),LogNormal,TruncGMM(K=3),TruncGMM(K=2),20
TRO_Plass25,Weekend,5,0,2,0.0,TruncGMM(K=3),LogNormal,TruncGMM(K=3),TruncGMM(K=2),20
TRO_Plass25,Weekend,6,0,2,0.0,TruncGMM(K=3),LogNormal,TruncGMM(K=3),TruncGMM(K=2),20
TRO_Plass25,Weekend,7,0,2,0.0,TruncGMM(K=3),LogNormal,TruncGMM(K=3),TruncGMM(K=2),20
TRO_Plass25,Weekend,8,0,2,0.0,TruncGMM(K=3),LogNormal,TruncGMM(K=3),TruncGMM(K=2),20
TRO_Plass25,Weekend,9,0,2,0.0,TruncGMM(K=3),LogNormal,TruncGMM(K=3),TruncGMM(K=2),20
TRO_Plass25,Weekend,10,0,2,0.0,TruncGMM(K=3),LogNormal,TruncGMM(K=3),TruncGMM(K=2),20
TRO_Plass25,Weekend,11,0,2,0.0,TruncGMM(K=3),LogNormal,TruncGMM(K=3),TruncGMM(K=2),20
TRO_Plass25,Weekend,12,1,2,0.0152,TruncGMM(K=3),LogNormal,TruncGMM(K=3),TruncGMM(K=2),20
TRO_Plass25,Weekend,13,3,2,0.0455,TruncGMM(K=3),LogNormal,TruncGMM(K=3),TruncGMM(K=2),20
TRO_Plass25,Weekend,14,2,2,0.0303,TruncGMM(K=3),LogNormal,TruncGMM(K=3),TruncGMM(K=2),20
TRO_Plass25,Weekend,15,7,2,0.1061,TruncGMM(K=3),LogNormal,TruncGMM(K=3),TruncGMM(K=2),7
TRO_Plass25,Weekend,16,3,2,0.0455,TruncGMM(K=3),LogNormal,TruncGMM(K=3),TruncGMM(K=2),20
TRO_Plass25,Weekend,17,8,2,0.1212,TruncGMM(K=3),LogNormal,TruncGMM(K=3),TruncGMM(K=2),8
TRO_Plass25,Weekend,18,9,2,0.1364,TruncGMM(K=3),LogNormal,TruncGMM(K=3),TruncGMM(K=2),9
TRO_Plass25,Weekend,19,7,2,0.1061,TruncGMM(K=3),LogNormal,TruncGMM(K=3),TruncGMM(K=2),7
TRO_Plass25,Weekend,20,4,2,0.0606,TruncGMM(K=3),LogNormal,TruncGMM(K=3),TruncGMM(K=2),20
TRO_Plass25,Weekend,21,3,2,0.0455,TruncGMM(K=3),LogNormal,TruncGMM(K=3),TruncGMM(K=2),20
TRO_Plass25,Weekend,22,4,2,0.0606,TruncGMM(K=3),LogNormal,TruncGMM(K=3),TruncGMM(K=2),20
TRO_Plass25,Weekend,23,5,2,0.0758,TruncGMM(K=3),LogNormal,TruncGMM(K=3),TruncGMM(K=2),5
TRO_Plass25,Weekend,24,1,2,0.0152,TruncGMM(K=3),LogNormal,TruncGMM(K=3),TruncGMM(K=2),20
TRO_Plass11,Weekday,1,0,2,0.0,TruncGMM(K=3),Exponential,TruncGMM(K=1),TruncGMM(K=2),20
TRO_Plass11,Weekday,2,0,2,0.0,TruncGMM(K=3),Exponential,TruncGMM(K=1),TruncGMM(K=2),20
TRO_Plass11,Weekday,3,0,2,0.0,TruncGMM(K=3),Exponential,TruncGMM(K=1),TruncGMM(K=2),20
TRO_Plass11,Weekday,4,0,2,0.0,TruncGMM(K=3),Exponential,TruncGMM(K=1),TruncGMM(K=2),20
TRO_Plass11,Weekday,5,0,2,0.0,TruncGMM(K=3),Exponential,TruncGMM(K=1),TruncGMM(K=2),20
TRO_Plass11,Weekday,6,0,2,0.0,TruncGMM(K=3),Exponential,TruncGMM(K=1),TruncGMM(K=2),20
TRO_Plass11,Weekday,7,0,2,0.0,TruncGMM(K=3),Exponential,TruncGMM(K=1),TruncGMM(K=2),20
TRO_Plass11,Weekday,8,2,2,0.0267,TruncGMM(K=3),Exponential,TruncGMM(K=1),TruncGMM(K=2),20
TRO_Plass11,Weekday,9,0,2,0.0,TruncGMM(K=3),Exponential,TruncGMM(K=1),TruncGMM(K=2),20
TRO_Plass11,Weekday,10,1,2,0.0133,TruncGMM(K=3),Exponential,TruncGMM(K=1),TruncGMM(K=2),20
TRO_Plass11,Weekday,11,3,2,0.04,TruncGMM(K=3),Exponential,TruncGMM(K=1),TruncGMM(K=2),20
TRO_Plass11,Weekday,12,5,2,0.0667,TruncGMM(K=3),Exponential,TruncGMM(K=1),TruncGMM(K=2),5
TRO_Plass11,Weekday,13,4,2,0.0533,TruncGMM(K=3),Exponential,TruncGMM(K=1),TruncGMM(K=2),20
TRO_Plass11,Weekday,14,8,2,0.1067,TruncGMM(K=3),Exponential,TruncGMM(K=1),TruncGMM(K=2),8
TRO_Plass11,Weekday,15,1,2,0.0133,TruncGMM(K=3),Exponential,TruncGMM(K=1),TruncGMM(K=2),20
TRO_Plass11,Weekday,16,6,2,0.08,TruncGMM(K=3),Exponential,TruncGMM(K=1),TruncGMM(K=2),6
TRO_Plass11,Weekday,17,3,2,0.04,TruncGMM(K=3),Exponential,TruncGMM(K=1),TruncGMM(K=2),20
TRO_Plass11,Weekday,18,2,2,0.0267,TruncGMM(K=3),Exponential,TruncGMM(K=1),TruncGMM(K=2),20
TRO_Plass11,Weekday,19,0,2,0.0,TruncGMM(K=3),Exponential,TruncGMM(K=1),TruncGMM(K=2),20
TRO_Plass11,Weekday,20,11,2,0.1467,TruncGMM(K=3),Exponential,TruncGMM(K=1),TruncGMM(K=2),11
TRO_Plass11,Weekday,21,24,1,0.32,TruncGMM(K=3),Exponential,Weibull,TruncGMM(K=1),24
TRO_Plass11,Weekday,22,4,2,0.0533,TruncGMM(K=3),Exponential,TruncGMM(K=1),TruncGMM(K=2),20
TRO_Plass11,Weekday,23,1,2,0.0133,TruncGMM(K=3),Exponential,TruncGMM(K=1),TruncGMM(K=2),20
TRO_Plass11,Weekday,24,0,2,0.0,TruncGMM(K=3),Exponential,TruncGMM(K=1),TruncGMM(K=2),20
TRO_R_AdO3-2,Weekday,1,1,2,0.0093,TruncGMM(K=3),Weibull,Weibull,TruncGMM(K=1),20
TRO_R_AdO3-2,Weekday,2,0,2,0.0,TruncGMM(K=3),Weibull,Weibull,TruncGMM(K=1),20
TRO_R_AdO3-2,Weekday,3,1,2,0.0093,TruncGMM(K=3),Weibull,Weibull,TruncGMM(K=1),20
TRO_R_AdO3-2,Weekday,4,0,2,0.0,TruncGMM(K=3),Weibull,Weibull,TruncGMM(K=1),20
TRO_R_AdO3-2,Weekday,5,0,2,0.0,TruncGMM(K=3),Weibull,Weibull,TruncGMM(K=1),20
TRO_R_AdO3-2,Weekday,6,0,2,0.0,TruncGMM(K=3),Weibull,Weibull,TruncGMM(K=1),20
TRO_R_AdO3-2,Weekday,7,0,2,0.0,TruncGMM(K=3),Weibull,Weibull,TruncGMM(K=1),20
TRO_R_AdO3-2,Weekday,8,0,2,0.0,TruncGMM(K=3),Weibull,Weibull,TruncGMM(K=1),20
TRO_R_AdO3-2,Weekday,9,0,2,0.0,TruncGMM(K=3),Weibull,Weibull,TruncGMM(K=1),20
TRO_R_AdO3-2,Weekday,10,1,2,0.0093,TruncGMM(K=3),Weibull,Weibull,TruncGMM(K=1),20
TRO_R_AdO3-2,Weekday,11,0,2,0.0,TruncGMM(K=3),Weibull,Weibull,TruncGMM(K=1),20
TRO_R_AdO3-2,Weekday,12,4,2,0.0374,TruncGMM(K=3),Weibull,Weibull,TruncGMM(K=1),20
TRO_R_AdO3-2,Weekday,13,2,2,0.0187,TruncGMM(K=3),Weibull,Weibull,TruncGMM(K=1),20
TRO_R_AdO3-2,Weekday,14,2,2,0.0187,TruncGMM(K=3),Weibull,Weibull,TruncGMM(K=1),20
TRO_R_AdO3-2,Weekday,15,7,2,0.0654,TruncGMM(K=3),Weibull,Weibull,TruncGMM(K=1),7
TRO_R_AdO3-2,Weekday,16,7,2,0.0654,TruncGMM(K=3),Weibull,Weibull,TruncGMM(K=1),7
TRO_R_AdO3-2,Weekday,17,5,2,0.0467,TruncGMM(K=3),Weibull,Weibull,TruncGMM(K=1),5
TRO_R_AdO3-2,Weekday,18,11,2,0.1028,TruncGMM(K=3),Weibull,Weibull,TruncGMM(K=1),11
TRO_R_AdO3-2,Weekday,19,12,2,0.1121,TruncGMM(K=3),Weibull,Weibull,TruncGMM(K=1),12
TRO_R_AdO3-2,Weekday,20,17,1,0.1589,TruncGMM(K=1),Weibull,LogNormal,Weibull,17
TRO_R_AdO3-2,Weekday,21,11,2,0.1028,TruncGMM(K=3),Weibull,Weibull,TruncGMM(K=1),11
TRO_R_AdO3-2,Weekday,22,10,2,0.0935,TruncGMM(K=3),Weibull,Weibull,TruncGMM(K=1),10
TRO_R_AdO3-2,Weekday,23,6,2,0.0561,TruncGMM(K=3),Weibull,Weibull,TruncGMM(K=1),6
TRO_R_AdO3-2,Weekday,24,10,2,0.0935,TruncGMM(K=3),Weibull,Weibull,TruncGMM(K=1),10
KR_U186,Weekend,1,0,2,0.0,TruncGMM(K=3),Exponential,TruncGMM(K=1),LogNormal,20
KR_U186,Weekend,2,0,2,0.0,TruncGMM(K=3),Exponential,TruncGMM(K=1),LogNormal,20
KR_U186,Weekend,3,0,2,0.0,TruncGMM(K=3),Exponential,TruncGMM(K=1),LogNormal,20
KR_U186,Weekend,4,0,2,0.0,TruncGMM(K=3),Exponential,TruncGMM(K=1),LogNormal,20
KR_U186,Weekend,5,0,2,0.0,TruncGMM(K=3),Exponential,TruncGMM(K=1),LogNormal,20
KR_U186,Weekend,6,0,2,0.0,TruncGMM(K=3),Exponential,TruncGMM(K=1),LogNormal,20
KR_U186,Weekend,7,0,2,0.0,TruncGMM(K=3),Exponential,TruncGMM(K=1),LogNormal,20
KR_U186,Weekend,8,0,2,0.0,TruncGMM(K=3),Exponential,TruncGMM(K=1),LogNormal,20
KR_U186,Weekend,9,0,2,0.0,TruncGMM(K=3),Exponential,TruncGMM(K=1),LogNormal,20
KR_U186,Weekend,10,1,2,0.0526,TruncGMM(K=3),Exponential,TruncGMM(K=1),LogNormal,20
KR_U186,Weekend,11,0,2,0.0,TruncGMM(K=3),Exponential,TruncGMM(K=1),LogNormal,20
KR_U186,Weekend,12,3,2,0.1579,TruncGMM(K=3),Exponential,TruncGMM(K=1),LogNormal,20
KR_U186,Weekend,13,1,2,0.0526,TruncGMM(K=3),Exponential,TruncGMM(K=1),LogNormal,20
KR_U186,Weekend,14,2,2,0.1053,TruncGMM(K=3),Exponential,TruncGMM(K=1),LogNormal,20
KR_U186,Weekend,15,3,2,0.1579,TruncGMM(K=3),Exponential,TruncGMM(K=1),LogNormal,20
KR_U186,Weekend,16,1,2,0.0526,TruncGMM(K=3),Exponential,TruncGMM(K=1),LogNormal,20
KR_U186,Weekend,17,0,2,0.0,TruncGMM(K=3),Exponential,TruncGMM(K=1),LogNormal,20
KR_U186,Weekend,18,3,2,0.1579,TruncGMM(K=3),Exponential,TruncGMM(K=1),LogNormal,20
KR_U186,Weekend,19,0,2,0.0,TruncGMM(K=3),Exponential,TruncGMM(K=1),LogNormal,20
KR_U186,Weekend,20,2,2,0.1053,TruncGMM(K=3),Exponential,TruncGMM(K=1),LogNormal,20
KR_U186,Weekend,21,0,2,0.0,TruncGMM(K=3),Exponential,TruncGMM(K=1),LogNormal,20
KR_U186,Weekend,22,2,2,0.1053,TruncGMM(K=3),Exponential,TruncGMM(K=1),LogNormal,20
KR_U186,Weekend,23,1,2,0.0526,TruncGMM(K=3),Exponential,TruncGMM(K=1),LogNormal,20
KR_U186,Weekend,24,0,2,0.0,TruncGMM(K=3),Exponential,TruncGMM(K=1),LogNormal,20
OSL_S_KT17,Weekend,1,1,2,0.0233,LogNormal,Weibull,TruncGMM(K=2),TruncGMM(K=4),20
OSL_S_KT17,Weekend,2,0,2,0.0,LogNormal,Weibull,TruncGMM(K=2),TruncGMM(K=4),20
OSL_S_KT17,Weekend,3,1,2,0.0233,LogNormal,Weibull,TruncGMM(K=2),TruncGMM(K=4),20
OSL_S_KT17,Weekend,4,0,2,0.0,LogNormal,Weibull,TruncGMM(K=2),TruncGMM(K=4),20
OSL_S_KT17,Weekend,5,0,2,0.0,LogNormal,Weibull,TruncGMM(K=2),TruncGMM(K=4),20
OSL_S_KT17,Weekend,6,0,2,0.0,LogNormal,Weibull,TruncGMM(K=2),TruncGMM(K=4),20
OSL_S_KT17,Weekend,7,0,2,0.0,LogNormal,Weibull,TruncGMM(K=2),TruncGMM(K=4),20
OSL_S_KT17,Weekend,8,0,2,0.0,LogNormal,Weibull,TruncGMM(K=2),TruncGMM(K=4),20
OSL_S_KT17,Weekend,9,0,2,0.0,LogNormal,Weibull,TruncGMM(K=2),TruncGMM(K=4),20
OSL_S_KT17,Weekend,10,0,2,0.0,LogNormal,Weibull,TruncGMM(K=2),TruncGMM(K=4),20
OSL_S_KT17,Weekend,11,0,2,0.0,LogNormal,Weibull,TruncGMM(K=2),TruncGMM(K=4),20
OSL_S_KT17,Weekend,12,0,2,0.0,LogNormal,Weibull,TruncGMM(K=2),TruncGMM(K=4),20
OSL_S_KT17,Weekend,13,1,2,0.0233,LogNormal,Weibull,TruncGMM(K=2),TruncGMM(K=4),20
OSL_S_KT17,Weekend,14,1,2,0.0233,LogNormal,Weibull,TruncGMM(K=2),TruncGMM(K=4),20
OSL_S_KT17,Weekend,15,0,2,0.0,LogNormal,Weibull,TruncGMM(K=2),TruncGMM(K=4),20
OSL_S_KT17,Weekend,16,0,2,0.0,LogNormal,Weibull,TruncGMM(K=2),TruncGMM(K=4),20
OSL_S_KT17,Weekend,17,0,2,0.0,LogNormal,Weibull,TruncGMM(K=2),TruncGMM(K=4),20
OSL_S_KT17,Weekend,18,0,2,0.0,LogNormal,Weibull,TruncGMM(K=2),TruncGMM(K=4),20
OSL_S_KT17,Weekend,19,0,2,0.0,LogNormal,Weibull,TruncGMM(K=2),TruncGMM(K=4),20
OSL_S_KT17,Weekend,20,1,2,0.0233,LogNormal,Weibull,TruncGMM(K=2),TruncGMM(K=4),20
OSL_S_KT17,Weekend,21,3,2,0.0698,LogNormal,Weibull,TruncGMM(K=2),TruncGMM(K=4),20
OSL_S_KT17,Weekend,22,4,2,0.093,LogNormal,Weibull,TruncGMM(K=2),TruncGMM(K=4),20
OSL_S_KT17,Weekend,23,18,1,0.4186,TruncGMM(K=2),LogNormal,TruncGMM(K=2),Weibull,18
OSL_S_KT17,Weekend,24,13,2,0.3023,LogNormal,Weibull,TruncGMM(K=2),TruncGMM(K=4),13
TRO_R_AsO4-2,Weekend,1,0,2,0.0,TruncGMM(K=2),Exponential,LogNormal,Weibull,20
TRO_R_AsO4-2,Weekend,2,0,2,0.0,TruncGMM(K=2),Exponential,LogNormal,Weibull,20
TRO_R_AsO4-2,Weekend,3,0,2,0.0,TruncGMM(K=2),Exponential,LogNormal,Weibull,20
TRO_R_AsO4-2,Weekend,4,0,2,0.0,TruncGMM(K=2),Exponential,LogNormal,Weibull,20
TRO_R_AsO4-2,Weekend,5,0,2,0.0,TruncGMM(K=2),Exponential,LogNormal,Weibull,20
TRO_R_AsO4-2,Weekend,6,0,2,0.0,TruncGMM(K=2),Exponential,LogNormal,Weibull,20
TRO_R_AsO4-2,Weekend,7,0,2,0.0,TruncGMM(K=2),Exponential,LogNormal,Weibull,20
TRO_R_AsO4-2,Weekend,8,0,2,0.0,TruncGMM(K=2),Exponential,LogNormal,Weibull,20
TRO_R_AsO4-2,Weekend,9,0,2,0.0,TruncGMM(K=2),Exponential,LogNormal,Weibull,20
TRO_R_AsO4-2,Weekend,10,1,2,0.0556,TruncGMM(K=2),Exponential,LogNormal,Weibull,20
TRO_R_AsO4-2,Weekend,11,0,2,0.0,TruncGMM(K=2),Exponential,LogNormal,Weibull,20
TRO_R_AsO4-2,Weekend,12,0,2,0.0,TruncGMM(K=2),Exponential,LogNormal,Weibull,20
TRO_R_AsO4-2,Weekend,13,2,2,0.1111,TruncGMM(K=2),Exponential,LogNormal,Weibull,20
TRO_R_AsO4-2,Weekend,14,1,2,0.0556,TruncGMM(K=2),Exponential,LogNormal,Weibull,20
TRO_R_AsO4-2,Weekend,15,3,2,0.1667,TruncGMM(K=2),Exponential,LogNormal,Weibull,20
TRO_R_AsO4-2,Weekend,16,1,2,0.0556,TruncGMM(K=2),Exponential,LogNormal,Weibull,20
TRO_R_AsO4-2,Weekend,17,1,2,0.0556,TruncGMM(K=2),Exponential,LogNormal,Weibull,20
TRO_R_AsO4-2,Weekend,18,3,2,0.1667,TruncGMM(K=2),Exponential,LogNormal,Weibull,20
TRO_R_AsO4-2,Weekend,19,3,2,0.1667,TruncGMM(K=2),Exponential,LogNormal,Weibull,20
TRO_R_AsO4-2,Weekend,20,1,2,0.0556,TruncGMM(K=2),Exponential,LogNormal,Weibull,20
TRO_R_AsO4-2,Weekend,21,2,2,0.1111,TruncGMM(K=2),Exponential,LogNormal,Weibull,20
TRO_R_AsO4-2,Weekend,22,0,2,0.0,TruncGMM(K=2),Exponential,LogNormal,Weibull,20
TRO_R_AsO4-2,Weekend,23,0,2,0.0,TruncGMM(K=2),Exponential,LogNormal,Weibull,20
TRO_R_AsO4-2,Weekend,24,0,2,0.0,TruncGMM(K=2),Exponential,LogNormal,Weibull,20
OSL_S_KT45,Weekend,1,18,1,0.1084,TruncGMM(K=3),Weibull,TruncGMM(K=1),TruncGMM(K=2),18
OSL_S_KT45,Weekend,2,7,2,0.0422,TruncGMM(K=3),LogNormal,TruncGMM(K=2),TruncGMM(K=2),7
OSL_S_KT45,Weekend,3,12,2,0.0723,TruncGMM(K=3),LogNormal,TruncGMM(K=2),TruncGMM(K=2),12
OSL_S_KT45,Weekend,4,12,2,0.0723,TruncGMM(K=3),LogNormal,TruncGMM(K=2),TruncGMM(K=2),12
OSL_S_KT45,Weekend,5,4,2,0.0241,TruncGMM(K=3),LogNormal,TruncGMM(K=2),TruncGMM(K=2),20
OSL_S_KT45,Weekend,6,2,2,0.012,TruncGMM(K=3),LogNormal,TruncGMM(K=2),TruncGMM(K=2),20
OSL_S_KT45,Weekend,7,1,2,0.006,TruncGMM(K=3),LogNormal,TruncGMM(K=2),TruncGMM(K=2),20
OSL_S_KT45,Weekend,8,2,2,0.012,TruncGMM(K=3),LogNormal,TruncGMM(K=2),TruncGMM(K=2),20
OSL_S_KT45,Weekend,9,4,2,0.0241,TruncGMM(K=3),LogNormal,TruncGMM(K=2),TruncGMM(K=2),20
OSL_S_KT45,Weekend,10,1,2,0.006,TruncGMM(K=3),LogNormal,TruncGMM(K=2),TruncGMM(K=2),20
OSL_S_KT45,Weekend,11,2,2,0.012,TruncGMM(K=3),LogNormal,TruncGMM(K=2),TruncGMM(K=2),20
OSL_S_KT45,Weekend,12,3,2,0.0181,TruncGMM(K=3),LogNormal,TruncGMM(K=2),TruncGMM(K=2),20
OSL_S_KT45,Weekend,13,3,2,0.0181,TruncGMM(K=3),LogNormal,TruncGMM(K=2),TruncGMM(K=2),20
OSL_S_KT45,Weekend,14,6,2,0.0361,TruncGMM(K=3),LogNormal,TruncGMM(K=2),TruncGMM(K=2),6
OSL_S_KT45,Weekend,15,2,2,0.012,TruncGMM(K=3),LogNormal,TruncGMM(K=2),TruncGMM(K=2),20
OSL_S_KT45,Weekend,16,4,2,0.0241,TruncGMM(K=3),LogNormal,TruncGMM(K=2),TruncGMM(K=2),20
OSL_S_KT45,Weekend,17,12,2,0.0723,TruncGMM(K=3),LogNormal,TruncGMM(K=2),TruncGMM(K=2),12
OSL_S_KT45,Weekend,18,8,2,0.0482,TruncGMM(K=3),LogNormal,TruncGMM(K=2),TruncGMM(K=2),8
OSL_S_KT45,Weekend,19,16,1,0.0964,TruncGMM(K=3),Exponential,TruncGMM(K=2),TruncGMM(K=3),16
OSL_S_KT45,Weekend,20,12,2,0.0723,TruncGMM(K=3),LogNormal,TruncGMM(K=2),TruncGMM(K=2),12
OSL_S_KT45,Weekend,21,7,2,0.0422,TruncGMM(K=3),LogNormal,TruncGMM(K=2),TruncGMM(K=2),7
OSL_S_KT45,Weekend,22,7,2,0.0422,TruncGMM(K=3),LogNormal,TruncGMM(K=2),TruncGMM(K=2),7
OSL_S_KT45,Weekend,23,12,2,0.0723,TruncGMM(K=3),LogNormal,TruncGMM(K=2),TruncGMM(K=2),12
OSL_S_KT45,Weekend,24,9,2,0.0542,TruncGMM(K=3),LogNormal,TruncGMM(K=2),TruncGMM(K=2),9
KR_U199,Weekday,1,0,2,0.0,TruncGMM(K=2),TruncGMM(K=2),TruncGMM(K=1),Weibull,20
KR_U199,Weekday,2,0,2,0.0,TruncGMM(K=2),TruncGMM(K=2),TruncGMM(K=1),Weibull,20
KR_U199,Weekday,3,0,2,0.0,TruncGMM(K=2),TruncGMM(K=2),TruncGMM(K=1),Weibull,20
KR_U199,Weekday,4,0,2,0.0,TruncGMM(K=2),TruncGMM(K=2),TruncGMM(K=1),Weibull,20
KR_U199,Weekday,5,0,2,0.0,TruncGMM(K=2),TruncGMM(K=2),TruncGMM(K=1),Weibull,20
KR_U199,Weekday,6,0,2,0.0,TruncGMM(K=2),TruncGMM(K=2),TruncGMM(K=1),Weibull,20
KR_U199,Weekday,7,0,2,0.0,TruncGMM(K=2),TruncGMM(K=2),TruncGMM(K=1),Weibull,20
KR_U199,Weekday,8,0,2,0.0,TruncGMM(K=2),TruncGMM(K=2),TruncGMM(K=1),Weibull,20
KR_U199,Weekday,9,0,2,0.0,TruncGMM(K=2),TruncGMM(K=2),TruncGMM(K=1),Weibull,20
KR_U199,Weekday,10,2,2,0.0299,TruncGMM(K=2),TruncGMM(K=2),TruncGMM(K=1),Weibull,20
KR_U199,Weekday,11,0,2,0.0,TruncGMM(K=2),TruncGMM(K=2),TruncGMM(K=1),Weibull,20
KR_U199,Weekday,12,0,2,0.0,TruncGMM(K=2),TruncGMM(K=2),TruncGMM(K=1),Weibull,20
KR_U199,Weekday,13,0,2,0.0,TruncGMM(K=2),TruncGMM(K=2),TruncGMM(K=1),Weibull,20
KR_U199,Weekday,14,0,2,0.0,TruncGMM(K=2),TruncGMM(K=2),TruncGMM(K=1),Weibull,20
KR_U199,Weekday,15,3,2,0.0448,TruncGMM(K=2),TruncGMM(K=2),TruncGMM(K=1),Weibull,20
KR_U199,Weekday,16,0,2,0.0,TruncGMM(K=2),TruncGMM(K=2),TruncGMM(K=1),Weibull,20
KR_U199,Weekday,17,3,2,0.0448,TruncGMM(K=2),TruncGMM(K=2),TruncGMM(K=1),Weibull,20
KR_U199,Weekday,18,10,2,0.1492,TruncGMM(K=2),TruncGMM(K=2),TruncGMM(K=1),Weibull,10
KR_U199,Weekday,19,11,2,0.1642,TruncGMM(K=2),TruncGMM(K=2),TruncGMM(K=1),Weibull,11
KR_U199,Weekday,20,8,2,0.1194,TruncGMM(K=2),TruncGMM(K=2),TruncGMM(K=1),Weibull,8
KR_U199,Weekday,21,14,2,0.2089,TruncGMM(K=2),TruncGMM(K=2),TruncGMM(K=1),Weibull,14
KR_U199,Weekday,22,12,2,0.1791,TruncGMM(K=2),TruncGMM(K=2),TruncGMM(K=1),Weibull,12
KR_U199,Weekday,23,3,2,0.0448,TruncGMM(K=2),TruncGMM(K=2),TruncGMM(K=1),Weibull,20
KR_U199,Weekday,24,1,2,0.0149,TruncGMM(K=2),TruncGMM(K=2),TruncGMM(K=1),Weibull,20
ASK_Plass89,Weekend,1,1,2,0.0106,TruncGMM(K=3),Weibull,Weibull,TruncGMM(K=3),20
ASK_Plass89,Weekend,2,1,2,0.0106,TruncGMM(K=3),Weibull,Weibull,TruncGMM(K=3),20
ASK_Plass89,Weekend,3,0,2,0.0,TruncGMM(K=3),Weibull,Weibull,TruncGMM(K=3),20
ASK_Plass89,Weekend,4,0,2,0.0,TruncGMM(K=3),Weibull,Weibull,TruncGMM(K=3),20
ASK_Plass89,Weekend,5,0,2,0.0,TruncGMM(K=3),Weibull,Weibull,TruncGMM(K=3),20
ASK_Plass89,Weekend,6,0,2,0.0,TruncGMM(K=3),Weibull,Weibull,TruncGMM(K=3),20
ASK_Plass89,Weekend,7,0,2,0.0,TruncGMM(K=3),Weibull,Weibull,TruncGMM(K=3),20
ASK_Plass89,Weekend,8,0,2,0.0,TruncGMM(K=3),Weibull,Weibull,TruncGMM(K=3),20
ASK_Plass89,Weekend,9,1,2,0.0106,TruncGMM(K=3),Weibull,Weibull,TruncGMM(K=3),20
ASK_Plass89,Weekend,10,8,2,0.0851,TruncGMM(K=3),Weibull,Weibull,TruncGMM(K=3),8
ASK_Plass89,Weekend,11,4,2,0.0426,TruncGMM(K=3),Weibull,Weibull,TruncGMM(K=3),20
ASK_Plass89,Weekend,12,8,2,0.0851,TruncGMM(K=3),Weibull,Weibull,TruncGMM(K=3),8
ASK_Plass89,Weekend,13,3,2,0.0319,TruncGMM(K=3),Weibull,Weibull,TruncGMM(K=3),20
ASK_Plass89,Weekend,14,1,2,0.0106,TruncGMM(K=3),Weibull,Weibull,TruncGMM(K=3),20
ASK_Plass89,Weekend,15,4,2,0.0426,TruncGMM(K=3),Weibull,Weibull,TruncGMM(K=3),20
ASK_Plass89,Weekend,16,8,2,0.0851,TruncGMM(K=3),Weibull,Weibull,TruncGMM(K=3),8
ASK_Plass89,Weekend,17,10,2,0.1064,TruncGMM(K=3),Weibull,Weibull,TruncGMM(K=3),10
ASK_Plass89,Weekend,18,6,2,0.0638,TruncGMM(K=3),Weibull,Weibull,TruncGMM(K=3),6
ASK_Plass89,Weekend,19,14,2,0.1489,TruncGMM(K=3),Weibull,Weibull,TruncGMM(K=3),14
ASK_Plass89,Weekend,20,11,2,0.117,TruncGMM(K=3),Weibull,Weibull,TruncGMM(K=3),11
ASK_Plass89,Weekend,21,7,2,0.0745,TruncGMM(K=3),Weibull,Weibull,TruncGMM(K=3),7
ASK_Plass89,Weekend,22,5,2,0.0532,TruncGMM(K=3),Weibull,Weibull,TruncGMM(K=3),5
ASK_Plass89,Weekend,23,2,2,0.0213,TruncGMM(K=3),Weibull,Weibull,TruncGMM(K=3),20
ASK_Plass89,Weekend,24,0,2,0.0,TruncGMM(K=3),Weibull,Weibull,TruncGMM(K=3),20
OSL_S_KT140,Weekday,1,0,2,0.0,TruncGMM(K=3),Exponential,TruncGMM(K=3),TruncGMM(K=2),20
OSL_S_KT140,Weekday,2,0,2,0.0,TruncGMM(K=3),Exponential,TruncGMM(K=3),TruncGMM(K=2),20
OSL_S_KT140,Weekday,3,0,2,0.0,TruncGMM(K=3),Exponential,TruncGMM(K=3),TruncGMM(K=2),20
OSL_S_KT140,Weekday,4,0,2,0.0,TruncGMM(K=3),Exponential,TruncGMM(K=3),TruncGMM(K=2),20
OSL_S_KT140,Weekday,5,0,2,0.0,TruncGMM(K=3),Exponential,TruncGMM(K=3),TruncGMM(K=2),20
OSL_S_KT140,Weekday,6,0,2,0.0,TruncGMM(K=3),Exponential,TruncGMM(K=3),TruncGMM(K=2),20
OSL_S_KT140,Weekday,7,1,2,0.0078,TruncGMM(K=3),Exponential,TruncGMM(K=3),TruncGMM(K=2),20
OSL_S_KT140,Weekday,8,4,2,0.031,TruncGMM(K=3),Exponential,TruncGMM(K=3),TruncGMM(K=2),20
OSL_S_KT140,Weekday,9,1,2,0.0078,TruncGMM(K=3),Exponential,TruncGMM(K=3),TruncGMM(K=2),20
OSL_S_KT140,Weekday,10,6,2,0.0465,TruncGMM(K=3),Exponential,TruncGMM(K=3),TruncGMM(K=2),6
OSL_S_KT140,Weekday,11,3,2,0.0233,TruncGMM(K=3),Exponential,TruncGMM(K=3),TruncGMM(K=2),20
OSL_S_KT140,Weekday,12,6,2,0.0465,TruncGMM(K=3),Exponential,TruncGMM(K=3),TruncGMM(K=2),6
OSL_S_KT140,Weekday,13,5,2,0.0388,TruncGMM(K=3),Exponential,TruncGMM(K=3),TruncGMM(K=2),5
OSL_S_KT140,Weekday,14,3,2,0.0233,TruncGMM(K=3),Exponential,TruncGMM(K=3),TruncGMM(K=2),20
OSL_S_KT140,Weekday,15,1,2,0.0078,TruncGMM(K=3),Exponential,TruncGMM(K=3),TruncGMM(K=2),20
OSL_S_KT140,Weekday,16,3,2,0.0233,TruncGMM(K=3),Exponential,TruncGMM(K=3),TruncGMM(K=2),20
OSL_S_KT140,Weekday,17,12,2,0.093,TruncGMM(K=3),Exponential,TruncGMM(K=3),TruncGMM(K=2),12
OSL_S_KT140,Weekday,18,25,1,0.1938,Exponential,Exponential,TruncGMM(K=3),TruncGMM(K=2),25
OSL_S_KT140,Weekday,19,15,1,0.1163,Exponential,Exponential,TruncGMM(K=1),TruncGMM(K=1),15
OSL_S_KT140,Weekday,20,15,1,0.1163,Exponential,Exponential,TruncGMM(K=3),TruncGMM(K=2),15
OSL_S_KT140,Weekday,21,18,1,0.1395,Exponential,Exponential,Weibull,LogNormal,18
OSL_S_KT140,Weekday,22,6,2,0.0465,TruncGMM(K=3),Exponential,TruncGMM(K=3),TruncGMM(K=2),6
OSL_S_KT140,Weekday,23,3,2,0.0233,TruncGMM(K=3),Exponential,TruncGMM(K=3),TruncGMM(K=2),20
OSL_S_KT140,Weekday,24,2,2,0.0155,TruncGMM(K=3),Exponential,TruncGMM(K=3),TruncGMM(K=2),20
PS_1642,Weekday,1,0,2,0.0,LogNormal,TruncGMM(K=4),TruncGMM(K=3),TruncGMM(K=4),20
PS_1642,Weekday,2,1,2,0.0037,LogNormal,TruncGMM(K=4),TruncGMM(K=3),TruncGMM(K=4),20
PS_1642,Weekday,3,0,2,0.0,LogNormal,TruncGMM(K=4),TruncGMM(K=3),TruncGMM(K=4),20
PS_1642,Weekday,4,0,2,0.0,LogNormal,TruncGMM(K=4),TruncGMM(K=3),TruncGMM(K=4),20
PS_1642,Weekday,5,2,2,0.0075,LogNormal,TruncGMM(K=4),TruncGMM(K=3),TruncGMM(K=4),20
PS_1642,Weekday,6,1,2,0.0037,LogNormal,TruncGMM(K=4),TruncGMM(K=3),TruncGMM(K=4),20
PS_1642,Weekday,7,8,2,0.0299,LogNormal,TruncGMM(K=4),TruncGMM(K=3),TruncGMM(K=4),8
PS_1642,Weekday,8,23,1,0.0858,TruncGMM(K=3),LogNormal,LogNormal,TruncGMM(K=2),23
PS_1642,Weekday,9,5,2,0.0187,LogNormal,TruncGMM(K=4),TruncGMM(K=3),TruncGMM(K=4),5
PS_1642,Weekday,10,5,2,0.0187,LogNormal,TruncGMM(K=4),TruncGMM(K=3),TruncGMM(K=4),5
PS_1642,Weekday,11,4,2,0.0149,LogNormal,TruncGMM(K=4),TruncGMM(K=3),TruncGMM(K=4),20
PS_1642,Weekday,12,7,2,0.0261,LogNormal,TruncGMM(K=4),TruncGMM(K=3),TruncGMM(K=4),7
PS_1642,Weekday,13,6,2,0.0224,LogNormal,TruncGMM(K=4),TruncGMM(K=3),TruncGMM(K=4),6
PS_1642,Weekday,14,13,2,0.0485,LogNormal,TruncGMM(K=4),TruncGMM(K=3),TruncGMM(K=4),13
PS_1642,Weekday,15,6,2,0.0224,LogNormal,TruncGMM(K=4),TruncGMM(K=3),TruncGMM(K=4),6
PS_1642,Weekday,16,22,1,0.0821,Exponential,TruncGMM(K=1),LogNormal,TruncGMM(K=1),22
PS_1642,Weekday,17,51,1,0.1903,TruncGMM(K=2),LogNormal,LogNormal,Weibull,51
PS_1642,Weekday,18,50,1,0.1866,TruncGMM(K=2),TruncGMM(K=2),TruncGMM(K=2),TruncGMM(K=2),50
PS_1642,Weekday,19,10,2,0.0373,LogNormal,TruncGMM(K=4),TruncGMM(K=3),TruncGMM(K=4),10
PS_1642,Weekday,20,7,2,0.0261,LogNormal,TruncGMM(K=4),TruncGMM(K=3),TruncGMM(K=4),7
PS_1642,Weekday,21,22,1,0.0821,LogNormal,LogNormal,LogNormal,TruncGMM(K=1),22
PS_1642,Weekday,22,16,1,0.0597,LogNormal,LogNormal,Weibull,TruncGMM(K=1),16
PS_1642,Weekday,23,6,2,0.0224,LogNormal,TruncGMM(K=4),TruncGMM(K=3),TruncGMM(K=4),6
PS_1642,Weekday,24,3,2,0.0112,LogNormal,TruncGMM(K=4),TruncGMM(K=3),TruncGMM(K=4),20
ASK_Plass33,Weekday,1,1,2,0.0051,TruncGMM(K=3),Exponential,TruncGMM(K=1),TruncGMM(K=4),20
ASK_Plass33,Weekday,2,0,2,0.0,TruncGMM(K=3),Exponential,TruncGMM(K=1),TruncGMM(K=4),20
ASK_Plass33,Weekday,3,0,2,0.0,TruncGMM(K=3),Exponential,TruncGMM(K=1),TruncGMM(K=4),20
ASK_Plass33,Weekday,4,0,2,0.0,TruncGMM(K=3),Exponential,TruncGMM(K=1),TruncGMM(K=4),20
ASK_Plass33,Weekday,5,0,2,0.0,TruncGMM(K=3),Exponential,TruncGMM(K=1),TruncGMM(K=4),20
ASK_Plass33,Weekday,6,0,2,0.0,TruncGMM(K=3),Exponential,TruncGMM(K=1),TruncGMM(K=4),20
ASK_Plass33,Weekday,7,0,2,0.0,TruncGMM(K=3),Exponential,TruncGMM(K=1),TruncGMM(K=4),20
ASK_Plass33,Weekday,8,1,2,0.0051,TruncGMM(K=3),Exponential,TruncGMM(K=1),TruncGMM(K=4),20
ASK_Plass33,Weekday,9,1,2,0.0051,TruncGMM(K=3),Exponential,TruncGMM(K=1),TruncGMM(K=4),20
ASK_Plass33,Weekday,10,1,2,0.0051,TruncGMM(K=3),Exponential,TruncGMM(K=1),TruncGMM(K=4),20
ASK_Plass33,Weekday,11,1,2,0.0051,TruncGMM(K=3),Exponential,TruncGMM(K=1),TruncGMM(K=4),20
ASK_Plass33,Weekday,12,3,2,0.0153,TruncGMM(K=3),Exponential,TruncGMM(K=1),TruncGMM(K=4),20
ASK_Plass33,Weekday,13,4,2,0.0204,TruncGMM(K=3),Exponential,TruncGMM(K=1),TruncGMM(K=4),20
ASK_Plass33,Weekday,14,4,2,0.0204,TruncGMM(K=3),Exponential,TruncGMM(K=1),TruncGMM(K=4),20
ASK_Plass33,Weekday,15,13,2,0.0663,TruncGMM(K=3),Exponential,TruncGMM(K=1),TruncGMM(K=4),13
ASK_Plass33,Weekday,16,28,1,0.1429,LogNormal,Exponential,LogNormal,TruncGMM(K=2),28
ASK_Plass33,Weekday,17,11,2,0.0561,TruncGMM(K=3),Exponential,TruncGMM(K=1),TruncGMM(K=4),11
ASK_Plass33,Weekday,18,15,1,0.0765,TruncGMM(K=1),TruncGMM(K=1),TruncGMM(K=3),Weibull,15
ASK_Plass33,Weekday,19,21,1,0.1071,TruncGMM(K=3),Exponential,TruncGMM(K=1),TruncGMM(K=2),21
ASK_Plass33,Weekday,20,23,1,0.1173,TruncGMM(K=1),Exponential,TruncGMM(K=1),TruncGMM(K=2),23
ASK_Plass33,Weekday,21,18,1,0.0918,TruncGMM(K=1),Exponential,Weibull,LogNormal,18
ASK_Plass33,Weekday,22,21,1,0.1071,LogNormal,LogNormal,TruncGMM(K=2),TruncGMM(K=2),21
ASK_Plass33,Weekday,23,27,1,0.1378,TruncGMM(K=1),Weibull,TruncGMM(K=1),TruncGMM(K=3),27
ASK_Plass33,Weekday,24,3,2,0.0153,TruncGMM(K=3),Exponential,TruncGMM(K=1),TruncGMM(K=4),20
KR_U1225,Weekday,1,0,2,0.0,LogNormal,TruncGMM(K=5),TruncGMM(K=1),TruncGMM(K=2),20
KR_U1225,Weekday,2,0,2,0.0,LogNormal,TruncGMM(K=5),TruncGMM(K=1),TruncGMM(K=2),20
KR_U1225,Weekday,3,0,2,0.0,LogNormal,TruncGMM(K=5),TruncGMM(K=1),TruncGMM(K=2),20
KR_U1225,Weekday,4,0,2,0.0,LogNormal,TruncGMM(K=5),TruncGMM(K=1),TruncGMM(K=2),20
KR_U1225,Weekday,5,0,2,0.0,LogNormal,TruncGMM(K=5),TruncGMM(K=1),TruncGMM(K=2),20
KR_U1225,Weekday,6,0,2,0.0,LogNormal,TruncGMM(K=5),TruncGMM(K=1),TruncGMM(K=2),20
KR_U1225,Weekday,7,0,2,0.0,LogNormal,TruncGMM(K=5),TruncGMM(K=1),TruncGMM(K=2),20
KR_U1225,Weekday,8,0,2,0.0,LogNormal,TruncGMM(K=5),TruncGMM(K=1),TruncGMM(K=2),20
KR_U1225,Weekday,9,0,2,0.0,LogNormal,TruncGMM(K=5),TruncGMM(K=1),TruncGMM(K=2),20
KR_U1225,Weekday,10,1,2,0.0094,LogNormal,TruncGMM(K=5),TruncGMM(K=1),TruncGMM(K=2),20
KR_U1225,Weekday,11,0,2,0.0,LogNormal,TruncGMM(K=5),TruncGMM(K=1),TruncGMM(K=2),20
KR_U1225,Weekday,12,0,2,0.0,LogNormal,TruncGMM(K=5),TruncGMM(K=1),TruncGMM(K=2),20
KR_U1225,Weekday,13,0,2,0.0,LogNormal,TruncGMM(K=5),TruncGMM(K=1),TruncGMM(K=2),20
KR_U1225,Weekday,14,1,2,0.0094,LogNormal,TruncGMM(K=5),TruncGMM(K=1),TruncGMM(K=2),20
KR_U1225,Weekday,15,1,2,0.0094,LogNormal,TruncGMM(K=5),TruncGMM(K=1),TruncGMM(K=2),20
KR_U1225,Weekday,16,0,2,0.0,LogNormal,TruncGMM(K=5),TruncGMM(K=1),TruncGMM(K=2),20
KR_U1225,Weekday,17,1,2,0.0094,LogNormal,TruncGMM(K=5),TruncGMM(K=1),TruncGMM(K=2),20
KR_U1225,Weekday,18,83,1,0.783,TruncGMM(K=2),TruncGMM(K=5),Weibull,LogNormal,83
KR_U1225,Weekday,19,18,1,0.1698,LogNormal,TruncGMM(K=3),LogNormal,LogNormal,18
KR_U1225,Weekday,20,1,2,0.0094,LogNormal,TruncGMM(K=5),TruncGMM(K=1),TruncGMM(K=2),20
KR_U1225,Weekday,21,0,2,0.0,LogNormal,TruncGMM(K=5),TruncGMM(K=1),TruncGMM(K=2),20
KR_U1225,Weekday,22,0,2,0.0,LogNormal,TruncGMM(K=5),TruncGMM(K=1),TruncGMM(K=2),20
KR_U1225,Weekday,23,0,2,0.0,LogNormal,TruncGMM(K=5),TruncGMM(K=1),TruncGMM(K=2),20
KR_U1225,Weekday,24,0,2,0.0,LogNormal,TruncGMM(K=5),TruncGMM(K=1),TruncGMM(K=2),20
KR_U236,Weekend,1,1,2,0.0385,TruncGMM(K=1),Exponential,TruncGMM(K=1),TruncGMM(K=4),20
KR_U236,Weekend,2,1,2,0.0385,TruncGMM(K=1),Exponential,TruncGMM(K=1),TruncGMM(K=4),20
KR_U236,Weekend,3,0,2,0.0,TruncGMM(K=1),Exponential,TruncGMM(K=1),TruncGMM(K=4),20
KR_U236,Weekend,4,0,2,0.0,TruncGMM(K=1),Exponential,TruncGMM(K=1),TruncGMM(K=4),20
KR_U236,Weekend,5,0,2,0.0,TruncGMM(K=1),Exponential,TruncGMM(K=1),TruncGMM(K=4),20
KR_U236,Weekend,6,0,2,0.0,TruncGMM(K=1),Exponential,TruncGMM(K=1),TruncGMM(K=4),20
KR_U236,Weekend,7,0,2,0.0,TruncGMM(K=1),Exponential,TruncGMM(K=1),TruncGMM(K=4),20
KR_U236,Weekend,8,0,2,0.0,TruncGMM(K=1),Exponential,TruncGMM(K=1),TruncGMM(K=4),20
KR_U236,Weekend,9,0,2,0.0,TruncGMM(K=1),Exponential,TruncGMM(K=1),TruncGMM(K=4),20
KR_U236,Weekend,10,2,2,0.0769,TruncGMM(K=1),Exponential,TruncGMM(K=1),TruncGMM(K=4),20
KR_U236,Weekend,11,1,2,0.0385,TruncGMM(K=1),Exponential,TruncGMM(K=1),TruncGMM(K=4),20
KR_U236,Weekend,12,0,2,0.0,TruncGMM(K=1),Exponential,TruncGMM(K=1),TruncGMM(K=4),20
KR_U236,Weekend,13,0,2,0.0,TruncGMM(K=1),Exponential,TruncGMM(K=1),TruncGMM(K=4),20
KR_U236,Weekend,14,0,2,0.0,TruncGMM(K=1),Exponential,TruncGMM(K=1),TruncGMM(K=4),20
KR_U236,Weekend,15,1,2,0.0385,TruncGMM(K=1),Exponential,TruncGMM(K=1),TruncGMM(K=4),20
KR_U236,Weekend,16,3,2,0.1154,TruncGMM(K=1),Exponential,TruncGMM(K=1),TruncGMM(K=4),20
KR_U236,Weekend,17,3,2,0.1154,TruncGMM(K=1),Exponential,TruncGMM(K=1),TruncGMM(K=4),20
KR_U236,Weekend,18,0,2,0.0,TruncGMM(K=1),Exponential,TruncGMM(K=1),TruncGMM(K=4),20
KR_U236,Weekend,19,2,2,0.0769,TruncGMM(K=1),Exponential,TruncGMM(K=1),TruncGMM(K=4),20
KR_U236,Weekend,20,2,2,0.0769,TruncGMM(K=1),Exponential,TruncGMM(K=1),TruncGMM(K=4),20
KR_U236,Weekend,21,4,2,0.1538,TruncGMM(K=1),Exponential,TruncGMM(K=1),TruncGMM(K=4),20
KR_U236,Weekend,22,6,2,0.2308,TruncGMM(K=1),Exponential,TruncGMM(K=1),TruncGMM(K=4),6
KR_U236,Weekend,23,0,2,0.0,TruncGMM(K=1),Exponential,TruncGMM(K=1),TruncGMM(K=4),20
KR_U236,Weekend,24,0,2,0.0,TruncGMM(K=1),Exponential,TruncGMM(K=1),TruncGMM(K=4),20
OSL_S_KT140,Weekend,1,0,2,0.0,Exponential,Exponential,TruncGMM(K=1),TruncGMM(K=1),20
OSL_S_KT140,Weekend,2,0,2,0.0,Exponential,Exponential,TruncGMM(K=1),TruncGMM(K=1),20
OSL_S_KT140,Weekend,3,0,2,0.0,Exponential,Exponential,TruncGMM(K=1),TruncGMM(K=1),20
OSL_S_KT140,Weekend,4,0,2,0.0,Exponential,Exponential,TruncGMM(K=1),TruncGMM(K=1),20
OSL_S_KT140,Weekend,5,0,2,0.0,Exponential,Exponential,TruncGMM(K=1),TruncGMM(K=1),20
OSL_S_KT140,Weekend,6,0,2,0.0,Exponential,Exponential,TruncGMM(K=1),TruncGMM(K=1),20
OSL_S_KT140,Weekend,7,0,2,0.0,Exponential,Exponential,TruncGMM(K=1),TruncGMM(K=1),20
OSL_S_KT140,Weekend,8,2,2,0.0345,Exponential,Exponential,TruncGMM(K=1),TruncGMM(K=1),20
OSL_S_KT140,Weekend,9,4,2,0.069,Exponential,Exponential,TruncGMM(K=1),TruncGMM(K=1),20
OSL_S_KT140,Weekend,10,2,2,0.0345,Exponential,Exponential,TruncGMM(K=1),TruncGMM(K=1),20
OSL_S_KT140,Weekend,11,3,2,0.0517,Exponential,Exponential,TruncGMM(K=1),TruncGMM(K=1),20
OSL_S_KT140,Weekend,12,4,2,0.069,Exponential,Exponential,TruncGMM(K=1),TruncGMM(K=1),20
OSL_S_KT140,Weekend,13,8,2,0.1379,Exponential,Exponential,TruncGMM(K=1),TruncGMM(K=1),8
OSL_S_KT140,Weekend,14,6,2,0.1034,Exponential,Exponential,TruncGMM(K=1),TruncGMM(K=1),6
OSL_S_KT140,Weekend,15,5,2,0.0862,Exponential,Exponential,TruncGMM(K=1),TruncGMM(K=1),5
OSL_S_KT140,Weekend,16,2,2,0.0345,Exponential,Exponential,TruncGMM(K=1),TruncGMM(K=1),20
OSL_S_KT140,Weekend,17,3,2,0.0517,Exponential,Exponential,TruncGMM(K=1),TruncGMM(K=1),20
OSL_S_KT140,Weekend,18,3,2,0.0517,Exponential,Exponential,TruncGMM(K=1),TruncGMM(K=1),20
OSL_S_KT140,Weekend,19,1,2,0.0172,Exponential,Exponential,TruncGMM(K=1),TruncGMM(K=1),20
OSL_S_KT140,Weekend,20,4,2,0.069,Exponential,Exponential,TruncGMM(K=1),TruncGMM(K=1),20
OSL_S_KT140,Weekend,21,4,2,0.069,Exponential,Exponential,TruncGMM(K=1),TruncGMM(K=1),20
OSL_S_KT140,Weekend,22,4,2,0.069,Exponential,Exponential,TruncGMM(K=1),TruncGMM(K=1),20
OSL_S_KT140,Weekend,23,1,2,0.0172,Exponential,Exponential,TruncGMM(K=1),TruncGMM(K=1),20
OSL_S_KT140,Weekend,24,2,2,0.0345,Exponential,Exponential,TruncGMM(K=1),TruncGMM(K=1),20
KR_U42,Weekday,1,0,2,0.0,Weibull,TruncGMM(K=4),TruncGMM(K=1),TruncGMM(K=1),20
KR_U42,Weekday,2,0,2,0.0,Weibull,TruncGMM(K=4),TruncGMM(K=1),TruncGMM(K=1),20
KR_U42,Weekday,3,0,2,0.0,Weibull,TruncGMM(K=4),TruncGMM(K=1),TruncGMM(K=1),20
KR_U42,Weekday,4,0,2,0.0,Weibull,TruncGMM(K=4),TruncGMM(K=1),TruncGMM(K=1),20
KR_U42,Weekday,5,0,2,0.0,Weibull,TruncGMM(K=4),TruncGMM(K=1),TruncGMM(K=1),20
KR_U42,Weekday,6,0,2,0.0,Weibull,TruncGMM(K=4),TruncGMM(K=1),TruncGMM(K=1),20
KR_U42,Weekday,7,0,2,0.0,Weibull,TruncGMM(K=4),TruncGMM(K=1),TruncGMM(K=1),20
KR_U42,Weekday,8,1,2,0.0208,Weibull,TruncGMM(K=4),TruncGMM(K=1),TruncGMM(K=1),20
KR_U42,Weekday,9,4,2,0.0833,Weibull,TruncGMM(K=4),TruncGMM(K=1),TruncGMM(K=1),20
KR_U42,Weekday,10,3,2,0.0625,Weibull,TruncGMM(K=4),TruncGMM(K=1),TruncGMM(K=1),20
KR_U42,Weekday,11,3,2,0.0625,Weibull,TruncGMM(K=4),TruncGMM(K=1),TruncGMM(K=1),20
KR_U42,Weekday,12,1,2,0.0208,Weibull,TruncGMM(K=4),TruncGMM(K=1),TruncGMM(K=1),20
KR_U42,Weekday,13,3,2,0.0625,Weibull,TruncGMM(K=4),TruncGMM(K=1),TruncGMM(K=1),20
KR_U42,Weekday,14,3,2,0.0625,Weibull,TruncGMM(K=4),TruncGMM(K=1),TruncGMM(K=1),20
KR_U42,Weekday,15,4,2,0.0833,Weibull,TruncGMM(K=4),TruncGMM(K=1),TruncGMM(K=1),20
KR_U42,Weekday,16,3,2,0.0625,Weibull,TruncGMM(K=4),TruncGMM(K=1),TruncGMM(K=1),20
KR_U42,Weekday,17,3,2,0.0625,Weibull,TruncGMM(K=4),TruncGMM(K=1),TruncGMM(K=1),20
KR_U42,Weekday,18,1,2,0.0208,Weibull,TruncGMM(K=4),TruncGMM(K=1),TruncGMM(K=1),20
KR_U42,Weekday,19,6,2,0.125,Weibull,TruncGMM(K=4),TruncGMM(K=1),TruncGMM(K=1),6
KR_U42,Weekday,20,2,2,0.0417,Weibull,TruncGMM(K=4),TruncGMM(K=1),TruncGMM(K=1),20
KR_U42,Weekday,21,3,2,0.0625,Weibull,TruncGMM(K=4),TruncGMM(K=1),TruncGMM(K=1),20
KR_U42,Weekday,22,5,2,0.1042,Weibull,TruncGMM(K=4),TruncGMM(K=1),TruncGMM(K=1),5
KR_U42,Weekday,23,3,2,0.0625,Weibull,TruncGMM(K=4),TruncGMM(K=1),TruncGMM(K=1),20
KR_U42,Weekday,24,0,2,0.0,Weibull,TruncGMM(K=4),TruncGMM(K=1),TruncGMM(K=1),20
TRO_R_Share-12,Weekday,1,0,2,0.0,TruncGMM(K=2),TruncGMM(K=1),TruncGMM(K=2),Weibull,20
TRO_R_Share-12,Weekday,2,0,2,0.0,TruncGMM(K=2),TruncGMM(K=1),TruncGMM(K=2),Weibull,20
TRO_R_Share-12,Weekday,3,0,2,0.0,TruncGMM(K=2),TruncGMM(K=1),TruncGMM(K=2),Weibull,20
TRO_R_Share-12,Weekday,4,0,2,0.0,TruncGMM(K=2),TruncGMM(K=1),TruncGMM(K=2),Weibull,20
TRO_R_Share-12,Weekday,5,0,2,0.0,TruncGMM(K=2),TruncGMM(K=1),TruncGMM(K=2),Weibull,20
TRO_R_Share-12,Weekday,6,0,2,0.0,TruncGMM(K=2),TruncGMM(K=1),TruncGMM(K=2),Weibull,20
TRO_R_Share-12,Weekday,7,0,2,0.0,TruncGMM(K=2),TruncGMM(K=1),TruncGMM(K=2),Weibull,20
TRO_R_Share-12,Weekday,8,0,2,0.0,TruncGMM(K=2),TruncGMM(K=1),TruncGMM(K=2),Weibull,20
TRO_R_Share-12,Weekday,9,0,2,0.0,TruncGMM(K=2),TruncGMM(K=1),TruncGMM(K=2),Weibull,20
TRO_R_Share-12,Weekday,10,0,2,0.0,TruncGMM(K=2),TruncGMM(K=1),TruncGMM(K=2),Weibull,20
TRO_R_Share-12,Weekday,11,2,2,0.022,TruncGMM(K=2),TruncGMM(K=1),TruncGMM(K=2),Weibull,20
TRO_R_Share-12,Weekday,12,2,2,0.022,TruncGMM(K=2),TruncGMM(K=1),TruncGMM(K=2),Weibull,20
TRO_R_Share-12,Weekday,13,4,2,0.044,TruncGMM(K=2),TruncGMM(K=1),TruncGMM(K=2),Weibull,20
TRO_R_Share-12,Weekday,14,1,2,0.011,TruncGMM(K=2),TruncGMM(K=1),TruncGMM(K=2),Weibull,20
TRO_R_Share-12,Weekday,15,9,2,0.0989,TruncGMM(K=2),TruncGMM(K=1),TruncGMM(K=2),Weibull,9
TRO_R_Share-12,Weekday,16,19,1,0.2088,Weibull,Exponential,Weibull,TruncGMM(K=2),19
TRO_R_Share-12,Weekday,17,5,2,0.0549,TruncGMM(K=2),TruncGMM(K=1),TruncGMM(K=2),Weibull,5
TRO_R_Share-12,Weekday,18,8,2,0.0879,TruncGMM(K=2),TruncGMM(K=1),TruncGMM(K=2),Weibull,8
TRO_R_Share-12,Weekday,19,9,2,0.0989,TruncGMM(K=2),TruncGMM(K=1),TruncGMM(K=2),Weibull,9
TRO_R_Share-12,Weekday,20,16,1,0.1758,TruncGMM(K=2),TruncGMM(K=2),TruncGMM(K=2),TruncGMM(K=2),16
TRO_R_Share-12,Weekday,21,10,2,0.1099,TruncGMM(K=2),TruncGMM(K=1),TruncGMM(K=2),Weibull,10
TRO_R_Share-12,Weekday,22,5,2,0.0549,TruncGMM(K=2),TruncGMM(K=1),TruncGMM(K=2),Weibull,5
TRO_R_Share-12,Weekday,23,0,2,0.0,TruncGMM(K=2),TruncGMM(K=1),TruncGMM(K=2),Weibull,20
TRO_R_Share-12,Weekday,24,1,2,0.011,TruncGMM(K=2),TruncGMM(K=1),TruncGMM(K=2),Weibull,20
BAR_2_Plass15,Weekday,1,1,2,0.0172,Exponential,Weibull,TruncGMM(K=3),TruncGMM(K=1),20
BAR_2_Plass15,Weekday,2,0,2,0.0,Exponential,Weibull,TruncGMM(K=3),TruncGMM(K=1),20
BAR_2_Plass15,Weekday,3,0,2,0.0,Exponential,Weibull,TruncGMM(K=3),TruncGMM(K=1),20
BAR_2_Plass15,Weekday,4,0,2,0.0,Exponential,Weibull,TruncGMM(K=3),TruncGMM(K=1),20
BAR_2_Plass15,Weekday,5,0,2,0.0,Exponential,Weibull,TruncGMM(K=3),TruncGMM(K=1),20
BAR_2_Plass15,Weekday,6,0,2,0.0,Exponential,Weibull,TruncGMM(K=3),TruncGMM(K=1),20
BAR_2_Plass15,Weekday,7,0,2,0.0,Exponential,Weibull,TruncGMM(K=3),TruncGMM(K=1),20
BAR_2_Plass15,Weekday,8,0,2,0.0,Exponential,Weibull,TruncGMM(K=3),TruncGMM(K=1),20
BAR_2_Plass15,Weekday,9,1,2,0.0172,Exponential,Weibull,TruncGMM(K=3),TruncGMM(K=1),20
BAR_2_Plass15,Weekday,10,3,2,0.0517,Exponential,Weibull,TruncGMM(K=3),TruncGMM(K=1),20
BAR_2_Plass15,Weekday,11,0,2,0.0,Exponential,Weibull,TruncGMM(K=3),TruncGMM(K=1),20
BAR_2_Plass15,Weekday,12,3,2,0.0517,Exponential,Weibull,TruncGMM(K=3),TruncGMM(K=1),20
BAR_2_Plass15,Weekday,13,3,2,0.0517,Exponential,Weibull,TruncGMM(K=3),TruncGMM(K=1),20
BAR_2_Plass15,Weekday,14,3,2,0.0517,Exponential,Weibull,TruncGMM(K=3),TruncGMM(K=1),20
BAR_2_Plass15,Weekday,15,2,2,0.0345,Exponential,Weibull,TruncGMM(K=3),TruncGMM(K=1),20
BAR_2_Plass15,Weekday,16,6,2,0.1034,Exponential,Weibull,TruncGMM(K=3),TruncGMM(K=1),6
BAR_2_Plass15,Weekday,17,4,2,0.069,Exponential,Weibull,TruncGMM(K=3),TruncGMM(K=1),20
BAR_2_Plass15,Weekday,18,2,2,0.0345,Exponential,Weibull,TruncGMM(K=3),TruncGMM(K=1),20
BAR_2_Plass15,Weekday,19,6,2,0.1034,Exponential,Weibull,TruncGMM(K=3),TruncGMM(K=1),6
BAR_2_Plass15,Weekday,20,4,2,0.069,Exponential,Weibull,TruncGMM(K=3),TruncGMM(K=1),20
BAR_2_Plass15,Weekday,21,6,2,0.1034,Exponential,Weibull,TruncGMM(K=3),TruncGMM(K=1),6
BAR_2_Plass15,Weekday,22,2,2,0.0345,Exponential,Weibull,TruncGMM(K=3),TruncGMM(K=1),20
BAR_2_Plass15,Weekday,23,7,2,0.1207,Exponential,Weibull,TruncGMM(K=3),TruncGMM(K=1),7
BAR_2_Plass15,Weekday,24,5,2,0.0862,Exponential,Weibull,TruncGMM(K=3),TruncGMM(K=1),5
OSL_S_KT77,Weekday,1,1,2,0.0056,TruncGMM(K=3),TruncGMM(K=5),TruncGMM(K=2),TruncGMM(K=2),20
OSL_S_KT77,Weekday,2,1,2,0.0056,TruncGMM(K=3),TruncGMM(K=5),TruncGMM(K=2),TruncGMM(K=2),20
OSL_S_KT77,Weekday,3,1,2,0.0056,TruncGMM(K=3),TruncGMM(K=5),TruncGMM(K=2),TruncGMM(K=2),20
OSL_S_KT77,Weekday,4,0,2,0.0,TruncGMM(K=3),TruncGMM(K=5),TruncGMM(K=2),TruncGMM(K=2),20
OSL_S_KT77,Weekday,5,0,2,0.0,TruncGMM(K=3),TruncGMM(K=5),TruncGMM(K=2),TruncGMM(K=2),20
OSL_S_KT77,Weekday,6,0,2,0.0,TruncGMM(K=3),TruncGMM(K=5),TruncGMM(K=2),TruncGMM(K=2),20
OSL_S_KT77,Weekday,7,0,2,0.0,TruncGMM(K=3),TruncGMM(K=5),TruncGMM(K=2),TruncGMM(K=2),20
OSL_S_KT77,Weekday,8,0,2,0.0,TruncGMM(K=3),TruncGMM(K=5),TruncGMM(K=2),TruncGMM(K=2),20
OSL_S_KT77,Weekday,9,0,2,0.0,TruncGMM(K=3),TruncGMM(K=5),TruncGMM(K=2),TruncGMM(K=2),20
OSL_S_KT77,Weekday,10,3,2,0.0169,TruncGMM(K=3),TruncGMM(K=5),TruncGMM(K=2),TruncGMM(K=2),20
OSL_S_KT77,Weekday,11,3,2,0.0169,TruncGMM(K=3),TruncGMM(K=5),TruncGMM(K=2),TruncGMM(K=2),20
OSL_S_KT77,Weekday,12,2,2,0.0112,TruncGMM(K=3),TruncGMM(K=5),TruncGMM(K=2),TruncGMM(K=2),20
OSL_S_KT77,Weekday,13,5,2,0.0281,TruncGMM(K=3),TruncGMM(K=5),TruncGMM(K=2),TruncGMM(K=2),5
OSL_S_KT77,Weekday,14,11,2,0.0618,TruncGMM(K=3),TruncGMM(K=5),TruncGMM(K=2),TruncGMM(K=2),11
OSL_S_KT77,Weekday,15,21,1,0.118,TruncGMM(K=3),Exponential,TruncGMM(K=1),TruncGMM(K=1),21
OSL_S_KT77,Weekday,16,27,1,0.1517,LogNormal,Weibull,Weibull,TruncGMM(K=2),27
OSL_S_KT77,Weekday,17,23,1,0.1292,Exponential,LogNormal,Weibull,LogNormal,23
OSL_S_KT77,Weekday,18,16,1,0.0899,Exponential,Exponential,LogNormal,LogNormal,16
OSL_S_KT77,Weekday,19,27,1,0.1517,TruncGMM(K=3),TruncGMM(K=4),TruncGMM(K=2),TruncGMM(K=2),27
OSL_S_KT77,Weekday,20,12,2,0.0674,TruncGMM(K=3),TruncGMM(K=5),TruncGMM(K=2),TruncGMM(K=2),12
OSL_S_KT77,Weekday,21,9,2,0.0506,TruncGMM(K=3),TruncGMM(K=5),TruncGMM(K=2),TruncGMM(K=2),9
OSL_S_KT77,Weekday,22,11,2,0.0618,TruncGMM(K=3),TruncGMM(K=5),TruncGMM(K=2),TruncGMM(K=2),11
OSL_S_KT77,Weekday,23,3,2,0.0169,TruncGMM(K=3),TruncGMM(K=5),TruncGMM(K=2),TruncGMM(K=2),20
OSL_S_KT77,Weekday,24,2,2,0.0112,TruncGMM(K=3),TruncGMM(K=5),TruncGMM(K=2),TruncGMM(K=2),20
ASK_Plass7,Weekday,1,9,2,0.0299,TruncGMM(K=3),TruncGMM(K=4),Weibull,TruncGMM(K=4),9
ASK_Plass7,Weekday,2,3,2,0.01,TruncGMM(K=3),TruncGMM(K=4),Weibull,TruncGMM(K=4),20
ASK_Plass7,Weekday,3,3,2,0.01,TruncGMM(K=3),TruncGMM(K=4),Weibull,TruncGMM(K=4),20
ASK_Plass7,Weekday,4,0,2,0.0,TruncGMM(K=3),TruncGMM(K=4),Weibull,TruncGMM(K=4),20
ASK_Plass7,Weekday,5,0,2,0.0,TruncGMM(K=3),TruncGMM(K=4),Weibull,TruncGMM(K=4),20
ASK_Plass7,Weekday,6,0,2,0.0,TruncGMM(K=3),TruncGMM(K=4),Weibull,TruncGMM(K=4),20
ASK_Plass7,Weekday,7,0,2,0.0,TruncGMM(K=3),TruncGMM(K=4),Weibull,TruncGMM(K=4),20
ASK_Plass7,Weekday,8,0,2,0.0,TruncGMM(K=3),TruncGMM(K=4),Weibull,TruncGMM(K=4),20
ASK_Plass7,Weekday,9,1,2,0.0033,TruncGMM(K=3),TruncGMM(K=4),Weibull,TruncGMM(K=4),20
ASK_Plass7,Weekday,10,0,2,0.0,TruncGMM(K=3),TruncGMM(K=4),Weibull,TruncGMM(K=4),20
ASK_Plass7,Weekday,11,0,2,0.0,TruncGMM(K=3),TruncGMM(K=4),Weibull,TruncGMM(K=4),20
ASK_Plass7,Weekday,12,0,2,0.0,TruncGMM(K=3),TruncGMM(K=4),Weibull,TruncGMM(K=4),20
ASK_Plass7,Weekday,13,0,2,0.0,TruncGMM(K=3),TruncGMM(K=4),Weibull,TruncGMM(K=4),20
ASK_Plass7,Weekday,14,5,2,0.0166,TruncGMM(K=3),TruncGMM(K=4),Weibull,TruncGMM(K=4),5
ASK_Plass7,Weekday,15,2,2,0.0066,TruncGMM(K=3),TruncGMM(K=4),Weibull,TruncGMM(K=4),20
ASK_Plass7,Weekday,16,11,2,0.0365,TruncGMM(K=3),TruncGMM(K=4),Weibull,TruncGMM(K=4),11
ASK_Plass7,Weekday,17,42,1,0.1395,TruncGMM(K=2),Weibull,Weibull,TruncGMM(K=1),42
ASK_Plass7,Weekday,18,25,1,0.0831,Exponential,Exponential,LogNormal,TruncGMM(K=1),25
ASK_Plass7,Weekday,19,34,1,0.113,TruncGMM(K=2),Exponential,LogNormal,Weibull,34
ASK_Plass7,Weekday,20,63,1,0.2093,TruncGMM(K=2),Exponential,Weibull,TruncGMM(K=1),63
ASK_Plass7,Weekday,21,18,1,0.0598,LogNormal,LogNormal,TruncGMM(K=1),TruncGMM(K=2),18
ASK_Plass7,Weekday,22,40,1,0.1329,TruncGMM(K=1),TruncGMM(K=2),TruncGMM(K=1),TruncGMM(K=1),40
ASK_Plass7,Weekday,23,32,1,0.1063,TruncGMM(K=3),TruncGMM(K=2),Weibull,TruncGMM(K=2),32
ASK_Plass7,Weekday,24,13,2,0.0432,TruncGMM(K=3),TruncGMM(K=4),Weibull,TruncGMM(K=4),13
KR_U1228,Weekend,1,0,2,0.0,LogNormal,Weibull,LogNormal,Weibull,20
KR_U1228,Weekend,2,0,2,0.0,LogNormal,Weibull,LogNormal,Weibull,20
KR_U1228,Weekend,3,0,2,0.0,LogNormal,Weibull,LogNormal,Weibull,20
KR_U1228,Weekend,4,0,2,0.0,LogNormal,Weibull,LogNormal,Weibull,20
KR_U1228,Weekend,5,0,2,0.0,LogNormal,Weibull,LogNormal,Weibull,20
KR_U1228,Weekend,6,0,2,0.0,LogNormal,Weibull,LogNormal,Weibull,20
KR_U1228,Weekend,7,0,2,0.0,LogNormal,Weibull,LogNormal,Weibull,20
KR_U1228,Weekend,8,0,2,0.0,LogNormal,Weibull,LogNormal,Weibull,20
KR_U1228,Weekend,9,0,2,0.0,LogNormal,Weibull,LogNormal,Weibull,20
KR_U1228,Weekend,10,1,2,0.0303,LogNormal,Weibull,LogNormal,Weibull,20
KR_U1228,Weekend,11,0,2,0.0,LogNormal,Weibull,LogNormal,Weibull,20
KR_U1228,Weekend,12,0,2,0.0,LogNormal,Weibull,LogNormal,Weibull,20
KR_U1228,Weekend,13,0,2,0.0,LogNormal,Weibull,LogNormal,Weibull,20
KR_U1228,Weekend,14,0,2,0.0,LogNormal,Weibull,LogNormal,Weibull,20
KR_U1228,Weekend,15,0,2,0.0,LogNormal,Weibull,LogNormal,Weibull,20
KR_U1228,Weekend,16,1,2,0.0303,LogNormal,Weibull,LogNormal,Weibull,20
KR_U1228,Weekend,17,5,2,0.1515,LogNormal,Weibull,LogNormal,Weibull,5
KR_U1228,Weekend,18,23,1,0.6969,LogNormal,TruncGMM(K=5),LogNormal,TruncGMM(K=2),23
KR_U1228,Weekend,19,3,2,0.0909,LogNormal,Weibull,LogNormal,Weibull,20
KR_U1228,Weekend,20,0,2,0.0,LogNormal,Weibull,LogNormal,Weibull,20
KR_U1228,Weekend,21,0,2,0.0,LogNormal,Weibull,LogNormal,Weibull,20
KR_U1228,Weekend,22,0,2,0.0,LogNormal,Weibull,LogNormal,Weibull,20
KR_U1228,Weekend,23,0,2,0.0,LogNormal,Weibull,LogNormal,Weibull,20
KR_U1228,Weekend,24,0,2,0.0,LogNormal,Weibull,LogNormal,Weibull,20
ASK_Plass89,Weekday,1,0,2,0.0,TruncGMM(K=3),Weibull,Weibull,TruncGMM(K=2),20
ASK_Plass89,Weekday,2,0,2,0.0,TruncGMM(K=3),Weibull,Weibull,TruncGMM(K=2),20
ASK_Plass89,Weekday,3,0,2,0.0,TruncGMM(K=3),Weibull,Weibull,TruncGMM(K=2),20
ASK_Plass89,Weekday,4,1,2,0.004,TruncGMM(K=3),Weibull,Weibull,TruncGMM(K=2),20
ASK_Plass89,Weekday,5,0,2,0.0,TruncGMM(K=3),Weibull,Weibull,TruncGMM(K=2),20
ASK_Plass89,Weekday,6,0,2,0.0,TruncGMM(K=3),Weibull,Weibull,TruncGMM(K=2),20
ASK_Plass89,Weekday,7,0,2,0.0,TruncGMM(K=3),Weibull,Weibull,TruncGMM(K=2),20
ASK_Plass89,Weekday,8,4,2,0.0161,TruncGMM(K=3),Weibull,Weibull,TruncGMM(K=2),20
ASK_Plass89,Weekday,9,11,2,0.0444,TruncGMM(K=3),Weibull,Weibull,TruncGMM(K=2),11
ASK_Plass89,Weekday,10,11,2,0.0444,TruncGMM(K=3),Weibull,Weibull,TruncGMM(K=2),11
ASK_Plass89,Weekday,11,12,2,0.0484,TruncGMM(K=3),Weibull,Weibull,TruncGMM(K=2),12
ASK_Plass89,Weekday,12,10,2,0.0403,TruncGMM(K=3),Weibull,Weibull,TruncGMM(K=2),10
ASK_Plass89,Weekday,13,13,2,0.0524,TruncGMM(K=3),Weibull,Weibull,TruncGMM(K=2),13
ASK_Plass89,Weekday,14,17,1,0.0685,Exponential,TruncGMM(K=2),Exponential,Weibull,17
ASK_Plass89,Weekday,15,24,1,0.0968,TruncGMM(K=2),Exponential,Weibull,TruncGMM(K=1),24
ASK_Plass89,Weekday,16,18,1,0.0726,TruncGMM(K=2),Exponential,Weibull,LogNormal,18
ASK_Plass89,Weekday,17,13,2,0.0524,TruncGMM(K=3),Weibull,Weibull,TruncGMM(K=2),13
ASK_Plass89,Weekday,18,8,2,0.0323,TruncGMM(K=3),Weibull,Weibull,TruncGMM(K=2),8
ASK_Plass89,Weekday,19,13,2,0.0524,TruncGMM(K=3),Weibull,Weibull,TruncGMM(K=2),13
ASK_Plass89,Weekday,20,19,1,0.0766,TruncGMM(K=3),Weibull,TruncGMM(K=1),Weibull,19
ASK_Plass89,Weekday,21,26,1,0.1048,TruncGMM(K=2),Exponential,Weibull,LogNormal,26
ASK_Plass89,Weekday,22,29,1,0.1169,LogNormal,Exponential,TruncGMM(K=3),TruncGMM(K=1),29
ASK_Plass89,Weekday,23,13,2,0.0524,TruncGMM(K=3),Weibull,Weibull,TruncGMM(K=2),13
ASK_Plass89,Weekday,24,6,2,0.0242,TruncGMM(K=3),Weibull,Weibull,TruncGMM(K=2),6
ASK_Plass37,Weekday,1,0,2,0.0,TruncGMM(K=3),Weibull,TruncGMM(K=2),TruncGMM(K=4),20
ASK_Plass37,Weekday,2,0,2,0.0,TruncGMM(K=3),Weibull,TruncGMM(K=2),TruncGMM(K=4),20
ASK_Plass37,Weekday,3,0,2,0.0,TruncGMM(K=3),Weibull,TruncGMM(K=2),TruncGMM(K=4),20
ASK_Plass37,Weekday,4,0,2,0.0,TruncGMM(K=3),Weibull,TruncGMM(K=2),TruncGMM(K=4),20
ASK_Plass37,Weekday,5,0,2,0.0,TruncGMM(K=3),Weibull,TruncGMM(K=2),TruncGMM(K=4),20
ASK_Plass37,Weekday,6,0,2,0.0,TruncGMM(K=3),Weibull,TruncGMM(K=2),TruncGMM(K=4),20
ASK_Plass37,Weekday,7,0,2,0.0,TruncGMM(K=3),Weibull,TruncGMM(K=2),TruncGMM(K=4),20
ASK_Plass37,Weekday,8,0,2,0.0,TruncGMM(K=3),Weibull,TruncGMM(K=2),TruncGMM(K=4),20
ASK_Plass37,Weekday,9,1,2,0.005,TruncGMM(K=3),Weibull,TruncGMM(K=2),TruncGMM(K=4),20
ASK_Plass37,Weekday,10,3,2,0.0149,TruncGMM(K=3),Weibull,TruncGMM(K=2),TruncGMM(K=4),20
ASK_Plass37,Weekday,11,2,2,0.0099,TruncGMM(K=3),Weibull,TruncGMM(K=2),TruncGMM(K=4),20
ASK_Plass37,Weekday,12,2,2,0.0099,TruncGMM(K=3),Weibull,TruncGMM(K=2),TruncGMM(K=4),20
ASK_Plass37,Weekday,13,0,2,0.0,TruncGMM(K=3),Weibull,TruncGMM(K=2),TruncGMM(K=4),20
ASK_Plass37,Weekday,14,5,2,0.0248,TruncGMM(K=3),Weibull,TruncGMM(K=2),TruncGMM(K=4),5
ASK_Plass37,Weekday,15,2,2,0.0099,TruncGMM(K=3),Weibull,TruncGMM(K=2),TruncGMM(K=4),20
ASK_Plass37,Weekday,16,16,1,0.0792,Exponential,TruncGMM(K=2),TruncGMM(K=1),Weibull,16
ASK_Plass37,Weekday,17,29,1,0.1436,TruncGMM(K=2),Weibull,Weibull,LogNormal,29
ASK_Plass37,Weekday,18,10,2,0.0495,TruncGMM(K=3),Weibull,TruncGMM(K=2),TruncGMM(K=4),10
ASK_Plass37,Weekday,19,35,1,0.1733,TruncGMM(K=2),Weibull,TruncGMM(K=1),Weibull,35
ASK_Plass37,Weekday,20,23,1,0.1139,TruncGMM(K=2),Weibull,TruncGMM(K=1),TruncGMM(K=1),23
ASK_Plass37,Weekday,21,30,1,0.1485,TruncGMM(K=1),Exponential,Weibull,Weibull,30
ASK_Plass37,Weekday,22,15,1,0.0743,TruncGMM(K=2),Weibull,TruncGMM(K=1),TruncGMM(K=1),15
ASK_Plass37,Weekday,23,26,1,0.1287,TruncGMM(K=1),Exponential,Weibull,LogNormal,26
ASK_Plass37,Weekday,24,3,2,0.0149,TruncGMM(K=3),Weibull,TruncGMM(K=2),TruncGMM(K=4),20
TRO_R_Bl2-7,Weekend,1,0,2,0.0,Weibull,Exponential,LogNormal,LogNormal,20
TRO_R_Bl2-7,Weekend,2,0,2,0.0,Weibull,Exponential,LogNormal,LogNormal,20
TRO_R_Bl2-7,Weekend,3,0,2,0.0,Weibull,Exponential,LogNormal,LogNormal,20
TRO_R_Bl2-7,Weekend,4,0,2,0.0,Weibull,Exponential,LogNormal,LogNormal,20
TRO_R_Bl2-7,Weekend,5,0,2,0.0,Weibull,Exponential,LogNormal,LogNormal,20
TRO_R_Bl2-7,Weekend,6,0,2,0.0,Weibull,Exponential,LogNormal,LogNormal,20
TRO_R_Bl2-7,Weekend,7,0,2,0.0,Weibull,Exponential,LogNormal,LogNormal,20
TRO_R_Bl2-7,Weekend,8,0,2,0.0,Weibull,Exponential,LogNormal,LogNormal,20
TRO_R_Bl2-7,Weekend,9,0,2,0.0,Weibull,Exponential,LogNormal,LogNormal,20
TRO_R_Bl2-7,Weekend,10,0,2,0.0,Weibull,Exponential,LogNormal,LogNormal,20
TRO_R_Bl2-7,Weekend,11,0,2,0.0,Weibull,Exponential,LogNormal,LogNormal,20
TRO_R_Bl2-7,Weekend,12,0,2,0.0,Weibull,Exponential,LogNormal,LogNormal,20
TRO_R_Bl2-7,Weekend,13,0,2,0.0,Weibull,Exponential,LogNormal,LogNormal,20
TRO_R_Bl2-7,Weekend,14,1,2,0.0357,Weibull,Exponential,LogNormal,LogNormal,20
TRO_R_Bl2-7,Weekend,15,1,2,0.0357,Weibull,Exponential,LogNormal,LogNormal,20
TRO_R_Bl2-7,Weekend,16,6,2,0.2143,Weibull,Exponential,LogNormal,LogNormal,6
TRO_R_Bl2-7,Weekend,17,5,2,0.1786,Weibull,Exponential,LogNormal,LogNormal,5
TRO_R_Bl2-7,Weekend,18,2,2,0.0714,Weibull,Exponential,LogNormal,LogNormal,20
TRO_R_Bl2-7,Weekend,19,2,2,0.0714,Weibull,Exponential,LogNormal,LogNormal,20
TRO_R_Bl2-7,Weekend,20,6,2,0.2143,Weibull,Exponential,LogNormal,LogNormal,6
TRO_R_Bl2-7,Weekend,21,2,2,0.0714,Weibull,Exponential,LogNormal,LogNormal,20
TRO_R_Bl2-7,Weekend,22,1,2,0.0357,Weibull,Exponential,LogNormal,LogNormal,20
TRO_R_Bl2-7,Weekend,23,1,2,0.0357,Weibull,Exponential,LogNormal,LogNormal,20
TRO_R_Bl2-7,Weekend,24,1,2,0.0357,Weibull,Exponential,LogNormal,LogNormal,20
OSL_T_13,Weekday,1,13,2,0.0783,TruncGMM(K=2),LogNormal,Weibull,TruncGMM(K=3),13
OSL_T_13,Weekday,2,2,2,0.012,TruncGMM(K=2),LogNormal,Weibull,TruncGMM(K=3),20
OSL_T_13,Weekday,3,0,2,0.0,TruncGMM(K=2),LogNormal,Weibull,TruncGMM(K=3),20
OSL_T_13,Weekday,4,1,2,0.006,TruncGMM(K=2),LogNormal,Weibull,TruncGMM(K=3),20
OSL_T_13,Weekday,5,1,2,0.006,TruncGMM(K=2),LogNormal,Weibull,TruncGMM(K=3),20
OSL_T_13,Weekday,6,0,2,0.0,TruncGMM(K=2),LogNormal,Weibull,TruncGMM(K=3),20
OSL_T_13,Weekday,7,0,2,0.0,TruncGMM(K=2),LogNormal,Weibull,TruncGMM(K=3),20
OSL_T_13,Weekday,8,4,2,0.0241,TruncGMM(K=2),LogNormal,Weibull,TruncGMM(K=3),20
OSL_T_13,Weekday,9,12,2,0.0723,TruncGMM(K=2),LogNormal,Weibull,TruncGMM(K=3),12
OSL_T_13,Weekday,10,5,2,0.0301,TruncGMM(K=2),LogNormal,Weibull,TruncGMM(K=3),5
OSL_T_13,Weekday,11,6,2,0.0361,TruncGMM(K=2),LogNormal,Weibull,TruncGMM(K=3),6
OSL_T_13,Weekday,12,4,2,0.0241,TruncGMM(K=2),LogNormal,Weibull,TruncGMM(K=3),20
OSL_T_13,Weekday,13,7,2,0.0422,TruncGMM(K=2),LogNormal,Weibull,TruncGMM(K=3),7
OSL_T_13,Weekday,14,10,2,0.0602,TruncGMM(K=2),LogNormal,Weibull,TruncGMM(K=3),10
OSL_T_13,Weekday,15,5,2,0.0301,TruncGMM(K=2),LogNormal,Weibull,TruncGMM(K=3),5
OSL_T_13,Weekday,16,2,2,0.012,TruncGMM(K=2),LogNormal,Weibull,TruncGMM(K=3),20
OSL_T_13,Weekday,17,6,2,0.0361,TruncGMM(K=2),LogNormal,Weibull,TruncGMM(K=3),6
OSL_T_13,Weekday,18,4,2,0.0241,TruncGMM(K=2),LogNormal,Weibull,TruncGMM(K=3),20
OSL_T_13,Weekday,19,4,2,0.0241,TruncGMM(K=2),LogNormal,Weibull,TruncGMM(K=3),20
OSL_T_13,Weekday,20,12,2,0.0723,TruncGMM(K=2),LogNormal,Weibull,TruncGMM(K=3),12
OSL_T_13,Weekday,21,13,2,0.0783,TruncGMM(K=2),LogNormal,Weibull,TruncGMM(K=3),13
OSL_T_13,Weekday,22,9,2,0.0542,TruncGMM(K=2),LogNormal,Weibull,TruncGMM(K=3),9
OSL_T_13,Weekday,23,25,1,0.1506,TruncGMM(K=2),LogNormal,TruncGMM(K=1),Weibull,25
OSL_T_13,Weekday,24,21,1,0.1265,TruncGMM(K=2),LogNormal,Weibull,TruncGMM(K=1),21
KR_U187,Weekday,1,13,2,0.2131,TruncGMM(K=2),TruncGMM(K=5),TruncGMM(K=1),TruncGMM(K=3),13
KR_U187,Weekday,2,2,2,0.0328,TruncGMM(K=2),TruncGMM(K=5),TruncGMM(K=1),TruncGMM(K=3),20
KR_U187,Weekday,3,0,2,0.0,TruncGMM(K=2),TruncGMM(K=5),TruncGMM(K=1),TruncGMM(K=3),20
KR_U187,Weekday,4,0,2,0.0,TruncGMM(K=2),TruncGMM(K=5),TruncGMM(K=1),TruncGMM(K=3),20
KR_U187,Weekday,5,0,2,0.0,TruncGMM(K=2),TruncGMM(K=5),TruncGMM(K=1),TruncGMM(K=3),20
KR_U187,Weekday,6,0,2,0.0,TruncGMM(K=2),TruncGMM(K=5),TruncGMM(K=1),TruncGMM(K=3),20
KR_U187,Weekday,7,0,2,0.0,TruncGMM(K=2),TruncGMM(K=5),TruncGMM(K=1),TruncGMM(K=3),20
KR_U187,Weekday,8,0,2,0.0,TruncGMM(K=2),TruncGMM(K=5),TruncGMM(K=1),TruncGMM(K=3),20
KR_U187,Weekday,9,0,2,0.0,TruncGMM(K=2),TruncGMM(K=5),TruncGMM(K=1),TruncGMM(K=3),20
KR_U187,Weekday,10,0,2,0.0,TruncGMM(K=2),TruncGMM(K=5),TruncGMM(K=1),TruncGMM(K=3),20
KR_U187,Weekday,11,0,2,0.0,TruncGMM(K=2),TruncGMM(K=5),TruncGMM(K=1),TruncGMM(K=3),20
KR_U187,Weekday,12,0,2,0.0,TruncGMM(K=2),TruncGMM(K=5),TruncGMM(K=1),TruncGMM(K=3),20
KR_U187,Weekday,13,0,2,0.0,TruncGMM(K=2),TruncGMM(K=5),TruncGMM(K=1),TruncGMM(K=3),20
KR_U187,Weekday,14,0,2,0.0,TruncGMM(K=2),TruncGMM(K=5),TruncGMM(K=1),TruncGMM(K=3),20
KR_U187,Weekday,15,0,2,0.0,TruncGMM(K=2),TruncGMM(K=5),TruncGMM(K=1),TruncGMM(K=3),20
KR_U187,Weekday,16,0,2,0.0,TruncGMM(K=2),TruncGMM(K=5),TruncGMM(K=1),TruncGMM(K=3),20
KR_U187,Weekday,17,0,2,0.0,TruncGMM(K=2),TruncGMM(K=5),TruncGMM(K=1),TruncGMM(K=3),20
KR_U187,Weekday,18,0,2,0.0,TruncGMM(K=2),TruncGMM(K=5),TruncGMM(K=1),TruncGMM(K=3),20
KR_U187,Weekday,19,0,2,0.0,TruncGMM(K=2),TruncGMM(K=5),TruncGMM(K=1),TruncGMM(K=3),20
KR_U187,Weekday,20,0,2,0.0,TruncGMM(K=2),TruncGMM(K=5),TruncGMM(K=1),TruncGMM(K=3),20
KR_U187,Weekday,21,0,2,0.0,TruncGMM(K=2),TruncGMM(K=5),TruncGMM(K=1),TruncGMM(K=3),20
KR_U187,Weekday,22,0,2,0.0,TruncGMM(K=2),TruncGMM(K=5),TruncGMM(K=1),TruncGMM(K=3),20
KR_U187,Weekday,23,1,2,0.0164,TruncGMM(K=2),TruncGMM(K=5),TruncGMM(K=1),TruncGMM(K=3),20
KR_U187,Weekday,24,45,1,0.7377,TruncGMM(K=2),TruncGMM(K=3),TruncGMM(K=2),TruncGMM(K=2),45
OSL_S_KT138,Weekday,1,2,2,0.0256,Exponential,Exponential,TruncGMM(K=2),TruncGMM(K=2),20
OSL_S_KT138,Weekday,2,5,2,0.0641,Exponential,Exponential,TruncGMM(K=2),TruncGMM(K=2),5
OSL_S_KT138,Weekday,3,6,2,0.0769,Exponential,Exponential,TruncGMM(K=2),TruncGMM(K=2),6
OSL_S_KT138,Weekday,4,1,2,0.0128,Exponential,Exponential,TruncGMM(K=2),TruncGMM(K=2),20
OSL_S_KT138,Weekday,5,3,2,0.0385,Exponential,Exponential,TruncGMM(K=2),TruncGMM(K=2),20
OSL_S_KT138,Weekday,6,0,2,0.0,Exponential,Exponential,TruncGMM(K=2),TruncGMM(K=2),20
OSL_S_KT138,Weekday,7,0,2,0.0,Exponential,Exponential,TruncGMM(K=2),TruncGMM(K=2),20
OSL_S_KT138,Weekday,8,2,2,0.0256,Exponential,Exponential,TruncGMM(K=2),TruncGMM(K=2),20
OSL_S_KT138,Weekday,9,0,2,0.0,Exponential,Exponential,TruncGMM(K=2),TruncGMM(K=2),20
OSL_S_KT138,Weekday,10,0,2,0.0,Exponential,Exponential,TruncGMM(K=2),TruncGMM(K=2),20
OSL_S_KT138,Weekday,11,0,2,0.0,Exponential,Exponential,TruncGMM(K=2),TruncGMM(K=2),20
OSL_S_KT138,Weekday,12,0,2,0.0,Exponential,Exponential,TruncGMM(K=2),TruncGMM(K=2),20
OSL_S_KT138,Weekday,13,0,2,0.0,Exponential,Exponential,TruncGMM(K=2),TruncGMM(K=2),20
OSL_S_KT138,Weekday,14,1,2,0.0128,Exponential,Exponential,TruncGMM(K=2),TruncGMM(K=2),20
OSL_S_KT138,Weekday,15,0,2,0.0,Exponential,Exponential,TruncGMM(K=2),TruncGMM(K=2),20
OSL_S_KT138,Weekday,16,5,2,0.0641,Exponential,Exponential,TruncGMM(K=2),TruncGMM(K=2),5
OSL_S_KT138,Weekday,17,6,2,0.0769,Exponential,Exponential,TruncGMM(K=2),TruncGMM(K=2),6
OSL_S_KT138,Weekday,18,0,2,0.0,Exponential,Exponential,TruncGMM(K=2),TruncGMM(K=2),20
OSL_S_KT138,Weekday,19,7,2,0.0897,Exponential,Exponential,TruncGMM(K=2),TruncGMM(K=2),7
OSL_S_KT138,Weekday,20,4,2,0.0513,Exponential,Exponential,TruncGMM(K=2),TruncGMM(K=2),20
OSL_S_KT138,Weekday,21,25,1,0.3205,Exponential,LogNormal,LogNormal,TruncGMM(K=1),25
OSL_S_KT138,Weekday,22,5,2,0.0641,Exponential,Exponential,TruncGMM(K=2),TruncGMM(K=2),5
OSL_S_KT138,Weekday,23,2,2,0.0256,Exponential,Exponential,TruncGMM(K=2),TruncGMM(K=2),20
OSL_S_KT138,Weekday,24,4,2,0.0513,Exponential,Exponential,TruncGMM(K=2),TruncGMM(K=2),20
ASK_Plass5,Weekend,1,1,2,0.0256,TruncGMM(K=2),Exponential,Weibull,TruncGMM(K=1),20
ASK_Plass5,Weekend,2,0,2,0.0,TruncGMM(K=2),Exponential,Weibull,TruncGMM(K=1),20
ASK_Plass5,Weekend,3,0,2,0.0,TruncGMM(K=2),Exponential,Weibull,TruncGMM(K=1),20
ASK_Plass5,Weekend,4,0,2,0.0,TruncGMM(K=2),Exponential,Weibull,TruncGMM(K=1),20
ASK_Plass5,Weekend,5,0,2,0.0,TruncGMM(K=2),Exponential,Weibull,TruncGMM(K=1),20
ASK_Plass5,Weekend,6,0,2,0.0,TruncGMM(K=2),Exponential,Weibull,TruncGMM(K=1),20
ASK_Plass5,Weekend,7,0,2,0.0,TruncGMM(K=2),Exponential,Weibull,TruncGMM(K=1),20
ASK_Plass5,Weekend,8,0,2,0.0,TruncGMM(K=2),Exponential,Weibull,TruncGMM(K=1),20
ASK_Plass5,Weekend,9,0,2,0.0,TruncGMM(K=2),Exponential,Weibull,TruncGMM(K=1),20
ASK_Plass5,Weekend,10,0,2,0.0,TruncGMM(K=2),Exponential,Weibull,TruncGMM(K=1),20
ASK_Plass5,Weekend,11,0,2,0.0,TruncGMM(K=2),Exponential,Weibull,TruncGMM(K=1),20
ASK_Plass5,Weekend,12,2,2,0.0513,TruncGMM(K=2),Exponential,Weibull,TruncGMM(K=1),20
ASK_Plass5,Weekend,13,1,2,0.0256,TruncGMM(K=2),Exponential,Weibull,TruncGMM(K=1),20
ASK_Plass5,Weekend,14,1,2,0.0256,TruncGMM(K=2),Exponential,Weibull,TruncGMM(K=1),20
ASK_Plass5,Weekend,15,2,2,0.0513,TruncGMM(K=2),Exponential,Weibull,TruncGMM(K=1),20
ASK_Plass5,Weekend,16,2,2,0.0513,TruncGMM(K=2),Exponential,Weibull,TruncGMM(K=1),20
ASK_Plass5,Weekend,17,5,2,0.1282,TruncGMM(K=2),Exponential,Weibull,TruncGMM(K=1),5
ASK_Plass5,Weekend,18,4,2,0.1026,TruncGMM(K=2),Exponential,Weibull,TruncGMM(K=1),20
ASK_Plass5,Weekend,19,4,2,0.1026,TruncGMM(K=2),Exponential,Weibull,TruncGMM(K=1),20
ASK_Plass5,Weekend,20,7,2,0.1795,TruncGMM(K=2),Exponential,Weibull,TruncGMM(K=1),7
ASK_Plass5,Weekend,21,6,2,0.1538,TruncGMM(K=2),Exponential,Weibull,TruncGMM(K=1),6
ASK_Plass5,Weekend,22,0,2,0.0,TruncGMM(K=2),Exponential,Weibull,TruncGMM(K=1),20
ASK_Plass5,Weekend,23,3,2,0.0769,TruncGMM(K=2),Exponential,Weibull,TruncGMM(K=1),20
ASK_Plass5,Weekend,24,1,2,0.0256,TruncGMM(K=2),Exponential,Weibull,TruncGMM(K=1),20
PS_3000,Weekend,1,0,2,0.0,LogNormal,LogNormal,LogNormal,TruncGMM(K=6),20
PS_3000,Weekend,2,0,2,0.0,LogNormal,LogNormal,LogNormal,TruncGMM(K=6),20
PS_3000,Weekend,3,9,2,0.2308,LogNormal,LogNormal,LogNormal,TruncGMM(K=6),9
PS_3000,Weekend,4,6,2,0.1538,LogNormal,LogNormal,LogNormal,TruncGMM(K=6),6
PS_3000,Weekend,5,1,2,0.0256,LogNormal,LogNormal,LogNormal,TruncGMM(K=6),20
PS_3000,Weekend,6,5,2,0.1282,LogNormal,LogNormal,LogNormal,TruncGMM(K=6),5
PS_3000,Weekend,7,4,2,0.1026,LogNormal,LogNormal,LogNormal,TruncGMM(K=6),20
PS_3000,Weekend,8,1,2,0.0256,LogNormal,LogNormal,LogNormal,TruncGMM(K=6),20
PS_3000,Weekend,9,2,2,0.0513,LogNormal,LogNormal,LogNormal,TruncGMM(K=6),20
PS_3000,Weekend,10,1,2,0.0256,LogNormal,LogNormal,LogNormal,TruncGMM(K=6),20
PS_3000,Weekend,11,1,2,0.0256,LogNormal,LogNormal,LogNormal,TruncGMM(K=6),20
PS_3000,Weekend,12,2,2,0.0513,LogNormal,LogNormal,LogNormal,TruncGMM(K=6),20
PS_3000,Weekend,13,2,2,0.0513,LogNormal,LogNormal,LogNormal,TruncGMM(K=6),20
PS_3000,Weekend,14,0,2,0.0,LogNormal,LogNormal,LogNormal,TruncGMM(K=6),20
PS_3000,Weekend,15,0,2,0.0,LogNormal,LogNormal,LogNormal,TruncGMM(K=6),20
PS_3000,Weekend,16,1,2,0.0256,LogNormal,LogNormal,LogNormal,TruncGMM(K=6),20
PS_3000,Weekend,17,1,2,0.0256,LogNormal,LogNormal,LogNormal,TruncGMM(K=6),20
PS_3000,Weekend,18,1,2,0.0256,LogNormal,LogNormal,LogNormal,TruncGMM(K=6),20
PS_3000,Weekend,19,1,2,0.0256,LogNormal,LogNormal,LogNormal,TruncGMM(K=6),20
PS_3000,Weekend,20,1,2,0.0256,LogNormal,LogNormal,LogNormal,TruncGMM(K=6),20
PS_3000,Weekend,21,0,2,0.0,LogNormal,LogNormal,LogNormal,TruncGMM(K=6),20
PS_3000,Weekend,22,0,2,0.0,LogNormal,LogNormal,LogNormal,TruncGMM(K=6),20
PS_3000,Weekend,23,0,2,0.0,LogNormal,LogNormal,LogNormal,TruncGMM(K=6),20
PS_3000,Weekend,24,0,2,0.0,LogNormal,LogNormal,LogNormal,TruncGMM(K=6),20
PS_9053,Weekend,1,0,3,0.0,TruncGMM(K=3),Weibull,TruncGMM(K=3),TruncGMM(K=3),20
PS_9053,Weekend,2,0,3,0.0,TruncGMM(K=3),Weibull,TruncGMM(K=3),TruncGMM(K=3),20
PS_9053,Weekend,3,0,3,0.0,TruncGMM(K=3),Weibull,TruncGMM(K=3),TruncGMM(K=3),20
PS_9053,Weekend,4,0,3,0.0,TruncGMM(K=3),Weibull,TruncGMM(K=3),TruncGMM(K=3),20
PS_9053,Weekend,5,0,3,0.0,TruncGMM(K=3),Weibull,TruncGMM(K=3),TruncGMM(K=3),20
PS_9053,Weekend,6,0,3,0.0,TruncGMM(K=3),Weibull,TruncGMM(K=3),TruncGMM(K=3),20
PS_9053,Weekend,7,0,3,0.0,TruncGMM(K=3),Weibull,TruncGMM(K=3),TruncGMM(K=3),20
PS_9053,Weekend,8,0,3,0.0,TruncGMM(K=3),Weibull,TruncGMM(K=3),TruncGMM(K=3),20
PS_9053,Weekend,9,0,3,0.0,TruncGMM(K=3),Weibull,TruncGMM(K=3),TruncGMM(K=3),20
PS_9053,Weekend,10,0,3,0.0,TruncGMM(K=3),Weibull,TruncGMM(K=3),TruncGMM(K=3),20
PS_9053,Weekend,11,0,3,0.0,TruncGMM(K=3),Weibull,TruncGMM(K=3),TruncGMM(K=3),20
PS_9053,Weekend,12,1,3,0.1428,TruncGMM(K=3),Weibull,TruncGMM(K=3),TruncGMM(K=3),20
PS_9053,Weekend,13,0,3,0.0,TruncGMM(K=3),Weibull,TruncGMM(K=3),TruncGMM(K=3),20
PS_9053,Weekend,14,0,3,0.0,TruncGMM(K=3),Weibull,TruncGMM(K=3),TruncGMM(K=3),20
PS_9053,Weekend,15,0,3,0.0,TruncGMM(K=3),Weibull,TruncGMM(K=3),TruncGMM(K=3),20
PS_9053,Weekend,16,2,3,0.2856,TruncGMM(K=3),Weibull,TruncGMM(K=3),TruncGMM(K=3),20
PS_9053,Weekend,17,0,3,0.0,TruncGMM(K=3),Weibull,TruncGMM(K=3),TruncGMM(K=3),20
PS_9053,Weekend,18,0,3,0.0,TruncGMM(K=3),Weibull,TruncGMM(K=3),TruncGMM(K=3),20
PS_9053,Weekend,19,0,3,0.0,TruncGMM(K=3),Weibull,TruncGMM(K=3),TruncGMM(K=3),20
PS_9053,Weekend,20,2,3,0.2856,TruncGMM(K=3),Weibull,TruncGMM(K=3),TruncGMM(K=3),20
PS_9053,Weekend,21,2,3,0.2856,TruncGMM(K=3),Weibull,TruncGMM(K=3),TruncGMM(K=3),20
PS_9053,Weekend,22,0,3,0.0,TruncGMM(K=3),Weibull,TruncGMM(K=3),TruncGMM(K=3),20
PS_9053,Weekend,23,0,3,0.0,TruncGMM(K=3),Weibull,TruncGMM(K=3),TruncGMM(K=3),20
PS_9053,Weekend,24,0,3,0.0,TruncGMM(K=3),Weibull,TruncGMM(K=3),TruncGMM(K=3),20
TRO_R_UT7-2,Weekday,1,1,2,0.0115,Weibull,Weibull,Weibull,TruncGMM(K=3),20
TRO_R_UT7-2,Weekday,2,0,2,0.0,Weibull,Weibull,Weibull,TruncGMM(K=3),20
TRO_R_UT7-2,Weekday,3,0,2,0.0,Weibull,Weibull,Weibull,TruncGMM(K=3),20
TRO_R_UT7-2,Weekday,4,0,2,0.0,Weibull,Weibull,Weibull,TruncGMM(K=3),20
TRO_R_UT7-2,Weekday,5,0,2,0.0,Weibull,Weibull,Weibull,TruncGMM(K=3),20
TRO_R_UT7-2,Weekday,6,0,2,0.0,Weibull,Weibull,Weibull,TruncGMM(K=3),20
TRO_R_UT7-2,Weekday,7,0,2,0.0,Weibull,Weibull,Weibull,TruncGMM(K=3),20
TRO_R_UT7-2,Weekday,8,0,2,0.0,Weibull,Weibull,Weibull,TruncGMM(K=3),20
TRO_R_UT7-2,Weekday,9,0,2,0.0,Weibull,Weibull,Weibull,TruncGMM(K=3),20
TRO_R_UT7-2,Weekday,10,0,2,0.0,Weibull,Weibull,Weibull,TruncGMM(K=3),20
TRO_R_UT7-2,Weekday,11,0,2,0.0,Weibull,Weibull,Weibull,TruncGMM(K=3),20
TRO_R_UT7-2,Weekday,12,0,2,0.0,Weibull,Weibull,Weibull,TruncGMM(K=3),20
TRO_R_UT7-2,Weekday,13,2,2,0.023,Weibull,Weibull,Weibull,TruncGMM(K=3),20
TRO_R_UT7-2,Weekday,14,3,2,0.0345,Weibull,Weibull,Weibull,TruncGMM(K=3),20
TRO_R_UT7-2,Weekday,15,3,2,0.0345,Weibull,Weibull,Weibull,TruncGMM(K=3),20
TRO_R_UT7-2,Weekday,16,7,2,0.0805,Weibull,Weibull,Weibull,TruncGMM(K=3),7
TRO_R_UT7-2,Weekday,17,15,1,0.1724,LogNormal,LogNormal,LogNormal,TruncGMM(K=2),15
TRO_R_UT7-2,Weekday,18,2,2,0.023,Weibull,Weibull,Weibull,TruncGMM(K=3),20
TRO_R_UT7-2,Weekday,19,4,2,0.046,Weibull,Weibull,Weibull,TruncGMM(K=3),20
TRO_R_UT7-2,Weekday,20,15,1,0.1724,TruncGMM(K=2),Exponential,TruncGMM(K=1),TruncGMM(K=2),15
TRO_R_UT7-2,Weekday,21,30,1,0.3448,LogNormal,LogNormal,LogNormal,TruncGMM(K=2),30
TRO_R_UT7-2,Weekday,22,3,2,0.0345,Weibull,Weibull,Weibull,TruncGMM(K=3),20
TRO_R_UT7-2,Weekday,23,1,2,0.0115,Weibull,Weibull,Weibull,TruncGMM(K=3),20
TRO_R_UT7-2,Weekday,24,1,2,0.0115,Weibull,Weibull,Weibull,TruncGMM(K=3),20
TRO_R_UT1-1,Weekday,1,1,2,0.0092,TruncGMM(K=2),TruncGMM(K=2),Weibull,TruncGMM(K=1),20
TRO_R_UT1-1,Weekday,2,1,2,0.0092,TruncGMM(K=2),TruncGMM(K=2),Weibull,TruncGMM(K=1),20
TRO_R_UT1-1,Weekday,3,0,2,0.0,TruncGMM(K=2),TruncGMM(K=2),Weibull,TruncGMM(K=1),20
TRO_R_UT1-1,Weekday,4,0,2,0.0,TruncGMM(K=2),TruncGMM(K=2),Weibull,TruncGMM(K=1),20
TRO_R_UT1-1,Weekday,5,0,2,0.0,TruncGMM(K=2),TruncGMM(K=2),Weibull,TruncGMM(K=1),20
TRO_R_UT1-1,Weekday,6,0,2,0.0,TruncGMM(K=2),TruncGMM(K=2),Weibull,TruncGMM(K=1),20
TRO_R_UT1-1,Weekday,7,0,2,0.0,TruncGMM(K=2),TruncGMM(K=2),Weibull,TruncGMM(K=1),20
TRO_R_UT1-1,Weekday,8,0,2,0.0,TruncGMM(K=2),TruncGMM(K=2),Weibull,TruncGMM(K=1),20
TRO_R_UT1-1,Weekday,9,0,2,0.0,TruncGMM(K=2),TruncGMM(K=2),Weibull,TruncGMM(K=1),20
TRO_R_UT1-1,Weekday,10,0,2,0.0,TruncGMM(K=2),TruncGMM(K=2),Weibull,TruncGMM(K=1),20
TRO_R_UT1-1,Weekday,11,4,2,0.0367,TruncGMM(K=2),TruncGMM(K=2),Weibull,TruncGMM(K=1),20
TRO_R_UT1-1,Weekday,12,2,2,0.0183,TruncGMM(K=2),TruncGMM(K=2),Weibull,TruncGMM(K=1),20
TRO_R_UT1-1,Weekday,13,3,2,0.0275,TruncGMM(K=2),TruncGMM(K=2),Weibull,TruncGMM(K=1),20
TRO_R_UT1-1,Weekday,14,4,2,0.0367,TruncGMM(K=2),TruncGMM(K=2),Weibull,TruncGMM(K=1),20
TRO_R_UT1-1,Weekday,15,2,2,0.0183,TruncGMM(K=2),TruncGMM(K=2),Weibull,TruncGMM(K=1),20
TRO_R_UT1-1,Weekday,16,3,2,0.0275,TruncGMM(K=2),TruncGMM(K=2),Weibull,TruncGMM(K=1),20
TRO_R_UT1-1,Weekday,17,24,1,0.2202,LogNormal,TruncGMM(K=2),Weibull,LogNormal,24
TRO_R_UT1-1,Weekday,18,7,2,0.0642,TruncGMM(K=2),TruncGMM(K=2),Weibull,TruncGMM(K=1),7
TRO_R_UT1-1,Weekday,19,8,2,0.0734,TruncGMM(K=2),TruncGMM(K=2),Weibull,TruncGMM(K=1),8
TRO_R_UT1-1,Weekday,20,17,1,0.156,TruncGMM(K=2),TruncGMM(K=4),Weibull,LogNormal,17
TRO_R_UT1-1,Weekday,21,9,2,0.0826,TruncGMM(K=2),TruncGMM(K=2),Weibull,TruncGMM(K=1),9
TRO_R_UT1-1,Weekday,22,9,2,0.0826,TruncGMM(K=2),TruncGMM(K=2),Weibull,TruncGMM(K=1),9
TRO_R_UT1-1,Weekday,23,6,2,0.055,TruncGMM(K=2),TruncGMM(K=2),Weibull,TruncGMM(K=1),6
TRO_R_UT1-1,Weekday,24,9,2,0.0826,TruncGMM(K=2),TruncGMM(K=2),Weibull,TruncGMM(K=1),9
OSL_T_51,Weekend,1,1,2,0.025,TruncGMM(K=2),Exponential,LogNormal,TruncGMM(K=3),20
OSL_T_51,Weekend,2,0,2,0.0,TruncGMM(K=2),Exponential,LogNormal,TruncGMM(K=3),20
OSL_T_51,Weekend,3,0,2,0.0,TruncGMM(K=2),Exponential,LogNormal,TruncGMM(K=3),20
OSL_T_51,Weekend,4,1,2,0.025,TruncGMM(K=2),Exponential,LogNormal,TruncGMM(K=3),20
OSL_T_51,Weekend,5,0,2,0.0,TruncGMM(K=2),Exponential,LogNormal,TruncGMM(K=3),20
OSL_T_51,Weekend,6,0,2,0.0,TruncGMM(K=2),Exponential,LogNormal,TruncGMM(K=3),20
OSL_T_51,Weekend,7,0,2,0.0,TruncGMM(K=2),Exponential,LogNormal,TruncGMM(K=3),20
OSL_T_51,Weekend,8,0,2,0.0,TruncGMM(K=2),Exponential,LogNormal,TruncGMM(K=3),20
OSL_T_51,Weekend,9,0,2,0.0,TruncGMM(K=2),Exponential,LogNormal,TruncGMM(K=3),20
OSL_T_51,Weekend,10,0,2,0.0,TruncGMM(K=2),Exponential,LogNormal,TruncGMM(K=3),20
OSL_T_51,Weekend,11,0,2,0.0,TruncGMM(K=2),Exponential,LogNormal,TruncGMM(K=3),20
OSL_T_51,Weekend,12,0,2,0.0,TruncGMM(K=2),Exponential,LogNormal,TruncGMM(K=3),20
OSL_T_51,Weekend,13,3,2,0.075,TruncGMM(K=2),Exponential,LogNormal,TruncGMM(K=3),20
OSL_T_51,Weekend,14,4,2,0.1,TruncGMM(K=2),Exponential,LogNormal,TruncGMM(K=3),20
OSL_T_51,Weekend,15,2,2,0.05,TruncGMM(K=2),Exponential,LogNormal,TruncGMM(K=3),20
OSL_T_51,Weekend,16,3,2,0.075,TruncGMM(K=2),Exponential,LogNormal,TruncGMM(K=3),20
OSL_T_51,Weekend,17,2,2,0.05,TruncGMM(K=2),Exponential,LogNormal,TruncGMM(K=3),20
OSL_T_51,Weekend,18,6,2,0.15,TruncGMM(K=2),Exponential,LogNormal,TruncGMM(K=3),6
OSL_T_51,Weekend,19,9,2,0.225,TruncGMM(K=2),Exponential,LogNormal,TruncGMM(K=3),9
OSL_T_51,Weekend,20,2,2,0.05,TruncGMM(K=2),Exponential,LogNormal,TruncGMM(K=3),20
OSL_T_51,Weekend,21,3,2,0.075,TruncGMM(K=2),Exponential,LogNormal,TruncGMM(K=3),20
OSL_T_51,Weekend,22,0,2,0.0,TruncGMM(K=2),Exponential,LogNormal,TruncGMM(K=3),20
OSL_T_51,Weekend,23,2,2,0.05,TruncGMM(K=2),Exponential,LogNormal,TruncGMM(K=3),20
OSL_T_51,Weekend,24,2,2,0.05,TruncGMM(K=2),Exponential,LogNormal,TruncGMM(K=3),20
ASK_Plass19,Weekend,1,0,2,0.0,Exponential,Exponential,TruncGMM(K=1),Weibull,20
ASK_Plass19,Weekend,2,0,2,0.0,Exponential,Exponential,TruncGMM(K=1),Weibull,20
ASK_Plass19,Weekend,3,0,2,0.0,Exponential,Exponential,TruncGMM(K=1),Weibull,20
ASK_Plass19,Weekend,4,0,2,0.0,Exponential,Exponential,TruncGMM(K=1),Weibull,20
ASK_Plass19,Weekend,5,0,2,0.0,Exponential,Exponential,TruncGMM(K=1),Weibull,20
ASK_Plass19,Weekend,6,0,2,0.0,Exponential,Exponential,TruncGMM(K=1),Weibull,20
ASK_Plass19,Weekend,7,0,2,0.0,Exponential,Exponential,TruncGMM(K=1),Weibull,20
ASK_Plass19,Weekend,8,0,2,0.0,Exponential,Exponential,TruncGMM(K=1),Weibull,20
ASK_Plass19,Weekend,9,0,2,0.0,Exponential,Exponential,TruncGMM(K=1),Weibull,20
ASK_Plass19,Weekend,10,0,2,0.0,Exponential,Exponential,TruncGMM(K=1),Weibull,20
ASK_Plass19,Weekend,11,2,2,0.0377,Exponential,Exponential,TruncGMM(K=1),Weibull,20
ASK_Plass19,Weekend,12,2,2,0.0377,Exponential,Exponential,TruncGMM(K=1),Weibull,20
ASK_Plass19,Weekend,13,3,2,0.0566,Exponential,Exponential,TruncGMM(K=1),Weibull,20
ASK_Plass19,Weekend,14,4,2,0.0755,Exponential,Exponential,TruncGMM(K=1),Weibull,20
ASK_Plass19,Weekend,15,4,2,0.0755,Exponential,Exponential,TruncGMM(K=1),Weibull,20
ASK_Plass19,Weekend,16,3,2,0.0566,Exponential,Exponential,TruncGMM(K=1),Weibull,20
ASK_Plass19,Weekend,17,8,2,0.1509,Exponential,Exponential,TruncGMM(K=1),Weibull,8
ASK_Plass19,Weekend,18,5,2,0.0943,Exponential,Exponential,TruncGMM(K=1),Weibull,5
ASK_Plass19,Weekend,19,7,2,0.1321,Exponential,Exponential,TruncGMM(K=1),Weibull,7
ASK_Plass19,Weekend,20,4,2,0.0755,Exponential,Exponential,TruncGMM(K=1),Weibull,20
ASK_Plass19,Weekend,21,7,2,0.1321,Exponential,Exponential,TruncGMM(K=1),Weibull,7
ASK_Plass19,Weekend,22,3,2,0.0566,Exponential,Exponential,TruncGMM(K=1),Weibull,20
ASK_Plass19,Weekend,23,1,2,0.0189,Exponential,Exponential,TruncGMM(K=1),Weibull,20
ASK_Plass19,Weekend,24,0,2,0.0,Exponential,Exponential,TruncGMM(K=1),Weibull,20
TRO_R_UT15-2,Weekday,1,0,2,0.0,TruncGMM(K=3),TruncGMM(K=4),TruncGMM(K=2),TruncGMM(K=3),20
TRO_R_UT15-2,Weekday,2,0,2,0.0,TruncGMM(K=3),TruncGMM(K=4),TruncGMM(K=2),TruncGMM(K=3),20
TRO_R_UT15-2,Weekday,3,0,2,0.0,TruncGMM(K=3),TruncGMM(K=4),TruncGMM(K=2),TruncGMM(K=3),20
TRO_R_UT15-2,Weekday,4,0,2,0.0,TruncGMM(K=3),TruncGMM(K=4),TruncGMM(K=2),TruncGMM(K=3),20
TRO_R_UT15-2,Weekday,5,0,2,0.0,TruncGMM(K=3),TruncGMM(K=4),TruncGMM(K=2),TruncGMM(K=3),20
TRO_R_UT15-2,Weekday,6,0,2,0.0,TruncGMM(K=3),TruncGMM(K=4),TruncGMM(K=2),TruncGMM(K=3),20
TRO_R_UT15-2,Weekday,7,0,2,0.0,TruncGMM(K=3),TruncGMM(K=4),TruncGMM(K=2),TruncGMM(K=3),20
TRO_R_UT15-2,Weekday,8,0,2,0.0,TruncGMM(K=3),TruncGMM(K=4),TruncGMM(K=2),TruncGMM(K=3),20
TRO_R_UT15-2,Weekday,9,1,2,0.01,TruncGMM(K=3),TruncGMM(K=4),TruncGMM(K=2),TruncGMM(K=3),20
TRO_R_UT15-2,Weekday,10,0,2,0.0,TruncGMM(K=3),TruncGMM(K=4),TruncGMM(K=2),TruncGMM(K=3),20
TRO_R_UT15-2,Weekday,11,1,2,0.01,TruncGMM(K=3),TruncGMM(K=4),TruncGMM(K=2),TruncGMM(K=3),20
TRO_R_UT15-2,Weekday,12,0,2,0.0,TruncGMM(K=3),TruncGMM(K=4),TruncGMM(K=2),TruncGMM(K=3),20
TRO_R_UT15-2,Weekday,13,0,2,0.0,TruncGMM(K=3),TruncGMM(K=4),TruncGMM(K=2),TruncGMM(K=3),20
TRO_R_UT15-2,Weekday,14,1,2,0.01,TruncGMM(K=3),TruncGMM(K=4),TruncGMM(K=2),TruncGMM(K=3),20
TRO_R_UT15-2,Weekday,15,4,2,0.04,TruncGMM(K=3),TruncGMM(K=4),TruncGMM(K=2),TruncGMM(K=3),20
TRO_R_UT15-2,Weekday,16,7,2,0.07,TruncGMM(K=3),TruncGMM(K=4),TruncGMM(K=2),TruncGMM(K=3),7
TRO_R_UT15-2,Weekday,17,41,1,0.41,TruncGMM(K=1),TruncGMM(K=3),TruncGMM(K=2),LogNormal,41
TRO_R_UT15-2,Weekday,18,16,1,0.16,TruncGMM(K=3),LogNormal,Weibull,TruncGMM(K=2),16
TRO_R_UT15-2,Weekday,19,3,2,0.03,TruncGMM(K=3),TruncGMM(K=4),TruncGMM(K=2),TruncGMM(K=3),20
TRO_R_UT15-2,Weekday,20,10,2,0.1,TruncGMM(K=3),TruncGMM(K=4),TruncGMM(K=2),TruncGMM(K=3),10
TRO_R_UT15-2,Weekday,21,6,2,0.06,TruncGMM(K=3),TruncGMM(K=4),TruncGMM(K=2),TruncGMM(K=3),6
TRO_R_UT15-2,Weekday,22,7,2,0.07,TruncGMM(K=3),TruncGMM(K=4),TruncGMM(K=2),TruncGMM(K=3),7
TRO_R_UT15-2,Weekday,23,2,2,0.02,TruncGMM(K=3),TruncGMM(K=4),TruncGMM(K=2),TruncGMM(K=3),20
TRO_R_UT15-2,Weekday,24,1,2,0.01,TruncGMM(K=3),TruncGMM(K=4),TruncGMM(K=2),TruncGMM(K=3),20
TRO_Plass17,Weekday,1,0,2,0.0,TruncGMM(K=1),TruncGMM(K=1),Weibull,TruncGMM(K=6),20
TRO_Plass17,Weekday,2,0,2,0.0,TruncGMM(K=1),TruncGMM(K=1),Weibull,TruncGMM(K=6),20
TRO_Plass17,Weekday,3,0,2,0.0,TruncGMM(K=1),TruncGMM(K=1),Weibull,TruncGMM(K=6),20
TRO_Plass17,Weekday,4,0,2,0.0,TruncGMM(K=1),TruncGMM(K=1),Weibull,TruncGMM(K=6),20
TRO_Plass17,Weekday,5,0,2,0.0,TruncGMM(K=1),TruncGMM(K=1),Weibull,TruncGMM(K=6),20
TRO_Plass17,Weekday,6,0,2,0.0,TruncGMM(K=1),TruncGMM(K=1),Weibull,TruncGMM(K=6),20
TRO_Plass17,Weekday,7,0,2,0.0,TruncGMM(K=1),TruncGMM(K=1),Weibull,TruncGMM(K=6),20
TRO_Plass17,Weekday,8,0,2,0.0,TruncGMM(K=1),TruncGMM(K=1),Weibull,TruncGMM(K=6),20
TRO_Plass17,Weekday,9,6,2,0.0723,TruncGMM(K=1),TruncGMM(K=1),Weibull,TruncGMM(K=6),6
TRO_Plass17,Weekday,10,0,2,0.0,TruncGMM(K=1),TruncGMM(K=1),Weibull,TruncGMM(K=6),20
TRO_Plass17,Weekday,11,2,2,0.0241,TruncGMM(K=1),TruncGMM(K=1),Weibull,TruncGMM(K=6),20
TRO_Plass17,Weekday,12,1,2,0.012,TruncGMM(K=1),TruncGMM(K=1),Weibull,TruncGMM(K=6),20
TRO_Plass17,Weekday,13,1,2,0.012,TruncGMM(K=1),TruncGMM(K=1),Weibull,TruncGMM(K=6),20
TRO_Plass17,Weekday,14,2,2,0.0241,TruncGMM(K=1),TruncGMM(K=1),Weibull,TruncGMM(K=6),20
TRO_Plass17,Weekday,15,0,2,0.0,TruncGMM(K=1),TruncGMM(K=1),Weibull,TruncGMM(K=6),20
TRO_Plass17,Weekday,16,7,2,0.0843,TruncGMM(K=1),TruncGMM(K=1),Weibull,TruncGMM(K=6),7
TRO_Plass17,Weekday,17,23,1,0.2771,TruncGMM(K=3),TruncGMM(K=1),Weibull,Weibull,23
TRO_Plass17,Weekday,18,6,2,0.0723,TruncGMM(K=1),TruncGMM(K=1),Weibull,TruncGMM(K=6),6
TRO_Plass17,Weekday,19,3,2,0.0361,TruncGMM(K=1),TruncGMM(K=1),Weibull,TruncGMM(K=6),20
TRO_Plass17,Weekday,20,7,2,0.0843,TruncGMM(K=1),TruncGMM(K=1),Weibull,TruncGMM(K=6),7
TRO_Plass17,Weekday,21,7,2,0.0843,TruncGMM(K=1),TruncGMM(K=1),Weibull,TruncGMM(K=6),7
TRO_Plass17,Weekday,22,1,2,0.012,TruncGMM(K=1),TruncGMM(K=1),Weibull,TruncGMM(K=6),20
TRO_Plass17,Weekday,23,15,1,0.1807,TruncGMM(K=2),TruncGMM(K=4),Weibull,TruncGMM(K=1),15
TRO_Plass17,Weekday,24,2,2,0.0241,TruncGMM(K=1),TruncGMM(K=1),Weibull,TruncGMM(K=6),20
BAR_Plass126,Weekday,1,0,2,0.0,TruncGMM(K=2),TruncGMM(K=5),TruncGMM(K=1),TruncGMM(K=3),20
BAR_Plass126,Weekday,2,0,2,0.0,TruncGMM(K=2),TruncGMM(K=5),TruncGMM(K=1),TruncGMM(K=3),20
BAR_Plass126,Weekday,3,0,2,0.0,TruncGMM(K=2),TruncGMM(K=5),TruncGMM(K=1),TruncGMM(K=3),20
BAR_Plass126,Weekday,4,0,2,0.0,TruncGMM(K=2),TruncGMM(K=5),TruncGMM(K=1),TruncGMM(K=3),20
BAR_Plass126,Weekday,5,0,2,0.0,TruncGMM(K=2),TruncGMM(K=5),TruncGMM(K=1),TruncGMM(K=3),20
BAR_Plass126,Weekday,6,0,2,0.0,TruncGMM(K=2),TruncGMM(K=5),TruncGMM(K=1),TruncGMM(K=3),20
BAR_Plass126,Weekday,7,0,2,0.0,TruncGMM(K=2),TruncGMM(K=5),TruncGMM(K=1),TruncGMM(K=3),20
BAR_Plass126,Weekday,8,0,2,0.0,TruncGMM(K=2),TruncGMM(K=5),TruncGMM(K=1),TruncGMM(K=3),20
BAR_Plass126,Weekday,9,0,2,0.0,TruncGMM(K=2),TruncGMM(K=5),TruncGMM(K=1),TruncGMM(K=3),20
BAR_Plass126,Weekday,10,1,2,0.0041,TruncGMM(K=2),TruncGMM(K=5),TruncGMM(K=1),TruncGMM(K=3),20
BAR_Plass126,Weekday,11,4,2,0.0165,TruncGMM(K=2),TruncGMM(K=5),TruncGMM(K=1),TruncGMM(K=3),20
BAR_Plass126,Weekday,12,7,2,0.0288,TruncGMM(K=2),TruncGMM(K=5),TruncGMM(K=1),TruncGMM(K=3),7
BAR_Plass126,Weekday,13,8,2,0.0329,TruncGMM(K=2),TruncGMM(K=5),TruncGMM(K=1),TruncGMM(K=3),8
BAR_Plass126,Weekday,14,5,2,0.0206,TruncGMM(K=2),TruncGMM(K=5),TruncGMM(K=1),TruncGMM(K=3),5
BAR_Plass126,Weekday,15,5,2,0.0206,TruncGMM(K=2),TruncGMM(K=5),TruncGMM(K=1),TruncGMM(K=3),5
BAR_Plass126,Weekday,16,6,2,0.0247,TruncGMM(K=2),TruncGMM(K=5),TruncGMM(K=1),TruncGMM(K=3),6
BAR_Plass126,Weekday,17,102,1,0.4197,TruncGMM(K=3),TruncGMM(K=5),TruncGMM(K=1),TruncGMM(K=2),102
BAR_Plass126,Weekday,18,96,1,0.3951,TruncGMM(K=3),TruncGMM(K=2),TruncGMM(K=1),TruncGMM(K=2),96
BAR_Plass126,Weekday,19,1,2,0.0041,TruncGMM(K=2),TruncGMM(K=5),TruncGMM(K=1),TruncGMM(K=3),20
BAR_Plass126,Weekday,20,5,2,0.0206,TruncGMM(K=2),TruncGMM(K=5),TruncGMM(K=1),TruncGMM(K=3),5
BAR_Plass126,Weekday,21,0,2,0.0,TruncGMM(K=2),TruncGMM(K=5),TruncGMM(K=1),TruncGMM(K=3),20
BAR_Plass126,Weekday,22,0,2,0.0,TruncGMM(K=2),TruncGMM(K=5),TruncGMM(K=1),TruncGMM(K=3),20
BAR_Plass126,Weekday,23,3,2,0.0123,TruncGMM(K=2),TruncGMM(K=5),TruncGMM(K=1),TruncGMM(K=3),20
BAR_Plass126,Weekday,24,0,2,0.0,TruncGMM(K=2),TruncGMM(K=5),TruncGMM(K=1),TruncGMM(K=3),20
TRO_R_Share-4,Weekday,1,0,2,0.0,LogNormal,Exponential,TruncGMM(K=2),Weibull,20
TRO_R_Share-4,Weekday,2,0,2,0.0,LogNormal,Exponential,TruncGMM(K=2),Weibull,20
TRO_R_Share-4,Weekday,3,0,2,0.0,LogNormal,Exponential,TruncGMM(K=2),Weibull,20
TRO_R_Share-4,Weekday,4,0,2,0.0,LogNormal,Exponential,TruncGMM(K=2),Weibull,20
TRO_R_Share-4,Weekday,5,0,2,0.0,LogNormal,Exponential,TruncGMM(K=2),Weibull,20
TRO_R_Share-4,Weekday,6,1,2,0.0175,LogNormal,Exponential,TruncGMM(K=2),Weibull,20
TRO_R_Share-4,Weekday,7,0,2,0.0,LogNormal,Exponential,TruncGMM(K=2),Weibull,20
TRO_R_Share-4,Weekday,8,0,2,0.0,LogNormal,Exponential,TruncGMM(K=2),Weibull,20
TRO_R_Share-4,Weekday,9,0,2,0.0,LogNormal,Exponential,TruncGMM(K=2),Weibull,20
TRO_R_Share-4,Weekday,10,1,2,0.0175,LogNormal,Exponential,TruncGMM(K=2),Weibull,20
TRO_R_Share-4,Weekday,11,5,2,0.0877,LogNormal,Exponential,TruncGMM(K=2),Weibull,5
TRO_R_Share-4,Weekday,12,3,2,0.0526,LogNormal,Exponential,TruncGMM(K=2),Weibull,20
TRO_R_Share-4,Weekday,13,11,2,0.193,LogNormal,Exponential,TruncGMM(K=2),Weibull,11
TRO_R_Share-4,Weekday,14,5,2,0.0877,LogNormal,Exponential,TruncGMM(K=2),Weibull,5
TRO_R_Share-4,Weekday,15,5,2,0.0877,LogNormal,Exponential,TruncGMM(K=2),Weibull,5
TRO_R_Share-4,Weekday,16,3,2,0.0526,LogNormal,Exponential,TruncGMM(K=2),Weibull,20
TRO_R_Share-4,Weekday,17,10,2,0.1754,LogNormal,Exponential,TruncGMM(K=2),Weibull,10
TRO_R_Share-4,Weekday,18,6,2,0.1053,LogNormal,Exponential,TruncGMM(K=2),Weibull,6
TRO_R_Share-4,Weekday,19,5,2,0.0877,LogNormal,Exponential,TruncGMM(K=2),Weibull,5
TRO_R_Share-4,Weekday,20,1,2,0.0175,LogNormal,Exponential,TruncGMM(K=2),Weibull,20
TRO_R_Share-4,Weekday,21,1,2,0.0175,LogNormal,Exponential,TruncGMM(K=2),Weibull,20
TRO_R_Share-4,Weekday,22,0,2,0.0,LogNormal,Exponential,TruncGMM(K=2),Weibull,20
TRO_R_Share-4,Weekday,23,0,2,0.0,LogNormal,Exponential,TruncGMM(K=2),Weibull,20
TRO_R_Share-4,Weekday,24,0,2,0.0,LogNormal,Exponential,TruncGMM(K=2),Weibull,20
PS_4373,Weekday,1,1,2,0.0029,TruncGMM(K=3),TruncGMM(K=5),TruncGMM(K=3),TruncGMM(K=4),20
PS_4373,Weekday,2,0,2,0.0,TruncGMM(K=3),TruncGMM(K=5),TruncGMM(K=3),TruncGMM(K=4),20
PS_4373,Weekday,3,1,2,0.0029,TruncGMM(K=3),TruncGMM(K=5),TruncGMM(K=3),TruncGMM(K=4),20
PS_4373,Weekday,4,0,2,0.0,TruncGMM(K=3),TruncGMM(K=5),TruncGMM(K=3),TruncGMM(K=4),20
PS_4373,Weekday,5,2,2,0.0057,TruncGMM(K=3),TruncGMM(K=5),TruncGMM(K=3),TruncGMM(K=4),20
PS_4373,Weekday,6,8,2,0.0229,TruncGMM(K=3),TruncGMM(K=5),TruncGMM(K=3),TruncGMM(K=4),8
PS_4373,Weekday,7,7,2,0.0201,TruncGMM(K=3),TruncGMM(K=5),TruncGMM(K=3),TruncGMM(K=4),7
PS_4373,Weekday,8,83,1,0.2378,LogNormal,Weibull,LogNormal,TruncGMM(K=2),83
PS_4373,Weekday,9,15,1,0.043,Exponential,TruncGMM(K=3),LogNormal,TruncGMM(K=2),15
PS_4373,Weekday,10,4,2,0.0115,TruncGMM(K=3),TruncGMM(K=5),TruncGMM(K=3),TruncGMM(K=4),20
PS_4373,Weekday,11,8,2,0.0229,TruncGMM(K=3),TruncGMM(K=5),TruncGMM(K=3),TruncGMM(K=4),8
PS_4373,Weekday,12,6,2,0.0172,TruncGMM(K=3),TruncGMM(K=5),TruncGMM(K=3),TruncGMM(K=4),6
PS_4373,Weekday,13,3,2,0.0086,TruncGMM(K=3),TruncGMM(K=5),TruncGMM(K=3),TruncGMM(K=4),20
PS_4373,Weekday,14,6,2,0.0172,TruncGMM(K=3),TruncGMM(K=5),TruncGMM(K=3),TruncGMM(K=4),6
PS_4373,Weekday,15,7,2,0.0201,TruncGMM(K=3),TruncGMM(K=5),TruncGMM(K=3),TruncGMM(K=4),7
PS_4373,Weekday,16,16,1,0.0458,TruncGMM(K=1),TruncGMM(K=3),TruncGMM(K=2),TruncGMM(K=2),16
PS_4373,Weekday,17,47,1,0.1347,TruncGMM(K=2),TruncGMM(K=2),TruncGMM(K=2),Weibull,47
PS_4373,Weekday,18,87,1,0.2493,TruncGMM(K=2),LogNormal,TruncGMM(K=3),TruncGMM(K=2),87
PS_4373,Weekday,19,27,1,0.0774,Weibull,TruncGMM(K=2),TruncGMM(K=1),TruncGMM(K=2),27
PS_4373,Weekday,20,12,2,0.0344,TruncGMM(K=3),TruncGMM(K=5),TruncGMM(K=3),TruncGMM(K=4),12
PS_4373,Weekday,21,1,2,0.0029,TruncGMM(K=3),TruncGMM(K=5),TruncGMM(K=3),TruncGMM(K=4),20
PS_4373,Weekday,22,6,2,0.0172,TruncGMM(K=3),TruncGMM(K=5),TruncGMM(K=3),TruncGMM(K=4),6
PS_4373,Weekday,23,1,2,0.0029,TruncGMM(K=3),TruncGMM(K=5),TruncGMM(K=3),TruncGMM(K=4),20
PS_4373,Weekday,24,1,2,0.0029,TruncGMM(K=3),TruncGMM(K=5),TruncGMM(K=3),TruncGMM(K=4),20
BAR_Plass160,Weekday,1,1,2,0.003,TruncGMM(K=2),TruncGMM(K=3),Weibull,TruncGMM(K=4),20
BAR_Plass160,Weekday,2,0,2,0.0,TruncGMM(K=2),TruncGMM(K=3),Weibull,TruncGMM(K=4),20
BAR_Plass160,Weekday,3,0,2,0.0,TruncGMM(K=2),TruncGMM(K=3),Weibull,TruncGMM(K=4),20
BAR_Plass160,Weekday,4,0,2,0.0,TruncGMM(K=2),TruncGMM(K=3),Weibull,TruncGMM(K=4),20
BAR_Plass160,Weekday,5,0,2,0.0,TruncGMM(K=2),TruncGMM(K=3),Weibull,TruncGMM(K=4),20
BAR_Plass160,Weekday,6,0,2,0.0,TruncGMM(K=2),TruncGMM(K=3),Weibull,TruncGMM(K=4),20
BAR_Plass160,Weekday,7,0,2,0.0,TruncGMM(K=2),TruncGMM(K=3),Weibull,TruncGMM(K=4),20
BAR_Plass160,Weekday,8,0,2,0.0,TruncGMM(K=2),TruncGMM(K=3),Weibull,TruncGMM(K=4),20
BAR_Plass160,Weekday,9,7,2,0.0208,TruncGMM(K=2),TruncGMM(K=3),Weibull,TruncGMM(K=4),7
BAR_Plass160,Weekday,10,3,2,0.0089,TruncGMM(K=2),TruncGMM(K=3),Weibull,TruncGMM(K=4),20
BAR_Plass160,Weekday,11,0,2,0.0,TruncGMM(K=2),TruncGMM(K=3),Weibull,TruncGMM(K=4),20
BAR_Plass160,Weekday,12,1,2,0.003,TruncGMM(K=2),TruncGMM(K=3),Weibull,TruncGMM(K=4),20
BAR_Plass160,Weekday,13,1,2,0.003,TruncGMM(K=2),TruncGMM(K=3),Weibull,TruncGMM(K=4),20
BAR_Plass160,Weekday,14,4,2,0.0119,TruncGMM(K=2),TruncGMM(K=3),Weibull,TruncGMM(K=4),20
BAR_Plass160,Weekday,15,6,2,0.0179,TruncGMM(K=2),TruncGMM(K=3),Weibull,TruncGMM(K=4),6
BAR_Plass160,Weekday,16,207,1,0.6161,TruncGMM(K=3),LogNormal,TruncGMM(K=3),TruncGMM(K=3),207
BAR_Plass160,Weekday,17,27,1,0.0804,TruncGMM(K=3),TruncGMM(K=3),TruncGMM(K=2),TruncGMM(K=2),27
BAR_Plass160,Weekday,18,42,1,0.125,TruncGMM(K=2),TruncGMM(K=4),Weibull,LogNormal,42
BAR_Plass160,Weekday,19,11,2,0.0327,TruncGMM(K=2),TruncGMM(K=3),Weibull,TruncGMM(K=4),11
BAR_Plass160,Weekday,20,7,2,0.0208,TruncGMM(K=2),TruncGMM(K=3),Weibull,TruncGMM(K=4),7
BAR_Plass160,Weekday,21,6,2,0.0179,TruncGMM(K=2),TruncGMM(K=3),Weibull,TruncGMM(K=4),6
BAR_Plass160,Weekday,22,5,2,0.0149,TruncGMM(K=2),TruncGMM(K=3),Weibull,TruncGMM(K=4),5
BAR_Plass160,Weekday,23,7,2,0.0208,TruncGMM(K=2),TruncGMM(K=3),Weibull,TruncGMM(K=4),7
BAR_Plass160,Weekday,24,1,2,0.003,TruncGMM(K=2),TruncGMM(K=3),Weibull,TruncGMM(K=4),20
TRO_Plass11,Weekend,1,1,2,0.0417,TruncGMM(K=2),Exponential,LogNormal,TruncGMM(K=1),20
TRO_Plass11,Weekend,2,0,2,0.0,TruncGMM(K=2),Exponential,LogNormal,TruncGMM(K=1),20
TRO_Plass11,Weekend,3,0,2,0.0,TruncGMM(K=2),Exponential,LogNormal,TruncGMM(K=1),20
TRO_Plass11,Weekend,4,0,2,0.0,TruncGMM(K=2),Exponential,LogNormal,TruncGMM(K=1),20
TRO_Plass11,Weekend,5,0,2,0.0,TruncGMM(K=2),Exponential,LogNormal,TruncGMM(K=1),20
TRO_Plass11,Weekend,6,0,2,0.0,TruncGMM(K=2),Exponential,LogNormal,TruncGMM(K=1),20
TRO_Plass11,Weekend,7,0,2,0.0,TruncGMM(K=2),Exponential,LogNormal,TruncGMM(K=1),20
TRO_Plass11,Weekend,8,0,2,0.0,TruncGMM(K=2),Exponential,LogNormal,TruncGMM(K=1),20
TRO_Plass11,Weekend,9,0,2,0.0,TruncGMM(K=2),Exponential,LogNormal,TruncGMM(K=1),20
TRO_Plass11,Weekend,10,0,2,0.0,TruncGMM(K=2),Exponential,LogNormal,TruncGMM(K=1),20
TRO_Plass11,Weekend,11,2,2,0.0833,TruncGMM(K=2),Exponential,LogNormal,TruncGMM(K=1),20
TRO_Plass11,Weekend,12,0,2,0.0,TruncGMM(K=2),Exponential,LogNormal,TruncGMM(K=1),20
TRO_Plass11,Weekend,13,2,2,0.0833,TruncGMM(K=2),Exponential,LogNormal,TruncGMM(K=1),20
TRO_Plass11,Weekend,14,5,2,0.2083,TruncGMM(K=2),Exponential,LogNormal,TruncGMM(K=1),5
TRO_Plass11,Weekend,15,1,2,0.0417,TruncGMM(K=2),Exponential,LogNormal,TruncGMM(K=1),20
TRO_Plass11,Weekend,16,2,2,0.0833,TruncGMM(K=2),Exponential,LogNormal,TruncGMM(K=1),20
TRO_Plass11,Weekend,17,6,2,0.25,TruncGMM(K=2),Exponential,LogNormal,TruncGMM(K=1),6
TRO_Plass11,Weekend,18,2,2,0.0833,TruncGMM(K=2),Exponential,LogNormal,TruncGMM(K=1),20
TRO_Plass11,Weekend,19,1,2,0.0417,TruncGMM(K=2),Exponential,LogNormal,TruncGMM(K=1),20
TRO_Plass11,Weekend,20,1,2,0.0417,TruncGMM(K=2),Exponential,LogNormal,TruncGMM(K=1),20
TRO_Plass11,Weekend,21,1,2,0.0417,TruncGMM(K=2),Exponential,LogNormal,TruncGMM(K=1),20
TRO_Plass11,Weekend,22,0,2,0.0,TruncGMM(K=2),Exponential,LogNormal,TruncGMM(K=1),20
TRO_Plass11,Weekend,23,0,2,0.0,TruncGMM(K=2),Exponential,LogNormal,TruncGMM(K=1),20
TRO_Plass11,Weekend,24,0,2,0.0,TruncGMM(K=2),Exponential,LogNormal,TruncGMM(K=1),20
BAR_2_Plass17,Weekend,1,0,2,0.0,Exponential,Weibull,LogNormal,Weibull,20
BAR_2_Plass17,Weekend,2,0,2,0.0,Exponential,Weibull,LogNormal,Weibull,20
BAR_2_Plass17,Weekend,3,0,2,0.0,Exponential,Weibull,LogNormal,Weibull,20
BAR_2_Plass17,Weekend,4,0,2,0.0,Exponential,Weibull,LogNormal,Weibull,20
BAR_2_Plass17,Weekend,5,0,2,0.0,Exponential,Weibull,LogNormal,Weibull,20
BAR_2_Plass17,Weekend,6,0,2,0.0,Exponential,Weibull,LogNormal,Weibull,20
BAR_2_Plass17,Weekend,7,1,2,0.0244,Exponential,Weibull,LogNormal,Weibull,20
BAR_2_Plass17,Weekend,8,0,2,0.0,Exponential,Weibull,LogNormal,Weibull,20
BAR_2_Plass17,Weekend,9,0,2,0.0,Exponential,Weibull,LogNormal,Weibull,20
BAR_2_Plass17,Weekend,10,1,2,0.0244,Exponential,Weibull,LogNormal,Weibull,20
BAR_2_Plass17,Weekend,11,1,2,0.0244,Exponential,Weibull,LogNormal,Weibull,20
BAR_2_Plass17,Weekend,12,0,2,0.0,Exponential,Weibull,LogNormal,Weibull,20
BAR_2_Plass17,Weekend,13,0,2,0.0,Exponential,Weibull,LogNormal,Weibull,20
BAR_2_Plass17,Weekend,14,3,2,0.0732,Exponential,Weibull,LogNormal,Weibull,20
BAR_2_Plass17,Weekend,15,3,2,0.0732,Exponential,Weibull,LogNormal,Weibull,20
BAR_2_Plass17,Weekend,16,4,2,0.0976,Exponential,Weibull,LogNormal,Weibull,20
BAR_2_Plass17,Weekend,17,6,2,0.1463,Exponential,Weibull,LogNormal,Weibull,6
BAR_2_Plass17,Weekend,18,4,2,0.0976,Exponential,Weibull,LogNormal,Weibull,20
BAR_2_Plass17,Weekend,19,2,2,0.0488,Exponential,Weibull,LogNormal,Weibull,20
BAR_2_Plass17,Weekend,20,3,2,0.0732,Exponential,Weibull,LogNormal,Weibull,20
BAR_2_Plass17,Weekend,21,9,2,0.2195,Exponential,Weibull,LogNormal,Weibull,9
BAR_2_Plass17,Weekend,22,3,2,0.0732,Exponential,Weibull,LogNormal,Weibull,20
BAR_2_Plass17,Weekend,23,1,2,0.0244,Exponential,Weibull,LogNormal,Weibull,20
BAR_2_Plass17,Weekend,24,0,2,0.0,Exponential,Weibull,LogNormal,Weibull,20
ASK_Plass7,Weekend,1,5,2,0.0581,TruncGMM(K=3),Exponential,Weibull,TruncGMM(K=2),5
ASK_Plass7,Weekend,2,3,2,0.0349,TruncGMM(K=3),Exponential,Weibull,TruncGMM(K=2),20
ASK_Plass7,Weekend,3,0,2,0.0,TruncGMM(K=3),Exponential,Weibull,TruncGMM(K=2),20
ASK_Plass7,Weekend,4,2,2,0.0233,TruncGMM(K=3),Exponential,Weibull,TruncGMM(K=2),20
ASK_Plass7,Weekend,5,0,2,0.0,TruncGMM(K=3),Exponential,Weibull,TruncGMM(K=2),20
ASK_Plass7,Weekend,6,0,2,0.0,TruncGMM(K=3),Exponential,Weibull,TruncGMM(K=2),20
ASK_Plass7,Weekend,7,0,2,0.0,TruncGMM(K=3),Exponential,Weibull,TruncGMM(K=2),20
ASK_Plass7,Weekend,8,0,2,0.0,TruncGMM(K=3),Exponential,Weibull,TruncGMM(K=2),20
ASK_Plass7,Weekend,9,0,2,0.0,TruncGMM(K=3),Exponential,Weibull,TruncGMM(K=2),20
ASK_Plass7,Weekend,10,0,2,0.0,TruncGMM(K=3),Exponential,Weibull,TruncGMM(K=2),20
ASK_Plass7,Weekend,11,1,2,0.0116,TruncGMM(K=3),Exponential,Weibull,TruncGMM(K=2),20
ASK_Plass7,Weekend,12,1,2,0.0116,TruncGMM(K=3),Exponential,Weibull,TruncGMM(K=2),20
ASK_Plass7,Weekend,13,1,2,0.0116,TruncGMM(K=3),Exponential,Weibull,TruncGMM(K=2),20
ASK_Plass7,Weekend,14,4,2,0.0465,TruncGMM(K=3),Exponential,Weibull,TruncGMM(K=2),20
ASK_Plass7,Weekend,15,8,2,0.093,TruncGMM(K=3),Exponential,Weibull,TruncGMM(K=2),8
ASK_Plass7,Weekend,16,7,2,0.0814,TruncGMM(K=3),Exponential,Weibull,TruncGMM(K=2),7
ASK_Plass7,Weekend,17,9,2,0.1046,TruncGMM(K=3),Exponential,Weibull,TruncGMM(K=2),9
ASK_Plass7,Weekend,18,6,2,0.0698,TruncGMM(K=3),Exponential,Weibull,TruncGMM(K=2),6
ASK_Plass7,Weekend,19,10,2,0.1163,TruncGMM(K=3),Exponential,Weibull,TruncGMM(K=2),10
ASK_Plass7,Weekend,20,10,2,0.1163,TruncGMM(K=3),Exponential,Weibull,TruncGMM(K=2),10
ASK_Plass7,Weekend,21,3,2,0.0349,TruncGMM(K=3),Exponential,Weibull,TruncGMM(K=2),20
ASK_Plass7,Weekend,22,4,2,0.0465,TruncGMM(K=3),Exponential,Weibull,TruncGMM(K=2),20
ASK_Plass7,Weekend,23,8,2,0.093,TruncGMM(K=3),Exponential,Weibull,TruncGMM(K=2),8
ASK_Plass7,Weekend,24,4,2,0.0465,TruncGMM(K=3),Exponential,Weibull,TruncGMM(K=2),20
ASK_Plass57,Weekday,1,3,2,0.0109,TruncGMM(K=2),LogNormal,Weibull,TruncGMM(K=5),20
ASK_Plass57,Weekday,2,0,2,0.0,TruncGMM(K=2),LogNormal,Weibull,TruncGMM(K=5),20
ASK_Plass57,Weekday,3,0,2,0.0,TruncGMM(K=2),LogNormal,Weibull,TruncGMM(K=5),20
ASK_Plass57,Weekday,4,0,2,0.0,TruncGMM(K=2),LogNormal,Weibull,TruncGMM(K=5),20
ASK_Plass57,Weekday,5,0,2,0.0,TruncGMM(K=2),LogNormal,Weibull,TruncGMM(K=5),20
ASK_Plass57,Weekday,6,0,2,0.0,TruncGMM(K=2),LogNormal,Weibull,TruncGMM(K=5),20
ASK_Plass57,Weekday,7,0,2,0.0,TruncGMM(K=2),LogNormal,Weibull,TruncGMM(K=5),20
ASK_Plass57,Weekday,8,1,2,0.0036,TruncGMM(K=2),LogNormal,Weibull,TruncGMM(K=5),20
ASK_Plass57,Weekday,9,1,2,0.0036,TruncGMM(K=2),LogNormal,Weibull,TruncGMM(K=5),20
ASK_Plass57,Weekday,10,8,2,0.0291,TruncGMM(K=2),LogNormal,Weibull,TruncGMM(K=5),8
ASK_Plass57,Weekday,11,5,2,0.0182,TruncGMM(K=2),LogNormal,Weibull,TruncGMM(K=5),5
ASK_Plass57,Weekday,12,3,2,0.0109,TruncGMM(K=2),LogNormal,Weibull,TruncGMM(K=5),20
ASK_Plass57,Weekday,13,7,2,0.0255,TruncGMM(K=2),LogNormal,Weibull,TruncGMM(K=5),7
ASK_Plass57,Weekday,14,4,2,0.0145,TruncGMM(K=2),LogNormal,Weibull,TruncGMM(K=5),20
ASK_Plass57,Weekday,15,12,2,0.0436,TruncGMM(K=2),LogNormal,Weibull,TruncGMM(K=5),12
ASK_Plass57,Weekday,16,15,1,0.0545,Exponential,Exponential,LogNormal,Weibull,15
ASK_Plass57,Weekday,17,53,1,0.1927,TruncGMM(K=2),LogNormal,Weibull,TruncGMM(K=3),53
ASK_Plass57,Weekday,18,30,1,0.1091,TruncGMM(K=3),Weibull,Weibull,LogNormal,30
ASK_Plass57,Weekday,19,29,1,0.1055,TruncGMM(K=2),Exponential,Weibull,Weibull,29
ASK_Plass57,Weekday,20,44,1,0.16,TruncGMM(K=1),Weibull,Weibull,TruncGMM(K=1),44
ASK_Plass57,Weekday,21,29,1,0.1055,TruncGMM(K=3),LogNormal,TruncGMM(K=1),Weibull,29
ASK_Plass57,Weekday,22,24,1,0.0873,Exponential,Exponential,TruncGMM(K=1),LogNormal,24
ASK_Plass57,Weekday,23,7,2,0.0255,TruncGMM(K=2),LogNormal,Weibull,TruncGMM(K=5),7
ASK_Plass57,Weekday,24,0,2,0.0,TruncGMM(K=2),LogNormal,Weibull,TruncGMM(K=5),20
BAR_Plass121,Weekend,1,0,2,0.0,Exponential,Exponential,Weibull,TruncGMM(K=3),20
BAR_Plass121,Weekend,2,0,2,0.0,Exponential,Exponential,Weibull,TruncGMM(K=3),20
BAR_Plass121,Weekend,3,2,2,0.0526,Exponential,Exponential,Weibull,TruncGMM(K=3),20
BAR_Plass121,Weekend,4,0,2,0.0,Exponential,Exponential,Weibull,TruncGMM(K=3),20
BAR_Plass121,Weekend,5,0,2,0.0,Exponential,Exponential,Weibull,TruncGMM(K=3),20
BAR_Plass121,Weekend,6,0,2,0.0,Exponential,Exponential,Weibull,TruncGMM(K=3),20
BAR_Plass121,Weekend,7,0,2,0.0,Exponential,Exponential,Weibull,TruncGMM(K=3),20
BAR_Plass121,Weekend,8,0,2,0.0,Exponential,Exponential,Weibull,TruncGMM(K=3),20
BAR_Plass121,Weekend,9,0,2,0.0,Exponential,Exponential,Weibull,TruncGMM(K=3),20
BAR_Plass121,Weekend,10,0,2,0.0,Exponential,Exponential,Weibull,TruncGMM(K=3),20
BAR_Plass121,Weekend,11,1,2,0.0263,Exponential,Exponential,Weibull,TruncGMM(K=3),20
BAR_Plass121,Weekend,12,3,2,0.0789,Exponential,Exponential,Weibull,TruncGMM(K=3),20
BAR_Plass121,Weekend,13,0,2,0.0,Exponential,Exponential,Weibull,TruncGMM(K=3),20
BAR_Plass121,Weekend,14,2,2,0.0526,Exponential,Exponential,Weibull,TruncGMM(K=3),20
BAR_Plass121,Weekend,15,4,2,0.1053,Exponential,Exponential,Weibull,TruncGMM(K=3),20
BAR_Plass121,Weekend,16,3,2,0.0789,Exponential,Exponential,Weibull,TruncGMM(K=3),20
BAR_Plass121,Weekend,17,5,2,0.1316,Exponential,Exponential,Weibull,TruncGMM(K=3),5
BAR_Plass121,Weekend,18,4,2,0.1053,Exponential,Exponential,Weibull,TruncGMM(K=3),20
BAR_Plass121,Weekend,19,6,2,0.1579,Exponential,Exponential,Weibull,TruncGMM(K=3),6
BAR_Plass121,Weekend,20,2,2,0.0526,Exponential,Exponential,Weibull,TruncGMM(K=3),20
BAR_Plass121,Weekend,21,2,2,0.0526,Exponential,Exponential,Weibull,TruncGMM(K=3),20
BAR_Plass121,Weekend,22,3,2,0.0789,Exponential,Exponential,Weibull,TruncGMM(K=3),20
BAR_Plass121,Weekend,23,1,2,0.0263,Exponential,Exponential,Weibull,TruncGMM(K=3),20
BAR_Plass121,Weekend,24,0,2,0.0,Exponential,Exponential,Weibull,TruncGMM(K=3),20
OSL_T_71,Weekend,1,1,2,0.025,TruncGMM(K=1),Exponential,LogNormal,TruncGMM(K=2),20
OSL_T_71,Weekend,2,0,2,0.0,TruncGMM(K=1),Exponential,LogNormal,TruncGMM(K=2),20
OSL_T_71,Weekend,3,1,2,0.025,TruncGMM(K=1),Exponential,LogNormal,TruncGMM(K=2),20
OSL_T_71,Weekend,4,0,2,0.0,TruncGMM(K=1),Exponential,LogNormal,TruncGMM(K=2),20
OSL_T_71,Weekend,5,0,2,0.0,TruncGMM(K=1),Exponential,LogNormal,TruncGMM(K=2),20
OSL_T_71,Weekend,6,0,2,0.0,TruncGMM(K=1),Exponential,LogNormal,TruncGMM(K=2),20
OSL_T_71,Weekend,7,0,2,0.0,TruncGMM(K=1),Exponential,LogNormal,TruncGMM(K=2),20
OSL_T_71,Weekend,8,0,2,0.0,TruncGMM(K=1),Exponential,LogNormal,TruncGMM(K=2),20
OSL_T_71,Weekend,9,0,2,0.0,TruncGMM(K=1),Exponential,LogNormal,TruncGMM(K=2),20
OSL_T_71,Weekend,10,0,2,0.0,TruncGMM(K=1),Exponential,LogNormal,TruncGMM(K=2),20
OSL_T_71,Weekend,11,0,2,0.0,TruncGMM(K=1),Exponential,LogNormal,TruncGMM(K=2),20
OSL_T_71,Weekend,12,2,2,0.05,TruncGMM(K=1),Exponential,LogNormal,TruncGMM(K=2),20
OSL_T_71,Weekend,13,2,2,0.05,TruncGMM(K=1),Exponential,LogNormal,TruncGMM(K=2),20
OSL_T_71,Weekend,14,2,2,0.05,TruncGMM(K=1),Exponential,LogNormal,TruncGMM(K=2),20
OSL_T_71,Weekend,15,5,2,0.125,TruncGMM(K=1),Exponential,LogNormal,TruncGMM(K=2),5
OSL_T_71,Weekend,16,5,2,0.125,TruncGMM(K=1),Exponential,LogNormal,TruncGMM(K=2),5
OSL_T_71,Weekend,17,5,2,0.125,TruncGMM(K=1),Exponential,LogNormal,TruncGMM(K=2),5
OSL_T_71,Weekend,18,3,2,0.075,TruncGMM(K=1),Exponential,LogNormal,TruncGMM(K=2),20
OSL_T_71,Weekend,19,5,2,0.125,TruncGMM(K=1),Exponential,LogNormal,TruncGMM(K=2),5
OSL_T_71,Weekend,20,6,2,0.15,TruncGMM(K=1),Exponential,LogNormal,TruncGMM(K=2),6
OSL_T_71,Weekend,21,0,2,0.0,TruncGMM(K=1),Exponential,LogNormal,TruncGMM(K=2),20
OSL_T_71,Weekend,22,2,2,0.05,TruncGMM(K=1),Exponential,LogNormal,TruncGMM(K=2),20
OSL_T_71,Weekend,23,1,2,0.025,TruncGMM(K=1),Exponential,LogNormal,TruncGMM(K=2),20
OSL_T_71,Weekend,24,0,2,0.0,TruncGMM(K=1),Exponential,LogNormal,TruncGMM(K=2),20
ASK_Plass33,Weekend,1,1,2,0.0238,TruncGMM(K=1),Exponential,TruncGMM(K=1),TruncGMM(K=6),20
ASK_Plass33,Weekend,2,0,2,0.0,TruncGMM(K=1),Exponential,TruncGMM(K=1),TruncGMM(K=6),20
ASK_Plass33,Weekend,3,0,2,0.0,TruncGMM(K=1),Exponential,TruncGMM(K=1),TruncGMM(K=6),20
ASK_Plass33,Weekend,4,0,2,0.0,TruncGMM(K=1),Exponential,TruncGMM(K=1),TruncGMM(K=6),20
ASK_Plass33,Weekend,5,0,2,0.0,TruncGMM(K=1),Exponential,TruncGMM(K=1),TruncGMM(K=6),20
ASK_Plass33,Weekend,6,0,2,0.0,TruncGMM(K=1),Exponential,TruncGMM(K=1),TruncGMM(K=6),20
ASK_Plass33,Weekend,7,1,2,0.0238,TruncGMM(K=1),Exponential,TruncGMM(K=1),TruncGMM(K=6),20
ASK_Plass33,Weekend,8,0,2,0.0,TruncGMM(K=1),Exponential,TruncGMM(K=1),TruncGMM(K=6),20
ASK_Plass33,Weekend,9,0,2,0.0,TruncGMM(K=1),Exponential,TruncGMM(K=1),TruncGMM(K=6),20
ASK_Plass33,Weekend,10,0,2,0.0,TruncGMM(K=1),Exponential,TruncGMM(K=1),TruncGMM(K=6),20
ASK_Plass33,Weekend,11,0,2,0.0,TruncGMM(K=1),Exponential,TruncGMM(K=1),TruncGMM(K=6),20
ASK_Plass33,Weekend,12,0,2,0.0,TruncGMM(K=1),Exponential,TruncGMM(K=1),TruncGMM(K=6),20
ASK_Plass33,Weekend,13,5,2,0.119,TruncGMM(K=1),Exponential,TruncGMM(K=1),TruncGMM(K=6),5
ASK_Plass33,Weekend,14,6,2,0.1429,TruncGMM(K=1),Exponential,TruncGMM(K=1),TruncGMM(K=6),6
ASK_Plass33,Weekend,15,3,2,0.0714,TruncGMM(K=1),Exponential,TruncGMM(K=1),TruncGMM(K=6),20
ASK_Plass33,Weekend,16,3,2,0.0714,TruncGMM(K=1),Exponential,TruncGMM(K=1),TruncGMM(K=6),20
ASK_Plass33,Weekend,17,2,2,0.0476,TruncGMM(K=1),Exponential,TruncGMM(K=1),TruncGMM(K=6),20
ASK_Plass33,Weekend,18,4,2,0.0952,TruncGMM(K=1),Exponential,TruncGMM(K=1),TruncGMM(K=6),20
ASK_Plass33,Weekend,19,2,2,0.0476,TruncGMM(K=1),Exponential,TruncGMM(K=1),TruncGMM(K=6),20
ASK_Plass33,Weekend,20,4,2,0.0952,TruncGMM(K=1),Exponential,TruncGMM(K=1),TruncGMM(K=6),20
ASK_Plass33,Weekend,21,5,2,0.119,TruncGMM(K=1),Exponential,TruncGMM(K=1),TruncGMM(K=6),5
ASK_Plass33,Weekend,22,1,2,0.0238,TruncGMM(K=1),Exponential,TruncGMM(K=1),TruncGMM(K=6),20
ASK_Plass33,Weekend,23,3,2,0.0714,TruncGMM(K=1),Exponential,TruncGMM(K=1),TruncGMM(K=6),20
ASK_Plass33,Weekend,24,2,2,0.0476,TruncGMM(K=1),Exponential,TruncGMM(K=1),TruncGMM(K=6),20
KR_U8,Weekday,1,0,2,0.0,LogNormal,TruncGMM(K=5),Weibull,TruncGMM(K=2),20
KR_U8,Weekday,2,0,2,0.0,LogNormal,TruncGMM(K=5),Weibull,TruncGMM(K=2),20
KR_U8,Weekday,3,0,2,0.0,LogNormal,TruncGMM(K=5),Weibull,TruncGMM(K=2),20
KR_U8,Weekday,4,0,2,0.0,LogNormal,TruncGMM(K=5),Weibull,TruncGMM(K=2),20
KR_U8,Weekday,5,0,2,0.0,LogNormal,TruncGMM(K=5),Weibull,TruncGMM(K=2),20
KR_U8,Weekday,6,0,2,0.0,LogNormal,TruncGMM(K=5),Weibull,TruncGMM(K=2),20
KR_U8,Weekday,7,0,2,0.0,LogNormal,TruncGMM(K=5),Weibull,TruncGMM(K=2),20
KR_U8,Weekday,8,1,2,0.0116,LogNormal,TruncGMM(K=5),Weibull,TruncGMM(K=2),20
KR_U8,Weekday,9,2,2,0.0233,LogNormal,TruncGMM(K=5),Weibull,TruncGMM(K=2),20
KR_U8,Weekday,10,0,2,0.0,LogNormal,TruncGMM(K=5),Weibull,TruncGMM(K=2),20
KR_U8,Weekday,11,1,2,0.0116,LogNormal,TruncGMM(K=5),Weibull,TruncGMM(K=2),20
KR_U8,Weekday,12,1,2,0.0116,LogNormal,TruncGMM(K=5),Weibull,TruncGMM(K=2),20
KR_U8,Weekday,13,1,2,0.0116,LogNormal,TruncGMM(K=5),Weibull,TruncGMM(K=2),20
KR_U8,Weekday,14,1,2,0.0116,LogNormal,TruncGMM(K=5),Weibull,TruncGMM(K=2),20
KR_U8,Weekday,15,3,2,0.0349,LogNormal,TruncGMM(K=5),Weibull,TruncGMM(K=2),20
KR_U8,Weekday,16,4,2,0.0465,LogNormal,TruncGMM(K=5),Weibull,TruncGMM(K=2),20
KR_U8,Weekday,17,7,2,0.0814,LogNormal,TruncGMM(K=5),Weibull,TruncGMM(K=2),7
KR_U8,Weekday,18,29,1,0.3372,TruncGMM(K=2),TruncGMM(K=5),Weibull,TruncGMM(K=2),29
KR_U8,Weekday,19,16,1,0.186,LogNormal,TruncGMM(K=3),TruncGMM(K=1),LogNormal,16
KR_U8,Weekday,20,13,2,0.1512,LogNormal,TruncGMM(K=5),Weibull,TruncGMM(K=2),13
KR_U8,Weekday,21,2,2,0.0233,LogNormal,TruncGMM(K=5),Weibull,TruncGMM(K=2),20
KR_U8,Weekday,22,5,2,0.0581,LogNormal,TruncGMM(K=5),Weibull,TruncGMM(K=2),5
KR_U8,Weekday,23,0,2,0.0,LogNormal,TruncGMM(K=5),Weibull,TruncGMM(K=2),20
KR_U8,Weekday,24,0,2,0.0,LogNormal,TruncGMM(K=5),Weibull,TruncGMM(K=2),20
PS_4767,Weekday,1,0,2,0.0,TruncGMM(K=1),TruncGMM(K=6),TruncGMM(K=2),TruncGMM(K=2),20
PS_4767,Weekday,2,0,2,0.0,TruncGMM(K=1),TruncGMM(K=6),TruncGMM(K=2),TruncGMM(K=2),20
PS_4767,Weekday,3,1,2,0.0104,TruncGMM(K=1),TruncGMM(K=6),TruncGMM(K=2),TruncGMM(K=2),20
PS_4767,Weekday,4,0,2,0.0,TruncGMM(K=1),TruncGMM(K=6),TruncGMM(K=2),TruncGMM(K=2),20
PS_4767,Weekday,5,0,2,0.0,TruncGMM(K=1),TruncGMM(K=6),TruncGMM(K=2),TruncGMM(K=2),20
PS_4767,Weekday,6,0,2,0.0,TruncGMM(K=1),TruncGMM(K=6),TruncGMM(K=2),TruncGMM(K=2),20
PS_4767,Weekday,7,0,2,0.0,TruncGMM(K=1),TruncGMM(K=6),TruncGMM(K=2),TruncGMM(K=2),20
PS_4767,Weekday,8,3,2,0.0313,TruncGMM(K=1),TruncGMM(K=6),TruncGMM(K=2),TruncGMM(K=2),20
PS_4767,Weekday,9,1,2,0.0104,TruncGMM(K=1),TruncGMM(K=6),TruncGMM(K=2),TruncGMM(K=2),20
PS_4767,Weekday,10,1,2,0.0104,TruncGMM(K=1),TruncGMM(K=6),TruncGMM(K=2),TruncGMM(K=2),20
PS_4767,Weekday,11,1,2,0.0104,TruncGMM(K=1),TruncGMM(K=6),TruncGMM(K=2),TruncGMM(K=2),20
PS_4767,Weekday,12,0,2,0.0,TruncGMM(K=1),TruncGMM(K=6),TruncGMM(K=2),TruncGMM(K=2),20
PS_4767,Weekday,13,4,2,0.0417,TruncGMM(K=1),TruncGMM(K=6),TruncGMM(K=2),TruncGMM(K=2),20
PS_4767,Weekday,14,0,2,0.0,TruncGMM(K=1),TruncGMM(K=6),TruncGMM(K=2),TruncGMM(K=2),20
PS_4767,Weekday,15,3,2,0.0313,TruncGMM(K=1),TruncGMM(K=6),TruncGMM(K=2),TruncGMM(K=2),20
PS_4767,Weekday,16,3,2,0.0313,TruncGMM(K=1),TruncGMM(K=6),TruncGMM(K=2),TruncGMM(K=2),20
PS_4767,Weekday,17,9,2,0.0937,TruncGMM(K=1),TruncGMM(K=6),TruncGMM(K=2),TruncGMM(K=2),9
PS_4767,Weekday,18,10,2,0.1042,TruncGMM(K=1),TruncGMM(K=6),TruncGMM(K=2),TruncGMM(K=2),10
PS_4767,Weekday,19,31,1,0.3229,TruncGMM(K=1),Weibull,TruncGMM(K=2),TruncGMM(K=2),31
PS_4767,Weekday,20,14,2,0.1458,TruncGMM(K=1),TruncGMM(K=6),TruncGMM(K=2),TruncGMM(K=2),14
PS_4767,Weekday,21,7,2,0.0729,TruncGMM(K=1),TruncGMM(K=6),TruncGMM(K=2),TruncGMM(K=2),7
PS_4767,Weekday,22,3,2,0.0313,TruncGMM(K=1),TruncGMM(K=6),TruncGMM(K=2),TruncGMM(K=2),20
PS_4767,Weekday,23,5,2,0.0521,TruncGMM(K=1),TruncGMM(K=6),TruncGMM(K=2),TruncGMM(K=2),5
PS_4767,Weekday,24,0,2,0.0,TruncGMM(K=1),TruncGMM(K=6),TruncGMM(K=2),TruncGMM(K=2),20
OSL_S_KT160,Weekend,1,4,2,0.0702,LogNormal,TruncGMM(K=1),Weibull,TruncGMM(K=2),20
OSL_S_KT160,Weekend,2,3,2,0.0526,LogNormal,TruncGMM(K=1),Weibull,TruncGMM(K=2),20
OSL_S_KT160,Weekend,3,8,2,0.1403,LogNormal,TruncGMM(K=1),Weibull,TruncGMM(K=2),8
OSL_S_KT160,Weekend,4,7,2,0.1228,LogNormal,TruncGMM(K=1),Weibull,TruncGMM(K=2),7
OSL_S_KT160,Weekend,5,3,2,0.0526,LogNormal,TruncGMM(K=1),Weibull,TruncGMM(K=2),20
OSL_S_KT160,Weekend,6,0,2,0.0,LogNormal,TruncGMM(K=1),Weibull,TruncGMM(K=2),20
OSL_S_KT160,Weekend,7,0,2,0.0,LogNormal,TruncGMM(K=1),Weibull,TruncGMM(K=2),20
OSL_S_KT160,Weekend,8,0,2,0.0,LogNormal,TruncGMM(K=1),Weibull,TruncGMM(K=2),20
OSL_S_KT160,Weekend,9,0,2,0.0,LogNormal,TruncGMM(K=1),Weibull,TruncGMM(K=2),20
OSL_S_KT160,Weekend,10,0,2,0.0,LogNormal,TruncGMM(K=1),Weibull,TruncGMM(K=2),20
OSL_S_KT160,Weekend,11,1,2,0.0175,LogNormal,TruncGMM(K=1),Weibull,TruncGMM(K=2),20
OSL_S_KT160,Weekend,12,0,2,0.0,LogNormal,TruncGMM(K=1),Weibull,TruncGMM(K=2),20
OSL_S_KT160,Weekend,13,0,2,0.0,LogNormal,TruncGMM(K=1),Weibull,TruncGMM(K=2),20
OSL_S_KT160,Weekend,14,0,2,0.0,LogNormal,TruncGMM(K=1),Weibull,TruncGMM(K=2),20
OSL_S_KT160,Weekend,15,2,2,0.0351,LogNormal,TruncGMM(K=1),Weibull,TruncGMM(K=2),20
OSL_S_KT160,Weekend,16,11,2,0.193,LogNormal,TruncGMM(K=1),Weibull,TruncGMM(K=2),11
OSL_S_KT160,Weekend,17,3,2,0.0526,LogNormal,TruncGMM(K=1),Weibull,TruncGMM(K=2),20
OSL_S_KT160,Weekend,18,3,2,0.0526,LogNormal,TruncGMM(K=1),Weibull,TruncGMM(K=2),20
OSL_S_KT160,Weekend,19,0,2,0.0,LogNormal,TruncGMM(K=1),Weibull,TruncGMM(K=2),20
OSL_S_KT160,Weekend,20,2,2,0.0351,LogNormal,TruncGMM(K=1),Weibull,TruncGMM(K=2),20
OSL_S_KT160,Weekend,21,2,2,0.0351,LogNormal,TruncGMM(K=1),Weibull,TruncGMM(K=2),20
OSL_S_KT160,Weekend,22,2,2,0.0351,LogNormal,TruncGMM(K=1),Weibull,TruncGMM(K=2),20
OSL_S_KT160,Weekend,23,5,2,0.0877,LogNormal,TruncGMM(K=1),Weibull,TruncGMM(K=2),5
OSL_S_KT160,Weekend,24,1,2,0.0175,LogNormal,TruncGMM(K=1),Weibull,TruncGMM(K=2),20
OSL_S_KT173,Weekday,1,5,2,0.0289,TruncGMM(K=3),Exponential,TruncGMM(K=2),TruncGMM(K=4),5
OSL_S_KT173,Weekday,2,2,2,0.0116,TruncGMM(K=3),Exponential,TruncGMM(K=2),TruncGMM(K=4),20
OSL_S_KT173,Weekday,3,2,2,0.0116,TruncGMM(K=3),Exponential,TruncGMM(K=2),TruncGMM(K=4),20
OSL_S_KT173,Weekday,4,0,2,0.0,TruncGMM(K=3),Exponential,TruncGMM(K=2),TruncGMM(K=4),20
OSL_S_KT173,Weekday,5,0,2,0.0,TruncGMM(K=3),Exponential,TruncGMM(K=2),TruncGMM(K=4),20
OSL_S_KT173,Weekday,6,0,2,0.0,TruncGMM(K=3),Exponential,TruncGMM(K=2),TruncGMM(K=4),20
OSL_S_KT173,Weekday,7,0,2,0.0,TruncGMM(K=3),Exponential,TruncGMM(K=2),TruncGMM(K=4),20
OSL_S_KT173,Weekday,8,0,2,0.0,TruncGMM(K=3),Exponential,TruncGMM(K=2),TruncGMM(K=4),20
OSL_S_KT173,Weekday,9,0,2,0.0,TruncGMM(K=3),Exponential,TruncGMM(K=2),TruncGMM(K=4),20
OSL_S_KT173,Weekday,10,1,2,0.0058,TruncGMM(K=3),Exponential,TruncGMM(K=2),TruncGMM(K=4),20
OSL_S_KT173,Weekday,11,0,2,0.0,TruncGMM(K=3),Exponential,TruncGMM(K=2),TruncGMM(K=4),20
OSL_S_KT173,Weekday,12,1,2,0.0058,TruncGMM(K=3),Exponential,TruncGMM(K=2),TruncGMM(K=4),20
OSL_S_KT173,Weekday,13,0,2,0.0,TruncGMM(K=3),Exponential,TruncGMM(K=2),TruncGMM(K=4),20
OSL_S_KT173,Weekday,14,2,2,0.0116,TruncGMM(K=3),Exponential,TruncGMM(K=2),TruncGMM(K=4),20
OSL_S_KT173,Weekday,15,1,2,0.0058,TruncGMM(K=3),Exponential,TruncGMM(K=2),TruncGMM(K=4),20
OSL_S_KT173,Weekday,16,11,2,0.0636,TruncGMM(K=3),Exponential,TruncGMM(K=2),TruncGMM(K=4),11
OSL_S_KT173,Weekday,17,41,1,0.237,TruncGMM(K=3),Exponential,TruncGMM(K=2),LogNormal,41
OSL_S_KT173,Weekday,18,17,1,0.0983,Exponential,TruncGMM(K=4),TruncGMM(K=2),LogNormal,17
OSL_S_KT173,Weekday,19,15,1,0.0867,TruncGMM(K=1),Exponential,TruncGMM(K=2),TruncGMM(K=2),15
OSL_S_KT173,Weekday,20,12,2,0.0694,TruncGMM(K=3),Exponential,TruncGMM(K=2),TruncGMM(K=4),12
OSL_S_KT173,Weekday,21,16,1,0.0925,LogNormal,TruncGMM(K=3),TruncGMM(K=1),TruncGMM(K=1),16
OSL_S_KT173,Weekday,22,14,2,0.0809,TruncGMM(K=3),Exponential,TruncGMM(K=2),TruncGMM(K=4),14
OSL_S_KT173,Weekday,23,25,1,0.1445,TruncGMM(K=2),LogNormal,TruncGMM(K=1),LogNormal,25
OSL_S_KT173,Weekday,24,8,2,0.0462,TruncGMM(K=3),Exponential,TruncGMM(K=2),TruncGMM(K=4),8
TRO_R_UT15-2,Weekend,1,0,3,0.0,TruncGMM(K=3),Weibull,TruncGMM(K=3),TruncGMM(K=3),20
TRO_R_UT15-2,Weekend,2,0,3,0.0,TruncGMM(K=3),Weibull,TruncGMM(K=3),TruncGMM(K=3),20
TRO_R_UT15-2,Weekend,3,0,3,0.0,TruncGMM(K=3),Weibull,TruncGMM(K=3),TruncGMM(K=3),20
TRO_R_UT15-2,Weekend,4,0,3,0.0,TruncGMM(K=3),Weibull,TruncGMM(K=3),TruncGMM(K=3),20
TRO_R_UT15-2,Weekend,5,0,3,0.0,TruncGMM(K=3),Weibull,TruncGMM(K=3),TruncGMM(K=3),20
TRO_R_UT15-2,Weekend,6,0,3,0.0,TruncGMM(K=3),Weibull,TruncGMM(K=3),TruncGMM(K=3),20
TRO_R_UT15-2,Weekend,7,0,3,0.0,TruncGMM(K=3),Weibull,TruncGMM(K=3),TruncGMM(K=3),20
TRO_R_UT15-2,Weekend,8,0,3,0.0,TruncGMM(K=3),Weibull,TruncGMM(K=3),TruncGMM(K=3),20
TRO_R_UT15-2,Weekend,9,1,3,0.0909,TruncGMM(K=3),Weibull,TruncGMM(K=3),TruncGMM(K=3),20
TRO_R_UT15-2,Weekend,10,0,3,0.0,TruncGMM(K=3),Weibull,TruncGMM(K=3),TruncGMM(K=3),20
TRO_R_UT15-2,Weekend,11,0,3,0.0,TruncGMM(K=3),Weibull,TruncGMM(K=3),TruncGMM(K=3),20
TRO_R_UT15-2,Weekend,12,0,3,0.0,TruncGMM(K=3),Weibull,TruncGMM(K=3),TruncGMM(K=3),20
TRO_R_UT15-2,Weekend,13,0,3,0.0,TruncGMM(K=3),Weibull,TruncGMM(K=3),TruncGMM(K=3),20
TRO_R_UT15-2,Weekend,14,1,3,0.0909,TruncGMM(K=3),Weibull,TruncGMM(K=3),TruncGMM(K=3),20
TRO_R_UT15-2,Weekend,15,0,3,0.0,TruncGMM(K=3),Weibull,TruncGMM(K=3),TruncGMM(K=3),20
TRO_R_UT15-2,Weekend,16,2,3,0.1818,TruncGMM(K=3),Weibull,TruncGMM(K=3),TruncGMM(K=3),20
TRO_R_UT15-2,Weekend,17,0,3,0.0,TruncGMM(K=3),Weibull,TruncGMM(K=3),TruncGMM(K=3),20
TRO_R_UT15-2,Weekend,18,1,3,0.0909,TruncGMM(K=3),Weibull,TruncGMM(K=3),TruncGMM(K=3),20
TRO_R_UT15-2,Weekend,19,2,3,0.1818,TruncGMM(K=3),Weibull,TruncGMM(K=3),TruncGMM(K=3),20
TRO_R_UT15-2,Weekend,20,3,3,0.2727,TruncGMM(K=3),Weibull,TruncGMM(K=3),TruncGMM(K=3),20
TRO_R_UT15-2,Weekend,21,1,3,0.0909,TruncGMM(K=3),Weibull,TruncGMM(K=3),TruncGMM(K=3),20
TRO_R_UT15-2,Weekend,22,0,3,0.0,TruncGMM(K=3),Weibull,TruncGMM(K=3),TruncGMM(K=3),20
TRO_R_UT15-2,Weekend,23,0,3,0.0,TruncGMM(K=3),Weibull,TruncGMM(K=3),TruncGMM(K=3),20
TRO_R_UT15-2,Weekend,24,0,3,0.0,TruncGMM(K=3),Weibull,TruncGMM(K=3),TruncGMM(K=3),20
BAR_Plass126,Weekend,1,0,3,0.0,TruncGMM(K=3),Weibull,TruncGMM(K=3),TruncGMM(K=3),20
BAR_Plass126,Weekend,2,0,3,0.0,TruncGMM(K=3),Weibull,TruncGMM(K=3),TruncGMM(K=3),20
BAR_Plass126,Weekend,3,0,3,0.0,TruncGMM(K=3),Weibull,TruncGMM(K=3),TruncGMM(K=3),20
BAR_Plass126,Weekend,4,0,3,0.0,TruncGMM(K=3),Weibull,TruncGMM(K=3),TruncGMM(K=3),20
BAR_Plass126,Weekend,5,0,3,0.0,TruncGMM(K=3),Weibull,TruncGMM(K=3),TruncGMM(K=3),20
BAR_Plass126,Weekend,6,0,3,0.0,TruncGMM(K=3),Weibull,TruncGMM(K=3),TruncGMM(K=3),20
BAR_Plass126,Weekend,7,0,3,0.0,TruncGMM(K=3),Weibull,TruncGMM(K=3),TruncGMM(K=3),20
BAR_Plass126,Weekend,8,0,3,0.0,TruncGMM(K=3),Weibull,TruncGMM(K=3),TruncGMM(K=3),20
BAR_Plass126,Weekend,9,0,3,0.0,TruncGMM(K=3),Weibull,TruncGMM(K=3),TruncGMM(K=3),20
BAR_Plass126,Weekend,10,0,3,0.0,TruncGMM(K=3),Weibull,TruncGMM(K=3),TruncGMM(K=3),20
BAR_Plass126,Weekend,11,0,3,0.0,TruncGMM(K=3),Weibull,TruncGMM(K=3),TruncGMM(K=3),20
BAR_Plass126,Weekend,12,0,3,0.0,TruncGMM(K=3),Weibull,TruncGMM(K=3),TruncGMM(K=3),20
BAR_Plass126,Weekend,13,0,3,0.0,TruncGMM(K=3),Weibull,TruncGMM(K=3),TruncGMM(K=3),20
BAR_Plass126,Weekend,14,0,3,0.0,TruncGMM(K=3),Weibull,TruncGMM(K=3),TruncGMM(K=3),20
BAR_Plass126,Weekend,15,0,3,0.0,TruncGMM(K=3),Weibull,TruncGMM(K=3),TruncGMM(K=3),20
BAR_Plass126,Weekend,16,1,3,0.1428,TruncGMM(K=3),Weibull,TruncGMM(K=3),TruncGMM(K=3),20
BAR_Plass126,Weekend,17,1,3,0.1428,TruncGMM(K=3),Weibull,TruncGMM(K=3),TruncGMM(K=3),20
BAR_Plass126,Weekend,18,4,3,0.5712,TruncGMM(K=3),Weibull,TruncGMM(K=3),TruncGMM(K=3),20
BAR_Plass126,Weekend,19,1,3,0.1428,TruncGMM(K=3),Weibull,TruncGMM(K=3),TruncGMM(K=3),20
BAR_Plass126,Weekend,20,0,3,0.0,TruncGMM(K=3),Weibull,TruncGMM(K=3),TruncGMM(K=3),20
BAR_Plass126,Weekend,21,0,3,0.0,TruncGMM(K=3),Weibull,TruncGMM(K=3),TruncGMM(K=3),20
BAR_Plass126,Weekend,22,0,3,0.0,TruncGMM(K=3),Weibull,TruncGMM(K=3),TruncGMM(K=3),20
BAR_Plass126,Weekend,23,0,3,0.0,TruncGMM(K=3),Weibull,TruncGMM(K=3),TruncGMM(K=3),20
BAR_Plass126,Weekend,24,0,3,0.0,TruncGMM(K=3),Weibull,TruncGMM(K=3),TruncGMM(K=3),20
KR_U1764,Weekend,1,0,2,0.0,Weibull,TruncGMM(K=1),TruncGMM(K=2),Weibull,20
KR_U1764,Weekend,2,0,2,0.0,Weibull,TruncGMM(K=1),TruncGMM(K=2),Weibull,20
KR_U1764,Weekend,3,0,2,0.0,Weibull,TruncGMM(K=1),TruncGMM(K=2),Weibull,20
KR_U1764,Weekend,4,0,2,0.0,Weibull,TruncGMM(K=1),TruncGMM(K=2),Weibull,20
KR_U1764,Weekend,5,0,2,0.0,Weibull,TruncGMM(K=1),TruncGMM(K=2),Weibull,20
KR_U1764,Weekend,6,0,2,0.0,Weibull,TruncGMM(K=1),TruncGMM(K=2),Weibull,20
KR_U1764,Weekend,7,0,2,0.0,Weibull,TruncGMM(K=1),TruncGMM(K=2),Weibull,20
KR_U1764,Weekend,8,0,2,0.0,Weibull,TruncGMM(K=1),TruncGMM(K=2),Weibull,20
KR_U1764,Weekend,9,0,2,0.0,Weibull,TruncGMM(K=1),TruncGMM(K=2),Weibull,20
KR_U1764,Weekend,10,2,2,0.0909,Weibull,TruncGMM(K=1),TruncGMM(K=2),Weibull,20
KR_U1764,Weekend,11,0,2,0.0,Weibull,TruncGMM(K=1),TruncGMM(K=2),Weibull,20
KR_U1764,Weekend,12,0,2,0.0,Weibull,TruncGMM(K=1),TruncGMM(K=2),Weibull,20
KR_U1764,Weekend,13,1,2,0.0455,Weibull,TruncGMM(K=1),TruncGMM(K=2),Weibull,20
KR_U1764,Weekend,14,1,2,0.0455,Weibull,TruncGMM(K=1),TruncGMM(K=2),Weibull,20
KR_U1764,Weekend,15,2,2,0.0909,Weibull,TruncGMM(K=1),TruncGMM(K=2),Weibull,20
KR_U1764,Weekend,16,2,2,0.0909,Weibull,TruncGMM(K=1),TruncGMM(K=2),Weibull,20
KR_U1764,Weekend,17,3,2,0.1364,Weibull,TruncGMM(K=1),TruncGMM(K=2),Weibull,20
KR_U1764,Weekend,18,3,2,0.1364,Weibull,TruncGMM(K=1),TruncGMM(K=2),Weibull,20
KR_U1764,Weekend,19,2,2,0.0909,Weibull,TruncGMM(K=1),TruncGMM(K=2),Weibull,20
KR_U1764,Weekend,20,5,2,0.2273,Weibull,TruncGMM(K=1),TruncGMM(K=2),Weibull,5
KR_U1764,Weekend,21,0,2,0.0,Weibull,TruncGMM(K=1),TruncGMM(K=2),Weibull,20
KR_U1764,Weekend,22,0,2,0.0,Weibull,TruncGMM(K=1),TruncGMM(K=2),Weibull,20
KR_U1764,Weekend,23,0,2,0.0,Weibull,TruncGMM(K=1),TruncGMM(K=2),Weibull,20
KR_U1764,Weekend,24,1,2,0.0455,Weibull,TruncGMM(K=1),TruncGMM(K=2),Weibull,20
KR_U199,Weekend,1,0,3,0.0,TruncGMM(K=3),Weibull,TruncGMM(K=3),TruncGMM(K=3),20
KR_U199,Weekend,2,0,3,0.0,TruncGMM(K=3),Weibull,TruncGMM(K=3),TruncGMM(K=3),20
KR_U199,Weekend,3,0,3,0.0,TruncGMM(K=3),Weibull,TruncGMM(K=3),TruncGMM(K=3),20
KR_U199,Weekend,4,0,3,0.0,TruncGMM(K=3),Weibull,TruncGMM(K=3),TruncGMM(K=3),20
KR_U199,Weekend,5,0,3,0.0,TruncGMM(K=3),Weibull,TruncGMM(K=3),TruncGMM(K=3),20
KR_U199,Weekend,6,0,3,0.0,TruncGMM(K=3),Weibull,TruncGMM(K=3),TruncGMM(K=3),20
KR_U199,Weekend,7,0,3,0.0,TruncGMM(K=3),Weibull,TruncGMM(K=3),TruncGMM(K=3),20
KR_U199,Weekend,8,0,3,0.0,TruncGMM(K=3),Weibull,TruncGMM(K=3),TruncGMM(K=3),20
KR_U199,Weekend,9,0,3,0.0,TruncGMM(K=3),Weibull,TruncGMM(K=3),TruncGMM(K=3),20
KR_U199,Weekend,10,1,3,0.0833,TruncGMM(K=3),Weibull,TruncGMM(K=3),TruncGMM(K=3),20
KR_U199,Weekend,11,0,3,0.0,TruncGMM(K=3),Weibull,TruncGMM(K=3),TruncGMM(K=3),20
KR_U199,Weekend,12,0,3,0.0,TruncGMM(K=3),Weibull,TruncGMM(K=3),TruncGMM(K=3),20
KR_U199,Weekend,13,0,3,0.0,TruncGMM(K=3),Weibull,TruncGMM(K=3),TruncGMM(K=3),20
KR_U199,Weekend,14,0,3,0.0,TruncGMM(K=3),Weibull,TruncGMM(K=3),TruncGMM(K=3),20
KR_U199,Weekend,15,0,3,0.0,TruncGMM(K=3),Weibull,TruncGMM(K=3),TruncGMM(K=3),20
KR_U199,Weekend,16,0,3,0.0,TruncGMM(K=3),Weibull,TruncGMM(K=3),TruncGMM(K=3),20
KR_U199,Weekend,17,4,3,0.3333,TruncGMM(K=3),Weibull,TruncGMM(K=3),TruncGMM(K=3),20
KR_U199,Weekend,18,3,3,0.25,TruncGMM(K=3),Weibull,TruncGMM(K=3),TruncGMM(K=3),20
KR_U199,Weekend,19,1,3,0.0833,TruncGMM(K=3),Weibull,TruncGMM(K=3),TruncGMM(K=3),20
KR_U199,Weekend,20,3,3,0.25,TruncGMM(K=3),Weibull,TruncGMM(K=3),TruncGMM(K=3),20
KR_U199,Weekend,21,0,3,0.0,TruncGMM(K=3),Weibull,TruncGMM(K=3),TruncGMM(K=3),20
KR_U199,Weekend,22,0,3,0.0,TruncGMM(K=3),Weibull,TruncGMM(K=3),TruncGMM(K=3),20
KR_U199,Weekend,23,0,3,0.0,TruncGMM(K=3),Weibull,TruncGMM(K=3),TruncGMM(K=3),20
KR_U199,Weekend,24,0,3,0.0,TruncGMM(K=3),Weibull,TruncGMM(K=3),TruncGMM(K=3),20
BAR_Plass113,Weekday,1,1,2,0.0057,TruncGMM(K=3),Exponential,TruncGMM(K=3),TruncGMM(K=3),20
BAR_Plass113,Weekday,2,0,2,0.0,TruncGMM(K=3),Exponential,TruncGMM(K=3),TruncGMM(K=3),20
BAR_Plass113,Weekday,3,0,2,0.0,TruncGMM(K=3),Exponential,TruncGMM(K=3),TruncGMM(K=3),20
BAR_Plass113,Weekday,4,0,2,0.0,TruncGMM(K=3),Exponential,TruncGMM(K=3),TruncGMM(K=3),20
BAR_Plass113,Weekday,5,0,2,0.0,TruncGMM(K=3),Exponential,TruncGMM(K=3),TruncGMM(K=3),20
BAR_Plass113,Weekday,6,0,2,0.0,TruncGMM(K=3),Exponential,TruncGMM(K=3),TruncGMM(K=3),20
BAR_Plass113,Weekday,7,2,2,0.0113,TruncGMM(K=3),Exponential,TruncGMM(K=3),TruncGMM(K=3),20
BAR_Plass113,Weekday,8,1,2,0.0057,TruncGMM(K=3),Exponential,TruncGMM(K=3),TruncGMM(K=3),20
BAR_Plass113,Weekday,9,0,2,0.0,TruncGMM(K=3),Exponential,TruncGMM(K=3),TruncGMM(K=3),20
BAR_Plass113,Weekday,10,0,2,0.0,TruncGMM(K=3),Exponential,TruncGMM(K=3),TruncGMM(K=3),20
BAR_Plass113,Weekday,11,0,2,0.0,TruncGMM(K=3),Exponential,TruncGMM(K=3),TruncGMM(K=3),20
BAR_Plass113,Weekday,12,0,2,0.0,TruncGMM(K=3),Exponential,TruncGMM(K=3),TruncGMM(K=3),20
BAR_Plass113,Weekday,13,1,2,0.0057,TruncGMM(K=3),Exponential,TruncGMM(K=3),TruncGMM(K=3),20
BAR_Plass113,Weekday,14,1,2,0.0057,TruncGMM(K=3),Exponential,TruncGMM(K=3),TruncGMM(K=3),20
BAR_Plass113,Weekday,15,1,2,0.0057,TruncGMM(K=3),Exponential,TruncGMM(K=3),TruncGMM(K=3),20
BAR_Plass113,Weekday,16,2,2,0.0113,TruncGMM(K=3),Exponential,TruncGMM(K=3),TruncGMM(K=3),20
BAR_Plass113,Weekday,17,17,1,0.096,LogNormal,TruncGMM(K=4),LogNormal,TruncGMM(K=3),17
BAR_Plass113,Weekday,18,17,1,0.096,TruncGMM(K=2),Exponential,Exponential,TruncGMM(K=3),17
BAR_Plass113,Weekday,19,9,2,0.0508,TruncGMM(K=3),Exponential,TruncGMM(K=3),TruncGMM(K=3),9
BAR_Plass113,Weekday,20,17,1,0.096,TruncGMM(K=3),LogNormal,LogNormal,TruncGMM(K=2),17
BAR_Plass113,Weekday,21,44,1,0.2486,TruncGMM(K=1),Exponential,LogNormal,Weibull,44
BAR_Plass113,Weekday,22,46,1,0.2599,LogNormal,TruncGMM(K=4),TruncGMM(K=1),TruncGMM(K=2),46
BAR_Plass113,Weekday,23,14,2,0.0791,TruncGMM(K=3),Exponential,TruncGMM(K=3),TruncGMM(K=3),14
BAR_Plass113,Weekday,24,4,2,0.0226,TruncGMM(K=3),Exponential,TruncGMM(K=3),TruncGMM(K=3),20
OSL_T_72,Weekend,1,0,2,0.0,TruncGMM(K=3),Exponential,TruncGMM(K=2),Weibull,20
OSL_T_72,Weekend,2,0,2,0.0,TruncGMM(K=3),Exponential,TruncGMM(K=2),Weibull,20
OSL_T_72,Weekend,3,0,2,0.0,TruncGMM(K=3),Exponential,TruncGMM(K=2),Weibull,20
OSL_T_72,Weekend,4,0,2,0.0,TruncGMM(K=3),Exponential,TruncGMM(K=2),Weibull,20
OSL_T_72,Weekend,5,0,2,0.0,TruncGMM(K=3),Exponential,TruncGMM(K=2),Weibull,20
OSL_T_72,Weekend,6,0,2,0.0,TruncGMM(K=3),Exponential,TruncGMM(K=2),Weibull,20
OSL_T_72,Weekend,7,0,2,0.0,TruncGMM(K=3),Exponential,TruncGMM(K=2),Weibull,20
OSL_T_72,Weekend,8,0,2,0.0,TruncGMM(K=3),Exponential,TruncGMM(K=2),Weibull,20
OSL_T_72,Weekend,9,0,2,0.0,TruncGMM(K=3),Exponential,TruncGMM(K=2),Weibull,20
OSL_T_72,Weekend,10,0,2,0.0,TruncGMM(K=3),Exponential,TruncGMM(K=2),Weibull,20
OSL_T_72,Weekend,11,0,2,0.0,TruncGMM(K=3),Exponential,TruncGMM(K=2),Weibull,20
OSL_T_72,Weekend,12,4,2,0.0889,TruncGMM(K=3),Exponential,TruncGMM(K=2),Weibull,20
OSL_T_72,Weekend,13,2,2,0.0444,TruncGMM(K=3),Exponential,TruncGMM(K=2),Weibull,20
OSL_T_72,Weekend,14,2,2,0.0444,TruncGMM(K=3),Exponential,TruncGMM(K=2),Weibull,20
OSL_T_72,Weekend,15,5,2,0.1111,TruncGMM(K=3),Exponential,TruncGMM(K=2),Weibull,5
OSL_T_72,Weekend,16,2,2,0.0444,TruncGMM(K=3),Exponential,TruncGMM(K=2),Weibull,20
OSL_T_72,Weekend,17,7,2,0.1555,TruncGMM(K=3),Exponential,TruncGMM(K=2),Weibull,7
OSL_T_72,Weekend,18,4,2,0.0889,TruncGMM(K=3),Exponential,TruncGMM(K=2),Weibull,20
OSL_T_72,Weekend,19,6,2,0.1333,TruncGMM(K=3),Exponential,TruncGMM(K=2),Weibull,6
OSL_T_72,Weekend,20,6,2,0.1333,TruncGMM(K=3),Exponential,TruncGMM(K=2),Weibull,6
OSL_T_72,Weekend,21,6,2,0.1333,TruncGMM(K=3),Exponential,TruncGMM(K=2),Weibull,6
OSL_T_72,Weekend,22,1,2,0.0222,TruncGMM(K=3),Exponential,TruncGMM(K=2),Weibull,20
OSL_T_72,Weekend,23,0,2,0.0,TruncGMM(K=3),Exponential,TruncGMM(K=2),Weibull,20
OSL_T_72,Weekend,24,0,2,0.0,TruncGMM(K=3),Exponential,TruncGMM(K=2),Weibull,20
ASK_Plass21,Weekend,1,0,2,0.0,Exponential,Weibull,LogNormal,TruncGMM(K=2),20
ASK_Plass21,Weekend,2,0,2,0.0,Exponential,Weibull,LogNormal,TruncGMM(K=2),20
ASK_Plass21,Weekend,3,0,2,0.0,Exponential,Weibull,LogNormal,TruncGMM(K=2),20
ASK_Plass21,Weekend,4,0,2,0.0,Exponential,Weibull,LogNormal,TruncGMM(K=2),20
ASK_Plass21,Weekend,5,0,2,0.0,Exponential,Weibull,LogNormal,TruncGMM(K=2),20
ASK_Plass21,Weekend,6,0,2,0.0,Exponential,Weibull,LogNormal,TruncGMM(K=2),20
ASK_Plass21,Weekend,7,0,2,0.0,Exponential,Weibull,LogNormal,TruncGMM(K=2),20
ASK_Plass21,Weekend,8,0,2,0.0,Exponential,Weibull,LogNormal,TruncGMM(K=2),20
ASK_Plass21,Weekend,9,0,2,0.0,Exponential,Weibull,LogNormal,TruncGMM(K=2),20
ASK_Plass21,Weekend,10,0,2,0.0,Exponential,Weibull,LogNormal,TruncGMM(K=2),20
ASK_Plass21,Weekend,11,3,2,0.1034,Exponential,Weibull,LogNormal,TruncGMM(K=2),20
ASK_Plass21,Weekend,12,7,2,0.2414,Exponential,Weibull,LogNormal,TruncGMM(K=2),7
ASK_Plass21,Weekend,13,1,2,0.0345,Exponential,Weibull,LogNormal,TruncGMM(K=2),20
ASK_Plass21,Weekend,14,0,2,0.0,Exponential,Weibull,LogNormal,TruncGMM(K=2),20
ASK_Plass21,Weekend,15,3,2,0.1034,Exponential,Weibull,LogNormal,TruncGMM(K=2),20
ASK_Plass21,Weekend,16,3,2,0.1034,Exponential,Weibull,LogNormal,TruncGMM(K=2),20
ASK_Plass21,Weekend,17,7,2,0.2414,Exponential,Weibull,LogNormal,TruncGMM(K=2),7
ASK_Plass21,Weekend,18,1,2,0.0345,Exponential,Weibull,LogNormal,TruncGMM(K=2),20
ASK_Plass21,Weekend,19,2,2,0.069,Exponential,Weibull,LogNormal,TruncGMM(K=2),20
ASK_Plass21,Weekend,20,0,2,0.0,Exponential,Weibull,LogNormal,TruncGMM(K=2),20
ASK_Plass21,Weekend,21,1,2,0.0345,Exponential,Weibull,LogNormal,TruncGMM(K=2),20
ASK_Plass21,Weekend,22,0,2,0.0,Exponential,Weibull,LogNormal,TruncGMM(K=2),20
ASK_Plass21,Weekend,23,1,2,0.0345,Exponential,Weibull,LogNormal,TruncGMM(K=2),20
ASK_Plass21,Weekend,24,0,2,0.0,Exponential,Weibull,LogNormal,TruncGMM(K=2),20
KR_U507,Weekend,1,0,2,0.0,TruncGMM(K=2),Exponential,TruncGMM(K=2),Weibull,20
KR_U507,Weekend,2,0,2,0.0,TruncGMM(K=2),Exponential,TruncGMM(K=2),Weibull,20
KR_U507,Weekend,3,0,2,0.0,TruncGMM(K=2),Exponential,TruncGMM(K=2),Weibull,20
KR_U507,Weekend,4,0,2,0.0,TruncGMM(K=2),Exponential,TruncGMM(K=2),Weibull,20
KR_U507,Weekend,5,0,2,0.0,TruncGMM(K=2),Exponential,TruncGMM(K=2),Weibull,20
KR_U507,Weekend,6,0,2,0.0,TruncGMM(K=2),Exponential,TruncGMM(K=2),Weibull,20
KR_U507,Weekend,7,0,2,0.0,TruncGMM(K=2),Exponential,TruncGMM(K=2),Weibull,20
KR_U507,Weekend,8,0,2,0.0,TruncGMM(K=2),Exponential,TruncGMM(K=2),Weibull,20
KR_U507,Weekend,9,0,2,0.0,TruncGMM(K=2),Exponential,TruncGMM(K=2),Weibull,20
KR_U507,Weekend,10,1,2,0.0667,TruncGMM(K=2),Exponential,TruncGMM(K=2),Weibull,20
KR_U507,Weekend,11,0,2,0.0,TruncGMM(K=2),Exponential,TruncGMM(K=2),Weibull,20
KR_U507,Weekend,12,1,2,0.0667,TruncGMM(K=2),Exponential,TruncGMM(K=2),Weibull,20
KR_U507,Weekend,13,0,2,0.0,TruncGMM(K=2),Exponential,TruncGMM(K=2),Weibull,20
KR_U507,Weekend,14,0,2,0.0,TruncGMM(K=2),Exponential,TruncGMM(K=2),Weibull,20
KR_U507,Weekend,15,1,2,0.0667,TruncGMM(K=2),Exponential,TruncGMM(K=2),Weibull,20
KR_U507,Weekend,16,2,2,0.1333,TruncGMM(K=2),Exponential,TruncGMM(K=2),Weibull,20
KR_U507,Weekend,17,2,2,0.1333,TruncGMM(K=2),Exponential,TruncGMM(K=2),Weibull,20
KR_U507,Weekend,18,2,2,0.1333,TruncGMM(K=2),Exponential,TruncGMM(K=2),Weibull,20
KR_U507,Weekend,19,3,2,0.2,TruncGMM(K=2),Exponential,TruncGMM(K=2),Weibull,20
KR_U507,Weekend,20,1,2,0.0667,TruncGMM(K=2),Exponential,TruncGMM(K=2),Weibull,20
KR_U507,Weekend,21,1,2,0.0667,TruncGMM(K=2),Exponential,TruncGMM(K=2),Weibull,20
KR_U507,Weekend,22,1,2,0.0667,TruncGMM(K=2),Exponential,TruncGMM(K=2),Weibull,20
KR_U507,Weekend,23,0,2,0.0,TruncGMM(K=2),Exponential,TruncGMM(K=2),Weibull,20
KR_U507,Weekend,24,0,2,0.0,TruncGMM(K=2),Exponential,TruncGMM(K=2),Weibull,20
KR_U187,Weekend,1,3,2,0.12,TruncGMM(K=2),TruncGMM(K=3),TruncGMM(K=2),TruncGMM(K=2),20
KR_U187,Weekend,2,1,2,0.04,TruncGMM(K=2),TruncGMM(K=3),TruncGMM(K=2),TruncGMM(K=2),20
KR_U187,Weekend,3,1,2,0.04,TruncGMM(K=2),TruncGMM(K=3),TruncGMM(K=2),TruncGMM(K=2),20
KR_U187,Weekend,4,0,2,0.0,TruncGMM(K=2),TruncGMM(K=3),TruncGMM(K=2),TruncGMM(K=2),20
KR_U187,Weekend,5,0,2,0.0,TruncGMM(K=2),TruncGMM(K=3),TruncGMM(K=2),TruncGMM(K=2),20
KR_U187,Weekend,6,0,2,0.0,TruncGMM(K=2),TruncGMM(K=3),TruncGMM(K=2),TruncGMM(K=2),20
KR_U187,Weekend,7,0,2,0.0,TruncGMM(K=2),TruncGMM(K=3),TruncGMM(K=2),TruncGMM(K=2),20
KR_U187,Weekend,8,0,2,0.0,TruncGMM(K=2),TruncGMM(K=3),TruncGMM(K=2),TruncGMM(K=2),20
KR_U187,Weekend,9,0,2,0.0,TruncGMM(K=2),TruncGMM(K=3),TruncGMM(K=2),TruncGMM(K=2),20
KR_U187,Weekend,10,0,2,0.0,TruncGMM(K=2),TruncGMM(K=3),TruncGMM(K=2),TruncGMM(K=2),20
KR_U187,Weekend,11,0,2,0.0,TruncGMM(K=2),TruncGMM(K=3),TruncGMM(K=2),TruncGMM(K=2),20
KR_U187,Weekend,12,0,2,0.0,TruncGMM(K=2),TruncGMM(K=3),TruncGMM(K=2),TruncGMM(K=2),20
KR_U187,Weekend,13,0,2,0.0,TruncGMM(K=2),TruncGMM(K=3),TruncGMM(K=2),TruncGMM(K=2),20
KR_U187,Weekend,14,0,2,0.0,TruncGMM(K=2),TruncGMM(K=3),TruncGMM(K=2),TruncGMM(K=2),20
KR_U187,Weekend,15,0,2,0.0,TruncGMM(K=2),TruncGMM(K=3),TruncGMM(K=2),TruncGMM(K=2),20
KR_U187,Weekend,16,0,2,0.0,TruncGMM(K=2),TruncGMM(K=3),TruncGMM(K=2),TruncGMM(K=2),20
KR_U187,Weekend,17,0,2,0.0,TruncGMM(K=2),TruncGMM(K=3),TruncGMM(K=2),TruncGMM(K=2),20
KR_U187,Weekend,18,0,2,0.0,TruncGMM(K=2),TruncGMM(K=3),TruncGMM(K=2),TruncGMM(K=2),20
KR_U187,Weekend,19,0,2,0.0,TruncGMM(K=2),TruncGMM(K=3),TruncGMM(K=2),TruncGMM(K=2),20
KR_U187,Weekend,20,0,2,0.0,TruncGMM(K=2),TruncGMM(K=3),TruncGMM(K=2),TruncGMM(K=2),20
KR_U187,Weekend,21,0,2,0.0,TruncGMM(K=2),TruncGMM(K=3),TruncGMM(K=2),TruncGMM(K=2),20
KR_U187,Weekend,22,0,2,0.0,TruncGMM(K=2),TruncGMM(K=3),TruncGMM(K=2),TruncGMM(K=2),20
KR_U187,Weekend,23,0,2,0.0,TruncGMM(K=2),TruncGMM(K=3),TruncGMM(K=2),TruncGMM(K=2),20
KR_U187,Weekend,24,20,1,0.7999,TruncGMM(K=2),TruncGMM(K=4),TruncGMM(K=1),TruncGMM(K=1),20
TRO_R_AdA6-1,Weekday,1,0,2,0.0,TruncGMM(K=3),Exponential,LogNormal,TruncGMM(K=4),20
TRO_R_AdA6-1,Weekday,2,0,2,0.0,TruncGMM(K=3),Exponential,LogNormal,TruncGMM(K=4),20
TRO_R_AdA6-1,Weekday,3,0,2,0.0,TruncGMM(K=3),Exponential,LogNormal,TruncGMM(K=4),20
TRO_R_AdA6-1,Weekday,4,0,2,0.0,TruncGMM(K=3),Exponential,LogNormal,TruncGMM(K=4),20
TRO_R_AdA6-1,Weekday,5,0,2,0.0,TruncGMM(K=3),Exponential,LogNormal,TruncGMM(K=4),20
TRO_R_AdA6-1,Weekday,6,0,2,0.0,TruncGMM(K=3),Exponential,LogNormal,TruncGMM(K=4),20
TRO_R_AdA6-1,Weekday,7,0,2,0.0,TruncGMM(K=3),Exponential,LogNormal,TruncGMM(K=4),20
TRO_R_AdA6-1,Weekday,8,0,2,0.0,TruncGMM(K=3),Exponential,LogNormal,TruncGMM(K=4),20
TRO_R_AdA6-1,Weekday,9,0,2,0.0,TruncGMM(K=3),Exponential,LogNormal,TruncGMM(K=4),20
TRO_R_AdA6-1,Weekday,10,0,2,0.0,TruncGMM(K=3),Exponential,LogNormal,TruncGMM(K=4),20
TRO_R_AdA6-1,Weekday,11,0,2,0.0,TruncGMM(K=3),Exponential,LogNormal,TruncGMM(K=4),20
TRO_R_AdA6-1,Weekday,12,2,2,0.0185,TruncGMM(K=3),Exponential,LogNormal,TruncGMM(K=4),20
TRO_R_AdA6-1,Weekday,13,0,2,0.0,TruncGMM(K=3),Exponential,LogNormal,TruncGMM(K=4),20
TRO_R_AdA6-1,Weekday,14,1,2,0.0093,TruncGMM(K=3),Exponential,LogNormal,TruncGMM(K=4),20
TRO_R_AdA6-1,Weekday,15,5,2,0.0463,TruncGMM(K=3),Exponential,LogNormal,TruncGMM(K=4),5
TRO_R_AdA6-1,Weekday,16,29,1,0.2685,TruncGMM(K=3),Exponential,TruncGMM(K=2),TruncGMM(K=2),29
TRO_R_AdA6-1,Weekday,17,19,1,0.1759,TruncGMM(K=3),Exponential,LogNormal,TruncGMM(K=3),19
TRO_R_AdA6-1,Weekday,18,6,2,0.0556,TruncGMM(K=3),Exponential,LogNormal,TruncGMM(K=4),6
TRO_R_AdA6-1,Weekday,19,10,2,0.0926,TruncGMM(K=3),Exponential,LogNormal,TruncGMM(K=4),10
TRO_R_AdA6-1,Weekday,20,12,2,0.1111,TruncGMM(K=3),Exponential,LogNormal,TruncGMM(K=4),12
TRO_R_AdA6-1,Weekday,21,4,2,0.037,TruncGMM(K=3),Exponential,LogNormal,TruncGMM(K=4),20
TRO_R_AdA6-1,Weekday,22,2,2,0.0185,TruncGMM(K=3),Exponential,LogNormal,TruncGMM(K=4),20
TRO_R_AdA6-1,Weekday,23,17,1,0.1574,TruncGMM(K=2),TruncGMM(K=2),Weibull,TruncGMM(K=2),17
TRO_R_AdA6-1,Weekday,24,1,2,0.0093,TruncGMM(K=3),Exponential,LogNormal,TruncGMM(K=4),20
ASK_Plass37,Weekend,1,1,2,0.0154,Exponential,Weibull,TruncGMM(K=2),TruncGMM(K=1),20
ASK_Plass37,Weekend,2,0,2,0.0,Exponential,Weibull,TruncGMM(K=2),TruncGMM(K=1),20
ASK_Plass37,Weekend,3,0,2,0.0,Exponential,Weibull,TruncGMM(K=2),TruncGMM(K=1),20
ASK_Plass37,Weekend,4,0,2,0.0,Exponential,Weibull,TruncGMM(K=2),TruncGMM(K=1),20
ASK_Plass37,Weekend,5,0,2,0.0,Exponential,Weibull,TruncGMM(K=2),TruncGMM(K=1),20
ASK_Plass37,Weekend,6,0,2,0.0,Exponential,Weibull,TruncGMM(K=2),TruncGMM(K=1),20
ASK_Plass37,Weekend,7,0,2,0.0,Exponential,Weibull,TruncGMM(K=2),TruncGMM(K=1),20
ASK_Plass37,Weekend,8,1,2,0.0154,Exponential,Weibull,TruncGMM(K=2),TruncGMM(K=1),20
ASK_Plass37,Weekend,9,0,2,0.0,Exponential,Weibull,TruncGMM(K=2),TruncGMM(K=1),20
ASK_Plass37,Weekend,10,2,2,0.0308,Exponential,Weibull,TruncGMM(K=2),TruncGMM(K=1),20
ASK_Plass37,Weekend,11,3,2,0.0462,Exponential,Weibull,TruncGMM(K=2),TruncGMM(K=1),20
ASK_Plass37,Weekend,12,4,2,0.0615,Exponential,Weibull,TruncGMM(K=2),TruncGMM(K=1),20
ASK_Plass37,Weekend,13,2,2,0.0308,Exponential,Weibull,TruncGMM(K=2),TruncGMM(K=1),20
ASK_Plass37,Weekend,14,4,2,0.0615,Exponential,Weibull,TruncGMM(K=2),TruncGMM(K=1),20
ASK_Plass37,Weekend,15,4,2,0.0615,Exponential,Weibull,TruncGMM(K=2),TruncGMM(K=1),20
ASK_Plass37,Weekend,16,3,2,0.0462,Exponential,Weibull,TruncGMM(K=2),TruncGMM(K=1),20
ASK_Plass37,Weekend,17,6,2,0.0923,Exponential,Weibull,TruncGMM(K=2),TruncGMM(K=1),6
ASK_Plass37,Weekend,18,6,2,0.0923,Exponential,Weibull,TruncGMM(K=2),TruncGMM(K=1),6
ASK_Plass37,Weekend,19,5,2,0.0769,Exponential,Weibull,TruncGMM(K=2),TruncGMM(K=1),5
ASK_Plass37,Weekend,20,9,2,0.1385,Exponential,Weibull,TruncGMM(K=2),TruncGMM(K=1),9
ASK_Plass37,Weekend,21,6,2,0.0923,Exponential,Weibull,TruncGMM(K=2),TruncGMM(K=1),6
ASK_Plass37,Weekend,22,6,2,0.0923,Exponential,Weibull,TruncGMM(K=2),TruncGMM(K=1),6
ASK_Plass37,Weekend,23,2,2,0.0308,Exponential,Weibull,TruncGMM(K=2),TruncGMM(K=1),20
ASK_Plass37,Weekend,24,1,2,0.0154,Exponential,Weibull,TruncGMM(K=2),TruncGMM(K=1),20
KR_U1222,Weekday,1,0,2,0.0,LogNormal,TruncGMM(K=5),Weibull,Weibull,20
KR_U1222,Weekday,2,0,2,0.0,LogNormal,TruncGMM(K=5),Weibull,Weibull,20
KR_U1222,Weekday,3,0,2,0.0,LogNormal,TruncGMM(K=5),Weibull,Weibull,20
KR_U1222,Weekday,4,0,2,0.0,LogNormal,TruncGMM(K=5),Weibull,Weibull,20
KR_U1222,Weekday,5,0,2,0.0,LogNormal,TruncGMM(K=5),Weibull,Weibull,20
KR_U1222,Weekday,6,0,2,0.0,LogNormal,TruncGMM(K=5),Weibull,Weibull,20
KR_U1222,Weekday,7,0,2,0.0,LogNormal,TruncGMM(K=5),Weibull,Weibull,20
KR_U1222,Weekday,8,0,2,0.0,LogNormal,TruncGMM(K=5),Weibull,Weibull,20
KR_U1222,Weekday,9,1,2,0.0143,LogNormal,TruncGMM(K=5),Weibull,Weibull,20
KR_U1222,Weekday,10,0,2,0.0,LogNormal,TruncGMM(K=5),Weibull,Weibull,20
KR_U1222,Weekday,11,0,2,0.0,LogNormal,TruncGMM(K=5),Weibull,Weibull,20
KR_U1222,Weekday,12,0,2,0.0,LogNormal,TruncGMM(K=5),Weibull,Weibull,20
KR_U1222,Weekday,13,0,2,0.0,LogNormal,TruncGMM(K=5),Weibull,Weibull,20
KR_U1222,Weekday,14,0,2,0.0,LogNormal,TruncGMM(K=5),Weibull,Weibull,20
KR_U1222,Weekday,15,0,2,0.0,LogNormal,TruncGMM(K=5),Weibull,Weibull,20
KR_U1222,Weekday,16,1,2,0.0143,LogNormal,TruncGMM(K=5),Weibull,Weibull,20
KR_U1222,Weekday,17,1,2,0.0143,LogNormal,TruncGMM(K=5),Weibull,Weibull,20
KR_U1222,Weekday,18,56,1,0.8,LogNormal,TruncGMM(K=4),Weibull,TruncGMM(K=1),56
KR_U1222,Weekday,19,10,2,0.1429,LogNormal,TruncGMM(K=5),Weibull,Weibull,10
KR_U1222,Weekday,20,1,2,0.0143,LogNormal,TruncGMM(K=5),Weibull,Weibull,20
KR_U1222,Weekday,21,0,2,0.0,LogNormal,TruncGMM(K=5),Weibull,Weibull,20
KR_U1222,Weekday,22,0,2,0.0,LogNormal,TruncGMM(K=5),Weibull,Weibull,20
KR_U1222,Weekday,23,0,2,0.0,LogNormal,TruncGMM(K=5),Weibull,Weibull,20
KR_U1222,Weekday,24,0,2,0.0,LogNormal,TruncGMM(K=5),Weibull,Weibull,20
OSL_T_13,Weekend,1,8,2,0.1311,TruncGMM(K=2),Weibull,Weibull,TruncGMM(K=2),8
OSL_T_13,Weekend,2,4,2,0.0656,TruncGMM(K=2),Weibull,Weibull,TruncGMM(K=2),20
OSL_T_13,Weekend,3,1,2,0.0164,TruncGMM(K=2),Weibull,Weibull,TruncGMM(K=2),20
OSL_T_13,Weekend,4,2,2,0.0328,TruncGMM(K=2),Weibull,Weibull,TruncGMM(K=2),20
OSL_T_13,Weekend,5,2,2,0.0328,TruncGMM(K=2),Weibull,Weibull,TruncGMM(K=2),20
OSL_T_13,Weekend,6,2,2,0.0328,TruncGMM(K=2),Weibull,Weibull,TruncGMM(K=2),20
OSL_T_13,Weekend,7,0,2,0.0,TruncGMM(K=2),Weibull,Weibull,TruncGMM(K=2),20
OSL_T_13,Weekend,8,0,2,0.0,TruncGMM(K=2),Weibull,Weibull,TruncGMM(K=2),20
OSL_T_13,Weekend,9,1,2,0.0164,TruncGMM(K=2),Weibull,Weibull,TruncGMM(K=2),20
OSL_T_13,Weekend,10,0,2,0.0,TruncGMM(K=2),Weibull,Weibull,TruncGMM(K=2),20
OSL_T_13,Weekend,11,0,2,0.0,TruncGMM(K=2),Weibull,Weibull,TruncGMM(K=2),20
OSL_T_13,Weekend,12,1,2,0.0164,TruncGMM(K=2),Weibull,Weibull,TruncGMM(K=2),20
OSL_T_13,Weekend,13,0,2,0.0,TruncGMM(K=2),Weibull,Weibull,TruncGMM(K=2),20
OSL_T_13,Weekend,14,1,2,0.0164,TruncGMM(K=2),Weibull,Weibull,TruncGMM(K=2),20
OSL_T_13,Weekend,15,1,2,0.0164,TruncGMM(K=2),Weibull,Weibull,TruncGMM(K=2),20
OSL_T_13,Weekend,16,0,2,0.0,TruncGMM(K=2),Weibull,Weibull,TruncGMM(K=2),20
OSL_T_13,Weekend,17,1,2,0.0164,TruncGMM(K=2),Weibull,Weibull,TruncGMM(K=2),20
OSL_T_13,Weekend,18,3,2,0.0492,TruncGMM(K=2),Weibull,Weibull,TruncGMM(K=2),20
OSL_T_13,Weekend,19,2,2,0.0328,TruncGMM(K=2),Weibull,Weibull,TruncGMM(K=2),20
OSL_T_13,Weekend,20,4,2,0.0656,TruncGMM(K=2),Weibull,Weibull,TruncGMM(K=2),20
OSL_T_13,Weekend,21,9,2,0.1475,TruncGMM(K=2),Weibull,Weibull,TruncGMM(K=2),9
OSL_T_13,Weekend,22,5,2,0.082,TruncGMM(K=2),Weibull,Weibull,TruncGMM(K=2),5
OSL_T_13,Weekend,23,8,2,0.1311,TruncGMM(K=2),Weibull,Weibull,TruncGMM(K=2),8
OSL_T_13,Weekend,24,6,2,0.0984,TruncGMM(K=2),Weibull,Weibull,TruncGMM(K=2),6
OSL_T_38,Weekend,1,0,2,0.0,Weibull,Weibull,Weibull,TruncGMM(K=3),20
OSL_T_38,Weekend,2,0,2,0.0,Weibull,Weibull,Weibull,TruncGMM(K=3),20
OSL_T_38,Weekend,3,0,2,0.0,Weibull,Weibull,Weibull,TruncGMM(K=3),20
OSL_T_38,Weekend,4,0,2,0.0,Weibull,Weibull,Weibull,TruncGMM(K=3),20
OSL_T_38,Weekend,5,0,2,0.0,Weibull,Weibull,Weibull,TruncGMM(K=3),20
OSL_T_38,Weekend,6,0,2,0.0,Weibull,Weibull,Weibull,TruncGMM(K=3),20
OSL_T_38,Weekend,7,0,2,0.0,Weibull,Weibull,Weibull,TruncGMM(K=3),20
OSL_T_38,Weekend,8,1,2,0.0213,Weibull,Weibull,Weibull,TruncGMM(K=3),20
OSL_T_38,Weekend,9,3,2,0.0638,Weibull,Weibull,Weibull,TruncGMM(K=3),20
OSL_T_38,Weekend,10,2,2,0.0426,Weibull,Weibull,Weibull,TruncGMM(K=3),20
OSL_T_38,Weekend,11,3,2,0.0638,Weibull,Weibull,Weibull,TruncGMM(K=3),20
OSL_T_38,Weekend,12,0,2,0.0,Weibull,Weibull,Weibull,TruncGMM(K=3),20
OSL_T_38,Weekend,13,1,2,0.0213,Weibull,Weibull,Weibull,TruncGMM(K=3),20
OSL_T_38,Weekend,14,1,2,0.0213,Weibull,Weibull,Weibull,TruncGMM(K=3),20
OSL_T_38,Weekend,15,5,2,0.1064,Weibull,Weibull,Weibull,TruncGMM(K=3),5
OSL_T_38,Weekend,16,7,2,0.1489,Weibull,Weibull,Weibull,TruncGMM(K=3),7
OSL_T_38,Weekend,17,9,2,0.1915,Weibull,Weibull,Weibull,TruncGMM(K=3),9
OSL_T_38,Weekend,18,5,2,0.1064,Weibull,Weibull,Weibull,TruncGMM(K=3),5
OSL_T_38,Weekend,19,1,2,0.0213,Weibull,Weibull,Weibull,TruncGMM(K=3),20
OSL_T_38,Weekend,20,0,2,0.0,Weibull,Weibull,Weibull,TruncGMM(K=3),20
OSL_T_38,Weekend,21,2,2,0.0426,Weibull,Weibull,Weibull,TruncGMM(K=3),20
OSL_T_38,Weekend,22,1,2,0.0213,Weibull,Weibull,Weibull,TruncGMM(K=3),20
OSL_T_38,Weekend,23,5,2,0.1064,Weibull,Weibull,Weibull,TruncGMM(K=3),5
OSL_T_38,Weekend,24,1,2,0.0213,Weibull,Weibull,Weibull,TruncGMM(K=3),20
KRO_aYnkLAxyEe,Weekend,1,0,3,0.0,TruncGMM(K=3),Weibull,TruncGMM(K=3),TruncGMM(K=3),20
KRO_aYnkLAxyEe,Weekend,2,0,3,0.0,TruncGMM(K=3),Weibull,TruncGMM(K=3),TruncGMM(K=3),20
KRO_aYnkLAxyEe,Weekend,3,0,3,0.0,TruncGMM(K=3),Weibull,TruncGMM(K=3),TruncGMM(K=3),20
KRO_aYnkLAxyEe,Weekend,4,0,3,0.0,TruncGMM(K=3),Weibull,TruncGMM(K=3),TruncGMM(K=3),20
KRO_aYnkLAxyEe,Weekend,5,0,3,0.0,TruncGMM(K=3),Weibull,TruncGMM(K=3),TruncGMM(K=3),20
KRO_aYnkLAxyEe,Weekend,6,0,3,0.0,TruncGMM(K=3),Weibull,TruncGMM(K=3),TruncGMM(K=3),20
KRO_aYnkLAxyEe,Weekend,7,0,3,0.0,TruncGMM(K=3),Weibull,TruncGMM(K=3),TruncGMM(K=3),20
KRO_aYnkLAxyEe,Weekend,8,0,3,0.0,TruncGMM(K=3),Weibull,TruncGMM(K=3),TruncGMM(K=3),20
KRO_aYnkLAxyEe,Weekend,9,0,3,0.0,TruncGMM(K=3),Weibull,TruncGMM(K=3),TruncGMM(K=3),20
KRO_aYnkLAxyEe,Weekend,10,0,3,0.0,TruncGMM(K=3),Weibull,TruncGMM(K=3),TruncGMM(K=3),20
KRO_aYnkLAxyEe,Weekend,11,0,3,0.0,TruncGMM(K=3),Weibull,TruncGMM(K=3),TruncGMM(K=3),20
KRO_aYnkLAxyEe,Weekend,12,1,3,0.0769,TruncGMM(K=3),Weibull,TruncGMM(K=3),TruncGMM(K=3),20
KRO_aYnkLAxyEe,Weekend,13,1,3,0.0769,TruncGMM(K=3),Weibull,TruncGMM(K=3),TruncGMM(K=3),20
KRO_aYnkLAxyEe,Weekend,14,1,3,0.0769,TruncGMM(K=3),Weibull,TruncGMM(K=3),TruncGMM(K=3),20
KRO_aYnkLAxyEe,Weekend,15,1,3,0.0769,TruncGMM(K=3),Weibull,TruncGMM(K=3),TruncGMM(K=3),20
KRO_aYnkLAxyEe,Weekend,16,1,3,0.0769,TruncGMM(K=3),Weibull,TruncGMM(K=3),TruncGMM(K=3),20
KRO_aYnkLAxyEe,Weekend,17,4,3,0.3076,TruncGMM(K=3),Weibull,TruncGMM(K=3),TruncGMM(K=3),20
KRO_aYnkLAxyEe,Weekend,18,2,3,0.1538,TruncGMM(K=3),Weibull,TruncGMM(K=3),TruncGMM(K=3),20
KRO_aYnkLAxyEe,Weekend,19,1,3,0.0769,TruncGMM(K=3),Weibull,TruncGMM(K=3),TruncGMM(K=3),20
KRO_aYnkLAxyEe,Weekend,20,0,3,0.0,TruncGMM(K=3),Weibull,TruncGMM(K=3),TruncGMM(K=3),20
KRO_aYnkLAxyEe,Weekend,21,0,3,0.0,TruncGMM(K=3),Weibull,TruncGMM(K=3),TruncGMM(K=3),20
KRO_aYnkLAxyEe,Weekend,22,0,3,0.0,TruncGMM(K=3),Weibull,TruncGMM(K=3),TruncGMM(K=3),20
KRO_aYnkLAxyEe,Weekend,23,1,3,0.0769,TruncGMM(K=3),Weibull,TruncGMM(K=3),TruncGMM(K=3),20
KRO_aYnkLAxyEe,Weekend,24,0,3,0.0,TruncGMM(K=3),Weibull,TruncGMM(K=3),TruncGMM(K=3),20
OSL_T_63,Weekday,1,0,2,0.0,TruncGMM(K=2),TruncGMM(K=4),TruncGMM(K=2),TruncGMM(K=5),20
OSL_T_63,Weekday,2,1,2,0.0025,TruncGMM(K=2),TruncGMM(K=4),TruncGMM(K=2),TruncGMM(K=5),20
OSL_T_63,Weekday,3,0,2,0.0,TruncGMM(K=2),TruncGMM(K=4),TruncGMM(K=2),TruncGMM(K=5),20
OSL_T_63,Weekday,4,97,1,0.2462,TruncGMM(K=3),TruncGMM(K=4),LogNormal,TruncGMM(K=2),97
OSL_T_63,Weekday,5,127,1,0.3223,TruncGMM(K=3),TruncGMM(K=5),TruncGMM(K=3),TruncGMM(K=3),127
OSL_T_63,Weekday,6,31,1,0.0787,TruncGMM(K=3),LogNormal,TruncGMM(K=2),TruncGMM(K=2),31
OSL_T_63,Weekday,7,0,2,0.0,TruncGMM(K=2),TruncGMM(K=4),TruncGMM(K=2),TruncGMM(K=5),20
OSL_T_63,Weekday,8,0,2,0.0,TruncGMM(K=2),TruncGMM(K=4),TruncGMM(K=2),TruncGMM(K=5),20
OSL_T_63,Weekday,9,0,2,0.0,TruncGMM(K=2),TruncGMM(K=4),TruncGMM(K=2),TruncGMM(K=5),20
OSL_T_63,Weekday,10,1,2,0.0025,TruncGMM(K=2),TruncGMM(K=4),TruncGMM(K=2),TruncGMM(K=5),20
OSL_T_63,Weekday,11,12,2,0.0305,TruncGMM(K=2),TruncGMM(K=4),TruncGMM(K=2),TruncGMM(K=5),12
OSL_T_63,Weekday,12,46,1,0.1168,TruncGMM(K=3),TruncGMM(K=2),LogNormal,TruncGMM(K=1),46
OSL_T_63,Weekday,13,29,1,0.0736,LogNormal,TruncGMM(K=3),LogNormal,LogNormal,29
OSL_T_63,Weekday,14,10,2,0.0254,TruncGMM(K=2),TruncGMM(K=4),TruncGMM(K=2),TruncGMM(K=5),10
OSL_T_63,Weekday,15,24,1,0.0609,TruncGMM(K=3),TruncGMM(K=2),LogNormal,Weibull,24
OSL_T_63,Weekday,16,10,2,0.0254,TruncGMM(K=2),TruncGMM(K=4),TruncGMM(K=2),TruncGMM(K=5),10
OSL_T_63,Weekday,17,1,2,0.0025,TruncGMM(K=2),TruncGMM(K=4),TruncGMM(K=2),TruncGMM(K=5),20
OSL_T_63,Weekday,18,2,2,0.0051,TruncGMM(K=2),TruncGMM(K=4),TruncGMM(K=2),TruncGMM(K=5),20
OSL_T_63,Weekday,19,0,2,0.0,TruncGMM(K=2),TruncGMM(K=4),TruncGMM(K=2),TruncGMM(K=5),20
OSL_T_63,Weekday,20,3,2,0.0076,TruncGMM(K=2),TruncGMM(K=4),TruncGMM(K=2),TruncGMM(K=5),20
OSL_T_63,Weekday,21,0,2,0.0,TruncGMM(K=2),TruncGMM(K=4),TruncGMM(K=2),TruncGMM(K=5),20
OSL_T_63,Weekday,22,0,2,0.0,TruncGMM(K=2),TruncGMM(K=4),TruncGMM(K=2),TruncGMM(K=5),20
OSL_T_63,Weekday,23,0,2,0.0,TruncGMM(K=2),TruncGMM(K=4),TruncGMM(K=2),TruncGMM(K=5),20
OSL_T_63,Weekday,24,0,2,0.0,TruncGMM(K=2),TruncGMM(K=4),TruncGMM(K=2),TruncGMM(K=5),20
OSL_T_63,Weekend,1,0,2,0.0,TruncGMM(K=3),TruncGMM(K=2),TruncGMM(K=3),TruncGMM(K=3),20
OSL_T_63,Weekend,2,0,2,0.0,TruncGMM(K=3),TruncGMM(K=2),TruncGMM(K=3),TruncGMM(K=3),20
OSL_T_63,Weekend,3,0,2,0.0,TruncGMM(K=3),TruncGMM(K=2),TruncGMM(K=3),TruncGMM(K=3),20
OSL_T_63,Weekend,4,2,2,0.0392,TruncGMM(K=3),TruncGMM(K=2),TruncGMM(K=3),TruncGMM(K=3),20
OSL_T_63,Weekend,5,17,1,0.3333,TruncGMM(K=2),LogNormal,TruncGMM(K=3),TruncGMM(K=2),17
OSL_T_63,Weekend,6,6,2,0.1176,TruncGMM(K=3),TruncGMM(K=2),TruncGMM(K=3),TruncGMM(K=3),6
OSL_T_63,Weekend,7,0,2,0.0,TruncGMM(K=3),TruncGMM(K=2),TruncGMM(K=3),TruncGMM(K=3),20
OSL_T_63,Weekend,8,0,2,0.0,TruncGMM(K=3),TruncGMM(K=2),TruncGMM(K=3),TruncGMM(K=3),20
OSL_T_63,Weekend,9,0,2,0.0,TruncGMM(K=3),TruncGMM(K=2),TruncGMM(K=3),TruncGMM(K=3),20
OSL_T_63,Weekend,10,0,2,0.0,TruncGMM(K=3),TruncGMM(K=2),TruncGMM(K=3),TruncGMM(K=3),20
OSL_T_63,Weekend,11,0,2,0.0,TruncGMM(K=3),TruncGMM(K=2),TruncGMM(K=3),TruncGMM(K=3),20
OSL_T_63,Weekend,12,6,2,0.1176,TruncGMM(K=3),TruncGMM(K=2),TruncGMM(K=3),TruncGMM(K=3),6
OSL_T_63,Weekend,13,12,2,0.2353,TruncGMM(K=3),TruncGMM(K=2),TruncGMM(K=3),TruncGMM(K=3),12
OSL_T_63,Weekend,14,1,2,0.0196,TruncGMM(K=3),TruncGMM(K=2),TruncGMM(K=3),TruncGMM(K=3),20
OSL_T_63,Weekend,15,3,2,0.0588,TruncGMM(K=3),TruncGMM(K=2),TruncGMM(K=3),TruncGMM(K=3),20
OSL_T_63,Weekend,16,3,2,0.0588,TruncGMM(K=3),TruncGMM(K=2),TruncGMM(K=3),TruncGMM(K=3),20
OSL_T_63,Weekend,17,1,2,0.0196,TruncGMM(K=3),TruncGMM(K=2),TruncGMM(K=3),TruncGMM(K=3),20
OSL_T_63,Weekend,18,0,2,0.0,TruncGMM(K=3),TruncGMM(K=2),TruncGMM(K=3),TruncGMM(K=3),20
OSL_T_63,Weekend,19,0,2,0.0,TruncGMM(K=3),TruncGMM(K=2),TruncGMM(K=3),TruncGMM(K=3),20
OSL_T_63,Weekend,20,0,2,0.0,TruncGMM(K=3),TruncGMM(K=2),TruncGMM(K=3),TruncGMM(K=3),20
OSL_T_63,Weekend,21,0,2,0.0,TruncGMM(K=3),TruncGMM(K=2),TruncGMM(K=3),TruncGMM(K=3),20
OSL_T_63,Weekend,22,0,2,0.0,TruncGMM(K=3),TruncGMM(K=2),TruncGMM(K=3),TruncGMM(K=3),20
OSL_T_63,Weekend,23,0,2,0.0,TruncGMM(K=3),TruncGMM(K=2),TruncGMM(K=3),TruncGMM(K=3),20
OSL_T_63,Weekend,24,0,2,0.0,TruncGMM(K=3),TruncGMM(K=2),TruncGMM(K=3),TruncGMM(K=3),20
KR_U124,Weekend,1,0,2,0.0,TruncGMM(K=1),TruncGMM(K=2),LogNormal,TruncGMM(K=3),20
KR_U124,Weekend,2,0,2,0.0,TruncGMM(K=1),TruncGMM(K=2),LogNormal,TruncGMM(K=3),20
KR_U124,Weekend,3,0,2,0.0,TruncGMM(K=1),TruncGMM(K=2),LogNormal,TruncGMM(K=3),20
KR_U124,Weekend,4,0,2,0.0,TruncGMM(K=1),TruncGMM(K=2),LogNormal,TruncGMM(K=3),20
KR_U124,Weekend,5,0,2,0.0,TruncGMM(K=1),TruncGMM(K=2),LogNormal,TruncGMM(K=3),20
KR_U124,Weekend,6,0,2,0.0,TruncGMM(K=1),TruncGMM(K=2),LogNormal,TruncGMM(K=3),20
KR_U124,Weekend,7,0,2,0.0,TruncGMM(K=1),TruncGMM(K=2),LogNormal,TruncGMM(K=3),20
KR_U124,Weekend,8,0,2,0.0,TruncGMM(K=1),TruncGMM(K=2),LogNormal,TruncGMM(K=3),20
KR_U124,Weekend,9,0,2,0.0,TruncGMM(K=1),TruncGMM(K=2),LogNormal,TruncGMM(K=3),20
KR_U124,Weekend,10,0,2,0.0,TruncGMM(K=1),TruncGMM(K=2),LogNormal,TruncGMM(K=3),20
KR_U124,Weekend,11,0,2,0.0,TruncGMM(K=1),TruncGMM(K=2),LogNormal,TruncGMM(K=3),20
KR_U124,Weekend,12,0,2,0.0,TruncGMM(K=1),TruncGMM(K=2),LogNormal,TruncGMM(K=3),20
KR_U124,Weekend,13,0,2,0.0,TruncGMM(K=1),TruncGMM(K=2),LogNormal,TruncGMM(K=3),20
KR_U124,Weekend,14,0,2,0.0,TruncGMM(K=1),TruncGMM(K=2),LogNormal,TruncGMM(K=3),20
KR_U124,Weekend,15,1,2,0.0385,TruncGMM(K=1),TruncGMM(K=2),LogNormal,TruncGMM(K=3),20
KR_U124,Weekend,16,0,2,0.0,TruncGMM(K=1),TruncGMM(K=2),LogNormal,TruncGMM(K=3),20
KR_U124,Weekend,17,1,2,0.0385,TruncGMM(K=1),TruncGMM(K=2),LogNormal,TruncGMM(K=3),20
KR_U124,Weekend,18,1,2,0.0385,TruncGMM(K=1),TruncGMM(K=2),LogNormal,TruncGMM(K=3),20
KR_U124,Weekend,19,13,2,0.5,TruncGMM(K=1),TruncGMM(K=2),LogNormal,TruncGMM(K=3),13
KR_U124,Weekend,20,6,2,0.2308,TruncGMM(K=1),TruncGMM(K=2),LogNormal,TruncGMM(K=3),6
KR_U124,Weekend,21,2,2,0.0769,TruncGMM(K=1),TruncGMM(K=2),LogNormal,TruncGMM(K=3),20
KR_U124,Weekend,22,2,2,0.0769,TruncGMM(K=1),TruncGMM(K=2),LogNormal,TruncGMM(K=3),20
KR_U124,Weekend,23,0,2,0.0,TruncGMM(K=1),TruncGMM(K=2),LogNormal,TruncGMM(K=3),20
KR_U124,Weekend,24,0,2,0.0,TruncGMM(K=1),TruncGMM(K=2),LogNormal,TruncGMM(K=3),20
KR_U1230,Weekend,1,0,2,0.0,Weibull,TruncGMM(K=1),Weibull,LogNormal,20
KR_U1230,Weekend,2,0,2,0.0,Weibull,TruncGMM(K=1),Weibull,LogNormal,20
KR_U1230,Weekend,3,0,2,0.0,Weibull,TruncGMM(K=1),Weibull,LogNormal,20
KR_U1230,Weekend,4,0,2,0.0,Weibull,TruncGMM(K=1),Weibull,LogNormal,20
KR_U1230,Weekend,5,0,2,0.0,Weibull,TruncGMM(K=1),Weibull,LogNormal,20
KR_U1230,Weekend,6,0,2,0.0,Weibull,TruncGMM(K=1),Weibull,LogNormal,20
KR_U1230,Weekend,7,0,2,0.0,Weibull,TruncGMM(K=1),Weibull,LogNormal,20
KR_U1230,Weekend,8,0,2,0.0,Weibull,TruncGMM(K=1),Weibull,LogNormal,20
KR_U1230,Weekend,9,0,2,0.0,Weibull,TruncGMM(K=1),Weibull,LogNormal,20
KR_U1230,Weekend,10,0,2,0.0,Weibull,TruncGMM(K=1),Weibull,LogNormal,20
KR_U1230,Weekend,11,0,2,0.0,Weibull,TruncGMM(K=1),Weibull,LogNormal,20
KR_U1230,Weekend,12,0,2,0.0,Weibull,TruncGMM(K=1),Weibull,LogNormal,20
KR_U1230,Weekend,13,0,2,0.0,Weibull,TruncGMM(K=1),Weibull,LogNormal,20
KR_U1230,Weekend,14,0,2,0.0,Weibull,TruncGMM(K=1),Weibull,LogNormal,20
KR_U1230,Weekend,15,0,2,0.0,Weibull,TruncGMM(K=1),Weibull,LogNormal,20
KR_U1230,Weekend,16,2,2,0.1111,Weibull,TruncGMM(K=1),Weibull,LogNormal,20
KR_U1230,Weekend,17,3,2,0.1667,Weibull,TruncGMM(K=1),Weibull,LogNormal,20
KR_U1230,Weekend,18,12,2,0.6666,Weibull,TruncGMM(K=1),Weibull,LogNormal,12
KR_U1230,Weekend,19,0,2,0.0,Weibull,TruncGMM(K=1),Weibull,LogNormal,20
KR_U1230,Weekend,20,1,2,0.0556,Weibull,TruncGMM(K=1),Weibull,LogNormal,20
KR_U1230,Weekend,21,0,2,0.0,Weibull,TruncGMM(K=1),Weibull,LogNormal,20
KR_U1230,Weekend,22,0,2,0.0,Weibull,TruncGMM(K=1),Weibull,LogNormal,20
KR_U1230,Weekend,23,0,2,0.0,Weibull,TruncGMM(K=1),Weibull,LogNormal,20
KR_U1230,Weekend,24,0,2,0.0,Weibull,TruncGMM(K=1),Weibull,LogNormal,20
TRO_R_AdO3-3,Weekday,1,0,2,0.0,TruncGMM(K=3),Exponential,TruncGMM(K=1),TruncGMM(K=1),20
TRO_R_AdO3-3,Weekday,2,0,2,0.0,TruncGMM(K=3),Exponential,TruncGMM(K=1),TruncGMM(K=1),20
TRO_R_AdO3-3,Weekday,3,0,2,0.0,TruncGMM(K=3),Exponential,TruncGMM(K=1),TruncGMM(K=1),20
TRO_R_AdO3-3,Weekday,4,0,2,0.0,TruncGMM(K=3),Exponential,TruncGMM(K=1),TruncGMM(K=1),20
TRO_R_AdO3-3,Weekday,5,0,2,0.0,TruncGMM(K=3),Exponential,TruncGMM(K=1),TruncGMM(K=1),20
TRO_R_AdO3-3,Weekday,6,0,2,0.0,TruncGMM(K=3),Exponential,TruncGMM(K=1),TruncGMM(K=1),20
TRO_R_AdO3-3,Weekday,7,0,2,0.0,TruncGMM(K=3),Exponential,TruncGMM(K=1),TruncGMM(K=1),20
TRO_R_AdO3-3,Weekday,8,1,2,0.0135,TruncGMM(K=3),Exponential,TruncGMM(K=1),TruncGMM(K=1),20
TRO_R_AdO3-3,Weekday,9,3,2,0.0405,TruncGMM(K=3),Exponential,TruncGMM(K=1),TruncGMM(K=1),20
TRO_R_AdO3-3,Weekday,10,2,2,0.027,TruncGMM(K=3),Exponential,TruncGMM(K=1),TruncGMM(K=1),20
TRO_R_AdO3-3,Weekday,11,2,2,0.027,TruncGMM(K=3),Exponential,TruncGMM(K=1),TruncGMM(K=1),20
TRO_R_AdO3-3,Weekday,12,3,2,0.0405,TruncGMM(K=3),Exponential,TruncGMM(K=1),TruncGMM(K=1),20
TRO_R_AdO3-3,Weekday,13,4,2,0.0541,TruncGMM(K=3),Exponential,TruncGMM(K=1),TruncGMM(K=1),20
TRO_R_AdO3-3,Weekday,14,7,2,0.0946,TruncGMM(K=3),Exponential,TruncGMM(K=1),TruncGMM(K=1),7
TRO_R_AdO3-3,Weekday,15,4,2,0.0541,TruncGMM(K=3),Exponential,TruncGMM(K=1),TruncGMM(K=1),20
TRO_R_AdO3-3,Weekday,16,12,2,0.1622,TruncGMM(K=3),Exponential,TruncGMM(K=1),TruncGMM(K=1),12
TRO_R_AdO3-3,Weekday,17,9,2,0.1216,TruncGMM(K=3),Exponential,TruncGMM(K=1),TruncGMM(K=1),9
TRO_R_AdO3-3,Weekday,18,3,2,0.0405,TruncGMM(K=3),Exponential,TruncGMM(K=1),TruncGMM(K=1),20
TRO_R_AdO3-3,Weekday,19,7,2,0.0946,TruncGMM(K=3),Exponential,TruncGMM(K=1),TruncGMM(K=1),7
TRO_R_AdO3-3,Weekday,20,3,2,0.0405,TruncGMM(K=3),Exponential,TruncGMM(K=1),TruncGMM(K=1),20
TRO_R_AdO3-3,Weekday,21,4,2,0.0541,TruncGMM(K=3),Exponential,TruncGMM(K=1),TruncGMM(K=1),20
TRO_R_AdO3-3,Weekday,22,4,2,0.0541,TruncGMM(K=3),Exponential,TruncGMM(K=1),TruncGMM(K=1),20
TRO_R_AdO3-3,Weekday,23,0,2,0.0,TruncGMM(K=3),Exponential,TruncGMM(K=1),TruncGMM(K=1),20
TRO_R_AdO3-3,Weekday,24,6,2,0.0811,TruncGMM(K=3),Exponential,TruncGMM(K=1),TruncGMM(K=1),6
OSL_S_KT94,Weekend,1,0,2,0.0,Weibull,Exponential,Weibull,TruncGMM(K=1),20
OSL_S_KT94,Weekend,2,0,2,0.0,Weibull,Exponential,Weibull,TruncGMM(K=1),20
OSL_S_KT94,Weekend,3,0,2,0.0,Weibull,Exponential,Weibull,TruncGMM(K=1),20
OSL_S_KT94,Weekend,4,0,2,0.0,Weibull,Exponential,Weibull,TruncGMM(K=1),20
OSL_S_KT94,Weekend,5,0,2,0.0,Weibull,Exponential,Weibull,TruncGMM(K=1),20
OSL_S_KT94,Weekend,6,0,2,0.0,Weibull,Exponential,Weibull,TruncGMM(K=1),20
OSL_S_KT94,Weekend,7,1,2,0.0208,Weibull,Exponential,Weibull,TruncGMM(K=1),20
OSL_S_KT94,Weekend,8,0,2,0.0,Weibull,Exponential,Weibull,TruncGMM(K=1),20
OSL_S_KT94,Weekend,9,4,2,0.0833,Weibull,Exponential,Weibull,TruncGMM(K=1),20
OSL_S_KT94,Weekend,10,1,2,0.0208,Weibull,Exponential,Weibull,TruncGMM(K=1),20
OSL_S_KT94,Weekend,11,2,2,0.0417,Weibull,Exponential,Weibull,TruncGMM(K=1),20
OSL_S_KT94,Weekend,12,3,2,0.0625,Weibull,Exponential,Weibull,TruncGMM(K=1),20
OSL_S_KT94,Weekend,13,5,2,0.1042,Weibull,Exponential,Weibull,TruncGMM(K=1),5
OSL_S_KT94,Weekend,14,0,2,0.0,Weibull,Exponential,Weibull,TruncGMM(K=1),20
OSL_S_KT94,Weekend,15,4,2,0.0833,Weibull,Exponential,Weibull,TruncGMM(K=1),20
OSL_S_KT94,Weekend,16,3,2,0.0625,Weibull,Exponential,Weibull,TruncGMM(K=1),20
OSL_S_KT94,Weekend,17,2,2,0.0417,Weibull,Exponential,Weibull,TruncGMM(K=1),20
OSL_S_KT94,Weekend,18,4,2,0.0833,Weibull,Exponential,Weibull,TruncGMM(K=1),20
OSL_S_KT94,Weekend,19,2,2,0.0417,Weibull,Exponential,Weibull,TruncGMM(K=1),20
OSL_S_KT94,Weekend,20,2,2,0.0417,Weibull,Exponential,Weibull,TruncGMM(K=1),20
OSL_S_KT94,Weekend,21,2,2,0.0417,Weibull,Exponential,Weibull,TruncGMM(K=1),20
OSL_S_KT94,Weekend,22,1,2,0.0208,Weibull,Exponential,Weibull,TruncGMM(K=1),20
OSL_S_KT94,Weekend,23,11,2,0.2292,Weibull,Exponential,Weibull,TruncGMM(K=1),11
OSL_S_KT94,Weekend,24,1,2,0.0208,Weibull,Exponential,Weibull,TruncGMM(K=1),20
ASK_Plass23,Weekday,1,0,2,0.0,TruncGMM(K=3),TruncGMM(K=4),Weibull,TruncGMM(K=2),20
ASK_Plass23,Weekday,2,1,2,0.004,TruncGMM(K=3),TruncGMM(K=4),Weibull,TruncGMM(K=2),20
ASK_Plass23,Weekday,3,0,2,0.0,TruncGMM(K=3),TruncGMM(K=4),Weibull,TruncGMM(K=2),20
ASK_Plass23,Weekday,4,0,2,0.0,TruncGMM(K=3),TruncGMM(K=4),Weibull,TruncGMM(K=2),20
ASK_Plass23,Weekday,5,0,2,0.0,TruncGMM(K=3),TruncGMM(K=4),Weibull,TruncGMM(K=2),20
ASK_Plass23,Weekday,6,0,2,0.0,TruncGMM(K=3),TruncGMM(K=4),Weibull,TruncGMM(K=2),20
ASK_Plass23,Weekday,7,0,2,0.0,TruncGMM(K=3),TruncGMM(K=4),Weibull,TruncGMM(K=2),20
ASK_Plass23,Weekday,8,0,2,0.0,TruncGMM(K=3),TruncGMM(K=4),Weibull,TruncGMM(K=2),20
ASK_Plass23,Weekday,9,3,2,0.012,TruncGMM(K=3),TruncGMM(K=4),Weibull,TruncGMM(K=2),20
ASK_Plass23,Weekday,10,0,2,0.0,TruncGMM(K=3),TruncGMM(K=4),Weibull,TruncGMM(K=2),20
ASK_Plass23,Weekday,11,2,2,0.008,TruncGMM(K=3),TruncGMM(K=4),Weibull,TruncGMM(K=2),20
ASK_Plass23,Weekday,12,4,2,0.0159,TruncGMM(K=3),TruncGMM(K=4),Weibull,TruncGMM(K=2),20
ASK_Plass23,Weekday,13,2,2,0.008,TruncGMM(K=3),TruncGMM(K=4),Weibull,TruncGMM(K=2),20
ASK_Plass23,Weekday,14,4,2,0.0159,TruncGMM(K=3),TruncGMM(K=4),Weibull,TruncGMM(K=2),20
ASK_Plass23,Weekday,15,8,2,0.0319,TruncGMM(K=3),TruncGMM(K=4),Weibull,TruncGMM(K=2),8
ASK_Plass23,Weekday,16,18,1,0.0717,TruncGMM(K=2),Exponential,TruncGMM(K=1),LogNormal,18
ASK_Plass23,Weekday,17,13,2,0.0518,TruncGMM(K=3),TruncGMM(K=4),Weibull,TruncGMM(K=2),13
ASK_Plass23,Weekday,18,34,1,0.1355,TruncGMM(K=2),LogNormal,Weibull,TruncGMM(K=1),34
ASK_Plass23,Weekday,19,36,1,0.1434,TruncGMM(K=3),Exponential,TruncGMM(K=1),Weibull,36
ASK_Plass23,Weekday,20,30,1,0.1195,TruncGMM(K=2),Exponential,LogNormal,TruncGMM(K=1),30
ASK_Plass23,Weekday,21,42,1,0.1673,TruncGMM(K=3),TruncGMM(K=2),Weibull,TruncGMM(K=3),42
ASK_Plass23,Weekday,22,38,1,0.1514,LogNormal,LogNormal,Weibull,Weibull,38
ASK_Plass23,Weekday,23,15,1,0.0598,LogNormal,LogNormal,Weibull,TruncGMM(K=3),15
ASK_Plass23,Weekday,24,1,2,0.004,TruncGMM(K=3),TruncGMM(K=4),Weibull,TruncGMM(K=2),20
OSL_T_72,Weekday,1,0,2,0.0,TruncGMM(K=3),Exponential,TruncGMM(K=2),TruncGMM(K=1),20
OSL_T_72,Weekday,2,1,2,0.0079,TruncGMM(K=3),Exponential,TruncGMM(K=2),TruncGMM(K=1),20
OSL_T_72,Weekday,3,1,2,0.0079,TruncGMM(K=3),Exponential,TruncGMM(K=2),TruncGMM(K=1),20
OSL_T_72,Weekday,4,0,2,0.0,TruncGMM(K=3),Exponential,TruncGMM(K=2),TruncGMM(K=1),20
OSL_T_72,Weekday,5,0,2,0.0,TruncGMM(K=3),Exponential,TruncGMM(K=2),TruncGMM(K=1),20
OSL_T_72,Weekday,6,0,2,0.0,TruncGMM(K=3),Exponential,TruncGMM(K=2),TruncGMM(K=1),20
OSL_T_72,Weekday,7,0,2,0.0,TruncGMM(K=3),Exponential,TruncGMM(K=2),TruncGMM(K=1),20
OSL_T_72,Weekday,8,0,2,0.0,TruncGMM(K=3),Exponential,TruncGMM(K=2),TruncGMM(K=1),20
OSL_T_72,Weekday,9,7,2,0.0551,TruncGMM(K=3),Exponential,TruncGMM(K=2),TruncGMM(K=1),7
OSL_T_72,Weekday,10,5,2,0.0394,TruncGMM(K=3),Exponential,TruncGMM(K=2),TruncGMM(K=1),5
OSL_T_72,Weekday,11,6,2,0.0472,TruncGMM(K=3),Exponential,TruncGMM(K=2),TruncGMM(K=1),6
OSL_T_72,Weekday,12,8,2,0.063,TruncGMM(K=3),Exponential,TruncGMM(K=2),TruncGMM(K=1),8
OSL_T_72,Weekday,13,5,2,0.0394,TruncGMM(K=3),Exponential,TruncGMM(K=2),TruncGMM(K=1),5
OSL_T_72,Weekday,14,11,2,0.0866,TruncGMM(K=3),Exponential,TruncGMM(K=2),TruncGMM(K=1),11
OSL_T_72,Weekday,15,6,2,0.0472,TruncGMM(K=3),Exponential,TruncGMM(K=2),TruncGMM(K=1),6
OSL_T_72,Weekday,16,10,2,0.0787,TruncGMM(K=3),Exponential,TruncGMM(K=2),TruncGMM(K=1),10
OSL_T_72,Weekday,17,9,2,0.0709,TruncGMM(K=3),Exponential,TruncGMM(K=2),TruncGMM(K=1),9
OSL_T_72,Weekday,18,13,2,0.1024,TruncGMM(K=3),Exponential,TruncGMM(K=2),TruncGMM(K=1),13
OSL_T_72,Weekday,19,14,2,0.1102,TruncGMM(K=3),Exponential,TruncGMM(K=2),TruncGMM(K=1),14
OSL_T_72,Weekday,20,9,2,0.0709,TruncGMM(K=3),Exponential,TruncGMM(K=2),TruncGMM(K=1),9
OSL_T_72,Weekday,21,7,2,0.0551,TruncGMM(K=3),Exponential,TruncGMM(K=2),TruncGMM(K=1),7
OSL_T_72,Weekday,22,4,2,0.0315,TruncGMM(K=3),Exponential,TruncGMM(K=2),TruncGMM(K=1),20
OSL_T_72,Weekday,23,10,2,0.0787,TruncGMM(K=3),Exponential,TruncGMM(K=2),TruncGMM(K=1),10
OSL_T_72,Weekday,24,1,2,0.0079,TruncGMM(K=3),Exponential,TruncGMM(K=2),TruncGMM(K=1),20
KR_U127,Weekend,1,0,3,0.0001,TruncGMM(K=3),Weibull,TruncGMM(K=3),TruncGMM(K=3),20
KR_U127,Weekend,2,0,3,0.0001,TruncGMM(K=3),Weibull,TruncGMM(K=3),TruncGMM(K=3),20
KR_U127,Weekend,3,0,3,0.0001,TruncGMM(K=3),Weibull,TruncGMM(K=3),TruncGMM(K=3),20
KR_U127,Weekend,4,0,3,0.0001,TruncGMM(K=3),Weibull,TruncGMM(K=3),TruncGMM(K=3),20
KR_U127,Weekend,5,0,3,0.0001,TruncGMM(K=3),Weibull,TruncGMM(K=3),TruncGMM(K=3),20
KR_U127,Weekend,6,0,3,0.0001,TruncGMM(K=3),Weibull,TruncGMM(K=3),TruncGMM(K=3),20
KR_U127,Weekend,7,0,3,0.0001,TruncGMM(K=3),Weibull,TruncGMM(K=3),TruncGMM(K=3),20
KR_U127,Weekend,8,0,3,0.0001,TruncGMM(K=3),Weibull,TruncGMM(K=3),TruncGMM(K=3),20
KR_U127,Weekend,9,0,3,0.0001,TruncGMM(K=3),Weibull,TruncGMM(K=3),TruncGMM(K=3),20
KR_U127,Weekend,10,0,3,0.0001,TruncGMM(K=3),Weibull,TruncGMM(K=3),TruncGMM(K=3),20
KR_U127,Weekend,11,0,3,0.0001,TruncGMM(K=3),Weibull,TruncGMM(K=3),TruncGMM(K=3),20
KR_U127,Weekend,12,1,3,0.9977,TruncGMM(K=3),Weibull,TruncGMM(K=3),TruncGMM(K=3),20
KR_U127,Weekend,13,0,3,0.0001,TruncGMM(K=3),Weibull,TruncGMM(K=3),TruncGMM(K=3),20
KR_U127,Weekend,14,0,3,0.0001,TruncGMM(K=3),Weibull,TruncGMM(K=3),TruncGMM(K=3),20
KR_U127,Weekend,15,0,3,0.0001,TruncGMM(K=3),Weibull,TruncGMM(K=3),TruncGMM(K=3),20
KR_U127,Weekend,16,0,3,0.0001,TruncGMM(K=3),Weibull,TruncGMM(K=3),TruncGMM(K=3),20
KR_U127,Weekend,17,0,3,0.0001,TruncGMM(K=3),Weibull,TruncGMM(K=3),TruncGMM(K=3),20
KR_U127,Weekend,18,0,3,0.0001,TruncGMM(K=3),Weibull,TruncGMM(K=3),TruncGMM(K=3),20
KR_U127,Weekend,19,0,3,0.0001,TruncGMM(K=3),Weibull,TruncGMM(K=3),TruncGMM(K=3),20
KR_U127,Weekend,20,0,3,0.0001,TruncGMM(K=3),Weibull,TruncGMM(K=3),TruncGMM(K=3),20
KR_U127,Weekend,21,0,3,0.0001,TruncGMM(K=3),Weibull,TruncGMM(K=3),TruncGMM(K=3),20
KR_U127,Weekend,22,0,3,0.0001,TruncGMM(K=3),Weibull,TruncGMM(K=3),TruncGMM(K=3),20
KR_U127,Weekend,23,0,3,0.0001,TruncGMM(K=3),Weibull,TruncGMM(K=3),TruncGMM(K=3),20
KR_U127,Weekend,24,0,3,0.0001,TruncGMM(K=3),Weibull,TruncGMM(K=3),TruncGMM(K=3),20
OSL_S_KT125,Weekday,1,16,1,0.0599,Weibull,LogNormal,LogNormal,TruncGMM(K=1),16
OSL_S_KT125,Weekday,2,11,2,0.0412,Weibull,LogNormal,Weibull,TruncGMM(K=2),11
OSL_S_KT125,Weekday,3,10,2,0.0375,Weibull,LogNormal,Weibull,TruncGMM(K=2),10
OSL_S_KT125,Weekday,4,6,2,0.0225,Weibull,LogNormal,Weibull,TruncGMM(K=2),6
OSL_S_KT125,Weekday,5,4,2,0.015,Weibull,LogNormal,Weibull,TruncGMM(K=2),20
OSL_S_KT125,Weekday,6,2,2,0.0075,Weibull,LogNormal,Weibull,TruncGMM(K=2),20
OSL_S_KT125,Weekday,7,7,2,0.0262,Weibull,LogNormal,Weibull,TruncGMM(K=2),7
OSL_S_KT125,Weekday,8,0,2,0.0,Weibull,LogNormal,Weibull,TruncGMM(K=2),20
OSL_S_KT125,Weekday,9,4,2,0.015,Weibull,LogNormal,Weibull,TruncGMM(K=2),20
OSL_S_KT125,Weekday,10,1,2,0.0037,Weibull,LogNormal,Weibull,TruncGMM(K=2),20
OSL_S_KT125,Weekday,11,2,2,0.0075,Weibull,LogNormal,Weibull,TruncGMM(K=2),20
OSL_S_KT125,Weekday,12,5,2,0.0187,Weibull,LogNormal,Weibull,TruncGMM(K=2),5
OSL_S_KT125,Weekday,13,8,2,0.03,Weibull,LogNormal,Weibull,TruncGMM(K=2),8
OSL_S_KT125,Weekday,14,9,2,0.0337,Weibull,LogNormal,Weibull,TruncGMM(K=2),9
OSL_S_KT125,Weekday,15,12,2,0.0449,Weibull,LogNormal,Weibull,TruncGMM(K=2),12
OSL_S_KT125,Weekday,16,16,1,0.0599,TruncGMM(K=2),LogNormal,TruncGMM(K=3),LogNormal,16
OSL_S_KT125,Weekday,17,19,1,0.0712,Exponential,Exponential,LogNormal,TruncGMM(K=1),19
OSL_S_KT125,Weekday,18,18,1,0.0674,TruncGMM(K=2),LogNormal,TruncGMM(K=2),LogNormal,18
OSL_S_KT125,Weekday,19,13,2,0.0487,Weibull,LogNormal,Weibull,TruncGMM(K=2),13
OSL_S_KT125,Weekday,20,17,1,0.0637,Exponential,LogNormal,TruncGMM(K=3),LogNormal,17
OSL_S_KT125,Weekday,21,15,1,0.0562,TruncGMM(K=1),LogNormal,TruncGMM(K=1),TruncGMM(K=1),15
OSL_S_KT125,Weekday,22,18,1,0.0674,TruncGMM(K=1),Exponential,TruncGMM(K=1),TruncGMM(K=2),18
OSL_S_KT125,Weekday,23,28,1,0.1049,TruncGMM(K=1),Weibull,TruncGMM(K=1),Weibull,28
OSL_S_KT125,Weekday,24,26,1,0.0974,Weibull,Weibull,TruncGMM(K=1),TruncGMM(K=1),26
KR_U291,Weekend,1,0,2,0.0,TruncGMM(K=2),Exponential,TruncGMM(K=1),TruncGMM(K=1),20
KR_U291,Weekend,2,0,2,0.0,TruncGMM(K=2),Exponential,TruncGMM(K=1),TruncGMM(K=1),20
KR_U291,Weekend,3,0,2,0.0,TruncGMM(K=2),Exponential,TruncGMM(K=1),TruncGMM(K=1),20
KR_U291,Weekend,4,0,2,0.0,TruncGMM(K=2),Exponential,TruncGMM(K=1),TruncGMM(K=1),20
KR_U291,Weekend,5,0,2,0.0,TruncGMM(K=2),Exponential,TruncGMM(K=1),TruncGMM(K=1),20
KR_U291,Weekend,6,0,2,0.0,TruncGMM(K=2),Exponential,TruncGMM(K=1),TruncGMM(K=1),20
KR_U291,Weekend,7,0,2,0.0,TruncGMM(K=2),Exponential,TruncGMM(K=1),TruncGMM(K=1),20
KR_U291,Weekend,8,0,2,0.0,TruncGMM(K=2),Exponential,TruncGMM(K=1),TruncGMM(K=1),20
KR_U291,Weekend,9,0,2,0.0,TruncGMM(K=2),Exponential,TruncGMM(K=1),TruncGMM(K=1),20
KR_U291,Weekend,10,0,2,0.0,TruncGMM(K=2),Exponential,TruncGMM(K=1),TruncGMM(K=1),20
KR_U291,Weekend,11,0,2,0.0,TruncGMM(K=2),Exponential,TruncGMM(K=1),TruncGMM(K=1),20
KR_U291,Weekend,12,1,2,0.0357,TruncGMM(K=2),Exponential,TruncGMM(K=1),TruncGMM(K=1),20
KR_U291,Weekend,13,2,2,0.0714,TruncGMM(K=2),Exponential,TruncGMM(K=1),TruncGMM(K=1),20
KR_U291,Weekend,14,1,2,0.0357,TruncGMM(K=2),Exponential,TruncGMM(K=1),TruncGMM(K=1),20
KR_U291,Weekend,15,4,2,0.1428,TruncGMM(K=2),Exponential,TruncGMM(K=1),TruncGMM(K=1),20
KR_U291,Weekend,16,1,2,0.0357,TruncGMM(K=2),Exponential,TruncGMM(K=1),TruncGMM(K=1),20
KR_U291,Weekend,17,4,2,0.1428,TruncGMM(K=2),Exponential,TruncGMM(K=1),TruncGMM(K=1),20
KR_U291,Weekend,18,4,2,0.1428,TruncGMM(K=2),Exponential,TruncGMM(K=1),TruncGMM(K=1),20
KR_U291,Weekend,19,4,2,0.1428,TruncGMM(K=2),Exponential,TruncGMM(K=1),TruncGMM(K=1),20
KR_U291,Weekend,20,3,2,0.1071,TruncGMM(K=2),Exponential,TruncGMM(K=1),TruncGMM(K=1),20
KR_U291,Weekend,21,2,2,0.0714,TruncGMM(K=2),Exponential,TruncGMM(K=1),TruncGMM(K=1),20
KR_U291,Weekend,22,1,2,0.0357,TruncGMM(K=2),Exponential,TruncGMM(K=1),TruncGMM(K=1),20
KR_U291,Weekend,23,1,2,0.0357,TruncGMM(K=2),Exponential,TruncGMM(K=1),TruncGMM(K=1),20
KR_U291,Weekend,24,0,2,0.0,TruncGMM(K=2),Exponential,TruncGMM(K=1),TruncGMM(K=1),20
TRO_Plass25,Weekday,1,4,2,0.0199,TruncGMM(K=3),LogNormal,TruncGMM(K=3),TruncGMM(K=5),20
TRO_Plass25,Weekday,2,0,2,0.0,TruncGMM(K=3),LogNormal,TruncGMM(K=3),TruncGMM(K=5),20
TRO_Plass25,Weekday,3,0,2,0.0,TruncGMM(K=3),LogNormal,TruncGMM(K=3),TruncGMM(K=5),20
TRO_Plass25,Weekday,4,1,2,0.005,TruncGMM(K=3),LogNormal,TruncGMM(K=3),TruncGMM(K=5),20
TRO_Plass25,Weekday,5,0,2,0.0,TruncGMM(K=3),LogNormal,TruncGMM(K=3),TruncGMM(K=5),20
TRO_Plass25,Weekday,6,0,2,0.0,TruncGMM(K=3),LogNormal,TruncGMM(K=3),TruncGMM(K=5),20
TRO_Plass25,Weekday,7,0,2,0.0,TruncGMM(K=3),LogNormal,TruncGMM(K=3),TruncGMM(K=5),20
TRO_Plass25,Weekday,8,0,2,0.0,TruncGMM(K=3),LogNormal,TruncGMM(K=3),TruncGMM(K=5),20
TRO_Plass25,Weekday,9,0,2,0.0,TruncGMM(K=3),LogNormal,TruncGMM(K=3),TruncGMM(K=5),20
TRO_Plass25,Weekday,10,0,2,0.0,TruncGMM(K=3),LogNormal,TruncGMM(K=3),TruncGMM(K=5),20
TRO_Plass25,Weekday,11,2,2,0.01,TruncGMM(K=3),LogNormal,TruncGMM(K=3),TruncGMM(K=5),20
TRO_Plass25,Weekday,12,6,2,0.0299,TruncGMM(K=3),LogNormal,TruncGMM(K=3),TruncGMM(K=5),6
TRO_Plass25,Weekday,13,1,2,0.005,TruncGMM(K=3),LogNormal,TruncGMM(K=3),TruncGMM(K=5),20
TRO_Plass25,Weekday,14,1,2,0.005,TruncGMM(K=3),LogNormal,TruncGMM(K=3),TruncGMM(K=5),20
TRO_Plass25,Weekday,15,4,2,0.0199,TruncGMM(K=3),LogNormal,TruncGMM(K=3),TruncGMM(K=5),20
TRO_Plass25,Weekday,16,17,1,0.0846,TruncGMM(K=2),LogNormal,TruncGMM(K=2),Weibull,17
TRO_Plass25,Weekday,17,22,1,0.1095,LogNormal,LogNormal,TruncGMM(K=2),TruncGMM(K=1),22
TRO_Plass25,Weekday,18,5,2,0.0249,TruncGMM(K=3),LogNormal,TruncGMM(K=3),TruncGMM(K=5),5
TRO_Plass25,Weekday,19,12,2,0.0597,TruncGMM(K=3),LogNormal,TruncGMM(K=3),TruncGMM(K=5),12
TRO_Plass25,Weekday,20,14,2,0.0697,TruncGMM(K=3),LogNormal,TruncGMM(K=3),TruncGMM(K=5),14
TRO_Plass25,Weekday,21,21,1,0.1045,TruncGMM(K=2),Exponential,TruncGMM(K=2),LogNormal,21
TRO_Plass25,Weekday,22,42,1,0.209,TruncGMM(K=1),LogNormal,TruncGMM(K=3),LogNormal,42
TRO_Plass25,Weekday,23,30,1,0.1493,TruncGMM(K=1),Exponential,Weibull,Weibull,30
TRO_Plass25,Weekday,24,19,1,0.0945,TruncGMM(K=1),LogNormal,TruncGMM(K=2),LogNormal,19
PS_4373,Weekend,1,1,2,0.0083,Exponential,TruncGMM(K=3),LogNormal,TruncGMM(K=1),20
PS_4373,Weekend,2,0,2,0.0,Exponential,TruncGMM(K=3),LogNormal,TruncGMM(K=1),20
PS_4373,Weekend,3,0,2,0.0,Exponential,TruncGMM(K=3),LogNormal,TruncGMM(K=1),20
PS_4373,Weekend,4,0,2,0.0,Exponential,TruncGMM(K=3),LogNormal,TruncGMM(K=1),20
PS_4373,Weekend,5,0,2,0.0,Exponential,TruncGMM(K=3),LogNormal,TruncGMM(K=1),20
PS_4373,Weekend,6,0,2,0.0,Exponential,TruncGMM(K=3),LogNormal,TruncGMM(K=1),20
PS_4373,Weekend,7,2,2,0.0165,Exponential,TruncGMM(K=3),LogNormal,TruncGMM(K=1),20
PS_4373,Weekend,8,4,2,0.0331,Exponential,TruncGMM(K=3),LogNormal,TruncGMM(K=1),20
PS_4373,Weekend,9,8,2,0.0661,Exponential,TruncGMM(K=3),LogNormal,TruncGMM(K=1),8
PS_4373,Weekend,10,9,2,0.0744,Exponential,TruncGMM(K=3),LogNormal,TruncGMM(K=1),9
PS_4373,Weekend,11,11,2,0.0909,Exponential,TruncGMM(K=3),LogNormal,TruncGMM(K=1),11
PS_4373,Weekend,12,14,2,0.1157,Exponential,TruncGMM(K=3),LogNormal,TruncGMM(K=1),14
PS_4373,Weekend,13,14,2,0.1157,Exponential,TruncGMM(K=3),LogNormal,TruncGMM(K=1),14
PS_4373,Weekend,14,7,2,0.0579,Exponential,TruncGMM(K=3),LogNormal,TruncGMM(K=1),7
PS_4373,Weekend,15,13,2,0.1074,Exponential,TruncGMM(K=3),LogNormal,TruncGMM(K=1),13
PS_4373,Weekend,16,10,2,0.0826,Exponential,TruncGMM(K=3),LogNormal,TruncGMM(K=1),10
PS_4373,Weekend,17,11,2,0.0909,Exponential,TruncGMM(K=3),LogNormal,TruncGMM(K=1),11
PS_4373,Weekend,18,3,2,0.0248,Exponential,TruncGMM(K=3),LogNormal,TruncGMM(K=1),20
PS_4373,Weekend,19,5,2,0.0413,Exponential,TruncGMM(K=3),LogNormal,TruncGMM(K=1),5
PS_4373,Weekend,20,4,2,0.0331,Exponential,TruncGMM(K=3),LogNormal,TruncGMM(K=1),20
PS_4373,Weekend,21,2,2,0.0165,Exponential,TruncGMM(K=3),LogNormal,TruncGMM(K=1),20
PS_4373,Weekend,22,1,2,0.0083,Exponential,TruncGMM(K=3),LogNormal,TruncGMM(K=1),20
PS_4373,Weekend,23,2,2,0.0165,Exponential,TruncGMM(K=3),LogNormal,TruncGMM(K=1),20
PS_4373,Weekend,24,0,2,0.0,Exponential,TruncGMM(K=3),LogNormal,TruncGMM(K=1),20
OSL_T_76,Weekend,1,2,2,0.0714,Weibull,Exponential,TruncGMM(K=2),TruncGMM(K=2),20
OSL_T_76,Weekend,2,1,2,0.0357,Weibull,Exponential,TruncGMM(K=2),TruncGMM(K=2),20
OSL_T_76,Weekend,3,1,2,0.0357,Weibull,Exponential,TruncGMM(K=2),TruncGMM(K=2),20
OSL_T_76,Weekend,4,1,2,0.0357,Weibull,Exponential,TruncGMM(K=2),TruncGMM(K=2),20
OSL_T_76,Weekend,5,0,2,0.0,Weibull,Exponential,TruncGMM(K=2),TruncGMM(K=2),20
OSL_T_76,Weekend,6,0,2,0.0,Weibull,Exponential,TruncGMM(K=2),TruncGMM(K=2),20
OSL_T_76,Weekend,7,0,2,0.0,Weibull,Exponential,TruncGMM(K=2),TruncGMM(K=2),20
OSL_T_76,Weekend,8,0,2,0.0,Weibull,Exponential,TruncGMM(K=2),TruncGMM(K=2),20
OSL_T_76,Weekend,9,0,2,0.0,Weibull,Exponential,TruncGMM(K=2),TruncGMM(K=2),20
OSL_T_76,Weekend,10,0,2,0.0,Weibull,Exponential,TruncGMM(K=2),TruncGMM(K=2),20
OSL_T_76,Weekend,11,0,2,0.0,Weibull,Exponential,TruncGMM(K=2),TruncGMM(K=2),20
OSL_T_76,Weekend,12,0,2,0.0,Weibull,Exponential,TruncGMM(K=2),TruncGMM(K=2),20
OSL_T_76,Weekend,13,1,2,0.0357,Weibull,Exponential,TruncGMM(K=2),TruncGMM(K=2),20
OSL_T_76,Weekend,14,1,2,0.0357,Weibull,Exponential,TruncGMM(K=2),TruncGMM(K=2),20
OSL_T_76,Weekend,15,1,2,0.0357,Weibull,Exponential,TruncGMM(K=2),TruncGMM(K=2),20
OSL_T_76,Weekend,16,0,2,0.0,Weibull,Exponential,TruncGMM(K=2),TruncGMM(K=2),20
OSL_T_76,Weekend,17,1,2,0.0357,Weibull,Exponential,TruncGMM(K=2),TruncGMM(K=2),20
OSL_T_76,Weekend,18,0,2,0.0,Weibull,Exponential,TruncGMM(K=2),TruncGMM(K=2),20
OSL_T_76,Weekend,19,4,2,0.1428,Weibull,Exponential,TruncGMM(K=2),TruncGMM(K=2),20
OSL_T_76,Weekend,20,6,2,0.2143,Weibull,Exponential,TruncGMM(K=2),TruncGMM(K=2),6
OSL_T_76,Weekend,21,4,2,0.1428,Weibull,Exponential,TruncGMM(K=2),TruncGMM(K=2),20
OSL_T_76,Weekend,22,3,2,0.1071,Weibull,Exponential,TruncGMM(K=2),TruncGMM(K=2),20
OSL_T_76,Weekend,23,1,2,0.0357,Weibull,Exponential,TruncGMM(K=2),TruncGMM(K=2),20
OSL_T_76,Weekend,24,1,2,0.0357,Weibull,Exponential,TruncGMM(K=2),TruncGMM(K=2),20
TRO_R_AdO1-2,Weekday,1,2,2,0.0157,TruncGMM(K=3),Exponential,TruncGMM(K=1),TruncGMM(K=2),20
TRO_R_AdO1-2,Weekday,2,2,2,0.0157,TruncGMM(K=3),Exponential,TruncGMM(K=1),TruncGMM(K=2),20
TRO_R_AdO1-2,Weekday,3,0,2,0.0,TruncGMM(K=3),Exponential,TruncGMM(K=1),TruncGMM(K=2),20
TRO_R_AdO1-2,Weekday,4,1,2,0.0079,TruncGMM(K=3),Exponential,TruncGMM(K=1),TruncGMM(K=2),20
TRO_R_AdO1-2,Weekday,5,0,2,0.0,TruncGMM(K=3),Exponential,TruncGMM(K=1),TruncGMM(K=2),20
TRO_R_AdO1-2,Weekday,6,0,2,0.0,TruncGMM(K=3),Exponential,TruncGMM(K=1),TruncGMM(K=2),20
TRO_R_AdO1-2,Weekday,7,0,2,0.0,TruncGMM(K=3),Exponential,TruncGMM(K=1),TruncGMM(K=2),20
TRO_R_AdO1-2,Weekday,8,0,2,0.0,TruncGMM(K=3),Exponential,TruncGMM(K=1),TruncGMM(K=2),20
TRO_R_AdO1-2,Weekday,9,0,2,0.0,TruncGMM(K=3),Exponential,TruncGMM(K=1),TruncGMM(K=2),20
TRO_R_AdO1-2,Weekday,10,0,2,0.0,TruncGMM(K=3),Exponential,TruncGMM(K=1),TruncGMM(K=2),20
TRO_R_AdO1-2,Weekday,11,1,2,0.0079,TruncGMM(K=3),Exponential,TruncGMM(K=1),TruncGMM(K=2),20
TRO_R_AdO1-2,Weekday,12,0,2,0.0,TruncGMM(K=3),Exponential,TruncGMM(K=1),TruncGMM(K=2),20
TRO_R_AdO1-2,Weekday,13,1,2,0.0079,TruncGMM(K=3),Exponential,TruncGMM(K=1),TruncGMM(K=2),20
TRO_R_AdO1-2,Weekday,14,15,1,0.1181,TruncGMM(K=2),TruncGMM(K=5),TruncGMM(K=1),Weibull,15
TRO_R_AdO1-2,Weekday,15,9,2,0.0709,TruncGMM(K=3),Exponential,TruncGMM(K=1),TruncGMM(K=2),9
TRO_R_AdO1-2,Weekday,16,11,2,0.0866,TruncGMM(K=3),Exponential,TruncGMM(K=1),TruncGMM(K=2),11
TRO_R_AdO1-2,Weekday,17,18,1,0.1417,TruncGMM(K=2),Exponential,TruncGMM(K=1),Weibull,18
TRO_R_AdO1-2,Weekday,18,12,2,0.0945,TruncGMM(K=3),Exponential,TruncGMM(K=1),TruncGMM(K=2),12
TRO_R_AdO1-2,Weekday,19,11,2,0.0866,TruncGMM(K=3),Exponential,TruncGMM(K=1),TruncGMM(K=2),11
TRO_R_AdO1-2,Weekday,20,13,2,0.1024,TruncGMM(K=3),Exponential,TruncGMM(K=1),TruncGMM(K=2),13
TRO_R_AdO1-2,Weekday,21,17,1,0.1339,TruncGMM(K=2),Exponential,Weibull,LogNormal,17
TRO_R_AdO1-2,Weekday,22,6,2,0.0472,TruncGMM(K=3),Exponential,TruncGMM(K=1),TruncGMM(K=2),6
TRO_R_AdO1-2,Weekday,23,6,2,0.0472,TruncGMM(K=3),Exponential,TruncGMM(K=1),TruncGMM(K=2),6
TRO_R_AdO1-2,Weekday,24,2,2,0.0157,TruncGMM(K=3),Exponential,TruncGMM(K=1),TruncGMM(K=2),20
BAR_2_Plass12,Weekday,1,1,2,0.006,TruncGMM(K=3),Exponential,TruncGMM(K=2),TruncGMM(K=2),20
BAR_2_Plass12,Weekday,2,0,2,0.0,TruncGMM(K=3),Exponential,TruncGMM(K=2),TruncGMM(K=2),20
BAR_2_Plass12,Weekday,3,0,2,0.0,TruncGMM(K=3),Exponential,TruncGMM(K=2),TruncGMM(K=2),20
BAR_2_Plass12,Weekday,4,0,2,0.0,TruncGMM(K=3),Exponential,TruncGMM(K=2),TruncGMM(K=2),20
BAR_2_Plass12,Weekday,5,0,2,0.0,TruncGMM(K=3),Exponential,TruncGMM(K=2),TruncGMM(K=2),20
BAR_2_Plass12,Weekday,6,0,2,0.0,TruncGMM(K=3),Exponential,TruncGMM(K=2),TruncGMM(K=2),20
BAR_2_Plass12,Weekday,7,0,2,0.0,TruncGMM(K=3),Exponential,TruncGMM(K=2),TruncGMM(K=2),20
BAR_2_Plass12,Weekday,8,0,2,0.0,TruncGMM(K=3),Exponential,TruncGMM(K=2),TruncGMM(K=2),20
BAR_2_Plass12,Weekday,9,11,2,0.0663,TruncGMM(K=3),Exponential,TruncGMM(K=2),TruncGMM(K=2),11
BAR_2_Plass12,Weekday,10,4,2,0.0241,TruncGMM(K=3),Exponential,TruncGMM(K=2),TruncGMM(K=2),20
BAR_2_Plass12,Weekday,11,1,2,0.006,TruncGMM(K=3),Exponential,TruncGMM(K=2),TruncGMM(K=2),20
BAR_2_Plass12,Weekday,12,2,2,0.012,TruncGMM(K=3),Exponential,TruncGMM(K=2),TruncGMM(K=2),20
BAR_2_Plass12,Weekday,13,0,2,0.0,TruncGMM(K=3),Exponential,TruncGMM(K=2),TruncGMM(K=2),20
BAR_2_Plass12,Weekday,14,4,2,0.0241,TruncGMM(K=3),Exponential,TruncGMM(K=2),TruncGMM(K=2),20
BAR_2_Plass12,Weekday,15,2,2,0.012,TruncGMM(K=3),Exponential,TruncGMM(K=2),TruncGMM(K=2),20
BAR_2_Plass12,Weekday,16,19,1,0.1145,TruncGMM(K=2),Exponential,TruncGMM(K=1),Weibull,19
BAR_2_Plass12,Weekday,17,12,2,0.0723,TruncGMM(K=3),Exponential,TruncGMM(K=2),TruncGMM(K=2),12
BAR_2_Plass12,Weekday,18,25,1,0.1506,TruncGMM(K=2),LogNormal,LogNormal,Weibull,25
BAR_2_Plass12,Weekday,19,16,1,0.0964,TruncGMM(K=1),Exponential,TruncGMM(K=2),LogNormal,16
BAR_2_Plass12,Weekday,20,15,1,0.0904,TruncGMM(K=2),Exponential,LogNormal,TruncGMM(K=3),15
BAR_2_Plass12,Weekday,21,23,1,0.1386,TruncGMM(K=2),Exponential,TruncGMM(K=3),TruncGMM(K=2),23
BAR_2_Plass12,Weekday,22,21,1,0.1265,Weibull,Exponential,Weibull,LogNormal,21
BAR_2_Plass12,Weekday,23,5,2,0.0301,TruncGMM(K=3),Exponential,TruncGMM(K=2),TruncGMM(K=2),5
BAR_2_Plass12,Weekday,24,5,2,0.0301,TruncGMM(K=3),Exponential,TruncGMM(K=2),TruncGMM(K=2),5
OSL_S_KT95,Weekend,1,3,2,0.06,TruncGMM(K=2),LogNormal,Weibull,TruncGMM(K=4),20
OSL_S_KT95,Weekend,2,0,2,0.0,TruncGMM(K=2),LogNormal,Weibull,TruncGMM(K=4),20
OSL_S_KT95,Weekend,3,0,2,0.0,TruncGMM(K=2),LogNormal,Weibull,TruncGMM(K=4),20
OSL_S_KT95,Weekend,4,0,2,0.0,TruncGMM(K=2),LogNormal,Weibull,TruncGMM(K=4),20
OSL_S_KT95,Weekend,5,0,2,0.0,TruncGMM(K=2),LogNormal,Weibull,TruncGMM(K=4),20
OSL_S_KT95,Weekend,6,0,2,0.0,TruncGMM(K=2),LogNormal,Weibull,TruncGMM(K=4),20
OSL_S_KT95,Weekend,7,0,2,0.0,TruncGMM(K=2),LogNormal,Weibull,TruncGMM(K=4),20
OSL_S_KT95,Weekend,8,1,2,0.02,TruncGMM(K=2),LogNormal,Weibull,TruncGMM(K=4),20
OSL_S_KT95,Weekend,9,8,2,0.16,TruncGMM(K=2),LogNormal,Weibull,TruncGMM(K=4),8
OSL_S_KT95,Weekend,10,0,2,0.0,TruncGMM(K=2),LogNormal,Weibull,TruncGMM(K=4),20
OSL_S_KT95,Weekend,11,0,2,0.0,TruncGMM(K=2),LogNormal,Weibull,TruncGMM(K=4),20
OSL_S_KT95,Weekend,12,0,2,0.0,TruncGMM(K=2),LogNormal,Weibull,TruncGMM(K=4),20
OSL_S_KT95,Weekend,13,1,2,0.02,TruncGMM(K=2),LogNormal,Weibull,TruncGMM(K=4),20
OSL_S_KT95,Weekend,14,0,2,0.0,TruncGMM(K=2),LogNormal,Weibull,TruncGMM(K=4),20
OSL_S_KT95,Weekend,15,1,2,0.02,TruncGMM(K=2),LogNormal,Weibull,TruncGMM(K=4),20
OSL_S_KT95,Weekend,16,2,2,0.04,TruncGMM(K=2),LogNormal,Weibull,TruncGMM(K=4),20
OSL_S_KT95,Weekend,17,2,2,0.04,TruncGMM(K=2),LogNormal,Weibull,TruncGMM(K=4),20
OSL_S_KT95,Weekend,18,0,2,0.0,TruncGMM(K=2),LogNormal,Weibull,TruncGMM(K=4),20
OSL_S_KT95,Weekend,19,1,2,0.02,TruncGMM(K=2),LogNormal,Weibull,TruncGMM(K=4),20
OSL_S_KT95,Weekend,20,3,2,0.06,TruncGMM(K=2),LogNormal,Weibull,TruncGMM(K=4),20
OSL_S_KT95,Weekend,21,6,2,0.12,TruncGMM(K=2),LogNormal,Weibull,TruncGMM(K=4),6
OSL_S_KT95,Weekend,22,6,2,0.12,TruncGMM(K=2),LogNormal,Weibull,TruncGMM(K=4),6
OSL_S_KT95,Weekend,23,11,2,0.22,TruncGMM(K=2),LogNormal,Weibull,TruncGMM(K=4),11
OSL_S_KT95,Weekend,24,5,2,0.1,TruncGMM(K=2),LogNormal,Weibull,TruncGMM(K=4),5
OSL_T_24,Weekend,1,0,2,0.0,Exponential,Exponential,TruncGMM(K=1),TruncGMM(K=1),20
OSL_T_24,Weekend,2,0,2,0.0,Exponential,Exponential,TruncGMM(K=1),TruncGMM(K=1),20
OSL_T_24,Weekend,3,0,2,0.0,Exponential,Exponential,TruncGMM(K=1),TruncGMM(K=1),20
OSL_T_24,Weekend,4,0,2,0.0,Exponential,Exponential,TruncGMM(K=1),TruncGMM(K=1),20
OSL_T_24,Weekend,5,0,2,0.0,Exponential,Exponential,TruncGMM(K=1),TruncGMM(K=1),20
OSL_T_24,Weekend,6,0,2,0.0,Exponential,Exponential,TruncGMM(K=1),TruncGMM(K=1),20
OSL_T_24,Weekend,7,0,2,0.0,Exponential,Exponential,TruncGMM(K=1),TruncGMM(K=1),20
OSL_T_24,Weekend,8,2,2,0.0909,Exponential,Exponential,TruncGMM(K=1),TruncGMM(K=1),20
OSL_T_24,Weekend,9,2,2,0.0909,Exponential,Exponential,TruncGMM(K=1),TruncGMM(K=1),20
OSL_T_24,Weekend,10,0,2,0.0,Exponential,Exponential,TruncGMM(K=1),TruncGMM(K=1),20
OSL_T_24,Weekend,11,1,2,0.0455,Exponential,Exponential,TruncGMM(K=1),TruncGMM(K=1),20
OSL_T_24,Weekend,12,3,2,0.1364,Exponential,Exponential,TruncGMM(K=1),TruncGMM(K=1),20
OSL_T_24,Weekend,13,0,2,0.0,Exponential,Exponential,TruncGMM(K=1),TruncGMM(K=1),20
OSL_T_24,Weekend,14,1,2,0.0455,Exponential,Exponential,TruncGMM(K=1),TruncGMM(K=1),20
OSL_T_24,Weekend,15,1,2,0.0455,Exponential,Exponential,TruncGMM(K=1),TruncGMM(K=1),20
OSL_T_24,Weekend,16,2,2,0.0909,Exponential,Exponential,TruncGMM(K=1),TruncGMM(K=1),20
OSL_T_24,Weekend,17,2,2,0.0909,Exponential,Exponential,TruncGMM(K=1),TruncGMM(K=1),20
OSL_T_24,Weekend,18,3,2,0.1364,Exponential,Exponential,TruncGMM(K=1),TruncGMM(K=1),20
OSL_T_24,Weekend,19,1,2,0.0455,Exponential,Exponential,TruncGMM(K=1),TruncGMM(K=1),20
OSL_T_24,Weekend,20,2,2,0.0909,Exponential,Exponential,TruncGMM(K=1),TruncGMM(K=1),20
OSL_T_24,Weekend,21,0,2,0.0,Exponential,Exponential,TruncGMM(K=1),TruncGMM(K=1),20
OSL_T_24,Weekend,22,1,2,0.0455,Exponential,Exponential,TruncGMM(K=1),TruncGMM(K=1),20
OSL_T_24,Weekend,23,1,2,0.0455,Exponential,Exponential,TruncGMM(K=1),TruncGMM(K=1),20
OSL_T_24,Weekend,24,0,2,0.0,Exponential,Exponential,TruncGMM(K=1),TruncGMM(K=1),20
OSL_S_KT59,Weekend,1,0,2,0.0,TruncGMM(K=1),Exponential,TruncGMM(K=1),TruncGMM(K=2),20
OSL_S_KT59,Weekend,2,0,2,0.0,TruncGMM(K=1),Exponential,TruncGMM(K=1),TruncGMM(K=2),20
OSL_S_KT59,Weekend,3,3,2,0.0476,TruncGMM(K=1),Exponential,TruncGMM(K=1),TruncGMM(K=2),20
OSL_S_KT59,Weekend,4,12,2,0.1905,TruncGMM(K=1),Exponential,TruncGMM(K=1),TruncGMM(K=2),12
OSL_S_KT59,Weekend,5,7,2,0.1111,TruncGMM(K=1),Exponential,TruncGMM(K=1),TruncGMM(K=2),7
OSL_S_KT59,Weekend,6,3,2,0.0476,TruncGMM(K=1),Exponential,TruncGMM(K=1),TruncGMM(K=2),20
OSL_S_KT59,Weekend,7,0,2,0.0,TruncGMM(K=1),Exponential,TruncGMM(K=1),TruncGMM(K=2),20
OSL_S_KT59,Weekend,8,0,2,0.0,TruncGMM(K=1),Exponential,TruncGMM(K=1),TruncGMM(K=2),20
OSL_S_KT59,Weekend,9,0,2,0.0,TruncGMM(K=1),Exponential,TruncGMM(K=1),TruncGMM(K=2),20
OSL_S_KT59,Weekend,10,0,2,0.0,TruncGMM(K=1),Exponential,TruncGMM(K=1),TruncGMM(K=2),20
OSL_S_KT59,Weekend,11,2,2,0.0317,TruncGMM(K=1),Exponential,TruncGMM(K=1),TruncGMM(K=2),20
OSL_S_KT59,Weekend,12,0,2,0.0,TruncGMM(K=1),Exponential,TruncGMM(K=1),TruncGMM(K=2),20
OSL_S_KT59,Weekend,13,1,2,0.0159,TruncGMM(K=1),Exponential,TruncGMM(K=1),TruncGMM(K=2),20
OSL_S_KT59,Weekend,14,1,2,0.0159,TruncGMM(K=1),Exponential,TruncGMM(K=1),TruncGMM(K=2),20
OSL_S_KT59,Weekend,15,1,2,0.0159,TruncGMM(K=1),Exponential,TruncGMM(K=1),TruncGMM(K=2),20
OSL_S_KT59,Weekend,16,5,2,0.0794,TruncGMM(K=1),Exponential,TruncGMM(K=1),TruncGMM(K=2),5
OSL_S_KT59,Weekend,17,3,2,0.0476,TruncGMM(K=1),Exponential,TruncGMM(K=1),TruncGMM(K=2),20
OSL_S_KT59,Weekend,18,4,2,0.0635,TruncGMM(K=1),Exponential,TruncGMM(K=1),TruncGMM(K=2),20
OSL_S_KT59,Weekend,19,5,2,0.0794,TruncGMM(K=1),Exponential,TruncGMM(K=1),TruncGMM(K=2),5
OSL_S_KT59,Weekend,20,5,2,0.0794,TruncGMM(K=1),Exponential,TruncGMM(K=1),TruncGMM(K=2),5
OSL_S_KT59,Weekend,21,1,2,0.0159,TruncGMM(K=1),Exponential,TruncGMM(K=1),TruncGMM(K=2),20
OSL_S_KT59,Weekend,22,1,2,0.0159,TruncGMM(K=1),Exponential,TruncGMM(K=1),TruncGMM(K=2),20
OSL_S_KT59,Weekend,23,3,2,0.0476,TruncGMM(K=1),Exponential,TruncGMM(K=1),TruncGMM(K=2),20
OSL_S_KT59,Weekend,24,6,2,0.0952,TruncGMM(K=1),Exponential,TruncGMM(K=1),TruncGMM(K=2),6
KR_U106,Weekday,1,1,2,0.0102,TruncGMM(K=2),TruncGMM(K=2),TruncGMM(K=2),TruncGMM(K=3),20
KR_U106,Weekday,2,0,2,0.0,TruncGMM(K=2),TruncGMM(K=2),TruncGMM(K=2),TruncGMM(K=3),20
KR_U106,Weekday,3,0,2,0.0,TruncGMM(K=2),TruncGMM(K=2),TruncGMM(K=2),TruncGMM(K=3),20
KR_U106,Weekday,4,0,2,0.0,TruncGMM(K=2),TruncGMM(K=2),TruncGMM(K=2),TruncGMM(K=3),20
KR_U106,Weekday,5,0,2,0.0,TruncGMM(K=2),TruncGMM(K=2),TruncGMM(K=2),TruncGMM(K=3),20
KR_U106,Weekday,6,0,2,0.0,TruncGMM(K=2),TruncGMM(K=2),TruncGMM(K=2),TruncGMM(K=3),20
KR_U106,Weekday,7,0,2,0.0,TruncGMM(K=2),TruncGMM(K=2),TruncGMM(K=2),TruncGMM(K=3),20
KR_U106,Weekday,8,0,2,0.0,TruncGMM(K=2),TruncGMM(K=2),TruncGMM(K=2),TruncGMM(K=3),20
KR_U106,Weekday,9,0,2,0.0,TruncGMM(K=2),TruncGMM(K=2),TruncGMM(K=2),TruncGMM(K=3),20
KR_U106,Weekday,10,0,2,0.0,TruncGMM(K=2),TruncGMM(K=2),TruncGMM(K=2),TruncGMM(K=3),20
KR_U106,Weekday,11,0,2,0.0,TruncGMM(K=2),TruncGMM(K=2),TruncGMM(K=2),TruncGMM(K=3),20
KR_U106,Weekday,12,1,2,0.0102,TruncGMM(K=2),TruncGMM(K=2),TruncGMM(K=2),TruncGMM(K=3),20
KR_U106,Weekday,13,1,2,0.0102,TruncGMM(K=2),TruncGMM(K=2),TruncGMM(K=2),TruncGMM(K=3),20
KR_U106,Weekday,14,1,2,0.0102,TruncGMM(K=2),TruncGMM(K=2),TruncGMM(K=2),TruncGMM(K=3),20
KR_U106,Weekday,15,0,2,0.0,TruncGMM(K=2),TruncGMM(K=2),TruncGMM(K=2),TruncGMM(K=3),20
KR_U106,Weekday,16,0,2,0.0,TruncGMM(K=2),TruncGMM(K=2),TruncGMM(K=2),TruncGMM(K=3),20
KR_U106,Weekday,17,2,2,0.0204,TruncGMM(K=2),TruncGMM(K=2),TruncGMM(K=2),TruncGMM(K=3),20
KR_U106,Weekday,18,0,2,0.0,TruncGMM(K=2),TruncGMM(K=2),TruncGMM(K=2),TruncGMM(K=3),20
KR_U106,Weekday,19,31,1,0.3163,TruncGMM(K=2),TruncGMM(K=3),TruncGMM(K=2),TruncGMM(K=1),31
KR_U106,Weekday,20,12,2,0.1224,TruncGMM(K=2),TruncGMM(K=2),TruncGMM(K=2),TruncGMM(K=3),12
KR_U106,Weekday,21,38,1,0.3877,TruncGMM(K=3),TruncGMM(K=3),TruncGMM(K=2),TruncGMM(K=1),38
KR_U106,Weekday,22,8,2,0.0816,TruncGMM(K=2),TruncGMM(K=2),TruncGMM(K=2),TruncGMM(K=3),8
KR_U106,Weekday,23,3,2,0.0306,TruncGMM(K=2),TruncGMM(K=2),TruncGMM(K=2),TruncGMM(K=3),20
KR_U106,Weekday,24,0,2,0.0,TruncGMM(K=2),TruncGMM(K=2),TruncGMM(K=2),TruncGMM(K=3),20
BAR_2_Plass15,Weekend,1,1,2,0.0256,Exponential,Weibull,TruncGMM(K=2),TruncGMM(K=1),20
BAR_2_Plass15,Weekend,2,0,2,0.0,Exponential,Weibull,TruncGMM(K=2),TruncGMM(K=1),20
BAR_2_Plass15,Weekend,3,0,2,0.0,Exponential,Weibull,TruncGMM(K=2),TruncGMM(K=1),20
BAR_2_Plass15,Weekend,4,0,2,0.0,Exponential,Weibull,TruncGMM(K=2),TruncGMM(K=1),20
BAR_2_Plass15,Weekend,5,0,2,0.0,Exponential,Weibull,TruncGMM(K=2),TruncGMM(K=1),20
BAR_2_Plass15,Weekend,6,0,2,0.0,Exponential,Weibull,TruncGMM(K=2),TruncGMM(K=1),20
BAR_2_Plass15,Weekend,7,0,2,0.0,Exponential,Weibull,TruncGMM(K=2),TruncGMM(K=1),20
BAR_2_Plass15,Weekend,8,0,2,0.0,Exponential,Weibull,TruncGMM(K=2),TruncGMM(K=1),20
BAR_2_Plass15,Weekend,9,0,2,0.0,Exponential,Weibull,TruncGMM(K=2),TruncGMM(K=1),20
BAR_2_Plass15,Weekend,10,1,2,0.0256,Exponential,Weibull,TruncGMM(K=2),TruncGMM(K=1),20
BAR_2_Plass15,Weekend,11,0,2,0.0,Exponential,Weibull,TruncGMM(K=2),TruncGMM(K=1),20
BAR_2_Plass15,Weekend,12,0,2,0.0,Exponential,Weibull,TruncGMM(K=2),TruncGMM(K=1),20
BAR_2_Plass15,Weekend,13,0,2,0.0,Exponential,Weibull,TruncGMM(K=2),TruncGMM(K=1),20
BAR_2_Plass15,Weekend,14,2,2,0.0513,Exponential,Weibull,TruncGMM(K=2),TruncGMM(K=1),20
BAR_2_Plass15,Weekend,15,5,2,0.1282,Exponential,Weibull,TruncGMM(K=2),TruncGMM(K=1),5
BAR_2_Plass15,Weekend,16,4,2,0.1026,Exponential,Weibull,TruncGMM(K=2),TruncGMM(K=1),20
BAR_2_Plass15,Weekend,17,5,2,0.1282,Exponential,Weibull,TruncGMM(K=2),TruncGMM(K=1),5
BAR_2_Plass15,Weekend,18,2,2,0.0513,Exponential,Weibull,TruncGMM(K=2),TruncGMM(K=1),20
BAR_2_Plass15,Weekend,19,3,2,0.0769,Exponential,Weibull,TruncGMM(K=2),TruncGMM(K=1),20
BAR_2_Plass15,Weekend,20,3,2,0.0769,Exponential,Weibull,TruncGMM(K=2),TruncGMM(K=1),20
BAR_2_Plass15,Weekend,21,4,2,0.1026,Exponential,Weibull,TruncGMM(K=2),TruncGMM(K=1),20
BAR_2_Plass15,Weekend,22,5,2,0.1282,Exponential,Weibull,TruncGMM(K=2),TruncGMM(K=1),5
BAR_2_Plass15,Weekend,23,2,2,0.0513,Exponential,Weibull,TruncGMM(K=2),TruncGMM(K=1),20
BAR_2_Plass15,Weekend,24,2,2,0.0513,Exponential,Weibull,TruncGMM(K=2),TruncGMM(K=1),20
OSL_S_KT143,Weekday,1,8,2,0.0183,TruncGMM(K=3),LogNormal,TruncGMM(K=2),TruncGMM(K=3),8
OSL_S_KT143,Weekday,2,5,2,0.0115,TruncGMM(K=3),LogNormal,TruncGMM(K=2),TruncGMM(K=3),5
OSL_S_KT143,Weekday,3,1,2,0.0023,TruncGMM(K=3),LogNormal,TruncGMM(K=2),TruncGMM(K=3),20
OSL_S_KT143,Weekday,4,1,2,0.0023,TruncGMM(K=3),LogNormal,TruncGMM(K=2),TruncGMM(K=3),20
OSL_S_KT143,Weekday,5,1,2,0.0023,TruncGMM(K=3),LogNormal,TruncGMM(K=2),TruncGMM(K=3),20
OSL_S_KT143,Weekday,6,0,2,0.0,TruncGMM(K=3),LogNormal,TruncGMM(K=2),TruncGMM(K=3),20
OSL_S_KT143,Weekday,7,0,2,0.0,TruncGMM(K=3),LogNormal,TruncGMM(K=2),TruncGMM(K=3),20
OSL_S_KT143,Weekday,8,0,2,0.0,TruncGMM(K=3),LogNormal,TruncGMM(K=2),TruncGMM(K=3),20
OSL_S_KT143,Weekday,9,0,2,0.0,TruncGMM(K=3),LogNormal,TruncGMM(K=2),TruncGMM(K=3),20
OSL_S_KT143,Weekday,10,3,2,0.0069,TruncGMM(K=3),LogNormal,TruncGMM(K=2),TruncGMM(K=3),20
OSL_S_KT143,Weekday,11,3,2,0.0069,TruncGMM(K=3),LogNormal,TruncGMM(K=2),TruncGMM(K=3),20
OSL_S_KT143,Weekday,12,1,2,0.0023,TruncGMM(K=3),LogNormal,TruncGMM(K=2),TruncGMM(K=3),20
OSL_S_KT143,Weekday,13,4,2,0.0092,TruncGMM(K=3),LogNormal,TruncGMM(K=2),TruncGMM(K=3),20
OSL_S_KT143,Weekday,14,12,2,0.0275,TruncGMM(K=3),LogNormal,TruncGMM(K=2),TruncGMM(K=3),12
OSL_S_KT143,Weekday,15,20,1,0.0459,TruncGMM(K=2),LogNormal,Weibull,Weibull,20
OSL_S_KT143,Weekday,16,23,1,0.0528,TruncGMM(K=2),Exponential,LogNormal,TruncGMM(K=1),23
OSL_S_KT143,Weekday,17,36,1,0.0826,Exponential,LogNormal,Weibull,TruncGMM(K=1),36
OSL_S_KT143,Weekday,18,46,1,0.1055,TruncGMM(K=2),LogNormal,LogNormal,TruncGMM(K=2),46
OSL_S_KT143,Weekday,19,90,1,0.2064,TruncGMM(K=3),LogNormal,Weibull,TruncGMM(K=1),90
OSL_S_KT143,Weekday,20,65,1,0.1491,TruncGMM(K=3),LogNormal,LogNormal,TruncGMM(K=3),65
OSL_S_KT143,Weekday,21,65,1,0.1491,TruncGMM(K=3),LogNormal,LogNormal,TruncGMM(K=2),65
OSL_S_KT143,Weekday,22,17,1,0.039,LogNormal,Exponential,TruncGMM(K=2),TruncGMM(K=2),17
OSL_S_KT143,Weekday,23,22,1,0.0505,TruncGMM(K=2),Exponential,LogNormal,TruncGMM(K=1),22
OSL_S_KT143,Weekday,24,13,2,0.0298,TruncGMM(K=3),LogNormal,TruncGMM(K=2),TruncGMM(K=3),13
KR_U194,Weekday,1,1,2,0.0133,TruncGMM(K=1),Weibull,TruncGMM(K=1),TruncGMM(K=3),20
KR_U194,Weekday,2,1,2,0.0133,TruncGMM(K=1),Weibull,TruncGMM(K=1),TruncGMM(K=3),20
KR_U194,Weekday,3,0,2,0.0,TruncGMM(K=1),Weibull,TruncGMM(K=1),TruncGMM(K=3),20
KR_U194,Weekday,4,0,2,0.0,TruncGMM(K=1),Weibull,TruncGMM(K=1),TruncGMM(K=3),20
KR_U194,Weekday,5,0,2,0.0,TruncGMM(K=1),Weibull,TruncGMM(K=1),TruncGMM(K=3),20
KR_U194,Weekday,6,1,2,0.0133,TruncGMM(K=1),Weibull,TruncGMM(K=1),TruncGMM(K=3),20
KR_U194,Weekday,7,0,2,0.0,TruncGMM(K=1),Weibull,TruncGMM(K=1),TruncGMM(K=3),20
KR_U194,Weekday,8,0,2,0.0,TruncGMM(K=1),Weibull,TruncGMM(K=1),TruncGMM(K=3),20
KR_U194,Weekday,9,0,2,0.0,TruncGMM(K=1),Weibull,TruncGMM(K=1),TruncGMM(K=3),20
KR_U194,Weekday,10,0,2,0.0,TruncGMM(K=1),Weibull,TruncGMM(K=1),TruncGMM(K=3),20
KR_U194,Weekday,11,0,2,0.0,TruncGMM(K=1),Weibull,TruncGMM(K=1),TruncGMM(K=3),20
KR_U194,Weekday,12,0,2,0.0,TruncGMM(K=1),Weibull,TruncGMM(K=1),TruncGMM(K=3),20
KR_U194,Weekday,13,3,2,0.04,TruncGMM(K=1),Weibull,TruncGMM(K=1),TruncGMM(K=3),20
KR_U194,Weekday,14,3,2,0.04,TruncGMM(K=1),Weibull,TruncGMM(K=1),TruncGMM(K=3),20
KR_U194,Weekday,15,8,2,0.1067,TruncGMM(K=1),Weibull,TruncGMM(K=1),TruncGMM(K=3),8
KR_U194,Weekday,16,5,2,0.0667,TruncGMM(K=1),Weibull,TruncGMM(K=1),TruncGMM(K=3),5
KR_U194,Weekday,17,7,2,0.0933,TruncGMM(K=1),Weibull,TruncGMM(K=1),TruncGMM(K=3),7
KR_U194,Weekday,18,7,2,0.0933,TruncGMM(K=1),Weibull,TruncGMM(K=1),TruncGMM(K=3),7
KR_U194,Weekday,19,4,2,0.0533,TruncGMM(K=1),Weibull,TruncGMM(K=1),TruncGMM(K=3),20
KR_U194,Weekday,20,4,2,0.0533,TruncGMM(K=1),Weibull,TruncGMM(K=1),TruncGMM(K=3),20
KR_U194,Weekday,21,3,2,0.04,TruncGMM(K=1),Weibull,TruncGMM(K=1),TruncGMM(K=3),20
KR_U194,Weekday,22,3,2,0.04,TruncGMM(K=1),Weibull,TruncGMM(K=1),TruncGMM(K=3),20
KR_U194,Weekday,23,8,2,0.1067,TruncGMM(K=1),Weibull,TruncGMM(K=1),TruncGMM(K=3),8
KR_U194,Weekday,24,17,1,0.2267,TruncGMM(K=2),Exponential,TruncGMM(K=3),TruncGMM(K=1),17
PS_8156,Weekday,1,1,2,0.0036,TruncGMM(K=3),TruncGMM(K=4),TruncGMM(K=2),TruncGMM(K=4),20
PS_8156,Weekday,2,0,2,0.0,TruncGMM(K=3),TruncGMM(K=4),TruncGMM(K=2),TruncGMM(K=4),20
PS_8156,Weekday,3,0,2,0.0,TruncGMM(K=3),TruncGMM(K=4),TruncGMM(K=2),TruncGMM(K=4),20
PS_8156,Weekday,4,0,2,0.0,TruncGMM(K=3),TruncGMM(K=4),TruncGMM(K=2),TruncGMM(K=4),20
PS_8156,Weekday,5,0,2,0.0,TruncGMM(K=3),TruncGMM(K=4),TruncGMM(K=2),TruncGMM(K=4),20
PS_8156,Weekday,6,0,2,0.0,TruncGMM(K=3),TruncGMM(K=4),TruncGMM(K=2),TruncGMM(K=4),20
PS_8156,Weekday,7,1,2,0.0036,TruncGMM(K=3),TruncGMM(K=4),TruncGMM(K=2),TruncGMM(K=4),20
PS_8156,Weekday,8,15,1,0.0538,TruncGMM(K=3),LogNormal,LogNormal,LogNormal,15
PS_8156,Weekday,9,8,2,0.0287,TruncGMM(K=3),TruncGMM(K=4),TruncGMM(K=2),TruncGMM(K=4),8
PS_8156,Weekday,10,4,2,0.0143,TruncGMM(K=3),TruncGMM(K=4),TruncGMM(K=2),TruncGMM(K=4),20
PS_8156,Weekday,11,2,2,0.0072,TruncGMM(K=3),TruncGMM(K=4),TruncGMM(K=2),TruncGMM(K=4),20
PS_8156,Weekday,12,4,2,0.0143,TruncGMM(K=3),TruncGMM(K=4),TruncGMM(K=2),TruncGMM(K=4),20
PS_8156,Weekday,13,7,2,0.0251,TruncGMM(K=3),TruncGMM(K=4),TruncGMM(K=2),TruncGMM(K=4),7
PS_8156,Weekday,14,4,2,0.0143,TruncGMM(K=3),TruncGMM(K=4),TruncGMM(K=2),TruncGMM(K=4),20
PS_8156,Weekday,15,4,2,0.0143,TruncGMM(K=3),TruncGMM(K=4),TruncGMM(K=2),TruncGMM(K=4),20
PS_8156,Weekday,16,6,2,0.0215,TruncGMM(K=3),TruncGMM(K=4),TruncGMM(K=2),TruncGMM(K=4),6
PS_8156,Weekday,17,13,2,0.0466,TruncGMM(K=3),TruncGMM(K=4),TruncGMM(K=2),TruncGMM(K=4),13
PS_8156,Weekday,18,19,1,0.0681,TruncGMM(K=1),TruncGMM(K=3),Weibull,TruncGMM(K=2),19
PS_8156,Weekday,19,57,1,0.2043,TruncGMM(K=2),TruncGMM(K=2),TruncGMM(K=2),TruncGMM(K=2),57
PS_8156,Weekday,20,82,1,0.2939,TruncGMM(K=2),TruncGMM(K=3),LogNormal,TruncGMM(K=1),82
PS_8156,Weekday,21,18,1,0.0645,LogNormal,LogNormal,LogNormal,LogNormal,18
PS_8156,Weekday,22,13,2,0.0466,TruncGMM(K=3),TruncGMM(K=4),TruncGMM(K=2),TruncGMM(K=4),13
PS_8156,Weekday,23,15,1,0.0538,LogNormal,LogNormal,LogNormal,TruncGMM(K=2),15
PS_8156,Weekday,24,6,2,0.0215,TruncGMM(K=3),TruncGMM(K=4),TruncGMM(K=2),TruncGMM(K=4),6
KR_U107,Weekend,1,0,2,0.0,LogNormal,TruncGMM(K=4),TruncGMM(K=2),TruncGMM(K=1),20
KR_U107,Weekend,2,0,2,0.0,LogNormal,TruncGMM(K=4),TruncGMM(K=2),TruncGMM(K=1),20
KR_U107,Weekend,3,0,2,0.0,LogNormal,TruncGMM(K=4),TruncGMM(K=2),TruncGMM(K=1),20
KR_U107,Weekend,4,0,2,0.0,LogNormal,TruncGMM(K=4),TruncGMM(K=2),TruncGMM(K=1),20
KR_U107,Weekend,5,0,2,0.0,LogNormal,TruncGMM(K=4),TruncGMM(K=2),TruncGMM(K=1),20
KR_U107,Weekend,6,0,2,0.0,LogNormal,TruncGMM(K=4),TruncGMM(K=2),TruncGMM(K=1),20
KR_U107,Weekend,7,1,2,0.0345,LogNormal,TruncGMM(K=4),TruncGMM(K=2),TruncGMM(K=1),20
KR_U107,Weekend,8,2,2,0.069,LogNormal,TruncGMM(K=4),TruncGMM(K=2),TruncGMM(K=1),20
KR_U107,Weekend,9,0,2,0.0,LogNormal,TruncGMM(K=4),TruncGMM(K=2),TruncGMM(K=1),20
KR_U107,Weekend,10,1,2,0.0345,LogNormal,TruncGMM(K=4),TruncGMM(K=2),TruncGMM(K=1),20
KR_U107,Weekend,11,2,2,0.069,LogNormal,TruncGMM(K=4),TruncGMM(K=2),TruncGMM(K=1),20
KR_U107,Weekend,12,3,2,0.1034,LogNormal,TruncGMM(K=4),TruncGMM(K=2),TruncGMM(K=1),20
KR_U107,Weekend,13,4,2,0.1379,LogNormal,TruncGMM(K=4),TruncGMM(K=2),TruncGMM(K=1),20
KR_U107,Weekend,14,1,2,0.0345,LogNormal,TruncGMM(K=4),TruncGMM(K=2),TruncGMM(K=1),20
KR_U107,Weekend,15,0,2,0.0,LogNormal,TruncGMM(K=4),TruncGMM(K=2),TruncGMM(K=1),20
KR_U107,Weekend,16,1,2,0.0345,LogNormal,TruncGMM(K=4),TruncGMM(K=2),TruncGMM(K=1),20
KR_U107,Weekend,17,5,2,0.1724,LogNormal,TruncGMM(K=4),TruncGMM(K=2),TruncGMM(K=1),5
KR_U107,Weekend,18,1,2,0.0345,LogNormal,TruncGMM(K=4),TruncGMM(K=2),TruncGMM(K=1),20
KR_U107,Weekend,19,5,2,0.1724,LogNormal,TruncGMM(K=4),TruncGMM(K=2),TruncGMM(K=1),5
KR_U107,Weekend,20,0,2,0.0,LogNormal,TruncGMM(K=4),TruncGMM(K=2),TruncGMM(K=1),20
KR_U107,Weekend,21,1,2,0.0345,LogNormal,TruncGMM(K=4),TruncGMM(K=2),TruncGMM(K=1),20
KR_U107,Weekend,22,1,2,0.0345,LogNormal,TruncGMM(K=4),TruncGMM(K=2),TruncGMM(K=1),20
KR_U107,Weekend,23,1,2,0.0345,LogNormal,TruncGMM(K=4),TruncGMM(K=2),TruncGMM(K=1),20
KR_U107,Weekend,24,0,2,0.0,LogNormal,TruncGMM(K=4),TruncGMM(K=2),TruncGMM(K=1),20
OSL_T_50,Weekend,1,0,2,0.0,TruncGMM(K=3),Exponential,LogNormal,TruncGMM(K=2),20
OSL_T_50,Weekend,2,1,2,0.0313,TruncGMM(K=3),Exponential,LogNormal,TruncGMM(K=2),20
OSL_T_50,Weekend,3,0,2,0.0,TruncGMM(K=3),Exponential,LogNormal,TruncGMM(K=2),20
OSL_T_50,Weekend,4,0,2,0.0,TruncGMM(K=3),Exponential,LogNormal,TruncGMM(K=2),20
OSL_T_50,Weekend,5,0,2,0.0,TruncGMM(K=3),Exponential,LogNormal,TruncGMM(K=2),20
OSL_T_50,Weekend,6,0,2,0.0,TruncGMM(K=3),Exponential,LogNormal,TruncGMM(K=2),20
OSL_T_50,Weekend,7,0,2,0.0,TruncGMM(K=3),Exponential,LogNormal,TruncGMM(K=2),20
OSL_T_50,Weekend,8,0,2,0.0,TruncGMM(K=3),Exponential,LogNormal,TruncGMM(K=2),20
OSL_T_50,Weekend,9,0,2,0.0,TruncGMM(K=3),Exponential,LogNormal,TruncGMM(K=2),20
OSL_T_50,Weekend,10,0,2,0.0,TruncGMM(K=3),Exponential,LogNormal,TruncGMM(K=2),20
OSL_T_50,Weekend,11,0,2,0.0,TruncGMM(K=3),Exponential,LogNormal,TruncGMM(K=2),20
OSL_T_50,Weekend,12,0,2,0.0,TruncGMM(K=3),Exponential,LogNormal,TruncGMM(K=2),20
OSL_T_50,Weekend,13,3,2,0.0937,TruncGMM(K=3),Exponential,LogNormal,TruncGMM(K=2),20
OSL_T_50,Weekend,14,1,2,0.0313,TruncGMM(K=3),Exponential,LogNormal,TruncGMM(K=2),20
OSL_T_50,Weekend,15,4,2,0.125,TruncGMM(K=3),Exponential,LogNormal,TruncGMM(K=2),20
OSL_T_50,Weekend,16,3,2,0.0937,TruncGMM(K=3),Exponential,LogNormal,TruncGMM(K=2),20
OSL_T_50,Weekend,17,7,2,0.2187,TruncGMM(K=3),Exponential,LogNormal,TruncGMM(K=2),7
OSL_T_50,Weekend,18,4,2,0.125,TruncGMM(K=3),Exponential,LogNormal,TruncGMM(K=2),20
OSL_T_50,Weekend,19,5,2,0.1562,TruncGMM(K=3),Exponential,LogNormal,TruncGMM(K=2),5
OSL_T_50,Weekend,20,1,2,0.0313,TruncGMM(K=3),Exponential,LogNormal,TruncGMM(K=2),20
OSL_T_50,Weekend,21,0,2,0.0,TruncGMM(K=3),Exponential,LogNormal,TruncGMM(K=2),20
OSL_T_50,Weekend,22,2,2,0.0625,TruncGMM(K=3),Exponential,LogNormal,TruncGMM(K=2),20
OSL_T_50,Weekend,23,1,2,0.0313,TruncGMM(K=3),Exponential,LogNormal,TruncGMM(K=2),20
OSL_T_50,Weekend,24,0,2,0.0,TruncGMM(K=3),Exponential,LogNormal,TruncGMM(K=2),20
OSL_S_KT137,Weekend,1,2,2,0.0328,Exponential,Weibull,TruncGMM(K=1),TruncGMM(K=2),20
OSL_S_KT137,Weekend,2,0,2,0.0,Exponential,Weibull,TruncGMM(K=1),TruncGMM(K=2),20
OSL_S_KT137,Weekend,3,3,2,0.0492,Exponential,Weibull,TruncGMM(K=1),TruncGMM(K=2),20
OSL_S_KT137,Weekend,4,0,2,0.0,Exponential,Weibull,TruncGMM(K=1),TruncGMM(K=2),20
OSL_S_KT137,Weekend,5,0,2,0.0,Exponential,Weibull,TruncGMM(K=1),TruncGMM(K=2),20
OSL_S_KT137,Weekend,6,0,2,0.0,Exponential,Weibull,TruncGMM(K=1),TruncGMM(K=2),20
OSL_S_KT137,Weekend,7,0,2,0.0,Exponential,Weibull,TruncGMM(K=1),TruncGMM(K=2),20
OSL_S_KT137,Weekend,8,0,2,0.0,Exponential,Weibull,TruncGMM(K=1),TruncGMM(K=2),20
OSL_S_KT137,Weekend,9,1,2,0.0164,Exponential,Weibull,TruncGMM(K=1),TruncGMM(K=2),20
OSL_S_KT137,Weekend,10,0,2,0.0,Exponential,Weibull,TruncGMM(K=1),TruncGMM(K=2),20
OSL_S_KT137,Weekend,11,1,2,0.0164,Exponential,Weibull,TruncGMM(K=1),TruncGMM(K=2),20
OSL_S_KT137,Weekend,12,0,2,0.0,Exponential,Weibull,TruncGMM(K=1),TruncGMM(K=2),20
OSL_S_KT137,Weekend,13,3,2,0.0492,Exponential,Weibull,TruncGMM(K=1),TruncGMM(K=2),20
OSL_S_KT137,Weekend,14,2,2,0.0328,Exponential,Weibull,TruncGMM(K=1),TruncGMM(K=2),20
OSL_S_KT137,Weekend,15,4,2,0.0656,Exponential,Weibull,TruncGMM(K=1),TruncGMM(K=2),20
OSL_S_KT137,Weekend,16,4,2,0.0656,Exponential,Weibull,TruncGMM(K=1),TruncGMM(K=2),20
OSL_S_KT137,Weekend,17,9,2,0.1475,Exponential,Weibull,TruncGMM(K=1),TruncGMM(K=2),9
OSL_S_KT137,Weekend,18,6,2,0.0984,Exponential,Weibull,TruncGMM(K=1),TruncGMM(K=2),6
OSL_S_KT137,Weekend,19,7,2,0.1148,Exponential,Weibull,TruncGMM(K=1),TruncGMM(K=2),7
OSL_S_KT137,Weekend,20,9,2,0.1475,Exponential,Weibull,TruncGMM(K=1),TruncGMM(K=2),9
OSL_S_KT137,Weekend,21,3,2,0.0492,Exponential,Weibull,TruncGMM(K=1),TruncGMM(K=2),20
OSL_S_KT137,Weekend,22,4,2,0.0656,Exponential,Weibull,TruncGMM(K=1),TruncGMM(K=2),20
OSL_S_KT137,Weekend,23,2,2,0.0328,Exponential,Weibull,TruncGMM(K=1),TruncGMM(K=2),20
OSL_S_KT137,Weekend,24,1,2,0.0164,Exponential,Weibull,TruncGMM(K=1),TruncGMM(K=2),20
KR_U283,Weekend,1,0,2,0.0,LogNormal,Exponential,Weibull,Weibull,20
KR_U283,Weekend,2,0,2,0.0,LogNormal,Exponential,Weibull,Weibull,20
KR_U283,Weekend,3,0,2,0.0,LogNormal,Exponential,Weibull,Weibull,20
KR_U283,Weekend,4,0,2,0.0,LogNormal,Exponential,Weibull,Weibull,20
KR_U283,Weekend,5,0,2,0.0,LogNormal,Exponential,Weibull,Weibull,20
KR_U283,Weekend,6,0,2,0.0,LogNormal,Exponential,Weibull,Weibull,20
KR_U283,Weekend,7,0,2,0.0,LogNormal,Exponential,Weibull,Weibull,20
KR_U283,Weekend,8,2,2,0.0339,LogNormal,Exponential,Weibull,Weibull,20
KR_U283,Weekend,9,8,2,0.1356,LogNormal,Exponential,Weibull,Weibull,8
KR_U283,Weekend,10,3,2,0.0508,LogNormal,Exponential,Weibull,Weibull,20
KR_U283,Weekend,11,1,2,0.017,LogNormal,Exponential,Weibull,Weibull,20
KR_U283,Weekend,12,5,2,0.0847,LogNormal,Exponential,Weibull,Weibull,5
KR_U283,Weekend,13,7,2,0.1186,LogNormal,Exponential,Weibull,Weibull,7
KR_U283,Weekend,14,4,2,0.0678,LogNormal,Exponential,Weibull,Weibull,20
KR_U283,Weekend,15,6,2,0.1017,LogNormal,Exponential,Weibull,Weibull,6
KR_U283,Weekend,16,6,2,0.1017,LogNormal,Exponential,Weibull,Weibull,6
KR_U283,Weekend,17,3,2,0.0508,LogNormal,Exponential,Weibull,Weibull,20
KR_U283,Weekend,18,3,2,0.0508,LogNormal,Exponential,Weibull,Weibull,20
KR_U283,Weekend,19,4,2,0.0678,LogNormal,Exponential,Weibull,Weibull,20
KR_U283,Weekend,20,5,2,0.0847,LogNormal,Exponential,Weibull,Weibull,5
KR_U283,Weekend,21,1,2,0.017,LogNormal,Exponential,Weibull,Weibull,20
KR_U283,Weekend,22,0,2,0.0,LogNormal,Exponential,Weibull,Weibull,20
KR_U283,Weekend,23,1,2,0.017,LogNormal,Exponential,Weibull,Weibull,20
KR_U283,Weekend,24,0,2,0.0,LogNormal,Exponential,Weibull,Weibull,20
TRO_R_AdO3-3,Weekend,1,0,2,0.0,TruncGMM(K=3),Exponential,TruncGMM(K=2),LogNormal,20
TRO_R_AdO3-3,Weekend,2,0,2,0.0,TruncGMM(K=3),Exponential,TruncGMM(K=2),LogNormal,20
TRO_R_AdO3-3,Weekend,3,0,2,0.0,TruncGMM(K=3),Exponential,TruncGMM(K=2),LogNormal,20
TRO_R_AdO3-3,Weekend,4,0,2,0.0,TruncGMM(K=3),Exponential,TruncGMM(K=2),LogNormal,20
TRO_R_AdO3-3,Weekend,5,0,2,0.0,TruncGMM(K=3),Exponential,TruncGMM(K=2),LogNormal,20
TRO_R_AdO3-3,Weekend,6,0,2,0.0,TruncGMM(K=3),Exponential,TruncGMM(K=2),LogNormal,20
TRO_R_AdO3-3,Weekend,7,0,2,0.0,TruncGMM(K=3),Exponential,TruncGMM(K=2),LogNormal,20
TRO_R_AdO3-3,Weekend,8,0,2,0.0,TruncGMM(K=3),Exponential,TruncGMM(K=2),LogNormal,20
TRO_R_AdO3-3,Weekend,9,1,2,0.0227,TruncGMM(K=3),Exponential,TruncGMM(K=2),LogNormal,20
TRO_R_AdO3-3,Weekend,10,0,2,0.0,TruncGMM(K=3),Exponential,TruncGMM(K=2),LogNormal,20
TRO_R_AdO3-3,Weekend,11,2,2,0.0455,TruncGMM(K=3),Exponential,TruncGMM(K=2),LogNormal,20
TRO_R_AdO3-3,Weekend,12,1,2,0.0227,TruncGMM(K=3),Exponential,TruncGMM(K=2),LogNormal,20
TRO_R_AdO3-3,Weekend,13,6,2,0.1364,TruncGMM(K=3),Exponential,TruncGMM(K=2),LogNormal,6
TRO_R_AdO3-3,Weekend,14,6,2,0.1364,TruncGMM(K=3),Exponential,TruncGMM(K=2),LogNormal,6
TRO_R_AdO3-3,Weekend,15,11,2,0.25,TruncGMM(K=3),Exponential,TruncGMM(K=2),LogNormal,11
TRO_R_AdO3-3,Weekend,16,3,2,0.0682,TruncGMM(K=3),Exponential,TruncGMM(K=2),LogNormal,20
TRO_R_AdO3-3,Weekend,17,4,2,0.0909,TruncGMM(K=3),Exponential,TruncGMM(K=2),LogNormal,20
TRO_R_AdO3-3,Weekend,18,5,2,0.1136,TruncGMM(K=3),Exponential,TruncGMM(K=2),LogNormal,5
TRO_R_AdO3-3,Weekend,19,2,2,0.0455,TruncGMM(K=3),Exponential,TruncGMM(K=2),LogNormal,20
TRO_R_AdO3-3,Weekend,20,1,2,0.0227,TruncGMM(K=3),Exponential,TruncGMM(K=2),LogNormal,20
TRO_R_AdO3-3,Weekend,21,1,2,0.0227,TruncGMM(K=3),Exponential,TruncGMM(K=2),LogNormal,20
TRO_R_AdO3-3,Weekend,22,0,2,0.0,TruncGMM(K=3),Exponential,TruncGMM(K=2),LogNormal,20
TRO_R_AdO3-3,Weekend,23,0,2,0.0,TruncGMM(K=3),Exponential,TruncGMM(K=2),LogNormal,20
TRO_R_AdO3-3,Weekend,24,1,2,0.0227,TruncGMM(K=3),Exponential,TruncGMM(K=2),LogNormal,20
KR_U283,Weekday,1,0,2,0.0,TruncGMM(K=1),TruncGMM(K=1),TruncGMM(K=1),TruncGMM(K=2),20
KR_U283,Weekday,2,0,2,0.0,TruncGMM(K=1),TruncGMM(K=1),TruncGMM(K=1),TruncGMM(K=2),20
KR_U283,Weekday,3,0,2,0.0,TruncGMM(K=1),TruncGMM(K=1),TruncGMM(K=1),TruncGMM(K=2),20
KR_U283,Weekday,4,0,2,0.0,TruncGMM(K=1),TruncGMM(K=1),TruncGMM(K=1),TruncGMM(K=2),20
KR_U283,Weekday,5,0,2,0.0,TruncGMM(K=1),TruncGMM(K=1),TruncGMM(K=1),TruncGMM(K=2),20
KR_U283,Weekday,6,0,2,0.0,TruncGMM(K=1),TruncGMM(K=1),TruncGMM(K=1),TruncGMM(K=2),20
KR_U283,Weekday,7,0,2,0.0,TruncGMM(K=1),TruncGMM(K=1),TruncGMM(K=1),TruncGMM(K=2),20
KR_U283,Weekday,8,1,2,0.0222,TruncGMM(K=1),TruncGMM(K=1),TruncGMM(K=1),TruncGMM(K=2),20
KR_U283,Weekday,9,1,2,0.0222,TruncGMM(K=1),TruncGMM(K=1),TruncGMM(K=1),TruncGMM(K=2),20
KR_U283,Weekday,10,0,2,0.0,TruncGMM(K=1),TruncGMM(K=1),TruncGMM(K=1),TruncGMM(K=2),20
KR_U283,Weekday,11,0,2,0.0,TruncGMM(K=1),TruncGMM(K=1),TruncGMM(K=1),TruncGMM(K=2),20
KR_U283,Weekday,12,0,2,0.0,TruncGMM(K=1),TruncGMM(K=1),TruncGMM(K=1),TruncGMM(K=2),20
KR_U283,Weekday,13,0,2,0.0,TruncGMM(K=1),TruncGMM(K=1),TruncGMM(K=1),TruncGMM(K=2),20
KR_U283,Weekday,14,1,2,0.0222,TruncGMM(K=1),TruncGMM(K=1),TruncGMM(K=1),TruncGMM(K=2),20
KR_U283,Weekday,15,0,2,0.0,TruncGMM(K=1),TruncGMM(K=1),TruncGMM(K=1),TruncGMM(K=2),20
KR_U283,Weekday,16,1,2,0.0222,TruncGMM(K=1),TruncGMM(K=1),TruncGMM(K=1),TruncGMM(K=2),20
KR_U283,Weekday,17,0,2,0.0,TruncGMM(K=1),TruncGMM(K=1),TruncGMM(K=1),TruncGMM(K=2),20
KR_U283,Weekday,18,1,2,0.0222,TruncGMM(K=1),TruncGMM(K=1),TruncGMM(K=1),TruncGMM(K=2),20
KR_U283,Weekday,19,21,1,0.4666,TruncGMM(K=1),TruncGMM(K=1),TruncGMM(K=2),LogNormal,21
KR_U283,Weekday,20,7,2,0.1555,TruncGMM(K=1),TruncGMM(K=1),TruncGMM(K=1),TruncGMM(K=2),7
KR_U283,Weekday,21,4,2,0.0889,TruncGMM(K=1),TruncGMM(K=1),TruncGMM(K=1),TruncGMM(K=2),20
KR_U283,Weekday,22,3,2,0.0667,TruncGMM(K=1),TruncGMM(K=1),TruncGMM(K=1),TruncGMM(K=2),20
KR_U283,Weekday,23,3,2,0.0667,TruncGMM(K=1),TruncGMM(K=1),TruncGMM(K=1),TruncGMM(K=2),20
KR_U283,Weekday,24,2,2,0.0444,TruncGMM(K=1),TruncGMM(K=1),TruncGMM(K=1),TruncGMM(K=2),20
KR_U280,Weekend,1,4,2,0.1905,Weibull,TruncGMM(K=2),Weibull,Exponential,20
KR_U280,Weekend,2,2,2,0.0952,Weibull,TruncGMM(K=2),Weibull,Exponential,20
KR_U280,Weekend,3,3,2,0.1428,Weibull,TruncGMM(K=2),Weibull,Exponential,20
KR_U280,Weekend,4,1,2,0.0476,Weibull,TruncGMM(K=2),Weibull,Exponential,20
KR_U280,Weekend,5,1,2,0.0476,Weibull,TruncGMM(K=2),Weibull,Exponential,20
KR_U280,Weekend,6,3,2,0.1428,Weibull,TruncGMM(K=2),Weibull,Exponential,20
KR_U280,Weekend,7,4,2,0.1905,Weibull,TruncGMM(K=2),Weibull,Exponential,20
KR_U280,Weekend,8,1,2,0.0476,Weibull,TruncGMM(K=2),Weibull,Exponential,20
KR_U280,Weekend,9,0,2,0.0,Weibull,TruncGMM(K=2),Weibull,Exponential,20
KR_U280,Weekend,10,0,2,0.0,Weibull,TruncGMM(K=2),Weibull,Exponential,20
KR_U280,Weekend,11,0,2,0.0,Weibull,TruncGMM(K=2),Weibull,Exponential,20
KR_U280,Weekend,12,0,2,0.0,Weibull,TruncGMM(K=2),Weibull,Exponential,20
KR_U280,Weekend,13,0,2,0.0,Weibull,TruncGMM(K=2),Weibull,Exponential,20
KR_U280,Weekend,14,0,2,0.0,Weibull,TruncGMM(K=2),Weibull,Exponential,20
KR_U280,Weekend,15,0,2,0.0,Weibull,TruncGMM(K=2),Weibull,Exponential,20
KR_U280,Weekend,16,0,2,0.0,Weibull,TruncGMM(K=2),Weibull,Exponential,20
KR_U280,Weekend,17,0,2,0.0,Weibull,TruncGMM(K=2),Weibull,Exponential,20
KR_U280,Weekend,18,0,2,0.0,Weibull,TruncGMM(K=2),Weibull,Exponential,20
KR_U280,Weekend,19,0,2,0.0,Weibull,TruncGMM(K=2),Weibull,Exponential,20
KR_U280,Weekend,20,0,2,0.0,Weibull,TruncGMM(K=2),Weibull,Exponential,20
KR_U280,Weekend,21,1,2,0.0476,Weibull,TruncGMM(K=2),Weibull,Exponential,20
KR_U280,Weekend,22,0,2,0.0,Weibull,TruncGMM(K=2),Weibull,Exponential,20
KR_U280,Weekend,23,0,2,0.0,Weibull,TruncGMM(K=2),Weibull,Exponential,20
KR_U280,Weekend,24,1,2,0.0476,Weibull,TruncGMM(K=2),Weibull,Exponential,20
OSL_S_KT65,Weekday,1,8,2,0.0394,TruncGMM(K=2),TruncGMM(K=2),TruncGMM(K=2),TruncGMM(K=3),8
OSL_S_KT65,Weekday,2,6,2,0.0296,TruncGMM(K=2),TruncGMM(K=2),TruncGMM(K=2),TruncGMM(K=3),6
OSL_S_KT65,Weekday,3,3,2,0.0148,TruncGMM(K=2),TruncGMM(K=2),TruncGMM(K=2),TruncGMM(K=3),20
OSL_S_KT65,Weekday,4,3,2,0.0148,TruncGMM(K=2),TruncGMM(K=2),TruncGMM(K=2),TruncGMM(K=3),20
OSL_S_KT65,Weekday,5,0,2,0.0,TruncGMM(K=2),TruncGMM(K=2),TruncGMM(K=2),TruncGMM(K=3),20
OSL_S_KT65,Weekday,6,0,2,0.0,TruncGMM(K=2),TruncGMM(K=2),TruncGMM(K=2),TruncGMM(K=3),20
OSL_S_KT65,Weekday,7,0,2,0.0,TruncGMM(K=2),TruncGMM(K=2),TruncGMM(K=2),TruncGMM(K=3),20
OSL_S_KT65,Weekday,8,0,2,0.0,TruncGMM(K=2),TruncGMM(K=2),TruncGMM(K=2),TruncGMM(K=3),20
OSL_S_KT65,Weekday,9,3,2,0.0148,TruncGMM(K=2),TruncGMM(K=2),TruncGMM(K=2),TruncGMM(K=3),20
OSL_S_KT65,Weekday,10,3,2,0.0148,TruncGMM(K=2),TruncGMM(K=2),TruncGMM(K=2),TruncGMM(K=3),20
OSL_S_KT65,Weekday,11,2,2,0.0099,TruncGMM(K=2),TruncGMM(K=2),TruncGMM(K=2),TruncGMM(K=3),20
OSL_S_KT65,Weekday,12,9,2,0.0443,TruncGMM(K=2),TruncGMM(K=2),TruncGMM(K=2),TruncGMM(K=3),9
OSL_S_KT65,Weekday,13,6,2,0.0296,TruncGMM(K=2),TruncGMM(K=2),TruncGMM(K=2),TruncGMM(K=3),6
OSL_S_KT65,Weekday,14,14,2,0.069,TruncGMM(K=2),TruncGMM(K=2),TruncGMM(K=2),TruncGMM(K=3),14
OSL_S_KT65,Weekday,15,17,1,0.0837,LogNormal,Exponential,Weibull,TruncGMM(K=2),17
OSL_S_KT65,Weekday,16,8,2,0.0394,TruncGMM(K=2),TruncGMM(K=2),TruncGMM(K=2),TruncGMM(K=3),8
OSL_S_KT65,Weekday,17,9,2,0.0443,TruncGMM(K=2),TruncGMM(K=2),TruncGMM(K=2),TruncGMM(K=3),9
OSL_S_KT65,Weekday,18,10,2,0.0493,TruncGMM(K=2),TruncGMM(K=2),TruncGMM(K=2),TruncGMM(K=3),10
OSL_S_KT65,Weekday,19,16,1,0.0788,TruncGMM(K=2),LogNormal,LogNormal,LogNormal,16
OSL_S_KT65,Weekday,20,19,1,0.0936,TruncGMM(K=2),Exponential,TruncGMM(K=2),TruncGMM(K=2),19
OSL_S_KT65,Weekday,21,17,1,0.0837,TruncGMM(K=2),TruncGMM(K=2),LogNormal,TruncGMM(K=3),17
OSL_S_KT65,Weekday,22,21,1,0.1034,TruncGMM(K=1),LogNormal,TruncGMM(K=1),LogNormal,21
OSL_S_KT65,Weekday,23,20,1,0.0985,TruncGMM(K=3),TruncGMM(K=2),TruncGMM(K=1),Weibull,20
OSL_S_KT65,Weekday,24,9,2,0.0443,TruncGMM(K=2),TruncGMM(K=2),TruncGMM(K=2),TruncGMM(K=3),9
OSL_T_51,Weekday,1,0,2,0.0,Exponential,Exponential,LogNormal,TruncGMM(K=1),20
OSL_T_51,Weekday,2,0,2,0.0,Exponential,Exponential,LogNormal,TruncGMM(K=1),20
OSL_T_51,Weekday,3,0,2,0.0,Exponential,Exponential,LogNormal,TruncGMM(K=1),20
OSL_T_51,Weekday,4,0,2,0.0,Exponential,Exponential,LogNormal,TruncGMM(K=1),20
OSL_T_51,Weekday,5,0,2,0.0,Exponential,Exponential,LogNormal,TruncGMM(K=1),20
OSL_T_51,Weekday,6,0,2,0.0,Exponential,Exponential,LogNormal,TruncGMM(K=1),20
OSL_T_51,Weekday,7,0,2,0.0,Exponential,Exponential,LogNormal,TruncGMM(K=1),20
OSL_T_51,Weekday,8,0,2,0.0,Exponential,Exponential,LogNormal,TruncGMM(K=1),20
OSL_T_51,Weekday,9,3,2,0.0435,Exponential,Exponential,LogNormal,TruncGMM(K=1),20
OSL_T_51,Weekday,10,1,2,0.0145,Exponential,Exponential,LogNormal,TruncGMM(K=1),20
OSL_T_51,Weekday,11,5,2,0.0725,Exponential,Exponential,LogNormal,TruncGMM(K=1),5
OSL_T_51,Weekday,12,3,2,0.0435,Exponential,Exponential,LogNormal,TruncGMM(K=1),20
OSL_T_51,Weekday,13,4,2,0.058,Exponential,Exponential,LogNormal,TruncGMM(K=1),20
OSL_T_51,Weekday,14,4,2,0.058,Exponential,Exponential,LogNormal,TruncGMM(K=1),20
OSL_T_51,Weekday,15,4,2,0.058,Exponential,Exponential,LogNormal,TruncGMM(K=1),20
OSL_T_51,Weekday,16,4,2,0.058,Exponential,Exponential,LogNormal,TruncGMM(K=1),20
OSL_T_51,Weekday,17,10,2,0.1449,Exponential,Exponential,LogNormal,TruncGMM(K=1),10
OSL_T_51,Weekday,18,3,2,0.0435,Exponential,Exponential,LogNormal,TruncGMM(K=1),20
OSL_T_51,Weekday,19,6,2,0.087,Exponential,Exponential,LogNormal,TruncGMM(K=1),6
OSL_T_51,Weekday,20,5,2,0.0725,Exponential,Exponential,LogNormal,TruncGMM(K=1),5
OSL_T_51,Weekday,21,4,2,0.058,Exponential,Exponential,LogNormal,TruncGMM(K=1),20
OSL_T_51,Weekday,22,8,2,0.1159,Exponential,Exponential,LogNormal,TruncGMM(K=1),8
OSL_T_51,Weekday,23,2,2,0.029,Exponential,Exponential,LogNormal,TruncGMM(K=1),20
OSL_T_51,Weekday,24,3,2,0.0435,Exponential,Exponential,LogNormal,TruncGMM(K=1),20
TRO_R_AsO2-1,Weekend,1,0,2,0.0,TruncGMM(K=2),TruncGMM(K=4),Weibull,Weibull,20
TRO_R_AsO2-1,Weekend,2,0,2,0.0,TruncGMM(K=2),TruncGMM(K=4),Weibull,Weibull,20
TRO_R_AsO2-1,Weekend,3,0,2,0.0,TruncGMM(K=2),TruncGMM(K=4),Weibull,Weibull,20
TRO_R_AsO2-1,Weekend,4,0,2,0.0,TruncGMM(K=2),TruncGMM(K=4),Weibull,Weibull,20
TRO_R_AsO2-1,Weekend,5,0,2,0.0,TruncGMM(K=2),TruncGMM(K=4),Weibull,Weibull,20
TRO_R_AsO2-1,Weekend,6,0,2,0.0,TruncGMM(K=2),TruncGMM(K=4),Weibull,Weibull,20
TRO_R_AsO2-1,Weekend,7,0,2,0.0,TruncGMM(K=2),TruncGMM(K=4),Weibull,Weibull,20
TRO_R_AsO2-1,Weekend,8,0,2,0.0,TruncGMM(K=2),TruncGMM(K=4),Weibull,Weibull,20
TRO_R_AsO2-1,Weekend,9,0,2,0.0,TruncGMM(K=2),TruncGMM(K=4),Weibull,Weibull,20
TRO_R_AsO2-1,Weekend,10,1,2,0.0303,TruncGMM(K=2),TruncGMM(K=4),Weibull,Weibull,20
TRO_R_AsO2-1,Weekend,11,1,2,0.0303,TruncGMM(K=2),TruncGMM(K=4),Weibull,Weibull,20
TRO_R_AsO2-1,Weekend,12,1,2,0.0303,TruncGMM(K=2),TruncGMM(K=4),Weibull,Weibull,20
TRO_R_AsO2-1,Weekend,13,0,2,0.0,TruncGMM(K=2),TruncGMM(K=4),Weibull,Weibull,20
TRO_R_AsO2-1,Weekend,14,1,2,0.0303,TruncGMM(K=2),TruncGMM(K=4),Weibull,Weibull,20
TRO_R_AsO2-1,Weekend,15,2,2,0.0606,TruncGMM(K=2),TruncGMM(K=4),Weibull,Weibull,20
TRO_R_AsO2-1,Weekend,16,3,2,0.0909,TruncGMM(K=2),TruncGMM(K=4),Weibull,Weibull,20
TRO_R_AsO2-1,Weekend,17,4,2,0.1212,TruncGMM(K=2),TruncGMM(K=4),Weibull,Weibull,20
TRO_R_AsO2-1,Weekend,18,7,2,0.2121,TruncGMM(K=2),TruncGMM(K=4),Weibull,Weibull,7
TRO_R_AsO2-1,Weekend,19,7,2,0.2121,TruncGMM(K=2),TruncGMM(K=4),Weibull,Weibull,7
TRO_R_AsO2-1,Weekend,20,3,2,0.0909,TruncGMM(K=2),TruncGMM(K=4),Weibull,Weibull,20
TRO_R_AsO2-1,Weekend,21,1,2,0.0303,TruncGMM(K=2),TruncGMM(K=4),Weibull,Weibull,20
TRO_R_AsO2-1,Weekend,22,1,2,0.0303,TruncGMM(K=2),TruncGMM(K=4),Weibull,Weibull,20
TRO_R_AsO2-1,Weekend,23,1,2,0.0303,TruncGMM(K=2),TruncGMM(K=4),Weibull,Weibull,20
TRO_R_AsO2-1,Weekend,24,0,2,0.0,TruncGMM(K=2),TruncGMM(K=4),Weibull,Weibull,20
TRO_R_UT1-1,Weekend,1,0,2,0.0,Exponential,LogNormal,TruncGMM(K=1),TruncGMM(K=1),20
TRO_R_UT1-1,Weekend,2,0,2,0.0,Exponential,LogNormal,TruncGMM(K=1),TruncGMM(K=1),20
TRO_R_UT1-1,Weekend,3,0,2,0.0,Exponential,LogNormal,TruncGMM(K=1),TruncGMM(K=1),20
TRO_R_UT1-1,Weekend,4,1,2,0.0476,Exponential,LogNormal,TruncGMM(K=1),TruncGMM(K=1),20
TRO_R_UT1-1,Weekend,5,0,2,0.0,Exponential,LogNormal,TruncGMM(K=1),TruncGMM(K=1),20
TRO_R_UT1-1,Weekend,6,0,2,0.0,Exponential,LogNormal,TruncGMM(K=1),TruncGMM(K=1),20
TRO_R_UT1-1,Weekend,7,0,2,0.0,Exponential,LogNormal,TruncGMM(K=1),TruncGMM(K=1),20
TRO_R_UT1-1,Weekend,8,0,2,0.0,Exponential,LogNormal,TruncGMM(K=1),TruncGMM(K=1),20
TRO_R_UT1-1,Weekend,9,0,2,0.0,Exponential,LogNormal,TruncGMM(K=1),TruncGMM(K=1),20
TRO_R_UT1-1,Weekend,10,1,2,0.0476,Exponential,LogNormal,TruncGMM(K=1),TruncGMM(K=1),20
TRO_R_UT1-1,Weekend,11,0,2,0.0,Exponential,LogNormal,TruncGMM(K=1),TruncGMM(K=1),20
TRO_R_UT1-1,Weekend,12,0,2,0.0,Exponential,LogNormal,TruncGMM(K=1),TruncGMM(K=1),20
TRO_R_UT1-1,Weekend,13,3,2,0.1428,Exponential,LogNormal,TruncGMM(K=1),TruncGMM(K=1),20
TRO_R_UT1-1,Weekend,14,0,2,0.0,Exponential,LogNormal,TruncGMM(K=1),TruncGMM(K=1),20
TRO_R_UT1-1,Weekend,15,1,2,0.0476,Exponential,LogNormal,TruncGMM(K=1),TruncGMM(K=1),20
TRO_R_UT1-1,Weekend,16,2,2,0.0952,Exponential,LogNormal,TruncGMM(K=1),TruncGMM(K=1),20
TRO_R_UT1-1,Weekend,17,4,2,0.1905,Exponential,LogNormal,TruncGMM(K=1),TruncGMM(K=1),20
TRO_R_UT1-1,Weekend,18,3,2,0.1428,Exponential,LogNormal,TruncGMM(K=1),TruncGMM(K=1),20
TRO_R_UT1-1,Weekend,19,0,2,0.0,Exponential,LogNormal,TruncGMM(K=1),TruncGMM(K=1),20
TRO_R_UT1-1,Weekend,20,1,2,0.0476,Exponential,LogNormal,TruncGMM(K=1),TruncGMM(K=1),20
TRO_R_UT1-1,Weekend,21,1,2,0.0476,Exponential,LogNormal,TruncGMM(K=1),TruncGMM(K=1),20
TRO_R_UT1-1,Weekend,22,1,2,0.0476,Exponential,LogNormal,TruncGMM(K=1),TruncGMM(K=1),20
TRO_R_UT1-1,Weekend,23,2,2,0.0952,Exponential,LogNormal,TruncGMM(K=1),TruncGMM(K=1),20
TRO_R_UT1-1,Weekend,24,1,2,0.0476,Exponential,LogNormal,TruncGMM(K=1),TruncGMM(K=1),20
KR_U1446,Weekend,1,0,2,0.0,Weibull,TruncGMM(K=2),Weibull,Weibull,20
KR_U1446,Weekend,2,0,2,0.0,Weibull,TruncGMM(K=2),Weibull,Weibull,20
KR_U1446,Weekend,3,0,2,0.0,Weibull,TruncGMM(K=2),Weibull,Weibull,20
KR_U1446,Weekend,4,0,2,0.0,Weibull,TruncGMM(K=2),Weibull,Weibull,20
KR_U1446,Weekend,5,0,2,0.0,Weibull,TruncGMM(K=2),Weibull,Weibull,20
KR_U1446,Weekend,6,0,2,0.0,Weibull,TruncGMM(K=2),Weibull,Weibull,20
KR_U1446,Weekend,7,0,2,0.0,Weibull,TruncGMM(K=2),Weibull,Weibull,20
KR_U1446,Weekend,8,1,2,0.0588,Weibull,TruncGMM(K=2),Weibull,Weibull,20
KR_U1446,Weekend,9,0,2,0.0,Weibull,TruncGMM(K=2),Weibull,Weibull,20
KR_U1446,Weekend,10,1,2,0.0588,Weibull,TruncGMM(K=2),Weibull,Weibull,20
KR_U1446,Weekend,11,0,2,0.0,Weibull,TruncGMM(K=2),Weibull,Weibull,20
KR_U1446,Weekend,12,1,2,0.0588,Weibull,TruncGMM(K=2),Weibull,Weibull,20
KR_U1446,Weekend,13,0,2,0.0,Weibull,TruncGMM(K=2),Weibull,Weibull,20
KR_U1446,Weekend,14,1,2,0.0588,Weibull,TruncGMM(K=2),Weibull,Weibull,20
KR_U1446,Weekend,15,1,2,0.0588,Weibull,TruncGMM(K=2),Weibull,Weibull,20
KR_U1446,Weekend,16,3,2,0.1765,Weibull,TruncGMM(K=2),Weibull,Weibull,20
KR_U1446,Weekend,17,4,2,0.2353,Weibull,TruncGMM(K=2),Weibull,Weibull,20
KR_U1446,Weekend,18,4,2,0.2353,Weibull,TruncGMM(K=2),Weibull,Weibull,20
KR_U1446,Weekend,19,1,2,0.0588,Weibull,TruncGMM(K=2),Weibull,Weibull,20
KR_U1446,Weekend,20,0,2,0.0,Weibull,TruncGMM(K=2),Weibull,Weibull,20
KR_U1446,Weekend,21,0,2,0.0,Weibull,TruncGMM(K=2),Weibull,Weibull,20
KR_U1446,Weekend,22,0,2,0.0,Weibull,TruncGMM(K=2),Weibull,Weibull,20
KR_U1446,Weekend,23,0,2,0.0,Weibull,TruncGMM(K=2),Weibull,Weibull,20
KR_U1446,Weekend,24,0,2,0.0,Weibull,TruncGMM(K=2),Weibull,Weibull,20
BAR_Plass153,Weekend,1,0,2,0.0,TruncGMM(K=1),LogNormal,TruncGMM(K=2),TruncGMM(K=1),20
BAR_Plass153,Weekend,2,0,2,0.0,TruncGMM(K=1),LogNormal,TruncGMM(K=2),TruncGMM(K=1),20
BAR_Plass153,Weekend,3,0,2,0.0,TruncGMM(K=1),LogNormal,TruncGMM(K=2),TruncGMM(K=1),20
BAR_Plass153,Weekend,4,0,2,0.0,TruncGMM(K=1),LogNormal,TruncGMM(K=2),TruncGMM(K=1),20
BAR_Plass153,Weekend,5,0,2,0.0,TruncGMM(K=1),LogNormal,TruncGMM(K=2),TruncGMM(K=1),20
BAR_Plass153,Weekend,6,0,2,0.0,TruncGMM(K=1),LogNormal,TruncGMM(K=2),TruncGMM(K=1),20
BAR_Plass153,Weekend,7,0,2,0.0,TruncGMM(K=1),LogNormal,TruncGMM(K=2),TruncGMM(K=1),20
BAR_Plass153,Weekend,8,1,2,0.027,TruncGMM(K=1),LogNormal,TruncGMM(K=2),TruncGMM(K=1),20
BAR_Plass153,Weekend,9,2,2,0.0541,TruncGMM(K=1),LogNormal,TruncGMM(K=2),TruncGMM(K=1),20
BAR_Plass153,Weekend,10,1,2,0.027,TruncGMM(K=1),LogNormal,TruncGMM(K=2),TruncGMM(K=1),20
BAR_Plass153,Weekend,11,1,2,0.027,TruncGMM(K=1),LogNormal,TruncGMM(K=2),TruncGMM(K=1),20
BAR_Plass153,Weekend,12,0,2,0.0,TruncGMM(K=1),LogNormal,TruncGMM(K=2),TruncGMM(K=1),20
BAR_Plass153,Weekend,13,1,2,0.027,TruncGMM(K=1),LogNormal,TruncGMM(K=2),TruncGMM(K=1),20
BAR_Plass153,Weekend,14,1,2,0.027,TruncGMM(K=1),LogNormal,TruncGMM(K=2),TruncGMM(K=1),20
BAR_Plass153,Weekend,15,1,2,0.027,TruncGMM(K=1),LogNormal,TruncGMM(K=2),TruncGMM(K=1),20
BAR_Plass153,Weekend,16,7,2,0.1892,TruncGMM(K=1),LogNormal,TruncGMM(K=2),TruncGMM(K=1),7
BAR_Plass153,Weekend,17,1,2,0.027,TruncGMM(K=1),LogNormal,TruncGMM(K=2),TruncGMM(K=1),20
BAR_Plass153,Weekend,18,1,2,0.027,TruncGMM(K=1),LogNormal,TruncGMM(K=2),TruncGMM(K=1),20
BAR_Plass153,Weekend,19,0,2,0.0,TruncGMM(K=1),LogNormal,TruncGMM(K=2),TruncGMM(K=1),20
BAR_Plass153,Weekend,20,5,2,0.1351,TruncGMM(K=1),LogNormal,TruncGMM(K=2),TruncGMM(K=1),5
BAR_Plass153,Weekend,21,1,2,0.027,TruncGMM(K=1),LogNormal,TruncGMM(K=2),TruncGMM(K=1),20
BAR_Plass153,Weekend,22,3,2,0.0811,TruncGMM(K=1),LogNormal,TruncGMM(K=2),TruncGMM(K=1),20
BAR_Plass153,Weekend,23,7,2,0.1892,TruncGMM(K=1),LogNormal,TruncGMM(K=2),TruncGMM(K=1),7
BAR_Plass153,Weekend,24,4,2,0.1081,TruncGMM(K=1),LogNormal,TruncGMM(K=2),TruncGMM(K=1),20
OSL_T_41,Weekday,1,0,2,0.0,TruncGMM(K=1),Exponential,TruncGMM(K=1),TruncGMM(K=1),20
OSL_T_41,Weekday,2,0,2,0.0,TruncGMM(K=1),Exponential,TruncGMM(K=1),TruncGMM(K=1),20
OSL_T_41,Weekday,3,0,2,0.0,TruncGMM(K=1),Exponential,TruncGMM(K=1),TruncGMM(K=1),20
OSL_T_41,Weekday,4,0,2,0.0,TruncGMM(K=1),Exponential,TruncGMM(K=1),TruncGMM(K=1),20
OSL_T_41,Weekday,5,0,2,0.0,TruncGMM(K=1),Exponential,TruncGMM(K=1),TruncGMM(K=1),20
OSL_T_41,Weekday,6,0,2,0.0,TruncGMM(K=1),Exponential,TruncGMM(K=1),TruncGMM(K=1),20
OSL_T_41,Weekday,7,0,2,0.0,TruncGMM(K=1),Exponential,TruncGMM(K=1),TruncGMM(K=1),20
OSL_T_41,Weekday,8,0,2,0.0,TruncGMM(K=1),Exponential,TruncGMM(K=1),TruncGMM(K=1),20
OSL_T_41,Weekday,9,3,2,0.0319,TruncGMM(K=1),Exponential,TruncGMM(K=1),TruncGMM(K=1),20
OSL_T_41,Weekday,10,2,2,0.0213,TruncGMM(K=1),Exponential,TruncGMM(K=1),TruncGMM(K=1),20
OSL_T_41,Weekday,11,5,2,0.0532,TruncGMM(K=1),Exponential,TruncGMM(K=1),TruncGMM(K=1),5
OSL_T_41,Weekday,12,1,2,0.0106,TruncGMM(K=1),Exponential,TruncGMM(K=1),TruncGMM(K=1),20
OSL_T_41,Weekday,13,2,2,0.0213,TruncGMM(K=1),Exponential,TruncGMM(K=1),TruncGMM(K=1),20
OSL_T_41,Weekday,14,2,2,0.0213,TruncGMM(K=1),Exponential,TruncGMM(K=1),TruncGMM(K=1),20
OSL_T_41,Weekday,15,3,2,0.0319,TruncGMM(K=1),Exponential,TruncGMM(K=1),TruncGMM(K=1),20
OSL_T_41,Weekday,16,4,2,0.0426,TruncGMM(K=1),Exponential,TruncGMM(K=1),TruncGMM(K=1),20
OSL_T_41,Weekday,17,12,2,0.1277,TruncGMM(K=1),Exponential,TruncGMM(K=1),TruncGMM(K=1),12
OSL_T_41,Weekday,18,16,1,0.1702,TruncGMM(K=2),Exponential,LogNormal,Weibull,16
OSL_T_41,Weekday,19,10,2,0.1064,TruncGMM(K=1),Exponential,TruncGMM(K=1),TruncGMM(K=1),10
OSL_T_41,Weekday,20,5,2,0.0532,TruncGMM(K=1),Exponential,TruncGMM(K=1),TruncGMM(K=1),5
OSL_T_41,Weekday,21,9,2,0.0957,TruncGMM(K=1),Exponential,TruncGMM(K=1),TruncGMM(K=1),9
OSL_T_41,Weekday,22,9,2,0.0957,TruncGMM(K=1),Exponential,TruncGMM(K=1),TruncGMM(K=1),9
OSL_T_41,Weekday,23,9,2,0.0957,TruncGMM(K=1),Exponential,TruncGMM(K=1),TruncGMM(K=1),9
OSL_T_41,Weekday,24,2,2,0.0213,TruncGMM(K=1),Exponential,TruncGMM(K=1),TruncGMM(K=1),20
TRO_R_AdO1-3,Weekday,1,3,2,0.018,TruncGMM(K=3),TruncGMM(K=6),TruncGMM(K=2),TruncGMM(K=3),20
TRO_R_AdO1-3,Weekday,2,0,2,0.0,TruncGMM(K=3),TruncGMM(K=6),TruncGMM(K=2),TruncGMM(K=3),20
TRO_R_AdO1-3,Weekday,3,0,2,0.0,TruncGMM(K=3),TruncGMM(K=6),TruncGMM(K=2),TruncGMM(K=3),20
TRO_R_AdO1-3,Weekday,4,1,2,0.006,TruncGMM(K=3),TruncGMM(K=6),TruncGMM(K=2),TruncGMM(K=3),20
TRO_R_AdO1-3,Weekday,5,0,2,0.0,TruncGMM(K=3),TruncGMM(K=6),TruncGMM(K=2),TruncGMM(K=3),20
TRO_R_AdO1-3,Weekday,6,0,2,0.0,TruncGMM(K=3),TruncGMM(K=6),TruncGMM(K=2),TruncGMM(K=3),20
TRO_R_AdO1-3,Weekday,7,0,2,0.0,TruncGMM(K=3),TruncGMM(K=6),TruncGMM(K=2),TruncGMM(K=3),20
TRO_R_AdO1-3,Weekday,8,1,2,0.006,TruncGMM(K=3),TruncGMM(K=6),TruncGMM(K=2),TruncGMM(K=3),20
TRO_R_AdO1-3,Weekday,9,1,2,0.006,TruncGMM(K=3),TruncGMM(K=6),TruncGMM(K=2),TruncGMM(K=3),20
TRO_R_AdO1-3,Weekday,10,1,2,0.006,TruncGMM(K=3),TruncGMM(K=6),TruncGMM(K=2),TruncGMM(K=3),20
TRO_R_AdO1-3,Weekday,11,0,2,0.0,TruncGMM(K=3),TruncGMM(K=6),TruncGMM(K=2),TruncGMM(K=3),20
TRO_R_AdO1-3,Weekday,12,2,2,0.012,TruncGMM(K=3),TruncGMM(K=6),TruncGMM(K=2),TruncGMM(K=3),20
TRO_R_AdO1-3,Weekday,13,3,2,0.018,TruncGMM(K=3),TruncGMM(K=6),TruncGMM(K=2),TruncGMM(K=3),20
TRO_R_AdO1-3,Weekday,14,0,2,0.0,TruncGMM(K=3),TruncGMM(K=6),TruncGMM(K=2),TruncGMM(K=3),20
TRO_R_AdO1-3,Weekday,15,4,2,0.024,TruncGMM(K=3),TruncGMM(K=6),TruncGMM(K=2),TruncGMM(K=3),20
TRO_R_AdO1-3,Weekday,16,4,2,0.024,TruncGMM(K=3),TruncGMM(K=6),TruncGMM(K=2),TruncGMM(K=3),20
TRO_R_AdO1-3,Weekday,17,52,1,0.3114,TruncGMM(K=3),TruncGMM(K=5),TruncGMM(K=3),TruncGMM(K=1),52
TRO_R_AdO1-3,Weekday,18,16,1,0.0958,Weibull,Exponential,TruncGMM(K=2),TruncGMM(K=1),16
TRO_R_AdO1-3,Weekday,19,11,2,0.0659,TruncGMM(K=3),TruncGMM(K=6),TruncGMM(K=2),TruncGMM(K=3),11
TRO_R_AdO1-3,Weekday,20,26,1,0.1557,TruncGMM(K=2),Exponential,LogNormal,TruncGMM(K=2),26
TRO_R_AdO1-3,Weekday,21,16,1,0.0958,TruncGMM(K=2),Weibull,LogNormal,TruncGMM(K=3),16
TRO_R_AdO1-3,Weekday,22,14,2,0.0838,TruncGMM(K=3),TruncGMM(K=6),TruncGMM(K=2),TruncGMM(K=3),14
TRO_R_AdO1-3,Weekday,23,9,2,0.0539,TruncGMM(K=3),TruncGMM(K=6),TruncGMM(K=2),TruncGMM(K=3),9
TRO_R_AdO1-3,Weekday,24,3,2,0.018,TruncGMM(K=3),TruncGMM(K=6),TruncGMM(K=2),TruncGMM(K=3),20
OSL_S_KT202,Weekday,1,1,2,0.0051,TruncGMM(K=3),Weibull,TruncGMM(K=1),TruncGMM(K=4),20
OSL_S_KT202,Weekday,2,0,2,0.0,TruncGMM(K=3),Weibull,TruncGMM(K=1),TruncGMM(K=4),20
OSL_S_KT202,Weekday,3,0,2,0.0,TruncGMM(K=3),Weibull,TruncGMM(K=1),TruncGMM(K=4),20
OSL_S_KT202,Weekday,4,0,2,0.0,TruncGMM(K=3),Weibull,TruncGMM(K=1),TruncGMM(K=4),20
OSL_S_KT202,Weekday,5,0,2,0.0,TruncGMM(K=3),Weibull,TruncGMM(K=1),TruncGMM(K=4),20
OSL_S_KT202,Weekday,6,0,2,0.0,TruncGMM(K=3),Weibull,TruncGMM(K=1),TruncGMM(K=4),20
OSL_S_KT202,Weekday,7,0,2,0.0,TruncGMM(K=3),Weibull,TruncGMM(K=1),TruncGMM(K=4),20
OSL_S_KT202,Weekday,8,0,2,0.0,TruncGMM(K=3),Weibull,TruncGMM(K=1),TruncGMM(K=4),20
OSL_S_KT202,Weekday,9,2,2,0.0103,TruncGMM(K=3),Weibull,TruncGMM(K=1),TruncGMM(K=4),20
OSL_S_KT202,Weekday,10,2,2,0.0103,TruncGMM(K=3),Weibull,TruncGMM(K=1),TruncGMM(K=4),20
OSL_S_KT202,Weekday,11,5,2,0.0256,TruncGMM(K=3),Weibull,TruncGMM(K=1),TruncGMM(K=4),5
OSL_S_KT202,Weekday,12,7,2,0.0359,TruncGMM(K=3),Weibull,TruncGMM(K=1),TruncGMM(K=4),7
OSL_S_KT202,Weekday,13,3,2,0.0154,TruncGMM(K=3),Weibull,TruncGMM(K=1),TruncGMM(K=4),20
OSL_S_KT202,Weekday,14,7,2,0.0359,TruncGMM(K=3),Weibull,TruncGMM(K=1),TruncGMM(K=4),7
OSL_S_KT202,Weekday,15,23,1,0.1179,TruncGMM(K=3),TruncGMM(K=4),Weibull,TruncGMM(K=2),23
OSL_S_KT202,Weekday,16,45,1,0.2308,TruncGMM(K=3),LogNormal,Weibull,TruncGMM(K=2),45
OSL_S_KT202,Weekday,17,15,1,0.0769,Exponential,LogNormal,Exponential,TruncGMM(K=2),15
OSL_S_KT202,Weekday,18,9,2,0.0462,TruncGMM(K=3),Weibull,TruncGMM(K=1),TruncGMM(K=4),9
OSL_S_KT202,Weekday,19,13,2,0.0667,TruncGMM(K=3),Weibull,TruncGMM(K=1),TruncGMM(K=4),13
OSL_S_KT202,Weekday,20,26,1,0.1333,LogNormal,Exponential,TruncGMM(K=1),TruncGMM(K=1),26
OSL_S_KT202,Weekday,21,16,1,0.0821,TruncGMM(K=2),Exponential,TruncGMM(K=3),TruncGMM(K=1),16
OSL_S_KT202,Weekday,22,12,2,0.0615,TruncGMM(K=3),Weibull,TruncGMM(K=1),TruncGMM(K=4),12
OSL_S_KT202,Weekday,23,7,2,0.0359,TruncGMM(K=3),Weibull,TruncGMM(K=1),TruncGMM(K=4),7
OSL_S_KT202,Weekday,24,2,2,0.0103,TruncGMM(K=3),Weibull,TruncGMM(K=1),TruncGMM(K=4),20
TRO_Plass17,Weekend,1,0,2,0.0,TruncGMM(K=2),TruncGMM(K=1),TruncGMM(K=1),TruncGMM(K=2),20
TRO_Plass17,Weekend,2,0,2,0.0,TruncGMM(K=2),TruncGMM(K=1),TruncGMM(K=1),TruncGMM(K=2),20
TRO_Plass17,Weekend,3,0,2,0.0,TruncGMM(K=2),TruncGMM(K=1),TruncGMM(K=1),TruncGMM(K=2),20
TRO_Plass17,Weekend,4,0,2,0.0,TruncGMM(K=2),TruncGMM(K=1),TruncGMM(K=1),TruncGMM(K=2),20
TRO_Plass17,Weekend,5,0,2,0.0,TruncGMM(K=2),TruncGMM(K=1),TruncGMM(K=1),TruncGMM(K=2),20
TRO_Plass17,Weekend,6,0,2,0.0,TruncGMM(K=2),TruncGMM(K=1),TruncGMM(K=1),TruncGMM(K=2),20
TRO_Plass17,Weekend,7,0,2,0.0,TruncGMM(K=2),TruncGMM(K=1),TruncGMM(K=1),TruncGMM(K=2),20
TRO_Plass17,Weekend,8,7,2,0.2414,TruncGMM(K=2),TruncGMM(K=1),TruncGMM(K=1),TruncGMM(K=2),7
TRO_Plass17,Weekend,9,1,2,0.0345,TruncGMM(K=2),TruncGMM(K=1),TruncGMM(K=1),TruncGMM(K=2),20
TRO_Plass17,Weekend,10,0,2,0.0,TruncGMM(K=2),TruncGMM(K=1),TruncGMM(K=1),TruncGMM(K=2),20
TRO_Plass17,Weekend,11,1,2,0.0345,TruncGMM(K=2),TruncGMM(K=1),TruncGMM(K=1),TruncGMM(K=2),20
TRO_Plass17,Weekend,12,0,2,0.0,TruncGMM(K=2),TruncGMM(K=1),TruncGMM(K=1),TruncGMM(K=2),20
TRO_Plass17,Weekend,13,0,2,0.0,TruncGMM(K=2),TruncGMM(K=1),TruncGMM(K=1),TruncGMM(K=2),20
TRO_Plass17,Weekend,14,2,2,0.069,TruncGMM(K=2),TruncGMM(K=1),TruncGMM(K=1),TruncGMM(K=2),20
TRO_Plass17,Weekend,15,2,2,0.069,TruncGMM(K=2),TruncGMM(K=1),TruncGMM(K=1),TruncGMM(K=2),20
TRO_Plass17,Weekend,16,6,2,0.2069,TruncGMM(K=2),TruncGMM(K=1),TruncGMM(K=1),TruncGMM(K=2),6
TRO_Plass17,Weekend,17,3,2,0.1034,TruncGMM(K=2),TruncGMM(K=1),TruncGMM(K=1),TruncGMM(K=2),20
TRO_Plass17,Weekend,18,3,2,0.1034,TruncGMM(K=2),TruncGMM(K=1),TruncGMM(K=1),TruncGMM(K=2),20
TRO_Plass17,Weekend,19,2,2,0.069,TruncGMM(K=2),TruncGMM(K=1),TruncGMM(K=1),TruncGMM(K=2),20
TRO_Plass17,Weekend,20,1,2,0.0345,TruncGMM(K=2),TruncGMM(K=1),TruncGMM(K=1),TruncGMM(K=2),20
TRO_Plass17,Weekend,21,0,2,0.0,TruncGMM(K=2),TruncGMM(K=1),TruncGMM(K=1),TruncGMM(K=2),20
TRO_Plass17,Weekend,22,0,2,0.0,TruncGMM(K=2),TruncGMM(K=1),TruncGMM(K=1),TruncGMM(K=2),20
TRO_Plass17,Weekend,23,1,2,0.0345,TruncGMM(K=2),TruncGMM(K=1),TruncGMM(K=1),TruncGMM(K=2),20
TRO_Plass17,Weekend,24,0,2,0.0,TruncGMM(K=2),TruncGMM(K=1),TruncGMM(K=1),TruncGMM(K=2),20
TRO_Plass41,Weekday,1,0,2,0.0,TruncGMM(K=3),LogNormal,TruncGMM(K=2),TruncGMM(K=1),20
TRO_Plass41,Weekday,2,0,2,0.0,TruncGMM(K=3),LogNormal,TruncGMM(K=2),TruncGMM(K=1),20
TRO_Plass41,Weekday,3,0,2,0.0,TruncGMM(K=3),LogNormal,TruncGMM(K=2),TruncGMM(K=1),20
TRO_Plass41,Weekday,4,0,2,0.0,TruncGMM(K=3),LogNormal,TruncGMM(K=2),TruncGMM(K=1),20
TRO_Plass41,Weekday,5,0,2,0.0,TruncGMM(K=3),LogNormal,TruncGMM(K=2),TruncGMM(K=1),20
TRO_Plass41,Weekday,6,0,2,0.0,TruncGMM(K=3),LogNormal,TruncGMM(K=2),TruncGMM(K=1),20
TRO_Plass41,Weekday,7,0,2,0.0,TruncGMM(K=3),LogNormal,TruncGMM(K=2),TruncGMM(K=1),20
TRO_Plass41,Weekday,8,2,2,0.007,TruncGMM(K=3),LogNormal,TruncGMM(K=2),TruncGMM(K=1),20
TRO_Plass41,Weekday,9,12,2,0.0418,TruncGMM(K=3),LogNormal,TruncGMM(K=2),TruncGMM(K=1),12
TRO_Plass41,Weekday,10,5,2,0.0174,TruncGMM(K=3),LogNormal,TruncGMM(K=2),TruncGMM(K=1),5
TRO_Plass41,Weekday,11,13,2,0.0453,TruncGMM(K=3),LogNormal,TruncGMM(K=2),TruncGMM(K=1),13
TRO_Plass41,Weekday,12,16,1,0.0557,LogNormal,LogNormal,TruncGMM(K=3),Weibull,16
TRO_Plass41,Weekday,13,22,1,0.0767,Exponential,Weibull,TruncGMM(K=2),Weibull,22
TRO_Plass41,Weekday,14,17,1,0.0592,LogNormal,LogNormal,Weibull,TruncGMM(K=3),17
TRO_Plass41,Weekday,15,19,1,0.0662,LogNormal,Exponential,TruncGMM(K=2),TruncGMM(K=2),19
TRO_Plass41,Weekday,16,18,1,0.0627,TruncGMM(K=2),LogNormal,Weibull,Weibull,18
TRO_Plass41,Weekday,17,22,1,0.0767,TruncGMM(K=2),Exponential,TruncGMM(K=3),TruncGMM(K=1),22
TRO_Plass41,Weekday,18,25,1,0.0871,TruncGMM(K=2),Exponential,TruncGMM(K=3),TruncGMM(K=2),25
TRO_Plass41,Weekday,19,30,1,0.1045,TruncGMM(K=2),LogNormal,TruncGMM(K=3),TruncGMM(K=2),30
TRO_Plass41,Weekday,20,17,1,0.0592,TruncGMM(K=2),Exponential,TruncGMM(K=2),TruncGMM(K=1),17
TRO_Plass41,Weekday,21,19,1,0.0662,TruncGMM(K=2),LogNormal,TruncGMM(K=2),TruncGMM(K=1),19
TRO_Plass41,Weekday,22,24,1,0.0836,LogNormal,Exponential,TruncGMM(K=3),LogNormal,24
TRO_Plass41,Weekday,23,13,2,0.0453,TruncGMM(K=3),LogNormal,TruncGMM(K=2),TruncGMM(K=1),13
TRO_Plass41,Weekday,24,13,2,0.0453,TruncGMM(K=3),LogNormal,TruncGMM(K=2),TruncGMM(K=1),13
ASK_Plass45,Weekday,1,1,2,0.0063,TruncGMM(K=2),Weibull,TruncGMM(K=1),TruncGMM(K=2),20
ASK_Plass45,Weekday,2,0,2,0.0,TruncGMM(K=2),Weibull,TruncGMM(K=1),TruncGMM(K=2),20
ASK_Plass45,Weekday,3,0,2,0.0,TruncGMM(K=2),Weibull,TruncGMM(K=1),TruncGMM(K=2),20
ASK_Plass45,Weekday,4,0,2,0.0,TruncGMM(K=2),Weibull,TruncGMM(K=1),TruncGMM(K=2),20
ASK_Plass45,Weekday,5,0,2,0.0,TruncGMM(K=2),Weibull,TruncGMM(K=1),TruncGMM(K=2),20
ASK_Plass45,Weekday,6,0,2,0.0,TruncGMM(K=2),Weibull,TruncGMM(K=1),TruncGMM(K=2),20
ASK_Plass45,Weekday,7,0,2,0.0,TruncGMM(K=2),Weibull,TruncGMM(K=1),TruncGMM(K=2),20
ASK_Plass45,Weekday,8,2,2,0.0126,TruncGMM(K=2),Weibull,TruncGMM(K=1),TruncGMM(K=2),20
ASK_Plass45,Weekday,9,0,2,0.0,TruncGMM(K=2),Weibull,TruncGMM(K=1),TruncGMM(K=2),20
ASK_Plass45,Weekday,10,0,2,0.0,TruncGMM(K=2),Weibull,TruncGMM(K=1),TruncGMM(K=2),20
ASK_Plass45,Weekday,11,3,2,0.0189,TruncGMM(K=2),Weibull,TruncGMM(K=1),TruncGMM(K=2),20
ASK_Plass45,Weekday,12,1,2,0.0063,TruncGMM(K=2),Weibull,TruncGMM(K=1),TruncGMM(K=2),20
ASK_Plass45,Weekday,13,1,2,0.0063,TruncGMM(K=2),Weibull,TruncGMM(K=1),TruncGMM(K=2),20
ASK_Plass45,Weekday,14,3,2,0.0189,TruncGMM(K=2),Weibull,TruncGMM(K=1),TruncGMM(K=2),20
ASK_Plass45,Weekday,15,4,2,0.0252,TruncGMM(K=2),Weibull,TruncGMM(K=1),TruncGMM(K=2),20
ASK_Plass45,Weekday,16,19,1,0.1195,Exponential,Exponential,TruncGMM(K=1),Weibull,19
ASK_Plass45,Weekday,17,9,2,0.0566,TruncGMM(K=2),Weibull,TruncGMM(K=1),TruncGMM(K=2),9
ASK_Plass45,Weekday,18,2,2,0.0126,TruncGMM(K=2),Weibull,TruncGMM(K=1),TruncGMM(K=2),20
ASK_Plass45,Weekday,19,7,2,0.044,TruncGMM(K=2),Weibull,TruncGMM(K=1),TruncGMM(K=2),7
ASK_Plass45,Weekday,20,10,2,0.0629,TruncGMM(K=2),Weibull,TruncGMM(K=1),TruncGMM(K=2),10
ASK_Plass45,Weekday,21,63,1,0.3962,TruncGMM(K=2),TruncGMM(K=2),Weibull,TruncGMM(K=1),63
ASK_Plass45,Weekday,22,23,1,0.1447,TruncGMM(K=3),Exponential,TruncGMM(K=1),LogNormal,23
ASK_Plass45,Weekday,23,6,2,0.0377,TruncGMM(K=2),Weibull,TruncGMM(K=1),TruncGMM(K=2),6
ASK_Plass45,Weekday,24,5,2,0.0314,TruncGMM(K=2),Weibull,TruncGMM(K=1),TruncGMM(K=2),5
ASK_Plass55,Weekday,1,0,2,0.0,TruncGMM(K=3),Exponential,TruncGMM(K=1),Weibull,20
ASK_Plass55,Weekday,2,0,2,0.0,TruncGMM(K=3),Exponential,TruncGMM(K=1),Weibull,20
ASK_Plass55,Weekday,3,0,2,0.0,TruncGMM(K=3),Exponential,TruncGMM(K=1),Weibull,20
ASK_Plass55,Weekday,4,0,2,0.0,TruncGMM(K=3),Exponential,TruncGMM(K=1),Weibull,20
ASK_Plass55,Weekday,5,0,2,0.0,TruncGMM(K=3),Exponential,TruncGMM(K=1),Weibull,20
ASK_Plass55,Weekday,6,0,2,0.0,TruncGMM(K=3),Exponential,TruncGMM(K=1),Weibull,20
ASK_Plass55,Weekday,7,0,2,0.0,TruncGMM(K=3),Exponential,TruncGMM(K=1),Weibull,20
ASK_Plass55,Weekday,8,0,2,0.0,TruncGMM(K=3),Exponential,TruncGMM(K=1),Weibull,20
ASK_Plass55,Weekday,9,1,2,0.0062,TruncGMM(K=3),Exponential,TruncGMM(K=1),Weibull,20
ASK_Plass55,Weekday,10,3,2,0.0185,TruncGMM(K=3),Exponential,TruncGMM(K=1),Weibull,20
ASK_Plass55,Weekday,11,1,2,0.0062,TruncGMM(K=3),Exponential,TruncGMM(K=1),Weibull,20
ASK_Plass55,Weekday,12,5,2,0.0309,TruncGMM(K=3),Exponential,TruncGMM(K=1),Weibull,5
ASK_Plass55,Weekday,13,4,2,0.0247,TruncGMM(K=3),Exponential,TruncGMM(K=1),Weibull,20
ASK_Plass55,Weekday,14,2,2,0.0123,TruncGMM(K=3),Exponential,TruncGMM(K=1),Weibull,20
ASK_Plass55,Weekday,15,7,2,0.0432,TruncGMM(K=3),Exponential,TruncGMM(K=1),Weibull,7
ASK_Plass55,Weekday,16,12,2,0.0741,TruncGMM(K=3),Exponential,TruncGMM(K=1),Weibull,12
ASK_Plass55,Weekday,17,40,1,0.2469,TruncGMM(K=2),Exponential,TruncGMM(K=2),TruncGMM(K=2),40
ASK_Plass55,Weekday,18,19,1,0.1173,Weibull,Exponential,TruncGMM(K=1),TruncGMM(K=2),19
ASK_Plass55,Weekday,19,16,1,0.0988,TruncGMM(K=1),Exponential,TruncGMM(K=1),Weibull,16
ASK_Plass55,Weekday,20,16,1,0.0988,TruncGMM(K=2),Exponential,LogNormal,LogNormal,16
ASK_Plass55,Weekday,21,17,1,0.1049,TruncGMM(K=2),LogNormal,Weibull,TruncGMM(K=1),17
ASK_Plass55,Weekday,22,10,2,0.0617,TruncGMM(K=3),Exponential,TruncGMM(K=1),Weibull,10
ASK_Plass55,Weekday,23,8,2,0.0494,TruncGMM(K=3),Exponential,TruncGMM(K=1),Weibull,8
ASK_Plass55,Weekday,24,1,2,0.0062,TruncGMM(K=3),Exponential,TruncGMM(K=1),Weibull,20
OSL_T_30,Weekend,1,0,2,0.0,Exponential,Weibull,TruncGMM(K=2),TruncGMM(K=3),20
OSL_T_30,Weekend,2,0,2,0.0,Exponential,Weibull,TruncGMM(K=2),TruncGMM(K=3),20
OSL_T_30,Weekend,3,0,2,0.0,Exponential,Weibull,TruncGMM(K=2),TruncGMM(K=3),20
OSL_T_30,Weekend,4,0,2,0.0,Exponential,Weibull,TruncGMM(K=2),TruncGMM(K=3),20
OSL_T_30,Weekend,5,0,2,0.0,Exponential,Weibull,TruncGMM(K=2),TruncGMM(K=3),20
OSL_T_30,Weekend,6,0,2,0.0,Exponential,Weibull,TruncGMM(K=2),TruncGMM(K=3),20
OSL_T_30,Weekend,7,0,2,0.0,Exponential,Weibull,TruncGMM(K=2),TruncGMM(K=3),20
OSL_T_30,Weekend,8,2,2,0.0476,Exponential,Weibull,TruncGMM(K=2),TruncGMM(K=3),20
OSL_T_30,Weekend,9,0,2,0.0,Exponential,Weibull,TruncGMM(K=2),TruncGMM(K=3),20
OSL_T_30,Weekend,10,0,2,0.0,Exponential,Weibull,TruncGMM(K=2),TruncGMM(K=3),20
OSL_T_30,Weekend,11,0,2,0.0,Exponential,Weibull,TruncGMM(K=2),TruncGMM(K=3),20
OSL_T_30,Weekend,12,0,2,0.0,Exponential,Weibull,TruncGMM(K=2),TruncGMM(K=3),20
OSL_T_30,Weekend,13,3,2,0.0714,Exponential,Weibull,TruncGMM(K=2),TruncGMM(K=3),20
OSL_T_30,Weekend,14,1,2,0.0238,Exponential,Weibull,TruncGMM(K=2),TruncGMM(K=3),20
OSL_T_30,Weekend,15,2,2,0.0476,Exponential,Weibull,TruncGMM(K=2),TruncGMM(K=3),20
OSL_T_30,Weekend,16,7,2,0.1667,Exponential,Weibull,TruncGMM(K=2),TruncGMM(K=3),7
OSL_T_30,Weekend,17,8,2,0.1905,Exponential,Weibull,TruncGMM(K=2),TruncGMM(K=3),8
OSL_T_30,Weekend,18,5,2,0.119,Exponential,Weibull,TruncGMM(K=2),TruncGMM(K=3),5
OSL_T_30,Weekend,19,5,2,0.119,Exponential,Weibull,TruncGMM(K=2),TruncGMM(K=3),5
OSL_T_30,Weekend,20,1,2,0.0238,Exponential,Weibull,TruncGMM(K=2),TruncGMM(K=3),20
OSL_T_30,Weekend,21,1,2,0.0238,Exponential,Weibull,TruncGMM(K=2),TruncGMM(K=3),20
OSL_T_30,Weekend,22,1,2,0.0238,Exponential,Weibull,TruncGMM(K=2),TruncGMM(K=3),20
OSL_T_30,Weekend,23,6,2,0.1429,Exponential,Weibull,TruncGMM(K=2),TruncGMM(K=3),6
OSL_T_30,Weekend,24,0,2,0.0,Exponential,Weibull,TruncGMM(K=2),TruncGMM(K=3),20
PS_1222,Weekend,1,0,2,0.0,TruncGMM(K=3),LogNormal,LogNormal,TruncGMM(K=1),20
PS_1222,Weekend,2,0,2,0.0,TruncGMM(K=3),LogNormal,LogNormal,TruncGMM(K=1),20
PS_1222,Weekend,3,0,2,0.0,TruncGMM(K=3),LogNormal,LogNormal,TruncGMM(K=1),20
PS_1222,Weekend,4,0,2,0.0,TruncGMM(K=3),LogNormal,LogNormal,TruncGMM(K=1),20
PS_1222,Weekend,5,0,2,0.0,TruncGMM(K=3),LogNormal,LogNormal,TruncGMM(K=1),20
PS_1222,Weekend,6,0,2,0.0,TruncGMM(K=3),LogNormal,LogNormal,TruncGMM(K=1),20
PS_1222,Weekend,7,0,2,0.0,TruncGMM(K=3),LogNormal,LogNormal,TruncGMM(K=1),20
PS_1222,Weekend,8,0,2,0.0,TruncGMM(K=3),LogNormal,LogNormal,TruncGMM(K=1),20
PS_1222,Weekend,9,1,2,0.0333,TruncGMM(K=3),LogNormal,LogNormal,TruncGMM(K=1),20
PS_1222,Weekend,10,0,2,0.0,TruncGMM(K=3),LogNormal,LogNormal,TruncGMM(K=1),20
PS_1222,Weekend,11,2,2,0.0667,TruncGMM(K=3),LogNormal,LogNormal,TruncGMM(K=1),20
PS_1222,Weekend,12,3,2,0.1,TruncGMM(K=3),LogNormal,LogNormal,TruncGMM(K=1),20
PS_1222,Weekend,13,0,2,0.0,TruncGMM(K=3),LogNormal,LogNormal,TruncGMM(K=1),20
PS_1222,Weekend,14,5,2,0.1667,TruncGMM(K=3),LogNormal,LogNormal,TruncGMM(K=1),5
PS_1222,Weekend,15,2,2,0.0667,TruncGMM(K=3),LogNormal,LogNormal,TruncGMM(K=1),20
PS_1222,Weekend,16,2,2,0.0667,TruncGMM(K=3),LogNormal,LogNormal,TruncGMM(K=1),20
PS_1222,Weekend,17,4,2,0.1333,TruncGMM(K=3),LogNormal,LogNormal,TruncGMM(K=1),20
PS_1222,Weekend,18,4,2,0.1333,TruncGMM(K=3),LogNormal,LogNormal,TruncGMM(K=1),20
PS_1222,Weekend,19,0,2,0.0,TruncGMM(K=3),LogNormal,LogNormal,TruncGMM(K=1),20
PS_1222,Weekend,20,1,2,0.0333,TruncGMM(K=3),LogNormal,LogNormal,TruncGMM(K=1),20
PS_1222,Weekend,21,1,2,0.0333,TruncGMM(K=3),LogNormal,LogNormal,TruncGMM(K=1),20
PS_1222,Weekend,22,2,2,0.0667,TruncGMM(K=3),LogNormal,LogNormal,TruncGMM(K=1),20
PS_1222,Weekend,23,3,2,0.1,TruncGMM(K=3),LogNormal,LogNormal,TruncGMM(K=1),20
PS_1222,Weekend,24,0,2,0.0,TruncGMM(K=3),LogNormal,LogNormal,TruncGMM(K=1),20
BAR_2_Plass14,Weekday,1,1,2,0.0125,TruncGMM(K=3),Exponential,TruncGMM(K=1),TruncGMM(K=1),20
BAR_2_Plass14,Weekday,2,0,2,0.0,TruncGMM(K=3),Exponential,TruncGMM(K=1),TruncGMM(K=1),20
BAR_2_Plass14,Weekday,3,1,2,0.0125,TruncGMM(K=3),Exponential,TruncGMM(K=1),TruncGMM(K=1),20
BAR_2_Plass14,Weekday,4,0,2,0.0,TruncGMM(K=3),Exponential,TruncGMM(K=1),TruncGMM(K=1),20
BAR_2_Plass14,Weekday,5,0,2,0.0,TruncGMM(K=3),Exponential,TruncGMM(K=1),TruncGMM(K=1),20
BAR_2_Plass14,Weekday,6,0,2,0.0,TruncGMM(K=3),Exponential,TruncGMM(K=1),TruncGMM(K=1),20
BAR_2_Plass14,Weekday,7,0,2,0.0,TruncGMM(K=3),Exponential,TruncGMM(K=1),TruncGMM(K=1),20
BAR_2_Plass14,Weekday,8,1,2,0.0125,TruncGMM(K=3),Exponential,TruncGMM(K=1),TruncGMM(K=1),20
BAR_2_Plass14,Weekday,9,0,2,0.0,TruncGMM(K=3),Exponential,TruncGMM(K=1),TruncGMM(K=1),20
BAR_2_Plass14,Weekday,10,3,2,0.0375,TruncGMM(K=3),Exponential,TruncGMM(K=1),TruncGMM(K=1),20
BAR_2_Plass14,Weekday,11,0,2,0.0,TruncGMM(K=3),Exponential,TruncGMM(K=1),TruncGMM(K=1),20
BAR_2_Plass14,Weekday,12,3,2,0.0375,TruncGMM(K=3),Exponential,TruncGMM(K=1),TruncGMM(K=1),20
BAR_2_Plass14,Weekday,13,4,2,0.05,TruncGMM(K=3),Exponential,TruncGMM(K=1),TruncGMM(K=1),20
BAR_2_Plass14,Weekday,14,4,2,0.05,TruncGMM(K=3),Exponential,TruncGMM(K=1),TruncGMM(K=1),20
BAR_2_Plass14,Weekday,15,1,2,0.0125,TruncGMM(K=3),Exponential,TruncGMM(K=1),TruncGMM(K=1),20
BAR_2_Plass14,Weekday,16,3,2,0.0375,TruncGMM(K=3),Exponential,TruncGMM(K=1),TruncGMM(K=1),20
BAR_2_Plass14,Weekday,17,3,2,0.0375,TruncGMM(K=3),Exponential,TruncGMM(K=1),TruncGMM(K=1),20
BAR_2_Plass14,Weekday,18,8,2,0.1,TruncGMM(K=3),Exponential,TruncGMM(K=1),TruncGMM(K=1),8
BAR_2_Plass14,Weekday,19,6,2,0.075,TruncGMM(K=3),Exponential,TruncGMM(K=1),TruncGMM(K=1),6
BAR_2_Plass14,Weekday,20,8,2,0.1,TruncGMM(K=3),Exponential,TruncGMM(K=1),TruncGMM(K=1),8
BAR_2_Plass14,Weekday,21,7,2,0.0875,TruncGMM(K=3),Exponential,TruncGMM(K=1),TruncGMM(K=1),7
BAR_2_Plass14,Weekday,22,11,2,0.1375,TruncGMM(K=3),Exponential,TruncGMM(K=1),TruncGMM(K=1),11
BAR_2_Plass14,Weekday,23,12,2,0.15,TruncGMM(K=3),Exponential,TruncGMM(K=1),TruncGMM(K=1),12
BAR_2_Plass14,Weekday,24,4,2,0.05,TruncGMM(K=3),Exponential,TruncGMM(K=1),TruncGMM(K=1),20
BAR_Plass113,Weekend,1,1,2,0.0106,TruncGMM(K=3),Weibull,Weibull,TruncGMM(K=2),20
BAR_Plass113,Weekend,2,1,2,0.0106,TruncGMM(K=3),Weibull,Weibull,TruncGMM(K=2),20
BAR_Plass113,Weekend,3,0,2,0.0,TruncGMM(K=3),Weibull,Weibull,TruncGMM(K=2),20
BAR_Plass113,Weekend,4,0,2,0.0,TruncGMM(K=3),Weibull,Weibull,TruncGMM(K=2),20
BAR_Plass113,Weekend,5,0,2,0.0,TruncGMM(K=3),Weibull,Weibull,TruncGMM(K=2),20
BAR_Plass113,Weekend,6,0,2,0.0,TruncGMM(K=3),Weibull,Weibull,TruncGMM(K=2),20
BAR_Plass113,Weekend,7,0,2,0.0,TruncGMM(K=3),Weibull,Weibull,TruncGMM(K=2),20
BAR_Plass113,Weekend,8,1,2,0.0106,TruncGMM(K=3),Weibull,Weibull,TruncGMM(K=2),20
BAR_Plass113,Weekend,9,0,2,0.0,TruncGMM(K=3),Weibull,Weibull,TruncGMM(K=2),20
BAR_Plass113,Weekend,10,0,2,0.0,TruncGMM(K=3),Weibull,Weibull,TruncGMM(K=2),20
BAR_Plass113,Weekend,11,0,2,0.0,TruncGMM(K=3),Weibull,Weibull,TruncGMM(K=2),20
BAR_Plass113,Weekend,12,2,2,0.0213,TruncGMM(K=3),Weibull,Weibull,TruncGMM(K=2),20
BAR_Plass113,Weekend,13,2,2,0.0213,TruncGMM(K=3),Weibull,Weibull,TruncGMM(K=2),20
BAR_Plass113,Weekend,14,11,2,0.117,TruncGMM(K=3),Weibull,Weibull,TruncGMM(K=2),11
BAR_Plass113,Weekend,15,8,2,0.0851,TruncGMM(K=3),Weibull,Weibull,TruncGMM(K=2),8
BAR_Plass113,Weekend,16,5,2,0.0532,TruncGMM(K=3),Weibull,Weibull,TruncGMM(K=2),5
BAR_Plass113,Weekend,17,10,2,0.1064,TruncGMM(K=3),Weibull,Weibull,TruncGMM(K=2),10
BAR_Plass113,Weekend,18,15,1,0.1596,TruncGMM(K=2),Exponential,Weibull,LogNormal,15
BAR_Plass113,Weekend,19,11,2,0.117,TruncGMM(K=3),Weibull,Weibull,TruncGMM(K=2),11
BAR_Plass113,Weekend,20,12,2,0.1277,TruncGMM(K=3),Weibull,Weibull,TruncGMM(K=2),12
BAR_Plass113,Weekend,21,9,2,0.0957,TruncGMM(K=3),Weibull,Weibull,TruncGMM(K=2),9
BAR_Plass113,Weekend,22,2,2,0.0213,TruncGMM(K=3),Weibull,Weibull,TruncGMM(K=2),20
BAR_Plass113,Weekend,23,3,2,0.0319,TruncGMM(K=3),Weibull,Weibull,TruncGMM(K=2),20
BAR_Plass113,Weekend,24,1,2,0.0106,TruncGMM(K=3),Weibull,Weibull,TruncGMM(K=2),20
TRO_R_AdO1-2,Weekend,1,2,2,0.0392,TruncGMM(K=3),Exponential,Weibull,TruncGMM(K=2),20
TRO_R_AdO1-2,Weekend,2,0,2,0.0,TruncGMM(K=3),Exponential,Weibull,TruncGMM(K=2),20
TRO_R_AdO1-2,Weekend,3,0,2,0.0,TruncGMM(K=3),Exponential,Weibull,TruncGMM(K=2),20
TRO_R_AdO1-2,Weekend,4,0,2,0.0,TruncGMM(K=3),Exponential,Weibull,TruncGMM(K=2),20
TRO_R_AdO1-2,Weekend,5,0,2,0.0,TruncGMM(K=3),Exponential,Weibull,TruncGMM(K=2),20
TRO_R_AdO1-2,Weekend,6,0,2,0.0,TruncGMM(K=3),Exponential,Weibull,TruncGMM(K=2),20
TRO_R_AdO1-2,Weekend,7,0,2,0.0,TruncGMM(K=3),Exponential,Weibull,TruncGMM(K=2),20
TRO_R_AdO1-2,Weekend,8,0,2,0.0,TruncGMM(K=3),Exponential,Weibull,TruncGMM(K=2),20
TRO_R_AdO1-2,Weekend,9,0,2,0.0,TruncGMM(K=3),Exponential,Weibull,TruncGMM(K=2),20
TRO_R_AdO1-2,Weekend,10,0,2,0.0,TruncGMM(K=3),Exponential,Weibull,TruncGMM(K=2),20
TRO_R_AdO1-2,Weekend,11,0,2,0.0,TruncGMM(K=3),Exponential,Weibull,TruncGMM(K=2),20
TRO_R_AdO1-2,Weekend,12,0,2,0.0,TruncGMM(K=3),Exponential,Weibull,TruncGMM(K=2),20
TRO_R_AdO1-2,Weekend,13,0,2,0.0,TruncGMM(K=3),Exponential,Weibull,TruncGMM(K=2),20
TRO_R_AdO1-2,Weekend,14,2,2,0.0392,TruncGMM(K=3),Exponential,Weibull,TruncGMM(K=2),20
TRO_R_AdO1-2,Weekend,15,7,2,0.1373,TruncGMM(K=3),Exponential,Weibull,TruncGMM(K=2),7
TRO_R_AdO1-2,Weekend,16,4,2,0.0784,TruncGMM(K=3),Exponential,Weibull,TruncGMM(K=2),20
TRO_R_AdO1-2,Weekend,17,6,2,0.1176,TruncGMM(K=3),Exponential,Weibull,TruncGMM(K=2),6
TRO_R_AdO1-2,Weekend,18,7,2,0.1373,TruncGMM(K=3),Exponential,Weibull,TruncGMM(K=2),7
TRO_R_AdO1-2,Weekend,19,7,2,0.1373,TruncGMM(K=3),Exponential,Weibull,TruncGMM(K=2),7
TRO_R_AdO1-2,Weekend,20,7,2,0.1373,TruncGMM(K=3),Exponential,Weibull,TruncGMM(K=2),7
TRO_R_AdO1-2,Weekend,21,3,2,0.0588,TruncGMM(K=3),Exponential,Weibull,TruncGMM(K=2),20
TRO_R_AdO1-2,Weekend,22,3,2,0.0588,TruncGMM(K=3),Exponential,Weibull,TruncGMM(K=2),20
TRO_R_AdO1-2,Weekend,23,1,2,0.0196,TruncGMM(K=3),Exponential,Weibull,TruncGMM(K=2),20
TRO_R_AdO1-2,Weekend,24,2,2,0.0392,TruncGMM(K=3),Exponential,Weibull,TruncGMM(K=2),20
TRO_R_Bl2-7,Weekday,1,1,2,0.0108,TruncGMM(K=3),Exponential,LogNormal,TruncGMM(K=1),20
TRO_R_Bl2-7,Weekday,2,0,2,0.0,TruncGMM(K=3),Exponential,LogNormal,TruncGMM(K=1),20
TRO_R_Bl2-7,Weekday,3,0,2,0.0,TruncGMM(K=3),Exponential,LogNormal,TruncGMM(K=1),20
TRO_R_Bl2-7,Weekday,4,0,2,0.0,TruncGMM(K=3),Exponential,LogNormal,TruncGMM(K=1),20
TRO_R_Bl2-7,Weekday,5,0,2,0.0,TruncGMM(K=3),Exponential,LogNormal,TruncGMM(K=1),20
TRO_R_Bl2-7,Weekday,6,0,2,0.0,TruncGMM(K=3),Exponential,LogNormal,TruncGMM(K=1),20
TRO_R_Bl2-7,Weekday,7,0,2,0.0,TruncGMM(K=3),Exponential,LogNormal,TruncGMM(K=1),20
TRO_R_Bl2-7,Weekday,8,0,2,0.0,TruncGMM(K=3),Exponential,LogNormal,TruncGMM(K=1),20
TRO_R_Bl2-7,Weekday,9,0,2,0.0,TruncGMM(K=3),Exponential,LogNormal,TruncGMM(K=1),20
TRO_R_Bl2-7,Weekday,10,1,2,0.0108,TruncGMM(K=3),Exponential,LogNormal,TruncGMM(K=1),20
TRO_R_Bl2-7,Weekday,11,2,2,0.0215,TruncGMM(K=3),Exponential,LogNormal,TruncGMM(K=1),20
TRO_R_Bl2-7,Weekday,12,2,2,0.0215,TruncGMM(K=3),Exponential,LogNormal,TruncGMM(K=1),20
TRO_R_Bl2-7,Weekday,13,4,2,0.043,TruncGMM(K=3),Exponential,LogNormal,TruncGMM(K=1),20
TRO_R_Bl2-7,Weekday,14,4,2,0.043,TruncGMM(K=3),Exponential,LogNormal,TruncGMM(K=1),20
TRO_R_Bl2-7,Weekday,15,6,2,0.0645,TruncGMM(K=3),Exponential,LogNormal,TruncGMM(K=1),6
TRO_R_Bl2-7,Weekday,16,9,2,0.0968,TruncGMM(K=3),Exponential,LogNormal,TruncGMM(K=1),9
TRO_R_Bl2-7,Weekday,17,15,1,0.1613,TruncGMM(K=1),Exponential,TruncGMM(K=2),TruncGMM(K=1),15
TRO_R_Bl2-7,Weekday,18,9,2,0.0968,TruncGMM(K=3),Exponential,LogNormal,TruncGMM(K=1),9
TRO_R_Bl2-7,Weekday,19,10,2,0.1075,TruncGMM(K=3),Exponential,LogNormal,TruncGMM(K=1),10
TRO_R_Bl2-7,Weekday,20,9,2,0.0968,TruncGMM(K=3),Exponential,LogNormal,TruncGMM(K=1),9
TRO_R_Bl2-7,Weekday,21,14,2,0.1505,TruncGMM(K=3),Exponential,LogNormal,TruncGMM(K=1),14
TRO_R_Bl2-7,Weekday,22,4,2,0.043,TruncGMM(K=3),Exponential,LogNormal,TruncGMM(K=1),20
TRO_R_Bl2-7,Weekday,23,3,2,0.0323,TruncGMM(K=3),Exponential,LogNormal,TruncGMM(K=1),20
TRO_R_Bl2-7,Weekday,24,0,2,0.0,TruncGMM(K=3),Exponential,LogNormal,TruncGMM(K=1),20
TRO_Plass45,Weekday,1,0,2,0.0,TruncGMM(K=3),Exponential,Weibull,TruncGMM(K=1),20
TRO_Plass45,Weekday,2,0,2,0.0,TruncGMM(K=3),Exponential,Weibull,TruncGMM(K=1),20
TRO_Plass45,Weekday,3,0,2,0.0,TruncGMM(K=3),Exponential,Weibull,TruncGMM(K=1),20
TRO_Plass45,Weekday,4,0,2,0.0,TruncGMM(K=3),Exponential,Weibull,TruncGMM(K=1),20
TRO_Plass45,Weekday,5,0,2,0.0,TruncGMM(K=3),Exponential,Weibull,TruncGMM(K=1),20
TRO_Plass45,Weekday,6,0,2,0.0,TruncGMM(K=3),Exponential,Weibull,TruncGMM(K=1),20
TRO_Plass45,Weekday,7,0,2,0.0,TruncGMM(K=3),Exponential,Weibull,TruncGMM(K=1),20
TRO_Plass45,Weekday,8,0,2,0.0,TruncGMM(K=3),Exponential,Weibull,TruncGMM(K=1),20
TRO_Plass45,Weekday,9,1,2,0.0084,TruncGMM(K=3),Exponential,Weibull,TruncGMM(K=1),20
TRO_Plass45,Weekday,10,1,2,0.0084,TruncGMM(K=3),Exponential,Weibull,TruncGMM(K=1),20
TRO_Plass45,Weekday,11,1,2,0.0084,TruncGMM(K=3),Exponential,Weibull,TruncGMM(K=1),20
TRO_Plass45,Weekday,12,1,2,0.0084,TruncGMM(K=3),Exponential,Weibull,TruncGMM(K=1),20
TRO_Plass45,Weekday,13,1,2,0.0084,TruncGMM(K=3),Exponential,Weibull,TruncGMM(K=1),20
TRO_Plass45,Weekday,14,4,2,0.0336,TruncGMM(K=3),Exponential,Weibull,TruncGMM(K=1),20
TRO_Plass45,Weekday,15,9,2,0.0756,TruncGMM(K=3),Exponential,Weibull,TruncGMM(K=1),9
TRO_Plass45,Weekday,16,24,1,0.2017,TruncGMM(K=2),Weibull,LogNormal,Weibull,24
TRO_Plass45,Weekday,17,18,1,0.1513,TruncGMM(K=3),LogNormal,LogNormal,TruncGMM(K=2),18
TRO_Plass45,Weekday,18,17,1,0.1429,TruncGMM(K=3),TruncGMM(K=2),Weibull,TruncGMM(K=2),17
TRO_Plass45,Weekday,19,10,2,0.084,TruncGMM(K=3),Exponential,Weibull,TruncGMM(K=1),10
TRO_Plass45,Weekday,20,8,2,0.0672,TruncGMM(K=3),Exponential,Weibull,TruncGMM(K=1),8
TRO_Plass45,Weekday,21,8,2,0.0672,TruncGMM(K=3),Exponential,Weibull,TruncGMM(K=1),8
TRO_Plass45,Weekday,22,8,2,0.0672,TruncGMM(K=3),Exponential,Weibull,TruncGMM(K=1),8
TRO_Plass45,Weekday,23,5,2,0.042,TruncGMM(K=3),Exponential,Weibull,TruncGMM(K=1),5
TRO_Plass45,Weekday,24,3,2,0.0252,TruncGMM(K=3),Exponential,Weibull,TruncGMM(K=1),20
TRO_R_AdO1-3,Weekend,1,0,2,0.0,Exponential,TruncGMM(K=4),LogNormal,TruncGMM(K=1),20
TRO_R_AdO1-3,Weekend,2,1,2,0.0323,Exponential,TruncGMM(K=4),LogNormal,TruncGMM(K=1),20
TRO_R_AdO1-3,Weekend,3,0,2,0.0,Exponential,TruncGMM(K=4),LogNormal,TruncGMM(K=1),20
TRO_R_AdO1-3,Weekend,4,1,2,0.0323,Exponential,TruncGMM(K=4),LogNormal,TruncGMM(K=1),20
TRO_R_AdO1-3,Weekend,5,0,2,0.0,Exponential,TruncGMM(K=4),LogNormal,TruncGMM(K=1),20
TRO_R_AdO1-3,Weekend,6,0,2,0.0,Exponential,TruncGMM(K=4),LogNormal,TruncGMM(K=1),20
TRO_R_AdO1-3,Weekend,7,0,2,0.0,Exponential,TruncGMM(K=4),LogNormal,TruncGMM(K=1),20
TRO_R_AdO1-3,Weekend,8,0,2,0.0,Exponential,TruncGMM(K=4),LogNormal,TruncGMM(K=1),20
TRO_R_AdO1-3,Weekend,9,0,2,0.0,Exponential,TruncGMM(K=4),LogNormal,TruncGMM(K=1),20
TRO_R_AdO1-3,Weekend,10,1,2,0.0323,Exponential,TruncGMM(K=4),LogNormal,TruncGMM(K=1),20
TRO_R_AdO1-3,Weekend,11,1,2,0.0323,Exponential,TruncGMM(K=4),LogNormal,TruncGMM(K=1),20
TRO_R_AdO1-3,Weekend,12,1,2,0.0323,Exponential,TruncGMM(K=4),LogNormal,TruncGMM(K=1),20
TRO_R_AdO1-3,Weekend,13,0,2,0.0,Exponential,TruncGMM(K=4),LogNormal,TruncGMM(K=1),20
TRO_R_AdO1-3,Weekend,14,2,2,0.0645,Exponential,TruncGMM(K=4),LogNormal,TruncGMM(K=1),20
TRO_R_AdO1-3,Weekend,15,2,2,0.0645,Exponential,TruncGMM(K=4),LogNormal,TruncGMM(K=1),20
TRO_R_AdO1-3,Weekend,16,4,2,0.129,Exponential,TruncGMM(K=4),LogNormal,TruncGMM(K=1),20
TRO_R_AdO1-3,Weekend,17,1,2,0.0323,Exponential,TruncGMM(K=4),LogNormal,TruncGMM(K=1),20
TRO_R_AdO1-3,Weekend,18,2,2,0.0645,Exponential,TruncGMM(K=4),LogNormal,TruncGMM(K=1),20
TRO_R_AdO1-3,Weekend,19,2,2,0.0645,Exponential,TruncGMM(K=4),LogNormal,TruncGMM(K=1),20
TRO_R_AdO1-3,Weekend,20,4,2,0.129,Exponential,TruncGMM(K=4),LogNormal,TruncGMM(K=1),20
TRO_R_AdO1-3,Weekend,21,4,2,0.129,Exponential,TruncGMM(K=4),LogNormal,TruncGMM(K=1),20
TRO_R_AdO1-3,Weekend,22,1,2,0.0323,Exponential,TruncGMM(K=4),LogNormal,TruncGMM(K=1),20
TRO_R_AdO1-3,Weekend,23,1,2,0.0323,Exponential,TruncGMM(K=4),LogNormal,TruncGMM(K=1),20
TRO_R_AdO1-3,Weekend,24,3,2,0.0968,Exponential,TruncGMM(K=4),LogNormal,TruncGMM(K=1),20
KR_U236,Weekday,1,1,2,0.0185,TruncGMM(K=1),TruncGMM(K=1),Weibull,TruncGMM(K=2),20
KR_U236,Weekday,2,0,2,0.0,TruncGMM(K=1),TruncGMM(K=1),Weibull,TruncGMM(K=2),20
KR_U236,Weekday,3,0,2,0.0,TruncGMM(K=1),TruncGMM(K=1),Weibull,TruncGMM(K=2),20
KR_U236,Weekday,4,0,2,0.0,TruncGMM(K=1),TruncGMM(K=1),Weibull,TruncGMM(K=2),20
KR_U236,Weekday,5,1,2,0.0185,TruncGMM(K=1),TruncGMM(K=1),Weibull,TruncGMM(K=2),20
KR_U236,Weekday,6,1,2,0.0185,TruncGMM(K=1),TruncGMM(K=1),Weibull,TruncGMM(K=2),20
KR_U236,Weekday,7,0,2,0.0,TruncGMM(K=1),TruncGMM(K=1),Weibull,TruncGMM(K=2),20
KR_U236,Weekday,8,0,2,0.0,TruncGMM(K=1),TruncGMM(K=1),Weibull,TruncGMM(K=2),20
KR_U236,Weekday,9,1,2,0.0185,TruncGMM(K=1),TruncGMM(K=1),Weibull,TruncGMM(K=2),20
KR_U236,Weekday,10,0,2,0.0,TruncGMM(K=1),TruncGMM(K=1),Weibull,TruncGMM(K=2),20
KR_U236,Weekday,11,0,2,0.0,TruncGMM(K=1),TruncGMM(K=1),Weibull,TruncGMM(K=2),20
KR_U236,Weekday,12,0,2,0.0,TruncGMM(K=1),TruncGMM(K=1),Weibull,TruncGMM(K=2),20
KR_U236,Weekday,13,1,2,0.0185,TruncGMM(K=1),TruncGMM(K=1),Weibull,TruncGMM(K=2),20
KR_U236,Weekday,14,0,2,0.0,TruncGMM(K=1),TruncGMM(K=1),Weibull,TruncGMM(K=2),20
KR_U236,Weekday,15,0,2,0.0,TruncGMM(K=1),TruncGMM(K=1),Weibull,TruncGMM(K=2),20
KR_U236,Weekday,16,1,2,0.0185,TruncGMM(K=1),TruncGMM(K=1),Weibull,TruncGMM(K=2),20
KR_U236,Weekday,17,2,2,0.037,TruncGMM(K=1),TruncGMM(K=1),Weibull,TruncGMM(K=2),20
KR_U236,Weekday,18,6,2,0.1111,TruncGMM(K=1),TruncGMM(K=1),Weibull,TruncGMM(K=2),6
KR_U236,Weekday,19,7,2,0.1296,TruncGMM(K=1),TruncGMM(K=1),Weibull,TruncGMM(K=2),7
KR_U236,Weekday,20,8,2,0.1481,TruncGMM(K=1),TruncGMM(K=1),Weibull,TruncGMM(K=2),8
KR_U236,Weekday,21,10,2,0.1852,TruncGMM(K=1),TruncGMM(K=1),Weibull,TruncGMM(K=2),10
KR_U236,Weekday,22,10,2,0.1852,TruncGMM(K=1),TruncGMM(K=1),Weibull,TruncGMM(K=2),10
KR_U236,Weekday,23,1,2,0.0185,TruncGMM(K=1),TruncGMM(K=1),Weibull,TruncGMM(K=2),20
KR_U236,Weekday,24,4,2,0.0741,TruncGMM(K=1),TruncGMM(K=1),Weibull,TruncGMM(K=2),20
ASK_Plass57,Weekend,1,1,2,0.0085,TruncGMM(K=3),Weibull,Weibull,TruncGMM(K=1),20
ASK_Plass57,Weekend,2,1,2,0.0085,TruncGMM(K=3),Weibull,Weibull,TruncGMM(K=1),20
ASK_Plass57,Weekend,3,0,2,0.0,TruncGMM(K=3),Weibull,Weibull,TruncGMM(K=1),20
ASK_Plass57,Weekend,4,0,2,0.0,TruncGMM(K=3),Weibull,Weibull,TruncGMM(K=1),20
ASK_Plass57,Weekend,5,0,2,0.0,TruncGMM(K=3),Weibull,Weibull,TruncGMM(K=1),20
ASK_Plass57,Weekend,6,0,2,0.0,TruncGMM(K=3),Weibull,Weibull,TruncGMM(K=1),20
ASK_Plass57,Weekend,7,0,2,0.0,TruncGMM(K=3),Weibull,Weibull,TruncGMM(K=1),20
ASK_Plass57,Weekend,8,0,2,0.0,TruncGMM(K=3),Weibull,Weibull,TruncGMM(K=1),20
ASK_Plass57,Weekend,9,1,2,0.0085,TruncGMM(K=3),Weibull,Weibull,TruncGMM(K=1),20
ASK_Plass57,Weekend,10,0,2,0.0,TruncGMM(K=3),Weibull,Weibull,TruncGMM(K=1),20
ASK_Plass57,Weekend,11,4,2,0.0339,TruncGMM(K=3),Weibull,Weibull,TruncGMM(K=1),20
ASK_Plass57,Weekend,12,8,2,0.0678,TruncGMM(K=3),Weibull,Weibull,TruncGMM(K=1),8
ASK_Plass57,Weekend,13,6,2,0.0508,TruncGMM(K=3),Weibull,Weibull,TruncGMM(K=1),6
ASK_Plass57,Weekend,14,8,2,0.0678,TruncGMM(K=3),Weibull,Weibull,TruncGMM(K=1),8
ASK_Plass57,Weekend,15,13,2,0.1102,TruncGMM(K=3),Weibull,Weibull,TruncGMM(K=1),13
ASK_Plass57,Weekend,16,10,2,0.0847,TruncGMM(K=3),Weibull,Weibull,TruncGMM(K=1),10
ASK_Plass57,Weekend,17,8,2,0.0678,TruncGMM(K=3),Weibull,Weibull,TruncGMM(K=1),8
ASK_Plass57,Weekend,18,18,1,0.1525,TruncGMM(K=2),LogNormal,LogNormal,Weibull,18
ASK_Plass57,Weekend,19,12,2,0.1017,TruncGMM(K=3),Weibull,Weibull,TruncGMM(K=1),12
ASK_Plass57,Weekend,20,12,2,0.1017,TruncGMM(K=3),Weibull,Weibull,TruncGMM(K=1),12
ASK_Plass57,Weekend,21,8,2,0.0678,TruncGMM(K=3),Weibull,Weibull,TruncGMM(K=1),8
ASK_Plass57,Weekend,22,5,2,0.0424,TruncGMM(K=3),Weibull,Weibull,TruncGMM(K=1),5
ASK_Plass57,Weekend,23,3,2,0.0254,TruncGMM(K=3),Weibull,Weibull,TruncGMM(K=1),20
ASK_Plass57,Weekend,24,0,2,0.0,TruncGMM(K=3),Weibull,Weibull,TruncGMM(K=1),20
KR_U98,Weekday,1,1,2,0.0101,TruncGMM(K=3),TruncGMM(K=6),TruncGMM(K=2),TruncGMM(K=1),20
KR_U98,Weekday,2,0,2,0.0,TruncGMM(K=3),TruncGMM(K=6),TruncGMM(K=2),TruncGMM(K=1),20
KR_U98,Weekday,3,0,2,0.0,TruncGMM(K=3),TruncGMM(K=6),TruncGMM(K=2),TruncGMM(K=1),20
KR_U98,Weekday,4,0,2,0.0,TruncGMM(K=3),TruncGMM(K=6),TruncGMM(K=2),TruncGMM(K=1),20
KR_U98,Weekday,5,0,2,0.0,TruncGMM(K=3),TruncGMM(K=6),TruncGMM(K=2),TruncGMM(K=1),20
KR_U98,Weekday,6,0,2,0.0,TruncGMM(K=3),TruncGMM(K=6),TruncGMM(K=2),TruncGMM(K=1),20
KR_U98,Weekday,7,0,2,0.0,TruncGMM(K=3),TruncGMM(K=6),TruncGMM(K=2),TruncGMM(K=1),20
KR_U98,Weekday,8,0,2,0.0,TruncGMM(K=3),TruncGMM(K=6),TruncGMM(K=2),TruncGMM(K=1),20
KR_U98,Weekday,9,0,2,0.0,TruncGMM(K=3),TruncGMM(K=6),TruncGMM(K=2),TruncGMM(K=1),20
KR_U98,Weekday,10,1,2,0.0101,TruncGMM(K=3),TruncGMM(K=6),TruncGMM(K=2),TruncGMM(K=1),20
KR_U98,Weekday,11,0,2,0.0,TruncGMM(K=3),TruncGMM(K=6),TruncGMM(K=2),TruncGMM(K=1),20
KR_U98,Weekday,12,1,2,0.0101,TruncGMM(K=3),TruncGMM(K=6),TruncGMM(K=2),TruncGMM(K=1),20
KR_U98,Weekday,13,4,2,0.0404,TruncGMM(K=3),TruncGMM(K=6),TruncGMM(K=2),TruncGMM(K=1),20
KR_U98,Weekday,14,5,2,0.0505,TruncGMM(K=3),TruncGMM(K=6),TruncGMM(K=2),TruncGMM(K=1),5
KR_U98,Weekday,15,8,2,0.0808,TruncGMM(K=3),TruncGMM(K=6),TruncGMM(K=2),TruncGMM(K=1),8
KR_U98,Weekday,16,17,1,0.1717,TruncGMM(K=2),TruncGMM(K=2),TruncGMM(K=2),TruncGMM(K=2),17
KR_U98,Weekday,17,15,1,0.1515,TruncGMM(K=1),Weibull,TruncGMM(K=2),TruncGMM(K=1),15
KR_U98,Weekday,18,18,1,0.1818,TruncGMM(K=2),Weibull,TruncGMM(K=2),TruncGMM(K=1),18
KR_U98,Weekday,19,16,1,0.1616,TruncGMM(K=2),LogNormal,TruncGMM(K=1),TruncGMM(K=1),16
KR_U98,Weekday,20,9,2,0.0909,TruncGMM(K=3),TruncGMM(K=6),TruncGMM(K=2),TruncGMM(K=1),9
KR_U98,Weekday,21,2,2,0.0202,TruncGMM(K=3),TruncGMM(K=6),TruncGMM(K=2),TruncGMM(K=1),20
KR_U98,Weekday,22,1,2,0.0101,TruncGMM(K=3),TruncGMM(K=6),TruncGMM(K=2),TruncGMM(K=1),20
KR_U98,Weekday,23,1,2,0.0101,TruncGMM(K=3),TruncGMM(K=6),TruncGMM(K=2),TruncGMM(K=1),20
KR_U98,Weekday,24,0,2,0.0,TruncGMM(K=3),TruncGMM(K=6),TruncGMM(K=2),TruncGMM(K=1),20
KR_U186,Weekday,1,0,2,0.0,TruncGMM(K=3),TruncGMM(K=1),TruncGMM(K=2),TruncGMM(K=3),20
KR_U186,Weekday,2,0,2,0.0,TruncGMM(K=3),TruncGMM(K=1),TruncGMM(K=2),TruncGMM(K=3),20
KR_U186,Weekday,3,0,2,0.0,TruncGMM(K=3),TruncGMM(K=1),TruncGMM(K=2),TruncGMM(K=3),20
KR_U186,Weekday,4,0,2,0.0,TruncGMM(K=3),TruncGMM(K=1),TruncGMM(K=2),TruncGMM(K=3),20
KR_U186,Weekday,5,0,2,0.0,TruncGMM(K=3),TruncGMM(K=1),TruncGMM(K=2),TruncGMM(K=3),20
KR_U186,Weekday,6,0,2,0.0,TruncGMM(K=3),TruncGMM(K=1),TruncGMM(K=2),TruncGMM(K=3),20
KR_U186,Weekday,7,0,2,0.0,TruncGMM(K=3),TruncGMM(K=1),TruncGMM(K=2),TruncGMM(K=3),20
KR_U186,Weekday,8,0,2,0.0,TruncGMM(K=3),TruncGMM(K=1),TruncGMM(K=2),TruncGMM(K=3),20
KR_U186,Weekday,9,1,2,0.0125,TruncGMM(K=3),TruncGMM(K=1),TruncGMM(K=2),TruncGMM(K=3),20
KR_U186,Weekday,10,0,2,0.0,TruncGMM(K=3),TruncGMM(K=1),TruncGMM(K=2),TruncGMM(K=3),20
KR_U186,Weekday,11,4,2,0.05,TruncGMM(K=3),TruncGMM(K=1),TruncGMM(K=2),TruncGMM(K=3),20
KR_U186,Weekday,12,5,2,0.0625,TruncGMM(K=3),TruncGMM(K=1),TruncGMM(K=2),TruncGMM(K=3),5
KR_U186,Weekday,13,7,2,0.0875,TruncGMM(K=3),TruncGMM(K=1),TruncGMM(K=2),TruncGMM(K=3),7
KR_U186,Weekday,14,1,2,0.0125,TruncGMM(K=3),TruncGMM(K=1),TruncGMM(K=2),TruncGMM(K=3),20
KR_U186,Weekday,15,1,2,0.0125,TruncGMM(K=3),TruncGMM(K=1),TruncGMM(K=2),TruncGMM(K=3),20
KR_U186,Weekday,16,0,2,0.0,TruncGMM(K=3),TruncGMM(K=1),TruncGMM(K=2),TruncGMM(K=3),20
KR_U186,Weekday,17,0,2,0.0,TruncGMM(K=3),TruncGMM(K=1),TruncGMM(K=2),TruncGMM(K=3),20
KR_U186,Weekday,18,0,2,0.0,TruncGMM(K=3),TruncGMM(K=1),TruncGMM(K=2),TruncGMM(K=3),20
KR_U186,Weekday,19,27,1,0.3375,TruncGMM(K=2),TruncGMM(K=6),Weibull,Weibull,27
KR_U186,Weekday,20,25,1,0.3125,TruncGMM(K=3),TruncGMM(K=1),TruncGMM(K=2),LogNormal,25
KR_U186,Weekday,21,3,2,0.0375,TruncGMM(K=3),TruncGMM(K=1),TruncGMM(K=2),TruncGMM(K=3),20
KR_U186,Weekday,22,4,2,0.05,TruncGMM(K=3),TruncGMM(K=1),TruncGMM(K=2),TruncGMM(K=3),20
KR_U186,Weekday,23,1,2,0.0125,TruncGMM(K=3),TruncGMM(K=1),TruncGMM(K=2),TruncGMM(K=3),20
KR_U186,Weekday,24,1,2,0.0125,TruncGMM(K=3),TruncGMM(K=1),TruncGMM(K=2),TruncGMM(K=3),20
OSL_S_KT149,Weekday,1,6,2,0.039,TruncGMM(K=2),TruncGMM(K=1),TruncGMM(K=2),TruncGMM(K=5),6
OSL_S_KT149,Weekday,2,3,2,0.0195,TruncGMM(K=2),TruncGMM(K=1),TruncGMM(K=2),TruncGMM(K=5),20
OSL_S_KT149,Weekday,3,7,2,0.0455,TruncGMM(K=2),TruncGMM(K=1),TruncGMM(K=2),TruncGMM(K=5),7
OSL_S_KT149,Weekday,4,0,2,0.0,TruncGMM(K=2),TruncGMM(K=1),TruncGMM(K=2),TruncGMM(K=5),20
OSL_S_KT149,Weekday,5,0,2,0.0,TruncGMM(K=2),TruncGMM(K=1),TruncGMM(K=2),TruncGMM(K=5),20
OSL_S_KT149,Weekday,6,3,2,0.0195,TruncGMM(K=2),TruncGMM(K=1),TruncGMM(K=2),TruncGMM(K=5),20
OSL_S_KT149,Weekday,7,16,1,0.1039,LogNormal,Exponential,TruncGMM(K=3),Weibull,16
OSL_S_KT149,Weekday,8,8,2,0.0519,TruncGMM(K=2),TruncGMM(K=1),TruncGMM(K=2),TruncGMM(K=5),8
OSL_S_KT149,Weekday,9,2,2,0.013,TruncGMM(K=2),TruncGMM(K=1),TruncGMM(K=2),TruncGMM(K=5),20
OSL_S_KT149,Weekday,10,1,2,0.0065,TruncGMM(K=2),TruncGMM(K=1),TruncGMM(K=2),TruncGMM(K=5),20
OSL_S_KT149,Weekday,11,3,2,0.0195,TruncGMM(K=2),TruncGMM(K=1),TruncGMM(K=2),TruncGMM(K=5),20
OSL_S_KT149,Weekday,12,4,2,0.026,TruncGMM(K=2),TruncGMM(K=1),TruncGMM(K=2),TruncGMM(K=5),20
OSL_S_KT149,Weekday,13,2,2,0.013,TruncGMM(K=2),TruncGMM(K=1),TruncGMM(K=2),TruncGMM(K=5),20
OSL_S_KT149,Weekday,14,3,2,0.0195,TruncGMM(K=2),TruncGMM(K=1),TruncGMM(K=2),TruncGMM(K=5),20
OSL_S_KT149,Weekday,15,4,2,0.026,TruncGMM(K=2),TruncGMM(K=1),TruncGMM(K=2),TruncGMM(K=5),20
OSL_S_KT149,Weekday,16,6,2,0.039,TruncGMM(K=2),TruncGMM(K=1),TruncGMM(K=2),TruncGMM(K=5),6
OSL_S_KT149,Weekday,17,6,2,0.039,TruncGMM(K=2),TruncGMM(K=1),TruncGMM(K=2),TruncGMM(K=5),6
OSL_S_KT149,Weekday,18,0,2,0.0,TruncGMM(K=2),TruncGMM(K=1),TruncGMM(K=2),TruncGMM(K=5),20
OSL_S_KT149,Weekday,19,10,2,0.0649,TruncGMM(K=2),TruncGMM(K=1),TruncGMM(K=2),TruncGMM(K=5),10
OSL_S_KT149,Weekday,20,6,2,0.039,TruncGMM(K=2),TruncGMM(K=1),TruncGMM(K=2),TruncGMM(K=5),6
OSL_S_KT149,Weekday,21,11,2,0.0714,TruncGMM(K=2),TruncGMM(K=1),TruncGMM(K=2),TruncGMM(K=5),11
OSL_S_KT149,Weekday,22,7,2,0.0455,TruncGMM(K=2),TruncGMM(K=1),TruncGMM(K=2),TruncGMM(K=5),7
OSL_S_KT149,Weekday,23,11,2,0.0714,TruncGMM(K=2),TruncGMM(K=1),TruncGMM(K=2),TruncGMM(K=5),11
OSL_S_KT149,Weekday,24,35,1,0.2273,TruncGMM(K=2),TruncGMM(K=1),TruncGMM(K=2),TruncGMM(K=2),35
TRO_R_SR2-3,Weekend,1,0,2,0.0,TruncGMM(K=1),TruncGMM(K=3),Weibull,TruncGMM(K=1),20
TRO_R_SR2-3,Weekend,2,0,2,0.0,TruncGMM(K=1),TruncGMM(K=3),Weibull,TruncGMM(K=1),20
TRO_R_SR2-3,Weekend,3,0,2,0.0,TruncGMM(K=1),TruncGMM(K=3),Weibull,TruncGMM(K=1),20
TRO_R_SR2-3,Weekend,4,0,2,0.0,TruncGMM(K=1),TruncGMM(K=3),Weibull,TruncGMM(K=1),20
TRO_R_SR2-3,Weekend,5,0,2,0.0,TruncGMM(K=1),TruncGMM(K=3),Weibull,TruncGMM(K=1),20
TRO_R_SR2-3,Weekend,6,0,2,0.0,TruncGMM(K=1),TruncGMM(K=3),Weibull,TruncGMM(K=1),20
TRO_R_SR2-3,Weekend,7,0,2,0.0,TruncGMM(K=1),TruncGMM(K=3),Weibull,TruncGMM(K=1),20
TRO_R_SR2-3,Weekend,8,0,2,0.0,TruncGMM(K=1),TruncGMM(K=3),Weibull,TruncGMM(K=1),20
TRO_R_SR2-3,Weekend,9,0,2,0.0,TruncGMM(K=1),TruncGMM(K=3),Weibull,TruncGMM(K=1),20
TRO_R_SR2-3,Weekend,10,0,2,0.0,TruncGMM(K=1),TruncGMM(K=3),Weibull,TruncGMM(K=1),20
TRO_R_SR2-3,Weekend,11,0,2,0.0,TruncGMM(K=1),TruncGMM(K=3),Weibull,TruncGMM(K=1),20
TRO_R_SR2-3,Weekend,12,1,2,0.027,TruncGMM(K=1),TruncGMM(K=3),Weibull,TruncGMM(K=1),20
TRO_R_SR2-3,Weekend,13,1,2,0.027,TruncGMM(K=1),TruncGMM(K=3),Weibull,TruncGMM(K=1),20
TRO_R_SR2-3,Weekend,14,1,2,0.027,TruncGMM(K=1),TruncGMM(K=3),Weibull,TruncGMM(K=1),20
TRO_R_SR2-3,Weekend,15,0,2,0.0,TruncGMM(K=1),TruncGMM(K=3),Weibull,TruncGMM(K=1),20
TRO_R_SR2-3,Weekend,16,3,2,0.0811,TruncGMM(K=1),TruncGMM(K=3),Weibull,TruncGMM(K=1),20
TRO_R_SR2-3,Weekend,17,5,2,0.1351,TruncGMM(K=1),TruncGMM(K=3),Weibull,TruncGMM(K=1),5
TRO_R_SR2-3,Weekend,18,7,2,0.1892,TruncGMM(K=1),TruncGMM(K=3),Weibull,TruncGMM(K=1),7
TRO_R_SR2-3,Weekend,19,4,2,0.1081,TruncGMM(K=1),TruncGMM(K=3),Weibull,TruncGMM(K=1),20
TRO_R_SR2-3,Weekend,20,9,2,0.2432,TruncGMM(K=1),TruncGMM(K=3),Weibull,TruncGMM(K=1),9
TRO_R_SR2-3,Weekend,21,3,2,0.0811,TruncGMM(K=1),TruncGMM(K=3),Weibull,TruncGMM(K=1),20
TRO_R_SR2-3,Weekend,22,1,2,0.027,TruncGMM(K=1),TruncGMM(K=3),Weibull,TruncGMM(K=1),20
TRO_R_SR2-3,Weekend,23,1,2,0.027,TruncGMM(K=1),TruncGMM(K=3),Weibull,TruncGMM(K=1),20
TRO_R_SR2-3,Weekend,24,1,2,0.027,TruncGMM(K=1),TruncGMM(K=3),Weibull,TruncGMM(K=1),20
OSL_S_KT112,Weekend,1,2,2,0.0299,TruncGMM(K=1),Weibull,TruncGMM(K=2),TruncGMM(K=1),20
OSL_S_KT112,Weekend,2,2,2,0.0299,TruncGMM(K=1),Weibull,TruncGMM(K=2),TruncGMM(K=1),20
OSL_S_KT112,Weekend,3,1,2,0.0149,TruncGMM(K=1),Weibull,TruncGMM(K=2),TruncGMM(K=1),20
OSL_S_KT112,Weekend,4,1,2,0.0149,TruncGMM(K=1),Weibull,TruncGMM(K=2),TruncGMM(K=1),20
OSL_S_KT112,Weekend,5,0,2,0.0,TruncGMM(K=1),Weibull,TruncGMM(K=2),TruncGMM(K=1),20
OSL_S_KT112,Weekend,6,0,2,0.0,TruncGMM(K=1),Weibull,TruncGMM(K=2),TruncGMM(K=1),20
OSL_S_KT112,Weekend,7,0,2,0.0,TruncGMM(K=1),Weibull,TruncGMM(K=2),TruncGMM(K=1),20
OSL_S_KT112,Weekend,8,0,2,0.0,TruncGMM(K=1),Weibull,TruncGMM(K=2),TruncGMM(K=1),20
OSL_S_KT112,Weekend,9,0,2,0.0,TruncGMM(K=1),Weibull,TruncGMM(K=2),TruncGMM(K=1),20
OSL_S_KT112,Weekend,10,1,2,0.0149,TruncGMM(K=1),Weibull,TruncGMM(K=2),TruncGMM(K=1),20
OSL_S_KT112,Weekend,11,0,2,0.0,TruncGMM(K=1),Weibull,TruncGMM(K=2),TruncGMM(K=1),20
OSL_S_KT112,Weekend,12,2,2,0.0299,TruncGMM(K=1),Weibull,TruncGMM(K=2),TruncGMM(K=1),20
OSL_S_KT112,Weekend,13,3,2,0.0448,TruncGMM(K=1),Weibull,TruncGMM(K=2),TruncGMM(K=1),20
OSL_S_KT112,Weekend,14,4,2,0.0597,TruncGMM(K=1),Weibull,TruncGMM(K=2),TruncGMM(K=1),20
OSL_S_KT112,Weekend,15,2,2,0.0299,TruncGMM(K=1),Weibull,TruncGMM(K=2),TruncGMM(K=1),20
OSL_S_KT112,Weekend,16,3,2,0.0448,TruncGMM(K=1),Weibull,TruncGMM(K=2),TruncGMM(K=1),20
OSL_S_KT112,Weekend,17,6,2,0.0896,TruncGMM(K=1),Weibull,TruncGMM(K=2),TruncGMM(K=1),6
OSL_S_KT112,Weekend,18,6,2,0.0896,TruncGMM(K=1),Weibull,TruncGMM(K=2),TruncGMM(K=1),6
OSL_S_KT112,Weekend,19,4,2,0.0597,TruncGMM(K=1),Weibull,TruncGMM(K=2),TruncGMM(K=1),20
OSL_S_KT112,Weekend,20,7,2,0.1045,TruncGMM(K=1),Weibull,TruncGMM(K=2),TruncGMM(K=1),7
OSL_S_KT112,Weekend,21,3,2,0.0448,TruncGMM(K=1),Weibull,TruncGMM(K=2),TruncGMM(K=1),20
OSL_S_KT112,Weekend,22,5,2,0.0746,TruncGMM(K=1),Weibull,TruncGMM(K=2),TruncGMM(K=1),5
OSL_S_KT112,Weekend,23,12,2,0.1791,TruncGMM(K=1),Weibull,TruncGMM(K=2),TruncGMM(K=1),12
OSL_S_KT112,Weekend,24,3,2,0.0448,TruncGMM(K=1),Weibull,TruncGMM(K=2),TruncGMM(K=1),20
TRO_R_Bl2-3,Weekend,1,0,2,0.0,TruncGMM(K=2),Exponential,Weibull,TruncGMM(K=1),20
TRO_R_Bl2-3,Weekend,2,0,2,0.0,TruncGMM(K=2),Exponential,Weibull,TruncGMM(K=1),20
TRO_R_Bl2-3,Weekend,3,0,2,0.0,TruncGMM(K=2),Exponential,Weibull,TruncGMM(K=1),20
TRO_R_Bl2-3,Weekend,4,0,2,0.0,TruncGMM(K=2),Exponential,Weibull,TruncGMM(K=1),20
TRO_R_Bl2-3,Weekend,5,0,2,0.0,TruncGMM(K=2),Exponential,Weibull,TruncGMM(K=1),20
TRO_R_Bl2-3,Weekend,6,0,2,0.0,TruncGMM(K=2),Exponential,Weibull,TruncGMM(K=1),20
TRO_R_Bl2-3,Weekend,7,0,2,0.0,TruncGMM(K=2),Exponential,Weibull,TruncGMM(K=1),20
TRO_R_Bl2-3,Weekend,8,0,2,0.0,TruncGMM(K=2),Exponential,Weibull,TruncGMM(K=1),20
TRO_R_Bl2-3,Weekend,9,0,2,0.0,TruncGMM(K=2),Exponential,Weibull,TruncGMM(K=1),20
TRO_R_Bl2-3,Weekend,10,0,2,0.0,TruncGMM(K=2),Exponential,Weibull,TruncGMM(K=1),20
TRO_R_Bl2-3,Weekend,11,0,2,0.0,TruncGMM(K=2),Exponential,Weibull,TruncGMM(K=1),20
TRO_R_Bl2-3,Weekend,12,0,2,0.0,TruncGMM(K=2),Exponential,Weibull,TruncGMM(K=1),20
TRO_R_Bl2-3,Weekend,13,5,2,0.1562,TruncGMM(K=2),Exponential,Weibull,TruncGMM(K=1),5
TRO_R_Bl2-3,Weekend,14,1,2,0.0313,TruncGMM(K=2),Exponential,Weibull,TruncGMM(K=1),20
TRO_R_Bl2-3,Weekend,15,2,2,0.0625,TruncGMM(K=2),Exponential,Weibull,TruncGMM(K=1),20
TRO_R_Bl2-3,Weekend,16,9,2,0.2812,TruncGMM(K=2),Exponential,Weibull,TruncGMM(K=1),9
TRO_R_Bl2-3,Weekend,17,4,2,0.125,TruncGMM(K=2),Exponential,Weibull,TruncGMM(K=1),20
TRO_R_Bl2-3,Weekend,18,6,2,0.1875,TruncGMM(K=2),Exponential,Weibull,TruncGMM(K=1),6
TRO_R_Bl2-3,Weekend,19,2,2,0.0625,TruncGMM(K=2),Exponential,Weibull,TruncGMM(K=1),20
TRO_R_Bl2-3,Weekend,20,2,2,0.0625,TruncGMM(K=2),Exponential,Weibull,TruncGMM(K=1),20
TRO_R_Bl2-3,Weekend,21,1,2,0.0313,TruncGMM(K=2),Exponential,Weibull,TruncGMM(K=1),20
TRO_R_Bl2-3,Weekend,22,0,2,0.0,TruncGMM(K=2),Exponential,Weibull,TruncGMM(K=1),20
TRO_R_Bl2-3,Weekend,23,0,2,0.0,TruncGMM(K=2),Exponential,Weibull,TruncGMM(K=1),20
TRO_R_Bl2-3,Weekend,24,0,2,0.0,TruncGMM(K=2),Exponential,Weibull,TruncGMM(K=1),20
TRO_R_AdO1-1,Weekday,1,0,2,0.0,LogNormal,Weibull,Weibull,TruncGMM(K=3),20
TRO_R_AdO1-1,Weekday,2,1,2,0.0118,LogNormal,Weibull,Weibull,TruncGMM(K=3),20
TRO_R_AdO1-1,Weekday,3,0,2,0.0,LogNormal,Weibull,Weibull,TruncGMM(K=3),20
TRO_R_AdO1-1,Weekday,4,0,2,0.0,LogNormal,Weibull,Weibull,TruncGMM(K=3),20
TRO_R_AdO1-1,Weekday,5,0,2,0.0,LogNormal,Weibull,Weibull,TruncGMM(K=3),20
TRO_R_AdO1-1,Weekday,6,0,2,0.0,LogNormal,Weibull,Weibull,TruncGMM(K=3),20
TRO_R_AdO1-1,Weekday,7,6,2,0.0706,LogNormal,Weibull,Weibull,TruncGMM(K=3),6
TRO_R_AdO1-1,Weekday,8,17,1,0.2,TruncGMM(K=2),Weibull,Weibull,TruncGMM(K=2),17
TRO_R_AdO1-1,Weekday,9,3,2,0.0353,LogNormal,Weibull,Weibull,TruncGMM(K=3),20
TRO_R_AdO1-1,Weekday,10,0,2,0.0,LogNormal,Weibull,Weibull,TruncGMM(K=3),20
TRO_R_AdO1-1,Weekday,11,0,2,0.0,LogNormal,Weibull,Weibull,TruncGMM(K=3),20
TRO_R_AdO1-1,Weekday,12,0,2,0.0,LogNormal,Weibull,Weibull,TruncGMM(K=3),20
TRO_R_AdO1-1,Weekday,13,0,2,0.0,LogNormal,Weibull,Weibull,TruncGMM(K=3),20
TRO_R_AdO1-1,Weekday,14,0,2,0.0,LogNormal,Weibull,Weibull,TruncGMM(K=3),20
TRO_R_AdO1-1,Weekday,15,2,2,0.0235,LogNormal,Weibull,Weibull,TruncGMM(K=3),20
TRO_R_AdO1-1,Weekday,16,4,2,0.0471,LogNormal,Weibull,Weibull,TruncGMM(K=3),20
TRO_R_AdO1-1,Weekday,17,4,2,0.0471,LogNormal,Weibull,Weibull,TruncGMM(K=3),20
TRO_R_AdO1-1,Weekday,18,0,2,0.0,LogNormal,Weibull,Weibull,TruncGMM(K=3),20
TRO_R_AdO1-1,Weekday,19,4,2,0.0471,LogNormal,Weibull,Weibull,TruncGMM(K=3),20
TRO_R_AdO1-1,Weekday,20,7,2,0.0824,LogNormal,Weibull,Weibull,TruncGMM(K=3),7
TRO_R_AdO1-1,Weekday,21,12,2,0.1412,LogNormal,Weibull,Weibull,TruncGMM(K=3),12
TRO_R_AdO1-1,Weekday,22,20,1,0.2353,TruncGMM(K=2),LogNormal,Weibull,TruncGMM(K=2),20
TRO_R_AdO1-1,Weekday,23,4,2,0.0471,LogNormal,Weibull,Weibull,TruncGMM(K=3),20
TRO_R_AdO1-1,Weekday,24,1,2,0.0118,LogNormal,Weibull,Weibull,TruncGMM(K=3),20
TRO_R_AdA6-1,Weekend,1,0,2,0.0,Exponential,LogNormal,TruncGMM(K=2),TruncGMM(K=2),20
TRO_R_AdA6-1,Weekend,2,0,2,0.0,Exponential,LogNormal,TruncGMM(K=2),TruncGMM(K=2),20
TRO_R_AdA6-1,Weekend,3,1,2,0.027,Exponential,LogNormal,TruncGMM(K=2),TruncGMM(K=2),20
TRO_R_AdA6-1,Weekend,4,1,2,0.027,Exponential,LogNormal,TruncGMM(K=2),TruncGMM(K=2),20
TRO_R_AdA6-1,Weekend,5,0,2,0.0,Exponential,LogNormal,TruncGMM(K=2),TruncGMM(K=2),20
TRO_R_AdA6-1,Weekend,6,0,2,0.0,Exponential,LogNormal,TruncGMM(K=2),TruncGMM(K=2),20
TRO_R_AdA6-1,Weekend,7,0,2,0.0,Exponential,LogNormal,TruncGMM(K=2),TruncGMM(K=2),20
TRO_R_AdA6-1,Weekend,8,0,2,0.0,Exponential,LogNormal,TruncGMM(K=2),TruncGMM(K=2),20
TRO_R_AdA6-1,Weekend,9,0,2,0.0,Exponential,LogNormal,TruncGMM(K=2),TruncGMM(K=2),20
TRO_R_AdA6-1,Weekend,10,0,2,0.0,Exponential,LogNormal,TruncGMM(K=2),TruncGMM(K=2),20
TRO_R_AdA6-1,Weekend,11,1,2,0.027,Exponential,LogNormal,TruncGMM(K=2),TruncGMM(K=2),20
TRO_R_AdA6-1,Weekend,12,0,2,0.0,Exponential,LogNormal,TruncGMM(K=2),TruncGMM(K=2),20
TRO_R_AdA6-1,Weekend,13,4,2,0.1081,Exponential,LogNormal,TruncGMM(K=2),TruncGMM(K=2),20
TRO_R_AdA6-1,Weekend,14,2,2,0.0541,Exponential,LogNormal,TruncGMM(K=2),TruncGMM(K=2),20
TRO_R_AdA6-1,Weekend,15,7,2,0.1892,Exponential,LogNormal,TruncGMM(K=2),TruncGMM(K=2),7
TRO_R_AdA6-1,Weekend,16,5,2,0.1351,Exponential,LogNormal,TruncGMM(K=2),TruncGMM(K=2),5
TRO_R_AdA6-1,Weekend,17,4,2,0.1081,Exponential,LogNormal,TruncGMM(K=2),TruncGMM(K=2),20
TRO_R_AdA6-1,Weekend,18,6,2,0.1622,Exponential,LogNormal,TruncGMM(K=2),TruncGMM(K=2),6
TRO_R_AdA6-1,Weekend,19,3,2,0.0811,Exponential,LogNormal,TruncGMM(K=2),TruncGMM(K=2),20
TRO_R_AdA6-1,Weekend,20,2,2,0.0541,Exponential,LogNormal,TruncGMM(K=2),TruncGMM(K=2),20
TRO_R_AdA6-1,Weekend,21,0,2,0.0,Exponential,LogNormal,TruncGMM(K=2),TruncGMM(K=2),20
TRO_R_AdA6-1,Weekend,22,1,2,0.027,Exponential,LogNormal,TruncGMM(K=2),TruncGMM(K=2),20
TRO_R_AdA6-1,Weekend,23,0,2,0.0,Exponential,LogNormal,TruncGMM(K=2),TruncGMM(K=2),20
TRO_R_AdA6-1,Weekend,24,0,2,0.0,Exponential,LogNormal,TruncGMM(K=2),TruncGMM(K=2),20
ASK_Plass29,Weekend,1,0,2,0.0,TruncGMM(K=3),Weibull,TruncGMM(K=1),Weibull,20
ASK_Plass29,Weekend,2,0,2,0.0,TruncGMM(K=3),Weibull,TruncGMM(K=1),Weibull,20
ASK_Plass29,Weekend,3,1,2,0.012,TruncGMM(K=3),Weibull,TruncGMM(K=1),Weibull,20
ASK_Plass29,Weekend,4,0,2,0.0,TruncGMM(K=3),Weibull,TruncGMM(K=1),Weibull,20
ASK_Plass29,Weekend,5,0,2,0.0,TruncGMM(K=3),Weibull,TruncGMM(K=1),Weibull,20
ASK_Plass29,Weekend,6,0,2,0.0,TruncGMM(K=3),Weibull,TruncGMM(K=1),Weibull,20
ASK_Plass29,Weekend,7,0,2,0.0,TruncGMM(K=3),Weibull,TruncGMM(K=1),Weibull,20
ASK_Plass29,Weekend,8,1,2,0.012,TruncGMM(K=3),Weibull,TruncGMM(K=1),Weibull,20
ASK_Plass29,Weekend,9,0,2,0.0,TruncGMM(K=3),Weibull,TruncGMM(K=1),Weibull,20
ASK_Plass29,Weekend,10,0,2,0.0,TruncGMM(K=3),Weibull,TruncGMM(K=1),Weibull,20
ASK_Plass29,Weekend,11,2,2,0.0241,TruncGMM(K=3),Weibull,TruncGMM(K=1),Weibull,20
ASK_Plass29,Weekend,12,1,2,0.012,TruncGMM(K=3),Weibull,TruncGMM(K=1),Weibull,20
ASK_Plass29,Weekend,13,1,2,0.012,TruncGMM(K=3),Weibull,TruncGMM(K=1),Weibull,20
ASK_Plass29,Weekend,14,9,2,0.1084,TruncGMM(K=3),Weibull,TruncGMM(K=1),Weibull,9
ASK_Plass29,Weekend,15,6,2,0.0723,TruncGMM(K=3),Weibull,TruncGMM(K=1),Weibull,6
ASK_Plass29,Weekend,16,10,2,0.1205,TruncGMM(K=3),Weibull,TruncGMM(K=1),Weibull,10
ASK_Plass29,Weekend,17,3,2,0.0361,TruncGMM(K=3),Weibull,TruncGMM(K=1),Weibull,20
ASK_Plass29,Weekend,18,6,2,0.0723,TruncGMM(K=3),Weibull,TruncGMM(K=1),Weibull,6
ASK_Plass29,Weekend,19,11,2,0.1325,TruncGMM(K=3),Weibull,TruncGMM(K=1),Weibull,11
ASK_Plass29,Weekend,20,11,2,0.1325,TruncGMM(K=3),Weibull,TruncGMM(K=1),Weibull,11
ASK_Plass29,Weekend,21,12,2,0.1446,TruncGMM(K=3),Weibull,TruncGMM(K=1),Weibull,12
ASK_Plass29,Weekend,22,7,2,0.0843,TruncGMM(K=3),Weibull,TruncGMM(K=1),Weibull,7
ASK_Plass29,Weekend,23,1,2,0.012,TruncGMM(K=3),Weibull,TruncGMM(K=1),Weibull,20
ASK_Plass29,Weekend,24,1,2,0.012,TruncGMM(K=3),Weibull,TruncGMM(K=1),Weibull,20
OSL_S_KT65,Weekend,1,7,2,0.0854,Exponential,LogNormal,Weibull,TruncGMM(K=2),7
OSL_S_KT65,Weekend,2,4,2,0.0488,Exponential,LogNormal,Weibull,TruncGMM(K=2),20
OSL_S_KT65,Weekend,3,1,2,0.0122,Exponential,LogNormal,Weibull,TruncGMM(K=2),20
OSL_S_KT65,Weekend,4,4,2,0.0488,Exponential,LogNormal,Weibull,TruncGMM(K=2),20
OSL_S_KT65,Weekend,5,3,2,0.0366,Exponential,LogNormal,Weibull,TruncGMM(K=2),20
OSL_S_KT65,Weekend,6,0,2,0.0,Exponential,LogNormal,Weibull,TruncGMM(K=2),20
OSL_S_KT65,Weekend,7,0,2,0.0,Exponential,LogNormal,Weibull,TruncGMM(K=2),20
OSL_S_KT65,Weekend,8,1,2,0.0122,Exponential,LogNormal,Weibull,TruncGMM(K=2),20
OSL_S_KT65,Weekend,9,2,2,0.0244,Exponential,LogNormal,Weibull,TruncGMM(K=2),20
OSL_S_KT65,Weekend,10,1,2,0.0122,Exponential,LogNormal,Weibull,TruncGMM(K=2),20
OSL_S_KT65,Weekend,11,2,2,0.0244,Exponential,LogNormal,Weibull,TruncGMM(K=2),20
OSL_S_KT65,Weekend,12,3,2,0.0366,Exponential,LogNormal,Weibull,TruncGMM(K=2),20
OSL_S_KT65,Weekend,13,3,2,0.0366,Exponential,LogNormal,Weibull,TruncGMM(K=2),20
OSL_S_KT65,Weekend,14,4,2,0.0488,Exponential,LogNormal,Weibull,TruncGMM(K=2),20
OSL_S_KT65,Weekend,15,4,2,0.0488,Exponential,LogNormal,Weibull,TruncGMM(K=2),20
OSL_S_KT65,Weekend,16,5,2,0.061,Exponential,LogNormal,Weibull,TruncGMM(K=2),5
OSL_S_KT65,Weekend,17,5,2,0.061,Exponential,LogNormal,Weibull,TruncGMM(K=2),5
OSL_S_KT65,Weekend,18,3,2,0.0366,Exponential,LogNormal,Weibull,TruncGMM(K=2),20
OSL_S_KT65,Weekend,19,9,2,0.1098,Exponential,LogNormal,Weibull,TruncGMM(K=2),9
OSL_S_KT65,Weekend,20,4,2,0.0488,Exponential,LogNormal,Weibull,TruncGMM(K=2),20
OSL_S_KT65,Weekend,21,3,2,0.0366,Exponential,LogNormal,Weibull,TruncGMM(K=2),20
OSL_S_KT65,Weekend,22,6,2,0.0732,Exponential,LogNormal,Weibull,TruncGMM(K=2),6
OSL_S_KT65,Weekend,23,6,2,0.0732,Exponential,LogNormal,Weibull,TruncGMM(K=2),6
OSL_S_KT65,Weekend,24,2,2,0.0244,Exponential,LogNormal,Weibull,TruncGMM(K=2),20
BAR_Plass157,Weekday,1,0,2,0.0,TruncGMM(K=3),Weibull,TruncGMM(K=2),TruncGMM(K=2),20
BAR_Plass157,Weekday,2,0,2,0.0,TruncGMM(K=3),Weibull,TruncGMM(K=2),TruncGMM(K=2),20
BAR_Plass157,Weekday,3,0,2,0.0,TruncGMM(K=3),Weibull,TruncGMM(K=2),TruncGMM(K=2),20
BAR_Plass157,Weekday,4,0,2,0.0,TruncGMM(K=3),Weibull,TruncGMM(K=2),TruncGMM(K=2),20
BAR_Plass157,Weekday,5,0,2,0.0,TruncGMM(K=3),Weibull,TruncGMM(K=2),TruncGMM(K=2),20
BAR_Plass157,Weekday,6,0,2,0.0,TruncGMM(K=3),Weibull,TruncGMM(K=2),TruncGMM(K=2),20
BAR_Plass157,Weekday,7,3,2,0.0153,TruncGMM(K=3),Weibull,TruncGMM(K=2),TruncGMM(K=2),20
BAR_Plass157,Weekday,8,3,2,0.0153,TruncGMM(K=3),Weibull,TruncGMM(K=2),TruncGMM(K=2),20
BAR_Plass157,Weekday,9,1,2,0.0051,TruncGMM(K=3),Weibull,TruncGMM(K=2),TruncGMM(K=2),20
BAR_Plass157,Weekday,10,0,2,0.0,TruncGMM(K=3),Weibull,TruncGMM(K=2),TruncGMM(K=2),20
BAR_Plass157,Weekday,11,1,2,0.0051,TruncGMM(K=3),Weibull,TruncGMM(K=2),TruncGMM(K=2),20
BAR_Plass157,Weekday,12,3,2,0.0153,TruncGMM(K=3),Weibull,TruncGMM(K=2),TruncGMM(K=2),20
BAR_Plass157,Weekday,13,7,2,0.0357,TruncGMM(K=3),Weibull,TruncGMM(K=2),TruncGMM(K=2),7
BAR_Plass157,Weekday,14,5,2,0.0255,TruncGMM(K=3),Weibull,TruncGMM(K=2),TruncGMM(K=2),5
BAR_Plass157,Weekday,15,10,2,0.051,TruncGMM(K=3),Weibull,TruncGMM(K=2),TruncGMM(K=2),10
BAR_Plass157,Weekday,16,22,1,0.1122,TruncGMM(K=1),Weibull,TruncGMM(K=1),Weibull,22
BAR_Plass157,Weekday,17,46,1,0.2347,TruncGMM(K=2),Exponential,Weibull,LogNormal,46
BAR_Plass157,Weekday,18,32,1,0.1633,LogNormal,LogNormal,LogNormal,TruncGMM(K=2),32
BAR_Plass157,Weekday,19,21,1,0.1071,TruncGMM(K=3),TruncGMM(K=2),TruncGMM(K=2),LogNormal,21
BAR_Plass157,Weekday,20,15,1,0.0765,TruncGMM(K=2),LogNormal,LogNormal,LogNormal,15
BAR_Plass157,Weekday,21,5,2,0.0255,TruncGMM(K=3),Weibull,TruncGMM(K=2),TruncGMM(K=2),5
BAR_Plass157,Weekday,22,14,2,0.0714,TruncGMM(K=3),Weibull,TruncGMM(K=2),TruncGMM(K=2),14
BAR_Plass157,Weekday,23,5,2,0.0255,TruncGMM(K=3),Weibull,TruncGMM(K=2),TruncGMM(K=2),5
BAR_Plass157,Weekday,24,3,2,0.0153,TruncGMM(K=3),Weibull,TruncGMM(K=2),TruncGMM(K=2),20
ASK_Plass25,Weekend,1,0,2,0.0,TruncGMM(K=3),Exponential,TruncGMM(K=2),TruncGMM(K=1),20
ASK_Plass25,Weekend,2,1,2,0.0132,TruncGMM(K=3),Exponential,TruncGMM(K=2),TruncGMM(K=1),20
ASK_Plass25,Weekend,3,0,2,0.0,TruncGMM(K=3),Exponential,TruncGMM(K=2),TruncGMM(K=1),20
ASK_Plass25,Weekend,4,0,2,0.0,TruncGMM(K=3),Exponential,TruncGMM(K=2),TruncGMM(K=1),20
ASK_Plass25,Weekend,5,0,2,0.0,TruncGMM(K=3),Exponential,TruncGMM(K=2),TruncGMM(K=1),20
ASK_Plass25,Weekend,6,0,2,0.0,TruncGMM(K=3),Exponential,TruncGMM(K=2),TruncGMM(K=1),20
ASK_Plass25,Weekend,7,0,2,0.0,TruncGMM(K=3),Exponential,TruncGMM(K=2),TruncGMM(K=1),20
ASK_Plass25,Weekend,8,0,2,0.0,TruncGMM(K=3),Exponential,TruncGMM(K=2),TruncGMM(K=1),20
ASK_Plass25,Weekend,9,0,2,0.0,TruncGMM(K=3),Exponential,TruncGMM(K=2),TruncGMM(K=1),20
ASK_Plass25,Weekend,10,1,2,0.0132,TruncGMM(K=3),Exponential,TruncGMM(K=2),TruncGMM(K=1),20
ASK_Plass25,Weekend,11,2,2,0.0263,TruncGMM(K=3),Exponential,TruncGMM(K=2),TruncGMM(K=1),20
ASK_Plass25,Weekend,12,0,2,0.0,TruncGMM(K=3),Exponential,TruncGMM(K=2),TruncGMM(K=1),20
ASK_Plass25,Weekend,13,3,2,0.0395,TruncGMM(K=3),Exponential,TruncGMM(K=2),TruncGMM(K=1),20
ASK_Plass25,Weekend,14,5,2,0.0658,TruncGMM(K=3),Exponential,TruncGMM(K=2),TruncGMM(K=1),5
ASK_Plass25,Weekend,15,2,2,0.0263,TruncGMM(K=3),Exponential,TruncGMM(K=2),TruncGMM(K=1),20
ASK_Plass25,Weekend,16,7,2,0.0921,TruncGMM(K=3),Exponential,TruncGMM(K=2),TruncGMM(K=1),7
ASK_Plass25,Weekend,17,9,2,0.1184,TruncGMM(K=3),Exponential,TruncGMM(K=2),TruncGMM(K=1),9
ASK_Plass25,Weekend,18,8,2,0.1053,TruncGMM(K=3),Exponential,TruncGMM(K=2),TruncGMM(K=1),8
ASK_Plass25,Weekend,19,6,2,0.0789,TruncGMM(K=3),Exponential,TruncGMM(K=2),TruncGMM(K=1),6
ASK_Plass25,Weekend,20,17,1,0.2237,LogNormal,Exponential,Weibull,LogNormal,17
ASK_Plass25,Weekend,21,1,2,0.0132,TruncGMM(K=3),Exponential,TruncGMM(K=2),TruncGMM(K=1),20
ASK_Plass25,Weekend,22,4,2,0.0526,TruncGMM(K=3),Exponential,TruncGMM(K=2),TruncGMM(K=1),20
ASK_Plass25,Weekend,23,7,2,0.0921,TruncGMM(K=3),Exponential,TruncGMM(K=2),TruncGMM(K=1),7
ASK_Plass25,Weekend,24,3,2,0.0395,TruncGMM(K=3),Exponential,TruncGMM(K=2),TruncGMM(K=1),20
OSL_T_32,Weekday,1,0,2,0.0,Exponential,Weibull,Weibull,TruncGMM(K=2),20
OSL_T_32,Weekday,2,0,2,0.0,Exponential,Weibull,Weibull,TruncGMM(K=2),20
OSL_T_32,Weekday,3,0,2,0.0,Exponential,Weibull,Weibull,TruncGMM(K=2),20
OSL_T_32,Weekday,4,0,2,0.0,Exponential,Weibull,Weibull,TruncGMM(K=2),20
OSL_T_32,Weekday,5,0,2,0.0,Exponential,Weibull,Weibull,TruncGMM(K=2),20
OSL_T_32,Weekday,6,0,2,0.0,Exponential,Weibull,Weibull,TruncGMM(K=2),20
OSL_T_32,Weekday,7,0,2,0.0,Exponential,Weibull,Weibull,TruncGMM(K=2),20
OSL_T_32,Weekday,8,1,2,0.0105,Exponential,Weibull,Weibull,TruncGMM(K=2),20
OSL_T_32,Weekday,9,0,2,0.0,Exponential,Weibull,Weibull,TruncGMM(K=2),20
OSL_T_32,Weekday,10,1,2,0.0105,Exponential,Weibull,Weibull,TruncGMM(K=2),20
OSL_T_32,Weekday,11,4,2,0.0421,Exponential,Weibull,Weibull,TruncGMM(K=2),20
OSL_T_32,Weekday,12,7,2,0.0737,Exponential,Weibull,Weibull,TruncGMM(K=2),7
OSL_T_32,Weekday,13,10,2,0.1053,Exponential,Weibull,Weibull,TruncGMM(K=2),10
OSL_T_32,Weekday,14,10,2,0.1053,Exponential,Weibull,Weibull,TruncGMM(K=2),10
OSL_T_32,Weekday,15,12,2,0.1263,Exponential,Weibull,Weibull,TruncGMM(K=2),12
OSL_T_32,Weekday,16,19,1,0.2,Exponential,LogNormal,Weibull,Weibull,19
OSL_T_32,Weekday,17,3,2,0.0316,Exponential,Weibull,Weibull,TruncGMM(K=2),20
OSL_T_32,Weekday,18,2,2,0.0211,Exponential,Weibull,Weibull,TruncGMM(K=2),20
OSL_T_32,Weekday,19,4,2,0.0421,Exponential,Weibull,Weibull,TruncGMM(K=2),20
OSL_T_32,Weekday,20,2,2,0.0211,Exponential,Weibull,Weibull,TruncGMM(K=2),20
OSL_T_32,Weekday,21,20,1,0.2105,TruncGMM(K=2),Weibull,LogNormal,LogNormal,20
OSL_T_32,Weekday,22,0,2,0.0,Exponential,Weibull,Weibull,TruncGMM(K=2),20
OSL_T_32,Weekday,23,0,2,0.0,Exponential,Weibull,Weibull,TruncGMM(K=2),20
OSL_T_32,Weekday,24,0,2,0.0,Exponential,Weibull,Weibull,TruncGMM(K=2),20
OSL_S_KT95,Weekday,1,3,2,0.0222,TruncGMM(K=3),Exponential,TruncGMM(K=1),TruncGMM(K=4),20
OSL_S_KT95,Weekday,2,3,2,0.0222,TruncGMM(K=3),Exponential,TruncGMM(K=1),TruncGMM(K=4),20
OSL_S_KT95,Weekday,3,0,2,0.0,TruncGMM(K=3),Exponential,TruncGMM(K=1),TruncGMM(K=4),20
OSL_S_KT95,Weekday,4,0,2,0.0,TruncGMM(K=3),Exponential,TruncGMM(K=1),TruncGMM(K=4),20
OSL_S_KT95,Weekday,5,0,2,0.0,TruncGMM(K=3),Exponential,TruncGMM(K=1),TruncGMM(K=4),20
OSL_S_KT95,Weekday,6,0,2,0.0,TruncGMM(K=3),Exponential,TruncGMM(K=1),TruncGMM(K=4),20
OSL_S_KT95,Weekday,7,0,2,0.0,TruncGMM(K=3),Exponential,TruncGMM(K=1),TruncGMM(K=4),20
OSL_S_KT95,Weekday,8,1,2,0.0074,TruncGMM(K=3),Exponential,TruncGMM(K=1),TruncGMM(K=4),20
OSL_S_KT95,Weekday,9,5,2,0.037,TruncGMM(K=3),Exponential,TruncGMM(K=1),TruncGMM(K=4),5
OSL_S_KT95,Weekday,10,2,2,0.0148,TruncGMM(K=3),Exponential,TruncGMM(K=1),TruncGMM(K=4),20
OSL_S_KT95,Weekday,11,2,2,0.0148,TruncGMM(K=3),Exponential,TruncGMM(K=1),TruncGMM(K=4),20
OSL_S_KT95,Weekday,12,3,2,0.0222,TruncGMM(K=3),Exponential,TruncGMM(K=1),TruncGMM(K=4),20
OSL_S_KT95,Weekday,13,4,2,0.0296,TruncGMM(K=3),Exponential,TruncGMM(K=1),TruncGMM(K=4),20
OSL_S_KT95,Weekday,14,4,2,0.0296,TruncGMM(K=3),Exponential,TruncGMM(K=1),TruncGMM(K=4),20
OSL_S_KT95,Weekday,15,1,2,0.0074,TruncGMM(K=3),Exponential,TruncGMM(K=1),TruncGMM(K=4),20
OSL_S_KT95,Weekday,16,7,2,0.0519,TruncGMM(K=3),Exponential,TruncGMM(K=1),TruncGMM(K=4),7
OSL_S_KT95,Weekday,17,6,2,0.0444,TruncGMM(K=3),Exponential,TruncGMM(K=1),TruncGMM(K=4),6
OSL_S_KT95,Weekday,18,6,2,0.0444,TruncGMM(K=3),Exponential,TruncGMM(K=1),TruncGMM(K=4),6
OSL_S_KT95,Weekday,19,1,2,0.0074,TruncGMM(K=3),Exponential,TruncGMM(K=1),TruncGMM(K=4),20
OSL_S_KT95,Weekday,20,8,2,0.0593,TruncGMM(K=3),Exponential,TruncGMM(K=1),TruncGMM(K=4),8
OSL_S_KT95,Weekday,21,8,2,0.0593,TruncGMM(K=3),Exponential,TruncGMM(K=1),TruncGMM(K=4),8
OSL_S_KT95,Weekday,22,15,1,0.1111,LogNormal,Exponential,TruncGMM(K=1),Weibull,15
OSL_S_KT95,Weekday,23,49,1,0.363,LogNormal,TruncGMM(K=3),TruncGMM(K=1),TruncGMM(K=3),49
OSL_S_KT95,Weekday,24,7,2,0.0519,TruncGMM(K=3),Exponential,TruncGMM(K=1),TruncGMM(K=4),7
TRO_R_AsO6-1,Weekend,1,2,2,0.0741,TruncGMM(K=1),Weibull,TruncGMM(K=2),TruncGMM(K=2),20
TRO_R_AsO6-1,Weekend,2,0,2,0.0,TruncGMM(K=1),Weibull,TruncGMM(K=2),TruncGMM(K=2),20
TRO_R_AsO6-1,Weekend,3,1,2,0.037,TruncGMM(K=1),Weibull,TruncGMM(K=2),TruncGMM(K=2),20
TRO_R_AsO6-1,Weekend,4,2,2,0.0741,TruncGMM(K=1),Weibull,TruncGMM(K=2),TruncGMM(K=2),20
TRO_R_AsO6-1,Weekend,5,0,2,0.0,TruncGMM(K=1),Weibull,TruncGMM(K=2),TruncGMM(K=2),20
TRO_R_AsO6-1,Weekend,6,0,2,0.0,TruncGMM(K=1),Weibull,TruncGMM(K=2),TruncGMM(K=2),20
TRO_R_AsO6-1,Weekend,7,0,2,0.0,TruncGMM(K=1),Weibull,TruncGMM(K=2),TruncGMM(K=2),20
TRO_R_AsO6-1,Weekend,8,0,2,0.0,TruncGMM(K=1),Weibull,TruncGMM(K=2),TruncGMM(K=2),20
TRO_R_AsO6-1,Weekend,9,0,2,0.0,TruncGMM(K=1),Weibull,TruncGMM(K=2),TruncGMM(K=2),20
TRO_R_AsO6-1,Weekend,10,0,2,0.0,TruncGMM(K=1),Weibull,TruncGMM(K=2),TruncGMM(K=2),20
TRO_R_AsO6-1,Weekend,11,0,2,0.0,TruncGMM(K=1),Weibull,TruncGMM(K=2),TruncGMM(K=2),20
TRO_R_AsO6-1,Weekend,12,0,2,0.0,TruncGMM(K=1),Weibull,TruncGMM(K=2),TruncGMM(K=2),20
TRO_R_AsO6-1,Weekend,13,3,2,0.1111,TruncGMM(K=1),Weibull,TruncGMM(K=2),TruncGMM(K=2),20
TRO_R_AsO6-1,Weekend,14,2,2,0.0741,TruncGMM(K=1),Weibull,TruncGMM(K=2),TruncGMM(K=2),20
TRO_R_AsO6-1,Weekend,15,3,2,0.1111,TruncGMM(K=1),Weibull,TruncGMM(K=2),TruncGMM(K=2),20
TRO_R_AsO6-1,Weekend,16,3,2,0.1111,TruncGMM(K=1),Weibull,TruncGMM(K=2),TruncGMM(K=2),20
TRO_R_AsO6-1,Weekend,17,1,2,0.037,TruncGMM(K=1),Weibull,TruncGMM(K=2),TruncGMM(K=2),20
TRO_R_AsO6-1,Weekend,18,4,2,0.1481,TruncGMM(K=1),Weibull,TruncGMM(K=2),TruncGMM(K=2),20
TRO_R_AsO6-1,Weekend,19,1,2,0.037,TruncGMM(K=1),Weibull,TruncGMM(K=2),TruncGMM(K=2),20
TRO_R_AsO6-1,Weekend,20,2,2,0.0741,TruncGMM(K=1),Weibull,TruncGMM(K=2),TruncGMM(K=2),20
TRO_R_AsO6-1,Weekend,21,1,2,0.037,TruncGMM(K=1),Weibull,TruncGMM(K=2),TruncGMM(K=2),20
TRO_R_AsO6-1,Weekend,22,2,2,0.0741,TruncGMM(K=1),Weibull,TruncGMM(K=2),TruncGMM(K=2),20
TRO_R_AsO6-1,Weekend,23,0,2,0.0,TruncGMM(K=1),Weibull,TruncGMM(K=2),TruncGMM(K=2),20
TRO_R_AsO6-1,Weekend,24,0,2,0.0,TruncGMM(K=1),Weibull,TruncGMM(K=2),TruncGMM(K=2),20
OSL_T_35,Weekend,1,0,2,0.0,TruncGMM(K=1),Weibull,TruncGMM(K=1),TruncGMM(K=2),20
OSL_T_35,Weekend,2,0,2,0.0,TruncGMM(K=1),Weibull,TruncGMM(K=1),TruncGMM(K=2),20
OSL_T_35,Weekend,3,0,2,0.0,TruncGMM(K=1),Weibull,TruncGMM(K=1),TruncGMM(K=2),20
OSL_T_35,Weekend,4,0,2,0.0,TruncGMM(K=1),Weibull,TruncGMM(K=1),TruncGMM(K=2),20
OSL_T_35,Weekend,5,0,2,0.0,TruncGMM(K=1),Weibull,TruncGMM(K=1),TruncGMM(K=2),20
OSL_T_35,Weekend,6,0,2,0.0,TruncGMM(K=1),Weibull,TruncGMM(K=1),TruncGMM(K=2),20
OSL_T_35,Weekend,7,0,2,0.0,TruncGMM(K=1),Weibull,TruncGMM(K=1),TruncGMM(K=2),20
OSL_T_35,Weekend,8,1,2,0.0119,TruncGMM(K=1),Weibull,TruncGMM(K=1),TruncGMM(K=2),20
OSL_T_35,Weekend,9,0,2,0.0,TruncGMM(K=1),Weibull,TruncGMM(K=1),TruncGMM(K=2),20
OSL_T_35,Weekend,10,0,2,0.0,TruncGMM(K=1),Weibull,TruncGMM(K=1),TruncGMM(K=2),20
OSL_T_35,Weekend,11,14,2,0.1667,TruncGMM(K=1),Weibull,TruncGMM(K=1),TruncGMM(K=2),14
OSL_T_35,Weekend,12,14,2,0.1667,TruncGMM(K=1),Weibull,TruncGMM(K=1),TruncGMM(K=2),14
OSL_T_35,Weekend,13,2,2,0.0238,TruncGMM(K=1),Weibull,TruncGMM(K=1),TruncGMM(K=2),20
OSL_T_35,Weekend,14,0,2,0.0,TruncGMM(K=1),Weibull,TruncGMM(K=1),TruncGMM(K=2),20
OSL_T_35,Weekend,15,5,2,0.0595,TruncGMM(K=1),Weibull,TruncGMM(K=1),TruncGMM(K=2),5
OSL_T_35,Weekend,16,6,2,0.0714,TruncGMM(K=1),Weibull,TruncGMM(K=1),TruncGMM(K=2),6
OSL_T_35,Weekend,17,7,2,0.0833,TruncGMM(K=1),Weibull,TruncGMM(K=1),TruncGMM(K=2),7
OSL_T_35,Weekend,18,8,2,0.0952,TruncGMM(K=1),Weibull,TruncGMM(K=1),TruncGMM(K=2),8
OSL_T_35,Weekend,19,10,2,0.119,TruncGMM(K=1),Weibull,TruncGMM(K=1),TruncGMM(K=2),10
OSL_T_35,Weekend,20,4,2,0.0476,TruncGMM(K=1),Weibull,TruncGMM(K=1),TruncGMM(K=2),20
OSL_T_35,Weekend,21,4,2,0.0476,TruncGMM(K=1),Weibull,TruncGMM(K=1),TruncGMM(K=2),20
OSL_T_35,Weekend,22,5,2,0.0595,TruncGMM(K=1),Weibull,TruncGMM(K=1),TruncGMM(K=2),5
OSL_T_35,Weekend,23,4,2,0.0476,TruncGMM(K=1),Weibull,TruncGMM(K=1),TruncGMM(K=2),20
OSL_T_35,Weekend,24,0,2,0.0,TruncGMM(K=1),Weibull,TruncGMM(K=1),TruncGMM(K=2),20
OSL_T_24,Weekday,1,1,2,0.013,TruncGMM(K=3),Exponential,TruncGMM(K=1),TruncGMM(K=1),20
OSL_T_24,Weekday,2,0,2,0.0,TruncGMM(K=3),Exponential,TruncGMM(K=1),TruncGMM(K=1),20
OSL_T_24,Weekday,3,0,2,0.0,TruncGMM(K=3),Exponential,TruncGMM(K=1),TruncGMM(K=1),20
OSL_T_24,Weekday,4,0,2,0.0,TruncGMM(K=3),Exponential,TruncGMM(K=1),TruncGMM(K=1),20
OSL_T_24,Weekday,5,0,2,0.0,TruncGMM(K=3),Exponential,TruncGMM(K=1),TruncGMM(K=1),20
OSL_T_24,Weekday,6,0,2,0.0,TruncGMM(K=3),Exponential,TruncGMM(K=1),TruncGMM(K=1),20
OSL_T_24,Weekday,7,1,2,0.013,TruncGMM(K=3),Exponential,TruncGMM(K=1),TruncGMM(K=1),20
OSL_T_24,Weekday,8,0,2,0.0,TruncGMM(K=3),Exponential,TruncGMM(K=1),TruncGMM(K=1),20
OSL_T_24,Weekday,9,0,2,0.0,TruncGMM(K=3),Exponential,TruncGMM(K=1),TruncGMM(K=1),20
OSL_T_24,Weekday,10,2,2,0.026,TruncGMM(K=3),Exponential,TruncGMM(K=1),TruncGMM(K=1),20
OSL_T_24,Weekday,11,7,2,0.0909,TruncGMM(K=3),Exponential,TruncGMM(K=1),TruncGMM(K=1),7
OSL_T_24,Weekday,12,4,2,0.0519,TruncGMM(K=3),Exponential,TruncGMM(K=1),TruncGMM(K=1),20
OSL_T_24,Weekday,13,1,2,0.013,TruncGMM(K=3),Exponential,TruncGMM(K=1),TruncGMM(K=1),20
OSL_T_24,Weekday,14,5,2,0.0649,TruncGMM(K=3),Exponential,TruncGMM(K=1),TruncGMM(K=1),5
OSL_T_24,Weekday,15,3,2,0.039,TruncGMM(K=3),Exponential,TruncGMM(K=1),TruncGMM(K=1),20
OSL_T_24,Weekday,16,12,2,0.1558,TruncGMM(K=3),Exponential,TruncGMM(K=1),TruncGMM(K=1),12
OSL_T_24,Weekday,17,10,2,0.1299,TruncGMM(K=3),Exponential,TruncGMM(K=1),TruncGMM(K=1),10
OSL_T_24,Weekday,18,9,2,0.1169,TruncGMM(K=3),Exponential,TruncGMM(K=1),TruncGMM(K=1),9
OSL_T_24,Weekday,19,9,2,0.1169,TruncGMM(K=3),Exponential,TruncGMM(K=1),TruncGMM(K=1),9
OSL_T_24,Weekday,20,6,2,0.0779,TruncGMM(K=3),Exponential,TruncGMM(K=1),TruncGMM(K=1),6
OSL_T_24,Weekday,21,4,2,0.0519,TruncGMM(K=3),Exponential,TruncGMM(K=1),TruncGMM(K=1),20
OSL_T_24,Weekday,22,2,2,0.026,TruncGMM(K=3),Exponential,TruncGMM(K=1),TruncGMM(K=1),20
OSL_T_24,Weekday,23,0,2,0.0,TruncGMM(K=3),Exponential,TruncGMM(K=1),TruncGMM(K=1),20
OSL_T_24,Weekday,24,1,2,0.013,TruncGMM(K=3),Exponential,TruncGMM(K=1),TruncGMM(K=1),20
ASK_Plass45,Weekend,1,0,2,0.0,TruncGMM(K=2),LogNormal,Weibull,TruncGMM(K=1),20
ASK_Plass45,Weekend,2,0,2,0.0,TruncGMM(K=2),LogNormal,Weibull,TruncGMM(K=1),20
ASK_Plass45,Weekend,3,0,2,0.0,TruncGMM(K=2),LogNormal,Weibull,TruncGMM(K=1),20
ASK_Plass45,Weekend,4,0,2,0.0,TruncGMM(K=2),LogNormal,Weibull,TruncGMM(K=1),20
ASK_Plass45,Weekend,5,0,2,0.0,TruncGMM(K=2),LogNormal,Weibull,TruncGMM(K=1),20
ASK_Plass45,Weekend,6,0,2,0.0,TruncGMM(K=2),LogNormal,Weibull,TruncGMM(K=1),20
ASK_Plass45,Weekend,7,0,2,0.0,TruncGMM(K=2),LogNormal,Weibull,TruncGMM(K=1),20
ASK_Plass45,Weekend,8,0,2,0.0,TruncGMM(K=2),LogNormal,Weibull,TruncGMM(K=1),20
ASK_Plass45,Weekend,9,0,2,0.0,TruncGMM(K=2),LogNormal,Weibull,TruncGMM(K=1),20
ASK_Plass45,Weekend,10,0,2,0.0,TruncGMM(K=2),LogNormal,Weibull,TruncGMM(K=1),20
ASK_Plass45,Weekend,11,2,2,0.0526,TruncGMM(K=2),LogNormal,Weibull,TruncGMM(K=1),20
ASK_Plass45,Weekend,12,3,2,0.0789,TruncGMM(K=2),LogNormal,Weibull,TruncGMM(K=1),20
ASK_Plass45,Weekend,13,4,2,0.1053,TruncGMM(K=2),LogNormal,Weibull,TruncGMM(K=1),20
ASK_Plass45,Weekend,14,1,2,0.0263,TruncGMM(K=2),LogNormal,Weibull,TruncGMM(K=1),20
ASK_Plass45,Weekend,15,3,2,0.0789,TruncGMM(K=2),LogNormal,Weibull,TruncGMM(K=1),20
ASK_Plass45,Weekend,16,4,2,0.1053,TruncGMM(K=2),LogNormal,Weibull,TruncGMM(K=1),20
ASK_Plass45,Weekend,17,4,2,0.1053,TruncGMM(K=2),LogNormal,Weibull,TruncGMM(K=1),20
ASK_Plass45,Weekend,18,4,2,0.1053,TruncGMM(K=2),LogNormal,Weibull,TruncGMM(K=1),20
ASK_Plass45,Weekend,19,5,2,0.1316,TruncGMM(K=2),LogNormal,Weibull,TruncGMM(K=1),5
ASK_Plass45,Weekend,20,0,2,0.0,TruncGMM(K=2),LogNormal,Weibull,TruncGMM(K=1),20
ASK_Plass45,Weekend,21,2,2,0.0526,TruncGMM(K=2),LogNormal,Weibull,TruncGMM(K=1),20
ASK_Plass45,Weekend,22,3,2,0.0789,TruncGMM(K=2),LogNormal,Weibull,TruncGMM(K=1),20
ASK_Plass45,Weekend,23,1,2,0.0263,TruncGMM(K=2),LogNormal,Weibull,TruncGMM(K=1),20
ASK_Plass45,Weekend,24,2,2,0.0526,TruncGMM(K=2),LogNormal,Weibull,TruncGMM(K=1),20
TRO_Plass45,Weekend,1,0,2,0.0,Weibull,Exponential,Weibull,Weibull,20
TRO_Plass45,Weekend,2,0,2,0.0,Weibull,Exponential,Weibull,Weibull,20
TRO_Plass45,Weekend,3,0,2,0.0,Weibull,Exponential,Weibull,Weibull,20
TRO_Plass45,Weekend,4,0,2,0.0,Weibull,Exponential,Weibull,Weibull,20
TRO_Plass45,Weekend,5,0,2,0.0,Weibull,Exponential,Weibull,Weibull,20
TRO_Plass45,Weekend,6,0,2,0.0,Weibull,Exponential,Weibull,Weibull,20
TRO_Plass45,Weekend,7,0,2,0.0,Weibull,Exponential,Weibull,Weibull,20
TRO_Plass45,Weekend,8,0,2,0.0,Weibull,Exponential,Weibull,Weibull,20
TRO_Plass45,Weekend,9,0,2,0.0,Weibull,Exponential,Weibull,Weibull,20
TRO_Plass45,Weekend,10,2,2,0.0526,Weibull,Exponential,Weibull,Weibull,20
TRO_Plass45,Weekend,11,2,2,0.0526,Weibull,Exponential,Weibull,Weibull,20
TRO_Plass45,Weekend,12,2,2,0.0526,Weibull,Exponential,Weibull,Weibull,20
TRO_Plass45,Weekend,13,4,2,0.1053,Weibull,Exponential,Weibull,Weibull,20
TRO_Plass45,Weekend,14,4,2,0.1053,Weibull,Exponential,Weibull,Weibull,20
TRO_Plass45,Weekend,15,2,2,0.0526,Weibull,Exponential,Weibull,Weibull,20
TRO_Plass45,Weekend,16,5,2,0.1316,Weibull,Exponential,Weibull,Weibull,5
TRO_Plass45,Weekend,17,2,2,0.0526,Weibull,Exponential,Weibull,Weibull,20
TRO_Plass45,Weekend,18,3,2,0.0789,Weibull,Exponential,Weibull,Weibull,20
TRO_Plass45,Weekend,19,5,2,0.1316,Weibull,Exponential,Weibull,Weibull,5
TRO_Plass45,Weekend,20,3,2,0.0789,Weibull,Exponential,Weibull,Weibull,20
TRO_Plass45,Weekend,21,3,2,0.0789,Weibull,Exponential,Weibull,Weibull,20
TRO_Plass45,Weekend,22,1,2,0.0263,Weibull,Exponential,Weibull,Weibull,20
TRO_Plass45,Weekend,23,0,2,0.0,Weibull,Exponential,Weibull,Weibull,20
TRO_Plass45,Weekend,24,0,2,0.0,Weibull,Exponential,Weibull,Weibull,20
KR_U1225,Weekend,1,0,2,0.0,LogNormal,TruncGMM(K=3),LogNormal,LogNormal,20
KR_U1225,Weekend,2,0,2,0.0,LogNormal,TruncGMM(K=3),LogNormal,LogNormal,20
KR_U1225,Weekend,3,0,2,0.0,LogNormal,TruncGMM(K=3),LogNormal,LogNormal,20
KR_U1225,Weekend,4,0,2,0.0,LogNormal,TruncGMM(K=3),LogNormal,LogNormal,20
KR_U1225,Weekend,5,0,2,0.0,LogNormal,TruncGMM(K=3),LogNormal,LogNormal,20
KR_U1225,Weekend,6,0,2,0.0,LogNormal,TruncGMM(K=3),LogNormal,LogNormal,20
KR_U1225,Weekend,7,0,2,0.0,LogNormal,TruncGMM(K=3),LogNormal,LogNormal,20
KR_U1225,Weekend,8,0,2,0.0,LogNormal,TruncGMM(K=3),LogNormal,LogNormal,20
KR_U1225,Weekend,9,0,2,0.0,LogNormal,TruncGMM(K=3),LogNormal,LogNormal,20
KR_U1225,Weekend,10,0,2,0.0,LogNormal,TruncGMM(K=3),LogNormal,LogNormal,20
KR_U1225,Weekend,11,0,2,0.0,LogNormal,TruncGMM(K=3),LogNormal,LogNormal,20
KR_U1225,Weekend,12,0,2,0.0,LogNormal,TruncGMM(K=3),LogNormal,LogNormal,20
KR_U1225,Weekend,13,0,2,0.0,LogNormal,TruncGMM(K=3),LogNormal,LogNormal,20
KR_U1225,Weekend,14,0,2,0.0,LogNormal,TruncGMM(K=3),LogNormal,LogNormal,20
KR_U1225,Weekend,15,0,2,0.0,LogNormal,TruncGMM(K=3),LogNormal,LogNormal,20
KR_U1225,Weekend,16,2,2,0.0741,LogNormal,TruncGMM(K=3),LogNormal,LogNormal,20
KR_U1225,Weekend,17,8,2,0.2963,LogNormal,TruncGMM(K=3),LogNormal,LogNormal,8
KR_U1225,Weekend,18,15,1,0.5555,LogNormal,TruncGMM(K=3),LogNormal,LogNormal,15
KR_U1225,Weekend,19,1,2,0.037,LogNormal,TruncGMM(K=3),LogNormal,LogNormal,20
KR_U1225,Weekend,20,1,2,0.037,LogNormal,TruncGMM(K=3),LogNormal,LogNormal,20
KR_U1225,Weekend,21,0,2,0.0,LogNormal,TruncGMM(K=3),LogNormal,LogNormal,20
KR_U1225,Weekend,22,0,2,0.0,LogNormal,TruncGMM(K=3),LogNormal,LogNormal,20
KR_U1225,Weekend,23,0,2,0.0,LogNormal,TruncGMM(K=3),LogNormal,LogNormal,20
KR_U1225,Weekend,24,0,2,0.0,LogNormal,TruncGMM(K=3),LogNormal,LogNormal,20
OSL_S_KT94,Weekday,1,1,2,0.0064,TruncGMM(K=3),Exponential,TruncGMM(K=3),TruncGMM(K=1),20
OSL_S_KT94,Weekday,2,0,2,0.0,TruncGMM(K=3),Exponential,TruncGMM(K=3),TruncGMM(K=1),20
OSL_S_KT94,Weekday,3,0,2,0.0,TruncGMM(K=3),Exponential,TruncGMM(K=3),TruncGMM(K=1),20
OSL_S_KT94,Weekday,4,0,2,0.0,TruncGMM(K=3),Exponential,TruncGMM(K=3),TruncGMM(K=1),20
OSL_S_KT94,Weekday,5,0,2,0.0,TruncGMM(K=3),Exponential,TruncGMM(K=3),TruncGMM(K=1),20
OSL_S_KT94,Weekday,6,0,2,0.0,TruncGMM(K=3),Exponential,TruncGMM(K=3),TruncGMM(K=1),20
OSL_S_KT94,Weekday,7,2,2,0.0128,TruncGMM(K=3),Exponential,TruncGMM(K=3),TruncGMM(K=1),20
OSL_S_KT94,Weekday,8,1,2,0.0064,TruncGMM(K=3),Exponential,TruncGMM(K=3),TruncGMM(K=1),20
OSL_S_KT94,Weekday,9,13,2,0.0833,TruncGMM(K=3),Exponential,TruncGMM(K=3),TruncGMM(K=1),13
OSL_S_KT94,Weekday,10,5,2,0.0321,TruncGMM(K=3),Exponential,TruncGMM(K=3),TruncGMM(K=1),5
OSL_S_KT94,Weekday,11,6,2,0.0385,TruncGMM(K=3),Exponential,TruncGMM(K=3),TruncGMM(K=1),6
OSL_S_KT94,Weekday,12,2,2,0.0128,TruncGMM(K=3),Exponential,TruncGMM(K=3),TruncGMM(K=1),20
OSL_S_KT94,Weekday,13,7,2,0.0449,TruncGMM(K=3),Exponential,TruncGMM(K=3),TruncGMM(K=1),7
OSL_S_KT94,Weekday,14,22,1,0.141,TruncGMM(K=2),Exponential,TruncGMM(K=1),TruncGMM(K=2),22
OSL_S_KT94,Weekday,15,22,1,0.141,Exponential,Exponential,Weibull,TruncGMM(K=1),22
OSL_S_KT94,Weekday,16,15,1,0.0962,LogNormal,Weibull,Exponential,TruncGMM(K=1),15
OSL_S_KT94,Weekday,17,18,1,0.1154,Exponential,Exponential,Exponential,TruncGMM(K=2),18
OSL_S_KT94,Weekday,18,12,2,0.0769,TruncGMM(K=3),Exponential,TruncGMM(K=3),TruncGMM(K=1),12
OSL_S_KT94,Weekday,19,8,2,0.0513,TruncGMM(K=3),Exponential,TruncGMM(K=3),TruncGMM(K=1),8
OSL_S_KT94,Weekday,20,1,2,0.0064,TruncGMM(K=3),Exponential,TruncGMM(K=3),TruncGMM(K=1),20
OSL_S_KT94,Weekday,21,7,2,0.0449,TruncGMM(K=3),Exponential,TruncGMM(K=3),TruncGMM(K=1),7
OSL_S_KT94,Weekday,22,8,2,0.0513,TruncGMM(K=3),Exponential,TruncGMM(K=3),TruncGMM(K=1),8
OSL_S_KT94,Weekday,23,5,2,0.0321,TruncGMM(K=3),Exponential,TruncGMM(K=3),TruncGMM(K=1),5
OSL_S_KT94,Weekday,24,1,2,0.0064,TruncGMM(K=3),Exponential,TruncGMM(K=3),TruncGMM(K=1),20
OSL_S_KT43,Weekday,1,11,2,0.0347,TruncGMM(K=2),TruncGMM(K=3),TruncGMM(K=1),TruncGMM(K=3),11
OSL_S_KT43,Weekday,2,3,2,0.0095,TruncGMM(K=2),TruncGMM(K=3),TruncGMM(K=1),TruncGMM(K=3),20
OSL_S_KT43,Weekday,3,6,2,0.0189,TruncGMM(K=2),TruncGMM(K=3),TruncGMM(K=1),TruncGMM(K=3),6
OSL_S_KT43,Weekday,4,1,2,0.0032,TruncGMM(K=2),TruncGMM(K=3),TruncGMM(K=1),TruncGMM(K=3),20
OSL_S_KT43,Weekday,5,1,2,0.0032,TruncGMM(K=2),TruncGMM(K=3),TruncGMM(K=1),TruncGMM(K=3),20
OSL_S_KT43,Weekday,6,1,2,0.0032,TruncGMM(K=2),TruncGMM(K=3),TruncGMM(K=1),TruncGMM(K=3),20
OSL_S_KT43,Weekday,7,1,2,0.0032,TruncGMM(K=2),TruncGMM(K=3),TruncGMM(K=1),TruncGMM(K=3),20
OSL_S_KT43,Weekday,8,4,2,0.0126,TruncGMM(K=2),TruncGMM(K=3),TruncGMM(K=1),TruncGMM(K=3),20
OSL_S_KT43,Weekday,9,6,2,0.0189,TruncGMM(K=2),TruncGMM(K=3),TruncGMM(K=1),TruncGMM(K=3),6
OSL_S_KT43,Weekday,10,7,2,0.0221,TruncGMM(K=2),TruncGMM(K=3),TruncGMM(K=1),TruncGMM(K=3),7
OSL_S_KT43,Weekday,11,15,1,0.0473,TruncGMM(K=3),Exponential,Weibull,TruncGMM(K=1),15
OSL_S_KT43,Weekday,12,13,2,0.041,TruncGMM(K=2),TruncGMM(K=3),TruncGMM(K=1),TruncGMM(K=3),13
OSL_S_KT43,Weekday,13,11,2,0.0347,TruncGMM(K=2),TruncGMM(K=3),TruncGMM(K=1),TruncGMM(K=3),11
OSL_S_KT43,Weekday,14,10,2,0.0315,TruncGMM(K=2),TruncGMM(K=3),TruncGMM(K=1),TruncGMM(K=3),10
OSL_S_KT43,Weekday,15,10,2,0.0315,TruncGMM(K=2),TruncGMM(K=3),TruncGMM(K=1),TruncGMM(K=3),10
OSL_S_KT43,Weekday,16,12,2,0.0379,TruncGMM(K=2),TruncGMM(K=3),TruncGMM(K=1),TruncGMM(K=3),12
OSL_S_KT43,Weekday,17,14,2,0.0442,TruncGMM(K=2),TruncGMM(K=3),TruncGMM(K=1),TruncGMM(K=3),14
OSL_S_KT43,Weekday,18,10,2,0.0315,TruncGMM(K=2),TruncGMM(K=3),TruncGMM(K=1),TruncGMM(K=3),10
OSL_S_KT43,Weekday,19,20,1,0.0631,TruncGMM(K=2),Exponential,TruncGMM(K=1),LogNormal,20
OSL_S_KT43,Weekday,20,36,1,0.1136,Exponential,Exponential,TruncGMM(K=1),LogNormal,36
OSL_S_KT43,Weekday,21,30,1,0.0946,TruncGMM(K=3),Weibull,TruncGMM(K=1),TruncGMM(K=1),30
OSL_S_KT43,Weekday,22,39,1,0.123,TruncGMM(K=2),LogNormal,TruncGMM(K=1),TruncGMM(K=1),39
OSL_S_KT43,Weekday,23,29,1,0.0915,LogNormal,LogNormal,Weibull,TruncGMM(K=3),29
OSL_S_KT43,Weekday,24,27,1,0.0852,TruncGMM(K=1),Exponential,Weibull,TruncGMM(K=2),27
KR_U1222,Weekend,1,0,3,0.0,TruncGMM(K=3),Weibull,TruncGMM(K=3),TruncGMM(K=3),20
KR_U1222,Weekend,2,0,3,0.0,TruncGMM(K=3),Weibull,TruncGMM(K=3),TruncGMM(K=3),20
KR_U1222,Weekend,3,0,3,0.0,TruncGMM(K=3),Weibull,TruncGMM(K=3),TruncGMM(K=3),20
KR_U1222,Weekend,4,0,3,0.0,TruncGMM(K=3),Weibull,TruncGMM(K=3),TruncGMM(K=3),20
KR_U1222,Weekend,5,0,3,0.0,TruncGMM(K=3),Weibull,TruncGMM(K=3),TruncGMM(K=3),20
KR_U1222,Weekend,6,0,3,0.0,TruncGMM(K=3),Weibull,TruncGMM(K=3),TruncGMM(K=3),20
KR_U1222,Weekend,7,0,3,0.0,TruncGMM(K=3),Weibull,TruncGMM(K=3),TruncGMM(K=3),20
KR_U1222,Weekend,8,0,3,0.0,TruncGMM(K=3),Weibull,TruncGMM(K=3),TruncGMM(K=3),20
KR_U1222,Weekend,9,0,3,0.0,TruncGMM(K=3),Weibull,TruncGMM(K=3),TruncGMM(K=3),20
KR_U1222,Weekend,10,0,3,0.0,TruncGMM(K=3),Weibull,TruncGMM(K=3),TruncGMM(K=3),20
KR_U1222,Weekend,11,0,3,0.0,TruncGMM(K=3),Weibull,TruncGMM(K=3),TruncGMM(K=3),20
KR_U1222,Weekend,12,0,3,0.0,TruncGMM(K=3),Weibull,TruncGMM(K=3),TruncGMM(K=3),20
KR_U1222,Weekend,13,0,3,0.0,TruncGMM(K=3),Weibull,TruncGMM(K=3),TruncGMM(K=3),20
KR_U1222,Weekend,14,0,3,0.0,TruncGMM(K=3),Weibull,TruncGMM(K=3),TruncGMM(K=3),20
KR_U1222,Weekend,15,0,3,0.0,TruncGMM(K=3),Weibull,TruncGMM(K=3),TruncGMM(K=3),20
KR_U1222,Weekend,16,0,3,0.0,TruncGMM(K=3),Weibull,TruncGMM(K=3),TruncGMM(K=3),20
KR_U1222,Weekend,17,2,3,0.2,TruncGMM(K=3),Weibull,TruncGMM(K=3),TruncGMM(K=3),20
KR_U1222,Weekend,18,6,3,0.5999,TruncGMM(K=3),Weibull,TruncGMM(K=3),TruncGMM(K=3),6
KR_U1222,Weekend,19,1,3,0.1,TruncGMM(K=3),Weibull,TruncGMM(K=3),TruncGMM(K=3),20
KR_U1222,Weekend,20,1,3,0.1,TruncGMM(K=3),Weibull,TruncGMM(K=3),TruncGMM(K=3),20
KR_U1222,Weekend,21,0,3,0.0,TruncGMM(K=3),Weibull,TruncGMM(K=3),TruncGMM(K=3),20
KR_U1222,Weekend,22,0,3,0.0,TruncGMM(K=3),Weibull,TruncGMM(K=3),TruncGMM(K=3),20
KR_U1222,Weekend,23,0,3,0.0,TruncGMM(K=3),Weibull,TruncGMM(K=3),TruncGMM(K=3),20
KR_U1222,Weekend,24,0,3,0.0,TruncGMM(K=3),Weibull,TruncGMM(K=3),TruncGMM(K=3),20
TRO_R_AdO3-2,Weekend,1,7,2,0.1373,TruncGMM(K=3),LogNormal,TruncGMM(K=2),TruncGMM(K=2),7
TRO_R_AdO3-2,Weekend,2,4,2,0.0784,TruncGMM(K=3),LogNormal,TruncGMM(K=2),TruncGMM(K=2),20
TRO_R_AdO3-2,Weekend,3,1,2,0.0196,TruncGMM(K=3),LogNormal,TruncGMM(K=2),TruncGMM(K=2),20
TRO_R_AdO3-2,Weekend,4,0,2,0.0,TruncGMM(K=3),LogNormal,TruncGMM(K=2),TruncGMM(K=2),20
TRO_R_AdO3-2,Weekend,5,0,2,0.0,TruncGMM(K=3),LogNormal,TruncGMM(K=2),TruncGMM(K=2),20
TRO_R_AdO3-2,Weekend,6,0,2,0.0,TruncGMM(K=3),LogNormal,TruncGMM(K=2),TruncGMM(K=2),20
TRO_R_AdO3-2,Weekend,7,0,2,0.0,TruncGMM(K=3),LogNormal,TruncGMM(K=2),TruncGMM(K=2),20
TRO_R_AdO3-2,Weekend,8,0,2,0.0,TruncGMM(K=3),LogNormal,TruncGMM(K=2),TruncGMM(K=2),20
TRO_R_AdO3-2,Weekend,9,0,2,0.0,TruncGMM(K=3),LogNormal,TruncGMM(K=2),TruncGMM(K=2),20
TRO_R_AdO3-2,Weekend,10,0,2,0.0,TruncGMM(K=3),LogNormal,TruncGMM(K=2),TruncGMM(K=2),20
TRO_R_AdO3-2,Weekend,11,0,2,0.0,TruncGMM(K=3),LogNormal,TruncGMM(K=2),TruncGMM(K=2),20
TRO_R_AdO3-2,Weekend,12,1,2,0.0196,TruncGMM(K=3),LogNormal,TruncGMM(K=2),TruncGMM(K=2),20
TRO_R_AdO3-2,Weekend,13,1,2,0.0196,TruncGMM(K=3),LogNormal,TruncGMM(K=2),TruncGMM(K=2),20
TRO_R_AdO3-2,Weekend,14,1,2,0.0196,TruncGMM(K=3),LogNormal,TruncGMM(K=2),TruncGMM(K=2),20
TRO_R_AdO3-2,Weekend,15,2,2,0.0392,TruncGMM(K=3),LogNormal,TruncGMM(K=2),TruncGMM(K=2),20
TRO_R_AdO3-2,Weekend,16,3,2,0.0588,TruncGMM(K=3),LogNormal,TruncGMM(K=2),TruncGMM(K=2),20
TRO_R_AdO3-2,Weekend,17,10,2,0.1961,TruncGMM(K=3),LogNormal,TruncGMM(K=2),TruncGMM(K=2),10
TRO_R_AdO3-2,Weekend,18,4,2,0.0784,TruncGMM(K=3),LogNormal,TruncGMM(K=2),TruncGMM(K=2),20
TRO_R_AdO3-2,Weekend,19,6,2,0.1176,TruncGMM(K=3),LogNormal,TruncGMM(K=2),TruncGMM(K=2),6
TRO_R_AdO3-2,Weekend,20,4,2,0.0784,TruncGMM(K=3),LogNormal,TruncGMM(K=2),TruncGMM(K=2),20
TRO_R_AdO3-2,Weekend,21,0,2,0.0,TruncGMM(K=3),LogNormal,TruncGMM(K=2),TruncGMM(K=2),20
TRO_R_AdO3-2,Weekend,22,2,2,0.0392,TruncGMM(K=3),LogNormal,TruncGMM(K=2),TruncGMM(K=2),20
TRO_R_AdO3-2,Weekend,23,3,2,0.0588,TruncGMM(K=3),LogNormal,TruncGMM(K=2),TruncGMM(K=2),20
TRO_R_AdO3-2,Weekend,24,2,2,0.0392,TruncGMM(K=3),LogNormal,TruncGMM(K=2),TruncGMM(K=2),20
OSL_T_30,Weekday,1,1,2,0.0081,TruncGMM(K=3),Weibull,TruncGMM(K=2),TruncGMM(K=1),20
OSL_T_30,Weekday,2,0,2,0.0,TruncGMM(K=3),Weibull,TruncGMM(K=2),TruncGMM(K=1),20
OSL_T_30,Weekday,3,0,2,0.0,TruncGMM(K=3),Weibull,TruncGMM(K=2),TruncGMM(K=1),20
OSL_T_30,Weekday,4,0,2,0.0,TruncGMM(K=3),Weibull,TruncGMM(K=2),TruncGMM(K=1),20
OSL_T_30,Weekday,5,0,2,0.0,TruncGMM(K=3),Weibull,TruncGMM(K=2),TruncGMM(K=1),20
OSL_T_30,Weekday,6,0,2,0.0,TruncGMM(K=3),Weibull,TruncGMM(K=2),TruncGMM(K=1),20
OSL_T_30,Weekday,7,3,2,0.0242,TruncGMM(K=3),Weibull,TruncGMM(K=2),TruncGMM(K=1),20
OSL_T_30,Weekday,8,0,2,0.0,TruncGMM(K=3),Weibull,TruncGMM(K=2),TruncGMM(K=1),20
OSL_T_30,Weekday,9,1,2,0.0081,TruncGMM(K=3),Weibull,TruncGMM(K=2),TruncGMM(K=1),20
OSL_T_30,Weekday,10,2,2,0.0161,TruncGMM(K=3),Weibull,TruncGMM(K=2),TruncGMM(K=1),20
OSL_T_30,Weekday,11,6,2,0.0484,TruncGMM(K=3),Weibull,TruncGMM(K=2),TruncGMM(K=1),6
OSL_T_30,Weekday,12,10,2,0.0806,TruncGMM(K=3),Weibull,TruncGMM(K=2),TruncGMM(K=1),10
OSL_T_30,Weekday,13,10,2,0.0806,TruncGMM(K=3),Weibull,TruncGMM(K=2),TruncGMM(K=1),10
OSL_T_30,Weekday,14,8,2,0.0645,TruncGMM(K=3),Weibull,TruncGMM(K=2),TruncGMM(K=1),8
OSL_T_30,Weekday,15,13,2,0.1048,TruncGMM(K=3),Weibull,TruncGMM(K=2),TruncGMM(K=1),13
OSL_T_30,Weekday,16,17,1,0.1371,Exponential,Weibull,TruncGMM(K=3),TruncGMM(K=2),17
OSL_T_30,Weekday,17,5,2,0.0403,TruncGMM(K=3),Weibull,TruncGMM(K=2),TruncGMM(K=1),5
OSL_T_30,Weekday,18,8,2,0.0645,TruncGMM(K=3),Weibull,TruncGMM(K=2),TruncGMM(K=1),8
OSL_T_30,Weekday,19,12,2,0.0968,TruncGMM(K=3),Weibull,TruncGMM(K=2),TruncGMM(K=1),12
OSL_T_30,Weekday,20,4,2,0.0323,TruncGMM(K=3),Weibull,TruncGMM(K=2),TruncGMM(K=1),20
OSL_T_30,Weekday,21,7,2,0.0565,TruncGMM(K=3),Weibull,TruncGMM(K=2),TruncGMM(K=1),7
OSL_T_30,Weekday,22,6,2,0.0484,TruncGMM(K=3),Weibull,TruncGMM(K=2),TruncGMM(K=1),6
OSL_T_30,Weekday,23,8,2,0.0645,TruncGMM(K=3),Weibull,TruncGMM(K=2),TruncGMM(K=1),8
OSL_T_30,Weekday,24,3,2,0.0242,TruncGMM(K=3),Weibull,TruncGMM(K=2),TruncGMM(K=1),20
OSL_T_76,Weekday,1,3,2,0.0313,TruncGMM(K=3),Exponential,TruncGMM(K=2),TruncGMM(K=4),20
OSL_T_76,Weekday,2,2,2,0.0208,TruncGMM(K=3),Exponential,TruncGMM(K=2),TruncGMM(K=4),20
OSL_T_76,Weekday,3,2,2,0.0208,TruncGMM(K=3),Exponential,TruncGMM(K=2),TruncGMM(K=4),20
OSL_T_76,Weekday,4,1,2,0.0104,TruncGMM(K=3),Exponential,TruncGMM(K=2),TruncGMM(K=4),20
OSL_T_76,Weekday,5,0,2,0.0,TruncGMM(K=3),Exponential,TruncGMM(K=2),TruncGMM(K=4),20
OSL_T_76,Weekday,6,0,2,0.0,TruncGMM(K=3),Exponential,TruncGMM(K=2),TruncGMM(K=4),20
OSL_T_76,Weekday,7,0,2,0.0,TruncGMM(K=3),Exponential,TruncGMM(K=2),TruncGMM(K=4),20
OSL_T_76,Weekday,8,0,2,0.0,TruncGMM(K=3),Exponential,TruncGMM(K=2),TruncGMM(K=4),20
OSL_T_76,Weekday,9,0,2,0.0,TruncGMM(K=3),Exponential,TruncGMM(K=2),TruncGMM(K=4),20
OSL_T_76,Weekday,10,2,2,0.0208,TruncGMM(K=3),Exponential,TruncGMM(K=2),TruncGMM(K=4),20
OSL_T_76,Weekday,11,6,2,0.0625,TruncGMM(K=3),Exponential,TruncGMM(K=2),TruncGMM(K=4),6
OSL_T_76,Weekday,12,2,2,0.0208,TruncGMM(K=3),Exponential,TruncGMM(K=2),TruncGMM(K=4),20
OSL_T_76,Weekday,13,0,2,0.0,TruncGMM(K=3),Exponential,TruncGMM(K=2),TruncGMM(K=4),20
OSL_T_76,Weekday,14,1,2,0.0104,TruncGMM(K=3),Exponential,TruncGMM(K=2),TruncGMM(K=4),20
OSL_T_76,Weekday,15,9,2,0.0937,TruncGMM(K=3),Exponential,TruncGMM(K=2),TruncGMM(K=4),9
OSL_T_76,Weekday,16,2,2,0.0208,TruncGMM(K=3),Exponential,TruncGMM(K=2),TruncGMM(K=4),20
OSL_T_76,Weekday,17,1,2,0.0104,TruncGMM(K=3),Exponential,TruncGMM(K=2),TruncGMM(K=4),20
OSL_T_76,Weekday,18,9,2,0.0937,TruncGMM(K=3),Exponential,TruncGMM(K=2),TruncGMM(K=4),9
OSL_T_76,Weekday,19,18,1,0.1875,Weibull,Exponential,TruncGMM(K=2),TruncGMM(K=2),18
OSL_T_76,Weekday,20,13,2,0.1354,TruncGMM(K=3),Exponential,TruncGMM(K=2),TruncGMM(K=4),13
OSL_T_76,Weekday,21,12,2,0.125,TruncGMM(K=3),Exponential,TruncGMM(K=2),TruncGMM(K=4),12
OSL_T_76,Weekday,22,10,2,0.1042,TruncGMM(K=3),Exponential,TruncGMM(K=2),TruncGMM(K=4),10
OSL_T_76,Weekday,23,2,2,0.0208,TruncGMM(K=3),Exponential,TruncGMM(K=2),TruncGMM(K=4),20
OSL_T_76,Weekday,24,1,2,0.0104,TruncGMM(K=3),Exponential,TruncGMM(K=2),TruncGMM(K=4),20
OSL_S_KT169,Weekend,1,0,2,0.0,LogNormal,TruncGMM(K=2),TruncGMM(K=3),TruncGMM(K=2),20
OSL_S_KT169,Weekend,2,0,2,0.0,LogNormal,TruncGMM(K=2),TruncGMM(K=3),TruncGMM(K=2),20
OSL_S_KT169,Weekend,3,0,2,0.0,LogNormal,TruncGMM(K=2),TruncGMM(K=3),TruncGMM(K=2),20
OSL_S_KT169,Weekend,4,0,2,0.0,LogNormal,TruncGMM(K=2),TruncGMM(K=3),TruncGMM(K=2),20
OSL_S_KT169,Weekend,5,0,2,0.0,LogNormal,TruncGMM(K=2),TruncGMM(K=3),TruncGMM(K=2),20
OSL_S_KT169,Weekend,6,0,2,0.0,LogNormal,TruncGMM(K=2),TruncGMM(K=3),TruncGMM(K=2),20
OSL_S_KT169,Weekend,7,0,2,0.0,LogNormal,TruncGMM(K=2),TruncGMM(K=3),TruncGMM(K=2),20
OSL_S_KT169,Weekend,8,0,2,0.0,LogNormal,TruncGMM(K=2),TruncGMM(K=3),TruncGMM(K=2),20
OSL_S_KT169,Weekend,9,0,2,0.0,LogNormal,TruncGMM(K=2),TruncGMM(K=3),TruncGMM(K=2),20
OSL_S_KT169,Weekend,10,2,2,0.025,LogNormal,TruncGMM(K=2),TruncGMM(K=3),TruncGMM(K=2),20
OSL_S_KT169,Weekend,11,0,2,0.0,LogNormal,TruncGMM(K=2),TruncGMM(K=3),TruncGMM(K=2),20
OSL_S_KT169,Weekend,12,0,2,0.0,LogNormal,TruncGMM(K=2),TruncGMM(K=3),TruncGMM(K=2),20
OSL_S_KT169,Weekend,13,0,2,0.0,LogNormal,TruncGMM(K=2),TruncGMM(K=3),TruncGMM(K=2),20
OSL_S_KT169,Weekend,14,11,2,0.1375,LogNormal,TruncGMM(K=2),TruncGMM(K=3),TruncGMM(K=2),11
OSL_S_KT169,Weekend,15,12,2,0.15,LogNormal,TruncGMM(K=2),TruncGMM(K=3),TruncGMM(K=2),12
OSL_S_KT169,Weekend,16,5,2,0.0625,LogNormal,TruncGMM(K=2),TruncGMM(K=3),TruncGMM(K=2),5
OSL_S_KT169,Weekend,17,5,2,0.0625,LogNormal,TruncGMM(K=2),TruncGMM(K=3),TruncGMM(K=2),5
OSL_S_KT169,Weekend,18,3,2,0.0375,LogNormal,TruncGMM(K=2),TruncGMM(K=3),TruncGMM(K=2),20
OSL_S_KT169,Weekend,19,5,2,0.0625,LogNormal,TruncGMM(K=2),TruncGMM(K=3),TruncGMM(K=2),5
OSL_S_KT169,Weekend,20,21,1,0.2625,LogNormal,TruncGMM(K=2),LogNormal,TruncGMM(K=3),21
OSL_S_KT169,Weekend,21,13,2,0.1625,LogNormal,TruncGMM(K=2),TruncGMM(K=3),TruncGMM(K=2),13
OSL_S_KT169,Weekend,22,2,2,0.025,LogNormal,TruncGMM(K=2),TruncGMM(K=3),TruncGMM(K=2),20
OSL_S_KT169,Weekend,23,1,2,0.0125,LogNormal,TruncGMM(K=2),TruncGMM(K=3),TruncGMM(K=2),20
OSL_S_KT169,Weekend,24,0,2,0.0,LogNormal,TruncGMM(K=2),TruncGMM(K=3),TruncGMM(K=2),20
PS_5679,Weekend,1,0,2,0.0,LogNormal,Exponential,LogNormal,TruncGMM(K=1),20
PS_5679,Weekend,2,0,2,0.0,LogNormal,Exponential,LogNormal,TruncGMM(K=1),20
PS_5679,Weekend,3,0,2,0.0,LogNormal,Exponential,LogNormal,TruncGMM(K=1),20
PS_5679,Weekend,4,0,2,0.0,LogNormal,Exponential,LogNormal,TruncGMM(K=1),20
PS_5679,Weekend,5,1,2,0.0357,LogNormal,Exponential,LogNormal,TruncGMM(K=1),20
PS_5679,Weekend,6,0,2,0.0,LogNormal,Exponential,LogNormal,TruncGMM(K=1),20
PS_5679,Weekend,7,0,2,0.0,LogNormal,Exponential,LogNormal,TruncGMM(K=1),20
PS_5679,Weekend,8,0,2,0.0,LogNormal,Exponential,LogNormal,TruncGMM(K=1),20
PS_5679,Weekend,9,0,2,0.0,LogNormal,Exponential,LogNormal,TruncGMM(K=1),20
PS_5679,Weekend,10,1,2,0.0357,LogNormal,Exponential,LogNormal,TruncGMM(K=1),20
PS_5679,Weekend,11,1,2,0.0357,LogNormal,Exponential,LogNormal,TruncGMM(K=1),20
PS_5679,Weekend,12,4,2,0.1428,LogNormal,Exponential,LogNormal,TruncGMM(K=1),20
PS_5679,Weekend,13,2,2,0.0714,LogNormal,Exponential,LogNormal,TruncGMM(K=1),20
PS_5679,Weekend,14,2,2,0.0714,LogNormal,Exponential,LogNormal,TruncGMM(K=1),20
PS_5679,Weekend,15,2,2,0.0714,LogNormal,Exponential,LogNormal,TruncGMM(K=1),20
PS_5679,Weekend,16,5,2,0.1786,LogNormal,Exponential,LogNormal,TruncGMM(K=1),5
PS_5679,Weekend,17,3,2,0.1071,LogNormal,Exponential,LogNormal,TruncGMM(K=1),20
PS_5679,Weekend,18,0,2,0.0,LogNormal,Exponential,LogNormal,TruncGMM(K=1),20
PS_5679,Weekend,19,1,2,0.0357,LogNormal,Exponential,LogNormal,TruncGMM(K=1),20
PS_5679,Weekend,20,2,2,0.0714,LogNormal,Exponential,LogNormal,TruncGMM(K=1),20
PS_5679,Weekend,21,4,2,0.1428,LogNormal,Exponential,LogNormal,TruncGMM(K=1),20
PS_5679,Weekend,22,0,2,0.0,LogNormal,Exponential,LogNormal,TruncGMM(K=1),20
PS_5679,Weekend,23,0,2,0.0,LogNormal,Exponential,LogNormal,TruncGMM(K=1),20
PS_5679,Weekend,24,0,2,0.0,LogNormal,Exponential,LogNormal,TruncGMM(K=1),20
KR_U109,Weekday,1,5,2,0.0794,TruncGMM(K=1),TruncGMM(K=6),TruncGMM(K=1),TruncGMM(K=4),5
KR_U109,Weekday,2,1,2,0.0159,TruncGMM(K=1),TruncGMM(K=6),TruncGMM(K=1),TruncGMM(K=4),20
KR_U109,Weekday,3,0,2,0.0,TruncGMM(K=1),TruncGMM(K=6),TruncGMM(K=1),TruncGMM(K=4),20
KR_U109,Weekday,4,0,2,0.0,TruncGMM(K=1),TruncGMM(K=6),TruncGMM(K=1),TruncGMM(K=4),20
KR_U109,Weekday,5,0,2,0.0,TruncGMM(K=1),TruncGMM(K=6),TruncGMM(K=1),TruncGMM(K=4),20
KR_U109,Weekday,6,1,2,0.0159,TruncGMM(K=1),TruncGMM(K=6),TruncGMM(K=1),TruncGMM(K=4),20
KR_U109,Weekday,7,0,2,0.0,TruncGMM(K=1),TruncGMM(K=6),TruncGMM(K=1),TruncGMM(K=4),20
KR_U109,Weekday,8,0,2,0.0,TruncGMM(K=1),TruncGMM(K=6),TruncGMM(K=1),TruncGMM(K=4),20
KR_U109,Weekday,9,1,2,0.0159,TruncGMM(K=1),TruncGMM(K=6),TruncGMM(K=1),TruncGMM(K=4),20
KR_U109,Weekday,10,0,2,0.0,TruncGMM(K=1),TruncGMM(K=6),TruncGMM(K=1),TruncGMM(K=4),20
KR_U109,Weekday,11,1,2,0.0159,TruncGMM(K=1),TruncGMM(K=6),TruncGMM(K=1),TruncGMM(K=4),20
KR_U109,Weekday,12,0,2,0.0,TruncGMM(K=1),TruncGMM(K=6),TruncGMM(K=1),TruncGMM(K=4),20
KR_U109,Weekday,13,0,2,0.0,TruncGMM(K=1),TruncGMM(K=6),TruncGMM(K=1),TruncGMM(K=4),20
KR_U109,Weekday,14,0,2,0.0,TruncGMM(K=1),TruncGMM(K=6),TruncGMM(K=1),TruncGMM(K=4),20
KR_U109,Weekday,15,0,2,0.0,TruncGMM(K=1),TruncGMM(K=6),TruncGMM(K=1),TruncGMM(K=4),20
KR_U109,Weekday,16,2,2,0.0317,TruncGMM(K=1),TruncGMM(K=6),TruncGMM(K=1),TruncGMM(K=4),20
KR_U109,Weekday,17,0,2,0.0,TruncGMM(K=1),TruncGMM(K=6),TruncGMM(K=1),TruncGMM(K=4),20
KR_U109,Weekday,18,0,2,0.0,TruncGMM(K=1),TruncGMM(K=6),TruncGMM(K=1),TruncGMM(K=4),20
KR_U109,Weekday,19,7,2,0.1111,TruncGMM(K=1),TruncGMM(K=6),TruncGMM(K=1),TruncGMM(K=4),7
KR_U109,Weekday,20,14,2,0.2222,TruncGMM(K=1),TruncGMM(K=6),TruncGMM(K=1),TruncGMM(K=4),14
KR_U109,Weekday,21,6,2,0.0952,TruncGMM(K=1),TruncGMM(K=6),TruncGMM(K=1),TruncGMM(K=4),6
KR_U109,Weekday,22,6,2,0.0952,TruncGMM(K=1),TruncGMM(K=6),TruncGMM(K=1),TruncGMM(K=4),6
KR_U109,Weekday,23,7,2,0.1111,TruncGMM(K=1),TruncGMM(K=6),TruncGMM(K=1),TruncGMM(K=4),7
KR_U109,Weekday,24,12,2,0.1905,TruncGMM(K=1),TruncGMM(K=6),TruncGMM(K=1),TruncGMM(K=4),12
TRO_R_Bl2-8,Weekday,1,0,2,0.0,TruncGMM(K=3),TruncGMM(K=4),TruncGMM(K=1),TruncGMM(K=2),20
TRO_R_Bl2-8,Weekday,2,1,2,0.0086,TruncGMM(K=3),TruncGMM(K=4),TruncGMM(K=1),TruncGMM(K=2),20
TRO_R_Bl2-8,Weekday,3,0,2,0.0,TruncGMM(K=3),TruncGMM(K=4),TruncGMM(K=1),TruncGMM(K=2),20
TRO_R_Bl2-8,Weekday,4,0,2,0.0,TruncGMM(K=3),TruncGMM(K=4),TruncGMM(K=1),TruncGMM(K=2),20
TRO_R_Bl2-8,Weekday,5,0,2,0.0,TruncGMM(K=3),TruncGMM(K=4),TruncGMM(K=1),TruncGMM(K=2),20
TRO_R_Bl2-8,Weekday,6,1,2,0.0086,TruncGMM(K=3),TruncGMM(K=4),TruncGMM(K=1),TruncGMM(K=2),20
TRO_R_Bl2-8,Weekday,7,0,2,0.0,TruncGMM(K=3),TruncGMM(K=4),TruncGMM(K=1),TruncGMM(K=2),20
TRO_R_Bl2-8,Weekday,8,0,2,0.0,TruncGMM(K=3),TruncGMM(K=4),TruncGMM(K=1),TruncGMM(K=2),20
TRO_R_Bl2-8,Weekday,9,0,2,0.0,TruncGMM(K=3),TruncGMM(K=4),TruncGMM(K=1),TruncGMM(K=2),20
TRO_R_Bl2-8,Weekday,10,1,2,0.0086,TruncGMM(K=3),TruncGMM(K=4),TruncGMM(K=1),TruncGMM(K=2),20
TRO_R_Bl2-8,Weekday,11,0,2,0.0,TruncGMM(K=3),TruncGMM(K=4),TruncGMM(K=1),TruncGMM(K=2),20
TRO_R_Bl2-8,Weekday,12,1,2,0.0086,TruncGMM(K=3),TruncGMM(K=4),TruncGMM(K=1),TruncGMM(K=2),20
TRO_R_Bl2-8,Weekday,13,2,2,0.0172,TruncGMM(K=3),TruncGMM(K=4),TruncGMM(K=1),TruncGMM(K=2),20
TRO_R_Bl2-8,Weekday,14,0,2,0.0,TruncGMM(K=3),TruncGMM(K=4),TruncGMM(K=1),TruncGMM(K=2),20
TRO_R_Bl2-8,Weekday,15,2,2,0.0172,TruncGMM(K=3),TruncGMM(K=4),TruncGMM(K=1),TruncGMM(K=2),20
TRO_R_Bl2-8,Weekday,16,4,2,0.0345,TruncGMM(K=3),TruncGMM(K=4),TruncGMM(K=1),TruncGMM(K=2),20
TRO_R_Bl2-8,Weekday,17,37,1,0.319,TruncGMM(K=2),Exponential,Weibull,TruncGMM(K=2),37
TRO_R_Bl2-8,Weekday,18,26,1,0.2241,Exponential,Exponential,TruncGMM(K=1),TruncGMM(K=2),26
TRO_R_Bl2-8,Weekday,19,12,2,0.1034,TruncGMM(K=3),TruncGMM(K=4),TruncGMM(K=1),TruncGMM(K=2),12
TRO_R_Bl2-8,Weekday,20,6,2,0.0517,TruncGMM(K=3),TruncGMM(K=4),TruncGMM(K=1),TruncGMM(K=2),6
TRO_R_Bl2-8,Weekday,21,9,2,0.0776,TruncGMM(K=3),TruncGMM(K=4),TruncGMM(K=1),TruncGMM(K=2),9
TRO_R_Bl2-8,Weekday,22,4,2,0.0345,TruncGMM(K=3),TruncGMM(K=4),TruncGMM(K=1),TruncGMM(K=2),20
TRO_R_Bl2-8,Weekday,23,1,2,0.0086,TruncGMM(K=3),TruncGMM(K=4),TruncGMM(K=1),TruncGMM(K=2),20
TRO_R_Bl2-8,Weekday,24,9,2,0.0776,TruncGMM(K=3),TruncGMM(K=4),TruncGMM(K=1),TruncGMM(K=2),9
KR_U106,Weekend,1,0,2,0.0,Weibull,Exponential,TruncGMM(K=1),TruncGMM(K=1),20
KR_U106,Weekend,2,0,2,0.0,Weibull,Exponential,TruncGMM(K=1),TruncGMM(K=1),20
KR_U106,Weekend,3,0,2,0.0,Weibull,Exponential,TruncGMM(K=1),TruncGMM(K=1),20
KR_U106,Weekend,4,0,2,0.0,Weibull,Exponential,TruncGMM(K=1),TruncGMM(K=1),20
KR_U106,Weekend,5,0,2,0.0,Weibull,Exponential,TruncGMM(K=1),TruncGMM(K=1),20
KR_U106,Weekend,6,0,2,0.0,Weibull,Exponential,TruncGMM(K=1),TruncGMM(K=1),20
KR_U106,Weekend,7,1,2,0.0217,Weibull,Exponential,TruncGMM(K=1),TruncGMM(K=1),20
KR_U106,Weekend,8,0,2,0.0,Weibull,Exponential,TruncGMM(K=1),TruncGMM(K=1),20
KR_U106,Weekend,9,0,2,0.0,Weibull,Exponential,TruncGMM(K=1),TruncGMM(K=1),20
KR_U106,Weekend,10,0,2,0.0,Weibull,Exponential,TruncGMM(K=1),TruncGMM(K=1),20
KR_U106,Weekend,11,1,2,0.0217,Weibull,Exponential,TruncGMM(K=1),TruncGMM(K=1),20
KR_U106,Weekend,12,1,2,0.0217,Weibull,Exponential,TruncGMM(K=1),TruncGMM(K=1),20
KR_U106,Weekend,13,2,2,0.0435,Weibull,Exponential,TruncGMM(K=1),TruncGMM(K=1),20
KR_U106,Weekend,14,4,2,0.087,Weibull,Exponential,TruncGMM(K=1),TruncGMM(K=1),20
KR_U106,Weekend,15,4,2,0.087,Weibull,Exponential,TruncGMM(K=1),TruncGMM(K=1),20
KR_U106,Weekend,16,8,2,0.1739,Weibull,Exponential,TruncGMM(K=1),TruncGMM(K=1),8
KR_U106,Weekend,17,6,2,0.1304,Weibull,Exponential,TruncGMM(K=1),TruncGMM(K=1),6
KR_U106,Weekend,18,5,2,0.1087,Weibull,Exponential,TruncGMM(K=1),TruncGMM(K=1),5
KR_U106,Weekend,19,4,2,0.087,Weibull,Exponential,TruncGMM(K=1),TruncGMM(K=1),20
KR_U106,Weekend,20,5,2,0.1087,Weibull,Exponential,TruncGMM(K=1),TruncGMM(K=1),5
KR_U106,Weekend,21,3,2,0.0652,Weibull,Exponential,TruncGMM(K=1),TruncGMM(K=1),20
KR_U106,Weekend,22,0,2,0.0,Weibull,Exponential,TruncGMM(K=1),TruncGMM(K=1),20
KR_U106,Weekend,23,1,2,0.0217,Weibull,Exponential,TruncGMM(K=1),TruncGMM(K=1),20
KR_U106,Weekend,24,1,2,0.0217,Weibull,Exponential,TruncGMM(K=1),TruncGMM(K=1),20
BAR_2_Plass14,Weekend,1,4,2,0.1,TruncGMM(K=2),Exponential,TruncGMM(K=1),TruncGMM(K=5),20
BAR_2_Plass14,Weekend,2,0,2,0.0,TruncGMM(K=2),Exponential,TruncGMM(K=1),TruncGMM(K=5),20
BAR_2_Plass14,Weekend,3,0,2,0.0,TruncGMM(K=2),Exponential,TruncGMM(K=1),TruncGMM(K=5),20
BAR_2_Plass14,Weekend,4,0,2,0.0,TruncGMM(K=2),Exponential,TruncGMM(K=1),TruncGMM(K=5),20
BAR_2_Plass14,Weekend,5,0,2,0.0,TruncGMM(K=2),Exponential,TruncGMM(K=1),TruncGMM(K=5),20
BAR_2_Plass14,Weekend,6,0,2,0.0,TruncGMM(K=2),Exponential,TruncGMM(K=1),TruncGMM(K=5),20
BAR_2_Plass14,Weekend,7,0,2,0.0,TruncGMM(K=2),Exponential,TruncGMM(K=1),TruncGMM(K=5),20
BAR_2_Plass14,Weekend,8,1,2,0.025,TruncGMM(K=2),Exponential,TruncGMM(K=1),TruncGMM(K=5),20
BAR_2_Plass14,Weekend,9,0,2,0.0,TruncGMM(K=2),Exponential,TruncGMM(K=1),TruncGMM(K=5),20
BAR_2_Plass14,Weekend,10,2,2,0.05,TruncGMM(K=2),Exponential,TruncGMM(K=1),TruncGMM(K=5),20
BAR_2_Plass14,Weekend,11,0,2,0.0,TruncGMM(K=2),Exponential,TruncGMM(K=1),TruncGMM(K=5),20
BAR_2_Plass14,Weekend,12,0,2,0.0,TruncGMM(K=2),Exponential,TruncGMM(K=1),TruncGMM(K=5),20
BAR_2_Plass14,Weekend,13,0,2,0.0,TruncGMM(K=2),Exponential,TruncGMM(K=1),TruncGMM(K=5),20
BAR_2_Plass14,Weekend,14,1,2,0.025,TruncGMM(K=2),Exponential,TruncGMM(K=1),TruncGMM(K=5),20
BAR_2_Plass14,Weekend,15,0,2,0.0,TruncGMM(K=2),Exponential,TruncGMM(K=1),TruncGMM(K=5),20
BAR_2_Plass14,Weekend,16,1,2,0.025,TruncGMM(K=2),Exponential,TruncGMM(K=1),TruncGMM(K=5),20
BAR_2_Plass14,Weekend,17,4,2,0.1,TruncGMM(K=2),Exponential,TruncGMM(K=1),TruncGMM(K=5),20
BAR_2_Plass14,Weekend,18,1,2,0.025,TruncGMM(K=2),Exponential,TruncGMM(K=1),TruncGMM(K=5),20
BAR_2_Plass14,Weekend,19,8,2,0.2,TruncGMM(K=2),Exponential,TruncGMM(K=1),TruncGMM(K=5),8
BAR_2_Plass14,Weekend,20,4,2,0.1,TruncGMM(K=2),Exponential,TruncGMM(K=1),TruncGMM(K=5),20
BAR_2_Plass14,Weekend,21,5,2,0.125,TruncGMM(K=2),Exponential,TruncGMM(K=1),TruncGMM(K=5),5
BAR_2_Plass14,Weekend,22,2,2,0.05,TruncGMM(K=2),Exponential,TruncGMM(K=1),TruncGMM(K=5),20
BAR_2_Plass14,Weekend,23,7,2,0.175,TruncGMM(K=2),Exponential,TruncGMM(K=1),TruncGMM(K=5),7
BAR_2_Plass14,Weekend,24,0,2,0.0,TruncGMM(K=2),Exponential,TruncGMM(K=1),TruncGMM(K=5),20
KR_U1629,Weekend,1,0,3,0.0,TruncGMM(K=3),Weibull,TruncGMM(K=3),TruncGMM(K=3),20
KR_U1629,Weekend,2,0,3,0.0,TruncGMM(K=3),Weibull,TruncGMM(K=3),TruncGMM(K=3),20
KR_U1629,Weekend,3,0,3,0.0,TruncGMM(K=3),Weibull,TruncGMM(K=3),TruncGMM(K=3),20
KR_U1629,Weekend,4,0,3,0.0,TruncGMM(K=3),Weibull,TruncGMM(K=3),TruncGMM(K=3),20
KR_U1629,Weekend,5,0,3,0.0,TruncGMM(K=3),Weibull,TruncGMM(K=3),TruncGMM(K=3),20
KR_U1629,Weekend,6,0,3,0.0,TruncGMM(K=3),Weibull,TruncGMM(K=3),TruncGMM(K=3),20
KR_U1629,Weekend,7,0,3,0.0,TruncGMM(K=3),Weibull,TruncGMM(K=3),TruncGMM(K=3),20
KR_U1629,Weekend,8,0,3,0.0,TruncGMM(K=3),Weibull,TruncGMM(K=3),TruncGMM(K=3),20
KR_U1629,Weekend,9,0,3,0.0,TruncGMM(K=3),Weibull,TruncGMM(K=3),TruncGMM(K=3),20
KR_U1629,Weekend,10,1,3,0.1428,TruncGMM(K=3),Weibull,TruncGMM(K=3),TruncGMM(K=3),20
KR_U1629,Weekend,11,0,3,0.0,TruncGMM(K=3),Weibull,TruncGMM(K=3),TruncGMM(K=3),20
KR_U1629,Weekend,12,0,3,0.0,TruncGMM(K=3),Weibull,TruncGMM(K=3),TruncGMM(K=3),20
KR_U1629,Weekend,13,1,3,0.1428,TruncGMM(K=3),Weibull,TruncGMM(K=3),TruncGMM(K=3),20
KR_U1629,Weekend,14,0,3,0.0,TruncGMM(K=3),Weibull,TruncGMM(K=3),TruncGMM(K=3),20
KR_U1629,Weekend,15,0,3,0.0,TruncGMM(K=3),Weibull,TruncGMM(K=3),TruncGMM(K=3),20
KR_U1629,Weekend,16,3,3,0.4284,TruncGMM(K=3),Weibull,TruncGMM(K=3),TruncGMM(K=3),20
KR_U1629,Weekend,17,1,3,0.1428,TruncGMM(K=3),Weibull,TruncGMM(K=3),TruncGMM(K=3),20
KR_U1629,Weekend,18,0,3,0.0,TruncGMM(K=3),Weibull,TruncGMM(K=3),TruncGMM(K=3),20
KR_U1629,Weekend,19,0,3,0.0,TruncGMM(K=3),Weibull,TruncGMM(K=3),TruncGMM(K=3),20
KR_U1629,Weekend,20,0,3,0.0,TruncGMM(K=3),Weibull,TruncGMM(K=3),TruncGMM(K=3),20
KR_U1629,Weekend,21,0,3,0.0,TruncGMM(K=3),Weibull,TruncGMM(K=3),TruncGMM(K=3),20
KR_U1629,Weekend,22,0,3,0.0,TruncGMM(K=3),Weibull,TruncGMM(K=3),TruncGMM(K=3),20
KR_U1629,Weekend,23,0,3,0.0,TruncGMM(K=3),Weibull,TruncGMM(K=3),TruncGMM(K=3),20
KR_U1629,Weekend,24,1,3,0.1428,TruncGMM(K=3),Weibull,TruncGMM(K=3),TruncGMM(K=3),20
KR_U42,Weekend,1,0,2,0.0,TruncGMM(K=1),Exponential,TruncGMM(K=3),LogNormal,20
KR_U42,Weekend,2,0,2,0.0,TruncGMM(K=1),Exponential,TruncGMM(K=3),LogNormal,20
KR_U42,Weekend,3,0,2,0.0,TruncGMM(K=1),Exponential,TruncGMM(K=3),LogNormal,20
KR_U42,Weekend,4,0,2,0.0,TruncGMM(K=1),Exponential,TruncGMM(K=3),LogNormal,20
KR_U42,Weekend,5,0,2,0.0,TruncGMM(K=1),Exponential,TruncGMM(K=3),LogNormal,20
KR_U42,Weekend,6,0,2,0.0,TruncGMM(K=1),Exponential,TruncGMM(K=3),LogNormal,20
KR_U42,Weekend,7,0,2,0.0,TruncGMM(K=1),Exponential,TruncGMM(K=3),LogNormal,20
KR_U42,Weekend,8,0,2,0.0,TruncGMM(K=1),Exponential,TruncGMM(K=3),LogNormal,20
KR_U42,Weekend,9,2,2,0.1111,TruncGMM(K=1),Exponential,TruncGMM(K=3),LogNormal,20
KR_U42,Weekend,10,1,2,0.0556,TruncGMM(K=1),Exponential,TruncGMM(K=3),LogNormal,20
KR_U42,Weekend,11,2,2,0.1111,TruncGMM(K=1),Exponential,TruncGMM(K=3),LogNormal,20
KR_U42,Weekend,12,3,2,0.1667,TruncGMM(K=1),Exponential,TruncGMM(K=3),LogNormal,20
KR_U42,Weekend,13,2,2,0.1111,TruncGMM(K=1),Exponential,TruncGMM(K=3),LogNormal,20
KR_U42,Weekend,14,1,2,0.0556,TruncGMM(K=1),Exponential,TruncGMM(K=3),LogNormal,20
KR_U42,Weekend,15,2,2,0.1111,TruncGMM(K=1),Exponential,TruncGMM(K=3),LogNormal,20
KR_U42,Weekend,16,0,2,0.0,TruncGMM(K=1),Exponential,TruncGMM(K=3),LogNormal,20
KR_U42,Weekend,17,1,2,0.0556,TruncGMM(K=1),Exponential,TruncGMM(K=3),LogNormal,20
KR_U42,Weekend,18,0,2,0.0,TruncGMM(K=1),Exponential,TruncGMM(K=3),LogNormal,20
KR_U42,Weekend,19,2,2,0.1111,TruncGMM(K=1),Exponential,TruncGMM(K=3),LogNormal,20
KR_U42,Weekend,20,0,2,0.0,TruncGMM(K=1),Exponential,TruncGMM(K=3),LogNormal,20
KR_U42,Weekend,21,0,2,0.0,TruncGMM(K=1),Exponential,TruncGMM(K=3),LogNormal,20
KR_U42,Weekend,22,1,2,0.0556,TruncGMM(K=1),Exponential,TruncGMM(K=3),LogNormal,20
KR_U42,Weekend,23,1,2,0.0556,TruncGMM(K=1),Exponential,TruncGMM(K=3),LogNormal,20
KR_U42,Weekend,24,0,2,0.0,TruncGMM(K=1),Exponential,TruncGMM(K=3),LogNormal,20
OSL_T_50,Weekday,1,0,2,0.0,TruncGMM(K=2),TruncGMM(K=3),TruncGMM(K=3),TruncGMM(K=3),20
OSL_T_50,Weekday,2,1,2,0.0074,TruncGMM(K=2),TruncGMM(K=3),TruncGMM(K=3),TruncGMM(K=3),20
OSL_T_50,Weekday,3,0,2,0.0,TruncGMM(K=2),TruncGMM(K=3),TruncGMM(K=3),TruncGMM(K=3),20
OSL_T_50,Weekday,4,0,2,0.0,TruncGMM(K=2),TruncGMM(K=3),TruncGMM(K=3),TruncGMM(K=3),20
OSL_T_50,Weekday,5,0,2,0.0,TruncGMM(K=2),TruncGMM(K=3),TruncGMM(K=3),TruncGMM(K=3),20
OSL_T_50,Weekday,6,0,2,0.0,TruncGMM(K=2),TruncGMM(K=3),TruncGMM(K=3),TruncGMM(K=3),20
OSL_T_50,Weekday,7,0,2,0.0,TruncGMM(K=2),TruncGMM(K=3),TruncGMM(K=3),TruncGMM(K=3),20
OSL_T_50,Weekday,8,0,2,0.0,TruncGMM(K=2),TruncGMM(K=3),TruncGMM(K=3),TruncGMM(K=3),20
OSL_T_50,Weekday,9,0,2,0.0,TruncGMM(K=2),TruncGMM(K=3),TruncGMM(K=3),TruncGMM(K=3),20
OSL_T_50,Weekday,10,0,2,0.0,TruncGMM(K=2),TruncGMM(K=3),TruncGMM(K=3),TruncGMM(K=3),20
OSL_T_50,Weekday,11,0,2,0.0,TruncGMM(K=2),TruncGMM(K=3),TruncGMM(K=3),TruncGMM(K=3),20
OSL_T_50,Weekday,12,0,2,0.0,TruncGMM(K=2),TruncGMM(K=3),TruncGMM(K=3),TruncGMM(K=3),20
OSL_T_50,Weekday,13,2,2,0.0147,TruncGMM(K=2),TruncGMM(K=3),TruncGMM(K=3),TruncGMM(K=3),20
OSL_T_50,Weekday,14,13,2,0.0956,TruncGMM(K=2),TruncGMM(K=3),TruncGMM(K=3),TruncGMM(K=3),13
OSL_T_50,Weekday,15,7,2,0.0515,TruncGMM(K=2),TruncGMM(K=3),TruncGMM(K=3),TruncGMM(K=3),7
OSL_T_50,Weekday,16,5,2,0.0368,TruncGMM(K=2),TruncGMM(K=3),TruncGMM(K=3),TruncGMM(K=3),5
OSL_T_50,Weekday,17,43,1,0.3162,TruncGMM(K=3),TruncGMM(K=2),LogNormal,Weibull,43
OSL_T_50,Weekday,18,36,1,0.2647,TruncGMM(K=2),Exponential,TruncGMM(K=1),TruncGMM(K=2),36
OSL_T_50,Weekday,19,12,2,0.0882,TruncGMM(K=2),TruncGMM(K=3),TruncGMM(K=3),TruncGMM(K=3),12
OSL_T_50,Weekday,20,6,2,0.0441,TruncGMM(K=2),TruncGMM(K=3),TruncGMM(K=3),TruncGMM(K=3),6
OSL_T_50,Weekday,21,3,2,0.0221,TruncGMM(K=2),TruncGMM(K=3),TruncGMM(K=3),TruncGMM(K=3),20
OSL_T_50,Weekday,22,2,2,0.0147,TruncGMM(K=2),TruncGMM(K=3),TruncGMM(K=3),TruncGMM(K=3),20
OSL_T_50,Weekday,23,3,2,0.0221,TruncGMM(K=2),TruncGMM(K=3),TruncGMM(K=3),TruncGMM(K=3),20
OSL_T_50,Weekday,24,3,2,0.0221,TruncGMM(K=2),TruncGMM(K=3),TruncGMM(K=3),TruncGMM(K=3),20
TRO_R_AsO4-2,Weekday,1,0,2,0.0,TruncGMM(K=3),TruncGMM(K=4),TruncGMM(K=1),TruncGMM(K=2),20
TRO_R_AsO4-2,Weekday,2,0,2,0.0,TruncGMM(K=3),TruncGMM(K=4),TruncGMM(K=1),TruncGMM(K=2),20
TRO_R_AsO4-2,Weekday,3,0,2,0.0,TruncGMM(K=3),TruncGMM(K=4),TruncGMM(K=1),TruncGMM(K=2),20
TRO_R_AsO4-2,Weekday,4,0,2,0.0,TruncGMM(K=3),TruncGMM(K=4),TruncGMM(K=1),TruncGMM(K=2),20
TRO_R_AsO4-2,Weekday,5,0,2,0.0,TruncGMM(K=3),TruncGMM(K=4),TruncGMM(K=1),TruncGMM(K=2),20
TRO_R_AsO4-2,Weekday,6,0,2,0.0,TruncGMM(K=3),TruncGMM(K=4),TruncGMM(K=1),TruncGMM(K=2),20
TRO_R_AsO4-2,Weekday,7,0,2,0.0,TruncGMM(K=3),TruncGMM(K=4),TruncGMM(K=1),TruncGMM(K=2),20
TRO_R_AsO4-2,Weekday,8,0,2,0.0,TruncGMM(K=3),TruncGMM(K=4),TruncGMM(K=1),TruncGMM(K=2),20
TRO_R_AsO4-2,Weekday,9,0,2,0.0,TruncGMM(K=3),TruncGMM(K=4),TruncGMM(K=1),TruncGMM(K=2),20
TRO_R_AsO4-2,Weekday,10,0,2,0.0,TruncGMM(K=3),TruncGMM(K=4),TruncGMM(K=1),TruncGMM(K=2),20
TRO_R_AsO4-2,Weekday,11,1,2,0.0088,TruncGMM(K=3),TruncGMM(K=4),TruncGMM(K=1),TruncGMM(K=2),20
TRO_R_AsO4-2,Weekday,12,0,2,0.0,TruncGMM(K=3),TruncGMM(K=4),TruncGMM(K=1),TruncGMM(K=2),20
TRO_R_AsO4-2,Weekday,13,1,2,0.0088,TruncGMM(K=3),TruncGMM(K=4),TruncGMM(K=1),TruncGMM(K=2),20
TRO_R_AsO4-2,Weekday,14,4,2,0.0351,TruncGMM(K=3),TruncGMM(K=4),TruncGMM(K=1),TruncGMM(K=2),20
TRO_R_AsO4-2,Weekday,15,7,2,0.0614,TruncGMM(K=3),TruncGMM(K=4),TruncGMM(K=1),TruncGMM(K=2),7
TRO_R_AsO4-2,Weekday,16,30,1,0.2632,LogNormal,TruncGMM(K=2),TruncGMM(K=1),TruncGMM(K=3),30
TRO_R_AsO4-2,Weekday,17,12,2,0.1053,TruncGMM(K=3),TruncGMM(K=4),TruncGMM(K=1),TruncGMM(K=2),12
TRO_R_AsO4-2,Weekday,18,8,2,0.0702,TruncGMM(K=3),TruncGMM(K=4),TruncGMM(K=1),TruncGMM(K=2),8
TRO_R_AsO4-2,Weekday,19,7,2,0.0614,TruncGMM(K=3),TruncGMM(K=4),TruncGMM(K=1),TruncGMM(K=2),7
TRO_R_AsO4-2,Weekday,20,13,2,0.114,TruncGMM(K=3),TruncGMM(K=4),TruncGMM(K=1),TruncGMM(K=2),13
TRO_R_AsO4-2,Weekday,21,11,2,0.0965,TruncGMM(K=3),TruncGMM(K=4),TruncGMM(K=1),TruncGMM(K=2),11
TRO_R_AsO4-2,Weekday,22,17,1,0.1491,LogNormal,Weibull,Weibull,TruncGMM(K=2),17
TRO_R_AsO4-2,Weekday,23,2,2,0.0175,TruncGMM(K=3),TruncGMM(K=4),TruncGMM(K=1),TruncGMM(K=2),20
TRO_R_AsO4-2,Weekday,24,1,2,0.0088,TruncGMM(K=3),TruncGMM(K=4),TruncGMM(K=1),TruncGMM(K=2),20
PS_4767,Weekend,1,0,2,0.0,Weibull,Weibull,TruncGMM(K=2),TruncGMM(K=1),20
PS_4767,Weekend,2,1,2,0.0313,Weibull,Weibull,TruncGMM(K=2),TruncGMM(K=1),20
PS_4767,Weekend,3,0,2,0.0,Weibull,Weibull,TruncGMM(K=2),TruncGMM(K=1),20
PS_4767,Weekend,4,0,2,0.0,Weibull,Weibull,TruncGMM(K=2),TruncGMM(K=1),20
PS_4767,Weekend,5,0,2,0.0,Weibull,Weibull,TruncGMM(K=2),TruncGMM(K=1),20
PS_4767,Weekend,6,0,2,0.0,Weibull,Weibull,TruncGMM(K=2),TruncGMM(K=1),20
PS_4767,Weekend,7,0,2,0.0,Weibull,Weibull,TruncGMM(K=2),TruncGMM(K=1),20
PS_4767,Weekend,8,0,2,0.0,Weibull,Weibull,TruncGMM(K=2),TruncGMM(K=1),20
PS_4767,Weekend,9,0,2,0.0,Weibull,Weibull,TruncGMM(K=2),TruncGMM(K=1),20
PS_4767,Weekend,10,0,2,0.0,Weibull,Weibull,TruncGMM(K=2),TruncGMM(K=1),20
PS_4767,Weekend,11,1,2,0.0313,Weibull,Weibull,TruncGMM(K=2),TruncGMM(K=1),20
PS_4767,Weekend,12,2,2,0.0625,Weibull,Weibull,TruncGMM(K=2),TruncGMM(K=1),20
PS_4767,Weekend,13,1,2,0.0313,Weibull,Weibull,TruncGMM(K=2),TruncGMM(K=1),20
PS_4767,Weekend,14,5,2,0.1562,Weibull,Weibull,TruncGMM(K=2),TruncGMM(K=1),5
PS_4767,Weekend,15,4,2,0.125,Weibull,Weibull,TruncGMM(K=2),TruncGMM(K=1),20
PS_4767,Weekend,16,2,2,0.0625,Weibull,Weibull,TruncGMM(K=2),TruncGMM(K=1),20
PS_4767,Weekend,17,5,2,0.1562,Weibull,Weibull,TruncGMM(K=2),TruncGMM(K=1),5
PS_4767,Weekend,18,3,2,0.0937,Weibull,Weibull,TruncGMM(K=2),TruncGMM(K=1),20
PS_4767,Weekend,19,3,2,0.0937,Weibull,Weibull,TruncGMM(K=2),TruncGMM(K=1),20
PS_4767,Weekend,20,0,2,0.0,Weibull,Weibull,TruncGMM(K=2),TruncGMM(K=1),20
PS_4767,Weekend,21,1,2,0.0313,Weibull,Weibull,TruncGMM(K=2),TruncGMM(K=1),20
PS_4767,Weekend,22,2,2,0.0625,Weibull,Weibull,TruncGMM(K=2),TruncGMM(K=1),20
PS_4767,Weekend,23,1,2,0.0313,Weibull,Weibull,TruncGMM(K=2),TruncGMM(K=1),20
PS_4767,Weekend,24,1,2,0.0313,Weibull,Weibull,TruncGMM(K=2),TruncGMM(K=1),20
ASK_Plass31,Weekday,1,1,2,0.0048,TruncGMM(K=3),Weibull,TruncGMM(K=3),TruncGMM(K=3),20
ASK_Plass31,Weekday,2,1,2,0.0048,TruncGMM(K=3),Weibull,TruncGMM(K=3),TruncGMM(K=3),20
ASK_Plass31,Weekday,3,0,2,0.0,TruncGMM(K=3),Weibull,TruncGMM(K=3),TruncGMM(K=3),20
ASK_Plass31,Weekday,4,0,2,0.0,TruncGMM(K=3),Weibull,TruncGMM(K=3),TruncGMM(K=3),20
ASK_Plass31,Weekday,5,0,2,0.0,TruncGMM(K=3),Weibull,TruncGMM(K=3),TruncGMM(K=3),20
ASK_Plass31,Weekday,6,0,2,0.0,TruncGMM(K=3),Weibull,TruncGMM(K=3),TruncGMM(K=3),20
ASK_Plass31,Weekday,7,2,2,0.0096,TruncGMM(K=3),Weibull,TruncGMM(K=3),TruncGMM(K=3),20
ASK_Plass31,Weekday,8,0,2,0.0,TruncGMM(K=3),Weibull,TruncGMM(K=3),TruncGMM(K=3),20
ASK_Plass31,Weekday,9,1,2,0.0048,TruncGMM(K=3),Weibull,TruncGMM(K=3),TruncGMM(K=3),20
ASK_Plass31,Weekday,10,1,2,0.0048,TruncGMM(K=3),Weibull,TruncGMM(K=3),TruncGMM(K=3),20
ASK_Plass31,Weekday,11,1,2,0.0048,TruncGMM(K=3),Weibull,TruncGMM(K=3),TruncGMM(K=3),20
ASK_Plass31,Weekday,12,5,2,0.024,TruncGMM(K=3),Weibull,TruncGMM(K=3),TruncGMM(K=3),5
ASK_Plass31,Weekday,13,4,2,0.0192,TruncGMM(K=3),Weibull,TruncGMM(K=3),TruncGMM(K=3),20
ASK_Plass31,Weekday,14,3,2,0.0144,TruncGMM(K=3),Weibull,TruncGMM(K=3),TruncGMM(K=3),20
ASK_Plass31,Weekday,15,8,2,0.0385,TruncGMM(K=3),Weibull,TruncGMM(K=3),TruncGMM(K=3),8
ASK_Plass31,Weekday,16,17,1,0.0817,Exponential,Exponential,LogNormal,Weibull,17
ASK_Plass31,Weekday,17,58,1,0.2788,TruncGMM(K=3),Weibull,TruncGMM(K=2),LogNormal,58
ASK_Plass31,Weekday,18,31,1,0.149,TruncGMM(K=3),Exponential,Weibull,TruncGMM(K=2),31
ASK_Plass31,Weekday,19,22,1,0.1058,TruncGMM(K=3),Exponential,TruncGMM(K=2),TruncGMM(K=2),22
ASK_Plass31,Weekday,20,14,2,0.0673,TruncGMM(K=3),Weibull,TruncGMM(K=3),TruncGMM(K=3),14
ASK_Plass31,Weekday,21,11,2,0.0529,TruncGMM(K=3),Weibull,TruncGMM(K=3),TruncGMM(K=3),11
ASK_Plass31,Weekday,22,15,1,0.0721,LogNormal,TruncGMM(K=3),Weibull,TruncGMM(K=1),15
ASK_Plass31,Weekday,23,11,2,0.0529,TruncGMM(K=3),Weibull,TruncGMM(K=3),TruncGMM(K=3),11
ASK_Plass31,Weekday,24,2,2,0.0096,TruncGMM(K=3),Weibull,TruncGMM(K=3),TruncGMM(K=3),20
KR_U463,Weekday,1,0,2,0.0,TruncGMM(K=3),TruncGMM(K=3),TruncGMM(K=3),TruncGMM(K=3),20
KR_U463,Weekday,2,0,2,0.0,TruncGMM(K=3),TruncGMM(K=3),TruncGMM(K=3),TruncGMM(K=3),20
KR_U463,Weekday,3,0,2,0.0,TruncGMM(K=3),TruncGMM(K=3),TruncGMM(K=3),TruncGMM(K=3),20
KR_U463,Weekday,4,0,2,0.0,TruncGMM(K=3),TruncGMM(K=3),TruncGMM(K=3),TruncGMM(K=3),20
KR_U463,Weekday,5,3,2,0.0233,TruncGMM(K=3),TruncGMM(K=3),TruncGMM(K=3),TruncGMM(K=3),20
KR_U463,Weekday,6,2,2,0.0155,TruncGMM(K=3),TruncGMM(K=3),TruncGMM(K=3),TruncGMM(K=3),20
KR_U463,Weekday,7,27,1,0.2093,TruncGMM(K=3),LogNormal,TruncGMM(K=3),Weibull,27
KR_U463,Weekday,8,29,1,0.2248,TruncGMM(K=2),TruncGMM(K=2),TruncGMM(K=2),LogNormal,29
KR_U463,Weekday,9,7,2,0.0543,TruncGMM(K=3),TruncGMM(K=3),TruncGMM(K=3),TruncGMM(K=3),7
KR_U463,Weekday,10,8,2,0.062,TruncGMM(K=3),TruncGMM(K=3),TruncGMM(K=3),TruncGMM(K=3),8
KR_U463,Weekday,11,19,1,0.1473,TruncGMM(K=2),LogNormal,TruncGMM(K=2),Weibull,19
KR_U463,Weekday,12,16,1,0.124,LogNormal,TruncGMM(K=4),LogNormal,LogNormal,16
KR_U463,Weekday,13,1,2,0.0078,TruncGMM(K=3),TruncGMM(K=3),TruncGMM(K=3),TruncGMM(K=3),20
KR_U463,Weekday,14,14,2,0.1085,TruncGMM(K=3),TruncGMM(K=3),TruncGMM(K=3),TruncGMM(K=3),14
KR_U463,Weekday,15,2,2,0.0155,TruncGMM(K=3),TruncGMM(K=3),TruncGMM(K=3),TruncGMM(K=3),20
KR_U463,Weekday,16,1,2,0.0078,TruncGMM(K=3),TruncGMM(K=3),TruncGMM(K=3),TruncGMM(K=3),20
KR_U463,Weekday,17,0,2,0.0,TruncGMM(K=3),TruncGMM(K=3),TruncGMM(K=3),TruncGMM(K=3),20
KR_U463,Weekday,18,0,2,0.0,TruncGMM(K=3),TruncGMM(K=3),TruncGMM(K=3),TruncGMM(K=3),20
KR_U463,Weekday,19,0,2,0.0,TruncGMM(K=3),TruncGMM(K=3),TruncGMM(K=3),TruncGMM(K=3),20
KR_U463,Weekday,20,0,2,0.0,TruncGMM(K=3),TruncGMM(K=3),TruncGMM(K=3),TruncGMM(K=3),20
KR_U463,Weekday,21,0,2,0.0,TruncGMM(K=3),TruncGMM(K=3),TruncGMM(K=3),TruncGMM(K=3),20
KR_U463,Weekday,22,0,2,0.0,TruncGMM(K=3),TruncGMM(K=3),TruncGMM(K=3),TruncGMM(K=3),20
KR_U463,Weekday,23,0,2,0.0,TruncGMM(K=3),TruncGMM(K=3),TruncGMM(K=3),TruncGMM(K=3),20
KR_U463,Weekday,24,0,2,0.0,TruncGMM(K=3),TruncGMM(K=3),TruncGMM(K=3),TruncGMM(K=3),20
PS_3000,Weekday,1,0,2,0.0,TruncGMM(K=2),TruncGMM(K=4),Weibull,TruncGMM(K=4),20
PS_3000,Weekday,2,0,2,0.0,TruncGMM(K=2),TruncGMM(K=4),Weibull,TruncGMM(K=4),20
PS_3000,Weekday,3,21,1,0.2143,TruncGMM(K=3),TruncGMM(K=3),TruncGMM(K=2),LogNormal,21
PS_3000,Weekday,4,20,1,0.2041,TruncGMM(K=2),TruncGMM(K=4),TruncGMM(K=2),TruncGMM(K=1),20
PS_3000,Weekday,5,4,2,0.0408,TruncGMM(K=2),TruncGMM(K=4),Weibull,TruncGMM(K=4),20
PS_3000,Weekday,6,17,1,0.1735,LogNormal,TruncGMM(K=4),LogNormal,Weibull,17
PS_3000,Weekday,7,15,1,0.1531,LogNormal,Weibull,TruncGMM(K=2),TruncGMM(K=4),15
PS_3000,Weekday,8,1,2,0.0102,TruncGMM(K=2),TruncGMM(K=4),Weibull,TruncGMM(K=4),20
PS_3000,Weekday,9,2,2,0.0204,TruncGMM(K=2),TruncGMM(K=4),Weibull,TruncGMM(K=4),20
PS_3000,Weekday,10,0,2,0.0,TruncGMM(K=2),TruncGMM(K=4),Weibull,TruncGMM(K=4),20
PS_3000,Weekday,11,2,2,0.0204,TruncGMM(K=2),TruncGMM(K=4),Weibull,TruncGMM(K=4),20
PS_3000,Weekday,12,2,2,0.0204,TruncGMM(K=2),TruncGMM(K=4),Weibull,TruncGMM(K=4),20
PS_3000,Weekday,13,1,2,0.0102,TruncGMM(K=2),TruncGMM(K=4),Weibull,TruncGMM(K=4),20
PS_3000,Weekday,14,3,2,0.0306,TruncGMM(K=2),TruncGMM(K=4),Weibull,TruncGMM(K=4),20
PS_3000,Weekday,15,2,2,0.0204,TruncGMM(K=2),TruncGMM(K=4),Weibull,TruncGMM(K=4),20
PS_3000,Weekday,16,2,2,0.0204,TruncGMM(K=2),TruncGMM(K=4),Weibull,TruncGMM(K=4),20
PS_3000,Weekday,17,3,2,0.0306,TruncGMM(K=2),TruncGMM(K=4),Weibull,TruncGMM(K=4),20
PS_3000,Weekday,18,1,2,0.0102,TruncGMM(K=2),TruncGMM(K=4),Weibull,TruncGMM(K=4),20
PS_3000,Weekday,19,0,2,0.0,TruncGMM(K=2),TruncGMM(K=4),Weibull,TruncGMM(K=4),20
PS_3000,Weekday,20,0,2,0.0,TruncGMM(K=2),TruncGMM(K=4),Weibull,TruncGMM(K=4),20
PS_3000,Weekday,21,0,2,0.0,TruncGMM(K=2),TruncGMM(K=4),Weibull,TruncGMM(K=4),20
PS_3000,Weekday,22,1,2,0.0102,TruncGMM(K=2),TruncGMM(K=4),Weibull,TruncGMM(K=4),20
PS_3000,Weekday,23,1,2,0.0102,TruncGMM(K=2),TruncGMM(K=4),Weibull,TruncGMM(K=4),20
PS_3000,Weekday,24,0,2,0.0,TruncGMM(K=2),TruncGMM(K=4),Weibull,TruncGMM(K=4),20
OSL_S_KT162,Weekend,1,13,2,0.1171,Weibull,Weibull,TruncGMM(K=1),TruncGMM(K=2),13
OSL_S_KT162,Weekend,2,6,2,0.0541,Weibull,Weibull,TruncGMM(K=1),TruncGMM(K=2),6
OSL_S_KT162,Weekend,3,2,2,0.018,Weibull,Weibull,TruncGMM(K=1),TruncGMM(K=2),20
OSL_S_KT162,Weekend,4,8,2,0.0721,Weibull,Weibull,TruncGMM(K=1),TruncGMM(K=2),8
OSL_S_KT162,Weekend,5,12,2,0.1081,Weibull,Weibull,TruncGMM(K=1),TruncGMM(K=2),12
OSL_S_KT162,Weekend,6,3,2,0.027,Weibull,Weibull,TruncGMM(K=1),TruncGMM(K=2),20
OSL_S_KT162,Weekend,7,1,2,0.009,Weibull,Weibull,TruncGMM(K=1),TruncGMM(K=2),20
OSL_S_KT162,Weekend,8,4,2,0.036,Weibull,Weibull,TruncGMM(K=1),TruncGMM(K=2),20
OSL_S_KT162,Weekend,9,3,2,0.027,Weibull,Weibull,TruncGMM(K=1),TruncGMM(K=2),20
OSL_S_KT162,Weekend,10,1,2,0.009,Weibull,Weibull,TruncGMM(K=1),TruncGMM(K=2),20
OSL_S_KT162,Weekend,11,0,2,0.0,Weibull,Weibull,TruncGMM(K=1),TruncGMM(K=2),20
OSL_S_KT162,Weekend,12,0,2,0.0,Weibull,Weibull,TruncGMM(K=1),TruncGMM(K=2),20
OSL_S_KT162,Weekend,13,5,2,0.045,Weibull,Weibull,TruncGMM(K=1),TruncGMM(K=2),5
OSL_S_KT162,Weekend,14,3,2,0.027,Weibull,Weibull,TruncGMM(K=1),TruncGMM(K=2),20
OSL_S_KT162,Weekend,15,4,2,0.036,Weibull,Weibull,TruncGMM(K=1),TruncGMM(K=2),20
OSL_S_KT162,Weekend,16,4,2,0.036,Weibull,Weibull,TruncGMM(K=1),TruncGMM(K=2),20
OSL_S_KT162,Weekend,17,4,2,0.036,Weibull,Weibull,TruncGMM(K=1),TruncGMM(K=2),20
OSL_S_KT162,Weekend,18,4,2,0.036,Weibull,Weibull,TruncGMM(K=1),TruncGMM(K=2),20
OSL_S_KT162,Weekend,19,3,2,0.027,Weibull,Weibull,TruncGMM(K=1),TruncGMM(K=2),20
OSL_S_KT162,Weekend,20,8,2,0.0721,Weibull,Weibull,TruncGMM(K=1),TruncGMM(K=2),8
OSL_S_KT162,Weekend,21,3,2,0.027,Weibull,Weibull,TruncGMM(K=1),TruncGMM(K=2),20
OSL_S_KT162,Weekend,22,4,2,0.036,Weibull,Weibull,TruncGMM(K=1),TruncGMM(K=2),20
OSL_S_KT162,Weekend,23,11,2,0.0991,Weibull,Weibull,TruncGMM(K=1),TruncGMM(K=2),11
OSL_S_KT162,Weekend,24,5,2,0.045,Weibull,Weibull,TruncGMM(K=1),TruncGMM(K=2),5
TRO_R_Share-4,Weekend,1,0,2,0.0,TruncGMM(K=2),Exponential,TruncGMM(K=2),LogNormal,20
TRO_R_Share-4,Weekend,2,0,2,0.0,TruncGMM(K=2),Exponential,TruncGMM(K=2),LogNormal,20
TRO_R_Share-4,Weekend,3,0,2,0.0,TruncGMM(K=2),Exponential,TruncGMM(K=2),LogNormal,20
TRO_R_Share-4,Weekend,4,0,2,0.0,TruncGMM(K=2),Exponential,TruncGMM(K=2),LogNormal,20
TRO_R_Share-4,Weekend,5,0,2,0.0,TruncGMM(K=2),Exponential,TruncGMM(K=2),LogNormal,20
TRO_R_Share-4,Weekend,6,0,2,0.0,TruncGMM(K=2),Exponential,TruncGMM(K=2),LogNormal,20
TRO_R_Share-4,Weekend,7,0,2,0.0,TruncGMM(K=2),Exponential,TruncGMM(K=2),LogNormal,20
TRO_R_Share-4,Weekend,8,0,2,0.0,TruncGMM(K=2),Exponential,TruncGMM(K=2),LogNormal,20
TRO_R_Share-4,Weekend,9,1,2,0.0213,TruncGMM(K=2),Exponential,TruncGMM(K=2),LogNormal,20
TRO_R_Share-4,Weekend,10,7,2,0.1489,TruncGMM(K=2),Exponential,TruncGMM(K=2),LogNormal,7
TRO_R_Share-4,Weekend,11,5,2,0.1064,TruncGMM(K=2),Exponential,TruncGMM(K=2),LogNormal,5
TRO_R_Share-4,Weekend,12,6,2,0.1277,TruncGMM(K=2),Exponential,TruncGMM(K=2),LogNormal,6
TRO_R_Share-4,Weekend,13,8,2,0.1702,TruncGMM(K=2),Exponential,TruncGMM(K=2),LogNormal,8
TRO_R_Share-4,Weekend,14,5,2,0.1064,TruncGMM(K=2),Exponential,TruncGMM(K=2),LogNormal,5
TRO_R_Share-4,Weekend,15,4,2,0.0851,TruncGMM(K=2),Exponential,TruncGMM(K=2),LogNormal,20
TRO_R_Share-4,Weekend,16,5,2,0.1064,TruncGMM(K=2),Exponential,TruncGMM(K=2),LogNormal,5
TRO_R_Share-4,Weekend,17,2,2,0.0426,TruncGMM(K=2),Exponential,TruncGMM(K=2),LogNormal,20
TRO_R_Share-4,Weekend,18,1,2,0.0213,TruncGMM(K=2),Exponential,TruncGMM(K=2),LogNormal,20
TRO_R_Share-4,Weekend,19,1,2,0.0213,TruncGMM(K=2),Exponential,TruncGMM(K=2),LogNormal,20
TRO_R_Share-4,Weekend,20,0,2,0.0,TruncGMM(K=2),Exponential,TruncGMM(K=2),LogNormal,20
TRO_R_Share-4,Weekend,21,1,2,0.0213,TruncGMM(K=2),Exponential,TruncGMM(K=2),LogNormal,20
TRO_R_Share-4,Weekend,22,0,2,0.0,TruncGMM(K=2),Exponential,TruncGMM(K=2),LogNormal,20
TRO_R_Share-4,Weekend,23,0,2,0.0,TruncGMM(K=2),Exponential,TruncGMM(K=2),LogNormal,20
TRO_R_Share-4,Weekend,24,1,2,0.0213,TruncGMM(K=2),Exponential,TruncGMM(K=2),LogNormal,20
TRO_R_AsO6-1,Weekday,1,1,2,0.0147,TruncGMM(K=3),Weibull,TruncGMM(K=2),TruncGMM(K=3),20
TRO_R_AsO6-1,Weekday,2,0,2,0.0,TruncGMM(K=3),Weibull,TruncGMM(K=2),TruncGMM(K=3),20
TRO_R_AsO6-1,Weekday,3,1,2,0.0147,TruncGMM(K=3),Weibull,TruncGMM(K=2),TruncGMM(K=3),20
TRO_R_AsO6-1,Weekday,4,0,2,0.0,TruncGMM(K=3),Weibull,TruncGMM(K=2),TruncGMM(K=3),20
TRO_R_AsO6-1,Weekday,5,0,2,0.0,TruncGMM(K=3),Weibull,TruncGMM(K=2),TruncGMM(K=3),20
TRO_R_AsO6-1,Weekday,6,1,2,0.0147,TruncGMM(K=3),Weibull,TruncGMM(K=2),TruncGMM(K=3),20
TRO_R_AsO6-1,Weekday,7,0,2,0.0,TruncGMM(K=3),Weibull,TruncGMM(K=2),TruncGMM(K=3),20
TRO_R_AsO6-1,Weekday,8,2,2,0.0294,TruncGMM(K=3),Weibull,TruncGMM(K=2),TruncGMM(K=3),20
TRO_R_AsO6-1,Weekday,9,0,2,0.0,TruncGMM(K=3),Weibull,TruncGMM(K=2),TruncGMM(K=3),20
TRO_R_AsO6-1,Weekday,10,0,2,0.0,TruncGMM(K=3),Weibull,TruncGMM(K=2),TruncGMM(K=3),20
TRO_R_AsO6-1,Weekday,11,2,2,0.0294,TruncGMM(K=3),Weibull,TruncGMM(K=2),TruncGMM(K=3),20
TRO_R_AsO6-1,Weekday,12,0,2,0.0,TruncGMM(K=3),Weibull,TruncGMM(K=2),TruncGMM(K=3),20
TRO_R_AsO6-1,Weekday,13,2,2,0.0294,TruncGMM(K=3),Weibull,TruncGMM(K=2),TruncGMM(K=3),20
TRO_R_AsO6-1,Weekday,14,2,2,0.0294,TruncGMM(K=3),Weibull,TruncGMM(K=2),TruncGMM(K=3),20
TRO_R_AsO6-1,Weekday,15,4,2,0.0588,TruncGMM(K=3),Weibull,TruncGMM(K=2),TruncGMM(K=3),20
TRO_R_AsO6-1,Weekday,16,20,1,0.2941,TruncGMM(K=3),Exponential,TruncGMM(K=2),LogNormal,20
TRO_R_AsO6-1,Weekday,17,6,2,0.0882,TruncGMM(K=3),Weibull,TruncGMM(K=2),TruncGMM(K=3),6
TRO_R_AsO6-1,Weekday,18,3,2,0.0441,TruncGMM(K=3),Weibull,TruncGMM(K=2),TruncGMM(K=3),20
TRO_R_AsO6-1,Weekday,19,6,2,0.0882,TruncGMM(K=3),Weibull,TruncGMM(K=2),TruncGMM(K=3),6
TRO_R_AsO6-1,Weekday,20,8,2,0.1176,TruncGMM(K=3),Weibull,TruncGMM(K=2),TruncGMM(K=3),8
TRO_R_AsO6-1,Weekday,21,4,2,0.0588,TruncGMM(K=3),Weibull,TruncGMM(K=2),TruncGMM(K=3),20
TRO_R_AsO6-1,Weekday,22,4,2,0.0588,TruncGMM(K=3),Weibull,TruncGMM(K=2),TruncGMM(K=3),20
TRO_R_AsO6-1,Weekday,23,1,2,0.0147,TruncGMM(K=3),Weibull,TruncGMM(K=2),TruncGMM(K=3),20
TRO_R_AsO6-1,Weekday,24,1,2,0.0147,TruncGMM(K=3),Weibull,TruncGMM(K=2),TruncGMM(K=3),20
KR_U89,Weekday,1,0,2,0.0,TruncGMM(K=2),TruncGMM(K=4),TruncGMM(K=3),TruncGMM(K=4),20
KR_U89,Weekday,2,0,2,0.0,TruncGMM(K=2),TruncGMM(K=4),TruncGMM(K=3),TruncGMM(K=4),20
KR_U89,Weekday,3,0,2,0.0,TruncGMM(K=2),TruncGMM(K=4),TruncGMM(K=3),TruncGMM(K=4),20
KR_U89,Weekday,4,0,2,0.0,TruncGMM(K=2),TruncGMM(K=4),TruncGMM(K=3),TruncGMM(K=4),20
KR_U89,Weekday,5,0,2,0.0,TruncGMM(K=2),TruncGMM(K=4),TruncGMM(K=3),TruncGMM(K=4),20
KR_U89,Weekday,6,35,1,0.5072,TruncGMM(K=1),TruncGMM(K=3),Weibull,TruncGMM(K=2),35
KR_U89,Weekday,7,29,1,0.4203,Weibull,TruncGMM(K=2),Weibull,LogNormal,29
KR_U89,Weekday,8,1,2,0.0145,TruncGMM(K=2),TruncGMM(K=4),TruncGMM(K=3),TruncGMM(K=4),20
KR_U89,Weekday,9,0,2,0.0,TruncGMM(K=2),TruncGMM(K=4),TruncGMM(K=3),TruncGMM(K=4),20
KR_U89,Weekday,10,0,2,0.0,TruncGMM(K=2),TruncGMM(K=4),TruncGMM(K=3),TruncGMM(K=4),20
KR_U89,Weekday,11,0,2,0.0,TruncGMM(K=2),TruncGMM(K=4),TruncGMM(K=3),TruncGMM(K=4),20
KR_U89,Weekday,12,1,2,0.0145,TruncGMM(K=2),TruncGMM(K=4),TruncGMM(K=3),TruncGMM(K=4),20
KR_U89,Weekday,13,1,2,0.0145,TruncGMM(K=2),TruncGMM(K=4),TruncGMM(K=3),TruncGMM(K=4),20
KR_U89,Weekday,14,0,2,0.0,TruncGMM(K=2),TruncGMM(K=4),TruncGMM(K=3),TruncGMM(K=4),20
KR_U89,Weekday,15,0,2,0.0,TruncGMM(K=2),TruncGMM(K=4),TruncGMM(K=3),TruncGMM(K=4),20
KR_U89,Weekday,16,0,2,0.0,TruncGMM(K=2),TruncGMM(K=4),TruncGMM(K=3),TruncGMM(K=4),20
KR_U89,Weekday,17,1,2,0.0145,TruncGMM(K=2),TruncGMM(K=4),TruncGMM(K=3),TruncGMM(K=4),20
KR_U89,Weekday,18,0,2,0.0,TruncGMM(K=2),TruncGMM(K=4),TruncGMM(K=3),TruncGMM(K=4),20
KR_U89,Weekday,19,0,2,0.0,TruncGMM(K=2),TruncGMM(K=4),TruncGMM(K=3),TruncGMM(K=4),20
KR_U89,Weekday,20,1,2,0.0145,TruncGMM(K=2),TruncGMM(K=4),TruncGMM(K=3),TruncGMM(K=4),20
KR_U89,Weekday,21,0,2,0.0,TruncGMM(K=2),TruncGMM(K=4),TruncGMM(K=3),TruncGMM(K=4),20
KR_U89,Weekday,22,0,2,0.0,TruncGMM(K=2),TruncGMM(K=4),TruncGMM(K=3),TruncGMM(K=4),20
KR_U89,Weekday,23,0,2,0.0,TruncGMM(K=2),TruncGMM(K=4),TruncGMM(K=3),TruncGMM(K=4),20
KR_U89,Weekday,24,0,2,0.0,TruncGMM(K=2),TruncGMM(K=4),TruncGMM(K=3),TruncGMM(K=4),20
TRO_Plass27,Weekday,1,0,2,0.0,TruncGMM(K=2),LogNormal,TruncGMM(K=2),Weibull,20
TRO_Plass27,Weekday,2,0,2,0.0,TruncGMM(K=2),LogNormal,TruncGMM(K=2),Weibull,20
TRO_Plass27,Weekday,3,0,2,0.0,TruncGMM(K=2),LogNormal,TruncGMM(K=2),Weibull,20
TRO_Plass27,Weekday,4,0,2,0.0,TruncGMM(K=2),LogNormal,TruncGMM(K=2),Weibull,20
TRO_Plass27,Weekday,5,0,2,0.0,TruncGMM(K=2),LogNormal,TruncGMM(K=2),Weibull,20
TRO_Plass27,Weekday,6,0,2,0.0,TruncGMM(K=2),LogNormal,TruncGMM(K=2),Weibull,20
TRO_Plass27,Weekday,7,0,2,0.0,TruncGMM(K=2),LogNormal,TruncGMM(K=2),Weibull,20
TRO_Plass27,Weekday,8,1,2,0.0051,TruncGMM(K=2),LogNormal,TruncGMM(K=2),Weibull,20
TRO_Plass27,Weekday,9,0,2,0.0,TruncGMM(K=2),LogNormal,TruncGMM(K=2),Weibull,20
TRO_Plass27,Weekday,10,1,2,0.0051,TruncGMM(K=2),LogNormal,TruncGMM(K=2),Weibull,20
TRO_Plass27,Weekday,11,2,2,0.0103,TruncGMM(K=2),LogNormal,TruncGMM(K=2),Weibull,20
TRO_Plass27,Weekday,12,1,2,0.0051,TruncGMM(K=2),LogNormal,TruncGMM(K=2),Weibull,20
TRO_Plass27,Weekday,13,3,2,0.0154,TruncGMM(K=2),LogNormal,TruncGMM(K=2),Weibull,20
TRO_Plass27,Weekday,14,1,2,0.0051,TruncGMM(K=2),LogNormal,TruncGMM(K=2),Weibull,20
TRO_Plass27,Weekday,15,7,2,0.0359,TruncGMM(K=2),LogNormal,TruncGMM(K=2),Weibull,7
TRO_Plass27,Weekday,16,17,1,0.0872,TruncGMM(K=2),LogNormal,TruncGMM(K=2),TruncGMM(K=2),17
TRO_Plass27,Weekday,17,39,1,0.2,TruncGMM(K=3),LogNormal,TruncGMM(K=2),LogNormal,39
TRO_Plass27,Weekday,18,38,1,0.1949,LogNormal,TruncGMM(K=2),TruncGMM(K=2),TruncGMM(K=1),38
TRO_Plass27,Weekday,19,26,1,0.1333,LogNormal,LogNormal,Weibull,LogNormal,26
TRO_Plass27,Weekday,20,17,1,0.0872,LogNormal,LogNormal,TruncGMM(K=2),LogNormal,17
TRO_Plass27,Weekday,21,25,1,0.1282,TruncGMM(K=2),LogNormal,TruncGMM(K=1),Weibull,25
TRO_Plass27,Weekday,22,11,2,0.0564,TruncGMM(K=2),LogNormal,TruncGMM(K=2),Weibull,11
TRO_Plass27,Weekday,23,2,2,0.0103,TruncGMM(K=2),LogNormal,TruncGMM(K=2),Weibull,20
TRO_Plass27,Weekday,24,4,2,0.0205,TruncGMM(K=2),LogNormal,TruncGMM(K=2),Weibull,20
TRO_R_MS1-2,Weekday,1,4,2,0.0336,Exponential,Exponential,Weibull,TruncGMM(K=3),20
TRO_R_MS1-2,Weekday,2,0,2,0.0,Exponential,Exponential,Weibull,TruncGMM(K=3),20
TRO_R_MS1-2,Weekday,3,0,2,0.0,Exponential,Exponential,Weibull,TruncGMM(K=3),20
TRO_R_MS1-2,Weekday,4,0,2,0.0,Exponential,Exponential,Weibull,TruncGMM(K=3),20
TRO_R_MS1-2,Weekday,5,0,2,0.0,Exponential,Exponential,Weibull,TruncGMM(K=3),20
TRO_R_MS1-2,Weekday,6,0,2,0.0,Exponential,Exponential,Weibull,TruncGMM(K=3),20
TRO_R_MS1-2,Weekday,7,0,2,0.0,Exponential,Exponential,Weibull,TruncGMM(K=3),20
TRO_R_MS1-2,Weekday,8,8,2,0.0672,Exponential,Exponential,Weibull,TruncGMM(K=3),8
TRO_R_MS1-2,Weekday,9,0,2,0.0,Exponential,Exponential,Weibull,TruncGMM(K=3),20
TRO_R_MS1-2,Weekday,10,0,2,0.0,Exponential,Exponential,Weibull,TruncGMM(K=3),20
TRO_R_MS1-2,Weekday,11,0,2,0.0,Exponential,Exponential,Weibull,TruncGMM(K=3),20
TRO_R_MS1-2,Weekday,12,1,2,0.0084,Exponential,Exponential,Weibull,TruncGMM(K=3),20
TRO_R_MS1-2,Weekday,13,0,2,0.0,Exponential,Exponential,Weibull,TruncGMM(K=3),20
TRO_R_MS1-2,Weekday,14,0,2,0.0,Exponential,Exponential,Weibull,TruncGMM(K=3),20
TRO_R_MS1-2,Weekday,15,1,2,0.0084,Exponential,Exponential,Weibull,TruncGMM(K=3),20
TRO_R_MS1-2,Weekday,16,10,2,0.084,Exponential,Exponential,Weibull,TruncGMM(K=3),10
TRO_R_MS1-2,Weekday,17,26,1,0.2185,LogNormal,LogNormal,Weibull,LogNormal,26
TRO_R_MS1-2,Weekday,18,6,2,0.0504,Exponential,Exponential,Weibull,TruncGMM(K=3),6
TRO_R_MS1-2,Weekday,19,11,2,0.0924,Exponential,Exponential,Weibull,TruncGMM(K=3),11
TRO_R_MS1-2,Weekday,20,15,1,0.126,Exponential,TruncGMM(K=3),TruncGMM(K=1),TruncGMM(K=2),15
TRO_R_MS1-2,Weekday,21,10,2,0.084,Exponential,Exponential,Weibull,TruncGMM(K=3),10
TRO_R_MS1-2,Weekday,22,6,2,0.0504,Exponential,Exponential,Weibull,TruncGMM(K=3),6
TRO_R_MS1-2,Weekday,23,16,1,0.1345,TruncGMM(K=2),Exponential,TruncGMM(K=2),TruncGMM(K=2),16
TRO_R_MS1-2,Weekday,24,5,2,0.042,Exponential,Exponential,Weibull,TruncGMM(K=3),5
PS_27,Weekend,1,0,2,0.0,TruncGMM(K=2),TruncGMM(K=2),TruncGMM(K=2),Weibull,20
PS_27,Weekend,2,0,2,0.0,TruncGMM(K=2),TruncGMM(K=2),TruncGMM(K=2),Weibull,20
PS_27,Weekend,3,0,2,0.0,TruncGMM(K=2),TruncGMM(K=2),TruncGMM(K=2),Weibull,20
PS_27,Weekend,4,0,2,0.0,TruncGMM(K=2),TruncGMM(K=2),TruncGMM(K=2),Weibull,20
PS_27,Weekend,5,0,2,0.0,TruncGMM(K=2),TruncGMM(K=2),TruncGMM(K=2),Weibull,20
PS_27,Weekend,6,0,2,0.0,TruncGMM(K=2),TruncGMM(K=2),TruncGMM(K=2),Weibull,20
PS_27,Weekend,7,0,2,0.0,TruncGMM(K=2),TruncGMM(K=2),TruncGMM(K=2),Weibull,20
PS_27,Weekend,8,0,2,0.0,TruncGMM(K=2),TruncGMM(K=2),TruncGMM(K=2),Weibull,20
PS_27,Weekend,9,0,2,0.0,TruncGMM(K=2),TruncGMM(K=2),TruncGMM(K=2),Weibull,20
PS_27,Weekend,10,2,2,0.0625,TruncGMM(K=2),TruncGMM(K=2),TruncGMM(K=2),Weibull,20
PS_27,Weekend,11,0,2,0.0,TruncGMM(K=2),TruncGMM(K=2),TruncGMM(K=2),Weibull,20
PS_27,Weekend,12,1,2,0.0313,TruncGMM(K=2),TruncGMM(K=2),TruncGMM(K=2),Weibull,20
PS_27,Weekend,13,0,2,0.0,TruncGMM(K=2),TruncGMM(K=2),TruncGMM(K=2),Weibull,20
PS_27,Weekend,14,3,2,0.0937,TruncGMM(K=2),TruncGMM(K=2),TruncGMM(K=2),Weibull,20
PS_27,Weekend,15,1,2,0.0313,TruncGMM(K=2),TruncGMM(K=2),TruncGMM(K=2),Weibull,20
PS_27,Weekend,16,3,2,0.0937,TruncGMM(K=2),TruncGMM(K=2),TruncGMM(K=2),Weibull,20
PS_27,Weekend,17,5,2,0.1562,TruncGMM(K=2),TruncGMM(K=2),TruncGMM(K=2),Weibull,5
PS_27,Weekend,18,5,2,0.1562,TruncGMM(K=2),TruncGMM(K=2),TruncGMM(K=2),Weibull,5
PS_27,Weekend,19,2,2,0.0625,TruncGMM(K=2),TruncGMM(K=2),TruncGMM(K=2),Weibull,20
PS_27,Weekend,20,3,2,0.0937,TruncGMM(K=2),TruncGMM(K=2),TruncGMM(K=2),Weibull,20
PS_27,Weekend,21,3,2,0.0937,TruncGMM(K=2),TruncGMM(K=2),TruncGMM(K=2),Weibull,20
PS_27,Weekend,22,2,2,0.0625,TruncGMM(K=2),TruncGMM(K=2),TruncGMM(K=2),Weibull,20
PS_27,Weekend,23,2,2,0.0625,TruncGMM(K=2),TruncGMM(K=2),TruncGMM(K=2),Weibull,20
PS_27,Weekend,24,0,2,0.0,TruncGMM(K=2),TruncGMM(K=2),TruncGMM(K=2),Weibull,20
PS_8156,Weekend,1,2,2,0.0172,TruncGMM(K=2),LogNormal,TruncGMM(K=2),TruncGMM(K=1),20
PS_8156,Weekend,2,0,2,0.0,TruncGMM(K=2),LogNormal,TruncGMM(K=2),TruncGMM(K=1),20
PS_8156,Weekend,3,0,2,0.0,TruncGMM(K=2),LogNormal,TruncGMM(K=2),TruncGMM(K=1),20
PS_8156,Weekend,4,0,2,0.0,TruncGMM(K=2),LogNormal,TruncGMM(K=2),TruncGMM(K=1),20
PS_8156,Weekend,5,0,2,0.0,TruncGMM(K=2),LogNormal,TruncGMM(K=2),TruncGMM(K=1),20
PS_8156,Weekend,6,0,2,0.0,TruncGMM(K=2),LogNormal,TruncGMM(K=2),TruncGMM(K=1),20
PS_8156,Weekend,7,0,2,0.0,TruncGMM(K=2),LogNormal,TruncGMM(K=2),TruncGMM(K=1),20
PS_8156,Weekend,8,0,2,0.0,TruncGMM(K=2),LogNormal,TruncGMM(K=2),TruncGMM(K=1),20
PS_8156,Weekend,9,1,2,0.0086,TruncGMM(K=2),LogNormal,TruncGMM(K=2),TruncGMM(K=1),20
PS_8156,Weekend,10,3,2,0.0259,TruncGMM(K=2),LogNormal,TruncGMM(K=2),TruncGMM(K=1),20
PS_8156,Weekend,11,10,2,0.0862,TruncGMM(K=2),LogNormal,TruncGMM(K=2),TruncGMM(K=1),10
PS_8156,Weekend,12,15,1,0.1293,TruncGMM(K=2),TruncGMM(K=2),TruncGMM(K=2),TruncGMM(K=2),15
PS_8156,Weekend,13,10,2,0.0862,TruncGMM(K=2),LogNormal,TruncGMM(K=2),TruncGMM(K=1),10
PS_8156,Weekend,14,3,2,0.0259,TruncGMM(K=2),LogNormal,TruncGMM(K=2),TruncGMM(K=1),20
PS_8156,Weekend,15,4,2,0.0345,TruncGMM(K=2),LogNormal,TruncGMM(K=2),TruncGMM(K=1),20
PS_8156,Weekend,16,9,2,0.0776,TruncGMM(K=2),LogNormal,TruncGMM(K=2),TruncGMM(K=1),9
PS_8156,Weekend,17,13,2,0.1121,TruncGMM(K=2),LogNormal,TruncGMM(K=2),TruncGMM(K=1),13
PS_8156,Weekend,18,9,2,0.0776,TruncGMM(K=2),LogNormal,TruncGMM(K=2),TruncGMM(K=1),9
PS_8156,Weekend,19,11,2,0.0948,TruncGMM(K=2),LogNormal,TruncGMM(K=2),TruncGMM(K=1),11
PS_8156,Weekend,20,4,2,0.0345,TruncGMM(K=2),LogNormal,TruncGMM(K=2),TruncGMM(K=1),20
PS_8156,Weekend,21,7,2,0.0603,TruncGMM(K=2),LogNormal,TruncGMM(K=2),TruncGMM(K=1),7
PS_8156,Weekend,22,10,2,0.0862,TruncGMM(K=2),LogNormal,TruncGMM(K=2),TruncGMM(K=1),10
PS_8156,Weekend,23,3,2,0.0259,TruncGMM(K=2),LogNormal,TruncGMM(K=2),TruncGMM(K=1),20
PS_8156,Weekend,24,2,2,0.0172,TruncGMM(K=2),LogNormal,TruncGMM(K=2),TruncGMM(K=1),20
OSL_S_KT160,Weekday,1,13,2,0.0963,Weibull,Weibull,Weibull,TruncGMM(K=2),13
OSL_S_KT160,Weekday,2,12,2,0.0889,Weibull,Weibull,Weibull,TruncGMM(K=2),12
OSL_S_KT160,Weekday,3,18,1,0.1333,Weibull,LogNormal,Weibull,LogNormal,18
OSL_S_KT160,Weekday,4,9,2,0.0667,Weibull,Weibull,Weibull,TruncGMM(K=2),9
OSL_S_KT160,Weekday,5,4,2,0.0296,Weibull,Weibull,Weibull,TruncGMM(K=2),20
OSL_S_KT160,Weekday,6,2,2,0.0148,Weibull,Weibull,Weibull,TruncGMM(K=2),20
OSL_S_KT160,Weekday,7,2,2,0.0148,Weibull,Weibull,Weibull,TruncGMM(K=2),20
OSL_S_KT160,Weekday,8,5,2,0.037,Weibull,Weibull,Weibull,TruncGMM(K=2),5
OSL_S_KT160,Weekday,9,1,2,0.0074,Weibull,Weibull,Weibull,TruncGMM(K=2),20
OSL_S_KT160,Weekday,10,2,2,0.0148,Weibull,Weibull,Weibull,TruncGMM(K=2),20
OSL_S_KT160,Weekday,11,2,2,0.0148,Weibull,Weibull,Weibull,TruncGMM(K=2),20
OSL_S_KT160,Weekday,12,3,2,0.0222,Weibull,Weibull,Weibull,TruncGMM(K=2),20
OSL_S_KT160,Weekday,13,5,2,0.037,Weibull,Weibull,Weibull,TruncGMM(K=2),5
OSL_S_KT160,Weekday,14,4,2,0.0296,Weibull,Weibull,Weibull,TruncGMM(K=2),20
OSL_S_KT160,Weekday,15,5,2,0.037,Weibull,Weibull,Weibull,TruncGMM(K=2),5
OSL_S_KT160,Weekday,16,2,2,0.0148,Weibull,Weibull,Weibull,TruncGMM(K=2),20
OSL_S_KT160,Weekday,17,3,2,0.0222,Weibull,Weibull,Weibull,TruncGMM(K=2),20
OSL_S_KT160,Weekday,18,6,2,0.0444,Weibull,Weibull,Weibull,TruncGMM(K=2),6
OSL_S_KT160,Weekday,19,5,2,0.037,Weibull,Weibull,Weibull,TruncGMM(K=2),5
OSL_S_KT160,Weekday,20,5,2,0.037,Weibull,Weibull,Weibull,TruncGMM(K=2),5
OSL_S_KT160,Weekday,21,11,2,0.0815,Weibull,Weibull,Weibull,TruncGMM(K=2),11
OSL_S_KT160,Weekday,22,3,2,0.0222,Weibull,Weibull,Weibull,TruncGMM(K=2),20
OSL_S_KT160,Weekday,23,7,2,0.0519,Weibull,Weibull,Weibull,TruncGMM(K=2),7
OSL_S_KT160,Weekday,24,6,2,0.0444,Weibull,Weibull,Weibull,TruncGMM(K=2),6
TRO_R_AsO10-1,Weekday,1,0,2,0.0,TruncGMM(K=3),Exponential,Weibull,TruncGMM(K=4),20
TRO_R_AsO10-1,Weekday,2,0,2,0.0,TruncGMM(K=3),Exponential,Weibull,TruncGMM(K=4),20
TRO_R_AsO10-1,Weekday,3,0,2,0.0,TruncGMM(K=3),Exponential,Weibull,TruncGMM(K=4),20
TRO_R_AsO10-1,Weekday,4,0,2,0.0,TruncGMM(K=3),Exponential,Weibull,TruncGMM(K=4),20
TRO_R_AsO10-1,Weekday,5,0,2,0.0,TruncGMM(K=3),Exponential,Weibull,TruncGMM(K=4),20
TRO_R_AsO10-1,Weekday,6,0,2,0.0,TruncGMM(K=3),Exponential,Weibull,TruncGMM(K=4),20
TRO_R_AsO10-1,Weekday,7,0,2,0.0,TruncGMM(K=3),Exponential,Weibull,TruncGMM(K=4),20
TRO_R_AsO10-1,Weekday,8,0,2,0.0,TruncGMM(K=3),Exponential,Weibull,TruncGMM(K=4),20
TRO_R_AsO10-1,Weekday,9,0,2,0.0,TruncGMM(K=3),Exponential,Weibull,TruncGMM(K=4),20
TRO_R_AsO10-1,Weekday,10,0,2,0.0,TruncGMM(K=3),Exponential,Weibull,TruncGMM(K=4),20
TRO_R_AsO10-1,Weekday,11,0,2,0.0,TruncGMM(K=3),Exponential,Weibull,TruncGMM(K=4),20
TRO_R_AsO10-1,Weekday,12,0,2,0.0,TruncGMM(K=3),Exponential,Weibull,TruncGMM(K=4),20
TRO_R_AsO10-1,Weekday,13,1,2,0.0101,TruncGMM(K=3),Exponential,Weibull,TruncGMM(K=4),20
TRO_R_AsO10-1,Weekday,14,3,2,0.0303,TruncGMM(K=3),Exponential,Weibull,TruncGMM(K=4),20
TRO_R_AsO10-1,Weekday,15,1,2,0.0101,TruncGMM(K=3),Exponential,Weibull,TruncGMM(K=4),20
TRO_R_AsO10-1,Weekday,16,15,1,0.1515,TruncGMM(K=2),LogNormal,LogNormal,Weibull,15
TRO_R_AsO10-1,Weekday,17,19,1,0.1919,LogNormal,TruncGMM(K=2),LogNormal,LogNormal,19
TRO_R_AsO10-1,Weekday,18,2,2,0.0202,TruncGMM(K=3),Exponential,Weibull,TruncGMM(K=4),20
TRO_R_AsO10-1,Weekday,19,4,2,0.0404,TruncGMM(K=3),Exponential,Weibull,TruncGMM(K=4),20
TRO_R_AsO10-1,Weekday,20,14,2,0.1414,TruncGMM(K=3),Exponential,Weibull,TruncGMM(K=4),14
TRO_R_AsO10-1,Weekday,21,15,1,0.1515,LogNormal,LogNormal,LogNormal,TruncGMM(K=4),15
TRO_R_AsO10-1,Weekday,22,10,2,0.101,TruncGMM(K=3),Exponential,Weibull,TruncGMM(K=4),10
TRO_R_AsO10-1,Weekday,23,11,2,0.1111,TruncGMM(K=3),Exponential,Weibull,TruncGMM(K=4),11
TRO_R_AsO10-1,Weekday,24,4,2,0.0404,TruncGMM(K=3),Exponential,Weibull,TruncGMM(K=4),20
OSL_T_38,Weekday,1,0,2,0.0,TruncGMM(K=3),Exponential,TruncGMM(K=1),TruncGMM(K=3),20
OSL_T_38,Weekday,2,0,2,0.0,TruncGMM(K=3),Exponential,TruncGMM(K=1),TruncGMM(K=3),20
OSL_T_38,Weekday,3,0,2,0.0,TruncGMM(K=3),Exponential,TruncGMM(K=1),TruncGMM(K=3),20
OSL_T_38,Weekday,4,0,2,0.0,TruncGMM(K=3),Exponential,TruncGMM(K=1),TruncGMM(K=3),20
OSL_T_38,Weekday,5,0,2,0.0,TruncGMM(K=3),Exponential,TruncGMM(K=1),TruncGMM(K=3),20
OSL_T_38,Weekday,6,0,2,0.0,TruncGMM(K=3),Exponential,TruncGMM(K=1),TruncGMM(K=3),20
OSL_T_38,Weekday,7,1,2,0.0085,TruncGMM(K=3),Exponential,TruncGMM(K=1),TruncGMM(K=3),20
OSL_T_38,Weekday,8,0,2,0.0,TruncGMM(K=3),Exponential,TruncGMM(K=1),TruncGMM(K=3),20
OSL_T_38,Weekday,9,2,2,0.0171,TruncGMM(K=3),Exponential,TruncGMM(K=1),TruncGMM(K=3),20
OSL_T_38,Weekday,10,0,2,0.0,TruncGMM(K=3),Exponential,TruncGMM(K=1),TruncGMM(K=3),20
OSL_T_38,Weekday,11,1,2,0.0085,TruncGMM(K=3),Exponential,TruncGMM(K=1),TruncGMM(K=3),20
OSL_T_38,Weekday,12,0,2,0.0,TruncGMM(K=3),Exponential,TruncGMM(K=1),TruncGMM(K=3),20
OSL_T_38,Weekday,13,1,2,0.0085,TruncGMM(K=3),Exponential,TruncGMM(K=1),TruncGMM(K=3),20
OSL_T_38,Weekday,14,2,2,0.0171,TruncGMM(K=3),Exponential,TruncGMM(K=1),TruncGMM(K=3),20
OSL_T_38,Weekday,15,4,2,0.0342,TruncGMM(K=3),Exponential,TruncGMM(K=1),TruncGMM(K=3),20
OSL_T_38,Weekday,16,26,1,0.2222,TruncGMM(K=3),Exponential,Weibull,LogNormal,26
OSL_T_38,Weekday,17,20,1,0.1709,TruncGMM(K=3),LogNormal,Weibull,Weibull,20
OSL_T_38,Weekday,18,13,2,0.1111,TruncGMM(K=3),Exponential,TruncGMM(K=1),TruncGMM(K=3),13
OSL_T_38,Weekday,19,9,2,0.0769,TruncGMM(K=3),Exponential,TruncGMM(K=1),TruncGMM(K=3),9
OSL_T_38,Weekday,20,5,2,0.0427,TruncGMM(K=3),Exponential,TruncGMM(K=1),TruncGMM(K=3),5
OSL_T_38,Weekday,21,8,2,0.0684,TruncGMM(K=3),Exponential,TruncGMM(K=1),TruncGMM(K=3),8
OSL_T_38,Weekday,22,8,2,0.0684,TruncGMM(K=3),Exponential,TruncGMM(K=1),TruncGMM(K=3),8
OSL_T_38,Weekday,23,15,1,0.1282,LogNormal,LogNormal,LogNormal,TruncGMM(K=1),15
OSL_T_38,Weekday,24,2,2,0.0171,TruncGMM(K=3),Exponential,TruncGMM(K=1),TruncGMM(K=3),20
KR_U1228,Weekday,1,0,2,0.0,TruncGMM(K=2),TruncGMM(K=4),TruncGMM(K=2),TruncGMM(K=2),20
KR_U1228,Weekday,2,0,2,0.0,TruncGMM(K=2),TruncGMM(K=4),TruncGMM(K=2),TruncGMM(K=2),20
KR_U1228,Weekday,3,0,2,0.0,TruncGMM(K=2),TruncGMM(K=4),TruncGMM(K=2),TruncGMM(K=2),20
KR_U1228,Weekday,4,0,2,0.0,TruncGMM(K=2),TruncGMM(K=4),TruncGMM(K=2),TruncGMM(K=2),20
KR_U1228,Weekday,5,0,2,0.0,TruncGMM(K=2),TruncGMM(K=4),TruncGMM(K=2),TruncGMM(K=2),20
KR_U1228,Weekday,6,0,2,0.0,TruncGMM(K=2),TruncGMM(K=4),TruncGMM(K=2),TruncGMM(K=2),20
KR_U1228,Weekday,7,0,2,0.0,TruncGMM(K=2),TruncGMM(K=4),TruncGMM(K=2),TruncGMM(K=2),20
KR_U1228,Weekday,8,0,2,0.0,TruncGMM(K=2),TruncGMM(K=4),TruncGMM(K=2),TruncGMM(K=2),20
KR_U1228,Weekday,9,0,2,0.0,TruncGMM(K=2),TruncGMM(K=4),TruncGMM(K=2),TruncGMM(K=2),20
KR_U1228,Weekday,10,1,2,0.0085,TruncGMM(K=2),TruncGMM(K=4),TruncGMM(K=2),TruncGMM(K=2),20
KR_U1228,Weekday,11,0,2,0.0,TruncGMM(K=2),TruncGMM(K=4),TruncGMM(K=2),TruncGMM(K=2),20
KR_U1228,Weekday,12,0,2,0.0,TruncGMM(K=2),TruncGMM(K=4),TruncGMM(K=2),TruncGMM(K=2),20
KR_U1228,Weekday,13,0,2,0.0,TruncGMM(K=2),TruncGMM(K=4),TruncGMM(K=2),TruncGMM(K=2),20
KR_U1228,Weekday,14,0,2,0.0,TruncGMM(K=2),TruncGMM(K=4),TruncGMM(K=2),TruncGMM(K=2),20
KR_U1228,Weekday,15,1,2,0.0085,TruncGMM(K=2),TruncGMM(K=4),TruncGMM(K=2),TruncGMM(K=2),20
KR_U1228,Weekday,16,0,2,0.0,TruncGMM(K=2),TruncGMM(K=4),TruncGMM(K=2),TruncGMM(K=2),20
KR_U1228,Weekday,17,2,2,0.0171,TruncGMM(K=2),TruncGMM(K=4),TruncGMM(K=2),TruncGMM(K=2),20
KR_U1228,Weekday,18,44,1,0.3761,LogNormal,TruncGMM(K=4),LogNormal,Weibull,44
KR_U1228,Weekday,19,62,1,0.5299,TruncGMM(K=2),TruncGMM(K=5),TruncGMM(K=2),LogNormal,62
KR_U1228,Weekday,20,5,2,0.0427,TruncGMM(K=2),TruncGMM(K=4),TruncGMM(K=2),TruncGMM(K=2),5
KR_U1228,Weekday,21,2,2,0.0171,TruncGMM(K=2),TruncGMM(K=4),TruncGMM(K=2),TruncGMM(K=2),20
KR_U1228,Weekday,22,0,2,0.0,TruncGMM(K=2),TruncGMM(K=4),TruncGMM(K=2),TruncGMM(K=2),20
KR_U1228,Weekday,23,0,2,0.0,TruncGMM(K=2),TruncGMM(K=4),TruncGMM(K=2),TruncGMM(K=2),20
KR_U1228,Weekday,24,0,2,0.0,TruncGMM(K=2),TruncGMM(K=4),TruncGMM(K=2),TruncGMM(K=2),20
KRO_aYnkLAxyEe,Weekday,1,0,2,0.0,TruncGMM(K=2),TruncGMM(K=5),TruncGMM(K=2),TruncGMM(K=3),20
KRO_aYnkLAxyEe,Weekday,2,0,2,0.0,TruncGMM(K=2),TruncGMM(K=5),TruncGMM(K=2),TruncGMM(K=3),20
KRO_aYnkLAxyEe,Weekday,3,0,2,0.0,TruncGMM(K=2),TruncGMM(K=5),TruncGMM(K=2),TruncGMM(K=3),20
KRO_aYnkLAxyEe,Weekday,4,0,2,0.0,TruncGMM(K=2),TruncGMM(K=5),TruncGMM(K=2),TruncGMM(K=3),20
KRO_aYnkLAxyEe,Weekday,5,0,2,0.0,TruncGMM(K=2),TruncGMM(K=5),TruncGMM(K=2),TruncGMM(K=3),20
KRO_aYnkLAxyEe,Weekday,6,0,2,0.0,TruncGMM(K=2),TruncGMM(K=5),TruncGMM(K=2),TruncGMM(K=3),20
KRO_aYnkLAxyEe,Weekday,7,0,2,0.0,TruncGMM(K=2),TruncGMM(K=5),TruncGMM(K=2),TruncGMM(K=3),20
KRO_aYnkLAxyEe,Weekday,8,1,2,0.011,TruncGMM(K=2),TruncGMM(K=5),TruncGMM(K=2),TruncGMM(K=3),20
KRO_aYnkLAxyEe,Weekday,9,2,2,0.022,TruncGMM(K=2),TruncGMM(K=5),TruncGMM(K=2),TruncGMM(K=3),20
KRO_aYnkLAxyEe,Weekday,10,2,2,0.022,TruncGMM(K=2),TruncGMM(K=5),TruncGMM(K=2),TruncGMM(K=3),20
KRO_aYnkLAxyEe,Weekday,11,1,2,0.011,TruncGMM(K=2),TruncGMM(K=5),TruncGMM(K=2),TruncGMM(K=3),20
KRO_aYnkLAxyEe,Weekday,12,1,2,0.011,TruncGMM(K=2),TruncGMM(K=5),TruncGMM(K=2),TruncGMM(K=3),20
KRO_aYnkLAxyEe,Weekday,13,1,2,0.011,TruncGMM(K=2),TruncGMM(K=5),TruncGMM(K=2),TruncGMM(K=3),20
KRO_aYnkLAxyEe,Weekday,14,0,2,0.0,TruncGMM(K=2),TruncGMM(K=5),TruncGMM(K=2),TruncGMM(K=3),20
KRO_aYnkLAxyEe,Weekday,15,3,2,0.033,TruncGMM(K=2),TruncGMM(K=5),TruncGMM(K=2),TruncGMM(K=3),20
KRO_aYnkLAxyEe,Weekday,16,29,1,0.3187,TruncGMM(K=3),Exponential,TruncGMM(K=1),Weibull,29
KRO_aYnkLAxyEe,Weekday,17,25,1,0.2747,TruncGMM(K=3),TruncGMM(K=2),LogNormal,LogNormal,25
KRO_aYnkLAxyEe,Weekday,18,9,2,0.0989,TruncGMM(K=2),TruncGMM(K=5),TruncGMM(K=2),TruncGMM(K=3),9
KRO_aYnkLAxyEe,Weekday,19,4,2,0.044,TruncGMM(K=2),TruncGMM(K=5),TruncGMM(K=2),TruncGMM(K=3),20
KRO_aYnkLAxyEe,Weekday,20,8,2,0.0879,TruncGMM(K=2),TruncGMM(K=5),TruncGMM(K=2),TruncGMM(K=3),8
KRO_aYnkLAxyEe,Weekday,21,5,2,0.0549,TruncGMM(K=2),TruncGMM(K=5),TruncGMM(K=2),TruncGMM(K=3),5
KRO_aYnkLAxyEe,Weekday,22,0,2,0.0,TruncGMM(K=2),TruncGMM(K=5),TruncGMM(K=2),TruncGMM(K=3),20
KRO_aYnkLAxyEe,Weekday,23,0,2,0.0,TruncGMM(K=2),TruncGMM(K=5),TruncGMM(K=2),TruncGMM(K=3),20
KRO_aYnkLAxyEe,Weekday,24,0,2,0.0,TruncGMM(K=2),TruncGMM(K=5),TruncGMM(K=2),TruncGMM(K=3),20
KR_U127,Weekday,1,0,2,0.0,TruncGMM(K=1),TruncGMM(K=6),TruncGMM(K=1),Weibull,20
KR_U127,Weekday,2,0,2,0.0,TruncGMM(K=1),TruncGMM(K=6),TruncGMM(K=1),Weibull,20
KR_U127,Weekday,3,0,2,0.0,TruncGMM(K=1),TruncGMM(K=6),TruncGMM(K=1),Weibull,20
KR_U127,Weekday,4,0,2,0.0,TruncGMM(K=1),TruncGMM(K=6),TruncGMM(K=1),Weibull,20
KR_U127,Weekday,5,0,2,0.0,TruncGMM(K=1),TruncGMM(K=6),TruncGMM(K=1),Weibull,20
KR_U127,Weekday,6,0,2,0.0,TruncGMM(K=1),TruncGMM(K=6),TruncGMM(K=1),Weibull,20
KR_U127,Weekday,7,0,2,0.0,TruncGMM(K=1),TruncGMM(K=6),TruncGMM(K=1),Weibull,20
KR_U127,Weekday,8,0,2,0.0,TruncGMM(K=1),TruncGMM(K=6),TruncGMM(K=1),Weibull,20
KR_U127,Weekday,9,0,2,0.0,TruncGMM(K=1),TruncGMM(K=6),TruncGMM(K=1),Weibull,20
KR_U127,Weekday,10,0,2,0.0,TruncGMM(K=1),TruncGMM(K=6),TruncGMM(K=1),Weibull,20
KR_U127,Weekday,11,5,2,0.0427,TruncGMM(K=1),TruncGMM(K=6),TruncGMM(K=1),Weibull,5
KR_U127,Weekday,12,6,2,0.0513,TruncGMM(K=1),TruncGMM(K=6),TruncGMM(K=1),Weibull,6
KR_U127,Weekday,13,6,2,0.0513,TruncGMM(K=1),TruncGMM(K=6),TruncGMM(K=1),Weibull,6
KR_U127,Weekday,14,7,2,0.0598,TruncGMM(K=1),TruncGMM(K=6),TruncGMM(K=1),Weibull,7
KR_U127,Weekday,15,15,1,0.1282,TruncGMM(K=2),Exponential,Weibull,Weibull,15
KR_U127,Weekday,16,33,1,0.282,TruncGMM(K=2),TruncGMM(K=2),TruncGMM(K=2),LogNormal,33
KR_U127,Weekday,17,19,1,0.1624,Weibull,TruncGMM(K=2),TruncGMM(K=1),TruncGMM(K=1),19
KR_U127,Weekday,18,26,1,0.2222,TruncGMM(K=2),TruncGMM(K=4),TruncGMM(K=2),LogNormal,26
KR_U127,Weekday,19,0,2,0.0,TruncGMM(K=1),TruncGMM(K=6),TruncGMM(K=1),Weibull,20
KR_U127,Weekday,20,0,2,0.0,TruncGMM(K=1),TruncGMM(K=6),TruncGMM(K=1),Weibull,20
KR_U127,Weekday,21,0,2,0.0,TruncGMM(K=1),TruncGMM(K=6),TruncGMM(K=1),Weibull,20
KR_U127,Weekday,22,0,2,0.0,TruncGMM(K=1),TruncGMM(K=6),TruncGMM(K=1),Weibull,20
KR_U127,Weekday,23,0,2,0.0,TruncGMM(K=1),TruncGMM(K=6),TruncGMM(K=1),Weibull,20
KR_U127,Weekday,24,0,2,0.0,TruncGMM(K=1),TruncGMM(K=6),TruncGMM(K=1),Weibull,20
KR_U109,Weekend,1,2,2,0.1,TruncGMM(K=2),Exponential,TruncGMM(K=2),TruncGMM(K=2),20
KR_U109,Weekend,2,0,2,0.0,TruncGMM(K=2),Exponential,TruncGMM(K=2),TruncGMM(K=2),20
KR_U109,Weekend,3,0,2,0.0,TruncGMM(K=2),Exponential,TruncGMM(K=2),TruncGMM(K=2),20
KR_U109,Weekend,4,0,2,0.0,TruncGMM(K=2),Exponential,TruncGMM(K=2),TruncGMM(K=2),20
KR_U109,Weekend,5,0,2,0.0,TruncGMM(K=2),Exponential,TruncGMM(K=2),TruncGMM(K=2),20
KR_U109,Weekend,6,0,2,0.0,TruncGMM(K=2),Exponential,TruncGMM(K=2),TruncGMM(K=2),20
KR_U109,Weekend,7,0,2,0.0,TruncGMM(K=2),Exponential,TruncGMM(K=2),TruncGMM(K=2),20
KR_U109,Weekend,8,0,2,0.0,TruncGMM(K=2),Exponential,TruncGMM(K=2),TruncGMM(K=2),20
KR_U109,Weekend,9,0,2,0.0,TruncGMM(K=2),Exponential,TruncGMM(K=2),TruncGMM(K=2),20
KR_U109,Weekend,10,0,2,0.0,TruncGMM(K=2),Exponential,TruncGMM(K=2),TruncGMM(K=2),20
KR_U109,Weekend,11,1,2,0.05,TruncGMM(K=2),Exponential,TruncGMM(K=2),TruncGMM(K=2),20
KR_U109,Weekend,12,0,2,0.0,TruncGMM(K=2),Exponential,TruncGMM(K=2),TruncGMM(K=2),20
KR_U109,Weekend,13,0,2,0.0,TruncGMM(K=2),Exponential,TruncGMM(K=2),TruncGMM(K=2),20
KR_U109,Weekend,14,0,2,0.0,TruncGMM(K=2),Exponential,TruncGMM(K=2),TruncGMM(K=2),20
KR_U109,Weekend,15,1,2,0.05,TruncGMM(K=2),Exponential,TruncGMM(K=2),TruncGMM(K=2),20
KR_U109,Weekend,16,0,2,0.0,TruncGMM(K=2),Exponential,TruncGMM(K=2),TruncGMM(K=2),20
KR_U109,Weekend,17,1,2,0.05,TruncGMM(K=2),Exponential,TruncGMM(K=2),TruncGMM(K=2),20
KR_U109,Weekend,18,0,2,0.0,TruncGMM(K=2),Exponential,TruncGMM(K=2),TruncGMM(K=2),20
KR_U109,Weekend,19,1,2,0.05,TruncGMM(K=2),Exponential,TruncGMM(K=2),TruncGMM(K=2),20
KR_U109,Weekend,20,2,2,0.1,TruncGMM(K=2),Exponential,TruncGMM(K=2),TruncGMM(K=2),20
KR_U109,Weekend,21,1,2,0.05,TruncGMM(K=2),Exponential,TruncGMM(K=2),TruncGMM(K=2),20
KR_U109,Weekend,22,2,2,0.1,TruncGMM(K=2),Exponential,TruncGMM(K=2),TruncGMM(K=2),20
KR_U109,Weekend,23,5,2,0.25,TruncGMM(K=2),Exponential,TruncGMM(K=2),TruncGMM(K=2),5
KR_U109,Weekend,24,4,2,0.2,TruncGMM(K=2),Exponential,TruncGMM(K=2),TruncGMM(K=2),20
KR_U195,Weekend,1,0,2,0.0,LogNormal,Exponential,Weibull,TruncGMM(K=4),20
KR_U195,Weekend,2,0,2,0.0,LogNormal,Exponential,Weibull,TruncGMM(K=4),20
KR_U195,Weekend,3,0,2,0.0,LogNormal,Exponential,Weibull,TruncGMM(K=4),20
KR_U195,Weekend,4,0,2,0.0,LogNormal,Exponential,Weibull,TruncGMM(K=4),20
KR_U195,Weekend,5,0,2,0.0,LogNormal,Exponential,Weibull,TruncGMM(K=4),20
KR_U195,Weekend,6,0,2,0.0,LogNormal,Exponential,Weibull,TruncGMM(K=4),20
KR_U195,Weekend,7,0,2,0.0,LogNormal,Exponential,Weibull,TruncGMM(K=4),20
KR_U195,Weekend,8,0,2,0.0,LogNormal,Exponential,Weibull,TruncGMM(K=4),20
KR_U195,Weekend,9,0,2,0.0,LogNormal,Exponential,Weibull,TruncGMM(K=4),20
KR_U195,Weekend,10,0,2,0.0,LogNormal,Exponential,Weibull,TruncGMM(K=4),20
KR_U195,Weekend,11,1,2,0.0625,LogNormal,Exponential,Weibull,TruncGMM(K=4),20
KR_U195,Weekend,12,0,2,0.0,LogNormal,Exponential,Weibull,TruncGMM(K=4),20
KR_U195,Weekend,13,2,2,0.125,LogNormal,Exponential,Weibull,TruncGMM(K=4),20
KR_U195,Weekend,14,4,2,0.25,LogNormal,Exponential,Weibull,TruncGMM(K=4),20
KR_U195,Weekend,15,2,2,0.125,LogNormal,Exponential,Weibull,TruncGMM(K=4),20
KR_U195,Weekend,16,0,2,0.0,LogNormal,Exponential,Weibull,TruncGMM(K=4),20
KR_U195,Weekend,17,1,2,0.0625,LogNormal,Exponential,Weibull,TruncGMM(K=4),20
KR_U195,Weekend,18,1,2,0.0625,LogNormal,Exponential,Weibull,TruncGMM(K=4),20
KR_U195,Weekend,19,0,2,0.0,LogNormal,Exponential,Weibull,TruncGMM(K=4),20
KR_U195,Weekend,20,0,2,0.0,LogNormal,Exponential,Weibull,TruncGMM(K=4),20
KR_U195,Weekend,21,2,2,0.125,LogNormal,Exponential,Weibull,TruncGMM(K=4),20
KR_U195,Weekend,22,0,2,0.0,LogNormal,Exponential,Weibull,TruncGMM(K=4),20
KR_U195,Weekend,23,0,2,0.0,LogNormal,Exponential,Weibull,TruncGMM(K=4),20
KR_U195,Weekend,24,3,2,0.1875,LogNormal,Exponential,Weibull,TruncGMM(K=4),20
KR_U1446,Weekday,1,0,2,0.0,Weibull,TruncGMM(K=5),TruncGMM(K=1),TruncGMM(K=3),20
KR_U1446,Weekday,2,0,2,0.0,Weibull,TruncGMM(K=5),TruncGMM(K=1),TruncGMM(K=3),20
KR_U1446,Weekday,3,0,2,0.0,Weibull,TruncGMM(K=5),TruncGMM(K=1),TruncGMM(K=3),20
KR_U1446,Weekday,4,0,2,0.0,Weibull,TruncGMM(K=5),TruncGMM(K=1),TruncGMM(K=3),20
KR_U1446,Weekday,5,0,2,0.0,Weibull,TruncGMM(K=5),TruncGMM(K=1),TruncGMM(K=3),20
KR_U1446,Weekday,6,0,2,0.0,Weibull,TruncGMM(K=5),TruncGMM(K=1),TruncGMM(K=3),20
KR_U1446,Weekday,7,0,2,0.0,Weibull,TruncGMM(K=5),TruncGMM(K=1),TruncGMM(K=3),20
KR_U1446,Weekday,8,0,2,0.0,Weibull,TruncGMM(K=5),TruncGMM(K=1),TruncGMM(K=3),20
KR_U1446,Weekday,9,0,2,0.0,Weibull,TruncGMM(K=5),TruncGMM(K=1),TruncGMM(K=3),20
KR_U1446,Weekday,10,3,2,0.0429,Weibull,TruncGMM(K=5),TruncGMM(K=1),TruncGMM(K=3),20
KR_U1446,Weekday,11,0,2,0.0,Weibull,TruncGMM(K=5),TruncGMM(K=1),TruncGMM(K=3),20
KR_U1446,Weekday,12,1,2,0.0143,Weibull,TruncGMM(K=5),TruncGMM(K=1),TruncGMM(K=3),20
KR_U1446,Weekday,13,0,2,0.0,Weibull,TruncGMM(K=5),TruncGMM(K=1),TruncGMM(K=3),20
KR_U1446,Weekday,14,0,2,0.0,Weibull,TruncGMM(K=5),TruncGMM(K=1),TruncGMM(K=3),20
KR_U1446,Weekday,15,1,2,0.0143,Weibull,TruncGMM(K=5),TruncGMM(K=1),TruncGMM(K=3),20
KR_U1446,Weekday,16,4,2,0.0571,Weibull,TruncGMM(K=5),TruncGMM(K=1),TruncGMM(K=3),20
KR_U1446,Weekday,17,26,1,0.3714,TruncGMM(K=2),TruncGMM(K=4),TruncGMM(K=2),Weibull,26
KR_U1446,Weekday,18,31,1,0.4428,Weibull,TruncGMM(K=4),Weibull,LogNormal,31
KR_U1446,Weekday,19,3,2,0.0429,Weibull,TruncGMM(K=5),TruncGMM(K=1),TruncGMM(K=3),20
KR_U1446,Weekday,20,0,2,0.0,Weibull,TruncGMM(K=5),TruncGMM(K=1),TruncGMM(K=3),20
KR_U1446,Weekday,21,0,2,0.0,Weibull,TruncGMM(K=5),TruncGMM(K=1),TruncGMM(K=3),20
KR_U1446,Weekday,22,1,2,0.0143,Weibull,TruncGMM(K=5),TruncGMM(K=1),TruncGMM(K=3),20
KR_U1446,Weekday,23,0,2,0.0,Weibull,TruncGMM(K=5),TruncGMM(K=1),TruncGMM(K=3),20
KR_U1446,Weekday,24,0,2,0.0,Weibull,TruncGMM(K=5),TruncGMM(K=1),TruncGMM(K=3),20
OSL_S_KT45,Weekday,1,9,2,0.0249,TruncGMM(K=3),TruncGMM(K=5),Weibull,TruncGMM(K=3),9
OSL_S_KT45,Weekday,2,14,2,0.0388,TruncGMM(K=3),TruncGMM(K=5),Weibull,TruncGMM(K=3),14
OSL_S_KT45,Weekday,3,10,2,0.0277,TruncGMM(K=3),TruncGMM(K=5),Weibull,TruncGMM(K=3),10
OSL_S_KT45,Weekday,4,4,2,0.0111,TruncGMM(K=3),TruncGMM(K=5),Weibull,TruncGMM(K=3),20
OSL_S_KT45,Weekday,5,1,2,0.0028,TruncGMM(K=3),TruncGMM(K=5),Weibull,TruncGMM(K=3),20
OSL_S_KT45,Weekday,6,2,2,0.0055,TruncGMM(K=3),TruncGMM(K=5),Weibull,TruncGMM(K=3),20
OSL_S_KT45,Weekday,7,1,2,0.0028,TruncGMM(K=3),TruncGMM(K=5),Weibull,TruncGMM(K=3),20
OSL_S_KT45,Weekday,8,1,2,0.0028,TruncGMM(K=3),TruncGMM(K=5),Weibull,TruncGMM(K=3),20
OSL_S_KT45,Weekday,9,3,2,0.0083,TruncGMM(K=3),TruncGMM(K=5),Weibull,TruncGMM(K=3),20
OSL_S_KT45,Weekday,10,1,2,0.0028,TruncGMM(K=3),TruncGMM(K=5),Weibull,TruncGMM(K=3),20
OSL_S_KT45,Weekday,11,2,2,0.0055,TruncGMM(K=3),TruncGMM(K=5),Weibull,TruncGMM(K=3),20
OSL_S_KT45,Weekday,12,3,2,0.0083,TruncGMM(K=3),TruncGMM(K=5),Weibull,TruncGMM(K=3),20
OSL_S_KT45,Weekday,13,1,2,0.0028,TruncGMM(K=3),TruncGMM(K=5),Weibull,TruncGMM(K=3),20
OSL_S_KT45,Weekday,14,2,2,0.0055,TruncGMM(K=3),TruncGMM(K=5),Weibull,TruncGMM(K=3),20
OSL_S_KT45,Weekday,15,17,1,0.0471,LogNormal,LogNormal,LogNormal,TruncGMM(K=1),17
OSL_S_KT45,Weekday,16,15,1,0.0416,Exponential,Exponential,LogNormal,TruncGMM(K=2),15
OSL_S_KT45,Weekday,17,38,1,0.1053,TruncGMM(K=2),Exponential,Weibull,TruncGMM(K=3),38
OSL_S_KT45,Weekday,18,69,1,0.1911,Exponential,Exponential,Weibull,TruncGMM(K=2),69
OSL_S_KT45,Weekday,19,37,1,0.1025,TruncGMM(K=3),Weibull,Weibull,TruncGMM(K=1),37
OSL_S_KT45,Weekday,20,31,1,0.0859,TruncGMM(K=3),LogNormal,TruncGMM(K=1),TruncGMM(K=2),31
OSL_S_KT45,Weekday,21,20,1,0.0554,TruncGMM(K=3),Exponential,TruncGMM(K=1),TruncGMM(K=2),20
OSL_S_KT45,Weekday,22,20,1,0.0554,TruncGMM(K=3),Weibull,TruncGMM(K=1),TruncGMM(K=3),20
OSL_S_KT45,Weekday,23,33,1,0.0914,TruncGMM(K=3),LogNormal,TruncGMM(K=1),TruncGMM(K=1),33
OSL_S_KT45,Weekday,24,27,1,0.0748,Weibull,Exponential,TruncGMM(K=1),TruncGMM(K=2),27
KR_U98,Weekend,1,0,2,0.0,TruncGMM(K=1),TruncGMM(K=5),TruncGMM(K=2),TruncGMM(K=6),20
KR_U98,Weekend,2,0,2,0.0,TruncGMM(K=1),TruncGMM(K=5),TruncGMM(K=2),TruncGMM(K=6),20
KR_U98,Weekend,3,0,2,0.0,TruncGMM(K=1),TruncGMM(K=5),TruncGMM(K=2),TruncGMM(K=6),20
KR_U98,Weekend,4,0,2,0.0,TruncGMM(K=1),TruncGMM(K=5),TruncGMM(K=2),TruncGMM(K=6),20
KR_U98,Weekend,5,0,2,0.0,TruncGMM(K=1),TruncGMM(K=5),TruncGMM(K=2),TruncGMM(K=6),20
KR_U98,Weekend,6,0,2,0.0,TruncGMM(K=1),TruncGMM(K=5),TruncGMM(K=2),TruncGMM(K=6),20
KR_U98,Weekend,7,0,2,0.0,TruncGMM(K=1),TruncGMM(K=5),TruncGMM(K=2),TruncGMM(K=6),20
KR_U98,Weekend,8,0,2,0.0,TruncGMM(K=1),TruncGMM(K=5),TruncGMM(K=2),TruncGMM(K=6),20
KR_U98,Weekend,9,1,2,0.05,TruncGMM(K=1),TruncGMM(K=5),TruncGMM(K=2),TruncGMM(K=6),20
KR_U98,Weekend,10,1,2,0.05,TruncGMM(K=1),TruncGMM(K=5),TruncGMM(K=2),TruncGMM(K=6),20
KR_U98,Weekend,11,0,2,0.0,TruncGMM(K=1),TruncGMM(K=5),TruncGMM(K=2),TruncGMM(K=6),20
KR_U98,Weekend,12,0,2,0.0,TruncGMM(K=1),TruncGMM(K=5),TruncGMM(K=2),TruncGMM(K=6),20
KR_U98,Weekend,13,4,2,0.2,TruncGMM(K=1),TruncGMM(K=5),TruncGMM(K=2),TruncGMM(K=6),20
KR_U98,Weekend,14,0,2,0.0,TruncGMM(K=1),TruncGMM(K=5),TruncGMM(K=2),TruncGMM(K=6),20
KR_U98,Weekend,15,0,2,0.0,TruncGMM(K=1),TruncGMM(K=5),TruncGMM(K=2),TruncGMM(K=6),20
KR_U98,Weekend,16,2,2,0.1,TruncGMM(K=1),TruncGMM(K=5),TruncGMM(K=2),TruncGMM(K=6),20
KR_U98,Weekend,17,2,2,0.1,TruncGMM(K=1),TruncGMM(K=5),TruncGMM(K=2),TruncGMM(K=6),20
KR_U98,Weekend,18,3,2,0.15,TruncGMM(K=1),TruncGMM(K=5),TruncGMM(K=2),TruncGMM(K=6),20
KR_U98,Weekend,19,4,2,0.2,TruncGMM(K=1),TruncGMM(K=5),TruncGMM(K=2),TruncGMM(K=6),20
KR_U98,Weekend,20,1,2,0.05,TruncGMM(K=1),TruncGMM(K=5),TruncGMM(K=2),TruncGMM(K=6),20
KR_U98,Weekend,21,0,2,0.0,TruncGMM(K=1),TruncGMM(K=5),TruncGMM(K=2),TruncGMM(K=6),20
KR_U98,Weekend,22,2,2,0.1,TruncGMM(K=1),TruncGMM(K=5),TruncGMM(K=2),TruncGMM(K=6),20
KR_U98,Weekend,23,0,2,0.0,TruncGMM(K=1),TruncGMM(K=5),TruncGMM(K=2),TruncGMM(K=6),20
KR_U98,Weekend,24,0,2,0.0,TruncGMM(K=1),TruncGMM(K=5),TruncGMM(K=2),TruncGMM(K=6),20
ASK_Plass87,Weekend,1,0,2,0.0,TruncGMM(K=2),Exponential,TruncGMM(K=1),TruncGMM(K=1),20
ASK_Plass87,Weekend,2,1,2,0.0313,TruncGMM(K=2),Exponential,TruncGMM(K=1),TruncGMM(K=1),20
ASK_Plass87,Weekend,3,0,2,0.0,TruncGMM(K=2),Exponential,TruncGMM(K=1),TruncGMM(K=1),20
ASK_Plass87,Weekend,4,0,2,0.0,TruncGMM(K=2),Exponential,TruncGMM(K=1),TruncGMM(K=1),20
ASK_Plass87,Weekend,5,0,2,0.0,TruncGMM(K=2),Exponential,TruncGMM(K=1),TruncGMM(K=1),20
ASK_Plass87,Weekend,6,0,2,0.0,TruncGMM(K=2),Exponential,TruncGMM(K=1),TruncGMM(K=1),20
ASK_Plass87,Weekend,7,0,2,0.0,TruncGMM(K=2),Exponential,TruncGMM(K=1),TruncGMM(K=1),20
ASK_Plass87,Weekend,8,0,2,0.0,TruncGMM(K=2),Exponential,TruncGMM(K=1),TruncGMM(K=1),20
ASK_Plass87,Weekend,9,0,2,0.0,TruncGMM(K=2),Exponential,TruncGMM(K=1),TruncGMM(K=1),20
ASK_Plass87,Weekend,10,0,2,0.0,TruncGMM(K=2),Exponential,TruncGMM(K=1),TruncGMM(K=1),20
ASK_Plass87,Weekend,11,1,2,0.0313,TruncGMM(K=2),Exponential,TruncGMM(K=1),TruncGMM(K=1),20
ASK_Plass87,Weekend,12,2,2,0.0625,TruncGMM(K=2),Exponential,TruncGMM(K=1),TruncGMM(K=1),20
ASK_Plass87,Weekend,13,12,2,0.375,TruncGMM(K=2),Exponential,TruncGMM(K=1),TruncGMM(K=1),12
ASK_Plass87,Weekend,14,4,2,0.125,TruncGMM(K=2),Exponential,TruncGMM(K=1),TruncGMM(K=1),20
ASK_Plass87,Weekend,15,1,2,0.0313,TruncGMM(K=2),Exponential,TruncGMM(K=1),TruncGMM(K=1),20
ASK_Plass87,Weekend,16,1,2,0.0313,TruncGMM(K=2),Exponential,TruncGMM(K=1),TruncGMM(K=1),20
ASK_Plass87,Weekend,17,3,2,0.0937,TruncGMM(K=2),Exponential,TruncGMM(K=1),TruncGMM(K=1),20
ASK_Plass87,Weekend,18,4,2,0.125,TruncGMM(K=2),Exponential,TruncGMM(K=1),TruncGMM(K=1),20
ASK_Plass87,Weekend,19,0,2,0.0,TruncGMM(K=2),Exponential,TruncGMM(K=1),TruncGMM(K=1),20
ASK_Plass87,Weekend,20,3,2,0.0937,TruncGMM(K=2),Exponential,TruncGMM(K=1),TruncGMM(K=1),20
ASK_Plass87,Weekend,21,0,2,0.0,TruncGMM(K=2),Exponential,TruncGMM(K=1),TruncGMM(K=1),20
ASK_Plass87,Weekend,22,0,2,0.0,TruncGMM(K=2),Exponential,TruncGMM(K=1),TruncGMM(K=1),20
ASK_Plass87,Weekend,23,0,2,0.0,TruncGMM(K=2),Exponential,TruncGMM(K=1),TruncGMM(K=1),20
ASK_Plass87,Weekend,24,0,2,0.0,TruncGMM(K=2),Exponential,TruncGMM(K=1),TruncGMM(K=1),20
OSL_T_26,Weekday,1,0,2,0.0,TruncGMM(K=2),TruncGMM(K=4),TruncGMM(K=2),TruncGMM(K=6),20
OSL_T_26,Weekday,2,0,2,0.0,TruncGMM(K=2),TruncGMM(K=4),TruncGMM(K=2),TruncGMM(K=6),20
OSL_T_26,Weekday,3,0,2,0.0,TruncGMM(K=2),TruncGMM(K=4),TruncGMM(K=2),TruncGMM(K=6),20
OSL_T_26,Weekday,4,0,2,0.0,TruncGMM(K=2),TruncGMM(K=4),TruncGMM(K=2),TruncGMM(K=6),20
OSL_T_26,Weekday,5,0,2,0.0,TruncGMM(K=2),TruncGMM(K=4),TruncGMM(K=2),TruncGMM(K=6),20
OSL_T_26,Weekday,6,0,2,0.0,TruncGMM(K=2),TruncGMM(K=4),TruncGMM(K=2),TruncGMM(K=6),20
OSL_T_26,Weekday,7,0,2,0.0,TruncGMM(K=2),TruncGMM(K=4),TruncGMM(K=2),TruncGMM(K=6),20
OSL_T_26,Weekday,8,0,2,0.0,TruncGMM(K=2),TruncGMM(K=4),TruncGMM(K=2),TruncGMM(K=6),20
OSL_T_26,Weekday,9,0,2,0.0,TruncGMM(K=2),TruncGMM(K=4),TruncGMM(K=2),TruncGMM(K=6),20
OSL_T_26,Weekday,10,1,2,0.0049,TruncGMM(K=2),TruncGMM(K=4),TruncGMM(K=2),TruncGMM(K=6),20
OSL_T_26,Weekday,11,13,2,0.0634,TruncGMM(K=2),TruncGMM(K=4),TruncGMM(K=2),TruncGMM(K=6),13
OSL_T_26,Weekday,12,19,1,0.0927,Weibull,TruncGMM(K=3),Weibull,LogNormal,19
OSL_T_26,Weekday,13,5,2,0.0244,TruncGMM(K=2),TruncGMM(K=4),TruncGMM(K=2),TruncGMM(K=6),5
OSL_T_26,Weekday,14,0,2,0.0,TruncGMM(K=2),TruncGMM(K=4),TruncGMM(K=2),TruncGMM(K=6),20
OSL_T_26,Weekday,15,0,2,0.0,TruncGMM(K=2),TruncGMM(K=4),TruncGMM(K=2),TruncGMM(K=6),20
OSL_T_26,Weekday,16,12,2,0.0585,TruncGMM(K=2),TruncGMM(K=4),TruncGMM(K=2),TruncGMM(K=6),12
OSL_T_26,Weekday,17,83,1,0.4049,TruncGMM(K=2),TruncGMM(K=2),Weibull,TruncGMM(K=2),83
OSL_T_26,Weekday,18,46,1,0.2244,TruncGMM(K=2),Exponential,Weibull,LogNormal,46
OSL_T_26,Weekday,19,0,2,0.0,TruncGMM(K=2),TruncGMM(K=4),TruncGMM(K=2),TruncGMM(K=6),20
OSL_T_26,Weekday,20,2,2,0.0098,TruncGMM(K=2),TruncGMM(K=4),TruncGMM(K=2),TruncGMM(K=6),20
OSL_T_26,Weekday,21,3,2,0.0146,TruncGMM(K=2),TruncGMM(K=4),TruncGMM(K=2),TruncGMM(K=6),20
OSL_T_26,Weekday,22,1,2,0.0049,TruncGMM(K=2),TruncGMM(K=4),TruncGMM(K=2),TruncGMM(K=6),20
OSL_T_26,Weekday,23,19,1,0.0927,Weibull,TruncGMM(K=3),TruncGMM(K=2),LogNormal,19
OSL_T_26,Weekday,24,1,2,0.0049,TruncGMM(K=2),TruncGMM(K=4),TruncGMM(K=2),TruncGMM(K=6),20
OSL_T_35,Weekday,1,0,2,0.0,TruncGMM(K=3),TruncGMM(K=6),TruncGMM(K=2),TruncGMM(K=1),20
OSL_T_35,Weekday,2,0,2,0.0,TruncGMM(K=3),TruncGMM(K=6),TruncGMM(K=2),TruncGMM(K=1),20
OSL_T_35,Weekday,3,0,2,0.0,TruncGMM(K=3),TruncGMM(K=6),TruncGMM(K=2),TruncGMM(K=1),20
OSL_T_35,Weekday,4,0,2,0.0,TruncGMM(K=3),TruncGMM(K=6),TruncGMM(K=2),TruncGMM(K=1),20
OSL_T_35,Weekday,5,0,2,0.0,TruncGMM(K=3),TruncGMM(K=6),TruncGMM(K=2),TruncGMM(K=1),20
OSL_T_35,Weekday,6,1,2,0.0048,TruncGMM(K=3),TruncGMM(K=6),TruncGMM(K=2),TruncGMM(K=1),20
OSL_T_35,Weekday,7,1,2,0.0048,TruncGMM(K=3),TruncGMM(K=6),TruncGMM(K=2),TruncGMM(K=1),20
OSL_T_35,Weekday,8,0,2,0.0,TruncGMM(K=3),TruncGMM(K=6),TruncGMM(K=2),TruncGMM(K=1),20
OSL_T_35,Weekday,9,3,2,0.0144,TruncGMM(K=3),TruncGMM(K=6),TruncGMM(K=2),TruncGMM(K=1),20
OSL_T_35,Weekday,10,1,2,0.0048,TruncGMM(K=3),TruncGMM(K=6),TruncGMM(K=2),TruncGMM(K=1),20
OSL_T_35,Weekday,11,6,2,0.0288,TruncGMM(K=3),TruncGMM(K=6),TruncGMM(K=2),TruncGMM(K=1),6
OSL_T_35,Weekday,12,10,2,0.0481,TruncGMM(K=3),TruncGMM(K=6),TruncGMM(K=2),TruncGMM(K=1),10
OSL_T_35,Weekday,13,12,2,0.0577,TruncGMM(K=3),TruncGMM(K=6),TruncGMM(K=2),TruncGMM(K=1),12
OSL_T_35,Weekday,14,13,2,0.0625,TruncGMM(K=3),TruncGMM(K=6),TruncGMM(K=2),TruncGMM(K=1),13
OSL_T_35,Weekday,15,21,1,0.101,TruncGMM(K=2),TruncGMM(K=1),Weibull,TruncGMM(K=1),21
OSL_T_35,Weekday,16,36,1,0.1731,TruncGMM(K=3),Weibull,LogNormal,Weibull,36
OSL_T_35,Weekday,17,47,1,0.226,TruncGMM(K=2),Exponential,TruncGMM(K=2),LogNormal,47
OSL_T_35,Weekday,18,14,2,0.0673,TruncGMM(K=3),TruncGMM(K=6),TruncGMM(K=2),TruncGMM(K=1),14
OSL_T_35,Weekday,19,12,2,0.0577,TruncGMM(K=3),TruncGMM(K=6),TruncGMM(K=2),TruncGMM(K=1),12
OSL_T_35,Weekday,20,13,2,0.0625,TruncGMM(K=3),TruncGMM(K=6),TruncGMM(K=2),TruncGMM(K=1),13
OSL_T_35,Weekday,21,11,2,0.0529,TruncGMM(K=3),TruncGMM(K=6),TruncGMM(K=2),TruncGMM(K=1),11
OSL_T_35,Weekday,22,5,2,0.024,TruncGMM(K=3),TruncGMM(K=6),TruncGMM(K=2),TruncGMM(K=1),5
OSL_T_35,Weekday,23,1,2,0.0048,TruncGMM(K=3),TruncGMM(K=6),TruncGMM(K=2),TruncGMM(K=1),20
OSL_T_35,Weekday,24,1,2,0.0048,TruncGMM(K=3),TruncGMM(K=6),TruncGMM(K=2),TruncGMM(K=1),20
KR_U73,Weekday,1,0,2,0.0,Weibull,TruncGMM(K=3),Weibull,TruncGMM(K=3),20
KR_U73,Weekday,2,0,2,0.0,Weibull,TruncGMM(K=3),Weibull,TruncGMM(K=3),20
KR_U73,Weekday,3,0,2,0.0,Weibull,TruncGMM(K=3),Weibull,TruncGMM(K=3),20
KR_U73,Weekday,4,0,2,0.0,Weibull,TruncGMM(K=3),Weibull,TruncGMM(K=3),20
KR_U73,Weekday,5,0,2,0.0,Weibull,TruncGMM(K=3),Weibull,TruncGMM(K=3),20
KR_U73,Weekday,6,0,2,0.0,Weibull,TruncGMM(K=3),Weibull,TruncGMM(K=3),20
KR_U73,Weekday,7,0,2,0.0,Weibull,TruncGMM(K=3),Weibull,TruncGMM(K=3),20
KR_U73,Weekday,8,2,2,0.0208,Weibull,TruncGMM(K=3),Weibull,TruncGMM(K=3),20
KR_U73,Weekday,9,0,2,0.0,Weibull,TruncGMM(K=3),Weibull,TruncGMM(K=3),20
KR_U73,Weekday,10,8,2,0.0833,Weibull,TruncGMM(K=3),Weibull,TruncGMM(K=3),8
KR_U73,Weekday,11,25,1,0.2604,LogNormal,LogNormal,LogNormal,Weibull,25
KR_U73,Weekday,12,14,2,0.1458,Weibull,TruncGMM(K=3),Weibull,TruncGMM(K=3),14
KR_U73,Weekday,13,4,2,0.0417,Weibull,TruncGMM(K=3),Weibull,TruncGMM(K=3),20
KR_U73,Weekday,14,12,2,0.125,Weibull,TruncGMM(K=3),Weibull,TruncGMM(K=3),12
KR_U73,Weekday,15,18,1,0.1875,TruncGMM(K=1),TruncGMM(K=1),TruncGMM(K=1),TruncGMM(K=3),18
KR_U73,Weekday,16,6,2,0.0625,Weibull,TruncGMM(K=3),Weibull,TruncGMM(K=3),6
KR_U73,Weekday,17,3,2,0.0313,Weibull,TruncGMM(K=3),Weibull,TruncGMM(K=3),20
KR_U73,Weekday,18,2,2,0.0208,Weibull,TruncGMM(K=3),Weibull,TruncGMM(K=3),20
KR_U73,Weekday,19,0,2,0.0,Weibull,TruncGMM(K=3),Weibull,TruncGMM(K=3),20
KR_U73,Weekday,20,0,2,0.0,Weibull,TruncGMM(K=3),Weibull,TruncGMM(K=3),20
KR_U73,Weekday,21,1,2,0.0104,Weibull,TruncGMM(K=3),Weibull,TruncGMM(K=3),20
KR_U73,Weekday,22,0,2,0.0,Weibull,TruncGMM(K=3),Weibull,TruncGMM(K=3),20
KR_U73,Weekday,23,0,2,0.0,Weibull,TruncGMM(K=3),Weibull,TruncGMM(K=3),20
KR_U73,Weekday,24,1,2,0.0104,Weibull,TruncGMM(K=3),Weibull,TruncGMM(K=3),20
OSL_S_KT162,Weekday,1,26,1,0.1421,TruncGMM(K=3),TruncGMM(K=3),Weibull,TruncGMM(K=1),26
OSL_S_KT162,Weekday,2,6,2,0.0328,Weibull,LogNormal,TruncGMM(K=1),TruncGMM(K=3),6
OSL_S_KT162,Weekday,3,7,2,0.0383,Weibull,LogNormal,TruncGMM(K=1),TruncGMM(K=3),7
OSL_S_KT162,Weekday,4,1,2,0.0055,Weibull,LogNormal,TruncGMM(K=1),TruncGMM(K=3),20
OSL_S_KT162,Weekday,5,2,2,0.0109,Weibull,LogNormal,TruncGMM(K=1),TruncGMM(K=3),20
OSL_S_KT162,Weekday,6,0,2,0.0,Weibull,LogNormal,TruncGMM(K=1),TruncGMM(K=3),20
OSL_S_KT162,Weekday,7,0,2,0.0,Weibull,LogNormal,TruncGMM(K=1),TruncGMM(K=3),20
OSL_S_KT162,Weekday,8,0,2,0.0,Weibull,LogNormal,TruncGMM(K=1),TruncGMM(K=3),20
OSL_S_KT162,Weekday,9,1,2,0.0055,Weibull,LogNormal,TruncGMM(K=1),TruncGMM(K=3),20
OSL_S_KT162,Weekday,10,1,2,0.0055,Weibull,LogNormal,TruncGMM(K=1),TruncGMM(K=3),20
OSL_S_KT162,Weekday,11,2,2,0.0109,Weibull,LogNormal,TruncGMM(K=1),TruncGMM(K=3),20
OSL_S_KT162,Weekday,12,1,2,0.0055,Weibull,LogNormal,TruncGMM(K=1),TruncGMM(K=3),20
OSL_S_KT162,Weekday,13,2,2,0.0109,Weibull,LogNormal,TruncGMM(K=1),TruncGMM(K=3),20
OSL_S_KT162,Weekday,14,3,2,0.0164,Weibull,LogNormal,TruncGMM(K=1),TruncGMM(K=3),20
OSL_S_KT162,Weekday,15,4,2,0.0219,Weibull,LogNormal,TruncGMM(K=1),TruncGMM(K=3),20
OSL_S_KT162,Weekday,16,5,2,0.0273,Weibull,LogNormal,TruncGMM(K=1),TruncGMM(K=3),5
OSL_S_KT162,Weekday,17,20,1,0.1093,TruncGMM(K=2),Exponential,Exponential,TruncGMM(K=2),20
OSL_S_KT162,Weekday,18,14,2,0.0765,Weibull,LogNormal,TruncGMM(K=1),TruncGMM(K=3),14
OSL_S_KT162,Weekday,19,6,2,0.0328,Weibull,LogNormal,TruncGMM(K=1),TruncGMM(K=3),6
OSL_S_KT162,Weekday,20,10,2,0.0546,Weibull,LogNormal,TruncGMM(K=1),TruncGMM(K=3),10
OSL_S_KT162,Weekday,21,4,2,0.0219,Weibull,LogNormal,TruncGMM(K=1),TruncGMM(K=3),20
OSL_S_KT162,Weekday,22,17,1,0.0929,LogNormal,LogNormal,TruncGMM(K=2),TruncGMM(K=2),17
OSL_S_KT162,Weekday,23,24,1,0.1311,TruncGMM(K=2),TruncGMM(K=4),TruncGMM(K=2),Weibull,24
OSL_S_KT162,Weekday,24,27,1,0.1475,TruncGMM(K=2),Exponential,TruncGMM(K=2),TruncGMM(K=2),27
OSL_S_KT202,Weekend,1,1,2,0.0147,TruncGMM(K=1),Weibull,TruncGMM(K=1),TruncGMM(K=1),20
OSL_S_KT202,Weekend,2,0,2,0.0,TruncGMM(K=1),Weibull,TruncGMM(K=1),TruncGMM(K=1),20
OSL_S_KT202,Weekend,3,0,2,0.0,TruncGMM(K=1),Weibull,TruncGMM(K=1),TruncGMM(K=1),20
OSL_S_KT202,Weekend,4,0,2,0.0,TruncGMM(K=1),Weibull,TruncGMM(K=1),TruncGMM(K=1),20
OSL_S_KT202,Weekend,5,0,2,0.0,TruncGMM(K=1),Weibull,TruncGMM(K=1),TruncGMM(K=1),20
OSL_S_KT202,Weekend,6,0,2,0.0,TruncGMM(K=1),Weibull,TruncGMM(K=1),TruncGMM(K=1),20
OSL_S_KT202,Weekend,7,0,2,0.0,TruncGMM(K=1),Weibull,TruncGMM(K=1),TruncGMM(K=1),20
OSL_S_KT202,Weekend,8,0,2,0.0,TruncGMM(K=1),Weibull,TruncGMM(K=1),TruncGMM(K=1),20
OSL_S_KT202,Weekend,9,0,2,0.0,TruncGMM(K=1),Weibull,TruncGMM(K=1),TruncGMM(K=1),20
OSL_S_KT202,Weekend,10,1,2,0.0147,TruncGMM(K=1),Weibull,TruncGMM(K=1),TruncGMM(K=1),20
OSL_S_KT202,Weekend,11,1,2,0.0147,TruncGMM(K=1),Weibull,TruncGMM(K=1),TruncGMM(K=1),20
OSL_S_KT202,Weekend,12,4,2,0.0588,TruncGMM(K=1),Weibull,TruncGMM(K=1),TruncGMM(K=1),20
OSL_S_KT202,Weekend,13,5,2,0.0735,TruncGMM(K=1),Weibull,TruncGMM(K=1),TruncGMM(K=1),5
OSL_S_KT202,Weekend,14,3,2,0.0441,TruncGMM(K=1),Weibull,TruncGMM(K=1),TruncGMM(K=1),20
OSL_S_KT202,Weekend,15,8,2,0.1176,TruncGMM(K=1),Weibull,TruncGMM(K=1),TruncGMM(K=1),8
OSL_S_KT202,Weekend,16,10,2,0.1471,TruncGMM(K=1),Weibull,TruncGMM(K=1),TruncGMM(K=1),10
OSL_S_KT202,Weekend,17,9,2,0.1323,TruncGMM(K=1),Weibull,TruncGMM(K=1),TruncGMM(K=1),9
OSL_S_KT202,Weekend,18,5,2,0.0735,TruncGMM(K=1),Weibull,TruncGMM(K=1),TruncGMM(K=1),5
OSL_S_KT202,Weekend,19,3,2,0.0441,TruncGMM(K=1),Weibull,TruncGMM(K=1),TruncGMM(K=1),20
OSL_S_KT202,Weekend,20,6,2,0.0882,TruncGMM(K=1),Weibull,TruncGMM(K=1),TruncGMM(K=1),6
OSL_S_KT202,Weekend,21,2,2,0.0294,TruncGMM(K=1),Weibull,TruncGMM(K=1),TruncGMM(K=1),20
OSL_S_KT202,Weekend,22,2,2,0.0294,TruncGMM(K=1),Weibull,TruncGMM(K=1),TruncGMM(K=1),20
OSL_S_KT202,Weekend,23,4,2,0.0588,TruncGMM(K=1),Weibull,TruncGMM(K=1),TruncGMM(K=1),20
OSL_S_KT202,Weekend,24,4,2,0.0588,TruncGMM(K=1),Weibull,TruncGMM(K=1),TruncGMM(K=1),20
OSL_S_KT137,Weekday,1,5,2,0.0208,TruncGMM(K=3),Weibull,TruncGMM(K=2),TruncGMM(K=5),5
OSL_S_KT137,Weekday,2,5,2,0.0208,TruncGMM(K=3),Weibull,TruncGMM(K=2),TruncGMM(K=5),5
OSL_S_KT137,Weekday,3,0,2,0.0,TruncGMM(K=3),Weibull,TruncGMM(K=2),TruncGMM(K=5),20
OSL_S_KT137,Weekday,4,1,2,0.0042,TruncGMM(K=3),Weibull,TruncGMM(K=2),TruncGMM(K=5),20
OSL_S_KT137,Weekday,5,1,2,0.0042,TruncGMM(K=3),Weibull,TruncGMM(K=2),TruncGMM(K=5),20
OSL_S_KT137,Weekday,6,0,2,0.0,TruncGMM(K=3),Weibull,TruncGMM(K=2),TruncGMM(K=5),20
OSL_S_KT137,Weekday,7,0,2,0.0,TruncGMM(K=3),Weibull,TruncGMM(K=2),TruncGMM(K=5),20
OSL_S_KT137,Weekday,8,5,2,0.0208,TruncGMM(K=3),Weibull,TruncGMM(K=2),TruncGMM(K=5),5
OSL_S_KT137,Weekday,9,16,1,0.0667,LogNormal,Exponential,LogNormal,TruncGMM(K=1),16
OSL_S_KT137,Weekday,10,4,2,0.0167,TruncGMM(K=3),Weibull,TruncGMM(K=2),TruncGMM(K=5),20
OSL_S_KT137,Weekday,11,8,2,0.0333,TruncGMM(K=3),Weibull,TruncGMM(K=2),TruncGMM(K=5),8
OSL_S_KT137,Weekday,12,2,2,0.0083,TruncGMM(K=3),Weibull,TruncGMM(K=2),TruncGMM(K=5),20
OSL_S_KT137,Weekday,13,11,2,0.0458,TruncGMM(K=3),Weibull,TruncGMM(K=2),TruncGMM(K=5),11
OSL_S_KT137,Weekday,14,9,2,0.0375,TruncGMM(K=3),Weibull,TruncGMM(K=2),TruncGMM(K=5),9
OSL_S_KT137,Weekday,15,15,1,0.0625,TruncGMM(K=2),Exponential,Weibull,TruncGMM(K=2),15
OSL_S_KT137,Weekday,16,17,1,0.0708,TruncGMM(K=2),Exponential,TruncGMM(K=1),TruncGMM(K=2),17
OSL_S_KT137,Weekday,17,46,1,0.1917,TruncGMM(K=3),Exponential,TruncGMM(K=1),TruncGMM(K=2),46
OSL_S_KT137,Weekday,18,33,1,0.1375,TruncGMM(K=3),Exponential,TruncGMM(K=1),LogNormal,33
OSL_S_KT137,Weekday,19,19,1,0.0792,TruncGMM(K=3),TruncGMM(K=2),TruncGMM(K=2),TruncGMM(K=1),19
OSL_S_KT137,Weekday,20,8,2,0.0333,TruncGMM(K=3),Weibull,TruncGMM(K=2),TruncGMM(K=5),8
OSL_S_KT137,Weekday,21,15,1,0.0625,TruncGMM(K=3),Exponential,TruncGMM(K=1),LogNormal,15
OSL_S_KT137,Weekday,22,6,2,0.025,TruncGMM(K=3),Weibull,TruncGMM(K=2),TruncGMM(K=5),6
OSL_S_KT137,Weekday,23,9,2,0.0375,TruncGMM(K=3),Weibull,TruncGMM(K=2),TruncGMM(K=5),9
OSL_S_KT137,Weekday,24,5,2,0.0208,TruncGMM(K=3),Weibull,TruncGMM(K=2),TruncGMM(K=5),5
OSL_S_KT59,Weekday,1,21,1,0.0986,TruncGMM(K=2),Weibull,TruncGMM(K=1),TruncGMM(K=1),21
OSL_S_KT59,Weekday,2,13,2,0.061,Weibull,Exponential,TruncGMM(K=2),TruncGMM(K=5),13
OSL_S_KT59,Weekday,3,8,2,0.0376,Weibull,Exponential,TruncGMM(K=2),TruncGMM(K=5),8
OSL_S_KT59,Weekday,4,4,2,0.0188,Weibull,Exponential,TruncGMM(K=2),TruncGMM(K=5),20
OSL_S_KT59,Weekday,5,4,2,0.0188,Weibull,Exponential,TruncGMM(K=2),TruncGMM(K=5),20
OSL_S_KT59,Weekday,6,3,2,0.0141,Weibull,Exponential,TruncGMM(K=2),TruncGMM(K=5),20
OSL_S_KT59,Weekday,7,0,2,0.0,Weibull,Exponential,TruncGMM(K=2),TruncGMM(K=5),20
OSL_S_KT59,Weekday,8,0,2,0.0,Weibull,Exponential,TruncGMM(K=2),TruncGMM(K=5),20
OSL_S_KT59,Weekday,9,1,2,0.0047,Weibull,Exponential,TruncGMM(K=2),TruncGMM(K=5),20
OSL_S_KT59,Weekday,10,1,2,0.0047,Weibull,Exponential,TruncGMM(K=2),TruncGMM(K=5),20
OSL_S_KT59,Weekday,11,3,2,0.0141,Weibull,Exponential,TruncGMM(K=2),TruncGMM(K=5),20
OSL_S_KT59,Weekday,12,3,2,0.0141,Weibull,Exponential,TruncGMM(K=2),TruncGMM(K=5),20
OSL_S_KT59,Weekday,13,0,2,0.0,Weibull,Exponential,TruncGMM(K=2),TruncGMM(K=5),20
OSL_S_KT59,Weekday,14,4,2,0.0188,Weibull,Exponential,TruncGMM(K=2),TruncGMM(K=5),20
OSL_S_KT59,Weekday,15,25,1,0.1174,LogNormal,Exponential,Weibull,TruncGMM(K=2),25
OSL_S_KT59,Weekday,16,5,2,0.0235,Weibull,Exponential,TruncGMM(K=2),TruncGMM(K=5),5
OSL_S_KT59,Weekday,17,13,2,0.061,Weibull,Exponential,TruncGMM(K=2),TruncGMM(K=5),13
OSL_S_KT59,Weekday,18,11,2,0.0516,Weibull,Exponential,TruncGMM(K=2),TruncGMM(K=5),11
OSL_S_KT59,Weekday,19,7,2,0.0329,Weibull,Exponential,TruncGMM(K=2),TruncGMM(K=5),7
OSL_S_KT59,Weekday,20,2,2,0.0094,Weibull,Exponential,TruncGMM(K=2),TruncGMM(K=5),20
OSL_S_KT59,Weekday,21,13,2,0.061,Weibull,Exponential,TruncGMM(K=2),TruncGMM(K=5),13
OSL_S_KT59,Weekday,22,11,2,0.0516,Weibull,Exponential,TruncGMM(K=2),TruncGMM(K=5),11
OSL_S_KT59,Weekday,23,22,1,0.1033,TruncGMM(K=2),TruncGMM(K=2),Weibull,TruncGMM(K=2),22
OSL_S_KT59,Weekday,24,39,1,0.1831,TruncGMM(K=1),Exponential,TruncGMM(K=1),TruncGMM(K=1),39
OSL_T_71,Weekday,1,1,2,0.0115,Weibull,Exponential,Weibull,TruncGMM(K=1),20
OSL_T_71,Weekday,2,0,2,0.0,Weibull,Exponential,Weibull,TruncGMM(K=1),20
OSL_T_71,Weekday,3,0,2,0.0,Weibull,Exponential,Weibull,TruncGMM(K=1),20
OSL_T_71,Weekday,4,0,2,0.0,Weibull,Exponential,Weibull,TruncGMM(K=1),20
OSL_T_71,Weekday,5,0,2,0.0,Weibull,Exponential,Weibull,TruncGMM(K=1),20
OSL_T_71,Weekday,6,0,2,0.0,Weibull,Exponential,Weibull,TruncGMM(K=1),20
OSL_T_71,Weekday,7,0,2,0.0,Weibull,Exponential,Weibull,TruncGMM(K=1),20
OSL_T_71,Weekday,8,1,2,0.0115,Weibull,Exponential,Weibull,TruncGMM(K=1),20
OSL_T_71,Weekday,9,1,2,0.0115,Weibull,Exponential,Weibull,TruncGMM(K=1),20
OSL_T_71,Weekday,10,1,2,0.0115,Weibull,Exponential,Weibull,TruncGMM(K=1),20
OSL_T_71,Weekday,11,1,2,0.0115,Weibull,Exponential,Weibull,TruncGMM(K=1),20
OSL_T_71,Weekday,12,2,2,0.023,Weibull,Exponential,Weibull,TruncGMM(K=1),20
OSL_T_71,Weekday,13,1,2,0.0115,Weibull,Exponential,Weibull,TruncGMM(K=1),20
OSL_T_71,Weekday,14,2,2,0.023,Weibull,Exponential,Weibull,TruncGMM(K=1),20
OSL_T_71,Weekday,15,4,2,0.046,Weibull,Exponential,Weibull,TruncGMM(K=1),20
OSL_T_71,Weekday,16,5,2,0.0575,Weibull,Exponential,Weibull,TruncGMM(K=1),5
OSL_T_71,Weekday,17,14,2,0.1609,Weibull,Exponential,Weibull,TruncGMM(K=1),14
OSL_T_71,Weekday,18,3,2,0.0345,Weibull,Exponential,Weibull,TruncGMM(K=1),20
OSL_T_71,Weekday,19,16,1,0.1839,Exponential,TruncGMM(K=2),Weibull,Weibull,16
OSL_T_71,Weekday,20,9,2,0.1034,Weibull,Exponential,Weibull,TruncGMM(K=1),9
OSL_T_71,Weekday,21,11,2,0.1264,Weibull,Exponential,Weibull,TruncGMM(K=1),11
OSL_T_71,Weekday,22,8,2,0.092,Weibull,Exponential,Weibull,TruncGMM(K=1),8
OSL_T_71,Weekday,23,5,2,0.0575,Weibull,Exponential,Weibull,TruncGMM(K=1),5
OSL_T_71,Weekday,24,2,2,0.023,Weibull,Exponential,Weibull,TruncGMM(K=1),20
ASK_Plass19,Weekday,1,0,2,0.0,TruncGMM(K=3),TruncGMM(K=1),TruncGMM(K=1),TruncGMM(K=2),20
ASK_Plass19,Weekday,2,0,2,0.0,TruncGMM(K=3),TruncGMM(K=1),TruncGMM(K=1),TruncGMM(K=2),20
ASK_Plass19,Weekday,3,0,2,0.0,TruncGMM(K=3),TruncGMM(K=1),TruncGMM(K=1),TruncGMM(K=2),20
ASK_Plass19,Weekday,4,0,2,0.0,TruncGMM(K=3),TruncGMM(K=1),TruncGMM(K=1),TruncGMM(K=2),20
ASK_Plass19,Weekday,5,0,2,0.0,TruncGMM(K=3),TruncGMM(K=1),TruncGMM(K=1),TruncGMM(K=2),20
ASK_Plass19,Weekday,6,0,2,0.0,TruncGMM(K=3),TruncGMM(K=1),TruncGMM(K=1),TruncGMM(K=2),20
ASK_Plass19,Weekday,7,1,2,0.0089,TruncGMM(K=3),TruncGMM(K=1),TruncGMM(K=1),TruncGMM(K=2),20
ASK_Plass19,Weekday,8,1,2,0.0089,TruncGMM(K=3),TruncGMM(K=1),TruncGMM(K=1),TruncGMM(K=2),20
ASK_Plass19,Weekday,9,4,2,0.0357,TruncGMM(K=3),TruncGMM(K=1),TruncGMM(K=1),TruncGMM(K=2),20
ASK_Plass19,Weekday,10,2,2,0.0179,TruncGMM(K=3),TruncGMM(K=1),TruncGMM(K=1),TruncGMM(K=2),20
ASK_Plass19,Weekday,11,2,2,0.0179,TruncGMM(K=3),TruncGMM(K=1),TruncGMM(K=1),TruncGMM(K=2),20
ASK_Plass19,Weekday,12,0,2,0.0,TruncGMM(K=3),TruncGMM(K=1),TruncGMM(K=1),TruncGMM(K=2),20
ASK_Plass19,Weekday,13,8,2,0.0714,TruncGMM(K=3),TruncGMM(K=1),TruncGMM(K=1),TruncGMM(K=2),8
ASK_Plass19,Weekday,14,1,2,0.0089,TruncGMM(K=3),TruncGMM(K=1),TruncGMM(K=1),TruncGMM(K=2),20
ASK_Plass19,Weekday,15,5,2,0.0446,TruncGMM(K=3),TruncGMM(K=1),TruncGMM(K=1),TruncGMM(K=2),5
ASK_Plass19,Weekday,16,3,2,0.0268,TruncGMM(K=3),TruncGMM(K=1),TruncGMM(K=1),TruncGMM(K=2),20
ASK_Plass19,Weekday,17,18,1,0.1607,TruncGMM(K=3),Exponential,Weibull,Weibull,18
ASK_Plass19,Weekday,18,2,2,0.0179,TruncGMM(K=3),TruncGMM(K=1),TruncGMM(K=1),TruncGMM(K=2),20
ASK_Plass19,Weekday,19,10,2,0.0893,TruncGMM(K=3),TruncGMM(K=1),TruncGMM(K=1),TruncGMM(K=2),10
ASK_Plass19,Weekday,20,7,2,0.0625,TruncGMM(K=3),TruncGMM(K=1),TruncGMM(K=1),TruncGMM(K=2),7
ASK_Plass19,Weekday,21,11,2,0.0982,TruncGMM(K=3),TruncGMM(K=1),TruncGMM(K=1),TruncGMM(K=2),11
ASK_Plass19,Weekday,22,29,1,0.2589,TruncGMM(K=2),TruncGMM(K=1),TruncGMM(K=1),TruncGMM(K=1),29
ASK_Plass19,Weekday,23,8,2,0.0714,TruncGMM(K=3),TruncGMM(K=1),TruncGMM(K=1),TruncGMM(K=2),8
ASK_Plass19,Weekday,24,0,2,0.0,TruncGMM(K=3),TruncGMM(K=1),TruncGMM(K=1),TruncGMM(K=2),20
ASK_Plass31,Weekend,1,1,2,0.0115,Exponential,Weibull,TruncGMM(K=1),TruncGMM(K=2),20
ASK_Plass31,Weekend,2,0,2,0.0,Exponential,Weibull,TruncGMM(K=1),TruncGMM(K=2),20
ASK_Plass31,Weekend,3,0,2,0.0,Exponential,Weibull,TruncGMM(K=1),TruncGMM(K=2),20
ASK_Plass31,Weekend,4,0,2,0.0,Exponential,Weibull,TruncGMM(K=1),TruncGMM(K=2),20
ASK_Plass31,Weekend,5,0,2,0.0,Exponential,Weibull,TruncGMM(K=1),TruncGMM(K=2),20
ASK_Plass31,Weekend,6,0,2,0.0,Exponential,Weibull,TruncGMM(K=1),TruncGMM(K=2),20
ASK_Plass31,Weekend,7,0,2,0.0,Exponential,Weibull,TruncGMM(K=1),TruncGMM(K=2),20
ASK_Plass31,Weekend,8,0,2,0.0,Exponential,Weibull,TruncGMM(K=1),TruncGMM(K=2),20
ASK_Plass31,Weekend,9,0,2,0.0,Exponential,Weibull,TruncGMM(K=1),TruncGMM(K=2),20
ASK_Plass31,Weekend,10,0,2,0.0,Exponential,Weibull,TruncGMM(K=1),TruncGMM(K=2),20
ASK_Plass31,Weekend,11,2,2,0.023,Exponential,Weibull,TruncGMM(K=1),TruncGMM(K=2),20
ASK_Plass31,Weekend,12,1,2,0.0115,Exponential,Weibull,TruncGMM(K=1),TruncGMM(K=2),20
ASK_Plass31,Weekend,13,0,2,0.0,Exponential,Weibull,TruncGMM(K=1),TruncGMM(K=2),20
ASK_Plass31,Weekend,14,6,2,0.069,Exponential,Weibull,TruncGMM(K=1),TruncGMM(K=2),6
ASK_Plass31,Weekend,15,8,2,0.092,Exponential,Weibull,TruncGMM(K=1),TruncGMM(K=2),8
ASK_Plass31,Weekend,16,6,2,0.069,Exponential,Weibull,TruncGMM(K=1),TruncGMM(K=2),6
ASK_Plass31,Weekend,17,9,2,0.1034,Exponential,Weibull,TruncGMM(K=1),TruncGMM(K=2),9
ASK_Plass31,Weekend,18,12,2,0.1379,Exponential,Weibull,TruncGMM(K=1),TruncGMM(K=2),12
ASK_Plass31,Weekend,19,12,2,0.1379,Exponential,Weibull,TruncGMM(K=1),TruncGMM(K=2),12
ASK_Plass31,Weekend,20,10,2,0.1149,Exponential,Weibull,TruncGMM(K=1),TruncGMM(K=2),10
ASK_Plass31,Weekend,21,7,2,0.0805,Exponential,Weibull,TruncGMM(K=1),TruncGMM(K=2),7
ASK_Plass31,Weekend,22,8,2,0.092,Exponential,Weibull,TruncGMM(K=1),TruncGMM(K=2),8
ASK_Plass31,Weekend,23,4,2,0.046,Exponential,Weibull,TruncGMM(K=1),TruncGMM(K=2),20
ASK_Plass31,Weekend,24,1,2,0.0115,Exponential,Weibull,TruncGMM(K=1),TruncGMM(K=2),20
KR_U107,Weekday,1,0,2,0.0,TruncGMM(K=2),LogNormal,TruncGMM(K=3),TruncGMM(K=3),20
KR_U107,Weekday,2,0,2,0.0,TruncGMM(K=2),LogNormal,TruncGMM(K=3),TruncGMM(K=3),20
KR_U107,Weekday,3,0,2,0.0,TruncGMM(K=2),LogNormal,TruncGMM(K=3),TruncGMM(K=3),20
KR_U107,Weekday,4,0,2,0.0,TruncGMM(K=2),LogNormal,TruncGMM(K=3),TruncGMM(K=3),20
KR_U107,Weekday,5,0,2,0.0,TruncGMM(K=2),LogNormal,TruncGMM(K=3),TruncGMM(K=3),20
KR_U107,Weekday,6,1,2,0.0149,TruncGMM(K=2),LogNormal,TruncGMM(K=3),TruncGMM(K=3),20
KR_U107,Weekday,7,0,2,0.0,TruncGMM(K=2),LogNormal,TruncGMM(K=3),TruncGMM(K=3),20
KR_U107,Weekday,8,1,2,0.0149,TruncGMM(K=2),LogNormal,TruncGMM(K=3),TruncGMM(K=3),20
KR_U107,Weekday,9,1,2,0.0149,TruncGMM(K=2),LogNormal,TruncGMM(K=3),TruncGMM(K=3),20
KR_U107,Weekday,10,0,2,0.0,TruncGMM(K=2),LogNormal,TruncGMM(K=3),TruncGMM(K=3),20
KR_U107,Weekday,11,1,2,0.0149,TruncGMM(K=2),LogNormal,TruncGMM(K=3),TruncGMM(K=3),20
KR_U107,Weekday,12,1,2,0.0149,TruncGMM(K=2),LogNormal,TruncGMM(K=3),TruncGMM(K=3),20
KR_U107,Weekday,13,0,2,0.0,TruncGMM(K=2),LogNormal,TruncGMM(K=3),TruncGMM(K=3),20
KR_U107,Weekday,14,0,2,0.0,TruncGMM(K=2),LogNormal,TruncGMM(K=3),TruncGMM(K=3),20
KR_U107,Weekday,15,0,2,0.0,TruncGMM(K=2),LogNormal,TruncGMM(K=3),TruncGMM(K=3),20
KR_U107,Weekday,16,0,2,0.0,TruncGMM(K=2),LogNormal,TruncGMM(K=3),TruncGMM(K=3),20
KR_U107,Weekday,17,1,2,0.0149,TruncGMM(K=2),LogNormal,TruncGMM(K=3),TruncGMM(K=3),20
KR_U107,Weekday,18,9,2,0.1343,TruncGMM(K=2),LogNormal,TruncGMM(K=3),TruncGMM(K=3),9
KR_U107,Weekday,19,5,2,0.0746,TruncGMM(K=2),LogNormal,TruncGMM(K=3),TruncGMM(K=3),5
KR_U107,Weekday,20,19,1,0.2836,TruncGMM(K=3),Exponential,TruncGMM(K=3),LogNormal,19
KR_U107,Weekday,21,4,2,0.0597,TruncGMM(K=2),LogNormal,TruncGMM(K=3),TruncGMM(K=3),20
KR_U107,Weekday,22,11,2,0.1642,TruncGMM(K=2),LogNormal,TruncGMM(K=3),TruncGMM(K=3),11
KR_U107,Weekday,23,12,2,0.1791,TruncGMM(K=2),LogNormal,TruncGMM(K=3),TruncGMM(K=3),12
KR_U107,Weekday,24,1,2,0.0149,TruncGMM(K=2),LogNormal,TruncGMM(K=3),TruncGMM(K=3),20
ASK_Plass5,Weekday,1,3,2,0.0147,TruncGMM(K=3),TruncGMM(K=2),Weibull,TruncGMM(K=2),20
ASK_Plass5,Weekday,2,2,2,0.0098,TruncGMM(K=3),TruncGMM(K=2),Weibull,TruncGMM(K=2),20
ASK_Plass5,Weekday,3,1,2,0.0049,TruncGMM(K=3),TruncGMM(K=2),Weibull,TruncGMM(K=2),20
ASK_Plass5,Weekday,4,1,2,0.0049,TruncGMM(K=3),TruncGMM(K=2),Weibull,TruncGMM(K=2),20
ASK_Plass5,Weekday,5,0,2,0.0,TruncGMM(K=3),TruncGMM(K=2),Weibull,TruncGMM(K=2),20
ASK_Plass5,Weekday,6,0,2,0.0,TruncGMM(K=3),TruncGMM(K=2),Weibull,TruncGMM(K=2),20
ASK_Plass5,Weekday,7,0,2,0.0,TruncGMM(K=3),TruncGMM(K=2),Weibull,TruncGMM(K=2),20
ASK_Plass5,Weekday,8,0,2,0.0,TruncGMM(K=3),TruncGMM(K=2),Weibull,TruncGMM(K=2),20
ASK_Plass5,Weekday,9,2,2,0.0098,TruncGMM(K=3),TruncGMM(K=2),Weibull,TruncGMM(K=2),20
ASK_Plass5,Weekday,10,2,2,0.0098,TruncGMM(K=3),TruncGMM(K=2),Weibull,TruncGMM(K=2),20
ASK_Plass5,Weekday,11,3,2,0.0147,TruncGMM(K=3),TruncGMM(K=2),Weibull,TruncGMM(K=2),20
ASK_Plass5,Weekday,12,2,2,0.0098,TruncGMM(K=3),TruncGMM(K=2),Weibull,TruncGMM(K=2),20
ASK_Plass5,Weekday,13,4,2,0.0196,TruncGMM(K=3),TruncGMM(K=2),Weibull,TruncGMM(K=2),20
ASK_Plass5,Weekday,14,9,2,0.0441,TruncGMM(K=3),TruncGMM(K=2),Weibull,TruncGMM(K=2),9
ASK_Plass5,Weekday,15,21,1,0.1029,TruncGMM(K=3),Weibull,Weibull,Weibull,21
ASK_Plass5,Weekday,16,19,1,0.0931,TruncGMM(K=3),TruncGMM(K=1),TruncGMM(K=1),Weibull,19
ASK_Plass5,Weekday,17,43,1,0.2108,TruncGMM(K=3),TruncGMM(K=2),Weibull,LogNormal,43
ASK_Plass5,Weekday,18,17,1,0.0833,LogNormal,LogNormal,TruncGMM(K=1),TruncGMM(K=2),17
ASK_Plass5,Weekday,19,33,1,0.1618,TruncGMM(K=3),Weibull,TruncGMM(K=1),Weibull,33
ASK_Plass5,Weekday,20,16,1,0.0784,LogNormal,TruncGMM(K=2),Exponential,TruncGMM(K=3),16
ASK_Plass5,Weekday,21,15,1,0.0735,TruncGMM(K=1),TruncGMM(K=2),TruncGMM(K=2),TruncGMM(K=2),15
ASK_Plass5,Weekday,22,5,2,0.0245,TruncGMM(K=3),TruncGMM(K=2),Weibull,TruncGMM(K=2),5
ASK_Plass5,Weekday,23,3,2,0.0147,TruncGMM(K=3),TruncGMM(K=2),Weibull,TruncGMM(K=2),20
ASK_Plass5,Weekday,24,3,2,0.0147,TruncGMM(K=3),TruncGMM(K=2),Weibull,TruncGMM(K=2),20
BAR_Plass129,Weekday,1,0,2,0.0,TruncGMM(K=2),TruncGMM(K=5),LogNormal,TruncGMM(K=4),20
BAR_Plass129,Weekday,2,0,2,0.0,TruncGMM(K=2),TruncGMM(K=5),LogNormal,TruncGMM(K=4),20
BAR_Plass129,Weekday,3,0,2,0.0,TruncGMM(K=2),TruncGMM(K=5),LogNormal,TruncGMM(K=4),20
BAR_Plass129,Weekday,4,0,2,0.0,TruncGMM(K=2),TruncGMM(K=5),LogNormal,TruncGMM(K=4),20
BAR_Plass129,Weekday,5,0,2,0.0,TruncGMM(K=2),TruncGMM(K=5),LogNormal,TruncGMM(K=4),20
BAR_Plass129,Weekday,6,0,2,0.0,TruncGMM(K=2),TruncGMM(K=5),LogNormal,TruncGMM(K=4),20
BAR_Plass129,Weekday,7,0,2,0.0,TruncGMM(K=2),TruncGMM(K=5),LogNormal,TruncGMM(K=4),20
BAR_Plass129,Weekday,8,0,2,0.0,TruncGMM(K=2),TruncGMM(K=5),LogNormal,TruncGMM(K=4),20
BAR_Plass129,Weekday,9,2,2,0.0084,TruncGMM(K=2),TruncGMM(K=5),LogNormal,TruncGMM(K=4),20
BAR_Plass129,Weekday,10,1,2,0.0042,TruncGMM(K=2),TruncGMM(K=5),LogNormal,TruncGMM(K=4),20
BAR_Plass129,Weekday,11,3,2,0.0127,TruncGMM(K=2),TruncGMM(K=5),LogNormal,TruncGMM(K=4),20
BAR_Plass129,Weekday,12,3,2,0.0127,TruncGMM(K=2),TruncGMM(K=5),LogNormal,TruncGMM(K=4),20
BAR_Plass129,Weekday,13,20,1,0.0844,Exponential,LogNormal,LogNormal,TruncGMM(K=2),20
BAR_Plass129,Weekday,14,40,1,0.1688,TruncGMM(K=3),LogNormal,LogNormal,Weibull,40
BAR_Plass129,Weekday,15,35,1,0.1477,TruncGMM(K=2),TruncGMM(K=2),TruncGMM(K=2),LogNormal,35
BAR_Plass129,Weekday,16,52,1,0.2194,TruncGMM(K=2),LogNormal,LogNormal,TruncGMM(K=2),52
BAR_Plass129,Weekday,17,29,1,0.1224,TruncGMM(K=3),LogNormal,LogNormal,TruncGMM(K=3),29
BAR_Plass129,Weekday,18,18,1,0.0759,LogNormal,TruncGMM(K=3),LogNormal,TruncGMM(K=2),18
BAR_Plass129,Weekday,19,11,2,0.0464,TruncGMM(K=2),TruncGMM(K=5),LogNormal,TruncGMM(K=4),11
BAR_Plass129,Weekday,20,14,2,0.0591,TruncGMM(K=2),TruncGMM(K=5),LogNormal,TruncGMM(K=4),14
BAR_Plass129,Weekday,21,8,2,0.0338,TruncGMM(K=2),TruncGMM(K=5),LogNormal,TruncGMM(K=4),8
BAR_Plass129,Weekday,22,1,2,0.0042,TruncGMM(K=2),TruncGMM(K=5),LogNormal,TruncGMM(K=4),20
BAR_Plass129,Weekday,23,0,2,0.0,TruncGMM(K=2),TruncGMM(K=5),LogNormal,TruncGMM(K=4),20
BAR_Plass129,Weekday,24,0,2,0.0,TruncGMM(K=2),TruncGMM(K=5),LogNormal,TruncGMM(K=4),20
TRO_Plass41,Weekend,1,2,2,0.0192,TruncGMM(K=3),LogNormal,TruncGMM(K=2),TruncGMM(K=1),20
TRO_Plass41,Weekend,2,0,2,0.0,TruncGMM(K=3),LogNormal,TruncGMM(K=2),TruncGMM(K=1),20
TRO_Plass41,Weekend,3,0,2,0.0,TruncGMM(K=3),LogNormal,TruncGMM(K=2),TruncGMM(K=1),20
TRO_Plass41,Weekend,4,0,2,0.0,TruncGMM(K=3),LogNormal,TruncGMM(K=2),TruncGMM(K=1),20
TRO_Plass41,Weekend,5,0,2,0.0,TruncGMM(K=3),LogNormal,TruncGMM(K=2),TruncGMM(K=1),20
TRO_Plass41,Weekend,6,0,2,0.0,TruncGMM(K=3),LogNormal,TruncGMM(K=2),TruncGMM(K=1),20
TRO_Plass41,Weekend,7,0,2,0.0,TruncGMM(K=3),LogNormal,TruncGMM(K=2),TruncGMM(K=1),20
TRO_Plass41,Weekend,8,0,2,0.0,TruncGMM(K=3),LogNormal,TruncGMM(K=2),TruncGMM(K=1),20
TRO_Plass41,Weekend,9,2,2,0.0192,TruncGMM(K=3),LogNormal,TruncGMM(K=2),TruncGMM(K=1),20
TRO_Plass41,Weekend,10,1,2,0.0096,TruncGMM(K=3),LogNormal,TruncGMM(K=2),TruncGMM(K=1),20
TRO_Plass41,Weekend,11,3,2,0.0288,TruncGMM(K=3),LogNormal,TruncGMM(K=2),TruncGMM(K=1),20
TRO_Plass41,Weekend,12,7,2,0.0673,TruncGMM(K=3),LogNormal,TruncGMM(K=2),TruncGMM(K=1),7
TRO_Plass41,Weekend,13,10,2,0.0962,TruncGMM(K=3),LogNormal,TruncGMM(K=2),TruncGMM(K=1),10
TRO_Plass41,Weekend,14,1,2,0.0096,TruncGMM(K=3),LogNormal,TruncGMM(K=2),TruncGMM(K=1),20
TRO_Plass41,Weekend,15,6,2,0.0577,TruncGMM(K=3),LogNormal,TruncGMM(K=2),TruncGMM(K=1),6
TRO_Plass41,Weekend,16,10,2,0.0962,TruncGMM(K=3),LogNormal,TruncGMM(K=2),TruncGMM(K=1),10
TRO_Plass41,Weekend,17,7,2,0.0673,TruncGMM(K=3),LogNormal,TruncGMM(K=2),TruncGMM(K=1),7
TRO_Plass41,Weekend,18,13,2,0.125,TruncGMM(K=3),LogNormal,TruncGMM(K=2),TruncGMM(K=1),13
TRO_Plass41,Weekend,19,11,2,0.1058,TruncGMM(K=3),LogNormal,TruncGMM(K=2),TruncGMM(K=1),11
TRO_Plass41,Weekend,20,4,2,0.0385,TruncGMM(K=3),LogNormal,TruncGMM(K=2),TruncGMM(K=1),20
TRO_Plass41,Weekend,21,10,2,0.0962,TruncGMM(K=3),LogNormal,TruncGMM(K=2),TruncGMM(K=1),10
TRO_Plass41,Weekend,22,14,2,0.1346,TruncGMM(K=3),LogNormal,TruncGMM(K=2),TruncGMM(K=1),14
TRO_Plass41,Weekend,23,1,2,0.0096,TruncGMM(K=3),LogNormal,TruncGMM(K=2),TruncGMM(K=1),20
TRO_Plass41,Weekend,24,2,2,0.0192,TruncGMM(K=3),LogNormal,TruncGMM(K=2),TruncGMM(K=1),20
OSL_S_KT164,Weekend,1,1,2,0.0278,Exponential,Exponential,TruncGMM(K=2),TruncGMM(K=1),20
OSL_S_KT164,Weekend,2,1,2,0.0278,Exponential,Exponential,TruncGMM(K=2),TruncGMM(K=1),20
OSL_S_KT164,Weekend,3,0,2,0.0,Exponential,Exponential,TruncGMM(K=2),TruncGMM(K=1),20
OSL_S_KT164,Weekend,4,1,2,0.0278,Exponential,Exponential,TruncGMM(K=2),TruncGMM(K=1),20
OSL_S_KT164,Weekend,5,0,2,0.0,Exponential,Exponential,TruncGMM(K=2),TruncGMM(K=1),20
OSL_S_KT164,Weekend,6,0,2,0.0,Exponential,Exponential,TruncGMM(K=2),TruncGMM(K=1),20
OSL_S_KT164,Weekend,7,0,2,0.0,Exponential,Exponential,TruncGMM(K=2),TruncGMM(K=1),20
OSL_S_KT164,Weekend,8,0,2,0.0,Exponential,Exponential,TruncGMM(K=2),TruncGMM(K=1),20
OSL_S_KT164,Weekend,9,0,2,0.0,Exponential,Exponential,TruncGMM(K=2),TruncGMM(K=1),20
OSL_S_KT164,Weekend,10,1,2,0.0278,Exponential,Exponential,TruncGMM(K=2),TruncGMM(K=1),20
OSL_S_KT164,Weekend,11,0,2,0.0,Exponential,Exponential,TruncGMM(K=2),TruncGMM(K=1),20
OSL_S_KT164,Weekend,12,4,2,0.1111,Exponential,Exponential,TruncGMM(K=2),TruncGMM(K=1),20
OSL_S_KT164,Weekend,13,1,2,0.0278,Exponential,Exponential,TruncGMM(K=2),TruncGMM(K=1),20
OSL_S_KT164,Weekend,14,3,2,0.0833,Exponential,Exponential,TruncGMM(K=2),TruncGMM(K=1),20
OSL_S_KT164,Weekend,15,4,2,0.1111,Exponential,Exponential,TruncGMM(K=2),TruncGMM(K=1),20
OSL_S_KT164,Weekend,16,1,2,0.0278,Exponential,Exponential,TruncGMM(K=2),TruncGMM(K=1),20
OSL_S_KT164,Weekend,17,1,2,0.0278,Exponential,Exponential,TruncGMM(K=2),TruncGMM(K=1),20
OSL_S_KT164,Weekend,18,0,2,0.0,Exponential,Exponential,TruncGMM(K=2),TruncGMM(K=1),20
OSL_S_KT164,Weekend,19,3,2,0.0833,Exponential,Exponential,TruncGMM(K=2),TruncGMM(K=1),20
OSL_S_KT164,Weekend,20,3,2,0.0833,Exponential,Exponential,TruncGMM(K=2),TruncGMM(K=1),20
OSL_S_KT164,Weekend,21,5,2,0.1389,Exponential,Exponential,TruncGMM(K=2),TruncGMM(K=1),5
OSL_S_KT164,Weekend,22,2,2,0.0556,Exponential,Exponential,TruncGMM(K=2),TruncGMM(K=1),20
OSL_S_KT164,Weekend,23,2,2,0.0556,Exponential,Exponential,TruncGMM(K=2),TruncGMM(K=1),20
OSL_S_KT164,Weekend,24,3,2,0.0833,Exponential,Exponential,TruncGMM(K=2),TruncGMM(K=1),20
BAR_2_Plass12,Weekend,1,2,2,0.0308,TruncGMM(K=2),Exponential,TruncGMM(K=1),TruncGMM(K=3),20
BAR_2_Plass12,Weekend,2,0,2,0.0,TruncGMM(K=2),Exponential,TruncGMM(K=1),TruncGMM(K=3),20
BAR_2_Plass12,Weekend,3,0,2,0.0,TruncGMM(K=2),Exponential,TruncGMM(K=1),TruncGMM(K=3),20
BAR_2_Plass12,Weekend,4,0,2,0.0,TruncGMM(K=2),Exponential,TruncGMM(K=1),TruncGMM(K=3),20
BAR_2_Plass12,Weekend,5,0,2,0.0,TruncGMM(K=2),Exponential,TruncGMM(K=1),TruncGMM(K=3),20
BAR_2_Plass12,Weekend,6,0,2,0.0,TruncGMM(K=2),Exponential,TruncGMM(K=1),TruncGMM(K=3),20
BAR_2_Plass12,Weekend,7,0,2,0.0,TruncGMM(K=2),Exponential,TruncGMM(K=1),TruncGMM(K=3),20
BAR_2_Plass12,Weekend,8,0,2,0.0,TruncGMM(K=2),Exponential,TruncGMM(K=1),TruncGMM(K=3),20
BAR_2_Plass12,Weekend,9,0,2,0.0,TruncGMM(K=2),Exponential,TruncGMM(K=1),TruncGMM(K=3),20
BAR_2_Plass12,Weekend,10,1,2,0.0154,TruncGMM(K=2),Exponential,TruncGMM(K=1),TruncGMM(K=3),20
BAR_2_Plass12,Weekend,11,2,2,0.0308,TruncGMM(K=2),Exponential,TruncGMM(K=1),TruncGMM(K=3),20
BAR_2_Plass12,Weekend,12,2,2,0.0308,TruncGMM(K=2),Exponential,TruncGMM(K=1),TruncGMM(K=3),20
BAR_2_Plass12,Weekend,13,4,2,0.0615,TruncGMM(K=2),Exponential,TruncGMM(K=1),TruncGMM(K=3),20
BAR_2_Plass12,Weekend,14,1,2,0.0154,TruncGMM(K=2),Exponential,TruncGMM(K=1),TruncGMM(K=3),20
BAR_2_Plass12,Weekend,15,2,2,0.0308,TruncGMM(K=2),Exponential,TruncGMM(K=1),TruncGMM(K=3),20
BAR_2_Plass12,Weekend,16,3,2,0.0462,TruncGMM(K=2),Exponential,TruncGMM(K=1),TruncGMM(K=3),20
BAR_2_Plass12,Weekend,17,10,2,0.1538,TruncGMM(K=2),Exponential,TruncGMM(K=1),TruncGMM(K=3),10
BAR_2_Plass12,Weekend,18,11,2,0.1692,TruncGMM(K=2),Exponential,TruncGMM(K=1),TruncGMM(K=3),11
BAR_2_Plass12,Weekend,19,3,2,0.0462,TruncGMM(K=2),Exponential,TruncGMM(K=1),TruncGMM(K=3),20
BAR_2_Plass12,Weekend,20,8,2,0.1231,TruncGMM(K=2),Exponential,TruncGMM(K=1),TruncGMM(K=3),8
BAR_2_Plass12,Weekend,21,9,2,0.1385,TruncGMM(K=2),Exponential,TruncGMM(K=1),TruncGMM(K=3),9
BAR_2_Plass12,Weekend,22,5,2,0.0769,TruncGMM(K=2),Exponential,TruncGMM(K=1),TruncGMM(K=3),5
BAR_2_Plass12,Weekend,23,2,2,0.0308,TruncGMM(K=2),Exponential,TruncGMM(K=1),TruncGMM(K=3),20
BAR_2_Plass12,Weekend,24,0,2,0.0,TruncGMM(K=2),Exponential,TruncGMM(K=1),TruncGMM(K=3),20
BAR_Plass160,Weekend,1,0,2,0.0,Exponential,TruncGMM(K=5),TruncGMM(K=3),TruncGMM(K=1),20
BAR_Plass160,Weekend,2,0,2,0.0,Exponential,TruncGMM(K=5),TruncGMM(K=3),TruncGMM(K=1),20
BAR_Plass160,Weekend,3,0,2,0.0,Exponential,TruncGMM(K=5),TruncGMM(K=3),TruncGMM(K=1),20
BAR_Plass160,Weekend,4,0,2,0.0,Exponential,TruncGMM(K=5),TruncGMM(K=3),TruncGMM(K=1),20
BAR_Plass160,Weekend,5,0,2,0.0,Exponential,TruncGMM(K=5),TruncGMM(K=3),TruncGMM(K=1),20
BAR_Plass160,Weekend,6,0,2,0.0,Exponential,TruncGMM(K=5),TruncGMM(K=3),TruncGMM(K=1),20
BAR_Plass160,Weekend,7,0,2,0.0,Exponential,TruncGMM(K=5),TruncGMM(K=3),TruncGMM(K=1),20
BAR_Plass160,Weekend,8,0,2,0.0,Exponential,TruncGMM(K=5),TruncGMM(K=3),TruncGMM(K=1),20
BAR_Plass160,Weekend,9,2,2,0.029,Exponential,TruncGMM(K=5),TruncGMM(K=3),TruncGMM(K=1),20
BAR_Plass160,Weekend,10,1,2,0.0145,Exponential,TruncGMM(K=5),TruncGMM(K=3),TruncGMM(K=1),20
BAR_Plass160,Weekend,11,1,2,0.0145,Exponential,TruncGMM(K=5),TruncGMM(K=3),TruncGMM(K=1),20
BAR_Plass160,Weekend,12,2,2,0.029,Exponential,TruncGMM(K=5),TruncGMM(K=3),TruncGMM(K=1),20
BAR_Plass160,Weekend,13,3,2,0.0435,Exponential,TruncGMM(K=5),TruncGMM(K=3),TruncGMM(K=1),20
BAR_Plass160,Weekend,14,7,2,0.1014,Exponential,TruncGMM(K=5),TruncGMM(K=3),TruncGMM(K=1),7
BAR_Plass160,Weekend,15,11,2,0.1594,Exponential,TruncGMM(K=5),TruncGMM(K=3),TruncGMM(K=1),11
BAR_Plass160,Weekend,16,13,2,0.1884,Exponential,TruncGMM(K=5),TruncGMM(K=3),TruncGMM(K=1),13
BAR_Plass160,Weekend,17,9,2,0.1304,Exponential,TruncGMM(K=5),TruncGMM(K=3),TruncGMM(K=1),9
BAR_Plass160,Weekend,18,7,2,0.1014,Exponential,TruncGMM(K=5),TruncGMM(K=3),TruncGMM(K=1),7
BAR_Plass160,Weekend,19,6,2,0.087,Exponential,TruncGMM(K=5),TruncGMM(K=3),TruncGMM(K=1),6
BAR_Plass160,Weekend,20,2,2,0.029,Exponential,TruncGMM(K=5),TruncGMM(K=3),TruncGMM(K=1),20
BAR_Plass160,Weekend,21,3,2,0.0435,Exponential,TruncGMM(K=5),TruncGMM(K=3),TruncGMM(K=1),20
BAR_Plass160,Weekend,22,1,2,0.0145,Exponential,TruncGMM(K=5),TruncGMM(K=3),TruncGMM(K=1),20
BAR_Plass160,Weekend,23,1,2,0.0145,Exponential,TruncGMM(K=5),TruncGMM(K=3),TruncGMM(K=1),20
BAR_Plass160,Weekend,24,0,2,0.0,Exponential,TruncGMM(K=5),TruncGMM(K=3),TruncGMM(K=1),20
BOD_02H0505,Weekend,1,5,2,0.0758,Exponential,Exponential,Weibull,TruncGMM(K=2),5
BOD_02H0505,Weekend,2,1,2,0.0152,Exponential,Exponential,Weibull,TruncGMM(K=2),20
BOD_02H0505,Weekend,3,0,2,0.0,Exponential,Exponential,Weibull,TruncGMM(K=2),20
BOD_02H0505,Weekend,4,0,2,0.0,Exponential,Exponential,Weibull,TruncGMM(K=2),20
BOD_02H0505,Weekend,5,0,2,0.0,Exponential,Exponential,Weibull,TruncGMM(K=2),20
BOD_02H0505,Weekend,6,1,2,0.0152,Exponential,Exponential,Weibull,TruncGMM(K=2),20
BOD_02H0505,Weekend,7,0,2,0.0,Exponential,Exponential,Weibull,TruncGMM(K=2),20
BOD_02H0505,Weekend,8,0,2,0.0,Exponential,Exponential,Weibull,TruncGMM(K=2),20
BOD_02H0505,Weekend,9,0,2,0.0,Exponential,Exponential,Weibull,TruncGMM(K=2),20
BOD_02H0505,Weekend,10,0,2,0.0,Exponential,Exponential,Weibull,TruncGMM(K=2),20
BOD_02H0505,Weekend,11,1,2,0.0152,Exponential,Exponential,Weibull,TruncGMM(K=2),20
BOD_02H0505,Weekend,12,1,2,0.0152,Exponential,Exponential,Weibull,TruncGMM(K=2),20
BOD_02H0505,Weekend,13,2,2,0.0303,Exponential,Exponential,Weibull,TruncGMM(K=2),20
BOD_02H0505,Weekend,14,5,2,0.0758,Exponential,Exponential,Weibull,TruncGMM(K=2),5
BOD_02H0505,Weekend,15,3,2,0.0455,Exponential,Exponential,Weibull,TruncGMM(K=2),20
BOD_02H0505,Weekend,16,7,2,0.1061,Exponential,Exponential,Weibull,TruncGMM(K=2),7
BOD_02H0505,Weekend,17,7,2,0.1061,Exponential,Exponential,Weibull,TruncGMM(K=2),7
BOD_02H0505,Weekend,18,1,2,0.0152,Exponential,Exponential,Weibull,TruncGMM(K=2),20
BOD_02H0505,Weekend,19,4,2,0.0606,Exponential,Exponential,Weibull,TruncGMM(K=2),20
BOD_02H0505,Weekend,20,10,2,0.1515,Exponential,Exponential,Weibull,TruncGMM(K=2),10
BOD_02H0505,Weekend,21,4,2,0.0606,Exponential,Exponential,Weibull,TruncGMM(K=2),20
BOD_02H0505,Weekend,22,5,2,0.0758,Exponential,Exponential,Weibull,TruncGMM(K=2),5
BOD_02H0505,Weekend,23,6,2,0.0909,Exponential,Exponential,Weibull,TruncGMM(K=2),6
BOD_02H0505,Weekend,24,3,2,0.0455,Exponential,Exponential,Weibull,TruncGMM(K=2),20
ASK_Plass25,Weekday,1,2,2,0.0117,TruncGMM(K=3),Weibull,TruncGMM(K=3),TruncGMM(K=2),20
ASK_Plass25,Weekday,2,0,2,0.0,TruncGMM(K=3),Weibull,TruncGMM(K=3),TruncGMM(K=2),20
ASK_Plass25,Weekday,3,0,2,0.0,TruncGMM(K=3),Weibull,TruncGMM(K=3),TruncGMM(K=2),20
ASK_Plass25,Weekday,4,0,2,0.0,TruncGMM(K=3),Weibull,TruncGMM(K=3),TruncGMM(K=2),20
ASK_Plass25,Weekday,5,0,2,0.0,TruncGMM(K=3),Weibull,TruncGMM(K=3),TruncGMM(K=2),20
ASK_Plass25,Weekday,6,0,2,0.0,TruncGMM(K=3),Weibull,TruncGMM(K=3),TruncGMM(K=2),20
ASK_Plass25,Weekday,7,0,2,0.0,TruncGMM(K=3),Weibull,TruncGMM(K=3),TruncGMM(K=2),20
ASK_Plass25,Weekday,8,0,2,0.0,TruncGMM(K=3),Weibull,TruncGMM(K=3),TruncGMM(K=2),20
ASK_Plass25,Weekday,9,0,2,0.0,TruncGMM(K=3),Weibull,TruncGMM(K=3),TruncGMM(K=2),20
ASK_Plass25,Weekday,10,2,2,0.0117,TruncGMM(K=3),Weibull,TruncGMM(K=3),TruncGMM(K=2),20
ASK_Plass25,Weekday,11,1,2,0.0058,TruncGMM(K=3),Weibull,TruncGMM(K=3),TruncGMM(K=2),20
ASK_Plass25,Weekday,12,3,2,0.0175,TruncGMM(K=3),Weibull,TruncGMM(K=3),TruncGMM(K=2),20
ASK_Plass25,Weekday,13,3,2,0.0175,TruncGMM(K=3),Weibull,TruncGMM(K=3),TruncGMM(K=2),20
ASK_Plass25,Weekday,14,1,2,0.0058,TruncGMM(K=3),Weibull,TruncGMM(K=3),TruncGMM(K=2),20
ASK_Plass25,Weekday,15,2,2,0.0117,TruncGMM(K=3),Weibull,TruncGMM(K=3),TruncGMM(K=2),20
ASK_Plass25,Weekday,16,3,2,0.0175,TruncGMM(K=3),Weibull,TruncGMM(K=3),TruncGMM(K=2),20
ASK_Plass25,Weekday,17,19,1,0.1111,TruncGMM(K=3),Weibull,TruncGMM(K=3),LogNormal,19
ASK_Plass25,Weekday,18,22,1,0.1287,Exponential,Exponential,TruncGMM(K=1),TruncGMM(K=3),22
ASK_Plass25,Weekday,19,38,1,0.2222,TruncGMM(K=1),Exponential,TruncGMM(K=2),TruncGMM(K=1),38
ASK_Plass25,Weekday,20,28,1,0.1637,TruncGMM(K=3),Exponential,TruncGMM(K=2),TruncGMM(K=2),28
ASK_Plass25,Weekday,21,16,1,0.0936,TruncGMM(K=3),TruncGMM(K=2),Weibull,LogNormal,16
ASK_Plass25,Weekday,22,8,2,0.0468,TruncGMM(K=3),Weibull,TruncGMM(K=3),TruncGMM(K=2),8
ASK_Plass25,Weekday,23,15,1,0.0877,TruncGMM(K=2),Weibull,TruncGMM(K=1),Weibull,15
ASK_Plass25,Weekday,24,8,2,0.0468,TruncGMM(K=3),Weibull,TruncGMM(K=3),TruncGMM(K=2),8
ASK_Plass55,Weekend,1,1,2,0.0244,TruncGMM(K=3),Exponential,TruncGMM(K=1),TruncGMM(K=1),20
ASK_Plass55,Weekend,2,1,2,0.0244,TruncGMM(K=3),Exponential,TruncGMM(K=1),TruncGMM(K=1),20
ASK_Plass55,Weekend,3,0,2,0.0,TruncGMM(K=3),Exponential,TruncGMM(K=1),TruncGMM(K=1),20
ASK_Plass55,Weekend,4,0,2,0.0,TruncGMM(K=3),Exponential,TruncGMM(K=1),TruncGMM(K=1),20
ASK_Plass55,Weekend,5,0,2,0.0,TruncGMM(K=3),Exponential,TruncGMM(K=1),TruncGMM(K=1),20
ASK_Plass55,Weekend,6,0,2,0.0,TruncGMM(K=3),Exponential,TruncGMM(K=1),TruncGMM(K=1),20
ASK_Plass55,Weekend,7,0,2,0.0,TruncGMM(K=3),Exponential,TruncGMM(K=1),TruncGMM(K=1),20
ASK_Plass55,Weekend,8,0,2,0.0,TruncGMM(K=3),Exponential,TruncGMM(K=1),TruncGMM(K=1),20
ASK_Plass55,Weekend,9,1,2,0.0244,TruncGMM(K=3),Exponential,TruncGMM(K=1),TruncGMM(K=1),20
ASK_Plass55,Weekend,10,0,2,0.0,TruncGMM(K=3),Exponential,TruncGMM(K=1),TruncGMM(K=1),20
ASK_Plass55,Weekend,11,3,2,0.0732,TruncGMM(K=3),Exponential,TruncGMM(K=1),TruncGMM(K=1),20
ASK_Plass55,Weekend,12,3,2,0.0732,TruncGMM(K=3),Exponential,TruncGMM(K=1),TruncGMM(K=1),20
ASK_Plass55,Weekend,13,4,2,0.0976,TruncGMM(K=3),Exponential,TruncGMM(K=1),TruncGMM(K=1),20
ASK_Plass55,Weekend,14,1,2,0.0244,TruncGMM(K=3),Exponential,TruncGMM(K=1),TruncGMM(K=1),20
ASK_Plass55,Weekend,15,4,2,0.0976,TruncGMM(K=3),Exponential,TruncGMM(K=1),TruncGMM(K=1),20
ASK_Plass55,Weekend,16,5,2,0.1219,TruncGMM(K=3),Exponential,TruncGMM(K=1),TruncGMM(K=1),5
ASK_Plass55,Weekend,17,4,2,0.0976,TruncGMM(K=3),Exponential,TruncGMM(K=1),TruncGMM(K=1),20
ASK_Plass55,Weekend,18,3,2,0.0732,TruncGMM(K=3),Exponential,TruncGMM(K=1),TruncGMM(K=1),20
ASK_Plass55,Weekend,19,1,2,0.0244,TruncGMM(K=3),Exponential,TruncGMM(K=1),TruncGMM(K=1),20
ASK_Plass55,Weekend,20,4,2,0.0976,TruncGMM(K=3),Exponential,TruncGMM(K=1),TruncGMM(K=1),20
ASK_Plass55,Weekend,21,4,2,0.0976,TruncGMM(K=3),Exponential,TruncGMM(K=1),TruncGMM(K=1),20
ASK_Plass55,Weekend,22,1,2,0.0244,TruncGMM(K=3),Exponential,TruncGMM(K=1),TruncGMM(K=1),20
ASK_Plass55,Weekend,23,0,2,0.0,TruncGMM(K=3),Exponential,TruncGMM(K=1),TruncGMM(K=1),20
ASK_Plass55,Weekend,24,1,2,0.0244,TruncGMM(K=3),Exponential,TruncGMM(K=1),TruncGMM(K=1),20
OSL_S_KT72,Weekday,1,14,2,0.0337,TruncGMM(K=3),LogNormal,LogNormal,TruncGMM(K=4),14
OSL_S_KT72,Weekday,2,12,2,0.0288,TruncGMM(K=3),LogNormal,LogNormal,TruncGMM(K=4),12
OSL_S_KT72,Weekday,3,6,2,0.0144,TruncGMM(K=3),LogNormal,LogNormal,TruncGMM(K=4),6
OSL_S_KT72,Weekday,4,2,2,0.0048,TruncGMM(K=3),LogNormal,LogNormal,TruncGMM(K=4),20
OSL_S_KT72,Weekday,5,7,2,0.0168,TruncGMM(K=3),LogNormal,LogNormal,TruncGMM(K=4),7
OSL_S_KT72,Weekday,6,3,2,0.0072,TruncGMM(K=3),LogNormal,LogNormal,TruncGMM(K=4),20
OSL_S_KT72,Weekday,7,2,2,0.0048,TruncGMM(K=3),LogNormal,LogNormal,TruncGMM(K=4),20
OSL_S_KT72,Weekday,8,7,2,0.0168,TruncGMM(K=3),LogNormal,LogNormal,TruncGMM(K=4),7
OSL_S_KT72,Weekday,9,3,2,0.0072,TruncGMM(K=3),LogNormal,LogNormal,TruncGMM(K=4),20
OSL_S_KT72,Weekday,10,4,2,0.0096,TruncGMM(K=3),LogNormal,LogNormal,TruncGMM(K=4),20
OSL_S_KT72,Weekday,11,3,2,0.0072,TruncGMM(K=3),LogNormal,LogNormal,TruncGMM(K=4),20
OSL_S_KT72,Weekday,12,7,2,0.0168,TruncGMM(K=3),LogNormal,LogNormal,TruncGMM(K=4),7
OSL_S_KT72,Weekday,13,7,2,0.0168,TruncGMM(K=3),LogNormal,LogNormal,TruncGMM(K=4),7
OSL_S_KT72,Weekday,14,7,2,0.0168,TruncGMM(K=3),LogNormal,LogNormal,TruncGMM(K=4),7
OSL_S_KT72,Weekday,15,13,2,0.0313,TruncGMM(K=3),LogNormal,LogNormal,TruncGMM(K=4),13
OSL_S_KT72,Weekday,16,19,1,0.0457,Exponential,Weibull,LogNormal,Weibull,19
OSL_S_KT72,Weekday,17,41,1,0.0986,LogNormal,LogNormal,LogNormal,Weibull,41
OSL_S_KT72,Weekday,18,54,1,0.1298,TruncGMM(K=3),Weibull,LogNormal,TruncGMM(K=2),54
OSL_S_KT72,Weekday,19,21,1,0.0505,TruncGMM(K=3),LogNormal,LogNormal,TruncGMM(K=1),21
OSL_S_KT72,Weekday,20,25,1,0.0601,TruncGMM(K=2),LogNormal,Weibull,LogNormal,25
OSL_S_KT72,Weekday,21,41,1,0.0986,TruncGMM(K=2),Weibull,LogNormal,TruncGMM(K=2),41
OSL_S_KT72,Weekday,22,41,1,0.0986,Exponential,LogNormal,TruncGMM(K=1),TruncGMM(K=2),41
OSL_S_KT72,Weekday,23,44,1,0.1058,TruncGMM(K=2),LogNormal,LogNormal,LogNormal,44
OSL_S_KT72,Weekday,24,33,1,0.0793,TruncGMM(K=3),Exponential,Weibull,TruncGMM(K=2),33
TRO_R_Bl2-1,Weekend,1,0,2,0.0,Exponential,Exponential,TruncGMM(K=1),TruncGMM(K=1),20
TRO_R_Bl2-1,Weekend,2,0,2,0.0,Exponential,Exponential,TruncGMM(K=1),TruncGMM(K=1),20
TRO_R_Bl2-1,Weekend,3,0,2,0.0,Exponential,Exponential,TruncGMM(K=1),TruncGMM(K=1),20
TRO_R_Bl2-1,Weekend,4,0,2,0.0,Exponential,Exponential,TruncGMM(K=1),TruncGMM(K=1),20
TRO_R_Bl2-1,Weekend,5,1,2,0.0135,Exponential,Exponential,TruncGMM(K=1),TruncGMM(K=1),20
TRO_R_Bl2-1,Weekend,6,0,2,0.0,Exponential,Exponential,TruncGMM(K=1),TruncGMM(K=1),20
TRO_R_Bl2-1,Weekend,7,0,2,0.0,Exponential,Exponential,TruncGMM(K=1),TruncGMM(K=1),20
TRO_R_Bl2-1,Weekend,8,3,2,0.0405,Exponential,Exponential,TruncGMM(K=1),TruncGMM(K=1),20
TRO_R_Bl2-1,Weekend,9,2,2,0.027,Exponential,Exponential,TruncGMM(K=1),TruncGMM(K=1),20
TRO_R_Bl2-1,Weekend,10,2,2,0.027,Exponential,Exponential,TruncGMM(K=1),TruncGMM(K=1),20
TRO_R_Bl2-1,Weekend,11,2,2,0.027,Exponential,Exponential,TruncGMM(K=1),TruncGMM(K=1),20
TRO_R_Bl2-1,Weekend,12,3,2,0.0405,Exponential,Exponential,TruncGMM(K=1),TruncGMM(K=1),20
TRO_R_Bl2-1,Weekend,13,3,2,0.0405,Exponential,Exponential,TruncGMM(K=1),TruncGMM(K=1),20
TRO_R_Bl2-1,Weekend,14,3,2,0.0405,Exponential,Exponential,TruncGMM(K=1),TruncGMM(K=1),20
TRO_R_Bl2-1,Weekend,15,5,2,0.0676,Exponential,Exponential,TruncGMM(K=1),TruncGMM(K=1),5
TRO_R_Bl2-1,Weekend,16,11,2,0.1486,Exponential,Exponential,TruncGMM(K=1),TruncGMM(K=1),11
TRO_R_Bl2-1,Weekend,17,2,2,0.027,Exponential,Exponential,TruncGMM(K=1),TruncGMM(K=1),20
TRO_R_Bl2-1,Weekend,18,5,2,0.0676,Exponential,Exponential,TruncGMM(K=1),TruncGMM(K=1),5
TRO_R_Bl2-1,Weekend,19,5,2,0.0676,Exponential,Exponential,TruncGMM(K=1),TruncGMM(K=1),5
TRO_R_Bl2-1,Weekend,20,6,2,0.0811,Exponential,Exponential,TruncGMM(K=1),TruncGMM(K=1),6
TRO_R_Bl2-1,Weekend,21,8,2,0.1081,Exponential,Exponential,TruncGMM(K=1),TruncGMM(K=1),8
TRO_R_Bl2-1,Weekend,22,6,2,0.0811,Exponential,Exponential,TruncGMM(K=1),TruncGMM(K=1),6
TRO_R_Bl2-1,Weekend,23,5,2,0.0676,Exponential,Exponential,TruncGMM(K=1),TruncGMM(K=1),5
TRO_R_Bl2-1,Weekend,24,2,2,0.027,Exponential,Exponential,TruncGMM(K=1),TruncGMM(K=1),20
OSL_S_KT43,Weekend,1,3,2,0.0319,Weibull,Exponential,TruncGMM(K=1),TruncGMM(K=1),20
OSL_S_KT43,Weekend,2,5,2,0.0532,Weibull,Exponential,TruncGMM(K=1),TruncGMM(K=1),5
OSL_S_KT43,Weekend,3,0,2,0.0,Weibull,Exponential,TruncGMM(K=1),TruncGMM(K=1),20
OSL_S_KT43,Weekend,4,1,2,0.0106,Weibull,Exponential,TruncGMM(K=1),TruncGMM(K=1),20
OSL_S_KT43,Weekend,5,1,2,0.0106,Weibull,Exponential,TruncGMM(K=1),TruncGMM(K=1),20
OSL_S_KT43,Weekend,6,0,2,0.0,Weibull,Exponential,TruncGMM(K=1),TruncGMM(K=1),20
OSL_S_KT43,Weekend,7,1,2,0.0106,Weibull,Exponential,TruncGMM(K=1),TruncGMM(K=1),20
OSL_S_KT43,Weekend,8,3,2,0.0319,Weibull,Exponential,TruncGMM(K=1),TruncGMM(K=1),20
OSL_S_KT43,Weekend,9,2,2,0.0213,Weibull,Exponential,TruncGMM(K=1),TruncGMM(K=1),20
OSL_S_KT43,Weekend,10,0,2,0.0,Weibull,Exponential,TruncGMM(K=1),TruncGMM(K=1),20
OSL_S_KT43,Weekend,11,0,2,0.0,Weibull,Exponential,TruncGMM(K=1),TruncGMM(K=1),20
OSL_S_KT43,Weekend,12,2,2,0.0213,Weibull,Exponential,TruncGMM(K=1),TruncGMM(K=1),20
OSL_S_KT43,Weekend,13,2,2,0.0213,Weibull,Exponential,TruncGMM(K=1),TruncGMM(K=1),20
OSL_S_KT43,Weekend,14,4,2,0.0426,Weibull,Exponential,TruncGMM(K=1),TruncGMM(K=1),20
OSL_S_KT43,Weekend,15,6,2,0.0638,Weibull,Exponential,TruncGMM(K=1),TruncGMM(K=1),6
OSL_S_KT43,Weekend,16,5,2,0.0532,Weibull,Exponential,TruncGMM(K=1),TruncGMM(K=1),5
OSL_S_KT43,Weekend,17,6,2,0.0638,Weibull,Exponential,TruncGMM(K=1),TruncGMM(K=1),6
OSL_S_KT43,Weekend,18,8,2,0.0851,Weibull,Exponential,TruncGMM(K=1),TruncGMM(K=1),8
OSL_S_KT43,Weekend,19,4,2,0.0426,Weibull,Exponential,TruncGMM(K=1),TruncGMM(K=1),20
OSL_S_KT43,Weekend,20,11,2,0.117,Weibull,Exponential,TruncGMM(K=1),TruncGMM(K=1),11
OSL_S_KT43,Weekend,21,5,2,0.0532,Weibull,Exponential,TruncGMM(K=1),TruncGMM(K=1),5
OSL_S_KT43,Weekend,22,3,2,0.0319,Weibull,Exponential,TruncGMM(K=1),TruncGMM(K=1),20
OSL_S_KT43,Weekend,23,10,2,0.1064,Weibull,Exponential,TruncGMM(K=1),TruncGMM(K=1),10
OSL_S_KT43,Weekend,24,12,2,0.1277,Weibull,Exponential,TruncGMM(K=1),TruncGMM(K=1),12
KR_U64,Weekday,1,0,2,0.0,Weibull,Exponential,Weibull,TruncGMM(K=2),20
KR_U64,Weekday,2,0,2,0.0,Weibull,Exponential,Weibull,TruncGMM(K=2),20
KR_U64,Weekday,3,0,2,0.0,Weibull,Exponential,Weibull,TruncGMM(K=2),20
KR_U64,Weekday,4,0,2,0.0,Weibull,Exponential,Weibull,TruncGMM(K=2),20
KR_U64,Weekday,5,4,2,0.0741,Weibull,Exponential,Weibull,TruncGMM(K=2),20
KR_U64,Weekday,6,4,2,0.0741,Weibull,Exponential,Weibull,TruncGMM(K=2),20
KR_U64,Weekday,7,1,2,0.0185,Weibull,Exponential,Weibull,TruncGMM(K=2),20
KR_U64,Weekday,8,11,2,0.2037,Weibull,Exponential,Weibull,TruncGMM(K=2),11
KR_U64,Weekday,9,5,2,0.0926,Weibull,Exponential,Weibull,TruncGMM(K=2),5
KR_U64,Weekday,10,4,2,0.0741,Weibull,Exponential,Weibull,TruncGMM(K=2),20
KR_U64,Weekday,11,1,2,0.0185,Weibull,Exponential,Weibull,TruncGMM(K=2),20
KR_U64,Weekday,12,1,2,0.0185,Weibull,Exponential,Weibull,TruncGMM(K=2),20
KR_U64,Weekday,13,0,2,0.0,Weibull,Exponential,Weibull,TruncGMM(K=2),20
KR_U64,Weekday,14,0,2,0.0,Weibull,Exponential,Weibull,TruncGMM(K=2),20
KR_U64,Weekday,15,2,2,0.037,Weibull,Exponential,Weibull,TruncGMM(K=2),20
KR_U64,Weekday,16,3,2,0.0556,Weibull,Exponential,Weibull,TruncGMM(K=2),20
KR_U64,Weekday,17,4,2,0.0741,Weibull,Exponential,Weibull,TruncGMM(K=2),20
KR_U64,Weekday,18,10,2,0.1852,Weibull,Exponential,Weibull,TruncGMM(K=2),10
KR_U64,Weekday,19,3,2,0.0556,Weibull,Exponential,Weibull,TruncGMM(K=2),20
KR_U64,Weekday,20,1,2,0.0185,Weibull,Exponential,Weibull,TruncGMM(K=2),20
KR_U64,Weekday,21,0,2,0.0,Weibull,Exponential,Weibull,TruncGMM(K=2),20
KR_U64,Weekday,22,0,2,0.0,Weibull,Exponential,Weibull,TruncGMM(K=2),20
KR_U64,Weekday,23,0,2,0.0,Weibull,Exponential,Weibull,TruncGMM(K=2),20
KR_U64,Weekday,24,0,2,0.0,Weibull,Exponential,Weibull,TruncGMM(K=2),20
BAR_2_Plass17,Weekday,1,0,2,0.0,Exponential,Weibull,LogNormal,TruncGMM(K=2),20
BAR_2_Plass17,Weekday,2,0,2,0.0,Exponential,Weibull,LogNormal,TruncGMM(K=2),20
BAR_2_Plass17,Weekday,3,0,2,0.0,Exponential,Weibull,LogNormal,TruncGMM(K=2),20
BAR_2_Plass17,Weekday,4,0,2,0.0,Exponential,Weibull,LogNormal,TruncGMM(K=2),20
BAR_2_Plass17,Weekday,5,0,2,0.0,Exponential,Weibull,LogNormal,TruncGMM(K=2),20
BAR_2_Plass17,Weekday,6,0,2,0.0,Exponential,Weibull,LogNormal,TruncGMM(K=2),20
BAR_2_Plass17,Weekday,7,0,2,0.0,Exponential,Weibull,LogNormal,TruncGMM(K=2),20
BAR_2_Plass17,Weekday,8,0,2,0.0,Exponential,Weibull,LogNormal,TruncGMM(K=2),20
BAR_2_Plass17,Weekday,9,6,2,0.075,Exponential,Weibull,LogNormal,TruncGMM(K=2),6
BAR_2_Plass17,Weekday,10,3,2,0.0375,Exponential,Weibull,LogNormal,TruncGMM(K=2),20
BAR_2_Plass17,Weekday,11,1,2,0.0125,Exponential,Weibull,LogNormal,TruncGMM(K=2),20
BAR_2_Plass17,Weekday,12,2,2,0.025,Exponential,Weibull,LogNormal,TruncGMM(K=2),20
BAR_2_Plass17,Weekday,13,3,2,0.0375,Exponential,Weibull,LogNormal,TruncGMM(K=2),20
BAR_2_Plass17,Weekday,14,2,2,0.025,Exponential,Weibull,LogNormal,TruncGMM(K=2),20
BAR_2_Plass17,Weekday,15,4,2,0.05,Exponential,Weibull,LogNormal,TruncGMM(K=2),20
BAR_2_Plass17,Weekday,16,11,2,0.1375,Exponential,Weibull,LogNormal,TruncGMM(K=2),11
BAR_2_Plass17,Weekday,17,13,2,0.1625,Exponential,Weibull,LogNormal,TruncGMM(K=2),13
BAR_2_Plass17,Weekday,18,11,2,0.1375,Exponential,Weibull,LogNormal,TruncGMM(K=2),11
BAR_2_Plass17,Weekday,19,4,2,0.05,Exponential,Weibull,LogNormal,TruncGMM(K=2),20
BAR_2_Plass17,Weekday,20,5,2,0.0625,Exponential,Weibull,LogNormal,TruncGMM(K=2),5
BAR_2_Plass17,Weekday,21,10,2,0.125,Exponential,Weibull,LogNormal,TruncGMM(K=2),10
BAR_2_Plass17,Weekday,22,4,2,0.05,Exponential,Weibull,LogNormal,TruncGMM(K=2),20
BAR_2_Plass17,Weekday,23,1,2,0.0125,Exponential,Weibull,LogNormal,TruncGMM(K=2),20
BAR_2_Plass17,Weekday,24,0,2,0.0,Exponential,Weibull,LogNormal,TruncGMM(K=2),20
TRO_R_UT7-2,Weekend,1,0,2,0.0,TruncGMM(K=1),Exponential,TruncGMM(K=1),Weibull,20
TRO_R_UT7-2,Weekend,2,0,2,0.0,TruncGMM(K=1),Exponential,TruncGMM(K=1),Weibull,20
TRO_R_UT7-2,Weekend,3,0,2,0.0,TruncGMM(K=1),Exponential,TruncGMM(K=1),Weibull,20
TRO_R_UT7-2,Weekend,4,0,2,0.0,TruncGMM(K=1),Exponential,TruncGMM(K=1),Weibull,20
TRO_R_UT7-2,Weekend,5,0,2,0.0,TruncGMM(K=1),Exponential,TruncGMM(K=1),Weibull,20
TRO_R_UT7-2,Weekend,6,0,2,0.0,TruncGMM(K=1),Exponential,TruncGMM(K=1),Weibull,20
TRO_R_UT7-2,Weekend,7,0,2,0.0,TruncGMM(K=1),Exponential,TruncGMM(K=1),Weibull,20
TRO_R_UT7-2,Weekend,8,0,2,0.0,TruncGMM(K=1),Exponential,TruncGMM(K=1),Weibull,20
TRO_R_UT7-2,Weekend,9,0,2,0.0,TruncGMM(K=1),Exponential,TruncGMM(K=1),Weibull,20
TRO_R_UT7-2,Weekend,10,0,2,0.0,TruncGMM(K=1),Exponential,TruncGMM(K=1),Weibull,20
TRO_R_UT7-2,Weekend,11,1,2,0.0385,TruncGMM(K=1),Exponential,TruncGMM(K=1),Weibull,20
TRO_R_UT7-2,Weekend,12,0,2,0.0,TruncGMM(K=1),Exponential,TruncGMM(K=1),Weibull,20
TRO_R_UT7-2,Weekend,13,0,2,0.0,TruncGMM(K=1),Exponential,TruncGMM(K=1),Weibull,20
TRO_R_UT7-2,Weekend,14,3,2,0.1154,TruncGMM(K=1),Exponential,TruncGMM(K=1),Weibull,20
TRO_R_UT7-2,Weekend,15,2,2,0.0769,TruncGMM(K=1),Exponential,TruncGMM(K=1),Weibull,20
TRO_R_UT7-2,Weekend,16,5,2,0.1923,TruncGMM(K=1),Exponential,TruncGMM(K=1),Weibull,5
TRO_R_UT7-2,Weekend,17,0,2,0.0,TruncGMM(K=1),Exponential,TruncGMM(K=1),Weibull,20
TRO_R_UT7-2,Weekend,18,4,2,0.1538,TruncGMM(K=1),Exponential,TruncGMM(K=1),Weibull,20
TRO_R_UT7-2,Weekend,19,3,2,0.1154,TruncGMM(K=1),Exponential,TruncGMM(K=1),Weibull,20
TRO_R_UT7-2,Weekend,20,6,2,0.2308,TruncGMM(K=1),Exponential,TruncGMM(K=1),Weibull,6
TRO_R_UT7-2,Weekend,21,2,2,0.0769,TruncGMM(K=1),Exponential,TruncGMM(K=1),Weibull,20
TRO_R_UT7-2,Weekend,22,0,2,0.0,TruncGMM(K=1),Exponential,TruncGMM(K=1),Weibull,20
TRO_R_UT7-2,Weekend,23,0,2,0.0,TruncGMM(K=1),Exponential,TruncGMM(K=1),Weibull,20
TRO_R_UT7-2,Weekend,24,0,2,0.0,TruncGMM(K=1),Exponential,TruncGMM(K=1),Weibull,20
OSL_S_KT173,Weekend,1,5,2,0.0658,TruncGMM(K=1),Exponential,TruncGMM(K=1),TruncGMM(K=3),5
OSL_S_KT173,Weekend,2,4,2,0.0526,TruncGMM(K=1),Exponential,TruncGMM(K=1),TruncGMM(K=3),20
OSL_S_KT173,Weekend,3,0,2,0.0,TruncGMM(K=1),Exponential,TruncGMM(K=1),TruncGMM(K=3),20
OSL_S_KT173,Weekend,4,0,2,0.0,TruncGMM(K=1),Exponential,TruncGMM(K=1),TruncGMM(K=3),20
OSL_S_KT173,Weekend,5,0,2,0.0,TruncGMM(K=1),Exponential,TruncGMM(K=1),TruncGMM(K=3),20
OSL_S_KT173,Weekend,6,0,2,0.0,TruncGMM(K=1),Exponential,TruncGMM(K=1),TruncGMM(K=3),20
OSL_S_KT173,Weekend,7,0,2,0.0,TruncGMM(K=1),Exponential,TruncGMM(K=1),TruncGMM(K=3),20
OSL_S_KT173,Weekend,8,0,2,0.0,TruncGMM(K=1),Exponential,TruncGMM(K=1),TruncGMM(K=3),20
OSL_S_KT173,Weekend,9,0,2,0.0,TruncGMM(K=1),Exponential,TruncGMM(K=1),TruncGMM(K=3),20
OSL_S_KT173,Weekend,10,0,2,0.0,TruncGMM(K=1),Exponential,TruncGMM(K=1),TruncGMM(K=3),20
OSL_S_KT173,Weekend,11,0,2,0.0,TruncGMM(K=1),Exponential,TruncGMM(K=1),TruncGMM(K=3),20
OSL_S_KT173,Weekend,12,1,2,0.0132,TruncGMM(K=1),Exponential,TruncGMM(K=1),TruncGMM(K=3),20
OSL_S_KT173,Weekend,13,0,2,0.0,TruncGMM(K=1),Exponential,TruncGMM(K=1),TruncGMM(K=3),20
OSL_S_KT173,Weekend,14,2,2,0.0263,TruncGMM(K=1),Exponential,TruncGMM(K=1),TruncGMM(K=3),20
OSL_S_KT173,Weekend,15,2,2,0.0263,TruncGMM(K=1),Exponential,TruncGMM(K=1),TruncGMM(K=3),20
OSL_S_KT173,Weekend,16,5,2,0.0658,TruncGMM(K=1),Exponential,TruncGMM(K=1),TruncGMM(K=3),5
OSL_S_KT173,Weekend,17,6,2,0.0789,TruncGMM(K=1),Exponential,TruncGMM(K=1),TruncGMM(K=3),6
OSL_S_KT173,Weekend,18,1,2,0.0132,TruncGMM(K=1),Exponential,TruncGMM(K=1),TruncGMM(K=3),20
OSL_S_KT173,Weekend,19,0,2,0.0,TruncGMM(K=1),Exponential,TruncGMM(K=1),TruncGMM(K=3),20
OSL_S_KT173,Weekend,20,7,2,0.0921,TruncGMM(K=1),Exponential,TruncGMM(K=1),TruncGMM(K=3),7
OSL_S_KT173,Weekend,21,6,2,0.0789,TruncGMM(K=1),Exponential,TruncGMM(K=1),TruncGMM(K=3),6
OSL_S_KT173,Weekend,22,11,2,0.1447,TruncGMM(K=1),Exponential,TruncGMM(K=1),TruncGMM(K=3),11
OSL_S_KT173,Weekend,23,20,1,0.2632,TruncGMM(K=3),TruncGMM(K=1),LogNormal,TruncGMM(K=3),20
OSL_S_KT173,Weekend,24,6,2,0.0789,TruncGMM(K=1),Exponential,TruncGMM(K=1),TruncGMM(K=3),6
KR_U507,Weekday,1,0,2,0.0,TruncGMM(K=2),TruncGMM(K=1),Weibull,TruncGMM(K=2),20
KR_U507,Weekday,2,0,2,0.0,TruncGMM(K=2),TruncGMM(K=1),Weibull,TruncGMM(K=2),20
KR_U507,Weekday,3,0,2,0.0,TruncGMM(K=2),TruncGMM(K=1),Weibull,TruncGMM(K=2),20
KR_U507,Weekday,4,0,2,0.0,TruncGMM(K=2),TruncGMM(K=1),Weibull,TruncGMM(K=2),20
KR_U507,Weekday,5,0,2,0.0,TruncGMM(K=2),TruncGMM(K=1),Weibull,TruncGMM(K=2),20
KR_U507,Weekday,6,0,2,0.0,TruncGMM(K=2),TruncGMM(K=1),Weibull,TruncGMM(K=2),20
KR_U507,Weekday,7,0,2,0.0,TruncGMM(K=2),TruncGMM(K=1),Weibull,TruncGMM(K=2),20
KR_U507,Weekday,8,0,2,0.0,TruncGMM(K=2),TruncGMM(K=1),Weibull,TruncGMM(K=2),20
KR_U507,Weekday,9,0,2,0.0,TruncGMM(K=2),TruncGMM(K=1),Weibull,TruncGMM(K=2),20
KR_U507,Weekday,10,2,2,0.0444,TruncGMM(K=2),TruncGMM(K=1),Weibull,TruncGMM(K=2),20
KR_U507,Weekday,11,2,2,0.0444,TruncGMM(K=2),TruncGMM(K=1),Weibull,TruncGMM(K=2),20
KR_U507,Weekday,12,0,2,0.0,TruncGMM(K=2),TruncGMM(K=1),Weibull,TruncGMM(K=2),20
KR_U507,Weekday,13,0,2,0.0,TruncGMM(K=2),TruncGMM(K=1),Weibull,TruncGMM(K=2),20
KR_U507,Weekday,14,0,2,0.0,TruncGMM(K=2),TruncGMM(K=1),Weibull,TruncGMM(K=2),20
KR_U507,Weekday,15,2,2,0.0444,TruncGMM(K=2),TruncGMM(K=1),Weibull,TruncGMM(K=2),20
KR_U507,Weekday,16,2,2,0.0444,TruncGMM(K=2),TruncGMM(K=1),Weibull,TruncGMM(K=2),20
KR_U507,Weekday,17,1,2,0.0222,TruncGMM(K=2),TruncGMM(K=1),Weibull,TruncGMM(K=2),20
KR_U507,Weekday,18,6,2,0.1333,TruncGMM(K=2),TruncGMM(K=1),Weibull,TruncGMM(K=2),6
KR_U507,Weekday,19,15,1,0.3333,TruncGMM(K=2),TruncGMM(K=1),Weibull,TruncGMM(K=1),15
KR_U507,Weekday,20,5,2,0.1111,TruncGMM(K=2),TruncGMM(K=1),Weibull,TruncGMM(K=2),5
KR_U507,Weekday,21,3,2,0.0667,TruncGMM(K=2),TruncGMM(K=1),Weibull,TruncGMM(K=2),20
KR_U507,Weekday,22,5,2,0.1111,TruncGMM(K=2),TruncGMM(K=1),Weibull,TruncGMM(K=2),5
KR_U507,Weekday,23,2,2,0.0444,TruncGMM(K=2),TruncGMM(K=1),Weibull,TruncGMM(K=2),20
KR_U507,Weekday,24,0,2,0.0,TruncGMM(K=2),TruncGMM(K=1),Weibull,TruncGMM(K=2),20
OSL_S_KT77,Weekend,1,0,2,0.0,Exponential,Weibull,TruncGMM(K=2),Weibull,20
OSL_S_KT77,Weekend,2,0,2,0.0,Exponential,Weibull,TruncGMM(K=2),Weibull,20
OSL_S_KT77,Weekend,3,0,2,0.0,Exponential,Weibull,TruncGMM(K=2),Weibull,20
OSL_S_KT77,Weekend,4,0,2,0.0,Exponential,Weibull,TruncGMM(K=2),Weibull,20
OSL_S_KT77,Weekend,5,0,2,0.0,Exponential,Weibull,TruncGMM(K=2),Weibull,20
OSL_S_KT77,Weekend,6,1,2,0.0164,Exponential,Weibull,TruncGMM(K=2),Weibull,20
OSL_S_KT77,Weekend,7,0,2,0.0,Exponential,Weibull,TruncGMM(K=2),Weibull,20
OSL_S_KT77,Weekend,8,0,2,0.0,Exponential,Weibull,TruncGMM(K=2),Weibull,20
OSL_S_KT77,Weekend,9,0,2,0.0,Exponential,Weibull,TruncGMM(K=2),Weibull,20
OSL_S_KT77,Weekend,10,1,2,0.0164,Exponential,Weibull,TruncGMM(K=2),Weibull,20
OSL_S_KT77,Weekend,11,1,2,0.0164,Exponential,Weibull,TruncGMM(K=2),Weibull,20
OSL_S_KT77,Weekend,12,1,2,0.0164,Exponential,Weibull,TruncGMM(K=2),Weibull,20
OSL_S_KT77,Weekend,13,3,2,0.0492,Exponential,Weibull,TruncGMM(K=2),Weibull,20
OSL_S_KT77,Weekend,14,6,2,0.0984,Exponential,Weibull,TruncGMM(K=2),Weibull,6
OSL_S_KT77,Weekend,15,6,2,0.0984,Exponential,Weibull,TruncGMM(K=2),Weibull,6
OSL_S_KT77,Weekend,16,13,2,0.2131,Exponential,Weibull,TruncGMM(K=2),Weibull,13
OSL_S_KT77,Weekend,17,10,2,0.1639,Exponential,Weibull,TruncGMM(K=2),Weibull,10
OSL_S_KT77,Weekend,18,2,2,0.0328,Exponential,Weibull,TruncGMM(K=2),Weibull,20
OSL_S_KT77,Weekend,19,8,2,0.1311,Exponential,Weibull,TruncGMM(K=2),Weibull,8
OSL_S_KT77,Weekend,20,4,2,0.0656,Exponential,Weibull,TruncGMM(K=2),Weibull,20
OSL_S_KT77,Weekend,21,2,2,0.0328,Exponential,Weibull,TruncGMM(K=2),Weibull,20
OSL_S_KT77,Weekend,22,3,2,0.0492,Exponential,Weibull,TruncGMM(K=2),Weibull,20
OSL_S_KT77,Weekend,23,0,2,0.0,Exponential,Weibull,TruncGMM(K=2),Weibull,20
OSL_S_KT77,Weekend,24,0,2,0.0,Exponential,Weibull,TruncGMM(K=2),Weibull,20
TRO_R_Bl2-3,Weekday,1,0,2,0.0,TruncGMM(K=3),Exponential,Weibull,TruncGMM(K=3),20
TRO_R_Bl2-3,Weekday,2,0,2,0.0,TruncGMM(K=3),Exponential,Weibull,TruncGMM(K=3),20
TRO_R_Bl2-3,Weekday,3,0,2,0.0,TruncGMM(K=3),Exponential,Weibull,TruncGMM(K=3),20
TRO_R_Bl2-3,Weekday,4,0,2,0.0,TruncGMM(K=3),Exponential,Weibull,TruncGMM(K=3),20
TRO_R_Bl2-3,Weekday,5,0,2,0.0,TruncGMM(K=3),Exponential,Weibull,TruncGMM(K=3),20
TRO_R_Bl2-3,Weekday,6,2,2,0.0155,TruncGMM(K=3),Exponential,Weibull,TruncGMM(K=3),20
TRO_R_Bl2-3,Weekday,7,0,2,0.0,TruncGMM(K=3),Exponential,Weibull,TruncGMM(K=3),20
TRO_R_Bl2-3,Weekday,8,0,2,0.0,TruncGMM(K=3),Exponential,Weibull,TruncGMM(K=3),20
TRO_R_Bl2-3,Weekday,9,1,2,0.0078,TruncGMM(K=3),Exponential,Weibull,TruncGMM(K=3),20
TRO_R_Bl2-3,Weekday,10,0,2,0.0,TruncGMM(K=3),Exponential,Weibull,TruncGMM(K=3),20
TRO_R_Bl2-3,Weekday,11,0,2,0.0,TruncGMM(K=3),Exponential,Weibull,TruncGMM(K=3),20
TRO_R_Bl2-3,Weekday,12,2,2,0.0155,TruncGMM(K=3),Exponential,Weibull,TruncGMM(K=3),20
TRO_R_Bl2-3,Weekday,13,0,2,0.0,TruncGMM(K=3),Exponential,Weibull,TruncGMM(K=3),20
TRO_R_Bl2-3,Weekday,14,3,2,0.0233,TruncGMM(K=3),Exponential,Weibull,TruncGMM(K=3),20
TRO_R_Bl2-3,Weekday,15,3,2,0.0233,TruncGMM(K=3),Exponential,Weibull,TruncGMM(K=3),20
TRO_R_Bl2-3,Weekday,16,35,1,0.2713,TruncGMM(K=2),Exponential,Weibull,TruncGMM(K=1),35
TRO_R_Bl2-3,Weekday,17,42,1,0.3256,TruncGMM(K=3),Exponential,Weibull,TruncGMM(K=2),42
TRO_R_Bl2-3,Weekday,18,12,2,0.093,TruncGMM(K=3),Exponential,Weibull,TruncGMM(K=3),12
TRO_R_Bl2-3,Weekday,19,4,2,0.031,TruncGMM(K=3),Exponential,Weibull,TruncGMM(K=3),20
TRO_R_Bl2-3,Weekday,20,9,2,0.0698,TruncGMM(K=3),Exponential,Weibull,TruncGMM(K=3),9
TRO_R_Bl2-3,Weekday,21,5,2,0.0388,TruncGMM(K=3),Exponential,Weibull,TruncGMM(K=3),5
TRO_R_Bl2-3,Weekday,22,5,2,0.0388,TruncGMM(K=3),Exponential,Weibull,TruncGMM(K=3),5
TRO_R_Bl2-3,Weekday,23,3,2,0.0233,TruncGMM(K=3),Exponential,Weibull,TruncGMM(K=3),20
TRO_R_Bl2-3,Weekday,24,3,2,0.0233,TruncGMM(K=3),Exponential,Weibull,TruncGMM(K=3),20
OSL_S_KT169,Weekday,1,0,2,0.0,TruncGMM(K=2),TruncGMM(K=6),TruncGMM(K=2),TruncGMM(K=2),20
OSL_S_KT169,Weekday,2,0,2,0.0,TruncGMM(K=2),TruncGMM(K=6),TruncGMM(K=2),TruncGMM(K=2),20
OSL_S_KT169,Weekday,3,0,2,0.0,TruncGMM(K=2),TruncGMM(K=6),TruncGMM(K=2),TruncGMM(K=2),20
OSL_S_KT169,Weekday,4,0,2,0.0,TruncGMM(K=2),TruncGMM(K=6),TruncGMM(K=2),TruncGMM(K=2),20
OSL_S_KT169,Weekday,5,0,2,0.0,TruncGMM(K=2),TruncGMM(K=6),TruncGMM(K=2),TruncGMM(K=2),20
OSL_S_KT169,Weekday,6,0,2,0.0,TruncGMM(K=2),TruncGMM(K=6),TruncGMM(K=2),TruncGMM(K=2),20
OSL_S_KT169,Weekday,7,0,2,0.0,TruncGMM(K=2),TruncGMM(K=6),TruncGMM(K=2),TruncGMM(K=2),20
OSL_S_KT169,Weekday,8,0,2,0.0,TruncGMM(K=2),TruncGMM(K=6),TruncGMM(K=2),TruncGMM(K=2),20
OSL_S_KT169,Weekday,9,1,2,0.0038,TruncGMM(K=2),TruncGMM(K=6),TruncGMM(K=2),TruncGMM(K=2),20
OSL_S_KT169,Weekday,10,0,2,0.0,TruncGMM(K=2),TruncGMM(K=6),TruncGMM(K=2),TruncGMM(K=2),20
OSL_S_KT169,Weekday,11,1,2,0.0038,TruncGMM(K=2),TruncGMM(K=6),TruncGMM(K=2),TruncGMM(K=2),20
OSL_S_KT169,Weekday,12,0,2,0.0,TruncGMM(K=2),TruncGMM(K=6),TruncGMM(K=2),TruncGMM(K=2),20
OSL_S_KT169,Weekday,13,0,2,0.0,TruncGMM(K=2),TruncGMM(K=6),TruncGMM(K=2),TruncGMM(K=2),20
OSL_S_KT169,Weekday,14,7,2,0.0265,TruncGMM(K=2),TruncGMM(K=6),TruncGMM(K=2),TruncGMM(K=2),7
OSL_S_KT169,Weekday,15,209,1,0.7917,TruncGMM(K=2),TruncGMM(K=6),TruncGMM(K=2),TruncGMM(K=4),209
OSL_S_KT169,Weekday,16,30,1,0.1136,LogNormal,LogNormal,LogNormal,TruncGMM(K=2),30
OSL_S_KT169,Weekday,17,2,2,0.0076,TruncGMM(K=2),TruncGMM(K=6),TruncGMM(K=2),TruncGMM(K=2),20
OSL_S_KT169,Weekday,18,1,2,0.0038,TruncGMM(K=2),TruncGMM(K=6),TruncGMM(K=2),TruncGMM(K=2),20
OSL_S_KT169,Weekday,19,1,2,0.0038,TruncGMM(K=2),TruncGMM(K=6),TruncGMM(K=2),TruncGMM(K=2),20
OSL_S_KT169,Weekday,20,3,2,0.0114,TruncGMM(K=2),TruncGMM(K=6),TruncGMM(K=2),TruncGMM(K=2),20
OSL_S_KT169,Weekday,21,5,2,0.0189,TruncGMM(K=2),TruncGMM(K=6),TruncGMM(K=2),TruncGMM(K=2),5
OSL_S_KT169,Weekday,22,3,2,0.0114,TruncGMM(K=2),TruncGMM(K=6),TruncGMM(K=2),TruncGMM(K=2),20
OSL_S_KT169,Weekday,23,1,2,0.0038,TruncGMM(K=2),TruncGMM(K=6),TruncGMM(K=2),TruncGMM(K=2),20
OSL_S_KT169,Weekday,24,0,2,0.0,TruncGMM(K=2),TruncGMM(K=6),TruncGMM(K=2),TruncGMM(K=2),20
OSL_S_KT76,Weekend,1,0,2,0.0,Exponential,Exponential,TruncGMM(K=2),Weibull,20
OSL_S_KT76,Weekend,2,0,2,0.0,Exponential,Exponential,TruncGMM(K=2),Weibull,20
OSL_S_KT76,Weekend,3,0,2,0.0,Exponential,Exponential,TruncGMM(K=2),Weibull,20
OSL_S_KT76,Weekend,4,0,2,0.0,Exponential,Exponential,TruncGMM(K=2),Weibull,20
OSL_S_KT76,Weekend,5,0,2,0.0,Exponential,Exponential,TruncGMM(K=2),Weibull,20
OSL_S_KT76,Weekend,6,0,2,0.0,Exponential,Exponential,TruncGMM(K=2),Weibull,20
OSL_S_KT76,Weekend,7,0,2,0.0,Exponential,Exponential,TruncGMM(K=2),Weibull,20
OSL_S_KT76,Weekend,8,1,2,0.0345,Exponential,Exponential,TruncGMM(K=2),Weibull,20
OSL_S_KT76,Weekend,9,1,2,0.0345,Exponential,Exponential,TruncGMM(K=2),Weibull,20
OSL_S_KT76,Weekend,10,2,2,0.069,Exponential,Exponential,TruncGMM(K=2),Weibull,20
OSL_S_KT76,Weekend,11,2,2,0.069,Exponential,Exponential,TruncGMM(K=2),Weibull,20
OSL_S_KT76,Weekend,12,1,2,0.0345,Exponential,Exponential,TruncGMM(K=2),Weibull,20
OSL_S_KT76,Weekend,13,1,2,0.0345,Exponential,Exponential,TruncGMM(K=2),Weibull,20
OSL_S_KT76,Weekend,14,2,2,0.069,Exponential,Exponential,TruncGMM(K=2),Weibull,20
OSL_S_KT76,Weekend,15,1,2,0.0345,Exponential,Exponential,TruncGMM(K=2),Weibull,20
OSL_S_KT76,Weekend,16,1,2,0.0345,Exponential,Exponential,TruncGMM(K=2),Weibull,20
OSL_S_KT76,Weekend,17,4,2,0.1379,Exponential,Exponential,TruncGMM(K=2),Weibull,20
OSL_S_KT76,Weekend,18,3,2,0.1034,Exponential,Exponential,TruncGMM(K=2),Weibull,20
OSL_S_KT76,Weekend,19,4,2,0.1379,Exponential,Exponential,TruncGMM(K=2),Weibull,20
OSL_S_KT76,Weekend,20,2,2,0.069,Exponential,Exponential,TruncGMM(K=2),Weibull,20
OSL_S_KT76,Weekend,21,3,2,0.1034,Exponential,Exponential,TruncGMM(K=2),Weibull,20
OSL_S_KT76,Weekend,22,0,2,0.0,Exponential,Exponential,TruncGMM(K=2),Weibull,20
OSL_S_KT76,Weekend,23,1,2,0.0345,Exponential,Exponential,TruncGMM(K=2),Weibull,20
OSL_S_KT76,Weekend,24,0,2,0.0,Exponential,Exponential,TruncGMM(K=2),Weibull,20
OSL_S_KT125,Weekend,1,13,2,0.1226,LogNormal,LogNormal,TruncGMM(K=1),TruncGMM(K=2),13
OSL_S_KT125,Weekend,2,10,2,0.0943,LogNormal,LogNormal,TruncGMM(K=1),TruncGMM(K=2),10
OSL_S_KT125,Weekend,3,5,2,0.0472,LogNormal,LogNormal,TruncGMM(K=1),TruncGMM(K=2),5
OSL_S_KT125,Weekend,4,3,2,0.0283,LogNormal,LogNormal,TruncGMM(K=1),TruncGMM(K=2),20
OSL_S_KT125,Weekend,5,2,2,0.0189,LogNormal,LogNormal,TruncGMM(K=1),TruncGMM(K=2),20
OSL_S_KT125,Weekend,6,1,2,0.0094,LogNormal,LogNormal,TruncGMM(K=1),TruncGMM(K=2),20
OSL_S_KT125,Weekend,7,1,2,0.0094,LogNormal,LogNormal,TruncGMM(K=1),TruncGMM(K=2),20
OSL_S_KT125,Weekend,8,1,2,0.0094,LogNormal,LogNormal,TruncGMM(K=1),TruncGMM(K=2),20
OSL_S_KT125,Weekend,9,2,2,0.0189,LogNormal,LogNormal,TruncGMM(K=1),TruncGMM(K=2),20
OSL_S_KT125,Weekend,10,2,2,0.0189,LogNormal,LogNormal,TruncGMM(K=1),TruncGMM(K=2),20
OSL_S_KT125,Weekend,11,0,2,0.0,LogNormal,LogNormal,TruncGMM(K=1),TruncGMM(K=2),20
OSL_S_KT125,Weekend,12,0,2,0.0,LogNormal,LogNormal,TruncGMM(K=1),TruncGMM(K=2),20
OSL_S_KT125,Weekend,13,4,2,0.0377,LogNormal,LogNormal,TruncGMM(K=1),TruncGMM(K=2),20
OSL_S_KT125,Weekend,14,4,2,0.0377,LogNormal,LogNormal,TruncGMM(K=1),TruncGMM(K=2),20
OSL_S_KT125,Weekend,15,4,2,0.0377,LogNormal,LogNormal,TruncGMM(K=1),TruncGMM(K=2),20
OSL_S_KT125,Weekend,16,5,2,0.0472,LogNormal,LogNormal,TruncGMM(K=1),TruncGMM(K=2),5
OSL_S_KT125,Weekend,17,12,2,0.1132,LogNormal,LogNormal,TruncGMM(K=1),TruncGMM(K=2),12
OSL_S_KT125,Weekend,18,7,2,0.066,LogNormal,LogNormal,TruncGMM(K=1),TruncGMM(K=2),7
OSL_S_KT125,Weekend,19,1,2,0.0094,LogNormal,LogNormal,TruncGMM(K=1),TruncGMM(K=2),20
OSL_S_KT125,Weekend,20,2,2,0.0189,LogNormal,LogNormal,TruncGMM(K=1),TruncGMM(K=2),20
OSL_S_KT125,Weekend,21,6,2,0.0566,LogNormal,LogNormal,TruncGMM(K=1),TruncGMM(K=2),6
OSL_S_KT125,Weekend,22,5,2,0.0472,LogNormal,LogNormal,TruncGMM(K=1),TruncGMM(K=2),5
OSL_S_KT125,Weekend,23,8,2,0.0755,LogNormal,LogNormal,TruncGMM(K=1),TruncGMM(K=2),8
OSL_S_KT125,Weekend,24,8,2,0.0755,LogNormal,LogNormal,TruncGMM(K=1),TruncGMM(K=2),8
KR_U280,Weekday,1,16,1,0.2253,TruncGMM(K=1),TruncGMM(K=2),TruncGMM(K=1),TruncGMM(K=1),16
KR_U280,Weekday,2,9,2,0.1268,TruncGMM(K=1),Exponential,TruncGMM(K=1),TruncGMM(K=3),9
KR_U280,Weekday,3,6,2,0.0845,TruncGMM(K=1),Exponential,TruncGMM(K=1),TruncGMM(K=3),6
KR_U280,Weekday,4,6,2,0.0845,TruncGMM(K=1),Exponential,TruncGMM(K=1),TruncGMM(K=3),6
KR_U280,Weekday,5,2,2,0.0282,TruncGMM(K=1),Exponential,TruncGMM(K=1),TruncGMM(K=3),20
KR_U280,Weekday,6,8,2,0.1127,TruncGMM(K=1),Exponential,TruncGMM(K=1),TruncGMM(K=3),8
KR_U280,Weekday,7,12,2,0.169,TruncGMM(K=1),Exponential,TruncGMM(K=1),TruncGMM(K=3),12
KR_U280,Weekday,8,1,2,0.0141,TruncGMM(K=1),Exponential,TruncGMM(K=1),TruncGMM(K=3),20
KR_U280,Weekday,9,0,2,0.0,TruncGMM(K=1),Exponential,TruncGMM(K=1),TruncGMM(K=3),20
KR_U280,Weekday,10,0,2,0.0,TruncGMM(K=1),Exponential,TruncGMM(K=1),TruncGMM(K=3),20
KR_U280,Weekday,11,0,2,0.0,TruncGMM(K=1),Exponential,TruncGMM(K=1),TruncGMM(K=3),20
KR_U280,Weekday,12,0,2,0.0,TruncGMM(K=1),Exponential,TruncGMM(K=1),TruncGMM(K=3),20
KR_U280,Weekday,13,0,2,0.0,TruncGMM(K=1),Exponential,TruncGMM(K=1),TruncGMM(K=3),20
KR_U280,Weekday,14,0,2,0.0,TruncGMM(K=1),Exponential,TruncGMM(K=1),TruncGMM(K=3),20
KR_U280,Weekday,15,0,2,0.0,TruncGMM(K=1),Exponential,TruncGMM(K=1),TruncGMM(K=3),20
KR_U280,Weekday,16,0,2,0.0,TruncGMM(K=1),Exponential,TruncGMM(K=1),TruncGMM(K=3),20
KR_U280,Weekday,17,0,2,0.0,TruncGMM(K=1),Exponential,TruncGMM(K=1),TruncGMM(K=3),20
KR_U280,Weekday,18,0,2,0.0,TruncGMM(K=1),Exponential,TruncGMM(K=1),TruncGMM(K=3),20
KR_U280,Weekday,19,0,2,0.0,TruncGMM(K=1),Exponential,TruncGMM(K=1),TruncGMM(K=3),20
KR_U280,Weekday,20,0,2,0.0,TruncGMM(K=1),Exponential,TruncGMM(K=1),TruncGMM(K=3),20
KR_U280,Weekday,21,0,2,0.0,TruncGMM(K=1),Exponential,TruncGMM(K=1),TruncGMM(K=3),20
KR_U280,Weekday,22,3,2,0.0423,TruncGMM(K=1),Exponential,TruncGMM(K=1),TruncGMM(K=3),20
KR_U280,Weekday,23,2,2,0.0282,TruncGMM(K=1),Exponential,TruncGMM(K=1),TruncGMM(K=3),20
KR_U280,Weekday,24,6,2,0.0845,TruncGMM(K=1),Exponential,TruncGMM(K=1),TruncGMM(K=3),6
OSL_S_KT149,Weekend,1,3,2,0.0517,LogNormal,Exponential,TruncGMM(K=3),TruncGMM(K=2),20
OSL_S_KT149,Weekend,2,1,2,0.0172,LogNormal,Exponential,TruncGMM(K=3),TruncGMM(K=2),20
OSL_S_KT149,Weekend,3,0,2,0.0,LogNormal,Exponential,TruncGMM(K=3),TruncGMM(K=2),20
OSL_S_KT149,Weekend,4,1,2,0.0172,LogNormal,Exponential,TruncGMM(K=3),TruncGMM(K=2),20
OSL_S_KT149,Weekend,5,0,2,0.0,LogNormal,Exponential,TruncGMM(K=3),TruncGMM(K=2),20
OSL_S_KT149,Weekend,6,0,2,0.0,LogNormal,Exponential,TruncGMM(K=3),TruncGMM(K=2),20
OSL_S_KT149,Weekend,7,6,2,0.1034,LogNormal,Exponential,TruncGMM(K=3),TruncGMM(K=2),6
OSL_S_KT149,Weekend,8,4,2,0.069,LogNormal,Exponential,TruncGMM(K=3),TruncGMM(K=2),20
OSL_S_KT149,Weekend,9,0,2,0.0,LogNormal,Exponential,TruncGMM(K=3),TruncGMM(K=2),20
OSL_S_KT149,Weekend,10,1,2,0.0172,LogNormal,Exponential,TruncGMM(K=3),TruncGMM(K=2),20
OSL_S_KT149,Weekend,11,0,2,0.0,LogNormal,Exponential,TruncGMM(K=3),TruncGMM(K=2),20
OSL_S_KT149,Weekend,12,1,2,0.0172,LogNormal,Exponential,TruncGMM(K=3),TruncGMM(K=2),20
OSL_S_KT149,Weekend,13,1,2,0.0172,LogNormal,Exponential,TruncGMM(K=3),TruncGMM(K=2),20
OSL_S_KT149,Weekend,14,1,2,0.0172,LogNormal,Exponential,TruncGMM(K=3),TruncGMM(K=2),20
OSL_S_KT149,Weekend,15,0,2,0.0,LogNormal,Exponential,TruncGMM(K=3),TruncGMM(K=2),20
OSL_S_KT149,Weekend,16,2,2,0.0345,LogNormal,Exponential,TruncGMM(K=3),TruncGMM(K=2),20
OSL_S_KT149,Weekend,17,1,2,0.0172,LogNormal,Exponential,TruncGMM(K=3),TruncGMM(K=2),20
OSL_S_KT149,Weekend,18,3,2,0.0517,LogNormal,Exponential,TruncGMM(K=3),TruncGMM(K=2),20
OSL_S_KT149,Weekend,19,4,2,0.069,LogNormal,Exponential,TruncGMM(K=3),TruncGMM(K=2),20
OSL_S_KT149,Weekend,20,9,2,0.1552,LogNormal,Exponential,TruncGMM(K=3),TruncGMM(K=2),9
OSL_S_KT149,Weekend,21,4,2,0.069,LogNormal,Exponential,TruncGMM(K=3),TruncGMM(K=2),20
OSL_S_KT149,Weekend,22,5,2,0.0862,LogNormal,Exponential,TruncGMM(K=3),TruncGMM(K=2),5
OSL_S_KT149,Weekend,23,8,2,0.1379,LogNormal,Exponential,TruncGMM(K=3),TruncGMM(K=2),8
OSL_S_KT149,Weekend,24,3,2,0.0517,LogNormal,Exponential,TruncGMM(K=3),TruncGMM(K=2),20
OSL_S_KT76,Weekday,1,0,2,0.0,TruncGMM(K=3),Exponential,TruncGMM(K=2),TruncGMM(K=2),20
OSL_S_KT76,Weekday,2,0,2,0.0,TruncGMM(K=3),Exponential,TruncGMM(K=2),TruncGMM(K=2),20
OSL_S_KT76,Weekday,3,0,2,0.0,TruncGMM(K=3),Exponential,TruncGMM(K=2),TruncGMM(K=2),20
OSL_S_KT76,Weekday,4,0,2,0.0,TruncGMM(K=3),Exponential,TruncGMM(K=2),TruncGMM(K=2),20
OSL_S_KT76,Weekday,5,1,2,0.0074,TruncGMM(K=3),Exponential,TruncGMM(K=2),TruncGMM(K=2),20
OSL_S_KT76,Weekday,6,0,2,0.0,TruncGMM(K=3),Exponential,TruncGMM(K=2),TruncGMM(K=2),20
OSL_S_KT76,Weekday,7,1,2,0.0074,TruncGMM(K=3),Exponential,TruncGMM(K=2),TruncGMM(K=2),20
OSL_S_KT76,Weekday,8,2,2,0.0148,TruncGMM(K=3),Exponential,TruncGMM(K=2),TruncGMM(K=2),20
OSL_S_KT76,Weekday,9,1,2,0.0074,TruncGMM(K=3),Exponential,TruncGMM(K=2),TruncGMM(K=2),20
OSL_S_KT76,Weekday,10,0,2,0.0,TruncGMM(K=3),Exponential,TruncGMM(K=2),TruncGMM(K=2),20
OSL_S_KT76,Weekday,11,1,2,0.0074,TruncGMM(K=3),Exponential,TruncGMM(K=2),TruncGMM(K=2),20
OSL_S_KT76,Weekday,12,3,2,0.0222,TruncGMM(K=3),Exponential,TruncGMM(K=2),TruncGMM(K=2),20
OSL_S_KT76,Weekday,13,1,2,0.0074,TruncGMM(K=3),Exponential,TruncGMM(K=2),TruncGMM(K=2),20
OSL_S_KT76,Weekday,14,3,2,0.0222,TruncGMM(K=3),Exponential,TruncGMM(K=2),TruncGMM(K=2),20
OSL_S_KT76,Weekday,15,5,2,0.037,TruncGMM(K=3),Exponential,TruncGMM(K=2),TruncGMM(K=2),5
OSL_S_KT76,Weekday,16,18,1,0.1333,TruncGMM(K=3),Exponential,LogNormal,Weibull,18
OSL_S_KT76,Weekday,17,26,1,0.1926,TruncGMM(K=3),Exponential,TruncGMM(K=2),LogNormal,26
OSL_S_KT76,Weekday,18,25,1,0.1852,TruncGMM(K=2),Exponential,TruncGMM(K=2),Weibull,25
OSL_S_KT76,Weekday,19,21,1,0.1556,LogNormal,Exponential,TruncGMM(K=2),LogNormal,21
OSL_S_KT76,Weekday,20,10,2,0.0741,TruncGMM(K=3),Exponential,TruncGMM(K=2),TruncGMM(K=2),10
OSL_S_KT76,Weekday,21,8,2,0.0593,TruncGMM(K=3),Exponential,TruncGMM(K=2),TruncGMM(K=2),8
OSL_S_KT76,Weekday,22,8,2,0.0593,TruncGMM(K=3),Exponential,TruncGMM(K=2),TruncGMM(K=2),8
OSL_S_KT76,Weekday,23,1,2,0.0074,TruncGMM(K=3),Exponential,TruncGMM(K=2),TruncGMM(K=2),20
OSL_S_KT76,Weekday,24,0,2,0.0,TruncGMM(K=3),Exponential,TruncGMM(K=2),TruncGMM(K=2),20
ASK_Plass21,Weekday,1,1,2,0.0041,TruncGMM(K=2),TruncGMM(K=3),TruncGMM(K=2),TruncGMM(K=3),20
ASK_Plass21,Weekday,2,0,2,0.0,TruncGMM(K=2),TruncGMM(K=3),TruncGMM(K=2),TruncGMM(K=3),20
ASK_Plass21,Weekday,3,0,2,0.0,TruncGMM(K=2),TruncGMM(K=3),TruncGMM(K=2),TruncGMM(K=3),20
ASK_Plass21,Weekday,4,0,2,0.0,TruncGMM(K=2),TruncGMM(K=3),TruncGMM(K=2),TruncGMM(K=3),20
ASK_Plass21,Weekday,5,0,2,0.0,TruncGMM(K=2),TruncGMM(K=3),TruncGMM(K=2),TruncGMM(K=3),20
ASK_Plass21,Weekday,6,0,2,0.0,TruncGMM(K=2),TruncGMM(K=3),TruncGMM(K=2),TruncGMM(K=3),20
ASK_Plass21,Weekday,7,1,2,0.0041,TruncGMM(K=2),TruncGMM(K=3),TruncGMM(K=2),TruncGMM(K=3),20
ASK_Plass21,Weekday,8,1,2,0.0041,TruncGMM(K=2),TruncGMM(K=3),TruncGMM(K=2),TruncGMM(K=3),20
ASK_Plass21,Weekday,9,0,2,0.0,TruncGMM(K=2),TruncGMM(K=3),TruncGMM(K=2),TruncGMM(K=3),20
ASK_Plass21,Weekday,10,2,2,0.0082,TruncGMM(K=2),TruncGMM(K=3),TruncGMM(K=2),TruncGMM(K=3),20
ASK_Plass21,Weekday,11,3,2,0.0123,TruncGMM(K=2),TruncGMM(K=3),TruncGMM(K=2),TruncGMM(K=3),20
ASK_Plass21,Weekday,12,1,2,0.0041,TruncGMM(K=2),TruncGMM(K=3),TruncGMM(K=2),TruncGMM(K=3),20
ASK_Plass21,Weekday,13,1,2,0.0041,TruncGMM(K=2),TruncGMM(K=3),TruncGMM(K=2),TruncGMM(K=3),20
ASK_Plass21,Weekday,14,1,2,0.0041,TruncGMM(K=2),TruncGMM(K=3),TruncGMM(K=2),TruncGMM(K=3),20
ASK_Plass21,Weekday,15,4,2,0.0164,TruncGMM(K=2),TruncGMM(K=3),TruncGMM(K=2),TruncGMM(K=3),20
ASK_Plass21,Weekday,16,21,1,0.0861,Exponential,LogNormal,LogNormal,TruncGMM(K=3),21
ASK_Plass21,Weekday,17,95,1,0.3893,TruncGMM(K=3),Exponential,TruncGMM(K=1),Weibull,95
ASK_Plass21,Weekday,18,65,1,0.2664,TruncGMM(K=2),TruncGMM(K=2),LogNormal,Weibull,65
ASK_Plass21,Weekday,19,10,2,0.041,TruncGMM(K=2),TruncGMM(K=3),TruncGMM(K=2),TruncGMM(K=3),10
ASK_Plass21,Weekday,20,14,2,0.0574,TruncGMM(K=2),TruncGMM(K=3),TruncGMM(K=2),TruncGMM(K=3),14
ASK_Plass21,Weekday,21,8,2,0.0328,TruncGMM(K=2),TruncGMM(K=3),TruncGMM(K=2),TruncGMM(K=3),8
ASK_Plass21,Weekday,22,10,2,0.041,TruncGMM(K=2),TruncGMM(K=3),TruncGMM(K=2),TruncGMM(K=3),10
ASK_Plass21,Weekday,23,5,2,0.0205,TruncGMM(K=2),TruncGMM(K=3),TruncGMM(K=2),TruncGMM(K=3),5
ASK_Plass21,Weekday,24,1,2,0.0041,TruncGMM(K=2),TruncGMM(K=3),TruncGMM(K=2),TruncGMM(K=3),20
PS_6139,Weekend,1,0,2,0.0,Weibull,TruncGMM(K=6),Weibull,TruncGMM(K=1),20
PS_6139,Weekend,2,0,2,0.0,Weibull,TruncGMM(K=6),Weibull,TruncGMM(K=1),20
PS_6139,Weekend,3,0,2,0.0,Weibull,TruncGMM(K=6),Weibull,TruncGMM(K=1),20
PS_6139,Weekend,4,0,2,0.0,Weibull,TruncGMM(K=6),Weibull,TruncGMM(K=1),20
PS_6139,Weekend,5,0,2,0.0,Weibull,TruncGMM(K=6),Weibull,TruncGMM(K=1),20
PS_6139,Weekend,6,0,2,0.0,Weibull,TruncGMM(K=6),Weibull,TruncGMM(K=1),20
PS_6139,Weekend,7,0,2,0.0,Weibull,TruncGMM(K=6),Weibull,TruncGMM(K=1),20
PS_6139,Weekend,8,0,2,0.0,Weibull,TruncGMM(K=6),Weibull,TruncGMM(K=1),20
PS_6139,Weekend,9,0,2,0.0,Weibull,TruncGMM(K=6),Weibull,TruncGMM(K=1),20
PS_6139,Weekend,10,2,2,0.0345,Weibull,TruncGMM(K=6),Weibull,TruncGMM(K=1),20
PS_6139,Weekend,11,2,2,0.0345,Weibull,TruncGMM(K=6),Weibull,TruncGMM(K=1),20
PS_6139,Weekend,12,0,2,0.0,Weibull,TruncGMM(K=6),Weibull,TruncGMM(K=1),20
PS_6139,Weekend,13,2,2,0.0345,Weibull,TruncGMM(K=6),Weibull,TruncGMM(K=1),20
PS_6139,Weekend,14,1,2,0.0172,Weibull,TruncGMM(K=6),Weibull,TruncGMM(K=1),20
PS_6139,Weekend,15,0,2,0.0,Weibull,TruncGMM(K=6),Weibull,TruncGMM(K=1),20
PS_6139,Weekend,16,1,2,0.0172,Weibull,TruncGMM(K=6),Weibull,TruncGMM(K=1),20
PS_6139,Weekend,17,2,2,0.0345,Weibull,TruncGMM(K=6),Weibull,TruncGMM(K=1),20
PS_6139,Weekend,18,1,2,0.0172,Weibull,TruncGMM(K=6),Weibull,TruncGMM(K=1),20
PS_6139,Weekend,19,0,2,0.0,Weibull,TruncGMM(K=6),Weibull,TruncGMM(K=1),20
PS_6139,Weekend,20,2,2,0.0345,Weibull,TruncGMM(K=6),Weibull,TruncGMM(K=1),20
PS_6139,Weekend,21,5,2,0.0862,Weibull,TruncGMM(K=6),Weibull,TruncGMM(K=1),5
PS_6139,Weekend,22,2,2,0.0345,Weibull,TruncGMM(K=6),Weibull,TruncGMM(K=1),20
PS_6139,Weekend,23,36,1,0.6207,Weibull,TruncGMM(K=2),TruncGMM(K=2),LogNormal,36
PS_6139,Weekend,24,2,2,0.0345,Weibull,TruncGMM(K=6),Weibull,TruncGMM(K=1),20
ASK_Plass87,Weekday,1,0,2,0.0,TruncGMM(K=3),TruncGMM(K=1),Weibull,TruncGMM(K=3),20
ASK_Plass87,Weekday,2,1,2,0.0145,TruncGMM(K=3),TruncGMM(K=1),Weibull,TruncGMM(K=3),20
ASK_Plass87,Weekday,3,0,2,0.0,TruncGMM(K=3),TruncGMM(K=1),Weibull,TruncGMM(K=3),20
ASK_Plass87,Weekday,4,0,2,0.0,TruncGMM(K=3),TruncGMM(K=1),Weibull,TruncGMM(K=3),20
ASK_Plass87,Weekday,5,0,2,0.0,TruncGMM(K=3),TruncGMM(K=1),Weibull,TruncGMM(K=3),20
ASK_Plass87,Weekday,6,0,2,0.0,TruncGMM(K=3),TruncGMM(K=1),Weibull,TruncGMM(K=3),20
ASK_Plass87,Weekday,7,0,2,0.0,TruncGMM(K=3),TruncGMM(K=1),Weibull,TruncGMM(K=3),20
ASK_Plass87,Weekday,8,1,2,0.0145,TruncGMM(K=3),TruncGMM(K=1),Weibull,TruncGMM(K=3),20
ASK_Plass87,Weekday,9,1,2,0.0145,TruncGMM(K=3),TruncGMM(K=1),Weibull,TruncGMM(K=3),20
ASK_Plass87,Weekday,10,1,2,0.0145,TruncGMM(K=3),TruncGMM(K=1),Weibull,TruncGMM(K=3),20
ASK_Plass87,Weekday,11,0,2,0.0,TruncGMM(K=3),TruncGMM(K=1),Weibull,TruncGMM(K=3),20
ASK_Plass87,Weekday,12,1,2,0.0145,TruncGMM(K=3),TruncGMM(K=1),Weibull,TruncGMM(K=3),20
ASK_Plass87,Weekday,13,0,2,0.0,TruncGMM(K=3),TruncGMM(K=1),Weibull,TruncGMM(K=3),20
ASK_Plass87,Weekday,14,0,2,0.0,TruncGMM(K=3),TruncGMM(K=1),Weibull,TruncGMM(K=3),20
ASK_Plass87,Weekday,15,0,2,0.0,TruncGMM(K=3),TruncGMM(K=1),Weibull,TruncGMM(K=3),20
ASK_Plass87,Weekday,16,3,2,0.0435,TruncGMM(K=3),TruncGMM(K=1),Weibull,TruncGMM(K=3),20
ASK_Plass87,Weekday,17,20,1,0.2898,LogNormal,TruncGMM(K=2),Weibull,Weibull,20
ASK_Plass87,Weekday,18,19,1,0.2754,TruncGMM(K=2),Exponential,TruncGMM(K=2),LogNormal,19
ASK_Plass87,Weekday,19,4,2,0.058,TruncGMM(K=3),TruncGMM(K=1),Weibull,TruncGMM(K=3),20
ASK_Plass87,Weekday,20,3,2,0.0435,TruncGMM(K=3),TruncGMM(K=1),Weibull,TruncGMM(K=3),20
ASK_Plass87,Weekday,21,5,2,0.0725,TruncGMM(K=3),TruncGMM(K=1),Weibull,TruncGMM(K=3),5
ASK_Plass87,Weekday,22,6,2,0.087,TruncGMM(K=3),TruncGMM(K=1),Weibull,TruncGMM(K=3),6
ASK_Plass87,Weekday,23,3,2,0.0435,TruncGMM(K=3),TruncGMM(K=1),Weibull,TruncGMM(K=3),20
ASK_Plass87,Weekday,24,1,2,0.0145,TruncGMM(K=3),TruncGMM(K=1),Weibull,TruncGMM(K=3),20
OSL_T_49,Weekday,1,4,2,0.0252,TruncGMM(K=2),TruncGMM(K=4),TruncGMM(K=3),TruncGMM(K=3),20
OSL_T_49,Weekday,2,8,2,0.0503,TruncGMM(K=2),TruncGMM(K=4),TruncGMM(K=3),TruncGMM(K=3),8
OSL_T_49,Weekday,3,1,2,0.0063,TruncGMM(K=2),TruncGMM(K=4),TruncGMM(K=3),TruncGMM(K=3),20
OSL_T_49,Weekday,4,2,2,0.0126,TruncGMM(K=2),TruncGMM(K=4),TruncGMM(K=3),TruncGMM(K=3),20
OSL_T_49,Weekday,5,4,2,0.0252,TruncGMM(K=2),TruncGMM(K=4),TruncGMM(K=3),TruncGMM(K=3),20
OSL_T_49,Weekday,6,2,2,0.0126,TruncGMM(K=2),TruncGMM(K=4),TruncGMM(K=3),TruncGMM(K=3),20
OSL_T_49,Weekday,7,0,2,0.0,TruncGMM(K=2),TruncGMM(K=4),TruncGMM(K=3),TruncGMM(K=3),20
OSL_T_49,Weekday,8,0,2,0.0,TruncGMM(K=2),TruncGMM(K=4),TruncGMM(K=3),TruncGMM(K=3),20
OSL_T_49,Weekday,9,0,2,0.0,TruncGMM(K=2),TruncGMM(K=4),TruncGMM(K=3),TruncGMM(K=3),20
OSL_T_49,Weekday,10,2,2,0.0126,TruncGMM(K=2),TruncGMM(K=4),TruncGMM(K=3),TruncGMM(K=3),20
OSL_T_49,Weekday,11,1,2,0.0063,TruncGMM(K=2),TruncGMM(K=4),TruncGMM(K=3),TruncGMM(K=3),20
OSL_T_49,Weekday,12,3,2,0.0189,TruncGMM(K=2),TruncGMM(K=4),TruncGMM(K=3),TruncGMM(K=3),20
OSL_T_49,Weekday,13,2,2,0.0126,TruncGMM(K=2),TruncGMM(K=4),TruncGMM(K=3),TruncGMM(K=3),20
OSL_T_49,Weekday,14,4,2,0.0252,TruncGMM(K=2),TruncGMM(K=4),TruncGMM(K=3),TruncGMM(K=3),20
OSL_T_49,Weekday,15,1,2,0.0063,TruncGMM(K=2),TruncGMM(K=4),TruncGMM(K=3),TruncGMM(K=3),20
OSL_T_49,Weekday,16,3,2,0.0189,TruncGMM(K=2),TruncGMM(K=4),TruncGMM(K=3),TruncGMM(K=3),20
OSL_T_49,Weekday,17,2,2,0.0126,TruncGMM(K=2),TruncGMM(K=4),TruncGMM(K=3),TruncGMM(K=3),20
OSL_T_49,Weekday,18,12,2,0.0755,TruncGMM(K=2),TruncGMM(K=4),TruncGMM(K=3),TruncGMM(K=3),12
OSL_T_49,Weekday,19,25,1,0.1572,TruncGMM(K=3),LogNormal,TruncGMM(K=2),TruncGMM(K=2),25
OSL_T_49,Weekday,20,25,1,0.1572,TruncGMM(K=2),LogNormal,LogNormal,Weibull,25
OSL_T_49,Weekday,21,21,1,0.1321,TruncGMM(K=2),LogNormal,Weibull,TruncGMM(K=2),21
OSL_T_49,Weekday,22,12,2,0.0755,TruncGMM(K=2),TruncGMM(K=4),TruncGMM(K=3),TruncGMM(K=3),12
OSL_T_49,Weekday,23,13,2,0.0818,TruncGMM(K=2),TruncGMM(K=4),TruncGMM(K=3),TruncGMM(K=3),13
OSL_T_49,Weekday,24,12,2,0.0755,TruncGMM(K=2),TruncGMM(K=4),TruncGMM(K=3),TruncGMM(K=3),12
PS_5679,Weekday,1,0,2,0.0,TruncGMM(K=2),Weibull,Weibull,Weibull,20
PS_5679,Weekday,2,0,2,0.0,TruncGMM(K=2),Weibull,Weibull,Weibull,20
PS_5679,Weekday,3,0,2,0.0,TruncGMM(K=2),Weibull,Weibull,Weibull,20
PS_5679,Weekday,4,0,2,0.0,TruncGMM(K=2),Weibull,Weibull,Weibull,20
PS_5679,Weekday,5,1,2,0.0116,TruncGMM(K=2),Weibull,Weibull,Weibull,20
PS_5679,Weekday,6,0,2,0.0,TruncGMM(K=2),Weibull,Weibull,Weibull,20
PS_5679,Weekday,7,0,2,0.0,TruncGMM(K=2),Weibull,Weibull,Weibull,20
PS_5679,Weekday,8,1,2,0.0116,TruncGMM(K=2),Weibull,Weibull,Weibull,20
PS_5679,Weekday,9,3,2,0.0349,TruncGMM(K=2),Weibull,Weibull,Weibull,20
PS_5679,Weekday,10,2,2,0.0233,TruncGMM(K=2),Weibull,Weibull,Weibull,20
PS_5679,Weekday,11,8,2,0.093,TruncGMM(K=2),Weibull,Weibull,Weibull,8
PS_5679,Weekday,12,3,2,0.0349,TruncGMM(K=2),Weibull,Weibull,Weibull,20
PS_5679,Weekday,13,4,2,0.0465,TruncGMM(K=2),Weibull,Weibull,Weibull,20
PS_5679,Weekday,14,5,2,0.0581,TruncGMM(K=2),Weibull,Weibull,Weibull,5
PS_5679,Weekday,15,16,1,0.186,Weibull,LogNormal,Weibull,Weibull,16
PS_5679,Weekday,16,10,2,0.1163,TruncGMM(K=2),Weibull,Weibull,Weibull,10
PS_5679,Weekday,17,4,2,0.0465,TruncGMM(K=2),Weibull,Weibull,Weibull,20
PS_5679,Weekday,18,9,2,0.1046,TruncGMM(K=2),Weibull,Weibull,Weibull,9
PS_5679,Weekday,19,8,2,0.093,TruncGMM(K=2),Weibull,Weibull,Weibull,8
PS_5679,Weekday,20,7,2,0.0814,TruncGMM(K=2),Weibull,Weibull,Weibull,7
PS_5679,Weekday,21,2,2,0.0233,TruncGMM(K=2),Weibull,Weibull,Weibull,20
PS_5679,Weekday,22,2,2,0.0233,TruncGMM(K=2),Weibull,Weibull,Weibull,20
PS_5679,Weekday,23,0,2,0.0,TruncGMM(K=2),Weibull,Weibull,Weibull,20
PS_5679,Weekday,24,1,2,0.0116,TruncGMM(K=2),Weibull,Weibull,Weibull,20
OSL_S_KT164,Weekday,1,0,2,0.0,TruncGMM(K=3),Exponential,TruncGMM(K=1),TruncGMM(K=2),20
OSL_S_KT164,Weekday,2,0,2,0.0,TruncGMM(K=3),Exponential,TruncGMM(K=1),TruncGMM(K=2),20
OSL_S_KT164,Weekday,3,0,2,0.0,TruncGMM(K=3),Exponential,TruncGMM(K=1),TruncGMM(K=2),20
OSL_S_KT164,Weekday,4,0,2,0.0,TruncGMM(K=3),Exponential,TruncGMM(K=1),TruncGMM(K=2),20
OSL_S_KT164,Weekday,5,0,2,0.0,TruncGMM(K=3),Exponential,TruncGMM(K=1),TruncGMM(K=2),20
OSL_S_KT164,Weekday,6,0,2,0.0,TruncGMM(K=3),Exponential,TruncGMM(K=1),TruncGMM(K=2),20
OSL_S_KT164,Weekday,7,0,2,0.0,TruncGMM(K=3),Exponential,TruncGMM(K=1),TruncGMM(K=2),20
OSL_S_KT164,Weekday,8,10,2,0.084,TruncGMM(K=3),Exponential,TruncGMM(K=1),TruncGMM(K=2),10
OSL_S_KT164,Weekday,9,8,2,0.0672,TruncGMM(K=3),Exponential,TruncGMM(K=1),TruncGMM(K=2),8
OSL_S_KT164,Weekday,10,1,2,0.0084,TruncGMM(K=3),Exponential,TruncGMM(K=1),TruncGMM(K=2),20
OSL_S_KT164,Weekday,11,1,2,0.0084,TruncGMM(K=3),Exponential,TruncGMM(K=1),TruncGMM(K=2),20
OSL_S_KT164,Weekday,12,3,2,0.0252,TruncGMM(K=3),Exponential,TruncGMM(K=1),TruncGMM(K=2),20
OSL_S_KT164,Weekday,13,4,2,0.0336,TruncGMM(K=3),Exponential,TruncGMM(K=1),TruncGMM(K=2),20
OSL_S_KT164,Weekday,14,6,2,0.0504,TruncGMM(K=3),Exponential,TruncGMM(K=1),TruncGMM(K=2),6
OSL_S_KT164,Weekday,15,3,2,0.0252,TruncGMM(K=3),Exponential,TruncGMM(K=1),TruncGMM(K=2),20
OSL_S_KT164,Weekday,16,14,2,0.1176,TruncGMM(K=3),Exponential,TruncGMM(K=1),TruncGMM(K=2),14
OSL_S_KT164,Weekday,17,28,1,0.2353,Weibull,Exponential,TruncGMM(K=1),LogNormal,28
OSL_S_KT164,Weekday,18,14,2,0.1176,TruncGMM(K=3),Exponential,TruncGMM(K=1),TruncGMM(K=2),14
OSL_S_KT164,Weekday,19,13,2,0.1092,TruncGMM(K=3),Exponential,TruncGMM(K=1),TruncGMM(K=2),13
OSL_S_KT164,Weekday,20,4,2,0.0336,TruncGMM(K=3),Exponential,TruncGMM(K=1),TruncGMM(K=2),20
OSL_S_KT164,Weekday,21,7,2,0.0588,TruncGMM(K=3),Exponential,TruncGMM(K=1),TruncGMM(K=2),7
OSL_S_KT164,Weekday,22,1,2,0.0084,TruncGMM(K=3),Exponential,TruncGMM(K=1),TruncGMM(K=2),20
OSL_S_KT164,Weekday,23,1,2,0.0084,TruncGMM(K=3),Exponential,TruncGMM(K=1),TruncGMM(K=2),20
OSL_S_KT164,Weekday,24,1,2,0.0084,TruncGMM(K=3),Exponential,TruncGMM(K=1),TruncGMM(K=2),20
ASK_Plass27,Weekday,1,0,2,0.0,TruncGMM(K=3),TruncGMM(K=6),TruncGMM(K=3),TruncGMM(K=3),20
ASK_Plass27,Weekday,2,0,2,0.0,TruncGMM(K=3),TruncGMM(K=6),TruncGMM(K=3),TruncGMM(K=3),20
ASK_Plass27,Weekday,3,0,2,0.0,TruncGMM(K=3),TruncGMM(K=6),TruncGMM(K=3),TruncGMM(K=3),20
ASK_Plass27,Weekday,4,0,2,0.0,TruncGMM(K=3),TruncGMM(K=6),TruncGMM(K=3),TruncGMM(K=3),20
ASK_Plass27,Weekday,5,0,2,0.0,TruncGMM(K=3),TruncGMM(K=6),TruncGMM(K=3),TruncGMM(K=3),20
ASK_Plass27,Weekday,6,0,2,0.0,TruncGMM(K=3),TruncGMM(K=6),TruncGMM(K=3),TruncGMM(K=3),20
ASK_Plass27,Weekday,7,0,2,0.0,TruncGMM(K=3),TruncGMM(K=6),TruncGMM(K=3),TruncGMM(K=3),20
ASK_Plass27,Weekday,8,0,2,0.0,TruncGMM(K=3),TruncGMM(K=6),TruncGMM(K=3),TruncGMM(K=3),20
ASK_Plass27,Weekday,9,0,2,0.0,TruncGMM(K=3),TruncGMM(K=6),TruncGMM(K=3),TruncGMM(K=3),20
ASK_Plass27,Weekday,10,1,2,0.0079,TruncGMM(K=3),TruncGMM(K=6),TruncGMM(K=3),TruncGMM(K=3),20
ASK_Plass27,Weekday,11,0,2,0.0,TruncGMM(K=3),TruncGMM(K=6),TruncGMM(K=3),TruncGMM(K=3),20
ASK_Plass27,Weekday,12,2,2,0.0157,TruncGMM(K=3),TruncGMM(K=6),TruncGMM(K=3),TruncGMM(K=3),20
ASK_Plass27,Weekday,13,2,2,0.0157,TruncGMM(K=3),TruncGMM(K=6),TruncGMM(K=3),TruncGMM(K=3),20
ASK_Plass27,Weekday,14,7,2,0.0551,TruncGMM(K=3),TruncGMM(K=6),TruncGMM(K=3),TruncGMM(K=3),7
ASK_Plass27,Weekday,15,38,1,0.2992,Exponential,Exponential,Weibull,Weibull,38
ASK_Plass27,Weekday,16,45,1,0.3543,TruncGMM(K=3),TruncGMM(K=2),TruncGMM(K=2),LogNormal,45
ASK_Plass27,Weekday,17,11,2,0.0866,TruncGMM(K=3),TruncGMM(K=6),TruncGMM(K=3),TruncGMM(K=3),11
ASK_Plass27,Weekday,18,5,2,0.0394,TruncGMM(K=3),TruncGMM(K=6),TruncGMM(K=3),TruncGMM(K=3),5
ASK_Plass27,Weekday,19,4,2,0.0315,TruncGMM(K=3),TruncGMM(K=6),TruncGMM(K=3),TruncGMM(K=3),20
ASK_Plass27,Weekday,20,1,2,0.0079,TruncGMM(K=3),TruncGMM(K=6),TruncGMM(K=3),TruncGMM(K=3),20
ASK_Plass27,Weekday,21,7,2,0.0551,TruncGMM(K=3),TruncGMM(K=6),TruncGMM(K=3),TruncGMM(K=3),7
ASK_Plass27,Weekday,22,0,2,0.0,TruncGMM(K=3),TruncGMM(K=6),TruncGMM(K=3),TruncGMM(K=3),20
ASK_Plass27,Weekday,23,4,2,0.0315,TruncGMM(K=3),TruncGMM(K=6),TruncGMM(K=3),TruncGMM(K=3),20
ASK_Plass27,Weekday,24,0,2,0.0,TruncGMM(K=3),TruncGMM(K=6),TruncGMM(K=3),TruncGMM(K=3),20
KR_U124,Weekday,1,0,2,0.0,Weibull,TruncGMM(K=6),TruncGMM(K=1),TruncGMM(K=4),20
KR_U124,Weekday,2,0,2,0.0,Weibull,TruncGMM(K=6),TruncGMM(K=1),TruncGMM(K=4),20
KR_U124,Weekday,3,0,2,0.0,Weibull,TruncGMM(K=6),TruncGMM(K=1),TruncGMM(K=4),20
KR_U124,Weekday,4,0,2,0.0,Weibull,TruncGMM(K=6),TruncGMM(K=1),TruncGMM(K=4),20
KR_U124,Weekday,5,0,2,0.0,Weibull,TruncGMM(K=6),TruncGMM(K=1),TruncGMM(K=4),20
KR_U124,Weekday,6,0,2,0.0,Weibull,TruncGMM(K=6),TruncGMM(K=1),TruncGMM(K=4),20
KR_U124,Weekday,7,0,2,0.0,Weibull,TruncGMM(K=6),TruncGMM(K=1),TruncGMM(K=4),20
KR_U124,Weekday,8,1,2,0.0152,Weibull,TruncGMM(K=6),TruncGMM(K=1),TruncGMM(K=4),20
KR_U124,Weekday,9,0,2,0.0,Weibull,TruncGMM(K=6),TruncGMM(K=1),TruncGMM(K=4),20
KR_U124,Weekday,10,1,2,0.0152,Weibull,TruncGMM(K=6),TruncGMM(K=1),TruncGMM(K=4),20
KR_U124,Weekday,11,1,2,0.0152,Weibull,TruncGMM(K=6),TruncGMM(K=1),TruncGMM(K=4),20
KR_U124,Weekday,12,0,2,0.0,Weibull,TruncGMM(K=6),TruncGMM(K=1),TruncGMM(K=4),20
KR_U124,Weekday,13,0,2,0.0,Weibull,TruncGMM(K=6),TruncGMM(K=1),TruncGMM(K=4),20
KR_U124,Weekday,14,0,2,0.0,Weibull,TruncGMM(K=6),TruncGMM(K=1),TruncGMM(K=4),20
KR_U124,Weekday,15,0,2,0.0,Weibull,TruncGMM(K=6),TruncGMM(K=1),TruncGMM(K=4),20
KR_U124,Weekday,16,0,2,0.0,Weibull,TruncGMM(K=6),TruncGMM(K=1),TruncGMM(K=4),20
KR_U124,Weekday,17,0,2,0.0,Weibull,TruncGMM(K=6),TruncGMM(K=1),TruncGMM(K=4),20
KR_U124,Weekday,18,1,2,0.0152,Weibull,TruncGMM(K=6),TruncGMM(K=1),TruncGMM(K=4),20
KR_U124,Weekday,19,34,1,0.5151,Weibull,LogNormal,TruncGMM(K=1),TruncGMM(K=2),34
KR_U124,Weekday,20,15,1,0.2273,Exponential,TruncGMM(K=3),TruncGMM(K=1),LogNormal,15
KR_U124,Weekday,21,4,2,0.0606,Weibull,TruncGMM(K=6),TruncGMM(K=1),TruncGMM(K=4),20
KR_U124,Weekday,22,4,2,0.0606,Weibull,TruncGMM(K=6),TruncGMM(K=1),TruncGMM(K=4),20
KR_U124,Weekday,23,2,2,0.0303,Weibull,TruncGMM(K=6),TruncGMM(K=1),TruncGMM(K=4),20
KR_U124,Weekday,24,3,2,0.0455,Weibull,TruncGMM(K=6),TruncGMM(K=1),TruncGMM(K=4),20
KR_U89,Weekend,1,0,2,0.0,Weibull,LogNormal,Weibull,TruncGMM(K=2),20
KR_U89,Weekend,2,0,2,0.0,Weibull,LogNormal,Weibull,TruncGMM(K=2),20
KR_U89,Weekend,3,0,2,0.0,Weibull,LogNormal,Weibull,TruncGMM(K=2),20
KR_U89,Weekend,4,0,2,0.0,Weibull,LogNormal,Weibull,TruncGMM(K=2),20
KR_U89,Weekend,5,0,2,0.0,Weibull,LogNormal,Weibull,TruncGMM(K=2),20
KR_U89,Weekend,6,12,2,0.6666,Weibull,LogNormal,Weibull,TruncGMM(K=2),12
KR_U89,Weekend,7,6,2,0.3333,Weibull,LogNormal,Weibull,TruncGMM(K=2),6
KR_U89,Weekend,8,0,2,0.0,Weibull,LogNormal,Weibull,TruncGMM(K=2),20
KR_U89,Weekend,9,0,2,0.0,Weibull,LogNormal,Weibull,TruncGMM(K=2),20
KR_U89,Weekend,10,0,2,0.0,Weibull,LogNormal,Weibull,TruncGMM(K=2),20
KR_U89,Weekend,11,0,2,0.0,Weibull,LogNormal,Weibull,TruncGMM(K=2),20
KR_U89,Weekend,12,0,2,0.0,Weibull,LogNormal,Weibull,TruncGMM(K=2),20
KR_U89,Weekend,13,0,2,0.0,Weibull,LogNormal,Weibull,TruncGMM(K=2),20
KR_U89,Weekend,14,0,2,0.0,Weibull,LogNormal,Weibull,TruncGMM(K=2),20
KR_U89,Weekend,15,0,2,0.0,Weibull,LogNormal,Weibull,TruncGMM(K=2),20
KR_U89,Weekend,16,0,2,0.0,Weibull,LogNormal,Weibull,TruncGMM(K=2),20
KR_U89,Weekend,17,0,2,0.0,Weibull,LogNormal,Weibull,TruncGMM(K=2),20
KR_U89,Weekend,18,0,2,0.0,Weibull,LogNormal,Weibull,TruncGMM(K=2),20
KR_U89,Weekend,19,0,2,0.0,Weibull,LogNormal,Weibull,TruncGMM(K=2),20
KR_U89,Weekend,20,0,2,0.0,Weibull,LogNormal,Weibull,TruncGMM(K=2),20
KR_U89,Weekend,21,0,2,0.0,Weibull,LogNormal,Weibull,TruncGMM(K=2),20
KR_U89,Weekend,22,0,2,0.0,Weibull,LogNormal,Weibull,TruncGMM(K=2),20
KR_U89,Weekend,23,0,2,0.0,Weibull,LogNormal,Weibull,TruncGMM(K=2),20
KR_U89,Weekend,24,0,2,0.0,Weibull,LogNormal,Weibull,TruncGMM(K=2),20
BAR_Plass121,Weekday,1,1,2,0.0043,TruncGMM(K=3),Exponential,Weibull,TruncGMM(K=3),20
BAR_Plass121,Weekday,2,1,2,0.0043,TruncGMM(K=3),Exponential,Weibull,TruncGMM(K=3),20
BAR_Plass121,Weekday,3,0,2,0.0,TruncGMM(K=3),Exponential,Weibull,TruncGMM(K=3),20
BAR_Plass121,Weekday,4,0,2,0.0,TruncGMM(K=3),Exponential,Weibull,TruncGMM(K=3),20
BAR_Plass121,Weekday,5,0,2,0.0,TruncGMM(K=3),Exponential,Weibull,TruncGMM(K=3),20
BAR_Plass121,Weekday,6,0,2,0.0,TruncGMM(K=3),Exponential,Weibull,TruncGMM(K=3),20
BAR_Plass121,Weekday,7,0,2,0.0,TruncGMM(K=3),Exponential,Weibull,TruncGMM(K=3),20
BAR_Plass121,Weekday,8,1,2,0.0043,TruncGMM(K=3),Exponential,Weibull,TruncGMM(K=3),20
BAR_Plass121,Weekday,9,3,2,0.0128,TruncGMM(K=3),Exponential,Weibull,TruncGMM(K=3),20
BAR_Plass121,Weekday,10,2,2,0.0085,TruncGMM(K=3),Exponential,Weibull,TruncGMM(K=3),20
BAR_Plass121,Weekday,11,3,2,0.0128,TruncGMM(K=3),Exponential,Weibull,TruncGMM(K=3),20
BAR_Plass121,Weekday,12,3,2,0.0128,TruncGMM(K=3),Exponential,Weibull,TruncGMM(K=3),20
BAR_Plass121,Weekday,13,4,2,0.017,TruncGMM(K=3),Exponential,Weibull,TruncGMM(K=3),20
BAR_Plass121,Weekday,14,12,2,0.0511,TruncGMM(K=3),Exponential,Weibull,TruncGMM(K=3),12
BAR_Plass121,Weekday,15,31,1,0.1319,TruncGMM(K=2),LogNormal,LogNormal,TruncGMM(K=2),31
BAR_Plass121,Weekday,16,30,1,0.1277,TruncGMM(K=3),Exponential,Weibull,Weibull,30
BAR_Plass121,Weekday,17,43,1,0.183,TruncGMM(K=3),Exponential,TruncGMM(K=1),LogNormal,43
BAR_Plass121,Weekday,18,26,1,0.1106,TruncGMM(K=3),Exponential,TruncGMM(K=2),TruncGMM(K=2),26
BAR_Plass121,Weekday,19,18,1,0.0766,LogNormal,Exponential,TruncGMM(K=3),LogNormal,18
BAR_Plass121,Weekday,20,13,2,0.0553,TruncGMM(K=3),Exponential,Weibull,TruncGMM(K=3),13
BAR_Plass121,Weekday,21,24,1,0.1021,LogNormal,Exponential,TruncGMM(K=3),TruncGMM(K=1),24
BAR_Plass121,Weekday,22,11,2,0.0468,TruncGMM(K=3),Exponential,Weibull,TruncGMM(K=3),11
BAR_Plass121,Weekday,23,6,2,0.0255,TruncGMM(K=3),Exponential,Weibull,TruncGMM(K=3),6
BAR_Plass121,Weekday,24,3,2,0.0128,TruncGMM(K=3),Exponential,Weibull,TruncGMM(K=3),20
KR_U1629,Weekday,1,0,2,0.0,LogNormal,Exponential,TruncGMM(K=3),TruncGMM(K=4),20
KR_U1629,Weekday,2,0,2,0.0,LogNormal,Exponential,TruncGMM(K=3),TruncGMM(K=4),20
KR_U1629,Weekday,3,0,2,0.0,LogNormal,Exponential,TruncGMM(K=3),TruncGMM(K=4),20
KR_U1629,Weekday,4,0,2,0.0,LogNormal,Exponential,TruncGMM(K=3),TruncGMM(K=4),20
KR_U1629,Weekday,5,0,2,0.0,LogNormal,Exponential,TruncGMM(K=3),TruncGMM(K=4),20
KR_U1629,Weekday,6,0,2,0.0,LogNormal,Exponential,TruncGMM(K=3),TruncGMM(K=4),20
KR_U1629,Weekday,7,0,2,0.0,LogNormal,Exponential,TruncGMM(K=3),TruncGMM(K=4),20
KR_U1629,Weekday,8,0,2,0.0,LogNormal,Exponential,TruncGMM(K=3),TruncGMM(K=4),20
KR_U1629,Weekday,9,18,1,0.1856,LogNormal,TruncGMM(K=1),Weibull,Weibull,18
KR_U1629,Weekday,10,8,2,0.0825,LogNormal,Exponential,TruncGMM(K=3),TruncGMM(K=4),8
KR_U1629,Weekday,11,5,2,0.0515,LogNormal,Exponential,TruncGMM(K=3),TruncGMM(K=4),5
KR_U1629,Weekday,12,8,2,0.0825,LogNormal,Exponential,TruncGMM(K=3),TruncGMM(K=4),8
KR_U1629,Weekday,13,16,1,0.1649,TruncGMM(K=2),LogNormal,TruncGMM(K=2),TruncGMM(K=2),16
KR_U1629,Weekday,14,4,2,0.0412,LogNormal,Exponential,TruncGMM(K=3),TruncGMM(K=4),20
KR_U1629,Weekday,15,7,2,0.0722,LogNormal,Exponential,TruncGMM(K=3),TruncGMM(K=4),7
KR_U1629,Weekday,16,8,2,0.0825,LogNormal,Exponential,TruncGMM(K=3),TruncGMM(K=4),8
KR_U1629,Weekday,17,11,2,0.1134,LogNormal,Exponential,TruncGMM(K=3),TruncGMM(K=4),11
KR_U1629,Weekday,18,3,2,0.0309,LogNormal,Exponential,TruncGMM(K=3),TruncGMM(K=4),20
KR_U1629,Weekday,19,2,2,0.0206,LogNormal,Exponential,TruncGMM(K=3),TruncGMM(K=4),20
KR_U1629,Weekday,20,6,2,0.0619,LogNormal,Exponential,TruncGMM(K=3),TruncGMM(K=4),6
KR_U1629,Weekday,21,1,2,0.0103,LogNormal,Exponential,TruncGMM(K=3),TruncGMM(K=4),20
KR_U1629,Weekday,22,0,2,0.0,LogNormal,Exponential,TruncGMM(K=3),TruncGMM(K=4),20
KR_U1629,Weekday,23,0,2,0.0,LogNormal,Exponential,TruncGMM(K=3),TruncGMM(K=4),20
KR_U1629,Weekday,24,0,2,0.0,LogNormal,Exponential,TruncGMM(K=3),TruncGMM(K=4),20
ASK_Plass67,Weekday,1,1,2,0.003,Exponential,LogNormal,TruncGMM(K=2),TruncGMM(K=2),20
ASK_Plass67,Weekday,2,2,2,0.006,Exponential,LogNormal,TruncGMM(K=2),TruncGMM(K=2),20
ASK_Plass67,Weekday,3,0,2,0.0,Exponential,LogNormal,TruncGMM(K=2),TruncGMM(K=2),20
ASK_Plass67,Weekday,4,0,2,0.0,Exponential,LogNormal,TruncGMM(K=2),TruncGMM(K=2),20
ASK_Plass67,Weekday,5,0,2,0.0,Exponential,LogNormal,TruncGMM(K=2),TruncGMM(K=2),20
ASK_Plass67,Weekday,6,0,2,0.0,Exponential,LogNormal,TruncGMM(K=2),TruncGMM(K=2),20
ASK_Plass67,Weekday,7,0,2,0.0,Exponential,LogNormal,TruncGMM(K=2),TruncGMM(K=2),20
ASK_Plass67,Weekday,8,1,2,0.003,Exponential,LogNormal,TruncGMM(K=2),TruncGMM(K=2),20
ASK_Plass67,Weekday,9,0,2,0.0,Exponential,LogNormal,TruncGMM(K=2),TruncGMM(K=2),20
ASK_Plass67,Weekday,10,7,2,0.0208,Exponential,LogNormal,TruncGMM(K=2),TruncGMM(K=2),7
ASK_Plass67,Weekday,11,23,1,0.0685,TruncGMM(K=2),TruncGMM(K=2),Weibull,Weibull,23
ASK_Plass67,Weekday,12,30,1,0.0893,TruncGMM(K=2),TruncGMM(K=2),TruncGMM(K=1),TruncGMM(K=2),30
ASK_Plass67,Weekday,13,34,1,0.1012,TruncGMM(K=2),LogNormal,Weibull,LogNormal,34
ASK_Plass67,Weekday,14,52,1,0.1548,TruncGMM(K=2),TruncGMM(K=3),Weibull,LogNormal,52
ASK_Plass67,Weekday,15,30,1,0.0893,TruncGMM(K=2),TruncGMM(K=3),LogNormal,Weibull,30
ASK_Plass67,Weekday,16,42,1,0.125,Exponential,LogNormal,LogNormal,TruncGMM(K=2),42
ASK_Plass67,Weekday,17,32,1,0.0952,TruncGMM(K=2),LogNormal,LogNormal,TruncGMM(K=3),32
ASK_Plass67,Weekday,18,26,1,0.0774,TruncGMM(K=2),Exponential,Weibull,TruncGMM(K=3),26
ASK_Plass67,Weekday,19,18,1,0.0536,TruncGMM(K=2),LogNormal,Weibull,Weibull,18
ASK_Plass67,Weekday,20,8,2,0.0238,Exponential,LogNormal,TruncGMM(K=2),TruncGMM(K=2),8
ASK_Plass67,Weekday,21,7,2,0.0208,Exponential,LogNormal,TruncGMM(K=2),TruncGMM(K=2),7
ASK_Plass67,Weekday,22,13,2,0.0387,Exponential,LogNormal,TruncGMM(K=2),TruncGMM(K=2),13
ASK_Plass67,Weekday,23,7,2,0.0208,Exponential,LogNormal,TruncGMM(K=2),TruncGMM(K=2),7
ASK_Plass67,Weekday,24,3,2,0.0089,Exponential,LogNormal,TruncGMM(K=2),TruncGMM(K=2),20
TRO_R_Bl2-2,Weekend,1,4,2,0.0377,Exponential,Weibull,TruncGMM(K=1),TruncGMM(K=2),20
TRO_R_Bl2-2,Weekend,2,3,2,0.0283,Exponential,Weibull,TruncGMM(K=1),TruncGMM(K=2),20
TRO_R_Bl2-2,Weekend,3,7,2,0.066,Exponential,Weibull,TruncGMM(K=1),TruncGMM(K=2),7
TRO_R_Bl2-2,Weekend,4,4,2,0.0377,Exponential,Weibull,TruncGMM(K=1),TruncGMM(K=2),20
TRO_R_Bl2-2,Weekend,5,3,2,0.0283,Exponential,Weibull,TruncGMM(K=1),TruncGMM(K=2),20
TRO_R_Bl2-2,Weekend,6,3,2,0.0283,Exponential,Weibull,TruncGMM(K=1),TruncGMM(K=2),20
TRO_R_Bl2-2,Weekend,7,3,2,0.0283,Exponential,Weibull,TruncGMM(K=1),TruncGMM(K=2),20
TRO_R_Bl2-2,Weekend,8,0,2,0.0,Exponential,Weibull,TruncGMM(K=1),TruncGMM(K=2),20
TRO_R_Bl2-2,Weekend,9,1,2,0.0094,Exponential,Weibull,TruncGMM(K=1),TruncGMM(K=2),20
TRO_R_Bl2-2,Weekend,10,1,2,0.0094,Exponential,Weibull,TruncGMM(K=1),TruncGMM(K=2),20
TRO_R_Bl2-2,Weekend,11,1,2,0.0094,Exponential,Weibull,TruncGMM(K=1),TruncGMM(K=2),20
TRO_R_Bl2-2,Weekend,12,3,2,0.0283,Exponential,Weibull,TruncGMM(K=1),TruncGMM(K=2),20
TRO_R_Bl2-2,Weekend,13,2,2,0.0189,Exponential,Weibull,TruncGMM(K=1),TruncGMM(K=2),20
TRO_R_Bl2-2,Weekend,14,4,2,0.0377,Exponential,Weibull,TruncGMM(K=1),TruncGMM(K=2),20
TRO_R_Bl2-2,Weekend,15,6,2,0.0566,Exponential,Weibull,TruncGMM(K=1),TruncGMM(K=2),6
TRO_R_Bl2-2,Weekend,16,10,2,0.0943,Exponential,Weibull,TruncGMM(K=1),TruncGMM(K=2),10
TRO_R_Bl2-2,Weekend,17,6,2,0.0566,Exponential,Weibull,TruncGMM(K=1),TruncGMM(K=2),6
TRO_R_Bl2-2,Weekend,18,6,2,0.0566,Exponential,Weibull,TruncGMM(K=1),TruncGMM(K=2),6
TRO_R_Bl2-2,Weekend,19,4,2,0.0377,Exponential,Weibull,TruncGMM(K=1),TruncGMM(K=2),20
TRO_R_Bl2-2,Weekend,20,9,2,0.0849,Exponential,Weibull,TruncGMM(K=1),TruncGMM(K=2),9
TRO_R_Bl2-2,Weekend,21,3,2,0.0283,Exponential,Weibull,TruncGMM(K=1),TruncGMM(K=2),20
TRO_R_Bl2-2,Weekend,22,10,2,0.0943,Exponential,Weibull,TruncGMM(K=1),TruncGMM(K=2),10
TRO_R_Bl2-2,Weekend,23,7,2,0.066,Exponential,Weibull,TruncGMM(K=1),TruncGMM(K=2),7
TRO_R_Bl2-2,Weekend,24,6,2,0.0566,Exponential,Weibull,TruncGMM(K=1),TruncGMM(K=2),6
TRO_R_Bl2-8,Weekend,1,0,2,0.0,TruncGMM(K=1),Exponential,Weibull,TruncGMM(K=1),20
TRO_R_Bl2-8,Weekend,2,0,2,0.0,TruncGMM(K=1),Exponential,Weibull,TruncGMM(K=1),20
TRO_R_Bl2-8,Weekend,3,0,2,0.0,TruncGMM(K=1),Exponential,Weibull,TruncGMM(K=1),20
TRO_R_Bl2-8,Weekend,4,0,2,0.0,TruncGMM(K=1),Exponential,Weibull,TruncGMM(K=1),20
TRO_R_Bl2-8,Weekend,5,0,2,0.0,TruncGMM(K=1),Exponential,Weibull,TruncGMM(K=1),20
TRO_R_Bl2-8,Weekend,6,0,2,0.0,TruncGMM(K=1),Exponential,Weibull,TruncGMM(K=1),20
TRO_R_Bl2-8,Weekend,7,0,2,0.0,TruncGMM(K=1),Exponential,Weibull,TruncGMM(K=1),20
TRO_R_Bl2-8,Weekend,8,0,2,0.0,TruncGMM(K=1),Exponential,Weibull,TruncGMM(K=1),20
TRO_R_Bl2-8,Weekend,9,0,2,0.0,TruncGMM(K=1),Exponential,Weibull,TruncGMM(K=1),20
TRO_R_Bl2-8,Weekend,10,0,2,0.0,TruncGMM(K=1),Exponential,Weibull,TruncGMM(K=1),20
TRO_R_Bl2-8,Weekend,11,0,2,0.0,TruncGMM(K=1),Exponential,Weibull,TruncGMM(K=1),20
TRO_R_Bl2-8,Weekend,12,1,2,0.0357,TruncGMM(K=1),Exponential,Weibull,TruncGMM(K=1),20
TRO_R_Bl2-8,Weekend,13,0,2,0.0,TruncGMM(K=1),Exponential,Weibull,TruncGMM(K=1),20
TRO_R_Bl2-8,Weekend,14,3,2,0.1071,TruncGMM(K=1),Exponential,Weibull,TruncGMM(K=1),20
TRO_R_Bl2-8,Weekend,15,0,2,0.0,TruncGMM(K=1),Exponential,Weibull,TruncGMM(K=1),20
TRO_R_Bl2-8,Weekend,16,2,2,0.0714,TruncGMM(K=1),Exponential,Weibull,TruncGMM(K=1),20
TRO_R_Bl2-8,Weekend,17,5,2,0.1786,TruncGMM(K=1),Exponential,Weibull,TruncGMM(K=1),5
TRO_R_Bl2-8,Weekend,18,3,2,0.1071,TruncGMM(K=1),Exponential,Weibull,TruncGMM(K=1),20
TRO_R_Bl2-8,Weekend,19,9,2,0.3214,TruncGMM(K=1),Exponential,Weibull,TruncGMM(K=1),9
TRO_R_Bl2-8,Weekend,20,2,2,0.0714,TruncGMM(K=1),Exponential,Weibull,TruncGMM(K=1),20
TRO_R_Bl2-8,Weekend,21,1,2,0.0357,TruncGMM(K=1),Exponential,Weibull,TruncGMM(K=1),20
TRO_R_Bl2-8,Weekend,22,0,2,0.0,TruncGMM(K=1),Exponential,Weibull,TruncGMM(K=1),20
TRO_R_Bl2-8,Weekend,23,1,2,0.0357,TruncGMM(K=1),Exponential,Weibull,TruncGMM(K=1),20
TRO_R_Bl2-8,Weekend,24,1,2,0.0357,TruncGMM(K=1),Exponential,Weibull,TruncGMM(K=1),20
TRO_R_AdO1-1,Weekend,1,1,2,0.0233,Weibull,Exponential,TruncGMM(K=2),TruncGMM(K=3),20
TRO_R_AdO1-1,Weekend,2,1,2,0.0233,Weibull,Exponential,TruncGMM(K=2),TruncGMM(K=3),20
TRO_R_AdO1-1,Weekend,3,0,2,0.0,Weibull,Exponential,TruncGMM(K=2),TruncGMM(K=3),20
TRO_R_AdO1-1,Weekend,4,0,2,0.0,Weibull,Exponential,TruncGMM(K=2),TruncGMM(K=3),20
TRO_R_AdO1-1,Weekend,5,0,2,0.0,Weibull,Exponential,TruncGMM(K=2),TruncGMM(K=3),20
TRO_R_AdO1-1,Weekend,6,0,2,0.0,Weibull,Exponential,TruncGMM(K=2),TruncGMM(K=3),20
TRO_R_AdO1-1,Weekend,7,1,2,0.0233,Weibull,Exponential,TruncGMM(K=2),TruncGMM(K=3),20
TRO_R_AdO1-1,Weekend,8,6,2,0.1395,Weibull,Exponential,TruncGMM(K=2),TruncGMM(K=3),6
TRO_R_AdO1-1,Weekend,9,0,2,0.0,Weibull,Exponential,TruncGMM(K=2),TruncGMM(K=3),20
TRO_R_AdO1-1,Weekend,10,0,2,0.0,Weibull,Exponential,TruncGMM(K=2),TruncGMM(K=3),20
TRO_R_AdO1-1,Weekend,11,0,2,0.0,Weibull,Exponential,TruncGMM(K=2),TruncGMM(K=3),20
TRO_R_AdO1-1,Weekend,12,0,2,0.0,Weibull,Exponential,TruncGMM(K=2),TruncGMM(K=3),20
TRO_R_AdO1-1,Weekend,13,0,2,0.0,Weibull,Exponential,TruncGMM(K=2),TruncGMM(K=3),20
TRO_R_AdO1-1,Weekend,14,3,2,0.0698,Weibull,Exponential,TruncGMM(K=2),TruncGMM(K=3),20
TRO_R_AdO1-1,Weekend,15,2,2,0.0465,Weibull,Exponential,TruncGMM(K=2),TruncGMM(K=3),20
TRO_R_AdO1-1,Weekend,16,6,2,0.1395,Weibull,Exponential,TruncGMM(K=2),TruncGMM(K=3),6
TRO_R_AdO1-1,Weekend,17,1,2,0.0233,Weibull,Exponential,TruncGMM(K=2),TruncGMM(K=3),20
TRO_R_AdO1-1,Weekend,18,5,2,0.1163,Weibull,Exponential,TruncGMM(K=2),TruncGMM(K=3),5
TRO_R_AdO1-1,Weekend,19,2,2,0.0465,Weibull,Exponential,TruncGMM(K=2),TruncGMM(K=3),20
TRO_R_AdO1-1,Weekend,20,4,2,0.093,Weibull,Exponential,TruncGMM(K=2),TruncGMM(K=3),20
TRO_R_AdO1-1,Weekend,21,4,2,0.093,Weibull,Exponential,TruncGMM(K=2),TruncGMM(K=3),20
TRO_R_AdO1-1,Weekend,22,4,2,0.093,Weibull,Exponential,TruncGMM(K=2),TruncGMM(K=3),20
TRO_R_AdO1-1,Weekend,23,0,2,0.0,Weibull,Exponential,TruncGMM(K=2),TruncGMM(K=3),20
TRO_R_AdO1-1,Weekend,24,3,2,0.0698,Weibull,Exponential,TruncGMM(K=2),TruncGMM(K=3),20
