user_id,day_type,bin_i,bin_next,D,G_eff,tau_eff,A,E,t_start_i
KR_U98,Weekend,10,7,4.933333333333334,132.75,137.68333333333334,18.483333333333334,32.8,2021-10-17T18:29:00.0
KR_U98,Weekend,7,9,5.1,239.28333333333336,244.38333333333335,12.166666666666666,35.9,2021-11-07T12:10:00.0
KR_U98,Weekend,9,7,5.333333333333333,206.28333333333333,211.61666666666667,16.55,35.4,2021-12-12T16:33:00.0
KR_U98,Weekend,7,5,5.216666666666667,39.2,44.41666666666667,12.166666666666666,34.9,2022-01-15T12:10:00.0
KR_U98,Weekend,5,8,4.516666666666667,2.5,7.016666666666667,8.583333333333334,32.2,2022-01-22T08:35:00.0
KR_U98,Weekend,8,9,5.483333333333333,140.3,145.78333333333333,15.6,36.1,2022-01-22T15:36:00.0
KR_U98,Weekend,9,8,5.633333333333334,40.65,46.28333333333333,17.383333333333333,37.7,2022-02-12T17:23:00.0
KR_U98,Weekend,8,10,4.2,166.75,170.95,15.666666666666666,27.7,2022-02-19T15:40:00.0
KR_U98,Weekend,10,9,3.2666666666666666,19.35,22.616666666666667,18.616666666666667,23.2,2022-03-13T18:37:00.0
KR_U98,Weekend,9,9,6.583333333333333,41.71666666666667,48.300000000000004,17.233333333333334,44.5,2022-03-19T17:14:00.0
KR_U98,Weekend,7,9,6.066666666666666,142.31666666666666,148.38333333333333,12.25,42.5,2022-05-01T12:15:00.0
KR_U98,Weekend,9,11,6.033333333333333,190.58333333333331,196.61666666666665,16.633333333333333,42.5,2022-05-22T16:38:00.0
KR_U98,Weekend,11,9,5.833333333333333,209.16666666666666,215.0,21.25,41.0,2022-06-19T21:15:00.0
KR_U98,Weekend,9,10,6.116666666666666,67.46666666666667,73.58333333333333,17.166666666666668,42.9,2022-07-23T17:10:00.0
KR_U98,Weekend,10,10,6.133333333333334,66.15,72.28333333333335,18.75,43.0,2022-07-31T18:45:00.0
KR_U98,Weekend,10,5,9.433333333333334,5.866666666666666,15.3,18.15,2.8,2022-08-13T18:09:00.0
KR_U98,Weekend,5,10,1.2333333333333334,8.65,9.883333333333333,9.45,8.6,2022-08-14T09:27:00.0
KR_U98,Weekend,10,7,3.5833333333333335,13.816666666666666,17.4,19.333333333333332,25.0,2022-08-14T19:20:00.0
KR_U98,Weekend,7,11,1.5666666666666667,6.966666666666667,8.533333333333333,12.733333333333333,10.7,2022-08-20T12:44:00.0
KR_U98,Weekend,11,11,2.7,188.35,191.04999999999998,21.266666666666666,18.9,2022-08-20T21:16:00.0
KR_U98,Weekday,9,7,7.633333333333334,132.65,140.28333333333333,17.733333333333334,53.9,2021-10-01T17:44:00.0
KR_U98,Weekday,7,8,1.1333333333333333,1.2833333333333334,2.416666666666667,12.65,7.9,2021-10-11T12:39:00.0
KR_U98,Weekday,8,8,5.666666666666667,43.21666666666667,48.88333333333333,15.066666666666666,40.0,2021-10-11T15:04:00.0
KR_U98,Weekday,8,9,5.483333333333333,115.96666666666667,121.45,15.95,38.7,2021-10-13T15:57:00.0
KR_U98,Weekday,9,10,7.683333333333334,65.95,73.63333333333334,17.4,54.4,2021-10-20T17:24:00.0
KR_U98,Weekday,10,10,6.6,40.81666666666666,47.416666666666664,19.033333333333335,47.2,2021-10-25T19:02:00.0
KR_U98,Weekday,10,10,4.266666666666667,19.6,23.866666666666667,18.45,30.7,2021-10-27T18:27:00.0
KR_U98,Weekday,10,7,4.416666666666667,38.83333333333333,43.24999999999999,18.316666666666666,31.29,2021-10-28T18:19:00.0
KR_U98,Weekday,7,8,5.583333333333333,43.983333333333334,49.56666666666667,13.566666666666666,39.09,2021-11-01T13:34:00.0
KR_U98,Weekday,8,9,5.5,164.08333333333334,169.58333333333334,15.133333333333333,39.0,2021-11-03T15:08:00.0
KR_U98,Weekday,9,10,4.933333333333334,45.1,50.03333333333333,16.716666666666665,33.1,2021-11-12T16:43:00.0
KR_U98,Weekday,10,9,5.3,184.83333333333331,190.13333333333333,18.75,35.3,2021-11-16T18:45:00.0
KR_U98,Weekday,9,9,7.483333333333333,17.133333333333333,24.616666666666667,16.883333333333333,51.4,2021-11-26T16:53:00.0
KR_U98,Weekday,9,8,4.716666666666667,41.53333333333333,46.25,17.133333333333333,31.8,2021-11-29T17:08:00.0
KR_U98,Weekday,8,8,5.85,40.95,46.800000000000004,15.383333333333333,39.2,2021-12-01T15:23:00.0
KR_U98,Weekday,8,9,0.55,2.433333333333333,2.9833333333333334,14.183333333333334,3.9,2021-12-03T14:11:00.0
KR_U98,Weekday,9,9,4.55,19.733333333333334,24.283333333333335,17.166666666666668,30.1,2021-12-03T17:10:00.0
KR_U98,Weekday,9,9,5.016666666666667,42.1,47.11666666666667,17.45,33.4,2021-12-06T17:27:00.0
KR_U98,Weekday,9,9,4.8,42.95,47.75,16.566666666666666,31.7,2021-12-08T16:34:00.0
KR_U98,Weekday,9,10,4.75,69.48333333333333,74.23333333333333,16.316666666666666,31.5,2021-12-10T16:19:00.0
KR_U98,Weekday,10,10,5.483333333333333,43.21666666666667,48.7,18.55,36.8,2021-12-15T18:33:00.0
KR_U98,Weekday,10,10,6.35,67.16666666666667,73.51666666666667,19.25,42.8,2021-12-17T19:15:00.0
KR_U98,Weekday,10,10,8.133333333333333,111.93333333333334,120.06666666666666,19.166666666666668,55.0,2021-12-22T19:10:00.0
KR_U98,Weekday,10,10,6.833333333333333,40.53333333333333,47.36666666666667,19.233333333333334,46.1,2021-12-29T19:14:00.0
KR_U98,Weekday,10,10,5.833333333333333,18.533333333333335,24.366666666666667,18.6,40.9,2021-12-31T18:36:00.0
KR_U98,Weekday,10,7,5.716666666666667,61.13333333333333,66.85,18.533333333333335,38.6,2022-01-03T18:32:00.0
KR_U98,Weekday,7,9,4.883333333333334,47.1,51.983333333333334,13.383333333333333,32.4,2022-01-06T13:23:00.0
KR_U98,Weekday,9,10,5.216666666666667,44.53333333333333,49.75,17.366666666666667,34.8,2022-01-10T17:22:00.0
KR_U98,Weekday,10,9,6.516666666666667,86.63333333333334,93.15,19.116666666666667,44.2,2022-01-12T19:07:00.0
KR_U98,Weekday,9,11,6.116666666666666,47.25,53.36666666666667,16.266666666666666,41.3,2022-01-18T16:16:00.0
KR_U98,Weekday,11,10,5.1,136.3,141.4,21.633333333333333,34.0,2022-01-20T21:38:00.0
KR_U98,Weekday,10,8,7.866666666666666,111.2,119.06666666666666,19.033333333333335,54.1,2022-01-28T19:02:00.0
KR_U98,Weekday,8,8,5.183333333333334,19.55,24.733333333333334,15.2,34.8,2022-02-04T15:12:00.0
KR_U98,Weekday,8,10,0.15,2.816666666666667,2.966666666666667,15.933333333333334,1.1,2022-02-07T15:56:00.0
KR_U98,Weekday,10,8,6.566666666666666,134.31666666666666,140.88333333333333,18.9,44.2,2022-02-07T18:54:00.0
KR_U98,Weekday,8,8,6.783333333333333,87.98333333333333,94.76666666666667,15.783333333333333,46.3,2022-02-15T15:47:00.0
KR_U98,Weekday,8,8,4.066666666666666,68.46666666666667,72.53333333333333,14.55,26.8,2022-02-21T14:33:00.0
KR_U98,Weekday,8,10,3.966666666666667,23.483333333333334,27.450000000000003,15.083333333333334,26.2,2022-02-24T15:05:00.0
KR_U98,Weekday,10,8,4.983333333333333,39.55,44.53333333333333,18.533333333333335,33.0,2022-02-25T18:32:00.0
KR_U98,Weekday,8,9,5.15,44.416666666666664,49.56666666666666,15.066666666666666,34.4,2022-03-01T15:04:00.0
KR_U98,Weekday,9,8,7.45,38.833333333333336,46.28333333333334,16.633333333333333,50.5,2022-03-03T16:38:00.0
KR_U98,Weekday,8,10,5.75,46.4,52.15,14.916666666666666,38.6,2022-03-07T14:55:00.0
KR_U98,Weekday,10,9,4.583333333333333,89.78333333333333,94.36666666666666,19.066666666666666,32.4,2022-03-09T19:04:00.0
KR_U98,Weekday,9,9,5.45,162.53333333333333,167.98333333333332,17.433333333333334,38.7,2022-03-15T17:26:00.0
KR_U98,Weekday,9,9,5.233333333333333,66.7,71.93333333333334,17.416666666666668,34.7,2022-03-24T17:25:00.0
KR_U98,Weekday,9,10,6.733333333333333,90.46666666666667,97.2,17.35,47.6,2022-03-29T17:21:00.0
KR_U98,Weekday,10,10,4.366666666666666,92.55,96.91666666666666,18.55,30.9,2022-04-04T18:33:00.0
KR_U98,Weekday,10,9,6.9,41.05,47.949999999999996,19.466666666666665,48.3,2022-04-08T19:28:00.0
KR_U98,Weekday,9,8,6.6,38.6,45.2,17.05,46.7,2022-04-12T17:03:00.0
KR_U98,Weekday,8,9,6.033333333333333,45.233333333333334,51.266666666666666,14.25,40.3,2022-04-14T14:15:00.0
KR_U98,Weekday,9,9,5.45,90.78333333333333,96.23333333333333,17.516666666666666,36.2,2022-04-18T17:31:00.0
KR_U98,Weekday,9,10,6.166666666666667,42.45,48.61666666666667,17.75,43.6,2022-04-22T17:45:00.0
KR_U98,Weekday,10,8,6.266666666666667,135.25,141.51666666666668,18.366666666666667,44.4,2022-04-26T18:22:00.0
KR_U98,Weekday,8,9,5.966666666666667,42.349999999999994,48.31666666666666,15.883333333333333,42.5,2022-05-04T15:53:00.0
KR_U98,Weekday,9,9,5.15,20.266666666666666,25.416666666666664,16.2,36.3,2022-05-06T16:12:00.0
KR_U98,Weekday,9,8,6.016666666666667,62.983333333333334,69.0,17.616666666666667,42.4,2022-05-09T17:37:00.0
KR_U98,Weekday,8,8,5.466666666666667,91.11666666666667,96.58333333333334,14.616666666666667,38.6,2022-05-12T14:37:00.0
KR_U98,Weekday,8,9,6.6,92.16666666666667,98.76666666666667,15.2,46.4,2022-05-18T15:12:00.0
KR_U98,Weekday,9,11,7.333333333333333,66.73333333333333,74.06666666666666,17.966666666666665,51.8,2022-05-24T17:58:00.0
KR_U98,Weekday,11,8,7.8,86.73333333333333,94.53333333333333,20.033333333333335,55.3,2022-05-27T20:02:00.0
KR_U98,Weekday,8,11,5.916666666666667,47.41666666666667,53.333333333333336,14.733333333333333,41.4,2022-06-02T14:44:00.0
KR_U98,Weekday,11,9,5.2,39.3,44.5,20.066666666666666,36.7,2022-06-06T20:04:00.0
KR_U98,Weekday,9,7,5.433333333333334,39.9,45.33333333333333,16.566666666666666,38.3,2022-06-08T16:34:00.0
KR_U98,Weekday,7,10,1.1333333333333333,3.2666666666666666,4.4,13.9,8.0,2022-06-10T13:54:00.0
KR_U98,Weekday,10,8,4.583333333333333,16.466666666666665,21.049999999999997,18.3,32.3,2022-06-10T18:18:00.0
KR_U98,Weekday,8,8,2.75,164.05,166.8,15.35,19.4,2022-06-13T15:21:00.0
KR_U98,Weekday,8,9,10.016666666666667,41.75,51.766666666666666,14.15,26.2,2022-06-22T14:09:00.0
KR_U98,Weekday,9,8,7.016666666666667,15.95,22.966666666666665,17.916666666666668,49.4,2022-06-24T17:55:00.0
KR_U98,Weekday,8,8,5.566666666666666,65.9,71.46666666666667,15.95,38.8,2022-06-27T15:57:00.0
KR_U98,Weekday,8,10,0.6833333333333333,2.05,2.7333333333333334,15.416666666666666,4.8,2022-06-30T15:25:00.0
KR_U98,Weekday,10,10,4.666666666666667,20.6,25.26666666666667,18.15,32.8,2022-06-30T18:09:00.0
KR_U98,Weekday,10,9,7.016666666666667,16.833333333333332,23.849999999999998,19.416666666666668,49.4,2022-07-01T19:25:00.0
KR_U98,Weekday,9,7,10.333333333333334,57.11666666666666,67.44999999999999,16.833333333333332,10.8,2022-07-04T16:50:00.0
KR_U98,Weekday,7,9,5.25,0.016666666666666666,5.266666666666667,12.283333333333333,12.0,2022-07-07T12:17:00.0
KR_U98,Weekday,9,9,9.816666666666666,86.43333333333332,96.24999999999999,17.55,5.6,2022-07-07T17:33:00.0
KR_U98,Weekday,9,7,9.816666666666666,56.916666666666664,66.73333333333333,17.8,5.5,2022-07-13T17:48:00.0
KR_U98,Weekday,7,9,2.4166666666666665,1.4333333333333333,3.8499999999999996,12.533333333333333,17.2,2022-07-18T12:32:00.0
KR_U98,Weekday,9,8,6.633333333333334,64.53333333333333,71.16666666666667,16.383333333333333,46.5,2022-07-18T16:23:00.0
KR_U98,Weekday,8,9,6.05,90.60000000000001,96.65,15.55,42.5,2022-07-21T15:33:00.0
KR_U98,Weekday,9,10,5.5,117.03333333333333,122.53333333333333,16.2,38.7,2022-07-27T16:12:00.0
KR_U98,Weekday,10,12,10.433333333333334,41.11666666666667,51.55,18.733333333333334,20.7,2022-08-03T18:44:00.0
KR_U98,Weekday,12,10,4.6,18.033333333333335,22.633333333333333,22.283333333333335,32.5,2022-08-05T22:17:00.0
KR_U98,Weekday,10,8,6.866666666666666,61.8,68.66666666666666,18.033333333333335,48.8,2022-08-08T18:02:00.0
KR_U98,Weekday,8,5,9.116666666666667,9.266666666666667,18.383333333333333,14.7,0.7,2022-08-11T14:42:00.0
KR_U98,Weekday,5,10,0.35,32.86666666666667,33.21666666666667,9.083333333333334,2.4,2022-08-12T09:05:00.0
KR_U98,Weekday,10,9,10.866666666666667,82.93333333333334,93.80000000000001,18.3,29.2,2022-08-15T18:18:00.0
KR_U98,Weekday,9,9,9.466666666666667,41.983333333333334,51.45,16.1,3.1,2022-08-19T16:06:00.0
KR_U98,Weekday,9,7,9.916666666666666,8.3,18.21666666666667,17.983333333333334,6.3,2022-08-23T17:59:00.0
KR_U98,Weekday,7,10,3.95,2.45,6.4,12.2,27.3,2022-08-24T12:12:00.0
KR_U98,Weekday,10,9,0.9333333333333333,45.13333333333334,46.06666666666667,18.6,6.6,2022-08-24T18:36:00.0
KR_U98,Weekday,9,8,4.616666666666666,18.666666666666664,23.28333333333333,16.666666666666668,32.6,2022-08-26T16:40:00.0
KR_U98,Weekday,8,7,4.45,65.21666666666667,69.66666666666667,15.95,31.3,2022-08-29T15:57:00.0
KR_U98,Weekday,7,6,4.383333333333334,65.26666666666667,69.65,13.616666666666667,30.9,2022-09-01T13:37:00.0
KR_U98,Weekday,6,9,4.866666666666666,48.35,53.21666666666667,11.266666666666667,34.1,2022-09-06T11:16:00.0
KR_U98,Weekday,9,9,4.433333333333334,91.38333333333333,95.81666666666666,16.483333333333334,31.3,2022-09-08T16:29:00.0
KR_U98,Weekday,9,1,0.15,8.05,8.200000000000001,16.3,1.0,2022-09-14T16:18:00.0
KR_U98,Weekday,1,8,4.8,106.08333333333334,110.88333333333334,0.5,33.9,2022-09-15T00:30:00.0
KR_U98,Weekday,8,7,6.066666666666666,64.43333333333334,70.5,15.383333333333333,42.9,2022-09-21T15:23:00.0
KR_U98,Weekday,7,8,5.583333333333333,67.76666666666667,73.35,13.883333333333333,39.2,2022-09-26T13:53:00.0
KR_U109,Weekend,11,10,1.7,187.88333333333333,189.58333333333331,21.716666666666665,11.0,2021-11-27T21:43:00.0
KR_U109,Weekend,10,11,0.7,0.4,1.1,19.3,4.9,2021-12-25T19:18:00.0
KR_U109,Weekend,11,9,3.1666666666666665,112.78333333333333,115.95,20.4,19.8,2021-12-25T20:24:00.0
KR_U109,Weekend,9,12,3.7,50.08333333333333,53.78333333333333,16.35,22.9,2022-01-09T16:21:00.0
KR_U109,Weekend,12,10,2.933333333333333,115.76666666666667,118.7,22.133333333333333,19.4,2022-01-16T22:08:00.0
KR_U109,Weekend,10,12,1.0,25.46666666666667,26.46666666666667,19.766666666666666,7.1,2022-02-05T19:46:00.0
KR_U109,Weekend,12,12,0.5,0.9833333333333333,1.4833333333333334,22.233333333333334,3.6,2022-02-06T22:14:00.0
KR_U109,Weekend,12,1,3.4,69.16666666666666,72.56666666666666,23.5,24.3,2022-04-23T23:30:00.0
KR_U109,Weekend,1,12,3.65,42.36666666666667,46.016666666666666,0.06666666666666667,25.6,2022-05-07T00:04:00.0
KR_U109,Weekend,12,12,3.183333333333333,23.666666666666668,26.85,22.083333333333332,22.5,2022-05-08T22:05:00.0
KR_U109,Weekend,12,12,2.6333333333333333,45.45,48.083333333333336,23.666666666666668,18.5,2022-05-14T23:40:00.0
KR_U109,Weekend,12,12,2.783333333333333,20.266666666666666,23.049999999999997,23.75,19.9,2022-05-21T23:45:00.0
KR_U109,Weekend,12,10,3.316666666666667,42.71666666666667,46.03333333333334,22.8,23.4,2022-05-22T22:48:00.0
KR_U109,Weekend,10,1,2.6333333333333333,2.783333333333333,5.416666666666666,18.716666666666665,18.6,2022-05-29T18:43:00.0
KR_U109,Weekend,1,11,2.55,66.53333333333333,69.08333333333333,0.13333333333333333,18.1,2022-06-04T00:08:00.0
KR_U109,Weekend,11,12,2.933333333333333,47.11666666666667,50.05,21.216666666666665,20.9,2022-06-11T21:13:00.0
KR_U109,Weekend,12,12,2.183333333333333,165.51666666666668,167.70000000000002,23.266666666666666,15.6,2022-06-18T23:16:00.0
KR_U109,Weekend,12,6,3.4,82.78333333333333,86.18333333333334,22.966666666666665,24.3,2022-07-10T22:58:00.0
KR_U109,Weekend,6,8,3.4166666666666665,72.33333333333333,75.75,10.783333333333333,24.3,2022-07-24T10:47:00.0
KR_U109,Weekend,8,9,0.6833333333333333,26.35,27.033333333333335,14.533333333333333,4.7,2022-08-06T14:32:00.0
KR_U109,Weekday,10,10,2.9,92.4,95.30000000000001,19.316666666666666,20.2,2021-11-04T19:19:00.0
KR_U109,Weekday,10,1,3.8333333333333335,194.20000000000002,198.03333333333336,18.616666666666667,26.9,2021-11-10T18:37:00.0
KR_U109,Weekday,1,12,3.183333333333333,210.58333333333334,213.76666666666668,0.65,21.7,2021-11-23T00:39:00.0
KR_U109,Weekday,10,10,3.1666666666666665,20.349999999999998,23.516666666666666,18.75,21.9,2022-01-03T18:45:00.0
KR_U109,Weekday,10,10,2.0,22.166666666666668,24.166666666666668,18.266666666666666,14.1,2022-01-04T18:16:00.0
KR_U109,Weekday,10,10,2.4,45.38333333333333,47.78333333333333,18.433333333333334,15.5,2022-01-05T18:26:00.0
KR_U109,Weekday,10,10,2.55,69.88333333333333,72.43333333333332,18.216666666666665,17.1,2022-01-07T18:13:00.0
KR_U109,Weekday,10,11,3.5,47.13333333333334,50.63333333333334,18.65,23.4,2022-01-12T18:39:00.0
KR_U109,Weekday,11,10,3.5,91.08333333333333,94.58333333333333,21.283333333333335,23.5,2022-01-14T21:17:00.0
KR_U109,Weekday,10,10,3.5833333333333335,44.68333333333334,48.26666666666667,19.083333333333332,22.1,2022-01-20T19:05:00.0
KR_U109,Weekday,10,10,3.3,188.71666666666667,192.01666666666668,19.35,23.2,2022-01-24T19:21:00.0
KR_U109,Weekday,10,10,0.8166666666666667,23.766666666666666,24.583333333333332,19.366666666666667,5.7,2022-02-03T19:22:00.0
KR_U109,Weekday,10,11,2.3,46.766666666666666,49.06666666666666,19.95,15.2,2022-02-04T19:57:00.0
KR_U109,Weekday,10,10,2.9833333333333334,44.833333333333336,47.81666666666667,19.85,18.5,2022-02-28T19:51:00.0
KR_U109,Weekday,10,10,3.183333333333333,45.099999999999994,48.283333333333324,19.666666666666668,22.1,2022-03-02T19:40:00.0
KR_U109,Weekday,10,11,2.7333333333333334,21.316666666666666,24.05,19.95,19.2,2022-03-04T19:57:00.0
KR_U109,Weekday,11,12,1.85,1.2,3.05,20.0,13.3,2022-03-07T20:00:00.0
KR_U109,Weekday,12,10,2.3,41.416666666666664,43.71666666666666,23.05,15.7,2022-03-07T23:03:00.0
KR_U109,Weekday,10,11,1.85,1.1166666666666667,2.966666666666667,18.766666666666666,13.0,2022-03-09T18:46:00.0
KR_U109,Weekday,11,1,2.1666666666666665,48.583333333333336,50.75,21.733333333333334,13.9,2022-03-09T21:44:00.0
KR_U109,Weekday,1,11,3.3333333333333335,40.266666666666666,43.6,0.48333333333333334,23.2,2022-03-14T00:29:00.0
KR_U109,Weekday,11,10,3.316666666666667,44.53333333333333,47.85,20.083333333333332,21.5,2022-03-15T20:05:00.0
KR_U109,Weekday,10,11,0.2,0.38333333333333336,0.5833333333333334,19.933333333333334,1.3,2022-03-17T19:56:00.0
KR_U109,Weekday,11,12,1.2333333333333334,25.633333333333333,26.866666666666667,20.516666666666666,8.8,2022-03-17T20:31:00.0
KR_U109,Weekday,12,10,2.1666666666666665,187.73333333333335,189.9,23.383333333333333,15.2,2022-03-18T23:23:00.0
KR_U109,Weekday,10,11,0.8333333333333334,0.1,0.9333333333333333,19.733333333333334,5.9,2022-03-30T19:44:00.0
KR_U109,Weekday,11,10,2.3833333333333333,44.88333333333333,47.266666666666666,20.666666666666668,16.8,2022-03-30T20:40:00.0
KR_U109,Weekday,10,11,3.5,68.78333333333333,72.28333333333333,19.933333333333334,24.0,2022-04-01T19:56:00.0
KR_U109,Weekday,11,12,1.5333333333333334,0.43333333333333335,1.9666666666666668,20.216666666666665,10.9,2022-04-06T20:13:00.0
KR_U109,Weekday,12,11,1.2166666666666666,166.45,167.66666666666666,22.183333333333334,8.8,2022-04-06T22:11:00.0
KR_U109,Weekday,11,12,2.216666666666667,22.2,24.416666666666664,21.85,15.8,2022-04-15T21:51:00.0
KR_U109,Weekday,12,12,2.2666666666666666,47.0,49.266666666666666,22.2,15.6,2022-04-18T22:12:00.0
KR_U109,Weekday,12,12,2.95,68.48333333333332,71.43333333333332,23.466666666666665,21.0,2022-04-20T23:28:00.0
KR_U109,Weekday,12,12,2.9,21.533333333333335,24.433333333333334,22.9,20.6,2022-04-25T22:54:00.0
KR_U109,Weekday,12,3,1.3333333333333333,52.73333333333333,54.06666666666666,23.333333333333332,9.5,2022-04-26T23:20:00.0
KR_U109,Weekday,3,12,2.3333333333333335,39.95,42.28333333333334,5.4,16.4,2022-04-29T05:24:00.0
KR_U109,Weekday,12,1,2.3666666666666667,47.5,49.86666666666667,23.683333333333334,16.7,2022-05-02T23:41:00.0
KR_U109,Weekday,1,12,3.6666666666666665,65.9,69.56666666666668,1.55,25.8,2022-05-05T01:33:00.0
KR_U109,Weekday,12,12,2.1666666666666665,69.88333333333334,72.05000000000001,23.116666666666667,15.4,2022-05-09T23:07:00.0
KR_U109,Weekday,12,12,2.15,70.13333333333334,72.28333333333335,23.166666666666668,15.4,2022-05-12T23:10:00.0
KR_U109,Weekday,12,12,2.433333333333333,44.96666666666667,47.4,23.45,17.3,2022-05-17T23:27:00.0
KR_U109,Weekday,12,1,2.683333333333333,70.78333333333333,73.46666666666667,22.85,19.2,2022-05-19T22:51:00.0
KR_U109,Weekday,1,12,1.9333333333333333,45.31666666666666,47.24999999999999,0.31666666666666665,13.8,2022-05-25T00:19:00.0
KR_U109,Weekday,12,12,1.5666666666666667,69.95,71.51666666666667,23.566666666666666,11.0,2022-05-26T23:34:00.0
KR_U109,Weekday,12,12,2.3666666666666667,45.46666666666667,47.833333333333336,23.083333333333332,16.7,2022-05-31T23:05:00.0
KR_U109,Weekday,12,12,3.2333333333333334,44.18333333333334,47.41666666666667,22.916666666666668,23.1,2022-06-02T22:55:00.0
KR_U109,Weekday,12,1,1.9333333333333333,47.833333333333336,49.766666666666666,22.333333333333332,13.8,2022-06-06T22:20:00.0
KR_U109,Weekday,1,12,3.3,19.9,23.2,0.1,23.4,2022-06-09T00:06:00.0
KR_U109,Weekday,12,12,2.1,45.95,48.050000000000004,23.3,14.9,2022-06-09T23:18:00.0
KR_U109,Weekday,12,1,0.7333333333333333,0.23333333333333334,0.9666666666666666,23.35,5.2,2022-06-13T23:21:00.0
KR_U109,Weekday,1,5,1.9333333333333333,54.3,56.23333333333333,0.31666666666666665,13.8,2022-06-14T00:19:00.0
KR_U109,Weekday,5,12,2.7,83.73333333333333,86.43333333333334,8.55,19.2,2022-06-16T08:33:00.0
KR_U109,Weekday,12,11,3.6166666666666667,43.33333333333333,46.949999999999996,22.983333333333334,25.8,2022-06-21T22:59:00.0
KR_U109,Weekday,11,12,2.75,214.11666666666667,216.86666666666667,21.933333333333334,19.4,2022-06-23T21:56:00.0
KR_U109,Weekday,8,10,3.2666666666666666,72.66666666666666,75.93333333333332,15.333333333333334,23.5,2022-07-21T15:20:00.0
KR_U109,Weekday,10,6,2.7333333333333334,108.5,111.23333333333333,19.266666666666666,19.7,2022-07-26T19:16:00.0
KR_U109,Weekday,6,9,0.95,5.0,5.95,10.5,6.3,2022-08-02T10:30:00.0
KR_U109,Weekday,8,11,2.216666666666667,218.55,220.76666666666668,15.716666666666667,15.9,2022-08-30T15:43:00.0
KR_U109,Weekday,11,10,2.1666666666666665,44.81666666666666,46.98333333333333,20.483333333333334,15.4,2022-09-12T20:29:00.0
KR_U109,Weekday,10,11,2.5833333333333335,70.95,73.53333333333333,19.466666666666665,18.5,2022-09-14T19:28:00.0
KR_U109,Weekday,11,10,1.2166666666666666,141.33333333333334,142.55,21.0,8.8,2022-09-19T21:00:00.0
KR_U109,Weekday,10,11,0.23333333333333334,49.333333333333336,49.56666666666667,19.55,16.06,2022-09-27T19:33:00.0
KR_U109,Weekday,11,11,3.183333333333333,20.033333333333335,23.21666666666667,21.116666666666667,21.77,2022-09-29T21:07:00.0
KR_U42,Weekend,7,9,2.066666666666667,49.31666666666666,51.38333333333333,12.833333333333334,15.0,2022-03-27T12:50:00.0
KR_U42,Weekend,9,8,1.8666666666666667,68.66666666666667,70.53333333333333,16.216666666666665,13.2,2022-04-03T16:13:00.0
KR_U42,Weekend,8,10,1.3333333333333333,98.61666666666667,99.95,14.75,9.6,2022-04-16T14:45:00.0
KR_U42,Weekend,10,11,2.0,48.650000000000006,50.650000000000006,18.7,14.3,2022-04-30T18:42:00.0
KR_U42,Weekend,11,8,2.8,231.79999999999998,234.6,21.35,20.1,2022-05-07T21:21:00.0
KR_U42,Weekend,6,10,0.26666666666666666,7.233333333333333,7.5,10.716666666666667,1.9,2022-08-06T10:43:00.0
KR_U42,Weekend,10,6,2.466666666666667,39.166666666666664,41.63333333333333,18.216666666666665,17.6,2022-08-06T18:13:00.0
KR_U42,Weekend,6,5,2.25,19.883333333333333,22.133333333333333,11.85,16.0,2022-08-13T11:51:00.0
KR_U42,Weekend,5,6,1.9166666666666667,22.933333333333334,24.85,9.983333333333333,13.6,2022-08-14T09:59:00.0
KR_U42,Weekend,6,6,0.2833333333333333,0.15,0.43333333333333335,10.833333333333334,1.9,2022-08-20T10:50:00.0
KR_U42,Weekend,6,5,1.05,20.1,21.150000000000002,11.266666666666667,1.8,2022-08-20T11:16:00.0
KR_U42,Weekend,5,8,1.8,4.383333333333334,6.183333333333334,8.416666666666666,12.8,2022-08-21T08:25:00.0
KR_U42,Weekend,8,7,1.3833333333333333,21.4,22.78333333333333,14.6,9.89,2022-08-21T14:36:00.0
KR_U42,Weekend,7,12,1.0,7.983333333333333,8.983333333333334,13.383333333333333,7.1,2022-08-27T13:23:00.0
KR_U42,Weekend,12,6,1.6666666666666667,35.233333333333334,36.9,22.366666666666667,11.9,2022-08-27T22:22:00.0
KR_U42,Weekend,6,5,2.8666666666666667,138.66666666666669,141.53333333333336,11.266666666666667,20.1,2022-09-03T11:16:00.0
KR_U42,Weekend,5,7,0.7,2.75,3.45,8.8,4.79,2022-09-24T08:48:00.0
KR_U42,Weekend,7,6,1.4166666666666667,20.53333333333333,21.95,12.25,9.9,2022-09-24T12:15:00.0
KR_U42,Weekday,11,12,3.25,118.8,122.05,20.2,23.6,2022-03-08T20:12:00.0
KR_U42,Weekday,12,12,3.3333333333333335,44.93333333333334,48.26666666666667,22.25,24.2,2022-03-15T22:15:00.0
KR_U42,Weekday,11,10,2.933333333333333,114.66666666666667,117.60000000000001,21.7,21.2,2022-04-13T21:42:00.0
KR_U42,Weekday,10,12,2.3333333333333335,96.48333333333335,98.81666666666668,19.3,16.7,2022-04-20T19:18:00.0
KR_U42,Weekday,12,10,2.2333333333333334,114.51666666666668,116.75000000000001,22.116666666666667,16.29,2022-04-26T22:07:00.0
KR_U42,Weekday,10,11,1.1333333333333333,25.266666666666666,26.4,18.866666666666667,8.1,2022-05-03T18:52:00.0
KR_U42,Weekday,11,11,2.3666666666666667,165.85000000000002,168.2166666666667,21.266666666666666,17.4,2022-05-04T21:16:00.0
KR_U42,Weekday,11,11,2.816666666666667,92.91666666666667,95.73333333333333,21.483333333333334,20.2,2022-05-13T21:29:00.0
KR_U42,Weekday,11,12,0.8833333333333333,0.35,1.2333333333333334,20.916666666666668,6.4,2022-05-19T20:55:00.0
KR_U42,Weekday,12,11,2.816666666666667,68.41666666666666,71.23333333333332,22.15,20.39,2022-05-19T22:09:00.0
KR_U42,Weekday,11,11,2.2,20.783333333333335,22.983333333333334,21.966666666666665,15.8,2022-06-14T21:58:00.0
KR_U42,Weekday,10,10,0.11666666666666667,0.016666666666666666,0.13333333333333333,18.8,0.7,2022-07-06T18:48:00.0
KR_U42,Weekday,10,10,10.233333333333333,85.1,95.33333333333333,18.933333333333334,42.4,2022-07-06T18:56:00.0
KR_U42,Weekday,10,11,0.2833333333333333,1.5,1.7833333333333332,18.266666666666666,2.0,2022-07-12T18:16:00.0
KR_U42,Weekday,11,11,0.8166666666666667,96.58333333333333,97.39999999999999,20.05,5.8,2022-07-12T20:03:00.0
KR_U42,Weekday,11,10,4.283333333333333,16.583333333333332,20.866666666666667,21.45,31.0,2022-07-18T21:27:00.0
KR_U42,Weekday,10,8,1.25,42.516666666666666,43.766666666666666,18.316666666666666,8.9,2022-07-19T18:19:00.0
KR_U42,Weekday,8,8,0.8,0.45,1.25,14.083333333333334,5.6,2022-07-21T14:05:00.0
KR_U42,Weekday,8,9,1.0833333333333333,1.05,2.1333333333333333,15.333333333333334,7.8,2022-07-21T15:20:00.0
KR_U42,Weekday,9,7,1.5333333333333334,42.3,43.83333333333333,17.466666666666665,10.89,2022-07-21T17:28:00.0
KR_U42,Weekday,7,7,3.0166666666666666,21.3,24.316666666666666,13.3,21.8,2022-07-25T13:18:00.0
KR_U42,Weekday,7,5,2.4833333333333334,17.21666666666667,19.700000000000003,13.616666666666667,17.9,2022-07-26T13:37:00.0
KR_U42,Weekday,5,8,2.8333333333333335,97.88333333333333,100.71666666666665,9.316666666666666,20.4,2022-07-27T09:19:00.0
KR_U42,Weekday,8,8,2.7,45.9,48.6,14.033333333333333,19.5,2022-08-02T14:02:00.0
KR_U42,Weekday,8,9,0.5666666666666667,1.7166666666666666,2.283333333333333,14.633333333333333,3.9,2022-08-04T14:38:00.0
KR_U42,Weekday,9,6,2.783333333333333,38.3,41.08333333333333,16.916666666666668,19.89,2022-08-04T16:55:00.0
KR_U42,Weekday,6,7,0.8166666666666667,1.7166666666666666,2.533333333333333,10.0,5.8,2022-08-08T10:00:00.0
KR_U42,Weekday,7,9,1.15,3.066666666666667,4.216666666666667,12.533333333333333,8.1,2022-08-08T12:32:00.0
KR_U42,Weekday,9,6,0.9833333333333333,89.01666666666667,90.0,16.75,6.89,2022-08-08T16:45:00.0
KR_U42,Weekday,6,10,2.966666666666667,29.549999999999997,32.516666666666666,10.75,21.2,2022-08-12T10:45:00.0
KR_U42,Weekday,10,6,0.6833333333333333,15.783333333333331,16.466666666666665,19.266666666666666,4.9,2022-08-15T19:16:00.0
KR_U42,Weekday,6,8,1.5333333333333334,2.533333333333333,4.066666666666666,11.733333333333333,11.1,2022-08-16T11:44:00.0
KR_U42,Weekday,8,5,0.2833333333333333,41.63333333333333,41.916666666666664,15.8,2.1,2022-08-16T15:48:00.0
KR_U42,Weekday,5,7,3.216666666666667,23.5,26.71666666666667,9.716666666666667,22.1,2022-08-18T09:43:00.0
KR_U42,Weekday,7,8,1.8666666666666667,25.299999999999997,27.166666666666664,12.433333333333334,13.2,2022-08-19T12:26:00.0
KR_U42,Weekday,8,9,2.3,46.75,49.05,15.6,16.5,2022-08-22T15:36:00.0
KR_U42,Weekday,9,5,0.7666666666666667,15.466666666666665,16.23333333333333,16.65,5.4,2022-08-24T16:39:00.0
KR_U42,Weekday,5,5,0.6,23.483333333333334,24.083333333333336,8.883333333333333,4.29,2022-08-25T08:53:00.0
KR_U42,Weekday,5,8,3.183333333333333,2.6,5.783333333333333,8.966666666666667,23.2,2022-08-26T08:58:00.0
KR_U42,Weekday,8,5,1.1166666666666667,64.71666666666667,65.83333333333333,14.75,8.1,2022-08-26T14:45:00.0
KR_U42,Weekday,5,5,3.033333333333333,118.23333333333332,121.26666666666665,8.583333333333334,21.0,2022-08-31T08:35:00.0
KR_U42,Weekday,5,7,4.483333333333333,21.71666666666667,26.200000000000003,9.85,31.2,2022-09-07T09:51:00.0
KR_U42,Weekday,7,6,2.933333333333333,19.35,22.283333333333335,12.05,20.1,2022-09-08T12:03:00.0
KR_U42,Weekday,6,4,1.6333333333333333,67.98333333333333,69.61666666666667,10.333333333333334,11.39,2022-09-09T10:20:00.0
KR_U42,Weekday,4,7,0.4166666666666667,29.6,30.01666666666667,7.95,2.79,2022-09-14T07:57:00.0
KR_U42,Weekday,7,10,2.85,25.25,28.1,13.966666666666667,19.8,2022-09-15T13:58:00.0
KR_U42,Weekday,10,5,1.7666666666666666,13.066666666666666,14.833333333333332,18.066666666666666,12.0,2022-09-16T18:04:00.0
KR_U42,Weekday,5,5,4.466666666666667,19.183333333333334,23.65,8.9,31.1,2022-09-19T08:54:00.0
KR_U64,Weekend,3,3,0.9,70.38333333333333,71.28333333333333,4.8,6.0,2021-10-02T04:48:00.0
KR_U64,Weekend,3,3,1.0666666666666667,48.53333333333333,49.6,4.083333333333333,7.2,2021-10-10T04:05:00.0
KR_U64,Weekend,1,6,3.5,149.35,152.85,1.6166666666666667,24.0,2022-05-29T01:37:00.0
KR_U64,Weekend,6,5,0.6333333333333333,190.86666666666667,191.5,10.466666666666667,16.5,2022-06-19T10:28:00.0
KR_U64,Weekend,5,9,0.8166666666666667,150.11666666666667,150.93333333333334,9.966666666666667,5.6,2022-07-17T09:58:00.0
KR_U64,Weekend,9,7,0.65,42.61666666666667,43.266666666666666,16.9,4.4,2022-08-07T16:54:00.0
KR_U64,Weekend,7,8,1.8333333333333333,73.98333333333333,75.81666666666666,12.166666666666666,11.9,2022-08-14T12:10:00.0
KR_U64,Weekend,8,6,1.3833333333333333,17.416666666666668,18.8,15.983333333333333,9.4,2022-08-27T15:59:00.0
KR_U64,Weekend,6,7,0.7166666666666667,72.8,73.51666666666667,10.783333333333333,4.8,2022-08-28T10:47:00.0
KR_U64,Weekend,7,6,3.433333333333333,42.5,45.93333333333333,12.3,23.2,2022-09-10T12:18:00.0
KR_U64,Weekend,6,7,0.2,25.7,25.9,10.233333333333333,1.29,2022-09-17T10:14:00.0
KR_U64,Weekday,3,3,1.4833333333333334,21.46666666666667,22.950000000000003,5.2,9.9,2021-10-01T05:12:00.0
KR_U64,Weekday,3,3,1.2833333333333334,24.366666666666667,25.650000000000002,4.15,8.6,2021-10-04T04:09:00.0
KR_U64,Weekday,3,3,0.8333333333333334,21.933333333333334,22.766666666666666,5.8,5.8,2021-10-05T05:48:00.0
KR_U64,Weekday,3,4,1.0166666666666666,26.333333333333336,27.35,4.566666666666666,6.7,2021-10-06T04:34:00.0
KR_U64,Weekday,4,3,0.6833333333333333,19.483333333333334,20.166666666666668,7.916666666666667,4.7,2021-10-07T07:55:00.0
KR_U64,Weekday,3,5,1.3833333333333333,50.55,51.93333333333333,4.083333333333333,9.4,2021-10-08T04:05:00.0
KR_U64,Weekday,5,4,1.55,68.55,70.1,8.016666666666667,10.29,2021-10-12T08:01:00.0
KR_U64,Weekday,4,3,0.8833333333333333,22.483333333333334,23.366666666666667,6.116666666666666,6.1,2021-10-15T06:07:00.0
KR_U64,Weekday,3,3,1.5333333333333334,21.816666666666666,23.35,5.483333333333333,7.7,2021-10-18T05:29:00.0
KR_U64,Weekday,3,3,1.6833333333333333,22.833333333333336,24.51666666666667,4.833333333333333,8.5,2021-10-19T04:50:00.0
KR_U64,Weekday,3,4,1.15,25.35,26.5,5.35,6.4,2021-10-20T05:21:00.0
KR_U64,Weekday,4,1,0.9,15.5,16.4,7.85,4.8,2021-10-21T07:51:00.0
KR_U64,Weekday,5,4,0.15,68.95,69.10000000000001,9.4,5.19,2022-05-17T09:24:00.0
KR_U64,Weekday,8,10,0.9333333333333333,49.516666666666666,50.449999999999996,15.866666666666667,6.5,2022-06-06T15:52:00.0
KR_U64,Weekday,10,9,0.6666666666666666,46.666666666666664,47.33333333333333,18.316666666666666,18.47,2022-06-08T18:19:00.0
KR_U64,Weekday,9,10,0.8666666666666667,0.5166666666666667,1.3833333333333333,17.65,6.0,2022-06-10T17:39:00.0
KR_U64,Weekday,10,9,1.6666666666666667,44.55,46.21666666666666,19.033333333333335,11.4,2022-06-10T19:02:00.0
KR_U64,Weekday,9,5,3.3833333333333333,60.31666666666666,63.699999999999996,17.25,23.2,2022-06-14T17:15:00.0
KR_U64,Weekday,5,10,2.1333333333333333,127.81666666666666,129.95,8.95,14.4,2022-06-17T08:57:00.0
KR_U64,Weekday,10,5,1.2333333333333334,11.983333333333334,13.216666666666669,18.9,8.5,2022-06-24T18:54:00.0
KR_U64,Weekday,5,8,2.816666666666667,4.366666666666666,7.183333333333334,8.116666666666667,18.79,2022-06-27T08:07:00.0
KR_U64,Weekday,8,9,2.033333333333333,47.7,49.733333333333334,15.3,13.3,2022-06-27T15:18:00.0
KR_U64,Weekday,9,9,2.3666666666666667,46.06666666666666,48.43333333333333,17.033333333333335,15.9,2022-06-29T17:02:00.0
KR_U64,Weekday,9,4,1.6333333333333333,12.75,14.383333333333333,17.466666666666665,10.7,2022-07-01T17:28:00.0
KR_U64,Weekday,4,9,2.7,30.733333333333334,33.43333333333334,7.85,18.1,2022-07-04T07:51:00.0
KR_U64,Weekday,9,4,2.3333333333333335,35.93333333333333,38.266666666666666,17.283333333333335,15.3,2022-07-05T17:17:00.0
KR_U64,Weekday,4,9,1.8833333333333333,31.616666666666667,33.5,7.55,12.5,2022-07-07T07:33:00.0
KR_U64,Weekday,9,9,2.35,22.066666666666663,24.416666666666664,17.05,15.2,2022-07-08T17:03:00.0
KR_U64,Weekday,9,4,2.8,58.983333333333334,61.78333333333333,17.466666666666665,18.6,2022-07-11T17:28:00.0
KR_U64,Weekday,4,9,2.8333333333333335,175.88333333333333,178.71666666666667,7.25,18.9,2022-07-14T07:15:00.0
KR_U64,Weekday,9,9,2.0833333333333335,44.15,46.233333333333334,17.966666666666665,14.0,2022-07-25T17:58:00.0
KR_U64,Weekday,9,4,1.15,38.13333333333333,39.28333333333333,16.2,7.79,2022-07-27T16:12:00.0
KR_U64,Weekday,4,8,2.6,76.36666666666666,78.96666666666665,7.483333333333333,17.5,2022-07-29T07:29:00.0
KR_U64,Weekday,8,8,2.65,69.06666666666666,71.71666666666667,14.45,18.2,2022-08-03T14:27:00.0
KR_U64,Weekday,8,9,1.9333333333333333,0.2,2.1333333333333333,14.166666666666666,13.0,2022-08-08T14:10:00.0
KR_U64,Weekday,9,9,0.65,23.516666666666666,24.166666666666664,16.3,4.1,2022-08-08T16:18:00.0
KR_U64,Weekday,9,5,0.6833333333333333,16.799999999999997,17.48333333333333,16.466666666666665,4.6,2022-08-09T16:28:00.0
KR_U64,Weekday,5,5,1.5,45.86666666666666,47.36666666666666,9.95,9.7,2022-08-10T09:57:00.0
KR_U64,Weekday,5,9,3.4166666666666665,4.633333333333334,8.05,9.316666666666666,23.2,2022-08-12T09:19:00.0
KR_U64,Weekday,9,5,0.7333333333333333,38.916666666666664,39.65,17.366666666666667,4.79,2022-08-12T17:22:00.0
KR_U64,Weekday,5,4,1.6666666666666667,92.76666666666667,94.43333333333334,9.016666666666667,11.0,2022-08-16T09:01:00.0
KR_U64,Weekday,4,9,2.033333333333333,55.21666666666667,57.25,7.45,13.7,2022-08-22T07:27:00.0
KR_U64,Weekday,9,4,1.3,13.55,14.850000000000001,16.7,9.0,2022-08-24T16:42:00.0
KR_U64,Weekday,4,8,2.9,124.88333333333333,127.78333333333333,7.55,19.3,2022-08-25T07:33:00.0
KR_U64,Weekday,8,4,3.2666666666666666,84.83333333333334,88.10000000000001,15.333333333333334,22.1,2022-09-01T15:20:00.0
KR_U64,Weekday,4,6,2.15,1.6666666666666667,3.8166666666666664,7.433333333333334,14.8,2022-09-07T07:26:00.0
KR_U64,Weekday,6,9,1.55,196.51666666666665,198.06666666666666,11.25,10.1,2022-09-07T11:15:00.0
KR_U64,Weekday,9,6,1.3,39.78333333333333,41.08333333333333,17.316666666666666,8.8,2022-09-19T17:19:00.0
KR_U64,Weekday,6,10,0.6,31.116666666666667,31.71666666666667,10.4,18.43,2022-09-21T10:24:00.0
KR_U64,Weekday,10,4,2.683333333333333,10.3,12.983333333333334,18.116666666666667,18.2,2022-09-22T18:07:00.0
KR_U64,Weekday,4,5,1.1333333333333333,47.983333333333334,49.11666666666667,7.1,7.4,2022-09-23T07:06:00.0
KR_U64,Weekday,5,5,0.35,0.18333333333333332,0.5333333333333333,8.216666666666667,2.5,2022-09-27T08:13:00.0
KR_U64,Weekday,5,4,0.5166666666666667,45.86666666666667,46.38333333333333,8.75,14.92,2022-09-27T08:45:00.0
KR_U64,Weekday,4,4,2.05,21.633333333333333,23.683333333333334,7.133333333333334,13.8,2022-09-29T07:08:00.0
KR_U186,Weekend,8,10,5.833333333333333,69.9,75.73333333333333,15.416666666666666,23.0,2021-10-16T15:25:00.0
KR_U186,Weekend,10,10,4.083333333333333,236.58333333333331,240.66666666666666,19.15,20.9,2021-10-24T19:09:00.0
KR_U186,Weekend,10,5,4.466666666666667,153.96666666666667,158.43333333333334,19.816666666666666,20.2,2021-11-28T19:49:00.0
KR_U186,Weekend,5,7,5.216666666666667,142.63333333333333,147.85,9.966666666666667,19.4,2021-12-25T09:58:00.0
KR_U186,Weekend,7,12,3.3333333333333335,53.05,56.38333333333333,13.816666666666666,12.5,2022-01-15T13:49:00.0
KR_U186,Weekend,12,9,4.233333333333333,39.43333333333334,43.66666666666667,22.2,18.79,2022-01-22T22:12:00.0
KR_U186,Weekend,9,11,4.733333333333333,118.76666666666668,123.50000000000001,17.866666666666667,19.3,2022-01-29T17:52:00.0
KR_U186,Weekend,11,7,5.2,13.9,19.1,21.366666666666667,21.3,2022-02-13T21:22:00.0
KR_U186,Weekend,7,1,2.4166666666666665,103.96666666666667,106.38333333333334,13.9,13.9,2022-02-19T13:54:00.0
KR_U186,Weekend,6,9,4.566666666666666,25.31666666666667,29.883333333333336,11.166666666666666,20.39,2022-04-24T11:10:00.0
KR_U186,Weekend,9,6,5.6,36.6,42.2,17.05,19.8,2022-04-30T17:03:00.0
KR_U186,Weekend,6,8,0.21666666666666667,170.91666666666666,171.13333333333333,11.25,8.18,2022-05-07T11:15:00.0
KR_U186,Weekend,8,11,4.85,50.15,55.0,14.383333333333333,20.6,2022-05-29T14:23:00.0
KR_U186,Weekend,11,8,3.4166666666666665,86.41666666666667,89.83333333333334,21.383333333333333,15.6,2022-06-05T21:23:00.0
KR_U186,Weekend,8,8,4.366666666666666,211.53333333333333,215.9,14.416666666666666,17.7,2022-06-19T14:25:00.0
KR_U186,Weekend,8,6,0.26666666666666666,20.5,20.766666666666666,14.316666666666666,1.8,2022-07-23T14:19:00.0
KR_U186,Weekend,6,9,0.3333333333333333,5.716666666666667,6.05,11.083333333333334,7.04,2022-07-24T11:05:00.0
KR_U186,Weekend,9,7,10.033333333333333,132.3,142.33333333333334,17.133333333333333,14.8,2022-07-24T17:08:00.0
KR_U186,Weekend,7,10,10.866666666666667,116.68333333333334,127.55000000000001,12.3,25.79,2022-08-14T12:18:00.0
KR_U186,Weekday,10,10,4.983333333333333,67.4,72.38333333333334,18.566666666666666,20.4,2021-10-06T18:34:00.0
KR_U186,Weekday,10,10,5.433333333333334,162.15,167.58333333333334,18.95,21.1,2021-10-11T18:57:00.0
KR_U186,Weekday,10,10,4.166666666666667,139.93333333333334,144.1,18.533333333333335,20.2,2021-10-20T18:32:00.0
KR_U186,Weekday,10,6,4.35,60.8,65.14999999999999,18.633333333333333,21.2,2021-10-28T18:38:00.0
KR_U186,Weekday,6,6,2.966666666666667,68.1,71.06666666666666,11.783333333333333,17.6,2021-11-02T11:47:00.0
KR_U186,Weekday,6,6,3.1166666666666667,20.95,24.066666666666666,10.85,17.3,2021-11-05T10:51:00.0
KR_U186,Weekday,6,10,3.6166666666666667,124.06666666666666,127.68333333333332,10.916666666666666,17.4,2021-11-08T10:55:00.0
KR_U186,Weekday,10,10,4.05,139.53333333333333,143.58333333333334,18.6,19.8,2021-11-15T18:36:00.0
KR_U186,Weekday,10,6,5.083333333333333,154.98333333333335,160.0666666666667,18.183333333333334,20.8,2021-11-23T18:11:00.0
KR_U186,Weekday,6,10,1.1833333333333333,55.916666666666664,57.099999999999994,10.25,7.6,2021-12-02T10:15:00.0
KR_U186,Weekday,10,10,4.2,67.41666666666667,71.61666666666667,19.35,18.9,2021-12-06T19:21:00.0
KR_U186,Weekday,10,5,3.9166666666666665,58.03333333333333,61.949999999999996,18.966666666666665,19.2,2021-12-09T18:58:00.0
KR_U186,Weekday,5,6,0.5666666666666667,1.25,1.8166666666666667,8.916666666666666,3.7,2021-12-14T08:55:00.0
KR_U186,Weekday,6,10,1.9333333333333333,29.733333333333334,31.666666666666668,10.733333333333333,12.3,2021-12-14T10:44:00.0
KR_U186,Weekday,10,10,4.216666666666667,91.96666666666665,96.18333333333332,18.4,18.1,2021-12-15T18:24:00.0
KR_U186,Weekday,10,10,4.133333333333334,115.9,120.03333333333335,18.583333333333332,17.4,2021-12-21T18:35:00.0
KR_U186,Weekday,10,10,3.6666666666666665,45.13333333333333,48.8,18.616666666666667,13.4,2021-12-28T18:37:00.0
KR_U186,Weekday,10,10,5.066666666666666,42.349999999999994,47.41666666666666,19.416666666666668,19.1,2021-12-30T19:25:00.0
KR_U186,Weekday,10,10,5.066666666666666,42.1,47.16666666666667,18.833333333333332,19.0,2022-01-03T18:50:00.0
KR_U186,Weekday,10,10,5.1,43.9,49.0,18.0,17.7,2022-01-05T18:00:00.0
KR_U186,Weekday,10,10,5.85,18.25,24.1,19.0,22.0,2022-01-07T19:00:00.0
KR_U186,Weekday,10,10,4.45,20.233333333333334,24.683333333333334,18.25,16.6,2022-01-10T18:15:00.0
KR_U186,Weekday,10,10,4.866666666666666,42.86666666666667,47.733333333333334,18.933333333333334,17.5,2022-01-11T18:56:00.0
KR_U186,Weekday,10,10,4.133333333333334,43.75,47.88333333333333,18.666666666666668,15.1,2022-01-13T18:40:00.0
KR_U186,Weekday,10,10,5.416666666666667,139.0,144.41666666666666,18.55,19.1,2022-01-17T18:33:00.0
KR_U186,Weekday,10,10,4.866666666666666,43.333333333333336,48.2,18.966666666666665,20.0,2022-01-25T18:58:00.0
KR_U186,Weekday,10,10,4.833333333333333,115.23333333333333,120.06666666666666,19.166666666666668,18.2,2022-01-27T19:10:00.0
KR_U186,Weekday,10,7,4.616666666666666,60.3,64.91666666666666,19.233333333333334,17.6,2022-02-03T19:14:00.0
KR_U186,Weekday,7,10,1.7833333333333334,5.2,6.983333333333333,12.15,11.79,2022-02-08T12:09:00.0
KR_U186,Weekday,10,6,4.1,156.54999999999998,160.64999999999998,19.133333333333333,13.39,2022-02-08T19:08:00.0
KR_U186,Weekday,6,10,1.3333333333333333,77.98333333333333,79.31666666666666,11.783333333333333,8.5,2022-02-17T11:47:00.0
KR_U186,Weekday,10,6,4.866666666666666,83.85,88.71666666666665,19.1,17.5,2022-02-22T19:06:00.0
KR_U186,Weekday,6,10,2.3833333333333333,76.78333333333333,79.16666666666667,11.816666666666666,13.8,2022-02-28T11:49:00.0
KR_U186,Weekday,10,11,4.566666666666666,141.5,146.06666666666666,18.983333333333334,18.79,2022-03-03T18:59:00.0
KR_U186,Weekday,11,10,3.95,66.73333333333333,70.68333333333334,21.05,18.29,2022-03-11T21:03:00.0
KR_U186,Weekday,10,10,4.583333333333333,68.01666666666667,72.6,18.733333333333334,21.0,2022-03-16T18:44:00.0
KR_U186,Weekday,10,10,4.533333333333333,67.58333333333333,72.11666666666666,19.333333333333332,18.4,2022-03-21T19:20:00.0
KR_U186,Weekday,10,10,3.8666666666666667,43.88333333333333,47.75,19.45,19.3,2022-03-24T19:27:00.0
KR_U186,Weekday,10,10,4.25,163.26666666666668,167.51666666666668,19.2,19.4,2022-03-28T19:12:00.0
KR_U186,Weekday,10,10,3.8666666666666667,44.63333333333333,48.5,18.716666666666665,18.5,2022-04-06T18:43:00.0
KR_U186,Weekday,10,10,4.95,43.08333333333333,48.03333333333333,19.216666666666665,20.9,2022-04-08T19:13:00.0
KR_U186,Weekday,10,11,0.1,1.8166666666666667,1.9166666666666667,19.083333333333332,0.6,2022-04-12T19:05:00.0
KR_U186,Weekday,11,10,4.383333333333334,65.75,70.13333333333334,21.0,16.2,2022-04-12T21:00:00.0
KR_U186,Weekday,10,11,0.6166666666666667,1.2,1.8166666666666667,19.133333333333333,4.1,2022-04-15T19:08:00.0
KR_U186,Weekday,11,10,3.466666666666667,67.55,71.01666666666667,20.95,15.29,2022-04-15T20:57:00.0
KR_U186,Weekday,10,12,5.283333333333333,118.71666666666667,124.0,19.55,18.1,2022-04-20T19:33:00.0
KR_U186,Weekday,12,11,4.833333333333333,88.23333333333335,93.06666666666668,23.55,17.5,2022-04-27T23:33:00.0
KR_U186,Weekday,11,7,3.816666666666667,59.98333333333333,63.8,20.616666666666667,18.0,2022-05-03T20:37:00.0
KR_U186,Weekday,7,10,0.95,53.7,54.650000000000006,12.416666666666666,6.3,2022-05-06T12:25:00.0
KR_U186,Weekday,10,10,3.7666666666666666,68.36666666666667,72.13333333333334,19.066666666666666,18.1,2022-05-10T19:04:00.0
KR_U186,Weekday,10,10,4.283333333333333,43.43333333333334,47.71666666666667,19.2,20.4,2022-05-13T19:12:00.0
KR_U186,Weekday,10,7,5.25,84.23333333333333,89.48333333333333,18.916666666666668,21.9,2022-05-17T18:55:00.0
KR_U186,Weekday,7,11,0.6666666666666666,32.7,33.36666666666667,12.4,14.36,2022-05-23T12:24:00.0
KR_U186,Weekday,11,6,0.6666666666666666,61.23333333333333,61.89999999999999,21.766666666666666,14.9,2022-05-24T21:46:00.0
KR_U186,Weekday,6,8,0.6666666666666666,74.56666666666666,75.23333333333333,11.666666666666666,12.8,2022-05-27T11:40:00.0
KR_U186,Weekday,8,11,0.5166666666666667,4.6,5.116666666666666,14.9,3.5,2022-06-01T14:54:00.0
KR_U186,Weekday,11,10,4.566666666666666,162.03333333333336,166.60000000000002,20.016666666666666,19.2,2022-06-01T20:01:00.0
KR_U186,Weekday,10,10,4.8,43.38333333333333,48.18333333333333,18.616666666666667,20.5,2022-06-10T18:37:00.0
KR_U186,Weekday,10,10,5.733333333333333,66.18333333333334,71.91666666666667,18.8,22.5,2022-06-14T18:48:00.0
KR_U186,Weekday,10,6,5.05,60.13333333333333,65.18333333333334,18.716666666666665,20.7,2022-06-17T18:43:00.0
KR_U186,Weekday,6,10,2.85,27.933333333333334,30.783333333333335,11.9,17.5,2022-06-22T11:54:00.0
KR_U186,Weekday,10,10,10.483333333333333,37.71666666666667,48.2,18.683333333333334,20.6,2022-06-23T18:41:00.0
KR_U186,Weekday,10,7,10.283333333333333,31.366666666666667,41.65,18.883333333333333,20.9,2022-06-27T18:53:00.0
KR_U186,Weekday,7,10,0.9333333333333333,53.61666666666666,54.54999999999999,12.533333333333333,6.2,2022-06-29T12:32:00.0
KR_U186,Weekday,10,7,0.6666666666666666,40.916666666666664,41.58333333333333,19.083333333333332,13.26,2022-07-01T19:05:00.0
KR_U186,Weekday,7,10,1.65,124.83333333333334,126.48333333333335,12.666666666666666,10.2,2022-07-05T12:40:00.0
KR_U186,Weekday,10,7,10.016666666666667,127.61666666666666,137.63333333333333,19.15,22.5,2022-07-12T19:09:00.0
KR_U186,Weekday,7,10,1.0166666666666666,149.51666666666665,150.53333333333333,12.783333333333333,6.7,2022-07-20T12:47:00.0
KR_U186,Weekday,10,10,10.85,37.13333333333333,47.983333333333334,19.316666666666666,19.6,2022-07-28T19:19:00.0
KR_U186,Weekday,10,10,10.866666666666667,109.61666666666666,120.48333333333332,19.3,18.5,2022-08-01T19:18:00.0
KR_U186,Weekday,10,11,10.383333333333333,63.61666666666666,74.0,19.783333333333335,23.9,2022-08-08T19:47:00.0
KR_U186,Weekday,11,7,10.383333333333333,100.73333333333335,111.11666666666667,21.783333333333335,24.0,2022-08-11T21:47:00.0
KR_U186,Weekday,7,10,0.35,6.016666666666667,6.366666666666666,12.9,7.3,2022-08-18T12:54:00.0
KR_U186,Weekday,10,10,0.6666666666666666,47.233333333333334,47.9,19.266666666666666,12.17,2022-08-18T19:16:00.0
KR_U186,Weekday,10,7,11.0,79.26666666666667,90.26666666666667,19.166666666666668,23.0,2022-08-22T19:10:00.0
KR_U186,Weekday,7,10,1.2,76.1,77.3,13.433333333333334,7.1,2022-08-26T13:26:00.0
KR_U186,Weekday,10,12,10.433333333333334,113.76666666666667,124.2,18.733333333333334,22.5,2022-08-31T18:44:00.0
KR_U186,Weekday,12,10,4.333333333333333,88.46666666666667,92.8,22.933333333333334,17.6,2022-09-07T22:56:00.0
KR_U186,Weekday,10,10,10.433333333333334,60.86666666666666,71.3,19.733333333333334,19.9,2022-09-13T19:44:00.0
KR_U186,Weekday,10,10,10.133333333333333,162.96666666666667,173.1,19.033333333333335,23.9,2022-09-16T19:02:00.0
KR_U199,Weekend,10,9,2.2333333333333334,92.36666666666667,94.60000000000001,19.366666666666667,14.9,2022-03-05T19:22:00.0
KR_U199,Weekend,9,9,2.55,20.433333333333334,22.983333333333334,17.966666666666665,15.2,2022-03-19T17:58:00.0
KR_U199,Weekend,9,10,2.5833333333333335,72.1,74.68333333333332,16.95,15.6,2022-03-20T16:57:00.0
KR_U199,Weekend,10,9,2.3333333333333335,66.68333333333334,69.01666666666667,19.633333333333333,14.0,2022-04-02T19:38:00.0
KR_U199,Weekend,9,9,2.816666666666667,69.35,72.16666666666666,16.65,19.7,2022-04-10T16:39:00.0
KR_U199,Weekend,9,9,3.283333333333333,69.05,72.33333333333333,16.816666666666666,23.2,2022-04-23T16:49:00.0
KR_U199,Weekend,9,9,3.35,188.73333333333335,192.08333333333334,17.15,20.7,2022-05-01T17:09:00.0
KR_U199,Weekend,9,9,2.2,69.1,71.3,17.233333333333334,15.39,2022-05-29T17:14:00.0
KR_U199,Weekend,9,10,2.283333333333333,95.48333333333333,97.76666666666667,16.533333333333335,16.0,2022-06-11T16:32:00.0
KR_U199,Weekend,10,10,1.85,23.583333333333336,25.433333333333337,18.3,13.0,2022-06-25T18:18:00.0
KR_U199,Weekend,10,5,1.5,36.31666666666666,37.81666666666666,19.733333333333334,10.4,2022-06-26T19:44:00.0
KR_U199,Weekend,5,9,2.5,77.15,79.65,9.55,17.4,2022-07-03T09:33:00.0
KR_U199,Weekday,11,11,2.4833333333333334,45.85,48.333333333333336,20.783333333333335,16.6,2022-01-25T20:47:00.0
KR_U199,Weekday,11,9,2.3833333333333333,184.98333333333335,187.36666666666667,21.116666666666667,14.3,2022-01-27T21:07:00.0
KR_U199,Weekday,10,11,2.6,191.95000000000002,194.55,18.35,16.4,2022-02-23T18:21:00.0
KR_U199,Weekday,11,11,2.3666666666666667,69.26666666666667,71.63333333333333,20.9,16.0,2022-03-07T20:54:00.0
KR_U199,Weekday,11,11,2.95,21.666666666666664,24.616666666666664,20.533333333333335,19.8,2022-03-10T20:32:00.0
KR_U199,Weekday,11,9,1.8,90.63333333333333,92.43333333333332,21.15,12.4,2022-03-11T21:09:00.0
KR_U199,Weekday,9,10,2.6666666666666665,71.1,73.76666666666667,17.583333333333332,17.0,2022-03-17T17:35:00.0
KR_U199,Weekday,10,11,2.6166666666666667,23.21666666666667,25.833333333333336,19.35,17.1,2022-03-22T19:21:00.0
KR_U199,Weekday,11,11,2.183333333333333,189.83333333333331,192.01666666666665,21.183333333333334,14.8,2022-03-23T21:11:00.0
KR_U199,Weekday,11,11,1.7333333333333334,21.133333333333333,22.866666666666667,21.2,12.1,2022-04-04T21:12:00.0
KR_U199,Weekday,11,11,3.3833333333333333,46.083333333333336,49.46666666666667,20.066666666666666,21.8,2022-04-05T20:04:00.0
KR_U199,Weekday,11,9,2.4833333333333334,88.53333333333333,91.01666666666667,21.533333333333335,15.0,2022-04-07T21:32:00.0
KR_U199,Weekday,9,10,1.8166666666666667,72.53333333333333,74.35,16.55,12.7,2022-04-13T16:33:00.0
KR_U199,Weekday,10,11,1.1166666666666667,24.566666666666666,25.683333333333334,18.9,7.1,2022-04-18T18:54:00.0
KR_U199,Weekday,11,10,1.95,115.66666666666667,117.61666666666667,20.583333333333332,13.8,2022-04-19T20:35:00.0
KR_U199,Weekday,10,9,2.65,44.983333333333334,47.63333333333333,18.2,17.8,2022-04-26T18:12:00.0
KR_U199,Weekday,9,11,1.8,72.48333333333333,74.28333333333333,17.833333333333332,12.5,2022-04-28T17:50:00.0
KR_U199,Weekday,11,8,2.183333333333333,40.31666666666666,42.49999999999999,20.116666666666667,15.2,2022-05-03T20:07:00.0
KR_U199,Weekday,8,11,2.8333333333333335,51.5,54.333333333333336,14.616666666666667,19.8,2022-05-05T14:37:00.0
KR_U199,Weekday,11,9,2.1666666666666665,18.716666666666665,20.883333333333333,20.95,15.0,2022-05-09T20:57:00.0
KR_U199,Weekday,9,10,1.9,70.33333333333333,72.23333333333333,17.833333333333332,13.29,2022-05-10T17:50:00.0
KR_U199,Weekday,10,10,2.5,21.683333333333334,24.183333333333334,18.066666666666666,15.8,2022-05-13T18:04:00.0
KR_U199,Weekday,10,11,2.2333333333333334,48.2,50.43333333333334,18.25,15.6,2022-05-16T18:15:00.0
KR_U199,Weekday,11,10,2.3333333333333335,19.083333333333336,21.416666666666668,20.683333333333334,16.6,2022-05-18T20:41:00.0
KR_U199,Weekday,10,10,1.8166666666666667,46.21666666666667,48.03333333333334,18.1,12.5,2022-05-19T18:06:00.0
KR_U199,Weekday,10,11,2.3833333333333333,48.13333333333333,50.516666666666666,18.133333333333333,16.5,2022-05-23T18:08:00.0
KR_U199,Weekday,11,10,1.9166666666666667,68.61666666666667,70.53333333333335,20.65,13.4,2022-05-25T20:39:00.0
KR_U199,Weekday,10,9,1.7333333333333334,68.81666666666666,70.55,19.183333333333334,12.3,2022-05-30T19:11:00.0
KR_U199,Weekday,9,9,1.9666666666666666,118.06666666666666,120.03333333333333,17.733333333333334,13.7,2022-06-02T17:44:00.0
KR_U199,Weekday,9,11,1.5166666666666666,26.03333333333333,27.549999999999997,17.766666666666666,10.5,2022-06-09T17:46:00.0
KR_U199,Weekday,11,11,1.1166666666666667,21.75,22.866666666666667,21.316666666666666,7.79,2022-06-10T21:19:00.0
KR_U199,Weekday,11,10,2.35,44.25,46.6,20.183333333333334,16.6,2022-06-13T20:11:00.0
KR_U199,Weekday,10,9,1.75,21.233333333333334,22.983333333333334,18.783333333333335,12.1,2022-06-15T18:47:00.0
KR_U199,Weekday,9,10,1.4666666666666666,24.216666666666665,25.68333333333333,17.766666666666666,10.29,2022-06-16T17:46:00.0
KR_U199,Weekday,10,10,1.45,22.71666666666667,24.166666666666668,19.45,10.1,2022-06-17T19:27:00.0
KR_U199,Weekday,10,9,3.316666666666667,42.45,45.76666666666667,19.616666666666667,23.2,2022-06-20T19:37:00.0
KR_U199,Weekday,9,12,2.6666666666666665,50.4,53.06666666666666,17.383333333333333,18.6,2022-06-22T17:23:00.0
KR_U199,Weekday,12,10,1.9666666666666666,18.966666666666665,20.93333333333333,22.45,13.79,2022-06-24T22:27:00.0
KR_U199,Weekday,10,9,1.7833333333333334,20.983333333333334,22.76666666666667,18.966666666666665,12.5,2022-06-27T18:58:00.0
KR_U199,Weekday,9,10,2.0,48.233333333333334,50.233333333333334,17.733333333333334,13.9,2022-06-28T17:44:00.0
KR_U199,Weekday,10,11,1.9833333333333334,46.96666666666667,48.95,19.966666666666665,13.9,2022-06-30T19:58:00.0
KR_U199,Weekday,11,11,2.183333333333333,21.98333333333333,24.166666666666664,20.916666666666668,15.2,2022-07-04T20:55:00.0
KR_U199,Weekday,11,11,1.8833333333333333,45.833333333333336,47.71666666666667,21.083333333333332,13.2,2022-07-05T21:05:00.0
KR_U199,Weekday,11,11,10.366666666666667,61.91666666666666,72.28333333333333,20.8,19.6,2022-07-07T20:48:00.0
KR_U199,Weekday,11,12,1.4333333333333333,192.33333333333334,193.76666666666668,21.083333333333332,10.0,2022-07-12T21:05:00.0
KR_U199,Weekday,12,12,0.1,0.7833333333333333,0.8833333333333333,22.85,0.7,2022-07-22T22:51:00.0
KR_U199,Weekday,12,10,10.433333333333334,19.716666666666665,30.15,23.733333333333334,17.1,2022-07-22T23:44:00.0
KR_U199,Weekday,10,5,10.45,51.53333333333333,61.983333333333334,19.716666666666665,22.0,2022-07-25T19:43:00.0
KR_U199,Weekday,5,9,2.066666666666667,5.066666666666666,7.133333333333333,9.7,14.1,2022-07-28T09:42:00.0
KR_U199,Weekday,9,11,1.3666666666666667,99.25,100.61666666666666,16.833333333333332,9.5,2022-07-28T16:50:00.0
KR_U199,Weekday,11,8,2.933333333333333,14.45,17.383333333333333,21.45,20.5,2022-08-03T21:27:00.0
KR_U199,Weekday,8,10,2.35,26.416666666666668,28.76666666666667,14.833333333333334,16.2,2022-08-04T14:50:00.0
KR_U199,Weekday,10,8,10.566666666666666,14.35,24.916666666666664,19.6,17.6,2022-08-05T19:36:00.0
KR_U199,Weekday,8,11,1.8666666666666667,27.96666666666667,29.833333333333336,14.35,12.79,2022-08-08T14:21:00.0
KR_U199,Weekday,11,10,10.983333333333333,36.18333333333334,47.16666666666667,20.183333333333334,17.6,2022-08-09T20:11:00.0
KR_U199,Weekday,10,9,10.816666666666666,10.2,21.016666666666666,19.35,24.79,2022-08-11T19:21:00.0
KR_U199,Weekday,9,5,1.7833333333333334,63.81666666666667,65.60000000000001,16.366666666666667,12.2,2022-08-12T16:22:00.0
KR_U199,Weekday,5,9,2.1333333333333333,77.21666666666667,79.35000000000001,9.966666666666667,14.8,2022-08-17T09:58:00.0
KR_U199,Weekday,9,12,1.8333333333333333,27.166666666666664,28.999999999999996,17.316666666666666,12.7,2022-08-22T17:19:00.0
KR_U199,Weekday,12,11,1.9333333333333333,93.13333333333333,95.06666666666666,22.316666666666666,13.6,2022-08-23T22:19:00.0
KR_U199,Weekday,11,9,2.15,18.2,20.349999999999998,21.383333333333333,15.0,2022-08-29T21:23:00.0
KR_U199,Weekday,9,10,10.433333333333334,230.59999999999997,241.0333333333333,17.733333333333334,13.5,2022-08-30T17:44:00.0
KR_U199,Weekday,10,11,2.0,96.51666666666667,98.51666666666667,18.766666666666666,14.0,2022-09-13T18:46:00.0
KR_U199,Weekday,11,11,0.9333333333333333,23.55,24.483333333333334,21.283333333333335,6.5,2022-09-19T21:17:00.0
KR_U199,Weekday,11,10,1.7833333333333334,66.86666666666667,68.65,21.766666666666666,12.5,2022-09-20T21:46:00.0
KR_U199,Weekday,10,11,10.75,20.85,31.6,18.416666666666668,17.5,2022-09-23T18:25:00.0
KR_U199,Weekday,11,11,2.2333333333333334,22.866666666666667,25.1,20.85,15.7,2022-09-26T20:51:00.0
KR_U291,Weekend,10,11,5.516666666666667,43.88333333333333,49.4,18.75,39.5,2021-10-09T18:45:00.0
KR_U291,Weekend,11,9,1.9166666666666667,43.8,45.71666666666666,20.15,13.8,2021-10-16T20:09:00.0
KR_U291,Weekend,9,11,2.9166666666666665,49.2,52.11666666666667,17.866666666666667,21.2,2021-10-23T17:52:00.0
KR_U291,Weekend,11,10,2.3833333333333333,115.39999999999999,117.78333333333333,21.983333333333334,17.2,2021-10-30T21:59:00.0
KR_U291,Weekend,10,7,4.166666666666667,36.93333333333334,41.1,19.766666666666666,29.79,2021-11-14T19:46:00.0
KR_U291,Weekend,7,8,1.0166666666666666,1.9833333333333334,3.0,12.866666666666667,7.3,2021-11-21T12:52:00.0
KR_U291,Weekend,8,12,4.716666666666667,73.58333333333334,78.30000000000001,15.866666666666667,33.7,2021-11-21T15:52:00.0
KR_U291,Weekend,12,9,3.0833333333333335,207.46666666666667,210.55,22.166666666666668,22.3,2021-12-04T22:10:00.0
KR_U291,Weekend,9,11,3.7333333333333334,192.15,195.88333333333333,16.716666666666665,26.9,2022-01-02T16:43:00.0
KR_U291,Weekend,8,9,2.716666666666667,95.48333333333333,98.2,14.383333333333333,19.7,2022-03-12T14:23:00.0
KR_U291,Weekend,9,10,3.316666666666667,71.5,74.81666666666666,16.583333333333332,23.9,2022-03-26T16:35:00.0
KR_U291,Weekend,10,8,4.016666666666667,62.699999999999996,66.71666666666667,19.4,28.7,2022-04-03T19:24:00.0
KR_U291,Weekend,8,9,1.7833333333333334,25.950000000000003,27.733333333333338,14.116666666666667,12.79,2022-04-16T14:07:00.0
KR_U291,Weekend,9,11,0.26666666666666666,26.4,26.666666666666664,17.85,2.0,2022-04-17T17:51:00.0
KR_U291,Weekend,11,8,4.3,110.16666666666667,114.46666666666667,20.516666666666666,31.0,2022-04-23T20:31:00.0
KR_U291,Weekend,8,9,3.6,142.26666666666668,145.86666666666667,14.983333333333333,26.1,2022-05-08T14:59:00.0
KR_U291,Weekend,9,7,2.7666666666666666,65.85,68.61666666666666,16.85,19.79,2022-05-29T16:51:00.0
KR_U291,Weekend,7,10,3.183333333333333,25.71666666666667,28.900000000000002,13.466666666666667,23.0,2022-06-11T13:28:00.0
KR_U291,Weekend,10,9,3.2,44.25,47.45,18.366666666666667,23.0,2022-06-12T18:22:00.0
KR_U291,Weekend,9,8,4.9,15.783333333333333,20.683333333333334,17.816666666666666,35.4,2022-06-19T17:49:00.0
KR_U291,Weekend,8,9,5.416666666666667,189.58333333333331,194.99999999999997,14.5,38.7,2022-06-25T14:30:00.0
KR_U291,Weekend,9,7,5.4,13.799999999999999,19.2,17.5,38.7,2022-07-23T17:30:00.0
KR_U291,Weekend,7,9,0.8,2.65,3.45,12.7,5.7,2022-07-24T12:42:00.0
KR_U291,Weekend,9,6,2.9166666666666665,64.88333333333334,67.80000000000001,16.15,20.7,2022-07-24T16:09:00.0
KR_U291,Weekend,6,10,5.366666666666666,74.11666666666667,79.48333333333333,11.95,37.6,2022-08-06T11:57:00.0
KR_U291,Weekend,10,10,10.733333333333333,42.25,52.983333333333334,19.433333333333334,35.2,2022-08-14T19:26:00.0
KR_U291,Weekend,10,10,10.916666666666666,138.31666666666666,149.23333333333332,18.25,29.0,2022-08-21T18:15:00.0
KR_U291,Weekend,10,8,10.85,14.216666666666667,25.066666666666666,18.316666666666666,51.1,2022-09-11T18:19:00.0
KR_U291,Weekday,8,8,4.95,163.48333333333332,168.4333333333333,14.466666666666667,35.2,2021-10-05T14:28:00.0
KR_U291,Weekday,8,9,3.2333333333333334,119.33333333333334,122.56666666666668,14.9,23.2,2021-10-14T14:54:00.0
KR_U291,Weekday,9,10,4.3,92.43333333333334,96.73333333333333,17.466666666666665,30.5,2021-10-21T17:28:00.0
KR_U291,Weekday,10,6,3.5166666666666666,205.05,208.5666666666667,18.2,25.4,2021-10-27T18:12:00.0
KR_U291,Weekday,6,6,2.7,45.03333333333333,47.733333333333334,10.766666666666667,19.4,2021-11-09T10:46:00.0
KR_U291,Weekday,6,7,1.45,25.55,27.0,10.5,10.3,2021-11-11T10:30:00.0
KR_U291,Weekday,7,9,2.5,73.31666666666666,75.81666666666666,13.5,18.2,2021-11-12T13:30:00.0
KR_U291,Weekday,9,9,4.6,91.5,96.1,17.316666666666666,33.1,2021-11-17T17:19:00.0
KR_U291,Weekday,9,11,1.2,2.95,4.15,17.416666666666668,8.6,2021-11-23T17:25:00.0
KR_U291,Weekday,11,9,3.0166666666666666,160.90000000000003,163.9166666666667,21.566666666666666,21.8,2021-11-23T21:34:00.0
KR_U291,Weekday,9,9,5.033333333333333,138.96666666666667,144.0,17.483333333333334,35.89,2021-12-02T17:29:00.0
KR_U291,Weekday,9,9,3.783333333333333,44.16666666666667,47.95,17.483333333333334,27.3,2021-12-10T17:29:00.0
KR_U291,Weekday,9,8,4.766666666666667,89.18333333333334,93.95,17.433333333333334,34.8,2021-12-14T17:26:00.0
KR_U291,Weekday,8,9,2.7333333333333334,23.433333333333334,26.166666666666668,15.383333333333333,19.4,2021-12-20T15:23:00.0
KR_U291,Weekday,9,6,3.783333333333333,62.150000000000006,65.93333333333334,17.55,27.1,2021-12-21T17:33:00.0
KR_U291,Weekday,6,7,3.85,118.24999999999999,122.09999999999998,11.483333333333333,27.3,2021-12-24T11:29:00.0
KR_U291,Weekday,7,10,2.7333333333333334,97.78333333333333,100.51666666666667,13.583333333333334,19.6,2021-12-31T13:35:00.0
KR_U291,Weekday,10,7,4.716666666666667,85.86666666666667,90.58333333333334,18.1,34.1,2022-01-06T18:06:00.0
KR_U291,Weekday,7,10,5.166666666666667,48.483333333333334,53.65,12.683333333333334,37.2,2022-01-12T12:41:00.0
KR_U291,Weekday,10,8,3.433333333333333,88.81666666666666,92.25,18.333333333333332,24.4,2022-01-14T18:20:00.0
KR_U291,Weekday,8,11,6.366666666666666,47.78333333333333,54.15,14.583333333333334,46.0,2022-01-20T14:35:00.0
KR_U291,Weekday,11,9,3.5166666666666666,64.13333333333333,67.64999999999999,20.733333333333334,25.7,2022-01-24T20:44:00.0
KR_U291,Weekday,9,9,4.7,140.35,145.04999999999998,16.383333333333333,34.0,2022-01-27T16:23:00.0
KR_U291,Weekday,9,9,3.6333333333333333,19.4,23.03333333333333,17.433333333333334,25.8,2022-02-04T17:26:00.0
KR_U291,Weekday,9,9,4.016666666666667,69.18333333333334,73.2,16.466666666666665,28.8,2022-02-07T16:28:00.0
KR_U291,Weekday,9,11,4.1,214.3,218.4,17.666666666666668,29.4,2022-02-10T17:40:00.0
KR_U291,Weekday,11,6,2.033333333333333,156.18333333333334,158.21666666666667,20.066666666666666,14.7,2022-02-23T20:04:00.0
KR_U291,Weekday,6,10,3.6666666666666665,77.08333333333333,80.75,10.283333333333333,26.3,2022-03-04T10:17:00.0
KR_U291,Weekday,10,9,3.65,161.86666666666667,165.51666666666668,19.033333333333335,26.4,2022-03-09T19:02:00.0
KR_U291,Weekday,9,8,3.816666666666667,19.35,23.166666666666668,16.55,27.2,2022-03-18T16:33:00.0
KR_U291,Weekday,11,9,1.9833333333333334,42.45,44.43333333333334,20.95,14.1,2022-05-03T20:57:00.0
KR_U291,Weekday,9,9,0.25,190.75,191.0,17.383333333333333,1.8,2022-05-05T17:23:00.0
KR_U291,Weekday,9,9,5.266666666666667,115.88333333333333,121.14999999999999,16.383333333333333,38.3,2022-05-17T16:23:00.0
KR_U291,Weekday,9,8,3.65,66.73333333333333,70.38333333333334,17.533333333333335,26.0,2022-05-24T17:32:00.0
KR_U291,Weekday,8,9,3.466666666666667,68.8,72.26666666666667,15.916666666666666,24.89,2022-05-27T15:55:00.0
KR_U291,Weekday,9,9,1.7833333333333334,70.2,71.98333333333333,16.183333333333334,12.89,2022-06-01T16:11:00.0
KR_U291,Weekday,10,8,10.5,34.416666666666664,44.916666666666664,18.666666666666668,29.2,2022-06-28T18:40:00.0
KR_U291,Weekday,8,10,10.583333333333334,88.5,99.08333333333333,15.583333333333334,35.7,2022-06-30T15:35:00.0
KR_U291,Weekday,10,6,10.5,101.16666666666666,111.66666666666666,18.666666666666668,29.8,2022-07-06T18:40:00.0
KR_U291,Weekday,6,8,0.6333333333333333,3.2,3.8333333333333335,10.333333333333334,4.39,2022-07-13T10:20:00.0
KR_U291,Weekday,8,9,5.583333333333333,141.53333333333333,147.11666666666667,14.166666666666666,39.79,2022-07-13T14:10:00.0
KR_U291,Weekday,9,11,10.883333333333333,65.18333333333334,76.06666666666666,17.283333333333335,36.5,2022-07-21T17:17:00.0
KR_U291,Weekday,11,11,2.2333333333333334,45.400000000000006,47.63333333333334,21.35,16.1,2022-07-26T21:21:00.0
KR_U291,Weekday,11,6,10.183333333333334,51.36666666666666,61.55,20.983333333333334,14.2,2022-07-28T20:59:00.0
KR_U291,Weekday,6,9,4.783333333333333,122.11666666666667,126.9,10.533333333333333,34.2,2022-08-02T10:32:00.0
KR_U291,Weekday,9,7,10.733333333333333,33.5,44.233333333333334,17.433333333333334,49.3,2022-08-09T17:26:00.0
KR_U291,Weekday,7,7,1.6333333333333333,21.816666666666666,23.45,13.666666666666666,11.8,2022-08-11T13:40:00.0
KR_U291,Weekday,7,9,3.0166666666666666,0.25,3.2666666666666666,13.116666666666667,21.7,2022-08-12T13:07:00.0
KR_U291,Weekday,9,6,10.783333333333333,226.35,237.13333333333333,16.383333333333333,15.6,2022-08-12T16:23:00.0
KR_U291,Weekday,6,8,5.683333333333334,47.150000000000006,52.83333333333334,10.35,40.79,2022-08-26T10:21:00.0
KR_U291,Weekday,6,8,1.9833333333333334,25.549999999999997,27.53333333333333,10.783333333333333,14.2,2022-09-19T10:47:00.0
KR_U291,Weekday,8,6,10.85,177.2,188.04999999999998,14.316666666666666,25.0,2022-09-20T14:19:00.0
KR_U280,Weekend,1,1,8.9,15.666666666666666,24.566666666666666,0.38333333333333336,44.4,2022-02-20T00:23:00.0
KR_U280,Weekend,1,11,9.183333333333334,34.8,43.983333333333334,0.95,46.0,2022-02-26T00:57:00.0
KR_U280,Weekend,11,1,8.116666666666667,121.25,129.36666666666667,20.933333333333334,41.0,2022-02-27T20:56:00.0
KR_U280,Weekend,1,12,5.466666666666667,40.8,46.266666666666666,1.25,36.6,2022-03-20T01:15:00.0
KR_U280,Weekend,12,1,7.133333333333334,42.56666666666667,49.7,23.516666666666666,35.2,2022-03-26T23:31:00.0
KR_U280,Weekend,1,1,8.366666666666667,38.9,47.266666666666666,1.2166666666666668,56.29,2022-04-03T01:13:00.0
KR_U280,Weekend,1,3,3.3333333333333335,120.31666666666668,123.65,0.48333333333333334,22.6,2022-04-10T00:29:00.0
KR_U280,Weekend,3,3,6.016666666666667,67.5,73.51666666666667,4.133333333333334,40.7,2022-04-30T04:08:00.0
KR_U280,Weekend,3,1,7.916666666666667,59.333333333333336,67.25,5.65,54.4,2022-05-08T05:39:00.0
KR_U280,Weekend,1,3,5.466666666666667,23.45,28.916666666666664,0.9,37.6,2022-05-21T00:54:00.0
KR_U280,Weekend,3,2,6.883333333333334,61.766666666666666,68.65,5.816666666666666,46.89,2022-05-22T05:49:00.0
KR_U280,Weekend,2,4,5.933333333333334,22.28333333333333,28.216666666666665,2.466666666666667,40.4,2022-06-04T02:28:00.0
KR_U280,Weekend,4,2,9.966666666666667,9.75,19.71666666666667,6.683333333333334,64.0,2022-06-05T06:41:00.0
KR_U280,Weekend,2,2,4.75,67.55,72.3,2.4,32.2,2022-06-11T02:24:00.0
KR_U280,Weekend,2,2,7.916666666666667,112.86666666666666,120.78333333333333,2.7,40.0,2022-06-19T02:42:00.0
KR_U280,Weekend,2,4,10.05,41.2,51.25,3.4833333333333334,55.1,2022-07-09T03:29:00.0
KR_U280,Weekend,4,3,10.433333333333334,36.516666666666666,46.95,6.733333333333333,31.2,2022-07-16T06:44:00.0
KR_U280,Weekend,3,4,8.8,40.35,49.150000000000006,5.683333333333334,46.1,2022-07-23T05:41:00.0
KR_U280,Weekend,4,4,1.65,46.15,47.8,6.833333333333333,11.1,2022-07-30T06:50:00.0
KR_U280,Weekend,4,4,10.466666666666667,14.5,24.96666666666667,6.633333333333333,59.6,2022-08-06T06:38:00.0
KR_U280,Weekend,4,4,4.966666666666667,18.133333333333333,23.1,7.6,22.1,2022-08-07T07:36:00.0
KR_U280,Weekday,1,1,7.416666666666667,17.75,25.166666666666668,0.5166666666666667,48.9,2022-02-09T00:31:00.0
KR_U280,Weekday,1,1,7.983333333333333,16.316666666666666,24.3,1.6833333333333333,53.2,2022-02-10T01:41:00.0
KR_U280,Weekday,1,1,8.8,13.433333333333334,22.233333333333334,1.9833333333333334,60.1,2022-02-11T01:59:00.0
KR_U280,Weekday,1,1,5.516666666666667,43.233333333333334,48.75,0.21666666666666667,37.5,2022-02-14T00:13:00.0
KR_U280,Weekday,1,1,4.45,18.9,23.349999999999998,0.9666666666666667,30.2,2022-02-16T00:58:00.0
KR_U280,Weekday,1,1,7.066666666666666,16.916666666666668,23.983333333333334,0.31666666666666665,33.1,2022-02-17T00:19:00.0
KR_U280,Weekday,1,12,4.566666666666666,66.98333333333333,71.55,0.3,30.3,2022-02-18T00:18:00.0
KR_U280,Weekday,12,12,6.383333333333334,17.666666666666668,24.05,23.85,28.9,2022-02-22T23:51:00.0
KR_U280,Weekday,12,11,8.066666666666666,109.5,117.56666666666666,23.9,39.1,2022-02-23T23:54:00.0
KR_U280,Weekday,11,1,6.633333333333334,44.38333333333333,51.016666666666666,21.466666666666665,42.0,2022-03-02T21:28:00.0
KR_U280,Weekday,1,2,0.9666666666666667,0.8333333333333334,1.8,0.48333333333333334,6.5,2022-03-07T00:29:00.0
KR_U280,Weekday,2,1,7.583333333333333,38.63333333333333,46.21666666666667,2.283333333333333,37.6,2022-03-07T02:17:00.0
KR_U280,Weekday,1,11,4.966666666666667,39.71666666666667,44.68333333333334,0.5,33.8,2022-03-09T00:30:00.0
KR_U280,Weekday,11,12,1.7833333333333334,0.6833333333333333,2.466666666666667,21.183333333333334,12.2,2022-03-10T21:11:00.0
KR_U280,Weekday,12,1,6.25,91.19999999999999,97.44999999999999,23.65,42.0,2022-03-10T23:39:00.0
KR_U280,Weekday,1,12,6.45,136.21666666666667,142.66666666666666,1.1,30.6,2022-03-17T01:06:00.0
KR_U280,Weekday,12,11,4.516666666666667,41.3,45.81666666666666,23.766666666666666,30.8,2022-03-24T23:46:00.0
KR_U280,Weekday,11,1,5.866666666666666,165.70000000000002,171.5666666666667,21.583333333333332,37.6,2022-03-28T21:35:00.0
KR_U280,Weekday,1,1,6.933333333333334,64.43333333333334,71.36666666666667,1.15,46.7,2022-04-07T01:09:00.0
KR_U280,Weekday,1,12,4.366666666666666,42.68333333333334,47.050000000000004,0.5166666666666667,29.6,2022-04-12T00:31:00.0
KR_U280,Weekday,12,12,6.4,64.65,71.05000000000001,23.566666666666666,41.2,2022-04-13T23:34:00.0
KR_U280,Weekday,12,1,6.433333333333334,67.86666666666667,74.30000000000001,22.616666666666667,42.1,2022-04-18T22:37:00.0
KR_U280,Weekday,1,1,7.083333333333333,16.783333333333335,23.866666666666667,0.9166666666666666,46.8,2022-04-22T00:55:00.0
KR_U280,Weekday,1,2,5.75,19.816666666666666,25.566666666666666,0.7833333333333333,39.0,2022-04-25T00:47:00.0
KR_U280,Weekday,2,12,5.583333333333333,86.51666666666667,92.1,2.35,37.89,2022-04-26T02:21:00.0
KR_U280,Weekday,12,2,3.3833333333333333,51.3,54.68333333333333,22.45,23.1,2022-04-29T22:27:00.0
KR_U280,Weekday,2,1,6.116666666666666,39.13333333333333,45.25,3.3,41.3,2022-05-04T03:18:00.0
KR_U280,Weekday,1,1,7.583333333333333,88.66666666666667,96.25,0.55,38.6,2022-05-06T00:33:00.0
KR_U280,Weekday,1,1,5.35,90.88333333333333,96.23333333333332,0.8,36.6,2022-05-12T00:48:00.0
KR_U280,Weekday,1,4,3.8833333333333333,97.35,101.23333333333333,1.0333333333333334,26.4,2022-05-18T01:02:00.0
KR_U280,Weekday,4,2,9.05,11.3,20.35,6.266666666666667,61.5,2022-05-24T06:16:00.0
KR_U280,Weekday,2,4,9.766666666666667,41.9,51.666666666666664,2.6166666666666667,66.29,2022-05-25T02:37:00.0
KR_U280,Weekday,4,4,6.816666666666666,17.316666666666666,24.133333333333333,6.283333333333333,46.2,2022-05-27T06:17:00.0
KR_U280,Weekday,4,4,7.05,17.383333333333333,24.433333333333334,6.416666666666667,48.2,2022-05-30T06:25:00.0
KR_U280,Weekday,4,2,7.283333333333333,37.016666666666666,44.3,6.85,49.0,2022-05-31T06:51:00.0
KR_U280,Weekday,2,4,7.033333333333333,44.21666666666666,51.24999999999999,3.15,48.1,2022-06-02T03:09:00.0
KR_U280,Weekday,4,4,6.25,18.116666666666667,24.366666666666667,6.4,42.7,2022-06-06T06:24:00.0
KR_U280,Weekday,4,3,7.333333333333333,15.733333333333334,23.066666666666666,6.766666666666667,49.4,2022-06-07T06:46:00.0
KR_U280,Weekday,3,3,6.966666666666667,15.533333333333331,22.5,5.833333333333333,47.6,2022-06-08T05:50:00.0
KR_U280,Weekday,3,3,7.333333333333333,18.15,25.48333333333333,4.333333333333333,50.2,2022-06-09T04:20:00.0
KR_U280,Weekday,3,1,7.716666666666667,59.78333333333334,67.5,5.816666666666666,52.5,2022-06-10T05:49:00.0
KR_U280,Weekday,1,2,6.916666666666667,19.416666666666668,26.333333333333336,1.3166666666666667,47.5,2022-06-15T01:19:00.0
KR_U280,Weekday,2,1,6.0,87.14999999999999,93.14999999999999,3.65,41.0,2022-06-16T03:39:00.0
KR_U280,Weekday,1,1,8.866666666666667,38.71666666666667,47.583333333333336,0.8,60.4,2022-06-22T00:48:00.0
KR_U280,Weekday,1,1,7.016666666666667,41.21666666666667,48.233333333333334,0.38333333333333336,47.6,2022-06-24T00:23:00.0
KR_U280,Weekday,1,2,1.5833333333333333,25.583333333333336,27.166666666666668,0.6166666666666667,10.5,2022-06-28T00:37:00.0
KR_U280,Weekday,2,1,10.383333333333333,10.850000000000001,21.233333333333334,3.783333333333333,64.9,2022-06-29T03:47:00.0
KR_U280,Weekday,1,2,6.666666666666667,139.35,146.01666666666665,1.0166666666666666,32.0,2022-06-30T01:01:00.0
KR_U280,Weekday,2,2,10.133333333333333,14.450000000000001,24.583333333333336,3.033333333333333,59.9,2022-07-08T03:02:00.0
KR_U280,Weekday,2,3,8.816666666666666,41.23333333333333,50.05,3.6166666666666667,2.4,2022-07-11T03:37:00.0
KR_U280,Weekday,3,3,5.983333333333333,17.8,23.783333333333335,5.666666666666667,40.1,2022-07-13T05:40:00.0
KR_U280,Weekday,3,3,8.466666666666667,16.066666666666666,24.53333333333333,5.45,43.8,2022-07-14T05:27:00.0
KR_U280,Weekday,3,3,8.883333333333333,13.916666666666666,22.799999999999997,5.983333333333333,46.89,2022-07-15T05:59:00.0
KR_U280,Weekday,4,2,9.383333333333333,58.9,68.28333333333333,6.583333333333333,50.4,2022-07-18T06:35:00.0
KR_U280,Weekday,2,4,8.183333333333334,91.61666666666667,99.80000000000001,2.8666666666666667,42.0,2022-07-21T02:52:00.0
KR_U280,Weekday,4,2,10.5,33.53333333333333,44.03333333333333,6.666666666666667,54.7,2022-07-27T06:40:00.0
KR_U280,Weekday,2,3,10.466666666666667,16.666666666666668,27.133333333333333,2.7,69.2,2022-07-29T02:42:00.0
KR_U280,Weekday,3,1,9.45,56.766666666666666,66.21666666666667,5.833333333333333,50.6,2022-08-01T05:50:00.0
KR_U280,Weekday,1,3,10.116666666666667,43.56666666666667,53.68333333333334,0.05,57.4,2022-08-04T00:03:00.0
KR_U280,Weekday,3,3,10.433333333333334,59.99999999999999,70.43333333333332,5.733333333333333,35.8,2022-08-08T05:44:00.0
KR_U280,Weekday,3,3,6.733333333333333,18.116666666666667,24.85,4.166666666666667,45.7,2022-08-11T04:10:00.0
KR_U280,Weekday,3,4,10.15,111.63333333333334,121.78333333333335,5.016666666666667,51.3,2022-08-12T05:01:00.0
KR_U280,Weekday,4,4,9.55,14.733333333333334,24.283333333333335,6.8,58.0,2022-08-19T06:48:00.0
KR_U280,Weekday,4,1,3.816666666666667,38.583333333333336,42.400000000000006,7.083333333333333,26.2,2022-08-22T07:05:00.0
KR_U280,Weekday,1,4,8.333333333333334,44.53333333333334,52.866666666666674,1.4833333333333334,43.5,2022-08-24T01:29:00.0
KR_U280,Weekday,4,4,9.4,14.95,24.35,6.35,58.3,2022-08-26T06:21:00.0
KR_U280,Weekday,4,2,10.466666666666667,9.666666666666666,20.133333333333333,6.7,26.8,2022-08-29T06:42:00.0
KR_U280,Weekday,2,4,8.5,187.08333333333331,195.58333333333331,2.8333333333333335,44.29,2022-08-30T02:50:00.0
KR_U280,Weekday,4,1,9.2,9.799999999999999,19.0,6.416666666666667,62.4,2022-09-09T06:25:00.0
KR_U280,Weekday,1,3,1.5666666666666667,1.1666666666666667,2.7333333333333334,1.4166666666666667,10.79,2022-09-12T01:25:00.0
KR_U280,Weekday,12,1,10.116666666666667,39.7,49.81666666666667,23.05,52.2,2022-09-26T23:03:00.0
KR_U283,Weekend,10,8,3.8,39.56666666666667,43.36666666666667,18.783333333333335,26.2,2021-10-03T18:47:00.0
KR_U283,Weekend,8,7,3.35,44.45,47.800000000000004,14.15,22.9,2021-10-10T14:09:00.0
KR_U283,Weekend,7,9,3.3833333333333333,48.3,51.68333333333333,13.95,23.8,2021-10-17T13:57:00.0
KR_U283,Weekend,9,7,3.966666666666667,14.666666666666668,18.633333333333333,17.633333333333333,27.5,2021-10-24T17:38:00.0
KR_U283,Weekend,7,5,2.3833333333333333,17.96666666666667,20.35,12.266666666666667,16.4,2021-10-30T12:16:00.0
KR_U283,Weekend,5,10,1.0833333333333333,32.55,33.63333333333333,8.616666666666667,7.6,2021-10-31T08:37:00.0
KR_U283,Weekend,10,8,3.433333333333333,40.9,44.33333333333333,18.25,23.9,2021-11-06T18:15:00.0
KR_U283,Weekend,8,7,3.2,18.566666666666666,21.766666666666666,14.583333333333334,22.4,2021-11-13T14:35:00.0
KR_U283,Weekend,7,8,2.1166666666666667,96.68333333333334,98.8,12.35,14.5,2021-11-14T12:21:00.0
KR_U283,Weekend,8,10,3.5833333333333335,47.31666666666666,50.9,15.15,24.9,2021-11-28T15:09:00.0
KR_U283,Weekend,10,6,5.133333333333334,108.58333333333333,113.71666666666667,18.05,35.9,2021-12-05T18:03:00.0
KR_U283,Weekend,6,6,3.1,44.56666666666666,47.666666666666664,11.766666666666667,21.3,2021-12-25T11:46:00.0
KR_U283,Weekend,6,7,5.55,19.75,25.3,11.433333333333334,38.9,2022-01-01T11:26:00.0
KR_U283,Weekend,7,9,2.5,25.21666666666667,27.71666666666667,12.733333333333333,17.4,2022-01-02T12:44:00.0
KR_U283,Weekend,9,5,1.7,13.85,15.549999999999999,16.45,11.9,2022-01-08T16:27:00.0
KR_U283,Weekend,5,7,6.75,47.18333333333334,53.93333333333334,8.0,45.3,2022-01-09T08:00:00.0
KR_U283,Weekend,7,8,3.933333333333333,21.71666666666667,25.650000000000002,13.933333333333334,27.1,2022-01-16T13:56:00.0
KR_U283,Weekend,8,4,3.95,84.13333333333334,88.08333333333334,15.583333333333334,25.7,2022-01-22T15:35:00.0
KR_U283,Weekend,4,8,2.716666666666667,3.65,6.366666666666667,7.666666666666667,18.1,2022-02-05T07:40:00.0
KR_U283,Weekend,8,12,2.0,30.0,32.0,14.033333333333333,11.9,2022-02-05T14:02:00.0
KR_U283,Weekend,12,7,5.383333333333334,12.283333333333333,17.666666666666668,22.033333333333335,36.1,2022-02-06T22:02:00.0
KR_U283,Weekend,7,8,4.383333333333334,47.2,51.583333333333336,12.283333333333333,28.6,2022-02-12T12:17:00.0
KR_U283,Weekend,8,7,7.683333333333334,37.25,44.93333333333334,15.866666666666667,51.7,2022-02-19T15:52:00.0
KR_U283,Weekend,7,8,4.666666666666667,45.233333333333334,49.9,12.8,30.9,2022-02-26T12:48:00.0
KR_U283,Weekend,8,9,3.15,46.18333333333334,49.333333333333336,14.7,21.8,2022-03-05T14:42:00.0
KR_U283,Weekend,9,8,5.3,41.93333333333334,47.233333333333334,16.033333333333335,36.8,2022-03-12T16:02:00.0
KR_U283,Weekend,8,5,7.416666666666667,34.0,41.416666666666664,15.266666666666667,49.8,2022-03-19T15:16:00.0
KR_U283,Weekend,5,8,0.8,5.616666666666666,6.416666666666666,8.683333333333334,5.5,2022-03-26T08:41:00.0
KR_U283,Weekend,8,8,7.133333333333334,16.016666666666666,23.15,15.1,48.0,2022-03-26T15:06:00.0
KR_U283,Weekend,8,8,1.7166666666666666,22.833333333333336,24.55,14.25,11.8,2022-03-27T14:15:00.0
KR_U283,Weekend,8,7,3.2333333333333334,65.96666666666667,69.2,14.8,22.5,2022-04-02T14:48:00.0
KR_U283,Weekend,7,9,1.8666666666666667,27.03333333333333,28.9,12.0,13.1,2022-04-10T12:00:00.0
KR_U283,Weekend,9,5,4.966666666666667,35.166666666666664,40.13333333333333,16.9,34.4,2022-04-16T16:54:00.0
KR_U283,Weekend,5,6,0.9666666666666667,1.5166666666666666,2.4833333333333334,9.033333333333333,6.7,2022-04-23T09:02:00.0
KR_U283,Weekend,6,5,0.7833333333333333,44.53333333333334,45.31666666666667,11.516666666666667,5.5,2022-04-23T11:31:00.0
KR_U283,Weekend,5,5,2.3833333333333333,70.75,73.13333333333334,8.833333333333334,16.6,2022-04-30T08:50:00.0
KR_U283,Weekend,5,10,1.7833333333333334,30.316666666666666,32.1,9.966666666666667,12.3,2022-05-08T09:58:00.0
KR_U283,Weekend,10,9,3.6333333333333333,91.91666666666666,95.55,18.066666666666666,25.0,2022-05-14T18:04:00.0
KR_U283,Weekend,9,10,4.633333333333334,140.86666666666667,145.5,17.616666666666667,32.0,2022-05-28T17:37:00.0
KR_U283,Weekend,10,7,4.433333333333334,62.300000000000004,66.73333333333333,19.116666666666667,30.5,2022-06-18T19:07:00.0
KR_U283,Weekend,7,5,2.9833333333333334,15.716666666666669,18.700000000000003,13.85,20.2,2022-06-26T13:51:00.0
KR_U283,Weekend,5,10,3.3,7.783333333333333,11.083333333333332,8.55,22.6,2022-07-02T08:33:00.0
KR_U283,Weekend,10,10,4.083333333333333,44.06666666666667,48.150000000000006,19.633333333333333,28.1,2022-07-02T19:38:00.0
KR_U283,Weekend,10,10,4.383333333333334,18.833333333333332,23.216666666666665,19.783333333333335,29.9,2022-07-09T19:47:00.0
KR_U283,Weekend,10,11,6.183333333333334,20.7,26.883333333333333,19.0,40.3,2022-07-10T19:00:00.0
KR_U283,Weekend,11,5,5.716666666666667,150.39999999999998,156.11666666666665,20.7,39.2,2022-07-16T20:42:00.0
KR_U283,Weekend,5,5,10.35,37.68333333333333,48.03333333333333,8.816666666666666,9.2,2022-08-07T08:49:00.0
KR_U283,Weekend,5,6,1.95,0.25,2.2,8.85,13.09,2022-08-14T08:51:00.0
KR_U283,Weekend,6,6,9.316666666666666,15.549999999999999,24.866666666666667,11.05,2.0,2022-08-14T11:03:00.0
KR_U283,Weekend,6,9,1.9166666666666667,3.6333333333333333,5.55,11.916666666666666,13.19,2022-08-20T11:55:00.0
KR_U283,Weekend,9,6,5.833333333333333,59.38333333333334,65.21666666666667,17.466666666666665,39.8,2022-08-20T17:28:00.0
KR_U283,Weekend,6,8,1.65,2.783333333333333,4.433333333333334,10.683333333333334,11.4,2022-08-28T10:41:00.0
KR_U283,Weekend,8,4,1.3666666666666667,39.2,40.56666666666667,15.116666666666667,9.3,2022-08-28T15:07:00.0
KR_U283,Weekend,4,10,3.1166666666666667,32.65,35.766666666666666,7.683333333333334,21.4,2022-09-04T07:41:00.0
KR_U283,Weekend,10,5,10.716666666666667,26.216666666666665,36.93333333333333,19.45,5.0,2022-09-10T19:27:00.0
KR_U283,Weekend,5,7,2.566666666666667,25.21666666666667,27.783333333333335,8.383333333333333,17.4,2022-09-17T08:23:00.0
KR_U283,Weekend,7,5,10.366666666666667,11.416666666666666,21.78333333333333,12.166666666666666,9.0,2022-09-18T12:10:00.0
KR_U283,Weekend,5,7,2.0166666666666666,1.4,3.4166666666666665,9.95,14.0,2022-09-24T09:57:00.0
KR_U283,Weekend,7,7,2.683333333333333,20.266666666666666,22.95,13.366666666666667,18.4,2022-09-24T13:22:00.0
KR_U283,Weekday,10,10,2.5833333333333335,118.58333333333334,121.16666666666667,18.233333333333334,17.7,2021-10-01T18:14:00.0
KR_U283,Weekday,10,10,2.683333333333333,236.05,238.73333333333335,19.4,18.5,2021-10-08T19:24:00.0
KR_U283,Weekday,10,10,4.466666666666667,92.71666666666667,97.18333333333334,18.133333333333333,31.1,2021-10-22T18:08:00.0
KR_U283,Weekday,10,11,2.75,191.28333333333333,194.03333333333333,19.316666666666666,19.0,2021-10-28T19:19:00.0
KR_U283,Weekday,11,10,1.1,43.650000000000006,44.75000000000001,21.35,7.7,2021-11-09T21:21:00.0
KR_U283,Weekday,10,12,0.65,147.5,148.15,18.1,4.6,2021-11-11T18:06:00.0
KR_U283,Weekday,12,10,4.0,66.98333333333333,70.98333333333333,22.25,27.9,2021-11-19T22:15:00.0
KR_U283,Weekday,10,12,3.283333333333333,0.11666666666666667,3.4,18.983333333333334,23.2,2021-11-24T18:59:00.0
KR_U283,Weekday,12,11,1.3833333333333333,45.2,46.583333333333336,22.383333333333333,9.5,2021-11-24T22:23:00.0
KR_U283,Weekday,11,10,4.266666666666667,91.71666666666667,95.98333333333333,20.966666666666665,29.5,2021-11-26T20:58:00.0
KR_U283,Weekday,10,11,3.6333333333333333,21.216666666666665,24.849999999999998,19.716666666666665,25.1,2021-12-02T19:43:00.0
KR_U283,Weekday,11,10,3.9166666666666665,114.26666666666667,118.18333333333334,20.566666666666666,27.5,2021-12-03T20:34:00.0
KR_U283,Weekday,10,10,0.3,0.15,0.44999999999999996,18.266666666666666,2.1,2021-12-10T18:16:00.0
KR_U283,Weekday,10,10,3.683333333333333,20.75,24.433333333333334,18.716666666666665,25.6,2021-12-10T18:43:00.0
KR_U283,Weekday,10,10,4.383333333333334,139.73333333333335,144.11666666666667,19.15,30.6,2021-12-13T19:09:00.0
KR_U283,Weekday,10,12,2.7666666666666666,0.1,2.8666666666666667,19.266666666666666,19.2,2021-12-21T19:16:00.0
KR_U283,Weekday,12,10,0.48333333333333334,139.39999999999998,139.8833333333333,22.133333333333333,3.3,2021-12-21T22:08:00.0
KR_U283,Weekday,10,10,5.216666666666667,163.04999999999998,168.26666666666665,18.016666666666666,36.4,2021-12-29T18:01:00.0
KR_U283,Weekday,10,10,6.483333333333333,114.43333333333334,120.91666666666667,18.283333333333335,43.2,2022-01-07T18:17:00.0
KR_U283,Weekday,10,10,4.716666666666667,91.58333333333333,96.3,18.433333333333334,31.0,2022-01-14T18:26:00.0
KR_U283,Weekday,10,10,4.733333333333333,43.400000000000006,48.13333333333334,18.733333333333334,31.1,2022-01-20T18:44:00.0
KR_U283,Weekday,10,9,5.05,113.76666666666667,118.81666666666666,18.866666666666667,33.6,2022-01-24T18:52:00.0
KR_U283,Weekday,9,6,6.233333333333333,34.68333333333333,40.916666666666664,17.683333333333334,42.0,2022-01-31T17:41:00.0
KR_U283,Weekday,10,10,5.866666666666666,42.65,48.516666666666666,18.866666666666667,39.1,2022-03-04T18:52:00.0
KR_U283,Weekday,10,10,0.5833333333333334,0.65,1.2333333333333334,18.066666666666666,4.0,2022-04-01T18:04:00.0
KR_U283,Weekday,10,8,3.816666666666667,88.3,92.11666666666666,19.3,24.2,2022-04-01T19:18:00.0
KR_U283,Weekday,8,4,3.9166666666666665,11.833333333333334,15.75,15.416666666666666,27.3,2022-04-07T15:25:00.0
KR_U283,Weekday,4,11,2.033333333333333,11.2,13.233333333333333,7.166666666666667,12.3,2022-04-08T07:10:00.0
KR_U283,Weekday,11,12,3.1333333333333333,166.95,170.08333333333331,20.4,21.8,2022-04-08T20:24:00.0
KR_U283,Weekday,11,6,5.716666666666667,8.433333333333334,14.15,20.833333333333332,39.9,2022-05-04T20:50:00.0
KR_U283,Weekday,11,10,4.75,112.13333333333333,116.88333333333333,21.5,33.2,2022-05-19T21:30:00.0
KR_U283,Weekday,10,12,2.95,74.16666666666667,77.11666666666667,18.383333333333333,20.2,2022-05-26T18:23:00.0
KR_U283,Weekday,12,10,3.3833333333333333,39.71666666666667,43.1,23.5,23.6,2022-05-31T23:30:00.0
KR_U283,Weekday,10,10,3.6333333333333333,139.76666666666665,143.39999999999998,18.6,25.0,2022-06-02T18:36:00.0
KR_U283,Weekday,10,10,4.65,68.91666666666667,73.56666666666668,18.0,32.2,2022-06-10T18:00:00.0
KR_U283,Weekday,10,11,5.816666666666666,92.23333333333335,98.05000000000001,19.566666666666666,40.4,2022-06-15T19:34:00.0
KR_U283,Weekday,11,12,2.5833333333333335,71.69999999999999,74.28333333333332,21.616666666666667,17.7,2022-06-21T21:37:00.0
KR_U283,Weekday,12,10,2.0,234.48333333333335,236.48333333333335,23.9,13.8,2022-06-24T23:54:00.0
KR_U283,Weekday,10,10,4.55,234.98333333333335,239.53333333333336,18.483333333333334,30.9,2022-07-08T18:29:00.0
KR_U283,Weekday,10,10,5.166666666666667,114.93333333333334,120.10000000000001,18.016666666666666,35.2,2022-07-22T18:01:00.0
KR_U283,Weekday,10,10,6.116666666666666,90.25,96.36666666666666,18.116666666666667,41.7,2022-07-29T18:07:00.0
KR_U283,Weekday,10,7,4.4,135.28333333333333,139.68333333333334,18.25,29.5,2022-08-04T18:15:00.0
KR_U283,Weekday,7,10,2.7666666666666666,49.56666666666666,52.33333333333333,13.933333333333334,18.6,2022-08-12T13:56:00.0
KR_U283,Weekday,10,5,3.15,130.95,134.1,18.083333333333332,21.6,2022-09-02T18:05:00.0
KR_U283,Weekday,5,10,1.6333333333333333,201.88333333333333,203.51666666666665,8.183333333333334,11.09,2022-09-12T08:11:00.0
KR_U187,Weekend,12,12,5.483333333333333,42.95,48.43333333333334,23.2,37.9,2022-03-12T23:12:00.0
KR_U187,Weekend,12,12,7.4,16.066666666666666,23.46666666666667,23.633333333333333,49.3,2022-03-19T23:38:00.0
KR_U187,Weekend,12,1,6.666666666666667,24.416666666666668,31.083333333333336,23.1,44.0,2022-03-20T23:06:00.0
KR_U187,Weekend,1,12,6.983333333333333,63.68333333333334,70.66666666666667,0.4166666666666667,46.0,2022-03-27T00:25:00.0
KR_U187,Weekend,12,12,6.05,47.4,53.449999999999996,23.083333333333332,39.4,2022-04-03T23:05:00.0
KR_U187,Weekend,12,12,4.3,23.3,27.6,23.4,30.7,2022-04-10T23:24:00.0
KR_U187,Weekend,12,12,5.866666666666666,42.08333333333333,47.949999999999996,23.3,38.6,2022-04-16T23:18:00.0
KR_U187,Weekend,12,12,5.8,18.016666666666666,23.816666666666666,23.25,40.4,2022-04-23T23:15:00.0
KR_U187,Weekend,12,12,5.616666666666666,95.66666666666667,101.28333333333333,23.066666666666666,39.5,2022-04-24T23:04:00.0
KR_U187,Weekend,12,1,6.116666666666666,24.733333333333334,30.85,23.666666666666668,41.9,2022-05-08T23:40:00.0
KR_U187,Weekend,1,12,5.366666666666666,17.6,22.96666666666667,0.7333333333333333,38.1,2022-05-15T00:44:00.0
KR_U187,Weekend,12,1,5.183333333333334,25.733333333333334,30.916666666666668,23.7,35.3,2022-05-15T23:42:00.0
KR_U187,Weekend,1,12,6.0,39.266666666666666,45.266666666666666,1.7333333333333334,42.4,2022-05-22T01:44:00.0
KR_U187,Weekend,12,12,5.516666666666667,42.81666666666666,48.33333333333333,23.0,38.9,2022-05-28T23:00:00.0
KR_U187,Weekend,12,12,4.983333333333333,18.833333333333332,23.816666666666666,23.333333333333332,35.6,2022-06-04T23:20:00.0
KR_U187,Weekend,12,12,6.183333333333334,23.366666666666667,29.55,23.15,43.6,2022-06-05T23:09:00.0
KR_U187,Weekend,12,12,5.716666666666667,42.46666666666667,48.18333333333334,23.366666666666667,40.6,2022-06-11T23:22:00.0
KR_U187,Weekend,12,12,4.8,42.8,47.599999999999994,23.55,34.1,2022-06-18T23:33:00.0
KR_U187,Weekend,12,12,10.016666666666667,13.983333333333333,24.0,23.15,33.6,2022-06-25T23:09:00.0
KR_U187,Weekend,12,1,10.016666666666667,24.4,34.416666666666664,23.15,36.1,2022-06-26T23:09:00.0
KR_U187,Weekend,1,2,5.383333333333334,20.299999999999997,25.68333333333333,0.4,38.2,2022-07-03T00:24:00.0
KR_U187,Weekend,2,12,1.1833333333333333,116.46666666666667,117.65,2.0833333333333335,8.3,2022-07-09T02:05:00.0
KR_U187,Weekend,12,12,10.433333333333334,108.96666666666667,119.4,23.733333333333334,46.3,2022-07-23T23:44:00.0
KR_U187,Weekend,12,12,10.033333333333333,23.516666666666666,33.55,23.133333333333333,44.1,2022-08-07T23:08:00.0
KR_U187,Weekend,12,12,6.133333333333334,114.08333333333333,120.21666666666667,23.516666666666666,42.1,2022-08-13T23:31:00.0
KR_U187,Weekday,12,1,5.416666666666667,19.099999999999998,24.516666666666666,23.566666666666666,36.6,2022-03-10T23:34:00.0
KR_U187,Weekday,1,12,5.883333333333334,17.216666666666665,23.099999999999998,0.08333333333333333,41.0,2022-03-14T00:05:00.0
KR_U187,Weekday,12,12,6.3,138.01666666666665,144.31666666666666,23.183333333333334,42.7,2022-03-14T23:11:00.0
KR_U187,Weekday,12,12,6.8,16.916666666666668,23.71666666666667,23.5,45.3,2022-03-22T23:30:00.0
KR_U187,Weekday,12,12,5.833333333333333,18.066666666666666,23.9,23.216666666666665,38.2,2022-03-23T23:13:00.0
KR_U187,Weekday,12,12,6.483333333333333,42.099999999999994,48.58333333333333,23.116666666666667,43.2,2022-03-24T23:07:00.0
KR_U187,Weekday,12,12,5.966666666666667,41.4,47.36666666666667,23.7,39.1,2022-03-28T23:42:00.0
KR_U187,Weekday,12,12,5.766666666666667,18.783333333333335,24.55,23.066666666666666,40.2,2022-03-30T23:04:00.0
KR_U187,Weekday,12,12,6.0,41.66666666666667,47.66666666666667,23.616666666666667,39.9,2022-03-31T23:37:00.0
KR_U187,Weekday,12,12,6.033333333333333,41.78333333333333,47.81666666666666,23.283333333333335,39.2,2022-04-04T23:17:00.0
KR_U187,Weekday,12,12,5.266666666666667,18.733333333333334,24.0,23.1,36.1,2022-04-06T23:06:00.0
KR_U187,Weekday,12,12,6.3,42.11666666666667,48.416666666666664,23.1,42.1,2022-04-07T23:06:00.0
KR_U187,Weekday,12,12,5.633333333333334,18.25,23.883333333333333,23.516666666666666,39.5,2022-04-11T23:31:00.0
KR_U187,Weekday,12,12,5.616666666666666,18.033333333333335,23.650000000000002,23.4,39.1,2022-04-12T23:24:00.0
KR_U187,Weekday,12,12,6.133333333333334,42.21666666666667,48.35,23.05,41.6,2022-04-13T23:03:00.0
KR_U187,Weekday,12,12,5.416666666666667,23.116666666666667,28.533333333333335,23.4,35.6,2022-04-15T23:24:00.0
KR_U187,Weekday,12,12,5.733333333333333,18.383333333333333,24.116666666666667,23.116666666666667,37.2,2022-04-18T23:07:00.0
KR_U187,Weekday,12,12,4.55,19.9,24.45,23.233333333333334,31.5,2022-04-19T23:14:00.0
KR_U187,Weekday,12,12,4.066666666666666,67.95,72.01666666666667,23.683333333333334,28.6,2022-04-20T23:41:00.0
KR_U187,Weekday,12,12,6.166666666666667,41.68333333333334,47.85,23.7,43.5,2022-04-25T23:42:00.0
KR_U187,Weekday,12,12,4.433333333333334,19.133333333333333,23.566666666666666,23.55,31.0,2022-04-27T23:33:00.0
KR_U187,Weekday,12,12,4.9,43.266666666666666,48.166666666666664,23.116666666666667,34.3,2022-04-28T23:07:00.0
KR_U187,Weekday,12,12,4.816666666666666,19.633333333333333,24.45,23.283333333333335,33.2,2022-05-02T23:17:00.0
KR_U187,Weekday,12,12,4.666666666666667,43.083333333333336,47.75,23.733333333333334,30.1,2022-05-03T23:44:00.0
KR_U187,Weekday,12,12,5.416666666666667,66.2,71.61666666666667,23.483333333333334,37.9,2022-05-05T23:29:00.0
KR_U187,Weekday,12,1,4.016666666666667,93.31666666666666,97.33333333333333,23.1,27.8,2022-05-10T23:06:00.0
KR_U187,Weekday,1,12,4.75,41.96666666666667,46.71666666666667,0.43333333333333335,33.0,2022-05-17T00:26:00.0
KR_U187,Weekday,12,12,3.966666666666667,67.93333333333334,71.9,23.15,27.5,2022-05-18T23:09:00.0
KR_U187,Weekday,12,12,4.833333333333333,43.16666666666667,48.00000000000001,23.05,34.2,2022-05-23T23:03:00.0
KR_U187,Weekday,12,12,4.783333333333333,44.05,48.83333333333333,23.05,33.6,2022-05-25T23:03:00.0
KR_U187,Weekday,12,12,5.066666666666666,47.56666666666666,52.633333333333326,23.883333333333333,35.6,2022-05-27T23:53:00.0
KR_U187,Weekday,12,12,5.066666666666666,18.466666666666665,23.53333333333333,23.566666666666666,34.5,2022-05-31T23:34:00.0
KR_U187,Weekday,12,12,0.16666666666666666,0.03333333333333333,0.19999999999999998,23.1,1.1,2022-06-01T23:06:00.0
KR_U187,Weekday,12,12,5.116666666666666,66.73333333333332,71.84999999999998,23.3,36.0,2022-06-01T23:18:00.0
KR_U187,Weekday,12,12,5.216666666666667,162.71666666666667,167.93333333333334,23.15,36.7,2022-06-06T23:09:00.0
KR_U187,Weekday,12,12,4.116666666666666,20.116666666666667,24.233333333333334,23.083333333333332,28.8,2022-06-15T23:05:00.0
KR_U187,Weekday,12,12,4.8,91.03333333333333,95.83333333333333,23.316666666666666,34.1,2022-06-16T23:19:00.0
KR_U187,Weekday,12,1,10.016666666666667,87.66666666666667,97.68333333333334,23.15,35.1,2022-06-22T23:09:00.0
KR_U187,Weekday,1,12,5.066666666666666,41.61666666666667,46.68333333333334,0.8333333333333334,36.0,2022-06-29T00:50:00.0
KR_U187,Weekday,12,1,10.65,15.566666666666666,26.21666666666667,23.516666666666666,37.3,2022-06-30T23:31:00.0
KR_U187,Weekday,1,1,5.083333333333333,89.4,94.48333333333333,1.7333333333333334,36.0,2022-07-04T01:44:00.0
KR_U187,Weekday,1,12,10.95,180.5,191.45,0.21666666666666667,35.5,2022-07-08T00:13:00.0
KR_U187,Weekday,12,1,10.5,37.833333333333336,48.333333333333336,23.666666666666668,43.9,2022-07-19T23:40:00.0
KR_U187,Weekday,1,12,10.166666666666666,36.95,47.11666666666667,0.0,49.1,2022-07-22T00:00:00.0
KR_U187,Weekday,12,1,10.05,14.850000000000001,24.900000000000002,23.116666666666667,45.3,2022-07-25T23:07:00.0
KR_U187,Weekday,1,1,6.733333333333333,41.8,48.53333333333333,0.016666666666666666,46.7,2022-07-27T00:01:00.0
KR_U187,Weekday,1,12,6.866666666666666,39.55,46.416666666666664,0.55,48.5,2022-07-29T00:33:00.0
KR_U187,Weekday,12,1,10.2,39.150000000000006,49.35000000000001,22.966666666666665,44.9,2022-08-01T22:58:00.0
KR_U187,Weekday,1,12,6.25,64.63333333333334,70.88333333333334,0.31666666666666665,44.1,2022-08-04T00:19:00.0
KR_U187,Weekday,12,12,6.35,42.25,48.6,23.2,44.7,2022-08-08T23:12:00.0
KR_U187,Weekday,12,1,6.583333333333333,41.78333333333333,48.36666666666667,23.8,46.4,2022-08-10T23:48:00.0
KR_U187,Weekday,1,12,6.216666666666667,16.966666666666665,23.18333333333333,0.16666666666666666,42.9,2022-08-15T00:10:00.0
KR_U187,Weekday,12,12,6.216666666666667,17.583333333333332,23.799999999999997,23.35,42.9,2022-08-15T23:21:00.0
KR_U187,Weekday,12,12,10.016666666666667,110.15,120.16666666666667,23.15,41.6,2022-08-16T23:09:00.0
KR_U187,Weekday,12,1,6.45,114.53333333333333,120.98333333333333,23.316666666666666,44.5,2022-08-23T23:19:00.0
KR_U187,Weekday,1,1,6.216666666666667,17.583333333333336,23.800000000000004,0.3,43.2,2022-08-31T00:18:00.0
KR_U187,Weekday,1,12,6.083333333333333,209.05,215.13333333333335,0.1,42.3,2022-09-01T00:06:00.0
KR_U187,Weekday,12,1,6.916666666666667,114.3,121.21666666666667,23.233333333333334,47.6,2022-09-13T23:14:00.0
KR_U187,Weekday,1,1,6.5,18.71666666666667,25.21666666666667,0.45,45.7,2022-09-21T00:27:00.0
KR_U187,Weekday,1,1,5.7,17.4,23.099999999999998,1.6666666666666665,39.5,2022-09-22T01:40:00.0
KR_U187,Weekday,1,1,5.833333333333333,65.4,71.23333333333333,0.7666666666666667,40.3,2022-09-23T00:46:00.0
KR_U127,Weekend,6,8,2.2666666666666666,192.8,195.0666666666667,11.75,15.8,2022-08-07T11:45:00.0
KR_U127,Weekday,8,8,0.9,46.46666666666667,47.36666666666667,14.9,6.17,2021-10-01T14:54:00.0
KR_U127,Weekday,8,8,1.3666666666666667,71.21666666666667,72.58333333333333,14.266666666666667,9.51,2021-10-05T14:16:00.0
KR_U127,Weekday,8,9,0.8833333333333333,0.8,1.6833333333333333,14.85,6.24,2021-10-08T14:51:00.0
KR_U127,Weekday,9,8,0.8333333333333334,93.25,94.08333333333333,16.533333333333335,5.82,2021-10-08T16:32:00.0
KR_U127,Weekday,8,8,2.75,70.4,73.15,14.616666666666667,19.24,2021-10-14T14:37:00.0
KR_U127,Weekday,8,8,1.6166666666666667,94.60000000000001,96.21666666666667,15.766666666666667,10.23,2021-10-19T15:46:00.0
KR_U127,Weekday,8,8,1.8333333333333333,46.05,47.88333333333333,15.983333333333333,11.87,2021-10-25T15:59:00.0
KR_U127,Weekday,8,7,0.55,19.883333333333333,20.433333333333334,15.866666666666667,3.75,2021-10-27T15:52:00.0
KR_U127,Weekday,7,6,2.0833333333333335,67.75,69.83333333333333,12.3,13.85,2021-10-28T12:18:00.0
KR_U127,Weekday,6,8,1.6333333333333333,99.7,101.33333333333334,10.133333333333333,10.0,2021-11-02T10:08:00.0
KR_U127,Weekday,8,9,2.066666666666667,47.28333333333333,49.35,15.466666666666667,13.97,2021-11-08T15:28:00.0
KR_U127,Weekday,9,8,1.8833333333333333,68.81666666666666,70.7,16.816666666666666,12.52,2021-11-10T16:49:00.0
KR_U127,Weekday,8,9,1.9,71.55,73.45,15.516666666666667,11.68,2021-11-15T15:31:00.0
KR_U127,Weekday,9,7,1.2833333333333334,66.65,67.93333333333334,16.966666666666665,8.49,2021-11-18T16:58:00.0
KR_U127,Weekday,7,8,2.8,168.21666666666667,171.01666666666668,12.9,19.18,2021-11-23T12:54:00.0
KR_U127,Weekday,8,8,1.95,116.69999999999999,118.64999999999999,15.916666666666666,11.52,2021-12-02T15:55:00.0
KR_U127,Weekday,8,8,1.2166666666666666,23.55,24.766666666666666,14.566666666666666,7.79,2021-12-09T14:34:00.0
KR_U127,Weekday,8,8,2.433333333333333,68.68333333333334,71.11666666666667,15.333333333333334,13.47,2021-12-10T15:20:00.0
KR_U127,Weekday,8,7,2.8333333333333335,140.08333333333334,142.91666666666669,14.45,17.58,2021-12-15T14:27:00.0
KR_U127,Weekday,7,7,2.316666666666667,22.266666666666666,24.583333333333332,13.366666666666667,15.59,2021-12-23T13:22:00.0
KR_U127,Weekday,7,8,1.0,48.449999999999996,49.449999999999996,13.95,6.26,2021-12-24T13:57:00.0
KR_U127,Weekday,8,8,2.566666666666667,93.4,95.96666666666667,15.4,16.25,2021-12-28T15:24:00.0
KR_U127,Weekday,8,8,2.3,237.54999999999998,239.85,15.366666666666667,13.84,2022-01-03T15:22:00.0
KR_U127,Weekday,8,8,2.3833333333333333,45.483333333333334,47.86666666666667,15.216666666666667,13.91,2022-01-17T15:13:00.0
KR_U127,Weekday,8,7,1.8,68.76666666666667,70.56666666666666,15.083333333333334,11.01,2022-01-19T15:05:00.0
KR_U127,Weekday,7,9,3.1666666666666665,215.4,218.56666666666666,13.65,20.66,2022-01-24T13:39:00.0
KR_U127,Weekday,9,7,2.066666666666667,91.43333333333334,93.5,16.216666666666665,12.48,2022-02-04T16:13:00.0
KR_U127,Weekday,7,8,1.8666666666666667,22.883333333333333,24.75,13.716666666666667,9.38,2022-02-10T13:43:00.0
KR_U127,Weekday,8,8,0.2,0.8833333333333333,1.0833333333333333,14.466666666666667,1.36,2022-02-11T14:28:00.0
KR_U127,Weekday,8,9,0.2,24.766666666666666,24.966666666666665,15.55,1.35,2022-02-11T15:33:00.0
KR_U127,Weekday,9,7,3.0,208.86666666666667,211.86666666666667,16.516666666666666,20.77,2022-02-14T16:31:00.0
KR_U127,Weekday,7,9,1.4,75.18333333333334,76.58333333333334,12.383333333333333,6.31,2022-02-25T12:23:00.0
KR_U127,Weekday,9,8,2.3833333333333333,43.599999999999994,45.98333333333333,16.966666666666665,15.39,2022-03-02T16:58:00.0
KR_U127,Weekday,8,8,2.95,21.366666666666667,24.316666666666666,14.95,19.42,2022-03-04T14:57:00.0
KR_U127,Weekday,8,9,1.65,24.65,26.299999999999997,15.266666666666667,10.67,2022-03-07T15:16:00.0
KR_U127,Weekday,9,7,2.0,89.60000000000001,91.60000000000001,17.566666666666666,11.67,2022-03-08T17:34:00.0
KR_U127,Weekday,7,8,1.4,24.733333333333334,26.133333333333333,13.166666666666666,8.97,2022-03-14T13:10:00.0
KR_U127,Weekday,8,6,0.23333333333333334,91.53333333333333,91.76666666666667,15.3,1.18,2022-03-15T15:18:00.0
KR_U127,Weekday,6,8,0.31666666666666665,51.85,52.16666666666667,11.066666666666666,1.63,2022-03-21T11:04:00.0
KR_U127,Weekday,8,8,2.183333333333333,21.05,23.233333333333334,15.233333333333333,14.72,2022-03-23T15:14:00.0
KR_U127,Weekday,8,6,0.7166666666666667,42.83333333333333,43.55,14.466666666666667,4.62,2022-03-24T14:28:00.0
KR_U127,Weekday,6,6,0.6666666666666666,0.9833333333333333,1.65,10.016666666666667,4.59,2022-03-28T10:01:00.0
KR_U127,Weekday,6,8,1.5333333333333334,49.78333333333333,51.31666666666666,11.666666666666666,9.82,2022-03-28T11:40:00.0
KR_U127,Weekday,8,9,0.8333333333333334,24.46666666666667,25.3,14.983333333333333,5.54,2022-03-30T14:59:00.0
KR_U127,Weekday,9,6,1.95,64.2,66.15,16.283333333333335,11.05,2022-03-31T16:17:00.0
KR_U127,Weekday,6,8,0.31666666666666665,4.5,4.816666666666666,10.433333333333334,2.22,2022-04-05T10:26:00.0
KR_U127,Weekday,8,8,2.4166666666666665,94.13333333333333,96.55,15.25,14.83,2022-04-05T15:15:00.0
KR_U127,Weekday,8,6,0.4,66.43333333333334,66.83333333333334,15.8,2.75,2022-04-11T15:48:00.0
KR_U127,Weekday,6,9,0.2,6.433333333333334,6.633333333333334,10.633333333333333,1.31,2022-04-14T10:38:00.0
KR_U127,Weekday,9,9,1.7666666666666666,70.06666666666666,71.83333333333333,17.266666666666666,10.56,2022-04-14T17:16:00.0
KR_U127,Weekday,9,9,0.7833333333333333,70.38333333333333,71.16666666666666,17.1,5.02,2022-04-19T17:06:00.0
KR_U127,Weekday,9,8,1.4666666666666666,21.35,22.816666666666666,16.266666666666666,10.29,2022-04-22T16:16:00.0
KR_U127,Weekday,8,9,0.3,74.43333333333334,74.73333333333333,15.083333333333334,2.04,2022-04-25T15:05:00.0
KR_U127,Weekday,9,9,0.2,47.0,47.2,17.816666666666666,1.37,2022-04-28T17:49:00.0
KR_U127,Weekday,9,6,1.8166666666666667,88.58333333333334,90.4,17.016666666666666,12.73,2022-05-02T17:01:00.0
KR_U127,Weekday,6,8,0.9333333333333333,146.81666666666666,147.75,11.416666666666666,6.52,2022-05-06T11:25:00.0
KR_U127,Weekday,8,7,2.4166666666666665,18.5,20.916666666666668,15.166666666666666,16.53,2022-05-16T15:10:00.0
KR_U127,Weekday,7,7,1.4833333333333334,48.050000000000004,49.53333333333334,12.083333333333334,10.55,2022-05-17T12:05:00.0
KR_U127,Weekday,7,6,1.6,66.81666666666666,68.41666666666666,13.616666666666667,11.14,2022-05-19T13:37:00.0
KR_U127,Weekday,6,9,0.35,6.45,6.8,10.033333333333333,2.46,2022-05-24T10:02:00.0
KR_U127,Weekday,9,9,1.7333333333333334,22.35,24.083333333333336,16.833333333333332,11.9,2022-05-24T16:50:00.0
KR_U127,Weekday,9,9,1.4833333333333334,22.316666666666663,23.799999999999997,16.916666666666668,10.38,2022-05-25T16:55:00.0
KR_U127,Weekday,9,6,2.066666666666667,16.983333333333334,19.05,16.716666666666665,14.53,2022-05-26T16:43:00.0
KR_U127,Weekday,6,9,0.7,124.98333333333333,125.68333333333334,11.766666666666667,4.99,2022-05-27T11:46:00.0
KR_U127,Weekday,9,7,1.75,66.16666666666666,67.91666666666666,17.45,12.28,2022-06-03T17:27:00.0
KR_U127,Weekday,7,9,1.85,26.18333333333333,28.03333333333333,13.366666666666667,12.85,2022-06-08T13:22:00.0
KR_U127,Weekday,9,9,2.0,21.066666666666663,23.066666666666663,17.4,14.05,2022-06-09T17:24:00.0
KR_U127,Weekday,9,8,1.6,21.833333333333336,23.433333333333337,16.466666666666665,11.05,2022-06-10T16:28:00.0
KR_U127,Weekday,8,9,0.4,24.15,24.549999999999997,15.9,2.84,2022-06-13T15:54:00.0
KR_U127,Weekday,9,8,1.5166666666666666,21.46666666666667,22.983333333333334,16.45,10.53,2022-06-14T16:27:00.0
KR_U127,Weekday,8,8,1.5333333333333334,22.683333333333334,24.21666666666667,15.433333333333334,10.6,2022-06-15T15:26:00.0
KR_U127,Weekday,8,9,1.5,23.700000000000003,25.200000000000003,15.65,10.38,2022-06-16T15:39:00.0
KR_U127,Weekday,9,8,1.4833333333333334,44.516666666666666,46.0,16.85,10.36,2022-06-17T16:51:00.0
KR_U127,Weekday,8,9,1.7166666666666666,25.066666666666666,26.78333333333333,14.85,11.98,2022-06-21T14:51:00.0
KR_U127,Weekday,9,8,1.6166666666666667,43.333333333333336,44.95,17.633333333333333,11.22,2022-06-22T17:38:00.0
KR_U127,Weekday,8,9,0.3,26.71666666666667,27.01666666666667,14.583333333333334,2.09,2022-06-24T14:35:00.0
KR_U127,Weekday,9,9,1.3,46.68333333333334,47.983333333333334,17.6,9.02,2022-06-27T17:36:00.0
KR_U127,Weekday,9,9,1.7333333333333334,22.55,24.283333333333335,17.583333333333332,11.83,2022-06-29T17:35:00.0
KR_U127,Weekday,9,9,1.95,45.43333333333334,47.38333333333334,17.866666666666667,13.39,2022-06-30T17:52:00.0
KR_U127,Weekday,9,9,1.75,22.4,24.15,17.25,12.03,2022-07-04T17:15:00.0
KR_U127,Weekday,9,9,1.6833333333333333,21.6,23.283333333333335,17.4,11.49,2022-07-05T17:24:00.0
KR_U127,Weekday,9,9,1.8,21.616666666666667,23.416666666666668,16.683333333333334,12.49,2022-07-06T16:41:00.0
KR_U127,Weekday,9,8,1.3333333333333333,22.266666666666666,23.599999999999998,16.1,9.04,2022-07-07T16:06:00.0
KR_U127,Weekday,8,9,0.7166666666666667,24.78333333333333,25.499999999999996,15.7,5.0,2022-07-08T15:42:00.0
KR_U127,Weekday,9,8,1.95,20.433333333333334,22.383333333333333,17.2,13.31,2022-07-11T17:12:00.0
KR_U127,Weekday,8,8,1.6833333333333333,22.4,24.083333333333332,15.583333333333334,11.63,2022-07-12T15:35:00.0
KR_U127,Weekday,8,9,2.216666666666667,22.366666666666667,24.583333333333336,15.666666666666666,15.42,2022-07-13T15:40:00.0
KR_U127,Weekday,9,8,0.7666666666666667,94.78333333333333,95.55,16.25,5.24,2022-07-14T16:15:00.0
KR_U127,Weekday,8,7,2.3833333333333333,42.6,44.983333333333334,15.8,16.42,2022-07-20T15:48:00.0
KR_U127,Weekday,7,6,0.9833333333333333,45.3,46.28333333333333,12.783333333333333,6.84,2022-07-22T12:47:00.0
KR_U127,Weekday,6,9,0.6333333333333333,5.45,6.083333333333334,11.066666666666666,4.33,2022-07-26T11:04:00.0
KR_U127,Weekday,9,8,1.4166666666666667,67.9,69.31666666666668,17.15,9.78,2022-07-26T17:09:00.0
KR_U127,Weekday,8,9,0.8333333333333334,25.916666666666664,26.749999999999996,14.466666666666667,5.7,2022-07-29T14:28:00.0
KR_U127,Weekday,9,9,2.1666666666666665,21.816666666666666,23.983333333333334,17.216666666666665,15.11,2022-08-01T17:13:00.0
KR_U127,Weekday,9,9,1.85,46.86666666666667,48.71666666666667,17.2,12.77,2022-08-02T17:12:00.0
KR_U127,Weekday,9,9,1.85,93.73333333333333,95.58333333333333,17.916666666666668,12.78,2022-08-04T17:55:00.0
KR_U127,Weekday,9,9,1.95,21.766666666666666,23.716666666666665,17.5,13.37,2022-08-10T17:30:00.0
KR_U127,Weekday,9,9,1.6333333333333333,70.21666666666667,71.85000000000001,17.216666666666665,11.39,2022-08-11T17:13:00.0
KR_U127,Weekday,9,9,1.7166666666666666,22.9,24.616666666666664,17.066666666666666,11.83,2022-08-16T17:04:00.0
KR_U127,Weekday,9,8,1.6833333333333333,20.016666666666666,21.7,17.683333333333334,11.73,2022-08-17T17:41:00.0
KR_U127,Weekday,8,9,0.6333333333333333,1.0333333333333334,1.6666666666666667,15.383333333333333,4.32,2022-08-18T15:23:00.0
KR_U127,Weekday,9,9,1.2833333333333334,45.85,47.13333333333333,17.05,8.98,2022-08-18T17:03:00.0
KR_U127,Weekday,9,8,0.6333333333333333,47.083333333333336,47.71666666666667,16.183333333333334,4.42,2022-08-22T16:11:00.0
KR_U127,Weekday,8,6,1.3666666666666667,41.91666666666667,43.28333333333334,15.9,9.63,2022-08-24T15:54:00.0
KR_U127,Weekday,6,9,1.2333333333333334,29.366666666666667,30.6,11.183333333333334,8.56,2022-08-26T11:11:00.0
KR_U127,Weekday,9,8,1.6666666666666667,44.1,45.766666666666666,17.783333333333335,11.61,2022-08-29T17:47:00.0
KR_U127,Weekday,8,9,2.1166666666666667,95.89999999999999,98.01666666666665,15.55,14.63,2022-08-31T15:33:00.0
KR_U127,Weekday,9,8,1.8,20.316666666666666,22.116666666666667,17.566666666666666,12.65,2022-09-06T17:34:00.0
KR_U127,Weekday,8,8,1.7666666666666666,22.516666666666666,24.28333333333333,15.683333333333334,12.38,2022-09-07T15:41:00.0
KR_U127,Weekday,8,9,0.4666666666666667,96.68333333333334,97.15,15.966666666666667,3.14,2022-09-08T15:58:00.0
KR_U127,Weekday,9,8,1.7833333333333334,45.083333333333336,46.86666666666667,17.116666666666667,12.47,2022-09-14T17:07:00.0
KR_U127,Weekday,8,8,0.7666666666666667,21.96666666666667,22.733333333333334,15.983333333333333,5.37,2022-09-16T15:59:00.0
KR_U127,Weekday,8,8,1.7333333333333334,69.61666666666666,71.35,14.716666666666667,12.15,2022-09-19T14:43:00.0
KR_U127,Weekday,8,7,1.65,21.116666666666667,22.766666666666666,14.066666666666666,11.46,2022-09-22T14:04:00.0
KR_U127,Weekday,7,9,1.3333333333333333,26.53333333333333,27.866666666666664,12.833333333333334,9.36,2022-09-23T12:50:00.0
KR_U127,Weekday,9,8,1.55,68.98333333333333,70.53333333333333,16.7,10.8,2022-09-26T16:42:00.0
KR_U127,Weekday,8,9,0.21666666666666667,25.45,25.666666666666664,15.233333333333333,1.53,2022-09-29T15:14:00.0
KR_U434,Weekday,5,5,2.066666666666667,45.8,47.86666666666667,9.9,14.28,2021-10-06T09:54:00.0
KR_U434,Weekday,5,9,2.8666666666666667,4.15,7.0166666666666675,9.766666666666667,20.04,2021-10-08T09:46:00.0
KR_U434,Weekday,9,5,1.25,63.483333333333334,64.73333333333333,16.783333333333335,8.65,2021-10-08T16:47:00.0
KR_U434,Weekday,5,10,2.1666666666666665,6.333333333333333,8.5,9.516666666666667,14.8,2021-10-13T09:31:00.0
KR_U434,Weekday,10,10,0.5,24.05,24.55,18.016666666666666,3.45,2021-10-13T18:01:00.0
KR_U434,Weekday,10,10,2.1,45.516666666666666,47.61666666666667,18.566666666666666,14.54,2021-10-14T18:34:00.0
KR_U434,Weekday,10,9,1.2833333333333334,22.333333333333336,23.61666666666667,18.183333333333334,8.89,2021-10-18T18:11:00.0
KR_U434,Weekday,9,9,1.5,69.45,70.95,17.8,10.46,2021-10-19T17:48:00.0
KR_U434,Weekday,9,10,0.75,24.616666666666667,25.366666666666667,16.75,4.34,2021-10-22T16:45:00.0
KR_U434,Weekday,10,10,1.8333333333333333,22.133333333333333,23.966666666666665,18.116666666666667,12.56,2021-10-25T18:07:00.0
KR_U434,Weekday,10,9,1.85,20.766666666666666,22.616666666666667,18.083333333333332,12.7,2021-10-26T18:05:00.0
KR_U434,Weekday,9,9,2.8666666666666667,70.18333333333334,73.05,16.7,19.84,2021-10-27T16:42:00.0
KR_U434,Weekday,9,10,1.8833333333333333,46.63333333333333,48.516666666666666,17.75,13.13,2021-11-01T17:45:00.0
KR_U434,Weekday,10,9,1.7333333333333334,21.816666666666666,23.55,18.266666666666666,10.9,2021-11-03T18:16:00.0
KR_U434,Weekday,9,9,1.8333333333333333,93.26666666666667,95.1,17.816666666666666,12.77,2021-11-04T17:49:00.0
KR_U434,Weekday,9,9,3.183333333333333,21.216666666666665,24.4,16.916666666666668,20.48,2021-11-10T16:55:00.0
KR_U434,Weekday,9,10,0.4166666666666667,96.61666666666667,97.03333333333335,17.316666666666666,2.88,2021-11-11T17:19:00.0
KR_U434,Weekday,10,9,2.45,20.316666666666666,22.766666666666666,18.35,14.39,2021-11-17T18:21:00.0
KR_U434,Weekday,9,9,0.4666666666666667,46.96666666666667,47.43333333333334,17.116666666666667,3.27,2021-11-18T17:07:00.0
KR_U434,Weekday,9,6,2.7333333333333334,38.78333333333333,41.516666666666666,16.55,18.33,2021-11-22T16:33:00.0
KR_U434,Weekday,6,9,1.9666666666666666,29.43333333333333,31.399999999999995,10.066666666666666,12.82,2021-11-24T10:04:00.0
KR_U434,Weekday,9,8,1.6,68.91666666666667,70.51666666666667,17.466666666666665,9.86,2021-11-25T17:28:00.0
KR_U434,Weekday,8,9,2.5833333333333335,46.85,49.43333333333334,15.983333333333333,16.31,2021-11-30T15:59:00.0
KR_U434,Weekday,9,5,1.6666666666666667,38.733333333333334,40.4,17.416666666666668,10.4,2021-12-02T17:25:00.0
KR_U434,Weekday,5,10,2.6666666666666665,29.516666666666666,32.18333333333333,9.816666666666666,17.7,2021-12-06T09:49:00.0
KR_U434,Weekday,10,9,2.6666666666666665,19.883333333333333,22.55,18.0,16.96,2021-12-07T18:00:00.0
KR_U434,Weekday,9,8,0.3333333333333333,46.0,46.333333333333336,16.55,1.96,2021-12-08T16:33:00.0
KR_U434,Weekday,8,9,0.85,96.88333333333333,97.73333333333332,14.883333333333333,5.71,2021-12-10T14:53:00.0
KR_U434,Weekday,9,10,2.6666666666666665,22.75,25.416666666666668,16.616666666666667,18.11,2021-12-16T16:37:00.0
KR_U434,Weekday,10,9,3.033333333333333,44.06666666666666,47.099999999999994,18.033333333333335,20.76,2021-12-17T18:02:00.0
KR_U434,Weekday,9,9,0.65,23.78333333333333,24.43333333333333,17.133333333333333,4.38,2021-12-21T17:08:00.0
KR_U434,Weekday,9,9,2.3833333333333333,44.61666666666667,47.0,17.566666666666666,15.35,2021-12-22T17:34:00.0
KR_U434,Weekday,9,7,0.4666666666666667,44.233333333333334,44.7,16.566666666666666,2.86,2021-12-24T16:34:00.0
KR_U434,Weekday,7,7,0.8333333333333334,46.349999999999994,47.18333333333333,13.266666666666667,4.68,2021-12-28T13:16:00.0
KR_U434,Weekday,7,8,2.0833333333333335,48.68333333333334,50.76666666666667,12.45,13.31,2021-12-30T12:27:00.0
KR_U434,Weekday,8,10,0.9666666666666667,74.0,74.96666666666667,15.216666666666667,5.74,2022-01-03T15:13:00.0
KR_U434,Weekday,10,5,2.9833333333333334,12.350000000000001,15.333333333333336,18.183333333333334,20.76,2022-01-06T18:11:00.0
KR_U434,Weekday,5,8,0.8833333333333333,52.35,53.233333333333334,9.516666666666667,6.07,2022-01-07T09:31:00.0
KR_U434,Weekday,8,7,0.6333333333333333,69.91666666666667,70.55000000000001,14.75,3.77,2022-01-11T14:45:00.0
KR_U434,Weekday,7,9,1.6333333333333333,26.083333333333332,27.716666666666665,13.3,9.76,2022-01-14T13:18:00.0
KR_U434,Weekday,9,5,0.9333333333333333,63.83333333333333,64.76666666666667,17.016666666666666,5.42,2022-01-17T17:01:00.0
KR_U434,Weekday,5,6,1.0666666666666667,47.95,49.01666666666667,9.783333333333333,7.33,2022-01-20T09:47:00.0
KR_U434,Weekday,6,5,2.65,44.28333333333333,46.93333333333333,10.8,18.1,2022-01-24T10:48:00.0
KR_U434,Weekday,5,9,1.3,6.35,7.6499999999999995,9.733333333333333,7.8,2022-01-26T09:44:00.0
KR_U434,Weekday,9,6,0.6666666666666666,184.31666666666666,184.98333333333332,17.383333333333333,4.23,2022-01-26T17:23:00.0
KR_U434,Weekday,6,5,0.85,46.4,47.25,10.366666666666667,5.0,2022-02-07T10:22:00.0
KR_U434,Weekday,5,5,0.4166666666666667,23.616666666666667,24.033333333333335,9.616666666666667,2.34,2022-02-09T09:37:00.0
KR_U434,Weekday,5,6,2.2333333333333334,23.15,25.383333333333333,9.65,13.27,2022-02-10T09:39:00.0
KR_U434,Weekday,6,9,1.95,27.75,29.7,11.033333333333333,11.95,2022-02-11T11:02:00.0
KR_U434,Weekday,9,5,0.6333333333333333,40.38333333333333,41.016666666666666,16.733333333333334,4.07,2022-02-14T16:44:00.0
KR_U434,Weekday,5,8,2.5,3.5833333333333335,6.083333333333334,9.75,15.56,2022-02-16T09:45:00.0
KR_U434,Weekday,8,5,2.5833333333333335,37.916666666666664,40.5,15.833333333333334,17.28,2022-02-16T15:50:00.0
KR_U434,Weekday,5,9,1.1166666666666667,7.633333333333334,8.75,8.333333333333334,6.55,2022-02-18T08:20:00.0
KR_U434,Weekday,9,5,1.0166666666666666,39.599999999999994,40.61666666666666,17.083333333333332,6.67,2022-02-18T17:05:00.0
KR_U434,Weekday,5,9,1.85,6.183333333333334,8.033333333333333,9.7,11.14,2022-02-22T09:42:00.0
KR_U434,Weekday,9,9,1.5833333333333333,70.55000000000001,72.13333333333334,17.733333333333334,10.21,2022-02-22T17:44:00.0
KR_U434,Weekday,9,9,1.05,69.28333333333333,70.33333333333333,17.866666666666667,6.51,2022-02-25T17:52:00.0
KR_U434,Weekday,9,6,0.8833333333333333,41.516666666666666,42.4,16.2,5.81,2022-03-02T16:12:00.0
KR_U434,Weekday,6,6,1.4166666666666667,46.56666666666667,47.983333333333334,10.6,9.12,2022-03-04T10:36:00.0
KR_U434,Weekday,6,9,0.9333333333333333,5.85,6.783333333333333,10.583333333333334,5.49,2022-03-08T10:35:00.0
KR_U434,Weekday,9,9,1.0333333333333334,95.31666666666666,96.35,17.366666666666667,6.69,2022-03-08T17:22:00.0
KR_U434,Weekday,9,10,1.0,23.516666666666666,24.516666666666666,17.716666666666665,6.83,2022-03-14T17:43:00.0
KR_U434,Weekday,10,7,1.8,65.03333333333333,66.83333333333333,18.233333333333334,11.19,2022-03-15T18:14:00.0
KR_U434,Weekday,7,9,0.95,27.35,28.3,13.066666666666666,6.15,2022-03-18T13:04:00.0
KR_U434,Weekday,9,9,1.3333333333333333,46.81666666666666,48.15,17.366666666666667,8.83,2022-03-21T17:22:00.0
KR_U434,Weekday,9,9,2.4166666666666665,93.86666666666666,96.28333333333333,17.516666666666666,16.68,2022-03-23T17:31:00.0
KR_U434,Weekday,9,5,1.8666666666666667,205.76666666666665,207.63333333333333,17.8,11.75,2022-03-29T17:48:00.0
KR_U434,Weekday,5,9,1.1833333333333333,54.78333333333333,55.96666666666666,9.433333333333334,8.05,2022-04-11T09:26:00.0
KR_U434,Weekday,9,9,0.48333333333333334,47.400000000000006,47.88333333333334,17.4,3.35,2022-04-13T17:24:00.0
KR_U434,Weekday,9,6,1.0333333333333334,41.61666666666667,42.65,17.283333333333335,7.07,2022-04-15T17:17:00.0
KR_U434,Weekday,6,6,1.0833333333333333,21.633333333333333,22.716666666666665,11.933333333333334,7.32,2022-04-19T11:56:00.0
KR_U434,Weekday,6,9,2.033333333333333,5.1,7.133333333333333,10.65,14.19,2022-04-20T10:39:00.0
KR_U434,Weekday,9,9,1.1333333333333333,21.816666666666666,22.95,17.783333333333335,7.75,2022-04-20T17:47:00.0
KR_U434,Weekday,9,8,0.36666666666666664,70.36666666666666,70.73333333333332,16.733333333333334,2.55,2022-04-21T16:44:00.0
KR_U434,Weekday,8,9,2.35,22.916666666666668,25.26666666666667,15.466666666666667,16.27,2022-04-26T15:28:00.0
KR_U434,Weekday,9,9,1.4,23.483333333333334,24.883333333333333,16.733333333333334,9.77,2022-04-27T16:44:00.0
KR_U434,Weekday,9,9,0.4666666666666667,23.433333333333334,23.9,17.616666666666667,3.22,2022-04-28T17:37:00.0
KR_U434,Weekday,9,8,1.95,19.066666666666666,21.016666666666666,17.516666666666666,12.31,2022-04-29T17:31:00.0
KR_U434,Weekday,8,9,0.5666666666666667,25.75,26.316666666666666,14.533333333333333,3.93,2022-05-02T14:32:00.0
KR_U434,Weekday,9,9,1.7,22.916666666666664,24.616666666666664,16.85,11.76,2022-05-03T16:51:00.0
KR_U434,Weekday,9,9,2.25,45.21666666666667,47.46666666666667,17.466666666666665,15.62,2022-05-04T17:28:00.0
KR_U434,Weekday,9,9,1.2166666666666666,23.049999999999997,24.266666666666662,16.933333333333334,8.33,2022-05-06T16:56:00.0
KR_U434,Weekday,9,9,0.8166666666666667,71.36666666666667,72.18333333333334,17.2,5.59,2022-05-09T17:12:00.0
KR_U434,Weekday,9,6,1.8166666666666667,39.56666666666667,41.38333333333334,17.383333333333333,12.64,2022-05-12T17:23:00.0
KR_U434,Weekday,6,9,1.1666666666666667,5.266666666666667,6.433333333333334,10.766666666666667,7.8,2022-05-16T10:46:00.0
KR_U434,Weekday,9,9,1.4,46.75,48.15,17.2,9.7,2022-05-16T17:12:00.0
KR_U434,Weekday,9,8,1.0666666666666667,21.53333333333333,22.599999999999998,17.35,7.41,2022-05-18T17:21:00.0
KR_U434,Weekday,8,8,0.8333333333333334,46.85,47.68333333333334,15.95,5.82,2022-05-19T15:57:00.0
KR_U434,Weekday,8,9,0.6,145.15,145.75,15.633333333333333,4.16,2022-05-23T15:38:00.0
KR_U434,Weekday,9,9,0.8166666666666667,142.91666666666666,143.73333333333332,17.383333333333333,5.64,2022-05-31T17:23:00.0
KR_U434,Weekday,9,6,2.683333333333333,38.45,41.13333333333333,17.116666666666667,18.59,2022-06-08T17:07:00.0
KR_U434,Weekday,6,9,0.23333333333333334,7.416666666666667,7.65,10.25,1.5,2022-06-10T10:15:00.0
KR_U434,Weekday,9,9,1.9166666666666667,45.266666666666666,47.18333333333333,17.9,13.33,2022-06-10T17:54:00.0
KR_U434,Weekday,9,8,0.5333333333333333,21.083333333333332,21.616666666666667,17.083333333333332,3.76,2022-06-14T17:05:00.0
KR_U434,Weekday,8,9,0.55,50.06666666666666,50.61666666666666,14.7,3.77,2022-06-15T14:42:00.0
KR_U434,Weekday,9,9,3.0166666666666666,20.400000000000002,23.416666666666668,17.316666666666666,20.76,2022-06-17T17:19:00.0
KR_U434,Weekday,9,5,1.45,39.68333333333334,41.13333333333334,16.733333333333334,10.03,2022-06-20T16:44:00.0
KR_U434,Weekday,5,9,2.15,29.549999999999997,31.699999999999996,9.866666666666667,14.83,2022-06-22T09:52:00.0
KR_U434,Weekday,9,8,2.1666666666666665,43.11666666666667,45.28333333333333,17.566666666666666,14.83,2022-06-23T17:34:00.0
KR_U434,Weekday,8,9,0.5,24.78333333333333,25.28333333333333,14.85,3.42,2022-06-27T14:51:00.0
KR_U434,Weekday,9,9,1.3833333333333333,71.01666666666667,72.4,16.133333333333333,9.52,2022-06-28T16:08:00.0
KR_U434,Weekday,9,5,2.05,111.33333333333334,113.38333333333334,16.533333333333335,14.08,2022-07-01T16:32:00.0
KR_U434,Weekday,5,9,1.6333333333333333,30.366666666666667,32.0,9.916666666666666,11.21,2022-07-08T09:55:00.0
KR_U434,Weekday,9,9,1.65,93.03333333333333,94.68333333333334,17.916666666666668,11.4,2022-07-11T17:55:00.0
KR_U434,Weekday,9,9,2.283333333333333,22.650000000000002,24.933333333333337,16.6,15.62,2022-07-15T16:36:00.0
KR_U434,Weekday,9,9,1.95,94.25,96.2,17.533333333333335,13.39,2022-07-18T17:32:00.0
KR_U434,Weekday,9,8,2.183333333333333,43.3,45.48333333333333,17.733333333333334,14.95,2022-07-22T17:44:00.0
KR_U434,Weekday,8,8,1.4833333333333334,46.4,47.88333333333333,15.216666666666667,10.1,2022-07-26T15:13:00.0
KR_U434,Weekday,8,5,2.033333333333333,63.2,65.23333333333333,15.1,13.96,2022-07-28T15:06:00.0
KR_U434,Weekday,5,10,0.35,10.183333333333334,10.533333333333333,8.333333333333334,2.33,2022-08-02T08:20:00.0
KR_U434,Weekday,10,9,2.466666666666667,44.0,46.46666666666667,18.866666666666667,17.05,2022-08-02T18:52:00.0
KR_U434,Weekday,9,5,1.1166666666666667,37.91666666666667,39.03333333333334,17.333333333333332,7.56,2022-08-04T17:20:00.0
KR_U434,Weekday,5,8,2.533333333333333,28.75,31.28333333333333,8.366666666666667,17.32,2022-08-08T08:22:00.0
KR_U434,Weekday,8,5,2.0166666666666666,62.699999999999996,64.71666666666667,15.65,13.85,2022-08-09T15:39:00.0
KR_U434,Weekday,5,6,0.8,49.28333333333333,50.08333333333333,8.366666666666667,5.47,2022-08-12T08:22:00.0
KR_U434,Weekday,6,7,0.85,50.2,51.050000000000004,10.45,5.78,2022-08-16T10:27:00.0
KR_U434,Weekday,7,9,2.45,49.71666666666667,52.16666666666667,13.5,16.96,2022-08-18T13:30:00.0
KR_U434,Weekday,9,9,1.8666666666666667,21.35,23.21666666666667,17.666666666666668,3.66,2022-08-22T17:40:00.0
KR_U434,Weekday,9,9,2.216666666666667,22.616666666666667,24.833333333333336,16.883333333333333,15.33,2022-08-23T16:53:00.0
KR_U434,Weekday,9,10,1.6166666666666667,46.68333333333334,48.300000000000004,17.716666666666665,11.1,2022-08-24T17:43:00.0
KR_U434,Weekday,10,10,1.5333333333333334,23.133333333333333,24.666666666666668,18.016666666666666,10.48,2022-08-26T18:01:00.0
KR_U434,Weekday,10,9,1.85,45.38333333333334,47.23333333333334,18.683333333333334,12.84,2022-08-29T18:41:00.0
KR_U434,Weekday,9,10,1.5666666666666667,22.73333333333333,24.299999999999997,17.916666666666668,10.74,2022-08-31T17:55:00.0
KR_U434,Weekday,10,9,1.8333333333333333,20.45,22.28333333333333,18.216666666666665,12.83,2022-09-01T18:13:00.0
KR_U434,Weekday,9,6,1.5833333333333333,40.91666666666667,42.50000000000001,16.5,10.84,2022-09-02T16:30:00.0
KR_U434,Weekday,6,9,1.4166666666666667,5.433333333333334,6.8500000000000005,11.0,9.77,2022-09-06T11:00:00.0
KR_U434,Weekday,9,9,1.3666666666666667,22.46666666666667,23.833333333333336,17.85,9.41,2022-09-06T17:51:00.0
KR_U434,Weekday,9,10,0.6333333333333333,168.78333333333333,169.41666666666666,17.683333333333334,4.45,2022-09-07T17:41:00.0
KR_U434,Weekday,10,5,1.8833333333333333,35.38333333333333,37.266666666666666,19.1,12.9,2022-09-16T19:06:00.0
KR_U434,Weekday,5,9,1.0,8.583333333333334,9.583333333333334,8.366666666666667,6.89,2022-09-20T08:22:00.0
KR_U434,Weekday,9,9,1.45,22.016666666666666,23.466666666666665,17.95,9.93,2022-09-20T17:57:00.0
KR_U434,Weekday,9,10,1.3666666666666667,23.78333333333333,25.15,17.416666666666668,9.47,2022-09-21T17:25:00.0
KR_U434,Weekday,10,10,2.316666666666667,21.633333333333333,23.95,18.566666666666666,16.06,2022-09-22T18:34:00.0
KR_U434,Weekday,10,8,1.7,91.0,92.7,18.516666666666666,11.75,2022-09-23T18:31:00.0
KR_U1222,Weekend,9,9,1.95,190.33333333333334,192.28333333333333,17.066666666666666,12.85,2021-11-06T17:04:00.0
KR_U1222,Weekend,9,9,2.033333333333333,165.06666666666666,167.1,17.35,13.4,2021-12-04T17:21:00.0
KR_U1222,Weekend,10,9,3.066666666666667,163.95,167.01666666666665,18.183333333333334,20.77,2022-04-24T18:11:00.0
KR_U1222,Weekend,9,9,0.8333333333333334,46.93333333333334,47.76666666666667,17.2,5.52,2022-05-21T17:12:00.0
KR_U1222,Weekend,9,9,1.4666666666666666,70.03333333333333,71.5,16.966666666666665,9.81,2022-05-28T16:58:00.0
KR_U1222,Weekend,9,9,2.716666666666667,70.18333333333334,72.9,16.466666666666665,18.24,2022-06-05T16:28:00.0
KR_U1222,Weekend,9,10,0.5666666666666667,1.3666666666666667,1.9333333333333333,17.366666666666667,3.8,2022-06-18T17:22:00.0
KR_U1222,Weekend,10,9,2.25,43.96666666666667,46.21666666666667,19.3,15.0,2022-06-18T19:18:00.0
KR_U1222,Weekend,9,9,1.35,46.71666666666667,48.06666666666667,17.516666666666666,9.01,2022-06-25T17:31:00.0
KR_U1222,Weekend,9,9,9.633333333333333,86.33333333333333,95.96666666666667,17.583333333333332,3.88,2022-07-02T17:35:00.0
KR_U1222,Weekday,9,10,2.2,46.16666666666667,48.366666666666674,17.683333333333334,14.78,2021-10-01T17:41:00.0
KR_U1222,Weekday,10,9,1.3333333333333333,117.95,119.28333333333333,18.05,8.88,2021-10-05T18:03:00.0
KR_U1222,Weekday,9,9,2.783333333333333,117.26666666666665,120.04999999999998,17.333333333333332,18.74,2021-10-12T17:20:00.0
KR_U1222,Weekday,9,10,1.6666666666666667,47.05,48.71666666666666,17.383333333333333,11.03,2021-10-19T17:23:00.0
KR_U1222,Weekday,10,9,1.45,214.31666666666666,215.76666666666665,18.1,9.61,2021-10-21T18:06:00.0
KR_U1222,Weekday,9,9,1.9166666666666667,93.93333333333334,95.85000000000001,17.866666666666667,12.78,2021-11-03T17:52:00.0
KR_U1222,Weekday,9,9,2.4166666666666665,45.233333333333334,47.65,17.716666666666665,16.06,2021-11-09T17:43:00.0
KR_U1222,Weekday,9,8,1.05,20.85,21.900000000000002,17.366666666666667,6.83,2021-11-11T17:22:00.0
KR_U1222,Weekday,8,9,1.05,24.983333333333334,26.033333333333335,15.266666666666667,6.95,2021-11-12T15:16:00.0
KR_U1222,Weekday,9,9,1.7166666666666666,46.150000000000006,47.866666666666674,17.3,11.38,2021-11-15T17:18:00.0
KR_U1222,Weekday,9,9,1.3166666666666667,46.68333333333334,48.00000000000001,17.166666666666668,8.63,2021-11-17T17:10:00.0
KR_U1222,Weekday,9,9,1.5833333333333333,46.86666666666667,48.45,17.166666666666668,10.41,2021-11-19T17:10:00.0
KR_U1222,Weekday,9,9,2.0,69.88333333333333,71.88333333333333,17.616666666666667,13.14,2021-11-23T17:37:00.0
KR_U1222,Weekday,9,9,2.933333333333333,21.066666666666666,24.0,17.5,19.46,2021-11-26T17:30:00.0
KR_U1222,Weekday,9,9,1.5333333333333334,22.1,23.633333333333336,17.5,10.2,2021-11-29T17:30:00.0
KR_U1222,Weekday,9,9,1.8333333333333333,46.3,48.13333333333333,17.283333333333335,11.91,2021-12-28T17:17:00.0
KR_U1222,Weekday,9,9,1.3666666666666667,22.25,23.616666666666667,17.416666666666668,8.84,2021-12-30T17:25:00.0
KR_U1222,Weekday,9,9,0.9666666666666667,71.48333333333333,72.45,17.033333333333335,6.26,2021-12-31T17:02:00.0
KR_U1222,Weekday,9,9,1.45,70.55,72.0,17.483333333333334,9.56,2022-01-05T17:29:00.0
KR_U1222,Weekday,9,9,2.6,93.26666666666668,95.86666666666667,17.483333333333334,17.37,2022-01-10T17:29:00.0
KR_U1222,Weekday,9,9,1.6166666666666667,70.6,72.21666666666665,17.35,10.53,2022-01-14T17:21:00.0
KR_U1222,Weekday,9,9,1.65,117.96666666666667,119.61666666666667,17.566666666666666,10.87,2022-01-19T17:34:00.0
KR_U1222,Weekday,9,9,1.85,69.95,71.8,17.183333333333334,12.22,2022-01-26T17:11:00.0
KR_U1222,Weekday,9,9,1.8666666666666667,70.76666666666667,72.63333333333333,16.983333333333334,12.27,2022-01-31T16:59:00.0
KR_U1222,Weekday,9,9,0.6333333333333333,47.15,47.78333333333333,17.616666666666667,4.06,2022-02-03T17:37:00.0
KR_U1222,Weekday,9,9,2.216666666666667,70.03333333333333,72.25,17.4,14.7,2022-02-07T17:24:00.0
KR_U1222,Weekday,9,9,2.1666666666666665,69.48333333333333,71.65,17.65,14.25,2022-02-10T17:39:00.0
KR_U1222,Weekday,9,9,2.35,69.88333333333334,72.23333333333333,17.3,15.54,2022-02-15T17:18:00.0
KR_U1222,Weekday,9,9,2.3666666666666667,93.66666666666666,96.03333333333332,17.533333333333335,15.74,2022-02-18T17:32:00.0
KR_U1222,Weekday,9,9,2.25,93.71666666666667,95.96666666666667,17.566666666666666,14.83,2022-02-24T17:34:00.0
KR_U1222,Weekday,9,9,2.933333333333333,116.93333333333334,119.86666666666667,17.533333333333335,19.38,2022-03-02T17:32:00.0
KR_U1222,Weekday,9,9,1.2333333333333334,119.01666666666668,120.25000000000001,17.4,8.17,2022-03-09T17:24:00.0
KR_U1222,Weekday,9,5,1.8,84.86666666666666,86.66666666666666,17.65,11.83,2022-03-16T17:39:00.0
KR_U1222,Weekday,5,9,1.1,8.2,9.299999999999999,8.316666666666666,7.3,2022-03-22T08:19:00.0
KR_U1222,Weekday,9,10,1.9666666666666666,71.81666666666666,73.78333333333333,17.616666666666667,13.04,2022-03-22T17:37:00.0
KR_U1222,Weekday,10,10,2.683333333333333,20.833333333333336,23.51666666666667,19.4,18.19,2022-03-25T19:24:00.0
KR_U1222,Weekday,10,10,1.6666666666666667,69.46666666666667,71.13333333333334,18.916666666666668,11.11,2022-03-28T18:55:00.0
KR_U1222,Weekday,10,9,2.05,69.61666666666666,71.66666666666666,18.05,13.68,2022-03-31T18:03:00.0
KR_U1222,Weekday,9,9,1.95,45.916666666666664,47.86666666666667,17.716666666666665,13.1,2022-04-05T17:43:00.0
KR_U1222,Weekday,9,10,1.25,47.233333333333334,48.483333333333334,17.583333333333332,8.26,2022-04-07T17:35:00.0
KR_U1222,Weekday,10,9,1.7833333333333334,21.81666666666667,23.600000000000005,18.066666666666666,11.85,2022-04-11T18:04:00.0
KR_U1222,Weekday,9,9,0.8333333333333334,47.13333333333333,47.96666666666667,17.666666666666668,5.51,2022-04-12T17:40:00.0
KR_U1222,Weekday,9,9,1.2333333333333334,47.06666666666666,48.3,17.633333333333333,8.2,2022-04-14T17:38:00.0
KR_U1222,Weekday,9,9,1.6833333333333333,166.25,167.93333333333334,17.933333333333334,11.11,2022-04-18T17:56:00.0
KR_U1222,Weekday,9,9,1.9833333333333334,45.46666666666667,47.45,17.866666666666667,13.28,2022-04-27T17:52:00.0
KR_U1222,Weekday,9,10,0.8833333333333333,47.833333333333336,48.71666666666667,17.316666666666666,5.76,2022-04-29T17:19:00.0
KR_U1222,Weekday,10,10,1.7,94.26666666666667,95.96666666666667,18.033333333333335,11.42,2022-05-03T18:02:00.0
KR_U1222,Weekday,10,9,2.0166666666666666,21.400000000000002,23.416666666666668,18.0,13.49,2022-05-09T18:00:00.0
KR_U1222,Weekday,9,9,0.4166666666666667,47.95,48.36666666666667,17.416666666666668,2.68,2022-05-10T17:25:00.0
KR_U1222,Weekday,9,9,1.3,46.333333333333336,47.63333333333333,17.783333333333335,8.63,2022-05-12T17:47:00.0
KR_U1222,Weekday,9,10,1.1666666666666667,95.51666666666668,96.68333333333335,17.416666666666668,7.7,2022-05-16T17:25:00.0
KR_U1222,Weekday,10,9,0.55,94.71666666666667,95.26666666666667,18.1,3.61,2022-05-20T18:06:00.0
KR_U1222,Weekday,9,9,1.8833333333333333,70.33333333333333,72.21666666666667,17.233333333333334,12.53,2022-06-10T17:14:00.0
KR_U1222,Weekday,9,9,2.0,21.95,23.95,17.45,13.35,2022-06-15T17:27:00.0
KR_U1222,Weekday,9,10,0.9333333333333333,71.73333333333333,72.66666666666667,17.4,6.19,2022-06-16T17:24:00.0
KR_U1222,Weekday,10,9,1.2166666666666666,22.383333333333333,23.599999999999998,18.066666666666666,8.18,2022-06-21T18:04:00.0
KR_U1222,Weekday,9,9,1.1833333333333333,22.700000000000003,23.883333333333336,17.666666666666668,7.74,2022-06-22T17:40:00.0
KR_U1222,Weekday,9,9,1.4,22.983333333333334,24.383333333333333,17.55,9.29,2022-06-23T17:33:00.0
KR_U1222,Weekday,9,9,1.0166666666666666,70.65,71.66666666666667,17.933333333333334,6.7,2022-06-24T17:56:00.0
KR_U1222,Weekday,9,10,3.0833333333333335,21.53333333333333,24.616666666666664,17.6,20.77,2022-06-29T17:36:00.0
KR_U1222,Weekday,10,9,2.033333333333333,21.45,23.483333333333334,18.216666666666665,13.6,2022-06-30T18:13:00.0
KR_U1222,Weekday,9,9,1.55,70.23333333333333,71.78333333333333,17.7,6.8,2022-07-01T17:42:00.0
KR_U1222,Weekday,9,9,2.6666666666666665,21.833333333333336,24.500000000000004,17.483333333333334,17.8,2022-07-06T17:29:00.0
KR_U1222,Weekday,9,9,10.183333333333334,13.616666666666667,23.8,17.983333333333334,8.99,2022-07-07T17:59:00.0
KR_U1222,Weekday,9,9,1.0666666666666667,22.916666666666664,23.98333333333333,17.783333333333335,7.04,2022-07-08T17:47:00.0
KR_U1222,Weekday,9,9,1.0333333333333334,22.966666666666665,24.0,17.766666666666666,6.82,2022-07-11T17:46:00.0
KR_U1222,Weekday,9,9,1.1833333333333333,22.46666666666667,23.650000000000002,17.766666666666666,7.91,2022-07-12T17:46:00.0
KR_U1222,Weekday,9,9,1.2333333333333334,22.96666666666667,24.200000000000003,17.416666666666668,8.08,2022-07-13T17:25:00.0
KR_U1222,Weekday,9,9,0.9666666666666667,23.21666666666667,24.183333333333334,17.616666666666667,6.51,2022-07-14T17:37:00.0
KR_U1222,Weekday,9,10,0.85,47.400000000000006,48.25000000000001,17.8,5.53,2022-07-15T17:48:00.0
KR_U1225,Weekend,9,9,3.433333333333333,92.63333333333333,96.06666666666666,17.516666666666666,22.92,2021-10-02T17:31:00.0
KR_U1225,Weekend,9,9,2.933333333333333,44.41666666666667,47.35,17.583333333333332,19.67,2021-10-16T17:35:00.0
KR_U1225,Weekend,9,9,1.3166666666666667,238.66666666666666,239.98333333333332,16.933333333333334,8.69,2021-10-23T16:56:00.0
KR_U1225,Weekend,9,9,1.3833333333333333,46.733333333333334,48.11666666666667,16.916666666666668,9.11,2021-11-27T16:55:00.0
KR_U1225,Weekend,9,9,1.8,46.13333333333333,47.93333333333333,17.033333333333335,11.96,2021-12-04T17:02:00.0
KR_U1225,Weekend,9,10,1.3,49.016666666666666,50.31666666666666,16.966666666666665,8.65,2021-12-11T16:58:00.0
KR_U1225,Weekend,10,9,1.6833333333333333,115.76666666666667,117.45,19.283333333333335,11.14,2021-12-18T19:17:00.0
KR_U1225,Weekend,9,9,2.0,22.766666666666666,24.766666666666666,16.733333333333334,13.45,2022-01-02T16:44:00.0
KR_U1225,Weekend,9,9,2.0166666666666666,45.8,47.81666666666666,17.5,13.42,2022-01-08T17:30:00.0
KR_U1225,Weekend,9,9,2.8,44.766666666666666,47.56666666666666,17.316666666666666,18.59,2022-01-15T17:19:00.0
KR_U1225,Weekend,9,9,1.5166666666666666,46.7,48.21666666666667,16.883333333333333,10.15,2022-01-22T16:53:00.0
KR_U1225,Weekend,9,9,1.5333333333333334,46.31666666666666,47.849999999999994,17.1,10.15,2022-01-29T17:06:00.0
KR_U1225,Weekend,9,9,1.5333333333333334,95.41666666666666,96.94999999999999,16.95,10.12,2022-02-05T16:57:00.0
KR_U1225,Weekend,9,10,1.7333333333333334,95.33333333333334,97.06666666666668,17.9,11.47,2022-02-19T17:54:00.0
KR_U1225,Weekend,10,8,1.8833333333333333,67.03333333333333,68.91666666666667,18.966666666666665,12.58,2022-03-05T18:58:00.0
KR_U1225,Weekend,8,9,2.4833333333333334,22.933333333333334,25.416666666666668,15.883333333333333,16.82,2022-03-13T15:53:00.0
KR_U1225,Weekend,9,9,2.25,93.9,96.15,17.3,15.05,2022-03-19T17:18:00.0
KR_U1225,Weekend,9,9,1.45,46.05,47.5,17.45,9.77,2022-04-02T17:27:00.0
KR_U1225,Weekend,9,9,1.8333333333333333,94.33333333333334,96.16666666666667,16.95,12.29,2022-04-09T16:57:00.0
KR_U1225,Weekend,9,9,1.1,47.06666666666666,48.166666666666664,17.116666666666667,7.5,2022-04-23T17:07:00.0
KR_U1225,Weekend,9,9,1.3666666666666667,46.483333333333334,47.85,17.283333333333335,9.22,2022-04-30T17:17:00.0
KR_U1225,Weekend,9,9,2.3833333333333333,141.43333333333334,143.81666666666666,17.133333333333333,15.92,2022-05-07T17:08:00.0
KR_U1225,Weekend,9,9,0.8833333333333333,47.21666666666667,48.1,16.95,5.91,2022-05-28T16:57:00.0
KR_U1225,Weekend,9,8,2.933333333333333,67.9,70.83333333333334,17.05,19.64,2022-06-04T17:03:00.0
KR_U1225,Weekend,8,9,2.4833333333333334,22.95,25.433333333333334,15.883333333333333,16.72,2022-06-12T15:53:00.0
KR_U1225,Weekend,9,9,1.75,46.53333333333333,48.28333333333333,17.316666666666666,11.78,2022-06-18T17:19:00.0
KR_U1225,Weekend,9,9,1.7666666666666666,141.85,143.61666666666667,17.6,11.87,2022-06-25T17:36:00.0
KR_U1225,Weekday,10,9,1.4666666666666666,22.299999999999997,23.766666666666662,18.0,9.72,2021-10-05T18:00:00.0
KR_U1225,Weekday,9,10,1.4166666666666667,47.55,48.96666666666666,17.766666666666666,9.42,2021-10-06T17:46:00.0
KR_U1225,Weekday,10,5,3.0833333333333335,59.300000000000004,62.38333333333334,18.733333333333334,20.76,2021-10-08T18:44:00.0
KR_U1225,Weekday,5,10,0.38333333333333336,9.45,9.833333333333332,9.116666666666667,2.56,2021-10-13T09:07:00.0
KR_U1225,Weekday,10,10,1.5166666666666666,22.03333333333333,23.549999999999997,18.95,10.23,2021-10-13T18:57:00.0
KR_U1225,Weekday,10,9,1.7,45.75,47.45,18.5,11.4,2021-10-14T18:30:00.0
KR_U1225,Weekday,9,9,1.25,46.266666666666666,47.516666666666666,17.95,8.25,2021-10-18T17:57:00.0
KR_U1225,Weekday,9,9,1.2666666666666666,46.9,48.166666666666664,17.466666666666665,8.46,2021-10-20T17:28:00.0
KR_U1225,Weekday,9,10,2.5833333333333335,21.85,24.433333333333334,17.633333333333333,17.16,2021-10-22T17:38:00.0
KR_U1225,Weekday,10,9,1.6333333333333333,21.983333333333334,23.616666666666667,18.066666666666666,10.87,2021-10-25T18:04:00.0
KR_U1225,Weekday,9,9,1.75,238.31666666666666,240.06666666666666,17.683333333333334,11.55,2021-10-26T17:41:00.0
KR_U1225,Weekday,9,8,2.85,18.349999999999998,21.2,17.75,18.95,2021-11-09T17:45:00.0
KR_U1225,Weekday,8,9,1.8333333333333333,24.700000000000003,26.533333333333335,14.95,12.14,2021-11-10T14:57:00.0
KR_U1225,Weekday,9,9,1.4666666666666666,47.016666666666666,48.483333333333334,17.483333333333334,9.67,2021-11-11T17:29:00.0
KR_U1225,Weekday,9,9,2.95,68.96666666666667,71.91666666666667,17.966666666666665,19.85,2021-11-15T17:58:00.0
KR_U1225,Weekday,9,9,2.7666666666666666,45.21666666666667,47.983333333333334,17.883333333333333,18.48,2021-11-18T17:53:00.0
KR_U1225,Weekday,9,9,1.8,69.93333333333334,71.73333333333333,17.866666666666667,11.95,2021-11-22T17:52:00.0
KR_U1225,Weekday,9,9,1.65,46.266666666666666,47.916666666666664,17.6,11.06,2021-11-25T17:36:00.0
KR_U1225,Weekday,9,9,1.9166666666666667,21.733333333333334,23.650000000000002,17.516666666666666,12.76,2021-11-29T17:31:00.0
KR_U1225,Weekday,9,9,2.1,22.366666666666667,24.46666666666667,17.166666666666668,14.0,2021-11-30T17:10:00.0
KR_U1225,Weekday,9,10,2.4166666666666665,94.2,96.61666666666667,17.633333333333333,16.3,2021-12-01T17:38:00.0
KR_U1225,Weekday,10,9,1.9166666666666667,45.58333333333333,47.49999999999999,18.25,12.72,2021-12-07T18:15:00.0
KR_U1225,Weekday,9,9,3.0833333333333335,20.700000000000003,23.783333333333335,17.75,20.76,2021-12-09T17:45:00.0
KR_U1225,Weekday,9,9,1.55,46.85,48.4,17.533333333333335,10.27,2021-12-10T17:32:00.0
KR_U1225,Weekday,9,9,1.3166666666666667,70.11666666666667,71.43333333333334,17.933333333333334,8.74,2021-12-14T17:56:00.0
KR_U1225,Weekday,9,10,3.3833333333333333,21.383333333333333,24.766666666666666,17.366666666666667,22.69,2021-12-17T17:22:00.0
KR_U1225,Weekday,10,10,2.2,22.01666666666667,24.21666666666667,18.133333333333333,14.64,2021-12-20T18:08:00.0
KR_U1225,Weekday,10,9,1.65,21.783333333333335,23.433333333333334,18.35,10.93,2021-12-21T18:21:00.0
KR_U1225,Weekday,9,9,1.4,22.466666666666665,23.866666666666664,17.783333333333335,9.36,2021-12-22T17:47:00.0
KR_U1225,Weekday,9,9,1.5166666666666666,22.23333333333333,23.749999999999996,17.65,10.02,2021-12-23T17:39:00.0
KR_U1225,Weekday,9,9,1.8666666666666667,46.3,48.166666666666664,17.4,12.51,2021-12-24T17:24:00.0
KR_U1225,Weekday,9,9,1.95,22.05,24.0,17.566666666666666,12.96,2021-12-28T17:34:00.0
KR_U1225,Weekday,9,9,1.95,46.28333333333333,48.233333333333334,17.566666666666666,13.0,2021-12-29T17:34:00.0
KR_U1225,Weekday,9,9,2.4,45.31666666666666,47.71666666666666,17.8,16.13,2021-12-31T17:48:00.0
KR_U1225,Weekday,9,9,3.1,20.616666666666667,23.71666666666667,17.516666666666666,20.76,2022-01-04T17:31:00.0
KR_U1225,Weekday,9,9,2.4166666666666665,22.316666666666663,24.73333333333333,17.233333333333334,16.07,2022-01-05T17:14:00.0
KR_U1225,Weekday,9,9,1.9,21.583333333333332,23.48333333333333,17.966666666666665,12.65,2022-01-06T17:58:00.0
KR_U1225,Weekday,9,9,1.8166666666666667,22.233333333333334,24.05,17.45,11.97,2022-01-07T17:27:00.0
KR_U1225,Weekday,9,9,2.3666666666666667,21.4,23.766666666666666,17.5,15.73,2022-01-10T17:30:00.0
KR_U1225,Weekday,9,9,1.9166666666666667,94.21666666666667,96.13333333333334,17.266666666666666,12.73,2022-01-11T17:16:00.0
KR_U1225,Weekday,9,9,0.6,23.416666666666668,24.01666666666667,17.4,3.89,2022-01-17T17:24:00.0
KR_U1225,Weekday,9,9,1.6333333333333333,22.233333333333334,23.866666666666667,17.416666666666668,10.77,2022-01-18T17:25:00.0
KR_U1225,Weekday,9,9,1.6,22.71666666666667,24.31666666666667,17.283333333333335,10.63,2022-01-19T17:17:00.0
KR_U1225,Weekday,9,10,1.7833333333333334,47.16666666666667,48.95,17.6,11.77,2022-01-20T17:36:00.0
KR_U1225,Weekday,10,9,1.7,21.283333333333335,22.983333333333334,18.55,11.26,2022-01-24T18:33:00.0
KR_U1225,Weekday,9,9,1.7333333333333334,46.233333333333334,47.96666666666667,17.533333333333335,11.57,2022-01-25T17:32:00.0
KR_U1225,Weekday,9,9,2.7666666666666666,21.333333333333336,24.1,17.5,18.45,2022-01-27T17:30:00.0
KR_U1225,Weekday,9,9,1.6166666666666667,69.48333333333333,71.1,17.6,10.87,2022-01-28T17:36:00.0
KR_U1225,Weekday,9,10,2.066666666666667,95.25,97.31666666666666,16.7,13.8,2022-02-02T16:42:00.0
KR_U1225,Weekday,10,9,2.2666666666666666,45.233333333333334,47.5,18.016666666666666,15.24,2022-02-08T18:01:00.0
KR_U1225,Weekday,9,9,3.1,21.266666666666666,24.366666666666667,17.516666666666666,20.76,2022-02-10T17:31:00.0
KR_U1225,Weekday,9,9,1.4666666666666666,70.48333333333333,71.95,17.883333333333333,9.8,2022-02-11T17:53:00.0
KR_U1225,Weekday,9,9,2.183333333333333,45.483333333333334,47.666666666666664,17.833333333333332,14.34,2022-02-16T17:50:00.0
KR_U1225,Weekday,9,9,3.0833333333333335,69.2,72.28333333333333,17.5,20.77,2022-02-18T17:30:00.0
KR_U1225,Weekday,9,10,2.0833333333333335,22.4,24.48333333333333,17.783333333333335,13.91,2022-02-23T17:47:00.0
KR_U1225,Weekday,10,10,2.45,21.31666666666667,23.76666666666667,18.266666666666666,16.31,2022-02-24T18:16:00.0
KR_U1225,Weekday,10,9,1.6833333333333333,69.9,71.58333333333334,18.033333333333335,11.19,2022-02-25T18:02:00.0
KR_U1225,Weekday,9,9,2.0166666666666666,45.86666666666667,47.88333333333333,17.616666666666667,13.45,2022-03-02T17:37:00.0
KR_U1225,Weekday,9,9,2.5833333333333335,21.55,24.133333333333333,17.5,17.39,2022-03-04T17:30:00.0
KR_U1225,Weekday,9,9,1.6666666666666667,22.28333333333333,23.95,17.633333333333333,11.15,2022-03-07T17:38:00.0
KR_U1225,Weekday,9,9,1.4,46.86666666666667,48.266666666666666,17.583333333333332,9.32,2022-03-08T17:35:00.0
KR_U1225,Weekday,9,10,1.8666666666666667,46.68333333333333,48.55,17.85,12.48,2022-03-10T17:51:00.0
KR_U1225,Weekday,10,9,1.65,69.73333333333333,71.38333333333334,18.4,11.0,2022-03-14T18:24:00.0
KR_U1225,Weekday,9,9,2.4833333333333334,69.31666666666666,71.8,17.783333333333335,16.46,2022-03-17T17:47:00.0
KR_U1225,Weekday,9,9,1.85,118.25,120.1,17.583333333333332,12.3,2022-03-22T17:35:00.0
KR_U1225,Weekday,9,9,1.4333333333333333,70.76666666666667,72.2,17.683333333333334,9.71,2022-03-29T17:41:00.0
KR_U1225,Weekday,9,9,1.85,70.05,71.89999999999999,17.883333333333333,12.5,2022-04-01T17:53:00.0
KR_U1225,Weekday,9,9,3.1166666666666667,20.8,23.916666666666668,17.783333333333335,20.68,2022-04-06T17:47:00.0
KR_U1225,Weekday,9,9,1.0666666666666667,22.900000000000002,23.96666666666667,17.7,7.08,2022-04-07T17:42:00.0
KR_U1225,Weekday,9,9,1.45,22.55,24.0,17.666666666666668,9.77,2022-04-08T17:40:00.0
KR_U1225,Weekday,9,9,1.0,22.849999999999998,23.849999999999998,17.666666666666668,6.68,2022-04-11T17:40:00.0
KR_U1225,Weekday,9,9,1.6833333333333333,46.35,48.03333333333333,17.516666666666666,11.32,2022-04-12T17:31:00.0
KR_U1225,Weekday,9,9,2.566666666666667,93.39999999999999,95.96666666666665,17.55,17.28,2022-04-14T17:33:00.0
KR_U1225,Weekday,9,9,2.3666666666666667,45.766666666666666,48.13333333333333,17.516666666666666,15.96,2022-04-20T17:31:00.0
KR_U1225,Weekday,9,9,2.316666666666667,21.65,23.966666666666665,17.65,15.55,2022-04-22T17:39:00.0
KR_U1225,Weekday,9,7,0.4,19.383333333333333,19.78333333333333,17.616666666666667,2.74,2022-04-25T17:37:00.0
KR_U1225,Weekday,7,9,2.15,26.2,28.349999999999998,13.4,14.33,2022-04-26T13:24:00.0
KR_U1225,Weekday,9,9,1.1333333333333333,23.1,24.233333333333334,17.75,7.68,2022-04-27T17:45:00.0
KR_U1225,Weekday,9,9,1.6333333333333333,22.05,23.683333333333334,17.983333333333334,11.03,2022-04-28T17:59:00.0
KR_U1225,Weekday,9,9,1.3,166.91666666666666,168.21666666666667,17.666666666666668,8.86,2022-04-29T17:40:00.0
KR_U1225,Weekday,9,10,2.6666666666666665,21.53333333333333,24.2,17.883333333333333,17.99,2022-05-10T17:53:00.0
KR_U1225,Weekday,10,9,1.3833333333333333,46.03333333333333,47.416666666666664,18.083333333333332,9.23,2022-05-11T18:05:00.0
KR_U1225,Weekday,9,9,1.1,95.25,96.35,17.5,7.44,2022-05-13T17:30:00.0
KR_U1225,Weekday,9,10,3.0166666666666666,21.2,24.216666666666665,17.85,20.18,2022-05-19T17:51:00.0
KR_U1225,Weekday,10,9,1.8,21.53333333333333,23.333333333333332,18.066666666666666,12.1,2022-05-20T18:04:00.0
KR_U1225,Weekday,9,9,2.3333333333333335,69.6,71.93333333333332,17.4,15.91,2022-05-23T17:24:00.0
KR_U1225,Weekday,9,9,1.2166666666666666,22.933333333333334,24.15,17.333333333333332,8.21,2022-05-26T17:20:00.0
KR_U1225,Weekday,9,9,1.2666666666666666,94.63333333333333,95.89999999999999,17.483333333333334,8.43,2022-05-27T17:29:00.0
KR_U1225,Weekday,9,9,2.2333333333333334,70.3,72.53333333333333,17.383333333333333,15.02,2022-06-02T17:23:00.0
KR_U1225,Weekday,9,9,1.5666666666666667,46.0,47.56666666666667,17.916666666666668,10.41,2022-06-07T17:55:00.0
KR_U1225,Weekday,9,9,1.4833333333333334,70.4,71.88333333333334,17.483333333333334,9.88,2022-06-09T17:29:00.0
KR_U1225,Weekday,9,9,2.3833333333333333,45.75,48.13333333333333,17.366666666666667,15.84,2022-06-14T17:22:00.0
KR_U1225,Weekday,9,9,2.8333333333333335,21.21666666666667,24.05,17.5,18.96,2022-06-16T17:30:00.0
KR_U1225,Weekday,9,9,1.7166666666666666,22.283333333333335,24.0,17.55,11.41,2022-06-17T17:33:00.0
KR_U1225,Weekday,9,9,1.3833333333333333,22.683333333333334,24.066666666666666,17.55,9.32,2022-06-20T17:33:00.0
KR_U1225,Weekday,9,9,1.5666666666666667,46.266666666666666,47.833333333333336,17.616666666666667,10.59,2022-06-21T17:37:00.0
KR_U1225,Weekday,9,10,2.35,22.45,24.8,17.45,15.69,2022-06-23T17:27:00.0
KR_U1225,Weekday,10,9,1.8166666666666667,21.6,23.416666666666668,18.25,12.29,2022-06-24T18:15:00.0
KR_U1225,Weekday,9,10,2.4166666666666665,46.650000000000006,49.06666666666667,17.666666666666668,16.17,2022-06-27T17:40:00.0
KR_U1225,Weekday,10,10,2.45,22.28333333333333,24.73333333333333,18.733333333333334,16.32,2022-06-29T18:44:00.0
KR_U1225,Weekday,10,9,2.45,19.666666666666664,22.116666666666664,19.466666666666665,16.46,2022-06-30T19:28:00.0
KR_U1225,Weekday,9,9,10.583333333333334,65.93333333333334,76.51666666666667,17.583333333333332,9.1,2022-07-01T17:35:00.0
KR_U1225,Weekday,9,9,2.466666666666667,45.43333333333334,47.900000000000006,17.933333333333334,16.49,2022-07-06T17:56:00.0
KR_U1225,Weekday,9,9,2.283333333333333,93.75,96.03333333333333,17.833333333333332,15.29,2022-07-08T17:50:00.0
KR_U1225,Weekday,9,10,2.05,46.099999999999994,48.14999999999999,17.866666666666667,13.76,2022-07-14T17:52:00.0
KR_U1225,Weekday,10,9,2.1666666666666665,21.583333333333332,23.75,18.016666666666666,14.49,2022-07-18T18:01:00.0
KR_U1228,Weekend,9,9,0.8833333333333333,142.88333333333333,143.76666666666665,17.55,5.9,2021-10-02T17:33:00.0
KR_U1228,Weekend,9,9,0.8833333333333333,143.0,143.88333333333333,17.316666666666666,5.83,2021-10-23T17:19:00.0
KR_U1228,Weekend,9,9,2.0,45.95,47.95,17.2,13.18,2021-11-13T17:12:00.0
KR_U1228,Weekend,9,9,0.7833333333333333,47.81666666666666,48.599999999999994,17.15,5.22,2021-11-20T17:09:00.0
KR_U1228,Weekend,9,9,0.8666666666666667,71.13333333333333,71.99999999999999,17.75,5.71,2021-11-27T17:45:00.0
KR_U1228,Weekend,9,9,1.4,21.866666666666667,23.266666666666666,17.75,9.21,2021-12-05T17:45:00.0
KR_U1228,Weekend,9,9,1.0333333333333334,70.96666666666667,72.0,17.016666666666666,6.79,2021-12-11T17:01:00.0
KR_U1228,Weekend,9,9,0.85,23.45,24.3,17.016666666666666,5.54,2021-12-19T17:01:00.0
KR_U1228,Weekend,9,9,2.066666666666667,117.75,119.81666666666666,17.316666666666666,13.54,2021-12-25T17:19:00.0
KR_U1228,Weekend,9,9,0.75,22.8,23.55,17.133333333333333,5.0,2022-01-09T17:08:00.0
KR_U1228,Weekend,9,9,0.75,47.55,48.3,16.683333333333334,4.88,2022-01-15T16:41:00.0
KR_U1228,Weekend,9,9,0.9666666666666667,46.7,47.66666666666667,16.983333333333334,6.32,2022-01-22T16:59:00.0
KR_U1228,Weekend,9,9,0.8666666666666667,47.6,48.46666666666667,16.65,5.71,2022-01-29T16:39:00.0
KR_U1228,Weekend,9,8,1.2,69.16666666666667,70.36666666666667,17.116666666666667,7.77,2022-02-05T17:07:00.0
KR_U1228,Weekend,8,9,2.8,22.883333333333333,25.683333333333334,15.483333333333333,18.55,2022-02-13T15:29:00.0
KR_U1228,Weekend,9,9,1.0833333333333333,22.416666666666668,23.5,17.166666666666668,7.13,2022-02-19T17:10:00.0
KR_U1228,Weekend,9,9,1.0166666666666666,24.03333333333333,25.049999999999997,16.666666666666668,6.73,2022-02-20T16:40:00.0
KR_U1228,Weekend,9,10,0.5,95.96666666666667,96.46666666666667,17.716666666666665,3.27,2022-02-26T17:43:00.0
KR_U1228,Weekend,10,10,0.9666666666666667,119.0,119.96666666666667,18.183333333333334,6.34,2022-03-12T18:11:00.0
KR_U1228,Weekend,10,9,1.8166666666666667,21.68333333333333,23.499999999999996,18.15,11.88,2022-03-27T18:09:00.0
KR_U1228,Weekend,9,10,0.5833333333333334,95.9,96.48333333333333,17.65,3.83,2022-04-02T17:39:00.0
KR_U1228,Weekend,10,9,0.6833333333333333,46.33333333333333,47.01666666666666,18.133333333333333,4.54,2022-04-16T18:08:00.0
KR_U1228,Weekend,9,9,0.7666666666666667,71.68333333333334,72.45,17.15,5.1,2022-04-23T17:09:00.0
KR_U1228,Weekend,9,9,3.1,20.583333333333336,23.683333333333337,17.6,20.76,2022-05-01T17:36:00.0
KR_U1228,Weekend,9,5,1.8666666666666667,37.93333333333334,39.800000000000004,17.283333333333335,12.43,2022-05-07T17:17:00.0
KR_U1228,Weekend,5,9,0.2833333333333333,7.8,8.083333333333334,9.083333333333334,1.71,2022-05-14T09:05:00.0
KR_U1228,Weekend,9,9,1.2833333333333334,70.56666666666666,71.85,17.166666666666668,8.72,2022-05-14T17:10:00.0
KR_U1228,Weekend,9,9,2.283333333333333,21.849999999999998,24.133333333333333,17.016666666666666,15.06,2022-05-22T17:01:00.0
KR_U1228,Weekend,9,9,2.566666666666667,45.53333333333333,48.1,17.15,17.1,2022-05-28T17:09:00.0
KR_U1228,Weekend,9,9,1.7333333333333334,93.73333333333333,95.46666666666667,17.25,11.54,2022-06-04T17:15:00.0
KR_U1228,Weekend,9,9,1.05,72.15,73.2,16.716666666666665,6.88,2022-06-18T16:43:00.0
KR_U1228,Weekend,9,9,1.75,21.95,23.7,17.916666666666668,11.69,2022-06-26T17:55:00.0
KR_U1228,Weekend,9,9,0.6,95.31666666666666,95.91666666666666,17.616666666666667,3.84,2022-07-02T17:37:00.0
KR_U1228,Weekday,10,10,1.1333333333333333,70.96666666666667,72.10000000000001,18.6,7.52,2021-10-01T18:36:00.0
KR_U1228,Weekday,10,10,2.05,21.716666666666665,23.766666666666666,18.7,13.57,2021-10-06T18:42:00.0
KR_U1228,Weekday,10,9,1.15,21.833333333333332,22.98333333333333,18.466666666666665,7.65,2021-10-07T18:28:00.0
KR_U1228,Weekday,9,9,0.9166666666666666,22.183333333333334,23.1,17.45,6.06,2021-10-08T17:27:00.0
KR_U1228,Weekday,9,10,1.0833333333333333,24.816666666666666,25.9,16.55,7.11,2021-10-11T16:33:00.0
KR_U1228,Weekday,10,10,1.3,46.75,48.05,18.45,8.7,2021-10-12T18:27:00.0
KR_U1228,Weekday,10,10,2.216666666666667,21.766666666666666,23.983333333333334,18.5,14.72,2021-10-14T18:30:00.0
KR_U1228,Weekday,10,10,0.9666666666666667,23.083333333333336,24.05,18.483333333333334,6.46,2021-10-15T18:29:00.0
KR_U1228,Weekday,10,10,0.8833333333333333,22.933333333333334,23.816666666666666,18.533333333333335,5.69,2021-10-18T18:32:00.0
KR_U1228,Weekday,10,10,0.9666666666666667,22.7,23.666666666666664,18.35,6.4,2021-10-19T18:21:00.0
KR_U1228,Weekday,10,10,0.7166666666666667,23.65,24.366666666666664,18.016666666666666,4.71,2021-10-20T18:01:00.0
KR_U1228,Weekday,10,10,0.9,23.28333333333333,24.18333333333333,18.383333333333333,5.88,2021-10-21T18:23:00.0
KR_U1228,Weekday,10,10,0.8833333333333333,46.96666666666667,47.85,18.566666666666666,5.83,2021-10-22T18:34:00.0
KR_U1228,Weekday,10,10,1.6333333333333333,70.30000000000001,71.93333333333335,18.416666666666668,10.84,2021-10-26T18:25:00.0
KR_U1228,Weekday,10,9,2.3333333333333335,21.133333333333333,23.466666666666665,18.35,15.59,2021-10-29T18:21:00.0
KR_U1228,Weekday,9,10,1.5333333333333334,22.733333333333334,24.26666666666667,17.816666666666666,10.24,2021-11-01T17:49:00.0
KR_U1228,Weekday,10,10,0.9,23.366666666666667,24.266666666666666,18.083333333333332,5.93,2021-11-02T18:05:00.0
KR_U1228,Weekday,10,10,0.6333333333333333,23.633333333333333,24.266666666666666,18.35,4.22,2021-11-03T18:21:00.0
KR_U1228,Weekday,10,10,1.1333333333333333,23.266666666666666,24.4,18.616666666666667,7.55,2021-11-04T18:37:00.0
KR_U1228,Weekday,10,10,1.0666666666666667,22.066666666666666,23.133333333333333,19.016666666666666,7.1,2021-11-05T19:01:00.0
KR_U1228,Weekday,10,10,1.3166666666666667,22.883333333333333,24.2,18.15,8.64,2021-11-08T18:09:00.0
KR_U1228,Weekday,10,8,0.8166666666666667,19.766666666666666,20.583333333333332,18.35,5.36,2021-11-09T18:21:00.0
KR_U1228,Weekday,8,5,1.2166666666666666,65.0,66.21666666666667,14.933333333333334,7.94,2021-11-10T14:56:00.0
KR_U1228,Weekday,5,9,0.36666666666666664,32.13333333333333,32.5,9.15,2.36,2021-11-15T09:09:00.0
KR_U1228,Weekday,9,9,1.8,22.283333333333335,24.083333333333336,17.65,11.84,2021-11-16T17:39:00.0
KR_U1228,Weekday,9,9,0.5833333333333334,23.416666666666668,24.0,17.733333333333334,3.85,2021-11-17T17:44:00.0
KR_U1228,Weekday,9,10,1.2,23.6,24.8,17.733333333333334,7.87,2021-11-18T17:44:00.0
KR_U1228,Weekday,10,10,1.15,22.816666666666666,23.966666666666665,18.533333333333335,7.6,2021-11-19T18:32:00.0
KR_U1228,Weekday,10,10,1.3,22.633333333333333,23.933333333333334,18.5,8.47,2021-11-22T18:30:00.0
KR_U1228,Weekday,10,10,0.8666666666666667,47.2,48.06666666666667,18.433333333333334,5.56,2021-11-23T18:26:00.0
KR_U1228,Weekday,10,10,1.4,46.583333333333336,47.983333333333334,18.5,9.26,2021-11-25T18:30:00.0
KR_U1228,Weekday,10,10,0.7166666666666667,23.083333333333336,23.8,18.483333333333334,4.66,2021-11-29T18:29:00.0
KR_U1228,Weekday,10,9,1.0333333333333334,46.2,47.233333333333334,18.283333333333335,6.69,2021-11-30T18:17:00.0
KR_U1228,Weekday,9,10,1.8833333333333333,22.733333333333334,24.616666666666667,17.516666666666666,12.4,2021-12-02T17:31:00.0
KR_U1228,Weekday,10,10,0.6166666666666667,47.88333333333333,48.5,18.133333333333333,4.06,2021-12-03T18:08:00.0
KR_U1228,Weekday,10,9,0.6333333333333333,22.583333333333336,23.21666666666667,18.633333333333333,4.08,2021-12-07T18:38:00.0
KR_U1228,Weekday,9,10,0.6833333333333333,47.583333333333336,48.266666666666666,17.85,4.5,2021-12-08T17:51:00.0
KR_U1228,Weekday,10,9,1.3333333333333333,93.71666666666667,95.05,18.116666666666667,8.7,2021-12-10T18:07:00.0
KR_U1228,Weekday,9,9,2.85,21.816666666666666,24.666666666666668,17.166666666666668,18.97,2021-12-16T17:10:00.0
KR_U1228,Weekday,9,9,1.5333333333333334,22.183333333333334,23.71666666666667,17.833333333333332,10.08,2021-12-17T17:50:00.0
KR_U1228,Weekday,9,9,1.2666666666666666,22.8,24.066666666666666,17.55,8.4,2021-12-20T17:33:00.0
KR_U1228,Weekday,9,11,0.6666666666666666,1.7166666666666666,2.3833333333333333,17.616666666666667,4.4,2021-12-21T17:37:00.0
KR_U1228,Weekday,11,10,0.1,118.51666666666668,118.61666666666667,20.0,0.57,2021-12-21T20:00:00.0
KR_U1228,Weekday,10,9,2.7666666666666666,20.516666666666666,23.28333333333333,18.616666666666667,18.42,2021-12-28T18:37:00.0
KR_U1228,Weekday,9,9,1.0333333333333334,22.916666666666668,23.950000000000003,17.9,6.71,2021-12-29T17:54:00.0
KR_U1228,Weekday,9,9,1.6333333333333333,21.866666666666667,23.5,17.85,10.63,2021-12-30T17:51:00.0
KR_U1228,Weekday,9,9,1.3,70.93333333333334,72.23333333333333,17.35,8.52,2021-12-31T17:21:00.0
KR_U1228,Weekday,9,9,3.1333333333333333,44.766666666666666,47.9,17.583333333333332,20.77,2022-01-05T17:35:00.0
KR_U1228,Weekday,9,9,2.6333333333333333,45.66666666666667,48.300000000000004,17.483333333333334,17.42,2022-01-07T17:29:00.0
KR_U1228,Weekday,9,10,2.1666666666666665,22.516666666666666,24.683333333333334,17.783333333333335,14.09,2022-01-11T17:47:00.0
KR_U1228,Weekday,10,9,1.3166666666666667,46.16666666666667,47.48333333333334,18.466666666666665,8.47,2022-01-12T18:28:00.0
KR_U1228,Weekday,9,10,2.5166666666666666,22.1,24.616666666666667,17.95,16.47,2022-01-14T17:57:00.0
KR_U1228,Weekday,10,10,1.3166666666666667,22.633333333333333,23.95,18.566666666666666,8.54,2022-01-17T18:34:00.0
KR_U1228,Weekday,10,10,0.85,47.15,48.0,18.516666666666666,5.51,2022-01-18T18:31:00.0
KR_U1228,Weekday,10,9,1.4666666666666666,21.55,23.016666666666666,18.516666666666666,9.58,2022-01-20T18:31:00.0
KR_U1228,Weekday,9,9,0.8666666666666667,23.066666666666663,23.93333333333333,17.533333333333335,5.68,2022-01-21T17:32:00.0
KR_U1228,Weekday,9,9,0.9333333333333333,23.25,24.183333333333334,17.466666666666665,6.12,2022-01-24T17:28:00.0
KR_U1228,Weekday,9,10,1.3666666666666667,23.3,24.666666666666668,17.65,8.95,2022-01-25T17:39:00.0
KR_U1228,Weekday,10,9,0.85,46.81666666666666,47.666666666666664,18.316666666666666,5.5,2022-01-26T18:19:00.0
KR_U1228,Weekday,9,9,2.066666666666667,20.866666666666667,22.933333333333334,17.983333333333334,13.51,2022-01-28T17:59:00.0
KR_U1228,Weekday,9,9,1.3,71.7,73.0,16.916666666666668,8.49,2022-01-31T16:55:00.0
KR_U1228,Weekday,9,9,1.5,22.433333333333334,23.933333333333334,17.916666666666668,9.84,2022-02-03T17:55:00.0
KR_U1228,Weekday,9,10,1.3333333333333333,46.93333333333334,48.26666666666667,17.85,8.73,2022-02-04T17:51:00.0
KR_U1228,Weekday,10,10,2.0,22.3,24.3,18.116666666666667,13.22,2022-02-08T18:07:00.0
KR_U1228,Weekday,10,10,0.9,118.9,119.80000000000001,18.416666666666668,5.83,2022-02-09T18:25:00.0
KR_U1228,Weekday,10,10,2.5166666666666666,45.266666666666666,47.78333333333333,18.216666666666665,16.32,2022-02-16T18:13:00.0
KR_U1228,Weekday,10,9,1.9,21.68333333333333,23.58333333333333,18.0,12.56,2022-02-18T18:00:00.0
KR_U1228,Weekday,9,9,1.0833333333333333,22.833333333333332,23.916666666666664,17.583333333333332,7.08,2022-02-21T17:35:00.0
KR_U1228,Weekday,9,9,0.7166666666666667,23.31666666666667,24.033333333333335,17.5,4.64,2022-02-22T17:30:00.0
KR_U1228,Weekday,9,9,1.25,22.733333333333334,23.983333333333334,17.533333333333335,8.21,2022-02-23T17:32:00.0
KR_U1228,Weekday,9,10,1.5,23.116666666666667,24.616666666666667,17.516666666666666,9.76,2022-02-24T17:31:00.0
KR_U1228,Weekday,10,9,0.7166666666666667,70.76666666666667,71.48333333333333,18.133333333333333,4.67,2022-02-25T18:08:00.0
KR_U1228,Weekday,9,10,2.5166666666666666,22.21666666666667,24.733333333333334,17.616666666666667,16.53,2022-03-02T17:37:00.0
KR_U1228,Weekday,10,10,0.9666666666666667,142.91666666666669,143.88333333333335,18.35,6.31,2022-03-03T18:21:00.0
KR_U1228,Weekday,10,10,2.15,22.183333333333334,24.333333333333332,18.233333333333334,14.43,2022-03-11T18:14:00.0
KR_U1228,Weekday,10,9,0.85,70.41666666666666,71.26666666666665,18.566666666666666,5.63,2022-03-14T18:34:00.0
KR_U1228,Weekday,9,9,1.2166666666666666,46.916666666666664,48.13333333333333,17.833333333333332,8.16,2022-03-17T17:50:00.0
KR_U1228,Weekday,9,9,3.0166666666666666,92.91666666666666,95.93333333333332,17.966666666666665,20.07,2022-03-21T17:58:00.0
KR_U1228,Weekday,9,10,2.4166666666666665,22.5,24.916666666666668,17.9,15.89,2022-03-25T17:54:00.0
KR_U1228,Weekday,10,10,0.8833333333333333,23.366666666666667,24.25,18.816666666666666,5.76,2022-03-28T18:49:00.0
KR_U1228,Weekday,10,10,0.6,70.75,71.35,19.066666666666666,4.03,2022-03-29T19:04:00.0
KR_U1228,Weekday,10,10,0.5166666666666667,23.2,23.716666666666665,18.416666666666668,3.39,2022-04-01T18:25:00.0
KR_U1228,Weekday,10,10,0.6666666666666666,71.33333333333334,72.00000000000001,18.133333333333333,4.36,2022-04-04T18:08:00.0
KR_U1228,Weekday,10,10,2.4166666666666665,22.316666666666666,24.733333333333334,18.133333333333333,16.06,2022-04-07T18:08:00.0
KR_U1228,Weekday,10,10,0.9,70.28333333333333,71.18333333333334,18.866666666666667,5.92,2022-04-08T18:52:00.0
KR_U1228,Weekday,10,10,3.1666666666666665,45.7,48.86666666666667,18.05,21.15,2022-04-13T18:03:00.0
KR_U1228,Weekday,10,10,2.2666666666666666,45.25,47.516666666666666,18.916666666666668,15.08,2022-04-15T18:55:00.0
KR_U1228,Weekday,10,10,1.4333333333333333,70.2,71.63333333333334,18.433333333333334,9.48,2022-04-19T18:26:00.0
KR_U1228,Weekday,10,10,2.7333333333333334,21.816666666666666,24.55,18.066666666666666,18.34,2022-04-22T18:04:00.0
KR_U1228,Weekday,10,10,0.95,47.016666666666666,47.96666666666667,18.616666666666667,6.23,2022-04-25T18:37:00.0
KR_U1228,Weekday,10,10,1.0333333333333334,71.0,72.03333333333333,18.583333333333332,6.91,2022-04-27T18:35:00.0
KR_U1228,Weekday,10,10,1.0666666666666667,23.35,24.416666666666668,18.616666666666667,7.08,2022-05-02T18:37:00.0
KR_U1228,Weekday,10,10,0.7333333333333333,22.8,23.533333333333335,19.033333333333335,4.89,2022-05-03T19:02:00.0
KR_U1228,Weekday,10,10,0.6833333333333333,168.3,168.98333333333335,18.566666666666666,4.57,2022-05-04T18:34:00.0
KR_U1228,Weekday,10,9,3.1,43.03333333333333,46.13333333333333,19.55,20.76,2022-05-13T19:33:00.0
KR_U1228,Weekday,9,9,1.8166666666666667,21.65,23.466666666666665,17.683333333333334,11.9,2022-05-17T17:41:00.0
KR_U1228,Weekday,9,10,0.6833333333333333,24.183333333333334,24.866666666666667,17.15,4.59,2022-05-18T17:09:00.0
KR_U1228,Weekday,10,10,0.85,95.39999999999999,96.24999999999999,18.016666666666666,5.57,2022-05-19T18:01:00.0
KR_U1228,Weekday,10,11,2.9166666666666665,95.66666666666666,98.58333333333333,18.266666666666666,19.32,2022-05-25T18:16:00.0
KR_U1228,Weekday,11,9,1.9666666666666666,90.63333333333334,92.60000000000001,20.85,13.06,2022-05-31T20:51:00.0
KR_U1228,Weekday,9,9,1.25,94.66666666666666,95.91666666666666,17.45,8.29,2022-06-06T17:27:00.0
KR_U1228,Weekday,9,9,4.116666666666666,20.15,24.266666666666666,17.366666666666667,27.35,2022-06-10T17:22:00.0
KR_U1228,Weekday,9,9,1.4666666666666666,46.11666666666666,47.58333333333333,17.633333333333333,9.72,2022-06-13T17:38:00.0
KR_U1228,Weekday,9,10,0.85,72.30000000000001,73.15,17.216666666666665,5.58,2022-06-15T17:13:00.0
KR_U1228,Weekday,10,10,1.0333333333333334,47.3,48.33333333333333,18.366666666666667,6.72,2022-06-20T18:22:00.0
KR_U1228,Weekday,10,9,1.9,20.716666666666665,22.616666666666664,18.7,12.58,2022-06-22T18:42:00.0
KR_U1228,Weekday,9,10,1.1666666666666667,23.766666666666666,24.933333333333334,17.316666666666666,7.64,2022-06-23T17:19:00.0
KR_U1228,Weekday,10,10,1.1,23.950000000000003,25.050000000000004,18.25,7.34,2022-06-24T18:15:00.0
KR_U1228,Weekday,10,10,1.1666666666666667,22.43333333333333,23.599999999999998,19.3,7.61,2022-06-27T19:18:00.0
KR_U1228,Weekday,10,10,1.4833333333333334,46.5,47.983333333333334,18.9,9.73,2022-06-28T18:54:00.0
KR_U1228,Weekday,10,9,2.533333333333333,67.98333333333332,70.51666666666665,18.883333333333333,16.82,2022-06-30T18:53:00.0
KR_U1228,Weekday,9,9,2.25,46.0,48.25,17.4,14.72,2022-07-05T17:24:00.0
KR_U1228,Weekday,9,9,2.65,21.683333333333334,24.333333333333332,17.65,17.59,2022-07-07T17:39:00.0
KR_U1228,Weekday,9,9,1.15,46.733333333333334,47.88333333333333,17.983333333333334,7.52,2022-07-08T17:59:00.0
KR_U1228,Weekday,9,9,2.4166666666666665,45.333333333333336,47.75,17.866666666666667,15.89,2022-07-12T17:52:00.0
KR_U1228,Weekday,9,10,1.1,47.599999999999994,48.699999999999996,17.616666666666667,7.24,2022-07-14T17:37:00.0
KR_U1228,Weekday,10,9,1.1833333333333333,22.05,23.233333333333334,18.316666666666666,7.73,2022-07-18T18:19:00.0
KR_U1230,Weekend,9,10,0.5666666666666667,1.85,2.416666666666667,17.283333333333335,3.74,2021-10-16T17:17:00.0
KR_U1230,Weekend,10,9,1.1,68.03333333333333,69.13333333333333,19.7,7.24,2021-10-16T19:42:00.0
KR_U1230,Weekend,9,9,0.7166666666666667,23.849999999999998,24.566666666666663,16.833333333333332,4.8,2021-10-24T16:50:00.0
KR_U1230,Weekend,9,9,3.1,163.5,166.6,17.4,20.76,2021-10-30T17:24:00.0
KR_U1230,Weekend,9,9,1.1666666666666667,168.2,169.36666666666665,16.0,7.8,2021-11-21T16:00:00.0
KR_U1230,Weekend,9,9,1.5,142.78333333333333,144.28333333333333,17.366666666666667,9.93,2021-12-18T17:22:00.0
KR_U1230,Weekend,9,9,2.7,68.23333333333333,70.93333333333334,17.65,17.98,2022-01-08T17:39:00.0
KR_U1230,Weekend,9,8,2.7333333333333334,44.666666666666664,47.4,16.583333333333332,18.34,2022-01-16T16:35:00.0
KR_U1230,Weekend,8,9,1.9666666666666666,119.13333333333333,121.1,15.983333333333333,13.0,2022-01-23T15:59:00.0
KR_U1230,Weekend,9,9,1.6666666666666667,46.53333333333333,48.199999999999996,17.083333333333332,11.01,2022-02-12T17:05:00.0
KR_U1230,Weekend,9,9,2.816666666666667,141.70000000000002,144.51666666666668,17.283333333333335,18.8,2022-02-19T17:17:00.0
KR_U1230,Weekend,9,9,2.0833333333333335,165.43333333333334,167.51666666666668,17.8,13.99,2022-03-12T17:48:00.0
KR_U1230,Weekend,9,9,3.066666666666667,164.86666666666667,167.93333333333334,17.316666666666666,20.77,2022-04-03T17:19:00.0
KR_U1230,Weekend,9,9,0.75,119.11666666666667,119.86666666666667,17.25,5.06,2022-04-30T17:15:00.0
KR_U1230,Weekend,9,8,2.2666666666666666,92.38333333333334,94.65,17.116666666666667,15.01,2022-05-15T17:07:00.0
KR_U1230,Weekend,8,9,3.1,70.36666666666667,73.46666666666667,15.766666666666667,20.76,2022-05-29T15:46:00.0
KR_U1230,Weekend,9,9,2.4,69.58333333333333,71.98333333333333,17.233333333333334,15.99,2022-06-11T17:14:00.0
KR_U1230,Weekend,9,9,1.3166666666666667,190.7,192.01666666666665,17.216666666666665,8.7,2022-06-19T17:13:00.0
KR_U1230,Weekday,9,9,2.966666666666667,44.86666666666667,47.833333333333336,17.433333333333334,19.84,2021-10-05T17:26:00.0
KR_U1230,Weekday,9,9,0.9833333333333333,95.4,96.38333333333334,17.266666666666666,6.59,2021-10-07T17:16:00.0
KR_U1230,Weekday,9,9,1.7833333333333334,22.016666666666666,23.8,17.65,11.89,2021-10-13T17:39:00.0
KR_U1230,Weekday,9,9,0.9166666666666666,71.08333333333333,72.0,17.45,6.08,2021-10-14T17:27:00.0
KR_U1230,Weekday,9,9,1.2333333333333334,70.96666666666667,72.2,17.45,8.13,2021-10-19T17:27:00.0
KR_U1230,Weekday,9,10,1.5333333333333334,22.983333333333334,24.51666666666667,17.65,10.18,2021-10-22T17:39:00.0
KR_U1230,Weekday,10,10,0.5166666666666667,143.43333333333334,143.95000000000002,18.166666666666668,3.37,2021-10-25T18:10:00.0
KR_U1230,Weekday,10,9,1.6166666666666667,45.849999999999994,47.46666666666666,18.116666666666667,10.75,2021-11-02T18:07:00.0
KR_U1230,Weekday,9,9,1.05,46.900000000000006,47.95,17.583333333333332,6.94,2021-11-04T17:35:00.0
KR_U1230,Weekday,9,9,1.9833333333333334,141.73333333333335,143.71666666666667,17.533333333333335,13.14,2021-11-08T17:32:00.0
KR_U1230,Weekday,9,9,3.0833333333333335,44.96666666666667,48.050000000000004,17.25,20.77,2021-11-16T17:15:00.0
KR_U1230,Weekday,9,9,2.283333333333333,93.88333333333334,96.16666666666667,17.3,15.13,2021-11-18T17:18:00.0
KR_U1230,Weekday,9,9,1.95,70.03333333333333,71.98333333333333,17.466666666666665,13.03,2021-11-24T17:28:00.0
KR_U1230,Weekday,9,9,2.85,45.55,48.4,17.45,19.02,2021-11-29T17:27:00.0
KR_U1230,Weekday,9,9,1.8,46.11666666666667,47.916666666666664,17.85,12.04,2021-12-01T17:51:00.0
KR_U1230,Weekday,9,9,1.8,45.91666666666667,47.71666666666667,17.766666666666666,11.98,2021-12-03T17:46:00.0
KR_U1230,Weekday,9,9,1.8833333333333333,70.01666666666667,71.9,17.483333333333334,12.41,2021-12-07T17:29:00.0
KR_U1230,Weekday,9,9,1.5333333333333334,22.616666666666667,24.150000000000002,17.383333333333333,10.22,2021-12-10T17:23:00.0
KR_U1230,Weekday,9,9,1.3833333333333333,46.38333333333333,47.766666666666666,17.533333333333335,9.18,2021-12-13T17:32:00.0
KR_U1230,Weekday,9,9,1.7666666666666666,46.43333333333334,48.2,17.3,11.63,2021-12-15T17:18:00.0
KR_U1230,Weekday,9,9,3.0833333333333335,44.650000000000006,47.73333333333334,17.5,20.51,2021-12-17T17:30:00.0
KR_U1230,Weekday,9,9,0.7333333333333333,71.55,72.28333333333333,17.233333333333334,4.88,2021-12-21T17:14:00.0
KR_U1230,Weekday,9,9,3.1333333333333333,20.683333333333334,23.816666666666666,17.516666666666666,20.76,2021-12-24T17:31:00.0
KR_U1230,Weekday,9,9,3.1333333333333333,117.11666666666666,120.25,17.333333333333332,20.77,2021-12-27T17:20:00.0
KR_U1230,Weekday,9,9,3.1,116.75,119.85,17.583333333333332,20.76,2022-01-03T17:35:00.0
KR_U1230,Weekday,9,9,0.8666666666666667,191.41666666666666,192.28333333333333,17.433333333333334,5.73,2022-01-10T17:26:00.0
KR_U1230,Weekday,9,8,3.1166666666666667,115.08333333333334,118.2,17.716666666666665,20.76,2022-01-20T17:43:00.0
KR_U1230,Weekday,8,9,3.1,22.416666666666668,25.51666666666667,15.916666666666666,20.77,2022-01-27T15:55:00.0
KR_U1230,Weekday,9,7,1.7166666666666666,89.18333333333332,90.89999999999999,17.433333333333334,11.42,2022-01-28T17:26:00.0
KR_U1230,Weekday,7,9,0.7666666666666667,52.4,53.166666666666664,12.333333333333334,5.04,2022-02-03T12:20:00.0
KR_U1230,Weekday,9,9,1.2333333333333334,47.2,48.43333333333334,17.5,8.06,2022-02-07T17:30:00.0
KR_U1230,Weekday,9,9,1.4,238.40000000000003,239.80000000000004,17.933333333333334,9.24,2022-02-09T17:56:00.0
KR_U1230,Weekday,9,9,0.75,215.29999999999998,216.04999999999998,17.733333333333334,4.84,2022-02-23T17:44:00.0
KR_U1230,Weekday,9,9,2.933333333333333,117.06666666666666,120.0,17.783333333333335,19.51,2022-03-08T17:47:00.0
KR_U1230,Weekday,9,9,1.0666666666666667,22.85,23.916666666666668,17.783333333333335,7.11,2022-03-15T17:47:00.0
KR_U1230,Weekday,9,9,0.7666666666666667,71.15,71.91666666666667,17.7,5.01,2022-03-16T17:42:00.0
KR_U1230,Weekday,9,9,3.0833333333333335,69.01666666666667,72.1,17.616666666666667,20.76,2022-03-21T17:37:00.0
KR_U1230,Weekday,9,10,3.1,46.03333333333333,49.13333333333333,17.716666666666665,20.77,2022-03-24T17:43:00.0
KR_U1230,Weekday,10,9,2.6666666666666665,140.21666666666667,142.88333333333333,18.85,17.84,2022-03-28T18:51:00.0
KR_U1230,Weekday,9,9,1.8833333333333333,118.19999999999999,120.08333333333333,17.733333333333334,12.45,2022-04-05T17:44:00.0
KR_U1230,Weekday,9,10,2.283333333333333,70.38333333333333,72.66666666666666,17.816666666666666,15.42,2022-04-12T17:49:00.0
KR_U1230,Weekday,10,9,1.8166666666666667,45.43333333333334,47.25000000000001,18.483333333333334,12.09,2022-04-15T18:29:00.0
KR_U1230,Weekday,9,7,1.55,88.86666666666667,90.41666666666667,17.733333333333334,10.44,2022-04-19T17:44:00.0
KR_U1230,Weekday,7,10,0.85,5.05,5.8999999999999995,12.15,5.76,2022-04-25T12:09:00.0
KR_U1230,Weekday,10,9,2.283333333333333,93.21666666666667,95.5,18.05,15.34,2022-04-25T18:03:00.0
KR_U1230,Weekday,9,9,1.15,70.68333333333334,71.83333333333334,17.55,7.73,2022-04-29T17:33:00.0
KR_U1230,Weekday,9,9,1.6166666666666667,142.61666666666667,144.23333333333335,17.383333333333333,10.82,2022-05-04T17:23:00.0
KR_U1230,Weekday,9,9,2.1333333333333333,22.05,24.183333333333334,17.616666666666667,14.35,2022-05-12T17:37:00.0
KR_U1230,Weekday,9,10,1.5,47.28333333333333,48.78333333333333,17.8,10.0,2022-05-13T17:48:00.0
KR_U1230,Weekday,10,9,1.9833333333333334,20.883333333333333,22.866666666666667,18.583333333333332,13.12,2022-05-17T18:35:00.0
KR_U1230,Weekday,9,9,1.15,47.016666666666666,48.166666666666664,17.45,7.65,2022-05-18T17:27:00.0
KR_U1230,Weekday,9,9,2.3333333333333335,69.33333333333333,71.66666666666666,17.616666666666667,15.63,2022-05-20T17:37:00.0
KR_U1230,Weekday,9,9,3.1333333333333333,117.39999999999999,120.53333333333333,17.283333333333335,20.77,2022-05-25T17:17:00.0
KR_U1230,Weekday,9,9,3.4,44.05,47.449999999999996,17.816666666666666,22.82,2022-06-01T17:49:00.0
KR_U1230,Weekday,9,9,2.45,46.15,48.6,17.266666666666666,16.36,2022-06-03T17:16:00.0
KR_U1230,Weekday,9,9,1.9,45.86666666666667,47.766666666666666,17.866666666666667,12.88,2022-06-07T17:52:00.0
KR_U1230,Weekday,9,9,2.1666666666666665,93.78333333333333,95.95,17.633333333333333,14.42,2022-06-09T17:38:00.0
KR_U1230,Weekday,9,9,3.183333333333333,44.91666666666667,48.1,17.583333333333332,21.32,2022-06-15T17:35:00.0
KR_U1230,Weekday,9,9,1.25,70.64999999999999,71.89999999999999,17.683333333333334,8.34,2022-06-17T17:41:00.0
KR_U1230,Weekday,9,7,2.8333333333333335,87.61666666666666,90.44999999999999,17.583333333333332,18.89,2022-06-22T17:35:00.0
KR_U1230,Weekday,7,9,0.6666666666666666,4.95,5.616666666666667,12.033333333333333,4.43,2022-06-28T12:02:00.0
KR_U1230,Weekday,9,10,3.0833333333333335,70.73333333333333,73.81666666666666,17.65,20.77,2022-06-28T17:39:00.0
KR_U1230,Weekday,10,9,3.1,18.816666666666666,21.916666666666668,19.466666666666665,20.77,2022-07-01T19:28:00.0
KR_U1230,Weekday,9,10,0.26666666666666666,24.566666666666663,24.83333333333333,17.383333333333333,1.74,2022-07-04T17:23:00.0
KR_U1230,Weekday,10,10,3.1,44.9,48.0,18.216666666666665,20.77,2022-07-05T18:13:00.0
KR_U1230,Weekday,10,9,3.033333333333333,19.7,22.733333333333334,18.216666666666665,20.16,2022-07-07T18:13:00.0
KR_U1230,Weekday,9,9,0.16666666666666666,24.516666666666666,24.683333333333334,16.95,1.04,2022-07-08T16:57:00.0
KR_U1230,Weekday,9,9,3.1166666666666667,21.216666666666665,24.333333333333332,17.633333333333333,20.77,2022-07-11T17:38:00.0
KR_U1230,Weekday,9,9,2.0833333333333335,69.18333333333334,71.26666666666667,17.966666666666665,13.74,2022-07-12T17:58:00.0
KR_U1230,Weekday,9,9,2.216666666666667,22.21666666666667,24.433333333333337,17.233333333333334,14.8,2022-07-15T17:14:00.0
KR_U1230,Weekday,9,10,1.4166666666666667,47.06666666666666,48.48333333333333,17.666666666666668,9.45,2022-07-18T17:40:00.0
KR_U1446,Weekend,8,6,2.716666666666667,41.81666666666666,44.53333333333333,14.783333333333333,18.11,2021-10-16T14:47:00.0
KR_U1446,Weekend,6,7,0.7,1.0833333333333333,1.7833333333333332,11.316666666666666,4.73,2021-10-23T11:19:00.0
KR_U1446,Weekend,9,9,1.5166666666666666,46.6,48.11666666666667,16.916666666666668,10.03,2022-01-29T16:55:00.0
KR_U1446,Weekend,9,9,1.4166666666666667,46.88333333333333,48.3,17.033333333333335,9.36,2022-02-05T17:02:00.0
KR_U1446,Weekend,9,8,2.55,43.333333333333336,45.88333333333333,17.333333333333332,16.86,2022-02-12T17:20:00.0
KR_U1446,Weekend,8,9,1.5166666666666666,145.23333333333332,146.75,15.216666666666667,10.17,2022-02-19T15:13:00.0
KR_U1446,Weekend,9,10,0.55,0.31666666666666665,0.8666666666666667,17.966666666666665,3.6,2022-03-12T17:58:00.0
KR_U1446,Weekend,10,9,3.0,42.68333333333334,45.68333333333334,18.833333333333332,20.06,2022-03-12T18:50:00.0
KR_U1446,Weekend,9,7,1.4,139.11666666666667,140.51666666666668,16.516666666666666,9.36,2022-03-19T16:31:00.0
KR_U1446,Weekend,7,9,1.7833333333333334,49.366666666666674,51.150000000000006,13.033333333333333,12.06,2022-04-09T13:02:00.0
KR_U1446,Weekend,9,9,2.2333333333333334,46.11666666666667,48.35,16.183333333333334,14.95,2022-04-16T16:11:00.0
KR_U1446,Weekend,9,9,1.3166666666666667,47.68333333333334,49.00000000000001,16.533333333333335,8.78,2022-04-23T16:32:00.0
KR_U1446,Weekend,9,8,1.8166666666666667,92.60000000000001,94.41666666666667,17.533333333333335,12.27,2022-04-30T17:32:00.0
KR_U1446,Weekend,8,8,1.3333333333333333,142.28333333333333,143.61666666666667,15.95,8.95,2022-05-14T15:57:00.0
KR_U1446,Weekend,8,5,1.5166666666666666,40.333333333333336,41.85,15.566666666666666,10.09,2022-06-04T15:34:00.0
KR_U1446,Weekend,5,4,2.25,44.2,46.45,9.416666666666666,15.1,2022-06-11T09:25:00.0
KR_U1446,Weekend,4,9,3.1166666666666667,54.13333333333333,57.25,7.866666666666667,20.76,2022-06-18T07:52:00.0
KR_U1446,Weekday,9,9,3.1166666666666667,92.78333333333333,95.89999999999999,16.716666666666665,20.76,2021-10-06T16:43:00.0
KR_U1446,Weekday,9,9,1.8333333333333333,117.81666666666666,119.64999999999999,16.616666666666667,12.33,2021-10-12T16:37:00.0
KR_U1446,Weekday,9,9,2.1,22.466666666666665,24.566666666666666,16.266666666666666,14.05,2021-10-19T16:16:00.0
KR_U1446,Weekday,9,9,1.7666666666666666,93.91666666666667,95.68333333333334,16.833333333333332,11.67,2021-10-20T16:50:00.0
KR_U1446,Weekday,9,9,1.0166666666666666,191.5,192.51666666666668,16.516666666666666,6.86,2021-10-26T16:31:00.0
KR_U1446,Weekday,9,8,2.65,67.83333333333333,70.48333333333333,17.033333333333335,17.7,2021-11-05T17:02:00.0
KR_U1446,Weekday,8,9,2.6333333333333333,167.0,169.63333333333333,15.516666666666667,17.54,2021-11-10T15:31:00.0
KR_U1446,Weekday,9,9,2.0,69.46666666666667,71.46666666666667,17.15,13.24,2021-11-19T17:09:00.0
KR_U1446,Weekday,9,8,1.4166666666666667,69.13333333333334,70.55000000000001,16.616666666666667,9.6,2021-11-24T16:37:00.0
KR_U1446,Weekday,8,8,3.1,164.5666666666667,167.66666666666669,15.166666666666666,20.77,2021-11-29T15:10:00.0
KR_U1446,Weekday,8,9,2.8,22.766666666666666,25.566666666666666,14.833333333333334,18.62,2021-12-08T14:50:00.0
KR_U1446,Weekday,9,9,2.066666666666667,95.41666666666666,97.48333333333332,16.4,13.83,2021-12-09T16:24:00.0
KR_U1446,Weekday,9,9,3.1,116.8,119.89999999999999,17.883333333333333,20.76,2021-12-15T17:53:00.0
KR_U1446,Weekday,9,9,2.7666666666666666,68.23333333333333,71.0,17.783333333333335,18.49,2021-12-22T17:47:00.0
KR_U1446,Weekday,9,9,0.7833333333333333,47.21666666666667,48.0,16.783333333333335,5.17,2021-12-27T16:47:00.0
KR_U1446,Weekday,9,9,3.1333333333333333,44.96666666666667,48.1,16.783333333333335,20.76,2021-12-29T16:47:00.0
KR_U1446,Weekday,9,9,1.6666666666666667,46.016666666666666,47.68333333333333,16.883333333333333,11.0,2021-12-31T16:53:00.0
KR_U1446,Weekday,9,9,3.1,21.133333333333333,24.233333333333334,16.566666666666666,20.76,2022-01-04T16:34:00.0
KR_U1446,Weekday,9,9,0.45,23.05,23.5,16.8,2.9,2022-01-05T16:48:00.0
KR_U1446,Weekday,9,9,2.55,22.583333333333336,25.133333333333336,16.3,16.92,2022-01-06T16:18:00.0
KR_U1446,Weekday,9,6,0.7333333333333333,41.266666666666666,42.0,17.433333333333334,4.85,2022-01-07T17:26:00.0
KR_U1446,Weekday,6,9,2.55,2.2666666666666666,4.816666666666666,11.433333333333334,16.95,2022-01-11T11:26:00.0
KR_U1446,Weekday,9,9,1.6333333333333333,239.78333333333333,241.41666666666666,16.25,10.7,2022-01-11T16:15:00.0
KR_U1446,Weekday,9,9,3.466666666666667,44.21666666666667,47.68333333333334,17.666666666666668,23.21,2022-01-25T17:40:00.0
KR_U1446,Weekday,9,9,2.9166666666666665,21.233333333333334,24.150000000000002,17.35,19.46,2022-01-27T17:21:00.0
KR_U1446,Weekday,9,5,1.65,110.26666666666667,111.91666666666667,17.5,10.95,2022-01-28T17:30:00.0
KR_U1446,Weekday,5,9,0.85,7.166666666666667,8.016666666666667,9.416666666666666,5.68,2022-02-04T09:25:00.0
KR_U1446,Weekday,9,5,2.65,37.583333333333336,40.233333333333334,17.433333333333334,17.69,2022-02-04T17:26:00.0
KR_U1446,Weekday,5,9,0.48333333333333334,7.033333333333333,7.516666666666667,9.666666666666666,3.2,2022-02-08T09:40:00.0
KR_U1446,Weekday,9,10,2.3833333333333333,46.46666666666667,48.85,17.183333333333334,15.85,2022-02-08T17:11:00.0
KR_U1446,Weekday,10,9,2.7666666666666666,68.66666666666667,71.43333333333334,18.033333333333335,18.42,2022-02-10T18:02:00.0
KR_U1446,Weekday,9,9,2.05,46.03333333333333,48.08333333333333,17.466666666666665,13.44,2022-02-15T17:28:00.0
KR_U1446,Weekday,9,9,3.033333333333333,45.28333333333333,48.31666666666666,17.55,19.93,2022-02-17T17:33:00.0
KR_U1446,Weekday,9,9,2.0833333333333335,69.08333333333333,71.16666666666666,17.866666666666667,13.72,2022-02-21T17:52:00.0
KR_U1446,Weekday,9,8,2.3666666666666667,68.48333333333333,70.85,17.033333333333335,15.66,2022-02-24T17:02:00.0
KR_U1446,Weekday,8,9,0.4666666666666667,0.6166666666666667,1.0833333333333335,15.883333333333333,3.1,2022-03-01T15:53:00.0
KR_U1446,Weekday,9,5,1.3666666666666667,87.28333333333333,88.64999999999999,16.966666666666665,9.0,2022-03-01T16:58:00.0
KR_U1446,Weekday,5,10,1.3833333333333333,7.05,8.433333333333334,9.616666666666667,9.26,2022-03-07T09:37:00.0
KR_U1446,Weekday,10,9,1.55,93.38333333333334,94.93333333333334,18.05,10.31,2022-03-07T18:03:00.0
KR_U1446,Weekday,9,10,1.4166666666666667,95.68333333333332,97.1,16.983333333333334,9.41,2022-03-11T16:59:00.0
KR_U1446,Weekday,10,9,2.85,43.45,46.300000000000004,18.083333333333332,19.08,2022-03-17T18:05:00.0
KR_U1446,Weekday,9,9,1.45,23.633333333333333,25.083333333333332,16.383333333333333,9.65,2022-03-21T16:23:00.0
KR_U1446,Weekday,9,9,2.033333333333333,21.666666666666668,23.700000000000003,17.466666666666665,13.48,2022-03-22T17:28:00.0
KR_U1446,Weekday,9,9,2.4,21.1,23.5,17.166666666666668,16.16,2022-03-23T17:10:00.0
KR_U1446,Weekday,9,9,1.3,46.65,47.949999999999996,16.666666666666668,8.74,2022-03-24T16:40:00.0
KR_U1446,Weekday,9,9,3.1,21.43333333333333,24.53333333333333,16.616666666666667,20.77,2022-03-28T16:37:00.0
KR_U1446,Weekday,9,9,1.95,22.4,24.349999999999998,17.15,13.04,2022-03-29T17:09:00.0
KR_U1446,Weekday,9,9,1.3833333333333333,190.95000000000002,192.33333333333334,17.5,9.13,2022-03-30T17:30:00.0
KR_U1446,Weekday,9,9,2.7666666666666666,116.66666666666667,119.43333333333334,17.833333333333332,18.45,2022-04-11T17:50:00.0
KR_U1446,Weekday,9,9,2.0,21.35,23.35,17.266666666666666,13.45,2022-04-18T17:16:00.0
KR_U1446,Weekday,9,9,1.5166666666666666,94.56666666666668,96.08333333333334,16.616666666666667,10.2,2022-04-19T16:37:00.0
KR_U1446,Weekday,9,9,2.2,70.66666666666667,72.86666666666667,16.7,14.61,2022-04-25T16:42:00.0
KR_U1446,Weekday,9,9,1.4333333333333333,46.25,47.68333333333333,17.566666666666666,9.51,2022-04-28T17:34:00.0
KR_U1446,Weekday,9,9,2.5166666666666666,45.38333333333333,47.9,17.25,17.02,2022-05-02T17:15:00.0
KR_U1446,Weekday,9,9,2.8333333333333335,45.28333333333333,48.11666666666667,17.15,18.88,2022-05-04T17:09:00.0
KR_U1446,Weekday,9,9,2.183333333333333,22.083333333333336,24.26666666666667,17.266666666666666,14.67,2022-05-06T17:16:00.0
KR_U1446,Weekday,9,9,1.4333333333333333,141.15,142.58333333333334,17.533333333333335,9.66,2022-05-09T17:32:00.0
KR_U1446,Weekday,9,9,1.65,23.71666666666667,25.366666666666667,16.116666666666667,11.11,2022-05-17T16:07:00.0
KR_U1446,Weekday,9,9,2.2333333333333334,45.33333333333333,47.56666666666666,17.483333333333334,15.06,2022-05-18T17:29:00.0
KR_U1446,Weekday,9,9,1.75,46.766666666666666,48.516666666666666,17.05,11.75,2022-05-20T17:03:00.0
KR_U1446,Weekday,9,8,1.9666666666666666,67.95,69.91666666666667,17.566666666666666,13.3,2022-05-24T17:34:00.0
KR_U1446,Weekday,8,9,2.033333333333333,23.96666666666667,26.0,15.483333333333333,13.67,2022-05-27T15:29:00.0
KR_U1446,Weekday,9,9,0.9833333333333333,23.200000000000003,24.183333333333337,17.483333333333334,6.61,2022-05-30T17:29:00.0
KR_U1446,Weekday,9,11,2.6,24.733333333333334,27.333333333333336,17.666666666666668,17.52,2022-05-31T17:40:00.0
KR_U1446,Weekday,11,9,2.15,41.083333333333336,43.233333333333334,21.0,14.39,2022-06-01T21:00:00.0
KR_U1446,Weekday,9,9,2.566666666666667,70.01666666666667,72.58333333333333,16.233333333333334,17.17,2022-06-03T16:14:00.0
KR_U1446,Weekday,9,9,3.1,20.266666666666666,23.366666666666667,16.816666666666666,20.76,2022-06-08T16:49:00.0
KR_U1446,Weekday,9,9,1.5,94.51666666666667,96.01666666666667,16.183333333333334,10.03,2022-06-09T16:11:00.0
KR_U1446,Weekday,9,9,3.0833333333333335,69.83333333333334,72.91666666666667,16.2,20.76,2022-06-15T16:12:00.0
KR_U1446,Weekday,9,9,1.8,22.53333333333333,24.333333333333332,17.116666666666667,11.98,2022-06-20T17:07:00.0
KR_U195,Weekend,12,12,3.3333333333333335,44.88333333333333,48.21666666666667,23.05,23.2,2021-10-02T23:03:00.0
KR_U195,Weekend,12,12,2.2333333333333334,141.55,143.78333333333333,23.266666666666666,15.9,2021-10-09T23:16:00.0
KR_U195,Weekend,12,12,3.8,44.28333333333333,48.08333333333333,23.05,27.0,2021-10-30T23:03:00.0
KR_U195,Weekend,8,9,1.35,0.4666666666666667,1.8166666666666669,14.833333333333334,9.48,2022-01-02T14:50:00.0
KR_U195,Weekend,9,6,2.283333333333333,16.0,18.28333333333333,16.65,15.73,2022-01-02T16:39:00.0
KR_U195,Weekend,6,10,1.8333333333333333,29.85,31.683333333333334,10.933333333333334,12.89,2022-01-08T10:56:00.0
KR_U195,Weekend,7,7,3.65,44.516666666666666,48.166666666666664,12.966666666666667,25.26,2022-03-06T12:58:00.0
KR_U195,Weekend,7,7,1.35,94.65,96.0,13.133333333333333,11.38,2022-03-13T13:08:00.0
KR_U195,Weekend,7,7,9.0,183.06666666666666,192.06666666666666,13.133333333333333,21.8,2022-03-27T13:08:00.0
KR_U195,Weekend,7,7,3.3333333333333335,44.61666666666667,47.95,13.2,23.04,2022-04-24T13:12:00.0
KR_U195,Weekend,7,9,2.7333333333333334,97.65,100.38333333333334,13.15,18.94,2022-05-01T13:09:00.0
KR_U195,Weekend,9,11,2.9,23.85,26.75,17.533333333333335,20.02,2022-05-15T17:32:00.0
KR_U195,Weekend,11,8,2.8666666666666667,159.76666666666665,162.63333333333333,20.283333333333335,19.88,2022-05-21T20:17:00.0
KR_U195,Weekend,8,11,2.966666666666667,98.25,101.21666666666667,14.916666666666666,20.59,2022-06-12T14:55:00.0
KR_U195,Weekend,11,7,2.716666666666667,134.01666666666668,136.73333333333335,20.133333333333333,18.59,2022-06-26T20:08:00.0
KR_U195,Weekend,7,12,2.283333333333333,32.7,34.983333333333334,12.866666666666667,16.18,2022-07-17T12:52:00.0
KR_U195,Weekday,12,12,3.033333333333333,116.88333333333334,119.91666666666667,23.25,20.8,2021-10-07T23:15:00.0
KR_U195,Weekday,12,12,3.15,68.81666666666666,71.96666666666667,23.166666666666668,21.4,2021-10-14T23:10:00.0
KR_U195,Weekday,12,12,3.5,68.38333333333333,71.88333333333333,23.133333333333333,23.7,2021-10-19T23:08:00.0
KR_U195,Weekday,12,12,3.316666666666667,47.46666666666667,50.78333333333334,23.016666666666666,22.7,2021-10-22T23:01:00.0
KR_U195,Weekday,12,5,3.45,78.33333333333333,81.78333333333333,23.466666666666665,24.5,2021-10-26T23:28:00.0
KR_U195,Weekday,5,5,1.9333333333333333,21.133333333333333,23.066666666666666,9.25,13.8,2021-11-01T09:15:00.0
KR_U195,Weekday,5,12,0.8833333333333333,13.916666666666666,14.799999999999999,8.316666666666666,6.2,2021-11-02T08:19:00.0
KR_U195,Weekday,12,12,2.9166666666666665,141.2,144.11666666666665,23.116666666666667,20.7,2021-11-02T23:07:00.0
KR_U195,Weekday,12,12,2.7666666666666666,69.03333333333333,71.8,23.233333333333334,19.5,2021-11-10T23:14:00.0
KR_U195,Weekday,12,12,3.45,92.66666666666666,96.11666666666666,23.033333333333335,23.8,2021-11-15T23:02:00.0
KR_U195,Weekday,12,10,3.0833333333333335,91.48333333333333,94.56666666666666,23.15,21.9,2021-11-19T23:09:00.0
KR_U195,Weekday,10,11,2.7,70.0,72.7,19.483333333333334,18.55,2021-11-25T19:29:00.0
KR_U195,Weekday,11,12,3.033333333333333,48.43333333333334,51.46666666666667,20.183333333333334,20.94,2021-11-30T20:11:00.0
KR_U195,Weekday,12,12,3.033333333333333,92.5,95.53333333333333,23.65,20.99,2021-12-02T23:39:00.0
KR_U195,Weekday,12,12,3.1333333333333333,68.81666666666666,71.95,23.183333333333334,22.97,2021-12-08T23:11:00.0
KR_U195,Weekday,12,9,3.1166666666666667,110.06666666666666,113.18333333333332,23.133333333333333,21.53,2021-12-13T23:08:00.0
KR_U195,Weekday,9,6,2.816666666666667,87.86666666666667,90.68333333333334,16.316666666666666,19.37,2021-12-20T16:19:00.0
KR_U195,Weekday,6,10,2.8,77.55000000000001,80.35000000000001,11.0,19.27,2021-12-24T11:00:00.0
KR_U195,Weekday,10,10,3.5166666666666666,92.05,95.56666666666666,19.35,24.28,2021-12-29T19:21:00.0
KR_U195,Weekday,10,10,3.2333333333333334,141.15,144.38333333333333,18.916666666666668,22.45,2022-01-04T18:55:00.0
KR_U195,Weekday,10,10,2.8333333333333335,69.0,71.83333333333333,19.3,19.3,2022-01-12T19:18:00.0
KR_U195,Weekday,10,10,3.3666666666666667,68.33333333333333,71.69999999999999,19.133333333333333,23.29,2022-01-17T19:08:00.0
KR_U195,Weekday,10,10,2.9166666666666665,69.16666666666667,72.08333333333334,18.833333333333332,20.06,2022-01-20T18:50:00.0
KR_U195,Weekday,10,10,2.8,117.11666666666666,119.91666666666666,18.916666666666668,19.42,2022-01-25T18:55:00.0
KR_U195,Weekday,7,11,3.0,124.11666666666666,127.11666666666666,13.366666666666667,20.94,2022-02-18T13:22:00.0
KR_U195,Weekday,10,10,3.4,69.35,72.75,18.7,23.49,2022-03-16T18:42:00.0
KR_U195,Weekday,10,6,3.2333333333333334,204.85,208.08333333333331,19.45,22.69,2022-03-21T19:27:00.0
KR_U195,Weekday,6,11,2.433333333333333,79.46666666666667,81.9,11.533333333333333,16.76,2022-04-01T11:32:00.0
KR_U195,Weekday,11,9,2.9166666666666665,89.45,92.36666666666667,21.433333333333334,20.35,2022-04-06T21:26:00.0
KR_U195,Weekday,9,10,3.033333333333333,142.08333333333334,145.11666666666667,17.8,20.9,2022-04-12T17:48:00.0
KR_U195,Weekday,9,10,3.1,71.93333333333334,75.03333333333333,16.433333333333334,21.49,2022-05-05T16:26:00.0
KR_U195,Weekday,10,11,2.783333333333333,46.96666666666667,49.75,19.466666666666665,19.47,2022-05-10T19:28:00.0
KR_U195,Weekday,10,10,3.2,68.11666666666667,71.31666666666668,18.783333333333335,22.22,2022-05-27T18:47:00.0
KR_U195,Weekday,10,12,2.8666666666666667,98.08333333333333,100.94999999999999,18.1,19.86,2022-06-01T18:06:00.0
KR_U195,Weekday,12,11,2.9,187.21666666666667,190.11666666666667,23.05,20.08,2022-06-07T23:03:00.0
KR_U195,Weekday,11,10,2.716666666666667,67.36666666666667,70.08333333333334,21.166666666666668,18.71,2022-06-17T21:10:00.0
KR_U195,Weekday,10,8,3.0166666666666666,161.55,164.5666666666667,19.25,20.83,2022-06-22T19:15:00.0
KR_U195,Weekday,8,10,3.1333333333333333,95.68333333333334,98.81666666666668,15.816666666666666,21.78,2022-07-01T15:49:00.0
KR_U195,Weekday,10,10,2.7333333333333334,45.516666666666666,48.25,18.633333333333333,18.95,2022-07-07T18:38:00.0
KR_U195,Weekday,10,11,2.55,142.65,145.20000000000002,18.883333333333333,17.53,2022-07-11T18:53:00.0
KR_U195,Weekday,11,12,3.0166666666666666,143.45000000000002,146.4666666666667,20.083333333333332,20.89,2022-07-19T20:05:00.0
KR_U195,Weekday,12,10,3.25,136.91666666666666,140.16666666666666,22.55,22.56,2022-07-27T22:33:00.0
KR_U195,Weekday,10,10,2.566666666666667,190.03333333333333,192.6,18.716666666666665,17.77,2022-08-04T18:43:00.0
KR_U195,Weekday,10,9,2.716666666666667,114.81666666666666,117.53333333333333,19.316666666666666,18.69,2022-08-16T19:19:00.0
KR_U195,Weekday,9,9,3.183333333333333,69.48333333333333,72.66666666666667,16.85,22.21,2022-08-23T16:51:00.0
KR_U195,Weekday,9,10,3.2,70.3,73.5,17.516666666666666,22.14,2022-08-26T17:31:00.0
KR_U195,Weekday,10,10,3.1666666666666665,92.51666666666667,95.68333333333334,19.016666666666666,22.01,2022-08-31T19:01:00.0
KR_U195,Weekday,10,10,3.1166666666666667,116.98333333333333,120.1,18.7,21.64,2022-09-06T18:42:00.0
KR_U195,Weekday,10,10,2.9166666666666665,189.08333333333334,192.0,18.8,20.21,2022-09-13T18:48:00.0
KR_U1629,Weekend,8,8,3.0833333333333335,237.21666666666667,240.3,15.416666666666666,10.1,2021-10-03T15:25:00.0
KR_U1629,Weekend,8,8,3.033333333333333,116.03333333333333,119.06666666666666,15.716666666666667,9.6,2021-11-07T15:43:00.0
KR_U1629,Weekend,9,8,2.1,45.13333333333333,47.233333333333334,16.2,7.77,2022-02-27T16:12:00.0
KR_U1629,Weekend,8,12,2.7333333333333334,125.11666666666666,127.85,15.433333333333334,9.22,2022-03-06T15:26:00.0
KR_U1629,Weekend,12,7,2.7666666666666666,34.03333333333333,36.8,23.283333333333335,9.25,2022-03-26T23:17:00.0
KR_U1629,Weekend,7,5,2.65,90.31666666666666,92.96666666666667,12.083333333333334,9.24,2022-04-02T12:05:00.0
KR_U1629,Weekend,5,11,2.5833333333333335,129.10000000000002,131.68333333333337,9.05,8.82,2022-04-16T09:03:00.0
KR_U1629,Weekday,5,10,3.066666666666667,53.733333333333334,56.800000000000004,9.6,10.2,2021-10-01T09:36:00.0
KR_U1629,Weekday,10,7,3.3333333333333335,110.28333333333333,113.61666666666666,18.4,10.4,2021-10-05T18:24:00.0
KR_U1629,Weekday,7,9,2.55,121.65,124.2,12.016666666666667,9.7,2021-10-12T12:01:00.0
KR_U1629,Weekday,9,10,1.5166666666666666,24.7,26.216666666666665,16.216666666666665,5.8,2021-10-19T16:13:00.0
KR_U1629,Weekday,10,5,3.1166666666666667,131.38333333333333,134.5,18.433333333333334,9.9,2021-10-20T18:26:00.0
KR_U1629,Weekday,5,6,3.9,69.48333333333333,73.38333333333334,8.933333333333334,10.3,2021-10-28T08:56:00.0
KR_U1629,Weekday,6,7,3.0833333333333335,23.416666666666664,26.499999999999996,10.316666666666666,10.0,2021-11-02T10:19:00.0
KR_U1629,Weekday,7,5,1.9333333333333333,42.35,44.28333333333333,12.816666666666666,7.3,2021-11-03T12:49:00.0
KR_U1629,Weekday,5,9,2.533333333333333,4.983333333333333,7.516666666666667,9.1,9.5,2021-11-05T09:06:00.0
KR_U1629,Weekday,9,7,1.4666666666666666,42.06666666666667,43.53333333333334,16.616666666666667,5.5,2021-11-05T16:37:00.0
KR_U1629,Weekday,7,6,1.8,21.21666666666667,23.01666666666667,12.15,6.7,2021-11-09T12:09:00.0
KR_U1629,Weekday,6,5,2.966666666666667,18.8,21.766666666666666,11.166666666666666,9.9,2021-11-10T11:10:00.0
KR_U1629,Weekday,5,9,1.8833333333333333,77.43333333333334,79.31666666666668,8.933333333333334,7.1,2021-11-11T08:56:00.0
KR_U1629,Weekday,9,6,1.5,17.2,18.7,16.25,5.8,2021-11-16T16:15:00.0
KR_U1629,Weekday,6,5,3.5833333333333335,42.35,45.93333333333334,10.95,9.9,2021-11-17T10:57:00.0
KR_U1629,Weekday,5,5,3.433333333333333,45.400000000000006,48.833333333333336,8.883333333333333,9.6,2021-11-19T08:53:00.0
KR_U1629,Weekday,5,10,2.75,6.9,9.65,9.716666666666667,9.42,2021-11-23T09:43:00.0
KR_U1629,Weekday,10,7,2.316666666666667,15.799999999999999,18.116666666666667,19.366666666666667,7.51,2021-11-23T19:22:00.0
KR_U1629,Weekday,7,10,1.2166666666666666,28.7,29.916666666666664,13.483333333333333,3.81,2021-11-24T13:29:00.0
KR_U1629,Weekday,10,10,3.55,20.783333333333335,24.333333333333336,19.4,9.95,2021-11-25T19:24:00.0
KR_U1629,Weekday,10,5,2.7,10.433333333333334,13.133333333333333,19.733333333333334,9.19,2021-11-26T19:44:00.0
KR_U1629,Weekday,5,11,1.6333333333333333,57.86666666666667,59.5,8.866666666666667,6.04,2021-11-29T08:52:00.0
KR_U1629,Weekday,11,7,2.9166666666666665,37.666666666666664,40.58333333333333,20.366666666666667,9.55,2021-12-01T20:22:00.0
KR_U1629,Weekday,7,5,2.55,17.55,20.1,12.95,9.4,2021-12-03T12:57:00.0
KR_U1629,Weekday,5,5,9.0,14.333333333333332,23.333333333333332,9.05,3.47,2021-12-06T09:03:00.0
KR_U1629,Weekday,5,5,2.533333333333333,45.36666666666667,47.9,8.383333333333333,9.16,2021-12-07T08:23:00.0
KR_U1629,Weekday,5,7,2.7666666666666666,25.21666666666667,27.983333333333334,8.283333333333333,9.46,2021-12-09T08:17:00.0
KR_U1629,Weekday,7,5,2.7,17.53333333333333,20.23333333333333,12.266666666666667,9.25,2021-12-10T12:16:00.0
KR_U1629,Weekday,5,5,9.0,14.6,23.6,8.5,1.91,2021-12-13T08:30:00.0
KR_U1629,Weekday,5,5,1.1333333333333333,23.116666666666667,24.25,8.1,4.07,2021-12-14T08:06:00.0
KR_U1629,Weekday,5,8,2.5833333333333335,4.95,7.533333333333333,8.35,9.24,2021-12-15T08:21:00.0
KR_U1629,Weekday,8,5,1.0666666666666667,15.533333333333331,16.599999999999998,15.883333333333333,2.99,2021-12-15T15:53:00.0
KR_U1629,Weekday,5,5,2.683333333333333,69.73333333333333,72.41666666666667,8.483333333333333,9.15,2021-12-16T08:29:00.0
KR_U1629,Weekday,5,8,2.0833333333333335,27.016666666666666,29.099999999999998,8.9,7.76,2021-12-21T08:54:00.0
KR_U1629,Weekday,8,7,1.2166666666666666,116.83333333333333,118.05,14.0,4.47,2021-12-22T14:00:00.0
KR_U1629,Weekday,7,7,2.75,165.28333333333333,168.03333333333333,12.05,9.5,2021-12-29T12:03:00.0
KR_U1629,Weekday,7,8,1.4666666666666666,0.9666666666666667,2.433333333333333,12.083333333333334,4.58,2022-01-07T12:05:00.0
KR_U1629,Weekday,8,7,1.3333333333333333,188.21666666666667,189.55,14.516666666666667,5.01,2022-01-07T14:31:00.0
KR_U1629,Weekday,7,9,1.7333333333333334,2.25,3.9833333333333334,12.066666666666666,6.49,2022-01-19T12:04:00.0
KR_U1629,Weekday,9,9,2.3833333333333333,21.766666666666666,24.15,16.05,7.98,2022-01-19T16:03:00.0
KR_U1629,Weekday,9,5,2.65,134.16666666666669,136.8166666666667,16.2,9.13,2022-01-20T16:12:00.0
KR_U1629,Weekday,5,9,1.0833333333333333,174.0,175.08333333333334,9.016666666666667,5.47,2022-01-28T09:01:00.0
KR_U1629,Weekday,9,6,2.3333333333333335,17.183333333333334,19.516666666666666,16.1,8.73,2022-02-08T16:06:00.0
KR_U1629,Weekday,6,7,2.2333333333333334,46.349999999999994,48.58333333333333,11.616666666666667,8.24,2022-02-09T11:37:00.0
KR_U1629,Weekday,7,8,1.0,2.45,3.45,12.2,3.71,2022-02-11T12:12:00.0
KR_U1629,Weekday,8,9,1.4,24.03333333333333,25.43333333333333,15.65,4.97,2022-02-11T15:39:00.0
KR_U1629,Weekday,9,6,2.816666666666667,39.983333333333334,42.800000000000004,17.083333333333332,9.65,2022-02-14T17:05:00.0
KR_U1629,Weekday,6,9,2.05,2.066666666666667,4.116666666666667,11.883333333333333,7.6,2022-02-16T11:53:00.0
KR_U1629,Weekday,9,8,0.8166666666666667,95.15,95.96666666666667,16.0,3.02,2022-02-16T16:00:00.0
KR_U1629,Weekday,8,7,1.5833333333333333,18.96666666666667,20.55,15.966666666666667,5.84,2022-02-22T15:58:00.0
KR_U1629,Weekday,7,9,2.7666666666666666,49.333333333333336,52.1,12.516666666666667,9.26,2022-02-23T12:31:00.0
KR_U1629,Weekday,9,8,2.55,20.516666666666666,23.066666666666666,16.616666666666667,9.45,2022-02-25T16:37:00.0
KR_U1629,Weekday,8,5,1.7166666666666666,63.266666666666666,64.98333333333333,15.683333333333334,6.43,2022-02-28T15:41:00.0
KR_U1629,Weekday,5,5,2.716666666666667,21.683333333333334,24.4,8.666666666666666,9.39,2022-03-03T08:40:00.0
KR_U1629,Weekday,5,8,1.8166666666666667,4.083333333333333,5.8999999999999995,9.066666666666666,6.72,2022-03-04T09:04:00.0
KR_U1629,Weekday,8,9,0.7833333333333333,25.25,26.033333333333335,14.966666666666667,2.93,2022-03-04T14:58:00.0
KR_U1629,Weekday,9,10,2.0833333333333335,24.3,26.383333333333333,17.0,6.88,2022-03-07T17:00:00.0
KR_U1629,Weekday,10,5,3.433333333333333,34.11666666666667,37.55,19.383333333333333,9.51,2022-03-08T19:23:00.0
KR_U1629,Weekday,5,5,2.183333333333333,21.7,23.883333333333333,8.933333333333334,7.84,2022-03-10T08:56:00.0
KR_U1629,Weekday,5,6,2.066666666666667,24.583333333333336,26.650000000000002,8.816666666666666,7.77,2022-03-11T08:49:00.0
KR_U1629,Weekday,6,5,2.9,19.15,22.049999999999997,11.466666666666667,9.67,2022-03-14T11:28:00.0
KR_U1629,Weekday,5,7,2.35,25.983333333333334,28.333333333333336,9.516666666666667,7.99,2022-03-15T09:31:00.0
KR_U1629,Weekday,7,8,0.5,0.4666666666666667,0.9666666666666667,13.85,1.86,2022-03-16T13:51:00.0
KR_U1629,Weekday,8,5,1.1666666666666667,88.66666666666667,89.83333333333334,14.816666666666666,4.36,2022-03-16T14:49:00.0
KR_U1629,Weekday,5,6,1.5,1.4666666666666666,2.966666666666667,8.65,5.58,2022-03-22T08:39:00.0
KR_U1629,Weekday,6,8,2.216666666666667,1.3833333333333333,3.6,11.616666666666667,5.7,2022-03-22T11:37:00.0
KR_U1629,Weekday,8,5,0.7666666666666667,40.85,41.61666666666667,15.216666666666667,2.84,2022-03-22T15:13:00.0
KR_U1629,Weekday,5,5,0.7,23.55,24.25,8.833333333333334,2.61,2022-03-24T08:50:00.0
KR_U1629,Weekday,5,6,2.8,47.7,50.5,9.083333333333334,9.68,2022-03-25T09:05:00.0
KR_U1629,Weekday,6,5,2.3333333333333335,42.86666666666667,45.2,11.583333333333334,8.71,2022-03-29T11:35:00.0
KR_U1629,Weekday,5,7,2.783333333333333,50.18333333333334,52.96666666666667,8.783333333333333,9.4,2022-03-31T08:47:00.0
KR_U1629,Weekday,7,7,0.6666666666666666,21.96666666666667,22.633333333333336,13.75,2.51,2022-04-04T13:45:00.0
KR_U1629,Weekday,7,7,1.4666666666666666,22.316666666666666,23.78333333333333,12.383333333333333,5.44,2022-04-05T12:23:00.0
KR_U1629,Weekday,7,8,0.8166666666666667,2.1,2.916666666666667,12.166666666666666,2.9,2022-04-06T12:10:00.0
KR_U1629,Weekday,8,7,0.9333333333333333,20.966666666666665,21.9,15.083333333333334,3.48,2022-04-06T15:05:00.0
KR_U1629,Weekday,7,7,1.0833333333333333,22.016666666666666,23.099999999999998,12.983333333333333,4.11,2022-04-07T12:59:00.0
KR_U1629,Weekday,7,6,2.066666666666667,20.4,22.466666666666665,12.083333333333334,7.77,2022-04-08T12:05:00.0
KR_U1629,Weekday,6,6,2.316666666666667,22.85,25.166666666666668,10.55,8.5,2022-04-11T10:33:00.0
KR_U1629,Weekday,6,6,2.1666666666666665,21.3,23.46666666666667,11.716666666666667,7.36,2022-04-12T11:43:00.0
KR_U1629,Weekday,6,6,2.1333333333333333,69.06666666666666,71.2,11.183333333333334,6.83,2022-04-13T11:11:00.0
KR_U1629,Weekday,6,8,2.75,25.483333333333334,28.233333333333334,10.383333333333333,9.48,2022-04-18T10:23:00.0
KR_U1629,Weekday,8,7,1.4333333333333333,20.21666666666667,21.650000000000002,14.616666666666667,5.37,2022-04-19T14:37:00.0
KR_U1629,Weekday,7,9,0.7333333333333333,4.616666666666666,5.35,12.266666666666667,2.76,2022-04-20T12:16:00.0
KR_U1629,Weekday,9,9,2.75,20.216666666666665,22.966666666666665,17.616666666666667,9.21,2022-04-20T17:37:00.0
KR_U1629,Weekday,9,7,1.1,18.333333333333336,19.433333333333337,16.583333333333332,3.97,2022-04-21T16:35:00.0
KR_U1629,Weekday,7,9,1.4833333333333334,2.8666666666666667,4.35,12.016666666666667,5.48,2022-04-22T12:01:00.0
KR_U1629,Weekday,9,6,1.2833333333333334,16.916666666666664,18.2,16.366666666666667,4.81,2022-04-22T16:22:00.0
KR_U1629,Weekday,6,8,1.0166666666666666,3.6333333333333333,4.65,10.566666666666666,3.79,2022-04-25T10:34:00.0
KR_U1629,Weekday,8,10,0.9833333333333333,27.566666666666666,28.55,15.216666666666667,3.63,2022-04-25T15:13:00.0
KR_U1629,Weekday,10,8,2.8,16.05,18.85,19.766666666666666,9.6,2022-04-26T19:46:00.0
KR_U1629,Weekday,8,5,1.3666666666666667,16.700000000000003,18.06666666666667,14.616666666666667,5.0,2022-04-27T14:37:00.0
KR_U1629,Weekday,5,10,1.2833333333333334,9.4,10.683333333333334,8.683333333333334,4.74,2022-04-28T08:41:00.0
KR_U1629,Weekday,10,7,2.35,15.966666666666667,18.316666666666666,19.366666666666667,7.81,2022-04-28T19:22:00.0
KR_U1629,Weekday,7,8,0.45,24.85,25.3,13.683333333333334,1.67,2022-04-29T13:41:00.0
KR_U1629,Weekday,8,8,0.8,239.3,240.10000000000002,14.983333333333333,2.88,2022-05-02T14:59:00.0
KR_U1629,Weekday,8,9,0.6833333333333333,0.3333333333333333,1.0166666666666666,15.083333333333334,2.54,2022-05-16T15:05:00.0
KR_U1629,Weekday,9,8,2.3833333333333333,20.666666666666668,23.05,16.1,8.05,2022-05-16T16:06:00.0
KR_U236,Weekend,11,1,3.6,0.1,3.7,21.6,25.2,2021-11-13T21:36:00.0
KR_U236,Weekend,1,8,6.3,104.36666666666667,110.66666666666667,1.3,14.9,2021-11-14T01:18:00.0
KR_U236,Weekend,8,11,5.683333333333334,190.88333333333333,196.56666666666666,15.966666666666667,38.08,2021-11-28T15:58:00.0
KR_U236,Weekend,11,5,0.26666666666666666,13.083333333333332,13.35,20.533333333333335,4.25,2021-12-26T20:32:00.0
KR_U236,Weekend,5,9,3.4166666666666665,75.23333333333333,78.65,9.883333333333333,24.2,2022-01-01T09:53:00.0
KR_U236,Weekend,9,10,4.766666666666667,21.966666666666665,26.73333333333333,16.533333333333335,29.0,2022-01-09T16:32:00.0
KR_U236,Weekend,10,6,6.7,32.550000000000004,39.25000000000001,19.266666666666666,42.77,2022-01-15T19:16:00.0
KR_U236,Weekend,6,11,4.883333333333334,54.233333333333334,59.11666666666667,10.516666666666667,30.69,2022-01-22T10:31:00.0
KR_U236,Weekend,11,10,9.0,60.06666666666666,69.06666666666666,21.633333333333333,41.2,2022-01-29T21:38:00.0
KR_U236,Weekend,10,11,5.983333333333333,68.48333333333333,74.46666666666667,18.7,36.37,2022-02-06T18:42:00.0
KR_U236,Weekend,11,8,6.083333333333333,109.25,115.33333333333333,20.483333333333334,36.89,2022-02-19T20:29:00.0
KR_U236,Weekend,8,10,0.6666666666666666,146.2,146.86666666666665,15.816666666666666,16.14,2022-03-06T15:49:00.0
KR_U236,Weekend,10,8,5.166666666666667,111.43333333333334,116.60000000000001,18.683333333333334,34.39,2022-03-27T18:41:00.0
KR_U236,Weekend,8,11,7.283333333333333,46.83333333333333,54.11666666666666,15.283333333333333,49.27,2022-04-16T15:17:00.0
KR_U236,Weekend,11,11,6.616666666666666,41.31666666666666,47.93333333333333,21.4,44.79,2022-04-23T21:24:00.0
KR_U236,Weekend,11,8,0.6666666666666666,64.46666666666667,65.13333333333334,21.333333333333332,23.11,2022-04-30T21:20:00.0
KR_U236,Weekend,8,10,4.633333333333334,24.25,28.883333333333333,14.466666666666667,31.29,2022-05-08T14:28:00.0
KR_U236,Weekend,10,5,4.016666666666667,34.38333333333333,38.4,19.35,26.33,2022-05-14T19:21:00.0
KR_U236,Weekend,5,12,0.5,12.85,13.35,9.75,19.31,2022-05-21T09:45:00.0
KR_U236,Weekend,9,1,9.0,0.55,9.55,16.166666666666668,59.74,2022-06-26T16:10:00.0
KR_U236,Weekend,1,11,7.95,83.55,91.5,0.55,53.5,2022-07-02T00:33:00.0
KR_U236,Weekend,11,9,9.0,88.48333333333333,97.48333333333333,20.05,62.73,2022-07-10T20:03:00.0
KR_U236,Weekend,9,11,1.9,26.383333333333333,28.28333333333333,16.483333333333334,5.92,2022-07-24T16:29:00.0
KR_U236,Weekend,11,11,7.916666666666667,113.19999999999999,121.11666666666666,20.766666666666666,52.0,2022-07-30T20:46:00.0
KR_U236,Weekend,11,11,8.516666666666667,21.666666666666668,30.183333333333337,21.883333333333333,53.73,2022-08-14T21:53:00.0
KR_U236,Weekend,11,10,8.266666666666667,181.91666666666666,190.18333333333334,21.666666666666668,54.13,2022-08-20T21:40:00.0
KR_U236,Weekday,10,8,1.65,20.15,21.799999999999997,18.15,11.6,2021-10-12T18:09:00.0
KR_U236,Weekday,8,9,2.783333333333333,70.05,72.83333333333333,15.95,19.3,2021-10-13T15:57:00.0
KR_U236,Weekday,9,10,2.533333333333333,120.36666666666667,122.9,16.783333333333335,17.7,2021-10-18T16:47:00.0
KR_U236,Weekday,10,10,3.35,68.55,71.89999999999999,19.683333333333334,23.3,2021-10-25T19:41:00.0
KR_U236,Weekday,10,3,6.133333333333334,171.38333333333333,177.51666666666665,19.583333333333332,43.1,2021-10-28T19:35:00.0
KR_U236,Weekday,3,10,3.2333333333333334,58.36666666666666,61.599999999999994,5.1,22.9,2021-11-09T05:06:00.0
KR_U236,Weekday,10,10,3.05,69.05,72.1,18.7,21.0,2021-11-11T18:42:00.0
KR_U236,Weekday,10,3,1.6666666666666667,223.85,225.51666666666665,18.8,11.6,2021-11-16T18:48:00.0
KR_U236,Weekday,3,9,3.6666666666666665,57.983333333333334,61.65,4.316666666666666,25.74,2021-11-30T04:19:00.0
KR_U236,Weekday,9,3,3.783333333333333,7.683333333333334,11.466666666666667,17.966666666666665,22.33,2021-12-02T17:58:00.0
KR_U236,Weekday,10,11,4.583333333333333,188.01666666666665,192.6,19.616666666666667,27.62,2021-12-17T19:37:00.0
KR_U236,Weekday,11,11,5.916666666666667,66.23333333333333,72.15,20.016666666666666,37.98,2021-12-29T20:01:00.0
KR_U236,Weekday,11,10,6.183333333333334,63.983333333333334,70.16666666666667,20.166666666666668,38.88,2022-01-03T20:10:00.0
KR_U236,Weekday,10,11,7.05,91.16666666666667,98.21666666666667,18.333333333333332,44.46,2022-01-06T18:20:00.0
KR_U236,Weekday,11,11,0.6666666666666666,24.633333333333333,25.3,20.55,15.54,2022-01-12T20:33:00.0
KR_U236,Weekday,11,10,9.0,35.916666666666664,44.916666666666664,21.85,41.28,2022-01-13T21:51:00.0
KR_U236,Weekday,10,9,5.75,160.18333333333334,165.93333333333334,18.766666666666666,35.58,2022-01-17T18:46:00.0
KR_U236,Weekday,9,7,5.766666666666667,109.86666666666666,115.63333333333333,16.7,35.92,2022-01-26T16:42:00.0
KR_U236,Weekday,7,10,2.85,28.166666666666668,31.01666666666667,12.333333333333334,20.06,2022-02-02T12:20:00.0
KR_U236,Weekday,11,11,5.083333333333333,42.71666666666667,47.800000000000004,20.683333333333334,29.79,2022-02-23T20:41:00.0
KR_U236,Weekday,11,11,4.783333333333333,21.033333333333335,25.81666666666667,20.483333333333334,27.99,2022-02-25T20:29:00.0
KR_U236,Weekday,11,9,0.6666666666666666,44.18333333333334,44.85,21.033333333333335,14.68,2022-02-28T21:02:00.0
KR_U236,Weekday,9,10,0.6666666666666666,120.56666666666666,121.23333333333333,17.883333333333333,17.8,2022-03-02T17:53:00.0
KR_U236,Weekday,10,9,0.6666666666666666,45.983333333333334,46.65,19.116666666666667,15.04,2022-03-09T19:07:00.0
KR_U236,Weekday,9,11,5.466666666666667,20.966666666666665,26.43333333333333,17.766666666666666,36.43,2022-03-11T17:46:00.0
KR_U236,Weekday,11,11,5.833333333333333,43.03333333333333,48.86666666666667,20.2,38.84,2022-03-14T20:12:00.0
KR_U236,Weekday,11,12,5.75,44.25,50.0,21.066666666666666,38.06,2022-03-16T21:04:00.0
KR_U236,Weekday,12,12,5.85,95.11666666666667,100.96666666666667,23.066666666666666,38.41,2022-03-18T23:04:00.0
KR_U236,Weekday,12,11,5.733333333333333,88.21666666666667,93.95,23.116666666666667,38.57,2022-03-24T23:07:00.0
KR_U236,Weekday,11,10,5.3,63.66666666666667,68.96666666666667,21.066666666666666,35.73,2022-03-30T21:04:00.0
KR_U236,Weekday,10,11,5.4,93.83333333333333,99.23333333333333,18.033333333333335,35.97,2022-04-04T18:02:00.0
KR_U236,Weekday,11,11,6.3,213.88333333333333,220.18333333333334,21.266666666666666,42.51,2022-04-08T21:16:00.0
KR_U236,Weekday,11,9,0.6666666666666666,67.06666666666666,67.73333333333333,21.883333333333333,15.89,2022-04-21T21:53:00.0
KR_U236,Weekday,9,11,2.6333333333333333,49.1,51.733333333333334,17.616666666666667,16.92,2022-04-26T17:37:00.0
KR_U236,Weekday,11,10,0.6666666666666666,68.85,69.51666666666667,21.35,18.73,2022-04-28T21:21:00.0
KR_U236,Weekday,10,9,0.6666666666666666,45.7,46.36666666666667,18.866666666666667,23.71,2022-05-03T18:52:00.0
KR_U236,Weekday,9,10,4.383333333333334,93.5,97.88333333333334,17.233333333333334,29.65,2022-05-05T17:14:00.0
KR_U236,Weekday,10,10,4.8,91.3,96.1,19.116666666666667,32.52,2022-05-11T19:07:00.0
KR_U236,Weekday,10,12,5.816666666666666,117.13333333333334,122.95,19.216666666666665,38.85,2022-05-17T19:13:00.0
KR_U236,Weekday,12,11,5.2,90.14999999999999,95.35,22.166666666666668,34.54,2022-05-24T22:10:00.0
KR_U236,Weekday,11,1,0.6666666666666666,26.3,26.96666666666667,21.516666666666666,23.11,2022-05-30T21:31:00.0
KR_U236,Weekday,1,11,3.15,112.93333333333334,116.08333333333334,0.48333333333333334,20.84,2022-06-01T00:29:00.0
KR_U236,Weekday,11,11,7.75,160.43333333333334,168.18333333333334,20.566666666666666,52.43,2022-06-07T20:34:00.0
KR_U236,Weekday,5,9,0.1,9.583333333333334,9.683333333333334,8.15,3.46,2022-07-06T08:09:00.0
KR_U236,Weekday,9,11,1.5833333333333333,0.7166666666666667,2.3,17.833333333333332,7.03,2022-07-06T17:50:00.0
KR_U236,Weekday,11,11,7.383333333333334,160.75,168.13333333333333,20.133333333333333,51.05,2022-07-06T20:08:00.0
KR_U236,Weekday,11,11,7.533333333333333,189.28333333333333,196.81666666666666,20.266666666666666,50.31,2022-07-15T20:16:00.0
KR_U236,Weekday,11,10,8.033333333333333,134.63333333333333,142.66666666666666,21.283333333333335,51.39,2022-07-27T21:17:00.0
KR_U236,Weekday,10,12,9.0,41.81666666666666,50.81666666666666,19.95,59.2,2022-08-04T19:57:00.0
KR_U236,Weekday,11,12,7.683333333333334,119.78333333333333,127.46666666666667,21.833333333333332,51.77,2022-08-26T21:50:00.0
KR_U236,Weekday,12,11,7.683333333333334,116.05,123.73333333333333,23.783333333333335,52.08,2022-09-02T23:47:00.0
KR_U236,Weekday,11,10,7.083333333333333,19.333333333333332,26.416666666666664,20.05,47.2,2022-09-09T20:03:00.0
KR_U236,Weekday,10,12,7.233333333333333,164.5,171.73333333333332,19.333333333333332,48.21,2022-09-12T19:20:00.0
KR_U236,Weekday,12,10,7.766666666666667,60.866666666666674,68.63333333333334,23.066666666666666,53.83,2022-09-21T23:04:00.0
KR_U507,Weekend,5,9,2.6666666666666665,5.666666666666667,8.333333333333334,9.033333333333333,18.3,2021-10-02T09:02:00.0
KR_U507,Weekend,9,8,5.95,64.35000000000001,70.30000000000001,17.366666666666667,40.4,2021-10-02T17:22:00.0
KR_U507,Weekend,8,10,2.283333333333333,0.43333333333333335,2.716666666666667,15.666666666666666,15.6,2021-10-10T15:40:00.0
KR_U507,Weekend,10,10,4.8,164.53333333333333,169.33333333333334,18.383333333333333,30.8,2021-10-10T18:23:00.0
KR_U507,Weekend,10,10,7.333333333333333,87.23333333333333,94.56666666666666,19.716666666666665,49.2,2021-11-06T19:43:00.0
KR_U507,Weekend,10,10,0.21666666666666667,0.06666666666666667,0.2833333333333333,18.283333333333335,1.45,2021-11-20T18:17:00.0
KR_U507,Weekend,10,11,6.733333333333333,42.71666666666667,49.45,18.566666666666666,43.11,2021-11-20T18:34:00.0
KR_U507,Weekend,8,9,8.0,208.53333333333333,216.53333333333333,15.5,53.67,2022-02-19T15:30:00.0
KR_U507,Weekend,9,8,6.183333333333334,40.56666666666667,46.75,16.033333333333335,40.08,2022-03-20T16:02:00.0
KR_U507,Weekend,8,6,7.35,133.73333333333335,141.08333333333334,14.783333333333333,47.82,2022-03-27T14:47:00.0
KR_U507,Weekend,6,9,8.6,164.78333333333333,173.38333333333333,11.866666666666667,59.1,2022-04-17T11:52:00.0
KR_U507,Weekend,9,11,7.65,44.43333333333334,52.083333333333336,17.25,51.62,2022-05-14T17:15:00.0
KR_U507,Weekend,11,9,7.833333333333333,82.96666666666667,90.8,21.333333333333332,52.64,2022-05-21T21:20:00.0
KR_U507,Weekend,9,11,8.766666666666667,67.3,76.06666666666666,16.133333333333333,59.47,2022-06-04T16:08:00.0
KR_U507,Weekend,11,9,8.283333333333333,16.416666666666668,24.700000000000003,20.2,56.1,2022-06-12T20:12:00.0
KR_U507,Weekday,8,12,6.0,145.65,151.65,15.7,40.3,2021-10-19T15:42:00.0
KR_U507,Weekday,11,9,3.216666666666667,16.05,19.266666666666666,21.933333333333334,22.2,2021-11-11T21:56:00.0
KR_U507,Weekday,9,5,5.066666666666666,11.149999999999999,16.216666666666665,17.2,34.4,2021-11-12T17:12:00.0
KR_U507,Weekday,5,10,3.783333333333333,54.65,58.43333333333333,9.416666666666666,25.7,2021-11-15T09:25:00.0
KR_U507,Weekday,10,8,5.583333333333333,205.41666666666666,211.0,19.85,37.8,2021-11-17T19:51:00.0
KR_U507,Weekday,8,12,7.333333333333333,72.03333333333333,79.36666666666666,14.85,50.08,2021-11-30T14:51:00.0
KR_U507,Weekday,12,9,5.766666666666667,40.33333333333333,46.099999999999994,22.216666666666665,39.81,2021-12-03T22:13:00.0
KR_U507,Weekday,9,11,3.8666666666666667,0.8333333333333334,4.7,16.333333333333332,26.49,2021-12-07T16:20:00.0
KR_U507,Weekday,11,9,4.466666666666667,63.68333333333334,68.15,21.033333333333335,30.19,2021-12-07T21:02:00.0
KR_U507,Weekday,9,8,6.566666666666666,15.2,21.766666666666666,17.183333333333334,44.59,2021-12-10T17:11:00.0
KR_U507,Weekday,8,12,3.05,4.566666666666666,7.616666666666666,14.95,20.88,2021-12-13T14:57:00.0
KR_U507,Weekday,12,9,3.0833333333333335,87.61666666666666,90.69999999999999,22.566666666666666,20.65,2021-12-13T22:34:00.0
KR_U507,Weekday,9,10,6.766666666666667,66.86666666666667,73.63333333333334,17.266666666666666,46.29,2021-12-17T17:16:00.0
KR_U507,Weekday,11,5,5.333333333333333,127.66666666666666,133.0,20.116666666666667,36.19,2022-02-16T20:07:00.0
KR_U507,Weekday,5,10,8.133333333333333,121.43333333333334,129.56666666666666,9.033333333333333,55.22,2022-03-16T09:02:00.0
KR_U507,Weekday,10,11,2.316666666666667,0.35,2.666666666666667,18.6,15.74,2022-03-23T18:36:00.0
KR_U507,Weekday,11,11,6.45,112.76666666666667,119.21666666666667,21.266666666666666,40.05,2022-03-23T21:16:00.0
KR_U507,Weekday,11,9,6.966666666666667,157.73333333333335,164.70000000000002,20.483333333333334,47.05,2022-03-30T20:29:00.0
KR_U507,Weekday,9,10,8.616666666666667,19.133333333333333,27.75,17.183333333333334,58.7,2022-04-08T17:11:00.0
KR_U507,Weekday,10,8,6.783333333333333,182.04999999999998,188.83333333333331,19.133333333333333,46.18,2022-04-11T19:08:00.0
KR_U507,Weekday,8,11,6.9,70.51666666666667,77.41666666666667,15.966666666666667,51.53,2022-04-21T15:58:00.0
KR_U507,Weekday,11,10,2.75,43.0,45.75,21.383333333333333,19.12,2022-04-26T21:23:00.0
KR_U507,Weekday,10,10,8.933333333333334,38.516666666666666,47.45,19.133333333333333,60.64,2022-04-28T19:08:00.0
KR_U507,Weekday,10,10,7.616666666666666,160.41666666666669,168.03333333333336,18.583333333333332,51.67,2022-05-02T18:35:00.0
KR_U507,Weekday,10,10,7.466666666666667,89.06666666666666,96.53333333333333,18.616666666666667,50.53,2022-05-11T18:37:00.0
KR_U507,Weekday,10,6,9.0,125.94999999999999,134.95,19.15,53.73,2022-05-17T19:09:00.0
KR_U507,Weekday,6,11,4.783333333333333,54.900000000000006,59.68333333333334,10.1,33.33,2022-05-25T10:06:00.0
KR_U507,Weekday,11,11,5.7,68.75,74.45,21.783333333333335,38.68,2022-05-27T21:47:00.0
KR_U507,Weekday,11,10,8.65,109.53333333333333,118.18333333333334,20.75,58.7,2022-06-01T20:45:00.0
KR_U507,Weekday,10,9,8.916666666666666,109.16666666666667,118.08333333333334,18.933333333333334,60.83,2022-06-08T18:56:00.0
KR_U507,Weekday,9,6,7.75,105.53333333333333,113.28333333333333,17.016666666666666,51.69,2022-06-15T17:01:00.0
KR_U507,Weekday,6,10,3.6666666666666665,4.616666666666666,8.283333333333333,10.3,25.01,2022-06-22T10:18:00.0
KR_U507,Weekday,10,10,9.0,182.70000000000002,191.70000000000002,18.583333333333332,41.1,2022-06-22T18:35:00.0
KR_U507,Weekday,10,10,0.23333333333333334,72.4,72.63333333333334,18.283333333333335,58.45,2022-07-04T18:17:00.0
KR_U507,Weekday,10,10,9.0,38.766666666666666,47.766666666666666,18.916666666666668,61.9,2022-07-07T18:55:00.0
KR_U507,Weekday,10,10,8.4,63.66666666666667,72.06666666666668,18.683333333333334,56.2,2022-07-11T18:41:00.0
KR_U507,Weekday,10,10,0.5666666666666667,119.56666666666666,120.13333333333333,18.75,57.02,2022-07-14T18:45:00.0
KR_U507,Weekday,10,10,9.0,86.98333333333335,95.98333333333335,18.883333333333333,61.18,2022-07-21T18:53:00.0
KR_U507,Weekday,10,10,1.3166666666666667,69.76666666666667,71.08333333333333,19.8,52.11,2022-08-12T19:48:00.0
KR_U507,Weekday,10,10,8.416666666666666,63.38333333333334,71.80000000000001,18.883333333333333,57.36,2022-08-17T18:53:00.0
KR_U507,Weekday,10,10,10.0,61.96666666666666,71.96666666666667,18.683333333333334,66.4,2022-08-22T18:41:00.0
KR_U507,Weekday,10,9,8.1,39.15,47.25,18.65,55.23,2022-08-25T18:39:00.0
KR_U507,Weekday,9,10,7.633333333333334,64.65,72.28333333333335,17.9,52.1,2022-08-29T17:54:00.0
KR_U507,Weekday,10,10,8.483333333333333,63.349999999999994,71.83333333333333,18.7,57.65,2022-09-20T18:42:00.0
KR_U507,Weekday,10,10,9.4,42.63333333333333,52.03333333333333,18.533333333333335,64.12,2022-09-23T18:32:00.0
KR_U124,Weekend,10,10,2.183333333333333,21.8,23.983333333333334,18.633333333333333,12.51,2022-01-22T18:38:00.0
KR_U124,Weekend,10,11,1.9333333333333333,25.316666666666666,27.25,18.616666666666667,12.05,2022-01-23T18:37:00.0
KR_U124,Weekend,11,9,3.966666666666667,15.433333333333334,19.4,21.866666666666667,21.44,2022-01-29T21:52:00.0
KR_U124,Weekend,9,10,1.4166666666666667,23.866666666666667,25.283333333333335,17.266666666666666,7.43,2022-01-30T17:16:00.0
KR_U124,Weekend,10,10,2.533333333333333,21.450000000000003,23.983333333333334,18.55,12.9,2022-02-05T18:33:00.0
KR_U124,Weekend,10,10,3.05,21.150000000000002,24.200000000000003,18.533333333333335,17.6,2022-02-06T18:32:00.0
KR_U124,Weekend,10,10,3.5,20.366666666666667,23.866666666666667,18.733333333333334,17.68,2022-02-12T18:44:00.0
KR_U124,Weekend,10,10,1.9166666666666667,22.01666666666667,23.933333333333337,18.6,10.77,2022-02-13T18:36:00.0
KR_U124,Weekend,10,9,2.1666666666666665,19.333333333333336,21.500000000000004,18.533333333333335,11.45,2022-02-19T18:32:00.0
KR_U124,Weekend,9,10,3.216666666666667,23.716666666666665,26.93333333333333,16.033333333333335,15.64,2022-02-20T16:02:00.0
KR_U124,Weekend,10,10,1.8666666666666667,22.8,24.666666666666668,18.966666666666665,10.32,2022-02-26T18:58:00.0
KR_U124,Weekend,10,10,2.4833333333333334,21.099999999999998,23.583333333333332,19.633333333333333,12.15,2022-02-27T19:38:00.0
KR_U124,Weekend,10,10,0.6666666666666666,70.56666666666666,71.23333333333333,19.216666666666665,18.08,2022-03-05T19:13:00.0
KR_U124,Weekend,10,10,4.15,20.0,24.15,18.45,24.82,2022-03-13T18:27:00.0
KR_U124,Weekend,10,10,2.033333333333333,22.066666666666666,24.1,18.6,11.4,2022-03-19T18:36:00.0
KR_U124,Weekend,10,11,2.966666666666667,94.63333333333333,97.6,18.7,12.54,2022-03-20T18:42:00.0
KR_U124,Weekend,11,10,3.7,66.5,70.2,20.3,20.4,2022-04-03T20:18:00.0
KR_U124,Weekend,10,10,3.466666666666667,21.416666666666664,24.883333333333333,18.5,19.58,2022-04-16T18:30:00.0
KR_U124,Weekend,10,10,1.8,46.06666666666666,47.86666666666666,19.383333333333333,10.3,2022-04-17T19:23:00.0
KR_U124,Weekend,10,11,4.0,69.3,73.3,19.25,18.36,2022-04-24T19:15:00.0
KR_U124,Weekend,11,10,3.2333333333333334,18.7,21.933333333333334,20.55,15.34,2022-05-07T20:33:00.0
KR_U124,Weekend,10,10,1.3333333333333333,94.85000000000001,96.18333333333334,19.25,19.28,2022-07-23T19:15:00.0
KR_U124,Weekend,10,10,0.43333333333333335,166.63333333333333,167.06666666666666,19.433333333333334,12.91,2022-08-06T19:26:00.0
KR_U124,Weekend,10,8,0.8333333333333334,67.13333333333334,67.96666666666667,18.5,18.05,2022-08-28T18:30:00.0
KR_U124,Weekend,8,11,0.45,7.066666666666666,7.516666666666667,14.466666666666667,12.68,2022-09-10T14:28:00.0
KR_U124,Weekend,11,10,0.8166666666666667,116.03333333333333,116.85,21.983333333333334,19.7,2022-09-10T21:59:00.0
KR_U124,Weekday,11,10,1.0833333333333333,22.116666666666667,23.2,20.166666666666668,5.12,2022-01-18T20:10:00.0
KR_U124,Weekday,10,10,9.0,14.283333333333333,23.28333333333333,19.366666666666667,10.61,2022-01-19T19:22:00.0
KR_U124,Weekday,10,10,3.4833333333333334,20.5,23.983333333333334,18.65,15.58,2022-01-20T18:39:00.0
KR_U124,Weekday,10,10,2.0166666666666666,23.21666666666667,25.233333333333334,18.633333333333333,11.86,2022-01-21T18:38:00.0
KR_U124,Weekday,10,10,2.066666666666667,21.166666666666668,23.233333333333334,19.866666666666667,11.75,2022-01-24T19:52:00.0
KR_U124,Weekday,10,12,1.7833333333333334,25.433333333333334,27.21666666666667,19.1,10.0,2022-01-25T19:06:00.0
KR_U124,Weekday,12,10,0.6666666666666666,19.78333333333333,20.45,22.316666666666666,16.39,2022-01-26T22:19:00.0
KR_U124,Weekday,10,9,3.0833333333333335,43.45,46.53333333333334,18.766666666666666,13.82,2022-01-27T18:46:00.0
KR_U124,Weekday,9,5,3.7,36.18333333333334,39.88333333333334,17.3,16.22,2022-01-31T17:18:00.0
KR_U124,Weekday,5,10,0.16666666666666666,33.96666666666667,34.13333333333333,9.183333333333334,1.05,2022-02-02T09:11:00.0
KR_U124,Weekday,10,11,3.85,22.216666666666665,26.066666666666666,19.316666666666666,16.53,2022-02-03T19:19:00.0
KR_U124,Weekday,11,10,4.816666666666666,18.566666666666666,23.383333333333333,21.383333333333333,22.46,2022-02-04T21:23:00.0
KR_U124,Weekday,10,11,9.0,16.783333333333335,25.783333333333335,18.566666666666666,2.72,2022-02-07T18:34:00.0
KR_U124,Weekday,11,10,3.55,18.916666666666668,22.46666666666667,20.35,18.15,2022-02-08T20:21:00.0
KR_U124,Weekday,10,11,3.4833333333333334,23.03333333333333,26.516666666666666,18.816666666666666,19.69,2022-02-09T18:49:00.0
KR_U124,Weekday,11,10,3.9,18.216666666666665,22.116666666666664,21.333333333333332,16.38,2022-02-10T21:20:00.0
KR_U124,Weekday,10,10,4.0,19.05,23.05,19.45,17.87,2022-02-11T19:27:00.0
KR_U124,Weekday,10,10,1.75,22.333333333333332,24.083333333333332,18.5,9.54,2022-02-14T18:30:00.0
KR_U124,Weekday,10,10,4.416666666666667,19.55,23.96666666666667,18.583333333333332,19.5,2022-02-15T18:35:00.0
KR_U124,Weekday,10,10,2.3333333333333335,21.733333333333334,24.066666666666666,18.55,13.27,2022-02-16T18:33:00.0
KR_U124,Weekday,10,12,2.7333333333333334,26.099999999999998,28.833333333333332,18.616666666666667,12.51,2022-02-17T18:37:00.0
KR_U124,Weekday,12,10,2.3333333333333335,19.133333333333333,21.466666666666665,23.45,13.16,2022-02-18T23:27:00.0
KR_U124,Weekday,10,10,5.0,18.783333333333335,23.783333333333335,19.133333333333333,25.0,2022-02-21T19:08:00.0
KR_U124,Weekday,10,10,2.2,21.766666666666666,23.966666666666665,18.916666666666668,11.42,2022-02-22T18:55:00.0
KR_U124,Weekday,10,10,2.85,20.75,23.6,18.883333333333333,13.52,2022-02-23T18:53:00.0
KR_U124,Weekday,10,10,2.7,21.333333333333332,24.03333333333333,18.483333333333334,12.9,2022-02-24T18:29:00.0
KR_U124,Weekday,10,10,2.2,46.05,48.25,18.516666666666666,12.22,2022-02-25T18:31:00.0
KR_U124,Weekday,10,6,0.5333333333333333,38.71666666666667,39.25,18.766666666666666,15.08,2022-03-01T18:46:00.0
KR_U124,Weekday,6,10,0.25,8.35,8.6,10.016666666666667,5.75,2022-03-03T10:01:00.0
KR_U124,Weekday,10,11,0.55,50.36666666666667,50.916666666666664,18.616666666666667,16.0,2022-03-03T18:37:00.0
KR_U124,Weekday,11,11,0.6666666666666666,70.05,70.71666666666667,21.533333333333335,19.82,2022-03-07T21:32:00.0
KR_U124,Weekday,11,12,3.6666666666666665,70.44999999999999,74.11666666666666,20.25,20.67,2022-03-10T20:15:00.0
KR_U124,Weekday,12,12,4.2,21.05,25.25,22.366666666666667,24.83,2022-03-15T22:22:00.0
KR_U124,Weekday,12,10,2.433333333333333,40.416666666666664,42.849999999999994,23.616666666666667,14.44,2022-03-16T23:37:00.0
KR_U124,Weekday,10,10,4.266666666666667,43.78333333333333,48.05,18.466666666666665,22.42,2022-03-18T18:28:00.0
KR_U124,Weekday,10,11,3.216666666666667,23.266666666666666,26.483333333333334,18.516666666666666,16.0,2022-03-22T18:31:00.0
KR_U124,Weekday,11,10,4.05,41.45,45.5,21.0,23.03,2022-03-23T21:00:00.0
KR_U124,Weekday,10,10,3.183333333333333,213.53333333333333,216.71666666666667,18.5,17.2,2022-03-25T18:30:00.0
KR_U124,Weekday,10,10,4.05,68.23333333333333,72.28333333333333,19.216666666666665,22.91,2022-04-07T19:13:00.0
KR_U124,Weekday,10,10,3.55,43.55,47.099999999999994,19.5,16.1,2022-04-12T19:30:00.0
KR_U124,Weekday,10,10,3.3333333333333335,44.68333333333334,48.01666666666667,18.6,16.91,2022-04-14T18:36:00.0
KR_U124,Weekday,10,10,1.4666666666666666,22.55,24.016666666666666,18.616666666666667,8.01,2022-04-18T18:37:00.0
KR_U124,Weekday,10,12,1.4333333333333333,27.616666666666667,29.05,18.633333333333333,8.09,2022-04-19T18:38:00.0
KR_U124,Weekday,12,10,2.4,16.45,18.849999999999998,23.683333333333334,14.49,2022-04-20T23:41:00.0
KR_U124,Weekday,10,10,1.9,23.35,25.25,18.533333333333335,11.15,2022-04-21T18:32:00.0
KR_U124,Weekday,10,10,1.7666666666666666,45.099999999999994,46.86666666666666,19.783333333333335,10.34,2022-04-22T19:47:00.0
KR_U124,Weekday,10,10,2.9,45.13333333333333,48.03333333333333,18.65,16.4,2022-04-26T18:39:00.0
KR_U124,Weekday,10,10,4.316666666666666,68.06666666666666,72.38333333333333,18.683333333333334,22.42,2022-04-28T18:41:00.0
KR_U124,Weekday,10,10,0.45,0.03333333333333333,0.48333333333333334,19.066666666666666,2.97,2022-05-03T19:04:00.0
KR_U124,Weekday,10,10,0.43333333333333335,23.8,24.233333333333334,19.55,2.97,2022-05-03T19:33:00.0
KR_U124,Weekday,10,10,3.5,67.41666666666667,70.91666666666667,19.783333333333335,16.21,2022-05-04T19:47:00.0
KR_U124,Weekday,10,10,1.0333333333333334,71.0,72.03333333333333,18.566666666666666,17.26,2022-07-18T18:34:00.0
KR_U124,Weekday,10,10,1.3833333333333333,70.6,71.98333333333333,18.6,20.29,2022-07-21T18:36:00.0
KR_U124,Weekday,10,10,1.8166666666666667,70.11666666666667,71.93333333333334,18.583333333333332,23.22,2022-07-26T18:35:00.0
KR_U124,Weekday,10,4,1.15,83.93333333333332,85.08333333333333,18.516666666666666,18.95,2022-07-29T18:31:00.0
KR_U124,Weekday,4,10,1.0,105.98333333333333,106.98333333333333,7.6,17.77,2022-08-04T07:36:00.0
KR_U124,Weekday,10,11,1.8333333333333333,71.64999999999999,73.48333333333332,18.583333333333332,20.99,2022-08-10T18:35:00.0
KR_U124,Weekday,11,10,1.45,189.4666666666667,190.91666666666669,20.066666666666666,19.47,2022-08-15T20:04:00.0
KR_U124,Weekday,10,10,0.5333333333333333,95.61666666666667,96.15,18.983333333333334,13.31,2022-08-25T18:59:00.0
KR_U124,Weekday,10,10,5.983333333333333,17.783333333333335,23.76666666666667,19.133333333333333,25.92,2022-08-31T19:08:00.0
KR_U124,Weekday,10,10,0.23333333333333334,96.83333333333334,97.06666666666668,18.9,4.78,2022-09-01T18:54:00.0
KR_U124,Weekday,10,10,0.4666666666666667,47.05,47.516666666666666,19.966666666666665,12.73,2022-09-07T19:58:00.0
KR_U124,Weekday,10,10,0.8666666666666667,70.33333333333333,71.19999999999999,19.483333333333334,16.7,2022-09-09T19:29:00.0
KR_U124,Weekday,10,10,0.7,47.18333333333334,47.88333333333334,18.683333333333334,16.44,2022-09-14T18:41:00.0
KR_U124,Weekday,10,10,0.8333333333333334,23.1,23.933333333333334,18.566666666666666,15.49,2022-09-16T18:34:00.0
KR_U124,Weekday,10,10,0.95,71.05,72.0,18.5,20.34,2022-09-19T18:30:00.0
KR_U194,Weekend,10,1,6.216666666666667,0.016666666666666666,6.233333333333333,18.283333333333335,6.96,2021-11-20T18:17:00.0
KR_U194,Weekend,1,8,9.0,28.53333333333333,37.53333333333333,0.5166666666666667,18.02,2021-11-21T00:31:00.0
KR_U194,Weekend,8,12,9.0,0.4666666666666667,9.466666666666667,14.05,9.96,2021-11-27T14:03:00.0
KR_U194,Weekend,12,8,9.0,79.18333333333334,88.18333333333334,23.516666666666666,45.26,2021-11-27T23:31:00.0
KR_U194,Weekend,8,9,0.95,0.5666666666666667,1.5166666666666666,15.7,1.06,2021-12-11T15:42:00.0
KR_U194,Weekend,9,9,1.8,213.51666666666668,215.3166666666667,17.216666666666665,24.38,2021-12-11T17:13:00.0
KR_U194,Weekend,9,12,6.783333333333333,0.016666666666666666,6.8,16.533333333333335,7.53,2022-01-09T16:32:00.0
KR_U194,Weekend,12,6,9.0,155.13333333333333,164.13333333333333,23.333333333333332,15.81,2022-01-09T23:20:00.0
KR_U194,Weekend,11,1,6.633333333333334,72.46666666666667,79.10000000000001,20.733333333333334,14.63,2022-04-24T20:44:00.0
KR_U194,Weekend,1,2,2.55,0.08333333333333333,2.6333333333333333,0.4666666666666667,8.58,2022-05-08T00:28:00.0
KR_U194,Weekend,2,7,4.55,53.1,57.65,3.1,14.26,2022-05-08T03:06:00.0
KR_U194,Weekend,7,12,9.0,0.7666666666666667,9.766666666666667,12.75,16.88,2022-05-15T12:45:00.0
KR_U194,Weekend,12,8,7.533333333333333,15.366666666666667,22.9,22.516666666666666,8.4,2022-05-15T22:31:00.0
KR_U194,Weekend,8,11,3.1666666666666665,26.06666666666667,29.233333333333338,15.366666666666667,7.13,2022-05-21T15:22:00.0
KR_U194,Weekend,11,12,2.933333333333333,0.43333333333333335,3.3666666666666663,20.6,20.61,2022-05-22T20:36:00.0
KR_U194,Weekend,12,1,8.216666666666667,96.73333333333333,104.95,23.966666666666665,13.05,2022-05-22T23:58:00.0
KR_U194,Weekend,1,9,7.85,104.76666666666665,112.61666666666665,0.7333333333333333,38.12,2022-06-11T00:44:00.0
KR_U194,Weekend,9,12,5.616666666666666,0.08333333333333333,5.699999999999999,17.35,12.69,2022-06-25T17:21:00.0
KR_U194,Weekend,8,11,2.55,27.416666666666664,29.966666666666665,14.933333333333334,5.55,2022-08-13T14:56:00.0
KR_U194,Weekend,11,12,9.0,95.38333333333333,104.38333333333333,20.9,10.34,2022-08-14T20:54:00.0
KR_U194,Weekend,12,9,6.766666666666667,41.41666666666667,48.18333333333334,23.383333333333333,35.36,2022-08-28T23:23:00.0
KR_U194,Weekend,9,10,6.516666666666667,43.53333333333333,50.05,17.416666666666668,34.15,2022-09-04T17:25:00.0
KR_U194,Weekday,9,7,9.0,9.666666666666666,18.666666666666664,17.583333333333332,27.1,2021-11-24T17:35:00.0
KR_U194,Weekday,7,10,1.0,6.233333333333333,7.233333333333333,12.25,6.76,2021-11-25T12:15:00.0
KR_U194,Weekday,10,12,9.0,66.75,75.75,19.483333333333334,14.12,2021-11-25T19:29:00.0
KR_U194,Weekday,12,12,9.0,39.516666666666666,48.516666666666666,23.233333333333334,43.41,2021-11-30T23:14:00.0
KR_U194,Weekday,12,9,8.766666666666667,32.416666666666664,41.18333333333333,23.75,40.92,2021-12-02T23:45:00.0
KR_U194,Weekday,9,12,6.45,0.016666666666666666,6.466666666666667,16.933333333333334,7.22,2021-12-06T16:56:00.0
KR_U194,Weekday,12,10,9.0,105.89999999999999,114.89999999999999,23.4,57.33,2021-12-06T23:24:00.0
KR_U194,Weekday,10,8,4.7,64.1,68.8,18.3,5.3,2021-12-13T18:18:00.0
KR_U194,Weekday,8,9,9.0,16.8,25.8,15.1,3.22,2021-12-16T15:06:00.0
KR_U194,Weekday,9,12,6.35,0.03333333333333333,6.383333333333333,16.9,7.1,2021-12-17T16:54:00.0
KR_U194,Weekday,12,8,7.383333333333334,15.483333333333333,22.866666666666667,23.283333333333335,36.76,2021-12-17T23:17:00.0
KR_U194,Weekday,8,12,7.833333333333333,0.016666666666666666,7.85,15.483333333333333,8.72,2021-12-20T15:29:00.0
KR_U194,Weekday,12,9,9.0,8.383333333333333,17.383333333333333,23.333333333333332,31.5,2021-12-20T23:20:00.0
KR_U194,Weekday,9,3,4.95,8.066666666666666,13.016666666666666,16.716666666666665,15.26,2021-12-21T16:43:00.0
KR_U194,Weekday,3,12,4.1,37.38333333333333,41.483333333333334,5.733333333333333,29.13,2021-12-22T05:44:00.0
KR_U194,Weekday,12,12,3.4833333333333334,20.45,23.933333333333334,23.216666666666665,29.62,2021-12-23T23:13:00.0
KR_U194,Weekday,8,12,9.0,0.06666666666666667,9.066666666666666,14.766666666666667,11.89,2022-01-11T14:46:00.0
KR_U194,Weekday,12,8,9.0,30.0,39.0,23.833333333333332,18.45,2022-01-11T23:50:00.0
KR_U194,Weekday,8,12,8.733333333333333,0.016666666666666666,8.75,14.833333333333334,11.77,2022-01-13T14:50:00.0
KR_U194,Weekday,12,8,5.2,34.166666666666664,39.36666666666667,23.583333333333332,20.97,2022-01-13T23:35:00.0
KR_U194,Weekday,8,11,1.2,5.483333333333333,6.683333333333334,14.95,8.54,2022-01-17T14:57:00.0
KR_U194,Weekday,11,8,9.0,31.683333333333334,40.68333333333334,21.633333333333333,43.34,2022-01-17T21:38:00.0
KR_U194,Weekday,8,8,9.0,87.31666666666666,96.31666666666666,14.316666666666666,8.77,2022-01-19T14:19:00.0
KR_U194,Weekday,8,8,9.0,182.56666666666666,191.56666666666666,14.633333333333333,1.92,2022-01-25T14:38:00.0
KR_U194,Weekday,8,7,9.0,37.983333333333334,46.983333333333334,14.2,20.11,2022-02-04T14:12:00.0
KR_U194,Weekday,7,12,9.0,0.6666666666666666,9.666666666666666,13.183333333333334,24.49,2022-02-08T13:11:00.0
KR_U194,Weekday,12,7,9.0,172.4,181.4,22.85,9.31,2022-02-08T22:51:00.0
KR_U194,Weekday,7,12,4.083333333333333,6.45,10.533333333333333,12.25,28.77,2022-02-18T12:15:00.0
KR_U194,Weekday,12,10,2.566666666666667,91.98333333333333,94.55,22.783333333333335,18.08,2022-02-18T22:47:00.0
KR_U194,Weekday,10,12,9.0,18.583333333333332,27.583333333333332,19.983333333333334,31.74,2022-02-24T19:59:00.0
KR_U194,Weekday,9,1,9.0,71.03333333333333,80.03333333333333,17.316666666666666,30.0,2022-03-31T17:19:00.0
KR_U194,Weekday,1,9,7.416666666666667,31.78333333333333,39.199999999999996,1.35,48.22,2022-04-06T01:21:00.0
KR_U194,Weekday,9,10,6.866666666666666,44.08333333333333,50.949999999999996,16.55,44.92,2022-04-07T16:33:00.0
KR_U194,Weekday,10,11,5.416666666666667,43.5,48.916666666666664,19.5,35.35,2022-04-11T19:30:00.0
KR_U194,Weekday,11,9,3.966666666666667,64.7,68.66666666666667,20.416666666666668,20.77,2022-04-13T20:25:00.0
KR_U194,Weekday,9,12,6.4,0.016666666666666666,6.416666666666667,17.083333333333332,21.7,2022-04-18T17:05:00.0
KR_U194,Weekday,12,11,6.133333333333334,158.5,164.63333333333333,23.5,31.53,2022-04-18T23:30:00.0
KR_U194,Weekday,11,8,9.0,58.083333333333336,67.08333333333334,20.133333333333333,28.91,2022-04-27T20:08:00.0
KR_U194,Weekday,8,10,9.0,18.483333333333334,27.483333333333334,15.216666666666667,20.31,2022-05-02T15:13:00.0
KR_U194,Weekday,10,11,9.0,40.81666666666666,49.81666666666666,18.7,18.88,2022-05-03T18:42:00.0
KR_U194,Weekday,12,10,6.5,36.95,43.45,23.833333333333332,33.61,2022-05-05T23:50:00.0
KR_U194,Weekday,10,12,4.95,23.416666666666668,28.366666666666667,19.283333333333335,15.89,2022-05-09T19:17:00.0
KR_U194,Weekday,12,9,2.7333333333333334,13.716666666666667,16.45,23.65,19.21,2022-05-10T23:39:00.0
KR_U194,Weekday,9,7,9.0,12.516666666666667,21.516666666666666,16.1,20.31,2022-05-11T16:06:00.0
KR_U194,Weekday,7,12,2.3,150.65,152.95000000000002,13.616666666666667,14.73,2022-05-12T13:37:00.0
KR_U194,Weekday,12,9,7.816666666666666,16.85,24.666666666666668,22.566666666666666,17.26,2022-05-20T22:34:00.0
KR_U194,Weekday,9,11,1.6333333333333333,74.65,76.28333333333335,16.85,11.52,2022-05-23T16:51:00.0
KR_U194,Weekday,11,10,9.0,35.86666666666667,44.86666666666667,21.133333333333333,40.68,2022-05-26T21:08:00.0
KR_U194,Weekday,10,8,7.633333333333334,85.91666666666667,93.55000000000001,18.0,25.65,2022-05-30T18:00:00.0
KR_U194,Weekday,8,8,6.166666666666667,41.5,47.666666666666664,15.55,32.32,2022-06-03T15:33:00.0
KR_U194,Weekday,8,1,9.0,0.6333333333333333,9.633333333333333,15.216666666666667,18.29,2022-06-07T15:13:00.0
KR_U194,Weekday,1,12,9.0,204.35,213.35,0.85,18.36,2022-06-08T00:51:00.0
KR_U194,Weekday,12,11,0.6666666666666666,22.366666666666667,23.033333333333335,22.2,26.94,2022-06-20T22:12:00.0
KR_U194,Weekday,11,7,9.0,6.583333333333333,15.583333333333332,21.233333333333334,27.51,2022-06-21T21:14:00.0
KR_U194,Weekday,7,7,2.033333333333333,142.5,144.53333333333333,12.816666666666666,5.45,2022-06-22T12:49:00.0
KR_U194,Weekday,7,12,9.0,0.9666666666666667,9.966666666666667,13.35,10.11,2022-06-30T13:21:00.0
KR_U194,Weekday,12,8,7.683333333333334,199.58333333333334,207.26666666666668,23.316666666666666,33.26,2022-06-30T23:19:00.0
KR_U194,Weekday,8,12,8.566666666666666,0.016666666666666666,8.583333333333334,14.583333333333334,17.57,2022-07-13T14:35:00.0
KR_U194,Weekday,12,12,0.2,0.08333333333333333,0.2833333333333333,23.166666666666668,0.66,2022-07-13T23:10:00.0
KR_U194,Weekday,12,12,8.05,184.01666666666665,192.06666666666666,23.45,26.16,2022-07-13T23:27:00.0
KR_U194,Weekday,12,8,9.0,125.66666666666667,134.66666666666669,23.516666666666666,57.37,2022-07-25T23:31:00.0
KR_U194,Weekday,12,8,8.4,7.316666666666666,15.716666666666667,23.033333333333335,18.51,2022-08-02T23:02:00.0
KR_U194,Weekday,8,10,5.3,165.96666666666664,171.26666666666665,14.75,17.07,2022-08-03T14:45:00.0
KR_U194,Weekday,12,11,8.883333333333333,20.316666666666666,29.2,23.4,19.88,2022-08-12T23:24:00.0
KR_U194,Weekday,11,12,7.283333333333333,66.51666666666667,73.8,20.316666666666666,11.51,2022-08-15T20:19:00.0
KR_U194,Weekday,12,1,7.466666666666667,66.91666666666667,74.38333333333334,22.116666666666667,39.42,2022-08-18T22:07:00.0
KR_U194,Weekday,12,10,9.033333333333333,35.0,44.03333333333333,22.383333333333333,10.11,2022-09-07T22:23:00.0
KR_U194,Weekday,10,9,5.683333333333334,17.75,23.433333333333334,18.416666666666668,27.39,2022-09-09T18:25:00.0
KR_U194,Weekday,9,9,2.3333333333333335,21.233333333333334,23.566666666666666,17.75,12.95,2022-09-12T17:45:00.0
KR_U194,Weekday,9,12,4.433333333333334,48.85,53.28333333333333,17.316666666666666,27.55,2022-09-13T17:19:00.0
KR_U194,Weekday,12,9,3.7333333333333334,38.46666666666667,42.2,22.6,8.74,2022-09-15T22:36:00.0
KR_U194,Weekday,9,9,6.8,41.65,48.449999999999996,16.8,35.12,2022-09-19T16:48:00.0
KR_U194,Weekday,9,12,8.45,20.783333333333335,29.233333333333334,17.25,21.08,2022-09-21T17:15:00.0
KR_U194,Weekday,12,9,7.65,11.416666666666666,19.066666666666666,22.483333333333334,25.23,2022-09-22T22:29:00.0
KR_U194,Weekday,9,6,5.9,106.8,112.7,17.55,19.05,2022-09-23T17:33:00.0
KR_U8,Weekend,9,10,16.133333333333333,10.683333333333334,26.816666666666666,16.666666666666668,17.69,2022-01-15T16:40:00.0
KR_U8,Weekend,10,5,3.55,33.916666666666664,37.46666666666666,19.483333333333334,13.13,2022-01-16T19:29:00.0
KR_U8,Weekend,5,7,1.6333333333333333,25.816666666666666,27.45,8.95,8.32,2022-01-23T08:57:00.0
KR_U8,Weekend,7,9,1.0666666666666667,27.016666666666666,28.083333333333332,12.4,5.4,2022-01-29T12:24:00.0
KR_U8,Weekend,9,8,4.066666666666666,91.36666666666667,95.43333333333334,16.483333333333334,9.46,2022-01-30T16:29:00.0
KR_U8,Weekend,8,9,3.3833333333333333,69.93333333333334,73.31666666666668,15.916666666666666,11.1,2022-02-13T15:55:00.0
KR_U8,Weekend,7,6,2.9833333333333334,17.78333333333333,20.766666666666666,13.3,9.78,2022-04-03T13:18:00.0
KR_U8,Weekend,6,6,1.3333333333333333,22.616666666666667,23.95,10.066666666666666,6.82,2022-04-09T10:04:00.0
KR_U8,Weekend,6,5,1.4666666666666666,45.63333333333333,47.1,10.016666666666667,7.42,2022-04-10T10:01:00.0
KR_U8,Weekend,5,6,0.7,0.25,0.95,9.116666666666667,3.57,2022-04-17T09:07:00.0
KR_U8,Weekend,6,6,1.1833333333333333,143.95,145.13333333333333,10.066666666666666,5.96,2022-04-17T10:04:00.0
KR_U8,Weekend,6,10,3.5833333333333335,76.43333333333334,80.01666666666667,11.2,16.2,2022-05-08T11:12:00.0
KR_U8,Weekend,10,7,3.683333333333333,61.233333333333334,64.91666666666667,19.216666666666665,15.88,2022-05-21T19:13:00.0
KR_U8,Weekend,7,8,2.15,0.7333333333333333,2.8833333333333333,12.133333333333333,11.02,2022-05-29T12:08:00.0
KR_U8,Weekend,8,6,2.6333333333333333,16.733333333333334,19.366666666666667,15.016666666666667,7.0,2022-05-29T15:01:00.0
KR_U8,Weekend,6,9,2.5,75.53333333333333,78.03333333333333,10.383333333333333,12.57,2022-06-04T10:23:00.0
KR_U8,Weekend,9,10,2.183333333333333,24.366666666666667,26.55,16.416666666666668,11.02,2022-06-12T16:25:00.0
KR_U8,Weekend,10,9,2.816666666666667,43.11666666666667,45.93333333333334,18.966666666666665,14.34,2022-06-18T18:58:00.0
KR_U8,Weekend,9,10,4.05,69.19999999999999,73.24999999999999,16.9,16.57,2022-06-25T16:54:00.0
KR_U8,Weekend,10,9,3.45,43.266666666666666,46.71666666666667,18.15,17.44,2022-07-03T18:09:00.0
KR_U8,Weekend,9,10,6.65,42.71666666666667,49.36666666666667,16.866666666666667,16.96,2022-07-10T16:52:00.0
KR_U8,Weekend,10,8,4.066666666666666,41.25,45.31666666666666,18.233333333333334,16.04,2022-07-17T18:14:00.0
KR_U8,Weekend,8,11,3.683333333333333,96.86666666666667,100.55000000000001,15.55,13.81,2022-07-24T15:33:00.0
KR_U8,Weekend,11,9,2.6666666666666665,19.083333333333336,21.750000000000004,20.1,13.36,2022-08-07T20:06:00.0
KR_U8,Weekend,9,7,3.9833333333333334,87.18333333333334,91.16666666666667,17.85,15.56,2022-08-13T17:51:00.0
KR_U8,Weekend,7,7,2.35,22.049999999999997,24.4,13.016666666666667,11.77,2022-08-27T13:01:00.0
KR_U8,Weekend,7,9,4.133333333333334,22.916666666666664,27.049999999999997,13.416666666666666,17.21,2022-08-28T13:25:00.0
KR_U8,Weekend,9,5,4.866666666666666,35.483333333333334,40.35,16.466666666666665,19.36,2022-09-03T16:28:00.0
KR_U8,Weekend,5,6,4.666666666666667,44.7,49.36666666666667,8.816666666666666,15.82,2022-09-10T08:49:00.0
KR_U8,Weekend,6,9,2.7666666666666666,27.233333333333334,30.0,10.183333333333334,13.43,2022-09-17T10:11:00.0
KR_U8,Weekend,9,9,3.066666666666667,22.5,25.566666666666666,16.183333333333334,14.85,2022-09-18T16:11:00.0
KR_U8,Weekday,10,9,12.516666666666667,105.13333333333334,117.65,18.783333333333335,11.72,2022-01-03T18:47:00.0
KR_U8,Weekday,9,8,4.95,41.13333333333333,46.083333333333336,16.433333333333334,15.92,2022-01-10T16:26:00.0
KR_U8,Weekday,8,8,3.3666666666666667,93.06666666666668,96.43333333333334,14.516666666666667,10.14,2022-01-12T14:31:00.0
KR_U8,Weekday,8,8,4.4,68.2,72.60000000000001,14.95,11.4,2022-01-18T14:57:00.0
KR_U8,Weekday,8,7,3.5,17.75,21.25,15.55,16.45,2022-01-21T15:33:00.0
KR_U8,Weekday,7,10,3.7333333333333334,75.06666666666666,78.8,12.8,9.8,2022-01-24T12:48:00.0
KR_U8,Weekday,10,5,2.0166666666666666,107.19999999999999,109.21666666666665,19.6,10.17,2022-01-27T19:36:00.0
KR_U8,Weekday,5,9,4.316666666666666,27.45,31.766666666666666,8.816666666666666,10.6,2022-02-03T08:49:00.0
KR_U8,Weekday,9,6,2.95,64.03333333333333,66.98333333333333,16.583333333333332,10.96,2022-02-04T16:35:00.0
KR_U8,Weekday,6,8,7.083333333333333,43.96666666666667,51.050000000000004,11.566666666666666,12.39,2022-02-09T11:34:00.0
KR_U8,Weekday,8,9,4.0,46.93333333333334,50.93333333333334,14.616666666666667,13.0,2022-02-11T14:37:00.0
KR_U8,Weekday,9,10,1.2333333333333334,0.7,1.9333333333333333,17.55,6.28,2022-02-15T17:33:00.0
KR_U8,Weekday,10,9,1.95,44.0,45.95,19.483333333333334,9.78,2022-02-15T19:29:00.0
KR_U8,Weekday,9,10,1.85,0.26666666666666666,2.1166666666666667,17.433333333333334,9.35,2022-02-17T17:26:00.0
KR_U8,Weekday,10,9,1.7666666666666666,20.416666666666668,22.183333333333334,19.55,8.15,2022-02-17T19:33:00.0
KR_U8,Weekday,9,9,3.4833333333333334,20.21666666666667,23.700000000000003,17.733333333333334,11.05,2022-02-18T17:44:00.0
KR_U8,Weekday,9,10,3.783333333333333,22.31666666666667,26.1,17.433333333333334,13.22,2022-02-21T17:26:00.0
KR_U8,Weekday,10,9,1.8833333333333333,44.06666666666666,45.949999999999996,19.533333333333335,9.47,2022-02-22T19:32:00.0
KR_U8,Weekday,9,10,1.8333333333333333,0.2833333333333333,2.1166666666666667,17.483333333333334,9.22,2022-02-24T17:29:00.0
KR_U8,Weekday,10,11,1.75,48.13333333333333,49.88333333333333,19.6,4.63,2022-02-24T19:36:00.0
KR_U8,Weekday,11,9,1.0333333333333334,42.88333333333333,43.916666666666664,21.483333333333334,5.26,2022-02-28T21:29:00.0
KR_U8,Weekday,9,10,3.316666666666667,45.733333333333334,49.050000000000004,17.4,12.18,2022-03-02T17:24:00.0
KR_U8,Weekday,10,9,4.266666666666667,19.06666666666667,23.333333333333336,18.45,17.27,2022-03-04T18:27:00.0
KR_U8,Weekday,9,9,3.45,44.61666666666667,48.06666666666667,17.783333333333335,14.13,2022-03-07T17:47:00.0
KR_U8,Weekday,9,10,2.0166666666666666,46.516666666666666,48.53333333333333,17.85,9.46,2022-03-09T17:51:00.0
KR_U8,Weekday,10,9,4.066666666666666,19.35,23.416666666666668,18.383333333333333,16.18,2022-03-11T18:23:00.0
KR_U8,Weekday,9,10,2.783333333333333,45.766666666666666,48.55,17.8,11.93,2022-03-14T17:48:00.0
KR_U8,Weekday,10,9,2.8333333333333335,44.35,47.18333333333334,18.35,13.92,2022-03-16T18:21:00.0
KR_U8,Weekday,9,10,3.1666666666666665,21.46666666666667,24.633333333333336,17.533333333333335,13.85,2022-03-18T17:32:00.0
KR_U8,Weekday,10,10,3.933333333333333,93.36666666666667,97.30000000000001,18.166666666666668,16.34,2022-03-21T18:10:00.0
KR_U8,Weekday,10,9,3.45,163.0333333333333,166.4833333333333,19.466666666666665,17.53,2022-03-25T19:28:00.0
KR_U8,Weekday,9,9,3.7333333333333334,43.75,47.483333333333334,17.95,13.59,2022-04-05T17:57:00.0
KR_U8,Weekday,9,10,1.8666666666666667,47.58333333333333,49.449999999999996,17.433333333333334,9.43,2022-04-07T17:26:00.0
KR_U8,Weekday,10,9,3.7,42.983333333333334,46.68333333333334,18.883333333333333,13.44,2022-04-11T18:53:00.0
KR_U8,Weekday,9,10,3.75,45.1,48.85,17.566666666666666,14.01,2022-04-13T17:34:00.0
KR_U8,Weekday,10,10,2.933333333333333,20.866666666666664,23.799999999999997,18.416666666666668,13.97,2022-04-15T18:25:00.0
KR_U8,Weekday,10,9,2.933333333333333,44.68333333333334,47.61666666666667,18.216666666666665,11.35,2022-04-18T18:13:00.0
KR_U8,Weekday,9,10,3.6,70.16666666666666,73.76666666666665,17.833333333333332,13.69,2022-04-20T17:50:00.0
KR_U8,Weekday,10,11,3.2,46.983333333333334,50.18333333333334,19.6,16.25,2022-04-25T19:36:00.0
KR_U8,Weekday,11,11,4.2,43.68333333333334,47.88333333333334,21.783333333333335,16.07,2022-04-27T21:47:00.0
KR_U8,Weekday,11,9,4.116666666666666,41.38333333333333,45.5,21.666666666666668,15.31,2022-04-29T21:40:00.0
KR_U8,Weekday,9,10,1.4666666666666666,0.26666666666666666,1.7333333333333332,17.383333333333333,7.4,2022-05-03T17:23:00.0
KR_U8,Weekday,10,11,3.2333333333333334,95.16666666666667,98.4,19.116666666666667,9.89,2022-05-03T19:07:00.0
KR_U8,Weekday,11,9,1.3,42.61666666666667,43.916666666666664,21.516666666666666,6.59,2022-05-09T21:31:00.0
KR_U8,Weekday,9,9,3.4833333333333334,44.96666666666667,48.45,17.433333333333334,16.97,2022-05-11T17:26:00.0
KR_U8,Weekday,9,9,1.5333333333333334,22.299999999999997,23.833333333333332,17.883333333333333,7.76,2022-05-13T17:53:00.0
KR_U8,Weekday,9,10,3.5,45.53333333333333,49.03333333333333,17.716666666666665,13.88,2022-05-16T17:43:00.0
KR_U8,Weekday,10,9,1.95,44.88333333333333,46.833333333333336,18.75,9.85,2022-05-18T18:45:00.0
KR_U8,Weekday,9,9,1.6333333333333333,46.21666666666667,47.85,17.583333333333332,8.31,2022-05-20T17:35:00.0
KR_U8,Weekday,9,11,1.35,26.9,28.25,17.433333333333334,6.88,2022-05-24T17:26:00.0
KR_U8,Weekday,11,8,9.533333333333333,104.7,114.23333333333333,21.683333333333334,14.68,2022-05-25T21:41:00.0
KR_U8,Weekday,8,5,6.25,58.633333333333326,64.88333333333333,15.916666666666666,13.92,2022-06-01T15:55:00.0
KR_U8,Weekday,5,6,1.5333333333333334,0.31666666666666665,1.85,8.8,7.69,2022-06-06T08:48:00.0
KR_U8,Weekday,6,10,1.2166666666666666,54.43333333333334,55.650000000000006,10.65,5.0,2022-06-06T10:39:00.0
KR_U8,Weekday,10,9,2.6166666666666667,44.06666666666666,46.68333333333333,18.3,13.23,2022-06-08T18:18:00.0
KR_U8,Weekday,9,9,3.8666666666666667,91.7,95.56666666666666,16.983333333333334,17.39,2022-06-10T16:59:00.0
KR_U8,Weekday,9,9,2.7666666666666666,70.15,72.91666666666667,16.55,13.98,2022-06-16T16:33:00.0
KR_U8,Weekday,9,10,1.8166666666666667,0.26666666666666666,2.0833333333333335,17.466666666666665,9.01,2022-06-21T17:28:00.0
KR_U8,Weekday,10,9,1.9,43.96666666666667,45.86666666666667,19.55,8.65,2022-06-21T19:33:00.0
KR_U8,Weekday,9,10,1.9166666666666667,0.38333333333333336,2.3000000000000003,17.416666666666668,9.52,2022-06-23T17:25:00.0
KR_U8,Weekday,10,10,1.85,44.81666666666666,46.666666666666664,19.716666666666665,6.19,2022-06-23T19:43:00.0
KR_U8,Weekday,10,10,3.3666666666666667,44.71666666666667,48.083333333333336,18.383333333333333,12.23,2022-06-27T18:23:00.0
KR_U8,Weekday,10,9,2.8666666666666667,44.35,47.21666666666667,18.466666666666665,14.36,2022-06-29T18:28:00.0
KR_U8,Weekday,9,11,0.5,1.9833333333333334,2.4833333333333334,17.683333333333334,2.55,2022-07-01T17:41:00.0
KR_U8,Weekday,11,8,1.85,41.36666666666667,43.21666666666667,20.166666666666668,9.27,2022-07-01T20:10:00.0
KR_U8,Weekday,8,10,3.533333333333333,47.166666666666664,50.699999999999996,15.383333333333333,14.1,2022-07-05T15:23:00.0
KR_U8,Weekday,10,9,3.2333333333333334,92.55000000000001,95.78333333333335,18.083333333333332,13.63,2022-07-07T18:05:00.0
KR_U8,Weekday,9,10,2.966666666666667,22.8,25.766666666666666,17.866666666666667,14.76,2022-07-13T17:52:00.0
KR_U8,Weekday,10,9,2.1,140.05,142.15,19.633333333333333,10.48,2022-07-14T19:38:00.0
KR_U8,Weekday,9,11,1.4666666666666666,121.06666666666666,122.53333333333333,17.783333333333335,7.46,2022-07-22T17:47:00.0
KR_U8,Weekday,11,9,2.6,41.58333333333333,44.18333333333333,20.316666666666666,13.14,2022-07-29T20:19:00.0
KR_U8,Weekday,9,9,3.966666666666667,45.25,49.21666666666667,16.5,15.13,2022-08-02T16:30:00.0
KR_U8,Weekday,9,7,3.35,88.01666666666667,91.36666666666666,17.716666666666665,16.21,2022-08-04T17:43:00.0
KR_U8,Weekday,7,8,1.95,48.5,50.45,13.083333333333334,9.48,2022-08-10T13:05:00.0
KR_U8,Weekday,8,9,3.6666666666666665,45.41666666666667,49.083333333333336,15.533333333333333,17.94,2022-08-12T15:32:00.0
KR_U8,Weekday,9,4,2.2666666666666666,60.7,62.96666666666667,16.616666666666667,11.11,2022-08-16T16:37:00.0
KR_U8,Weekday,4,9,4.316666666666666,29.85,34.16666666666667,7.583333333333333,16.89,2022-08-19T07:35:00.0
KR_U8,Weekday,9,9,3.0,45.08333333333333,48.08333333333333,17.75,13.6,2022-08-22T17:45:00.0
KR_U8,Weekday,9,10,2.933333333333333,141.23333333333335,144.16666666666669,17.833333333333332,14.77,2022-08-24T17:50:00.0
KR_U8,Weekday,10,10,5.366666666666666,90.94999999999999,96.31666666666665,18.0,14.1,2022-09-01T18:00:00.0
KR_U8,Weekday,10,9,2.45,92.6,95.05,18.316666666666666,12.43,2022-09-07T18:19:00.0
KR_U8,Weekday,9,10,4.1,46.06666666666666,50.166666666666664,17.366666666666667,14.55,2022-09-13T17:22:00.0
KR_U8,Weekday,10,10,1.9333333333333333,94.15,96.08333333333334,19.533333333333335,9.65,2022-09-15T19:32:00.0
KR_U8,Weekday,10,10,4.966666666666667,65.56666666666666,70.53333333333333,19.616666666666667,14.97,2022-09-21T19:37:00.0
KR_U8,Weekday,10,9,2.6666666666666665,19.633333333333333,22.3,18.15,13.48,2022-09-26T18:09:00.0
KR_U8,Weekday,9,9,2.8,46.45,49.25,16.45,12.82,2022-09-27T16:27:00.0
KR_U106,Weekend,7,6,4.933333333333334,16.78333333333333,21.716666666666665,13.7,32.52,2022-02-05T13:42:00.0
KR_U106,Weekend,6,10,3.1666666666666665,4.266666666666667,7.433333333333334,11.416666666666666,20.58,2022-02-06T11:25:00.0
KR_U106,Weekend,10,9,4.5,17.166666666666664,21.666666666666664,18.85,27.19,2022-02-06T18:51:00.0
KR_U106,Weekend,9,8,3.5,43.71666666666667,47.21666666666667,16.566666666666666,10.5,2022-02-12T16:34:00.0
KR_U106,Weekend,8,9,0.5333333333333333,47.78333333333333,48.31666666666666,15.783333333333333,1.79,2022-02-19T15:47:00.0
KR_U106,Weekend,9,11,7.0,21.28333333333333,28.28333333333333,16.1,43.4,2022-02-26T16:06:00.0
KR_U106,Weekend,11,7,5.25,13.316666666666666,18.566666666666666,20.383333333333333,31.53,2022-02-27T20:23:00.0
KR_U106,Weekend,7,8,1.2,0.06666666666666667,1.2666666666666666,13.316666666666666,7.89,2022-03-05T13:19:00.0
KR_U106,Weekend,8,12,2.5166666666666666,5.45,7.966666666666667,14.583333333333334,7.23,2022-03-05T14:35:00.0
KR_U106,Weekend,12,9,8.633333333333333,10.35,18.983333333333334,22.55,57.34,2022-03-05T22:33:00.0
KR_U106,Weekend,9,8,4.25,40.7,44.95,17.533333333333335,25.79,2022-03-06T17:32:00.0
KR_U106,Weekend,9,7,7.516666666666667,14.016666666666666,21.53333333333333,16.133333333333333,46.91,2022-03-13T16:08:00.0
KR_U106,Weekend,7,9,3.2,0.7833333333333333,3.9833333333333334,13.666666666666666,21.02,2022-03-19T13:40:00.0
KR_U106,Weekend,9,6,3.75,13.016666666666666,16.766666666666666,17.65,21.53,2022-03-19T17:39:00.0
KR_U106,Weekend,6,8,3.5,1.6166666666666667,5.116666666666667,10.416666666666666,10.49,2022-03-20T10:25:00.0
KR_U106,Weekend,8,9,1.25,23.31666666666667,24.56666666666667,15.533333333333333,5.45,2022-03-20T15:32:00.0
KR_U106,Weekend,9,9,3.5166666666666666,22.03333333333333,25.549999999999997,16.1,10.71,2022-03-26T16:06:00.0
KR_U106,Weekend,10,7,6.516666666666667,13.633333333333333,20.15,19.933333333333334,39.79,2022-03-27T19:56:00.0
KR_U106,Weekend,7,9,9.266666666666667,42.083333333333336,51.35,13.633333333333333,50.72,2022-04-02T13:38:00.0
KR_U106,Weekend,9,10,3.5166666666666666,22.633333333333333,26.15,16.983333333333334,10.4,2022-04-09T16:59:00.0
KR_U106,Weekend,10,10,9.016666666666667,18.966666666666665,27.983333333333334,19.133333333333333,56.8,2022-04-10T19:08:00.0
KR_U106,Weekend,10,11,9.266666666666667,15.85,25.116666666666667,18.966666666666665,58.35,2022-04-16T18:58:00.0
KR_U106,Weekend,11,9,3.75,17.950000000000003,21.700000000000003,20.083333333333332,10.95,2022-04-17T20:05:00.0
KR_U106,Weekend,9,4,8.516666666666667,4.0,12.516666666666667,17.783333333333335,54.04,2022-04-23T17:47:00.0
KR_U106,Weekend,4,10,8.133333333333333,28.53333333333333,36.666666666666664,6.3,55.41,2022-04-24T06:18:00.0
KR_U106,Weekend,10,8,10.766666666666667,8.716666666666667,19.483333333333334,18.966666666666665,68.45,2022-04-30T18:58:00.0
KR_U106,Weekend,8,8,3.5166666666666666,21.65,25.166666666666664,14.45,10.45,2022-05-01T14:27:00.0
KR_U106,Weekend,8,8,10.266666666666667,36.46666666666667,46.733333333333334,15.616666666666667,64.56,2022-05-07T15:37:00.0
KR_U106,Weekend,8,9,3.5166666666666666,71.5,75.01666666666667,14.35,10.73,2022-05-14T14:21:00.0
KR_U106,Weekend,9,9,3.5166666666666666,21.033333333333335,24.55,17.366666666666667,10.25,2022-05-22T17:22:00.0
KR_U106,Weekend,9,8,6.516666666666667,86.58333333333333,93.1,17.916666666666668,40.3,2022-05-28T17:55:00.0
KR_U106,Weekend,8,7,1.6166666666666667,44.25,45.86666666666667,15.016666666666667,10.66,2022-06-11T15:01:00.0
KR_U106,Weekend,7,10,4.933333333333334,25.1,30.033333333333335,12.883333333333333,32.27,2022-06-18T12:53:00.0
KR_U106,Weekend,10,8,3.75,40.86666666666667,44.61666666666667,18.916666666666668,23.12,2022-06-19T18:55:00.0
KR_U106,Weekend,8,11,7.75,21.28333333333333,29.03333333333333,15.533333333333333,47.88,2022-06-26T15:32:00.0
KR_U106,Weekend,11,7,5.016666666666667,58.88333333333334,63.900000000000006,20.566666666666666,30.19,2022-07-02T20:34:00.0
KR_U106,Weekend,7,8,2.533333333333333,0.75,3.283333333333333,12.466666666666667,16.27,2022-07-10T12:28:00.0
KR_U106,Weekend,8,10,2.9166666666666665,1.1833333333333333,4.1,15.75,19.15,2022-07-10T15:45:00.0
KR_U106,Weekend,10,12,3.75,23.7,27.45,19.85,11.03,2022-07-10T19:51:00.0
KR_U106,Weekend,12,8,6.866666666666666,56.916666666666664,63.78333333333333,23.3,44.62,2022-07-16T23:18:00.0
KR_U106,Weekend,8,10,3.5166666666666666,72.45,75.96666666666667,15.083333333333334,10.52,2022-07-24T15:05:00.0
KR_U106,Weekend,10,8,0.5,67.26666666666667,67.76666666666667,19.05,1.32,2022-08-06T19:03:00.0
KR_U106,Weekend,8,8,8.516666666666667,135.66666666666669,144.18333333333337,14.816666666666666,49.88,2022-08-14T14:49:00.0
KR_U106,Weekend,8,10,3.5,72.5,76.0,15.0,10.16,2022-09-04T15:00:00.0
KR_U106,Weekend,10,9,5.75,15.516666666666667,21.266666666666666,19.0,35.29,2022-09-17T19:00:00.0
KR_U106,Weekend,9,6,3.5,39.86666666666667,43.36666666666667,16.266666666666666,10.69,2022-09-18T16:16:00.0
KR_U106,Weekday,11,10,3.5166666666666666,65.51666666666667,69.03333333333333,21.266666666666666,10.15,2022-01-13T21:16:00.0
KR_U106,Weekday,10,12,10.5,89.23333333333333,99.73333333333333,18.3,66.27,2022-01-18T18:18:00.0
KR_U106,Weekday,12,10,3.5,41.4,44.9,22.033333333333335,10.36,2022-01-24T22:02:00.0
KR_U106,Weekday,10,11,3.5,22.2,25.7,18.933333333333334,10.06,2022-01-26T18:56:00.0
KR_U106,Weekday,11,9,10.516666666666667,57.21666666666667,67.73333333333333,20.633333333333333,67.21,2022-01-27T20:38:00.0
KR_U106,Weekday,9,7,8.0,13.2,21.2,16.366666666666667,50.24,2022-02-01T16:22:00.0
KR_U106,Weekday,7,11,3.5,27.316666666666666,30.816666666666666,13.566666666666666,9.83,2022-02-02T13:34:00.0
KR_U106,Weekday,11,10,3.5,18.7,22.2,20.383333333333333,10.07,2022-02-03T20:23:00.0
KR_U106,Weekday,10,10,3.5,44.75,48.25,18.583333333333332,10.2,2022-02-04T18:35:00.0
KR_U106,Weekday,10,10,3.5,20.883333333333333,24.383333333333333,18.833333333333332,10.3,2022-02-08T18:50:00.0
KR_U106,Weekday,11,11,9.516666666666667,62.11666666666666,71.63333333333333,20.833333333333332,60.88,2022-02-09T20:50:00.0
KR_U106,Weekday,11,10,3.5,19.35,22.85,20.466666666666665,10.18,2022-02-14T20:28:00.0
KR_U106,Weekday,10,10,3.5166666666666666,19.816666666666666,23.333333333333332,19.316666666666666,10.57,2022-02-15T19:19:00.0
KR_U106,Weekday,10,11,3.5,142.26666666666665,145.76666666666665,18.666666666666668,10.07,2022-02-16T18:40:00.0
KR_U106,Weekday,11,6,9.266666666666667,53.33333333333333,62.599999999999994,20.433333333333334,58.94,2022-02-24T20:26:00.0
KR_U106,Weekday,6,10,3.5,28.31666666666667,31.81666666666667,11.033333333333333,10.49,2022-03-01T11:02:00.0
KR_U106,Weekday,11,11,3.7666666666666666,18.883333333333333,22.65,21.716666666666665,10.84,2022-03-02T21:43:00.0
KR_U106,Weekday,11,12,3.5166666666666666,22.45,25.966666666666665,20.366666666666667,10.26,2022-03-03T20:22:00.0
KR_U106,Weekday,12,11,3.5,20.483333333333334,23.983333333333334,22.333333333333332,10.55,2022-03-04T22:20:00.0
KR_U106,Weekday,11,10,3.25,18.016666666666666,21.266666666666666,21.716666666666665,19.39,2022-03-07T21:43:00.0
KR_U106,Weekday,10,7,3.5,14.25,17.75,18.983333333333334,10.77,2022-03-08T18:59:00.0
KR_U106,Weekday,7,11,3.2333333333333334,28.53333333333333,31.766666666666666,12.733333333333333,21.39,2022-03-09T12:44:00.0
KR_U106,Weekday,11,11,4.5,43.71666666666667,48.21666666666667,20.533333333333335,27.95,2022-03-10T20:32:00.0
KR_U106,Weekday,11,10,3.5,18.683333333333334,22.183333333333334,20.75,10.15,2022-03-14T20:45:00.0
KR_U106,Weekday,10,10,3.5,20.216666666666665,23.716666666666665,18.933333333333334,10.75,2022-03-15T18:56:00.0
KR_U106,Weekday,10,11,3.5,22.450000000000003,25.950000000000003,18.65,10.24,2022-03-16T18:39:00.0
KR_U106,Weekday,11,11,10.766666666666667,37.58333333333333,48.349999999999994,20.716666666666665,67.97,2022-03-17T20:43:00.0
KR_U106,Weekday,11,10,3.5166666666666666,18.9,22.416666666666664,21.066666666666666,10.3,2022-03-21T21:04:00.0
KR_U106,Weekday,10,10,3.5166666666666666,20.0,23.516666666666666,19.483333333333334,10.58,2022-03-22T19:29:00.0
KR_U106,Weekday,11,11,3.5166666666666666,20.849999999999998,24.366666666666664,20.083333333333332,10.71,2022-03-23T20:05:00.0
KR_U106,Weekday,11,10,10.016666666666667,12.133333333333333,22.15,20.483333333333334,63.48,2022-03-24T20:29:00.0
KR_U106,Weekday,10,11,3.0,22.866666666666667,25.866666666666667,18.633333333333333,17.54,2022-03-25T18:38:00.0
KR_U106,Weekday,11,10,3.5166666666666666,19.383333333333333,22.9,20.5,10.12,2022-03-28T20:30:00.0
KR_U106,Weekday,10,10,3.5166666666666666,19.849999999999998,23.366666666666664,19.4,10.65,2022-03-29T19:24:00.0
KR_U106,Weekday,10,11,1.7333333333333334,0.31666666666666665,2.05,18.8,11.38,2022-03-30T18:48:00.0
KR_U106,Weekday,11,12,6.0,19.533333333333335,25.533333333333335,20.85,37.79,2022-03-30T20:51:00.0
KR_U106,Weekday,12,10,3.5,17.133333333333333,20.633333333333333,22.383333333333333,10.07,2022-03-31T22:23:00.0
KR_U106,Weekday,10,11,10.016666666666667,20.516666666666666,30.53333333333333,19.016666666666666,63.86,2022-04-01T19:01:00.0
KR_U106,Weekday,11,10,3.5,19.783333333333335,23.283333333333335,20.516666666666666,10.36,2022-04-04T20:31:00.0
KR_U106,Weekday,10,10,5.5,17.866666666666667,23.366666666666667,19.8,33.33,2022-04-05T19:48:00.0
KR_U106,Weekday,10,11,3.5,21.866666666666667,25.366666666666667,19.166666666666668,10.69,2022-04-06T19:10:00.0
KR_U106,Weekday,11,11,3.5,20.75,24.25,20.533333333333335,10.3,2022-04-07T20:32:00.0
KR_U106,Weekday,11,11,9.25,116.86666666666667,126.11666666666667,20.783333333333335,52.41,2022-04-08T20:47:00.0
KR_U106,Weekday,11,11,9.766666666666667,20.633333333333333,30.4,20.866666666666667,61.91,2022-04-15T20:52:00.0
KR_U106,Weekday,11,10,3.5,18.783333333333335,22.283333333333335,20.633333333333333,10.12,2022-04-18T20:38:00.0
KR_U106,Weekday,10,10,3.5166666666666666,20.233333333333334,23.75,18.916666666666668,10.74,2022-04-19T18:55:00.0
KR_U106,Weekday,10,11,9.016666666666667,16.65,25.666666666666664,18.666666666666668,57.18,2022-04-20T18:40:00.0
KR_U106,Weekday,11,11,3.5,44.68333333333334,48.18333333333334,20.333333333333332,10.47,2022-04-21T20:20:00.0
KR_U106,Weekday,11,10,3.5,42.7,46.2,20.516666666666666,10.28,2022-04-25T20:31:00.0
KR_U106,Weekday,10,11,3.5166666666666666,70.21666666666667,73.73333333333333,18.716666666666665,10.28,2022-04-27T18:43:00.0
KR_U106,Weekday,11,10,3.5166666666666666,19.083333333333336,22.6,20.45,10.07,2022-05-02T20:27:00.0
KR_U106,Weekday,10,10,3.75,19.95,23.7,19.05,10.42,2022-05-03T19:03:00.0
KR_U106,Weekday,10,11,8.516666666666667,65.15,73.66666666666667,18.75,53.58,2022-05-04T18:45:00.0
KR_U106,Weekday,11,11,3.2666666666666666,20.4,23.666666666666664,20.416666666666668,9.93,2022-05-09T20:25:00.0
KR_U106,Weekday,11,10,3.5,18.900000000000002,22.400000000000002,20.083333333333332,10.46,2022-05-10T20:05:00.0
KR_U106,Weekday,10,10,3.5166666666666666,93.9,97.41666666666667,18.483333333333334,10.39,2022-05-11T18:29:00.0
KR_U106,Weekday,10,10,3.5,19.666666666666668,23.166666666666668,19.9,10.4,2022-05-17T19:54:00.0
KR_U106,Weekday,10,11,3.5,70.51666666666667,74.01666666666667,19.066666666666666,10.75,2022-05-18T19:04:00.0
KR_U106,Weekday,11,10,3.5166666666666666,67.28333333333333,70.8,21.083333333333332,10.15,2022-05-23T21:05:00.0
KR_U106,Weekday,10,11,10.75,37.900000000000006,48.650000000000006,19.883333333333333,67.45,2022-05-26T19:53:00.0
KR_U106,Weekday,11,9,3.5,40.36666666666666,43.86666666666666,20.533333333333335,10.2,2022-05-30T20:32:00.0
KR_U106,Weekday,9,10,8.766666666666667,66.18333333333334,74.95,16.4,55.05,2022-06-01T16:24:00.0
KR_U106,Weekday,10,10,7.016666666666667,40.5,47.516666666666666,19.35,43.27,2022-06-06T19:21:00.0
KR_U106,Weekday,10,1,3.5166666666666666,98.05000000000001,101.56666666666668,18.866666666666667,10.18,2022-06-08T18:52:00.0
KR_U106,Weekday,1,11,3.5166666666666666,88.75,92.26666666666667,0.43333333333333335,10.18,2022-06-15T00:26:00.0
KR_U106,Weekday,11,10,3.5166666666666666,18.383333333333333,21.9,20.7,10.45,2022-06-20T20:42:00.0
KR_U106,Weekday,10,10,1.2333333333333334,22.783333333333335,24.01666666666667,18.6,8.18,2022-06-21T18:36:00.0
KR_U106,Weekday,10,11,3.5,22.4,25.9,18.616666666666667,10.22,2022-06-22T18:37:00.0
KR_U106,Weekday,11,11,3.5,44.650000000000006,48.150000000000006,20.516666666666666,10.53,2022-06-23T20:31:00.0
KR_U106,Weekday,11,11,3.5166666666666666,21.35,24.866666666666667,20.666666666666668,10.31,2022-06-27T20:40:00.0
KR_U106,Weekday,11,10,3.5,17.716666666666665,21.216666666666665,21.533333333333335,10.55,2022-06-28T21:32:00.0
KR_U106,Weekday,10,10,3.5166666666666666,20.483333333333334,24.0,18.75,10.39,2022-06-29T18:45:00.0
KR_U106,Weekday,10,11,8.766666666666667,41.083333333333336,49.85,18.75,55.5,2022-06-30T18:45:00.0
KR_U106,Weekday,11,10,3.5166666666666666,42.25,45.766666666666666,20.6,10.5,2022-07-04T20:36:00.0
KR_U106,Weekday,10,11,4.75,21.483333333333334,26.233333333333334,18.366666666666667,28.93,2022-07-06T18:22:00.0
KR_U106,Weekday,11,11,3.5,116.60000000000001,120.10000000000001,20.6,10.68,2022-07-07T20:36:00.0
KR_U106,Weekday,11,10,3.5,18.616666666666667,22.116666666666667,20.7,10.27,2022-07-14T20:42:00.0
KR_U106,Weekday,10,10,3.5166666666666666,68.30000000000001,71.81666666666668,18.816666666666666,10.37,2022-07-15T18:49:00.0
KR_U106,Weekday,10,11,3.7666666666666666,22.166666666666668,25.933333333333334,18.633333333333333,10.76,2022-07-20T18:38:00.0
KR_U106,Weekday,11,10,3.5166666666666666,90.53333333333333,94.05,20.566666666666666,10.43,2022-07-21T20:34:00.0
KR_U106,Weekday,10,11,3.5,22.483333333333334,25.983333333333334,18.616666666666667,10.54,2022-07-27T18:37:00.0
KR_U106,Weekday,11,10,3.5,18.633333333333333,22.133333333333333,20.6,10.57,2022-07-28T20:36:00.0
KR_U106,Weekday,10,11,3.75,214.0,217.75,18.733333333333334,10.87,2022-07-29T18:44:00.0
KR_U106,Weekday,11,10,3.5,19.116666666666667,22.616666666666667,20.483333333333334,10.46,2022-08-11T20:29:00.0
KR_U106,Weekday,10,10,3.7666666666666666,44.11666666666667,47.88333333333333,19.1,10.74,2022-08-12T19:06:00.0
KR_U106,Weekday,10,10,5.516666666666667,18.133333333333333,23.65,18.983333333333334,33.0,2022-08-16T18:59:00.0
KR_U106,Weekday,10,11,3.5166666666666666,142.68333333333334,146.20000000000002,18.633333333333333,10.53,2022-08-17T18:38:00.0
KR_U106,Weekday,11,11,3.5,44.2,47.7,20.833333333333332,10.24,2022-08-25T20:50:00.0
KR_U106,Weekday,11,10,3.5,18.3,21.8,20.533333333333335,10.2,2022-08-29T20:32:00.0
KR_U106,Weekday,10,11,7.016666666666667,19.116666666666667,26.133333333333333,18.333333333333332,42.11,2022-08-30T18:20:00.0
KR_U106,Weekday,11,10,3.5,42.333333333333336,45.833333333333336,20.466666666666665,10.51,2022-08-31T20:28:00.0
KR_U106,Weekday,10,11,1.65,73.51666666666667,75.16666666666667,18.3,10.79,2022-09-02T18:18:00.0
KR_U106,Weekday,11,11,3.75,44.43333333333334,48.18333333333334,21.466666666666665,10.74,2022-09-07T21:28:00.0
KR_U106,Weekday,11,10,8.266666666666667,18.816666666666666,27.083333333333336,21.65,51.13,2022-09-09T21:39:00.0
KR_U106,Weekday,10,10,3.5166666666666666,20.5,24.016666666666666,18.816666666666666,10.37,2022-09-12T18:49:00.0
KR_U106,Weekday,10,11,3.5,22.21666666666667,25.71666666666667,18.833333333333332,10.41,2022-09-13T18:50:00.0
KR_U106,Weekday,11,11,3.7666666666666666,20.4,24.166666666666664,20.55,10.83,2022-09-14T20:33:00.0
KR_U106,Weekday,11,10,3.5166666666666666,138.51666666666665,142.03333333333333,20.716666666666665,10.19,2022-09-15T20:43:00.0
KR_U73,Weekend,8,6,2.3833333333333333,161.28333333333333,163.66666666666666,14.75,15.7,2022-05-21T14:45:00.0
KR_U73,Weekend,6,8,4.483333333333333,47.41666666666667,51.900000000000006,10.416666666666666,26.03,2022-06-12T10:25:00.0
KR_U73,Weekend,8,5,2.9166666666666665,16.05,18.96666666666667,14.316666666666666,18.85,2022-06-19T14:19:00.0
KR_U73,Weekend,5,9,2.466666666666667,28.3,30.766666666666666,9.283333333333333,12.89,2022-06-25T09:17:00.0
KR_U73,Weekend,9,10,0.7833333333333333,74.15,74.93333333333334,16.05,4.98,2022-06-26T16:03:00.0
KR_U73,Weekday,5,6,2.533333333333333,117.58333333333333,120.11666666666666,9.9,14.02,2022-01-03T09:54:00.0
KR_U73,Weekday,6,7,4.933333333333334,190.03333333333333,194.96666666666667,10.016666666666667,27.36,2022-01-10T10:01:00.0
KR_U73,Weekday,7,8,3.1,70.41666666666667,73.51666666666667,12.983333333333333,14.88,2022-01-20T12:59:00.0
KR_U73,Weekday,8,7,3.4833333333333334,90.01666666666667,93.5,14.5,18.96,2022-01-25T14:30:00.0
KR_U73,Weekday,7,9,3.3333333333333335,26.633333333333333,29.966666666666665,12.0,16.91,2022-01-31T12:00:00.0
KR_U73,Weekday,9,12,0.55,5.1,5.6499999999999995,17.966666666666665,16.18,2022-02-01T17:58:00.0
KR_U73,Weekday,12,6,3.35,56.849999999999994,60.199999999999996,23.616666666666667,18.03,2022-02-01T23:37:00.0
KR_U73,Weekday,6,5,3.8333333333333335,18.183333333333334,22.016666666666666,11.816666666666666,21.93,2022-02-04T11:49:00.0
KR_U73,Weekday,5,7,2.4833333333333334,0.9666666666666667,3.45,9.833333333333334,15.94,2022-02-07T09:50:00.0
KR_U73,Weekday,7,9,2.283333333333333,96.71666666666667,99.0,13.283333333333333,10.25,2022-02-07T13:17:00.0
KR_U73,Weekday,9,5,3.966666666666667,37.31666666666666,41.28333333333333,16.283333333333335,21.49,2022-02-11T16:17:00.0
KR_U73,Weekday,5,8,3.1166666666666667,98.33333333333333,101.44999999999999,9.566666666666666,19.56,2022-02-15T09:34:00.0
KR_U73,Weekday,8,8,3.066666666666667,93.4,96.46666666666667,15.016666666666667,15.8,2022-02-21T15:01:00.0
KR_U73,Weekday,8,8,1.7833333333333334,21.733333333333334,23.51666666666667,15.483333333333333,11.56,2022-02-25T15:29:00.0
KR_U73,Weekday,8,6,1.3166666666666667,66.88333333333334,68.2,15.0,8.65,2022-02-28T15:00:00.0
KR_U73,Weekday,6,7,1.0,1.5333333333333334,2.533333333333333,11.2,6.5,2022-03-03T11:12:00.0
KR_U73,Weekday,7,5,2.95,41.18333333333334,44.13333333333334,13.733333333333333,16.3,2022-03-03T13:44:00.0
KR_U73,Weekday,5,9,2.1166666666666667,5.45,7.566666666666666,9.866666666666667,13.66,2022-03-07T09:52:00.0
KR_U73,Weekday,9,6,2.2333333333333334,87.1,89.33333333333333,17.433333333333334,10.39,2022-03-07T17:26:00.0
KR_U73,Weekday,6,8,1.8,2.6166666666666667,4.416666666666667,10.766666666666667,11.74,2022-03-11T10:46:00.0
KR_U73,Weekday,8,5,0.85,89.95,90.8,15.183333333333334,5.59,2022-03-11T15:11:00.0
KR_U73,Weekday,5,5,1.2166666666666666,22.133333333333333,23.349999999999998,9.983333333333333,7.74,2022-03-17T09:59:00.0
KR_U73,Weekday,5,6,2.05,24.583333333333336,26.633333333333336,9.333333333333334,13.21,2022-03-18T09:20:00.0
KR_U73,Weekday,6,7,0.43333333333333335,0.65,1.0833333333333335,11.966666666666667,2.73,2022-03-21T11:58:00.0
KR_U73,Weekday,7,8,4.616666666666666,68.81666666666666,73.43333333333332,13.05,29.24,2022-03-21T13:03:00.0
KR_U73,Weekday,8,7,3.3333333333333335,114.76666666666667,118.1,14.483333333333333,17.94,2022-03-24T14:29:00.0
KR_U73,Weekday,7,4,4.683333333333334,86.56666666666666,91.25,12.583333333333334,26.07,2022-03-31T12:35:00.0
KR_U73,Weekday,4,6,3.933333333333333,70.71666666666667,74.65,7.833333333333333,21.55,2022-04-06T07:50:00.0
KR_U73,Weekday,6,8,1.8666666666666667,1.7333333333333334,3.6,10.483333333333333,12.23,2022-04-11T10:29:00.0
KR_U73,Weekday,8,9,3.683333333333333,118.78333333333333,122.46666666666667,14.083333333333334,20.28,2022-04-11T14:05:00.0
KR_U73,Weekday,9,7,3.033333333333333,42.233333333333334,45.266666666666666,16.55,19.83,2022-04-18T16:33:00.0
KR_U73,Weekday,7,8,3.466666666666667,68.73333333333333,72.2,13.816666666666666,20.97,2022-04-20T13:49:00.0
KR_U73,Weekday,8,8,0.38333333333333336,0.016666666666666666,0.4,14.016666666666667,2.51,2022-04-25T14:01:00.0
KR_U73,Weekday,8,7,0.85,69.56666666666666,70.41666666666666,14.416666666666666,5.58,2022-04-25T14:25:00.0
KR_U73,Weekday,7,6,4.233333333333333,114.73333333333333,118.96666666666667,12.833333333333334,24.08,2022-04-28T12:50:00.0
KR_U73,Weekday,6,6,1.1333333333333333,22.266666666666666,23.4,11.8,7.48,2022-05-05T11:48:00.0
KR_U73,Weekday,6,8,0.9333333333333333,3.6166666666666667,4.55,11.2,6.08,2022-05-06T11:12:00.0
KR_U73,Weekday,8,6,2.35,17.383333333333333,19.733333333333334,15.75,15.42,2022-05-06T15:45:00.0
KR_U73,Weekday,6,8,1.4166666666666667,1.9833333333333334,3.4000000000000004,11.483333333333333,9.37,2022-05-09T11:29:00.0
KR_U73,Weekday,8,6,2.433333333333333,65.28333333333333,67.71666666666667,14.883333333333333,12.33,2022-05-09T14:53:00.0
KR_U73,Weekday,6,8,1.7833333333333334,2.533333333333333,4.316666666666666,10.6,11.67,2022-05-12T10:36:00.0
KR_U73,Weekday,8,8,3.7333333333333334,43.766666666666666,47.5,14.916666666666666,21.07,2022-05-12T14:55:00.0
KR_U73,Weekday,8,7,1.6833333333333333,21.03333333333333,22.716666666666665,14.416666666666666,11.01,2022-05-16T14:25:00.0
KR_U73,Weekday,7,8,2.533333333333333,22.53333333333333,25.066666666666663,13.133333333333333,13.47,2022-05-17T13:08:00.0
KR_U73,Weekday,8,6,1.35,43.7,45.050000000000004,14.2,8.73,2022-05-18T14:12:00.0
KR_U73,Weekday,6,6,1.75,21.5,23.25,11.25,11.52,2022-05-20T11:15:00.0
KR_U73,Weekday,6,7,1.5333333333333334,1.05,2.5833333333333335,10.5,10.12,2022-05-23T10:30:00.0
KR_U73,Weekday,7,4,3.0,63.21666666666667,66.21666666666667,13.083333333333334,16.5,2022-05-23T13:05:00.0
KR_U73,Weekday,4,6,4.266666666666667,70.80000000000001,75.06666666666668,7.3,24.46,2022-05-26T07:18:00.0
KR_U73,Weekday,6,8,0.9333333333333333,51.28333333333334,52.21666666666667,10.366666666666667,6.17,2022-05-31T10:22:00.0
KR_U73,Weekday,8,6,3.5166666666666666,65.2,68.71666666666667,14.583333333333334,21.4,2022-06-02T14:35:00.0
KR_U73,Weekday,6,8,0.8,2.4,3.2,11.3,5.2,2022-06-07T11:18:00.0
KR_U73,Weekday,8,8,3.0833333333333335,141.5,144.58333333333334,14.5,20.29,2022-06-07T14:30:00.0
KR_U73,Weekday,8,8,2.25,21.033333333333335,23.283333333333335,15.083333333333334,11.76,2022-06-15T15:05:00.0
KR_U73,Weekday,8,7,2.3833333333333333,44.983333333333334,47.36666666666667,14.366666666666667,12.66,2022-06-16T14:22:00.0
KR_U73,Weekday,7,6,4.133333333333334,112.68333333333332,116.81666666666666,13.733333333333333,23.85,2022-06-20T13:44:00.0
KR_U73,Weekday,6,7,1.3166666666666667,1.3833333333333333,2.7,10.55,8.49,2022-06-27T10:33:00.0
KR_U73,Weekday,7,6,1.7333333333333334,20.083333333333336,21.81666666666667,13.25,11.14,2022-06-27T13:15:00.0
KR_U73,Weekday,6,7,1.1666666666666667,1.6,2.7666666666666666,11.066666666666666,7.46,2022-06-28T11:04:00.0
KR_U73,Weekday,7,5,2.933333333333333,64.45,67.38333333333334,13.833333333333334,16.02,2022-06-28T13:50:00.0
KR_U73,Weekday,5,6,3.35,22.166666666666664,25.516666666666666,9.216666666666667,18.44,2022-07-01T09:13:00.0
KR_U73,Weekday,6,8,1.6833333333333333,2.066666666666667,3.75,10.733333333333333,10.81,2022-07-04T10:44:00.0
KR_U73,Weekday,8,6,3.8333333333333335,64.36666666666667,68.2,14.483333333333333,22.02,2022-07-04T14:29:00.0
KR_U73,Weekday,6,7,1.6833333333333333,1.25,2.9333333333333336,10.683333333333334,10.66,2022-07-07T10:41:00.0
KR_U73,Weekday,7,11,1.5666666666666667,53.166666666666664,54.733333333333334,13.616666666666667,7.44,2022-07-07T13:37:00.0
KR_U73,Weekday,11,6,1.0166666666666666,37.916666666666664,38.93333333333333,20.35,6.49,2022-07-11T20:21:00.0
KR_U73,Weekday,6,6,1.1,22.53333333333333,23.633333333333333,11.283333333333333,7.02,2022-07-13T11:17:00.0
KR_U73,Weekday,6,7,1.1333333333333333,1.8333333333333333,2.966666666666667,10.916666666666666,7.15,2022-07-14T10:55:00.0
KR_U73,Weekday,6,8,0.7333333333333333,2.3,3.033333333333333,11.083333333333334,4.65,2022-08-23T11:05:00.0
KR_U73,Weekday,8,8,1.85,22.05,23.900000000000002,14.116666666666667,11.86,2022-08-23T14:07:00.0
KR_U73,Weekday,8,6,2.4,42.88333333333333,45.28333333333333,14.016666666666667,15.51,2022-08-24T14:01:00.0
KR_U73,Weekday,6,6,5.083333333333333,18.933333333333334,24.016666666666666,11.3,30.09,2022-08-26T11:18:00.0
KR_U73,Weekday,6,8,0.5333333333333333,2.816666666666667,3.35,11.316666666666666,3.54,2022-08-29T11:19:00.0
KR_U73,Weekday,5,6,2.1333333333333333,46.766666666666666,48.9,9.866666666666667,12.35,2022-08-30T09:52:00.0
KR_U73,Weekday,6,8,1.3333333333333333,2.466666666666667,3.8,10.766666666666667,8.57,2022-09-01T10:46:00.0
KR_U73,Weekday,8,6,2.316666666666667,42.55,44.86666666666667,14.566666666666666,11.73,2022-09-01T14:34:00.0
KR_U73,Weekday,6,6,1.1166666666666667,22.266666666666666,23.383333333333333,11.433333333333334,7.28,2022-09-05T11:26:00.0
KR_U73,Weekday,6,8,1.75,1.95,3.7,10.816666666666666,11.26,2022-09-06T10:49:00.0
KR_U73,Weekday,8,8,3.966666666666667,19.933333333333334,23.9,14.516666666666667,23.09,2022-09-06T14:31:00.0
KR_U73,Weekday,8,6,2.05,18.416666666666664,20.466666666666665,14.416666666666666,10.27,2022-09-07T14:25:00.0
KR_U73,Weekday,6,6,1.0333333333333334,94.65,95.68333333333334,10.883333333333333,6.53,2022-09-08T10:53:00.0
KR_U73,Weekday,6,7,1.8,1.5666666666666667,3.3666666666666667,10.566666666666666,11.69,2022-09-14T10:34:00.0
KR_U73,Weekday,7,6,3.0166666666666666,17.383333333333333,20.4,13.933333333333334,18.86,2022-09-14T13:56:00.0
KR_U73,Weekday,6,6,1.0,23.316666666666666,24.316666666666666,10.333333333333334,3.93,2022-09-15T10:20:00.0
KR_U73,Weekday,6,6,1.4333333333333333,22.633333333333333,24.066666666666666,10.65,9.13,2022-09-16T10:39:00.0
KR_U73,Weekday,6,9,2.0,3.95,5.95,10.716666666666667,13.07,2022-09-19T10:43:00.0
KR_U73,Weekday,9,6,0.2,17.583333333333332,17.78333333333333,16.666666666666668,1.38,2022-09-19T16:40:00.0
KR_U73,Weekday,6,6,1.85,22.28333333333333,24.133333333333333,10.45,12.29,2022-09-20T10:27:00.0
KR_U73,Weekday,6,6,1.4166666666666667,22.116666666666667,23.533333333333335,10.583333333333334,9.35,2022-09-21T10:35:00.0
KR_U73,Weekday,6,6,1.7,22.633333333333333,24.333333333333332,10.116666666666667,10.94,2022-09-22T10:07:00.0
KR_U73,Weekday,6,7,1.5666666666666667,1.45,3.0166666666666666,10.45,10.33,2022-09-23T10:27:00.0
KR_U73,Weekday,7,6,2.0833333333333335,18.85,20.933333333333334,13.466666666666667,10.48,2022-09-23T13:28:00.0
KR_U73,Weekday,6,6,1.4833333333333334,22.416666666666668,23.900000000000002,10.4,6.39,2022-09-26T10:24:00.0
KR_U73,Weekday,6,6,1.8833333333333333,22.266666666666666,24.15,10.3,9.02,2022-09-27T10:18:00.0
KR_U73,Weekday,6,6,1.75,22.56666666666667,24.31666666666667,10.45,9.66,2022-09-28T10:27:00.0
KR_U73,Weekday,6,6,1.5166666666666666,22.416666666666664,23.93333333333333,10.766666666666667,9.77,2022-09-29T10:46:00.0
KR_U89,Weekend,4,4,1.7,22.333333333333332,24.03333333333333,6.383333333333334,10.66,2022-05-28T06:23:00.0
KR_U89,Weekend,4,4,1.5833333333333333,22.28333333333333,23.866666666666664,6.416666666666667,10.09,2022-05-29T06:25:00.0
KR_U89,Weekend,4,4,1.8,22.083333333333332,23.883333333333333,6.283333333333333,11.24,2022-06-04T06:17:00.0
KR_U89,Weekend,4,4,1.45,46.65,48.1,6.166666666666667,10.02,2022-06-05T06:10:00.0
KR_U89,Weekend,4,4,1.35,22.483333333333334,23.833333333333336,6.266666666666667,8.94,2022-06-12T06:16:00.0
KR_U89,Weekend,4,3,1.6833333333333333,70.13333333333334,71.81666666666668,6.1,10.84,2022-06-18T06:06:00.0
KR_U89,Weekend,3,3,1.75,21.716666666666665,23.466666666666665,5.916666666666667,10.85,2022-06-26T05:55:00.0
KR_U89,Weekend,3,3,1.6833333333333333,22.433333333333334,24.116666666666667,5.383333333333334,10.68,2022-07-02T05:23:00.0
KR_U89,Weekend,3,3,1.8333333333333333,22.1,23.933333333333334,5.5,10.81,2022-07-03T05:30:00.0
KR_U89,Weekend,3,3,1.8166666666666667,22.25,24.066666666666666,5.433333333333334,11.03,2022-07-09T05:26:00.0
KR_U89,Weekend,3,3,1.9,21.96666666666667,23.866666666666667,5.5,11.34,2022-07-10T05:30:00.0
KR_U89,Weekend,3,3,1.55,142.39999999999998,143.95,5.366666666666666,10.62,2022-07-16T05:22:00.0
KR_U89,Weekend,3,3,1.7666666666666666,22.21666666666667,23.983333333333334,5.316666666666666,10.74,2022-08-06T05:19:00.0
KR_U89,Weekend,3,3,1.8666666666666667,22.18333333333333,24.049999999999997,5.3,11.14,2022-08-07T05:18:00.0
KR_U89,Weekend,3,3,1.5666666666666667,22.53333333333333,24.099999999999998,5.35,10.82,2022-08-13T05:21:00.0
KR_U89,Weekend,3,3,1.8833333333333333,70.10000000000001,71.98333333333335,5.45,10.89,2022-08-14T05:27:00.0
KR_U89,Weekend,3,3,1.9,22.133333333333333,24.03333333333333,5.433333333333334,11.06,2022-08-27T05:26:00.0
KR_U89,Weekend,3,4,1.5666666666666667,71.35000000000001,72.91666666666667,5.466666666666667,9.44,2022-08-28T05:28:00.0
KR_U89,Weekday,4,4,1.7,22.4,24.099999999999998,6.3,10.97,2022-05-24T06:18:00.0
KR_U89,Weekday,4,4,1.6166666666666667,22.266666666666666,23.883333333333333,6.4,10.67,2022-05-25T06:24:00.0
KR_U89,Weekday,4,4,1.7333333333333334,22.416666666666664,24.15,6.283333333333333,11.17,2022-05-26T06:17:00.0
KR_U89,Weekday,4,4,1.7333333333333334,22.283333333333335,24.01666666666667,6.433333333333334,11.13,2022-05-27T06:26:00.0
KR_U89,Weekday,4,4,1.7166666666666666,22.3,24.016666666666666,6.45,11.03,2022-05-30T06:27:00.0
KR_U89,Weekday,4,3,1.6666666666666667,93.58333333333334,95.25000000000001,6.466666666666667,10.91,2022-05-31T06:28:00.0
KR_U89,Weekday,3,6,1.6166666666666667,3.683333333333333,5.3,5.716666666666667,10.58,2022-06-06T05:43:00.0
KR_U89,Weekday,6,10,0.8166666666666667,7.466666666666667,8.283333333333333,11.016666666666667,5.44,2022-06-06T11:01:00.0
KR_U89,Weekday,10,4,1.8666666666666667,33.0,34.86666666666667,19.3,10.93,2022-06-06T19:18:00.0
KR_U89,Weekday,4,4,1.6666666666666667,22.8,24.46666666666667,6.166666666666667,10.93,2022-06-08T06:10:00.0
KR_U89,Weekday,4,4,1.6166666666666667,22.083333333333332,23.7,6.633333333333333,10.51,2022-06-09T06:38:00.0
KR_U89,Weekday,4,4,1.75,22.216666666666665,23.966666666666665,6.333333333333333,11.02,2022-06-10T06:20:00.0
KR_U89,Weekday,4,4,1.7833333333333334,22.083333333333332,23.866666666666667,6.3,11.02,2022-06-13T06:18:00.0
KR_U89,Weekday,4,4,1.6166666666666667,22.333333333333332,23.95,6.166666666666667,10.77,2022-06-14T06:10:00.0
KR_U89,Weekday,4,4,1.55,22.549999999999997,24.099999999999998,6.116666666666666,10.45,2022-06-15T06:07:00.0
KR_U89,Weekday,4,9,1.6666666666666667,8.933333333333334,10.6,6.216666666666667,10.8,2022-06-16T06:13:00.0
KR_U89,Weekday,9,4,1.5333333333333334,12.933333333333334,14.466666666666667,16.816666666666666,9.54,2022-06-16T16:49:00.0
KR_U89,Weekday,4,4,0.5666666666666667,22.383333333333333,22.95,7.283333333333333,3.7,2022-06-17T07:17:00.0
KR_U89,Weekday,4,3,1.85,21.9,23.75,6.233333333333333,11.17,2022-06-20T06:14:00.0
KR_U89,Weekday,3,4,1.6833333333333333,22.383333333333333,24.066666666666666,5.983333333333333,10.73,2022-06-21T05:59:00.0
KR_U89,Weekday,4,3,1.7,46.1,47.800000000000004,6.05,10.62,2022-06-22T06:03:00.0
KR_U89,Weekday,3,3,1.7333333333333334,22.400000000000002,24.133333333333336,5.85,11.03,2022-06-24T05:51:00.0
KR_U89,Weekday,3,4,1.4333333333333333,22.733333333333334,24.166666666666668,5.983333333333333,9.13,2022-06-27T05:59:00.0
KR_U89,Weekday,4,4,1.6666666666666667,22.433333333333334,24.1,6.15,10.46,2022-06-28T06:09:00.0
KR_U89,Weekday,4,4,1.8333333333333333,22.066666666666666,23.9,6.25,11.07,2022-06-29T06:15:00.0
KR_U89,Weekday,4,4,1.6833333333333333,22.31666666666667,24.000000000000004,6.15,10.59,2022-06-30T06:09:00.0
KR_U89,Weekday,4,3,1.3166666666666667,21.81666666666667,23.133333333333336,6.15,8.46,2022-07-01T06:09:00.0
KR_U89,Weekday,3,3,1.9333333333333333,22.083333333333336,24.01666666666667,5.283333333333333,11.52,2022-07-04T05:17:00.0
KR_U89,Weekday,3,3,1.6166666666666667,22.349999999999998,23.966666666666665,5.3,10.8,2022-07-05T05:18:00.0
KR_U89,Weekday,3,3,1.7333333333333334,22.516666666666666,24.25,5.266666666666667,10.47,2022-07-06T05:16:00.0
KR_U89,Weekday,3,3,1.65,22.216666666666665,23.866666666666664,5.516666666666667,11.11,2022-07-07T05:31:00.0
KR_U89,Weekday,3,3,1.7,46.2,47.900000000000006,5.383333333333334,11.33,2022-07-08T05:23:00.0
KR_U89,Weekday,3,3,1.9666666666666666,22.266666666666666,24.23333333333333,5.283333333333333,11.58,2022-07-12T05:17:00.0
KR_U89,Weekday,3,3,1.8166666666666667,46.116666666666674,47.933333333333344,5.516666666666667,10.82,2022-07-13T05:31:00.0
KR_U89,Weekday,3,3,1.8833333333333333,22.06666666666667,23.950000000000003,5.45,11.43,2022-07-15T05:27:00.0
KR_U89,Weekday,3,3,1.9333333333333333,22.033333333333335,23.96666666666667,5.4,11.2,2022-07-18T05:24:00.0
KR_U89,Weekday,3,3,1.7166666666666666,22.31666666666667,24.033333333333335,5.366666666666666,11.3,2022-07-19T05:22:00.0
KR_U89,Weekday,3,3,1.6,22.46666666666667,24.06666666666667,5.4,10.58,2022-07-20T05:24:00.0
KR_U89,Weekday,3,3,1.7666666666666666,46.166666666666664,47.93333333333333,5.466666666666667,10.98,2022-07-21T05:28:00.0
KR_U89,Weekday,3,3,1.6833333333333333,22.400000000000002,24.083333333333336,5.4,11.19,2022-07-25T05:24:00.0
KR_U89,Weekday,3,3,1.5166666666666666,22.433333333333334,23.95,5.483333333333333,9.34,2022-07-26T05:29:00.0
KR_U89,Weekday,3,3,1.65,22.400000000000002,24.05,5.433333333333334,9.76,2022-07-27T05:26:00.0
KR_U89,Weekday,3,3,1.6,22.266666666666666,23.866666666666667,5.483333333333333,10.71,2022-07-28T05:29:00.0
KR_U89,Weekday,3,4,1.9,23.3,25.2,5.35,11.08,2022-07-29T05:21:00.0
KR_U89,Weekday,4,4,0.7166666666666667,46.88333333333333,47.6,6.55,4.71,2022-08-01T06:33:00.0
KR_U89,Weekday,4,3,1.45,21.93333333333333,23.38333333333333,6.15,10.01,2022-08-03T06:09:00.0
KR_U89,Weekday,3,4,1.7166666666666666,22.933333333333334,24.65,5.533333333333333,11.26,2022-08-04T05:32:00.0
KR_U89,Weekday,4,3,1.75,21.366666666666667,23.116666666666667,6.183333333333334,10.53,2022-08-05T06:11:00.0
KR_U89,Weekday,3,3,1.8666666666666667,22.349999999999998,24.216666666666665,5.3,11.1,2022-08-08T05:18:00.0
KR_U89,Weekday,3,3,1.5666666666666667,22.31666666666667,23.883333333333336,5.516666666666667,10.56,2022-08-09T05:31:00.0
KR_U89,Weekday,3,3,1.85,22.133333333333333,23.983333333333334,5.4,10.8,2022-08-10T05:24:00.0
KR_U89,Weekday,3,3,1.7833333333333334,22.233333333333334,24.01666666666667,5.383333333333334,10.5,2022-08-11T05:23:00.0
KR_U89,Weekday,3,3,1.85,22.25,24.1,5.4,10.94,2022-08-12T05:24:00.0
KR_U89,Weekday,3,3,1.8333333333333333,22.366666666666667,24.2,5.5,10.75,2022-08-15T05:30:00.0
KR_U89,Weekday,3,3,1.8833333333333333,21.900000000000002,23.783333333333335,5.7,10.92,2022-08-16T05:42:00.0
KR_U89,Weekday,3,3,1.7666666666666666,118.18333333333334,119.95,5.483333333333333,10.79,2022-08-17T05:29:00.0
KR_U89,Weekday,3,3,1.65,94.31666666666668,95.96666666666668,5.433333333333334,10.58,2022-08-24T05:26:00.0
KR_U89,Weekday,3,3,1.85,22.2,24.05,5.4,10.95,2022-08-30T05:24:00.0
KR_U89,Weekday,3,3,1.6333333333333333,22.366666666666667,24.0,5.45,10.84,2022-08-31T05:27:00.0
KR_U89,Weekday,3,3,1.8833333333333333,22.183333333333334,24.066666666666666,5.45,11.3,2022-09-01T05:27:00.0
KR_U89,Weekday,3,4,1.65,47.166666666666664,48.81666666666666,5.516666666666667,10.93,2022-09-02T05:31:00.0
KR_U89,Weekday,4,4,1.8333333333333333,22.083333333333336,23.916666666666668,6.333333333333333,11.25,2022-09-06T06:20:00.0
KR_U89,Weekday,4,7,2.0,52.583333333333336,54.583333333333336,6.25,11.37,2022-09-07T06:15:00.0
KR_U89,Weekday,7,4,1.65,16.016666666666666,17.666666666666664,12.833333333333334,11.18,2022-09-09T12:50:00.0
KR_U89,Weekday,4,4,1.8833333333333333,22.0,23.883333333333333,6.5,9.93,2022-09-12T06:30:00.0
KR_U89,Weekday,4,4,1.95,22.116666666666667,24.066666666666666,6.383333333333334,11.63,2022-09-13T06:23:00.0
KR_U89,Weekday,4,4,1.8,22.15,23.95,6.45,11.0,2022-09-14T06:27:00.0
KR_U89,Weekday,4,4,1.85,22.21666666666667,24.06666666666667,6.4,11.35,2022-09-15T06:24:00.0
KR_U89,Weekday,4,4,1.95,21.783333333333335,23.733333333333334,6.466666666666667,11.62,2022-09-16T06:28:00.0
KR_U107,Weekend,5,6,4.516666666666667,21.0,25.516666666666666,9.633333333333333,12.94,2022-03-26T09:38:00.0
KR_U107,Weekend,6,4,2.8833333333333333,17.5,20.383333333333333,11.15,6.95,2022-03-27T11:09:00.0
KR_U107,Weekend,4,11,4.3,32.38333333333333,36.68333333333333,7.533333333333333,12.95,2022-04-02T07:32:00.0
KR_U107,Weekend,11,4,3.1,31.3,34.4,20.216666666666665,8.01,2022-04-03T20:13:00.0
KR_U107,Weekend,4,4,7.2,65.66666666666667,72.86666666666667,6.616666666666667,11.27,2022-04-10T06:37:00.0
KR_U107,Weekend,4,7,5.666666666666667,23.683333333333334,29.35,7.483333333333333,11.02,2022-04-23T07:29:00.0
KR_U107,Weekend,7,10,1.2166666666666666,4.566666666666666,5.783333333333333,12.833333333333334,4.54,2022-04-24T12:50:00.0
KR_U107,Weekend,10,12,12.183333333333334,22.9,35.08333333333333,18.616666666666667,5.2,2022-04-24T18:37:00.0
KR_U107,Weekend,12,6,8.5,3.683333333333333,12.183333333333334,22.9,12.77,2022-04-30T22:54:00.0
KR_U107,Weekend,6,7,0.8,0.5333333333333333,1.3333333333333335,11.083333333333334,3.02,2022-05-01T11:05:00.0
KR_U107,Weekend,7,6,5.35,16.833333333333332,22.18333333333333,12.416666666666666,8.14,2022-05-01T12:25:00.0
KR_U107,Weekend,6,7,1.95,0.45,2.4,10.6,4.37,2022-05-07T10:36:00.0
KR_U107,Weekend,7,10,1.5166666666666666,4.05,5.566666666666666,13.0,1.79,2022-05-07T13:00:00.0
KR_U107,Weekend,10,6,3.75,13.183333333333334,16.933333333333334,18.566666666666666,12.78,2022-05-07T18:34:00.0
KR_U107,Weekend,6,9,8.083333333333334,68.78333333333333,76.86666666666666,11.5,7.63,2022-05-08T11:30:00.0
KR_U107,Weekend,9,9,23.55,0.6166666666666667,24.166666666666668,16.366666666666667,12.26,2022-05-21T16:22:00.0
KR_U107,Weekend,9,7,3.55,16.5,20.05,16.533333333333335,3.86,2022-05-22T16:32:00.0
KR_U107,Weekend,7,10,3.9,25.8,29.7,12.583333333333334,3.97,2022-05-28T12:35:00.0
KR_U107,Weekend,10,11,12.616666666666667,21.166666666666668,33.78333333333333,18.283333333333335,8.87,2022-05-29T18:17:00.0
KR_U107,Weekend,11,10,2.066666666666667,139.03333333333333,141.1,21.166666666666668,4.66,2022-06-04T21:10:00.0
KR_U107,Weekend,10,9,4.083333333333333,137.68333333333334,141.76666666666668,18.266666666666666,11.46,2022-06-25T18:16:00.0
KR_U107,Weekend,9,9,7.166666666666667,66.56666666666666,73.73333333333333,16.033333333333335,9.52,2022-07-16T16:02:00.0
KR_U107,Weekend,9,9,4.016666666666667,66.6,70.61666666666666,17.766666666666666,0.67,2022-07-24T17:46:00.0
KR_U107,Weekend,9,7,6.333333333333333,37.93333333333334,44.26666666666667,16.383333333333333,7.14,2022-08-06T16:23:00.0
KR_U107,Weekend,7,8,1.6833333333333333,1.3833333333333333,3.0666666666666664,12.65,6.15,2022-08-13T12:39:00.0
KR_U107,Weekend,8,10,5.566666666666666,69.41666666666667,74.98333333333333,15.716666666666667,7.23,2022-08-13T15:43:00.0
KR_U107,Weekend,10,6,12.6,82.03333333333333,94.63333333333333,18.7,10.97,2022-08-21T18:42:00.0
KR_U107,Weekend,6,9,8.25,21.85,30.1,10.033333333333333,12.58,2022-09-04T10:02:00.0
KR_U107,Weekend,9,7,19.416666666666668,24.65,44.06666666666666,16.133333333333333,12.46,2022-09-10T16:08:00.0
KR_U107,Weekday,9,11,1.8833333333333333,1.1333333333333333,3.0166666666666666,17.716666666666665,6.99,2022-03-30T17:43:00.0
KR_U107,Weekday,11,9,9.85,227.38333333333335,237.23333333333335,20.733333333333334,6.68,2022-03-30T20:44:00.0
KR_U107,Weekday,9,11,3.566666666666667,24.28333333333333,27.849999999999998,17.966666666666665,10.51,2022-04-13T17:58:00.0
KR_U107,Weekday,11,11,8.65,62.8,71.45,21.816666666666666,9.79,2022-04-14T21:49:00.0
KR_U107,Weekday,11,9,9.6,34.86666666666667,44.46666666666667,21.266666666666666,10.24,2022-04-19T21:16:00.0
KR_U107,Weekday,9,10,13.116666666666667,204.63333333333333,217.75,17.733333333333334,10.34,2022-04-21T17:44:00.0
KR_U107,Weekday,10,11,11.916666666666666,37.0,48.916666666666664,19.483333333333334,10.34,2022-05-04T19:29:00.0
KR_U107,Weekday,11,11,12.35,21.65,34.0,20.4,12.59,2022-05-06T20:24:00.0
KR_U107,Weekday,11,12,10.05,87.46666666666667,97.51666666666667,21.65,10.33,2022-05-09T21:39:00.0
KR_U107,Weekday,12,12,8.866666666666667,46.38333333333333,55.25,23.166666666666668,12.79,2022-05-13T23:10:00.0
KR_U107,Weekday,12,9,9.8,56.266666666666666,66.06666666666666,22.383333333333333,9.0,2022-05-17T22:23:00.0
KR_U107,Weekday,9,12,1.7833333333333334,28.133333333333333,29.916666666666668,16.45,6.59,2022-05-20T16:27:00.0
KR_U107,Weekday,12,11,8.816666666666666,14.65,23.46666666666667,22.366666666666667,10.43,2022-05-23T22:22:00.0
KR_U107,Weekday,11,10,9.7,11.916666666666666,21.616666666666667,21.833333333333332,10.13,2022-05-24T21:50:00.0
KR_U107,Weekday,10,3,12.133333333333333,21.833333333333336,33.96666666666667,19.45,7.69,2022-05-25T19:27:00.0
KR_U107,Weekday,3,9,2.9,9.3,12.200000000000001,5.416666666666667,10.41,2022-05-27T05:25:00.0
KR_U107,Weekday,9,11,16.15,45.63333333333333,61.78333333333333,17.616666666666667,11.3,2022-05-27T17:37:00.0
KR_U107,Weekday,11,10,14.233333333333333,54.349999999999994,68.58333333333333,21.633333333333333,12.28,2022-05-31T21:38:00.0
KR_U107,Weekday,10,4,17.683333333333334,7.416666666666667,25.1,18.216666666666665,12.24,2022-06-03T18:13:00.0
KR_U107,Weekday,4,10,8.866666666666667,27.03333333333333,35.9,7.416666666666667,12.83,2022-06-06T07:25:00.0
KR_U107,Weekday,10,10,12.333333333333334,59.95,72.28333333333333,19.316666666666666,12.54,2022-06-07T19:19:00.0
KR_U107,Weekday,10,10,3.466666666666667,19.916666666666668,23.383333333333333,19.6,9.52,2022-06-10T19:36:00.0
KR_U107,Weekday,10,12,11.8,15.35,27.15,18.983333333333334,8.08,2022-06-13T18:59:00.0
KR_U107,Weekday,12,10,9.366666666666667,11.633333333333333,21.0,22.133333333333333,10.47,2022-06-14T22:08:00.0
KR_U107,Weekday,10,11,13.45,60.416666666666664,73.86666666666666,19.133333333333333,10.33,2022-06-15T19:08:00.0
KR_U107,Weekday,11,12,10.083333333333334,15.2,25.28333333333333,21.0,10.44,2022-06-20T21:00:00.0
KR_U107,Weekday,12,10,8.916666666666666,12.25,21.166666666666664,22.283333333333335,10.32,2022-06-21T22:17:00.0
KR_U107,Weekday,10,11,12.2,12.416666666666666,24.616666666666667,19.45,8.17,2022-06-22T19:27:00.0
KR_U107,Weekday,11,10,11.75,11.783333333333333,23.53333333333333,20.066666666666666,7.52,2022-06-23T20:04:00.0
KR_U107,Weekday,10,12,11.65,22.866666666666667,34.516666666666666,19.6,11.46,2022-06-24T19:36:00.0
KR_U107,Weekday,12,12,7.983333333333333,15.7,23.683333333333334,22.866666666666667,10.72,2022-06-27T22:52:00.0
KR_U107,Weekday,12,10,8.55,11.883333333333333,20.433333333333334,22.55,9.7,2022-06-28T22:33:00.0
KR_U107,Weekday,10,10,11.766666666666667,36.983333333333334,48.75,18.983333333333334,10.29,2022-06-29T18:59:00.0
KR_U107,Weekday,10,9,3.283333333333333,186.7166666666667,190.00000000000003,19.733333333333334,7.85,2022-07-01T19:44:00.0
KR_U107,Weekday,9,12,13.233333333333333,39.38333333333334,52.616666666666674,17.733333333333334,12.14,2022-07-13T17:44:00.0
KR_U107,Weekday,12,9,11.016666666666667,185.38333333333333,196.4,22.35,12.3,2022-07-15T22:21:00.0
KR_U107,Weekday,9,12,4.016666666666667,25.116666666666667,29.133333333333333,17.383333333333333,11.1,2022-07-27T17:23:00.0
KR_U107,Weekday,12,10,8.216666666666667,37.05,45.266666666666666,22.516666666666666,10.22,2022-07-28T22:31:00.0
KR_U107,Weekday,10,12,11.333333333333334,15.316666666666666,26.65,19.783333333333335,12.65,2022-08-01T19:47:00.0
KR_U107,Weekday,12,11,9.583333333333334,13.1,22.683333333333334,22.433333333333334,10.61,2022-08-02T22:26:00.0
KR_U107,Weekday,11,12,12.666666666666666,60.45,73.11666666666667,21.116666666666667,12.59,2022-08-03T21:07:00.0
KR_U107,Weekday,12,12,8.666666666666666,15.45,24.116666666666667,22.233333333333334,10.42,2022-08-08T22:14:00.0
KR_U107,Weekday,12,10,8.8,11.75,20.55,22.35,10.37,2022-08-09T22:21:00.0
KR_U107,Weekday,10,10,12.066666666666666,36.2,48.266666666666666,18.9,12.45,2022-08-10T18:54:00.0
KR_U107,Weekday,10,6,11.783333333333333,35.96666666666667,47.75,19.166666666666668,9.43,2022-08-12T19:10:00.0
KR_U107,Weekday,6,10,1.7833333333333334,53.45,55.233333333333334,11.966666666666667,6.54,2022-08-16T11:58:00.0
KR_U107,Weekday,10,10,12.05,12.6,24.65,19.2,10.4,2022-08-18T19:12:00.0
KR_U107,Weekday,10,9,11.716666666666667,17.95,29.666666666666664,19.85,12.63,2022-08-19T19:51:00.0
KR_U107,Weekday,9,10,13.35,11.116666666666667,24.46666666666667,17.95,7.92,2022-08-22T17:57:00.0
KR_U107,Weekday,10,9,12.983333333333333,10.433333333333334,23.416666666666664,18.416666666666668,9.01,2022-08-23T18:25:00.0
KR_U107,Weekday,9,9,13.516666666666667,10.566666666666666,24.083333333333336,17.833333333333332,8.11,2022-08-24T17:50:00.0
KR_U107,Weekday,9,11,13.5,110.18333333333334,123.68333333333334,17.916666666666668,9.19,2022-08-25T17:55:00.0
KR_U107,Weekday,11,10,9.266666666666667,60.25,69.51666666666667,21.6,12.45,2022-09-01T21:36:00.0
KR_U107,Weekday,10,11,0.75,1.0666666666666667,1.8166666666666667,19.116666666666667,2.77,2022-09-06T19:07:00.0
KR_U107,Weekday,11,10,10.15,12.183333333333334,22.333333333333336,20.933333333333334,9.18,2022-09-06T20:56:00.0
KR_U107,Weekday,10,5,3.816666666666667,9.333333333333332,13.149999999999999,19.266666666666666,10.61,2022-09-07T19:16:00.0
KR_U107,Weekday,5,10,3.966666666666667,103.18333333333334,107.15,8.416666666666666,8.64,2022-09-08T08:25:00.0
KR_U107,Weekday,10,12,3.783333333333333,22.65,26.43333333333333,19.566666666666666,12.65,2022-09-14T19:34:00.0
KR_U107,Weekday,12,6,7.2,53.699999999999996,60.9,22.0,12.53,2022-09-15T22:00:00.0
KR_U107,Weekday,6,10,7.9,24.566666666666666,32.46666666666667,10.9,11.83,2022-09-20T10:54:00.0
KR_U107,Weekday,10,11,3.75,22.816666666666666,26.566666666666666,19.366666666666667,12.29,2022-09-21T19:22:00.0
KR_U107,Weekday,11,11,7.966666666666667,15.133333333333333,23.1,21.933333333333334,12.12,2022-09-22T21:56:00.0
KR_U107,Weekday,11,10,10.5,43.45,53.95,21.033333333333335,10.73,2022-09-23T21:02:00.0
KR_U107,Weekday,10,11,1.6166666666666667,0.9166666666666666,2.533333333333333,19.45,5.95,2022-09-27T19:27:00.0
KR_U107,Weekday,11,10,9.45,11.95,21.4,21.983333333333334,11.99,2022-09-27T21:59:00.0
KR_U107,Weekday,10,10,3.85,20.23333333333333,24.083333333333332,19.383333333333333,12.46,2022-09-28T19:23:00.0
KR_U107,Weekday,10,10,3.9,19.25,23.15,19.466666666666665,12.44,2022-09-29T19:28:00.0
KR_U1764,Weekend,10,7,2.6666666666666665,64.9,67.56666666666668,18.15,9.44,2022-01-01T18:09:00.0
KR_U1764,Weekend,7,8,1.9833333333333334,24.083333333333336,26.06666666666667,13.716666666666667,6.87,2022-01-09T13:43:00.0
KR_U1764,Weekend,8,9,3.433333333333333,45.21666666666667,48.65,15.783333333333333,12.05,2022-01-15T15:47:00.0
KR_U1764,Weekend,9,9,1.1333333333333333,23.533333333333335,24.666666666666668,16.433333333333334,3.78,2022-01-22T16:26:00.0
KR_U1764,Weekend,9,7,1.1166666666666667,66.65,67.76666666666667,17.1,4.12,2022-01-23T17:06:00.0
KR_U1764,Weekend,7,5,1.9166666666666667,18.333333333333336,20.250000000000004,12.866666666666667,6.49,2022-02-05T12:52:00.0
KR_U1764,Weekend,5,9,1.9,53.833333333333336,55.733333333333334,9.116666666666667,6.44,2022-02-06T09:07:00.0
KR_U1764,Weekend,9,9,3.25,45.3,48.55,16.85,11.72,2022-02-13T16:51:00.0
KR_U1764,Weekend,9,10,1.8166666666666667,23.416666666666664,25.23333333333333,17.4,6.03,2022-02-20T17:24:00.0
KR_U1764,Weekend,10,10,3.2666666666666666,21.25,24.516666666666666,18.633333333333333,11.84,2022-02-26T18:38:00.0
KR_U1764,Weekend,10,8,3.4,15.7,19.099999999999998,19.15,12.12,2022-02-27T19:09:00.0
KR_U1764,Weekend,8,8,3.183333333333333,45.95,49.13333333333333,14.25,11.53,2022-03-05T14:15:00.0
KR_U1764,Weekend,8,10,0.65,3.0833333333333335,3.7333333333333334,15.383333333333333,2.47,2022-03-12T15:23:00.0
KR_U1764,Weekend,10,9,2.9166666666666665,43.5,46.416666666666664,19.116666666666667,10.51,2022-03-12T19:07:00.0
KR_U1764,Weekend,9,10,1.9,24.45,26.349999999999998,17.533333333333335,6.48,2022-03-19T17:32:00.0
KR_U1764,Weekend,10,8,2.45,16.283333333333335,18.733333333333334,19.883333333333333,8.65,2022-03-20T19:53:00.0
KR_U1764,Weekend,8,9,0.9,1.0333333333333334,1.9333333333333336,14.616666666666667,3.32,2022-03-26T14:37:00.0
KR_U1764,Weekend,9,10,0.8833333333333333,2.0,2.8833333333333333,16.55,3.32,2022-03-26T16:33:00.0
KR_U1764,Weekend,10,10,2.8666666666666667,21.083333333333332,23.95,19.433333333333334,10.21,2022-03-26T19:26:00.0
KR_U1764,Weekend,10,5,2.3666666666666667,11.7,14.066666666666666,19.383333333333333,8.87,2022-03-27T19:23:00.0
KR_U1764,Weekend,5,12,2.033333333333333,11.983333333333333,14.016666666666666,9.45,7.17,2022-04-02T09:27:00.0
KR_U1764,Weekend,12,10,2.316666666666667,16.716666666666665,19.03333333333333,23.466666666666665,8.16,2022-04-02T23:28:00.0
KR_U1764,Weekday,8,9,1.1166666666666667,1.9333333333333333,3.05,14.316666666666666,4.18,2022-01-03T14:19:00.0
KR_U1764,Weekday,9,9,3.3,20.716666666666665,24.016666666666666,17.366666666666667,11.93,2022-01-03T17:22:00.0
KR_U1764,Weekday,9,9,2.683333333333333,44.71666666666667,47.4,17.383333333333333,9.57,2022-01-04T17:23:00.0
KR_U1764,Weekday,9,8,2.9,18.9,21.799999999999997,16.783333333333335,10.29,2022-01-06T16:47:00.0
KR_U1764,Weekday,8,6,2.9166666666666665,17.083333333333336,20.000000000000004,14.583333333333334,10.42,2022-01-07T14:35:00.0
KR_U1764,Weekday,6,10,1.8333333333333333,6.033333333333333,7.866666666666666,10.583333333333334,6.86,2022-01-10T10:35:00.0
KR_U1764,Weekday,10,11,0.4666666666666667,2.1,2.566666666666667,18.45,1.74,2022-01-10T18:27:00.0
KR_U1764,Weekday,11,10,2.25,19.05,21.3,21.016666666666666,7.83,2022-01-10T21:01:00.0
KR_U1764,Weekday,10,11,2.4166666666666665,24.183333333333334,26.6,18.316666666666666,8.39,2022-01-11T18:19:00.0
KR_U1764,Weekday,11,10,1.8166666666666667,116.08333333333333,117.89999999999999,20.916666666666668,6.13,2022-01-12T20:55:00.0
KR_U1764,Weekday,10,8,3.3333333333333335,41.05,44.38333333333333,18.816666666666666,11.84,2022-01-19T18:49:00.0
KR_U1764,Weekday,8,11,0.6333333333333333,4.3,4.933333333333334,15.2,2.38,2022-01-21T15:12:00.0
KR_U1764,Weekday,11,10,3.1666666666666665,19.016666666666666,22.183333333333334,20.133333333333333,11.32,2022-01-21T20:08:00.0
KR_U1764,Weekday,10,10,3.3,44.599999999999994,47.89999999999999,18.316666666666666,11.92,2022-01-24T18:19:00.0
KR_U1764,Weekday,10,10,3.183333333333333,20.916666666666668,24.1,18.216666666666665,11.09,2022-01-26T18:13:00.0
KR_U1764,Weekday,10,11,1.4833333333333334,25.016666666666666,26.5,18.316666666666666,4.85,2022-01-27T18:19:00.0
KR_U1764,Weekday,11,11,2.6333333333333333,70.19999999999999,72.83333333333333,20.816666666666666,9.17,2022-01-28T20:49:00.0
KR_U1764,Weekday,11,9,2.3833333333333333,16.5,18.883333333333333,21.65,8.28,2022-02-02T21:39:00.0
KR_U1764,Weekday,9,10,2.9166666666666665,70.93333333333334,73.85000000000001,16.533333333333335,10.35,2022-02-03T16:32:00.0
KR_U1764,Weekday,10,10,3.3333333333333335,20.483333333333334,23.816666666666666,18.383333333333333,11.94,2022-02-08T18:23:00.0
KR_U1764,Weekday,10,10,2.75,21.3,24.05,18.2,9.79,2022-02-09T18:12:00.0
KR_U1764,Weekday,10,6,2.95,14.416666666666668,17.366666666666667,18.25,10.49,2022-02-10T18:15:00.0
KR_U1764,Weekday,6,11,1.15,7.766666666666667,8.916666666666666,11.616666666666667,4.32,2022-02-11T11:37:00.0
KR_U1764,Weekday,11,12,0.2833333333333333,1.8666666666666667,2.15,20.533333333333335,1.1,2022-02-11T20:32:00.0
KR_U1764,Weekday,12,10,3.3,42.233333333333334,45.53333333333333,22.683333333333334,11.93,2022-02-11T22:41:00.0
KR_U1764,Weekday,10,6,1.9833333333333334,14.483333333333333,16.466666666666665,18.233333333333334,6.78,2022-02-15T18:14:00.0
KR_U1764,Weekday,6,10,1.5333333333333334,31.183333333333337,32.71666666666667,10.7,5.68,2022-02-16T10:42:00.0
KR_U1764,Weekday,10,11,3.2666666666666666,21.333333333333332,24.599999999999998,19.416666666666668,11.63,2022-02-17T19:25:00.0
KR_U1764,Weekday,11,10,2.2,68.06666666666666,70.26666666666667,20.016666666666666,7.56,2022-02-18T20:01:00.0
KR_U1764,Weekday,10,11,1.3166666666666667,0.75,2.0666666666666664,18.283333333333335,4.99,2022-02-23T18:17:00.0
KR_U1764,Weekday,11,7,2.316666666666667,38.53333333333333,40.85,20.35,8.16,2022-02-23T20:21:00.0
KR_U1764,Weekday,7,11,1.3666666666666667,54.45,55.81666666666667,13.2,4.5,2022-02-25T13:12:00.0
KR_U1764,Weekday,11,10,2.8833333333333333,42.35,45.233333333333334,21.016666666666666,10.2,2022-03-01T21:01:00.0
KR_U1764,Weekday,10,10,2.0833333333333335,45.86666666666667,47.95,18.25,7.21,2022-03-03T18:15:00.0
KR_U1764,Weekday,10,1,3.1333333333333333,27.916666666666668,31.05,18.2,11.24,2022-03-07T18:12:00.0
KR_U1764,Weekday,1,11,2.15,16.633333333333333,18.78333333333333,1.25,7.55,2022-03-09T01:15:00.0
KR_U1764,Weekday,11,6,3.15,35.78333333333333,38.93333333333333,20.033333333333335,11.49,2022-03-09T20:02:00.0
KR_U1764,Weekday,6,10,1.35,6.016666666666667,7.366666666666667,10.966666666666667,5.07,2022-03-11T10:58:00.0
KR_U1764,Weekday,10,6,2.15,15.083333333333332,17.23333333333333,18.333333333333332,7.64,2022-03-11T18:20:00.0
KR_U1764,Weekday,6,10,1.1,5.566666666666666,6.666666666666666,11.566666666666666,4.11,2022-03-14T11:34:00.0
KR_U1764,Weekday,10,10,2.0833333333333335,22.283333333333335,24.366666666666667,18.233333333333334,7.33,2022-03-14T18:14:00.0
KR_U1764,Weekday,10,6,2.1,14.083333333333332,16.183333333333334,18.6,7.22,2022-03-15T18:36:00.0
KR_U1764,Weekday,6,10,1.9666666666666666,29.6,31.566666666666666,10.783333333333333,7.39,2022-03-16T10:47:00.0
KR_U1764,Weekday,10,10,2.3833333333333333,21.599999999999998,23.98333333333333,18.35,8.31,2022-03-17T18:21:00.0
KR_U1764,Weekday,10,10,2.6,21.266666666666666,23.866666666666667,18.333333333333332,9.67,2022-03-18T18:20:00.0
KR_U1764,Weekday,10,11,2.3333333333333335,48.03333333333333,50.36666666666667,18.2,8.27,2022-03-21T18:12:00.0
KR_U1764,Weekday,11,6,3.2666666666666666,35.13333333333333,38.4,20.566666666666666,11.7,2022-03-23T20:34:00.0
KR_U1764,Weekday,6,10,1.4,6.266666666666667,7.666666666666666,10.966666666666667,5.22,2022-03-25T10:58:00.0
KR_U1764,Weekday,10,10,2.433333333333333,21.0,23.433333333333334,18.633333333333333,9.03,2022-03-25T18:38:00.0
KR_U1764,Weekday,10,10,2.933333333333333,21.366666666666667,24.3,18.066666666666666,10.44,2022-03-28T18:04:00.0
KR_U1764,Weekday,10,6,3.8666666666666667,12.5,16.366666666666667,18.366666666666667,7.3,2022-03-29T18:22:00.0
KR_U1764,Weekday,6,10,1.9333333333333333,7.05,8.983333333333333,10.733333333333333,7.19,2022-03-30T10:44:00.0
KR_U1764,Weekday,10,12,1.0833333333333333,2.0833333333333335,3.166666666666667,19.716666666666665,4.03,2022-03-30T19:43:00.0
KR_U1764,Weekday,12,10,2.0,17.533333333333335,19.533333333333335,22.883333333333333,7.0,2022-03-30T22:53:00.0
KR_U1764,Weekday,10,7,1.3166666666666667,17.316666666666666,18.633333333333333,18.416666666666668,4.41,2022-03-31T18:25:00.0
KR_U1764,Weekday,7,10,1.9,3.75,5.65,13.05,6.57,2022-04-01T13:03:00.0
KR_U1764,Weekday,10,10,1.0333333333333334,22.633333333333333,23.666666666666668,18.7,3.44,2022-04-01T18:42:00.0
KR_U1764,Weekday,10,10,2.2,21.733333333333334,23.933333333333334,18.366666666666667,7.58,2022-04-04T18:22:00.0
KR_U1764,Weekday,10,6,2.05,39.599999999999994,41.64999999999999,18.3,7.22,2022-04-05T18:18:00.0
KR_U463,Weekday,6,7,1.0833333333333333,1.2333333333333334,2.3166666666666664,11.5,3.91,2022-05-23T11:30:00.0
KR_U463,Weekday,7,4,1.2,16.133333333333333,17.333333333333332,13.816666666666666,4.27,2022-05-23T13:49:00.0
KR_U463,Weekday,4,5,1.3166666666666667,0.4666666666666667,1.7833333333333332,7.15,4.67,2022-05-24T07:09:00.0
KR_U463,Weekday,5,4,1.3166666666666667,21.46666666666667,22.783333333333335,8.933333333333334,4.7,2022-05-24T08:56:00.0
KR_U463,Weekday,4,6,2.816666666666667,0.8666666666666667,3.6833333333333336,7.716666666666667,10.08,2022-05-25T07:43:00.0
KR_U463,Weekday,6,4,1.05,19.316666666666666,20.366666666666667,11.4,3.76,2022-05-25T11:24:00.0
KR_U463,Weekday,4,6,1.7333333333333334,0.55,2.283333333333333,7.766666666666667,6.18,2022-05-26T07:46:00.0
KR_U463,Weekday,6,4,1.8666666666666667,19.6,21.46666666666667,10.05,6.07,2022-05-26T10:03:00.0
KR_U463,Weekday,4,4,2.816666666666667,21.2,24.016666666666666,7.516666666666667,10.09,2022-05-27T07:31:00.0
KR_U463,Weekday,4,6,2.7666666666666666,0.5666666666666667,3.333333333333333,7.533333333333333,9.89,2022-05-30T07:32:00.0
KR_U463,Weekday,6,4,0.9666666666666667,67.64999999999999,68.61666666666666,10.866666666666667,2.76,2022-05-30T10:52:00.0
KR_U463,Weekday,4,6,2.1,0.8,2.9000000000000004,7.483333333333333,7.55,2022-06-02T07:29:00.0
KR_U463,Weekday,6,6,1.1,0.5,1.6,10.383333333333333,3.9,2022-06-02T10:23:00.0
KR_U463,Weekday,6,6,1.1,21.7,22.8,11.983333333333333,3.26,2022-06-02T11:59:00.0
KR_U463,Weekday,6,4,1.7333333333333334,41.583333333333336,43.31666666666667,10.783333333333333,6.23,2022-06-03T10:47:00.0
KR_U463,Weekday,4,4,2.2,21.78333333333333,23.98333333333333,6.1,7.88,2022-06-07T06:06:00.0
KR_U463,Weekday,4,4,0.6666666666666666,0.5,1.1666666666666665,6.083333333333333,2.33,2022-06-08T06:05:00.0
KR_U463,Weekday,4,6,2.8333333333333335,1.4666666666666666,4.3,7.25,9.51,2022-06-08T07:15:00.0
KR_U463,Weekday,6,4,0.7833333333333333,18.28333333333333,19.066666666666666,11.55,2.11,2022-06-08T11:33:00.0
KR_U463,Weekday,4,3,3.1333333333333333,91.68333333333334,94.81666666666668,6.616666666666667,10.43,2022-06-09T06:37:00.0
KR_U463,Weekday,3,4,1.0,0.7666666666666667,1.7666666666666666,5.433333333333334,3.51,2022-06-15T05:26:00.0
KR_U463,Weekday,4,5,1.7666666666666666,0.48333333333333334,2.25,7.2,6.3,2022-06-15T07:12:00.0
KR_U463,Weekday,5,4,0.7333333333333333,19.983333333333334,20.71666666666667,9.45,2.61,2022-06-15T09:27:00.0
KR_U463,Weekday,4,3,2.75,44.800000000000004,47.550000000000004,6.166666666666667,9.1,2022-06-16T06:10:00.0
KR_U463,Weekday,3,4,0.6833333333333333,1.0333333333333334,1.7166666666666668,5.716666666666667,2.38,2022-06-20T05:43:00.0
KR_U463,Weekday,4,4,3.15,20.983333333333334,24.133333333333333,7.433333333333334,10.57,2022-06-20T07:26:00.0
KR_U463,Weekday,4,8,3.183333333333333,3.25,6.433333333333334,7.566666666666666,10.57,2022-06-21T07:34:00.0
KR_U463,Weekday,8,4,0.7666666666666667,16.15,16.916666666666664,14.0,2.74,2022-06-21T14:00:00.0
KR_U463,Weekday,4,6,1.8333333333333333,26.4,28.23333333333333,6.916666666666667,6.6,2022-06-22T06:55:00.0
KR_U463,Weekday,6,7,1.1,1.5666666666666667,2.666666666666667,11.15,3.27,2022-06-23T11:09:00.0
KR_U463,Weekday,7,5,0.7833333333333333,17.85,18.633333333333336,13.816666666666666,2.81,2022-06-23T13:49:00.0
KR_U463,Weekday,5,6,2.216666666666667,0.48333333333333334,2.7,8.45,7.92,2022-06-24T08:27:00.0
KR_U463,Weekday,6,5,1.6,19.28333333333333,20.883333333333333,11.15,5.12,2022-06-24T11:09:00.0
KR_U463,Weekday,5,6,3.033333333333333,0.8833333333333333,3.9166666666666665,8.033333333333333,10.91,2022-06-27T08:02:00.0
KR_U463,Weekday,6,7,0.7666666666666667,0.85,1.6166666666666667,11.95,2.78,2022-06-27T11:57:00.0
KR_U463,Weekday,7,4,0.9333333333333333,16.7,17.633333333333333,13.566666666666666,2.74,2022-06-27T13:34:00.0
KR_U463,Weekday,4,5,1.95,0.5666666666666667,2.5166666666666666,7.2,7.03,2022-06-28T07:12:00.0
KR_U463,Weekday,5,4,1.8666666666666667,43.483333333333334,45.35,9.716666666666667,5.91,2022-06-28T09:43:00.0
KR_U463,Weekday,4,6,2.7666666666666666,0.9333333333333333,3.7,7.066666666666666,9.94,2022-06-30T07:04:00.0
KR_U463,Weekday,6,7,1.0666666666666667,1.3,2.3666666666666667,10.766666666666667,3.06,2022-06-30T10:46:00.0
KR_U463,Weekday,7,4,0.4166666666666667,18.299999999999997,18.716666666666665,13.133333333333333,1.51,2022-06-30T13:08:00.0
KR_U463,Weekday,4,6,1.4,1.9166666666666667,3.3166666666666664,7.85,5.02,2022-07-01T07:51:00.0
KR_U463,Weekday,6,5,0.6,46.05,46.65,11.166666666666666,2.14,2022-07-01T11:10:00.0
KR_U463,Weekday,5,7,2.1666666666666665,1.3833333333333333,3.55,9.816666666666666,7.76,2022-07-05T09:49:00.0
KR_U463,Weekday,7,6,1.6,19.71666666666667,21.31666666666667,13.366666666666667,5.79,2022-07-05T13:22:00.0
KR_U463,Weekday,6,4,1.8833333333333333,18.3,20.183333333333334,10.683333333333334,6.79,2022-07-06T10:41:00.0
KR_U463,Weekday,4,7,3.3,3.283333333333333,6.583333333333333,6.866666666666667,11.11,2022-07-07T06:52:00.0
KR_U463,Weekday,7,4,1.8333333333333333,14.716666666666667,16.55,13.45,6.64,2022-07-07T13:27:00.0
KR_U463,Weekday,4,4,0.4166666666666667,0.4166666666666667,0.8333333333333334,6.0,1.47,2022-07-08T06:00:00.0
KR_U463,Weekday,4,4,3.25,21.316666666666666,24.566666666666666,6.833333333333333,10.85,2022-07-08T06:50:00.0
KR_U463,Weekday,4,6,2.8833333333333333,0.8166666666666667,3.7,7.4,10.37,2022-07-11T07:24:00.0
KR_U463,Weekday,6,4,0.8166666666666667,42.93333333333334,43.75000000000001,11.1,2.44,2022-07-11T11:06:00.0
KR_U463,Weekday,4,6,3.283333333333333,1.1333333333333333,4.416666666666666,6.85,10.99,2022-07-13T06:51:00.0
KR_U463,Weekday,6,7,0.8166666666666667,1.2666666666666666,2.083333333333333,11.266666666666667,2.18,2022-07-13T11:16:00.0
KR_U463,Weekday,7,4,0.7333333333333333,16.666666666666664,17.4,13.35,2.66,2022-07-13T13:21:00.0
KR_U463,Weekday,4,5,1.8333333333333333,1.3166666666666667,3.15,6.75,6.57,2022-07-14T06:45:00.0
KR_U463,Weekday,5,4,2.5,18.866666666666667,21.366666666666667,9.9,8.67,2022-07-14T09:54:00.0
KR_U463,Weekday,4,6,2.3333333333333335,0.6166666666666667,2.95,7.266666666666667,8.39,2022-07-15T07:16:00.0
KR_U463,Weekday,6,7,1.2833333333333334,2.3,3.583333333333333,10.216666666666667,3.79,2022-07-15T10:13:00.0
KR_U463,Weekday,7,4,0.85,16.433333333333334,17.283333333333335,13.8,3.12,2022-07-15T13:48:00.0
KR_U463,Weekday,4,6,2.8,0.5833333333333334,3.3833333333333333,7.083333333333333,10.05,2022-07-18T07:05:00.0
KR_U463,Weekday,6,7,0.95,2.3333333333333335,3.283333333333333,10.466666666666667,2.64,2022-07-18T10:28:00.0
KR_U463,Weekday,7,6,1.5833333333333333,18.816666666666666,20.4,13.75,4.92,2022-07-18T13:45:00.0
KR_U463,Weekday,6,4,0.9,19.53333333333333,20.43333333333333,10.15,3.22,2022-07-19T10:09:00.0
KR_U463,Weekday,4,5,1.3166666666666667,0.55,1.8666666666666667,6.583333333333333,4.72,2022-07-20T06:35:00.0
KR_U463,Weekday,5,5,1.05,0.31666666666666665,1.3666666666666667,8.45,3.76,2022-07-20T08:27:00.0
KR_U463,Weekday,5,4,1.7666666666666666,19.28333333333333,21.049999999999997,9.816666666666666,5.64,2022-07-20T09:49:00.0
KR_U463,Weekday,4,6,2.9,0.7666666666666667,3.6666666666666665,6.866666666666667,10.39,2022-07-21T06:52:00.0
KR_U463,Weekday,6,7,0.9666666666666667,1.8,2.7666666666666666,10.533333333333333,2.63,2022-07-21T10:32:00.0
KR_U463,Weekday,7,4,0.7333333333333333,65.35000000000001,66.08333333333334,13.3,2.62,2022-07-21T13:18:00.0
KR_U463,Weekday,4,5,1.2166666666666666,0.45,1.6666666666666665,7.383333333333334,4.36,2022-07-26T07:23:00.0
KR_U463,Weekday,5,8,1.2666666666666666,4.883333333333334,6.15,9.05,4.56,2022-07-26T09:03:00.0
KR_U463,Weekday,8,5,1.0333333333333334,15.816666666666666,16.85,15.2,3.73,2022-07-26T15:12:00.0
KR_U463,Weekday,5,4,1.4666666666666666,21.65,23.116666666666664,8.05,5.25,2022-07-27T08:03:00.0
KR_U463,Weekday,4,6,2.7333333333333334,0.95,3.6833333333333336,7.166666666666667,9.86,2022-07-28T07:10:00.0
KR_U463,Weekday,6,7,1.2333333333333334,1.8166666666666667,3.05,10.85,3.62,2022-07-28T10:51:00.0
KR_U463,Weekday,7,4,1.4833333333333334,15.516666666666667,17.0,13.9,5.35,2022-07-28T13:54:00.0
KR_U463,Weekday,4,5,2.1166666666666667,0.9666666666666667,3.0833333333333335,6.9,7.64,2022-07-29T06:54:00.0
KR_U463,Weekday,5,7,1.6,2.1333333333333333,3.7333333333333334,9.983333333333333,5.01,2022-07-29T09:59:00.0
KR_U463,Weekday,7,4,0.9833333333333333,17.0,17.983333333333334,13.716666666666667,3.41,2022-07-29T13:43:00.0
KR_U463,Weekday,4,4,1.6333333333333333,21.633333333333333,23.266666666666666,7.7,5.89,2022-08-01T07:42:00.0
KR_U463,Weekday,4,6,3.1333333333333333,0.85,3.9833333333333334,6.966666666666667,10.65,2022-08-02T06:58:00.0
KR_U463,Weekday,6,7,0.8,1.7833333333333334,2.5833333333333335,10.95,2.17,2022-08-02T10:57:00.0
KR_U463,Weekday,7,4,1.1166666666666667,16.65,17.766666666666666,13.533333333333333,3.38,2022-08-02T13:32:00.0
KR_U463,Weekday,4,4,1.5,21.983333333333334,23.483333333333334,7.3,5.35,2022-08-03T07:18:00.0
KR_U463,Weekday,4,6,3.0166666666666666,0.7333333333333333,3.75,6.783333333333333,10.74,2022-08-04T06:47:00.0
KR_U463,Weekday,6,3,1.05,17.116666666666667,18.166666666666668,10.533333333333333,3.04,2022-08-04T10:32:00.0
KR_U463,Weekday,3,4,1.1833333333333333,1.2666666666666666,2.45,4.7,4.22,2022-08-05T04:42:00.0
KR_U463,Weekday,4,6,2.5833333333333335,0.6,3.1833333333333336,7.15,9.28,2022-08-05T07:09:00.0
KR_U463,Weekday,6,7,1.1666666666666667,1.4,2.5666666666666664,10.333333333333334,3.38,2022-08-05T10:20:00.0
KR_U463,Weekday,7,6,0.4666666666666667,21.366666666666667,21.833333333333332,12.9,1.64,2022-08-05T12:54:00.0
KR_U463,Weekday,6,8,2.15,1.2666666666666666,3.4166666666666665,10.733333333333333,7.74,2022-08-08T10:44:00.0
KR_U463,Weekday,8,4,0.7666666666666667,39.900000000000006,40.66666666666667,14.15,2.75,2022-08-08T14:09:00.0
KR_U463,Weekday,4,6,1.6,2.55,4.15,6.816666666666666,5.77,2022-08-10T06:49:00.0
KR_U463,Weekday,6,3,2.033333333333333,15.616666666666667,17.65,10.966666666666667,7.34,2022-08-10T10:58:00.0
KR_U463,Weekday,3,4,1.2,1.3666666666666667,2.5666666666666664,4.616666666666667,4.31,2022-08-11T04:37:00.0
KR_U463,Weekday,4,6,2.8333333333333335,0.9166666666666666,3.75,7.183333333333334,10.14,2022-08-11T07:11:00.0
KR_U463,Weekday,6,4,1.0666666666666667,115.43333333333334,116.5,10.933333333333334,3.03,2022-08-11T10:56:00.0
KR_U463,Weekday,4,6,3.0166666666666666,0.8833333333333333,3.9,7.433333333333334,10.38,2022-08-18T07:26:00.0
KR_U463,Weekday,6,7,0.9166666666666666,1.0833333333333333,2.0,11.333333333333334,2.5,2022-08-18T11:20:00.0
KR_U463,Weekday,7,4,1.0833333333333333,15.983333333333334,17.066666666666666,13.333333333333334,3.26,2022-08-18T13:20:00.0
KR_U463,Weekday,4,4,0.6166666666666667,0.5666666666666667,1.1833333333333333,6.4,2.19,2022-08-19T06:24:00.0
KR_U463,Weekday,4,6,2.1,0.8333333333333334,2.9333333333333336,7.583333333333333,7.57,2022-08-19T07:35:00.0
KR_U463,Weekday,6,6,0.7666666666666667,0.35,1.1166666666666667,10.516666666666667,2.78,2022-08-19T10:31:00.0
KR_U463,Weekday,6,4,0.6333333333333333,18.549999999999997,19.18333333333333,11.633333333333333,2.27,2022-08-19T11:38:00.0
KR_U463,Weekday,4,5,0.8,1.75,2.55,6.816666666666666,2.86,2022-08-22T06:49:00.0
KR_U463,Weekday,5,4,1.2166666666666666,20.383333333333333,21.599999999999998,9.366666666666667,4.33,2022-08-22T09:22:00.0
KR_U463,Weekday,4,6,2.7666666666666666,1.45,4.216666666666667,6.966666666666667,9.85,2022-08-23T06:58:00.0
KR_U463,Weekday,6,4,0.5333333333333333,18.53333333333333,19.066666666666666,11.183333333333334,1.95,2022-08-23T11:11:00.0
KR_U463,Weekday,4,6,3.3333333333333335,1.7833333333333334,5.116666666666667,6.25,11.09,2022-08-24T06:15:00.0
KR_U463,Weekday,6,4,0.9666666666666667,18.166666666666664,19.13333333333333,11.366666666666667,2.82,2022-08-24T11:22:00.0
KR_U463,Weekday,4,3,0.7666666666666667,93.15,93.91666666666667,6.5,2.75,2022-08-25T06:30:00.0
KR_U463,Weekday,3,5,2.9166666666666665,25.266666666666666,28.183333333333334,4.416666666666667,9.62,2022-08-31T04:25:00.0
KR_U463,Weekday,5,4,2.9833333333333334,18.633333333333333,21.616666666666667,8.6,9.98,2022-09-01T08:36:00.0
KR_U463,Weekday,4,4,3.033333333333333,236.75,239.78333333333333,6.216666666666667,10.17,2022-09-02T06:13:00.0
KR_U463,Weekday,4,4,1.0,71.53333333333333,72.53333333333333,6.0,3.56,2022-09-16T06:00:00.0
KR_U463,Weekday,4,4,0.7,0.3,1.0,6.533333333333333,2.34,2022-09-21T06:32:00.0
KR_U463,Weekday,4,4,2.55,20.9,23.45,7.533333333333333,8.33,2022-09-21T07:32:00.0
KR_U463,Weekday,4,4,0.5,0.31666666666666665,0.8166666666666667,6.983333333333333,1.82,2022-09-22T06:59:00.0
KR_U463,Weekday,4,6,2.783333333333333,23.85,26.633333333333333,7.8,9.11,2022-09-22T07:48:00.0
KR_U463,Weekday,6,4,0.9666666666666667,19.28333333333333,20.249999999999996,10.433333333333334,3.48,2022-09-23T10:26:00.0
KR_U463,Weekday,4,4,0.5166666666666667,0.3333333333333333,0.8500000000000001,6.683333333333334,1.9,2022-09-26T06:41:00.0
KR_U463,Weekday,4,4,2.8333333333333335,20.916666666666664,23.749999999999996,7.533333333333333,9.29,2022-09-26T07:32:00.0
KR_U463,Weekday,4,5,1.2833333333333334,0.35,1.6333333333333333,7.283333333333333,4.59,2022-09-27T07:17:00.0
KR_U463,Weekday,5,6,1.7666666666666666,0.5833333333333334,2.35,8.916666666666666,6.2,2022-09-27T08:55:00.0
KR_U463,Weekday,6,6,0.9833333333333333,22.766666666666666,23.75,11.266666666666667,2.73,2022-09-27T11:16:00.0
KR_U463,Weekday,6,4,1.5333333333333334,18.366666666666667,19.900000000000002,11.016666666666667,5.52,2022-09-28T11:01:00.0
KR_U463,Weekday,4,4,0.6166666666666667,0.3333333333333333,0.95,6.916666666666667,2.22,2022-09-29T06:55:00.0
KR_U463,Weekday,4,4,2.2,21.066666666666666,23.266666666666666,7.866666666666667,7.83,2022-09-29T07:52:00.0
