location,user_id,session_id,duration_hours,energy,start_date,start_time,end_date,end_time,start_hour,end_hour,month,day,duration_minutes,day_type,user_id_num,abs_start,abs_end,arrival_hour
CH5,KR_U98,KR61,1.2333333333333334,8.6,2022-08-14,09:27:00.0,2022-08-14,10:41:00.0,9,10,August,Sunday,74.0,Weekend,1,2022-08-14T09:27:00.0,2022-08-14T10:41:00.0,9.45
CH5,KR_U98,KR62,9.433333333333334,2.8,2022-08-13,18:09:00.0,2022-08-14,03:35:00.0,18,3,August,Saturday,566.0,Weekend,1,2022-08-13T18:09:00.0,2022-08-14T03:35:00.0,18.15
CH5,KR_U98,KR63,6.866666666666666,48.8,2022-08-08,18:02:00.0,2022-08-09,00:54:00.0,18,0,August,Monday,412.0,Weekday,1,2022-08-08T18:02:00.0,2022-08-09T00:54:00.0,18.033333333333335
CH5,KR_U98,KR64,4.6,32.5,2022-08-05,22:17:00.0,2022-08-06,02:53:00.0,22,2,August,Friday,276.0,Weekday,1,2022-08-05T22:17:00.0,2022-08-06T02:53:00.0,22.283333333333335
CH5,KR_U98,KR65,2.4166666666666665,17.2,2022-07-18,12:32:00.0,2022-07-18,14:57:00.0,12,14,July,Monday,145.0,Weekday,1,2022-07-18T12:32:00.0,2022-07-18T14:57:00.0,12.533333333333333
CH5,KR_U98,KR66,0.6833333333333333,4.8,2022-06-30,15:25:00.0,2022-06-30,16:06:00.0,15,16,June,Thursday,41.0,Weekday,1,2022-06-30T15:25:00.0,2022-06-30T16:06:00.0,15.416666666666666
CH5,KR_U98,KR67,4.516666666666667,32.2,2022-01-22,08:35:00.0,2022-01-22,13:06:00.0,8,13,January,Saturday,271.0,Weekend,1,2022-01-22T08:35:00.0,2022-01-22T13:06:00.0,8.583333333333334
CH5,KR_U98,KR68,6.6,47.2,2021-10-25,19:02:00.0,2021-10-26,01:38:00.0,19,1,October,Monday,396.0,Weekday,1,2021-10-25T19:02:00.0,2021-10-26T01:38:00.0,19.033333333333335
CH5,KR_U98,KR69,4.266666666666667,30.7,2021-10-27,18:27:00.0,2021-10-27,22:43:00.0,18,22,October,Wednesday,256.0,Weekday,1,2021-10-27T18:27:00.0,2021-10-27T22:43:00.0,18.45
CH5,KR_U109,KR70,2.5833333333333335,18.5,2022-09-14,19:28:00.0,2022-09-14,22:03:00.0,19,22,September,Wednesday,155.0,Weekday,2,2022-09-14T19:28:00.0,2022-09-14T22:03:00.0,19.466666666666665
CH5,KR_U109,KR71,2.1666666666666665,15.4,2022-09-12,20:29:00.0,2022-09-12,22:39:00.0,20,22,September,Monday,130.0,Weekday,2,2022-09-12T20:29:00.0,2022-09-12T22:39:00.0,20.483333333333334
CH5,KR_U109,KR72,1.2166666666666666,8.8,2022-09-19,21:00:00.0,2022-09-19,22:13:00.0,21,22,September,Monday,73.0,Weekday,2,2022-09-19T21:00:00.0,2022-09-19T22:13:00.0,21.0
CH5,KR_U109,KR73,3.1,22.2,2022-08-07,17:34:00.0,2022-08-07,20:40:00.0,17,20,August,Sunday,186.0,Weekend,2,2022-08-07T17:34:00.0,2022-08-07T20:40:00.0,17.566666666666666
CH5,KR_U109,KR74,0.6833333333333333,4.7,2022-08-06,14:32:00.0,2022-08-06,15:13:00.0,14,15,August,Saturday,41.0,Weekend,2,2022-08-06T14:32:00.0,2022-08-06T15:13:00.0,14.533333333333333
CH5,KR_U109,KR75,1.5166666666666666,10.8,2022-08-02,16:27:00.0,2022-08-02,17:58:00.0,16,17,August,Tuesday,91.0,Weekday,2,2022-08-02T16:27:00.0,2022-08-02T17:58:00.0,16.45
CH5,KR_U109,KR76,0.95,6.3,2022-08-02,10:30:00.0,2022-08-02,11:27:00.0,10,11,August,Tuesday,57.0,Weekday,2,2022-08-02T10:30:00.0,2022-08-02T11:27:00.0,10.5
CH5,KR_U109,KR77,2.216666666666667,15.9,2022-08-30,15:43:00.0,2022-08-30,17:56:00.0,15,17,August,Tuesday,133.0,Weekday,2,2022-08-30T15:43:00.0,2022-08-30T17:56:00.0,15.716666666666667
CH5,KR_U109,KR78,3.2666666666666666,23.5,2022-07-21,15:20:00.0,2022-07-21,18:36:00.0,15,18,July,Thursday,196.0,Weekday,2,2022-07-21T15:20:00.0,2022-07-21T18:36:00.0,15.333333333333334
CH5,KR_U109,KR79,2.7333333333333334,19.7,2022-07-26,19:16:00.0,2022-07-26,22:00:00.0,19,22,July,Tuesday,164.0,Weekday,2,2022-07-26T19:16:00.0,2022-07-26T22:00:00.0,19.266666666666666
CH5,KR_U109,KR80,3.2333333333333334,23.1,2022-06-02,22:55:00.0,2022-06-03,02:09:00.0,22,2,June,Thursday,194.0,Weekday,2,2022-06-02T22:55:00.0,2022-06-03T02:09:00.0,22.916666666666668
CH5,KR_U109,KR81,2.55,18.1,2022-06-04,00:08:00.0,2022-06-04,02:41:00.0,0,2,June,Saturday,153.0,Weekend,2,2022-06-04T00:08:00.0,2022-06-04T02:41:00.0,0.13333333333333333
CH5,KR_U109,KR82,1.9333333333333333,13.8,2022-06-06,22:20:00.0,2022-06-07,00:16:00.0,22,0,June,Monday,116.0,Weekday,2,2022-06-06T22:20:00.0,2022-06-07T00:16:00.0,22.333333333333332
CH5,KR_U109,KR83,2.1,14.9,2022-06-09,23:18:00.0,2022-06-10,01:24:00.0,23,1,June,Thursday,126.0,Weekday,2,2022-06-09T23:18:00.0,2022-06-10T01:24:00.0,23.3
CH5,KR_U109,KR84,2.933333333333333,20.9,2022-06-11,21:13:00.0,2022-06-12,00:09:00.0,21,0,June,Saturday,176.0,Weekend,2,2022-06-11T21:13:00.0,2022-06-12T00:09:00.0,21.216666666666665
CH5,KR_U109,KR85,0.7333333333333333,5.2,2022-06-13,23:21:00.0,2022-06-14,00:05:00.0,23,0,June,Monday,44.0,Weekday,2,2022-06-13T23:21:00.0,2022-06-14T00:05:00.0,23.35
CH5,KR_U109,KR86,1.9333333333333333,13.8,2022-06-14,00:19:00.0,2022-06-14,02:15:00.0,0,2,June,Tuesday,116.0,Weekday,2,2022-06-14T00:19:00.0,2022-06-14T02:15:00.0,0.31666666666666665
CH5,KR_U109,KR87,2.183333333333333,15.6,2022-06-18,23:16:00.0,2022-06-19,01:27:00.0,23,1,June,Saturday,131.0,Weekend,2,2022-06-18T23:16:00.0,2022-06-19T01:27:00.0,23.266666666666666
CH5,KR_U109,KR88,3.6166666666666667,25.8,2022-06-21,22:59:00.0,2022-06-22,02:36:00.0,22,2,June,Tuesday,217.0,Weekday,2,2022-06-21T22:59:00.0,2022-06-22T02:36:00.0,22.983333333333334
CH5,KR_U109,KR89,2.1666666666666665,15.4,2022-05-09,23:07:00.0,2022-05-10,01:17:00.0,23,1,May,Monday,130.0,Weekday,2,2022-05-09T23:07:00.0,2022-05-10T01:17:00.0,23.116666666666667
CH5,KR_U109,KR90,2.15,15.4,2022-05-12,23:10:00.0,2022-05-13,01:19:00.0,23,1,May,Thursday,129.0,Weekday,2,2022-05-12T23:10:00.0,2022-05-13T01:19:00.0,23.166666666666668
CH5,KR_U109,KR91,2.683333333333333,19.2,2022-05-19,22:51:00.0,2022-05-20,01:32:00.0,22,1,May,Thursday,161.0,Weekday,2,2022-05-19T22:51:00.0,2022-05-20T01:32:00.0,22.85
CH5,KR_U109,KR92,2.783333333333333,19.9,2022-05-21,23:45:00.0,2022-05-22,02:32:00.0,23,2,May,Saturday,167.0,Weekend,2,2022-05-21T23:45:00.0,2022-05-22T02:32:00.0,23.75
CH5,KR_U109,KR93,1.9333333333333333,13.8,2022-05-25,00:19:00.0,2022-05-25,02:15:00.0,0,2,May,Wednesday,116.0,Weekday,2,2022-05-25T00:19:00.0,2022-05-25T02:15:00.0,0.31666666666666665
CH5,KR_U109,KR94,1.5333333333333334,10.9,2022-04-06,20:13:00.0,2022-04-06,21:45:00.0,20,21,April,Wednesday,92.0,Weekday,2,2022-04-06T20:13:00.0,2022-04-06T21:45:00.0,20.216666666666665
CH5,KR_U109,KR95,1.2166666666666666,8.8,2022-04-06,22:11:00.0,2022-04-06,23:24:00.0,22,23,April,Wednesday,73.0,Weekday,2,2022-04-06T22:11:00.0,2022-04-06T23:24:00.0,22.183333333333334
CH5,KR_U109,KR96,2.95,21.0,2022-04-20,23:28:00.0,2022-04-21,02:25:00.0,23,2,April,Wednesday,177.0,Weekday,2,2022-04-20T23:28:00.0,2022-04-21T02:25:00.0,23.466666666666665
CH5,KR_U109,KR97,3.4,24.3,2022-04-23,23:30:00.0,2022-04-24,02:54:00.0,23,2,April,Saturday,204.0,Weekend,2,2022-04-23T23:30:00.0,2022-04-24T02:54:00.0,23.5
CH5,KR_U109,KR98,1.0,7.1,2022-02-05,19:46:00.0,2022-02-05,20:46:00.0,19,20,February,Saturday,60.0,Weekend,2,2022-02-05T19:46:00.0,2022-02-05T20:46:00.0,19.766666666666666
CH5,KR_U109,KR99,2.0,14.1,2022-01-04,18:16:00.0,2022-01-04,20:16:00.0,18,20,January,Tuesday,120.0,Weekday,2,2022-01-04T18:16:00.0,2022-01-04T20:16:00.0,18.266666666666666
CH5,KR_U109,KR100,2.933333333333333,19.4,2022-01-16,22:08:00.0,2022-01-17,01:04:00.0,22,1,January,Sunday,176.0,Weekend,2,2022-01-16T22:08:00.0,2022-01-17T01:04:00.0,22.133333333333333
CH5,KR_U109,KR101,3.5833333333333335,22.1,2022-01-20,19:05:00.0,2022-01-20,22:40:00.0,19,22,January,Thursday,215.0,Weekday,2,2022-01-20T19:05:00.0,2022-01-20T22:40:00.0,19.083333333333332
CH5,KR_U109,KR102,3.3,23.2,2022-01-24,19:21:00.0,2022-01-24,22:39:00.0,19,22,January,Monday,198.0,Weekday,2,2022-01-24T19:21:00.0,2022-01-24T22:39:00.0,19.35
CH5,KR_U109,KR103,3.716666666666667,26.1,2021-12-03,22:25:00.0,2021-12-04,02:08:00.0,22,2,December,Friday,223.0,Weekday,2,2021-12-03T22:25:00.0,2021-12-04T02:08:00.0,22.416666666666668
CH5,KR_U109,KR104,0.7,4.9,2021-12-25,19:18:00.0,2021-12-25,20:00:00.0,19,20,December,Saturday,42.0,Weekend,2,2021-12-25T19:18:00.0,2021-12-25T20:00:00.0,19.3
CH5,KR_U109,KR105,3.1666666666666665,19.8,2021-12-25,20:24:00.0,2021-12-25,23:34:00.0,20,23,December,Saturday,190.0,Weekend,2,2021-12-25T20:24:00.0,2021-12-25T23:34:00.0,20.4
CH5,KR_U109,KR106,2.9,20.2,2021-11-04,19:19:00.0,2021-11-04,22:13:00.0,19,22,November,Thursday,174.0,Weekday,2,2021-11-04T19:19:00.0,2021-11-04T22:13:00.0,19.316666666666666
CH5,KR_U109,KR107,3.8333333333333335,26.9,2021-11-10,18:37:00.0,2021-11-10,22:27:00.0,18,22,November,Wednesday,230.0,Weekday,2,2021-11-10T18:37:00.0,2021-11-10T22:27:00.0,18.616666666666667
CH5,KR_U109,KR108,1.7,11.0,2021-11-27,21:43:00.0,2021-11-27,23:25:00.0,21,23,November,Saturday,102.0,Weekend,2,2021-11-27T21:43:00.0,2021-11-27T23:25:00.0,21.716666666666665
CH5,KR_U109,KR109,1.0,7.1,2021-10-23,17:28:00.0,2021-10-23,18:28:00.0,17,18,October,Saturday,60.0,Weekend,2,2021-10-23T17:28:00.0,2021-10-23T18:28:00.0,17.466666666666665
CH13,KR_U42,KR163,1.7666666666666666,12.0,2022-09-16,18:04:00.0,2022-09-16,19:50:00.0,18,19,September,Friday,106.0,Weekday,8,2022-09-16T18:04:00.0,2022-09-16T19:50:00.0,18.066666666666666
CH13,KR_U42,KR164,1.9166666666666667,13.6,2022-08-14,09:59:00.0,2022-08-14,11:54:00.0,9,11,August,Sunday,115.0,Weekend,8,2022-08-14T09:59:00.0,2022-08-14T11:54:00.0,9.983333333333333
CH13,KR_U42,KR165,2.25,16.0,2022-08-13,11:51:00.0,2022-08-13,14:06:00.0,11,14,August,Saturday,135.0,Weekend,8,2022-08-13T11:51:00.0,2022-08-13T14:06:00.0,11.85
CH13,KR_U42,KR166,2.966666666666667,21.2,2022-08-12,10:45:00.0,2022-08-12,13:43:00.0,10,13,August,Friday,178.0,Weekday,8,2022-08-12T10:45:00.0,2022-08-12T13:43:00.0,10.75
CH13,KR_U42,KR167,0.9833333333333333,6.89,2022-08-08,16:45:00.0,2022-08-08,17:44:00.0,16,17,August,Monday,59.0,Weekday,8,2022-08-08T16:45:00.0,2022-08-08T17:44:00.0,16.75
CH13,KR_U42,KR168,0.8166666666666667,5.8,2022-08-08,10:00:00.0,2022-08-08,10:49:00.0,10,10,August,Monday,49.0,Weekday,8,2022-08-08T10:00:00.0,2022-08-08T10:49:00.0,10.0
CH13,KR_U42,KR169,1.05,1.8,2022-08-20,11:16:00.0,2022-08-20,12:19:00.0,11,12,August,Saturday,63.0,Weekend,8,2022-08-20T11:16:00.0,2022-08-20T12:19:00.0,11.266666666666667
CH13,KR_U42,KR170,0.2833333333333333,1.9,2022-08-20,10:50:00.0,2022-08-20,11:07:00.0,10,11,August,Saturday,17.0,Weekend,8,2022-08-20T10:50:00.0,2022-08-20T11:07:00.0,10.833333333333334
CH13,KR_U42,KR171,2.6,14.3,2022-06-15,20:57:00.0,2022-06-15,23:33:00.0,20,23,June,Wednesday,156.0,Weekday,8,2022-06-15T20:57:00.0,2022-06-15T23:33:00.0,20.95
CH13,KR_U42,KR172,0.8833333333333333,6.4,2022-05-19,20:55:00.0,2022-05-19,21:48:00.0,20,21,May,Thursday,53.0,Weekday,8,2022-05-19T20:55:00.0,2022-05-19T21:48:00.0,20.916666666666668
CH13,KR_U42,KR173,1.8666666666666667,13.2,2022-04-03,16:13:00.0,2022-04-03,18:05:00.0,16,18,April,Sunday,112.0,Weekend,8,2022-04-03T16:13:00.0,2022-04-03T18:05:00.0,16.216666666666665
CH13,KR_U42,KR174,1.3333333333333333,9.6,2022-04-16,14:45:00.0,2022-04-16,16:05:00.0,14,16,April,Saturday,80.0,Weekend,8,2022-04-16T14:45:00.0,2022-04-16T16:05:00.0,14.75
CH13,KR_U64,KR175,1.3,8.8,2022-09-19,17:19:00.0,2022-09-19,18:37:00.0,17,18,September,Monday,78.0,Weekday,9,2022-09-19T17:19:00.0,2022-09-19T18:37:00.0,17.316666666666666
CH13,KR_U64,KR176,1.8333333333333333,11.9,2022-08-14,12:10:00.0,2022-08-14,14:00:00.0,12,14,August,Sunday,110.0,Weekend,9,2022-08-14T12:10:00.0,2022-08-14T14:00:00.0,12.166666666666666
CH13,KR_U64,KR177,0.6833333333333333,4.6,2022-08-09,16:28:00.0,2022-08-09,17:09:00.0,16,17,August,Tuesday,41.0,Weekday,9,2022-08-09T16:28:00.0,2022-08-09T17:09:00.0,16.466666666666665
CH13,KR_U64,KR178,0.7166666666666667,4.8,2022-08-28,10:47:00.0,2022-08-28,11:30:00.0,10,11,August,Sunday,43.0,Weekend,9,2022-08-28T10:47:00.0,2022-08-28T11:30:00.0,10.783333333333333
CH13,KR_U64,KR179,1.3833333333333333,9.4,2022-08-27,15:59:00.0,2022-08-27,17:22:00.0,15,17,August,Saturday,83.0,Weekend,9,2022-08-27T15:59:00.0,2022-08-27T17:22:00.0,15.983333333333333
CH13,KR_U64,KR180,1.6333333333333333,10.7,2022-07-01,17:28:00.0,2022-07-01,19:06:00.0,17,19,July,Friday,98.0,Weekday,9,2022-07-01T17:28:00.0,2022-07-01T19:06:00.0,17.466666666666665
CH13,KR_U64,KR181,2.3333333333333335,15.3,2022-07-05,17:17:00.0,2022-07-05,19:37:00.0,17,19,July,Tuesday,140.0,Weekday,9,2022-07-05T17:17:00.0,2022-07-05T19:37:00.0,17.283333333333335
CH13,KR_U64,KR182,2.35,15.2,2022-07-08,17:03:00.0,2022-07-08,19:24:00.0,17,19,July,Friday,141.0,Weekday,9,2022-07-08T17:03:00.0,2022-07-08T19:24:00.0,17.05
CH13,KR_U64,KR183,2.8333333333333335,18.9,2022-07-14,07:15:00.0,2022-07-14,10:05:00.0,7,10,July,Thursday,170.0,Weekday,9,2022-07-14T07:15:00.0,2022-07-14T10:05:00.0,7.25
CH13,KR_U64,KR184,1.15,7.79,2022-07-27,16:12:00.0,2022-07-27,17:21:00.0,16,17,July,Wednesday,69.0,Weekday,9,2022-07-27T16:12:00.0,2022-07-27T17:21:00.0,16.2
CH13,KR_U64,KR185,3.3833333333333333,23.2,2022-06-14,17:15:00.0,2022-06-14,20:38:00.0,17,20,June,Tuesday,203.0,Weekday,9,2022-06-14T17:15:00.0,2022-06-14T20:38:00.0,17.25
CH13,KR_U64,KR186,0.9,6.0,2021-10-02,04:48:00.0,2021-10-02,05:42:00.0,4,5,October,Saturday,54.0,Weekend,9,2021-10-02T04:48:00.0,2021-10-02T05:42:00.0,4.8
CH13,KR_U64,KR187,1.2833333333333334,8.6,2021-10-04,04:09:00.0,2021-10-04,05:26:00.0,4,5,October,Monday,77.0,Weekday,9,2021-10-04T04:09:00.0,2021-10-04T05:26:00.0,4.15
CH13,KR_U64,KR188,0.6833333333333333,4.7,2021-10-07,07:55:00.0,2021-10-07,08:36:00.0,7,8,October,Thursday,41.0,Weekday,9,2021-10-07T07:55:00.0,2021-10-07T08:36:00.0,7.916666666666667
CH13,KR_U64,KR189,1.55,10.29,2021-10-12,08:01:00.0,2021-10-12,09:34:00.0,8,9,October,Tuesday,93.0,Weekday,9,2021-10-12T08:01:00.0,2021-10-12T09:34:00.0,8.016666666666667
CH13,KR_U186,KR340,10.433333333333334,22.5,2022-08-31,18:44:00.0,2022-09-01,05:10:00.0,18,5,August,Wednesday,626.0,Weekday,13,2022-08-31T18:44:00.0,2022-09-01T05:10:00.0,18.733333333333334
CH13,KR_U186,KR341,10.866666666666667,18.5,2022-08-01,19:18:00.0,2022-08-02,06:10:00.0,19,6,August,Monday,652.0,Weekday,13,2022-08-01T19:18:00.0,2022-08-02T06:10:00.0,19.3
CH13,KR_U186,KR342,11.0,23.0,2022-08-22,19:10:00.0,2022-08-23,06:10:00.0,19,6,August,Monday,660.0,Weekday,13,2022-08-22T19:10:00.0,2022-08-23T06:10:00.0,19.166666666666668
CH13,KR_U186,KR343,10.016666666666667,22.5,2022-07-12,19:09:00.0,2022-07-13,05:10:00.0,19,5,July,Tuesday,601.0,Weekday,13,2022-07-12T19:09:00.0,2022-07-13T05:10:00.0,19.15
CH13,KR_U186,KR344,4.366666666666666,17.7,2022-06-19,14:25:00.0,2022-06-19,18:47:00.0,14,18,June,Sunday,262.0,Weekend,13,2022-06-19T14:25:00.0,2022-06-19T18:47:00.0,14.416666666666666
CH13,KR_U186,KR345,10.283333333333333,20.9,2022-06-27,18:53:00.0,2022-06-28,05:10:00.0,18,5,June,Monday,617.0,Weekday,13,2022-06-27T18:53:00.0,2022-06-28T05:10:00.0,18.883333333333333
CH13,KR_U186,KR346,4.95,20.9,2022-04-08,19:13:00.0,2022-04-09,00:10:00.0,19,0,April,Friday,297.0,Weekday,13,2022-04-08T19:13:00.0,2022-04-09T00:10:00.0,19.216666666666665
CH13,KR_U186,KR347,0.6166666666666667,4.1,2022-04-15,19:08:00.0,2022-04-15,19:45:00.0,19,19,April,Friday,37.0,Weekday,13,2022-04-15T19:08:00.0,2022-04-15T19:45:00.0,19.133333333333333
CH13,KR_U186,KR348,1.7833333333333334,11.79,2022-02-08,12:09:00.0,2022-02-08,13:56:00.0,12,13,February,Tuesday,107.0,Weekday,13,2022-02-08T12:09:00.0,2022-02-08T13:56:00.0,12.15
CH13,KR_U199,KR349,2.0,14.0,2022-09-13,18:46:00.0,2022-09-13,20:46:00.0,18,20,September,Tuesday,120.0,Weekday,14,2022-09-13T18:46:00.0,2022-09-13T20:46:00.0,18.766666666666666
CH13,KR_U199,KR350,1.75,12.1,2022-06-15,18:47:00.0,2022-06-15,20:32:00.0,18,20,June,Wednesday,105.0,Weekday,14,2022-06-15T18:47:00.0,2022-06-15T20:32:00.0,18.783333333333335
CH13,KR_U199,KR351,3.3833333333333333,21.8,2022-04-05,20:04:00.0,2022-04-05,23:27:00.0,20,23,April,Tuesday,203.0,Weekday,14,2022-04-05T20:04:00.0,2022-04-05T23:27:00.0,20.066666666666666
CH13,KR_U199,KR352,2.4833333333333334,15.0,2022-04-07,21:32:00.0,2022-04-08,00:01:00.0,21,0,April,Thursday,149.0,Weekday,14,2022-04-07T21:32:00.0,2022-04-08T00:01:00.0,21.533333333333335
CH13,KR_U199,KR353,1.8,12.5,2022-04-28,17:50:00.0,2022-04-28,19:38:00.0,17,19,April,Thursday,108.0,Weekday,14,2022-04-28T17:50:00.0,2022-04-28T19:38:00.0,17.833333333333332
CH13,KR_U199,KR354,2.2333333333333334,14.9,2022-03-05,19:22:00.0,2022-03-05,21:36:00.0,19,21,March,Saturday,134.0,Weekend,14,2022-03-05T19:22:00.0,2022-03-05T21:36:00.0,19.366666666666667
CH13,KR_U199,KR355,2.3666666666666667,16.0,2022-03-07,20:54:00.0,2022-03-07,23:16:00.0,20,23,March,Monday,142.0,Weekday,14,2022-03-07T20:54:00.0,2022-03-07T23:16:00.0,20.9
CH13,KR_U199,KR356,2.4833333333333334,16.6,2022-01-25,20:47:00.0,2022-01-25,23:16:00.0,20,23,January,Tuesday,149.0,Weekday,14,2022-01-25T20:47:00.0,2022-01-25T23:16:00.0,20.783333333333335
CH13,KR_U291,KR379,4.033333333333333,28.7,2022-09-30,10:22:00.0,2022-09-30,14:24:00.0,10,14,September,Friday,242.0,Weekday,18,2022-09-30T10:22:00.0,2022-09-30T14:24:00.0,10.366666666666667
CH13,KR_U291,KR380,1.9833333333333334,14.2,2022-09-19,10:47:00.0,2022-09-19,12:46:00.0,10,12,September,Monday,119.0,Weekday,18,2022-09-19T10:47:00.0,2022-09-19T12:46:00.0,10.783333333333333
CH13,KR_U291,KR381,10.733333333333333,35.2,2022-08-14,19:26:00.0,2022-08-15,06:10:00.0,19,6,August,Sunday,644.0,Weekend,18,2022-08-14T19:26:00.0,2022-08-15T06:10:00.0,19.433333333333334
CH13,KR_U291,KR382,10.783333333333333,15.6,2022-08-12,16:23:00.0,2022-08-13,03:10:00.0,16,3,August,Friday,647.0,Weekday,18,2022-08-12T16:23:00.0,2022-08-13T03:10:00.0,16.383333333333333
CH13,KR_U291,KR383,10.733333333333333,49.3,2022-08-09,17:26:00.0,2022-08-10,04:10:00.0,17,4,August,Tuesday,644.0,Weekday,18,2022-08-09T17:26:00.0,2022-08-10T04:10:00.0,17.433333333333334
CH13,KR_U291,KR384,5.366666666666666,37.6,2022-08-06,11:57:00.0,2022-08-06,17:19:00.0,11,17,August,Saturday,322.0,Weekend,18,2022-08-06T11:57:00.0,2022-08-06T17:19:00.0,11.95
CH13,KR_U291,KR385,5.683333333333334,40.79,2022-08-26,10:21:00.0,2022-08-26,16:02:00.0,10,16,August,Friday,341.0,Weekday,18,2022-08-26T10:21:00.0,2022-08-26T16:02:00.0,10.35
CH13,KR_U291,KR386,10.916666666666666,29.0,2022-08-21,18:15:00.0,2022-08-22,05:10:00.0,18,5,August,Sunday,655.0,Weekend,18,2022-08-21T18:15:00.0,2022-08-22T05:10:00.0,18.25
CH13,KR_U291,KR387,10.583333333333334,35.7,2022-06-30,15:35:00.0,2022-07-01,02:10:00.0,15,2,June,Thursday,635.0,Weekday,18,2022-06-30T15:35:00.0,2022-07-01T02:10:00.0,15.583333333333334
CH13,KR_U291,KR388,0.6333333333333333,4.39,2022-07-13,10:20:00.0,2022-07-13,10:58:00.0,10,10,July,Wednesday,38.0,Weekday,18,2022-07-13T10:20:00.0,2022-07-13T10:58:00.0,10.333333333333334
CH13,KR_U291,KR389,10.883333333333333,36.5,2022-07-21,17:17:00.0,2022-07-22,04:10:00.0,17,4,July,Thursday,653.0,Weekday,18,2022-07-21T17:17:00.0,2022-07-22T04:10:00.0,17.283333333333335
CH13,KR_U291,KR390,5.4,38.7,2022-07-23,17:30:00.0,2022-07-23,22:54:00.0,17,22,July,Saturday,324.0,Weekend,18,2022-07-23T17:30:00.0,2022-07-23T22:54:00.0,17.5
CH13,KR_U291,KR391,3.183333333333333,23.0,2022-06-11,13:28:00.0,2022-06-11,16:39:00.0,13,16,June,Saturday,191.0,Weekend,18,2022-06-11T13:28:00.0,2022-06-11T16:39:00.0,13.466666666666667
CH13,KR_U291,KR392,5.416666666666667,38.7,2022-06-25,14:30:00.0,2022-06-25,19:55:00.0,14,19,June,Saturday,325.0,Weekend,18,2022-06-25T14:30:00.0,2022-06-25T19:55:00.0,14.5
CH13,KR_U291,KR393,10.5,29.2,2022-06-28,18:40:00.0,2022-06-29,05:10:00.0,18,5,June,Tuesday,630.0,Weekday,18,2022-06-28T18:40:00.0,2022-06-29T05:10:00.0,18.666666666666668
CH13,KR_U291,KR394,3.65,26.0,2022-05-24,17:32:00.0,2022-05-24,21:11:00.0,17,21,May,Tuesday,219.0,Weekday,18,2022-05-24T17:32:00.0,2022-05-24T21:11:00.0,17.533333333333335
CH13,KR_U291,KR395,4.016666666666667,28.7,2022-04-03,19:24:00.0,2022-04-03,23:25:00.0,19,23,April,Sunday,241.0,Weekend,18,2022-04-03T19:24:00.0,2022-04-03T23:25:00.0,19.4
CH13,KR_U291,KR396,0.26666666666666666,2.0,2022-04-17,17:51:00.0,2022-04-17,18:07:00.0,17,18,April,Sunday,16.0,Weekend,18,2022-04-17T17:51:00.0,2022-04-17T18:07:00.0,17.85
CH13,KR_U291,KR397,3.816666666666667,27.2,2022-03-18,16:33:00.0,2022-03-18,20:22:00.0,16,20,March,Friday,229.0,Weekday,18,2022-03-18T16:33:00.0,2022-03-18T20:22:00.0,16.55
CH13,KR_U291,KR398,3.9166666666666665,28.0,2022-03-21,15:43:00.0,2022-03-21,19:38:00.0,15,19,March,Monday,235.0,Weekday,18,2022-03-21T15:43:00.0,2022-03-21T19:38:00.0,15.716666666666667
CH13,KR_U291,KR399,4.016666666666667,28.8,2022-02-07,16:28:00.0,2022-02-07,20:29:00.0,16,20,February,Monday,241.0,Weekday,18,2022-02-07T16:28:00.0,2022-02-07T20:29:00.0,16.466666666666665
CH13,KR_U291,KR400,4.1,29.4,2022-02-10,17:40:00.0,2022-02-10,21:46:00.0,17,21,February,Thursday,245.99999999999997,Weekday,18,2022-02-10T17:40:00.0,2022-02-10T21:46:00.0,17.666666666666668
CH13,KR_U291,KR401,4.716666666666667,34.1,2022-01-06,18:06:00.0,2022-01-06,22:49:00.0,18,22,January,Thursday,283.0,Weekday,18,2022-01-06T18:06:00.0,2022-01-06T22:49:00.0,18.1
CH13,KR_U291,KR402,5.166666666666667,37.2,2022-01-12,12:41:00.0,2022-01-12,17:51:00.0,12,17,January,Wednesday,310.0,Weekday,18,2022-01-12T12:41:00.0,2022-01-12T17:51:00.0,12.683333333333334
CH13,KR_U291,KR403,5.033333333333333,35.89,2021-12-02,17:29:00.0,2021-12-02,22:31:00.0,17,22,December,Thursday,302.0,Weekday,18,2021-12-02T17:29:00.0,2021-12-02T22:31:00.0,17.483333333333334
CH13,KR_U291,KR404,2.7333333333333334,19.4,2021-12-20,15:23:00.0,2021-12-20,18:07:00.0,15,18,December,Monday,164.0,Weekday,18,2021-12-20T15:23:00.0,2021-12-20T18:07:00.0,15.383333333333333
CH13,KR_U291,KR405,3.783333333333333,27.1,2021-12-21,17:33:00.0,2021-12-21,21:20:00.0,17,21,December,Tuesday,227.0,Weekday,18,2021-12-21T17:33:00.0,2021-12-21T21:20:00.0,17.55
CH13,KR_U291,KR406,4.166666666666667,29.79,2021-11-14,19:46:00.0,2021-11-14,23:56:00.0,19,23,November,Sunday,250.00000000000003,Weekend,18,2021-11-14T19:46:00.0,2021-11-14T23:56:00.0,19.766666666666666
CH13,KR_U291,KR407,4.716666666666667,33.7,2021-11-21,15:52:00.0,2021-11-21,20:35:00.0,15,20,November,Sunday,283.0,Weekend,18,2021-11-21T15:52:00.0,2021-11-21T20:35:00.0,15.866666666666667
CH13,KR_U291,KR408,4.95,35.2,2021-10-05,14:28:00.0,2021-10-05,19:25:00.0,14,19,October,Tuesday,297.0,Weekday,18,2021-10-05T14:28:00.0,2021-10-05T19:25:00.0,14.466666666666667
CH13,KR_U291,KR409,3.2333333333333334,23.2,2021-10-14,14:54:00.0,2021-10-14,18:08:00.0,14,18,October,Thursday,194.0,Weekday,18,2021-10-14T14:54:00.0,2021-10-14T18:08:00.0,14.9
CH16,KR_U280,KR459,9.966666666666667,64.0,2022-06-05,06:41:00.0,2022-06-05,16:39:00.0,6,16,June,Sunday,598.0,Weekend,30,2022-06-05T06:41:00.0,2022-06-05T16:39:00.0,6.683333333333334
CH16,KR_U280,KR460,5.35,36.6,2022-05-12,00:48:00.0,2022-05-12,06:09:00.0,0,6,May,Thursday,321.0,Weekday,30,2022-05-12T00:48:00.0,2022-05-12T06:09:00.0,0.8
CH16,KR_U280,KR461,6.816666666666666,46.2,2022-05-27,06:17:00.0,2022-05-27,13:06:00.0,6,13,May,Friday,409.0,Weekday,30,2022-05-27T06:17:00.0,2022-05-27T13:06:00.0,6.283333333333333
CH16,KR_U280,KR462,4.366666666666666,29.6,2022-04-12,00:31:00.0,2022-04-12,04:53:00.0,0,4,April,Tuesday,262.0,Weekday,30,2022-04-12T00:31:00.0,2022-04-12T04:53:00.0,0.5166666666666667
CH16,KR_U280,KR463,8.9,44.4,2022-02-20,00:23:00.0,2022-02-20,09:17:00.0,0,9,February,Sunday,534.0,Weekend,30,2022-02-20T00:23:00.0,2022-02-20T09:17:00.0,0.38333333333333336
CH21,KR_U280,KR468,7.2,35.4,2022-09-12,04:09:00.0,2022-09-12,11:21:00.0,4,11,September,Monday,432.0,Weekday,30,2022-09-12T04:09:00.0,2022-09-12T11:21:00.0,4.15
CH21,KR_U280,KR469,1.5666666666666667,10.79,2022-09-12,01:25:00.0,2022-09-12,02:59:00.0,1,2,September,Monday,94.0,Weekday,30,2022-09-12T01:25:00.0,2022-09-12T02:59:00.0,1.4166666666666667
CH21,KR_U280,KR470,9.2,62.4,2022-09-09,06:25:00.0,2022-09-09,15:37:00.0,6,15,September,Friday,552.0,Weekday,30,2022-09-09T06:25:00.0,2022-09-09T15:37:00.0,6.416666666666667
CH21,KR_U280,KR471,8.5,44.29,2022-08-30,02:50:00.0,2022-08-30,11:20:00.0,2,11,August,Tuesday,510.0,Weekday,30,2022-08-30T02:50:00.0,2022-08-30T11:20:00.0,2.8333333333333335
CH21,KR_U280,KR472,9.4,58.3,2022-08-26,06:21:00.0,2022-08-26,15:45:00.0,6,15,August,Friday,564.0,Weekday,30,2022-08-26T06:21:00.0,2022-08-26T15:45:00.0,6.35
CH21,KR_U280,KR473,8.333333333333334,43.5,2022-08-24,01:29:00.0,2022-08-24,09:49:00.0,1,9,August,Wednesday,500.00000000000006,Weekday,30,2022-08-24T01:29:00.0,2022-08-24T09:49:00.0,1.4833333333333334
CH21,KR_U280,KR474,3.816666666666667,26.2,2022-08-22,07:05:00.0,2022-08-22,10:54:00.0,7,10,August,Monday,229.0,Weekday,30,2022-08-22T07:05:00.0,2022-08-22T10:54:00.0,7.083333333333333
CH21,KR_U280,KR475,9.55,58.0,2022-08-19,06:48:00.0,2022-08-19,16:21:00.0,6,16,August,Friday,573.0,Weekday,30,2022-08-19T06:48:00.0,2022-08-19T16:21:00.0,6.8
CH21,KR_U280,KR476,9.383333333333333,50.4,2022-07-18,06:35:00.0,2022-07-18,15:58:00.0,6,15,July,Monday,563.0,Weekday,30,2022-07-18T06:35:00.0,2022-07-18T15:58:00.0,6.583333333333333
CH21,KR_U280,KR477,7.333333333333333,50.2,2022-06-09,04:20:00.0,2022-06-09,11:40:00.0,4,11,June,Thursday,440.0,Weekday,30,2022-06-09T04:20:00.0,2022-06-09T11:40:00.0,4.333333333333333
CH21,KR_U280,KR478,7.716666666666667,52.5,2022-06-10,05:49:00.0,2022-06-10,13:32:00.0,5,13,June,Friday,463.0,Weekday,30,2022-06-10T05:49:00.0,2022-06-10T13:32:00.0,5.816666666666666
CH21,KR_U280,KR479,4.75,32.2,2022-06-11,02:24:00.0,2022-06-11,07:09:00.0,2,7,June,Saturday,285.0,Weekend,30,2022-06-11T02:24:00.0,2022-06-11T07:09:00.0,2.4
CH21,KR_U280,KR480,6.666666666666667,32.0,2022-06-30,01:01:00.0,2022-06-30,07:41:00.0,1,7,June,Thursday,400.0,Weekday,30,2022-06-30T01:01:00.0,2022-06-30T07:41:00.0,1.0166666666666666
CH21,KR_U280,KR481,7.916666666666667,54.4,2022-05-08,05:39:00.0,2022-05-08,13:34:00.0,5,13,May,Sunday,475.0,Weekend,30,2022-05-08T05:39:00.0,2022-05-08T13:34:00.0,5.65
CH21,KR_U280,KR482,5.466666666666667,37.6,2022-05-21,00:54:00.0,2022-05-21,06:22:00.0,0,6,May,Saturday,328.0,Weekend,30,2022-05-21T00:54:00.0,2022-05-21T06:22:00.0,0.9
CH21,KR_U280,KR483,9.766666666666667,66.29,2022-05-25,02:37:00.0,2022-05-25,12:23:00.0,2,12,May,Wednesday,586.0,Weekday,30,2022-05-25T02:37:00.0,2022-05-25T12:23:00.0,2.6166666666666667
CH21,KR_U280,KR484,7.05,48.2,2022-05-30,06:25:00.0,2022-05-30,13:28:00.0,6,13,May,Monday,423.0,Weekday,30,2022-05-30T06:25:00.0,2022-05-30T13:28:00.0,6.416666666666667
CH21,KR_U280,KR485,6.433333333333334,42.1,2022-04-18,22:37:00.0,2022-04-19,05:03:00.0,22,5,April,Monday,386.0,Weekday,30,2022-04-18T22:37:00.0,2022-04-19T05:03:00.0,22.616666666666667
CH21,KR_U280,KR486,7.083333333333333,46.8,2022-04-22,00:55:00.0,2022-04-22,08:00:00.0,0,8,April,Friday,425.0,Weekday,30,2022-04-22T00:55:00.0,2022-04-22T08:00:00.0,0.9166666666666666
CH21,KR_U280,KR487,6.633333333333334,42.0,2022-03-02,21:28:00.0,2022-03-03,04:06:00.0,21,4,March,Wednesday,398.0,Weekday,30,2022-03-02T21:28:00.0,2022-03-03T04:06:00.0,21.466666666666665
CH21,KR_U280,KR488,0.9666666666666667,6.5,2022-03-07,00:29:00.0,2022-03-07,01:27:00.0,0,1,March,Monday,58.0,Weekday,30,2022-03-07T00:29:00.0,2022-03-07T01:27:00.0,0.48333333333333334
CH21,KR_U280,KR489,7.583333333333333,37.6,2022-03-07,02:17:00.0,2022-03-07,09:52:00.0,2,9,March,Monday,455.0,Weekday,30,2022-03-07T02:17:00.0,2022-03-07T09:52:00.0,2.283333333333333
CH21,KR_U280,KR490,6.25,42.0,2022-03-10,23:39:00.0,2022-03-11,05:54:00.0,23,5,March,Thursday,375.0,Weekday,30,2022-03-10T23:39:00.0,2022-03-11T05:54:00.0,23.65
CH21,KR_U280,KR491,7.416666666666667,48.9,2022-02-09,00:31:00.0,2022-02-09,07:56:00.0,0,7,February,Wednesday,445.0,Weekday,30,2022-02-09T00:31:00.0,2022-02-09T07:56:00.0,0.5166666666666667
CH21,KR_U280,KR492,7.983333333333333,53.2,2022-02-10,01:41:00.0,2022-02-10,09:40:00.0,1,9,February,Thursday,479.0,Weekday,30,2022-02-10T01:41:00.0,2022-02-10T09:40:00.0,1.6833333333333333
CH21,KR_U280,KR493,8.8,60.1,2022-02-11,01:59:00.0,2022-02-11,10:47:00.0,1,10,February,Friday,528.0,Weekday,30,2022-02-11T01:59:00.0,2022-02-11T10:47:00.0,1.9833333333333334
CH21,KR_U280,KR494,5.516666666666667,37.5,2022-02-14,00:13:00.0,2022-02-14,05:44:00.0,0,5,February,Monday,331.0,Weekday,30,2022-02-14T00:13:00.0,2022-02-14T05:44:00.0,0.21666666666666667
CH21,KR_U280,KR495,4.45,30.2,2022-02-16,00:58:00.0,2022-02-16,05:25:00.0,0,5,February,Wednesday,267.0,Weekday,30,2022-02-16T00:58:00.0,2022-02-16T05:25:00.0,0.9666666666666667
CH21,KR_U280,KR496,7.066666666666666,33.1,2022-02-17,00:19:00.0,2022-02-17,07:23:00.0,0,7,February,Thursday,424.0,Weekday,30,2022-02-17T00:19:00.0,2022-02-17T07:23:00.0,0.31666666666666665
CH21,KR_U280,KR497,8.066666666666666,39.1,2022-02-23,23:54:00.0,2022-02-24,07:58:00.0,23,7,February,Wednesday,484.0,Weekday,30,2022-02-23T23:54:00.0,2022-02-24T07:58:00.0,23.9
CH21,KR_U280,KR498,9.183333333333334,46.0,2022-02-26,00:57:00.0,2022-02-26,10:08:00.0,0,10,February,Saturday,551.0,Weekend,30,2022-02-26T00:57:00.0,2022-02-26T10:08:00.0,0.95
CH28,KR_U186,KR513,3.816666666666667,18.0,2022-05-03,20:37:00.0,2022-05-04,00:26:00.0,20,0,May,Tuesday,229.0,Weekday,13,2022-05-03T20:37:00.0,2022-05-04T00:26:00.0,20.616666666666667
CH28,KR_U186,KR514,5.1,17.7,2022-01-05,18:00:00.0,2022-01-05,23:06:00.0,18,23,January,Wednesday,306.0,Weekday,13,2022-01-05T18:00:00.0,2022-01-05T23:06:00.0,18.0
CH28,KR_U186,KR515,3.1166666666666667,17.3,2021-11-05,10:51:00.0,2021-11-05,13:58:00.0,10,13,November,Friday,187.0,Weekday,13,2021-11-05T10:51:00.0,2021-11-05T13:58:00.0,10.85
CH33,KR_U42,KR591,2.85,19.8,2022-09-15,13:58:00.0,2022-09-15,16:49:00.0,13,16,September,Thursday,171.0,Weekday,8,2022-09-15T13:58:00.0,2022-09-15T16:49:00.0,13.966666666666667
CH33,KR_U42,KR592,0.4166666666666667,2.79,2022-09-14,07:57:00.0,2022-09-14,08:22:00.0,7,8,September,Wednesday,25.0,Weekday,8,2022-09-14T07:57:00.0,2022-09-14T08:22:00.0,7.95
CH33,KR_U42,KR593,1.6333333333333333,11.39,2022-09-09,10:20:00.0,2022-09-09,11:58:00.0,10,11,September,Friday,98.0,Weekday,8,2022-09-09T10:20:00.0,2022-09-09T11:58:00.0,10.333333333333334
CH33,KR_U42,KR594,2.933333333333333,20.1,2022-09-08,12:03:00.0,2022-09-08,14:59:00.0,12,14,September,Thursday,176.0,Weekday,8,2022-09-08T12:03:00.0,2022-09-08T14:59:00.0,12.05
CH33,KR_U42,KR595,5.333333333333333,35.5,2022-09-25,10:12:00.0,2022-09-25,15:32:00.0,10,15,September,Sunday,320.0,Weekend,8,2022-09-25T10:12:00.0,2022-09-25T15:32:00.0,10.2
CH33,KR_U42,KR596,2.7,19.5,2022-08-02,14:02:00.0,2022-08-02,16:44:00.0,14,16,August,Tuesday,162.0,Weekday,8,2022-08-02T14:02:00.0,2022-08-02T16:44:00.0,14.033333333333333
CH33,KR_U42,KR597,1.6666666666666667,11.9,2022-08-27,22:22:00.0,2022-08-28,00:02:00.0,22,0,August,Saturday,100.0,Weekend,8,2022-08-27T22:22:00.0,2022-08-28T00:02:00.0,22.366666666666667
CH33,KR_U42,KR598,1.0,7.1,2022-08-27,13:23:00.0,2022-08-27,14:23:00.0,13,14,August,Saturday,60.0,Weekend,8,2022-08-27T13:23:00.0,2022-08-27T14:23:00.0,13.383333333333333
CH33,KR_U42,KR599,1.3833333333333333,9.89,2022-08-21,14:36:00.0,2022-08-21,15:59:00.0,14,15,August,Sunday,83.0,Weekend,8,2022-08-21T14:36:00.0,2022-08-21T15:59:00.0,14.6
CH33,KR_U42,KR600,0.8166666666666667,5.8,2022-07-12,20:03:00.0,2022-07-12,20:52:00.0,20,20,July,Tuesday,49.0,Weekday,8,2022-07-12T20:03:00.0,2022-07-12T20:52:00.0,20.05
CH33,KR_U42,KR601,0.8,5.6,2022-07-21,14:05:00.0,2022-07-21,14:53:00.0,14,14,July,Thursday,48.0,Weekday,8,2022-07-21T14:05:00.0,2022-07-21T14:53:00.0,14.083333333333334
CH33,KR_U42,KR602,1.0833333333333333,7.8,2022-07-21,15:20:00.0,2022-07-21,16:25:00.0,15,16,July,Thursday,65.0,Weekday,8,2022-07-21T15:20:00.0,2022-07-21T16:25:00.0,15.333333333333334
CH33,KR_U42,KR603,1.5333333333333334,10.89,2022-07-21,17:28:00.0,2022-07-21,19:00:00.0,17,19,July,Thursday,92.0,Weekday,8,2022-07-21T17:28:00.0,2022-07-21T19:00:00.0,17.466666666666665
CH33,KR_U42,KR604,2.8333333333333335,20.4,2022-07-27,09:19:00.0,2022-07-27,12:09:00.0,9,12,July,Wednesday,170.0,Weekday,8,2022-07-27T09:19:00.0,2022-07-27T12:09:00.0,9.316666666666666
CH33,KR_U42,KR605,2.2,15.8,2022-06-14,21:58:00.0,2022-06-15,00:10:00.0,21,0,June,Tuesday,132.0,Weekday,8,2022-06-14T21:58:00.0,2022-06-15T00:10:00.0,21.966666666666665
CH33,KR_U42,KR606,2.816666666666667,20.2,2022-05-13,21:29:00.0,2022-05-14,00:18:00.0,21,0,May,Friday,169.0,Weekday,8,2022-05-13T21:29:00.0,2022-05-14T00:18:00.0,21.483333333333334
CH33,KR_U42,KR607,2.816666666666667,20.39,2022-05-19,22:09:00.0,2022-05-20,00:58:00.0,22,0,May,Thursday,169.0,Weekday,8,2022-05-19T22:09:00.0,2022-05-20T00:58:00.0,22.15
CH33,KR_U42,KR608,3.25,23.6,2022-03-08,20:12:00.0,2022-03-08,23:27:00.0,20,23,March,Tuesday,195.0,Weekday,8,2022-03-08T20:12:00.0,2022-03-08T23:27:00.0,20.2
CH33,KR_U42,KR609,2.1,15.2,2022-03-17,22:31:00.0,2022-03-18,00:37:00.0,22,0,March,Thursday,126.0,Weekday,8,2022-03-17T22:31:00.0,2022-03-18T00:37:00.0,22.516666666666666
CH33,KR_U42,KR610,2.066666666666667,15.0,2022-03-27,12:50:00.0,2022-03-27,14:54:00.0,12,14,March,Sunday,124.00000000000001,Weekend,8,2022-03-27T12:50:00.0,2022-03-27T14:54:00.0,12.833333333333334
CH33,KR_U64,KR611,10.35,13.5,2022-09-30,06:49:00.0,2022-09-30,17:10:00.0,6,17,September,Friday,621.0,Weekday,9,2022-09-30T06:49:00.0,2022-09-30T17:10:00.0,6.816666666666666
CH33,KR_U64,KR612,0.2,1.29,2022-09-17,10:14:00.0,2022-09-17,10:26:00.0,10,10,September,Saturday,12.0,Weekend,9,2022-09-17T10:14:00.0,2022-09-17T10:26:00.0,10.233333333333333
CH33,KR_U64,KR613,1.3,9.0,2022-08-24,16:42:00.0,2022-08-24,18:00:00.0,16,18,August,Wednesday,78.0,Weekday,9,2022-08-24T16:42:00.0,2022-08-24T18:00:00.0,16.7
CH33,KR_U64,KR614,2.033333333333333,13.7,2022-08-22,07:27:00.0,2022-08-22,09:29:00.0,7,9,August,Monday,122.0,Weekday,9,2022-08-22T07:27:00.0,2022-08-22T09:29:00.0,7.45
CH33,KR_U64,KR615,1.8833333333333333,12.5,2022-07-07,07:33:00.0,2022-07-07,09:26:00.0,7,9,July,Thursday,113.0,Weekday,9,2022-07-07T07:33:00.0,2022-07-07T09:26:00.0,7.55
CH33,KR_U64,KR616,0.8333333333333334,5.8,2021-10-05,05:48:00.0,2021-10-05,06:38:00.0,5,6,October,Tuesday,50.0,Weekday,9,2021-10-05T05:48:00.0,2021-10-05T06:38:00.0,5.8
CH33,KR_U186,KR754,10.483333333333333,20.6,2022-06-23,18:41:00.0,2022-06-24,05:10:00.0,18,5,June,Thursday,629.0,Weekday,13,2022-06-23T18:41:00.0,2022-06-24T05:10:00.0,18.683333333333334
CH33,KR_U186,KR755,4.566666666666666,20.39,2022-04-24,11:10:00.0,2022-04-24,15:44:00.0,11,15,April,Sunday,274.0,Weekend,13,2022-04-24T11:10:00.0,2022-04-24T15:44:00.0,11.166666666666666
CH33,KR_U186,KR756,4.583333333333333,21.0,2022-03-16,18:44:00.0,2022-03-16,23:19:00.0,18,23,March,Wednesday,275.0,Weekday,13,2022-03-16T18:44:00.0,2022-03-16T23:19:00.0,18.733333333333334
CH33,KR_U186,KR757,4.533333333333333,18.4,2022-03-21,19:20:00.0,2022-03-21,23:52:00.0,19,23,March,Monday,272.0,Weekday,13,2022-03-21T19:20:00.0,2022-03-21T23:52:00.0,19.333333333333332
CH33,KR_U186,KR758,4.25,19.4,2022-03-28,19:12:00.0,2022-03-28,23:27:00.0,19,23,March,Monday,255.0,Weekday,13,2022-03-28T19:12:00.0,2022-03-28T23:27:00.0,19.2
CH33,KR_U186,KR759,4.616666666666666,17.6,2022-02-03,19:14:00.0,2022-02-03,23:51:00.0,19,23,February,Thursday,277.0,Weekday,13,2022-02-03T19:14:00.0,2022-02-03T23:51:00.0,19.233333333333334
CH33,KR_U186,KR760,4.866666666666666,17.5,2022-01-11,18:56:00.0,2022-01-11,23:48:00.0,18,23,January,Tuesday,292.0,Weekday,13,2022-01-11T18:56:00.0,2022-01-11T23:48:00.0,18.933333333333334
CH33,KR_U199,KR761,10.75,17.5,2022-09-23,18:25:00.0,2022-09-24,05:10:00.0,18,5,September,Friday,645.0,Weekday,14,2022-09-23T18:25:00.0,2022-09-24T05:10:00.0,18.416666666666668
CH33,KR_U199,KR762,1.7833333333333334,12.2,2022-08-12,16:22:00.0,2022-08-12,18:09:00.0,16,18,August,Friday,107.0,Weekday,14,2022-08-12T16:22:00.0,2022-08-12T18:09:00.0,16.366666666666667
CH33,KR_U199,KR763,10.433333333333334,13.5,2022-08-30,17:44:00.0,2022-08-31,04:10:00.0,17,4,August,Tuesday,626.0,Weekday,14,2022-08-30T17:44:00.0,2022-08-31T04:10:00.0,17.733333333333334
CH33,KR_U199,KR764,2.5,17.4,2022-07-03,09:33:00.0,2022-07-03,12:03:00.0,9,12,July,Sunday,150.0,Weekend,14,2022-07-03T09:33:00.0,2022-07-03T12:03:00.0,9.55
CH33,KR_U199,KR765,2.183333333333333,15.2,2022-07-04,20:55:00.0,2022-07-04,23:06:00.0,20,23,July,Monday,131.0,Weekday,14,2022-07-04T20:55:00.0,2022-07-04T23:06:00.0,20.916666666666668
CH33,KR_U199,KR766,1.4333333333333333,10.0,2022-07-12,21:05:00.0,2022-07-12,22:31:00.0,21,22,July,Tuesday,86.0,Weekday,14,2022-07-12T21:05:00.0,2022-07-12T22:31:00.0,21.083333333333332
CH33,KR_U199,KR767,2.966666666666667,20.7,2022-07-16,17:12:00.0,2022-07-16,20:10:00.0,17,20,July,Saturday,178.0,Weekend,14,2022-07-16T17:12:00.0,2022-07-16T20:10:00.0,17.2
CH33,KR_U199,KR768,1.5166666666666666,10.5,2022-06-09,17:46:00.0,2022-06-09,19:17:00.0,17,19,June,Thursday,91.0,Weekday,14,2022-06-09T17:46:00.0,2022-06-09T19:17:00.0,17.766666666666666
CH33,KR_U199,KR769,2.6666666666666665,18.6,2022-06-22,17:23:00.0,2022-06-22,20:03:00.0,17,20,June,Wednesday,160.0,Weekday,14,2022-06-22T17:23:00.0,2022-06-22T20:03:00.0,17.383333333333333
CH33,KR_U199,KR770,1.9666666666666666,13.79,2022-06-24,22:27:00.0,2022-06-25,00:25:00.0,22,0,June,Friday,118.0,Weekday,14,2022-06-24T22:27:00.0,2022-06-25T00:25:00.0,22.45
CH33,KR_U199,KR771,2.0,13.9,2022-06-28,17:44:00.0,2022-06-28,19:44:00.0,17,19,June,Tuesday,120.0,Weekday,14,2022-06-28T17:44:00.0,2022-06-28T19:44:00.0,17.733333333333334
CH33,KR_U199,KR772,1.9833333333333334,13.9,2022-06-30,19:58:00.0,2022-06-30,21:57:00.0,19,21,June,Thursday,119.0,Weekday,14,2022-06-30T19:58:00.0,2022-06-30T21:57:00.0,19.966666666666665
CH33,KR_U199,KR773,1.9,13.29,2022-05-10,17:50:00.0,2022-05-10,19:44:00.0,17,19,May,Tuesday,114.0,Weekday,14,2022-05-10T17:50:00.0,2022-05-10T19:44:00.0,17.833333333333332
CH33,KR_U199,KR774,2.2333333333333334,15.6,2022-05-16,18:15:00.0,2022-05-16,20:29:00.0,18,20,May,Monday,134.0,Weekday,14,2022-05-16T18:15:00.0,2022-05-16T20:29:00.0,18.25
CH33,KR_U199,KR775,1.8166666666666667,12.5,2022-05-19,18:06:00.0,2022-05-19,19:55:00.0,18,19,May,Thursday,109.0,Weekday,14,2022-05-19T18:06:00.0,2022-05-19T19:55:00.0,18.1
CH33,KR_U199,KR776,1.7333333333333334,12.1,2022-04-04,21:12:00.0,2022-04-04,22:56:00.0,21,22,April,Monday,104.0,Weekday,14,2022-04-04T21:12:00.0,2022-04-04T22:56:00.0,21.2
CH33,KR_U199,KR777,1.1166666666666667,7.1,2022-04-18,18:54:00.0,2022-04-18,20:01:00.0,18,20,April,Monday,67.0,Weekday,14,2022-04-18T18:54:00.0,2022-04-18T20:01:00.0,18.9
CH33,KR_U199,KR778,2.55,15.2,2022-03-19,17:58:00.0,2022-03-19,20:31:00.0,17,20,March,Saturday,153.0,Weekend,14,2022-03-19T17:58:00.0,2022-03-19T20:31:00.0,17.966666666666665
CH33,KR_U199,KR779,2.6166666666666667,17.1,2022-03-22,19:21:00.0,2022-03-22,21:58:00.0,19,21,March,Tuesday,157.0,Weekday,14,2022-03-22T19:21:00.0,2022-03-22T21:58:00.0,19.35
CH33,KR_U199,KR780,2.183333333333333,14.8,2022-03-23,21:11:00.0,2022-03-23,23:22:00.0,21,23,March,Wednesday,131.0,Weekday,14,2022-03-23T21:11:00.0,2022-03-23T23:22:00.0,21.183333333333334
CH33,KR_U199,KR781,2.6,16.4,2022-02-23,18:21:00.0,2022-02-23,20:57:00.0,18,20,February,Wednesday,156.0,Weekday,14,2022-02-23T18:21:00.0,2022-02-23T20:57:00.0,18.35
CH33,KR_U199,KR782,2.3833333333333333,14.3,2022-01-27,21:07:00.0,2022-01-27,23:30:00.0,21,23,January,Thursday,143.0,Weekday,14,2022-01-27T21:07:00.0,2022-01-27T23:30:00.0,21.116666666666667
CH33,KR_U291,KR802,10.85,25.0,2022-09-20,14:19:00.0,2022-09-21,01:10:00.0,14,1,September,Tuesday,651.0,Weekday,18,2022-09-20T14:19:00.0,2022-09-21T01:10:00.0,14.316666666666666
CH33,KR_U291,KR803,3.0166666666666666,21.7,2022-08-12,13:07:00.0,2022-08-12,16:08:00.0,13,16,August,Friday,181.0,Weekday,18,2022-08-12T13:07:00.0,2022-08-12T16:08:00.0,13.116666666666667
CH33,KR_U291,KR804,2.066666666666667,14.79,2022-08-30,15:11:00.0,2022-08-30,17:15:00.0,15,17,August,Tuesday,124.00000000000001,Weekday,18,2022-08-30T15:11:00.0,2022-08-30T17:15:00.0,15.183333333333334
CH33,KR_U291,KR805,2.9166666666666665,20.7,2022-07-24,16:09:00.0,2022-07-24,19:04:00.0,16,19,July,Sunday,175.0,Weekend,18,2022-07-24T16:09:00.0,2022-07-24T19:04:00.0,16.15
CH33,KR_U291,KR806,2.2333333333333334,16.1,2022-07-26,21:21:00.0,2022-07-26,23:35:00.0,21,23,July,Tuesday,134.0,Weekday,18,2022-07-26T21:21:00.0,2022-07-26T23:35:00.0,21.35
CH33,KR_U291,KR807,4.9,35.4,2022-06-19,17:49:00.0,2022-06-19,22:43:00.0,17,22,June,Sunday,294.0,Weekend,18,2022-06-19T17:49:00.0,2022-06-19T22:43:00.0,17.816666666666666
CH33,KR_U291,KR808,3.6,26.1,2022-05-08,14:59:00.0,2022-05-08,18:35:00.0,14,18,May,Sunday,216.0,Weekend,18,2022-05-08T14:59:00.0,2022-05-08T18:35:00.0,14.983333333333333
CH33,KR_U291,KR809,5.266666666666667,38.3,2022-05-17,16:23:00.0,2022-05-17,21:39:00.0,16,21,May,Tuesday,316.0,Weekday,18,2022-05-17T16:23:00.0,2022-05-17T21:39:00.0,16.383333333333333
CH33,KR_U291,KR810,3.316666666666667,23.9,2022-03-26,16:35:00.0,2022-03-26,19:54:00.0,16,19,March,Saturday,199.0,Weekend,18,2022-03-26T16:35:00.0,2022-03-26T19:54:00.0,16.583333333333332
CH33,KR_U291,KR811,3.6333333333333333,25.8,2022-02-04,17:26:00.0,2022-02-04,21:04:00.0,17,21,February,Friday,218.0,Weekday,18,2022-02-04T17:26:00.0,2022-02-04T21:04:00.0,17.433333333333334
CH33,KR_U291,KR812,3.433333333333333,24.4,2022-01-14,18:20:00.0,2022-01-14,21:46:00.0,18,21,January,Friday,206.0,Weekday,18,2022-01-14T18:20:00.0,2022-01-14T21:46:00.0,18.333333333333332
CH33,KR_U291,KR813,2.3666666666666667,17.1,2022-01-30,20:36:00.0,2022-01-30,22:58:00.0,20,22,January,Sunday,142.0,Weekend,18,2022-01-30T20:36:00.0,2022-01-30T22:58:00.0,20.6
CH33,KR_U291,KR814,3.0833333333333335,22.3,2021-12-04,22:10:00.0,2021-12-05,01:15:00.0,22,1,December,Saturday,185.0,Weekend,18,2021-12-04T22:10:00.0,2021-12-05T01:15:00.0,22.166666666666668
CH33,KR_U291,KR815,3.783333333333333,27.3,2021-12-10,17:29:00.0,2021-12-10,21:16:00.0,17,21,December,Friday,227.0,Weekday,18,2021-12-10T17:29:00.0,2021-12-10T21:16:00.0,17.483333333333334
CH33,KR_U291,KR816,4.766666666666667,34.8,2021-12-14,17:26:00.0,2021-12-14,22:12:00.0,17,22,December,Tuesday,286.0,Weekday,18,2021-12-14T17:26:00.0,2021-12-14T22:12:00.0,17.433333333333334
CH33,KR_U291,KR817,3.85,27.3,2021-12-24,11:29:00.0,2021-12-24,15:20:00.0,11,15,December,Friday,231.0,Weekday,18,2021-12-24T11:29:00.0,2021-12-24T15:20:00.0,11.483333333333333
CH33,KR_U291,KR818,2.7,19.4,2021-11-09,10:46:00.0,2021-11-09,13:28:00.0,10,13,November,Tuesday,162.0,Weekday,18,2021-11-09T10:46:00.0,2021-11-09T13:28:00.0,10.766666666666667
CH33,KR_U291,KR819,1.9166666666666667,13.8,2021-10-16,20:09:00.0,2021-10-16,22:04:00.0,20,22,October,Saturday,115.0,Weekend,18,2021-10-16T20:09:00.0,2021-10-16T22:04:00.0,20.15
CH33,KR_U291,KR820,4.3,30.5,2021-10-21,17:28:00.0,2021-10-21,21:46:00.0,17,21,October,Thursday,258.0,Weekday,18,2021-10-21T17:28:00.0,2021-10-21T21:46:00.0,17.466666666666665
CH33,KR_U291,KR821,3.5166666666666666,25.4,2021-10-27,18:12:00.0,2021-10-27,21:43:00.0,18,21,October,Wednesday,211.0,Weekday,18,2021-10-27T18:12:00.0,2021-10-27T21:43:00.0,18.2
CH33,KR_U291,KR822,2.3833333333333333,17.2,2021-10-30,21:59:00.0,2021-10-31,00:22:00.0,21,0,October,Saturday,143.0,Weekend,18,2021-10-30T21:59:00.0,2021-10-31T00:22:00.0,21.983333333333334
CH44,KR_U280,KR903,6.933333333333334,46.7,2022-04-07,01:09:00.0,2022-04-07,08:05:00.0,1,8,April,Thursday,416.0,Weekday,30,2022-04-07T01:09:00.0,2022-04-07T08:05:00.0,1.15
CH48,KR_U186,KR913,3.4166666666666665,15.6,2022-06-05,21:23:00.0,2022-06-06,00:48:00.0,21,0,June,Sunday,205.0,Weekend,13,2022-06-05T21:23:00.0,2022-06-06T00:48:00.0,21.383333333333333
CH48,KR_U186,KR914,3.3333333333333335,12.5,2022-01-15,13:49:00.0,2022-01-15,17:09:00.0,13,17,January,Saturday,200.0,Weekend,13,2022-01-15T13:49:00.0,2022-01-15T17:09:00.0,13.816666666666666
CH48,KR_U186,KR915,1.9333333333333333,12.3,2021-12-14,10:44:00.0,2021-12-14,12:40:00.0,10,12,December,Tuesday,116.0,Weekday,13,2021-12-14T10:44:00.0,2021-12-14T12:40:00.0,10.733333333333333
CH52,KR_U280,KR932,10.3,20.7,2022-09-29,00:52:00.0,2022-09-29,11:10:00.0,0,11,September,Thursday,618.0,Weekday,30,2022-09-29T00:52:00.0,2022-09-29T11:10:00.0,0.8666666666666667
CH52,KR_U280,KR933,10.15,51.3,2022-08-12,05:01:00.0,2022-08-12,15:10:00.0,5,15,August,Friday,609.0,Weekday,30,2022-08-12T05:01:00.0,2022-08-12T15:10:00.0,5.016666666666667
CH52,KR_U280,KR934,6.733333333333333,45.7,2022-08-11,04:10:00.0,2022-08-11,10:54:00.0,4,10,August,Thursday,404.0,Weekday,30,2022-08-11T04:10:00.0,2022-08-11T10:54:00.0,4.166666666666667
CH52,KR_U280,KR935,9.45,50.6,2022-08-01,05:50:00.0,2022-08-01,15:17:00.0,5,15,August,Monday,567.0,Weekday,30,2022-08-01T05:50:00.0,2022-08-01T15:17:00.0,5.833333333333333
CH52,KR_U280,KR936,10.466666666666667,26.8,2022-08-29,06:42:00.0,2022-08-29,17:10:00.0,6,17,August,Monday,628.0,Weekday,30,2022-08-29T06:42:00.0,2022-08-29T17:10:00.0,6.7
CH52,KR_U280,KR937,8.466666666666667,43.8,2022-07-14,05:27:00.0,2022-07-14,13:55:00.0,5,13,July,Thursday,508.0,Weekday,30,2022-07-14T05:27:00.0,2022-07-14T13:55:00.0,5.45
CH52,KR_U280,KR938,8.183333333333334,42.0,2022-07-21,02:52:00.0,2022-07-21,11:03:00.0,2,11,July,Thursday,491.0,Weekday,30,2022-07-21T02:52:00.0,2022-07-21T11:03:00.0,2.8666666666666667
CH52,KR_U280,KR939,10.5,54.7,2022-07-27,06:40:00.0,2022-07-27,17:10:00.0,6,17,July,Wednesday,630.0,Weekday,30,2022-07-27T06:40:00.0,2022-07-27T17:10:00.0,6.666666666666667
CH52,KR_U280,KR940,10.466666666666667,69.2,2022-07-29,02:42:00.0,2022-07-29,13:10:00.0,2,13,July,Friday,628.0,Weekday,30,2022-07-29T02:42:00.0,2022-07-29T13:10:00.0,2.7
CH52,KR_U280,KR941,1.65,11.1,2022-07-30,06:50:00.0,2022-07-30,08:29:00.0,6,8,July,Saturday,99.0,Weekend,30,2022-07-30T06:50:00.0,2022-07-30T08:29:00.0,6.833333333333333
CH52,KR_U280,KR942,3.8833333333333333,26.4,2022-05-18,01:02:00.0,2022-05-18,04:55:00.0,1,4,May,Wednesday,233.0,Weekday,30,2022-05-18T01:02:00.0,2022-05-18T04:55:00.0,1.0333333333333334
CH52,KR_U280,KR943,5.75,39.0,2022-04-25,00:47:00.0,2022-04-25,06:32:00.0,0,6,April,Monday,345.0,Weekday,30,2022-04-25T00:47:00.0,2022-04-25T06:32:00.0,0.7833333333333333
CH52,KR_U280,KR944,3.3833333333333333,23.1,2022-04-29,22:27:00.0,2022-04-30,01:50:00.0,22,1,April,Friday,203.0,Weekday,30,2022-04-29T22:27:00.0,2022-04-30T01:50:00.0,22.45
CH52,KR_U280,KR945,1.7833333333333334,12.2,2022-03-10,21:11:00.0,2022-03-10,22:58:00.0,21,22,March,Thursday,107.0,Weekday,30,2022-03-10T21:11:00.0,2022-03-10T22:58:00.0,21.183333333333334
CH52,KR_U280,KR946,8.116666666666667,41.0,2022-02-27,20:56:00.0,2022-02-28,05:03:00.0,20,5,February,Sunday,487.0,Weekend,30,2022-02-27T20:56:00.0,2022-02-28T05:03:00.0,20.933333333333334
CH59,KR_U98,KR982,4.8,33.9,2022-09-15,00:30:00.0,2022-09-15,05:18:00.0,0,5,September,Thursday,288.0,Weekday,1,2022-09-15T00:30:00.0,2022-09-15T05:18:00.0,0.5
CH59,KR_U98,KR983,0.15,1.0,2022-09-14,16:18:00.0,2022-09-14,16:27:00.0,16,16,September,Wednesday,9.0,Weekday,1,2022-09-14T16:18:00.0,2022-09-14T16:27:00.0,16.3
CH59,KR_U98,KR984,4.433333333333334,31.3,2022-09-08,16:29:00.0,2022-09-08,20:55:00.0,16,20,September,Thursday,266.0,Weekday,1,2022-09-08T16:29:00.0,2022-09-08T20:55:00.0,16.483333333333334
CH59,KR_U98,KR985,4.866666666666666,34.1,2022-09-06,11:16:00.0,2022-09-06,16:08:00.0,11,16,September,Tuesday,292.0,Weekday,1,2022-09-06T11:16:00.0,2022-09-06T16:08:00.0,11.266666666666667
CH59,KR_U98,KR986,4.383333333333334,30.9,2022-09-01,13:37:00.0,2022-09-01,18:00:00.0,13,18,September,Thursday,263.0,Weekday,1,2022-09-01T13:37:00.0,2022-09-01T18:00:00.0,13.616666666666667
CH59,KR_U98,KR987,4.983333333333333,35.3,2022-09-29,15:14:00.0,2022-09-29,20:13:00.0,15,20,September,Thursday,299.0,Weekday,1,2022-09-29T15:14:00.0,2022-09-29T20:13:00.0,15.233333333333333
CH59,KR_U98,KR988,5.583333333333333,39.2,2022-09-26,13:53:00.0,2022-09-26,19:28:00.0,13,19,September,Monday,335.0,Weekday,1,2022-09-26T13:53:00.0,2022-09-26T19:28:00.0,13.883333333333333
CH59,KR_U98,KR989,6.066666666666666,42.9,2022-09-21,15:23:00.0,2022-09-21,21:27:00.0,15,21,September,Wednesday,364.0,Weekday,1,2022-09-21T15:23:00.0,2022-09-21T21:27:00.0,15.383333333333333
CH59,KR_U98,KR990,3.1666666666666665,22.3,2022-09-17,20:19:00.0,2022-09-17,23:29:00.0,20,23,September,Saturday,190.0,Weekend,1,2022-09-17T20:19:00.0,2022-09-17T23:29:00.0,20.316666666666666
CH59,KR_U98,KR991,3.5833333333333335,25.0,2022-08-14,19:20:00.0,2022-08-14,22:55:00.0,19,22,August,Sunday,215.0,Weekend,1,2022-08-14T19:20:00.0,2022-08-14T22:55:00.0,19.333333333333332
CH59,KR_U98,KR992,0.35,2.4,2022-08-12,09:05:00.0,2022-08-12,09:26:00.0,9,9,August,Friday,21.0,Weekday,1,2022-08-12T09:05:00.0,2022-08-12T09:26:00.0,9.083333333333334
CH59,KR_U98,KR993,9.116666666666667,0.7,2022-08-11,14:42:00.0,2022-08-11,23:49:00.0,14,23,August,Thursday,547.0,Weekday,1,2022-08-11T14:42:00.0,2022-08-11T23:49:00.0,14.7
CH59,KR_U98,KR994,10.433333333333334,20.7,2022-08-03,18:44:00.0,2022-08-04,05:10:00.0,18,5,August,Wednesday,626.0,Weekday,1,2022-08-03T18:44:00.0,2022-08-04T05:10:00.0,18.733333333333334
CH59,KR_U98,KR995,6.133333333333334,43.0,2022-07-31,18:45:00.0,2022-08-01,00:53:00.0,18,0,July,Sunday,368.0,Weekend,1,2022-07-31T18:45:00.0,2022-08-01T00:53:00.0,18.75
CH59,KR_U98,KR996,4.45,31.3,2022-08-29,15:57:00.0,2022-08-29,20:24:00.0,15,20,August,Monday,267.0,Weekday,1,2022-08-29T15:57:00.0,2022-08-29T20:24:00.0,15.95
CH59,KR_U98,KR997,4.616666666666666,32.6,2022-08-26,16:40:00.0,2022-08-26,21:17:00.0,16,21,August,Friday,277.0,Weekday,1,2022-08-26T16:40:00.0,2022-08-26T21:17:00.0,16.666666666666668
CH59,KR_U98,KR998,0.9333333333333333,6.6,2022-08-24,18:36:00.0,2022-08-24,19:32:00.0,18,19,August,Wednesday,56.0,Weekday,1,2022-08-24T18:36:00.0,2022-08-24T19:32:00.0,18.6
CH59,KR_U98,KR999,3.95,27.3,2022-08-24,12:12:00.0,2022-08-24,16:09:00.0,12,16,August,Wednesday,237.0,Weekday,1,2022-08-24T12:12:00.0,2022-08-24T16:09:00.0,12.2
CH59,KR_U98,KR1000,9.916666666666666,6.3,2022-08-23,17:59:00.0,2022-08-24,03:54:00.0,17,3,August,Tuesday,595.0,Weekday,1,2022-08-23T17:59:00.0,2022-08-24T03:54:00.0,17.983333333333334
CH59,KR_U98,KR1001,2.7,18.9,2022-08-20,21:16:00.0,2022-08-20,23:58:00.0,21,23,August,Saturday,162.0,Weekend,1,2022-08-20T21:16:00.0,2022-08-20T23:58:00.0,21.266666666666666
CH59,KR_U98,KR1002,1.5666666666666667,10.7,2022-08-20,12:44:00.0,2022-08-20,14:18:00.0,12,14,August,Saturday,94.0,Weekend,1,2022-08-20T12:44:00.0,2022-08-20T14:18:00.0,12.733333333333333
CH59,KR_U98,KR1003,9.466666666666667,3.1,2022-08-19,16:06:00.0,2022-08-20,01:34:00.0,16,1,August,Friday,568.0,Weekday,1,2022-08-19T16:06:00.0,2022-08-20T01:34:00.0,16.1
CH59,KR_U98,KR1004,10.866666666666667,29.2,2022-08-15,18:18:00.0,2022-08-16,05:10:00.0,18,5,August,Monday,652.0,Weekday,1,2022-08-15T18:18:00.0,2022-08-16T05:10:00.0,18.3
CH59,KR_U98,KR1005,7.016666666666667,49.4,2022-07-01,19:25:00.0,2022-07-02,02:26:00.0,19,2,July,Friday,421.0,Weekday,1,2022-07-01T19:25:00.0,2022-07-02T02:26:00.0,19.416666666666668
CH59,KR_U98,KR1006,10.333333333333334,10.8,2022-07-04,16:50:00.0,2022-07-05,03:10:00.0,16,3,July,Monday,620.0,Weekday,1,2022-07-04T16:50:00.0,2022-07-05T03:10:00.0,16.833333333333332
CH59,KR_U98,KR1007,5.25,12.0,2022-07-07,12:17:00.0,2022-07-07,17:32:00.0,12,17,July,Thursday,315.0,Weekday,1,2022-07-07T12:17:00.0,2022-07-07T17:32:00.0,12.283333333333333
CH59,KR_U98,KR1008,9.816666666666666,5.6,2022-07-07,17:33:00.0,2022-07-08,03:22:00.0,17,3,July,Thursday,589.0,Weekday,1,2022-07-07T17:33:00.0,2022-07-08T03:22:00.0,17.55
CH59,KR_U98,KR1009,9.816666666666666,5.5,2022-07-13,17:48:00.0,2022-07-14,03:37:00.0,17,3,July,Wednesday,589.0,Weekday,1,2022-07-13T17:48:00.0,2022-07-14T03:37:00.0,17.8
CH59,KR_U98,KR1010,6.633333333333334,46.5,2022-07-18,16:23:00.0,2022-07-18,23:01:00.0,16,23,July,Monday,398.0,Weekday,1,2022-07-18T16:23:00.0,2022-07-18T23:01:00.0,16.383333333333333
CH59,KR_U98,KR1011,6.05,42.5,2022-07-21,15:33:00.0,2022-07-21,21:36:00.0,15,21,July,Thursday,363.0,Weekday,1,2022-07-21T15:33:00.0,2022-07-21T21:36:00.0,15.55
CH59,KR_U98,KR1012,6.116666666666666,42.9,2022-07-23,17:10:00.0,2022-07-23,23:17:00.0,17,23,July,Saturday,367.0,Weekend,1,2022-07-23T17:10:00.0,2022-07-23T23:17:00.0,17.166666666666668
CH59,KR_U98,KR1013,5.5,38.7,2022-07-27,16:12:00.0,2022-07-27,21:42:00.0,16,21,July,Wednesday,330.0,Weekday,1,2022-07-27T16:12:00.0,2022-07-27T21:42:00.0,16.2
CH59,KR_U98,KR1014,5.916666666666667,41.4,2022-06-02,14:44:00.0,2022-06-02,20:39:00.0,14,20,June,Thursday,355.0,Weekday,1,2022-06-02T14:44:00.0,2022-06-02T20:39:00.0,14.733333333333333
CH59,KR_U98,KR1015,5.2,36.7,2022-06-06,20:04:00.0,2022-06-07,01:16:00.0,20,1,June,Monday,312.0,Weekday,1,2022-06-06T20:04:00.0,2022-06-07T01:16:00.0,20.066666666666666
CH59,KR_U98,KR1016,5.433333333333334,38.3,2022-06-08,16:34:00.0,2022-06-08,22:00:00.0,16,22,June,Wednesday,326.0,Weekday,1,2022-06-08T16:34:00.0,2022-06-08T22:00:00.0,16.566666666666666
CH59,KR_U98,KR1017,1.1333333333333333,8.0,2022-06-10,13:54:00.0,2022-06-10,15:02:00.0,13,15,June,Friday,68.0,Weekday,1,2022-06-10T13:54:00.0,2022-06-10T15:02:00.0,13.9
CH59,KR_U98,KR1018,4.583333333333333,32.3,2022-06-10,18:18:00.0,2022-06-10,22:53:00.0,18,22,June,Friday,275.0,Weekday,1,2022-06-10T18:18:00.0,2022-06-10T22:53:00.0,18.3
CH59,KR_U98,KR1019,2.75,19.4,2022-06-13,15:21:00.0,2022-06-13,18:06:00.0,15,18,June,Monday,165.0,Weekday,1,2022-06-13T15:21:00.0,2022-06-13T18:06:00.0,15.35
CH59,KR_U98,KR1020,5.833333333333333,41.0,2022-06-19,21:15:00.0,2022-06-20,03:05:00.0,21,3,June,Sunday,350.0,Weekend,1,2022-06-19T21:15:00.0,2022-06-20T03:05:00.0,21.25
CH59,KR_U98,KR1021,10.016666666666667,26.2,2022-06-22,14:09:00.0,2022-06-23,00:10:00.0,14,0,June,Wednesday,601.0,Weekday,1,2022-06-22T14:09:00.0,2022-06-23T00:10:00.0,14.15
CH59,KR_U98,KR1022,7.016666666666667,49.4,2022-06-24,17:55:00.0,2022-06-25,00:56:00.0,17,0,June,Friday,421.0,Weekday,1,2022-06-24T17:55:00.0,2022-06-25T00:56:00.0,17.916666666666668
CH59,KR_U98,KR1023,5.566666666666666,38.8,2022-06-27,15:57:00.0,2022-06-27,21:31:00.0,15,21,June,Monday,334.0,Weekday,1,2022-06-27T15:57:00.0,2022-06-27T21:31:00.0,15.95
CH59,KR_U98,KR1024,4.666666666666667,32.8,2022-06-30,18:09:00.0,2022-06-30,22:49:00.0,18,22,June,Thursday,280.0,Weekday,1,2022-06-30T18:09:00.0,2022-06-30T22:49:00.0,18.15
CH59,KR_U98,KR1025,6.066666666666666,42.5,2022-05-01,12:15:00.0,2022-05-01,18:19:00.0,12,18,May,Sunday,364.0,Weekend,1,2022-05-01T12:15:00.0,2022-05-01T18:19:00.0,12.25
CH59,KR_U98,KR1026,5.966666666666667,42.5,2022-05-04,15:53:00.0,2022-05-04,21:51:00.0,15,21,May,Wednesday,358.0,Weekday,1,2022-05-04T15:53:00.0,2022-05-04T21:51:00.0,15.883333333333333
CH59,KR_U98,KR1027,5.15,36.3,2022-05-06,16:12:00.0,2022-05-06,21:21:00.0,16,21,May,Friday,309.0,Weekday,1,2022-05-06T16:12:00.0,2022-05-06T21:21:00.0,16.2
CH59,KR_U98,KR1028,6.016666666666667,42.4,2022-05-09,17:37:00.0,2022-05-09,23:38:00.0,17,23,May,Monday,361.0,Weekday,1,2022-05-09T17:37:00.0,2022-05-09T23:38:00.0,17.616666666666667
CH59,KR_U98,KR1029,5.466666666666667,38.6,2022-05-12,14:37:00.0,2022-05-12,20:05:00.0,14,20,May,Thursday,328.0,Weekday,1,2022-05-12T14:37:00.0,2022-05-12T20:05:00.0,14.616666666666667
CH59,KR_U98,KR1030,6.6,46.4,2022-05-18,15:12:00.0,2022-05-18,21:48:00.0,15,21,May,Wednesday,396.0,Weekday,1,2022-05-18T15:12:00.0,2022-05-18T21:48:00.0,15.2
CH59,KR_U98,KR1031,6.033333333333333,42.5,2022-05-22,16:38:00.0,2022-05-22,22:40:00.0,16,22,May,Sunday,362.0,Weekend,1,2022-05-22T16:38:00.0,2022-05-22T22:40:00.0,16.633333333333333
CH59,KR_U98,KR1032,7.333333333333333,51.8,2022-05-24,17:58:00.0,2022-05-25,01:18:00.0,17,1,May,Tuesday,440.0,Weekday,1,2022-05-24T17:58:00.0,2022-05-25T01:18:00.0,17.966666666666665
CH59,KR_U98,KR1033,7.8,55.3,2022-05-27,20:02:00.0,2022-05-28,03:50:00.0,20,3,May,Friday,468.0,Weekday,1,2022-05-27T20:02:00.0,2022-05-28T03:50:00.0,20.033333333333335
CH59,KR_U98,KR1034,4.366666666666666,30.9,2022-04-04,18:33:00.0,2022-04-04,22:55:00.0,18,22,April,Monday,262.0,Weekday,1,2022-04-04T18:33:00.0,2022-04-04T22:55:00.0,18.55
CH59,KR_U98,KR1035,6.9,48.3,2022-04-08,19:28:00.0,2022-04-09,02:22:00.0,19,2,April,Friday,414.0,Weekday,1,2022-04-08T19:28:00.0,2022-04-09T02:22:00.0,19.466666666666665
CH59,KR_U98,KR1036,6.6,46.7,2022-04-12,17:03:00.0,2022-04-12,23:39:00.0,17,23,April,Tuesday,396.0,Weekday,1,2022-04-12T17:03:00.0,2022-04-12T23:39:00.0,17.05
CH59,KR_U98,KR1037,6.033333333333333,40.3,2022-04-14,14:15:00.0,2022-04-14,20:17:00.0,14,20,April,Thursday,362.0,Weekday,1,2022-04-14T14:15:00.0,2022-04-14T20:17:00.0,14.25
CH59,KR_U98,KR1038,5.45,36.2,2022-04-18,17:31:00.0,2022-04-18,22:58:00.0,17,22,April,Monday,327.0,Weekday,1,2022-04-18T17:31:00.0,2022-04-18T22:58:00.0,17.516666666666666
CH59,KR_U98,KR1039,6.166666666666667,43.6,2022-04-22,17:45:00.0,2022-04-22,23:55:00.0,17,23,April,Friday,370.0,Weekday,1,2022-04-22T17:45:00.0,2022-04-22T23:55:00.0,17.75
CH59,KR_U98,KR1040,6.266666666666667,44.4,2022-04-26,18:22:00.0,2022-04-27,00:38:00.0,18,0,April,Tuesday,376.0,Weekday,1,2022-04-26T18:22:00.0,2022-04-27T00:38:00.0,18.366666666666667
CH59,KR_U98,KR1041,5.15,34.4,2022-03-01,15:04:00.0,2022-03-01,20:13:00.0,15,20,March,Tuesday,309.0,Weekday,1,2022-03-01T15:04:00.0,2022-03-01T20:13:00.0,15.066666666666666
CH59,KR_U98,KR1042,7.45,50.5,2022-03-03,16:38:00.0,2022-03-04,00:05:00.0,16,0,March,Thursday,447.0,Weekday,1,2022-03-03T16:38:00.0,2022-03-04T00:05:00.0,16.633333333333333
CH59,KR_U98,KR1043,5.75,38.6,2022-03-07,14:55:00.0,2022-03-07,20:40:00.0,14,20,March,Monday,345.0,Weekday,1,2022-03-07T14:55:00.0,2022-03-07T20:40:00.0,14.916666666666666
CH59,KR_U98,KR1044,4.583333333333333,32.4,2022-03-09,19:04:00.0,2022-03-09,23:39:00.0,19,23,March,Wednesday,275.0,Weekday,1,2022-03-09T19:04:00.0,2022-03-09T23:39:00.0,19.066666666666666
CH59,KR_U98,KR1045,3.2666666666666666,23.2,2022-03-13,18:37:00.0,2022-03-13,21:53:00.0,18,21,March,Sunday,196.0,Weekend,1,2022-03-13T18:37:00.0,2022-03-13T21:53:00.0,18.616666666666667
CH59,KR_U98,KR1046,5.45,38.7,2022-03-15,17:26:00.0,2022-03-15,22:53:00.0,17,22,March,Tuesday,327.0,Weekday,1,2022-03-15T17:26:00.0,2022-03-15T22:53:00.0,17.433333333333334
CH59,KR_U98,KR1047,6.583333333333333,44.5,2022-03-19,17:14:00.0,2022-03-19,23:49:00.0,17,23,March,Saturday,395.0,Weekend,1,2022-03-19T17:14:00.0,2022-03-19T23:49:00.0,17.233333333333334
CH59,KR_U98,KR1048,5.233333333333333,34.7,2022-03-24,17:25:00.0,2022-03-24,22:39:00.0,17,22,March,Thursday,314.0,Weekday,1,2022-03-24T17:25:00.0,2022-03-24T22:39:00.0,17.416666666666668
CH59,KR_U98,KR1049,5.7,38.2,2022-03-26,17:32:00.0,2022-03-26,23:14:00.0,17,23,March,Saturday,342.0,Weekend,1,2022-03-26T17:32:00.0,2022-03-26T23:14:00.0,17.533333333333335
CH59,KR_U98,KR1050,6.733333333333333,47.6,2022-03-29,17:21:00.0,2022-03-30,00:05:00.0,17,0,March,Tuesday,404.0,Weekday,1,2022-03-29T17:21:00.0,2022-03-30T00:05:00.0,17.35
CH59,KR_U98,KR1051,5.183333333333334,34.8,2022-02-04,15:12:00.0,2022-02-04,20:23:00.0,15,20,February,Friday,311.0,Weekday,1,2022-02-04T15:12:00.0,2022-02-04T20:23:00.0,15.2
CH59,KR_U98,KR1052,0.15,1.1,2022-02-07,15:56:00.0,2022-02-07,16:05:00.0,15,16,February,Monday,9.0,Weekday,1,2022-02-07T15:56:00.0,2022-02-07T16:05:00.0,15.933333333333334
CH59,KR_U98,KR1053,6.566666666666666,44.2,2022-02-07,18:54:00.0,2022-02-08,01:28:00.0,18,1,February,Monday,394.0,Weekday,1,2022-02-07T18:54:00.0,2022-02-08T01:28:00.0,18.9
CH59,KR_U98,KR1054,5.633333333333334,37.7,2022-02-12,17:23:00.0,2022-02-12,23:01:00.0,17,23,February,Saturday,338.0,Weekend,1,2022-02-12T17:23:00.0,2022-02-12T23:01:00.0,17.383333333333333
CH59,KR_U98,KR1055,6.783333333333333,46.3,2022-02-15,15:47:00.0,2022-02-15,22:34:00.0,15,22,February,Tuesday,407.0,Weekday,1,2022-02-15T15:47:00.0,2022-02-15T22:34:00.0,15.783333333333333
CH59,KR_U98,KR1056,4.2,27.7,2022-02-19,15:40:00.0,2022-02-19,19:52:00.0,15,19,February,Saturday,252.0,Weekend,1,2022-02-19T15:40:00.0,2022-02-19T19:52:00.0,15.666666666666666
CH59,KR_U98,KR1057,4.066666666666666,26.8,2022-02-21,14:33:00.0,2022-02-21,18:37:00.0,14,18,February,Monday,244.0,Weekday,1,2022-02-21T14:33:00.0,2022-02-21T18:37:00.0,14.55
CH59,KR_U98,KR1058,3.966666666666667,26.2,2022-02-24,15:05:00.0,2022-02-24,19:03:00.0,15,19,February,Thursday,238.0,Weekday,1,2022-02-24T15:05:00.0,2022-02-24T19:03:00.0,15.083333333333334
CH59,KR_U98,KR1059,4.983333333333333,33.0,2022-02-25,18:32:00.0,2022-02-25,23:31:00.0,18,23,February,Friday,299.0,Weekday,1,2022-02-25T18:32:00.0,2022-02-25T23:31:00.0,18.533333333333335
CH59,KR_U98,KR1060,5.833333333333333,40.9,2021-12-31,18:36:00.0,2022-01-01,00:26:00.0,18,0,December,Friday,350.0,Weekday,1,2021-12-31T18:36:00.0,2022-01-01T00:26:00.0,18.6
CH59,KR_U98,KR1061,5.716666666666667,38.6,2022-01-03,18:32:00.0,2022-01-04,00:15:00.0,18,0,January,Monday,343.0,Weekday,1,2022-01-03T18:32:00.0,2022-01-04T00:15:00.0,18.533333333333335
CH59,KR_U98,KR1062,4.883333333333334,32.4,2022-01-06,13:23:00.0,2022-01-06,18:16:00.0,13,18,January,Thursday,293.0,Weekday,1,2022-01-06T13:23:00.0,2022-01-06T18:16:00.0,13.383333333333333
CH59,KR_U98,KR1063,5.216666666666667,34.8,2022-01-10,17:22:00.0,2022-01-10,22:35:00.0,17,22,January,Monday,313.0,Weekday,1,2022-01-10T17:22:00.0,2022-01-10T22:35:00.0,17.366666666666667
CH59,KR_U98,KR1064,6.516666666666667,44.2,2022-01-12,19:07:00.0,2022-01-13,01:38:00.0,19,1,January,Wednesday,391.0,Weekday,1,2022-01-12T19:07:00.0,2022-01-13T01:38:00.0,19.116666666666667
CH59,KR_U98,KR1065,5.216666666666667,34.9,2022-01-15,12:10:00.0,2022-01-15,17:23:00.0,12,17,January,Saturday,313.0,Weekend,1,2022-01-15T12:10:00.0,2022-01-15T17:23:00.0,12.166666666666666
CH59,KR_U98,KR1066,6.116666666666666,41.3,2022-01-18,16:16:00.0,2022-01-18,22:23:00.0,16,22,January,Tuesday,367.0,Weekday,1,2022-01-18T16:16:00.0,2022-01-18T22:23:00.0,16.266666666666666
CH59,KR_U98,KR1067,5.1,34.0,2022-01-20,21:38:00.0,2022-01-21,02:44:00.0,21,2,January,Thursday,306.0,Weekday,1,2022-01-20T21:38:00.0,2022-01-21T02:44:00.0,21.633333333333333
CH59,KR_U98,KR1068,5.483333333333333,36.1,2022-01-22,15:36:00.0,2022-01-22,21:05:00.0,15,21,January,Saturday,329.0,Weekend,1,2022-01-22T15:36:00.0,2022-01-22T21:05:00.0,15.6
CH59,KR_U98,KR1069,7.866666666666666,54.1,2022-01-28,19:02:00.0,2022-01-29,02:54:00.0,19,2,January,Friday,472.0,Weekday,1,2022-01-28T19:02:00.0,2022-01-29T02:54:00.0,19.033333333333335
CH59,KR_U98,KR1070,5.85,39.2,2021-12-01,15:23:00.0,2021-12-01,21:14:00.0,15,21,December,Wednesday,351.0,Weekday,1,2021-12-01T15:23:00.0,2021-12-01T21:14:00.0,15.383333333333333
CH59,KR_U98,KR1071,0.55,3.9,2021-12-03,14:11:00.0,2021-12-03,14:44:00.0,14,14,December,Friday,33.0,Weekday,1,2021-12-03T14:11:00.0,2021-12-03T14:44:00.0,14.183333333333334
CH59,KR_U98,KR1072,4.55,30.1,2021-12-03,17:10:00.0,2021-12-03,21:43:00.0,17,21,December,Friday,273.0,Weekday,1,2021-12-03T17:10:00.0,2021-12-03T21:43:00.0,17.166666666666668
CH59,KR_U98,KR1073,5.016666666666667,33.4,2021-12-06,17:27:00.0,2021-12-06,22:28:00.0,17,22,December,Monday,301.0,Weekday,1,2021-12-06T17:27:00.0,2021-12-06T22:28:00.0,17.45
CH59,KR_U98,KR1074,4.8,31.7,2021-12-08,16:34:00.0,2021-12-08,21:22:00.0,16,21,December,Wednesday,288.0,Weekday,1,2021-12-08T16:34:00.0,2021-12-08T21:22:00.0,16.566666666666666
CH59,KR_U98,KR1075,4.75,31.5,2021-12-10,16:19:00.0,2021-12-10,21:04:00.0,16,21,December,Friday,285.0,Weekday,1,2021-12-10T16:19:00.0,2021-12-10T21:04:00.0,16.316666666666666
CH59,KR_U98,KR1076,5.333333333333333,35.4,2021-12-12,16:33:00.0,2021-12-12,21:53:00.0,16,21,December,Sunday,320.0,Weekend,1,2021-12-12T16:33:00.0,2021-12-12T21:53:00.0,16.55
CH59,KR_U98,KR1077,5.483333333333333,36.8,2021-12-15,18:33:00.0,2021-12-16,00:02:00.0,18,0,December,Wednesday,329.0,Weekday,1,2021-12-15T18:33:00.0,2021-12-16T00:02:00.0,18.55
CH59,KR_U98,KR1078,6.35,42.8,2021-12-17,19:15:00.0,2021-12-18,01:36:00.0,19,1,December,Friday,381.0,Weekday,1,2021-12-17T19:15:00.0,2021-12-18T01:36:00.0,19.25
CH59,KR_U98,KR1079,8.133333333333333,55.0,2021-12-22,19:10:00.0,2021-12-23,03:18:00.0,19,3,December,Wednesday,488.0,Weekday,1,2021-12-22T19:10:00.0,2021-12-23T03:18:00.0,19.166666666666668
CH59,KR_U98,KR1080,6.833333333333333,46.1,2021-12-29,19:14:00.0,2021-12-30,02:04:00.0,19,2,December,Wednesday,410.0,Weekday,1,2021-12-29T19:14:00.0,2021-12-30T02:04:00.0,19.233333333333334
CH59,KR_U98,KR1081,5.583333333333333,39.09,2021-11-01,13:34:00.0,2021-11-01,19:09:00.0,13,19,November,Monday,335.0,Weekday,1,2021-11-01T13:34:00.0,2021-11-01T19:09:00.0,13.566666666666666
CH59,KR_U98,KR1082,5.5,39.0,2021-11-03,15:08:00.0,2021-11-03,20:38:00.0,15,20,November,Wednesday,330.0,Weekday,1,2021-11-03T15:08:00.0,2021-11-03T20:38:00.0,15.133333333333333
CH59,KR_U98,KR1083,5.1,35.9,2021-11-07,12:10:00.0,2021-11-07,17:16:00.0,12,17,November,Sunday,306.0,Weekend,1,2021-11-07T12:10:00.0,2021-11-07T17:16:00.0,12.166666666666666
CH59,KR_U98,KR1084,4.933333333333334,33.1,2021-11-12,16:43:00.0,2021-11-12,21:39:00.0,16,21,November,Friday,296.0,Weekday,1,2021-11-12T16:43:00.0,2021-11-12T21:39:00.0,16.716666666666665
CH59,KR_U98,KR1085,5.3,35.3,2021-11-16,18:45:00.0,2021-11-17,00:03:00.0,18,0,November,Tuesday,318.0,Weekday,1,2021-11-16T18:45:00.0,2021-11-17T00:03:00.0,18.75
CH59,KR_U98,KR1086,7.483333333333333,51.4,2021-11-26,16:53:00.0,2021-11-27,00:22:00.0,16,0,November,Friday,449.0,Weekday,1,2021-11-26T16:53:00.0,2021-11-27T00:22:00.0,16.883333333333333
CH59,KR_U98,KR1087,4.716666666666667,31.8,2021-11-29,17:08:00.0,2021-11-29,21:51:00.0,17,21,November,Monday,283.0,Weekday,1,2021-11-29T17:08:00.0,2021-11-29T21:51:00.0,17.133333333333333
CH59,KR_U98,KR1088,7.633333333333334,53.9,2021-10-01,17:44:00.0,2021-10-02,01:22:00.0,17,1,October,Friday,458.0,Weekday,1,2021-10-01T17:44:00.0,2021-10-02T01:22:00.0,17.733333333333334
CH59,KR_U98,KR1089,1.1333333333333333,7.9,2021-10-11,12:39:00.0,2021-10-11,13:47:00.0,12,13,October,Monday,68.0,Weekday,1,2021-10-11T12:39:00.0,2021-10-11T13:47:00.0,12.65
CH59,KR_U98,KR1090,5.666666666666667,40.0,2021-10-11,15:04:00.0,2021-10-11,20:44:00.0,15,20,October,Monday,340.0,Weekday,1,2021-10-11T15:04:00.0,2021-10-11T20:44:00.0,15.066666666666666
CH59,KR_U98,KR1091,5.483333333333333,38.7,2021-10-13,15:57:00.0,2021-10-13,21:26:00.0,15,21,October,Wednesday,329.0,Weekday,1,2021-10-13T15:57:00.0,2021-10-13T21:26:00.0,15.95
CH59,KR_U98,KR1092,4.933333333333334,32.8,2021-10-17,18:29:00.0,2021-10-17,23:25:00.0,18,23,October,Sunday,296.0,Weekend,1,2021-10-17T18:29:00.0,2021-10-17T23:25:00.0,18.483333333333334
CH59,KR_U98,KR1093,7.683333333333334,54.4,2021-10-20,17:24:00.0,2021-10-21,01:05:00.0,17,1,October,Wednesday,461.0,Weekday,1,2021-10-20T17:24:00.0,2021-10-21T01:05:00.0,17.4
CH59,KR_U98,KR1094,4.416666666666667,31.29,2021-10-28,18:19:00.0,2021-10-28,22:44:00.0,18,22,October,Thursday,265.0,Weekday,1,2021-10-28T18:19:00.0,2021-10-28T22:44:00.0,18.316666666666666
CH64,KR_U42,KR1156,4.483333333333333,31.2,2022-09-07,09:51:00.0,2022-09-07,14:20:00.0,9,14,September,Wednesday,269.0,Weekday,8,2022-09-07T09:51:00.0,2022-09-07T14:20:00.0,9.85
CH64,KR_U42,KR1157,1.4166666666666667,9.9,2022-09-24,12:15:00.0,2022-09-24,13:40:00.0,12,13,September,Saturday,85.0,Weekend,8,2022-09-24T12:15:00.0,2022-09-24T13:40:00.0,12.25
CH64,KR_U42,KR1158,0.7,4.79,2022-09-24,08:48:00.0,2022-09-24,09:30:00.0,8,9,September,Saturday,42.0,Weekend,8,2022-09-24T08:48:00.0,2022-09-24T09:30:00.0,8.8
CH64,KR_U42,KR1159,0.5,3.4,2022-09-20,08:33:00.0,2022-09-20,09:03:00.0,8,9,September,Tuesday,30.0,Weekday,8,2022-09-20T08:33:00.0,2022-09-20T09:03:00.0,8.55
CH64,KR_U42,KR1160,4.466666666666667,31.1,2022-09-19,08:54:00.0,2022-09-19,13:22:00.0,8,13,September,Monday,268.0,Weekday,8,2022-09-19T08:54:00.0,2022-09-19T13:22:00.0,8.9
CH64,KR_U42,KR1161,1.15,8.1,2022-08-08,12:32:00.0,2022-08-08,13:41:00.0,12,13,August,Monday,69.0,Weekday,8,2022-08-08T12:32:00.0,2022-08-08T13:41:00.0,12.533333333333333
CH64,KR_U42,KR1162,2.466666666666667,17.6,2022-08-06,18:13:00.0,2022-08-06,20:41:00.0,18,20,August,Saturday,148.0,Weekend,8,2022-08-06T18:13:00.0,2022-08-06T20:41:00.0,18.216666666666665
CH64,KR_U42,KR1163,0.5666666666666667,3.9,2022-08-04,14:38:00.0,2022-08-04,15:12:00.0,14,15,August,Thursday,34.0,Weekday,8,2022-08-04T14:38:00.0,2022-08-04T15:12:00.0,14.633333333333333
CH64,KR_U42,KR1164,0.6,4.29,2022-08-25,08:53:00.0,2022-08-25,09:29:00.0,8,9,August,Thursday,36.0,Weekday,8,2022-08-25T08:53:00.0,2022-08-25T09:29:00.0,8.883333333333333
CH64,KR_U42,KR1165,1.8666666666666667,13.2,2022-08-19,12:26:00.0,2022-08-19,14:18:00.0,12,14,August,Friday,112.0,Weekday,8,2022-08-19T12:26:00.0,2022-08-19T14:18:00.0,12.433333333333334
CH64,KR_U42,KR1166,3.216666666666667,22.1,2022-08-18,09:43:00.0,2022-08-18,12:56:00.0,9,12,August,Thursday,193.0,Weekday,8,2022-08-18T09:43:00.0,2022-08-18T12:56:00.0,9.716666666666667
CH64,KR_U42,KR1167,0.11666666666666667,0.7,2022-07-06,18:48:00.0,2022-07-06,18:55:00.0,18,18,July,Wednesday,7.0,Weekday,8,2022-07-06T18:48:00.0,2022-07-06T18:55:00.0,18.8
CH64,KR_U42,KR1168,10.233333333333333,42.4,2022-07-06,18:56:00.0,2022-07-07,05:10:00.0,18,5,July,Wednesday,614.0,Weekday,8,2022-07-06T18:56:00.0,2022-07-07T05:10:00.0,18.933333333333334
CH64,KR_U42,KR1169,0.08333333333333333,0.6,2022-06-11,15:57:00.0,2022-06-11,16:02:00.0,15,16,June,Saturday,5.0,Weekend,8,2022-06-11T15:57:00.0,2022-06-11T16:02:00.0,15.95
CH64,KR_U42,KR1170,2.3666666666666667,17.4,2022-05-04,21:16:00.0,2022-05-04,23:38:00.0,21,23,May,Wednesday,142.0,Weekday,8,2022-05-04T21:16:00.0,2022-05-04T23:38:00.0,21.266666666666666
CH64,KR_U42,KR1171,3.3333333333333335,24.2,2022-03-15,22:15:00.0,2022-03-16,01:35:00.0,22,1,March,Tuesday,200.0,Weekday,8,2022-03-15T22:15:00.0,2022-03-16T01:35:00.0,22.25
CH64,KR_U64,KR1172,3.433333333333333,23.2,2022-09-10,12:18:00.0,2022-09-10,15:44:00.0,12,15,September,Saturday,206.0,Weekend,9,2022-09-10T12:18:00.0,2022-09-10T15:44:00.0,12.3
CH64,KR_U64,KR1173,2.15,14.8,2022-09-07,07:26:00.0,2022-09-07,09:35:00.0,7,9,September,Wednesday,129.0,Weekday,9,2022-09-07T07:26:00.0,2022-09-07T09:35:00.0,7.433333333333334
CH64,KR_U64,KR1174,3.2666666666666666,22.1,2022-09-01,15:20:00.0,2022-09-01,18:36:00.0,15,18,September,Thursday,196.0,Weekday,9,2022-09-01T15:20:00.0,2022-09-01T18:36:00.0,15.333333333333334
CH64,KR_U64,KR1175,0.7333333333333333,4.79,2022-08-12,17:22:00.0,2022-08-12,18:06:00.0,17,18,August,Friday,44.0,Weekday,9,2022-08-12T17:22:00.0,2022-08-12T18:06:00.0,17.366666666666667
CH64,KR_U64,KR1176,3.4166666666666665,23.2,2022-08-12,09:19:00.0,2022-08-12,12:44:00.0,9,12,August,Friday,205.0,Weekday,9,2022-08-12T09:19:00.0,2022-08-12T12:44:00.0,9.316666666666666
CH64,KR_U64,KR1177,0.65,4.4,2022-08-07,16:54:00.0,2022-08-07,17:33:00.0,16,17,August,Sunday,39.0,Weekend,9,2022-08-07T16:54:00.0,2022-08-07T17:33:00.0,16.9
CH64,KR_U64,KR1178,2.65,18.2,2022-08-03,14:27:00.0,2022-08-03,17:06:00.0,14,17,August,Wednesday,159.0,Weekday,9,2022-08-03T14:27:00.0,2022-08-03T17:06:00.0,14.45
CH64,KR_U64,KR1179,2.8,18.6,2022-07-11,17:28:00.0,2022-07-11,20:16:00.0,17,20,July,Monday,168.0,Weekday,9,2022-07-11T17:28:00.0,2022-07-11T20:16:00.0,17.466666666666665
CH64,KR_U64,KR1180,0.9333333333333333,6.5,2022-06-06,15:52:00.0,2022-06-06,16:48:00.0,15,16,June,Monday,56.0,Weekday,9,2022-06-06T15:52:00.0,2022-06-06T16:48:00.0,15.866666666666667
CH64,KR_U64,KR1181,1.6666666666666667,11.4,2022-06-10,19:02:00.0,2022-06-10,20:42:00.0,19,20,June,Friday,100.0,Weekday,9,2022-06-10T19:02:00.0,2022-06-10T20:42:00.0,19.033333333333335
CH64,KR_U64,KR1182,2.1333333333333333,14.4,2022-06-17,08:57:00.0,2022-06-17,11:05:00.0,8,11,June,Friday,128.0,Weekday,9,2022-06-17T08:57:00.0,2022-06-17T11:05:00.0,8.95
CH64,KR_U64,KR1183,2.7666666666666666,17.8,2022-05-20,06:30:00.0,2022-05-20,09:16:00.0,6,9,May,Friday,166.0,Weekday,9,2022-05-20T06:30:00.0,2022-05-20T09:16:00.0,6.5
CH64,KR_U64,KR1184,0.8833333333333333,6.1,2021-10-15,06:07:00.0,2021-10-15,07:00:00.0,6,7,October,Friday,53.0,Weekday,9,2021-10-15T06:07:00.0,2021-10-15T07:00:00.0,6.116666666666666
CH64,KR_U64,KR1185,1.1833333333333333,6.3,2021-10-17,05:41:00.0,2021-10-17,06:52:00.0,5,6,October,Sunday,71.0,Weekend,9,2021-10-17T05:41:00.0,2021-10-17T06:52:00.0,5.683333333333334
CH64,KR_U64,KR1186,1.15,6.4,2021-10-20,05:21:00.0,2021-10-20,06:30:00.0,5,6,October,Wednesday,69.0,Weekday,9,2021-10-20T05:21:00.0,2021-10-20T06:30:00.0,5.35
CH64,KR_U186,KR1280,4.333333333333333,17.6,2022-09-07,22:56:00.0,2022-09-08,03:16:00.0,22,3,September,Wednesday,260.0,Weekday,13,2022-09-07T22:56:00.0,2022-09-08T03:16:00.0,22.933333333333334
CH64,KR_U186,KR1281,10.033333333333333,14.8,2022-07-24,17:08:00.0,2022-07-25,03:10:00.0,17,3,July,Sunday,602.0,Weekend,13,2022-07-24T17:08:00.0,2022-07-25T03:10:00.0,17.133333333333333
CH64,KR_U186,KR1282,10.85,19.6,2022-07-28,19:19:00.0,2022-07-29,06:10:00.0,19,6,July,Thursday,651.0,Weekday,13,2022-07-28T19:19:00.0,2022-07-29T06:10:00.0,19.316666666666666
CH64,KR_U186,KR1283,0.5166666666666667,3.5,2022-06-01,14:54:00.0,2022-06-01,15:25:00.0,14,15,June,Wednesday,31.000000000000004,Weekday,13,2022-06-01T14:54:00.0,2022-06-01T15:25:00.0,14.9
CH64,KR_U186,KR1284,5.733333333333333,22.5,2022-06-14,18:48:00.0,2022-06-15,00:32:00.0,18,0,June,Tuesday,344.0,Weekday,13,2022-06-14T18:48:00.0,2022-06-15T00:32:00.0,18.8
CH64,KR_U186,KR1285,0.95,6.3,2022-05-06,12:25:00.0,2022-05-06,13:22:00.0,12,13,May,Friday,57.0,Weekday,13,2022-05-06T12:25:00.0,2022-05-06T13:22:00.0,12.416666666666666
CH64,KR_U186,KR1286,3.8666666666666667,18.5,2022-04-06,18:43:00.0,2022-04-06,22:35:00.0,18,22,April,Wednesday,232.0,Weekday,13,2022-04-06T18:43:00.0,2022-04-06T22:35:00.0,18.716666666666665
CH64,KR_U186,KR1287,3.466666666666667,15.29,2022-04-15,20:57:00.0,2022-04-16,00:25:00.0,20,0,April,Friday,208.0,Weekday,13,2022-04-15T20:57:00.0,2022-04-16T00:25:00.0,20.95
CH64,KR_U186,KR1288,4.833333333333333,17.5,2022-04-27,23:33:00.0,2022-04-28,04:23:00.0,23,4,April,Wednesday,290.0,Weekday,13,2022-04-27T23:33:00.0,2022-04-28T04:23:00.0,23.55
CH64,KR_U186,KR1289,3.2,14.1,2022-03-06,00:17:00.0,2022-03-06,03:29:00.0,0,3,March,Sunday,192.0,Weekend,13,2022-03-06T00:17:00.0,2022-03-06T03:29:00.0,0.2833333333333333
CH64,KR_U186,KR1290,5.2,21.3,2022-02-13,21:22:00.0,2022-02-14,02:34:00.0,21,2,February,Sunday,312.0,Weekend,13,2022-02-13T21:22:00.0,2022-02-14T02:34:00.0,21.366666666666667
CH64,KR_U186,KR1291,4.866666666666666,17.5,2022-02-22,19:06:00.0,2022-02-22,23:58:00.0,19,23,February,Tuesday,292.0,Weekday,13,2022-02-22T19:06:00.0,2022-02-22T23:58:00.0,19.1
CH64,KR_U186,KR1292,5.066666666666666,19.0,2022-01-03,18:50:00.0,2022-01-03,23:54:00.0,18,23,January,Monday,304.0,Weekday,13,2022-01-03T18:50:00.0,2022-01-03T23:54:00.0,18.833333333333332
CH64,KR_U186,KR1293,4.133333333333334,15.1,2022-01-13,18:40:00.0,2022-01-13,22:48:00.0,18,22,January,Thursday,248.00000000000003,Weekday,13,2022-01-13T18:40:00.0,2022-01-13T22:48:00.0,18.666666666666668
CH64,KR_U186,KR1294,4.866666666666666,20.0,2022-01-25,18:58:00.0,2022-01-25,23:50:00.0,18,23,January,Tuesday,292.0,Weekday,13,2022-01-25T18:58:00.0,2022-01-25T23:50:00.0,18.966666666666665
CH64,KR_U186,KR1295,4.833333333333333,18.2,2022-01-27,19:10:00.0,2022-01-28,00:00:00.0,19,0,January,Thursday,290.0,Weekday,13,2022-01-27T19:10:00.0,2022-01-28T00:00:00.0,19.166666666666668
CH64,KR_U186,KR1296,4.733333333333333,19.3,2022-01-29,17:52:00.0,2022-01-29,22:36:00.0,17,22,January,Saturday,284.0,Weekend,13,2022-01-29T17:52:00.0,2022-01-29T22:36:00.0,17.866666666666667
CH64,KR_U186,KR1297,5.083333333333333,20.8,2021-11-23,18:11:00.0,2021-11-23,23:16:00.0,18,23,November,Tuesday,305.0,Weekday,13,2021-11-23T18:11:00.0,2021-11-23T23:16:00.0,18.183333333333334
CH64,KR_U186,KR1298,4.466666666666667,20.2,2021-11-28,19:49:00.0,2021-11-29,00:17:00.0,19,0,November,Sunday,268.0,Weekend,13,2021-11-28T19:49:00.0,2021-11-29T00:17:00.0,19.816666666666666
CH64,KR_U186,KR1299,4.983333333333333,20.4,2021-10-06,18:34:00.0,2021-10-06,23:33:00.0,18,23,October,Wednesday,299.0,Weekday,13,2021-10-06T18:34:00.0,2021-10-06T23:33:00.0,18.566666666666666
CH64,KR_U186,KR1300,4.166666666666667,20.2,2021-10-20,18:32:00.0,2021-10-20,22:42:00.0,18,22,October,Wednesday,250.00000000000003,Weekday,13,2021-10-20T18:32:00.0,2021-10-20T22:42:00.0,18.533333333333335
CH64,KR_U199,KR1301,0.9333333333333333,6.5,2022-09-19,21:17:00.0,2022-09-19,22:13:00.0,21,22,September,Monday,56.0,Weekday,14,2022-09-19T21:17:00.0,2022-09-19T22:13:00.0,21.283333333333335
CH64,KR_U199,KR1302,2.933333333333333,20.5,2022-08-03,21:27:00.0,2022-08-04,00:23:00.0,21,0,August,Wednesday,176.0,Weekday,14,2022-08-03T21:27:00.0,2022-08-04T00:23:00.0,21.45
CH64,KR_U199,KR1303,1.8333333333333333,12.7,2022-08-22,17:19:00.0,2022-08-22,19:09:00.0,17,19,August,Monday,110.0,Weekday,14,2022-08-22T17:19:00.0,2022-08-22T19:09:00.0,17.316666666666666
CH64,KR_U199,KR1304,1.8833333333333333,13.2,2022-07-05,21:05:00.0,2022-07-05,22:58:00.0,21,22,July,Tuesday,113.0,Weekday,14,2022-07-05T21:05:00.0,2022-07-05T22:58:00.0,21.083333333333332
CH64,KR_U199,KR1305,10.366666666666667,19.6,2022-07-07,20:48:00.0,2022-07-08,07:10:00.0,20,7,July,Thursday,622.0,Weekday,14,2022-07-07T20:48:00.0,2022-07-08T07:10:00.0,20.8
CH64,KR_U199,KR1306,10.433333333333334,17.1,2022-07-22,23:44:00.0,2022-07-23,10:10:00.0,23,10,July,Friday,626.0,Weekday,14,2022-07-22T23:44:00.0,2022-07-23T10:10:00.0,23.733333333333334
CH64,KR_U199,KR1307,10.45,22.0,2022-07-25,19:43:00.0,2022-07-26,06:10:00.0,19,6,July,Monday,627.0,Weekday,14,2022-07-25T19:43:00.0,2022-07-26T06:10:00.0,19.716666666666665
CH64,KR_U199,KR1308,2.066666666666667,14.1,2022-07-28,09:42:00.0,2022-07-28,11:46:00.0,9,11,July,Thursday,124.00000000000001,Weekday,14,2022-07-28T09:42:00.0,2022-07-28T11:46:00.0,9.7
CH64,KR_U199,KR1309,2.283333333333333,16.0,2022-06-11,16:32:00.0,2022-06-11,18:49:00.0,16,18,June,Saturday,137.0,Weekend,14,2022-06-11T16:32:00.0,2022-06-11T18:49:00.0,16.533333333333335
CH64,KR_U199,KR1310,1.4666666666666666,10.29,2022-06-16,17:46:00.0,2022-06-16,19:14:00.0,17,19,June,Thursday,88.0,Weekday,14,2022-06-16T17:46:00.0,2022-06-16T19:14:00.0,17.766666666666666
CH64,KR_U199,KR1311,1.85,13.0,2022-06-25,18:18:00.0,2022-06-25,20:09:00.0,18,20,June,Saturday,111.0,Weekend,14,2022-06-25T18:18:00.0,2022-06-25T20:09:00.0,18.3
CH64,KR_U199,KR1312,2.5,15.8,2022-05-13,18:04:00.0,2022-05-13,20:34:00.0,18,20,May,Friday,150.0,Weekday,14,2022-05-13T18:04:00.0,2022-05-13T20:34:00.0,18.066666666666666
CH64,KR_U199,KR1313,2.3333333333333335,16.6,2022-05-18,20:41:00.0,2022-05-18,23:01:00.0,20,23,May,Wednesday,140.0,Weekday,14,2022-05-18T20:41:00.0,2022-05-18T23:01:00.0,20.683333333333334
CH64,KR_U199,KR1314,2.2,15.39,2022-05-29,17:14:00.0,2022-05-29,19:26:00.0,17,19,May,Sunday,132.0,Weekend,14,2022-05-29T17:14:00.0,2022-05-29T19:26:00.0,17.233333333333334
CH64,KR_U199,KR1315,1.7333333333333334,12.3,2022-05-30,19:11:00.0,2022-05-30,20:55:00.0,19,20,May,Monday,104.0,Weekday,14,2022-05-30T19:11:00.0,2022-05-30T20:55:00.0,19.183333333333334
CH64,KR_U199,KR1316,2.3333333333333335,14.0,2022-04-02,19:38:00.0,2022-04-02,21:58:00.0,19,21,April,Saturday,140.0,Weekend,14,2022-04-02T19:38:00.0,2022-04-02T21:58:00.0,19.633333333333333
CH64,KR_U199,KR1317,2.816666666666667,19.7,2022-04-10,16:39:00.0,2022-04-10,19:28:00.0,16,19,April,Sunday,169.0,Weekend,14,2022-04-10T16:39:00.0,2022-04-10T19:28:00.0,16.65
CH64,KR_U199,KR1318,1.8166666666666667,12.7,2022-04-13,16:33:00.0,2022-04-13,18:22:00.0,16,18,April,Wednesday,109.0,Weekday,14,2022-04-13T16:33:00.0,2022-04-13T18:22:00.0,16.55
CH64,KR_U199,KR1319,2.65,17.8,2022-04-26,18:12:00.0,2022-04-26,20:51:00.0,18,20,April,Tuesday,159.0,Weekday,14,2022-04-26T18:12:00.0,2022-04-26T20:51:00.0,18.2
CH64,KR_U199,KR1320,2.95,19.8,2022-03-10,20:32:00.0,2022-03-10,23:29:00.0,20,23,March,Thursday,177.0,Weekday,14,2022-03-10T20:32:00.0,2022-03-10T23:29:00.0,20.533333333333335
CH64,KR_U199,KR1321,1.8,12.4,2022-03-11,21:09:00.0,2022-03-11,22:57:00.0,21,22,March,Friday,108.0,Weekday,14,2022-03-11T21:09:00.0,2022-03-11T22:57:00.0,21.15
CH64,KR_U199,KR1322,2.6666666666666665,17.0,2022-03-17,17:35:00.0,2022-03-17,20:15:00.0,17,20,March,Thursday,160.0,Weekday,14,2022-03-17T17:35:00.0,2022-03-17T20:15:00.0,17.583333333333332
CH64,KR_U291,KR1342,1.6333333333333333,11.8,2022-08-11,13:40:00.0,2022-08-11,15:18:00.0,13,15,August,Thursday,98.0,Weekday,18,2022-08-11T13:40:00.0,2022-08-11T15:18:00.0,13.666666666666666
CH64,KR_U291,KR1343,5.583333333333333,39.79,2022-07-13,14:10:00.0,2022-07-13,19:45:00.0,14,19,July,Wednesday,335.0,Weekday,18,2022-07-13T14:10:00.0,2022-07-13T19:45:00.0,14.166666666666666
CH64,KR_U291,KR1344,1.9833333333333334,14.1,2022-05-03,20:57:00.0,2022-05-03,22:56:00.0,20,22,May,Tuesday,119.0,Weekday,18,2022-05-03T20:57:00.0,2022-05-03T22:56:00.0,20.95
CH64,KR_U291,KR1345,6.366666666666666,46.0,2022-01-20,14:35:00.0,2022-01-20,20:57:00.0,14,20,January,Thursday,382.0,Weekday,18,2022-01-20T14:35:00.0,2022-01-20T20:57:00.0,14.583333333333334
CH64,KR_U291,KR1346,3.5166666666666666,25.7,2022-01-24,20:44:00.0,2022-01-25,00:15:00.0,20,0,January,Monday,211.0,Weekday,18,2022-01-24T20:44:00.0,2022-01-25T00:15:00.0,20.733333333333334
CH69,KR_U42,KR1464,2.8666666666666667,20.1,2022-09-03,11:16:00.0,2022-09-03,14:08:00.0,11,14,September,Saturday,172.0,Weekend,8,2022-09-03T11:16:00.0,2022-09-03T14:08:00.0,11.266666666666667
CH69,KR_U42,KR1465,0.6833333333333333,4.9,2022-08-15,19:16:00.0,2022-08-15,19:57:00.0,19,19,August,Monday,41.0,Weekday,8,2022-08-15T19:16:00.0,2022-08-15T19:57:00.0,19.266666666666666
CH69,KR_U42,KR1466,2.783333333333333,19.89,2022-08-04,16:55:00.0,2022-08-04,19:42:00.0,16,19,August,Thursday,167.0,Weekday,8,2022-08-04T16:55:00.0,2022-08-04T19:42:00.0,16.916666666666668
CH69,KR_U42,KR1467,3.033333333333333,21.0,2022-08-31,08:35:00.0,2022-08-31,11:37:00.0,8,11,August,Wednesday,182.0,Weekday,8,2022-08-31T08:35:00.0,2022-08-31T11:37:00.0,8.583333333333334
CH69,KR_U42,KR1468,1.1166666666666667,8.1,2022-08-26,14:45:00.0,2022-08-26,15:52:00.0,14,15,August,Friday,67.0,Weekday,8,2022-08-26T14:45:00.0,2022-08-26T15:52:00.0,14.75
CH69,KR_U42,KR1469,0.7666666666666667,5.4,2022-08-24,16:39:00.0,2022-08-24,17:25:00.0,16,17,August,Wednesday,46.0,Weekday,8,2022-08-24T16:39:00.0,2022-08-24T17:25:00.0,16.65
CH69,KR_U42,KR1470,2.3,16.5,2022-08-22,15:36:00.0,2022-08-22,17:54:00.0,15,17,August,Monday,138.0,Weekday,8,2022-08-22T15:36:00.0,2022-08-22T17:54:00.0,15.6
CH69,KR_U42,KR1471,1.8,12.8,2022-08-21,08:25:00.0,2022-08-21,10:13:00.0,8,10,August,Sunday,108.0,Weekend,8,2022-08-21T08:25:00.0,2022-08-21T10:13:00.0,8.416666666666666
CH69,KR_U42,KR1472,0.2833333333333333,2.0,2022-07-12,18:16:00.0,2022-07-12,18:33:00.0,18,18,July,Tuesday,17.0,Weekday,8,2022-07-12T18:16:00.0,2022-07-12T18:33:00.0,18.266666666666666
CH69,KR_U42,KR1473,1.25,8.9,2022-07-19,18:19:00.0,2022-07-19,19:34:00.0,18,19,July,Tuesday,75.0,Weekday,8,2022-07-19T18:19:00.0,2022-07-19T19:34:00.0,18.316666666666666
CH69,KR_U42,KR1474,1.1333333333333333,8.1,2022-05-03,18:52:00.0,2022-05-03,20:00:00.0,18,20,May,Tuesday,68.0,Weekday,8,2022-05-03T18:52:00.0,2022-05-03T20:00:00.0,18.866666666666667
CH69,KR_U42,KR1475,2.8,20.1,2022-05-07,21:21:00.0,2022-05-08,00:09:00.0,21,0,May,Saturday,168.0,Weekend,8,2022-05-07T21:21:00.0,2022-05-08T00:09:00.0,21.35
CH69,KR_U42,KR1476,4.116666666666666,29.7,2022-05-24,21:23:00.0,2022-05-25,01:30:00.0,21,1,May,Tuesday,246.99999999999997,Weekday,8,2022-05-24T21:23:00.0,2022-05-25T01:30:00.0,21.383333333333333
CH69,KR_U42,KR1477,2.3333333333333335,16.7,2022-04-20,19:18:00.0,2022-04-20,21:38:00.0,19,21,April,Wednesday,140.0,Weekday,8,2022-04-20T19:18:00.0,2022-04-20T21:38:00.0,19.3
CH69,KR_U42,KR1478,2.0,14.3,2022-04-30,18:42:00.0,2022-04-30,20:42:00.0,18,20,April,Saturday,120.0,Weekend,8,2022-04-30T18:42:00.0,2022-04-30T20:42:00.0,18.7
CH69,KR_U64,KR1479,1.55,10.1,2022-09-07,11:15:00.0,2022-09-07,12:48:00.0,11,12,September,Wednesday,93.0,Weekday,9,2022-09-07T11:15:00.0,2022-09-07T12:48:00.0,11.25
CH69,KR_U64,KR1480,0.35,2.5,2022-09-27,08:13:00.0,2022-09-27,08:34:00.0,8,8,September,Tuesday,21.0,Weekday,9,2022-09-27T08:13:00.0,2022-09-27T08:34:00.0,8.216666666666667
CH69,KR_U64,KR1481,1.1333333333333333,7.4,2022-09-23,07:06:00.0,2022-09-23,08:14:00.0,7,8,September,Friday,68.0,Weekday,9,2022-09-23T07:06:00.0,2022-09-23T08:14:00.0,7.1
CH69,KR_U64,KR1482,2.683333333333333,18.2,2022-09-22,18:07:00.0,2022-09-22,20:48:00.0,18,20,September,Thursday,161.0,Weekday,9,2022-09-22T18:07:00.0,2022-09-22T20:48:00.0,18.116666666666667
CH69,KR_U64,KR1483,1.5,9.7,2022-08-10,09:57:00.0,2022-08-10,11:27:00.0,9,11,August,Wednesday,90.0,Weekday,9,2022-08-10T09:57:00.0,2022-08-10T11:27:00.0,9.95
CH69,KR_U64,KR1484,0.65,4.1,2022-08-08,16:18:00.0,2022-08-08,16:57:00.0,16,16,August,Monday,39.0,Weekday,9,2022-08-08T16:18:00.0,2022-08-08T16:57:00.0,16.3
CH69,KR_U64,KR1485,1.9333333333333333,13.0,2022-08-08,14:10:00.0,2022-08-08,16:06:00.0,14,16,August,Monday,116.0,Weekday,9,2022-08-08T14:10:00.0,2022-08-08T16:06:00.0,14.166666666666666
CH69,KR_U64,KR1486,2.9,19.3,2022-08-25,07:33:00.0,2022-08-25,10:27:00.0,7,10,August,Thursday,174.0,Weekday,9,2022-08-25T07:33:00.0,2022-08-25T10:27:00.0,7.55
CH69,KR_U64,KR1487,1.6666666666666667,11.0,2022-08-16,09:01:00.0,2022-08-16,10:41:00.0,9,10,August,Tuesday,100.0,Weekday,9,2022-08-16T09:01:00.0,2022-08-16T10:41:00.0,9.016666666666667
CH69,KR_U64,KR1488,2.7,18.1,2022-07-04,07:51:00.0,2022-07-04,10:33:00.0,7,10,July,Monday,162.0,Weekday,9,2022-07-04T07:51:00.0,2022-07-04T10:33:00.0,7.85
CH69,KR_U64,KR1489,0.8166666666666667,5.6,2022-07-17,09:58:00.0,2022-07-17,10:47:00.0,9,10,July,Sunday,49.0,Weekend,9,2022-07-17T09:58:00.0,2022-07-17T10:47:00.0,9.966666666666667
CH69,KR_U64,KR1490,2.0833333333333335,14.0,2022-07-25,17:58:00.0,2022-07-25,20:03:00.0,17,20,July,Monday,125.00000000000001,Weekday,9,2022-07-25T17:58:00.0,2022-07-25T20:03:00.0,17.966666666666665
CH69,KR_U64,KR1491,0.8666666666666667,6.0,2022-06-10,17:39:00.0,2022-06-10,18:31:00.0,17,18,June,Friday,52.0,Weekday,9,2022-06-10T17:39:00.0,2022-06-10T18:31:00.0,17.65
CH69,KR_U64,KR1492,1.2333333333333334,8.5,2022-06-24,18:54:00.0,2022-06-24,20:08:00.0,18,20,June,Friday,74.0,Weekday,9,2022-06-24T18:54:00.0,2022-06-24T20:08:00.0,18.9
CH69,KR_U64,KR1493,2.816666666666667,18.79,2022-06-27,08:07:00.0,2022-06-27,10:56:00.0,8,10,June,Monday,169.0,Weekday,9,2022-06-27T08:07:00.0,2022-06-27T10:56:00.0,8.116666666666667
CH69,KR_U64,KR1494,2.033333333333333,13.3,2022-06-27,15:18:00.0,2022-06-27,17:20:00.0,15,17,June,Monday,122.0,Weekday,9,2022-06-27T15:18:00.0,2022-06-27T17:20:00.0,15.3
CH69,KR_U64,KR1495,1.4833333333333334,9.9,2021-10-01,05:12:00.0,2021-10-01,06:41:00.0,5,6,October,Friday,89.0,Weekday,9,2021-10-01T05:12:00.0,2021-10-01T06:41:00.0,5.2
CH69,KR_U64,KR1496,1.0166666666666666,6.7,2021-10-06,04:34:00.0,2021-10-06,05:35:00.0,4,5,October,Wednesday,61.0,Weekday,9,2021-10-06T04:34:00.0,2021-10-06T05:35:00.0,4.566666666666666
CH69,KR_U64,KR1497,1.3833333333333333,9.4,2021-10-08,04:05:00.0,2021-10-08,05:28:00.0,4,5,October,Friday,83.0,Weekday,9,2021-10-08T04:05:00.0,2021-10-08T05:28:00.0,4.083333333333333
CH69,KR_U64,KR1498,1.0666666666666667,7.2,2021-10-10,04:05:00.0,2021-10-10,05:09:00.0,4,5,October,Sunday,64.0,Weekend,9,2021-10-10T04:05:00.0,2021-10-10T05:09:00.0,4.083333333333333
CH69,KR_U64,KR1499,1.5333333333333334,7.7,2021-10-18,05:29:00.0,2021-10-18,07:01:00.0,5,7,October,Monday,92.0,Weekday,9,2021-10-18T05:29:00.0,2021-10-18T07:01:00.0,5.483333333333333
CH69,KR_U64,KR1500,0.9,4.8,2021-10-21,07:51:00.0,2021-10-21,08:45:00.0,7,8,October,Thursday,54.0,Weekday,9,2021-10-21T07:51:00.0,2021-10-21T08:45:00.0,7.85
CH69,KR_U64,KR1501,0.7666666666666667,4.5,2021-10-22,00:15:00.0,2021-10-22,01:01:00.0,0,1,October,Friday,46.0,Weekday,9,2021-10-22T00:15:00.0,2021-10-22T01:01:00.0,0.25
CH69,KR_U186,KR1618,10.316666666666666,19.5,2022-09-03,19:51:00.0,2022-09-04,06:10:00.0,19,6,September,Saturday,619.0,Weekend,13,2022-09-03T19:51:00.0,2022-09-04T06:10:00.0,19.85
CH69,KR_U186,KR1619,10.133333333333333,23.9,2022-09-16,19:02:00.0,2022-09-17,05:10:00.0,19,5,September,Friday,608.0,Weekday,13,2022-09-16T19:02:00.0,2022-09-17T05:10:00.0,19.033333333333335
CH69,KR_U186,KR1620,1.2,7.1,2022-08-26,13:26:00.0,2022-08-26,14:38:00.0,13,14,August,Friday,72.0,Weekday,13,2022-08-26T13:26:00.0,2022-08-26T14:38:00.0,13.433333333333334
CH69,KR_U186,KR1621,4.566666666666666,19.2,2022-06-01,20:01:00.0,2022-06-02,00:35:00.0,20,0,June,Wednesday,274.0,Weekday,13,2022-06-01T20:01:00.0,2022-06-02T00:35:00.0,20.016666666666666
CH69,KR_U186,KR1622,3.7666666666666666,18.1,2022-05-10,19:04:00.0,2022-05-10,22:50:00.0,19,22,May,Tuesday,226.0,Weekday,13,2022-05-10T19:04:00.0,2022-05-10T22:50:00.0,19.066666666666666
CH69,KR_U186,KR1623,4.283333333333333,20.4,2022-05-13,19:12:00.0,2022-05-13,23:29:00.0,19,23,May,Friday,257.0,Weekday,13,2022-05-13T19:12:00.0,2022-05-13T23:29:00.0,19.2
CH69,KR_U186,KR1624,4.566666666666666,18.79,2022-03-03,18:59:00.0,2022-03-03,23:33:00.0,18,23,March,Thursday,274.0,Weekday,13,2022-03-03T18:59:00.0,2022-03-03T23:33:00.0,18.983333333333334
CH69,KR_U186,KR1625,4.45,16.6,2022-01-10,18:15:00.0,2022-01-10,22:42:00.0,18,22,January,Monday,267.0,Weekday,13,2022-01-10T18:15:00.0,2022-01-10T22:42:00.0,18.25
CH69,KR_U186,KR1626,5.416666666666667,19.1,2022-01-17,18:33:00.0,2022-01-17,23:58:00.0,18,23,January,Monday,325.0,Weekday,13,2022-01-17T18:33:00.0,2022-01-17T23:58:00.0,18.55
CH69,KR_U186,KR1627,4.216666666666667,18.1,2021-12-15,18:24:00.0,2021-12-15,22:37:00.0,18,22,December,Wednesday,253.0,Weekday,13,2021-12-15T18:24:00.0,2021-12-15T22:37:00.0,18.4
CH69,KR_U186,KR1628,4.133333333333334,17.4,2021-12-21,18:35:00.0,2021-12-21,22:43:00.0,18,22,December,Tuesday,248.00000000000003,Weekday,13,2021-12-21T18:35:00.0,2021-12-21T22:43:00.0,18.583333333333332
CH69,KR_U186,KR1629,4.05,19.8,2021-11-15,18:36:00.0,2021-11-15,22:39:00.0,18,22,November,Monday,243.0,Weekday,13,2021-11-15T18:36:00.0,2021-11-15T22:39:00.0,18.6
CH69,KR_U186,KR1630,4.083333333333333,20.9,2021-10-24,19:09:00.0,2021-10-24,23:14:00.0,19,23,October,Sunday,244.99999999999997,Weekend,13,2021-10-24T19:09:00.0,2021-10-24T23:14:00.0,19.15
CH69,KR_U199,KR1631,10.2,18.9,2022-09-11,17:58:00.0,2022-09-12,04:10:00.0,17,4,September,Sunday,612.0,Weekend,14,2022-09-11T17:58:00.0,2022-09-12T04:10:00.0,17.966666666666665
CH69,KR_U199,KR1632,2.2333333333333334,15.7,2022-09-26,20:51:00.0,2022-09-26,23:05:00.0,20,23,September,Monday,134.0,Weekday,14,2022-09-26T20:51:00.0,2022-09-26T23:05:00.0,20.85
CH69,KR_U199,KR1633,10.816666666666666,24.79,2022-08-11,19:21:00.0,2022-08-12,06:10:00.0,19,6,August,Thursday,649.0,Weekday,14,2022-08-11T19:21:00.0,2022-08-12T06:10:00.0,19.35
CH69,KR_U199,KR1634,2.15,15.0,2022-08-29,21:23:00.0,2022-08-29,23:32:00.0,21,23,August,Monday,129.0,Weekday,14,2022-08-29T21:23:00.0,2022-08-29T23:32:00.0,21.383333333333333
CH69,KR_U199,KR1635,2.1333333333333333,14.8,2022-08-17,09:58:00.0,2022-08-17,12:06:00.0,9,12,August,Wednesday,128.0,Weekday,14,2022-08-17T09:58:00.0,2022-08-17T12:06:00.0,9.966666666666667
CH69,KR_U199,KR1636,1.9666666666666666,13.7,2022-06-02,17:44:00.0,2022-06-02,19:42:00.0,17,19,June,Thursday,118.0,Weekday,14,2022-06-02T17:44:00.0,2022-06-02T19:42:00.0,17.733333333333334
CH69,KR_U199,KR1637,1.1166666666666667,7.79,2022-06-10,21:19:00.0,2022-06-10,22:26:00.0,21,22,June,Friday,67.0,Weekday,14,2022-06-10T21:19:00.0,2022-06-10T22:26:00.0,21.316666666666666
CH69,KR_U199,KR1638,1.45,10.1,2022-06-17,19:27:00.0,2022-06-17,20:54:00.0,19,20,June,Friday,87.0,Weekday,14,2022-06-17T19:27:00.0,2022-06-17T20:54:00.0,19.45
CH69,KR_U199,KR1639,2.8333333333333335,19.8,2022-05-05,14:37:00.0,2022-05-05,17:27:00.0,14,17,May,Thursday,170.0,Weekday,14,2022-05-05T14:37:00.0,2022-05-05T17:27:00.0,14.616666666666667
CH69,KR_U199,KR1640,2.3833333333333333,16.5,2022-05-23,18:08:00.0,2022-05-23,20:31:00.0,18,20,May,Monday,143.0,Weekday,14,2022-05-23T18:08:00.0,2022-05-23T20:31:00.0,18.133333333333333
CH69,KR_U199,KR1641,2.5833333333333335,15.6,2022-03-20,16:57:00.0,2022-03-20,19:32:00.0,16,19,March,Sunday,155.0,Weekend,14,2022-03-20T16:57:00.0,2022-03-20T19:32:00.0,16.95
CH69,KR_U199,KR1642,3.3833333333333333,23.0,2022-02-08,16:29:00.0,2022-02-08,19:52:00.0,16,19,February,Tuesday,203.0,Weekday,14,2022-02-08T16:29:00.0,2022-02-08T19:52:00.0,16.483333333333334
CH69,KR_U291,KR1677,4.783333333333333,34.2,2022-08-02,10:32:00.0,2022-08-02,15:19:00.0,10,15,August,Tuesday,287.0,Weekday,18,2022-08-02T10:32:00.0,2022-08-02T15:19:00.0,10.533333333333333
CH69,KR_U291,KR1678,0.8,5.7,2022-07-24,12:42:00.0,2022-07-24,13:30:00.0,12,13,July,Sunday,48.0,Weekend,18,2022-07-24T12:42:00.0,2022-07-24T13:30:00.0,12.7
CH69,KR_U291,KR1679,10.183333333333334,14.2,2022-07-28,20:59:00.0,2022-07-29,07:10:00.0,20,7,July,Thursday,611.0,Weekday,18,2022-07-28T20:59:00.0,2022-07-29T07:10:00.0,20.983333333333334
CH69,KR_U291,KR1680,1.7833333333333334,12.89,2022-06-01,16:11:00.0,2022-06-01,17:58:00.0,16,17,June,Wednesday,107.0,Weekday,18,2022-06-01T16:11:00.0,2022-06-01T17:58:00.0,16.183333333333334
CH69,KR_U291,KR1681,5.166666666666667,37.29,2022-06-06,16:10:00.0,2022-06-06,21:20:00.0,16,21,June,Monday,310.0,Weekday,18,2022-06-06T16:10:00.0,2022-06-06T21:20:00.0,16.166666666666668
CH69,KR_U291,KR1682,3.466666666666667,24.89,2022-05-27,15:55:00.0,2022-05-27,19:23:00.0,15,19,May,Friday,208.0,Weekday,18,2022-05-27T15:55:00.0,2022-05-27T19:23:00.0,15.916666666666666
CH69,KR_U291,KR1683,2.7666666666666666,19.79,2022-05-29,16:51:00.0,2022-05-29,19:37:00.0,16,19,May,Sunday,166.0,Weekend,18,2022-05-29T16:51:00.0,2022-05-29T19:37:00.0,16.85
CH69,KR_U291,KR1684,1.7833333333333334,12.79,2022-04-16,14:07:00.0,2022-04-16,15:54:00.0,14,15,April,Saturday,107.0,Weekend,18,2022-04-16T14:07:00.0,2022-04-16T15:54:00.0,14.116666666666667
CH69,KR_U291,KR1685,3.6666666666666665,26.3,2022-03-04,10:17:00.0,2022-03-04,13:57:00.0,10,13,March,Friday,220.0,Weekday,18,2022-03-04T10:17:00.0,2022-03-04T13:57:00.0,10.283333333333333
CH69,KR_U291,KR1686,2.033333333333333,14.7,2022-02-23,20:04:00.0,2022-02-23,22:06:00.0,20,22,February,Wednesday,122.0,Weekday,18,2022-02-23T20:04:00.0,2022-02-23T22:06:00.0,20.066666666666666
CH69,KR_U291,KR1687,4.7,34.0,2022-01-27,16:23:00.0,2022-01-27,21:05:00.0,16,21,January,Thursday,282.0,Weekday,18,2022-01-27T16:23:00.0,2022-01-27T21:05:00.0,16.383333333333333
CH69,KR_U291,KR1688,2.7333333333333334,19.6,2021-12-31,13:35:00.0,2021-12-31,16:19:00.0,13,16,December,Friday,164.0,Weekday,18,2021-12-31T13:35:00.0,2021-12-31T16:19:00.0,13.583333333333334
CH69,KR_U291,KR1689,1.45,10.3,2021-11-11,10:30:00.0,2021-11-11,11:57:00.0,10,11,November,Thursday,87.0,Weekday,18,2021-11-11T10:30:00.0,2021-11-11T11:57:00.0,10.5
CH69,KR_U291,KR1690,4.6,33.1,2021-11-17,17:19:00.0,2021-11-17,21:55:00.0,17,21,November,Wednesday,276.0,Weekday,18,2021-11-17T17:19:00.0,2021-11-17T21:55:00.0,17.316666666666666
CH69,KR_U291,KR1691,2.9166666666666665,21.2,2021-10-23,17:52:00.0,2021-10-23,20:47:00.0,17,20,October,Saturday,175.0,Weekend,18,2021-10-23T17:52:00.0,2021-10-23T20:47:00.0,17.866666666666667
CH74,KR_U186,KR1757,1.65,10.2,2022-07-05,12:40:00.0,2022-07-05,14:19:00.0,12,14,July,Tuesday,99.0,Weekday,13,2022-07-05T12:40:00.0,2022-07-05T14:19:00.0,12.666666666666666
CH74,KR_U186,KR1758,5.25,21.9,2022-05-17,18:55:00.0,2022-05-18,00:10:00.0,18,0,May,Tuesday,315.0,Weekday,13,2022-05-17T18:55:00.0,2022-05-18T00:10:00.0,18.916666666666668
CH74,KR_U186,KR1759,1.3333333333333333,8.5,2022-02-17,11:47:00.0,2022-02-17,13:07:00.0,11,13,February,Thursday,80.0,Weekday,13,2022-02-17T11:47:00.0,2022-02-17T13:07:00.0,11.783333333333333
CH74,KR_U186,KR1760,5.216666666666667,19.4,2021-12-25,09:58:00.0,2021-12-25,15:11:00.0,9,15,December,Saturday,313.0,Weekend,13,2021-12-25T09:58:00.0,2021-12-25T15:11:00.0,9.966666666666667
CH82,KR_U283,KR1795,1.6333333333333333,11.09,2022-09-12,08:11:00.0,2022-09-12,09:49:00.0,8,9,September,Monday,98.0,Weekday,52,2022-09-12T08:11:00.0,2022-09-12T09:49:00.0,8.183333333333334
CH82,KR_U283,KR1796,10.716666666666667,5.0,2022-09-10,19:27:00.0,2022-09-11,06:10:00.0,19,6,September,Saturday,643.0,Weekend,52,2022-09-10T19:27:00.0,2022-09-11T06:10:00.0,19.45
CH82,KR_U283,KR1797,3.1166666666666667,21.4,2022-09-04,07:41:00.0,2022-09-04,10:48:00.0,7,10,September,Sunday,187.0,Weekend,52,2022-09-04T07:41:00.0,2022-09-04T10:48:00.0,7.683333333333334
CH82,KR_U283,KR1798,3.15,21.6,2022-09-02,18:05:00.0,2022-09-02,21:14:00.0,18,21,September,Friday,189.0,Weekday,52,2022-09-02T18:05:00.0,2022-09-02T21:14:00.0,18.083333333333332
CH82,KR_U283,KR1799,0.9833333333333333,7.0,2022-09-25,12:19:00.0,2022-09-25,13:18:00.0,12,13,September,Sunday,59.0,Weekend,52,2022-09-25T12:19:00.0,2022-09-25T13:18:00.0,12.316666666666666
CH82,KR_U283,KR1800,2.683333333333333,18.4,2022-09-24,13:22:00.0,2022-09-24,16:03:00.0,13,16,September,Saturday,161.0,Weekend,52,2022-09-24T13:22:00.0,2022-09-24T16:03:00.0,13.366666666666667
CH82,KR_U283,KR1801,10.366666666666667,9.0,2022-09-18,12:10:00.0,2022-09-18,22:32:00.0,12,22,September,Sunday,622.0,Weekend,52,2022-09-18T12:10:00.0,2022-09-18T22:32:00.0,12.166666666666666
CH82,KR_U283,KR1802,9.316666666666666,2.0,2022-08-14,11:03:00.0,2022-08-14,20:22:00.0,11,20,August,Sunday,559.0,Weekend,52,2022-08-14T11:03:00.0,2022-08-14T20:22:00.0,11.05
CH82,KR_U283,KR1803,1.95,13.09,2022-08-14,08:51:00.0,2022-08-14,10:48:00.0,8,10,August,Sunday,117.0,Weekend,52,2022-08-14T08:51:00.0,2022-08-14T10:48:00.0,8.85
CH82,KR_U283,KR1804,2.7666666666666666,18.6,2022-08-12,13:56:00.0,2022-08-12,16:42:00.0,13,16,August,Friday,166.0,Weekday,52,2022-08-12T13:56:00.0,2022-08-12T16:42:00.0,13.933333333333334
CH82,KR_U283,KR1805,10.35,9.2,2022-08-07,08:49:00.0,2022-08-07,19:10:00.0,8,19,August,Sunday,621.0,Weekend,52,2022-08-07T08:49:00.0,2022-08-07T19:10:00.0,8.816666666666666
CH82,KR_U283,KR1806,4.4,29.5,2022-08-04,18:15:00.0,2022-08-04,22:39:00.0,18,22,August,Thursday,264.0,Weekday,52,2022-08-04T18:15:00.0,2022-08-04T22:39:00.0,18.25
CH82,KR_U283,KR1807,1.65,11.4,2022-08-28,10:41:00.0,2022-08-28,12:20:00.0,10,12,August,Sunday,99.0,Weekend,52,2022-08-28T10:41:00.0,2022-08-28T12:20:00.0,10.683333333333334
CH82,KR_U283,KR1808,1.9166666666666667,13.19,2022-08-20,11:55:00.0,2022-08-20,13:50:00.0,11,13,August,Saturday,115.0,Weekend,52,2022-08-20T11:55:00.0,2022-08-20T13:50:00.0,11.916666666666666
CH82,KR_U283,KR1809,3.3,22.6,2022-07-02,08:33:00.0,2022-07-02,11:51:00.0,8,11,July,Saturday,198.0,Weekend,52,2022-07-02T08:33:00.0,2022-07-02T11:51:00.0,8.55
CH82,KR_U283,KR1810,4.383333333333334,29.9,2022-07-09,19:47:00.0,2022-07-10,00:10:00.0,19,0,July,Saturday,263.0,Weekend,52,2022-07-09T19:47:00.0,2022-07-10T00:10:00.0,19.783333333333335
CH82,KR_U283,KR1811,6.183333333333334,40.3,2022-07-10,19:00:00.0,2022-07-11,01:11:00.0,19,1,July,Sunday,371.0,Weekend,52,2022-07-10T19:00:00.0,2022-07-11T01:11:00.0,19.0
CH82,KR_U283,KR1812,5.716666666666667,39.2,2022-07-16,20:42:00.0,2022-07-17,02:25:00.0,20,2,July,Saturday,343.0,Weekend,52,2022-07-16T20:42:00.0,2022-07-17T02:25:00.0,20.7
CH82,KR_U283,KR1813,5.166666666666667,35.2,2022-07-22,18:01:00.0,2022-07-22,23:11:00.0,18,23,July,Friday,310.0,Weekday,52,2022-07-22T18:01:00.0,2022-07-22T23:11:00.0,18.016666666666666
CH82,KR_U283,KR1814,6.116666666666666,41.7,2022-07-29,18:07:00.0,2022-07-30,00:14:00.0,18,0,July,Friday,367.0,Weekday,52,2022-07-29T18:07:00.0,2022-07-30T00:14:00.0,18.116666666666667
CH82,KR_U283,KR1815,3.6333333333333333,25.0,2022-06-02,18:36:00.0,2022-06-02,22:14:00.0,18,22,June,Thursday,218.0,Weekday,52,2022-06-02T18:36:00.0,2022-06-02T22:14:00.0,18.6
CH82,KR_U283,KR1816,4.65,32.2,2022-06-10,18:00:00.0,2022-06-10,22:39:00.0,18,22,June,Friday,279.0,Weekday,52,2022-06-10T18:00:00.0,2022-06-10T22:39:00.0,18.0
CH82,KR_U283,KR1817,5.816666666666666,40.4,2022-06-15,19:34:00.0,2022-06-16,01:23:00.0,19,1,June,Wednesday,349.0,Weekday,52,2022-06-15T19:34:00.0,2022-06-16T01:23:00.0,19.566666666666666
CH82,KR_U283,KR1818,4.433333333333334,30.5,2022-06-18,19:07:00.0,2022-06-18,23:33:00.0,19,23,June,Saturday,266.0,Weekend,52,2022-06-18T19:07:00.0,2022-06-18T23:33:00.0,19.116666666666667
CH82,KR_U283,KR1819,2.5833333333333335,17.7,2022-06-21,21:37:00.0,2022-06-22,00:12:00.0,21,0,June,Tuesday,155.0,Weekday,52,2022-06-21T21:37:00.0,2022-06-22T00:12:00.0,21.616666666666667
CH82,KR_U283,KR1820,2.9833333333333334,20.2,2022-06-26,13:51:00.0,2022-06-26,16:50:00.0,13,16,June,Sunday,179.0,Weekend,52,2022-06-26T13:51:00.0,2022-06-26T16:50:00.0,13.85
CH82,KR_U283,KR1821,5.716666666666667,39.9,2022-05-04,20:50:00.0,2022-05-05,02:33:00.0,20,2,May,Wednesday,343.0,Weekday,52,2022-05-04T20:50:00.0,2022-05-05T02:33:00.0,20.833333333333332
CH82,KR_U283,KR1822,2.933333333333333,20.4,2022-05-05,10:59:00.0,2022-05-05,13:55:00.0,10,13,May,Thursday,176.0,Weekday,52,2022-05-05T10:59:00.0,2022-05-05T13:55:00.0,10.983333333333333
CH82,KR_U283,KR1823,3.6333333333333333,25.0,2022-05-14,18:04:00.0,2022-05-14,21:42:00.0,18,21,May,Saturday,218.0,Weekend,52,2022-05-14T18:04:00.0,2022-05-14T21:42:00.0,18.066666666666666
CH82,KR_U283,KR1824,2.95,20.2,2022-05-26,18:23:00.0,2022-05-26,21:20:00.0,18,21,May,Thursday,177.0,Weekday,52,2022-05-26T18:23:00.0,2022-05-26T21:20:00.0,18.383333333333333
CH82,KR_U283,KR1825,4.633333333333334,32.0,2022-05-28,17:37:00.0,2022-05-28,22:15:00.0,17,22,May,Saturday,278.0,Weekend,52,2022-05-28T17:37:00.0,2022-05-28T22:15:00.0,17.616666666666667
CH82,KR_U283,KR1826,0.5833333333333334,4.0,2022-04-01,18:04:00.0,2022-04-01,18:39:00.0,18,18,April,Friday,35.0,Weekday,52,2022-04-01T18:04:00.0,2022-04-01T18:39:00.0,18.066666666666666
CH82,KR_U283,KR1827,3.816666666666667,24.2,2022-04-01,19:18:00.0,2022-04-01,23:07:00.0,19,23,April,Friday,229.0,Weekday,52,2022-04-01T19:18:00.0,2022-04-01T23:07:00.0,19.3
CH82,KR_U283,KR1828,3.2333333333333334,22.5,2022-04-02,14:48:00.0,2022-04-02,18:02:00.0,14,18,April,Saturday,194.0,Weekend,52,2022-04-02T14:48:00.0,2022-04-02T18:02:00.0,14.8
CH82,KR_U283,KR1829,3.9166666666666665,27.3,2022-04-07,15:25:00.0,2022-04-07,19:20:00.0,15,19,April,Thursday,235.0,Weekday,52,2022-04-07T15:25:00.0,2022-04-07T19:20:00.0,15.416666666666666
CH82,KR_U283,KR1830,2.033333333333333,12.3,2022-04-08,07:10:00.0,2022-04-08,09:12:00.0,7,9,April,Friday,122.0,Weekday,52,2022-04-08T07:10:00.0,2022-04-08T09:12:00.0,7.166666666666667
CH82,KR_U283,KR1831,1.8666666666666667,13.1,2022-04-10,12:00:00.0,2022-04-10,13:52:00.0,12,13,April,Sunday,112.0,Weekend,52,2022-04-10T12:00:00.0,2022-04-10T13:52:00.0,12.0
CH82,KR_U283,KR1832,6.883333333333334,46.1,2022-04-19,22:29:00.0,2022-04-20,05:22:00.0,22,5,April,Tuesday,413.0,Weekday,52,2022-04-19T22:29:00.0,2022-04-20T05:22:00.0,22.483333333333334
CH82,KR_U283,KR1833,0.9666666666666667,6.7,2022-04-23,09:02:00.0,2022-04-23,10:00:00.0,9,10,April,Saturday,58.0,Weekend,52,2022-04-23T09:02:00.0,2022-04-23T10:00:00.0,9.033333333333333
CH82,KR_U283,KR1834,0.7833333333333333,5.5,2022-04-23,11:31:00.0,2022-04-23,12:18:00.0,11,12,April,Saturday,47.0,Weekend,52,2022-04-23T11:31:00.0,2022-04-23T12:18:00.0,11.516666666666667
CH82,KR_U283,KR1835,2.3833333333333333,16.6,2022-04-30,08:50:00.0,2022-04-30,11:13:00.0,8,11,April,Saturday,143.0,Weekend,52,2022-04-30T08:50:00.0,2022-04-30T11:13:00.0,8.833333333333334
CH82,KR_U283,KR1836,5.866666666666666,39.1,2022-03-04,18:52:00.0,2022-03-05,00:44:00.0,18,0,March,Friday,352.0,Weekday,52,2022-03-04T18:52:00.0,2022-03-05T00:44:00.0,18.866666666666667
CH82,KR_U283,KR1837,3.15,21.8,2022-03-05,14:42:00.0,2022-03-05,17:51:00.0,14,17,March,Saturday,189.0,Weekend,52,2022-03-05T14:42:00.0,2022-03-05T17:51:00.0,14.7
CH82,KR_U283,KR1838,5.3,36.8,2022-03-12,16:02:00.0,2022-03-12,21:20:00.0,16,21,March,Saturday,318.0,Weekend,52,2022-03-12T16:02:00.0,2022-03-12T21:20:00.0,16.033333333333335
CH82,KR_U283,KR1839,7.416666666666667,49.8,2022-03-19,15:16:00.0,2022-03-19,22:41:00.0,15,22,March,Saturday,445.0,Weekend,52,2022-03-19T15:16:00.0,2022-03-19T22:41:00.0,15.266666666666667
CH82,KR_U283,KR1840,7.133333333333334,48.0,2022-03-26,15:06:00.0,2022-03-26,22:14:00.0,15,22,March,Saturday,428.0,Weekend,52,2022-03-26T15:06:00.0,2022-03-26T22:14:00.0,15.1
CH82,KR_U283,KR1841,1.7166666666666666,11.8,2022-03-27,14:15:00.0,2022-03-27,15:58:00.0,14,15,March,Sunday,103.0,Weekend,52,2022-03-27T14:15:00.0,2022-03-27T15:58:00.0,14.25
CH82,KR_U283,KR1842,4.6,30.7,2022-02-02,10:36:00.0,2022-02-02,15:12:00.0,10,15,February,Wednesday,276.0,Weekday,52,2022-02-02T10:36:00.0,2022-02-02T15:12:00.0,10.6
CH82,KR_U283,KR1843,2.716666666666667,18.1,2022-02-05,07:40:00.0,2022-02-05,10:23:00.0,7,10,February,Saturday,163.0,Weekend,52,2022-02-05T07:40:00.0,2022-02-05T10:23:00.0,7.666666666666667
CH82,KR_U283,KR1844,2.0,11.9,2022-02-05,14:02:00.0,2022-02-05,16:02:00.0,14,16,February,Saturday,120.0,Weekend,52,2022-02-05T14:02:00.0,2022-02-05T16:02:00.0,14.033333333333333
CH82,KR_U283,KR1845,4.383333333333334,28.6,2022-02-12,12:17:00.0,2022-02-12,16:40:00.0,12,16,February,Saturday,263.0,Weekend,52,2022-02-12T12:17:00.0,2022-02-12T16:40:00.0,12.283333333333333
CH82,KR_U283,KR1846,7.683333333333334,51.7,2022-02-19,15:52:00.0,2022-02-19,23:33:00.0,15,23,February,Saturday,461.0,Weekend,52,2022-02-19T15:52:00.0,2022-02-19T23:33:00.0,15.866666666666667
CH82,KR_U283,KR1847,5.55,38.9,2022-01-01,11:26:00.0,2022-01-01,16:59:00.0,11,16,January,Saturday,333.0,Weekend,52,2022-01-01T11:26:00.0,2022-01-01T16:59:00.0,11.433333333333334
CH82,KR_U283,KR1848,2.5,17.4,2022-01-02,12:44:00.0,2022-01-02,15:14:00.0,12,15,January,Sunday,150.0,Weekend,52,2022-01-02T12:44:00.0,2022-01-02T15:14:00.0,12.733333333333333
CH82,KR_U283,KR1849,1.7,11.9,2022-01-08,16:27:00.0,2022-01-08,18:09:00.0,16,18,January,Saturday,102.0,Weekend,52,2022-01-08T16:27:00.0,2022-01-08T18:09:00.0,16.45
CH82,KR_U283,KR1850,6.75,45.3,2022-01-09,08:00:00.0,2022-01-09,14:45:00.0,8,14,January,Sunday,405.0,Weekend,52,2022-01-09T08:00:00.0,2022-01-09T14:45:00.0,8.0
CH82,KR_U283,KR1851,4.716666666666667,31.0,2022-01-14,18:26:00.0,2022-01-14,23:09:00.0,18,23,January,Friday,283.0,Weekday,52,2022-01-14T18:26:00.0,2022-01-14T23:09:00.0,18.433333333333334
CH82,KR_U283,KR1852,3.933333333333333,27.1,2022-01-16,13:56:00.0,2022-01-16,17:52:00.0,13,17,January,Sunday,236.0,Weekend,52,2022-01-16T13:56:00.0,2022-01-16T17:52:00.0,13.933333333333334
CH82,KR_U283,KR1853,4.733333333333333,31.1,2022-01-20,18:44:00.0,2022-01-20,23:28:00.0,18,23,January,Thursday,284.0,Weekday,52,2022-01-20T18:44:00.0,2022-01-20T23:28:00.0,18.733333333333334
CH82,KR_U283,KR1854,3.95,25.7,2022-01-22,15:35:00.0,2022-01-22,19:32:00.0,15,19,January,Saturday,237.0,Weekend,52,2022-01-22T15:35:00.0,2022-01-22T19:32:00.0,15.583333333333334
CH82,KR_U283,KR1855,5.05,33.6,2022-01-24,18:52:00.0,2022-01-24,23:55:00.0,18,23,January,Monday,303.0,Weekday,52,2022-01-24T18:52:00.0,2022-01-24T23:55:00.0,18.866666666666667
CH82,KR_U283,KR1856,6.233333333333333,42.0,2022-01-31,17:41:00.0,2022-01-31,23:55:00.0,17,23,January,Monday,374.0,Weekday,52,2022-01-31T17:41:00.0,2022-01-31T23:55:00.0,17.683333333333334
CH82,KR_U283,KR1857,3.6333333333333333,25.1,2021-12-02,19:43:00.0,2021-12-02,23:21:00.0,19,23,December,Thursday,218.0,Weekday,52,2021-12-02T19:43:00.0,2021-12-02T23:21:00.0,19.716666666666665
CH82,KR_U283,KR1858,3.9166666666666665,27.5,2021-12-03,20:34:00.0,2021-12-04,00:29:00.0,20,0,December,Friday,235.0,Weekday,52,2021-12-03T20:34:00.0,2021-12-04T00:29:00.0,20.566666666666666
CH82,KR_U283,KR1859,0.3,2.1,2021-12-10,18:16:00.0,2021-12-10,18:34:00.0,18,18,December,Friday,18.0,Weekday,52,2021-12-10T18:16:00.0,2021-12-10T18:34:00.0,18.266666666666666
CH82,KR_U283,KR1860,3.683333333333333,25.6,2021-12-10,18:43:00.0,2021-12-10,22:24:00.0,18,22,December,Friday,221.0,Weekday,52,2021-12-10T18:43:00.0,2021-12-10T22:24:00.0,18.716666666666665
CH82,KR_U283,KR1861,4.383333333333334,30.6,2021-12-13,19:09:00.0,2021-12-13,23:32:00.0,19,23,December,Monday,263.0,Weekday,52,2021-12-13T19:09:00.0,2021-12-13T23:32:00.0,19.15
CH82,KR_U283,KR1862,2.7666666666666666,19.2,2021-12-21,19:16:00.0,2021-12-21,22:02:00.0,19,22,December,Tuesday,166.0,Weekday,52,2021-12-21T19:16:00.0,2021-12-21T22:02:00.0,19.266666666666666
CH82,KR_U283,KR1863,0.48333333333333334,3.3,2021-12-21,22:08:00.0,2021-12-21,22:37:00.0,22,22,December,Tuesday,29.0,Weekday,52,2021-12-21T22:08:00.0,2021-12-21T22:37:00.0,22.133333333333333
CH82,KR_U283,KR1864,3.1,21.3,2021-12-25,11:46:00.0,2021-12-25,14:52:00.0,11,14,December,Saturday,186.0,Weekend,52,2021-12-25T11:46:00.0,2021-12-25T14:52:00.0,11.766666666666667
CH82,KR_U283,KR1865,1.1,7.7,2021-11-09,21:21:00.0,2021-11-09,22:27:00.0,21,22,November,Tuesday,66.0,Weekday,52,2021-11-09T21:21:00.0,2021-11-09T22:27:00.0,21.35
CH82,KR_U283,KR1866,0.65,4.6,2021-11-11,18:06:00.0,2021-11-11,18:45:00.0,18,18,November,Thursday,39.0,Weekday,52,2021-11-11T18:06:00.0,2021-11-11T18:45:00.0,18.1
CH82,KR_U283,KR1867,3.2,22.4,2021-11-13,14:35:00.0,2021-11-13,17:47:00.0,14,17,November,Saturday,192.0,Weekend,52,2021-11-13T14:35:00.0,2021-11-13T17:47:00.0,14.583333333333334
CH82,KR_U283,KR1868,2.1166666666666667,14.5,2021-11-14,12:21:00.0,2021-11-14,14:28:00.0,12,14,November,Sunday,127.0,Weekend,52,2021-11-14T12:21:00.0,2021-11-14T14:28:00.0,12.35
CH82,KR_U283,KR1869,4.0,27.9,2021-11-19,22:15:00.0,2021-11-20,02:15:00.0,22,2,November,Friday,240.0,Weekday,52,2021-11-19T22:15:00.0,2021-11-20T02:15:00.0,22.25
CH82,KR_U283,KR1870,3.283333333333333,23.2,2021-11-24,18:59:00.0,2021-11-24,22:16:00.0,18,22,November,Wednesday,197.0,Weekday,52,2021-11-24T18:59:00.0,2021-11-24T22:16:00.0,18.983333333333334
CH82,KR_U283,KR1871,1.3833333333333333,9.5,2021-11-24,22:23:00.0,2021-11-24,23:46:00.0,22,23,November,Wednesday,83.0,Weekday,52,2021-11-24T22:23:00.0,2021-11-24T23:46:00.0,22.383333333333333
CH82,KR_U283,KR1872,4.266666666666667,29.5,2021-11-26,20:58:00.0,2021-11-27,01:14:00.0,20,1,November,Friday,256.0,Weekday,52,2021-11-26T20:58:00.0,2021-11-27T01:14:00.0,20.966666666666665
CH82,KR_U283,KR1873,3.5833333333333335,24.9,2021-11-28,15:09:00.0,2021-11-28,18:44:00.0,15,18,November,Sunday,215.0,Weekend,52,2021-11-28T15:09:00.0,2021-11-28T18:44:00.0,15.15
CH82,KR_U283,KR1874,2.5833333333333335,17.7,2021-10-01,18:14:00.0,2021-10-01,20:49:00.0,18,20,October,Friday,155.0,Weekday,52,2021-10-01T18:14:00.0,2021-10-01T20:49:00.0,18.233333333333334
CH82,KR_U283,KR1875,3.8,26.2,2021-10-03,18:47:00.0,2021-10-03,22:35:00.0,18,22,October,Sunday,228.0,Weekend,52,2021-10-03T18:47:00.0,2021-10-03T22:35:00.0,18.783333333333335
CH82,KR_U283,KR1876,2.683333333333333,18.5,2021-10-08,19:24:00.0,2021-10-08,22:05:00.0,19,22,October,Friday,161.0,Weekday,52,2021-10-08T19:24:00.0,2021-10-08T22:05:00.0,19.4
CH82,KR_U283,KR1877,3.35,22.9,2021-10-10,14:09:00.0,2021-10-10,17:30:00.0,14,17,October,Sunday,201.0,Weekend,52,2021-10-10T14:09:00.0,2021-10-10T17:30:00.0,14.15
CH82,KR_U283,KR1878,3.3833333333333333,23.8,2021-10-17,13:57:00.0,2021-10-17,17:20:00.0,13,17,October,Sunday,203.0,Weekend,52,2021-10-17T13:57:00.0,2021-10-17T17:20:00.0,13.95
CH82,KR_U283,KR1879,4.466666666666667,31.1,2021-10-22,18:08:00.0,2021-10-22,22:36:00.0,18,22,October,Friday,268.0,Weekday,52,2021-10-22T18:08:00.0,2021-10-22T22:36:00.0,18.133333333333333
CH82,KR_U283,KR1880,3.966666666666667,27.5,2021-10-24,17:38:00.0,2021-10-24,21:36:00.0,17,21,October,Sunday,238.0,Weekend,52,2021-10-24T17:38:00.0,2021-10-24T21:36:00.0,17.633333333333333
CH82,KR_U283,KR1881,2.75,19.0,2021-10-28,19:19:00.0,2021-10-28,22:04:00.0,19,22,October,Thursday,165.0,Weekday,52,2021-10-28T19:19:00.0,2021-10-28T22:04:00.0,19.316666666666666
CH82,KR_U283,KR1882,2.3833333333333333,16.4,2021-10-30,12:16:00.0,2021-10-30,14:39:00.0,12,14,October,Saturday,143.0,Weekend,52,2021-10-30T12:16:00.0,2021-10-30T14:39:00.0,12.266666666666667
CH82,KR_U283,KR1883,1.0833333333333333,7.6,2021-10-31,08:37:00.0,2021-10-31,09:42:00.0,8,9,October,Sunday,65.0,Weekend,52,2021-10-31T08:37:00.0,2021-10-31T09:42:00.0,8.616666666666667
CH88,KR_U186,KR1912,0.26666666666666666,1.8,2022-07-23,14:19:00.0,2022-07-23,14:35:00.0,14,14,July,Saturday,16.0,Weekend,13,2022-07-23T14:19:00.0,2022-07-23T14:35:00.0,14.316666666666666
CH88,KR_U186,KR1913,5.6,19.8,2022-04-30,17:03:00.0,2022-04-30,22:39:00.0,17,22,April,Saturday,336.0,Weekend,13,2022-04-30T17:03:00.0,2022-04-30T22:39:00.0,17.05
CH88,KR_U186,KR1914,2.4166666666666665,13.9,2022-02-19,13:54:00.0,2022-02-19,16:19:00.0,13,16,February,Saturday,145.0,Weekend,13,2022-02-19T13:54:00.0,2022-02-19T16:19:00.0,13.9
CH88,KR_U186,KR1915,1.1833333333333333,7.6,2021-12-02,10:15:00.0,2021-12-02,11:26:00.0,10,11,December,Thursday,71.0,Weekday,13,2021-12-02T10:15:00.0,2021-12-02T11:26:00.0,10.25
CH88,KR_U186,KR1916,2.966666666666667,17.6,2021-11-02,11:47:00.0,2021-11-02,14:45:00.0,11,14,November,Tuesday,178.0,Weekday,13,2021-11-02T11:47:00.0,2021-11-02T14:45:00.0,11.783333333333333
CH88,KR_U186,KR1917,3.6166666666666667,17.4,2021-11-08,10:55:00.0,2021-11-08,14:32:00.0,10,14,November,Monday,217.0,Weekday,13,2021-11-08T10:55:00.0,2021-11-08T14:32:00.0,10.916666666666666
CH88,KR_U186,KR1918,5.833333333333333,23.0,2021-10-16,15:25:00.0,2021-10-16,21:15:00.0,15,21,October,Saturday,350.0,Weekend,13,2021-10-16T15:25:00.0,2021-10-16T21:15:00.0,15.416666666666666
CH92,KR_U283,KR1940,2.0166666666666666,14.0,2022-09-24,09:57:00.0,2022-09-24,11:58:00.0,9,11,September,Saturday,121.0,Weekend,52,2022-09-24T09:57:00.0,2022-09-24T11:58:00.0,9.95
CH92,KR_U283,KR1941,3.216666666666667,22.3,2022-09-22,19:42:00.0,2022-09-22,22:55:00.0,19,22,September,Thursday,193.0,Weekday,52,2022-09-22T19:42:00.0,2022-09-22T22:55:00.0,19.7
CH92,KR_U283,KR1942,2.566666666666667,17.4,2022-09-17,08:23:00.0,2022-09-17,10:57:00.0,8,10,September,Saturday,154.0,Weekend,52,2022-09-17T08:23:00.0,2022-09-17T10:57:00.0,8.383333333333333
CH92,KR_U283,KR1943,1.3666666666666667,9.3,2022-08-28,15:07:00.0,2022-08-28,16:29:00.0,15,16,August,Sunday,82.0,Weekend,52,2022-08-28T15:07:00.0,2022-08-28T16:29:00.0,15.116666666666667
CH92,KR_U283,KR1944,5.833333333333333,39.8,2022-08-20,17:28:00.0,2022-08-20,23:18:00.0,17,23,August,Saturday,350.0,Weekend,52,2022-08-20T17:28:00.0,2022-08-20T23:18:00.0,17.466666666666665
CH92,KR_U283,KR1945,3.183333333333333,21.5,2022-08-16,18:16:00.0,2022-08-16,21:27:00.0,18,21,August,Tuesday,191.0,Weekday,52,2022-08-16T18:16:00.0,2022-08-16T21:27:00.0,18.266666666666666
CH92,KR_U283,KR1946,4.083333333333333,28.1,2022-07-02,19:38:00.0,2022-07-02,23:43:00.0,19,23,July,Saturday,244.99999999999997,Weekend,52,2022-07-02T19:38:00.0,2022-07-02T23:43:00.0,19.633333333333333
CH92,KR_U283,KR1947,4.55,30.9,2022-07-08,18:29:00.0,2022-07-08,23:02:00.0,18,23,July,Friday,273.0,Weekday,52,2022-07-08T18:29:00.0,2022-07-08T23:02:00.0,18.483333333333334
CH92,KR_U283,KR1948,3.3833333333333333,23.6,2022-05-31,23:30:00.0,2022-06-01,02:53:00.0,23,2,May,Tuesday,203.0,Weekday,52,2022-05-31T23:30:00.0,2022-06-01T02:53:00.0,23.5
CH92,KR_U283,KR1949,2.0,13.8,2022-06-24,23:54:00.0,2022-06-25,01:54:00.0,23,1,June,Friday,120.0,Weekday,52,2022-06-24T23:54:00.0,2022-06-25T01:54:00.0,23.9
CH92,KR_U283,KR1950,1.7833333333333334,12.3,2022-05-08,09:58:00.0,2022-05-08,11:45:00.0,9,11,May,Sunday,107.0,Weekend,52,2022-05-08T09:58:00.0,2022-05-08T11:45:00.0,9.966666666666667
CH92,KR_U283,KR1951,4.75,33.2,2022-05-19,21:30:00.0,2022-05-20,02:15:00.0,21,2,May,Thursday,285.0,Weekday,52,2022-05-19T21:30:00.0,2022-05-20T02:15:00.0,21.5
CH92,KR_U283,KR1952,3.1333333333333333,21.8,2022-04-08,20:24:00.0,2022-04-08,23:32:00.0,20,23,April,Friday,188.0,Weekday,52,2022-04-08T20:24:00.0,2022-04-08T23:32:00.0,20.4
CH92,KR_U283,KR1953,4.966666666666667,34.4,2022-04-16,16:54:00.0,2022-04-16,21:52:00.0,16,21,April,Saturday,298.0,Weekend,52,2022-04-16T16:54:00.0,2022-04-16T21:52:00.0,16.9
CH92,KR_U283,KR1954,4.766666666666667,31.7,2022-03-08,18:39:00.0,2022-03-08,23:25:00.0,18,23,March,Tuesday,286.0,Weekday,52,2022-03-08T18:39:00.0,2022-03-08T23:25:00.0,18.65
CH92,KR_U283,KR1955,0.8,5.5,2022-03-26,08:41:00.0,2022-03-26,09:29:00.0,8,9,March,Saturday,48.0,Weekend,52,2022-03-26T08:41:00.0,2022-03-26T09:29:00.0,8.683333333333334
CH92,KR_U283,KR1956,5.383333333333334,36.1,2022-02-06,22:02:00.0,2022-02-07,03:25:00.0,22,3,February,Sunday,323.0,Weekend,52,2022-02-06T22:02:00.0,2022-02-07T03:25:00.0,22.033333333333335
CH92,KR_U283,KR1957,4.666666666666667,30.9,2022-02-26,12:48:00.0,2022-02-26,17:28:00.0,12,17,February,Saturday,280.0,Weekend,52,2022-02-26T12:48:00.0,2022-02-26T17:28:00.0,12.8
CH92,KR_U283,KR1958,6.483333333333333,43.2,2022-01-07,18:17:00.0,2022-01-08,00:46:00.0,18,0,January,Friday,389.0,Weekday,52,2022-01-07T18:17:00.0,2022-01-08T00:46:00.0,18.283333333333335
CH92,KR_U283,KR1959,5.133333333333334,35.9,2021-12-05,18:03:00.0,2021-12-05,23:11:00.0,18,23,December,Sunday,308.0,Weekend,52,2021-12-05T18:03:00.0,2021-12-05T23:11:00.0,18.05
CH92,KR_U283,KR1960,5.216666666666667,36.4,2021-12-29,18:01:00.0,2021-12-29,23:14:00.0,18,23,December,Wednesday,313.0,Weekday,52,2021-12-29T18:01:00.0,2021-12-29T23:14:00.0,18.016666666666666
CH92,KR_U283,KR1961,3.433333333333333,23.9,2021-11-06,18:15:00.0,2021-11-06,21:41:00.0,18,21,November,Saturday,206.0,Weekend,52,2021-11-06T18:15:00.0,2021-11-06T21:41:00.0,18.25
CH123,KR_U42,KR2057,0.26666666666666666,1.9,2022-08-06,10:43:00.0,2022-08-06,10:59:00.0,10,10,August,Saturday,16.0,Weekend,8,2022-08-06T10:43:00.0,2022-08-06T10:59:00.0,10.716666666666667
CH123,KR_U42,KR2058,3.183333333333333,23.2,2022-08-26,08:58:00.0,2022-08-26,12:09:00.0,8,12,August,Friday,191.0,Weekday,8,2022-08-26T08:58:00.0,2022-08-26T12:09:00.0,8.966666666666667
CH123,KR_U42,KR2059,0.2833333333333333,2.1,2022-08-16,15:48:00.0,2022-08-16,16:05:00.0,15,16,August,Tuesday,17.0,Weekday,8,2022-08-16T15:48:00.0,2022-08-16T16:05:00.0,15.8
CH123,KR_U42,KR2060,1.5333333333333334,11.1,2022-08-16,11:44:00.0,2022-08-16,13:16:00.0,11,13,August,Tuesday,92.0,Weekday,8,2022-08-16T11:44:00.0,2022-08-16T13:16:00.0,11.733333333333333
CH123,KR_U42,KR2061,4.283333333333333,31.0,2022-07-18,21:27:00.0,2022-07-19,01:44:00.0,21,1,July,Monday,257.0,Weekday,8,2022-07-18T21:27:00.0,2022-07-19T01:44:00.0,21.45
CH123,KR_U42,KR2062,3.0166666666666666,21.8,2022-07-25,13:18:00.0,2022-07-25,16:19:00.0,13,16,July,Monday,181.0,Weekday,8,2022-07-25T13:18:00.0,2022-07-25T16:19:00.0,13.3
CH123,KR_U42,KR2063,2.4833333333333334,17.9,2022-07-26,13:37:00.0,2022-07-26,16:06:00.0,13,16,July,Tuesday,149.0,Weekday,8,2022-07-26T13:37:00.0,2022-07-26T16:06:00.0,13.616666666666667
CH123,KR_U42,KR2064,2.933333333333333,21.2,2022-04-13,21:42:00.0,2022-04-14,00:38:00.0,21,0,April,Wednesday,176.0,Weekday,8,2022-04-13T21:42:00.0,2022-04-14T00:38:00.0,21.7
CH123,KR_U42,KR2065,2.2333333333333334,16.29,2022-04-26,22:07:00.0,2022-04-27,00:21:00.0,22,0,April,Tuesday,134.0,Weekday,8,2022-04-26T22:07:00.0,2022-04-27T00:21:00.0,22.116666666666667
CH123,KR_U64,KR2066,2.05,13.8,2022-09-29,07:08:00.0,2022-09-29,09:11:00.0,7,9,September,Thursday,122.99999999999999,Weekday,9,2022-09-29T07:08:00.0,2022-09-29T09:11:00.0,7.133333333333334
CH123,KR_U64,KR2067,2.6,17.5,2022-07-29,07:29:00.0,2022-07-29,10:05:00.0,7,10,July,Friday,156.0,Weekday,9,2022-07-29T07:29:00.0,2022-07-29T10:05:00.0,7.483333333333333
CH123,KR_U64,KR2068,2.3666666666666667,15.9,2022-06-29,17:02:00.0,2022-06-29,19:24:00.0,17,19,June,Wednesday,142.0,Weekday,9,2022-06-29T17:02:00.0,2022-06-29T19:24:00.0,17.033333333333335
CH123,KR_U64,KR2069,3.5,24.0,2022-05-29,01:37:00.0,2022-05-29,05:07:00.0,1,5,May,Sunday,210.0,Weekend,9,2022-05-29T01:37:00.0,2022-05-29T05:07:00.0,1.6166666666666667
CH123,KR_U64,KR2070,1.6833333333333333,8.5,2021-10-19,04:50:00.0,2021-10-19,06:31:00.0,4,6,October,Tuesday,101.0,Weekday,9,2021-10-19T04:50:00.0,2021-10-19T06:31:00.0,4.833333333333333
CH123,KR_U186,KR2164,10.433333333333334,19.9,2022-09-13,19:44:00.0,2022-09-14,06:10:00.0,19,6,September,Tuesday,626.0,Weekday,13,2022-09-13T19:44:00.0,2022-09-14T06:10:00.0,19.733333333333334
CH123,KR_U186,KR2165,10.866666666666667,25.79,2022-08-14,12:18:00.0,2022-08-14,23:10:00.0,12,23,August,Sunday,652.0,Weekend,13,2022-08-14T12:18:00.0,2022-08-14T23:10:00.0,12.3
CH123,KR_U186,KR2166,10.383333333333333,24.0,2022-08-11,21:47:00.0,2022-08-12,08:10:00.0,21,8,August,Thursday,623.0,Weekday,13,2022-08-11T21:47:00.0,2022-08-12T08:10:00.0,21.783333333333335
CH123,KR_U186,KR2167,10.383333333333333,23.9,2022-08-08,19:47:00.0,2022-08-09,06:10:00.0,19,6,August,Monday,623.0,Weekday,13,2022-08-08T19:47:00.0,2022-08-09T06:10:00.0,19.783333333333335
CH123,KR_U186,KR2168,1.0166666666666666,6.7,2022-07-20,12:47:00.0,2022-07-20,13:48:00.0,12,13,July,Wednesday,61.0,Weekday,13,2022-07-20T12:47:00.0,2022-07-20T13:48:00.0,12.783333333333333
CH123,KR_U186,KR2169,4.8,20.5,2022-06-10,18:37:00.0,2022-06-10,23:25:00.0,18,23,June,Friday,288.0,Weekday,13,2022-06-10T18:37:00.0,2022-06-10T23:25:00.0,18.616666666666667
CH123,KR_U186,KR2170,5.05,20.7,2022-06-17,18:43:00.0,2022-06-17,23:46:00.0,18,23,June,Friday,303.0,Weekday,13,2022-06-17T18:43:00.0,2022-06-17T23:46:00.0,18.716666666666665
CH123,KR_U186,KR2171,0.9333333333333333,6.2,2022-06-29,12:32:00.0,2022-06-29,13:28:00.0,12,13,June,Wednesday,56.0,Weekday,13,2022-06-29T12:32:00.0,2022-06-29T13:28:00.0,12.533333333333333
CH123,KR_U186,KR2172,4.85,20.6,2022-05-29,14:23:00.0,2022-05-29,19:14:00.0,14,19,May,Sunday,291.0,Weekend,13,2022-05-29T14:23:00.0,2022-05-29T19:14:00.0,14.383333333333333
CH123,KR_U186,KR2173,0.1,0.6,2022-04-12,19:05:00.0,2022-04-12,19:11:00.0,19,19,April,Tuesday,6.0,Weekday,13,2022-04-12T19:05:00.0,2022-04-12T19:11:00.0,19.083333333333332
CH123,KR_U186,KR2174,4.383333333333334,16.2,2022-04-12,21:00:00.0,2022-04-13,01:23:00.0,21,1,April,Tuesday,263.0,Weekday,13,2022-04-12T21:00:00.0,2022-04-13T01:23:00.0,21.0
CH123,KR_U186,KR2175,5.283333333333333,18.1,2022-04-20,19:33:00.0,2022-04-21,00:50:00.0,19,0,April,Wednesday,317.0,Weekday,13,2022-04-20T19:33:00.0,2022-04-21T00:50:00.0,19.55
CH123,KR_U186,KR2176,3.95,18.29,2022-03-11,21:03:00.0,2022-03-12,01:00:00.0,21,1,March,Friday,237.0,Weekday,13,2022-03-11T21:03:00.0,2022-03-12T01:00:00.0,21.05
CH123,KR_U186,KR2177,3.8666666666666667,19.3,2022-03-24,19:27:00.0,2022-03-24,23:19:00.0,19,23,March,Thursday,232.0,Weekday,13,2022-03-24T19:27:00.0,2022-03-24T23:19:00.0,19.45
CH123,KR_U186,KR2178,4.1,13.39,2022-02-08,19:08:00.0,2022-02-08,23:14:00.0,19,23,February,Tuesday,245.99999999999997,Weekday,13,2022-02-08T19:08:00.0,2022-02-08T23:14:00.0,19.133333333333333
CH123,KR_U186,KR2179,5.85,22.0,2022-01-07,19:00:00.0,2022-01-08,00:51:00.0,19,0,January,Friday,351.0,Weekday,13,2022-01-07T19:00:00.0,2022-01-08T00:51:00.0,19.0
CH123,KR_U186,KR2180,4.233333333333333,18.79,2022-01-22,22:12:00.0,2022-01-23,02:26:00.0,22,2,January,Saturday,254.0,Weekend,13,2022-01-22T22:12:00.0,2022-01-23T02:26:00.0,22.2
CH123,KR_U186,KR2181,4.2,18.9,2021-12-06,19:21:00.0,2021-12-06,23:33:00.0,19,23,December,Monday,252.0,Weekday,13,2021-12-06T19:21:00.0,2021-12-06T23:33:00.0,19.35
CH123,KR_U186,KR2182,3.9166666666666665,19.2,2021-12-09,18:58:00.0,2021-12-09,22:53:00.0,18,22,December,Thursday,235.0,Weekday,13,2021-12-09T18:58:00.0,2021-12-09T22:53:00.0,18.966666666666665
CH123,KR_U186,KR2183,3.6666666666666665,13.4,2021-12-28,18:37:00.0,2021-12-28,22:17:00.0,18,22,December,Tuesday,220.0,Weekday,13,2021-12-28T18:37:00.0,2021-12-28T22:17:00.0,18.616666666666667
CH123,KR_U186,KR2184,5.066666666666666,19.1,2021-12-30,19:25:00.0,2021-12-31,00:29:00.0,19,0,December,Thursday,304.0,Weekday,13,2021-12-30T19:25:00.0,2021-12-31T00:29:00.0,19.416666666666668
CH123,KR_U186,KR2185,5.433333333333334,21.1,2021-10-11,18:57:00.0,2021-10-12,00:23:00.0,18,0,October,Monday,326.0,Weekday,13,2021-10-11T18:57:00.0,2021-10-12T00:23:00.0,18.95
CH123,KR_U186,KR2186,4.35,21.2,2021-10-28,18:38:00.0,2021-10-28,22:59:00.0,18,22,October,Thursday,261.0,Weekday,13,2021-10-28T18:38:00.0,2021-10-28T22:59:00.0,18.633333333333333
CH123,KR_U199,KR2187,1.95,13.6,2022-09-27,21:57:00.0,2022-09-27,23:54:00.0,21,23,September,Tuesday,117.0,Weekday,14,2022-09-27T21:57:00.0,2022-09-27T23:54:00.0,21.95
CH123,KR_U199,KR2188,1.7833333333333334,12.5,2022-09-20,21:46:00.0,2022-09-20,23:33:00.0,21,23,September,Tuesday,107.0,Weekday,14,2022-09-20T21:46:00.0,2022-09-20T23:33:00.0,21.766666666666666
CH123,KR_U199,KR2189,10.983333333333333,17.6,2022-08-09,20:11:00.0,2022-08-10,07:10:00.0,20,7,August,Tuesday,659.0,Weekday,14,2022-08-09T20:11:00.0,2022-08-10T07:10:00.0,20.183333333333334
CH123,KR_U199,KR2190,1.8666666666666667,12.79,2022-08-08,14:21:00.0,2022-08-08,16:13:00.0,14,16,August,Monday,112.0,Weekday,14,2022-08-08T14:21:00.0,2022-08-08T16:13:00.0,14.35
CH123,KR_U199,KR2191,10.566666666666666,17.6,2022-08-05,19:36:00.0,2022-08-06,06:10:00.0,19,6,August,Friday,634.0,Weekday,14,2022-08-05T19:36:00.0,2022-08-06T06:10:00.0,19.6
CH123,KR_U199,KR2192,2.35,16.2,2022-08-04,14:50:00.0,2022-08-04,17:11:00.0,14,17,August,Thursday,141.0,Weekday,14,2022-08-04T14:50:00.0,2022-08-04T17:11:00.0,14.833333333333334
CH123,KR_U199,KR2193,1.9333333333333333,13.6,2022-08-23,22:19:00.0,2022-08-24,00:15:00.0,22,0,August,Tuesday,116.0,Weekday,14,2022-08-23T22:19:00.0,2022-08-24T00:15:00.0,22.316666666666666
CH123,KR_U199,KR2194,0.1,0.7,2022-07-22,22:51:00.0,2022-07-22,22:57:00.0,22,22,July,Friday,6.0,Weekday,14,2022-07-22T22:51:00.0,2022-07-22T22:57:00.0,22.85
CH123,KR_U199,KR2195,1.3666666666666667,9.5,2022-07-28,16:50:00.0,2022-07-28,18:12:00.0,16,18,July,Thursday,82.0,Weekday,14,2022-07-28T16:50:00.0,2022-07-28T18:12:00.0,16.833333333333332
CH123,KR_U199,KR2196,2.35,16.6,2022-06-13,20:11:00.0,2022-06-13,22:32:00.0,20,22,June,Monday,141.0,Weekday,14,2022-06-13T20:11:00.0,2022-06-13T22:32:00.0,20.183333333333334
CH123,KR_U199,KR2197,3.316666666666667,23.2,2022-06-20,19:37:00.0,2022-06-20,22:56:00.0,19,22,June,Monday,199.0,Weekday,14,2022-06-20T19:37:00.0,2022-06-20T22:56:00.0,19.616666666666667
CH123,KR_U199,KR2198,1.5,10.4,2022-06-26,19:44:00.0,2022-06-26,21:14:00.0,19,21,June,Sunday,90.0,Weekend,14,2022-06-26T19:44:00.0,2022-06-26T21:14:00.0,19.733333333333334
CH123,KR_U199,KR2199,1.7833333333333334,12.5,2022-06-27,18:58:00.0,2022-06-27,20:45:00.0,18,20,June,Monday,107.0,Weekday,14,2022-06-27T18:58:00.0,2022-06-27T20:45:00.0,18.966666666666665
CH123,KR_U199,KR2200,3.35,20.7,2022-05-01,17:09:00.0,2022-05-01,20:30:00.0,17,20,May,Sunday,201.0,Weekend,14,2022-05-01T17:09:00.0,2022-05-01T20:30:00.0,17.15
CH123,KR_U199,KR2201,2.183333333333333,15.2,2022-05-03,20:07:00.0,2022-05-03,22:18:00.0,20,22,May,Tuesday,131.0,Weekday,14,2022-05-03T20:07:00.0,2022-05-03T22:18:00.0,20.116666666666667
CH123,KR_U199,KR2202,2.1666666666666665,15.0,2022-05-09,20:57:00.0,2022-05-09,23:07:00.0,20,23,May,Monday,130.0,Weekday,14,2022-05-09T20:57:00.0,2022-05-09T23:07:00.0,20.95
CH123,KR_U199,KR2203,1.9166666666666667,13.4,2022-05-25,20:39:00.0,2022-05-25,22:34:00.0,20,22,May,Wednesday,115.0,Weekday,14,2022-05-25T20:39:00.0,2022-05-25T22:34:00.0,20.65
CH123,KR_U199,KR2204,1.95,13.8,2022-04-19,20:35:00.0,2022-04-19,22:32:00.0,20,22,April,Tuesday,117.0,Weekday,14,2022-04-19T20:35:00.0,2022-04-19T22:32:00.0,20.583333333333332
CH123,KR_U199,KR2205,3.283333333333333,23.2,2022-04-23,16:49:00.0,2022-04-23,20:06:00.0,16,20,April,Saturday,197.0,Weekend,14,2022-04-23T16:49:00.0,2022-04-23T20:06:00.0,16.816666666666666
CH123,KR_U291,KR2232,10.85,51.1,2022-09-11,18:19:00.0,2022-09-12,05:10:00.0,18,5,September,Sunday,651.0,Weekend,18,2022-09-11T18:19:00.0,2022-09-12T05:10:00.0,18.316666666666666
CH123,KR_U291,KR2233,2.2666666666666666,16.3,2022-09-17,14:13:00.0,2022-09-17,16:29:00.0,14,16,September,Saturday,136.0,Weekend,18,2022-09-17T14:13:00.0,2022-09-17T16:29:00.0,14.216666666666667
CH123,KR_U291,KR2234,10.5,29.8,2022-07-06,18:40:00.0,2022-07-07,05:10:00.0,18,5,July,Wednesday,630.0,Weekday,18,2022-07-06T18:40:00.0,2022-07-07T05:10:00.0,18.666666666666668
CH123,KR_U291,KR2235,3.2,23.0,2022-06-12,18:22:00.0,2022-06-12,21:34:00.0,18,21,June,Sunday,192.0,Weekend,18,2022-06-12T18:22:00.0,2022-06-12T21:34:00.0,18.366666666666667
CH123,KR_U291,KR2236,0.25,1.8,2022-05-05,17:23:00.0,2022-05-05,17:38:00.0,17,17,May,Thursday,15.0,Weekday,18,2022-05-05T17:23:00.0,2022-05-05T17:38:00.0,17.383333333333333
CH123,KR_U291,KR2237,4.3,31.0,2022-04-23,20:31:00.0,2022-04-24,00:49:00.0,20,0,April,Saturday,258.0,Weekend,18,2022-04-23T20:31:00.0,2022-04-24T00:49:00.0,20.516666666666666
CH123,KR_U291,KR2238,3.65,26.4,2022-03-09,19:02:00.0,2022-03-09,22:41:00.0,19,22,March,Wednesday,219.0,Weekday,18,2022-03-09T19:02:00.0,2022-03-09T22:41:00.0,19.033333333333335
CH123,KR_U291,KR2239,2.716666666666667,19.7,2022-03-12,14:23:00.0,2022-03-12,17:06:00.0,14,17,March,Saturday,163.0,Weekend,18,2022-03-12T14:23:00.0,2022-03-12T17:06:00.0,14.383333333333333
CH123,KR_U291,KR2240,3.7333333333333334,26.9,2022-01-02,16:43:00.0,2022-01-02,20:27:00.0,16,20,January,Sunday,224.0,Weekend,18,2022-01-02T16:43:00.0,2022-01-02T20:27:00.0,16.716666666666665
CH123,KR_U291,KR2241,2.5,18.2,2021-11-12,13:30:00.0,2021-11-12,16:00:00.0,13,16,November,Friday,150.0,Weekday,18,2021-11-12T13:30:00.0,2021-11-12T16:00:00.0,13.5
CH123,KR_U291,KR2242,1.0166666666666666,7.3,2021-11-21,12:52:00.0,2021-11-21,13:53:00.0,12,13,November,Sunday,61.0,Weekend,18,2021-11-21T12:52:00.0,2021-11-21T13:53:00.0,12.866666666666667
CH123,KR_U291,KR2243,1.2,8.6,2021-11-23,17:25:00.0,2021-11-23,18:37:00.0,17,18,November,Tuesday,72.0,Weekday,18,2021-11-23T17:25:00.0,2021-11-23T18:37:00.0,17.416666666666668
CH123,KR_U291,KR2244,3.0166666666666666,21.8,2021-11-23,21:34:00.0,2021-11-24,00:35:00.0,21,0,November,Tuesday,181.0,Weekday,18,2021-11-23T21:34:00.0,2021-11-24T00:35:00.0,21.566666666666666
CH123,KR_U291,KR2245,5.516666666666667,39.5,2021-10-09,18:45:00.0,2021-10-10,00:16:00.0,18,0,October,Saturday,331.0,Weekend,18,2021-10-09T18:45:00.0,2021-10-10T00:16:00.0,18.75
CH140,KR_U280,KR2300,10.116666666666667,52.2,2022-09-26,23:03:00.0,2022-09-27,09:10:00.0,23,9,September,Monday,607.0,Weekday,30,2022-09-26T23:03:00.0,2022-09-27T09:10:00.0,23.05
CH140,KR_U280,KR2301,10.2,60.8,2022-08-13,06:42:00.0,2022-08-13,16:54:00.0,6,16,August,Saturday,612.0,Weekend,30,2022-08-13T06:42:00.0,2022-08-13T16:54:00.0,6.7
CH140,KR_U280,KR2302,10.466666666666667,59.6,2022-08-06,06:38:00.0,2022-08-06,17:06:00.0,6,17,August,Saturday,628.0,Weekend,30,2022-08-06T06:38:00.0,2022-08-06T17:06:00.0,6.633333333333333
CH140,KR_U280,KR2303,5.983333333333333,40.1,2022-07-13,05:40:00.0,2022-07-13,11:39:00.0,5,11,July,Wednesday,359.0,Weekday,30,2022-07-13T05:40:00.0,2022-07-13T11:39:00.0,5.666666666666667
CH140,KR_U280,KR2304,8.883333333333333,46.89,2022-07-15,05:59:00.0,2022-07-15,14:52:00.0,5,14,July,Friday,533.0,Weekday,30,2022-07-15T05:59:00.0,2022-07-15T14:52:00.0,5.983333333333333
CH140,KR_U280,KR2305,8.8,46.1,2022-07-23,05:41:00.0,2022-07-23,14:29:00.0,5,14,July,Saturday,528.0,Weekend,30,2022-07-23T05:41:00.0,2022-07-23T14:29:00.0,5.683333333333334
CH140,KR_U280,KR2306,7.333333333333333,49.4,2022-06-07,06:46:00.0,2022-06-07,14:06:00.0,6,14,June,Tuesday,440.0,Weekday,30,2022-06-07T06:46:00.0,2022-06-07T14:06:00.0,6.766666666666667
CH140,KR_U280,KR2307,7.916666666666667,40.0,2022-06-19,02:42:00.0,2022-06-19,10:37:00.0,2,10,June,Sunday,475.0,Weekend,30,2022-06-19T02:42:00.0,2022-06-19T10:37:00.0,2.7
CH140,KR_U280,KR2308,1.5833333333333333,10.5,2022-06-28,00:37:00.0,2022-06-28,02:12:00.0,0,2,June,Tuesday,95.0,Weekday,30,2022-06-28T00:37:00.0,2022-06-28T02:12:00.0,0.6166666666666667
CH140,KR_U280,KR2309,6.116666666666666,41.3,2022-05-04,03:18:00.0,2022-05-04,09:25:00.0,3,9,May,Wednesday,367.0,Weekday,30,2022-05-04T03:18:00.0,2022-05-04T09:25:00.0,3.3
CH140,KR_U280,KR2310,6.883333333333334,46.89,2022-05-22,05:49:00.0,2022-05-22,12:42:00.0,5,12,May,Sunday,413.0,Weekend,30,2022-05-22T05:49:00.0,2022-05-22T12:42:00.0,5.816666666666666
CH140,KR_U280,KR2311,7.283333333333333,49.0,2022-05-31,06:51:00.0,2022-05-31,14:08:00.0,6,14,May,Tuesday,437.0,Weekday,30,2022-05-31T06:51:00.0,2022-05-31T14:08:00.0,6.85
CH140,KR_U280,KR2312,8.366666666666667,56.29,2022-04-03,01:13:00.0,2022-04-03,09:35:00.0,1,9,April,Sunday,502.0,Weekend,30,2022-04-03T01:13:00.0,2022-04-03T09:35:00.0,1.2166666666666668
CH140,KR_U280,KR2313,3.3333333333333335,22.6,2022-04-10,00:29:00.0,2022-04-10,03:49:00.0,0,3,April,Sunday,200.0,Weekend,30,2022-04-10T00:29:00.0,2022-04-10T03:49:00.0,0.48333333333333334
CH140,KR_U280,KR2314,5.583333333333333,37.89,2022-04-26,02:21:00.0,2022-04-26,07:56:00.0,2,7,April,Tuesday,335.0,Weekday,30,2022-04-26T02:21:00.0,2022-04-26T07:56:00.0,2.35
CH140,KR_U280,KR2315,6.016666666666667,40.7,2022-04-30,04:08:00.0,2022-04-30,10:09:00.0,4,10,April,Saturday,361.0,Weekend,30,2022-04-30T04:08:00.0,2022-04-30T10:09:00.0,4.133333333333334
CH140,KR_U280,KR2316,5.466666666666667,36.6,2022-03-20,01:15:00.0,2022-03-20,06:43:00.0,1,6,March,Sunday,328.0,Weekend,30,2022-03-20T01:15:00.0,2022-03-20T06:43:00.0,1.25
CH140,KR_U280,KR2317,5.866666666666666,37.6,2022-03-28,21:35:00.0,2022-03-29,03:27:00.0,21,3,March,Monday,352.0,Weekday,30,2022-03-28T21:35:00.0,2022-03-29T03:27:00.0,21.583333333333332
CH155,KR_U186,KR2340,2.85,17.5,2022-06-22,11:54:00.0,2022-06-22,14:45:00.0,11,14,June,Wednesday,171.0,Weekday,13,2022-06-22T11:54:00.0,2022-06-22T14:45:00.0,11.9
CH155,KR_U186,KR2341,2.3833333333333333,13.8,2022-02-28,11:49:00.0,2022-02-28,14:12:00.0,11,14,February,Monday,143.0,Weekday,13,2022-02-28T11:49:00.0,2022-02-28T14:12:00.0,11.816666666666666
CH155,KR_U186,KR2342,0.5666666666666667,3.7,2021-12-14,08:55:00.0,2021-12-14,09:29:00.0,8,9,December,Tuesday,34.0,Weekday,13,2021-12-14T08:55:00.0,2021-12-14T09:29:00.0,8.916666666666666
CH177,KR_U109,KR2428,0.8666666666666667,6.0,2022-07-06,22:48:00.0,2022-07-06,23:40:00.0,22,23,July,Wednesday,52.0,Weekday,2,2022-07-06T22:48:00.0,2022-07-06T23:40:00.0,22.8
CH177,KR_U109,KR2429,2.3666666666666667,16.7,2022-05-31,23:05:00.0,2022-06-01,01:27:00.0,23,1,May,Tuesday,142.0,Weekday,2,2022-05-31T23:05:00.0,2022-06-01T01:27:00.0,23.083333333333332
CH177,KR_U109,KR2430,2.7,19.2,2022-06-16,08:33:00.0,2022-06-16,11:15:00.0,8,11,June,Thursday,162.0,Weekday,2,2022-06-16T08:33:00.0,2022-06-16T11:15:00.0,8.55
CH177,KR_U109,KR2431,2.75,19.4,2022-06-23,21:56:00.0,2022-06-24,00:41:00.0,21,0,June,Thursday,165.0,Weekday,2,2022-06-23T21:56:00.0,2022-06-24T00:41:00.0,21.933333333333334
CH177,KR_U109,KR2432,2.3666666666666667,16.7,2022-05-02,23:41:00.0,2022-05-03,02:03:00.0,23,2,May,Monday,142.0,Weekday,2,2022-05-02T23:41:00.0,2022-05-03T02:03:00.0,23.683333333333334
CH177,KR_U109,KR2433,3.6666666666666665,25.8,2022-05-05,01:33:00.0,2022-05-05,05:13:00.0,1,5,May,Thursday,220.0,Weekday,2,2022-05-05T01:33:00.0,2022-05-05T05:13:00.0,1.55
CH177,KR_U109,KR2434,3.65,25.6,2022-05-07,00:04:00.0,2022-05-07,03:43:00.0,0,3,May,Saturday,219.0,Weekend,2,2022-05-07T00:04:00.0,2022-05-07T03:43:00.0,0.06666666666666667
CH177,KR_U109,KR2435,2.6333333333333333,18.5,2022-05-14,23:40:00.0,2022-05-15,02:18:00.0,23,2,May,Saturday,158.0,Weekend,2,2022-05-14T23:40:00.0,2022-05-15T02:18:00.0,23.666666666666668
CH177,KR_U109,KR2436,3.316666666666667,23.4,2022-05-22,22:48:00.0,2022-05-23,02:07:00.0,22,2,May,Sunday,199.0,Weekend,2,2022-05-22T22:48:00.0,2022-05-23T02:07:00.0,22.8
CH177,KR_U109,KR2437,1.5666666666666667,11.0,2022-05-26,23:34:00.0,2022-05-27,01:08:00.0,23,1,May,Thursday,94.0,Weekday,2,2022-05-26T23:34:00.0,2022-05-27T01:08:00.0,23.566666666666666
CH177,KR_U109,KR2438,3.5,24.0,2022-04-01,19:56:00.0,2022-04-01,23:26:00.0,19,23,April,Friday,210.0,Weekday,2,2022-04-01T19:56:00.0,2022-04-01T23:26:00.0,19.933333333333334
CH177,KR_U109,KR2439,2.2666666666666666,15.6,2022-04-18,22:12:00.0,2022-04-19,00:28:00.0,22,0,April,Monday,136.0,Weekday,2,2022-04-18T22:12:00.0,2022-04-19T00:28:00.0,22.2
CH177,KR_U109,KR2440,1.3333333333333333,9.5,2022-04-26,23:20:00.0,2022-04-27,00:40:00.0,23,0,April,Tuesday,80.0,Weekday,2,2022-04-26T23:20:00.0,2022-04-27T00:40:00.0,23.333333333333332
CH177,KR_U109,KR2441,2.3333333333333335,16.4,2022-04-29,05:24:00.0,2022-04-29,07:44:00.0,5,7,April,Friday,140.0,Weekday,2,2022-04-29T05:24:00.0,2022-04-29T07:44:00.0,5.4
CH177,KR_U109,KR2442,3.183333333333333,22.1,2022-03-02,19:40:00.0,2022-03-02,22:51:00.0,19,22,March,Wednesday,191.0,Weekday,2,2022-03-02T19:40:00.0,2022-03-02T22:51:00.0,19.666666666666668
CH177,KR_U109,KR2443,2.1666666666666665,15.2,2022-03-18,23:23:00.0,2022-03-19,01:33:00.0,23,1,March,Friday,130.0,Weekday,2,2022-03-18T23:23:00.0,2022-03-19T01:33:00.0,23.383333333333333
CH177,KR_U109,KR2444,0.8333333333333334,5.9,2022-03-30,19:44:00.0,2022-03-30,20:34:00.0,19,20,March,Wednesday,50.0,Weekday,2,2022-03-30T19:44:00.0,2022-03-30T20:34:00.0,19.733333333333334
CH177,KR_U109,KR2445,2.3833333333333333,16.8,2022-03-30,20:40:00.0,2022-03-30,23:03:00.0,20,23,March,Wednesday,143.0,Weekday,2,2022-03-30T20:40:00.0,2022-03-30T23:03:00.0,20.666666666666668
CH177,KR_U109,KR2446,2.9833333333333334,18.5,2022-02-28,19:51:00.0,2022-02-28,22:50:00.0,19,22,February,Monday,179.0,Weekday,2,2022-02-28T19:51:00.0,2022-02-28T22:50:00.0,19.85
CH177,KR_U109,KR2447,3.1666666666666665,21.9,2022-01-03,18:45:00.0,2022-01-03,21:55:00.0,18,21,January,Monday,190.0,Weekday,2,2022-01-03T18:45:00.0,2022-01-03T21:55:00.0,18.75
CH177,KR_U109,KR2448,2.4,15.5,2022-01-05,18:26:00.0,2022-01-05,20:50:00.0,18,20,January,Wednesday,144.0,Weekday,2,2022-01-05T18:26:00.0,2022-01-05T20:50:00.0,18.433333333333334
CH177,KR_U109,KR2449,2.55,17.1,2022-01-07,18:13:00.0,2022-01-07,20:46:00.0,18,20,January,Friday,153.0,Weekday,2,2022-01-07T18:13:00.0,2022-01-07T20:46:00.0,18.216666666666665
CH177,KR_U109,KR2450,3.7,22.9,2022-01-09,16:21:00.0,2022-01-09,20:03:00.0,16,20,January,Sunday,222.0,Weekend,2,2022-01-09T16:21:00.0,2022-01-09T20:03:00.0,16.35
CH177,KR_U109,KR2451,3.5,23.4,2022-01-12,18:39:00.0,2022-01-12,22:09:00.0,18,22,January,Wednesday,210.0,Weekday,2,2022-01-12T18:39:00.0,2022-01-12T22:09:00.0,18.65
CH177,KR_U109,KR2452,3.5,23.5,2022-01-14,21:17:00.0,2022-01-15,00:47:00.0,21,0,January,Friday,210.0,Weekday,2,2022-01-14T21:17:00.0,2022-01-15T00:47:00.0,21.283333333333335
CH177,KR_U109,KR2453,3.183333333333333,21.7,2021-11-23,00:39:00.0,2021-11-23,03:50:00.0,0,3,November,Tuesday,191.0,Weekday,2,2021-11-23T00:39:00.0,2021-11-23T03:50:00.0,0.65
CH200,KR_U109,KR2656,3.4,24.3,2022-07-10,22:58:00.0,2022-07-11,02:22:00.0,22,2,July,Sunday,204.0,Weekend,2,2022-07-10T22:58:00.0,2022-07-11T02:22:00.0,22.966666666666665
CH200,KR_U109,KR2657,3.4166666666666665,24.3,2022-07-24,10:47:00.0,2022-07-24,14:12:00.0,10,14,July,Sunday,205.0,Weekend,2,2022-07-24T10:47:00.0,2022-07-24T14:12:00.0,10.783333333333333
CH200,KR_U109,KR2658,3.3,23.4,2022-06-09,00:06:00.0,2022-06-09,03:24:00.0,0,3,June,Thursday,198.0,Weekday,2,2022-06-09T00:06:00.0,2022-06-09T03:24:00.0,0.1
CH200,KR_U109,KR2659,3.183333333333333,22.5,2022-05-08,22:05:00.0,2022-05-09,01:16:00.0,22,1,May,Sunday,191.0,Weekend,2,2022-05-08T22:05:00.0,2022-05-09T01:16:00.0,22.083333333333332
CH200,KR_U109,KR2660,2.433333333333333,17.3,2022-05-17,23:27:00.0,2022-05-18,01:53:00.0,23,1,May,Tuesday,146.0,Weekday,2,2022-05-17T23:27:00.0,2022-05-18T01:53:00.0,23.45
CH200,KR_U109,KR2661,2.6333333333333333,18.6,2022-05-29,18:43:00.0,2022-05-29,21:21:00.0,18,21,May,Sunday,158.0,Weekend,2,2022-05-29T18:43:00.0,2022-05-29T21:21:00.0,18.716666666666665
CH200,KR_U109,KR2662,2.216666666666667,15.8,2022-04-15,21:51:00.0,2022-04-16,00:04:00.0,21,0,April,Friday,133.0,Weekday,2,2022-04-15T21:51:00.0,2022-04-16T00:04:00.0,21.85
CH200,KR_U109,KR2663,2.9,20.6,2022-04-25,22:54:00.0,2022-04-26,01:48:00.0,22,1,April,Monday,174.0,Weekday,2,2022-04-25T22:54:00.0,2022-04-26T01:48:00.0,22.9
CH200,KR_U109,KR2664,2.7333333333333334,19.2,2022-03-04,19:57:00.0,2022-03-04,22:41:00.0,19,22,March,Friday,164.0,Weekday,2,2022-03-04T19:57:00.0,2022-03-04T22:41:00.0,19.95
CH200,KR_U109,KR2665,1.85,13.3,2022-03-07,20:00:00.0,2022-03-07,21:51:00.0,20,21,March,Monday,111.0,Weekday,2,2022-03-07T20:00:00.0,2022-03-07T21:51:00.0,20.0
CH200,KR_U109,KR2666,2.3,15.7,2022-03-07,23:03:00.0,2022-03-08,01:21:00.0,23,1,March,Monday,138.0,Weekday,2,2022-03-07T23:03:00.0,2022-03-08T01:21:00.0,23.05
CH200,KR_U109,KR2667,1.85,13.0,2022-03-09,18:46:00.0,2022-03-09,20:37:00.0,18,20,March,Wednesday,111.0,Weekday,2,2022-03-09T18:46:00.0,2022-03-09T20:37:00.0,18.766666666666666
CH200,KR_U109,KR2668,2.1666666666666665,13.9,2022-03-09,21:44:00.0,2022-03-09,23:54:00.0,21,23,March,Wednesday,130.0,Weekday,2,2022-03-09T21:44:00.0,2022-03-09T23:54:00.0,21.733333333333334
CH200,KR_U109,KR2669,3.3333333333333335,23.2,2022-03-14,00:29:00.0,2022-03-14,03:49:00.0,0,3,March,Monday,200.0,Weekday,2,2022-03-14T00:29:00.0,2022-03-14T03:49:00.0,0.48333333333333334
CH200,KR_U109,KR2670,3.316666666666667,21.5,2022-03-15,20:05:00.0,2022-03-15,23:24:00.0,20,23,March,Tuesday,199.0,Weekday,2,2022-03-15T20:05:00.0,2022-03-15T23:24:00.0,20.083333333333332
CH200,KR_U109,KR2671,0.2,1.3,2022-03-17,19:56:00.0,2022-03-17,20:08:00.0,19,20,March,Thursday,12.0,Weekday,2,2022-03-17T19:56:00.0,2022-03-17T20:08:00.0,19.933333333333334
CH200,KR_U109,KR2672,1.2333333333333334,8.8,2022-03-17,20:31:00.0,2022-03-17,21:45:00.0,20,21,March,Thursday,74.0,Weekday,2,2022-03-17T20:31:00.0,2022-03-17T21:45:00.0,20.516666666666666
CH200,KR_U109,KR2673,3.25,21.0,2022-03-19,19:51:00.0,2022-03-19,23:06:00.0,19,23,March,Saturday,195.0,Weekend,2,2022-03-19T19:51:00.0,2022-03-19T23:06:00.0,19.85
CH200,KR_U109,KR2674,0.8166666666666667,5.7,2022-02-03,19:22:00.0,2022-02-03,20:11:00.0,19,20,February,Thursday,49.0,Weekday,2,2022-02-03T19:22:00.0,2022-02-03T20:11:00.0,19.366666666666667
CH200,KR_U109,KR2675,2.3,15.2,2022-02-04,19:57:00.0,2022-02-04,22:15:00.0,19,22,February,Friday,138.0,Weekday,2,2022-02-04T19:57:00.0,2022-02-04T22:15:00.0,19.95
CH200,KR_U109,KR2676,0.5,3.6,2022-02-06,22:14:00.0,2022-02-06,22:44:00.0,22,22,February,Sunday,30.0,Weekend,2,2022-02-06T22:14:00.0,2022-02-06T22:44:00.0,22.233333333333334
CH200,KR_U109,KR2677,1.8333333333333333,9.8,2022-02-06,23:43:00.0,2022-02-07,01:33:00.0,23,1,February,Sunday,110.0,Weekend,2,2022-02-06T23:43:00.0,2022-02-07T01:33:00.0,23.716666666666665
CH200,KR_U109,KR2678,3.316666666666667,21.5,2022-02-08,21:01:00.0,2022-02-09,00:20:00.0,21,0,February,Tuesday,199.0,Weekday,2,2022-02-08T21:01:00.0,2022-02-09T00:20:00.0,21.016666666666666
CH226,KR_U187,KR2727,6.5,45.7,2022-09-21,00:27:00.0,2022-09-21,06:57:00.0,0,6,September,Wednesday,390.0,Weekday,58,2022-09-21T00:27:00.0,2022-09-21T06:57:00.0,0.45
CH226,KR_U187,KR2728,6.583333333333333,46.4,2022-08-10,23:48:00.0,2022-08-11,06:23:00.0,23,6,August,Wednesday,395.0,Weekday,58,2022-08-10T23:48:00.0,2022-08-11T06:23:00.0,23.8
CH226,KR_U187,KR2729,6.35,44.7,2022-08-08,23:12:00.0,2022-08-09,05:33:00.0,23,5,August,Monday,381.0,Weekday,58,2022-08-08T23:12:00.0,2022-08-09T05:33:00.0,23.2
CH226,KR_U187,KR2730,10.033333333333333,44.1,2022-08-07,23:08:00.0,2022-08-08,09:10:00.0,23,9,August,Sunday,602.0,Weekend,58,2022-08-07T23:08:00.0,2022-08-08T09:10:00.0,23.133333333333333
CH226,KR_U187,KR2731,6.25,44.1,2022-08-04,00:19:00.0,2022-08-04,06:34:00.0,0,6,August,Thursday,375.0,Weekday,58,2022-08-04T00:19:00.0,2022-08-04T06:34:00.0,0.31666666666666665
CH226,KR_U187,KR2732,10.65,37.3,2022-06-30,23:31:00.0,2022-07-01,10:10:00.0,23,10,June,Thursday,639.0,Weekday,58,2022-06-30T23:31:00.0,2022-07-01T10:10:00.0,23.516666666666666
CH226,KR_U187,KR2733,5.383333333333334,38.2,2022-07-03,00:24:00.0,2022-07-03,05:47:00.0,0,5,July,Sunday,323.0,Weekend,58,2022-07-03T00:24:00.0,2022-07-03T05:47:00.0,0.4
CH226,KR_U187,KR2734,5.083333333333333,36.0,2022-07-04,01:44:00.0,2022-07-04,06:49:00.0,1,6,July,Monday,305.0,Weekday,58,2022-07-04T01:44:00.0,2022-07-04T06:49:00.0,1.7333333333333334
CH226,KR_U187,KR2735,10.95,35.5,2022-07-08,00:13:00.0,2022-07-08,11:10:00.0,0,11,July,Friday,657.0,Weekday,58,2022-07-08T00:13:00.0,2022-07-08T11:10:00.0,0.21666666666666667
CH226,KR_U187,KR2736,1.1833333333333333,8.3,2022-07-09,02:05:00.0,2022-07-09,03:16:00.0,2,3,July,Saturday,71.0,Weekend,58,2022-07-09T02:05:00.0,2022-07-09T03:16:00.0,2.0833333333333335
CH226,KR_U187,KR2737,10.5,43.9,2022-07-19,23:40:00.0,2022-07-20,10:10:00.0,23,10,July,Tuesday,630.0,Weekday,58,2022-07-19T23:40:00.0,2022-07-20T10:10:00.0,23.666666666666668
CH226,KR_U187,KR2738,10.166666666666666,49.1,2022-07-22,00:00:00.0,2022-07-22,10:10:00.0,0,10,July,Friday,610.0,Weekday,58,2022-07-22T00:00:00.0,2022-07-22T10:10:00.0,0.0
CH226,KR_U187,KR2739,10.433333333333334,46.3,2022-07-23,23:44:00.0,2022-07-24,10:10:00.0,23,10,July,Saturday,626.0,Weekend,58,2022-07-23T23:44:00.0,2022-07-24T10:10:00.0,23.733333333333334
CH226,KR_U187,KR2740,6.866666666666666,48.5,2022-07-29,00:33:00.0,2022-07-29,07:25:00.0,0,7,July,Friday,412.0,Weekday,58,2022-07-29T00:33:00.0,2022-07-29T07:25:00.0,0.55
CH226,KR_U187,KR2741,5.116666666666666,36.0,2022-06-01,23:18:00.0,2022-06-02,04:25:00.0,23,4,June,Wednesday,307.0,Weekday,58,2022-06-01T23:18:00.0,2022-06-02T04:25:00.0,23.3
CH226,KR_U187,KR2742,4.983333333333333,35.6,2022-06-04,23:20:00.0,2022-06-05,04:19:00.0,23,4,June,Saturday,299.0,Weekend,58,2022-06-04T23:20:00.0,2022-06-05T04:19:00.0,23.333333333333332
CH226,KR_U187,KR2743,6.183333333333334,43.6,2022-06-05,23:09:00.0,2022-06-06,05:20:00.0,23,5,June,Sunday,371.0,Weekend,58,2022-06-05T23:09:00.0,2022-06-06T05:20:00.0,23.15
CH226,KR_U187,KR2744,5.216666666666667,36.7,2022-06-06,23:09:00.0,2022-06-07,04:22:00.0,23,4,June,Monday,313.0,Weekday,58,2022-06-06T23:09:00.0,2022-06-07T04:22:00.0,23.15
CH226,KR_U187,KR2745,5.716666666666667,40.6,2022-06-11,23:22:00.0,2022-06-12,05:05:00.0,23,5,June,Saturday,343.0,Weekend,58,2022-06-11T23:22:00.0,2022-06-12T05:05:00.0,23.366666666666667
CH226,KR_U187,KR2746,4.8,34.1,2022-06-16,23:19:00.0,2022-06-17,04:07:00.0,23,4,June,Thursday,288.0,Weekday,58,2022-06-16T23:19:00.0,2022-06-17T04:07:00.0,23.316666666666666
CH226,KR_U187,KR2747,4.8,34.1,2022-06-18,23:33:00.0,2022-06-19,04:21:00.0,23,4,June,Saturday,288.0,Weekend,58,2022-06-18T23:33:00.0,2022-06-19T04:21:00.0,23.55
CH226,KR_U187,KR2748,10.016666666666667,33.6,2022-06-25,23:09:00.0,2022-06-26,09:10:00.0,23,9,June,Saturday,601.0,Weekend,58,2022-06-25T23:09:00.0,2022-06-26T09:10:00.0,23.15
CH226,KR_U187,KR2749,10.016666666666667,36.1,2022-06-26,23:09:00.0,2022-06-27,09:10:00.0,23,9,June,Sunday,601.0,Weekend,58,2022-06-26T23:09:00.0,2022-06-27T09:10:00.0,23.15
CH226,KR_U187,KR2750,5.066666666666666,36.0,2022-06-29,00:50:00.0,2022-06-29,05:54:00.0,0,5,June,Wednesday,304.0,Weekday,58,2022-06-29T00:50:00.0,2022-06-29T05:54:00.0,0.8333333333333334
CH226,KR_U187,KR2751,4.666666666666667,30.1,2022-05-03,23:44:00.0,2022-05-04,04:24:00.0,23,4,May,Tuesday,280.0,Weekday,58,2022-05-03T23:44:00.0,2022-05-04T04:24:00.0,23.733333333333334
CH226,KR_U187,KR2752,5.366666666666666,38.1,2022-05-15,00:44:00.0,2022-05-15,06:06:00.0,0,6,May,Sunday,322.0,Weekend,58,2022-05-15T00:44:00.0,2022-05-15T06:06:00.0,0.7333333333333333
CH226,KR_U187,KR2753,5.183333333333334,35.3,2022-05-15,23:42:00.0,2022-05-16,04:53:00.0,23,4,May,Sunday,311.0,Weekend,58,2022-05-15T23:42:00.0,2022-05-16T04:53:00.0,23.7
CH226,KR_U187,KR2754,6.0,42.4,2022-05-22,01:44:00.0,2022-05-22,07:44:00.0,1,7,May,Sunday,360.0,Weekend,58,2022-05-22T01:44:00.0,2022-05-22T07:44:00.0,1.7333333333333334
CH226,KR_U187,KR2755,4.833333333333333,34.2,2022-05-23,23:03:00.0,2022-05-24,03:53:00.0,23,3,May,Monday,290.0,Weekday,58,2022-05-23T23:03:00.0,2022-05-24T03:53:00.0,23.05
CH226,KR_U187,KR2756,4.783333333333333,33.6,2022-05-25,23:03:00.0,2022-05-26,03:50:00.0,23,3,May,Wednesday,287.0,Weekday,58,2022-05-25T23:03:00.0,2022-05-26T03:50:00.0,23.05
CH226,KR_U187,KR2757,5.066666666666666,35.6,2022-05-27,23:53:00.0,2022-05-28,04:57:00.0,23,4,May,Friday,304.0,Weekday,58,2022-05-27T23:53:00.0,2022-05-28T04:57:00.0,23.883333333333333
CH226,KR_U187,KR2758,5.516666666666667,38.9,2022-05-28,23:00:00.0,2022-05-29,04:31:00.0,23,4,May,Saturday,331.0,Weekend,58,2022-05-28T23:00:00.0,2022-05-29T04:31:00.0,23.0
CH226,KR_U187,KR2759,5.266666666666667,36.1,2022-04-06,23:06:00.0,2022-04-07,04:22:00.0,23,4,April,Wednesday,316.0,Weekday,58,2022-04-06T23:06:00.0,2022-04-07T04:22:00.0,23.1
CH226,KR_U187,KR2760,4.3,30.7,2022-04-10,23:24:00.0,2022-04-11,03:42:00.0,23,3,April,Sunday,258.0,Weekend,58,2022-04-10T23:24:00.0,2022-04-11T03:42:00.0,23.4
CH226,KR_U187,KR2761,5.633333333333334,39.5,2022-04-11,23:31:00.0,2022-04-12,05:09:00.0,23,5,April,Monday,338.0,Weekday,58,2022-04-11T23:31:00.0,2022-04-12T05:09:00.0,23.516666666666666
CH226,KR_U187,KR2762,5.416666666666667,35.6,2022-04-15,23:24:00.0,2022-04-16,04:49:00.0,23,4,April,Friday,325.0,Weekday,58,2022-04-15T23:24:00.0,2022-04-16T04:49:00.0,23.4
CH226,KR_U187,KR2763,4.55,31.5,2022-04-19,23:14:00.0,2022-04-20,03:47:00.0,23,3,April,Tuesday,273.0,Weekday,58,2022-04-19T23:14:00.0,2022-04-20T03:47:00.0,23.233333333333334
CH226,KR_U187,KR2764,4.066666666666666,28.6,2022-04-20,23:41:00.0,2022-04-21,03:45:00.0,23,3,April,Wednesday,244.0,Weekday,58,2022-04-20T23:41:00.0,2022-04-21T03:45:00.0,23.683333333333334
CH226,KR_U187,KR2765,5.616666666666666,39.5,2022-04-24,23:04:00.0,2022-04-25,04:41:00.0,23,4,April,Sunday,337.0,Weekend,58,2022-04-24T23:04:00.0,2022-04-25T04:41:00.0,23.066666666666666
CH226,KR_U187,KR2766,6.166666666666667,43.5,2022-04-25,23:42:00.0,2022-04-26,05:52:00.0,23,5,April,Monday,370.0,Weekday,58,2022-04-25T23:42:00.0,2022-04-26T05:52:00.0,23.7
CH226,KR_U187,KR2767,4.433333333333334,31.0,2022-04-27,23:33:00.0,2022-04-28,03:59:00.0,23,3,April,Wednesday,266.0,Weekday,58,2022-04-27T23:33:00.0,2022-04-28T03:59:00.0,23.55
CH278,KR_U187,KR2842,6.916666666666667,47.6,2022-09-13,23:14:00.0,2022-09-14,06:09:00.0,23,6,September,Tuesday,415.0,Weekday,58,2022-09-13T23:14:00.0,2022-09-14T06:09:00.0,23.233333333333334
CH278,KR_U187,KR2843,6.083333333333333,42.3,2022-09-01,00:06:00.0,2022-09-01,06:11:00.0,0,6,September,Thursday,365.0,Weekday,58,2022-09-01T00:06:00.0,2022-09-01T06:11:00.0,0.1
CH278,KR_U187,KR2844,6.166666666666667,42.8,2022-09-28,00:00:00.0,2022-09-28,06:10:00.0,0,6,September,Wednesday,370.0,Weekday,58,2022-09-28T00:00:00.0,2022-09-28T06:10:00.0,0.0
CH278,KR_U187,KR2845,5.833333333333333,40.3,2022-09-23,00:46:00.0,2022-09-23,06:36:00.0,0,6,September,Friday,350.0,Weekday,58,2022-09-23T00:46:00.0,2022-09-23T06:36:00.0,0.7666666666666667
CH278,KR_U187,KR2846,5.7,39.5,2022-09-22,01:40:00.0,2022-09-22,07:22:00.0,1,7,September,Thursday,342.0,Weekday,58,2022-09-22T01:40:00.0,2022-09-22T07:22:00.0,1.6666666666666665
CH278,KR_U187,KR2847,6.216666666666667,42.9,2022-08-15,00:10:00.0,2022-08-15,06:23:00.0,0,6,August,Monday,373.0,Weekday,58,2022-08-15T00:10:00.0,2022-08-15T06:23:00.0,0.16666666666666666
CH278,KR_U187,KR2848,6.133333333333334,42.1,2022-08-13,23:31:00.0,2022-08-14,05:39:00.0,23,5,August,Saturday,368.0,Weekend,58,2022-08-13T23:31:00.0,2022-08-14T05:39:00.0,23.516666666666666
CH278,KR_U187,KR2849,10.2,44.9,2022-08-01,22:58:00.0,2022-08-02,09:10:00.0,22,9,August,Monday,612.0,Weekday,58,2022-08-01T22:58:00.0,2022-08-02T09:10:00.0,22.966666666666665
CH278,KR_U187,KR2850,6.216666666666667,43.2,2022-08-31,00:18:00.0,2022-08-31,06:31:00.0,0,6,August,Wednesday,373.0,Weekday,58,2022-08-31T00:18:00.0,2022-08-31T06:31:00.0,0.3
CH278,KR_U187,KR2851,5.633333333333334,39.2,2022-08-28,23:44:00.0,2022-08-29,05:22:00.0,23,5,August,Sunday,338.0,Weekend,58,2022-08-28T23:44:00.0,2022-08-29T05:22:00.0,23.733333333333334
CH278,KR_U187,KR2852,6.45,44.5,2022-08-23,23:19:00.0,2022-08-24,05:46:00.0,23,5,August,Tuesday,387.0,Weekday,58,2022-08-23T23:19:00.0,2022-08-24T05:46:00.0,23.316666666666666
CH278,KR_U187,KR2853,10.016666666666667,41.6,2022-08-16,23:09:00.0,2022-08-17,09:10:00.0,23,9,August,Tuesday,601.0,Weekday,58,2022-08-16T23:09:00.0,2022-08-17T09:10:00.0,23.15
CH278,KR_U187,KR2854,6.216666666666667,42.9,2022-08-15,23:21:00.0,2022-08-16,05:34:00.0,23,5,August,Monday,373.0,Weekday,58,2022-08-15T23:21:00.0,2022-08-16T05:34:00.0,23.35
CH278,KR_U187,KR2855,10.05,45.3,2022-07-25,23:07:00.0,2022-07-26,09:10:00.0,23,9,July,Monday,603.0,Weekday,58,2022-07-25T23:07:00.0,2022-07-26T09:10:00.0,23.116666666666667
CH278,KR_U187,KR2856,6.733333333333333,46.7,2022-07-27,00:01:00.0,2022-07-27,06:45:00.0,0,6,July,Wednesday,404.0,Weekday,58,2022-07-27T00:01:00.0,2022-07-27T06:45:00.0,0.016666666666666666
CH278,KR_U187,KR2857,5.066666666666666,34.5,2022-05-31,23:34:00.0,2022-06-01,04:38:00.0,23,4,May,Tuesday,304.0,Weekday,58,2022-05-31T23:34:00.0,2022-06-01T04:38:00.0,23.566666666666666
CH278,KR_U187,KR2858,0.16666666666666666,1.1,2022-06-01,23:06:00.0,2022-06-01,23:16:00.0,23,23,June,Wednesday,10.0,Weekday,58,2022-06-01T23:06:00.0,2022-06-01T23:16:00.0,23.1
CH278,KR_U187,KR2859,4.116666666666666,28.8,2022-06-15,23:05:00.0,2022-06-16,03:12:00.0,23,3,June,Wednesday,246.99999999999997,Weekday,58,2022-06-15T23:05:00.0,2022-06-16T03:12:00.0,23.083333333333332
CH278,KR_U187,KR2860,10.016666666666667,35.1,2022-06-22,23:09:00.0,2022-06-23,09:10:00.0,23,9,June,Wednesday,601.0,Weekday,58,2022-06-22T23:09:00.0,2022-06-23T09:10:00.0,23.15
CH278,KR_U187,KR2861,4.816666666666666,33.2,2022-05-02,23:17:00.0,2022-05-03,04:06:00.0,23,4,May,Monday,289.0,Weekday,58,2022-05-02T23:17:00.0,2022-05-03T04:06:00.0,23.283333333333335
CH278,KR_U187,KR2862,5.416666666666667,37.9,2022-05-05,23:29:00.0,2022-05-06,04:54:00.0,23,4,May,Thursday,325.0,Weekday,58,2022-05-05T23:29:00.0,2022-05-06T04:54:00.0,23.483333333333334
CH278,KR_U187,KR2863,6.116666666666666,41.9,2022-05-08,23:40:00.0,2022-05-09,05:47:00.0,23,5,May,Sunday,367.0,Weekend,58,2022-05-08T23:40:00.0,2022-05-09T05:47:00.0,23.666666666666668
CH278,KR_U187,KR2864,4.016666666666667,27.8,2022-05-10,23:06:00.0,2022-05-11,03:07:00.0,23,3,May,Tuesday,241.0,Weekday,58,2022-05-10T23:06:00.0,2022-05-11T03:07:00.0,23.1
CH278,KR_U187,KR2865,4.75,33.0,2022-05-17,00:26:00.0,2022-05-17,05:11:00.0,0,5,May,Tuesday,285.0,Weekday,58,2022-05-17T00:26:00.0,2022-05-17T05:11:00.0,0.43333333333333335
CH278,KR_U187,KR2866,3.966666666666667,27.5,2022-05-18,23:09:00.0,2022-05-19,03:07:00.0,23,3,May,Wednesday,238.0,Weekday,58,2022-05-18T23:09:00.0,2022-05-19T03:07:00.0,23.15
CH278,KR_U187,KR2867,6.0,39.9,2022-03-31,23:37:00.0,2022-04-01,05:37:00.0,23,5,March,Thursday,360.0,Weekday,58,2022-03-31T23:37:00.0,2022-04-01T05:37:00.0,23.616666666666667
CH278,KR_U187,KR2868,6.05,39.4,2022-04-03,23:05:00.0,2022-04-04,05:08:00.0,23,5,April,Sunday,363.0,Weekend,58,2022-04-03T23:05:00.0,2022-04-04T05:08:00.0,23.083333333333332
CH278,KR_U187,KR2869,6.033333333333333,39.2,2022-04-04,23:17:00.0,2022-04-05,05:19:00.0,23,5,April,Monday,362.0,Weekday,58,2022-04-04T23:17:00.0,2022-04-05T05:19:00.0,23.283333333333335
CH278,KR_U187,KR2870,6.3,42.1,2022-04-07,23:06:00.0,2022-04-08,05:24:00.0,23,5,April,Thursday,378.0,Weekday,58,2022-04-07T23:06:00.0,2022-04-08T05:24:00.0,23.1
CH278,KR_U187,KR2871,5.616666666666666,39.1,2022-04-12,23:24:00.0,2022-04-13,05:01:00.0,23,5,April,Tuesday,337.0,Weekday,58,2022-04-12T23:24:00.0,2022-04-13T05:01:00.0,23.4
CH278,KR_U187,KR2872,6.133333333333334,41.6,2022-04-13,23:03:00.0,2022-04-14,05:11:00.0,23,5,April,Wednesday,368.0,Weekday,58,2022-04-13T23:03:00.0,2022-04-14T05:11:00.0,23.05
CH278,KR_U187,KR2873,5.866666666666666,38.6,2022-04-16,23:18:00.0,2022-04-17,05:10:00.0,23,5,April,Saturday,352.0,Weekend,58,2022-04-16T23:18:00.0,2022-04-17T05:10:00.0,23.3
CH278,KR_U187,KR2874,5.733333333333333,37.2,2022-04-18,23:07:00.0,2022-04-19,04:51:00.0,23,4,April,Monday,344.0,Weekday,58,2022-04-18T23:07:00.0,2022-04-19T04:51:00.0,23.116666666666667
CH278,KR_U187,KR2875,5.8,40.4,2022-04-23,23:15:00.0,2022-04-24,05:03:00.0,23,5,April,Saturday,348.0,Weekend,58,2022-04-23T23:15:00.0,2022-04-24T05:03:00.0,23.25
CH278,KR_U187,KR2876,4.9,34.3,2022-04-28,23:07:00.0,2022-04-29,04:01:00.0,23,4,April,Thursday,294.0,Weekday,58,2022-04-28T23:07:00.0,2022-04-29T04:01:00.0,23.116666666666667
CH278,KR_U187,KR2877,5.416666666666667,36.6,2022-03-10,23:34:00.0,2022-03-11,04:59:00.0,23,4,March,Thursday,325.0,Weekday,58,2022-03-10T23:34:00.0,2022-03-11T04:59:00.0,23.566666666666666
CH278,KR_U187,KR2878,5.483333333333333,37.9,2022-03-12,23:12:00.0,2022-03-13,04:41:00.0,23,4,March,Saturday,329.0,Weekend,58,2022-03-12T23:12:00.0,2022-03-13T04:41:00.0,23.2
CH278,KR_U187,KR2879,5.883333333333334,41.0,2022-03-14,00:05:00.0,2022-03-14,05:58:00.0,0,5,March,Monday,353.0,Weekday,58,2022-03-14T00:05:00.0,2022-03-14T05:58:00.0,0.08333333333333333
CH278,KR_U187,KR2880,6.3,42.7,2022-03-14,23:11:00.0,2022-03-15,05:29:00.0,23,5,March,Monday,378.0,Weekday,58,2022-03-14T23:11:00.0,2022-03-15T05:29:00.0,23.183333333333334
CH278,KR_U187,KR2881,7.4,49.3,2022-03-19,23:38:00.0,2022-03-20,07:02:00.0,23,7,March,Saturday,444.0,Weekend,58,2022-03-19T23:38:00.0,2022-03-20T07:02:00.0,23.633333333333333
CH278,KR_U187,KR2882,6.666666666666667,44.0,2022-03-20,23:06:00.0,2022-03-21,05:46:00.0,23,5,March,Sunday,400.0,Weekend,58,2022-03-20T23:06:00.0,2022-03-21T05:46:00.0,23.1
CH278,KR_U187,KR2883,6.8,45.3,2022-03-22,23:30:00.0,2022-03-23,06:18:00.0,23,6,March,Tuesday,408.0,Weekday,58,2022-03-22T23:30:00.0,2022-03-23T06:18:00.0,23.5
CH278,KR_U187,KR2884,5.833333333333333,38.2,2022-03-23,23:13:00.0,2022-03-24,05:03:00.0,23,5,March,Wednesday,350.0,Weekday,58,2022-03-23T23:13:00.0,2022-03-24T05:03:00.0,23.216666666666665
CH278,KR_U187,KR2885,6.483333333333333,43.2,2022-03-24,23:07:00.0,2022-03-25,05:36:00.0,23,5,March,Thursday,389.0,Weekday,58,2022-03-24T23:07:00.0,2022-03-25T05:36:00.0,23.116666666666667
CH278,KR_U187,KR2886,6.983333333333333,46.0,2022-03-27,00:25:00.0,2022-03-27,07:24:00.0,0,7,March,Sunday,419.0,Weekend,58,2022-03-27T00:25:00.0,2022-03-27T07:24:00.0,0.4166666666666667
CH278,KR_U187,KR2887,5.966666666666667,39.1,2022-03-28,23:42:00.0,2022-03-29,05:40:00.0,23,5,March,Monday,358.0,Weekday,58,2022-03-28T23:42:00.0,2022-03-29T05:40:00.0,23.7
CH278,KR_U187,KR2888,5.766666666666667,40.2,2022-03-30,23:04:00.0,2022-03-31,04:50:00.0,23,4,March,Wednesday,346.0,Weekday,58,2022-03-30T23:04:00.0,2022-03-31T04:50:00.0,23.066666666666666
CH287,KR_U280,KR2893,10.433333333333334,35.8,2022-08-08,05:44:00.0,2022-08-08,16:10:00.0,5,16,August,Monday,626.0,Weekday,30,2022-08-08T05:44:00.0,2022-08-08T16:10:00.0,5.733333333333333
CH287,KR_U280,KR2894,4.966666666666667,22.1,2022-08-07,07:36:00.0,2022-08-07,12:34:00.0,7,12,August,Sunday,298.0,Weekend,30,2022-08-07T07:36:00.0,2022-08-07T12:34:00.0,7.6
CH287,KR_U280,KR2895,10.116666666666667,57.4,2022-08-04,00:03:00.0,2022-08-04,10:10:00.0,0,10,August,Thursday,607.0,Weekday,30,2022-08-04T00:03:00.0,2022-08-04T10:10:00.0,0.05
CH287,KR_U280,KR2896,10.133333333333333,59.9,2022-07-08,03:02:00.0,2022-07-08,13:10:00.0,3,13,July,Friday,608.0,Weekday,30,2022-07-08T03:02:00.0,2022-07-08T13:10:00.0,3.033333333333333
CH287,KR_U280,KR2897,10.05,55.1,2022-07-09,03:29:00.0,2022-07-09,13:32:00.0,3,13,July,Saturday,603.0,Weekend,30,2022-07-09T03:29:00.0,2022-07-09T13:32:00.0,3.4833333333333334
CH287,KR_U280,KR2898,8.816666666666666,2.4,2022-07-11,03:37:00.0,2022-07-11,12:26:00.0,3,12,July,Monday,529.0,Weekday,30,2022-07-11T03:37:00.0,2022-07-11T12:26:00.0,3.6166666666666667
CH287,KR_U280,KR2899,10.433333333333334,31.2,2022-07-16,06:44:00.0,2022-07-16,17:10:00.0,6,17,July,Saturday,626.0,Weekend,30,2022-07-16T06:44:00.0,2022-07-16T17:10:00.0,6.733333333333333
CH287,KR_U280,KR2900,1.8,3.9,2022-07-18,04:47:00.0,2022-07-18,06:35:00.0,4,6,July,Monday,108.0,Weekday,30,2022-07-18T04:47:00.0,2022-07-18T06:35:00.0,4.783333333333333
CH287,KR_U280,KR2901,7.033333333333333,48.1,2022-06-02,03:09:00.0,2022-06-02,10:11:00.0,3,10,June,Thursday,422.0,Weekday,30,2022-06-02T03:09:00.0,2022-06-02T10:11:00.0,3.15
CH287,KR_U280,KR2902,5.933333333333334,40.4,2022-06-04,02:28:00.0,2022-06-04,08:24:00.0,2,8,June,Saturday,356.0,Weekend,30,2022-06-04T02:28:00.0,2022-06-04T08:24:00.0,2.466666666666667
CH287,KR_U280,KR2903,6.25,42.7,2022-06-06,06:24:00.0,2022-06-06,12:39:00.0,6,12,June,Monday,375.0,Weekday,30,2022-06-06T06:24:00.0,2022-06-06T12:39:00.0,6.4
CH287,KR_U280,KR2904,6.966666666666667,47.6,2022-06-08,05:50:00.0,2022-06-08,12:48:00.0,5,12,June,Wednesday,418.0,Weekday,30,2022-06-08T05:50:00.0,2022-06-08T12:48:00.0,5.833333333333333
CH287,KR_U280,KR2905,6.916666666666667,47.5,2022-06-15,01:19:00.0,2022-06-15,08:14:00.0,1,8,June,Wednesday,415.0,Weekday,30,2022-06-15T01:19:00.0,2022-06-15T08:14:00.0,1.3166666666666667
CH287,KR_U280,KR2906,6.0,41.0,2022-06-16,03:39:00.0,2022-06-16,09:39:00.0,3,9,June,Thursday,360.0,Weekday,30,2022-06-16T03:39:00.0,2022-06-16T09:39:00.0,3.65
CH287,KR_U280,KR2907,8.866666666666667,60.4,2022-06-22,00:48:00.0,2022-06-22,09:40:00.0,0,9,June,Wednesday,532.0,Weekday,30,2022-06-22T00:48:00.0,2022-06-22T09:40:00.0,0.8
CH287,KR_U280,KR2908,7.016666666666667,47.6,2022-06-24,00:23:00.0,2022-06-24,07:24:00.0,0,7,June,Friday,421.0,Weekday,30,2022-06-24T00:23:00.0,2022-06-24T07:24:00.0,0.38333333333333336
CH287,KR_U280,KR2909,10.383333333333333,64.9,2022-06-29,03:47:00.0,2022-06-29,14:10:00.0,3,14,June,Wednesday,623.0,Weekday,30,2022-06-29T03:47:00.0,2022-06-29T14:10:00.0,3.783333333333333
CH287,KR_U280,KR2910,7.583333333333333,38.6,2022-05-06,00:33:00.0,2022-05-06,08:08:00.0,0,8,May,Friday,455.0,Weekday,30,2022-05-06T00:33:00.0,2022-05-06T08:08:00.0,0.55
CH287,KR_U280,KR2911,9.05,61.5,2022-05-24,06:16:00.0,2022-05-24,15:19:00.0,6,15,May,Tuesday,543.0,Weekday,30,2022-05-24T06:16:00.0,2022-05-24T15:19:00.0,6.266666666666667
CH287,KR_U280,KR2912,6.4,41.2,2022-04-13,23:34:00.0,2022-04-14,05:58:00.0,23,5,April,Wednesday,384.0,Weekday,30,2022-04-13T23:34:00.0,2022-04-14T05:58:00.0,23.566666666666666
CH287,KR_U280,KR2913,4.966666666666667,33.8,2022-03-09,00:30:00.0,2022-03-09,05:28:00.0,0,5,March,Wednesday,298.0,Weekday,30,2022-03-09T00:30:00.0,2022-03-09T05:28:00.0,0.5
CH287,KR_U280,KR2914,6.45,30.6,2022-03-17,01:06:00.0,2022-03-17,07:33:00.0,1,7,March,Thursday,387.0,Weekday,30,2022-03-17T01:06:00.0,2022-03-17T07:33:00.0,1.1
CH287,KR_U280,KR2915,4.516666666666667,30.8,2022-03-24,23:46:00.0,2022-03-25,04:17:00.0,23,4,March,Thursday,271.0,Weekday,30,2022-03-24T23:46:00.0,2022-03-25T04:17:00.0,23.766666666666666
CH287,KR_U280,KR2916,7.133333333333334,35.2,2022-03-26,23:31:00.0,2022-03-27,06:39:00.0,23,6,March,Saturday,428.0,Weekend,30,2022-03-26T23:31:00.0,2022-03-27T06:39:00.0,23.516666666666666
CH287,KR_U280,KR2917,4.566666666666666,30.3,2022-02-18,00:18:00.0,2022-02-18,04:52:00.0,0,4,February,Friday,274.0,Weekday,30,2022-02-18T00:18:00.0,2022-02-18T04:52:00.0,0.3
CH287,KR_U280,KR2918,6.383333333333334,28.9,2022-02-22,23:51:00.0,2022-02-23,06:14:00.0,23,6,February,Tuesday,383.0,Weekday,30,2022-02-22T23:51:00.0,2022-02-23T06:14:00.0,23.85
CH306,KR_U127,KR2931,1.5833333333333333,10.96,2022-09-04,14:49:00.0,2022-09-04,16:24:00.0,14,16,September,Sunday,95.0,Weekend,65,2022-09-04T14:49:00.0,2022-09-04T16:24:00.0,14.816666666666666
CH306,KR_U127,KR2932,1.85,12.78,2022-08-04,17:55:00.0,2022-08-04,19:46:00.0,17,19,August,Thursday,111.0,Weekday,65,2022-08-04T17:55:00.0,2022-08-04T19:46:00.0,17.916666666666668
CH306,KR_U127,KR2933,1.85,12.77,2022-08-02,17:12:00.0,2022-08-02,19:03:00.0,17,19,August,Tuesday,111.0,Weekday,65,2022-08-02T17:12:00.0,2022-08-02T19:03:00.0,17.2
CH306,KR_U127,KR2934,2.1166666666666667,14.63,2022-08-31,15:33:00.0,2022-08-31,17:40:00.0,15,17,August,Wednesday,127.0,Weekday,65,2022-08-31T15:33:00.0,2022-08-31T17:40:00.0,15.55
CH306,KR_U127,KR2935,0.6333333333333333,4.42,2022-08-22,16:11:00.0,2022-08-22,16:49:00.0,16,16,August,Monday,38.0,Weekday,65,2022-08-22T16:11:00.0,2022-08-22T16:49:00.0,16.183333333333334
CH306,KR_U127,KR2936,1.75,12.03,2022-07-04,17:15:00.0,2022-07-04,19:00:00.0,17,19,July,Monday,105.0,Weekday,65,2022-07-04T17:15:00.0,2022-07-04T19:00:00.0,17.25
CH306,KR_U127,KR2937,1.6833333333333333,11.49,2022-07-05,17:24:00.0,2022-07-05,19:05:00.0,17,19,July,Tuesday,101.0,Weekday,65,2022-07-05T17:24:00.0,2022-07-05T19:05:00.0,17.4
CH306,KR_U127,KR2938,1.85,12.85,2022-06-08,13:22:00.0,2022-06-08,15:13:00.0,13,15,June,Wednesday,111.0,Weekday,65,2022-06-08T13:22:00.0,2022-06-08T15:13:00.0,13.366666666666667
CH306,KR_U127,KR2939,1.6,11.05,2022-06-10,16:28:00.0,2022-06-10,18:04:00.0,16,18,June,Friday,96.0,Weekday,65,2022-06-10T16:28:00.0,2022-06-10T18:04:00.0,16.466666666666665
CH306,KR_U127,KR2940,1.3,9.02,2022-06-27,17:36:00.0,2022-06-27,18:54:00.0,17,18,June,Monday,78.0,Weekday,65,2022-06-27T17:36:00.0,2022-06-27T18:54:00.0,17.6
CH306,KR_U127,KR2941,2.066666666666667,14.53,2022-05-26,16:43:00.0,2022-05-26,18:47:00.0,16,18,May,Thursday,124.00000000000001,Weekday,65,2022-05-26T16:43:00.0,2022-05-26T18:47:00.0,16.716666666666665
CH306,KR_U127,KR2942,0.7,4.99,2022-05-27,11:46:00.0,2022-05-27,12:28:00.0,11,12,May,Friday,42.0,Weekday,65,2022-05-27T11:46:00.0,2022-05-27T12:28:00.0,11.766666666666667
CH306,KR_U127,KR2943,0.31666666666666665,2.22,2022-04-05,10:26:00.0,2022-04-05,10:45:00.0,10,10,April,Tuesday,19.0,Weekday,65,2022-04-05T10:26:00.0,2022-04-05T10:45:00.0,10.433333333333334
CH306,KR_U127,KR2944,2.6666666666666665,18.65,2022-04-09,17:04:00.0,2022-04-09,19:44:00.0,17,19,April,Saturday,160.0,Weekend,65,2022-04-09T17:04:00.0,2022-04-09T19:44:00.0,17.066666666666666
CH306,KR_U127,KR2945,0.4,2.75,2022-04-11,15:48:00.0,2022-04-11,16:12:00.0,15,16,April,Monday,24.0,Weekday,65,2022-04-11T15:48:00.0,2022-04-11T16:12:00.0,15.8
CH306,KR_U127,KR2946,1.7666666666666666,10.56,2022-04-14,17:16:00.0,2022-04-14,19:02:00.0,17,19,April,Thursday,106.0,Weekday,65,2022-04-14T17:16:00.0,2022-04-14T19:02:00.0,17.266666666666666
CH306,KR_U127,KR2947,2.3833333333333333,15.39,2022-03-02,16:58:00.0,2022-03-02,19:21:00.0,16,19,March,Wednesday,143.0,Weekday,65,2022-03-02T16:58:00.0,2022-03-02T19:21:00.0,16.966666666666665
CH306,KR_U127,KR2948,1.5333333333333334,9.82,2022-03-28,11:40:00.0,2022-03-28,13:12:00.0,11,13,March,Monday,92.0,Weekday,65,2022-03-28T11:40:00.0,2022-03-28T13:12:00.0,11.666666666666666
CH306,KR_U127,KR2949,2.066666666666667,12.48,2022-02-04,16:13:00.0,2022-02-04,18:17:00.0,16,18,February,Friday,124.00000000000001,Weekday,65,2022-02-04T16:13:00.0,2022-02-04T18:17:00.0,16.216666666666665
CH306,KR_U127,KR2950,0.2,1.36,2022-02-11,14:28:00.0,2022-02-11,14:40:00.0,14,14,February,Friday,12.0,Weekday,65,2022-02-11T14:28:00.0,2022-02-11T14:40:00.0,14.466666666666667
CH306,KR_U127,KR2951,0.2,1.35,2022-02-11,15:33:00.0,2022-02-11,15:45:00.0,15,15,February,Friday,12.0,Weekday,65,2022-02-11T15:33:00.0,2022-02-11T15:45:00.0,15.55
CH306,KR_U127,KR2952,2.3,13.84,2022-01-03,15:22:00.0,2022-01-03,17:40:00.0,15,17,January,Monday,138.0,Weekday,65,2022-01-03T15:22:00.0,2022-01-03T17:40:00.0,15.366666666666667
CH306,KR_U127,KR2953,2.3833333333333333,13.91,2022-01-17,15:13:00.0,2022-01-17,17:36:00.0,15,17,January,Monday,143.0,Weekday,65,2022-01-17T15:13:00.0,2022-01-17T17:36:00.0,15.216666666666667
CH306,KR_U127,KR2954,2.8333333333333335,17.58,2021-12-15,14:27:00.0,2021-12-15,17:17:00.0,14,17,December,Wednesday,170.0,Weekday,65,2021-12-15T14:27:00.0,2021-12-15T17:17:00.0,14.45
CH306,KR_U127,KR2955,2.316666666666667,15.59,2021-12-23,13:22:00.0,2021-12-23,15:41:00.0,13,15,December,Thursday,139.0,Weekday,65,2021-12-23T13:22:00.0,2021-12-23T15:41:00.0,13.366666666666667
CH306,KR_U127,KR2956,1.8333333333333333,11.87,2021-10-25,15:59:00.0,2021-10-25,17:49:00.0,15,17,October,Monday,110.0,Weekday,65,2021-10-25T15:59:00.0,2021-10-25T17:49:00.0,15.983333333333333
CH306,KR_U127,KR2957,0.55,3.75,2021-10-27,15:52:00.0,2021-10-27,16:25:00.0,15,16,October,Wednesday,33.0,Weekday,65,2021-10-27T15:52:00.0,2021-10-27T16:25:00.0,15.866666666666667
CH306,KR_U434,KR2960,2.55,17.55,2022-09-29,15:13:00.0,2022-09-29,17:46:00.0,15,17,September,Thursday,153.0,Weekday,67,2022-09-29T15:13:00.0,2022-09-29T17:46:00.0,15.216666666666667
CH306,KR_U434,KR2961,1.3666666666666667,9.47,2022-09-21,17:25:00.0,2022-09-21,18:47:00.0,17,18,September,Wednesday,82.0,Weekday,67,2022-09-21T17:25:00.0,2022-09-21T18:47:00.0,17.416666666666668
CH306,KR_U434,KR2962,2.283333333333333,15.62,2022-07-15,16:36:00.0,2022-07-15,18:53:00.0,16,18,July,Friday,137.0,Weekday,67,2022-07-15T16:36:00.0,2022-07-15T18:53:00.0,16.6
CH306,KR_U434,KR2963,1.4833333333333334,10.1,2022-07-26,15:13:00.0,2022-07-26,16:42:00.0,15,16,July,Tuesday,89.0,Weekday,67,2022-07-26T15:13:00.0,2022-07-26T16:42:00.0,15.216666666666667
CH306,KR_U434,KR2964,2.033333333333333,13.96,2022-07-28,15:06:00.0,2022-07-28,17:08:00.0,15,17,July,Thursday,122.0,Weekday,67,2022-07-28T15:06:00.0,2022-07-28T17:08:00.0,15.1
CH306,KR_U434,KR2965,1.8166666666666667,12.64,2022-05-12,17:23:00.0,2022-05-12,19:12:00.0,17,19,May,Thursday,109.0,Weekday,67,2022-05-12T17:23:00.0,2022-05-12T19:12:00.0,17.383333333333333
CH306,KR_U434,KR2966,1.1666666666666667,7.8,2022-05-16,10:46:00.0,2022-05-16,11:56:00.0,10,11,May,Monday,70.0,Weekday,67,2022-05-16T10:46:00.0,2022-05-16T11:56:00.0,10.766666666666667
CH306,KR_U434,KR2967,1.1333333333333333,7.75,2022-04-20,17:47:00.0,2022-04-20,18:55:00.0,17,18,April,Wednesday,68.0,Weekday,67,2022-04-20T17:47:00.0,2022-04-20T18:55:00.0,17.783333333333335
CH306,KR_U434,KR2968,0.95,6.15,2022-03-18,13:04:00.0,2022-03-18,14:01:00.0,13,14,March,Friday,57.0,Weekday,67,2022-03-18T13:04:00.0,2022-03-18T14:01:00.0,13.066666666666666
CH306,KR_U434,KR2969,1.3333333333333333,8.83,2022-03-21,17:22:00.0,2022-03-21,18:42:00.0,17,18,March,Monday,80.0,Weekday,67,2022-03-21T17:22:00.0,2022-03-21T18:42:00.0,17.366666666666667
CH306,KR_U434,KR2970,1.8666666666666667,11.75,2022-03-29,17:48:00.0,2022-03-29,19:40:00.0,17,19,March,Tuesday,112.0,Weekday,67,2022-03-29T17:48:00.0,2022-03-29T19:40:00.0,17.8
CH306,KR_U434,KR2971,2.2333333333333334,13.27,2022-02-10,09:39:00.0,2022-02-10,11:53:00.0,9,11,February,Thursday,134.0,Weekday,67,2022-02-10T09:39:00.0,2022-02-10T11:53:00.0,9.65
CH306,KR_U434,KR2972,1.85,11.14,2022-02-22,09:42:00.0,2022-02-22,11:33:00.0,9,11,February,Tuesday,111.0,Weekday,67,2022-02-22T09:42:00.0,2022-02-22T11:33:00.0,9.7
CH306,KR_U434,KR2973,1.05,6.51,2022-02-25,17:52:00.0,2022-02-25,18:55:00.0,17,18,February,Friday,63.0,Weekday,67,2022-02-25T17:52:00.0,2022-02-25T18:55:00.0,17.866666666666667
CH306,KR_U434,KR2974,1.3,7.8,2022-01-26,09:44:00.0,2022-01-26,11:02:00.0,9,11,January,Wednesday,78.0,Weekday,67,2022-01-26T09:44:00.0,2022-01-26T11:02:00.0,9.733333333333333
CH306,KR_U434,KR2975,2.6666666666666665,17.7,2021-12-06,09:49:00.0,2021-12-06,12:29:00.0,9,12,December,Monday,160.0,Weekday,67,2021-12-06T09:49:00.0,2021-12-06T12:29:00.0,9.816666666666666
CH306,KR_U434,KR2976,0.3333333333333333,1.96,2021-12-08,16:33:00.0,2021-12-08,16:53:00.0,16,16,December,Wednesday,20.0,Weekday,67,2021-12-08T16:33:00.0,2021-12-08T16:53:00.0,16.55
CH306,KR_U434,KR2977,0.4666666666666667,2.86,2021-12-24,16:34:00.0,2021-12-24,17:02:00.0,16,17,December,Friday,28.0,Weekday,67,2021-12-24T16:34:00.0,2021-12-24T17:02:00.0,16.566666666666666
CH306,KR_U434,KR2978,1.7333333333333334,10.9,2021-11-03,18:16:00.0,2021-11-03,20:00:00.0,18,20,November,Wednesday,104.0,Weekday,67,2021-11-03T18:16:00.0,2021-11-03T20:00:00.0,18.266666666666666
CH306,KR_U434,KR2979,1.25,8.65,2021-10-08,16:47:00.0,2021-10-08,18:02:00.0,16,18,October,Friday,75.0,Weekday,67,2021-10-08T16:47:00.0,2021-10-08T18:02:00.0,16.783333333333335
CH306,KR_U434,KR2980,1.85,12.7,2021-10-26,18:05:00.0,2021-10-26,19:56:00.0,18,19,October,Tuesday,111.0,Weekday,67,2021-10-26T18:05:00.0,2021-10-26T19:56:00.0,18.083333333333332
CH306,KR_U434,KR2981,2.8666666666666667,19.84,2021-10-27,16:42:00.0,2021-10-27,19:34:00.0,16,19,October,Wednesday,172.0,Weekday,67,2021-10-27T16:42:00.0,2021-10-27T19:34:00.0,16.7
CH306,KR_U1222,KR2991,1.1833333333333333,7.91,2022-07-12,17:46:00.0,2022-07-12,18:57:00.0,17,18,July,Tuesday,71.0,Weekday,69,2022-07-12T17:46:00.0,2022-07-12T18:57:00.0,17.766666666666666
CH306,KR_U1222,KR2992,0.9666666666666667,6.51,2022-07-14,17:37:00.0,2022-07-14,18:35:00.0,17,18,July,Thursday,58.0,Weekday,69,2022-07-14T17:37:00.0,2022-07-14T18:35:00.0,17.616666666666667
CH306,KR_U1222,KR2993,2.35,15.56,2022-07-19,18:03:00.0,2022-07-19,20:24:00.0,18,20,July,Tuesday,141.0,Weekday,69,2022-07-19T18:03:00.0,2022-07-19T20:24:00.0,18.05
CH306,KR_U1222,KR2994,2.0,13.35,2022-06-15,17:27:00.0,2022-06-15,19:27:00.0,17,19,June,Wednesday,120.0,Weekday,69,2022-06-15T17:27:00.0,2022-06-15T19:27:00.0,17.45
CH306,KR_U1222,KR2995,0.8333333333333334,5.52,2022-05-21,17:12:00.0,2022-05-21,18:02:00.0,17,18,May,Saturday,50.0,Weekend,69,2022-05-21T17:12:00.0,2022-05-21T18:02:00.0,17.2
CH306,KR_U1222,KR2996,1.9833333333333334,13.28,2022-04-27,17:52:00.0,2022-04-27,19:51:00.0,17,19,April,Wednesday,119.0,Weekday,69,2022-04-27T17:52:00.0,2022-04-27T19:51:00.0,17.866666666666667
CH306,KR_U1222,KR2997,1.9666666666666666,13.04,2022-03-22,17:37:00.0,2022-03-22,19:35:00.0,17,19,March,Tuesday,118.0,Weekday,69,2022-03-22T17:37:00.0,2022-03-22T19:35:00.0,17.616666666666667
CH306,KR_U1222,KR2998,0.6333333333333333,4.06,2022-02-03,17:37:00.0,2022-02-03,18:15:00.0,17,18,February,Thursday,38.0,Weekday,69,2022-02-03T17:37:00.0,2022-02-03T18:15:00.0,17.616666666666667
CH306,KR_U1222,KR2999,2.35,15.54,2022-02-15,17:18:00.0,2022-02-15,19:39:00.0,17,19,February,Tuesday,141.0,Weekday,69,2022-02-15T17:18:00.0,2022-02-15T19:39:00.0,17.3
CH306,KR_U1222,KR3000,1.85,12.22,2022-01-26,17:11:00.0,2022-01-26,19:02:00.0,17,19,January,Wednesday,111.0,Weekday,69,2022-01-26T17:11:00.0,2022-01-26T19:02:00.0,17.183333333333334
CH306,KR_U1222,KR3001,0.9666666666666667,6.26,2021-12-31,17:02:00.0,2021-12-31,18:00:00.0,17,18,December,Friday,58.0,Weekday,69,2021-12-31T17:02:00.0,2021-12-31T18:00:00.0,17.033333333333335
CH306,KR_U1222,KR3002,1.3166666666666667,8.63,2021-11-17,17:10:00.0,2021-11-17,18:29:00.0,17,18,November,Wednesday,79.0,Weekday,69,2021-11-17T17:10:00.0,2021-11-17T18:29:00.0,17.166666666666668
CH306,KR_U1222,KR3003,1.5333333333333334,10.2,2021-11-29,17:30:00.0,2021-11-29,19:02:00.0,17,19,November,Monday,92.0,Weekday,69,2021-11-29T17:30:00.0,2021-11-29T19:02:00.0,17.5
CH306,KR_U1222,KR3004,1.2333333333333334,8.19,2021-11-30,17:08:00.0,2021-11-30,18:22:00.0,17,18,November,Tuesday,74.0,Weekday,69,2021-11-30T17:08:00.0,2021-11-30T18:22:00.0,17.133333333333333
CH306,KR_U1222,KR3005,2.783333333333333,18.74,2021-10-12,17:20:00.0,2021-10-12,20:07:00.0,17,20,October,Tuesday,167.0,Weekday,69,2021-10-12T17:20:00.0,2021-10-12T20:07:00.0,17.333333333333332
CH306,KR_U1222,KR3006,1.6666666666666667,11.03,2021-10-19,17:23:00.0,2021-10-19,19:03:00.0,17,19,October,Tuesday,100.0,Weekday,69,2021-10-19T17:23:00.0,2021-10-19T19:03:00.0,17.383333333333333
CH306,KR_U1225,KR3023,2.466666666666667,16.49,2022-07-06,17:56:00.0,2022-07-06,20:24:00.0,17,20,July,Wednesday,148.0,Weekday,71,2022-07-06T17:56:00.0,2022-07-06T20:24:00.0,17.933333333333334
CH306,KR_U1225,KR3024,2.1666666666666665,14.49,2022-07-18,18:01:00.0,2022-07-18,20:11:00.0,18,20,July,Monday,130.0,Weekday,71,2022-07-18T18:01:00.0,2022-07-18T20:11:00.0,18.016666666666666
CH306,KR_U1225,KR3025,2.8333333333333335,18.96,2022-06-16,17:30:00.0,2022-06-16,20:20:00.0,17,20,June,Thursday,170.0,Weekday,71,2022-06-16T17:30:00.0,2022-06-16T20:20:00.0,17.5
CH306,KR_U1225,KR3026,1.3833333333333333,9.32,2022-06-20,17:33:00.0,2022-06-20,18:56:00.0,17,18,June,Monday,83.0,Weekday,71,2022-06-20T17:33:00.0,2022-06-20T18:56:00.0,17.55
CH306,KR_U1225,KR3027,1.5666666666666667,10.59,2022-06-21,17:37:00.0,2022-06-21,19:11:00.0,17,19,June,Tuesday,94.0,Weekday,71,2022-06-21T17:37:00.0,2022-06-21T19:11:00.0,17.616666666666667
CH306,KR_U1225,KR3028,2.35,15.69,2022-06-23,17:27:00.0,2022-06-23,19:48:00.0,17,19,June,Thursday,141.0,Weekday,71,2022-06-23T17:27:00.0,2022-06-23T19:48:00.0,17.45
CH306,KR_U1225,KR3029,1.8166666666666667,12.29,2022-06-24,18:15:00.0,2022-06-24,20:04:00.0,18,20,June,Friday,109.0,Weekday,71,2022-06-24T18:15:00.0,2022-06-24T20:04:00.0,18.25
CH306,KR_U1225,KR3030,2.3833333333333333,15.92,2022-05-07,17:08:00.0,2022-05-07,19:31:00.0,17,19,May,Saturday,143.0,Weekend,71,2022-05-07T17:08:00.0,2022-05-07T19:31:00.0,17.133333333333333
CH306,KR_U1225,KR3031,1.45,9.77,2022-04-02,17:27:00.0,2022-04-02,18:54:00.0,17,18,April,Saturday,87.0,Weekend,71,2022-04-02T17:27:00.0,2022-04-02T18:54:00.0,17.45
CH306,KR_U1225,KR3032,1.3666666666666667,9.22,2022-04-30,17:17:00.0,2022-04-30,18:39:00.0,17,18,April,Saturday,82.0,Weekend,71,2022-04-30T17:17:00.0,2022-04-30T18:39:00.0,17.283333333333335
CH306,KR_U1225,KR3033,3.0833333333333335,20.77,2022-02-18,17:30:00.0,2022-02-18,20:35:00.0,17,20,February,Friday,185.0,Weekday,71,2022-02-18T17:30:00.0,2022-02-18T20:35:00.0,17.5
CH306,KR_U1225,KR3034,1.8166666666666667,11.97,2022-01-07,17:27:00.0,2022-01-07,19:16:00.0,17,19,January,Friday,109.0,Weekday,71,2022-01-07T17:27:00.0,2022-01-07T19:16:00.0,17.45
CH306,KR_U1225,KR3035,1.6,10.63,2022-01-19,17:17:00.0,2022-01-19,18:53:00.0,17,18,January,Wednesday,96.0,Weekday,71,2022-01-19T17:17:00.0,2022-01-19T18:53:00.0,17.283333333333335
CH306,KR_U1225,KR3036,1.8333333333333333,12.14,2021-11-10,14:57:00.0,2021-11-10,16:47:00.0,14,16,November,Wednesday,110.0,Weekday,71,2021-11-10T14:57:00.0,2021-11-10T16:47:00.0,14.95
CH306,KR_U1225,KR3037,1.4666666666666666,9.67,2021-11-11,17:29:00.0,2021-11-11,18:57:00.0,17,18,November,Thursday,88.0,Weekday,71,2021-11-11T17:29:00.0,2021-11-11T18:57:00.0,17.483333333333334
CH306,KR_U1225,KR3038,2.95,19.85,2021-11-15,17:58:00.0,2021-11-15,20:55:00.0,17,20,November,Monday,177.0,Weekday,71,2021-11-15T17:58:00.0,2021-11-15T20:55:00.0,17.966666666666665
CH306,KR_U1225,KR3039,3.433333333333333,22.92,2021-10-02,17:31:00.0,2021-10-02,20:57:00.0,17,20,October,Saturday,206.0,Weekend,71,2021-10-02T17:31:00.0,2021-10-02T20:57:00.0,17.516666666666666
CH306,KR_U1225,KR3040,1.5166666666666666,10.23,2021-10-13,18:57:00.0,2021-10-13,20:28:00.0,18,20,October,Wednesday,91.0,Weekday,71,2021-10-13T18:57:00.0,2021-10-13T20:28:00.0,18.95
CH306,KR_U1228,KR3041,2.533333333333333,16.82,2022-06-30,18:53:00.0,2022-06-30,21:25:00.0,18,21,June,Thursday,152.0,Weekday,72,2022-06-30T18:53:00.0,2022-06-30T21:25:00.0,18.883333333333333
CH306,KR_U1228,KR3042,1.0666666666666667,7.08,2022-05-02,18:37:00.0,2022-05-02,19:41:00.0,18,19,May,Monday,64.0,Weekday,72,2022-05-02T18:37:00.0,2022-05-02T19:41:00.0,18.616666666666667
CH306,KR_U1228,KR3043,1.8166666666666667,11.9,2022-05-17,17:41:00.0,2022-05-17,19:30:00.0,17,19,May,Tuesday,109.0,Weekday,72,2022-05-17T17:41:00.0,2022-05-17T19:30:00.0,17.683333333333334
CH306,KR_U1228,KR3044,0.85,5.57,2022-05-19,18:01:00.0,2022-05-19,18:52:00.0,18,18,May,Thursday,51.0,Weekday,72,2022-05-19T18:01:00.0,2022-05-19T18:52:00.0,18.016666666666666
CH306,KR_U1228,KR3045,2.9166666666666665,19.32,2022-05-25,18:16:00.0,2022-05-25,21:11:00.0,18,21,May,Wednesday,175.0,Weekday,72,2022-05-25T18:16:00.0,2022-05-25T21:11:00.0,18.266666666666666
CH306,KR_U1228,KR3046,2.4166666666666665,16.06,2022-04-07,18:08:00.0,2022-04-07,20:33:00.0,18,20,April,Thursday,145.0,Weekday,72,2022-04-07T18:08:00.0,2022-04-07T20:33:00.0,18.133333333333333
CH306,KR_U1228,KR3047,1.0833333333333333,7.13,2022-02-19,17:10:00.0,2022-02-19,18:15:00.0,17,18,February,Saturday,65.0,Weekend,72,2022-02-19T17:10:00.0,2022-02-19T18:15:00.0,17.166666666666668
CH306,KR_U1228,KR3048,1.0833333333333333,7.08,2022-02-21,17:35:00.0,2022-02-21,18:40:00.0,17,18,February,Monday,65.0,Weekday,72,2022-02-21T17:35:00.0,2022-02-21T18:40:00.0,17.583333333333332
CH306,KR_U1228,KR3049,1.25,8.21,2022-02-23,17:32:00.0,2022-02-23,18:47:00.0,17,18,February,Wednesday,75.0,Weekday,72,2022-02-23T17:32:00.0,2022-02-23T18:47:00.0,17.533333333333335
CH306,KR_U1228,KR3050,0.9333333333333333,6.12,2022-01-24,17:28:00.0,2022-01-24,18:24:00.0,17,18,January,Monday,56.0,Weekday,72,2022-01-24T17:28:00.0,2022-01-24T18:24:00.0,17.466666666666665
CH306,KR_U1228,KR3051,1.0333333333333334,6.79,2021-12-11,17:01:00.0,2021-12-11,18:03:00.0,17,18,December,Saturday,62.00000000000001,Weekend,72,2021-12-11T17:01:00.0,2021-12-11T18:03:00.0,17.016666666666666
CH306,KR_U1228,KR3052,0.85,5.54,2021-12-19,17:01:00.0,2021-12-19,17:52:00.0,17,17,December,Sunday,51.0,Weekend,72,2021-12-19T17:01:00.0,2021-12-19T17:52:00.0,17.016666666666666
CH306,KR_U1228,KR3053,2.7666666666666666,18.42,2021-12-28,18:37:00.0,2021-12-28,21:23:00.0,18,21,December,Tuesday,166.0,Weekday,72,2021-12-28T18:37:00.0,2021-12-28T21:23:00.0,18.616666666666667
CH306,KR_U1228,KR3054,1.0333333333333334,6.71,2021-12-29,17:54:00.0,2021-12-29,18:56:00.0,17,18,December,Wednesday,62.00000000000001,Weekday,72,2021-12-29T17:54:00.0,2021-12-29T18:56:00.0,17.9
CH306,KR_U1228,KR3055,1.6333333333333333,10.63,2021-12-30,17:51:00.0,2021-12-30,19:29:00.0,17,19,December,Thursday,98.0,Weekday,72,2021-12-30T17:51:00.0,2021-12-30T19:29:00.0,17.85
CH306,KR_U1228,KR3056,1.1333333333333333,7.52,2021-10-01,18:36:00.0,2021-10-01,19:44:00.0,18,19,October,Friday,68.0,Weekday,72,2021-10-01T18:36:00.0,2021-10-01T19:44:00.0,18.6
CH306,KR_U1228,KR3057,2.05,13.57,2021-10-06,18:42:00.0,2021-10-06,20:45:00.0,18,20,October,Wednesday,122.99999999999999,Weekday,72,2021-10-06T18:42:00.0,2021-10-06T20:45:00.0,18.7
CH306,KR_U1230,KR3060,3.1,20.77,2022-07-01,19:28:00.0,2022-07-01,22:34:00.0,19,22,July,Friday,186.0,Weekday,74,2022-07-01T19:28:00.0,2022-07-01T22:34:00.0,19.466666666666665
CH306,KR_U1230,KR3061,3.033333333333333,20.16,2022-07-07,18:13:00.0,2022-07-07,21:15:00.0,18,21,July,Thursday,182.0,Weekday,74,2022-07-07T18:13:00.0,2022-07-07T21:15:00.0,18.216666666666665
CH306,KR_U1230,KR3062,3.1166666666666667,20.77,2022-07-11,17:38:00.0,2022-07-11,20:45:00.0,17,20,July,Monday,187.0,Weekday,74,2022-07-11T17:38:00.0,2022-07-11T20:45:00.0,17.633333333333333
CH306,KR_U1230,KR3063,3.55,23.72,2022-07-20,18:09:00.0,2022-07-20,21:42:00.0,18,21,July,Wednesday,213.0,Weekday,74,2022-07-20T18:09:00.0,2022-07-20T21:42:00.0,18.15
CH306,KR_U1230,KR3064,1.25,8.34,2022-06-17,17:41:00.0,2022-06-17,18:56:00.0,17,18,June,Friday,75.0,Weekday,74,2022-06-17T17:41:00.0,2022-06-17T18:56:00.0,17.683333333333334
CH306,KR_U1230,KR3065,1.3166666666666667,8.7,2022-06-19,17:13:00.0,2022-06-19,18:32:00.0,17,18,June,Sunday,79.0,Weekend,74,2022-06-19T17:13:00.0,2022-06-19T18:32:00.0,17.216666666666665
CH306,KR_U1230,KR3066,2.8333333333333335,18.89,2022-06-22,17:35:00.0,2022-06-22,20:25:00.0,17,20,June,Wednesday,170.0,Weekday,74,2022-06-22T17:35:00.0,2022-06-22T20:25:00.0,17.583333333333332
CH306,KR_U1230,KR3067,1.6166666666666667,10.82,2022-05-04,17:23:00.0,2022-05-04,19:00:00.0,17,19,May,Wednesday,97.0,Weekday,74,2022-05-04T17:23:00.0,2022-05-04T19:00:00.0,17.383333333333333
CH306,KR_U1230,KR3068,1.5,10.0,2022-05-13,17:48:00.0,2022-05-13,19:18:00.0,17,19,May,Friday,90.0,Weekday,74,2022-05-13T17:48:00.0,2022-05-13T19:18:00.0,17.8
CH306,KR_U1230,KR3069,2.2666666666666666,15.01,2022-05-15,17:07:00.0,2022-05-15,19:23:00.0,17,19,May,Sunday,136.0,Weekend,74,2022-05-15T17:07:00.0,2022-05-15T19:23:00.0,17.116666666666667
CH306,KR_U1230,KR3070,1.15,7.65,2022-05-18,17:27:00.0,2022-05-18,18:36:00.0,17,18,May,Wednesday,69.0,Weekday,74,2022-05-18T17:27:00.0,2022-05-18T18:36:00.0,17.45
CH306,KR_U1230,KR3071,2.3333333333333335,15.63,2022-05-20,17:37:00.0,2022-05-20,19:57:00.0,17,19,May,Friday,140.0,Weekday,74,2022-05-20T17:37:00.0,2022-05-20T19:57:00.0,17.616666666666667
CH306,KR_U1230,KR3072,1.15,7.73,2022-04-29,17:33:00.0,2022-04-29,18:42:00.0,17,18,April,Friday,69.0,Weekday,74,2022-04-29T17:33:00.0,2022-04-29T18:42:00.0,17.55
CH306,KR_U1230,KR3073,2.933333333333333,19.51,2022-03-08,17:47:00.0,2022-03-08,20:43:00.0,17,20,March,Tuesday,176.0,Weekday,74,2022-03-08T17:47:00.0,2022-03-08T20:43:00.0,17.783333333333335
CH306,KR_U1230,KR3074,2.0833333333333335,13.99,2022-03-12,17:48:00.0,2022-03-12,19:53:00.0,17,19,March,Saturday,125.00000000000001,Weekend,74,2022-03-12T17:48:00.0,2022-03-12T19:53:00.0,17.8
CH306,KR_U1230,KR3075,1.7166666666666666,11.42,2022-01-28,17:26:00.0,2022-01-28,19:09:00.0,17,19,January,Friday,103.0,Weekday,74,2022-01-28T17:26:00.0,2022-01-28T19:09:00.0,17.433333333333334
CH306,KR_U1230,KR3076,1.8,12.04,2021-12-01,17:51:00.0,2021-12-01,19:39:00.0,17,19,December,Wednesday,108.0,Weekday,74,2021-12-01T17:51:00.0,2021-12-01T19:39:00.0,17.85
CH306,KR_U1230,KR3077,1.8,11.98,2021-12-03,17:46:00.0,2021-12-03,19:34:00.0,17,19,December,Friday,108.0,Weekday,74,2021-12-03T17:46:00.0,2021-12-03T19:34:00.0,17.766666666666666
CH306,KR_U1230,KR3078,0.7333333333333333,4.88,2021-12-21,17:14:00.0,2021-12-21,17:58:00.0,17,17,December,Tuesday,44.0,Weekday,74,2021-12-21T17:14:00.0,2021-12-21T17:58:00.0,17.233333333333334
CH306,KR_U1230,KR3079,1.05,6.94,2021-11-04,17:35:00.0,2021-11-04,18:38:00.0,17,18,November,Thursday,63.0,Weekday,74,2021-11-04T17:35:00.0,2021-11-04T18:38:00.0,17.583333333333332
CH306,KR_U1230,KR3080,2.283333333333333,15.13,2021-11-18,17:18:00.0,2021-11-18,19:35:00.0,17,19,November,Thursday,137.0,Weekday,74,2021-11-18T17:18:00.0,2021-11-18T19:35:00.0,17.3
CH306,KR_U1230,KR3081,2.966666666666667,19.84,2021-10-05,17:26:00.0,2021-10-05,20:24:00.0,17,20,October,Tuesday,178.0,Weekday,74,2021-10-05T17:26:00.0,2021-10-05T20:24:00.0,17.433333333333334
CH306,KR_U1230,KR3082,0.9166666666666666,6.08,2021-10-14,17:27:00.0,2021-10-14,18:22:00.0,17,18,October,Thursday,55.0,Weekday,74,2021-10-14T17:27:00.0,2021-10-14T18:22:00.0,17.45
CH306,KR_U1230,KR3083,0.5666666666666667,3.74,2021-10-16,17:17:00.0,2021-10-16,17:51:00.0,17,17,October,Saturday,34.0,Weekend,74,2021-10-16T17:17:00.0,2021-10-16T17:51:00.0,17.283333333333335
CH306,KR_U1230,KR3084,1.1,7.24,2021-10-16,19:42:00.0,2021-10-16,20:48:00.0,19,20,October,Saturday,66.0,Weekend,74,2021-10-16T19:42:00.0,2021-10-16T20:48:00.0,19.7
CH306,KR_U1230,KR3085,1.5333333333333334,10.18,2021-10-22,17:39:00.0,2021-10-22,19:11:00.0,17,19,October,Friday,92.0,Weekday,74,2021-10-22T17:39:00.0,2021-10-22T19:11:00.0,17.65
CH306,KR_U1230,KR3086,0.7166666666666667,4.8,2021-10-24,16:50:00.0,2021-10-24,17:33:00.0,16,17,October,Sunday,43.0,Weekend,74,2021-10-24T16:50:00.0,2021-10-24T17:33:00.0,16.833333333333332
CH306,KR_U1446,KR3087,1.5,10.03,2022-06-09,16:11:00.0,2022-06-09,17:41:00.0,16,17,June,Thursday,90.0,Weekday,75,2022-06-09T16:11:00.0,2022-06-09T17:41:00.0,16.183333333333334
CH306,KR_U1446,KR3088,3.1,20.67,2022-06-25,17:07:00.0,2022-06-25,20:13:00.0,17,20,June,Saturday,186.0,Weekend,75,2022-06-25T17:07:00.0,2022-06-25T20:13:00.0,17.116666666666667
CH306,KR_U1446,KR3089,2.2,14.61,2022-04-25,16:42:00.0,2022-04-25,18:54:00.0,16,18,April,Monday,132.0,Weekday,75,2022-04-25T16:42:00.0,2022-04-25T18:54:00.0,16.7
CH306,KR_U1446,KR3090,1.5166666666666666,10.17,2022-02-19,15:13:00.0,2022-02-19,16:44:00.0,15,16,February,Saturday,91.0,Weekend,75,2022-02-19T15:13:00.0,2022-02-19T16:44:00.0,15.216666666666667
CH306,KR_U1446,KR3091,2.7666666666666666,18.49,2021-12-22,17:47:00.0,2021-12-22,20:33:00.0,17,20,December,Wednesday,166.0,Weekday,75,2021-12-22T17:47:00.0,2021-12-22T20:33:00.0,17.783333333333335
CH306,KR_U1446,KR3092,0.7833333333333333,5.17,2021-12-27,16:47:00.0,2021-12-27,17:34:00.0,16,17,December,Monday,47.0,Weekday,75,2021-12-27T16:47:00.0,2021-12-27T17:34:00.0,16.783333333333335
CH306,KR_U1446,KR3093,2.65,17.7,2021-11-05,17:02:00.0,2021-11-05,19:41:00.0,17,19,November,Friday,159.0,Weekday,75,2021-11-05T17:02:00.0,2021-11-05T19:41:00.0,17.033333333333335
CH334,KR_U127,KR3125,0.4666666666666667,3.14,2022-09-08,15:58:00.0,2022-09-08,16:26:00.0,15,16,September,Thursday,28.0,Weekday,65,2022-09-08T15:58:00.0,2022-09-08T16:26:00.0,15.966666666666667
CH334,KR_U127,KR3126,1.7666666666666666,12.38,2022-09-07,15:41:00.0,2022-09-07,17:27:00.0,15,17,September,Wednesday,106.0,Weekday,65,2022-09-07T15:41:00.0,2022-09-07T17:27:00.0,15.683333333333334
CH334,KR_U127,KR3127,1.6333333333333333,11.39,2022-08-11,17:13:00.0,2022-08-11,18:51:00.0,17,18,August,Thursday,98.0,Weekday,65,2022-08-11T17:13:00.0,2022-08-11T18:51:00.0,17.216666666666665
CH334,KR_U127,KR3128,1.8,12.49,2022-07-06,16:41:00.0,2022-07-06,18:29:00.0,16,18,July,Wednesday,108.0,Weekday,65,2022-07-06T16:41:00.0,2022-07-06T18:29:00.0,16.683333333333334
CH334,KR_U127,KR3129,1.3333333333333333,9.04,2022-07-07,16:06:00.0,2022-07-07,17:26:00.0,16,17,July,Thursday,80.0,Weekday,65,2022-07-07T16:06:00.0,2022-07-07T17:26:00.0,16.1
CH334,KR_U127,KR3130,1.6166666666666667,11.22,2022-06-22,17:38:00.0,2022-06-22,19:15:00.0,17,19,June,Wednesday,97.0,Weekday,65,2022-06-22T17:38:00.0,2022-06-22T19:15:00.0,17.633333333333333
CH334,KR_U127,KR3131,1.7333333333333334,11.83,2022-06-29,17:35:00.0,2022-06-29,19:19:00.0,17,19,June,Wednesday,104.0,Weekday,65,2022-06-29T17:35:00.0,2022-06-29T19:19:00.0,17.583333333333332
CH334,KR_U127,KR3132,1.7333333333333334,11.9,2022-05-24,16:50:00.0,2022-05-24,18:34:00.0,16,18,May,Tuesday,104.0,Weekday,65,2022-05-24T16:50:00.0,2022-05-24T18:34:00.0,16.833333333333332
CH334,KR_U127,KR3133,1.4666666666666666,10.29,2022-04-22,16:16:00.0,2022-04-22,17:44:00.0,16,17,April,Friday,88.0,Weekday,65,2022-04-22T16:16:00.0,2022-04-22T17:44:00.0,16.266666666666666
CH334,KR_U127,KR3134,2.95,19.42,2022-03-04,14:57:00.0,2022-03-04,17:54:00.0,14,17,March,Friday,177.0,Weekday,65,2022-03-04T14:57:00.0,2022-03-04T17:54:00.0,14.95
CH334,KR_U127,KR3135,1.8,11.01,2022-01-19,15:05:00.0,2022-01-19,16:53:00.0,15,16,January,Wednesday,108.0,Weekday,65,2022-01-19T15:05:00.0,2022-01-19T16:53:00.0,15.083333333333334
CH334,KR_U127,KR3136,1.9,11.68,2021-11-15,15:31:00.0,2021-11-15,17:25:00.0,15,17,November,Monday,114.0,Weekday,65,2021-11-15T15:31:00.0,2021-11-15T17:25:00.0,15.516666666666667
CH334,KR_U434,KR3137,1.5833333333333333,10.84,2022-09-02,16:30:00.0,2022-09-02,18:05:00.0,16,18,September,Friday,95.0,Weekday,67,2022-09-02T16:30:00.0,2022-09-02T18:05:00.0,16.5
CH334,KR_U434,KR3138,1.0,6.89,2022-09-20,08:22:00.0,2022-09-20,09:22:00.0,8,9,September,Tuesday,60.0,Weekday,67,2022-09-20T08:22:00.0,2022-09-20T09:22:00.0,8.366666666666667
CH334,KR_U434,KR3139,2.533333333333333,17.32,2022-08-08,08:22:00.0,2022-08-08,10:54:00.0,8,10,August,Monday,152.0,Weekday,67,2022-08-08T08:22:00.0,2022-08-08T10:54:00.0,8.366666666666667
CH334,KR_U434,KR3140,1.5666666666666667,10.74,2022-08-31,17:55:00.0,2022-08-31,19:29:00.0,17,19,August,Wednesday,94.0,Weekday,67,2022-08-31T17:55:00.0,2022-08-31T19:29:00.0,17.916666666666668
CH334,KR_U434,KR3141,0.85,5.78,2022-08-16,10:27:00.0,2022-08-16,11:18:00.0,10,11,August,Tuesday,51.0,Weekday,67,2022-08-16T10:27:00.0,2022-08-16T11:18:00.0,10.45
CH334,KR_U434,KR3142,2.05,14.08,2022-07-01,16:32:00.0,2022-07-01,18:35:00.0,16,18,July,Friday,122.99999999999999,Weekday,67,2022-07-01T16:32:00.0,2022-07-01T18:35:00.0,16.533333333333335
CH334,KR_U434,KR3143,1.95,13.39,2022-07-18,17:32:00.0,2022-07-18,19:29:00.0,17,19,July,Monday,117.0,Weekday,67,2022-07-18T17:32:00.0,2022-07-18T19:29:00.0,17.533333333333335
CH334,KR_U434,KR3144,2.25,15.62,2022-05-04,17:28:00.0,2022-05-04,19:43:00.0,17,19,May,Wednesday,135.0,Weekday,67,2022-05-04T17:28:00.0,2022-05-04T19:43:00.0,17.466666666666665
CH334,KR_U434,KR3145,1.4,9.7,2022-05-16,17:12:00.0,2022-05-16,18:36:00.0,17,18,May,Monday,84.0,Weekday,67,2022-05-16T17:12:00.0,2022-05-16T18:36:00.0,17.2
CH334,KR_U434,KR3146,0.6,4.16,2022-05-23,15:38:00.0,2022-05-23,16:14:00.0,15,16,May,Monday,36.0,Weekday,67,2022-05-23T15:38:00.0,2022-05-23T16:14:00.0,15.633333333333333
CH334,KR_U434,KR3147,2.033333333333333,14.19,2022-04-20,10:39:00.0,2022-04-20,12:41:00.0,10,12,April,Wednesday,122.0,Weekday,67,2022-04-20T10:39:00.0,2022-04-20T12:41:00.0,10.65
CH334,KR_U434,KR3148,0.36666666666666664,2.55,2022-04-21,16:44:00.0,2022-04-21,17:06:00.0,16,17,April,Thursday,22.0,Weekday,67,2022-04-21T16:44:00.0,2022-04-21T17:06:00.0,16.733333333333334
CH334,KR_U434,KR3149,1.4,9.77,2022-04-27,16:44:00.0,2022-04-27,18:08:00.0,16,18,April,Wednesday,84.0,Weekday,67,2022-04-27T16:44:00.0,2022-04-27T18:08:00.0,16.733333333333334
CH334,KR_U434,KR3150,0.4666666666666667,3.22,2022-04-28,17:37:00.0,2022-04-28,18:05:00.0,17,18,April,Thursday,28.0,Weekday,67,2022-04-28T17:37:00.0,2022-04-28T18:05:00.0,17.616666666666667
CH334,KR_U434,KR3151,1.1166666666666667,6.55,2022-02-18,08:20:00.0,2022-02-18,09:27:00.0,8,9,February,Friday,67.0,Weekday,67,2022-02-18T08:20:00.0,2022-02-18T09:27:00.0,8.333333333333334
CH334,KR_U434,KR3152,1.5,10.46,2021-10-19,17:48:00.0,2021-10-19,19:18:00.0,17,19,October,Tuesday,90.0,Weekday,67,2021-10-19T17:48:00.0,2021-10-19T19:18:00.0,17.8
CH334,KR_U434,KR3153,1.8333333333333333,12.56,2021-10-25,18:07:00.0,2021-10-25,19:57:00.0,18,19,October,Monday,110.0,Weekday,67,2021-10-25T18:07:00.0,2021-10-25T19:57:00.0,18.116666666666667
CH334,KR_U1222,KR3155,1.2333333333333334,8.08,2022-07-13,17:25:00.0,2022-07-13,18:39:00.0,17,18,July,Wednesday,74.0,Weekday,69,2022-07-13T17:25:00.0,2022-07-13T18:39:00.0,17.416666666666668
CH334,KR_U1222,KR3156,1.8833333333333333,12.53,2022-06-10,17:14:00.0,2022-06-10,19:07:00.0,17,19,June,Friday,113.0,Weekday,69,2022-06-10T17:14:00.0,2022-06-10T19:07:00.0,17.233333333333334
CH334,KR_U1222,KR3157,1.35,9.01,2022-06-25,17:31:00.0,2022-06-25,18:52:00.0,17,18,June,Saturday,81.0,Weekend,69,2022-06-25T17:31:00.0,2022-06-25T18:52:00.0,17.516666666666666
CH334,KR_U1222,KR3158,1.7,11.42,2022-05-03,18:02:00.0,2022-05-03,19:44:00.0,18,19,May,Tuesday,102.0,Weekday,69,2022-05-03T18:02:00.0,2022-05-03T19:44:00.0,18.033333333333335
CH334,KR_U1222,KR3159,0.55,3.61,2022-05-20,18:06:00.0,2022-05-20,18:39:00.0,18,18,May,Friday,33.0,Weekday,69,2022-05-20T18:06:00.0,2022-05-20T18:39:00.0,18.1
CH334,KR_U1222,KR3160,1.6833333333333333,11.11,2022-04-18,17:56:00.0,2022-04-18,19:37:00.0,17,19,April,Monday,101.0,Weekday,69,2022-04-18T17:56:00.0,2022-04-18T19:37:00.0,17.933333333333334
CH334,KR_U1222,KR3161,0.8833333333333333,5.76,2022-04-29,17:19:00.0,2022-04-29,18:12:00.0,17,18,April,Friday,53.0,Weekday,69,2022-04-29T17:19:00.0,2022-04-29T18:12:00.0,17.316666666666666
CH334,KR_U1222,KR3162,1.8666666666666667,12.27,2022-01-31,16:59:00.0,2022-01-31,18:51:00.0,16,18,January,Monday,112.0,Weekday,69,2022-01-31T16:59:00.0,2022-01-31T18:51:00.0,16.983333333333334
CH334,KR_U1222,KR3163,2.033333333333333,13.4,2021-12-04,17:21:00.0,2021-12-04,19:23:00.0,17,19,December,Saturday,122.0,Weekend,69,2021-12-04T17:21:00.0,2021-12-04T19:23:00.0,17.35
CH334,KR_U1222,KR3164,2.533333333333333,16.68,2021-12-26,16:27:00.0,2021-12-26,18:59:00.0,16,18,December,Sunday,152.0,Weekend,69,2021-12-26T16:27:00.0,2021-12-26T18:59:00.0,16.45
CH334,KR_U1222,KR3165,1.8333333333333333,11.91,2021-12-28,17:17:00.0,2021-12-28,19:07:00.0,17,19,December,Tuesday,110.0,Weekday,69,2021-12-28T17:17:00.0,2021-12-28T19:07:00.0,17.283333333333335
CH334,KR_U1222,KR3166,1.95,12.85,2021-11-06,17:04:00.0,2021-11-06,19:01:00.0,17,19,November,Saturday,117.0,Weekend,69,2021-11-06T17:04:00.0,2021-11-06T19:01:00.0,17.066666666666666
CH334,KR_U1222,KR3167,1.05,6.83,2021-11-11,17:22:00.0,2021-11-11,18:25:00.0,17,18,November,Thursday,63.0,Weekday,69,2021-11-11T17:22:00.0,2021-11-11T18:25:00.0,17.366666666666667
CH334,KR_U1222,KR3168,1.05,6.95,2021-11-12,15:16:00.0,2021-11-12,16:19:00.0,15,16,November,Friday,63.0,Weekday,69,2021-11-12T15:16:00.0,2021-11-12T16:19:00.0,15.266666666666667
CH334,KR_U1222,KR3169,2.933333333333333,19.46,2021-11-26,17:30:00.0,2021-11-26,20:26:00.0,17,20,November,Friday,176.0,Weekday,69,2021-11-26T17:30:00.0,2021-11-26T20:26:00.0,17.5
CH334,KR_U1225,KR3173,2.933333333333333,19.64,2022-06-04,17:03:00.0,2022-06-04,19:59:00.0,17,19,June,Saturday,176.0,Weekend,71,2022-06-04T17:03:00.0,2022-06-04T19:59:00.0,17.05
CH334,KR_U1225,KR3174,1.5666666666666667,10.41,2022-06-07,17:55:00.0,2022-06-07,19:29:00.0,17,19,June,Tuesday,94.0,Weekday,71,2022-06-07T17:55:00.0,2022-06-07T19:29:00.0,17.916666666666668
CH334,KR_U1225,KR3175,1.4833333333333334,9.88,2022-06-09,17:29:00.0,2022-06-09,18:58:00.0,17,18,June,Thursday,89.0,Weekday,71,2022-06-09T17:29:00.0,2022-06-09T18:58:00.0,17.483333333333334
CH334,KR_U1225,KR3176,2.45,16.46,2022-06-30,19:28:00.0,2022-06-30,21:55:00.0,19,21,June,Thursday,147.0,Weekday,71,2022-06-30T19:28:00.0,2022-06-30T21:55:00.0,19.466666666666665
CH334,KR_U1225,KR3177,3.0166666666666666,20.18,2022-05-19,17:51:00.0,2022-05-19,20:52:00.0,17,20,May,Thursday,181.0,Weekday,71,2022-05-19T17:51:00.0,2022-05-19T20:52:00.0,17.85
CH334,KR_U1225,KR3178,2.566666666666667,17.28,2022-04-14,17:33:00.0,2022-04-14,20:07:00.0,17,20,April,Thursday,154.0,Weekday,71,2022-04-14T17:33:00.0,2022-04-14T20:07:00.0,17.55
CH334,KR_U1225,KR3179,2.3666666666666667,15.96,2022-04-20,17:31:00.0,2022-04-20,19:53:00.0,17,19,April,Wednesday,142.0,Weekday,71,2022-04-20T17:31:00.0,2022-04-20T19:53:00.0,17.516666666666666
CH334,KR_U1225,KR3180,1.65,11.0,2022-03-14,18:24:00.0,2022-03-14,20:03:00.0,18,20,March,Monday,99.0,Weekday,71,2022-03-14T18:24:00.0,2022-03-14T20:03:00.0,18.4
CH334,KR_U1225,KR3181,2.4833333333333334,16.46,2022-03-17,17:47:00.0,2022-03-17,20:16:00.0,17,20,March,Thursday,149.0,Weekday,71,2022-03-17T17:47:00.0,2022-03-17T20:16:00.0,17.783333333333335
CH334,KR_U1225,KR3182,1.4666666666666666,9.8,2022-02-11,17:53:00.0,2022-02-11,19:21:00.0,17,19,February,Friday,88.0,Weekday,71,2022-02-11T17:53:00.0,2022-02-11T19:21:00.0,17.883333333333333
CH334,KR_U1225,KR3183,1.7333333333333334,11.47,2022-02-19,17:54:00.0,2022-02-19,19:38:00.0,17,19,February,Saturday,104.0,Weekend,71,2022-02-19T17:54:00.0,2022-02-19T19:38:00.0,17.9
CH334,KR_U1225,KR3184,2.3666666666666667,15.73,2022-01-10,17:30:00.0,2022-01-10,19:52:00.0,17,19,January,Monday,142.0,Weekday,71,2022-01-10T17:30:00.0,2022-01-10T19:52:00.0,17.5
CH334,KR_U1225,KR3185,1.9166666666666667,12.73,2022-01-11,17:16:00.0,2022-01-11,19:11:00.0,17,19,January,Tuesday,115.0,Weekday,71,2022-01-11T17:16:00.0,2022-01-11T19:11:00.0,17.266666666666666
CH334,KR_U1225,KR3186,1.6333333333333333,10.77,2022-01-18,17:25:00.0,2022-01-18,19:03:00.0,17,19,January,Tuesday,98.0,Weekday,71,2022-01-18T17:25:00.0,2022-01-18T19:03:00.0,17.416666666666668
CH334,KR_U1225,KR3187,1.7,11.26,2022-01-24,18:33:00.0,2022-01-24,20:15:00.0,18,20,January,Monday,102.0,Weekday,71,2022-01-24T18:33:00.0,2022-01-24T20:15:00.0,18.55
CH334,KR_U1225,KR3188,1.9166666666666667,12.72,2021-12-07,18:15:00.0,2021-12-07,20:10:00.0,18,20,December,Tuesday,115.0,Weekday,71,2021-12-07T18:15:00.0,2021-12-07T20:10:00.0,18.25
CH334,KR_U1225,KR3189,1.55,10.27,2021-12-10,17:32:00.0,2021-12-10,19:05:00.0,17,19,December,Friday,93.0,Weekday,71,2021-12-10T17:32:00.0,2021-12-10T19:05:00.0,17.533333333333335
CH334,KR_U1225,KR3190,1.6833333333333333,11.14,2021-12-18,19:17:00.0,2021-12-18,20:58:00.0,19,20,December,Saturday,101.0,Weekend,71,2021-12-18T19:17:00.0,2021-12-18T20:58:00.0,19.283333333333335
CH334,KR_U1225,KR3191,1.4,9.36,2021-12-22,17:47:00.0,2021-12-22,19:11:00.0,17,19,December,Wednesday,84.0,Weekday,71,2021-12-22T17:47:00.0,2021-12-22T19:11:00.0,17.783333333333335
CH334,KR_U1225,KR3192,1.65,11.06,2021-11-25,17:36:00.0,2021-11-25,19:15:00.0,17,19,November,Thursday,99.0,Weekday,71,2021-11-25T17:36:00.0,2021-11-25T19:15:00.0,17.6
CH334,KR_U1225,KR3193,1.3833333333333333,9.11,2021-11-27,16:55:00.0,2021-11-27,18:18:00.0,16,18,November,Saturday,83.0,Weekend,71,2021-11-27T16:55:00.0,2021-11-27T18:18:00.0,16.916666666666668
CH334,KR_U1225,KR3194,1.25,8.25,2021-10-18,17:57:00.0,2021-10-18,19:12:00.0,17,19,October,Monday,75.0,Weekday,71,2021-10-18T17:57:00.0,2021-10-18T19:12:00.0,17.95
CH334,KR_U1228,KR3195,1.15,7.52,2022-07-08,17:59:00.0,2022-07-08,19:08:00.0,17,19,July,Friday,69.0,Weekday,72,2022-07-08T17:59:00.0,2022-07-08T19:08:00.0,17.983333333333334
CH334,KR_U1228,KR3196,2.4166666666666665,15.89,2022-07-12,17:52:00.0,2022-07-12,20:17:00.0,17,20,July,Tuesday,145.0,Weekday,72,2022-07-12T17:52:00.0,2022-07-12T20:17:00.0,17.866666666666667
CH334,KR_U1228,KR3197,1.1,7.24,2022-07-14,17:37:00.0,2022-07-14,18:43:00.0,17,18,July,Thursday,66.0,Weekday,72,2022-07-14T17:37:00.0,2022-07-14T18:43:00.0,17.616666666666667
CH334,KR_U1228,KR3198,0.85,5.58,2022-06-15,17:13:00.0,2022-06-15,18:04:00.0,17,18,June,Wednesday,51.0,Weekday,72,2022-06-15T17:13:00.0,2022-06-15T18:04:00.0,17.216666666666665
CH334,KR_U1228,KR3199,1.05,6.88,2022-06-18,16:43:00.0,2022-06-18,17:46:00.0,16,17,June,Saturday,63.0,Weekend,72,2022-06-18T16:43:00.0,2022-06-18T17:46:00.0,16.716666666666665
CH334,KR_U1228,KR3200,1.0333333333333334,6.72,2022-06-20,18:22:00.0,2022-06-20,19:24:00.0,18,19,June,Monday,62.00000000000001,Weekday,72,2022-06-20T18:22:00.0,2022-06-20T19:24:00.0,18.366666666666667
CH334,KR_U1228,KR3201,1.1666666666666667,7.61,2022-06-27,19:18:00.0,2022-06-27,20:28:00.0,19,20,June,Monday,70.0,Weekday,72,2022-06-27T19:18:00.0,2022-06-27T20:28:00.0,19.3
CH334,KR_U1228,KR3202,2.283333333333333,15.06,2022-05-22,17:01:00.0,2022-05-22,19:18:00.0,17,19,May,Sunday,137.0,Weekend,72,2022-05-22T17:01:00.0,2022-05-22T19:18:00.0,17.016666666666666
CH334,KR_U1228,KR3203,2.566666666666667,17.1,2022-05-28,17:09:00.0,2022-05-28,19:43:00.0,17,19,May,Saturday,154.0,Weekend,72,2022-05-28T17:09:00.0,2022-05-28T19:43:00.0,17.15
CH334,KR_U1228,KR3204,1.9666666666666666,13.06,2022-05-31,20:51:00.0,2022-05-31,22:49:00.0,20,22,May,Tuesday,118.0,Weekday,72,2022-05-31T20:51:00.0,2022-05-31T22:49:00.0,20.85
CH334,KR_U1228,KR3205,0.5166666666666667,3.39,2022-04-01,18:25:00.0,2022-04-01,18:56:00.0,18,18,April,Friday,31.000000000000004,Weekday,72,2022-04-01T18:25:00.0,2022-04-01T18:56:00.0,18.416666666666668
CH334,KR_U1228,KR3206,3.1666666666666665,21.15,2022-04-13,18:03:00.0,2022-04-13,21:13:00.0,18,21,April,Wednesday,190.0,Weekday,72,2022-04-13T18:03:00.0,2022-04-13T21:13:00.0,18.05
CH334,KR_U1228,KR3207,2.5166666666666666,16.53,2022-03-02,17:37:00.0,2022-03-02,20:08:00.0,17,20,March,Wednesday,151.0,Weekday,72,2022-03-02T17:37:00.0,2022-03-02T20:08:00.0,17.616666666666667
CH334,KR_U1228,KR3208,2.8,18.55,2022-02-13,15:29:00.0,2022-02-13,18:17:00.0,15,18,February,Sunday,168.0,Weekend,72,2022-02-13T15:29:00.0,2022-02-13T18:17:00.0,15.483333333333333
CH334,KR_U1228,KR3209,2.5166666666666666,16.32,2022-02-16,18:13:00.0,2022-02-16,20:44:00.0,18,20,February,Wednesday,151.0,Weekday,72,2022-02-16T18:13:00.0,2022-02-16T20:44:00.0,18.216666666666665
CH334,KR_U1228,KR3210,0.7166666666666667,4.67,2022-02-25,18:08:00.0,2022-02-25,18:51:00.0,18,18,February,Friday,43.0,Weekday,72,2022-02-25T18:08:00.0,2022-02-25T18:51:00.0,18.133333333333333
CH334,KR_U1228,KR3211,0.5,3.27,2022-02-26,17:43:00.0,2022-02-26,18:13:00.0,17,18,February,Saturday,30.0,Weekend,72,2022-02-26T17:43:00.0,2022-02-26T18:13:00.0,17.716666666666665
CH334,KR_U1228,KR3212,3.1333333333333333,20.77,2022-01-05,17:35:00.0,2022-01-05,20:43:00.0,17,20,January,Wednesday,188.0,Weekday,72,2022-01-05T17:35:00.0,2022-01-05T20:43:00.0,17.583333333333332
CH334,KR_U1228,KR3213,2.5166666666666666,16.47,2022-01-14,17:57:00.0,2022-01-14,20:28:00.0,17,20,January,Friday,151.0,Weekday,72,2022-01-14T17:57:00.0,2022-01-14T20:28:00.0,17.95
CH334,KR_U1228,KR3214,1.3166666666666667,8.54,2022-01-17,18:34:00.0,2022-01-17,19:53:00.0,18,19,January,Monday,79.0,Weekday,72,2022-01-17T18:34:00.0,2022-01-17T19:53:00.0,18.566666666666666
CH334,KR_U1228,KR3215,2.066666666666667,13.51,2022-01-28,17:59:00.0,2022-01-28,20:03:00.0,17,20,January,Friday,124.00000000000001,Weekday,72,2022-01-28T17:59:00.0,2022-01-28T20:03:00.0,17.983333333333334
CH334,KR_U1228,KR3216,0.8666666666666667,5.71,2022-01-29,16:39:00.0,2022-01-29,17:31:00.0,16,17,January,Saturday,52.0,Weekend,72,2022-01-29T16:39:00.0,2022-01-29T17:31:00.0,16.65
CH334,KR_U1228,KR3217,1.8833333333333333,12.4,2021-12-02,17:31:00.0,2021-12-02,19:24:00.0,17,19,December,Thursday,113.0,Weekday,72,2021-12-02T17:31:00.0,2021-12-02T19:24:00.0,17.516666666666666
CH334,KR_U1228,KR3218,1.2666666666666666,8.4,2021-12-20,17:33:00.0,2021-12-20,18:49:00.0,17,18,December,Monday,76.0,Weekday,72,2021-12-20T17:33:00.0,2021-12-20T18:49:00.0,17.55
CH334,KR_U1228,KR3219,0.9,5.93,2021-11-02,18:05:00.0,2021-11-02,18:59:00.0,18,18,November,Tuesday,54.0,Weekday,72,2021-11-02T18:05:00.0,2021-11-02T18:59:00.0,18.083333333333332
CH334,KR_U1228,KR3220,0.6333333333333333,4.22,2021-11-03,18:21:00.0,2021-11-03,18:59:00.0,18,18,November,Wednesday,38.0,Weekday,72,2021-11-03T18:21:00.0,2021-11-03T18:59:00.0,18.35
CH334,KR_U1228,KR3221,1.1333333333333333,7.55,2021-11-04,18:37:00.0,2021-11-04,19:45:00.0,18,19,November,Thursday,68.0,Weekday,72,2021-11-04T18:37:00.0,2021-11-04T19:45:00.0,18.616666666666667
CH334,KR_U1228,KR3222,1.3166666666666667,8.64,2021-11-08,18:09:00.0,2021-11-08,19:28:00.0,18,19,November,Monday,79.0,Weekday,72,2021-11-08T18:09:00.0,2021-11-08T19:28:00.0,18.15
CH334,KR_U1228,KR3223,0.8166666666666667,5.36,2021-11-09,18:21:00.0,2021-11-09,19:10:00.0,18,19,November,Tuesday,49.0,Weekday,72,2021-11-09T18:21:00.0,2021-11-09T19:10:00.0,18.35
CH334,KR_U1228,KR3224,2.0,13.18,2021-11-13,17:12:00.0,2021-11-13,19:12:00.0,17,19,November,Saturday,120.0,Weekend,72,2021-11-13T17:12:00.0,2021-11-13T19:12:00.0,17.2
CH334,KR_U1228,KR3225,0.36666666666666664,2.36,2021-11-15,09:09:00.0,2021-11-15,09:31:00.0,9,9,November,Monday,22.0,Weekday,72,2021-11-15T09:09:00.0,2021-11-15T09:31:00.0,9.15
CH334,KR_U1228,KR3226,1.2,7.87,2021-11-18,17:44:00.0,2021-11-18,18:56:00.0,17,18,November,Thursday,72.0,Weekday,72,2021-11-18T17:44:00.0,2021-11-18T18:56:00.0,17.733333333333334
CH334,KR_U1228,KR3227,1.15,7.6,2021-11-19,18:32:00.0,2021-11-19,19:41:00.0,18,19,November,Friday,69.0,Weekday,72,2021-11-19T18:32:00.0,2021-11-19T19:41:00.0,18.533333333333335
CH334,KR_U1228,KR3228,1.3,8.47,2021-11-22,18:30:00.0,2021-11-22,19:48:00.0,18,19,November,Monday,78.0,Weekday,72,2021-11-22T18:30:00.0,2021-11-22T19:48:00.0,18.5
CH334,KR_U1228,KR3229,1.15,7.65,2021-10-07,18:28:00.0,2021-10-07,19:37:00.0,18,19,October,Thursday,69.0,Weekday,72,2021-10-07T18:28:00.0,2021-10-07T19:37:00.0,18.466666666666665
CH334,KR_U1228,KR3230,0.9166666666666666,6.06,2021-10-08,17:27:00.0,2021-10-08,18:22:00.0,17,18,October,Friday,55.0,Weekday,72,2021-10-08T17:27:00.0,2021-10-08T18:22:00.0,17.45
CH334,KR_U1228,KR3231,1.0833333333333333,7.11,2021-10-11,16:33:00.0,2021-10-11,17:38:00.0,16,17,October,Monday,65.0,Weekday,72,2021-10-11T16:33:00.0,2021-10-11T17:38:00.0,16.55
CH334,KR_U1228,KR3232,2.216666666666667,14.72,2021-10-14,18:30:00.0,2021-10-14,20:43:00.0,18,20,October,Thursday,133.0,Weekday,72,2021-10-14T18:30:00.0,2021-10-14T20:43:00.0,18.5
CH334,KR_U1228,KR3233,0.8833333333333333,5.83,2021-10-22,18:34:00.0,2021-10-22,19:27:00.0,18,19,October,Friday,53.0,Weekday,72,2021-10-22T18:34:00.0,2021-10-22T19:27:00.0,18.566666666666666
CH334,KR_U1228,KR3234,0.8833333333333333,5.83,2021-10-23,17:19:00.0,2021-10-23,18:12:00.0,17,18,October,Saturday,53.0,Weekend,72,2021-10-23T17:19:00.0,2021-10-23T18:12:00.0,17.316666666666666
CH334,KR_U1230,KR3235,3.1,20.77,2022-07-05,18:13:00.0,2022-07-05,21:19:00.0,18,21,July,Tuesday,186.0,Weekday,74,2022-07-05T18:13:00.0,2022-07-05T21:19:00.0,18.216666666666665
CH334,KR_U1230,KR3236,0.16666666666666666,1.04,2022-07-08,16:57:00.0,2022-07-08,17:07:00.0,16,17,July,Friday,10.0,Weekday,74,2022-07-08T16:57:00.0,2022-07-08T17:07:00.0,16.95
CH334,KR_U1230,KR3237,2.216666666666667,14.8,2022-07-15,17:14:00.0,2022-07-15,19:27:00.0,17,19,July,Friday,133.0,Weekday,74,2022-07-15T17:14:00.0,2022-07-15T19:27:00.0,17.233333333333334
CH334,KR_U1230,KR3238,1.55,10.39,2022-07-17,17:14:00.0,2022-07-17,18:47:00.0,17,18,July,Sunday,93.0,Weekend,74,2022-07-17T17:14:00.0,2022-07-17T18:47:00.0,17.233333333333334
CH334,KR_U1230,KR3239,0.6666666666666666,4.43,2022-06-28,12:02:00.0,2022-06-28,12:42:00.0,12,12,June,Tuesday,40.0,Weekday,74,2022-06-28T12:02:00.0,2022-06-28T12:42:00.0,12.033333333333333
CH334,KR_U1230,KR3240,3.1333333333333333,20.77,2022-05-25,17:17:00.0,2022-05-25,20:25:00.0,17,20,May,Wednesday,188.0,Weekday,74,2022-05-25T17:17:00.0,2022-05-25T20:25:00.0,17.283333333333335
CH334,KR_U1230,KR3241,0.7666666666666667,5.01,2022-03-16,17:42:00.0,2022-03-16,18:28:00.0,17,18,March,Wednesday,46.0,Weekday,74,2022-03-16T17:42:00.0,2022-03-16T18:28:00.0,17.7
CH334,KR_U1230,KR3242,2.7,17.98,2022-01-08,17:39:00.0,2022-01-08,20:21:00.0,17,20,January,Saturday,162.0,Weekend,74,2022-01-08T17:39:00.0,2022-01-08T20:21:00.0,17.65
CH334,KR_U1230,KR3243,1.9666666666666666,13.0,2022-01-23,15:59:00.0,2022-01-23,17:57:00.0,15,17,January,Sunday,118.0,Weekend,74,2022-01-23T15:59:00.0,2022-01-23T17:57:00.0,15.983333333333333
CH334,KR_U1446,KR3244,2.15,14.39,2022-06-01,21:00:00.0,2022-06-01,23:09:00.0,21,23,June,Wednesday,129.0,Weekday,75,2022-06-01T21:00:00.0,2022-06-01T23:09:00.0,21.0
CH334,KR_U1446,KR3245,2.566666666666667,17.17,2022-06-03,16:14:00.0,2022-06-03,18:48:00.0,16,18,June,Friday,154.0,Weekday,75,2022-06-03T16:14:00.0,2022-06-03T18:48:00.0,16.233333333333334
CH334,KR_U1446,KR3246,1.4333333333333333,9.66,2022-05-09,17:32:00.0,2022-05-09,18:58:00.0,17,18,May,Monday,86.0,Weekday,75,2022-05-09T17:32:00.0,2022-05-09T18:58:00.0,17.533333333333335
CH334,KR_U1446,KR3247,2.2333333333333334,15.06,2022-05-18,17:29:00.0,2022-05-18,19:43:00.0,17,19,May,Wednesday,134.0,Weekday,75,2022-05-18T17:29:00.0,2022-05-18T19:43:00.0,17.483333333333334
CH334,KR_U1446,KR3248,1.5166666666666666,10.2,2022-04-19,16:37:00.0,2022-04-19,18:08:00.0,16,18,April,Tuesday,91.0,Weekday,75,2022-04-19T16:37:00.0,2022-04-19T18:08:00.0,16.616666666666667
CH334,KR_U1446,KR3249,1.8166666666666667,12.27,2022-04-30,17:32:00.0,2022-04-30,19:21:00.0,17,19,April,Saturday,109.0,Weekend,75,2022-04-30T17:32:00.0,2022-04-30T19:21:00.0,17.533333333333335
CH334,KR_U1446,KR3250,0.55,3.6,2022-03-12,17:58:00.0,2022-03-12,18:31:00.0,17,18,March,Saturday,33.0,Weekend,75,2022-03-12T17:58:00.0,2022-03-12T18:31:00.0,17.966666666666665
CH334,KR_U1446,KR3251,3.0,20.06,2022-03-12,18:50:00.0,2022-03-12,21:50:00.0,18,21,March,Saturday,180.0,Weekend,75,2022-03-12T18:50:00.0,2022-03-12T21:50:00.0,18.833333333333332
CH334,KR_U1446,KR3252,1.45,9.65,2022-03-21,16:23:00.0,2022-03-21,17:50:00.0,16,17,March,Monday,87.0,Weekday,75,2022-03-21T16:23:00.0,2022-03-21T17:50:00.0,16.383333333333333
CH334,KR_U1446,KR3253,3.1,20.77,2022-03-28,16:37:00.0,2022-03-28,19:43:00.0,16,19,March,Monday,186.0,Weekday,75,2022-03-28T16:37:00.0,2022-03-28T19:43:00.0,16.616666666666667
CH334,KR_U1446,KR3254,1.95,13.04,2022-03-29,17:09:00.0,2022-03-29,19:06:00.0,17,19,March,Tuesday,117.0,Weekday,75,2022-03-29T17:09:00.0,2022-03-29T19:06:00.0,17.15
CH334,KR_U1446,KR3255,1.3833333333333333,9.13,2022-03-30,17:30:00.0,2022-03-30,18:53:00.0,17,18,March,Wednesday,83.0,Weekday,75,2022-03-30T17:30:00.0,2022-03-30T18:53:00.0,17.5
CH334,KR_U1446,KR3256,2.3833333333333333,15.85,2022-02-08,17:11:00.0,2022-02-08,19:34:00.0,17,19,February,Tuesday,143.0,Weekday,75,2022-02-08T17:11:00.0,2022-02-08T19:34:00.0,17.183333333333334
CH334,KR_U1446,KR3257,2.55,16.86,2022-02-12,17:20:00.0,2022-02-12,19:53:00.0,17,19,February,Saturday,153.0,Weekend,75,2022-02-12T17:20:00.0,2022-02-12T19:53:00.0,17.333333333333332
CH334,KR_U1446,KR3258,3.466666666666667,23.21,2022-01-25,17:40:00.0,2022-01-25,21:08:00.0,17,21,January,Tuesday,208.0,Weekday,75,2022-01-25T17:40:00.0,2022-01-25T21:08:00.0,17.666666666666668
CH334,KR_U1446,KR3259,2.8,18.62,2021-12-08,14:50:00.0,2021-12-08,17:38:00.0,14,17,December,Wednesday,168.0,Weekday,75,2021-12-08T14:50:00.0,2021-12-08T17:38:00.0,14.833333333333334
CH334,KR_U1446,KR3260,2.066666666666667,13.83,2021-12-09,16:24:00.0,2021-12-09,18:28:00.0,16,18,December,Thursday,124.00000000000001,Weekday,75,2021-12-09T16:24:00.0,2021-12-09T18:28:00.0,16.4
CH334,KR_U1446,KR3261,3.1,20.77,2021-11-29,15:10:00.0,2021-11-29,18:16:00.0,15,18,November,Monday,186.0,Weekday,75,2021-11-29T15:10:00.0,2021-11-29T18:16:00.0,15.166666666666666
CH334,KR_U1446,KR3262,3.1166666666666667,20.76,2021-10-06,16:43:00.0,2021-10-06,19:50:00.0,16,19,October,Wednesday,187.0,Weekday,75,2021-10-06T16:43:00.0,2021-10-06T19:50:00.0,16.716666666666665
CH334,KR_U1446,KR3263,2.716666666666667,18.11,2021-10-16,14:47:00.0,2021-10-16,17:30:00.0,14,17,October,Saturday,163.0,Weekend,75,2021-10-16T14:47:00.0,2021-10-16T17:30:00.0,14.783333333333333
CH334,KR_U1446,KR3264,1.7666666666666666,11.67,2021-10-20,16:50:00.0,2021-10-20,18:36:00.0,16,18,October,Wednesday,106.0,Weekday,75,2021-10-20T16:50:00.0,2021-10-20T18:36:00.0,16.833333333333332
CH334,KR_U1446,KR3265,0.7,4.73,2021-10-23,11:19:00.0,2021-10-23,12:01:00.0,11,12,October,Saturday,42.0,Weekend,75,2021-10-23T11:19:00.0,2021-10-23T12:01:00.0,11.316666666666666
CH343,KR_U195,KR3312,2.9166666666666665,20.7,2021-11-02,23:07:00.0,2021-11-03,02:02:00.0,23,2,November,Tuesday,175.0,Weekday,81,2021-11-02T23:07:00.0,2021-11-03T02:02:00.0,23.116666666666667
CH343,KR_U195,KR3313,3.45,23.8,2021-11-15,23:02:00.0,2021-11-16,02:29:00.0,23,2,November,Monday,207.0,Weekday,81,2021-11-15T23:02:00.0,2021-11-16T02:29:00.0,23.033333333333335
CH343,KR_U195,KR3314,3.0833333333333335,21.9,2021-11-19,23:09:00.0,2021-11-20,02:14:00.0,23,2,November,Friday,185.0,Weekday,81,2021-11-19T23:09:00.0,2021-11-20T02:14:00.0,23.15
CH343,KR_U195,KR3315,3.033333333333333,20.8,2021-10-07,23:15:00.0,2021-10-08,02:17:00.0,23,2,October,Thursday,182.0,Weekday,81,2021-10-07T23:15:00.0,2021-10-08T02:17:00.0,23.25
CH343,KR_U195,KR3316,2.2333333333333334,15.9,2021-10-09,23:16:00.0,2021-10-10,01:30:00.0,23,1,October,Saturday,134.0,Weekend,81,2021-10-09T23:16:00.0,2021-10-10T01:30:00.0,23.266666666666666
CH343,KR_U195,KR3317,3.15,21.4,2021-10-14,23:10:00.0,2021-10-15,02:19:00.0,23,2,October,Thursday,189.0,Weekday,81,2021-10-14T23:10:00.0,2021-10-15T02:19:00.0,23.166666666666668
CH343,KR_U195,KR3318,3.316666666666667,22.7,2021-10-22,23:01:00.0,2021-10-23,02:20:00.0,23,2,October,Friday,199.0,Weekday,81,2021-10-22T23:01:00.0,2021-10-23T02:20:00.0,23.016666666666666
CH343,KR_U195,KR3319,3.8,27.0,2021-10-30,23:03:00.0,2021-10-31,02:51:00.0,23,2,October,Saturday,228.0,Weekend,81,2021-10-30T23:03:00.0,2021-10-31T02:51:00.0,23.05
CH343,KR_U1629,KR3323,1.9333333333333333,7.3,2021-11-03,12:49:00.0,2021-11-03,14:45:00.0,12,14,November,Wednesday,116.0,Weekday,83,2021-11-03T12:49:00.0,2021-11-03T14:45:00.0,12.816666666666666
CH343,KR_U1629,KR3324,3.033333333333333,9.6,2021-11-07,15:43:00.0,2021-11-07,18:45:00.0,15,18,November,Sunday,182.0,Weekend,83,2021-11-07T15:43:00.0,2021-11-07T18:45:00.0,15.716666666666667
CH343,KR_U1629,KR3325,1.8833333333333333,7.1,2021-11-11,08:56:00.0,2021-11-11,10:49:00.0,8,10,November,Thursday,113.0,Weekday,83,2021-11-11T08:56:00.0,2021-11-11T10:49:00.0,8.933333333333334
CH343,KR_U1629,KR3326,1.5,5.8,2021-11-16,16:15:00.0,2021-11-16,17:45:00.0,16,17,November,Tuesday,90.0,Weekday,83,2021-11-16T16:15:00.0,2021-11-16T17:45:00.0,16.25
CH343,KR_U1629,KR3327,3.433333333333333,9.6,2021-11-19,08:53:00.0,2021-11-19,12:19:00.0,8,12,November,Friday,206.0,Weekday,83,2021-11-19T08:53:00.0,2021-11-19T12:19:00.0,8.883333333333333
CH343,KR_U1629,KR3328,3.9,10.3,2021-10-28,08:56:00.0,2021-10-28,12:50:00.0,8,12,October,Thursday,234.0,Weekday,83,2021-10-28T08:56:00.0,2021-10-28T12:50:00.0,8.933333333333334
CH347,KR_U236,KR3332,3.05,21.0,2021-11-11,18:42:00.0,2021-11-11,21:45:00.0,18,21,November,Thursday,183.0,Weekday,85,2021-11-11T18:42:00.0,2021-11-11T21:45:00.0,18.7
CH347,KR_U236,KR3333,3.6,25.2,2021-11-13,21:36:00.0,2021-11-14,01:12:00.0,21,1,November,Saturday,216.0,Weekend,85,2021-11-13T21:36:00.0,2021-11-14T01:12:00.0,21.6
CH347,KR_U236,KR3334,6.3,14.9,2021-11-14,01:18:00.0,2021-11-14,07:36:00.0,1,7,November,Sunday,378.0,Weekend,85,2021-11-14T01:18:00.0,2021-11-14T07:36:00.0,1.3
CH347,KR_U236,KR3335,1.6666666666666667,11.6,2021-11-16,18:48:00.0,2021-11-16,20:28:00.0,18,20,November,Tuesday,100.0,Weekday,85,2021-11-16T18:48:00.0,2021-11-16T20:28:00.0,18.8
CH347,KR_U236,KR3336,1.65,11.6,2021-10-12,18:09:00.0,2021-10-12,19:48:00.0,18,19,October,Tuesday,99.0,Weekday,85,2021-10-12T18:09:00.0,2021-10-12T19:48:00.0,18.15
CH347,KR_U236,KR3337,2.783333333333333,19.3,2021-10-13,15:57:00.0,2021-10-13,18:44:00.0,15,18,October,Wednesday,167.0,Weekday,85,2021-10-13T15:57:00.0,2021-10-13T18:44:00.0,15.95
CH347,KR_U236,KR3338,2.533333333333333,17.7,2021-10-18,16:47:00.0,2021-10-18,19:19:00.0,16,19,October,Monday,152.0,Weekday,85,2021-10-18T16:47:00.0,2021-10-18T19:19:00.0,16.783333333333335
CH347,KR_U236,KR3339,3.35,23.3,2021-10-25,19:41:00.0,2021-10-25,23:02:00.0,19,23,October,Monday,201.0,Weekday,85,2021-10-25T19:41:00.0,2021-10-25T23:02:00.0,19.683333333333334
CH347,KR_U507,KR3340,7.333333333333333,49.2,2021-11-06,19:43:00.0,2021-11-07,03:03:00.0,19,3,November,Saturday,440.0,Weekend,86,2021-11-06T19:43:00.0,2021-11-07T03:03:00.0,19.716666666666665
CH347,KR_U507,KR3341,3.216666666666667,22.2,2021-11-11,21:56:00.0,2021-11-12,01:09:00.0,21,1,November,Thursday,193.0,Weekday,86,2021-11-11T21:56:00.0,2021-11-12T01:09:00.0,21.933333333333334
CH347,KR_U507,KR3342,3.783333333333333,25.7,2021-11-15,09:25:00.0,2021-11-15,13:12:00.0,9,13,November,Monday,227.0,Weekday,86,2021-11-15T09:25:00.0,2021-11-15T13:12:00.0,9.416666666666666
CH347,KR_U507,KR3343,5.583333333333333,37.8,2021-11-17,19:51:00.0,2021-11-18,01:26:00.0,19,1,November,Wednesday,335.0,Weekday,86,2021-11-17T19:51:00.0,2021-11-18T01:26:00.0,19.85
CH347,KR_U507,KR3344,2.6666666666666665,18.3,2021-10-02,09:02:00.0,2021-10-02,11:42:00.0,9,11,October,Saturday,160.0,Weekend,86,2021-10-02T09:02:00.0,2021-10-02T11:42:00.0,9.033333333333333
CH347,KR_U507,KR3345,5.95,40.4,2021-10-02,17:22:00.0,2021-10-02,23:19:00.0,17,23,October,Saturday,357.0,Weekend,86,2021-10-02T17:22:00.0,2021-10-02T23:19:00.0,17.366666666666667
CH347,KR_U507,KR3346,2.283333333333333,15.6,2021-10-10,15:40:00.0,2021-10-10,17:57:00.0,15,17,October,Sunday,137.0,Weekend,86,2021-10-10T15:40:00.0,2021-10-10T17:57:00.0,15.666666666666666
CH347,KR_U507,KR3347,4.8,30.8,2021-10-10,18:23:00.0,2021-10-10,23:11:00.0,18,23,October,Sunday,288.0,Weekend,86,2021-10-10T18:23:00.0,2021-10-10T23:11:00.0,18.383333333333333
CH347,KR_U507,KR3348,6.0,40.3,2021-10-19,15:42:00.0,2021-10-19,21:42:00.0,15,21,October,Tuesday,360.0,Weekday,86,2021-10-19T15:42:00.0,2021-10-19T21:42:00.0,15.7
CH347,KR_U507,KR3349,7.083333333333333,47.5,2021-10-27,23:21:00.0,2021-10-28,06:26:00.0,23,6,October,Wednesday,425.0,Weekday,86,2021-10-27T23:21:00.0,2021-10-28T06:26:00.0,23.35
CH350,KR_U236,KR3362,3.2333333333333334,22.9,2021-11-09,05:06:00.0,2021-11-09,08:20:00.0,5,8,November,Tuesday,194.0,Weekday,85,2021-11-09T05:06:00.0,2021-11-09T08:20:00.0,5.1
CH350,KR_U236,KR3363,6.133333333333334,43.1,2021-10-28,19:35:00.0,2021-10-29,01:43:00.0,19,1,October,Thursday,368.0,Weekday,85,2021-10-28T19:35:00.0,2021-10-29T01:43:00.0,19.583333333333332
CH350,KR_U507,KR3364,5.066666666666666,34.4,2021-11-12,17:12:00.0,2021-11-12,22:16:00.0,17,22,November,Friday,304.0,Weekday,86,2021-11-12T17:12:00.0,2021-11-12T22:16:00.0,17.2
CH354,KR_U195,KR3410,1.9333333333333333,13.8,2021-11-01,09:15:00.0,2021-11-01,11:11:00.0,9,11,November,Monday,116.0,Weekday,81,2021-11-01T09:15:00.0,2021-11-01T11:11:00.0,9.25
CH354,KR_U195,KR3411,0.8833333333333333,6.2,2021-11-02,08:19:00.0,2021-11-02,09:12:00.0,8,9,November,Tuesday,53.0,Weekday,81,2021-11-02T08:19:00.0,2021-11-02T09:12:00.0,8.316666666666666
CH354,KR_U195,KR3412,3.1666666666666665,22.5,2021-11-06,23:08:00.0,2021-11-07,02:18:00.0,23,2,November,Saturday,190.0,Weekend,81,2021-11-06T23:08:00.0,2021-11-07T02:18:00.0,23.133333333333333
CH354,KR_U195,KR3413,2.7666666666666666,19.5,2021-11-10,23:14:00.0,2021-11-11,02:00:00.0,23,2,November,Wednesday,166.0,Weekday,81,2021-11-10T23:14:00.0,2021-11-11T02:00:00.0,23.233333333333334
CH354,KR_U195,KR3414,3.3333333333333335,23.2,2021-10-02,23:03:00.0,2021-10-03,02:23:00.0,23,2,October,Saturday,200.0,Weekend,81,2021-10-02T23:03:00.0,2021-10-03T02:23:00.0,23.05
CH354,KR_U195,KR3415,3.5,23.7,2021-10-19,23:08:00.0,2021-10-20,02:38:00.0,23,2,October,Tuesday,210.0,Weekday,81,2021-10-19T23:08:00.0,2021-10-20T02:38:00.0,23.133333333333333
CH354,KR_U195,KR3416,3.45,24.5,2021-10-26,23:28:00.0,2021-10-27,02:55:00.0,23,2,October,Tuesday,207.0,Weekday,81,2021-10-26T23:28:00.0,2021-10-27T02:55:00.0,23.466666666666665
CH354,KR_U1629,KR3421,3.0833333333333335,10.0,2021-11-02,10:19:00.0,2021-11-02,13:24:00.0,10,13,November,Tuesday,185.0,Weekday,83,2021-11-02T10:19:00.0,2021-11-02T13:24:00.0,10.316666666666666
CH354,KR_U1629,KR3422,2.533333333333333,9.5,2021-11-05,09:06:00.0,2021-11-05,11:38:00.0,9,11,November,Friday,152.0,Weekday,83,2021-11-05T09:06:00.0,2021-11-05T11:38:00.0,9.1
CH354,KR_U1629,KR3423,1.4666666666666666,5.5,2021-11-05,16:37:00.0,2021-11-05,18:05:00.0,16,18,November,Friday,88.0,Weekday,83,2021-11-05T16:37:00.0,2021-11-05T18:05:00.0,16.616666666666667
CH354,KR_U1629,KR3424,1.8,6.7,2021-11-09,12:09:00.0,2021-11-09,13:57:00.0,12,13,November,Tuesday,108.0,Weekday,83,2021-11-09T12:09:00.0,2021-11-09T13:57:00.0,12.15
CH354,KR_U1629,KR3425,2.966666666666667,9.9,2021-11-10,11:10:00.0,2021-11-10,14:08:00.0,11,14,November,Wednesday,178.0,Weekday,83,2021-11-10T11:10:00.0,2021-11-10T14:08:00.0,11.166666666666666
CH354,KR_U1629,KR3426,3.5833333333333335,9.9,2021-11-17,10:57:00.0,2021-11-17,14:32:00.0,10,14,November,Wednesday,215.0,Weekday,83,2021-11-17T10:57:00.0,2021-11-17T14:32:00.0,10.95
CH354,KR_U1629,KR3427,3.066666666666667,10.2,2021-10-01,09:36:00.0,2021-10-01,12:40:00.0,9,12,October,Friday,184.0,Weekday,83,2021-10-01T09:36:00.0,2021-10-01T12:40:00.0,9.6
CH354,KR_U1629,KR3428,3.0833333333333335,10.1,2021-10-03,15:25:00.0,2021-10-03,18:30:00.0,15,18,October,Sunday,185.0,Weekend,83,2021-10-03T15:25:00.0,2021-10-03T18:30:00.0,15.416666666666666
CH354,KR_U1629,KR3429,3.3333333333333335,10.4,2021-10-05,18:24:00.0,2021-10-05,21:44:00.0,18,21,October,Tuesday,200.0,Weekday,83,2021-10-05T18:24:00.0,2021-10-05T21:44:00.0,18.4
CH354,KR_U1629,KR3430,2.55,9.7,2021-10-12,12:01:00.0,2021-10-12,14:34:00.0,12,14,October,Tuesday,153.0,Weekday,83,2021-10-12T12:01:00.0,2021-10-12T14:34:00.0,12.016666666666667
CH354,KR_U1629,KR3431,1.5166666666666666,5.8,2021-10-19,16:13:00.0,2021-10-19,17:44:00.0,16,17,October,Tuesday,91.0,Weekday,83,2021-10-19T16:13:00.0,2021-10-19T17:44:00.0,16.216666666666665
CH354,KR_U1629,KR3432,3.1166666666666667,9.9,2021-10-20,18:26:00.0,2021-10-20,21:33:00.0,18,21,October,Wednesday,187.0,Weekday,83,2021-10-20T18:26:00.0,2021-10-20T21:33:00.0,18.433333333333334
CH359,KR_U195,KR3465,3.183333333333333,22.21,2022-08-23,16:51:00.0,2022-08-23,20:02:00.0,16,20,August,Tuesday,191.0,Weekday,81,2022-08-23T16:51:00.0,2022-08-23T20:02:00.0,16.85
CH359,KR_U195,KR3466,2.9166666666666665,20.06,2022-01-20,18:50:00.0,2022-01-20,21:45:00.0,18,21,January,Thursday,175.0,Weekday,81,2022-01-20T18:50:00.0,2022-01-20T21:45:00.0,18.833333333333332
CH360,KR_U195,KR3505,2.9,20.08,2022-06-07,23:03:00.0,2022-06-08,01:57:00.0,23,1,June,Tuesday,174.0,Weekday,81,2022-06-07T23:03:00.0,2022-06-08T01:57:00.0,23.05
CH360,KR_U195,KR3506,3.1,21.49,2022-05-05,16:26:00.0,2022-05-05,19:32:00.0,16,19,May,Thursday,186.0,Weekday,81,2022-05-05T16:26:00.0,2022-05-05T19:32:00.0,16.433333333333334
CH360,KR_U195,KR3507,3.3333333333333335,23.04,2022-04-24,13:12:00.0,2022-04-24,16:32:00.0,13,16,April,Sunday,200.0,Weekend,81,2022-04-24T13:12:00.0,2022-04-24T16:32:00.0,13.2
CH360,KR_U195,KR3508,2.8333333333333335,19.3,2022-01-12,19:18:00.0,2022-01-12,22:08:00.0,19,22,January,Wednesday,170.0,Weekday,81,2022-01-12T19:18:00.0,2022-01-12T22:08:00.0,19.3
CH360,KR_U195,KR3509,3.033333333333333,20.99,2021-12-02,23:39:00.0,2021-12-03,02:41:00.0,23,2,December,Thursday,182.0,Weekday,81,2021-12-02T23:39:00.0,2021-12-03T02:41:00.0,23.65
CH360,KR_U195,KR3510,3.033333333333333,20.94,2021-11-30,20:11:00.0,2021-11-30,23:13:00.0,20,23,November,Tuesday,182.0,Weekday,81,2021-11-30T20:11:00.0,2021-11-30T23:13:00.0,20.183333333333334
CH370,KR_U195,KR3678,2.316666666666667,15.87,2022-09-18,12:22:00.0,2022-09-18,14:41:00.0,12,14,September,Sunday,139.0,Weekend,81,2022-09-18T12:22:00.0,2022-09-18T14:41:00.0,12.366666666666667
CH370,KR_U195,KR3679,3.1333333333333333,21.78,2022-07-01,15:49:00.0,2022-07-01,18:57:00.0,15,18,July,Friday,188.0,Weekday,81,2022-07-01T15:49:00.0,2022-07-01T18:57:00.0,15.816666666666666
CH370,KR_U195,KR3680,2.283333333333333,16.18,2022-07-17,12:52:00.0,2022-07-17,15:09:00.0,12,15,July,Sunday,137.0,Weekend,81,2022-07-17T12:52:00.0,2022-07-17T15:09:00.0,12.866666666666667
CH370,KR_U195,KR3681,3.0166666666666666,20.89,2022-07-19,20:05:00.0,2022-07-19,23:06:00.0,20,23,July,Tuesday,181.0,Weekday,81,2022-07-19T20:05:00.0,2022-07-19T23:06:00.0,20.083333333333332
CH370,KR_U195,KR3682,2.8666666666666667,19.86,2022-06-01,18:06:00.0,2022-06-01,20:58:00.0,18,20,June,Wednesday,172.0,Weekday,81,2022-06-01T18:06:00.0,2022-06-01T20:58:00.0,18.1
CH370,KR_U195,KR3683,2.716666666666667,18.71,2022-06-17,21:10:00.0,2022-06-17,23:53:00.0,21,23,June,Friday,163.0,Weekday,81,2022-06-17T21:10:00.0,2022-06-17T23:53:00.0,21.166666666666668
CH370,KR_U195,KR3684,2.716666666666667,18.59,2022-06-26,20:08:00.0,2022-06-26,22:51:00.0,20,22,June,Sunday,163.0,Weekend,81,2022-06-26T20:08:00.0,2022-06-26T22:51:00.0,20.133333333333333
CH370,KR_U195,KR3685,2.783333333333333,19.47,2022-05-10,19:28:00.0,2022-05-10,22:15:00.0,19,22,May,Tuesday,167.0,Weekday,81,2022-05-10T19:28:00.0,2022-05-10T22:15:00.0,19.466666666666665
CH370,KR_U195,KR3686,0.7333333333333333,4.71,2022-05-12,21:13:00.0,2022-05-12,21:57:00.0,21,21,May,Thursday,44.0,Weekday,81,2022-05-12T21:13:00.0,2022-05-12T21:57:00.0,21.216666666666665
CH370,KR_U195,KR3687,2.9166666666666665,20.35,2022-04-06,21:26:00.0,2022-04-07,00:21:00.0,21,0,April,Wednesday,175.0,Weekday,81,2022-04-06T21:26:00.0,2022-04-07T00:21:00.0,21.433333333333334
CH370,KR_U195,KR3688,3.65,25.26,2022-03-06,12:58:00.0,2022-03-06,16:37:00.0,12,16,March,Sunday,219.0,Weekend,81,2022-03-06T12:58:00.0,2022-03-06T16:37:00.0,12.966666666666667
CH370,KR_U195,KR3689,3.15,21.82,2022-02-01,18:50:00.0,2022-02-01,21:59:00.0,18,21,February,Tuesday,189.0,Weekday,81,2022-02-01T18:50:00.0,2022-02-01T21:59:00.0,18.833333333333332
CH370,KR_U195,KR3690,3.0,20.94,2022-02-18,13:22:00.0,2022-02-18,16:22:00.0,13,16,February,Friday,180.0,Weekday,81,2022-02-18T13:22:00.0,2022-02-18T16:22:00.0,13.366666666666667
CH370,KR_U195,KR3691,2.216666666666667,15.13,2022-02-25,20:29:00.0,2022-02-25,22:42:00.0,20,22,February,Friday,133.0,Weekday,81,2022-02-25T20:29:00.0,2022-02-25T22:42:00.0,20.483333333333334
CH370,KR_U195,KR3692,2.283333333333333,15.73,2022-01-02,16:39:00.0,2022-01-02,18:56:00.0,16,18,January,Sunday,137.0,Weekend,81,2022-01-02T16:39:00.0,2022-01-02T18:56:00.0,16.65
CH370,KR_U195,KR3693,3.2333333333333334,22.45,2022-01-04,18:55:00.0,2022-01-04,22:09:00.0,18,22,January,Tuesday,194.0,Weekday,81,2022-01-04T18:55:00.0,2022-01-04T22:09:00.0,18.916666666666668
CH370,KR_U195,KR3694,1.8333333333333333,12.89,2022-01-08,10:56:00.0,2022-01-08,12:46:00.0,10,12,January,Saturday,110.0,Weekend,81,2022-01-08T10:56:00.0,2022-01-08T12:46:00.0,10.933333333333334
CH370,KR_U195,KR3695,3.0833333333333335,21.31,2022-01-09,18:37:00.0,2022-01-09,21:42:00.0,18,21,January,Sunday,185.0,Weekend,81,2022-01-09T18:37:00.0,2022-01-09T21:42:00.0,18.616666666666667
CH370,KR_U195,KR3696,2.816666666666667,19.37,2021-12-20,16:19:00.0,2021-12-20,19:08:00.0,16,19,December,Monday,169.0,Weekday,81,2021-12-20T16:19:00.0,2021-12-20T19:08:00.0,16.316666666666666
CH370,KR_U195,KR3697,2.8,19.27,2021-12-24,11:00:00.0,2021-12-24,13:48:00.0,11,13,December,Friday,168.0,Weekday,81,2021-12-24T11:00:00.0,2021-12-24T13:48:00.0,11.0
CH370,KR_U1629,KR3760,0.8,2.88,2022-05-02,14:59:00.0,2022-05-02,15:47:00.0,14,15,May,Monday,48.0,Weekday,83,2022-05-02T14:59:00.0,2022-05-02T15:47:00.0,14.983333333333333
CH370,KR_U1629,KR3761,0.6833333333333333,2.54,2022-05-16,15:05:00.0,2022-05-16,15:46:00.0,15,15,May,Monday,41.0,Weekday,83,2022-05-16T15:05:00.0,2022-05-16T15:46:00.0,15.083333333333334
CH370,KR_U1629,KR3762,2.3833333333333333,8.05,2022-05-16,16:06:00.0,2022-05-16,18:29:00.0,16,18,May,Monday,143.0,Weekday,83,2022-05-16T16:06:00.0,2022-05-16T18:29:00.0,16.1
CH370,KR_U1629,KR3763,2.65,9.24,2022-04-02,12:05:00.0,2022-04-02,14:44:00.0,12,14,April,Saturday,159.0,Weekend,83,2022-04-02T12:05:00.0,2022-04-02T14:44:00.0,12.083333333333334
CH370,KR_U1629,KR3764,1.4666666666666666,5.44,2022-04-05,12:23:00.0,2022-04-05,13:51:00.0,12,13,April,Tuesday,88.0,Weekday,83,2022-04-05T12:23:00.0,2022-04-05T13:51:00.0,12.383333333333333
CH370,KR_U1629,KR3765,0.8166666666666667,2.9,2022-04-06,12:10:00.0,2022-04-06,12:59:00.0,12,12,April,Wednesday,49.0,Weekday,83,2022-04-06T12:10:00.0,2022-04-06T12:59:00.0,12.166666666666666
CH370,KR_U1629,KR3766,0.9333333333333333,3.48,2022-04-06,15:05:00.0,2022-04-06,16:01:00.0,15,16,April,Wednesday,56.0,Weekday,83,2022-04-06T15:05:00.0,2022-04-06T16:01:00.0,15.083333333333334
CH370,KR_U1629,KR3767,2.066666666666667,7.77,2022-04-08,12:05:00.0,2022-04-08,14:09:00.0,12,14,April,Friday,124.00000000000001,Weekday,83,2022-04-08T12:05:00.0,2022-04-08T14:09:00.0,12.083333333333334
CH370,KR_U1629,KR3768,2.316666666666667,8.5,2022-04-11,10:33:00.0,2022-04-11,12:52:00.0,10,12,April,Monday,139.0,Weekday,83,2022-04-11T10:33:00.0,2022-04-11T12:52:00.0,10.55
CH370,KR_U1629,KR3769,2.1666666666666665,7.36,2022-04-12,11:43:00.0,2022-04-12,13:53:00.0,11,13,April,Tuesday,130.0,Weekday,83,2022-04-12T11:43:00.0,2022-04-12T13:53:00.0,11.716666666666667
CH370,KR_U1629,KR3770,2.1333333333333333,6.83,2022-04-13,11:11:00.0,2022-04-13,13:19:00.0,11,13,April,Wednesday,128.0,Weekday,83,2022-04-13T11:11:00.0,2022-04-13T13:19:00.0,11.183333333333334
CH370,KR_U1629,KR3771,2.5833333333333335,8.82,2022-04-16,09:03:00.0,2022-04-16,11:38:00.0,9,11,April,Saturday,155.0,Weekend,83,2022-04-16T09:03:00.0,2022-04-16T11:38:00.0,9.05
CH370,KR_U1629,KR3772,2.75,9.48,2022-04-18,10:23:00.0,2022-04-18,13:08:00.0,10,13,April,Monday,165.0,Weekday,83,2022-04-18T10:23:00.0,2022-04-18T13:08:00.0,10.383333333333333
CH370,KR_U1629,KR3773,1.4333333333333333,5.37,2022-04-19,14:37:00.0,2022-04-19,16:03:00.0,14,16,April,Tuesday,86.0,Weekday,83,2022-04-19T14:37:00.0,2022-04-19T16:03:00.0,14.616666666666667
CH370,KR_U1629,KR3774,2.75,9.21,2022-04-20,17:37:00.0,2022-04-20,20:22:00.0,17,20,April,Wednesday,165.0,Weekday,83,2022-04-20T17:37:00.0,2022-04-20T20:22:00.0,17.616666666666667
CH370,KR_U1629,KR3775,1.1,3.97,2022-04-21,16:35:00.0,2022-04-21,17:41:00.0,16,17,April,Thursday,66.0,Weekday,83,2022-04-21T16:35:00.0,2022-04-21T17:41:00.0,16.583333333333332
CH370,KR_U1629,KR3776,1.4833333333333334,5.48,2022-04-22,12:01:00.0,2022-04-22,13:30:00.0,12,13,April,Friday,89.0,Weekday,83,2022-04-22T12:01:00.0,2022-04-22T13:30:00.0,12.016666666666667
CH370,KR_U1629,KR3777,1.2833333333333334,4.81,2022-04-22,16:22:00.0,2022-04-22,17:39:00.0,16,17,April,Friday,77.0,Weekday,83,2022-04-22T16:22:00.0,2022-04-22T17:39:00.0,16.366666666666667
CH370,KR_U1629,KR3778,0.9833333333333333,3.63,2022-04-25,15:13:00.0,2022-04-25,16:12:00.0,15,16,April,Monday,59.0,Weekday,83,2022-04-25T15:13:00.0,2022-04-25T16:12:00.0,15.216666666666667
CH370,KR_U1629,KR3779,2.8,9.6,2022-04-26,19:46:00.0,2022-04-26,22:34:00.0,19,22,April,Tuesday,168.0,Weekday,83,2022-04-26T19:46:00.0,2022-04-26T22:34:00.0,19.766666666666666
CH370,KR_U1629,KR3780,1.3666666666666667,5.0,2022-04-27,14:37:00.0,2022-04-27,15:59:00.0,14,15,April,Wednesday,82.0,Weekday,83,2022-04-27T14:37:00.0,2022-04-27T15:59:00.0,14.616666666666667
CH370,KR_U1629,KR3781,1.2833333333333334,4.74,2022-04-28,08:41:00.0,2022-04-28,09:58:00.0,8,9,April,Thursday,77.0,Weekday,83,2022-04-28T08:41:00.0,2022-04-28T09:58:00.0,8.683333333333334
CH370,KR_U1629,KR3782,0.45,1.67,2022-04-29,13:41:00.0,2022-04-29,14:08:00.0,13,14,April,Friday,27.0,Weekday,83,2022-04-29T13:41:00.0,2022-04-29T14:08:00.0,13.683333333333334
CH370,KR_U1629,KR3783,2.716666666666667,9.39,2022-03-03,08:40:00.0,2022-03-03,11:23:00.0,8,11,March,Thursday,163.0,Weekday,83,2022-03-03T08:40:00.0,2022-03-03T11:23:00.0,8.666666666666666
CH370,KR_U1629,KR3784,1.8166666666666667,6.72,2022-03-04,09:04:00.0,2022-03-04,10:53:00.0,9,10,March,Friday,109.0,Weekday,83,2022-03-04T09:04:00.0,2022-03-04T10:53:00.0,9.066666666666666
CH370,KR_U1629,KR3785,0.7833333333333333,2.93,2022-03-04,14:58:00.0,2022-03-04,15:45:00.0,14,15,March,Friday,47.0,Weekday,83,2022-03-04T14:58:00.0,2022-03-04T15:45:00.0,14.966666666666667
CH370,KR_U1629,KR3786,3.433333333333333,9.51,2022-03-08,19:23:00.0,2022-03-08,22:49:00.0,19,22,March,Tuesday,206.0,Weekday,83,2022-03-08T19:23:00.0,2022-03-08T22:49:00.0,19.383333333333333
CH370,KR_U1629,KR3787,2.183333333333333,7.84,2022-03-10,08:56:00.0,2022-03-10,11:07:00.0,8,11,March,Thursday,131.0,Weekday,83,2022-03-10T08:56:00.0,2022-03-10T11:07:00.0,8.933333333333334
CH370,KR_U1629,KR3788,2.066666666666667,7.77,2022-03-11,08:49:00.0,2022-03-11,10:53:00.0,8,10,March,Friday,124.00000000000001,Weekday,83,2022-03-11T08:49:00.0,2022-03-11T10:53:00.0,8.816666666666666
CH370,KR_U1629,KR3789,0.5,1.86,2022-03-16,13:51:00.0,2022-03-16,14:21:00.0,13,14,March,Wednesday,30.0,Weekday,83,2022-03-16T13:51:00.0,2022-03-16T14:21:00.0,13.85
CH370,KR_U1629,KR3790,1.1666666666666667,4.36,2022-03-16,14:49:00.0,2022-03-16,15:59:00.0,14,15,March,Wednesday,70.0,Weekday,83,2022-03-16T14:49:00.0,2022-03-16T15:59:00.0,14.816666666666666
CH370,KR_U1629,KR3791,1.5,5.58,2022-03-22,08:39:00.0,2022-03-22,10:09:00.0,8,10,March,Tuesday,90.0,Weekday,83,2022-03-22T08:39:00.0,2022-03-22T10:09:00.0,8.65
CH370,KR_U1629,KR3792,2.216666666666667,5.7,2022-03-22,11:37:00.0,2022-03-22,13:50:00.0,11,13,March,Tuesday,133.0,Weekday,83,2022-03-22T11:37:00.0,2022-03-22T13:50:00.0,11.616666666666667
CH370,KR_U1629,KR3793,0.7666666666666667,2.84,2022-03-22,15:13:00.0,2022-03-22,15:59:00.0,15,15,March,Tuesday,46.0,Weekday,83,2022-03-22T15:13:00.0,2022-03-22T15:59:00.0,15.216666666666667
CH370,KR_U1629,KR3794,0.7,2.61,2022-03-24,08:50:00.0,2022-03-24,09:32:00.0,8,9,March,Thursday,42.0,Weekday,83,2022-03-24T08:50:00.0,2022-03-24T09:32:00.0,8.833333333333334
CH370,KR_U1629,KR3795,2.7666666666666666,9.25,2022-03-26,23:17:00.0,2022-03-27,02:03:00.0,23,2,March,Saturday,166.0,Weekend,83,2022-03-26T23:17:00.0,2022-03-27T02:03:00.0,23.283333333333335
CH370,KR_U1629,KR3796,2.3333333333333335,8.71,2022-03-29,11:35:00.0,2022-03-29,13:55:00.0,11,13,March,Tuesday,140.0,Weekday,83,2022-03-29T11:35:00.0,2022-03-29T13:55:00.0,11.583333333333334
CH370,KR_U1629,KR3797,2.783333333333333,9.4,2022-03-31,08:47:00.0,2022-03-31,11:34:00.0,8,11,March,Thursday,167.0,Weekday,83,2022-03-31T08:47:00.0,2022-03-31T11:34:00.0,8.783333333333333
CH370,KR_U1629,KR3798,2.3333333333333335,8.73,2022-02-08,16:06:00.0,2022-02-08,18:26:00.0,16,18,February,Tuesday,140.0,Weekday,83,2022-02-08T16:06:00.0,2022-02-08T18:26:00.0,16.1
CH370,KR_U1629,KR3799,2.2333333333333334,8.24,2022-02-09,11:37:00.0,2022-02-09,13:51:00.0,11,13,February,Wednesday,134.0,Weekday,83,2022-02-09T11:37:00.0,2022-02-09T13:51:00.0,11.616666666666667
CH370,KR_U1629,KR3800,1.0,3.71,2022-02-11,12:12:00.0,2022-02-11,13:12:00.0,12,13,February,Friday,60.0,Weekday,83,2022-02-11T12:12:00.0,2022-02-11T13:12:00.0,12.2
CH370,KR_U1629,KR3801,1.4,4.97,2022-02-11,15:39:00.0,2022-02-11,17:03:00.0,15,17,February,Friday,84.0,Weekday,83,2022-02-11T15:39:00.0,2022-02-11T17:03:00.0,15.65
CH370,KR_U1629,KR3802,2.816666666666667,9.65,2022-02-14,17:05:00.0,2022-02-14,19:54:00.0,17,19,February,Monday,169.0,Weekday,83,2022-02-14T17:05:00.0,2022-02-14T19:54:00.0,17.083333333333332
CH370,KR_U1629,KR3803,0.8166666666666667,3.02,2022-02-16,16:00:00.0,2022-02-16,16:49:00.0,16,16,February,Wednesday,49.0,Weekday,83,2022-02-16T16:00:00.0,2022-02-16T16:49:00.0,16.0
CH370,KR_U1629,KR3804,1.5833333333333333,5.84,2022-02-22,15:58:00.0,2022-02-22,17:33:00.0,15,17,February,Tuesday,95.0,Weekday,83,2022-02-22T15:58:00.0,2022-02-22T17:33:00.0,15.966666666666667
CH370,KR_U1629,KR3805,1.4666666666666666,4.58,2022-01-07,12:05:00.0,2022-01-07,13:33:00.0,12,13,January,Friday,88.0,Weekday,83,2022-01-07T12:05:00.0,2022-01-07T13:33:00.0,12.083333333333334
CH370,KR_U1629,KR3806,1.3333333333333333,5.01,2022-01-07,14:31:00.0,2022-01-07,15:51:00.0,14,15,January,Friday,80.0,Weekday,83,2022-01-07T14:31:00.0,2022-01-07T15:51:00.0,14.516666666666667
CH370,KR_U1629,KR3807,1.0833333333333333,5.47,2022-01-28,09:01:00.0,2022-01-28,10:06:00.0,9,10,January,Friday,65.0,Weekday,83,2022-01-28T09:01:00.0,2022-01-28T10:06:00.0,9.016666666666667
CH370,KR_U1629,KR3808,2.55,9.4,2021-12-03,12:57:00.0,2021-12-03,15:30:00.0,12,15,December,Friday,153.0,Weekday,83,2021-12-03T12:57:00.0,2021-12-03T15:30:00.0,12.95
CH370,KR_U1629,KR3809,9.0,3.47,2021-12-06,09:03:00.0,2021-12-06,18:03:00.0,9,18,December,Monday,540.0,Weekday,83,2021-12-06T09:03:00.0,2021-12-06T18:03:00.0,9.05
CH370,KR_U1629,KR3810,9.0,1.91,2021-12-13,08:30:00.0,2021-12-13,17:30:00.0,8,17,December,Monday,540.0,Weekday,83,2021-12-13T08:30:00.0,2021-12-13T17:30:00.0,8.5
CH370,KR_U1629,KR3811,2.5833333333333335,9.24,2021-12-15,08:21:00.0,2021-12-15,10:56:00.0,8,10,December,Wednesday,155.0,Weekday,83,2021-12-15T08:21:00.0,2021-12-15T10:56:00.0,8.35
CH370,KR_U1629,KR3812,1.0666666666666667,2.99,2021-12-15,15:53:00.0,2021-12-15,16:57:00.0,15,16,December,Wednesday,64.0,Weekday,83,2021-12-15T15:53:00.0,2021-12-15T16:57:00.0,15.883333333333333
CH370,KR_U1629,KR3813,2.683333333333333,9.15,2021-12-16,08:29:00.0,2021-12-16,11:10:00.0,8,11,December,Thursday,161.0,Weekday,83,2021-12-16T08:29:00.0,2021-12-16T11:10:00.0,8.483333333333333
CH370,KR_U1629,KR3814,2.0833333333333335,7.76,2021-12-21,08:54:00.0,2021-12-21,10:59:00.0,8,10,December,Tuesday,125.00000000000001,Weekday,83,2021-12-21T08:54:00.0,2021-12-21T10:59:00.0,8.9
CH370,KR_U1629,KR3815,1.2166666666666666,4.47,2021-12-22,14:00:00.0,2021-12-22,15:13:00.0,14,15,December,Wednesday,73.0,Weekday,83,2021-12-22T14:00:00.0,2021-12-22T15:13:00.0,14.0
CH370,KR_U1629,KR3816,2.75,9.5,2021-12-29,12:03:00.0,2021-12-29,14:48:00.0,12,14,December,Wednesday,165.0,Weekday,83,2021-12-29T12:03:00.0,2021-12-29T14:48:00.0,12.05
CH370,KR_U1629,KR3817,1.2166666666666666,3.81,2021-11-24,13:29:00.0,2021-11-24,14:42:00.0,13,14,November,Wednesday,73.0,Weekday,83,2021-11-24T13:29:00.0,2021-11-24T14:42:00.0,13.483333333333333
CH370,KR_U1629,KR3818,3.55,9.95,2021-11-25,19:24:00.0,2021-11-25,22:57:00.0,19,22,November,Thursday,213.0,Weekday,83,2021-11-25T19:24:00.0,2021-11-25T22:57:00.0,19.4
CH370,KR_U1629,KR3819,2.0,7.06,2021-11-27,14:47:00.0,2021-11-27,16:47:00.0,14,16,November,Saturday,120.0,Weekend,83,2021-11-27T14:47:00.0,2021-11-27T16:47:00.0,14.783333333333333
CH371,KR_U195,KR3902,2.9166666666666665,20.21,2022-09-13,18:48:00.0,2022-09-13,21:43:00.0,18,21,September,Tuesday,175.0,Weekday,81,2022-09-13T18:48:00.0,2022-09-13T21:43:00.0,18.8
CH371,KR_U195,KR3903,3.1166666666666667,21.64,2022-09-06,18:42:00.0,2022-09-06,21:49:00.0,18,21,September,Tuesday,187.0,Weekday,81,2022-09-06T18:42:00.0,2022-09-06T21:49:00.0,18.7
CH371,KR_U195,KR3904,2.85,19.8,2022-09-23,18:48:00.0,2022-09-23,21:39:00.0,18,21,September,Friday,171.0,Weekday,81,2022-09-23T18:48:00.0,2022-09-23T21:39:00.0,18.8
CH371,KR_U195,KR3905,2.566666666666667,17.77,2022-08-04,18:43:00.0,2022-08-04,21:17:00.0,18,21,August,Thursday,154.0,Weekday,81,2022-08-04T18:43:00.0,2022-08-04T21:17:00.0,18.716666666666665
CH371,KR_U195,KR3906,3.1666666666666665,22.01,2022-08-31,19:01:00.0,2022-08-31,22:11:00.0,19,22,August,Wednesday,190.0,Weekday,81,2022-08-31T19:01:00.0,2022-08-31T22:11:00.0,19.016666666666666
CH371,KR_U195,KR3907,3.2,22.14,2022-08-26,17:31:00.0,2022-08-26,20:43:00.0,17,20,August,Friday,192.0,Weekday,81,2022-08-26T17:31:00.0,2022-08-26T20:43:00.0,17.516666666666666
CH371,KR_U195,KR3908,2.716666666666667,18.69,2022-08-16,19:19:00.0,2022-08-16,22:02:00.0,19,22,August,Tuesday,163.0,Weekday,81,2022-08-16T19:19:00.0,2022-08-16T22:02:00.0,19.316666666666666
CH371,KR_U195,KR3909,2.7333333333333334,18.95,2022-07-07,18:38:00.0,2022-07-07,21:22:00.0,18,21,July,Thursday,164.0,Weekday,81,2022-07-07T18:38:00.0,2022-07-07T21:22:00.0,18.633333333333333
CH371,KR_U195,KR3910,2.55,17.53,2022-07-11,18:53:00.0,2022-07-11,21:26:00.0,18,21,July,Monday,153.0,Weekday,81,2022-07-11T18:53:00.0,2022-07-11T21:26:00.0,18.883333333333333
CH371,KR_U195,KR3911,2.9833333333333334,20.62,2022-07-23,23:51:00.0,2022-07-24,02:50:00.0,23,2,July,Saturday,179.0,Weekend,81,2022-07-23T23:51:00.0,2022-07-24T02:50:00.0,23.85
CH371,KR_U195,KR3912,3.25,22.56,2022-07-27,22:33:00.0,2022-07-28,01:48:00.0,22,1,July,Wednesday,195.0,Weekday,81,2022-07-27T22:33:00.0,2022-07-28T01:48:00.0,22.55
CH371,KR_U195,KR3913,2.966666666666667,20.59,2022-06-12,14:55:00.0,2022-06-12,17:53:00.0,14,17,June,Sunday,178.0,Weekend,81,2022-06-12T14:55:00.0,2022-06-12T17:53:00.0,14.916666666666666
CH371,KR_U195,KR3914,3.0166666666666666,20.83,2022-06-22,19:15:00.0,2022-06-22,22:16:00.0,19,22,June,Wednesday,181.0,Weekday,81,2022-06-22T19:15:00.0,2022-06-22T22:16:00.0,19.25
CH371,KR_U195,KR3915,2.7333333333333334,18.94,2022-05-01,13:09:00.0,2022-05-01,15:53:00.0,13,15,May,Sunday,164.0,Weekend,81,2022-05-01T13:09:00.0,2022-05-01T15:53:00.0,13.15
CH371,KR_U195,KR3916,2.9,20.02,2022-05-15,17:32:00.0,2022-05-15,20:26:00.0,17,20,May,Sunday,174.0,Weekend,81,2022-05-15T17:32:00.0,2022-05-15T20:26:00.0,17.533333333333335
CH371,KR_U195,KR3917,2.8666666666666667,19.88,2022-05-21,20:17:00.0,2022-05-21,23:09:00.0,20,23,May,Saturday,172.0,Weekend,81,2022-05-21T20:17:00.0,2022-05-21T23:09:00.0,20.283333333333335
CH371,KR_U195,KR3918,3.2,22.22,2022-05-27,18:47:00.0,2022-05-27,21:59:00.0,18,21,May,Friday,192.0,Weekday,81,2022-05-27T18:47:00.0,2022-05-27T21:59:00.0,18.783333333333335
CH371,KR_U195,KR3919,2.433333333333333,16.76,2022-04-01,11:32:00.0,2022-04-01,13:58:00.0,11,13,April,Friday,146.0,Weekday,81,2022-04-01T11:32:00.0,2022-04-01T13:58:00.0,11.533333333333333
CH371,KR_U195,KR3920,3.033333333333333,20.9,2022-04-12,17:48:00.0,2022-04-12,20:50:00.0,17,20,April,Tuesday,182.0,Weekday,81,2022-04-12T17:48:00.0,2022-04-12T20:50:00.0,17.8
CH371,KR_U195,KR3921,3.2333333333333334,22.43,2022-04-20,18:55:00.0,2022-04-20,22:09:00.0,18,22,April,Wednesday,194.0,Weekday,81,2022-04-20T18:55:00.0,2022-04-20T22:09:00.0,18.916666666666668
CH371,KR_U195,KR3922,1.35,11.38,2022-03-13,13:08:00.0,2022-03-13,14:29:00.0,13,14,March,Sunday,81.0,Weekend,81,2022-03-13T13:08:00.0,2022-03-13T14:29:00.0,13.133333333333333
CH371,KR_U195,KR3923,3.4,23.49,2022-03-16,18:42:00.0,2022-03-16,22:06:00.0,18,22,March,Wednesday,204.0,Weekday,81,2022-03-16T18:42:00.0,2022-03-16T22:06:00.0,18.7
CH371,KR_U195,KR3924,3.2333333333333334,22.69,2022-03-21,19:27:00.0,2022-03-21,22:41:00.0,19,22,March,Monday,194.0,Weekday,81,2022-03-21T19:27:00.0,2022-03-21T22:41:00.0,19.45
CH371,KR_U195,KR3925,9.0,21.8,2022-03-27,13:08:00.0,2022-03-27,22:08:00.0,13,22,March,Sunday,540.0,Weekend,81,2022-03-27T13:08:00.0,2022-03-27T22:08:00.0,13.133333333333333
CH371,KR_U195,KR3926,1.35,9.48,2022-01-02,14:50:00.0,2022-01-02,16:11:00.0,14,16,January,Sunday,81.0,Weekend,81,2022-01-02T14:50:00.0,2022-01-02T16:11:00.0,14.833333333333334
CH371,KR_U195,KR3927,3.3666666666666667,23.29,2022-01-17,19:08:00.0,2022-01-17,22:30:00.0,19,22,January,Monday,202.0,Weekday,81,2022-01-17T19:08:00.0,2022-01-17T22:30:00.0,19.133333333333333
CH371,KR_U195,KR3928,2.8,19.42,2022-01-25,18:55:00.0,2022-01-25,21:43:00.0,18,21,January,Tuesday,168.0,Weekday,81,2022-01-25T18:55:00.0,2022-01-25T21:43:00.0,18.916666666666668
CH371,KR_U195,KR3929,3.1333333333333333,22.97,2021-12-08,23:11:00.0,2021-12-09,02:19:00.0,23,2,December,Wednesday,188.0,Weekday,81,2021-12-08T23:11:00.0,2021-12-09T02:19:00.0,23.183333333333334
CH371,KR_U195,KR3930,3.1166666666666667,21.53,2021-12-13,23:08:00.0,2021-12-14,02:15:00.0,23,2,December,Monday,187.0,Weekday,81,2021-12-13T23:08:00.0,2021-12-14T02:15:00.0,23.133333333333333
CH371,KR_U195,KR3931,3.5166666666666666,24.28,2021-12-29,19:21:00.0,2021-12-29,22:52:00.0,19,22,December,Wednesday,211.0,Weekday,81,2021-12-29T19:21:00.0,2021-12-29T22:52:00.0,19.35
CH371,KR_U195,KR3932,2.7,18.55,2021-11-25,19:29:00.0,2021-11-25,22:11:00.0,19,22,November,Thursday,162.0,Weekday,81,2021-11-25T19:29:00.0,2021-11-25T22:11:00.0,19.483333333333334
CH371,KR_U1629,KR3970,3.3833333333333333,9.63,2022-05-01,20:44:00.0,2022-05-02,00:07:00.0,20,0,May,Sunday,203.0,Weekend,83,2022-05-01T20:44:00.0,2022-05-02T00:07:00.0,20.733333333333334
CH371,KR_U1629,KR3971,0.9833333333333333,3.74,2022-05-17,15:09:00.0,2022-05-17,16:08:00.0,15,16,May,Tuesday,59.0,Weekday,83,2022-05-17T15:09:00.0,2022-05-17T16:08:00.0,15.15
CH371,KR_U1629,KR3972,0.6666666666666666,2.51,2022-04-04,13:45:00.0,2022-04-04,14:25:00.0,13,14,April,Monday,40.0,Weekday,83,2022-04-04T13:45:00.0,2022-04-04T14:25:00.0,13.75
CH371,KR_U1629,KR3973,1.0833333333333333,4.11,2022-04-07,12:59:00.0,2022-04-07,14:04:00.0,12,14,April,Thursday,65.0,Weekday,83,2022-04-07T12:59:00.0,2022-04-07T14:04:00.0,12.983333333333333
CH371,KR_U1629,KR3974,0.7333333333333333,2.76,2022-04-20,12:16:00.0,2022-04-20,13:00:00.0,12,13,April,Wednesday,44.0,Weekday,83,2022-04-20T12:16:00.0,2022-04-20T13:00:00.0,12.266666666666667
CH371,KR_U1629,KR3975,1.0166666666666666,3.79,2022-04-25,10:34:00.0,2022-04-25,11:35:00.0,10,11,April,Monday,61.0,Weekday,83,2022-04-25T10:34:00.0,2022-04-25T11:35:00.0,10.566666666666666
CH371,KR_U1629,KR3976,2.35,7.81,2022-04-28,19:22:00.0,2022-04-28,21:43:00.0,19,21,April,Thursday,141.0,Weekday,83,2022-04-28T19:22:00.0,2022-04-28T21:43:00.0,19.366666666666667
CH371,KR_U1629,KR3977,2.7333333333333334,9.22,2022-03-06,15:26:00.0,2022-03-06,18:10:00.0,15,18,March,Sunday,164.0,Weekend,83,2022-03-06T15:26:00.0,2022-03-06T18:10:00.0,15.433333333333334
CH371,KR_U1629,KR3978,2.0833333333333335,6.88,2022-03-07,17:00:00.0,2022-03-07,19:05:00.0,17,19,March,Monday,125.00000000000001,Weekday,83,2022-03-07T17:00:00.0,2022-03-07T19:05:00.0,17.0
CH371,KR_U1629,KR3979,2.9,9.67,2022-03-14,11:28:00.0,2022-03-14,14:22:00.0,11,14,March,Monday,174.0,Weekday,83,2022-03-14T11:28:00.0,2022-03-14T14:22:00.0,11.466666666666667
CH371,KR_U1629,KR3980,2.35,7.99,2022-03-15,09:31:00.0,2022-03-15,11:52:00.0,9,11,March,Tuesday,141.0,Weekday,83,2022-03-15T09:31:00.0,2022-03-15T11:52:00.0,9.516666666666667
CH371,KR_U1629,KR3981,2.8,9.68,2022-03-25,09:05:00.0,2022-03-25,11:53:00.0,9,11,March,Friday,168.0,Weekday,83,2022-03-25T09:05:00.0,2022-03-25T11:53:00.0,9.083333333333334
CH371,KR_U1629,KR3982,2.05,7.6,2022-02-16,11:53:00.0,2022-02-16,13:56:00.0,11,13,February,Wednesday,122.99999999999999,Weekday,83,2022-02-16T11:53:00.0,2022-02-16T13:56:00.0,11.883333333333333
CH371,KR_U1629,KR3983,2.7666666666666666,9.26,2022-02-23,12:31:00.0,2022-02-23,15:17:00.0,12,15,February,Wednesday,166.0,Weekday,83,2022-02-23T12:31:00.0,2022-02-23T15:17:00.0,12.516666666666667
CH371,KR_U1629,KR3984,2.55,9.45,2022-02-25,16:37:00.0,2022-02-25,19:10:00.0,16,19,February,Friday,153.0,Weekday,83,2022-02-25T16:37:00.0,2022-02-25T19:10:00.0,16.616666666666667
CH371,KR_U1629,KR3985,2.1,7.77,2022-02-27,16:12:00.0,2022-02-27,18:18:00.0,16,18,February,Sunday,126.0,Weekend,83,2022-02-27T16:12:00.0,2022-02-27T18:18:00.0,16.2
CH371,KR_U1629,KR3986,1.7166666666666666,6.43,2022-02-28,15:41:00.0,2022-02-28,17:24:00.0,15,17,February,Monday,103.0,Weekday,83,2022-02-28T15:41:00.0,2022-02-28T17:24:00.0,15.683333333333334
CH371,KR_U1629,KR3987,1.7333333333333334,6.49,2022-01-19,12:04:00.0,2022-01-19,13:48:00.0,12,13,January,Wednesday,104.0,Weekday,83,2022-01-19T12:04:00.0,2022-01-19T13:48:00.0,12.066666666666666
CH371,KR_U1629,KR3988,2.3833333333333333,7.98,2022-01-19,16:03:00.0,2022-01-19,18:26:00.0,16,18,January,Wednesday,143.0,Weekday,83,2022-01-19T16:03:00.0,2022-01-19T18:26:00.0,16.05
CH371,KR_U1629,KR3989,2.65,9.13,2022-01-20,16:12:00.0,2022-01-20,18:51:00.0,16,18,January,Thursday,159.0,Weekday,83,2022-01-20T16:12:00.0,2022-01-20T18:51:00.0,16.2
CH371,KR_U1629,KR3990,2.9166666666666665,9.55,2021-12-01,20:22:00.0,2021-12-01,23:17:00.0,20,23,December,Wednesday,175.0,Weekday,83,2021-12-01T20:22:00.0,2021-12-01T23:17:00.0,20.366666666666667
CH371,KR_U1629,KR3991,2.533333333333333,9.16,2021-12-07,08:23:00.0,2021-12-07,10:55:00.0,8,10,December,Tuesday,152.0,Weekday,83,2021-12-07T08:23:00.0,2021-12-07T10:55:00.0,8.383333333333333
CH371,KR_U1629,KR3992,2.7666666666666666,9.46,2021-12-09,08:17:00.0,2021-12-09,11:03:00.0,8,11,December,Thursday,166.0,Weekday,83,2021-12-09T08:17:00.0,2021-12-09T11:03:00.0,8.283333333333333
CH371,KR_U1629,KR3993,2.7,9.25,2021-12-10,12:16:00.0,2021-12-10,14:58:00.0,12,14,December,Friday,162.0,Weekday,83,2021-12-10T12:16:00.0,2021-12-10T14:58:00.0,12.266666666666667
CH371,KR_U1629,KR3994,1.1333333333333333,4.07,2021-12-14,08:06:00.0,2021-12-14,09:14:00.0,8,9,December,Tuesday,68.0,Weekday,83,2021-12-14T08:06:00.0,2021-12-14T09:14:00.0,8.1
CH371,KR_U1629,KR3995,2.75,9.42,2021-11-23,09:43:00.0,2021-11-23,12:28:00.0,9,12,November,Tuesday,165.0,Weekday,83,2021-11-23T09:43:00.0,2021-11-23T12:28:00.0,9.716666666666667
CH371,KR_U1629,KR3996,2.316666666666667,7.51,2021-11-23,19:22:00.0,2021-11-23,21:41:00.0,19,21,November,Tuesday,139.0,Weekday,83,2021-11-23T19:22:00.0,2021-11-23T21:41:00.0,19.366666666666667
CH371,KR_U1629,KR3997,2.7,9.19,2021-11-26,19:44:00.0,2021-11-26,22:26:00.0,19,22,November,Friday,162.0,Weekday,83,2021-11-26T19:44:00.0,2021-11-26T22:26:00.0,19.733333333333334
CH371,KR_U1629,KR3998,1.6333333333333333,6.04,2021-11-29,08:52:00.0,2021-11-29,10:30:00.0,8,10,November,Monday,98.0,Weekday,83,2021-11-29T08:52:00.0,2021-11-29T10:30:00.0,8.866666666666667
CH372,KR_U124,KR4026,2.5,12.28,2022-05-08,18:29:00.0,2022-05-08,20:59:00.0,18,20,May,Sunday,150.0,Weekend,104,2022-05-08T18:29:00.0,2022-05-08T20:59:00.0,18.483333333333334
CH372,KR_U124,KR4027,3.55,16.1,2022-04-12,19:30:00.0,2022-04-12,23:03:00.0,19,23,April,Tuesday,213.0,Weekday,104,2022-04-12T19:30:00.0,2022-04-12T23:03:00.0,19.5
CH372,KR_U124,KR4028,3.3333333333333335,16.91,2022-04-14,18:36:00.0,2022-04-14,21:56:00.0,18,21,April,Thursday,200.0,Weekday,104,2022-04-14T18:36:00.0,2022-04-14T21:56:00.0,18.6
CH372,KR_U124,KR4029,3.466666666666667,19.58,2022-04-16,18:30:00.0,2022-04-16,21:58:00.0,18,21,April,Saturday,208.0,Weekend,104,2022-04-16T18:30:00.0,2022-04-16T21:58:00.0,18.5
CH372,KR_U124,KR4030,1.4333333333333333,8.09,2022-04-19,18:38:00.0,2022-04-19,20:04:00.0,18,20,April,Tuesday,86.0,Weekday,104,2022-04-19T18:38:00.0,2022-04-19T20:04:00.0,18.633333333333333
CH372,KR_U124,KR4031,2.4,14.49,2022-04-20,23:41:00.0,2022-04-21,02:05:00.0,23,2,April,Wednesday,144.0,Weekday,104,2022-04-20T23:41:00.0,2022-04-21T02:05:00.0,23.683333333333334
CH372,KR_U124,KR4032,1.9,11.15,2022-04-21,18:32:00.0,2022-04-21,20:26:00.0,18,20,April,Thursday,114.0,Weekday,104,2022-04-21T18:32:00.0,2022-04-21T20:26:00.0,18.533333333333335
CH372,KR_U124,KR4033,4.0,18.36,2022-04-24,19:15:00.0,2022-04-24,23:15:00.0,19,23,April,Sunday,240.0,Weekend,104,2022-04-24T19:15:00.0,2022-04-24T23:15:00.0,19.25
CH372,KR_U124,KR4034,4.316666666666666,22.42,2022-04-28,18:41:00.0,2022-04-28,23:00:00.0,18,23,April,Thursday,259.0,Weekday,104,2022-04-28T18:41:00.0,2022-04-28T23:00:00.0,18.683333333333334
CH372,KR_U124,KR4035,4.05,23.03,2022-03-23,21:00:00.0,2022-03-24,01:03:00.0,21,1,March,Wednesday,243.0,Weekday,104,2022-03-23T21:00:00.0,2022-03-24T01:03:00.0,21.0
CH372,KR_U124,KR4036,9.0,10.61,2022-01-19,19:22:00.0,2022-01-20,04:22:00.0,19,4,January,Wednesday,540.0,Weekday,104,2022-01-19T19:22:00.0,2022-01-20T04:22:00.0,19.366666666666667
CH372,KR_U194,KR4037,2.3333333333333335,12.95,2022-09-12,17:45:00.0,2022-09-12,20:05:00.0,17,20,September,Monday,140.0,Weekday,105,2022-09-12T17:45:00.0,2022-09-12T20:05:00.0,17.75
CH372,KR_U194,KR4038,9.0,10.34,2022-08-14,20:54:00.0,2022-08-15,05:54:00.0,20,5,August,Sunday,540.0,Weekend,105,2022-08-14T20:54:00.0,2022-08-15T05:54:00.0,20.9
CH372,KR_U194,KR4039,8.883333333333333,19.88,2022-08-12,23:24:00.0,2022-08-13,08:17:00.0,23,8,August,Friday,533.0,Weekday,105,2022-08-12T23:24:00.0,2022-08-13T08:17:00.0,23.4
CH372,KR_U194,KR4040,5.383333333333334,6.4,2022-08-12,18:01:00.0,2022-08-12,23:24:00.0,18,23,August,Friday,323.0,Weekday,105,2022-08-12T18:01:00.0,2022-08-12T23:24:00.0,18.016666666666666
CH372,KR_U194,KR4041,8.566666666666666,17.57,2022-07-13,14:35:00.0,2022-07-13,23:09:00.0,14,23,July,Wednesday,514.0,Weekday,105,2022-07-13T14:35:00.0,2022-07-13T23:09:00.0,14.583333333333334
CH372,KR_U194,KR4042,0.2,0.66,2022-07-13,23:10:00.0,2022-07-13,23:22:00.0,23,23,July,Wednesday,12.0,Weekday,105,2022-07-13T23:10:00.0,2022-07-13T23:22:00.0,23.166666666666668
CH372,KR_U194,KR4043,9.0,57.37,2022-07-25,23:31:00.0,2022-07-26,08:31:00.0,23,8,July,Monday,540.0,Weekday,105,2022-07-25T23:31:00.0,2022-07-26T08:31:00.0,23.516666666666666
CH372,KR_U194,KR4044,9.0,27.51,2022-06-21,21:14:00.0,2022-06-22,06:14:00.0,21,6,June,Tuesday,540.0,Weekday,105,2022-06-21T21:14:00.0,2022-06-22T06:14:00.0,21.233333333333334
CH372,KR_U194,KR4045,2.033333333333333,5.45,2022-06-22,12:49:00.0,2022-06-22,14:51:00.0,12,14,June,Wednesday,122.0,Weekday,105,2022-06-22T12:49:00.0,2022-06-22T14:51:00.0,12.816666666666666
CH372,KR_U194,KR4046,9.0,20.31,2022-05-02,15:13:00.0,2022-05-03,00:13:00.0,15,0,May,Monday,540.0,Weekday,105,2022-05-02T15:13:00.0,2022-05-03T00:13:00.0,15.216666666666667
CH372,KR_U194,KR4047,3.316666666666667,6.23,2022-05-05,20:31:00.0,2022-05-05,23:50:00.0,20,23,May,Thursday,199.0,Weekday,105,2022-05-05T20:31:00.0,2022-05-05T23:50:00.0,20.516666666666666
CH372,KR_U194,KR4048,6.5,33.61,2022-05-05,23:50:00.0,2022-05-06,06:20:00.0,23,6,May,Thursday,390.0,Weekday,105,2022-05-05T23:50:00.0,2022-05-06T06:20:00.0,23.833333333333332
CH372,KR_U194,KR4049,2.933333333333333,20.61,2022-05-22,20:36:00.0,2022-05-22,23:32:00.0,20,23,May,Sunday,176.0,Weekend,105,2022-05-22T20:36:00.0,2022-05-22T23:32:00.0,20.6
CH372,KR_U194,KR4050,8.216666666666667,13.05,2022-05-22,23:58:00.0,2022-05-23,08:11:00.0,23,8,May,Sunday,493.0,Weekend,105,2022-05-22T23:58:00.0,2022-05-23T08:11:00.0,23.966666666666665
CH372,KR_U194,KR4051,9.0,40.68,2022-05-26,21:08:00.0,2022-05-27,06:08:00.0,21,6,May,Thursday,540.0,Weekday,105,2022-05-26T21:08:00.0,2022-05-27T06:08:00.0,21.133333333333333
CH372,KR_U194,KR4052,7.416666666666667,48.22,2022-04-06,01:21:00.0,2022-04-06,08:46:00.0,1,8,April,Wednesday,445.0,Weekday,105,2022-04-06T01:21:00.0,2022-04-06T08:46:00.0,1.35
CH372,KR_U194,KR4053,5.416666666666667,35.35,2022-04-11,19:30:00.0,2022-04-12,00:55:00.0,19,0,April,Monday,325.0,Weekday,105,2022-04-11T19:30:00.0,2022-04-12T00:55:00.0,19.5
CH372,KR_U194,KR4054,6.1,39.21,2022-03-13,13:57:00.0,2022-03-13,20:03:00.0,13,20,March,Sunday,366.0,Weekend,105,2022-03-13T13:57:00.0,2022-03-13T20:03:00.0,13.95
CH372,KR_U194,KR4055,2.566666666666667,18.08,2022-02-18,22:47:00.0,2022-02-19,01:21:00.0,22,1,February,Friday,154.0,Weekday,105,2022-02-18T22:47:00.0,2022-02-19T01:21:00.0,22.783333333333335
CH372,KR_U194,KR4056,8.533333333333333,27.3,2022-02-25,23:34:00.0,2022-02-26,08:06:00.0,23,8,February,Friday,512.0,Weekday,105,2022-02-25T23:34:00.0,2022-02-26T08:06:00.0,23.566666666666666
CH372,KR_U194,KR4057,9.0,43.41,2021-11-30,23:14:00.0,2021-12-01,08:14:00.0,23,8,November,Tuesday,540.0,Weekday,105,2021-11-30T23:14:00.0,2021-12-01T08:14:00.0,23.233333333333334
CH372,KR_U194,KR4058,8.766666666666667,40.92,2021-12-02,23:45:00.0,2021-12-03,08:31:00.0,23,8,December,Thursday,526.0,Weekday,105,2021-12-02T23:45:00.0,2021-12-03T08:31:00.0,23.75
CH372,KR_U194,KR4059,6.45,7.22,2021-12-06,16:56:00.0,2021-12-06,23:23:00.0,16,23,December,Monday,387.0,Weekday,105,2021-12-06T16:56:00.0,2021-12-06T23:23:00.0,16.933333333333334
CH372,KR_U194,KR4060,9.0,57.33,2021-12-06,23:24:00.0,2021-12-07,08:24:00.0,23,8,December,Monday,540.0,Weekday,105,2021-12-06T23:24:00.0,2021-12-07T08:24:00.0,23.4
CH372,KR_U194,KR4061,0.95,1.06,2021-12-11,15:42:00.0,2021-12-11,16:39:00.0,15,16,December,Saturday,57.0,Weekend,105,2021-12-11T15:42:00.0,2021-12-11T16:39:00.0,15.7
CH372,KR_U194,KR4062,1.8,24.38,2021-12-11,17:13:00.0,2021-12-11,19:01:00.0,17,19,December,Saturday,108.0,Weekend,105,2021-12-11T17:13:00.0,2021-12-11T19:01:00.0,17.216666666666665
CH372,KR_U194,KR4063,4.7,5.3,2021-12-13,18:18:00.0,2021-12-13,23:00:00.0,18,23,December,Monday,282.0,Weekday,105,2021-12-13T18:18:00.0,2021-12-13T23:00:00.0,18.3
CH372,KR_U194,KR4064,9.0,3.22,2021-12-16,15:06:00.0,2021-12-17,00:06:00.0,15,0,December,Thursday,540.0,Weekday,105,2021-12-16T15:06:00.0,2021-12-17T00:06:00.0,15.1
CH372,KR_U194,KR4065,7.833333333333333,8.72,2021-12-20,15:29:00.0,2021-12-20,23:19:00.0,15,23,December,Monday,470.0,Weekday,105,2021-12-20T15:29:00.0,2021-12-20T23:19:00.0,15.483333333333333
CH372,KR_U194,KR4066,9.0,31.5,2021-12-20,23:20:00.0,2021-12-21,08:20:00.0,23,8,December,Monday,540.0,Weekday,105,2021-12-20T23:20:00.0,2021-12-21T08:20:00.0,23.333333333333332
CH372,KR_U194,KR4067,9.0,13.31,2021-12-24,23:09:00.0,2021-12-25,08:09:00.0,23,8,December,Friday,540.0,Weekday,105,2021-12-24T23:09:00.0,2021-12-25T08:09:00.0,23.15
CH372,KR_U194,KR4068,6.216666666666667,6.96,2021-11-20,18:17:00.0,2021-11-21,00:30:00.0,18,0,November,Saturday,373.0,Weekend,105,2021-11-20T18:17:00.0,2021-11-21T00:30:00.0,18.283333333333335
CH372,KR_U194,KR4069,9.0,18.02,2021-11-21,00:31:00.0,2021-11-21,09:31:00.0,0,9,November,Sunday,540.0,Weekend,105,2021-11-21T00:31:00.0,2021-11-21T09:31:00.0,0.5166666666666667
CH372,KR_U194,KR4070,9.0,45.26,2021-11-27,23:31:00.0,2021-11-28,08:31:00.0,23,8,November,Saturday,540.0,Weekend,105,2021-11-27T23:31:00.0,2021-11-28T08:31:00.0,23.516666666666666
CH372,KR_U236,KR4071,3.15,20.84,2022-06-01,00:29:00.0,2022-06-01,03:38:00.0,0,3,June,Wednesday,189.0,Weekday,85,2022-06-01T00:29:00.0,2022-06-01T03:38:00.0,0.48333333333333334
CH372,KR_U236,KR4072,7.75,52.43,2022-06-07,20:34:00.0,2022-06-08,04:19:00.0,20,4,June,Tuesday,465.0,Weekday,85,2022-06-07T20:34:00.0,2022-06-08T04:19:00.0,20.566666666666666
CH372,KR_U236,KR4073,4.8,32.52,2022-05-11,19:07:00.0,2022-05-11,23:55:00.0,19,23,May,Wednesday,288.0,Weekday,85,2022-05-11T19:07:00.0,2022-05-11T23:55:00.0,19.116666666666667
CH372,KR_U236,KR4074,2.6333333333333333,16.92,2022-04-26,17:37:00.0,2022-04-26,20:15:00.0,17,20,April,Tuesday,158.0,Weekday,85,2022-04-26T17:37:00.0,2022-04-26T20:15:00.0,17.616666666666667
CH372,KR_U236,KR4075,6.083333333333333,36.89,2022-02-19,20:29:00.0,2022-02-20,02:34:00.0,20,2,February,Saturday,365.0,Weekend,85,2022-02-19T20:29:00.0,2022-02-20T02:34:00.0,20.483333333333334
CH372,KR_U236,KR4076,3.4166666666666665,24.2,2022-01-01,09:53:00.0,2022-01-01,13:18:00.0,9,13,January,Saturday,205.0,Weekend,85,2022-01-01T09:53:00.0,2022-01-01T13:18:00.0,9.883333333333333
CH372,KR_U507,KR4077,8.65,58.7,2022-06-01,20:45:00.0,2022-06-02,05:24:00.0,20,5,June,Wednesday,519.0,Weekday,86,2022-06-01T20:45:00.0,2022-06-02T05:24:00.0,20.75
CH372,KR_U507,KR4078,8.6,59.1,2022-04-17,11:52:00.0,2022-04-17,20:28:00.0,11,20,April,Sunday,516.0,Weekend,86,2022-04-17T11:52:00.0,2022-04-17T20:28:00.0,11.866666666666667
CH372,KR_U507,KR4079,2.75,19.12,2022-04-26,21:23:00.0,2022-04-27,00:08:00.0,21,0,April,Tuesday,165.0,Weekday,86,2022-04-26T21:23:00.0,2022-04-27T00:08:00.0,21.383333333333333
CH372,KR_U507,KR4080,7.35,47.82,2022-03-27,14:47:00.0,2022-03-27,22:08:00.0,14,22,March,Sunday,441.0,Weekend,86,2022-03-27T14:47:00.0,2022-03-27T22:08:00.0,14.783333333333333
CH372,KR_U507,KR4081,5.766666666666667,39.81,2021-12-03,22:13:00.0,2021-12-04,03:59:00.0,22,3,December,Friday,346.0,Weekday,86,2021-12-03T22:13:00.0,2021-12-04T03:59:00.0,22.216666666666665
CH373,KR_U124,KR4125,3.5,16.21,2022-05-04,19:47:00.0,2022-05-04,23:17:00.0,19,23,May,Wednesday,210.0,Weekday,104,2022-05-04T19:47:00.0,2022-05-04T23:17:00.0,19.783333333333335
CH373,KR_U124,KR4126,1.8,10.3,2022-04-17,19:23:00.0,2022-04-17,21:11:00.0,19,21,April,Sunday,108.0,Weekend,104,2022-04-17T19:23:00.0,2022-04-17T21:11:00.0,19.383333333333333
CH373,KR_U124,KR4127,4.816666666666666,22.46,2022-02-04,21:23:00.0,2022-02-05,02:12:00.0,21,2,February,Friday,289.0,Weekday,104,2022-02-04T21:23:00.0,2022-02-05T02:12:00.0,21.383333333333333
CH373,KR_U124,KR4128,2.533333333333333,12.9,2022-02-05,18:33:00.0,2022-02-05,21:05:00.0,18,21,February,Saturday,152.0,Weekend,104,2022-02-05T18:33:00.0,2022-02-05T21:05:00.0,18.55
CH373,KR_U124,KR4129,9.0,2.72,2022-02-07,18:34:00.0,2022-02-08,03:34:00.0,18,3,February,Monday,540.0,Weekday,104,2022-02-07T18:34:00.0,2022-02-08T03:34:00.0,18.566666666666666
CH373,KR_U124,KR4130,4.0,17.87,2022-02-11,19:27:00.0,2022-02-11,23:27:00.0,19,23,February,Friday,240.0,Weekday,104,2022-02-11T19:27:00.0,2022-02-11T23:27:00.0,19.45
CH373,KR_U124,KR4131,3.5,17.68,2022-02-12,18:44:00.0,2022-02-12,22:14:00.0,18,22,February,Saturday,210.0,Weekend,104,2022-02-12T18:44:00.0,2022-02-12T22:14:00.0,18.733333333333334
CH373,KR_U124,KR4132,2.3333333333333335,13.27,2022-02-16,18:33:00.0,2022-02-16,20:53:00.0,18,20,February,Wednesday,140.0,Weekday,104,2022-02-16T18:33:00.0,2022-02-16T20:53:00.0,18.55
CH373,KR_U124,KR4133,2.7333333333333334,12.51,2022-02-17,18:37:00.0,2022-02-17,21:21:00.0,18,21,February,Thursday,164.0,Weekday,104,2022-02-17T18:37:00.0,2022-02-17T21:21:00.0,18.616666666666667
CH373,KR_U124,KR4134,5.0,25.0,2022-02-21,19:08:00.0,2022-02-22,00:08:00.0,19,0,February,Monday,300.0,Weekday,104,2022-02-21T19:08:00.0,2022-02-22T00:08:00.0,19.133333333333333
CH373,KR_U124,KR4135,2.85,13.52,2022-02-23,18:53:00.0,2022-02-23,21:44:00.0,18,21,February,Wednesday,171.0,Weekday,104,2022-02-23T18:53:00.0,2022-02-23T21:44:00.0,18.883333333333333
CH373,KR_U124,KR4136,2.7,12.9,2022-02-24,18:29:00.0,2022-02-24,21:11:00.0,18,21,February,Thursday,162.0,Weekday,104,2022-02-24T18:29:00.0,2022-02-24T21:11:00.0,18.483333333333334
CH373,KR_U124,KR4137,2.2,12.22,2022-02-25,18:31:00.0,2022-02-25,20:43:00.0,18,20,February,Friday,132.0,Weekday,104,2022-02-25T18:31:00.0,2022-02-25T20:43:00.0,18.516666666666666
CH373,KR_U124,KR4138,3.966666666666667,21.44,2022-01-29,21:52:00.0,2022-01-30,01:50:00.0,21,1,January,Saturday,238.0,Weekend,104,2022-01-29T21:52:00.0,2022-01-30T01:50:00.0,21.866666666666667
CH373,KR_U194,KR4145,9.0,18.88,2022-05-03,18:42:00.0,2022-05-04,03:42:00.0,18,3,May,Tuesday,540.0,Weekday,105,2022-05-03T18:42:00.0,2022-05-04T03:42:00.0,18.7
CH373,KR_U194,KR4146,9.0,43.34,2022-01-17,21:38:00.0,2022-01-18,06:38:00.0,21,6,January,Monday,540.0,Weekday,105,2022-01-17T21:38:00.0,2022-01-18T06:38:00.0,21.633333333333333
CH373,KR_U236,KR4147,7.233333333333333,48.21,2022-09-12,19:20:00.0,2022-09-13,02:34:00.0,19,2,September,Monday,434.0,Weekday,85,2022-09-12T19:20:00.0,2022-09-13T02:34:00.0,19.333333333333332
CH373,KR_U236,KR4148,7.683333333333334,51.77,2022-08-26,21:50:00.0,2022-08-27,05:31:00.0,21,5,August,Friday,461.0,Weekday,85,2022-08-26T21:50:00.0,2022-08-27T05:31:00.0,21.833333333333332
CH373,KR_U236,KR4149,8.266666666666667,54.13,2022-08-20,21:40:00.0,2022-08-21,05:56:00.0,21,5,August,Saturday,496.00000000000006,Weekend,85,2022-08-20T21:40:00.0,2022-08-21T05:56:00.0,21.666666666666668
CH373,KR_U236,KR4150,2.85,20.06,2022-02-02,12:20:00.0,2022-02-02,15:11:00.0,12,15,February,Wednesday,171.0,Weekday,85,2022-02-02T12:20:00.0,2022-02-02T15:11:00.0,12.333333333333334
CH373,KR_U236,KR4151,5.983333333333333,36.37,2022-02-06,18:42:00.0,2022-02-07,00:41:00.0,18,0,February,Sunday,359.0,Weekend,85,2022-02-06T18:42:00.0,2022-02-07T00:41:00.0,18.7
CH373,KR_U236,KR4152,2.6666666666666665,18.71,2021-12-03,05:26:00.0,2021-12-03,08:06:00.0,5,8,December,Friday,160.0,Weekday,85,2021-12-03T05:26:00.0,2021-12-03T08:06:00.0,5.433333333333334
CH373,KR_U236,KR4153,4.583333333333333,27.62,2021-12-17,19:37:00.0,2021-12-18,00:12:00.0,19,0,December,Friday,275.0,Weekday,85,2021-12-17T19:37:00.0,2021-12-18T00:12:00.0,19.616666666666667
CH373,KR_U507,KR4162,7.333333333333333,49.86,2022-09-01,18:11:00.0,2022-09-02,01:31:00.0,18,1,September,Thursday,440.0,Weekday,86,2022-09-01T18:11:00.0,2022-09-02T01:31:00.0,18.183333333333334
CH373,KR_U507,KR4163,10.0,66.4,2022-08-22,18:41:00.0,2022-08-23,04:41:00.0,18,4,August,Monday,600.0,Weekday,86,2022-08-22T18:41:00.0,2022-08-23T04:41:00.0,18.683333333333334
CH373,KR_U507,KR4164,8.416666666666666,57.36,2022-08-17,18:53:00.0,2022-08-18,03:18:00.0,18,3,August,Wednesday,504.99999999999994,Weekday,86,2022-08-17T18:53:00.0,2022-08-18T03:18:00.0,18.883333333333333
CH373,KR_U507,KR4165,8.283333333333333,56.1,2022-06-12,20:12:00.0,2022-06-13,04:29:00.0,20,4,June,Sunday,497.0,Weekend,86,2022-06-12T20:12:00.0,2022-06-13T04:29:00.0,20.2
CH373,KR_U507,KR4166,7.966666666666667,53.21,2022-06-18,16:25:00.0,2022-06-19,00:23:00.0,16,0,June,Saturday,478.0,Weekend,86,2022-06-18T16:25:00.0,2022-06-19T00:23:00.0,16.416666666666668
CH373,KR_U507,KR4167,7.616666666666666,51.67,2022-05-02,18:35:00.0,2022-05-03,02:12:00.0,18,2,May,Monday,457.0,Weekday,86,2022-05-02T18:35:00.0,2022-05-03T02:12:00.0,18.583333333333332
CH373,KR_U507,KR4168,7.466666666666667,50.53,2022-05-11,18:37:00.0,2022-05-12,02:05:00.0,18,2,May,Wednesday,448.0,Weekday,86,2022-05-11T18:37:00.0,2022-05-12T02:05:00.0,18.616666666666667
CH373,KR_U507,KR4169,7.65,51.62,2022-05-14,17:15:00.0,2022-05-15,00:54:00.0,17,0,May,Saturday,459.0,Weekend,86,2022-05-14T17:15:00.0,2022-05-15T00:54:00.0,17.25
CH373,KR_U507,KR4170,7.833333333333333,52.64,2022-05-21,21:20:00.0,2022-05-22,05:10:00.0,21,5,May,Saturday,470.0,Weekend,86,2022-05-21T21:20:00.0,2022-05-22T05:10:00.0,21.333333333333332
CH373,KR_U507,KR4171,4.783333333333333,33.33,2022-05-25,10:06:00.0,2022-05-25,14:53:00.0,10,14,May,Wednesday,287.0,Weekday,86,2022-05-25T10:06:00.0,2022-05-25T14:53:00.0,10.1
CH373,KR_U507,KR4172,5.7,38.68,2022-05-27,21:47:00.0,2022-05-28,03:29:00.0,21,3,May,Friday,342.0,Weekday,86,2022-05-27T21:47:00.0,2022-05-28T03:29:00.0,21.783333333333335
CH373,KR_U507,KR4173,8.616666666666667,58.7,2022-04-08,17:11:00.0,2022-04-09,01:48:00.0,17,1,April,Friday,517.0,Weekday,86,2022-04-08T17:11:00.0,2022-04-09T01:48:00.0,17.183333333333334
CH373,KR_U507,KR4174,6.783333333333333,46.18,2022-04-11,19:08:00.0,2022-04-12,01:55:00.0,19,1,April,Monday,407.0,Weekday,86,2022-04-11T19:08:00.0,2022-04-12T01:55:00.0,19.133333333333333
CH373,KR_U507,KR4175,8.133333333333333,55.22,2022-03-16,09:02:00.0,2022-03-16,17:10:00.0,9,17,March,Wednesday,488.0,Weekday,86,2022-03-16T09:02:00.0,2022-03-16T17:10:00.0,9.033333333333333
CH373,KR_U507,KR4176,6.966666666666667,47.05,2022-03-30,20:29:00.0,2022-03-31,03:27:00.0,20,3,March,Wednesday,418.0,Weekday,86,2022-03-30T20:29:00.0,2022-03-31T03:27:00.0,20.483333333333334
CH373,KR_U507,KR4177,8.0,53.67,2022-02-19,15:30:00.0,2022-02-19,23:30:00.0,15,23,February,Saturday,480.0,Weekend,86,2022-02-19T15:30:00.0,2022-02-19T23:30:00.0,15.5
CH373,KR_U507,KR4178,3.8666666666666667,26.49,2021-12-07,16:20:00.0,2021-12-07,20:12:00.0,16,20,December,Tuesday,232.0,Weekday,86,2021-12-07T16:20:00.0,2021-12-07T20:12:00.0,16.333333333333332
CH373,KR_U507,KR4179,4.466666666666667,30.19,2021-12-07,21:02:00.0,2021-12-08,01:30:00.0,21,1,December,Tuesday,268.0,Weekday,86,2021-12-07T21:02:00.0,2021-12-08T01:30:00.0,21.033333333333335
CH373,KR_U507,KR4180,4.833333333333333,32.5,2021-11-27,20:01:00.0,2021-11-28,00:51:00.0,20,0,November,Saturday,290.0,Weekend,86,2021-11-27T20:01:00.0,2021-11-28T00:51:00.0,20.016666666666666
CH374,KR_U124,KR4263,0.45,2.97,2022-05-03,19:04:00.0,2022-05-03,19:31:00.0,19,19,May,Tuesday,27.0,Weekday,104,2022-05-03T19:04:00.0,2022-05-03T19:31:00.0,19.066666666666666
CH374,KR_U124,KR4264,0.43333333333333335,2.97,2022-05-03,19:33:00.0,2022-05-03,19:59:00.0,19,19,May,Tuesday,26.0,Weekday,104,2022-05-03T19:33:00.0,2022-05-03T19:59:00.0,19.55
CH374,KR_U124,KR4265,4.05,22.91,2022-04-07,19:13:00.0,2022-04-07,23:16:00.0,19,23,April,Thursday,243.0,Weekday,104,2022-04-07T19:13:00.0,2022-04-07T23:16:00.0,19.216666666666665
CH374,KR_U124,KR4266,1.4666666666666666,8.01,2022-04-18,18:37:00.0,2022-04-18,20:05:00.0,18,20,April,Monday,88.0,Weekday,104,2022-04-18T18:37:00.0,2022-04-18T20:05:00.0,18.616666666666667
CH374,KR_U124,KR4267,2.9,16.4,2022-04-26,18:39:00.0,2022-04-26,21:33:00.0,18,21,April,Tuesday,174.0,Weekday,104,2022-04-26T18:39:00.0,2022-04-26T21:33:00.0,18.65
CH374,KR_U124,KR4268,3.6666666666666665,20.67,2022-03-10,20:15:00.0,2022-03-10,23:55:00.0,20,23,March,Thursday,220.0,Weekday,104,2022-03-10T20:15:00.0,2022-03-10T23:55:00.0,20.25
CH374,KR_U124,KR4269,4.15,24.82,2022-03-13,18:27:00.0,2022-03-13,22:36:00.0,18,22,March,Sunday,249.00000000000003,Weekend,104,2022-03-13T18:27:00.0,2022-03-13T22:36:00.0,18.45
CH374,KR_U124,KR4270,2.966666666666667,12.54,2022-03-20,18:42:00.0,2022-03-20,21:40:00.0,18,21,March,Sunday,178.0,Weekend,104,2022-03-20T18:42:00.0,2022-03-20T21:40:00.0,18.7
CH374,KR_U124,KR4271,3.216666666666667,16.0,2022-03-22,18:31:00.0,2022-03-22,21:44:00.0,18,21,March,Tuesday,193.0,Weekday,104,2022-03-22T18:31:00.0,2022-03-22T21:44:00.0,18.516666666666666
CH374,KR_U124,KR4272,3.183333333333333,17.2,2022-03-25,18:30:00.0,2022-03-25,21:41:00.0,18,21,March,Friday,191.0,Weekday,104,2022-03-25T18:30:00.0,2022-03-25T21:41:00.0,18.5
CH374,KR_U124,KR4273,0.16666666666666666,1.05,2022-02-02,09:11:00.0,2022-02-02,09:21:00.0,9,9,February,Wednesday,10.0,Weekday,104,2022-02-02T09:11:00.0,2022-02-02T09:21:00.0,9.183333333333334
CH374,KR_U124,KR4274,3.85,16.53,2022-02-03,19:19:00.0,2022-02-03,23:10:00.0,19,23,February,Thursday,231.0,Weekday,104,2022-02-03T19:19:00.0,2022-02-03T23:10:00.0,19.316666666666666
CH374,KR_U124,KR4275,3.55,18.15,2022-02-08,20:21:00.0,2022-02-08,23:54:00.0,20,23,February,Tuesday,213.0,Weekday,104,2022-02-08T20:21:00.0,2022-02-08T23:54:00.0,20.35
CH374,KR_U124,KR4276,2.3333333333333335,13.16,2022-02-18,23:27:00.0,2022-02-19,01:47:00.0,23,1,February,Friday,140.0,Weekday,104,2022-02-18T23:27:00.0,2022-02-19T01:47:00.0,23.45
CH374,KR_U124,KR4277,2.1666666666666665,11.45,2022-02-19,18:32:00.0,2022-02-19,20:42:00.0,18,20,February,Saturday,130.0,Weekend,104,2022-02-19T18:32:00.0,2022-02-19T20:42:00.0,18.533333333333335
CH374,KR_U124,KR4278,3.216666666666667,15.64,2022-02-20,16:02:00.0,2022-02-20,19:15:00.0,16,19,February,Sunday,193.0,Weekend,104,2022-02-20T16:02:00.0,2022-02-20T19:15:00.0,16.033333333333335
CH374,KR_U124,KR4279,2.2,11.42,2022-02-22,18:55:00.0,2022-02-22,21:07:00.0,18,21,February,Tuesday,132.0,Weekday,104,2022-02-22T18:55:00.0,2022-02-22T21:07:00.0,18.916666666666668
CH374,KR_U124,KR4280,1.8666666666666667,10.32,2022-02-26,18:58:00.0,2022-02-26,20:50:00.0,18,20,February,Saturday,112.0,Weekend,104,2022-02-26T18:58:00.0,2022-02-26T20:50:00.0,18.966666666666665
CH374,KR_U124,KR4281,1.0833333333333333,5.12,2022-01-18,20:10:00.0,2022-01-18,21:15:00.0,20,21,January,Tuesday,65.0,Weekday,104,2022-01-18T20:10:00.0,2022-01-18T21:15:00.0,20.166666666666668
CH374,KR_U124,KR4282,3.0833333333333335,13.82,2022-01-27,18:46:00.0,2022-01-27,21:51:00.0,18,21,January,Thursday,185.0,Weekday,104,2022-01-27T18:46:00.0,2022-01-27T21:51:00.0,18.766666666666666
CH374,KR_U194,KR4297,4.55,14.26,2022-05-08,03:06:00.0,2022-05-08,07:39:00.0,3,7,May,Sunday,273.0,Weekend,105,2022-05-08T03:06:00.0,2022-05-08T07:39:00.0,3.1
CH374,KR_U236,KR4298,7.083333333333333,47.2,2022-09-09,20:03:00.0,2022-09-10,03:08:00.0,20,3,September,Friday,425.0,Weekday,85,2022-09-09T20:03:00.0,2022-09-10T03:08:00.0,20.05
CH374,KR_U236,KR4299,9.0,59.2,2022-08-04,19:57:00.0,2022-08-05,04:57:00.0,19,4,August,Thursday,540.0,Weekday,85,2022-08-04T19:57:00.0,2022-08-05T04:57:00.0,19.95
CH374,KR_U236,KR4300,7.383333333333334,51.05,2022-07-06,20:08:00.0,2022-07-07,03:31:00.0,20,3,July,Wednesday,443.0,Weekday,85,2022-07-06T20:08:00.0,2022-07-07T03:31:00.0,20.133333333333333
CH374,KR_U236,KR4301,5.833333333333333,38.84,2022-03-14,20:12:00.0,2022-03-15,02:02:00.0,20,2,March,Monday,350.0,Weekday,85,2022-03-14T20:12:00.0,2022-03-15T02:02:00.0,20.2
CH374,KR_U236,KR4302,5.75,38.06,2022-03-16,21:04:00.0,2022-03-17,02:49:00.0,21,2,March,Wednesday,345.0,Weekday,85,2022-03-16T21:04:00.0,2022-03-17T02:49:00.0,21.066666666666666
CH374,KR_U236,KR4303,5.85,38.41,2022-03-18,23:04:00.0,2022-03-19,04:55:00.0,23,4,March,Friday,351.0,Weekday,85,2022-03-18T23:04:00.0,2022-03-19T04:55:00.0,23.066666666666666
CH374,KR_U236,KR4304,4.783333333333333,27.99,2022-02-25,20:29:00.0,2022-02-26,01:16:00.0,20,1,February,Friday,287.0,Weekday,85,2022-02-25T20:29:00.0,2022-02-26T01:16:00.0,20.483333333333334
CH374,KR_U236,KR4305,4.766666666666667,29.0,2022-01-09,16:32:00.0,2022-01-09,21:18:00.0,16,21,January,Sunday,286.0,Weekend,85,2022-01-09T16:32:00.0,2022-01-09T21:18:00.0,16.533333333333335
CH374,KR_U236,KR4306,9.0,41.28,2022-01-13,21:51:00.0,2022-01-14,06:51:00.0,21,6,January,Thursday,540.0,Weekday,85,2022-01-13T21:51:00.0,2022-01-14T06:51:00.0,21.85
CH374,KR_U507,KR4320,7.333333333333333,49.18,2022-09-27,18:38:00.0,2022-09-28,01:58:00.0,18,1,September,Tuesday,440.0,Weekday,86,2022-09-27T18:38:00.0,2022-09-28T01:58:00.0,18.633333333333333
CH374,KR_U507,KR4321,9.4,64.12,2022-09-23,18:32:00.0,2022-09-24,03:56:00.0,18,3,September,Friday,564.0,Weekday,86,2022-09-23T18:32:00.0,2022-09-24T03:56:00.0,18.533333333333335
CH374,KR_U507,KR4322,8.483333333333333,57.65,2022-09-20,18:42:00.0,2022-09-21,03:11:00.0,18,3,September,Tuesday,508.99999999999994,Weekday,86,2022-09-20T18:42:00.0,2022-09-21T03:11:00.0,18.7
CH374,KR_U507,KR4323,1.3166666666666667,52.11,2022-08-12,19:48:00.0,2022-08-12,21:07:00.0,19,21,August,Friday,79.0,Weekday,86,2022-08-12T19:48:00.0,2022-08-12T21:07:00.0,19.8
CH374,KR_U507,KR4324,8.133333333333333,52.55,2022-07-27,18:52:00.0,2022-07-28,03:00:00.0,18,3,July,Wednesday,488.0,Weekday,86,2022-07-27T18:52:00.0,2022-07-28T03:00:00.0,18.866666666666667
CH374,KR_U507,KR4325,2.316666666666667,15.74,2022-03-23,18:36:00.0,2022-03-23,20:55:00.0,18,20,March,Wednesday,139.0,Weekday,86,2022-03-23T18:36:00.0,2022-03-23T20:55:00.0,18.6
CH374,KR_U507,KR4326,9.0,60.43,2022-02-24,09:07:00.0,2022-02-24,18:07:00.0,9,18,February,Thursday,540.0,Weekday,86,2022-02-24T09:07:00.0,2022-02-24T18:07:00.0,9.116666666666667
CH374,KR_U507,KR4327,6.566666666666666,44.59,2021-12-10,17:11:00.0,2021-12-10,23:45:00.0,17,23,December,Friday,394.0,Weekday,86,2021-12-10T17:11:00.0,2021-12-10T23:45:00.0,17.183333333333334
CH374,KR_U507,KR4328,0.21666666666666667,1.45,2021-11-20,18:17:00.0,2021-11-20,18:30:00.0,18,18,November,Saturday,13.0,Weekend,86,2021-11-20T18:17:00.0,2021-11-20T18:30:00.0,18.283333333333335
CH374,KR_U507,KR4329,6.733333333333333,43.11,2021-11-20,18:34:00.0,2021-11-21,01:18:00.0,18,1,November,Saturday,404.0,Weekend,86,2021-11-20T18:34:00.0,2021-11-21T01:18:00.0,18.566666666666666
CH375,KR_U124,KR4464,3.2333333333333334,15.34,2022-05-07,20:33:00.0,2022-05-07,23:47:00.0,20,23,May,Saturday,194.0,Weekend,104,2022-05-07T20:33:00.0,2022-05-07T23:47:00.0,20.55
CH375,KR_U124,KR4465,2.45,13.52,2022-05-09,18:42:00.0,2022-05-09,21:09:00.0,18,21,May,Monday,147.0,Weekday,104,2022-05-09T18:42:00.0,2022-05-09T21:09:00.0,18.7
CH375,KR_U124,KR4466,3.7,20.4,2022-04-03,20:18:00.0,2022-04-04,00:00:00.0,20,0,April,Sunday,222.0,Weekend,104,2022-04-03T20:18:00.0,2022-04-04T00:00:00.0,20.3
CH375,KR_U124,KR4467,4.2,24.83,2022-03-15,22:22:00.0,2022-03-16,02:34:00.0,22,2,March,Tuesday,252.0,Weekday,104,2022-03-15T22:22:00.0,2022-03-16T02:34:00.0,22.366666666666667
CH375,KR_U124,KR4468,4.266666666666667,22.42,2022-03-18,18:28:00.0,2022-03-18,22:44:00.0,18,22,March,Friday,256.0,Weekday,104,2022-03-18T18:28:00.0,2022-03-18T22:44:00.0,18.466666666666665
CH375,KR_U124,KR4469,3.4833333333333334,19.69,2022-02-09,18:49:00.0,2022-02-09,22:18:00.0,18,22,February,Wednesday,209.0,Weekday,104,2022-02-09T18:49:00.0,2022-02-09T22:18:00.0,18.816666666666666
CH375,KR_U124,KR4470,3.9,16.38,2022-02-10,21:20:00.0,2022-02-11,01:14:00.0,21,1,February,Thursday,234.0,Weekday,104,2022-02-10T21:20:00.0,2022-02-11T01:14:00.0,21.333333333333332
CH375,KR_U124,KR4471,1.9166666666666667,10.77,2022-02-13,18:36:00.0,2022-02-13,20:31:00.0,18,20,February,Sunday,115.0,Weekend,104,2022-02-13T18:36:00.0,2022-02-13T20:31:00.0,18.6
CH375,KR_U124,KR4472,1.75,9.54,2022-02-14,18:30:00.0,2022-02-14,20:15:00.0,18,20,February,Monday,105.0,Weekday,104,2022-02-14T18:30:00.0,2022-02-14T20:15:00.0,18.5
CH375,KR_U124,KR4473,4.416666666666667,19.5,2022-02-15,18:35:00.0,2022-02-15,23:00:00.0,18,23,February,Tuesday,265.0,Weekday,104,2022-02-15T18:35:00.0,2022-02-15T23:00:00.0,18.583333333333332
CH375,KR_U124,KR4474,2.4833333333333334,12.15,2022-02-27,19:38:00.0,2022-02-27,22:07:00.0,19,22,February,Sunday,149.0,Weekend,104,2022-02-27T19:38:00.0,2022-02-27T22:07:00.0,19.633333333333333
CH375,KR_U124,KR4475,3.4833333333333334,15.58,2022-01-20,18:39:00.0,2022-01-20,22:08:00.0,18,22,January,Thursday,209.0,Weekday,104,2022-01-20T18:39:00.0,2022-01-20T22:08:00.0,18.65
CH375,KR_U124,KR4476,2.0166666666666666,11.86,2022-01-21,18:38:00.0,2022-01-21,20:39:00.0,18,20,January,Friday,121.0,Weekday,104,2022-01-21T18:38:00.0,2022-01-21T20:39:00.0,18.633333333333333
CH375,KR_U124,KR4477,2.183333333333333,12.51,2022-01-22,18:38:00.0,2022-01-22,20:49:00.0,18,20,January,Saturday,131.0,Weekend,104,2022-01-22T18:38:00.0,2022-01-22T20:49:00.0,18.633333333333333
CH375,KR_U124,KR4478,1.9333333333333333,12.05,2022-01-23,18:37:00.0,2022-01-23,20:33:00.0,18,20,January,Sunday,116.0,Weekend,104,2022-01-23T18:37:00.0,2022-01-23T20:33:00.0,18.616666666666667
CH375,KR_U124,KR4479,2.066666666666667,11.75,2022-01-24,19:52:00.0,2022-01-24,21:56:00.0,19,21,January,Monday,124.00000000000001,Weekday,104,2022-01-24T19:52:00.0,2022-01-24T21:56:00.0,19.866666666666667
CH375,KR_U124,KR4480,1.4166666666666667,7.43,2022-01-30,17:16:00.0,2022-01-30,18:41:00.0,17,18,January,Sunday,85.0,Weekend,104,2022-01-30T17:16:00.0,2022-01-30T18:41:00.0,17.266666666666666
CH375,KR_U124,KR4481,3.7,16.22,2022-01-31,17:18:00.0,2022-01-31,21:00:00.0,17,21,January,Monday,222.0,Weekday,104,2022-01-31T17:18:00.0,2022-01-31T21:00:00.0,17.3
CH375,KR_U194,KR4495,4.433333333333334,27.55,2022-09-13,17:19:00.0,2022-09-13,21:45:00.0,17,21,September,Tuesday,266.0,Weekday,105,2022-09-13T17:19:00.0,2022-09-13T21:45:00.0,17.316666666666666
CH375,KR_U194,KR4496,2.6666666666666665,15.79,2022-09-11,19:28:00.0,2022-09-11,22:08:00.0,19,22,September,Sunday,160.0,Weekend,105,2022-09-11T19:28:00.0,2022-09-11T22:08:00.0,19.466666666666665
CH375,KR_U194,KR4497,5.683333333333334,27.39,2022-09-09,18:25:00.0,2022-09-10,00:06:00.0,18,0,September,Friday,341.0,Weekday,105,2022-09-09T18:25:00.0,2022-09-10T00:06:00.0,18.416666666666668
CH375,KR_U194,KR4498,9.033333333333333,10.11,2022-09-07,22:23:00.0,2022-09-08,07:25:00.0,22,7,September,Wednesday,542.0,Weekday,105,2022-09-07T22:23:00.0,2022-09-08T07:25:00.0,22.383333333333333
CH375,KR_U194,KR4499,6.516666666666667,34.15,2022-09-04,17:25:00.0,2022-09-04,23:56:00.0,17,23,September,Sunday,391.0,Weekend,105,2022-09-04T17:25:00.0,2022-09-04T23:56:00.0,17.416666666666668
CH375,KR_U194,KR4500,5.9,19.05,2022-09-23,17:33:00.0,2022-09-23,23:27:00.0,17,23,September,Friday,354.0,Weekday,105,2022-09-23T17:33:00.0,2022-09-23T23:27:00.0,17.55
CH375,KR_U194,KR4501,8.45,21.08,2022-09-21,17:15:00.0,2022-09-22,01:42:00.0,17,1,September,Wednesday,506.99999999999994,Weekday,105,2022-09-21T17:15:00.0,2022-09-22T01:42:00.0,17.25
CH375,KR_U194,KR4502,6.8,35.12,2022-09-19,16:48:00.0,2022-09-19,23:36:00.0,16,23,September,Monday,408.0,Weekday,105,2022-09-19T16:48:00.0,2022-09-19T23:36:00.0,16.8
CH375,KR_U194,KR4503,3.7333333333333334,8.74,2022-09-15,22:36:00.0,2022-09-16,02:20:00.0,22,2,September,Thursday,224.0,Weekday,105,2022-09-15T22:36:00.0,2022-09-16T02:20:00.0,22.6
CH375,KR_U194,KR4504,2.55,5.55,2022-08-13,14:56:00.0,2022-08-13,17:29:00.0,14,17,August,Saturday,153.0,Weekend,105,2022-08-13T14:56:00.0,2022-08-13T17:29:00.0,14.933333333333334
CH375,KR_U194,KR4505,5.3,17.07,2022-08-03,14:45:00.0,2022-08-03,20:03:00.0,14,20,August,Wednesday,318.0,Weekday,105,2022-08-03T14:45:00.0,2022-08-03T20:03:00.0,14.75
CH375,KR_U194,KR4506,8.4,18.51,2022-08-02,23:02:00.0,2022-08-03,07:26:00.0,23,7,August,Tuesday,504.0,Weekday,105,2022-08-02T23:02:00.0,2022-08-03T07:26:00.0,23.033333333333335
CH375,KR_U194,KR4507,8.85,12.01,2022-08-02,14:11:00.0,2022-08-02,23:02:00.0,14,23,August,Tuesday,531.0,Weekday,105,2022-08-02T14:11:00.0,2022-08-02T23:02:00.0,14.183333333333334
CH375,KR_U194,KR4508,6.766666666666667,35.36,2022-08-28,23:23:00.0,2022-08-29,06:09:00.0,23,6,August,Sunday,406.0,Weekend,105,2022-08-28T23:23:00.0,2022-08-29T06:09:00.0,23.383333333333333
CH375,KR_U194,KR4509,8.35,44.91,2022-08-24,00:30:00.0,2022-08-24,08:51:00.0,0,8,August,Wednesday,501.0,Weekday,105,2022-08-24T00:30:00.0,2022-08-24T08:51:00.0,0.5
CH375,KR_U194,KR4510,7.283333333333333,11.51,2022-08-15,20:19:00.0,2022-08-16,03:36:00.0,20,3,August,Monday,437.0,Weekday,105,2022-08-15T20:19:00.0,2022-08-16T03:36:00.0,20.316666666666666
CH375,KR_U194,KR4511,7.683333333333334,33.26,2022-06-30,23:19:00.0,2022-07-01,07:00:00.0,23,7,June,Thursday,461.0,Weekday,105,2022-06-30T23:19:00.0,2022-07-01T07:00:00.0,23.316666666666666
CH375,KR_U194,KR4512,8.05,26.16,2022-07-13,23:27:00.0,2022-07-14,07:30:00.0,23,7,July,Wednesday,483.00000000000006,Weekday,105,2022-07-13T23:27:00.0,2022-07-14T07:30:00.0,23.45
CH375,KR_U194,KR4513,6.166666666666667,32.32,2022-06-03,15:33:00.0,2022-06-03,21:43:00.0,15,21,June,Friday,370.0,Weekday,105,2022-06-03T15:33:00.0,2022-06-03T21:43:00.0,15.55
CH375,KR_U194,KR4514,9.0,18.29,2022-06-07,15:13:00.0,2022-06-08,00:13:00.0,15,0,June,Tuesday,540.0,Weekday,105,2022-06-07T15:13:00.0,2022-06-08T00:13:00.0,15.216666666666667
CH375,KR_U194,KR4515,9.0,18.36,2022-06-08,00:51:00.0,2022-06-08,09:51:00.0,0,9,June,Wednesday,540.0,Weekday,105,2022-06-08T00:51:00.0,2022-06-08T09:51:00.0,0.85
CH375,KR_U194,KR4516,5.616666666666666,12.69,2022-06-25,17:21:00.0,2022-06-25,22:58:00.0,17,22,June,Saturday,337.0,Weekend,105,2022-06-25T17:21:00.0,2022-06-25T22:58:00.0,17.35
CH375,KR_U194,KR4517,6.283333333333333,27.5,2022-06-25,23:03:00.0,2022-06-26,05:20:00.0,23,5,June,Saturday,377.0,Weekend,105,2022-06-25T23:03:00.0,2022-06-26T05:20:00.0,23.05
CH375,KR_U194,KR4518,9.0,10.11,2022-06-30,13:21:00.0,2022-06-30,22:21:00.0,13,22,June,Thursday,540.0,Weekday,105,2022-06-30T13:21:00.0,2022-06-30T22:21:00.0,13.35
CH375,KR_U194,KR4519,2.7333333333333334,19.21,2022-05-10,23:39:00.0,2022-05-11,02:23:00.0,23,2,May,Tuesday,164.0,Weekday,105,2022-05-10T23:39:00.0,2022-05-11T02:23:00.0,23.65
CH375,KR_U194,KR4520,9.0,20.31,2022-05-11,16:06:00.0,2022-05-12,01:06:00.0,16,1,May,Wednesday,540.0,Weekday,105,2022-05-11T16:06:00.0,2022-05-12T01:06:00.0,16.1
CH375,KR_U194,KR4521,2.3,14.73,2022-05-12,13:37:00.0,2022-05-12,15:55:00.0,13,15,May,Thursday,138.0,Weekday,105,2022-05-12T13:37:00.0,2022-05-12T15:55:00.0,13.616666666666667
CH375,KR_U194,KR4522,9.0,16.88,2022-05-15,12:45:00.0,2022-05-15,21:45:00.0,12,21,May,Sunday,540.0,Weekend,105,2022-05-15T12:45:00.0,2022-05-15T21:45:00.0,12.75
CH375,KR_U194,KR4523,7.533333333333333,8.4,2022-05-15,22:31:00.0,2022-05-16,06:03:00.0,22,6,May,Sunday,452.0,Weekend,105,2022-05-15T22:31:00.0,2022-05-16T06:03:00.0,22.516666666666666
CH375,KR_U194,KR4524,7.816666666666666,17.26,2022-05-20,22:34:00.0,2022-05-21,06:23:00.0,22,6,May,Friday,469.0,Weekday,105,2022-05-20T22:34:00.0,2022-05-21T06:23:00.0,22.566666666666666
CH375,KR_U194,KR4525,3.1666666666666665,7.13,2022-05-21,15:22:00.0,2022-05-21,18:32:00.0,15,18,May,Saturday,190.0,Weekend,105,2022-05-21T15:22:00.0,2022-05-21T18:32:00.0,15.366666666666667
CH375,KR_U194,KR4526,1.6333333333333333,11.52,2022-05-23,16:51:00.0,2022-05-23,18:29:00.0,16,18,May,Monday,98.0,Weekday,105,2022-05-23T16:51:00.0,2022-05-23T18:29:00.0,16.85
CH375,KR_U194,KR4527,7.633333333333334,25.65,2022-05-30,18:00:00.0,2022-05-31,01:38:00.0,18,1,May,Monday,458.0,Weekday,105,2022-05-30T18:00:00.0,2022-05-31T01:38:00.0,18.0
CH375,KR_U194,KR4528,9.0,30.0,2022-03-31,17:19:00.0,2022-04-01,02:19:00.0,17,2,March,Thursday,540.0,Weekday,105,2022-03-31T17:19:00.0,2022-04-01T02:19:00.0,17.316666666666666
CH375,KR_U194,KR4529,6.866666666666666,44.92,2022-04-07,16:33:00.0,2022-04-07,23:25:00.0,16,23,April,Thursday,412.0,Weekday,105,2022-04-07T16:33:00.0,2022-04-07T23:25:00.0,16.55
CH375,KR_U194,KR4530,3.966666666666667,20.77,2022-04-13,20:25:00.0,2022-04-14,00:23:00.0,20,0,April,Wednesday,238.0,Weekday,105,2022-04-13T20:25:00.0,2022-04-14T00:23:00.0,20.416666666666668
CH375,KR_U194,KR4531,6.4,21.7,2022-04-18,17:05:00.0,2022-04-18,23:29:00.0,17,23,April,Monday,384.0,Weekday,105,2022-04-18T17:05:00.0,2022-04-18T23:29:00.0,17.083333333333332
CH375,KR_U194,KR4532,6.133333333333334,31.53,2022-04-18,23:30:00.0,2022-04-19,05:38:00.0,23,5,April,Monday,368.0,Weekday,105,2022-04-18T23:30:00.0,2022-04-19T05:38:00.0,23.5
CH375,KR_U194,KR4533,6.633333333333334,14.63,2022-04-24,20:44:00.0,2022-04-25,03:22:00.0,20,3,April,Sunday,398.0,Weekend,105,2022-04-24T20:44:00.0,2022-04-25T03:22:00.0,20.733333333333334
CH375,KR_U194,KR4534,9.0,28.91,2022-04-27,20:08:00.0,2022-04-28,05:08:00.0,20,5,April,Wednesday,540.0,Weekday,105,2022-04-27T20:08:00.0,2022-04-28T05:08:00.0,20.133333333333333
CH375,KR_U194,KR4535,9.0,20.11,2022-02-04,14:12:00.0,2022-02-04,23:12:00.0,14,23,February,Friday,540.0,Weekday,105,2022-02-04T14:12:00.0,2022-02-04T23:12:00.0,14.2
CH375,KR_U194,KR4536,3.566666666666667,25.04,2022-02-05,11:08:00.0,2022-02-05,14:42:00.0,11,14,February,Saturday,214.0,Weekend,105,2022-02-05T11:08:00.0,2022-02-05T14:42:00.0,11.133333333333333
CH375,KR_U194,KR4537,9.0,24.49,2022-02-08,13:11:00.0,2022-02-08,22:11:00.0,13,22,February,Tuesday,540.0,Weekday,105,2022-02-08T13:11:00.0,2022-02-08T22:11:00.0,13.183333333333334
CH375,KR_U194,KR4538,9.0,9.31,2022-02-08,22:51:00.0,2022-02-09,07:51:00.0,22,7,February,Tuesday,540.0,Weekday,105,2022-02-08T22:51:00.0,2022-02-09T07:51:00.0,22.85
CH375,KR_U194,KR4539,4.083333333333333,28.77,2022-02-18,12:15:00.0,2022-02-18,16:20:00.0,12,16,February,Friday,244.99999999999997,Weekday,105,2022-02-18T12:15:00.0,2022-02-18T16:20:00.0,12.25
CH375,KR_U194,KR4540,9.0,31.74,2022-02-24,19:59:00.0,2022-02-25,04:59:00.0,19,4,February,Thursday,540.0,Weekday,105,2022-02-24T19:59:00.0,2022-02-25T04:59:00.0,19.983333333333334
CH375,KR_U194,KR4541,6.783333333333333,7.53,2022-01-09,16:32:00.0,2022-01-09,23:19:00.0,16,23,January,Sunday,407.0,Weekend,105,2022-01-09T16:32:00.0,2022-01-09T23:19:00.0,16.533333333333335
CH375,KR_U194,KR4542,9.0,15.81,2022-01-09,23:20:00.0,2022-01-10,08:20:00.0,23,8,January,Sunday,540.0,Weekend,105,2022-01-09T23:20:00.0,2022-01-10T08:20:00.0,23.333333333333332
CH375,KR_U194,KR4543,9.0,11.89,2022-01-11,14:46:00.0,2022-01-11,23:46:00.0,14,23,January,Tuesday,540.0,Weekday,105,2022-01-11T14:46:00.0,2022-01-11T23:46:00.0,14.766666666666667
CH375,KR_U194,KR4544,9.0,18.45,2022-01-11,23:50:00.0,2022-01-12,08:50:00.0,23,8,January,Tuesday,540.0,Weekday,105,2022-01-11T23:50:00.0,2022-01-12T08:50:00.0,23.833333333333332
CH375,KR_U194,KR4545,8.733333333333333,11.77,2022-01-13,14:50:00.0,2022-01-13,23:34:00.0,14,23,January,Thursday,524.0,Weekday,105,2022-01-13T14:50:00.0,2022-01-13T23:34:00.0,14.833333333333334
CH375,KR_U194,KR4546,5.2,20.97,2022-01-13,23:35:00.0,2022-01-14,04:47:00.0,23,4,January,Thursday,312.0,Weekday,105,2022-01-13T23:35:00.0,2022-01-14T04:47:00.0,23.583333333333332
CH375,KR_U194,KR4547,1.2,8.54,2022-01-17,14:57:00.0,2022-01-17,16:09:00.0,14,16,January,Monday,72.0,Weekday,105,2022-01-17T14:57:00.0,2022-01-17T16:09:00.0,14.95
CH375,KR_U194,KR4548,9.0,8.77,2022-01-19,14:19:00.0,2022-01-19,23:19:00.0,14,23,January,Wednesday,540.0,Weekday,105,2022-01-19T14:19:00.0,2022-01-19T23:19:00.0,14.316666666666666
CH375,KR_U194,KR4549,9.0,1.92,2022-01-25,14:38:00.0,2022-01-25,23:38:00.0,14,23,January,Tuesday,540.0,Weekday,105,2022-01-25T14:38:00.0,2022-01-25T23:38:00.0,14.633333333333333
CH375,KR_U194,KR4550,6.35,7.1,2021-12-17,16:54:00.0,2021-12-17,23:15:00.0,16,23,December,Friday,381.0,Weekday,105,2021-12-17T16:54:00.0,2021-12-17T23:15:00.0,16.9
CH375,KR_U194,KR4551,7.383333333333334,36.76,2021-12-17,23:17:00.0,2021-12-18,06:40:00.0,23,6,December,Friday,443.0,Weekday,105,2021-12-17T23:17:00.0,2021-12-18T06:40:00.0,23.283333333333335
CH375,KR_U194,KR4552,4.95,15.26,2021-12-21,16:43:00.0,2021-12-21,21:40:00.0,16,21,December,Tuesday,297.0,Weekday,105,2021-12-21T16:43:00.0,2021-12-21T21:40:00.0,16.716666666666665
CH375,KR_U194,KR4553,4.1,29.13,2021-12-22,05:44:00.0,2021-12-22,09:50:00.0,5,9,December,Wednesday,245.99999999999997,Weekday,105,2021-12-22T05:44:00.0,2021-12-22T09:50:00.0,5.733333333333333
CH375,KR_U194,KR4554,3.4833333333333334,29.62,2021-12-23,23:13:00.0,2021-12-24,02:42:00.0,23,2,December,Thursday,209.0,Weekday,105,2021-12-23T23:13:00.0,2021-12-24T02:42:00.0,23.216666666666665
CH375,KR_U194,KR4555,9.0,27.1,2021-11-24,17:35:00.0,2021-11-25,02:35:00.0,17,2,November,Wednesday,540.0,Weekday,105,2021-11-24T17:35:00.0,2021-11-25T02:35:00.0,17.583333333333332
CH375,KR_U194,KR4556,1.0,6.76,2021-11-25,12:15:00.0,2021-11-25,13:15:00.0,12,13,November,Thursday,60.0,Weekday,105,2021-11-25T12:15:00.0,2021-11-25T13:15:00.0,12.25
CH375,KR_U194,KR4557,9.0,14.12,2021-11-25,19:29:00.0,2021-11-26,04:29:00.0,19,4,November,Thursday,540.0,Weekday,105,2021-11-25T19:29:00.0,2021-11-26T04:29:00.0,19.483333333333334
CH375,KR_U194,KR4558,9.0,9.96,2021-11-27,14:03:00.0,2021-11-27,23:03:00.0,14,23,November,Saturday,540.0,Weekend,105,2021-11-27T14:03:00.0,2021-11-27T23:03:00.0,14.05
CH375,KR_U236,KR4559,7.4,50.89,2022-09-26,19:42:00.0,2022-09-27,03:06:00.0,19,3,September,Monday,444.0,Weekday,85,2022-09-26T19:42:00.0,2022-09-27T03:06:00.0,19.7
CH375,KR_U236,KR4560,7.166666666666667,47.56,2022-09-17,19:51:00.0,2022-09-18,03:01:00.0,19,3,September,Saturday,430.0,Weekend,85,2022-09-17T19:51:00.0,2022-09-18T03:01:00.0,19.85
CH375,KR_U236,KR4561,1.5833333333333333,7.03,2022-07-06,17:50:00.0,2022-07-06,19:25:00.0,17,19,July,Wednesday,95.0,Weekday,85,2022-07-06T17:50:00.0,2022-07-06T19:25:00.0,17.833333333333332
CH375,KR_U236,KR4562,9.0,62.73,2022-07-10,20:03:00.0,2022-07-11,05:03:00.0,20,5,July,Sunday,540.0,Weekend,85,2022-07-10T20:03:00.0,2022-07-11T05:03:00.0,20.05
CH375,KR_U236,KR4563,7.533333333333333,50.31,2022-07-15,20:16:00.0,2022-07-16,03:48:00.0,20,3,July,Friday,452.0,Weekday,85,2022-07-15T20:16:00.0,2022-07-16T03:48:00.0,20.266666666666666
CH375,KR_U236,KR4564,1.9,5.92,2022-07-24,16:29:00.0,2022-07-24,18:23:00.0,16,18,July,Sunday,114.0,Weekend,85,2022-07-24T16:29:00.0,2022-07-24T18:23:00.0,16.483333333333334
CH375,KR_U236,KR4565,7.916666666666667,52.0,2022-07-30,20:46:00.0,2022-07-31,04:41:00.0,20,4,July,Saturday,475.0,Weekend,85,2022-07-30T20:46:00.0,2022-07-31T04:41:00.0,20.766666666666666
CH375,KR_U236,KR4566,8.2,55.52,2022-06-16,20:45:00.0,2022-06-17,04:57:00.0,20,4,June,Thursday,491.99999999999994,Weekday,85,2022-06-16T20:45:00.0,2022-06-17T04:57:00.0,20.75
CH375,KR_U236,KR4567,9.0,59.74,2022-06-26,16:10:00.0,2022-06-27,01:10:00.0,16,1,June,Sunday,540.0,Weekend,85,2022-06-26T16:10:00.0,2022-06-27T01:10:00.0,16.166666666666668
CH375,KR_U236,KR4568,4.633333333333334,31.29,2022-05-08,14:28:00.0,2022-05-08,19:06:00.0,14,19,May,Sunday,278.0,Weekend,85,2022-05-08T14:28:00.0,2022-05-08T19:06:00.0,14.466666666666667
CH375,KR_U236,KR4569,3.8666666666666667,25.94,2022-05-21,23:06:00.0,2022-05-22,02:58:00.0,23,2,May,Saturday,232.0,Weekend,85,2022-05-21T23:06:00.0,2022-05-22T02:58:00.0,23.1
CH375,KR_U236,KR4570,5.2,34.54,2022-05-24,22:10:00.0,2022-05-25,03:22:00.0,22,3,May,Tuesday,312.0,Weekday,85,2022-05-24T22:10:00.0,2022-05-25T03:22:00.0,22.166666666666668
CH375,KR_U236,KR4571,5.4,35.97,2022-04-04,18:02:00.0,2022-04-04,23:26:00.0,18,23,April,Monday,324.0,Weekday,85,2022-04-04T18:02:00.0,2022-04-04T23:26:00.0,18.033333333333335
CH375,KR_U236,KR4572,6.3,42.51,2022-04-08,21:16:00.0,2022-04-09,03:34:00.0,21,3,April,Friday,378.0,Weekday,85,2022-04-08T21:16:00.0,2022-04-09T03:34:00.0,21.266666666666666
CH375,KR_U236,KR4573,5.466666666666667,36.43,2022-03-11,17:46:00.0,2022-03-11,23:14:00.0,17,23,March,Friday,328.0,Weekday,85,2022-03-11T17:46:00.0,2022-03-11T23:14:00.0,17.766666666666666
CH375,KR_U236,KR4574,5.733333333333333,38.57,2022-03-24,23:07:00.0,2022-03-25,04:51:00.0,23,4,March,Thursday,344.0,Weekday,85,2022-03-24T23:07:00.0,2022-03-25T04:51:00.0,23.116666666666667
CH375,KR_U236,KR4575,5.166666666666667,34.39,2022-03-27,18:41:00.0,2022-03-27,23:51:00.0,18,23,March,Sunday,310.0,Weekend,85,2022-03-27T18:41:00.0,2022-03-27T23:51:00.0,18.683333333333334
CH375,KR_U236,KR4576,5.3,35.73,2022-03-30,21:04:00.0,2022-03-31,02:22:00.0,21,2,March,Wednesday,318.0,Weekday,85,2022-03-30T21:04:00.0,2022-03-31T02:22:00.0,21.066666666666666
CH375,KR_U236,KR4577,7.2,44.42,2022-02-03,19:21:00.0,2022-02-04,02:33:00.0,19,2,February,Thursday,432.0,Weekday,85,2022-02-03T19:21:00.0,2022-02-04T02:33:00.0,19.35
CH375,KR_U236,KR4578,5.083333333333333,29.79,2022-02-23,20:41:00.0,2022-02-24,01:46:00.0,20,1,February,Wednesday,305.0,Weekday,85,2022-02-23T20:41:00.0,2022-02-24T01:46:00.0,20.683333333333334
CH375,KR_U236,KR4579,6.183333333333334,38.88,2022-01-03,20:10:00.0,2022-01-04,02:21:00.0,20,2,January,Monday,371.0,Weekday,85,2022-01-03T20:10:00.0,2022-01-04T02:21:00.0,20.166666666666668
CH375,KR_U236,KR4580,7.05,44.46,2022-01-06,18:20:00.0,2022-01-07,01:23:00.0,18,1,January,Thursday,423.0,Weekday,85,2022-01-06T18:20:00.0,2022-01-07T01:23:00.0,18.333333333333332
CH375,KR_U236,KR4581,6.7,42.77,2022-01-15,19:16:00.0,2022-01-16,01:58:00.0,19,1,January,Saturday,402.0,Weekend,85,2022-01-15T19:16:00.0,2022-01-16T01:58:00.0,19.266666666666666
CH375,KR_U236,KR4582,5.75,35.58,2022-01-17,18:46:00.0,2022-01-18,00:31:00.0,18,0,January,Monday,345.0,Weekday,85,2022-01-17T18:46:00.0,2022-01-18T00:31:00.0,18.766666666666666
CH375,KR_U236,KR4583,4.883333333333334,30.69,2022-01-22,10:31:00.0,2022-01-22,15:24:00.0,10,15,January,Saturday,293.0,Weekend,85,2022-01-22T10:31:00.0,2022-01-22T15:24:00.0,10.516666666666667
CH375,KR_U236,KR4584,5.766666666666667,35.92,2022-01-26,16:42:00.0,2022-01-26,22:28:00.0,16,22,January,Wednesday,346.0,Weekday,85,2022-01-26T16:42:00.0,2022-01-26T22:28:00.0,16.7
CH375,KR_U236,KR4585,9.0,41.2,2022-01-29,21:38:00.0,2022-01-30,06:38:00.0,21,6,January,Saturday,540.0,Weekend,85,2022-01-29T21:38:00.0,2022-01-30T06:38:00.0,21.633333333333333
CH375,KR_U236,KR4586,3.783333333333333,22.33,2021-12-02,17:58:00.0,2021-12-02,21:45:00.0,17,21,December,Thursday,227.0,Weekday,85,2021-12-02T17:58:00.0,2021-12-02T21:45:00.0,17.966666666666665
CH375,KR_U236,KR4587,5.916666666666667,37.98,2021-12-29,20:01:00.0,2021-12-30,01:56:00.0,20,1,December,Wednesday,355.0,Weekday,85,2021-12-29T20:01:00.0,2021-12-30T01:56:00.0,20.016666666666666
CH375,KR_U236,KR4588,5.683333333333334,38.08,2021-11-28,15:58:00.0,2021-11-28,21:39:00.0,15,21,November,Sunday,341.0,Weekend,85,2021-11-28T15:58:00.0,2021-11-28T21:39:00.0,15.966666666666667
CH375,KR_U507,KR4597,7.633333333333334,52.1,2022-08-29,17:54:00.0,2022-08-30,01:32:00.0,17,1,August,Monday,458.0,Weekday,86,2022-08-29T17:54:00.0,2022-08-30T01:32:00.0,17.9
CH375,KR_U507,KR4598,8.1,55.23,2022-08-25,18:39:00.0,2022-08-26,02:45:00.0,18,2,August,Thursday,486.0,Weekday,86,2022-08-25T18:39:00.0,2022-08-26T02:45:00.0,18.65
CH375,KR_U507,KR4599,0.23333333333333334,58.45,2022-07-04,18:17:00.0,2022-07-04,18:31:00.0,18,18,July,Monday,14.0,Weekday,86,2022-07-04T18:17:00.0,2022-07-04T18:31:00.0,18.283333333333335
CH375,KR_U507,KR4600,9.0,61.9,2022-07-07,18:55:00.0,2022-07-08,03:55:00.0,18,3,July,Thursday,540.0,Weekday,86,2022-07-07T18:55:00.0,2022-07-08T03:55:00.0,18.916666666666668
CH375,KR_U507,KR4601,8.4,56.2,2022-07-11,18:41:00.0,2022-07-12,03:05:00.0,18,3,July,Monday,504.0,Weekday,86,2022-07-11T18:41:00.0,2022-07-12T03:05:00.0,18.683333333333334
CH375,KR_U507,KR4602,0.5666666666666667,57.02,2022-07-14,18:45:00.0,2022-07-14,19:19:00.0,18,19,July,Thursday,34.0,Weekday,86,2022-07-14T18:45:00.0,2022-07-14T19:19:00.0,18.75
CH375,KR_U507,KR4603,9.0,61.18,2022-07-21,18:53:00.0,2022-07-22,03:53:00.0,18,3,July,Thursday,540.0,Weekday,86,2022-07-21T18:53:00.0,2022-07-22T03:53:00.0,18.883333333333333
CH375,KR_U507,KR4604,8.766666666666667,59.47,2022-06-04,16:08:00.0,2022-06-05,00:54:00.0,16,0,June,Saturday,526.0,Weekend,86,2022-06-04T16:08:00.0,2022-06-05T00:54:00.0,16.133333333333333
CH375,KR_U507,KR4605,7.75,51.69,2022-06-15,17:01:00.0,2022-06-16,00:46:00.0,17,0,June,Wednesday,465.0,Weekday,86,2022-06-15T17:01:00.0,2022-06-16T00:46:00.0,17.016666666666666
CH375,KR_U507,KR4606,9.0,41.1,2022-06-22,18:35:00.0,2022-06-23,03:35:00.0,18,3,June,Wednesday,540.0,Weekday,86,2022-06-22T18:35:00.0,2022-06-23T03:35:00.0,18.583333333333332
CH375,KR_U507,KR4607,9.0,53.73,2022-05-17,19:09:00.0,2022-05-18,04:09:00.0,19,4,May,Tuesday,540.0,Weekday,86,2022-05-17T19:09:00.0,2022-05-18T04:09:00.0,19.15
CH375,KR_U507,KR4608,6.9,51.53,2022-04-21,15:58:00.0,2022-04-21,22:52:00.0,15,22,April,Thursday,414.0,Weekday,86,2022-04-21T15:58:00.0,2022-04-21T22:52:00.0,15.966666666666667
CH375,KR_U507,KR4609,8.933333333333334,60.64,2022-04-28,19:08:00.0,2022-04-29,04:04:00.0,19,4,April,Thursday,536.0,Weekday,86,2022-04-28T19:08:00.0,2022-04-29T04:04:00.0,19.133333333333333
CH375,KR_U507,KR4610,6.183333333333334,40.08,2022-03-20,16:02:00.0,2022-03-20,22:13:00.0,16,22,March,Sunday,371.0,Weekend,86,2022-03-20T16:02:00.0,2022-03-20T22:13:00.0,16.033333333333335
CH375,KR_U507,KR4611,6.45,40.05,2022-03-23,21:16:00.0,2022-03-24,03:43:00.0,21,3,March,Wednesday,387.0,Weekday,86,2022-03-23T21:16:00.0,2022-03-24T03:43:00.0,21.266666666666666
CH375,KR_U507,KR4612,5.333333333333333,36.19,2022-02-16,20:07:00.0,2022-02-17,01:27:00.0,20,1,February,Wednesday,320.0,Weekday,86,2022-02-16T20:07:00.0,2022-02-17T01:27:00.0,20.116666666666667
CH375,KR_U507,KR4613,0.11666666666666667,0.8,2021-12-22,18:52:00.0,2021-12-22,18:59:00.0,18,18,December,Wednesday,7.0,Weekday,86,2021-12-22T18:52:00.0,2021-12-22T18:59:00.0,18.866666666666667
CH376,KR_U124,KR4677,1.7666666666666666,10.34,2022-04-22,19:47:00.0,2022-04-22,21:33:00.0,19,21,April,Friday,106.0,Weekday,104,2022-04-22T19:47:00.0,2022-04-22T21:33:00.0,19.783333333333335
CH376,KR_U124,KR4678,2.433333333333333,14.44,2022-03-16,23:37:00.0,2022-03-17,02:03:00.0,23,2,March,Wednesday,146.0,Weekday,104,2022-03-16T23:37:00.0,2022-03-17T02:03:00.0,23.616666666666667
CH376,KR_U124,KR4679,2.033333333333333,11.4,2022-03-19,18:36:00.0,2022-03-19,20:38:00.0,18,20,March,Saturday,122.0,Weekend,104,2022-03-19T18:36:00.0,2022-03-19T20:38:00.0,18.6
CH376,KR_U124,KR4680,3.05,17.6,2022-02-06,18:32:00.0,2022-02-06,21:35:00.0,18,21,February,Sunday,183.0,Weekend,104,2022-02-06T18:32:00.0,2022-02-06T21:35:00.0,18.533333333333335
CH376,KR_U124,KR4681,1.7833333333333334,10.0,2022-01-25,19:06:00.0,2022-01-25,20:53:00.0,19,20,January,Tuesday,107.0,Weekday,104,2022-01-25T19:06:00.0,2022-01-25T20:53:00.0,19.1
CH376,KR_U194,KR4685,7.65,25.23,2022-09-22,22:29:00.0,2022-09-23,06:08:00.0,22,6,September,Thursday,459.0,Weekday,105,2022-09-22T22:29:00.0,2022-09-23T06:08:00.0,22.483333333333334
CH376,KR_U194,KR4686,7.466666666666667,39.42,2022-08-18,22:07:00.0,2022-08-19,05:35:00.0,22,5,August,Thursday,448.0,Weekday,105,2022-08-18T22:07:00.0,2022-08-19T05:35:00.0,22.116666666666667
CH376,KR_U194,KR4687,7.85,38.12,2022-06-11,00:44:00.0,2022-06-11,08:35:00.0,0,8,June,Saturday,471.0,Weekend,105,2022-06-11T00:44:00.0,2022-06-11T08:35:00.0,0.7333333333333333
CH376,KR_U194,KR4688,2.55,8.58,2022-05-08,00:28:00.0,2022-05-08,03:01:00.0,0,3,May,Sunday,153.0,Weekend,105,2022-05-08T00:28:00.0,2022-05-08T03:01:00.0,0.4666666666666667
CH376,KR_U194,KR4689,4.95,15.89,2022-05-09,19:17:00.0,2022-05-10,00:14:00.0,19,0,May,Monday,297.0,Weekday,105,2022-05-09T19:17:00.0,2022-05-10T00:14:00.0,19.283333333333335
CH376,KR_U236,KR4690,7.683333333333334,52.08,2022-09-02,23:47:00.0,2022-09-03,07:28:00.0,23,7,September,Friday,461.0,Weekday,85,2022-09-02T23:47:00.0,2022-09-03T07:28:00.0,23.783333333333335
CH376,KR_U236,KR4691,7.766666666666667,53.83,2022-09-21,23:04:00.0,2022-09-22,06:50:00.0,23,6,September,Wednesday,466.0,Weekday,85,2022-09-21T23:04:00.0,2022-09-22T06:50:00.0,23.066666666666666
CH376,KR_U236,KR4692,8.516666666666667,53.73,2022-08-14,21:53:00.0,2022-08-15,06:24:00.0,21,6,August,Sunday,511.00000000000006,Weekend,85,2022-08-14T21:53:00.0,2022-08-15T06:24:00.0,21.883333333333333
CH376,KR_U236,KR4693,7.616666666666666,48.8,2022-08-08,22:46:00.0,2022-08-09,06:23:00.0,22,6,August,Monday,457.0,Weekday,85,2022-08-08T22:46:00.0,2022-08-09T06:23:00.0,22.766666666666666
CH376,KR_U236,KR4694,7.95,53.5,2022-07-02,00:33:00.0,2022-07-02,08:30:00.0,0,8,July,Saturday,477.0,Weekend,85,2022-07-02T00:33:00.0,2022-07-02T08:30:00.0,0.55
CH376,KR_U236,KR4695,8.033333333333333,51.39,2022-07-27,21:17:00.0,2022-07-28,05:19:00.0,21,5,July,Wednesday,482.0,Weekday,85,2022-07-27T21:17:00.0,2022-07-28T05:19:00.0,21.283333333333335
CH376,KR_U236,KR4696,4.383333333333334,29.65,2022-05-05,17:14:00.0,2022-05-05,21:37:00.0,17,21,May,Thursday,263.0,Weekday,85,2022-05-05T17:14:00.0,2022-05-05T21:37:00.0,17.233333333333334
CH376,KR_U236,KR4697,4.016666666666667,26.33,2022-05-14,19:21:00.0,2022-05-14,23:22:00.0,19,23,May,Saturday,241.0,Weekend,85,2022-05-14T19:21:00.0,2022-05-14T23:22:00.0,19.35
CH376,KR_U236,KR4698,5.816666666666666,38.85,2022-05-17,19:13:00.0,2022-05-18,01:02:00.0,19,1,May,Tuesday,349.0,Weekday,85,2022-05-17T19:13:00.0,2022-05-18T01:02:00.0,19.216666666666665
CH376,KR_U236,KR4699,7.283333333333333,49.27,2022-04-16,15:17:00.0,2022-04-16,22:34:00.0,15,22,April,Saturday,437.0,Weekend,85,2022-04-16T15:17:00.0,2022-04-16T22:34:00.0,15.283333333333333
CH376,KR_U236,KR4700,6.616666666666666,44.79,2022-04-23,21:24:00.0,2022-04-24,04:01:00.0,21,4,April,Saturday,397.0,Weekend,85,2022-04-23T21:24:00.0,2022-04-24T04:01:00.0,21.4
CH376,KR_U236,KR4701,3.6666666666666665,25.74,2021-11-30,04:19:00.0,2021-11-30,07:59:00.0,4,7,November,Tuesday,220.0,Weekday,85,2021-11-30T04:19:00.0,2021-11-30T07:59:00.0,4.316666666666666
CH376,KR_U507,KR4707,8.916666666666666,60.83,2022-06-08,18:56:00.0,2022-06-09,03:51:00.0,18,3,June,Wednesday,535.0,Weekday,86,2022-06-08T18:56:00.0,2022-06-09T03:51:00.0,18.933333333333334
CH376,KR_U507,KR4708,3.6666666666666665,25.01,2022-06-22,10:18:00.0,2022-06-22,13:58:00.0,10,13,June,Wednesday,220.0,Weekday,86,2022-06-22T10:18:00.0,2022-06-22T13:58:00.0,10.3
CH376,KR_U507,KR4709,3.05,20.88,2021-12-13,14:57:00.0,2021-12-13,18:00:00.0,14,18,December,Monday,183.0,Weekday,86,2021-12-13T14:57:00.0,2021-12-13T18:00:00.0,14.95
CH376,KR_U507,KR4710,3.0833333333333335,20.65,2021-12-13,22:34:00.0,2021-12-14,01:39:00.0,22,1,December,Monday,185.0,Weekday,86,2021-12-13T22:34:00.0,2021-12-14T01:39:00.0,22.566666666666666
CH376,KR_U507,KR4711,6.766666666666667,46.29,2021-12-17,17:16:00.0,2021-12-18,00:02:00.0,17,0,December,Friday,406.0,Weekday,86,2021-12-17T17:16:00.0,2021-12-18T00:02:00.0,17.266666666666666
CH376,KR_U507,KR4712,7.333333333333333,50.08,2021-11-30,14:51:00.0,2021-11-30,22:11:00.0,14,22,November,Tuesday,440.0,Weekday,86,2021-11-30T14:51:00.0,2021-11-30T22:11:00.0,14.85
CH396,KR_U8,KR4854,1.9333333333333333,9.65,2022-09-15,19:32:00.0,2022-09-15,21:28:00.0,19,21,September,Thursday,116.0,Weekday,121,2022-09-15T19:32:00.0,2022-09-15T21:28:00.0,19.533333333333335
CH396,KR_U8,KR4855,2.45,12.43,2022-09-07,18:19:00.0,2022-09-07,20:46:00.0,18,20,September,Wednesday,147.0,Weekday,121,2022-09-07T18:19:00.0,2022-09-07T20:46:00.0,18.316666666666666
CH396,KR_U8,KR4856,4.866666666666666,19.36,2022-09-03,16:28:00.0,2022-09-03,21:20:00.0,16,21,September,Saturday,292.0,Weekend,121,2022-09-03T16:28:00.0,2022-09-03T21:20:00.0,16.466666666666665
CH396,KR_U8,KR4857,1.5833333333333333,7.98,2022-09-29,17:42:00.0,2022-09-29,19:17:00.0,17,19,September,Thursday,95.0,Weekday,121,2022-09-29T17:42:00.0,2022-09-29T19:17:00.0,17.7
CH396,KR_U8,KR4858,2.7666666666666666,13.43,2022-09-17,10:11:00.0,2022-09-17,12:57:00.0,10,12,September,Saturday,166.0,Weekend,121,2022-09-17T10:11:00.0,2022-09-17T12:57:00.0,10.183333333333334
CH396,KR_U8,KR4859,3.966666666666667,15.13,2022-08-02,16:30:00.0,2022-08-02,20:28:00.0,16,20,August,Tuesday,238.0,Weekday,121,2022-08-02T16:30:00.0,2022-08-02T20:28:00.0,16.5
CH396,KR_U8,KR4860,3.0,13.6,2022-08-22,17:45:00.0,2022-08-22,20:45:00.0,17,20,August,Monday,180.0,Weekday,121,2022-08-22T17:45:00.0,2022-08-22T20:45:00.0,17.75
CH396,KR_U8,KR4861,4.316666666666666,16.89,2022-08-19,07:35:00.0,2022-08-19,11:54:00.0,7,11,August,Friday,259.0,Weekday,121,2022-08-19T07:35:00.0,2022-08-19T11:54:00.0,7.583333333333333
CH396,KR_U8,KR4862,3.2333333333333334,13.63,2022-07-07,18:05:00.0,2022-07-07,21:19:00.0,18,21,July,Thursday,194.0,Weekday,121,2022-07-07T18:05:00.0,2022-07-07T21:19:00.0,18.083333333333332
CH396,KR_U8,KR4863,4.066666666666666,16.04,2022-07-17,18:14:00.0,2022-07-17,22:18:00.0,18,22,July,Sunday,244.0,Weekend,121,2022-07-17T18:14:00.0,2022-07-17T22:18:00.0,18.233333333333334
CH396,KR_U8,KR4864,2.6,13.14,2022-07-29,20:19:00.0,2022-07-29,22:55:00.0,20,22,July,Friday,156.0,Weekday,121,2022-07-29T20:19:00.0,2022-07-29T22:55:00.0,20.316666666666666
CH396,KR_U8,KR4865,2.6166666666666667,13.23,2022-06-08,18:18:00.0,2022-06-08,20:55:00.0,18,20,June,Wednesday,157.0,Weekday,121,2022-06-08T18:18:00.0,2022-06-08T20:55:00.0,18.3
CH396,KR_U8,KR4866,2.7666666666666666,13.98,2022-06-16,16:33:00.0,2022-06-16,19:19:00.0,16,19,June,Thursday,166.0,Weekday,121,2022-06-16T16:33:00.0,2022-06-16T19:19:00.0,16.55
CH396,KR_U8,KR4867,3.3666666666666667,12.23,2022-06-27,18:23:00.0,2022-06-27,21:45:00.0,18,21,June,Monday,202.0,Weekday,121,2022-06-27T18:23:00.0,2022-06-27T21:45:00.0,18.383333333333333
CH396,KR_U8,KR4868,3.4833333333333334,16.97,2022-05-11,17:26:00.0,2022-05-11,20:55:00.0,17,20,May,Wednesday,209.0,Weekday,121,2022-05-11T17:26:00.0,2022-05-11T20:55:00.0,17.433333333333334
CH396,KR_U8,KR4869,2.15,11.02,2022-05-29,12:08:00.0,2022-05-29,14:17:00.0,12,14,May,Sunday,129.0,Weekend,121,2022-05-29T12:08:00.0,2022-05-29T14:17:00.0,12.133333333333333
CH396,KR_U8,KR4870,3.7333333333333334,13.59,2022-04-05,17:57:00.0,2022-04-05,21:41:00.0,17,21,April,Tuesday,224.0,Weekday,121,2022-04-05T17:57:00.0,2022-04-05T21:41:00.0,17.95
CH396,KR_U8,KR4871,3.7,13.44,2022-04-11,18:53:00.0,2022-04-11,22:35:00.0,18,22,April,Monday,222.0,Weekday,121,2022-04-11T18:53:00.0,2022-04-11T22:35:00.0,18.883333333333333
CH396,KR_U8,KR4872,3.75,14.01,2022-04-13,17:34:00.0,2022-04-13,21:19:00.0,17,21,April,Wednesday,225.0,Weekday,121,2022-04-13T17:34:00.0,2022-04-13T21:19:00.0,17.566666666666666
CH396,KR_U8,KR4873,2.933333333333333,13.97,2022-04-15,18:25:00.0,2022-04-15,21:21:00.0,18,21,April,Friday,176.0,Weekday,121,2022-04-15T18:25:00.0,2022-04-15T21:21:00.0,18.416666666666668
CH396,KR_U8,KR4874,0.7,3.57,2022-04-17,09:07:00.0,2022-04-17,09:49:00.0,9,9,April,Sunday,42.0,Weekend,121,2022-04-17T09:07:00.0,2022-04-17T09:49:00.0,9.116666666666667
CH396,KR_U8,KR4875,4.116666666666666,15.31,2022-04-29,21:40:00.0,2022-04-30,01:47:00.0,21,1,April,Friday,246.99999999999997,Weekday,121,2022-04-29T21:40:00.0,2022-04-30T01:47:00.0,21.666666666666668
CH396,KR_U8,KR4876,4.266666666666667,17.27,2022-03-04,18:27:00.0,2022-03-04,22:43:00.0,18,22,March,Friday,256.0,Weekday,121,2022-03-04T18:27:00.0,2022-03-04T22:43:00.0,18.45
CH396,KR_U8,KR4877,3.45,14.13,2022-03-07,17:47:00.0,2022-03-07,21:14:00.0,17,21,March,Monday,207.0,Weekday,121,2022-03-07T17:47:00.0,2022-03-07T21:14:00.0,17.783333333333335
CH396,KR_U8,KR4878,2.783333333333333,11.93,2022-03-14,17:48:00.0,2022-03-14,20:35:00.0,17,20,March,Monday,167.0,Weekday,121,2022-03-14T17:48:00.0,2022-03-14T20:35:00.0,17.8
CH396,KR_U8,KR4879,4.316666666666666,10.6,2022-02-03,08:49:00.0,2022-02-03,13:08:00.0,8,13,February,Thursday,259.0,Weekday,121,2022-02-03T08:49:00.0,2022-02-03T13:08:00.0,8.816666666666666
CH396,KR_U8,KR4880,16.133333333333333,17.69,2022-01-15,16:40:00.0,2022-01-16,08:48:00.0,16,8,January,Saturday,968.0,Weekend,121,2022-01-15T16:40:00.0,2022-01-16T08:48:00.0,16.666666666666668
CH396,KR_U8,KR4881,3.7333333333333334,9.8,2022-01-24,12:48:00.0,2022-01-24,16:32:00.0,12,16,January,Monday,224.0,Weekday,121,2022-01-24T12:48:00.0,2022-01-24T16:32:00.0,12.8
CH396,KR_U8,KR4882,2.0166666666666666,10.17,2022-01-27,19:36:00.0,2022-01-27,21:37:00.0,19,21,January,Thursday,121.0,Weekday,121,2022-01-27T19:36:00.0,2022-01-27T21:37:00.0,19.6
CH397,KR_U8,KR4883,4.1,14.55,2022-09-13,17:22:00.0,2022-09-13,21:28:00.0,17,21,September,Tuesday,245.99999999999997,Weekday,121,2022-09-13T17:22:00.0,2022-09-13T21:28:00.0,17.366666666666667
CH397,KR_U8,KR4884,4.666666666666667,15.82,2022-09-10,08:49:00.0,2022-09-10,13:29:00.0,8,13,September,Saturday,280.0,Weekend,121,2022-09-10T08:49:00.0,2022-09-10T13:29:00.0,8.816666666666666
CH397,KR_U8,KR4885,5.366666666666666,14.1,2022-09-01,18:00:00.0,2022-09-01,23:22:00.0,18,23,September,Thursday,322.0,Weekday,121,2022-09-01T18:00:00.0,2022-09-01T23:22:00.0,18.0
CH397,KR_U8,KR4886,2.8,12.82,2022-09-27,16:27:00.0,2022-09-27,19:15:00.0,16,19,September,Tuesday,168.0,Weekday,121,2022-09-27T16:27:00.0,2022-09-27T19:15:00.0,16.45
CH397,KR_U8,KR4887,2.6666666666666665,13.48,2022-09-26,18:09:00.0,2022-09-26,20:49:00.0,18,20,September,Monday,160.0,Weekday,121,2022-09-26T18:09:00.0,2022-09-26T20:49:00.0,18.15
CH397,KR_U8,KR4888,5.3,17.18,2022-09-24,17:45:00.0,2022-09-24,23:03:00.0,17,23,September,Saturday,318.0,Weekend,121,2022-09-24T17:45:00.0,2022-09-24T23:03:00.0,17.75
CH397,KR_U8,KR4889,4.966666666666667,14.97,2022-09-21,19:37:00.0,2022-09-22,00:35:00.0,19,0,September,Wednesday,298.0,Weekday,121,2022-09-21T19:37:00.0,2022-09-22T00:35:00.0,19.616666666666667
CH397,KR_U8,KR4890,3.066666666666667,14.85,2022-09-18,16:11:00.0,2022-09-18,19:15:00.0,16,19,September,Sunday,184.0,Weekend,121,2022-09-18T16:11:00.0,2022-09-18T19:15:00.0,16.183333333333334
CH397,KR_U8,KR4891,3.9833333333333334,15.56,2022-08-13,17:51:00.0,2022-08-13,21:50:00.0,17,21,August,Saturday,239.0,Weekend,121,2022-08-13T17:51:00.0,2022-08-13T21:50:00.0,17.85
CH397,KR_U8,KR4892,3.6666666666666665,17.94,2022-08-12,15:32:00.0,2022-08-12,19:12:00.0,15,19,August,Friday,220.0,Weekday,121,2022-08-12T15:32:00.0,2022-08-12T19:12:00.0,15.533333333333333
CH397,KR_U8,KR4893,1.95,9.48,2022-08-10,13:05:00.0,2022-08-10,15:02:00.0,13,15,August,Wednesday,117.0,Weekday,121,2022-08-10T13:05:00.0,2022-08-10T15:02:00.0,13.083333333333334
CH397,KR_U8,KR4894,2.6666666666666665,13.36,2022-08-07,20:06:00.0,2022-08-07,22:46:00.0,20,22,August,Sunday,160.0,Weekend,121,2022-08-07T20:06:00.0,2022-08-07T22:46:00.0,20.1
CH397,KR_U8,KR4895,3.35,16.21,2022-08-04,17:43:00.0,2022-08-04,21:04:00.0,17,21,August,Thursday,201.0,Weekday,121,2022-08-04T17:43:00.0,2022-08-04T21:04:00.0,17.716666666666665
CH397,KR_U8,KR4896,4.133333333333334,17.21,2022-08-28,13:25:00.0,2022-08-28,17:33:00.0,13,17,August,Sunday,248.00000000000003,Weekend,121,2022-08-28T13:25:00.0,2022-08-28T17:33:00.0,13.416666666666666
CH397,KR_U8,KR4897,2.35,11.77,2022-08-27,13:01:00.0,2022-08-27,15:22:00.0,13,15,August,Saturday,141.0,Weekend,121,2022-08-27T13:01:00.0,2022-08-27T15:22:00.0,13.016666666666667
CH397,KR_U8,KR4898,2.933333333333333,14.77,2022-08-24,17:50:00.0,2022-08-24,20:46:00.0,17,20,August,Wednesday,176.0,Weekday,121,2022-08-24T17:50:00.0,2022-08-24T20:46:00.0,17.833333333333332
CH397,KR_U8,KR4899,2.2666666666666666,11.11,2022-08-16,16:37:00.0,2022-08-16,18:53:00.0,16,18,August,Tuesday,136.0,Weekday,121,2022-08-16T16:37:00.0,2022-08-16T18:53:00.0,16.616666666666667
CH397,KR_U8,KR4900,0.5,2.55,2022-07-01,17:41:00.0,2022-07-01,18:11:00.0,17,18,July,Friday,30.0,Weekday,121,2022-07-01T17:41:00.0,2022-07-01T18:11:00.0,17.683333333333334
CH397,KR_U8,KR4901,1.85,9.27,2022-07-01,20:10:00.0,2022-07-01,22:01:00.0,20,22,July,Friday,111.0,Weekday,121,2022-07-01T20:10:00.0,2022-07-01T22:01:00.0,20.166666666666668
CH397,KR_U8,KR4902,3.45,17.44,2022-07-03,18:09:00.0,2022-07-03,21:36:00.0,18,21,July,Sunday,207.0,Weekend,121,2022-07-03T18:09:00.0,2022-07-03T21:36:00.0,18.15
CH397,KR_U8,KR4903,3.533333333333333,14.1,2022-07-05,15:23:00.0,2022-07-05,18:55:00.0,15,18,July,Tuesday,212.0,Weekday,121,2022-07-05T15:23:00.0,2022-07-05T18:55:00.0,15.383333333333333
CH397,KR_U8,KR4904,6.65,16.96,2022-07-10,16:52:00.0,2022-07-10,23:31:00.0,16,23,July,Sunday,399.0,Weekend,121,2022-07-10T16:52:00.0,2022-07-10T23:31:00.0,16.866666666666667
CH397,KR_U8,KR4905,2.966666666666667,14.76,2022-07-13,17:52:00.0,2022-07-13,20:50:00.0,17,20,July,Wednesday,178.0,Weekday,121,2022-07-13T17:52:00.0,2022-07-13T20:50:00.0,17.866666666666667
CH397,KR_U8,KR4906,2.1,10.48,2022-07-14,19:38:00.0,2022-07-14,21:44:00.0,19,21,July,Thursday,126.0,Weekday,121,2022-07-14T19:38:00.0,2022-07-14T21:44:00.0,19.633333333333333
CH397,KR_U8,KR4907,1.4666666666666666,7.46,2022-07-22,17:47:00.0,2022-07-22,19:15:00.0,17,19,July,Friday,88.0,Weekday,121,2022-07-22T17:47:00.0,2022-07-22T19:15:00.0,17.783333333333335
CH397,KR_U8,KR4908,3.683333333333333,13.81,2022-07-24,15:33:00.0,2022-07-24,19:14:00.0,15,19,July,Sunday,221.0,Weekend,121,2022-07-24T15:33:00.0,2022-07-24T19:14:00.0,15.55
CH397,KR_U8,KR4909,6.25,13.92,2022-06-01,15:55:00.0,2022-06-01,22:10:00.0,15,22,June,Wednesday,375.0,Weekday,121,2022-06-01T15:55:00.0,2022-06-01T22:10:00.0,15.916666666666666
CH397,KR_U8,KR4910,2.5,12.57,2022-06-04,10:23:00.0,2022-06-04,12:53:00.0,10,12,June,Saturday,150.0,Weekend,121,2022-06-04T10:23:00.0,2022-06-04T12:53:00.0,10.383333333333333
CH397,KR_U8,KR4911,1.5333333333333334,7.69,2022-06-06,08:48:00.0,2022-06-06,10:20:00.0,8,10,June,Monday,92.0,Weekday,121,2022-06-06T08:48:00.0,2022-06-06T10:20:00.0,8.8
CH397,KR_U8,KR4912,1.2166666666666666,5.0,2022-06-06,10:39:00.0,2022-06-06,11:52:00.0,10,11,June,Monday,73.0,Weekday,121,2022-06-06T10:39:00.0,2022-06-06T11:52:00.0,10.65
CH397,KR_U8,KR4913,3.8666666666666667,17.39,2022-06-10,16:59:00.0,2022-06-10,20:51:00.0,16,20,June,Friday,232.0,Weekday,121,2022-06-10T16:59:00.0,2022-06-10T20:51:00.0,16.983333333333334
CH397,KR_U8,KR4914,2.183333333333333,11.02,2022-06-12,16:25:00.0,2022-06-12,18:36:00.0,16,18,June,Sunday,131.0,Weekend,121,2022-06-12T16:25:00.0,2022-06-12T18:36:00.0,16.416666666666668
CH397,KR_U8,KR4915,2.816666666666667,14.34,2022-06-18,18:58:00.0,2022-06-18,21:47:00.0,18,21,June,Saturday,169.0,Weekend,121,2022-06-18T18:58:00.0,2022-06-18T21:47:00.0,18.966666666666665
CH397,KR_U8,KR4916,1.8166666666666667,9.01,2022-06-21,17:28:00.0,2022-06-21,19:17:00.0,17,19,June,Tuesday,109.0,Weekday,121,2022-06-21T17:28:00.0,2022-06-21T19:17:00.0,17.466666666666665
CH397,KR_U8,KR4917,1.9,8.65,2022-06-21,19:33:00.0,2022-06-21,21:27:00.0,19,21,June,Tuesday,114.0,Weekday,121,2022-06-21T19:33:00.0,2022-06-21T21:27:00.0,19.55
CH397,KR_U8,KR4918,1.9166666666666667,9.52,2022-06-23,17:25:00.0,2022-06-23,19:20:00.0,17,19,June,Thursday,115.0,Weekday,121,2022-06-23T17:25:00.0,2022-06-23T19:20:00.0,17.416666666666668
CH397,KR_U8,KR4919,1.85,6.19,2022-06-23,19:43:00.0,2022-06-23,21:34:00.0,19,21,June,Thursday,111.0,Weekday,121,2022-06-23T19:43:00.0,2022-06-23T21:34:00.0,19.716666666666665
CH397,KR_U8,KR4920,4.05,16.57,2022-06-25,16:54:00.0,2022-06-25,20:57:00.0,16,20,June,Saturday,243.0,Weekend,121,2022-06-25T16:54:00.0,2022-06-25T20:57:00.0,16.9
CH397,KR_U8,KR4921,2.8666666666666667,14.36,2022-06-29,18:28:00.0,2022-06-29,21:20:00.0,18,21,June,Wednesday,172.0,Weekday,121,2022-06-29T18:28:00.0,2022-06-29T21:20:00.0,18.466666666666665
CH397,KR_U8,KR4922,1.4666666666666666,7.4,2022-05-03,17:23:00.0,2022-05-03,18:51:00.0,17,18,May,Tuesday,88.0,Weekday,121,2022-05-03T17:23:00.0,2022-05-03T18:51:00.0,17.383333333333333
CH397,KR_U8,KR4923,3.2333333333333334,9.89,2022-05-03,19:07:00.0,2022-05-03,22:21:00.0,19,22,May,Tuesday,194.0,Weekday,121,2022-05-03T19:07:00.0,2022-05-03T22:21:00.0,19.116666666666667
CH397,KR_U8,KR4924,3.5833333333333335,16.2,2022-05-08,11:12:00.0,2022-05-08,14:47:00.0,11,14,May,Sunday,215.0,Weekend,121,2022-05-08T11:12:00.0,2022-05-08T14:47:00.0,11.2
CH397,KR_U8,KR4925,1.3,6.59,2022-05-09,21:31:00.0,2022-05-09,22:49:00.0,21,22,May,Monday,78.0,Weekday,121,2022-05-09T21:31:00.0,2022-05-09T22:49:00.0,21.516666666666666
CH397,KR_U8,KR4926,1.5333333333333334,7.76,2022-05-13,17:53:00.0,2022-05-13,19:25:00.0,17,19,May,Friday,92.0,Weekday,121,2022-05-13T17:53:00.0,2022-05-13T19:25:00.0,17.883333333333333
CH397,KR_U8,KR4927,3.5,13.88,2022-05-16,17:43:00.0,2022-05-16,21:13:00.0,17,21,May,Monday,210.0,Weekday,121,2022-05-16T17:43:00.0,2022-05-16T21:13:00.0,17.716666666666665
CH397,KR_U8,KR4928,1.95,9.85,2022-05-18,18:45:00.0,2022-05-18,20:42:00.0,18,20,May,Wednesday,117.0,Weekday,121,2022-05-18T18:45:00.0,2022-05-18T20:42:00.0,18.75
CH397,KR_U8,KR4929,1.6333333333333333,8.31,2022-05-20,17:35:00.0,2022-05-20,19:13:00.0,17,19,May,Friday,98.0,Weekday,121,2022-05-20T17:35:00.0,2022-05-20T19:13:00.0,17.583333333333332
CH397,KR_U8,KR4930,3.683333333333333,15.88,2022-05-21,19:13:00.0,2022-05-21,22:54:00.0,19,22,May,Saturday,221.0,Weekend,121,2022-05-21T19:13:00.0,2022-05-21T22:54:00.0,19.216666666666665
CH397,KR_U8,KR4931,1.35,6.88,2022-05-24,17:26:00.0,2022-05-24,18:47:00.0,17,18,May,Tuesday,81.0,Weekday,121,2022-05-24T17:26:00.0,2022-05-24T18:47:00.0,17.433333333333334
CH397,KR_U8,KR4932,9.533333333333333,14.68,2022-05-25,21:41:00.0,2022-05-26,07:13:00.0,21,7,May,Wednesday,572.0,Weekday,121,2022-05-25T21:41:00.0,2022-05-26T07:13:00.0,21.683333333333334
CH397,KR_U8,KR4933,2.6333333333333333,7.0,2022-05-29,15:01:00.0,2022-05-29,17:39:00.0,15,17,May,Sunday,158.0,Weekend,121,2022-05-29T15:01:00.0,2022-05-29T17:39:00.0,15.016666666666667
CH397,KR_U8,KR4934,2.9833333333333334,9.78,2022-04-03,13:18:00.0,2022-04-03,16:17:00.0,13,16,April,Sunday,179.0,Weekend,121,2022-04-03T13:18:00.0,2022-04-03T16:17:00.0,13.3
CH397,KR_U8,KR4935,1.8666666666666667,9.43,2022-04-07,17:26:00.0,2022-04-07,19:18:00.0,17,19,April,Thursday,112.0,Weekday,121,2022-04-07T17:26:00.0,2022-04-07T19:18:00.0,17.433333333333334
CH397,KR_U8,KR4936,1.3333333333333333,6.82,2022-04-09,10:04:00.0,2022-04-09,11:24:00.0,10,11,April,Saturday,80.0,Weekend,121,2022-04-09T10:04:00.0,2022-04-09T11:24:00.0,10.066666666666666
CH397,KR_U8,KR4937,1.4666666666666666,7.42,2022-04-10,10:01:00.0,2022-04-10,11:29:00.0,10,11,April,Sunday,88.0,Weekend,121,2022-04-10T10:01:00.0,2022-04-10T11:29:00.0,10.016666666666667
CH397,KR_U8,KR4938,1.1833333333333333,5.96,2022-04-17,10:04:00.0,2022-04-17,11:15:00.0,10,11,April,Sunday,71.0,Weekend,121,2022-04-17T10:04:00.0,2022-04-17T11:15:00.0,10.066666666666666
CH397,KR_U8,KR4939,2.933333333333333,11.35,2022-04-18,18:13:00.0,2022-04-18,21:09:00.0,18,21,April,Monday,176.0,Weekday,121,2022-04-18T18:13:00.0,2022-04-18T21:09:00.0,18.216666666666665
CH397,KR_U8,KR4940,3.6,13.69,2022-04-20,17:50:00.0,2022-04-20,21:26:00.0,17,21,April,Wednesday,216.0,Weekday,121,2022-04-20T17:50:00.0,2022-04-20T21:26:00.0,17.833333333333332
CH397,KR_U8,KR4941,3.2,16.25,2022-04-25,19:36:00.0,2022-04-25,22:48:00.0,19,22,April,Monday,192.0,Weekday,121,2022-04-25T19:36:00.0,2022-04-25T22:48:00.0,19.6
CH397,KR_U8,KR4942,4.2,16.07,2022-04-27,21:47:00.0,2022-04-28,01:59:00.0,21,1,April,Wednesday,252.0,Weekday,121,2022-04-27T21:47:00.0,2022-04-28T01:59:00.0,21.783333333333335
CH397,KR_U8,KR4943,3.316666666666667,12.18,2022-03-02,17:24:00.0,2022-03-02,20:43:00.0,17,20,March,Wednesday,199.0,Weekday,121,2022-03-02T17:24:00.0,2022-03-02T20:43:00.0,17.4
CH397,KR_U8,KR4944,2.0166666666666666,9.46,2022-03-09,17:51:00.0,2022-03-09,19:52:00.0,17,19,March,Wednesday,121.0,Weekday,121,2022-03-09T17:51:00.0,2022-03-09T19:52:00.0,17.85
CH397,KR_U8,KR4945,4.066666666666666,16.18,2022-03-11,18:23:00.0,2022-03-11,22:27:00.0,18,22,March,Friday,244.0,Weekday,121,2022-03-11T18:23:00.0,2022-03-11T22:27:00.0,18.383333333333333
CH397,KR_U8,KR4946,2.8333333333333335,13.92,2022-03-16,18:21:00.0,2022-03-16,21:11:00.0,18,21,March,Wednesday,170.0,Weekday,121,2022-03-16T18:21:00.0,2022-03-16T21:11:00.0,18.35
CH397,KR_U8,KR4947,3.1666666666666665,13.85,2022-03-18,17:32:00.0,2022-03-18,20:42:00.0,17,20,March,Friday,190.0,Weekday,121,2022-03-18T17:32:00.0,2022-03-18T20:42:00.0,17.533333333333335
CH397,KR_U8,KR4948,3.933333333333333,16.34,2022-03-21,18:10:00.0,2022-03-21,22:06:00.0,18,22,March,Monday,236.0,Weekday,121,2022-03-21T18:10:00.0,2022-03-21T22:06:00.0,18.166666666666668
CH397,KR_U8,KR4949,3.45,17.53,2022-03-25,19:28:00.0,2022-03-25,22:55:00.0,19,22,March,Friday,207.0,Weekday,121,2022-03-25T19:28:00.0,2022-03-25T22:55:00.0,19.466666666666665
CH397,KR_U8,KR4950,2.95,10.96,2022-02-04,16:35:00.0,2022-02-04,19:32:00.0,16,19,February,Friday,177.0,Weekday,121,2022-02-04T16:35:00.0,2022-02-04T19:32:00.0,16.583333333333332
CH397,KR_U8,KR4951,7.083333333333333,12.39,2022-02-09,11:34:00.0,2022-02-09,18:39:00.0,11,18,February,Wednesday,425.0,Weekday,121,2022-02-09T11:34:00.0,2022-02-09T18:39:00.0,11.566666666666666
CH397,KR_U8,KR4952,4.0,13.0,2022-02-11,14:37:00.0,2022-02-11,18:37:00.0,14,18,February,Friday,240.0,Weekday,121,2022-02-11T14:37:00.0,2022-02-11T18:37:00.0,14.616666666666667
CH397,KR_U8,KR4953,3.3833333333333333,11.1,2022-02-13,15:55:00.0,2022-02-13,19:18:00.0,15,19,February,Sunday,203.0,Weekend,121,2022-02-13T15:55:00.0,2022-02-13T19:18:00.0,15.916666666666666
CH397,KR_U8,KR4954,1.2333333333333334,6.28,2022-02-15,17:33:00.0,2022-02-15,18:47:00.0,17,18,February,Tuesday,74.0,Weekday,121,2022-02-15T17:33:00.0,2022-02-15T18:47:00.0,17.55
CH397,KR_U8,KR4955,1.95,9.78,2022-02-15,19:29:00.0,2022-02-15,21:26:00.0,19,21,February,Tuesday,117.0,Weekday,121,2022-02-15T19:29:00.0,2022-02-15T21:26:00.0,19.483333333333334
CH397,KR_U8,KR4956,1.85,9.35,2022-02-17,17:26:00.0,2022-02-17,19:17:00.0,17,19,February,Thursday,111.0,Weekday,121,2022-02-17T17:26:00.0,2022-02-17T19:17:00.0,17.433333333333334
CH397,KR_U8,KR4957,1.7666666666666666,8.15,2022-02-17,19:33:00.0,2022-02-17,21:19:00.0,19,21,February,Thursday,106.0,Weekday,121,2022-02-17T19:33:00.0,2022-02-17T21:19:00.0,19.55
CH397,KR_U8,KR4958,3.4833333333333334,11.05,2022-02-18,17:44:00.0,2022-02-18,21:13:00.0,17,21,February,Friday,209.0,Weekday,121,2022-02-18T17:44:00.0,2022-02-18T21:13:00.0,17.733333333333334
CH397,KR_U8,KR4959,3.783333333333333,13.22,2022-02-21,17:26:00.0,2022-02-21,21:13:00.0,17,21,February,Monday,227.0,Weekday,121,2022-02-21T17:26:00.0,2022-02-21T21:13:00.0,17.433333333333334
CH397,KR_U8,KR4960,1.8833333333333333,9.47,2022-02-22,19:32:00.0,2022-02-22,21:25:00.0,19,21,February,Tuesday,113.0,Weekday,121,2022-02-22T19:32:00.0,2022-02-22T21:25:00.0,19.533333333333335
CH397,KR_U8,KR4961,1.8333333333333333,9.22,2022-02-24,17:29:00.0,2022-02-24,19:19:00.0,17,19,February,Thursday,110.0,Weekday,121,2022-02-24T17:29:00.0,2022-02-24T19:19:00.0,17.483333333333334
CH397,KR_U8,KR4962,1.75,4.63,2022-02-24,19:36:00.0,2022-02-24,21:21:00.0,19,21,February,Thursday,105.0,Weekday,121,2022-02-24T19:36:00.0,2022-02-24T21:21:00.0,19.6
CH397,KR_U8,KR4963,3.3,12.48,2022-02-26,17:14:00.0,2022-02-26,20:32:00.0,17,20,February,Saturday,198.0,Weekend,121,2022-02-26T17:14:00.0,2022-02-26T20:32:00.0,17.233333333333334
CH397,KR_U8,KR4964,1.0333333333333334,5.26,2022-02-28,21:29:00.0,2022-02-28,22:31:00.0,21,22,February,Monday,62.00000000000001,Weekday,121,2022-02-28T21:29:00.0,2022-02-28T22:31:00.0,21.483333333333334
CH397,KR_U8,KR4965,12.516666666666667,11.72,2022-01-03,18:47:00.0,2022-01-04,07:18:00.0,18,7,January,Monday,751.0,Weekday,121,2022-01-03T18:47:00.0,2022-01-04T07:18:00.0,18.783333333333335
CH397,KR_U8,KR4966,4.95,15.92,2022-01-10,16:26:00.0,2022-01-10,21:23:00.0,16,21,January,Monday,297.0,Weekday,121,2022-01-10T16:26:00.0,2022-01-10T21:23:00.0,16.433333333333334
CH397,KR_U8,KR4967,3.3666666666666667,10.14,2022-01-12,14:31:00.0,2022-01-12,17:53:00.0,14,17,January,Wednesday,202.0,Weekday,121,2022-01-12T14:31:00.0,2022-01-12T17:53:00.0,14.516666666666667
CH397,KR_U8,KR4968,3.55,13.13,2022-01-16,19:29:00.0,2022-01-16,23:02:00.0,19,23,January,Sunday,213.0,Weekend,121,2022-01-16T19:29:00.0,2022-01-16T23:02:00.0,19.483333333333334
CH397,KR_U8,KR4969,4.4,11.4,2022-01-18,14:57:00.0,2022-01-18,19:21:00.0,14,19,January,Tuesday,264.0,Weekday,121,2022-01-18T14:57:00.0,2022-01-18T19:21:00.0,14.95
CH397,KR_U8,KR4970,3.5,16.45,2022-01-21,15:33:00.0,2022-01-21,19:03:00.0,15,19,January,Friday,210.0,Weekday,121,2022-01-21T15:33:00.0,2022-01-21T19:03:00.0,15.55
CH397,KR_U8,KR4971,1.6333333333333333,8.32,2022-01-23,08:57:00.0,2022-01-23,10:35:00.0,8,10,January,Sunday,98.0,Weekend,121,2022-01-23T08:57:00.0,2022-01-23T10:35:00.0,8.95
CH397,KR_U8,KR4972,1.0666666666666667,5.4,2022-01-29,12:24:00.0,2022-01-29,13:28:00.0,12,13,January,Saturday,64.0,Weekend,121,2022-01-29T12:24:00.0,2022-01-29T13:28:00.0,12.4
CH397,KR_U8,KR4973,4.066666666666666,9.46,2022-01-30,16:29:00.0,2022-01-30,20:33:00.0,16,20,January,Sunday,244.0,Weekend,121,2022-01-30T16:29:00.0,2022-01-30T20:33:00.0,16.483333333333334
CH408,KR_U194,KR4984,0.26666666666666666,1.7,2022-09-30,10:15:00.0,2022-09-30,10:31:00.0,10,10,September,Friday,16.0,Weekday,105,2022-09-30T10:15:00.0,2022-09-30T10:31:00.0,10.25
CH474,KR_U64,KR4994,0.5166666666666667,14.92,2022-09-27,08:45:00.0,2022-09-27,09:16:00.0,8,9,September,Tuesday,31.000000000000004,Weekday,9,2022-09-27T08:45:00.0,2022-09-27T09:16:00.0,8.75
CH474,KR_U64,KR4995,0.6,18.43,2022-09-21,10:24:00.0,2022-09-21,11:00:00.0,10,11,September,Wednesday,36.0,Weekday,9,2022-09-21T10:24:00.0,2022-09-21T11:00:00.0,10.4
CH474,KR_U64,KR4996,0.55,17.33,2022-09-18,12:08:00.0,2022-09-18,12:41:00.0,12,12,September,Sunday,33.0,Weekend,9,2022-09-18T12:08:00.0,2022-09-18T12:41:00.0,12.133333333333333
CH474,KR_U64,KR4997,0.6666666666666666,18.47,2022-06-08,18:19:00.0,2022-06-08,18:59:00.0,18,18,June,Wednesday,40.0,Weekday,9,2022-06-08T18:19:00.0,2022-06-08T18:59:00.0,18.316666666666666
CH474,KR_U64,KR4998,0.6333333333333333,16.5,2022-06-19,10:28:00.0,2022-06-19,11:06:00.0,10,11,June,Sunday,38.0,Weekend,9,2022-06-19T10:28:00.0,2022-06-19T11:06:00.0,10.466666666666667
CH474,KR_U64,KR4999,0.15,5.19,2022-05-17,09:24:00.0,2022-05-17,09:33:00.0,9,9,May,Tuesday,9.0,Weekday,9,2022-05-17T09:24:00.0,2022-05-17T09:33:00.0,9.4
CH474,KR_U186,KR5001,0.6666666666666666,12.65,2022-09-27,18:58:00.0,2022-09-27,19:38:00.0,18,19,September,Tuesday,40.0,Weekday,13,2022-09-27T18:58:00.0,2022-09-27T19:38:00.0,18.966666666666665
CH474,KR_U186,KR5002,0.6666666666666666,12.17,2022-08-18,19:16:00.0,2022-08-18,19:56:00.0,19,19,August,Thursday,40.0,Weekday,13,2022-08-18T19:16:00.0,2022-08-18T19:56:00.0,19.266666666666666
CH474,KR_U186,KR5003,0.35,7.3,2022-08-18,12:54:00.0,2022-08-18,13:15:00.0,12,13,August,Thursday,21.0,Weekday,13,2022-08-18T12:54:00.0,2022-08-18T13:15:00.0,12.9
CH474,KR_U186,KR5004,0.6666666666666666,13.26,2022-07-01,19:05:00.0,2022-07-01,19:45:00.0,19,19,July,Friday,40.0,Weekday,13,2022-07-01T19:05:00.0,2022-07-01T19:45:00.0,19.083333333333332
CH474,KR_U186,KR5005,0.3333333333333333,7.04,2022-07-24,11:05:00.0,2022-07-24,11:25:00.0,11,11,July,Sunday,20.0,Weekend,13,2022-07-24T11:05:00.0,2022-07-24T11:25:00.0,11.083333333333334
CH474,KR_U186,KR5006,0.21666666666666667,8.18,2022-05-07,11:15:00.0,2022-05-07,11:28:00.0,11,11,May,Saturday,13.0,Weekend,13,2022-05-07T11:15:00.0,2022-05-07T11:28:00.0,11.25
CH474,KR_U186,KR5007,0.6666666666666666,14.36,2022-05-23,12:24:00.0,2022-05-23,13:04:00.0,12,13,May,Monday,40.0,Weekday,13,2022-05-23T12:24:00.0,2022-05-23T13:04:00.0,12.4
CH474,KR_U186,KR5008,0.6666666666666666,14.9,2022-05-24,21:46:00.0,2022-05-24,22:26:00.0,21,22,May,Tuesday,40.0,Weekday,13,2022-05-24T21:46:00.0,2022-05-24T22:26:00.0,21.766666666666666
CH474,KR_U186,KR5009,0.6666666666666666,12.8,2022-05-27,11:40:00.0,2022-05-27,12:20:00.0,11,12,May,Friday,40.0,Weekday,13,2022-05-27T11:40:00.0,2022-05-27T12:20:00.0,11.666666666666666
CH578,KR_U127,KR5081,1.95,13.37,2022-08-10,17:30:00.0,2022-08-10,19:27:00.0,17,19,August,Wednesday,117.0,Weekday,65,2022-08-10T17:30:00.0,2022-08-10T19:27:00.0,17.5
CH578,KR_U127,KR5082,1.6666666666666667,11.61,2022-08-29,17:47:00.0,2022-08-29,19:27:00.0,17,19,August,Monday,100.0,Weekday,65,2022-08-29T17:47:00.0,2022-08-29T19:27:00.0,17.783333333333335
CH578,KR_U127,KR5083,1.75,12.28,2022-06-03,17:27:00.0,2022-06-03,19:12:00.0,17,19,June,Friday,105.0,Weekday,65,2022-06-03T17:27:00.0,2022-06-03T19:12:00.0,17.45
CH578,KR_U127,KR5084,0.7833333333333333,5.02,2022-04-19,17:06:00.0,2022-04-19,17:53:00.0,17,17,April,Tuesday,47.0,Weekday,65,2022-04-19T17:06:00.0,2022-04-19T17:53:00.0,17.1
CH578,KR_U127,KR5085,1.4,8.97,2022-03-14,13:10:00.0,2022-03-14,14:34:00.0,13,14,March,Monday,84.0,Weekday,65,2022-03-14T13:10:00.0,2022-03-14T14:34:00.0,13.166666666666666
CH578,KR_U127,KR5086,3.1666666666666665,20.66,2022-01-24,13:39:00.0,2022-01-24,16:49:00.0,13,16,January,Monday,190.0,Weekday,65,2022-01-24T13:39:00.0,2022-01-24T16:49:00.0,13.65
CH578,KR_U127,KR5087,2.8,19.18,2021-11-23,12:54:00.0,2021-11-23,15:42:00.0,12,15,November,Tuesday,168.0,Weekday,65,2021-11-23T12:54:00.0,2021-11-23T15:42:00.0,12.9
CH578,KR_U434,KR5089,1.7,11.75,2022-09-23,18:31:00.0,2022-09-23,20:13:00.0,18,20,September,Friday,102.0,Weekday,67,2022-09-23T18:31:00.0,2022-09-23T20:13:00.0,18.516666666666666
CH578,KR_U434,KR5090,1.8833333333333333,12.9,2022-09-16,19:06:00.0,2022-09-16,20:59:00.0,19,20,September,Friday,113.0,Weekday,67,2022-09-16T19:06:00.0,2022-09-16T20:59:00.0,19.1
CH578,KR_U434,KR5091,2.0166666666666666,13.85,2022-08-09,15:39:00.0,2022-08-09,17:40:00.0,15,17,August,Tuesday,121.0,Weekday,67,2022-08-09T15:39:00.0,2022-08-09T17:40:00.0,15.65
CH578,KR_U434,KR5092,1.1166666666666667,7.56,2022-08-04,17:20:00.0,2022-08-04,18:27:00.0,17,18,August,Thursday,67.0,Weekday,67,2022-08-04T17:20:00.0,2022-08-04T18:27:00.0,17.333333333333332
CH578,KR_U434,KR5093,1.5333333333333334,10.48,2022-08-26,18:01:00.0,2022-08-26,19:33:00.0,18,19,August,Friday,92.0,Weekday,67,2022-08-26T18:01:00.0,2022-08-26T19:33:00.0,18.016666666666666
CH578,KR_U434,KR5094,1.6166666666666667,11.1,2022-08-24,17:43:00.0,2022-08-24,19:20:00.0,17,19,August,Wednesday,97.0,Weekday,67,2022-08-24T17:43:00.0,2022-08-24T19:20:00.0,17.716666666666665
CH578,KR_U434,KR5095,1.7,11.76,2022-05-03,16:51:00.0,2022-05-03,18:33:00.0,16,18,May,Tuesday,102.0,Weekday,67,2022-05-03T16:51:00.0,2022-05-03T18:33:00.0,16.85
CH578,KR_U434,KR5096,0.8166666666666667,5.64,2022-05-31,17:23:00.0,2022-05-31,18:12:00.0,17,18,May,Tuesday,49.0,Weekday,67,2022-05-31T17:23:00.0,2022-05-31T18:12:00.0,17.383333333333333
CH578,KR_U434,KR5097,2.35,16.27,2022-04-26,15:28:00.0,2022-04-26,17:49:00.0,15,17,April,Tuesday,141.0,Weekday,67,2022-04-26T15:28:00.0,2022-04-26T17:49:00.0,15.466666666666667
CH578,KR_U434,KR5098,1.95,12.31,2022-04-29,17:31:00.0,2022-04-29,19:28:00.0,17,19,April,Friday,117.0,Weekday,67,2022-04-29T17:31:00.0,2022-04-29T19:28:00.0,17.516666666666666
CH578,KR_U434,KR5099,1.0333333333333334,6.69,2022-03-08,17:22:00.0,2022-03-08,18:24:00.0,17,18,March,Tuesday,62.00000000000001,Weekday,67,2022-03-08T17:22:00.0,2022-03-08T18:24:00.0,17.366666666666667
CH578,KR_U434,KR5100,1.0166666666666666,6.67,2022-02-18,17:05:00.0,2022-02-18,18:06:00.0,17,18,February,Friday,61.0,Weekday,67,2022-02-18T17:05:00.0,2022-02-18T18:06:00.0,17.083333333333332
CH578,KR_U434,KR5101,0.9333333333333333,5.42,2022-01-17,17:01:00.0,2022-01-17,17:57:00.0,17,17,January,Monday,56.0,Weekday,67,2022-01-17T17:01:00.0,2022-01-17T17:57:00.0,17.016666666666666
CH578,KR_U434,KR5102,3.183333333333333,20.48,2021-11-10,16:55:00.0,2021-11-10,20:06:00.0,16,20,November,Wednesday,191.0,Weekday,67,2021-11-10T16:55:00.0,2021-11-10T20:06:00.0,16.916666666666668
CH578,KR_U434,KR5103,0.4166666666666667,2.88,2021-11-11,17:19:00.0,2021-11-11,17:44:00.0,17,17,November,Thursday,25.0,Weekday,67,2021-11-11T17:19:00.0,2021-11-11T17:44:00.0,17.316666666666666
CH578,KR_U434,KR5104,1.9666666666666666,12.82,2021-11-24,10:04:00.0,2021-11-24,12:02:00.0,10,12,November,Wednesday,118.0,Weekday,67,2021-11-24T10:04:00.0,2021-11-24T12:02:00.0,10.066666666666666
CH578,KR_U434,KR5105,2.1666666666666665,14.8,2021-10-13,09:31:00.0,2021-10-13,11:41:00.0,9,11,October,Wednesday,130.0,Weekday,67,2021-10-13T09:31:00.0,2021-10-13T11:41:00.0,9.516666666666667
CH578,KR_U1222,KR5112,1.0666666666666667,7.04,2022-07-08,17:47:00.0,2022-07-08,18:51:00.0,17,18,July,Friday,64.0,Weekday,69,2022-07-08T17:47:00.0,2022-07-08T18:51:00.0,17.783333333333335
CH578,KR_U1222,KR5113,1.0333333333333334,6.82,2022-07-11,17:46:00.0,2022-07-11,18:48:00.0,17,18,July,Monday,62.00000000000001,Weekday,69,2022-07-11T17:46:00.0,2022-07-11T18:48:00.0,17.766666666666666
CH578,KR_U1222,KR5114,0.85,5.53,2022-07-15,17:48:00.0,2022-07-15,18:39:00.0,17,18,July,Friday,51.0,Weekday,69,2022-07-15T17:48:00.0,2022-07-15T18:39:00.0,17.8
CH578,KR_U1222,KR5115,0.5666666666666667,3.8,2022-06-18,17:22:00.0,2022-06-18,17:56:00.0,17,17,June,Saturday,34.0,Weekend,69,2022-06-18T17:22:00.0,2022-06-18T17:56:00.0,17.366666666666667
CH578,KR_U1222,KR5116,2.25,15.0,2022-06-18,19:18:00.0,2022-06-18,21:33:00.0,19,21,June,Saturday,135.0,Weekend,69,2022-06-18T19:18:00.0,2022-06-18T21:33:00.0,19.3
CH578,KR_U1222,KR5117,1.0166666666666666,6.7,2022-06-24,17:56:00.0,2022-06-24,18:57:00.0,17,18,June,Friday,61.0,Weekday,69,2022-06-24T17:56:00.0,2022-06-24T18:57:00.0,17.933333333333334
CH578,KR_U1222,KR5118,1.2333333333333334,8.2,2022-04-14,17:38:00.0,2022-04-14,18:52:00.0,17,18,April,Thursday,74.0,Weekday,69,2022-04-14T17:38:00.0,2022-04-14T18:52:00.0,17.633333333333333
CH578,KR_U1222,KR5119,2.933333333333333,19.38,2022-03-02,17:32:00.0,2022-03-02,20:28:00.0,17,20,March,Wednesday,176.0,Weekday,69,2022-03-02T17:32:00.0,2022-03-02T20:28:00.0,17.533333333333335
CH578,KR_U1222,KR5120,1.8,11.83,2022-03-16,17:39:00.0,2022-03-16,19:27:00.0,17,19,March,Wednesday,108.0,Weekday,69,2022-03-16T17:39:00.0,2022-03-16T19:27:00.0,17.65
CH578,KR_U1222,KR5121,1.1,7.3,2022-03-22,08:19:00.0,2022-03-22,09:25:00.0,8,9,March,Tuesday,66.0,Weekday,69,2022-03-22T08:19:00.0,2022-03-22T09:25:00.0,8.316666666666666
CH578,KR_U1222,KR5122,2.1666666666666665,14.25,2022-02-10,17:39:00.0,2022-02-10,19:49:00.0,17,19,February,Thursday,130.0,Weekday,69,2022-02-10T17:39:00.0,2022-02-10T19:49:00.0,17.65
CH578,KR_U1222,KR5123,1.6166666666666667,10.53,2022-01-14,17:21:00.0,2022-01-14,18:58:00.0,17,18,January,Friday,97.0,Weekday,69,2022-01-14T17:21:00.0,2022-01-14T18:58:00.0,17.35
CH578,KR_U1225,KR5128,2.05,13.76,2022-07-14,17:52:00.0,2022-07-14,19:55:00.0,17,19,July,Thursday,122.99999999999999,Weekday,71,2022-07-14T17:52:00.0,2022-07-14T19:55:00.0,17.866666666666667
CH578,KR_U1225,KR5129,2.1333333333333333,14.26,2022-07-16,17:13:00.0,2022-07-16,19:21:00.0,17,19,July,Saturday,128.0,Weekend,71,2022-07-16T17:13:00.0,2022-07-16T19:21:00.0,17.216666666666665
CH578,KR_U1225,KR5130,2.3833333333333333,15.84,2022-06-14,17:22:00.0,2022-06-14,19:45:00.0,17,19,June,Tuesday,143.0,Weekday,71,2022-06-14T17:22:00.0,2022-06-14T19:45:00.0,17.366666666666667
CH578,KR_U1225,KR5131,1.7666666666666666,11.87,2022-06-25,17:36:00.0,2022-06-25,19:22:00.0,17,19,June,Saturday,106.0,Weekend,71,2022-06-25T17:36:00.0,2022-06-25T19:22:00.0,17.6
CH578,KR_U1225,KR5132,2.4166666666666665,16.17,2022-06-27,17:40:00.0,2022-06-27,20:05:00.0,17,20,June,Monday,145.0,Weekday,71,2022-06-27T17:40:00.0,2022-06-27T20:05:00.0,17.666666666666668
CH578,KR_U1225,KR5133,2.3333333333333335,15.91,2022-05-23,17:24:00.0,2022-05-23,19:44:00.0,17,19,May,Monday,140.0,Weekday,71,2022-05-23T17:24:00.0,2022-05-23T19:44:00.0,17.4
CH578,KR_U1225,KR5134,3.1166666666666667,20.68,2022-04-06,17:47:00.0,2022-04-06,20:54:00.0,17,20,April,Wednesday,187.0,Weekday,71,2022-04-06T17:47:00.0,2022-04-06T20:54:00.0,17.783333333333335
CH578,KR_U1225,KR5135,1.8333333333333333,12.29,2022-04-09,16:57:00.0,2022-04-09,18:47:00.0,16,18,April,Saturday,110.0,Weekend,71,2022-04-09T16:57:00.0,2022-04-09T18:47:00.0,16.95
CH578,KR_U1225,KR5136,1.0,6.68,2022-04-11,17:40:00.0,2022-04-11,18:40:00.0,17,18,April,Monday,60.0,Weekday,71,2022-04-11T17:40:00.0,2022-04-11T18:40:00.0,17.666666666666668
CH578,KR_U1225,KR5137,1.8833333333333333,12.58,2022-03-05,18:58:00.0,2022-03-05,20:51:00.0,18,20,March,Saturday,113.0,Weekend,71,2022-03-05T18:58:00.0,2022-03-05T20:51:00.0,18.966666666666665
CH578,KR_U1225,KR5138,1.6666666666666667,11.15,2022-03-07,17:38:00.0,2022-03-07,19:18:00.0,17,19,March,Monday,100.0,Weekday,71,2022-03-07T17:38:00.0,2022-03-07T19:18:00.0,17.633333333333333
CH578,KR_U1225,KR5139,1.8666666666666667,12.48,2022-03-10,17:51:00.0,2022-03-10,19:43:00.0,17,19,March,Thursday,112.0,Weekday,71,2022-03-10T17:51:00.0,2022-03-10T19:43:00.0,17.85
CH578,KR_U1225,KR5140,2.25,15.05,2022-03-19,17:18:00.0,2022-03-19,19:33:00.0,17,19,March,Saturday,135.0,Weekend,71,2022-03-19T17:18:00.0,2022-03-19T19:33:00.0,17.3
CH578,KR_U1225,KR5141,1.85,12.3,2022-03-22,17:35:00.0,2022-03-22,19:26:00.0,17,19,March,Tuesday,111.0,Weekday,71,2022-03-22T17:35:00.0,2022-03-22T19:26:00.0,17.583333333333332
CH578,KR_U1225,KR5142,1.5333333333333334,10.12,2022-02-05,16:57:00.0,2022-02-05,18:29:00.0,16,18,February,Saturday,92.0,Weekend,71,2022-02-05T16:57:00.0,2022-02-05T18:29:00.0,16.95
CH578,KR_U1225,KR5143,2.2666666666666666,15.24,2022-02-08,18:01:00.0,2022-02-08,20:17:00.0,18,20,February,Tuesday,136.0,Weekday,71,2022-02-08T18:01:00.0,2022-02-08T20:17:00.0,18.016666666666666
CH578,KR_U1225,KR5144,2.183333333333333,14.34,2022-02-16,17:50:00.0,2022-02-16,20:01:00.0,17,20,February,Wednesday,131.0,Weekday,71,2022-02-16T17:50:00.0,2022-02-16T20:01:00.0,17.833333333333332
CH578,KR_U1225,KR5145,1.6833333333333333,11.19,2022-02-25,18:02:00.0,2022-02-25,19:43:00.0,18,19,February,Friday,101.0,Weekday,71,2022-02-25T18:02:00.0,2022-02-25T19:43:00.0,18.033333333333335
CH578,KR_U1225,KR5146,2.4166666666666665,16.07,2022-01-05,17:14:00.0,2022-01-05,19:39:00.0,17,19,January,Wednesday,145.0,Weekday,71,2022-01-05T17:14:00.0,2022-01-05T19:39:00.0,17.233333333333334
CH578,KR_U1225,KR5147,1.9,12.65,2022-01-06,17:58:00.0,2022-01-06,19:52:00.0,17,19,January,Thursday,114.0,Weekday,71,2022-01-06T17:58:00.0,2022-01-06T19:52:00.0,17.966666666666665
CH578,KR_U1225,KR5148,2.8,18.59,2022-01-15,17:19:00.0,2022-01-15,20:07:00.0,17,20,January,Saturday,168.0,Weekend,71,2022-01-15T17:19:00.0,2022-01-15T20:07:00.0,17.316666666666666
CH578,KR_U1225,KR5149,1.8,11.96,2021-12-04,17:02:00.0,2021-12-04,18:50:00.0,17,18,December,Saturday,108.0,Weekend,71,2021-12-04T17:02:00.0,2021-12-04T18:50:00.0,17.033333333333335
CH578,KR_U1225,KR5150,2.2,14.64,2021-12-20,18:08:00.0,2021-12-20,20:20:00.0,18,20,December,Monday,132.0,Weekday,71,2021-12-20T18:08:00.0,2021-12-20T20:20:00.0,18.133333333333333
CH578,KR_U1225,KR5151,1.5166666666666666,10.02,2021-12-23,17:39:00.0,2021-12-23,19:10:00.0,17,19,December,Thursday,91.0,Weekday,71,2021-12-23T17:39:00.0,2021-12-23T19:10:00.0,17.65
CH578,KR_U1225,KR5152,1.95,12.96,2021-12-28,17:34:00.0,2021-12-28,19:31:00.0,17,19,December,Tuesday,117.0,Weekday,71,2021-12-28T17:34:00.0,2021-12-28T19:31:00.0,17.566666666666666
CH578,KR_U1225,KR5153,1.95,13.0,2021-12-29,17:34:00.0,2021-12-29,19:31:00.0,17,19,December,Wednesday,117.0,Weekday,71,2021-12-29T17:34:00.0,2021-12-29T19:31:00.0,17.566666666666666
CH578,KR_U1225,KR5154,2.7666666666666666,18.48,2021-11-18,17:53:00.0,2021-11-18,20:39:00.0,17,20,November,Thursday,166.0,Weekday,71,2021-11-18T17:53:00.0,2021-11-18T20:39:00.0,17.883333333333333
CH578,KR_U1225,KR5155,1.9166666666666667,12.76,2021-11-29,17:31:00.0,2021-11-29,19:26:00.0,17,19,November,Monday,115.0,Weekday,71,2021-11-29T17:31:00.0,2021-11-29T19:26:00.0,17.516666666666666
CH578,KR_U1225,KR5156,1.4666666666666666,9.72,2021-10-05,18:00:00.0,2021-10-05,19:28:00.0,18,19,October,Tuesday,88.0,Weekday,71,2021-10-05T18:00:00.0,2021-10-05T19:28:00.0,18.0
CH578,KR_U1225,KR5157,1.4166666666666667,9.42,2021-10-06,17:46:00.0,2021-10-06,19:11:00.0,17,19,October,Wednesday,85.0,Weekday,71,2021-10-06T17:46:00.0,2021-10-06T19:11:00.0,17.766666666666666
CH578,KR_U1225,KR5158,1.2666666666666666,8.46,2021-10-20,17:28:00.0,2021-10-20,18:44:00.0,17,18,October,Wednesday,76.0,Weekday,71,2021-10-20T17:28:00.0,2021-10-20T18:44:00.0,17.466666666666665
CH578,KR_U1228,KR5159,1.2333333333333334,8.06,2022-07-19,17:33:00.0,2022-07-19,18:47:00.0,17,18,July,Tuesday,74.0,Weekday,72,2022-07-19T17:33:00.0,2022-07-19T18:47:00.0,17.55
CH578,KR_U1228,KR5160,4.116666666666666,27.35,2022-06-10,17:22:00.0,2022-06-10,21:29:00.0,17,21,June,Friday,246.99999999999997,Weekday,72,2022-06-10T17:22:00.0,2022-06-10T21:29:00.0,17.366666666666667
CH578,KR_U1228,KR5161,1.4666666666666666,9.72,2022-06-13,17:38:00.0,2022-06-13,19:06:00.0,17,19,June,Monday,88.0,Weekday,72,2022-06-13T17:38:00.0,2022-06-13T19:06:00.0,17.633333333333333
CH578,KR_U1228,KR5162,1.4833333333333334,9.73,2022-06-28,18:54:00.0,2022-06-28,20:23:00.0,18,20,June,Tuesday,89.0,Weekday,72,2022-06-28T18:54:00.0,2022-06-28T20:23:00.0,18.9
CH578,KR_U1228,KR5163,3.1,20.76,2022-05-13,19:33:00.0,2022-05-13,22:39:00.0,19,22,May,Friday,186.0,Weekday,72,2022-05-13T19:33:00.0,2022-05-13T22:39:00.0,19.55
CH578,KR_U1228,KR5164,0.2833333333333333,1.71,2022-05-14,09:05:00.0,2022-05-14,09:22:00.0,9,9,May,Saturday,17.0,Weekend,72,2022-05-14T09:05:00.0,2022-05-14T09:22:00.0,9.083333333333334
CH578,KR_U1228,KR5165,0.5833333333333334,3.83,2022-04-02,17:39:00.0,2022-04-02,18:14:00.0,17,18,April,Saturday,35.0,Weekend,72,2022-04-02T17:39:00.0,2022-04-02T18:14:00.0,17.65
CH578,KR_U1228,KR5166,2.7333333333333334,18.34,2022-04-22,18:04:00.0,2022-04-22,20:48:00.0,18,20,April,Friday,164.0,Weekday,72,2022-04-22T18:04:00.0,2022-04-22T20:48:00.0,18.066666666666666
CH578,KR_U1228,KR5167,0.7666666666666667,5.1,2022-04-23,17:09:00.0,2022-04-23,17:55:00.0,17,17,April,Saturday,46.0,Weekend,72,2022-04-23T17:09:00.0,2022-04-23T17:55:00.0,17.15
CH578,KR_U1228,KR5168,0.95,6.23,2022-04-25,18:37:00.0,2022-04-25,19:34:00.0,18,19,April,Monday,57.0,Weekday,72,2022-04-25T18:37:00.0,2022-04-25T19:34:00.0,18.616666666666667
CH578,KR_U1228,KR5169,0.9666666666666667,6.34,2022-03-12,18:11:00.0,2022-03-12,19:09:00.0,18,19,March,Saturday,58.0,Weekend,72,2022-03-12T18:11:00.0,2022-03-12T19:09:00.0,18.183333333333334
CH578,KR_U1228,KR5170,2.4166666666666665,15.89,2022-03-25,17:54:00.0,2022-03-25,20:19:00.0,17,20,March,Friday,145.0,Weekday,72,2022-03-25T17:54:00.0,2022-03-25T20:19:00.0,17.9
CH578,KR_U1228,KR5171,1.8166666666666667,11.88,2022-03-27,18:09:00.0,2022-03-27,19:58:00.0,18,19,March,Sunday,109.0,Weekend,72,2022-03-27T18:09:00.0,2022-03-27T19:58:00.0,18.15
CH578,KR_U1228,KR5172,0.6,4.03,2022-03-29,19:04:00.0,2022-03-29,19:40:00.0,19,19,March,Tuesday,36.0,Weekday,72,2022-03-29T19:04:00.0,2022-03-29T19:40:00.0,19.066666666666666
CH578,KR_U1228,KR5173,1.3333333333333333,8.73,2022-02-04,17:51:00.0,2022-02-04,19:11:00.0,17,19,February,Friday,80.0,Weekday,72,2022-02-04T17:51:00.0,2022-02-04T19:11:00.0,17.85
CH578,KR_U1228,KR5174,1.5,9.76,2022-02-24,17:31:00.0,2022-02-24,19:01:00.0,17,19,February,Thursday,90.0,Weekday,72,2022-02-24T17:31:00.0,2022-02-24T19:01:00.0,17.516666666666666
CH578,KR_U1228,KR5175,2.1666666666666665,14.09,2022-01-11,17:47:00.0,2022-01-11,19:57:00.0,17,19,January,Tuesday,130.0,Weekday,72,2022-01-11T17:47:00.0,2022-01-11T19:57:00.0,17.783333333333335
CH578,KR_U1228,KR5176,1.3166666666666667,8.47,2022-01-12,18:28:00.0,2022-01-12,19:47:00.0,18,19,January,Wednesday,79.0,Weekday,72,2022-01-12T18:28:00.0,2022-01-12T19:47:00.0,18.466666666666665
CH578,KR_U1228,KR5177,0.85,5.51,2022-01-18,18:31:00.0,2022-01-18,19:22:00.0,18,19,January,Tuesday,51.0,Weekday,72,2022-01-18T18:31:00.0,2022-01-18T19:22:00.0,18.516666666666666
CH578,KR_U1228,KR5178,0.9666666666666667,6.32,2022-01-22,16:59:00.0,2022-01-22,17:57:00.0,16,17,January,Saturday,58.0,Weekend,72,2022-01-22T16:59:00.0,2022-01-22T17:57:00.0,16.983333333333334
CH578,KR_U1228,KR5179,0.6333333333333333,4.08,2021-12-07,18:38:00.0,2021-12-07,19:16:00.0,18,19,December,Tuesday,38.0,Weekday,72,2021-12-07T18:38:00.0,2021-12-07T19:16:00.0,18.633333333333333
CH578,KR_U1228,KR5180,1.3333333333333333,8.7,2021-12-10,18:07:00.0,2021-12-10,19:27:00.0,18,19,December,Friday,80.0,Weekday,72,2021-12-10T18:07:00.0,2021-12-10T19:27:00.0,18.116666666666667
CH578,KR_U1228,KR5181,2.85,18.97,2021-12-16,17:10:00.0,2021-12-16,20:01:00.0,17,20,December,Thursday,171.0,Weekday,72,2021-12-16T17:10:00.0,2021-12-16T20:01:00.0,17.166666666666668
CH578,KR_U1228,KR5182,1.5333333333333334,10.08,2021-12-17,17:50:00.0,2021-12-17,19:22:00.0,17,19,December,Friday,92.0,Weekday,72,2021-12-17T17:50:00.0,2021-12-17T19:22:00.0,17.833333333333332
CH578,KR_U1228,KR5183,2.066666666666667,13.54,2021-12-25,17:19:00.0,2021-12-25,19:23:00.0,17,19,December,Saturday,124.00000000000001,Weekend,72,2021-12-25T17:19:00.0,2021-12-25T19:23:00.0,17.316666666666666
CH578,KR_U1228,KR5184,1.3,8.52,2021-12-31,17:21:00.0,2021-12-31,18:39:00.0,17,18,December,Friday,78.0,Weekday,72,2021-12-31T17:21:00.0,2021-12-31T18:39:00.0,17.35
CH578,KR_U1228,KR5185,0.5833333333333334,3.85,2021-11-17,17:44:00.0,2021-11-17,18:19:00.0,17,18,November,Wednesday,35.0,Weekday,72,2021-11-17T17:44:00.0,2021-11-17T18:19:00.0,17.733333333333334
CH578,KR_U1228,KR5186,1.0333333333333334,6.69,2021-11-30,18:17:00.0,2021-11-30,19:19:00.0,18,19,November,Tuesday,62.00000000000001,Weekday,72,2021-11-30T18:17:00.0,2021-11-30T19:19:00.0,18.283333333333335
CH578,KR_U1228,KR5187,1.3,8.7,2021-10-12,18:27:00.0,2021-10-12,19:45:00.0,18,19,October,Tuesday,78.0,Weekday,72,2021-10-12T18:27:00.0,2021-10-12T19:45:00.0,18.45
CH578,KR_U1228,KR5188,0.8833333333333333,5.69,2021-10-18,18:32:00.0,2021-10-18,19:25:00.0,18,19,October,Monday,53.0,Weekday,72,2021-10-18T18:32:00.0,2021-10-18T19:25:00.0,18.533333333333335
CH578,KR_U1230,KR5191,2.0833333333333335,13.74,2022-07-12,17:58:00.0,2022-07-12,20:03:00.0,17,20,July,Tuesday,125.00000000000001,Weekday,74,2022-07-12T17:58:00.0,2022-07-12T20:03:00.0,17.966666666666665
CH578,KR_U1230,KR5192,2.1666666666666665,14.42,2022-06-09,17:38:00.0,2022-06-09,19:48:00.0,17,19,June,Thursday,130.0,Weekday,74,2022-06-09T17:38:00.0,2022-06-09T19:48:00.0,17.633333333333333
CH578,KR_U1230,KR5193,2.4,15.99,2022-06-11,17:14:00.0,2022-06-11,19:38:00.0,17,19,June,Saturday,144.0,Weekend,74,2022-06-11T17:14:00.0,2022-06-11T19:38:00.0,17.233333333333334
CH578,KR_U1230,KR5194,3.183333333333333,21.32,2022-06-15,17:35:00.0,2022-06-15,20:46:00.0,17,20,June,Wednesday,191.0,Weekday,74,2022-06-15T17:35:00.0,2022-06-15T20:46:00.0,17.583333333333332
CH578,KR_U1230,KR5195,2.1333333333333333,14.35,2022-05-12,17:37:00.0,2022-05-12,19:45:00.0,17,19,May,Thursday,128.0,Weekday,74,2022-05-12T17:37:00.0,2022-05-12T19:45:00.0,17.616666666666667
CH578,KR_U1230,KR5196,1.8833333333333333,12.45,2022-04-05,17:44:00.0,2022-04-05,19:37:00.0,17,19,April,Tuesday,113.0,Weekday,74,2022-04-05T17:44:00.0,2022-04-05T19:37:00.0,17.733333333333334
CH578,KR_U1230,KR5197,2.283333333333333,15.42,2022-04-12,17:49:00.0,2022-04-12,20:06:00.0,17,20,April,Tuesday,137.0,Weekday,74,2022-04-12T17:49:00.0,2022-04-12T20:06:00.0,17.816666666666666
CH578,KR_U1230,KR5198,2.6666666666666665,17.84,2022-03-28,18:51:00.0,2022-03-28,21:31:00.0,18,21,March,Monday,160.0,Weekday,74,2022-03-28T18:51:00.0,2022-03-28T21:31:00.0,18.85
CH578,KR_U1230,KR5199,1.2333333333333334,8.06,2022-02-07,17:30:00.0,2022-02-07,18:44:00.0,17,18,February,Monday,74.0,Weekday,74,2022-02-07T17:30:00.0,2022-02-07T18:44:00.0,17.5
CH578,KR_U1230,KR5200,1.3833333333333333,9.18,2021-12-13,17:32:00.0,2021-12-13,18:55:00.0,17,18,December,Monday,83.0,Weekday,74,2021-12-13T17:32:00.0,2021-12-13T18:55:00.0,17.533333333333335
CH578,KR_U1230,KR5201,1.7666666666666666,11.63,2021-12-15,17:18:00.0,2021-12-15,19:04:00.0,17,19,December,Wednesday,106.0,Weekday,74,2021-12-15T17:18:00.0,2021-12-15T19:04:00.0,17.3
CH578,KR_U1230,KR5202,3.1333333333333333,20.76,2021-12-24,17:31:00.0,2021-12-24,20:39:00.0,17,20,December,Friday,188.0,Weekday,74,2021-12-24T17:31:00.0,2021-12-24T20:39:00.0,17.516666666666666
CH578,KR_U1230,KR5203,3.1333333333333333,20.77,2021-12-27,17:20:00.0,2021-12-27,20:28:00.0,17,20,December,Monday,188.0,Weekday,74,2021-12-27T17:20:00.0,2021-12-27T20:28:00.0,17.333333333333332
CH578,KR_U1446,KR5204,3.1,20.76,2022-06-08,16:49:00.0,2022-06-08,19:55:00.0,16,19,June,Wednesday,186.0,Weekday,75,2022-06-08T16:49:00.0,2022-06-08T19:55:00.0,16.816666666666666
CH578,KR_U1446,KR5205,3.1166666666666667,20.76,2022-06-18,07:52:00.0,2022-06-18,10:59:00.0,7,10,June,Saturday,187.0,Weekend,75,2022-06-18T07:52:00.0,2022-06-18T10:59:00.0,7.866666666666667
CH578,KR_U1446,KR5206,2.433333333333333,16.39,2022-06-21,17:27:00.0,2022-06-21,19:53:00.0,17,19,June,Tuesday,146.0,Weekday,75,2022-06-21T17:27:00.0,2022-06-21T19:53:00.0,17.45
CH578,KR_U1446,KR5207,2.5166666666666666,17.02,2022-05-02,17:15:00.0,2022-05-02,19:46:00.0,17,19,May,Monday,151.0,Weekday,75,2022-05-02T17:15:00.0,2022-05-02T19:46:00.0,17.25
CH578,KR_U1446,KR5208,1.3333333333333333,8.95,2022-05-14,15:57:00.0,2022-05-14,17:17:00.0,15,17,May,Saturday,80.0,Weekend,75,2022-05-14T15:57:00.0,2022-05-14T17:17:00.0,15.95
CH578,KR_U1446,KR5209,1.7833333333333334,12.06,2022-04-09,13:02:00.0,2022-04-09,14:49:00.0,13,14,April,Saturday,107.0,Weekend,75,2022-04-09T13:02:00.0,2022-04-09T14:49:00.0,13.033333333333333
CH578,KR_U1446,KR5210,0.4666666666666667,3.1,2022-03-01,15:53:00.0,2022-03-01,16:21:00.0,15,16,March,Tuesday,28.0,Weekday,75,2022-03-01T15:53:00.0,2022-03-01T16:21:00.0,15.883333333333333
CH578,KR_U1446,KR5211,1.3666666666666667,9.0,2022-03-01,16:58:00.0,2022-03-01,18:20:00.0,16,18,March,Tuesday,82.0,Weekday,75,2022-03-01T16:58:00.0,2022-03-01T18:20:00.0,16.966666666666665
CH578,KR_U1446,KR5212,1.4166666666666667,9.41,2022-03-11,16:59:00.0,2022-03-11,18:24:00.0,16,18,March,Friday,85.0,Weekday,75,2022-03-11T16:59:00.0,2022-03-11T18:24:00.0,16.983333333333334
CH578,KR_U1446,KR5213,2.85,19.08,2022-03-17,18:05:00.0,2022-03-17,20:56:00.0,18,20,March,Thursday,171.0,Weekday,75,2022-03-17T18:05:00.0,2022-03-17T20:56:00.0,18.083333333333332
CH578,KR_U1446,KR5214,2.4,16.16,2022-03-23,17:10:00.0,2022-03-23,19:34:00.0,17,19,March,Wednesday,144.0,Weekday,75,2022-03-23T17:10:00.0,2022-03-23T19:34:00.0,17.166666666666668
CH578,KR_U1446,KR5215,1.3,8.74,2022-03-24,16:40:00.0,2022-03-24,17:58:00.0,16,17,March,Thursday,78.0,Weekday,75,2022-03-24T16:40:00.0,2022-03-24T17:58:00.0,16.666666666666668
CH578,KR_U1446,KR5216,2.05,13.44,2022-02-15,17:28:00.0,2022-02-15,19:31:00.0,17,19,February,Tuesday,122.99999999999999,Weekday,75,2022-02-15T17:28:00.0,2022-02-15T19:31:00.0,17.466666666666665
CH578,KR_U1446,KR5217,3.033333333333333,19.93,2022-02-17,17:33:00.0,2022-02-17,20:35:00.0,17,20,February,Thursday,182.0,Weekday,75,2022-02-17T17:33:00.0,2022-02-17T20:35:00.0,17.55
CH578,KR_U1446,KR5218,2.1,14.05,2021-10-19,16:16:00.0,2021-10-19,18:22:00.0,16,18,October,Tuesday,126.0,Weekday,75,2021-10-19T16:16:00.0,2021-10-19T18:22:00.0,16.266666666666666
CH579,KR_U127,KR5252,1.7833333333333334,12.4,2022-09-30,16:54:00.0,2022-09-30,18:41:00.0,16,18,September,Friday,107.0,Weekday,65,2022-09-30T16:54:00.0,2022-09-30T18:41:00.0,16.9
CH579,KR_U127,KR5253,0.21666666666666667,1.53,2022-09-29,15:14:00.0,2022-09-29,15:27:00.0,15,15,September,Thursday,13.0,Weekday,65,2022-09-29T15:14:00.0,2022-09-29T15:27:00.0,15.233333333333333
CH579,KR_U127,KR5254,1.3333333333333333,9.36,2022-09-23,12:50:00.0,2022-09-23,14:10:00.0,12,14,September,Friday,80.0,Weekday,65,2022-09-23T12:50:00.0,2022-09-23T14:10:00.0,12.833333333333334
CH579,KR_U127,KR5255,1.65,11.46,2022-09-22,14:04:00.0,2022-09-22,15:43:00.0,14,15,September,Thursday,99.0,Weekday,65,2022-09-22T14:04:00.0,2022-09-22T15:43:00.0,14.066666666666666
CH579,KR_U127,KR5256,2.1666666666666665,15.11,2022-08-01,17:13:00.0,2022-08-01,19:23:00.0,17,19,August,Monday,130.0,Weekday,65,2022-08-01T17:13:00.0,2022-08-01T19:23:00.0,17.216666666666665
CH579,KR_U127,KR5257,1.2833333333333334,8.98,2022-08-18,17:03:00.0,2022-08-18,18:20:00.0,17,18,August,Thursday,77.0,Weekday,65,2022-08-18T17:03:00.0,2022-08-18T18:20:00.0,17.05
CH579,KR_U127,KR5258,0.6333333333333333,4.32,2022-08-18,15:23:00.0,2022-08-18,16:01:00.0,15,16,August,Thursday,38.0,Weekday,65,2022-08-18T15:23:00.0,2022-08-18T16:01:00.0,15.383333333333333
CH579,KR_U127,KR5259,1.6833333333333333,11.73,2022-08-17,17:41:00.0,2022-08-17,19:22:00.0,17,19,August,Wednesday,101.0,Weekday,65,2022-08-17T17:41:00.0,2022-08-17T19:22:00.0,17.683333333333334
CH579,KR_U127,KR5260,1.7166666666666666,11.83,2022-08-16,17:04:00.0,2022-08-16,18:47:00.0,17,18,August,Tuesday,103.0,Weekday,65,2022-08-16T17:04:00.0,2022-08-16T18:47:00.0,17.066666666666666
CH579,KR_U127,KR5261,0.7166666666666667,5.0,2022-07-08,15:42:00.0,2022-07-08,16:25:00.0,15,16,July,Friday,43.0,Weekday,65,2022-07-08T15:42:00.0,2022-07-08T16:25:00.0,15.7
CH579,KR_U127,KR5262,1.95,13.31,2022-07-11,17:12:00.0,2022-07-11,19:09:00.0,17,19,July,Monday,117.0,Weekday,65,2022-07-11T17:12:00.0,2022-07-11T19:09:00.0,17.2
CH579,KR_U127,KR5263,1.6833333333333333,11.63,2022-07-12,15:35:00.0,2022-07-12,17:16:00.0,15,17,July,Tuesday,101.0,Weekday,65,2022-07-12T15:35:00.0,2022-07-12T17:16:00.0,15.583333333333334
CH579,KR_U127,KR5264,2.216666666666667,15.42,2022-07-13,15:40:00.0,2022-07-13,17:53:00.0,15,17,July,Wednesday,133.0,Weekday,65,2022-07-13T15:40:00.0,2022-07-13T17:53:00.0,15.666666666666666
CH579,KR_U127,KR5265,0.7666666666666667,5.24,2022-07-14,16:15:00.0,2022-07-14,17:01:00.0,16,17,July,Thursday,46.0,Weekday,65,2022-07-14T16:15:00.0,2022-07-14T17:01:00.0,16.25
CH579,KR_U127,KR5266,2.3833333333333333,16.42,2022-07-20,15:48:00.0,2022-07-20,18:11:00.0,15,18,July,Wednesday,143.0,Weekday,65,2022-07-20T15:48:00.0,2022-07-20T18:11:00.0,15.8
CH579,KR_U127,KR5267,0.6333333333333333,4.33,2022-07-26,11:04:00.0,2022-07-26,11:42:00.0,11,11,July,Tuesday,38.0,Weekday,65,2022-07-26T11:04:00.0,2022-07-26T11:42:00.0,11.066666666666666
CH579,KR_U127,KR5268,1.4166666666666667,9.78,2022-07-26,17:09:00.0,2022-07-26,18:34:00.0,17,18,July,Tuesday,85.0,Weekday,65,2022-07-26T17:09:00.0,2022-07-26T18:34:00.0,17.15
CH579,KR_U127,KR5269,0.8333333333333334,5.7,2022-07-29,14:28:00.0,2022-07-29,15:18:00.0,14,15,July,Friday,50.0,Weekday,65,2022-07-29T14:28:00.0,2022-07-29T15:18:00.0,14.466666666666667
CH579,KR_U127,KR5270,0.4,2.84,2022-06-13,15:54:00.0,2022-06-13,16:18:00.0,15,16,June,Monday,24.0,Weekday,65,2022-06-13T15:54:00.0,2022-06-13T16:18:00.0,15.9
CH579,KR_U127,KR5271,1.5166666666666666,10.53,2022-06-14,16:27:00.0,2022-06-14,17:58:00.0,16,17,June,Tuesday,91.0,Weekday,65,2022-06-14T16:27:00.0,2022-06-14T17:58:00.0,16.45
CH579,KR_U127,KR5272,1.5333333333333334,10.6,2022-06-15,15:26:00.0,2022-06-15,16:58:00.0,15,16,June,Wednesday,92.0,Weekday,65,2022-06-15T15:26:00.0,2022-06-15T16:58:00.0,15.433333333333334
CH579,KR_U127,KR5273,1.5,10.38,2022-06-16,15:39:00.0,2022-06-16,17:09:00.0,15,17,June,Thursday,90.0,Weekday,65,2022-06-16T15:39:00.0,2022-06-16T17:09:00.0,15.65
CH579,KR_U127,KR5274,1.4833333333333334,10.36,2022-06-17,16:51:00.0,2022-06-17,18:20:00.0,16,18,June,Friday,89.0,Weekday,65,2022-06-17T16:51:00.0,2022-06-17T18:20:00.0,16.85
CH579,KR_U127,KR5275,1.7166666666666666,11.98,2022-06-21,14:51:00.0,2022-06-21,16:34:00.0,14,16,June,Tuesday,103.0,Weekday,65,2022-06-21T14:51:00.0,2022-06-21T16:34:00.0,14.85
CH579,KR_U127,KR5276,0.3,2.09,2022-06-24,14:35:00.0,2022-06-24,14:53:00.0,14,14,June,Friday,18.0,Weekday,65,2022-06-24T14:35:00.0,2022-06-24T14:53:00.0,14.583333333333334
CH579,KR_U127,KR5277,1.95,13.39,2022-06-30,17:52:00.0,2022-06-30,19:49:00.0,17,19,June,Thursday,117.0,Weekday,65,2022-06-30T17:52:00.0,2022-06-30T19:49:00.0,17.866666666666667
CH579,KR_U127,KR5278,1.8166666666666667,12.73,2022-05-02,17:01:00.0,2022-05-02,18:50:00.0,17,18,May,Monday,109.0,Weekday,65,2022-05-02T17:01:00.0,2022-05-02T18:50:00.0,17.016666666666666
CH579,KR_U127,KR5279,0.9333333333333333,6.52,2022-05-06,11:25:00.0,2022-05-06,12:21:00.0,11,12,May,Friday,56.0,Weekday,65,2022-05-06T11:25:00.0,2022-05-06T12:21:00.0,11.416666666666666
CH579,KR_U127,KR5280,2.4166666666666665,16.53,2022-05-16,15:10:00.0,2022-05-16,17:35:00.0,15,17,May,Monday,145.0,Weekday,65,2022-05-16T15:10:00.0,2022-05-16T17:35:00.0,15.166666666666666
CH579,KR_U127,KR5281,1.4833333333333334,10.55,2022-05-17,12:05:00.0,2022-05-17,13:34:00.0,12,13,May,Tuesday,89.0,Weekday,65,2022-05-17T12:05:00.0,2022-05-17T13:34:00.0,12.083333333333334
CH579,KR_U127,KR5282,0.2,1.31,2022-04-14,10:38:00.0,2022-04-14,10:50:00.0,10,10,April,Thursday,12.0,Weekday,65,2022-04-14T10:38:00.0,2022-04-14T10:50:00.0,10.633333333333333
CH579,KR_U127,KR5283,0.3,2.04,2022-04-25,15:05:00.0,2022-04-25,15:23:00.0,15,15,April,Monday,18.0,Weekday,65,2022-04-25T15:05:00.0,2022-04-25T15:23:00.0,15.083333333333334
CH579,KR_U127,KR5284,0.2,1.37,2022-04-28,17:49:00.0,2022-04-28,18:01:00.0,17,18,April,Thursday,12.0,Weekday,65,2022-04-28T17:49:00.0,2022-04-28T18:01:00.0,17.816666666666666
CH579,KR_U127,KR5285,1.65,10.67,2022-03-07,15:16:00.0,2022-03-07,16:55:00.0,15,16,March,Monday,99.0,Weekday,65,2022-03-07T15:16:00.0,2022-03-07T16:55:00.0,15.266666666666667
CH579,KR_U127,KR5286,2.0,11.67,2022-03-08,17:34:00.0,2022-03-08,19:34:00.0,17,19,March,Tuesday,120.0,Weekday,65,2022-03-08T17:34:00.0,2022-03-08T19:34:00.0,17.566666666666666
CH579,KR_U127,KR5287,0.23333333333333334,1.18,2022-03-15,15:18:00.0,2022-03-15,15:32:00.0,15,15,March,Tuesday,14.0,Weekday,65,2022-03-15T15:18:00.0,2022-03-15T15:32:00.0,15.3
CH579,KR_U127,KR5288,0.31666666666666665,1.63,2022-03-21,11:04:00.0,2022-03-21,11:23:00.0,11,11,March,Monday,19.0,Weekday,65,2022-03-21T11:04:00.0,2022-03-21T11:23:00.0,11.066666666666666
CH579,KR_U127,KR5289,0.7166666666666667,4.62,2022-03-24,14:28:00.0,2022-03-24,15:11:00.0,14,15,March,Thursday,43.0,Weekday,65,2022-03-24T14:28:00.0,2022-03-24T15:11:00.0,14.466666666666667
CH579,KR_U127,KR5290,0.8333333333333334,5.54,2022-03-30,14:59:00.0,2022-03-30,15:49:00.0,14,15,March,Wednesday,50.0,Weekday,65,2022-03-30T14:59:00.0,2022-03-30T15:49:00.0,14.983333333333333
CH579,KR_U127,KR5291,1.95,11.05,2022-03-31,16:17:00.0,2022-03-31,18:14:00.0,16,18,March,Thursday,117.0,Weekday,65,2022-03-31T16:17:00.0,2022-03-31T18:14:00.0,16.283333333333335
CH579,KR_U127,KR5292,1.8666666666666667,9.38,2022-02-10,13:43:00.0,2022-02-10,15:35:00.0,13,15,February,Thursday,112.0,Weekday,65,2022-02-10T13:43:00.0,2022-02-10T15:35:00.0,13.716666666666667
CH579,KR_U127,KR5293,3.0,20.77,2022-02-14,16:31:00.0,2022-02-14,19:31:00.0,16,19,February,Monday,180.0,Weekday,65,2022-02-14T16:31:00.0,2022-02-14T19:31:00.0,16.516666666666666
CH579,KR_U127,KR5294,1.4,6.31,2022-02-25,12:23:00.0,2022-02-25,13:47:00.0,12,13,February,Friday,84.0,Weekday,65,2022-02-25T12:23:00.0,2022-02-25T13:47:00.0,12.383333333333333
CH579,KR_U127,KR5295,1.0,6.26,2021-12-24,13:57:00.0,2021-12-24,14:57:00.0,13,14,December,Friday,60.0,Weekday,65,2021-12-24T13:57:00.0,2021-12-24T14:57:00.0,13.95
CH579,KR_U127,KR5296,2.566666666666667,16.25,2021-12-28,15:24:00.0,2021-12-28,17:58:00.0,15,17,December,Tuesday,154.0,Weekday,65,2021-12-28T15:24:00.0,2021-12-28T17:58:00.0,15.4
CH579,KR_U127,KR5297,1.6333333333333333,10.0,2021-11-02,10:08:00.0,2021-11-02,11:46:00.0,10,11,November,Tuesday,98.0,Weekday,65,2021-11-02T10:08:00.0,2021-11-02T11:46:00.0,10.133333333333333
CH579,KR_U127,KR5298,2.066666666666667,13.97,2021-11-08,15:28:00.0,2021-11-08,17:32:00.0,15,17,November,Monday,124.00000000000001,Weekday,65,2021-11-08T15:28:00.0,2021-11-08T17:32:00.0,15.466666666666667
CH579,KR_U127,KR5299,0.9,6.17,2021-10-01,14:54:00.0,2021-10-01,15:48:00.0,14,15,October,Friday,54.0,Weekday,65,2021-10-01T14:54:00.0,2021-10-01T15:48:00.0,14.9
CH579,KR_U127,KR5300,1.3666666666666667,9.51,2021-10-05,14:16:00.0,2021-10-05,15:38:00.0,14,15,October,Tuesday,82.0,Weekday,65,2021-10-05T14:16:00.0,2021-10-05T15:38:00.0,14.266666666666667
CH579,KR_U127,KR5301,0.8833333333333333,6.24,2021-10-08,14:51:00.0,2021-10-08,15:44:00.0,14,15,October,Friday,53.0,Weekday,65,2021-10-08T14:51:00.0,2021-10-08T15:44:00.0,14.85
CH579,KR_U127,KR5302,0.8333333333333334,5.82,2021-10-08,16:32:00.0,2021-10-08,17:22:00.0,16,17,October,Friday,50.0,Weekday,65,2021-10-08T16:32:00.0,2021-10-08T17:22:00.0,16.533333333333335
CH579,KR_U127,KR5303,2.75,19.24,2021-10-14,14:37:00.0,2021-10-14,17:22:00.0,14,17,October,Thursday,165.0,Weekday,65,2021-10-14T14:37:00.0,2021-10-14T17:22:00.0,14.616666666666667
CH579,KR_U127,KR5304,1.6166666666666667,10.23,2021-10-19,15:46:00.0,2021-10-19,17:23:00.0,15,17,October,Tuesday,97.0,Weekday,65,2021-10-19T15:46:00.0,2021-10-19T17:23:00.0,15.766666666666667
CH579,KR_U127,KR5305,2.0833333333333335,13.85,2021-10-28,12:18:00.0,2021-10-28,14:23:00.0,12,14,October,Thursday,125.00000000000001,Weekday,65,2021-10-28T12:18:00.0,2021-10-28T14:23:00.0,12.3
CH579,KR_U434,KR5306,0.8,5.47,2022-08-12,08:22:00.0,2022-08-12,09:10:00.0,8,9,August,Friday,48.0,Weekday,67,2022-08-12T08:22:00.0,2022-08-12T09:10:00.0,8.366666666666667
CH579,KR_U434,KR5307,0.9333333333333333,5.49,2022-03-08,10:35:00.0,2022-03-08,11:31:00.0,10,11,March,Tuesday,56.0,Weekday,67,2022-03-08T10:35:00.0,2022-03-08T11:31:00.0,10.583333333333334
CH579,KR_U434,KR5308,1.95,11.95,2022-02-11,11:02:00.0,2022-02-11,12:59:00.0,11,12,February,Friday,117.0,Weekday,67,2022-02-11T11:02:00.0,2022-02-11T12:59:00.0,11.033333333333333
CH579,KR_U1222,KR5321,2.6666666666666665,17.8,2022-07-06,17:29:00.0,2022-07-06,20:09:00.0,17,20,July,Wednesday,160.0,Weekday,69,2022-07-06T17:29:00.0,2022-07-06T20:09:00.0,17.483333333333334
CH579,KR_U1222,KR5322,1.1833333333333333,7.74,2022-06-22,17:40:00.0,2022-06-22,18:51:00.0,17,18,June,Wednesday,71.0,Weekday,69,2022-06-22T17:40:00.0,2022-06-22T18:51:00.0,17.666666666666668
CH579,KR_U1222,KR5323,1.25,8.26,2022-04-07,17:35:00.0,2022-04-07,18:50:00.0,17,18,April,Thursday,75.0,Weekday,69,2022-04-07T17:35:00.0,2022-04-07T18:50:00.0,17.583333333333332
CH579,KR_U1222,KR5324,1.45,9.56,2022-01-05,17:29:00.0,2022-01-05,18:56:00.0,17,18,January,Wednesday,87.0,Weekday,69,2022-01-05T17:29:00.0,2022-01-05T18:56:00.0,17.483333333333334
CH579,KR_U1222,KR5325,1.3666666666666667,8.84,2021-12-30,17:25:00.0,2021-12-30,18:47:00.0,17,18,December,Thursday,82.0,Weekday,69,2021-12-30T17:25:00.0,2021-12-30T18:47:00.0,17.416666666666668
CH579,KR_U1225,KR5340,2.2666666666666666,15.05,2022-07-19,17:46:00.0,2022-07-19,20:02:00.0,17,20,July,Tuesday,136.0,Weekday,71,2022-07-19T17:46:00.0,2022-07-19T20:02:00.0,17.766666666666666
CH579,KR_U1225,KR5341,2.4833333333333334,16.72,2022-06-12,15:53:00.0,2022-06-12,18:22:00.0,15,18,June,Sunday,149.0,Weekend,71,2022-06-12T15:53:00.0,2022-06-12T18:22:00.0,15.883333333333333
CH579,KR_U1225,KR5342,2.45,16.32,2022-06-29,18:44:00.0,2022-06-29,21:11:00.0,18,21,June,Wednesday,147.0,Weekday,71,2022-06-29T18:44:00.0,2022-06-29T21:11:00.0,18.733333333333334
CH579,KR_U1225,KR5343,0.8833333333333333,5.91,2022-05-28,16:57:00.0,2022-05-28,17:50:00.0,16,17,May,Saturday,53.0,Weekend,71,2022-05-28T16:57:00.0,2022-05-28T17:50:00.0,16.95
CH579,KR_U1225,KR5344,1.6833333333333333,11.32,2022-04-12,17:31:00.0,2022-04-12,19:12:00.0,17,19,April,Tuesday,101.0,Weekday,71,2022-04-12T17:31:00.0,2022-04-12T19:12:00.0,17.516666666666666
CH579,KR_U1225,KR5345,0.6,3.89,2022-01-17,17:24:00.0,2022-01-17,18:00:00.0,17,18,January,Monday,36.0,Weekday,71,2022-01-17T17:24:00.0,2022-01-17T18:00:00.0,17.4
CH579,KR_U1225,KR5346,1.7833333333333334,11.77,2022-01-20,17:36:00.0,2022-01-20,19:23:00.0,17,19,January,Thursday,107.0,Weekday,71,2022-01-20T17:36:00.0,2022-01-20T19:23:00.0,17.6
CH579,KR_U1225,KR5347,2.7666666666666666,18.45,2022-01-27,17:30:00.0,2022-01-27,20:16:00.0,17,20,January,Thursday,166.0,Weekday,71,2022-01-27T17:30:00.0,2022-01-27T20:16:00.0,17.5
CH579,KR_U1225,KR5348,3.0833333333333335,20.76,2021-12-09,17:45:00.0,2021-12-09,20:50:00.0,17,20,December,Thursday,185.0,Weekday,71,2021-12-09T17:45:00.0,2021-12-09T20:50:00.0,17.75
CH579,KR_U1225,KR5349,1.3,8.65,2021-12-11,16:58:00.0,2021-12-11,18:16:00.0,16,18,December,Saturday,78.0,Weekend,71,2021-12-11T16:58:00.0,2021-12-11T18:16:00.0,16.966666666666665
CH579,KR_U1225,KR5350,3.3833333333333333,22.69,2021-12-17,17:22:00.0,2021-12-17,20:45:00.0,17,20,December,Friday,203.0,Weekday,71,2021-12-17T17:22:00.0,2021-12-17T20:45:00.0,17.366666666666667
CH579,KR_U1225,KR5351,2.5833333333333335,17.16,2021-10-22,17:38:00.0,2021-10-22,20:13:00.0,17,20,October,Friday,155.0,Weekday,71,2021-10-22T17:38:00.0,2021-10-22T20:13:00.0,17.633333333333333
CH579,KR_U1225,KR5352,1.75,11.55,2021-10-26,17:41:00.0,2021-10-26,19:26:00.0,17,19,October,Tuesday,105.0,Weekday,71,2021-10-26T17:41:00.0,2021-10-26T19:26:00.0,17.683333333333334
CH579,KR_U1228,KR5353,2.25,14.72,2022-07-05,17:24:00.0,2022-07-05,19:39:00.0,17,19,July,Tuesday,135.0,Weekday,72,2022-07-05T17:24:00.0,2022-07-05T19:39:00.0,17.4
CH579,KR_U1228,KR5354,2.65,17.59,2022-07-07,17:39:00.0,2022-07-07,20:18:00.0,17,20,July,Thursday,159.0,Weekday,72,2022-07-07T17:39:00.0,2022-07-07T20:18:00.0,17.65
CH579,KR_U1228,KR5355,1.1666666666666667,7.64,2022-06-23,17:19:00.0,2022-06-23,18:29:00.0,17,18,June,Thursday,70.0,Weekday,72,2022-06-23T17:19:00.0,2022-06-23T18:29:00.0,17.316666666666666
CH579,KR_U1228,KR5356,0.6833333333333333,4.59,2022-05-18,17:09:00.0,2022-05-18,17:50:00.0,17,17,May,Wednesday,41.0,Weekday,72,2022-05-18T17:09:00.0,2022-05-18T17:50:00.0,17.15
CH579,KR_U1228,KR5357,2.2666666666666666,15.08,2022-04-15,18:55:00.0,2022-04-15,21:11:00.0,18,21,April,Friday,136.0,Weekday,72,2022-04-15T18:55:00.0,2022-04-15T21:11:00.0,18.916666666666668
CH579,KR_U1228,KR5358,1.4333333333333333,9.48,2022-04-19,18:26:00.0,2022-04-19,19:52:00.0,18,19,April,Tuesday,86.0,Weekday,72,2022-04-19T18:26:00.0,2022-04-19T19:52:00.0,18.433333333333334
CH579,KR_U1228,KR5359,3.0166666666666666,20.07,2022-03-21,17:58:00.0,2022-03-21,20:59:00.0,17,20,March,Monday,181.0,Weekday,72,2022-03-21T17:58:00.0,2022-03-21T20:59:00.0,17.966666666666665
CH579,KR_U1228,KR5360,0.8833333333333333,5.76,2022-03-28,18:49:00.0,2022-03-28,19:42:00.0,18,19,March,Monday,53.0,Weekday,72,2022-03-28T18:49:00.0,2022-03-28T19:42:00.0,18.816666666666666
CH579,KR_U1228,KR5361,0.7166666666666667,4.64,2022-02-22,17:30:00.0,2022-02-22,18:13:00.0,17,18,February,Tuesday,43.0,Weekday,72,2022-02-22T17:30:00.0,2022-02-22T18:13:00.0,17.5
CH579,KR_U1228,KR5362,0.75,4.88,2022-01-15,16:41:00.0,2022-01-15,17:26:00.0,16,17,January,Saturday,45.0,Weekend,72,2022-01-15T16:41:00.0,2022-01-15T17:26:00.0,16.683333333333334
CH579,KR_U1228,KR5363,0.85,5.5,2022-01-26,18:19:00.0,2022-01-26,19:10:00.0,18,19,January,Wednesday,51.0,Weekday,72,2022-01-26T18:19:00.0,2022-01-26T19:10:00.0,18.316666666666666
CH579,KR_U1228,KR5364,0.6666666666666666,4.4,2021-12-21,17:37:00.0,2021-12-21,18:17:00.0,17,18,December,Tuesday,40.0,Weekday,72,2021-12-21T17:37:00.0,2021-12-21T18:17:00.0,17.616666666666667
CH579,KR_U1228,KR5365,0.1,0.57,2021-12-21,20:00:00.0,2021-12-21,20:06:00.0,20,20,December,Tuesday,6.0,Weekday,72,2021-12-21T20:00:00.0,2021-12-21T20:06:00.0,20.0
CH579,KR_U1228,KR5366,1.5333333333333334,10.24,2021-11-01,17:49:00.0,2021-11-01,19:21:00.0,17,19,November,Monday,92.0,Weekday,72,2021-11-01T17:49:00.0,2021-11-01T19:21:00.0,17.816666666666666
CH579,KR_U1228,KR5367,1.2166666666666666,7.94,2021-11-10,14:56:00.0,2021-11-10,16:09:00.0,14,16,November,Wednesday,73.0,Weekday,72,2021-11-10T14:56:00.0,2021-11-10T16:09:00.0,14.933333333333334
CH579,KR_U1230,KR5369,0.26666666666666666,1.74,2022-07-04,17:23:00.0,2022-07-04,17:39:00.0,17,17,July,Monday,16.0,Weekday,74,2022-07-04T17:23:00.0,2022-07-04T17:39:00.0,17.383333333333333
CH579,KR_U1230,KR5370,2.45,16.36,2022-06-03,17:16:00.0,2022-06-03,19:43:00.0,17,19,June,Friday,147.0,Weekday,74,2022-06-03T17:16:00.0,2022-06-03T19:43:00.0,17.266666666666666
CH579,KR_U1230,KR5371,1.9833333333333334,13.12,2022-05-17,18:35:00.0,2022-05-17,20:34:00.0,18,20,May,Tuesday,119.0,Weekday,74,2022-05-17T18:35:00.0,2022-05-17T20:34:00.0,18.583333333333332
CH579,KR_U1230,KR5372,3.1,20.76,2022-05-29,15:46:00.0,2022-05-29,18:52:00.0,15,18,May,Sunday,186.0,Weekend,74,2022-05-29T15:46:00.0,2022-05-29T18:52:00.0,15.766666666666667
CH579,KR_U1230,KR5373,1.5333333333333334,10.22,2021-12-10,17:23:00.0,2021-12-10,18:55:00.0,17,18,December,Friday,92.0,Weekday,74,2021-12-10T17:23:00.0,2021-12-10T18:55:00.0,17.383333333333333
CH579,KR_U1230,KR5374,2.85,19.02,2021-11-29,17:27:00.0,2021-11-29,20:18:00.0,17,20,November,Monday,171.0,Weekday,74,2021-11-29T17:27:00.0,2021-11-29T20:18:00.0,17.45
CH579,KR_U1230,KR5375,0.9833333333333333,6.59,2021-10-07,17:16:00.0,2021-10-07,18:15:00.0,17,18,October,Thursday,59.0,Weekday,74,2021-10-07T17:16:00.0,2021-10-07T18:15:00.0,17.266666666666666
CH579,KR_U1230,KR5376,1.7833333333333334,11.89,2021-10-13,17:39:00.0,2021-10-13,19:26:00.0,17,19,October,Wednesday,107.0,Weekday,74,2021-10-13T17:39:00.0,2021-10-13T19:26:00.0,17.65
CH579,KR_U1446,KR5377,1.5166666666666666,10.09,2022-06-04,15:34:00.0,2022-06-04,17:05:00.0,15,17,June,Saturday,91.0,Weekend,75,2022-06-04T15:34:00.0,2022-06-04T17:05:00.0,15.566666666666666
CH579,KR_U1446,KR5378,2.8333333333333335,18.88,2022-05-04,17:09:00.0,2022-05-04,19:59:00.0,17,19,May,Wednesday,170.0,Weekday,75,2022-05-04T17:09:00.0,2022-05-04T19:59:00.0,17.15
CH579,KR_U1446,KR5379,1.75,11.75,2022-05-20,17:03:00.0,2022-05-20,18:48:00.0,17,18,May,Friday,105.0,Weekday,75,2022-05-20T17:03:00.0,2022-05-20T18:48:00.0,17.05
CH579,KR_U1446,KR5380,2.033333333333333,13.67,2022-05-27,15:29:00.0,2022-05-27,17:31:00.0,15,17,May,Friday,122.0,Weekday,75,2022-05-27T15:29:00.0,2022-05-27T17:31:00.0,15.483333333333333
CH579,KR_U1446,KR5381,2.2333333333333334,14.95,2022-04-16,16:11:00.0,2022-04-16,18:25:00.0,16,18,April,Saturday,134.0,Weekend,75,2022-04-16T16:11:00.0,2022-04-16T18:25:00.0,16.183333333333334
CH579,KR_U1446,KR5382,1.3166666666666667,8.78,2022-04-23,16:32:00.0,2022-04-23,17:51:00.0,16,17,April,Saturday,79.0,Weekend,75,2022-04-23T16:32:00.0,2022-04-23T17:51:00.0,16.533333333333335
CH579,KR_U1446,KR5383,1.3833333333333333,9.26,2022-03-07,09:37:00.0,2022-03-07,11:00:00.0,9,11,March,Monday,83.0,Weekday,75,2022-03-07T09:37:00.0,2022-03-07T11:00:00.0,9.616666666666667
CH579,KR_U1446,KR5384,2.3666666666666667,15.66,2022-02-24,17:02:00.0,2022-02-24,19:24:00.0,17,19,February,Thursday,142.0,Weekday,75,2022-02-24T17:02:00.0,2022-02-24T19:24:00.0,17.033333333333335
CH579,KR_U1446,KR5385,3.1,20.76,2022-01-04,16:34:00.0,2022-01-04,19:40:00.0,16,19,January,Tuesday,186.0,Weekday,75,2022-01-04T16:34:00.0,2022-01-04T19:40:00.0,16.566666666666666
CH579,KR_U1446,KR5386,0.45,2.9,2022-01-05,16:48:00.0,2022-01-05,17:15:00.0,16,17,January,Wednesday,27.0,Weekday,75,2022-01-05T16:48:00.0,2022-01-05T17:15:00.0,16.8
CH579,KR_U1446,KR5387,2.55,16.95,2022-01-11,11:26:00.0,2022-01-11,13:59:00.0,11,13,January,Tuesday,153.0,Weekday,75,2022-01-11T11:26:00.0,2022-01-11T13:59:00.0,11.433333333333334
CH579,KR_U1446,KR5388,1.6333333333333333,10.7,2022-01-11,16:15:00.0,2022-01-11,17:53:00.0,16,17,January,Tuesday,98.0,Weekday,75,2022-01-11T16:15:00.0,2022-01-11T17:53:00.0,16.25
CH579,KR_U1446,KR5389,3.1333333333333333,20.76,2021-12-29,16:47:00.0,2021-12-29,19:55:00.0,16,19,December,Wednesday,188.0,Weekday,75,2021-12-29T16:47:00.0,2021-12-29T19:55:00.0,16.783333333333335
CH579,KR_U1446,KR5390,1.6666666666666667,11.0,2021-12-31,16:53:00.0,2021-12-31,18:33:00.0,16,18,December,Friday,100.0,Weekday,75,2021-12-31T16:53:00.0,2021-12-31T18:33:00.0,16.883333333333333
CH579,KR_U1446,KR5391,1.8333333333333333,12.33,2021-10-12,16:37:00.0,2021-10-12,18:27:00.0,16,18,October,Tuesday,110.0,Weekday,75,2021-10-12T16:37:00.0,2021-10-12T18:27:00.0,16.616666666666667
CH579,KR_U1446,KR5392,1.6666666666666667,11.11,2021-10-23,13:06:00.0,2021-10-23,14:46:00.0,13,14,October,Saturday,100.0,Weekend,75,2021-10-23T13:06:00.0,2021-10-23T14:46:00.0,13.1
CH580,KR_U127,KR5417,1.7833333333333334,12.47,2022-09-14,17:07:00.0,2022-09-14,18:54:00.0,17,18,September,Wednesday,107.0,Weekday,65,2022-09-14T17:07:00.0,2022-09-14T18:54:00.0,17.116666666666667
CH580,KR_U127,KR5418,1.8,12.65,2022-09-06,17:34:00.0,2022-09-06,19:22:00.0,17,19,September,Tuesday,108.0,Weekday,65,2022-09-06T17:34:00.0,2022-09-06T19:22:00.0,17.566666666666666
CH580,KR_U127,KR5419,1.7333333333333334,12.15,2022-09-19,14:43:00.0,2022-09-19,16:27:00.0,14,16,September,Monday,104.0,Weekday,65,2022-09-19T14:43:00.0,2022-09-19T16:27:00.0,14.716666666666667
CH580,KR_U127,KR5420,0.7666666666666667,5.37,2022-09-16,15:59:00.0,2022-09-16,16:45:00.0,15,16,September,Friday,46.0,Weekday,65,2022-09-16T15:59:00.0,2022-09-16T16:45:00.0,15.983333333333333
CH580,KR_U127,KR5421,2.2666666666666666,15.8,2022-08-07,11:45:00.0,2022-08-07,14:01:00.0,11,14,August,Sunday,136.0,Weekend,65,2022-08-07T11:45:00.0,2022-08-07T14:01:00.0,11.75
CH580,KR_U127,KR5422,1.3666666666666667,9.63,2022-08-24,15:54:00.0,2022-08-24,17:16:00.0,15,17,August,Wednesday,82.0,Weekday,65,2022-08-24T15:54:00.0,2022-08-24T17:16:00.0,15.9
CH580,KR_U127,KR5423,0.9833333333333333,6.84,2022-07-22,12:47:00.0,2022-07-22,13:46:00.0,12,13,July,Friday,59.0,Weekday,65,2022-07-22T12:47:00.0,2022-07-22T13:46:00.0,12.783333333333333
CH580,KR_U127,KR5424,2.0,14.05,2022-06-09,17:24:00.0,2022-06-09,19:24:00.0,17,19,June,Thursday,120.0,Weekday,65,2022-06-09T17:24:00.0,2022-06-09T19:24:00.0,17.4
CH580,KR_U127,KR5425,1.6,11.14,2022-05-19,13:37:00.0,2022-05-19,15:13:00.0,13,15,May,Thursday,96.0,Weekday,65,2022-05-19T13:37:00.0,2022-05-19T15:13:00.0,13.616666666666667
CH580,KR_U127,KR5426,2.4166666666666665,14.83,2022-04-05,15:15:00.0,2022-04-05,17:40:00.0,15,17,April,Tuesday,145.0,Weekday,65,2022-04-05T15:15:00.0,2022-04-05T17:40:00.0,15.25
CH580,KR_U127,KR5427,0.6666666666666666,4.59,2022-03-28,10:01:00.0,2022-03-28,10:41:00.0,10,10,March,Monday,40.0,Weekday,65,2022-03-28T10:01:00.0,2022-03-28T10:41:00.0,10.016666666666667
CH580,KR_U127,KR5428,1.95,11.52,2021-12-02,15:55:00.0,2021-12-02,17:52:00.0,15,17,December,Thursday,117.0,Weekday,65,2021-12-02T15:55:00.0,2021-12-02T17:52:00.0,15.916666666666666
CH580,KR_U127,KR5429,1.2166666666666666,7.79,2021-12-09,14:34:00.0,2021-12-09,15:47:00.0,14,15,December,Thursday,73.0,Weekday,65,2021-12-09T14:34:00.0,2021-12-09T15:47:00.0,14.566666666666666
CH580,KR_U127,KR5430,1.8833333333333333,12.52,2021-11-10,16:49:00.0,2021-11-10,18:42:00.0,16,18,November,Wednesday,113.0,Weekday,65,2021-11-10T16:49:00.0,2021-11-10T18:42:00.0,16.816666666666666
CH580,KR_U127,KR5431,1.2833333333333334,8.49,2021-11-18,16:58:00.0,2021-11-18,18:15:00.0,16,18,November,Thursday,77.0,Weekday,65,2021-11-18T16:58:00.0,2021-11-18T18:15:00.0,16.966666666666665
CH580,KR_U434,KR5432,0.6333333333333333,4.45,2022-09-07,17:41:00.0,2022-09-07,18:19:00.0,17,18,September,Wednesday,38.0,Weekday,67,2022-09-07T17:41:00.0,2022-09-07T18:19:00.0,17.683333333333334
CH580,KR_U434,KR5433,1.4166666666666667,9.77,2022-09-06,11:00:00.0,2022-09-06,12:25:00.0,11,12,September,Tuesday,85.0,Weekday,67,2022-09-06T11:00:00.0,2022-09-06T12:25:00.0,11.0
CH580,KR_U434,KR5434,1.8333333333333333,12.83,2022-09-01,18:13:00.0,2022-09-01,20:03:00.0,18,20,September,Thursday,110.0,Weekday,67,2022-09-01T18:13:00.0,2022-09-01T20:03:00.0,18.216666666666665
CH580,KR_U434,KR5435,2.216666666666667,15.33,2022-08-23,16:53:00.0,2022-08-23,19:06:00.0,16,19,August,Tuesday,133.0,Weekday,67,2022-08-23T16:53:00.0,2022-08-23T19:06:00.0,16.883333333333333
CH580,KR_U434,KR5436,1.8666666666666667,3.66,2022-08-22,17:40:00.0,2022-08-22,19:32:00.0,17,19,August,Monday,112.0,Weekday,67,2022-08-22T17:40:00.0,2022-08-22T19:32:00.0,17.666666666666668
CH580,KR_U434,KR5437,2.45,16.96,2022-08-18,13:30:00.0,2022-08-18,15:57:00.0,13,15,August,Thursday,147.0,Weekday,67,2022-08-18T13:30:00.0,2022-08-18T15:57:00.0,13.5
CH580,KR_U434,KR5438,1.6333333333333333,11.21,2022-07-08,09:55:00.0,2022-07-08,11:33:00.0,9,11,July,Friday,98.0,Weekday,67,2022-07-08T09:55:00.0,2022-07-08T11:33:00.0,9.916666666666666
CH580,KR_U434,KR5439,1.65,11.4,2022-07-11,17:55:00.0,2022-07-11,19:34:00.0,17,19,July,Monday,99.0,Weekday,67,2022-07-11T17:55:00.0,2022-07-11T19:34:00.0,17.916666666666668
CH580,KR_U434,KR5440,2.683333333333333,18.59,2022-06-08,17:07:00.0,2022-06-08,19:48:00.0,17,19,June,Wednesday,161.0,Weekday,67,2022-06-08T17:07:00.0,2022-06-08T19:48:00.0,17.116666666666667
CH580,KR_U434,KR5441,2.15,14.83,2022-06-22,09:52:00.0,2022-06-22,12:01:00.0,9,12,June,Wednesday,129.0,Weekday,67,2022-06-22T09:52:00.0,2022-06-22T12:01:00.0,9.866666666666667
CH580,KR_U434,KR5442,0.5,3.42,2022-06-27,14:51:00.0,2022-06-27,15:21:00.0,14,15,June,Monday,30.0,Weekday,67,2022-06-27T14:51:00.0,2022-06-27T15:21:00.0,14.85
CH580,KR_U434,KR5443,1.3833333333333333,9.52,2022-06-28,16:08:00.0,2022-06-28,17:31:00.0,16,17,June,Tuesday,83.0,Weekday,67,2022-06-28T16:08:00.0,2022-06-28T17:31:00.0,16.133333333333333
CH580,KR_U434,KR5444,0.5666666666666667,3.93,2022-05-02,14:32:00.0,2022-05-02,15:06:00.0,14,15,May,Monday,34.0,Weekday,67,2022-05-02T14:32:00.0,2022-05-02T15:06:00.0,14.533333333333333
CH580,KR_U434,KR5445,0.8166666666666667,5.59,2022-05-09,17:12:00.0,2022-05-09,18:01:00.0,17,18,May,Monday,49.0,Weekday,67,2022-05-09T17:12:00.0,2022-05-09T18:01:00.0,17.2
CH580,KR_U434,KR5446,1.1833333333333333,8.05,2022-04-11,09:26:00.0,2022-04-11,10:37:00.0,9,10,April,Monday,71.0,Weekday,67,2022-04-11T09:26:00.0,2022-04-11T10:37:00.0,9.433333333333334
CH580,KR_U434,KR5447,1.0333333333333334,7.07,2022-04-15,17:17:00.0,2022-04-15,18:19:00.0,17,18,April,Friday,62.00000000000001,Weekday,67,2022-04-15T17:17:00.0,2022-04-15T18:19:00.0,17.283333333333335
CH580,KR_U434,KR5448,1.0833333333333333,7.32,2022-04-19,11:56:00.0,2022-04-19,13:01:00.0,11,13,April,Tuesday,65.0,Weekday,67,2022-04-19T11:56:00.0,2022-04-19T13:01:00.0,11.933333333333334
CH580,KR_U434,KR5449,1.0,6.83,2022-03-14,17:43:00.0,2022-03-14,18:43:00.0,17,18,March,Monday,60.0,Weekday,67,2022-03-14T17:43:00.0,2022-03-14T18:43:00.0,17.716666666666665
CH580,KR_U434,KR5450,2.4166666666666665,16.68,2022-03-23,17:31:00.0,2022-03-23,19:56:00.0,17,19,March,Wednesday,145.0,Weekday,67,2022-03-23T17:31:00.0,2022-03-23T19:56:00.0,17.516666666666666
CH580,KR_U434,KR5451,0.85,5.0,2022-02-07,10:22:00.0,2022-02-07,11:13:00.0,10,11,February,Monday,51.0,Weekday,67,2022-02-07T10:22:00.0,2022-02-07T11:13:00.0,10.366666666666667
CH580,KR_U434,KR5452,0.6333333333333333,4.07,2022-02-14,16:44:00.0,2022-02-14,17:22:00.0,16,17,February,Monday,38.0,Weekday,67,2022-02-14T16:44:00.0,2022-02-14T17:22:00.0,16.733333333333334
CH580,KR_U434,KR5453,2.5,15.56,2022-02-16,09:45:00.0,2022-02-16,12:15:00.0,9,12,February,Wednesday,150.0,Weekday,67,2022-02-16T09:45:00.0,2022-02-16T12:15:00.0,9.75
CH580,KR_U434,KR5454,0.6333333333333333,3.77,2022-01-11,14:45:00.0,2022-01-11,15:23:00.0,14,15,January,Tuesday,38.0,Weekday,67,2022-01-11T14:45:00.0,2022-01-11T15:23:00.0,14.75
CH580,KR_U434,KR5455,1.6333333333333333,9.76,2022-01-14,13:18:00.0,2022-01-14,14:56:00.0,13,14,January,Friday,98.0,Weekday,67,2022-01-14T13:18:00.0,2022-01-14T14:56:00.0,13.3
CH580,KR_U434,KR5456,2.65,18.1,2022-01-24,10:48:00.0,2022-01-24,13:27:00.0,10,13,January,Monday,159.0,Weekday,67,2022-01-24T10:48:00.0,2022-01-24T13:27:00.0,10.8
CH580,KR_U434,KR5457,0.6666666666666666,4.23,2022-01-26,17:23:00.0,2022-01-26,18:03:00.0,17,18,January,Wednesday,40.0,Weekday,67,2022-01-26T17:23:00.0,2022-01-26T18:03:00.0,17.383333333333333
CH580,KR_U434,KR5458,0.85,5.71,2021-12-10,14:53:00.0,2021-12-10,15:44:00.0,14,15,December,Friday,51.0,Weekday,67,2021-12-10T14:53:00.0,2021-12-10T15:44:00.0,14.883333333333333
CH580,KR_U434,KR5459,0.65,4.38,2021-12-21,17:08:00.0,2021-12-21,17:47:00.0,17,17,December,Tuesday,39.0,Weekday,67,2021-12-21T17:08:00.0,2021-12-21T17:47:00.0,17.133333333333333
CH580,KR_U434,KR5460,0.8333333333333334,4.68,2021-12-28,13:16:00.0,2021-12-28,14:06:00.0,13,14,December,Tuesday,50.0,Weekday,67,2021-12-28T13:16:00.0,2021-12-28T14:06:00.0,13.266666666666667
CH580,KR_U434,KR5461,2.0833333333333335,13.31,2021-12-30,12:27:00.0,2021-12-30,14:32:00.0,12,14,December,Thursday,125.00000000000001,Weekday,67,2021-12-30T12:27:00.0,2021-12-30T14:32:00.0,12.45
CH580,KR_U434,KR5462,1.8333333333333333,12.77,2021-11-04,17:49:00.0,2021-11-04,19:39:00.0,17,19,November,Thursday,110.0,Weekday,67,2021-11-04T17:49:00.0,2021-11-04T19:39:00.0,17.816666666666666
CH580,KR_U434,KR5463,2.45,14.39,2021-11-17,18:21:00.0,2021-11-17,20:48:00.0,18,20,November,Wednesday,147.0,Weekday,67,2021-11-17T18:21:00.0,2021-11-17T20:48:00.0,18.35
CH580,KR_U434,KR5464,2.7333333333333334,18.33,2021-11-22,16:33:00.0,2021-11-22,19:17:00.0,16,19,November,Monday,164.0,Weekday,67,2021-11-22T16:33:00.0,2021-11-22T19:17:00.0,16.55
CH580,KR_U434,KR5465,1.6,9.86,2021-11-25,17:28:00.0,2021-11-25,19:04:00.0,17,19,November,Thursday,96.0,Weekday,67,2021-11-25T17:28:00.0,2021-11-25T19:04:00.0,17.466666666666665
CH580,KR_U434,KR5466,1.2833333333333334,8.89,2021-10-18,18:11:00.0,2021-10-18,19:28:00.0,18,19,October,Monday,77.0,Weekday,67,2021-10-18T18:11:00.0,2021-10-18T19:28:00.0,18.183333333333334
CH580,KR_U434,KR5467,0.75,4.34,2021-10-22,16:45:00.0,2021-10-22,17:30:00.0,16,17,October,Friday,45.0,Weekday,67,2021-10-22T16:45:00.0,2021-10-22T17:30:00.0,16.75
CH580,KR_U1222,KR5471,1.55,6.8,2022-07-01,17:42:00.0,2022-07-01,19:15:00.0,17,19,July,Friday,93.0,Weekday,69,2022-07-01T17:42:00.0,2022-07-01T19:15:00.0,17.7
CH580,KR_U1222,KR5472,1.3833333333333333,9.19,2022-07-16,17:33:00.0,2022-07-16,18:56:00.0,17,18,July,Saturday,83.0,Weekend,69,2022-07-16T17:33:00.0,2022-07-16T18:56:00.0,17.55
CH580,KR_U1222,KR5473,0.9333333333333333,6.19,2022-06-16,17:24:00.0,2022-06-16,18:20:00.0,17,18,June,Thursday,56.0,Weekday,69,2022-06-16T17:24:00.0,2022-06-16T18:20:00.0,17.4
CH580,KR_U1222,KR5474,1.4,9.29,2022-06-23,17:33:00.0,2022-06-23,18:57:00.0,17,18,June,Thursday,84.0,Weekday,69,2022-06-23T17:33:00.0,2022-06-23T18:57:00.0,17.55
CH580,KR_U1222,KR5475,3.0833333333333335,20.77,2022-06-29,17:36:00.0,2022-06-29,20:41:00.0,17,20,June,Wednesday,185.0,Weekday,69,2022-06-29T17:36:00.0,2022-06-29T20:41:00.0,17.6
CH580,KR_U1222,KR5476,2.033333333333333,13.6,2022-06-30,18:13:00.0,2022-06-30,20:15:00.0,18,20,June,Thursday,122.0,Weekday,69,2022-06-30T18:13:00.0,2022-06-30T20:15:00.0,18.216666666666665
CH580,KR_U1222,KR5477,0.4166666666666667,2.68,2022-05-10,17:25:00.0,2022-05-10,17:50:00.0,17,17,May,Tuesday,25.0,Weekday,69,2022-05-10T17:25:00.0,2022-05-10T17:50:00.0,17.416666666666668
CH580,KR_U1222,KR5478,1.3,8.63,2022-05-12,17:47:00.0,2022-05-12,19:05:00.0,17,19,May,Thursday,78.0,Weekday,69,2022-05-12T17:47:00.0,2022-05-12T19:05:00.0,17.783333333333335
CH580,KR_U1222,KR5479,1.1666666666666667,7.7,2022-05-16,17:25:00.0,2022-05-16,18:35:00.0,17,18,May,Monday,70.0,Weekday,69,2022-05-16T17:25:00.0,2022-05-16T18:35:00.0,17.416666666666668
CH580,KR_U1222,KR5480,2.9,19.37,2022-05-26,17:22:00.0,2022-05-26,20:16:00.0,17,20,May,Thursday,174.0,Weekday,69,2022-05-26T17:22:00.0,2022-05-26T20:16:00.0,17.366666666666667
CH580,KR_U1222,KR5481,1.7833333333333334,11.85,2022-04-11,18:04:00.0,2022-04-11,19:51:00.0,18,19,April,Monday,107.0,Weekday,69,2022-04-11T18:04:00.0,2022-04-11T19:51:00.0,18.066666666666666
CH580,KR_U1222,KR5482,0.8333333333333334,5.51,2022-04-12,17:40:00.0,2022-04-12,18:30:00.0,17,18,April,Tuesday,50.0,Weekday,69,2022-04-12T17:40:00.0,2022-04-12T18:30:00.0,17.666666666666668
CH580,KR_U1222,KR5483,3.066666666666667,20.77,2022-04-24,18:11:00.0,2022-04-24,21:15:00.0,18,21,April,Sunday,184.0,Weekend,69,2022-04-24T18:11:00.0,2022-04-24T21:15:00.0,18.183333333333334
CH580,KR_U1222,KR5484,1.2333333333333334,8.17,2022-03-09,17:24:00.0,2022-03-09,18:38:00.0,17,18,March,Wednesday,74.0,Weekday,69,2022-03-09T17:24:00.0,2022-03-09T18:38:00.0,17.4
CH580,KR_U1222,KR5485,2.05,13.68,2022-03-31,18:03:00.0,2022-03-31,20:06:00.0,18,20,March,Thursday,122.99999999999999,Weekday,69,2022-03-31T18:03:00.0,2022-03-31T20:06:00.0,18.05
CH580,KR_U1222,KR5486,2.6,17.37,2022-01-10,17:29:00.0,2022-01-10,20:05:00.0,17,20,January,Monday,156.0,Weekday,69,2022-01-10T17:29:00.0,2022-01-10T20:05:00.0,17.483333333333334
CH580,KR_U1225,KR5499,2.2333333333333334,15.02,2022-06-02,17:23:00.0,2022-06-02,19:37:00.0,17,19,June,Thursday,134.0,Weekday,71,2022-06-02T17:23:00.0,2022-06-02T19:37:00.0,17.383333333333333
CH580,KR_U1225,KR5500,1.7166666666666666,11.41,2022-06-17,17:33:00.0,2022-06-17,19:16:00.0,17,19,June,Friday,103.0,Weekday,71,2022-06-17T17:33:00.0,2022-06-17T19:16:00.0,17.55
CH580,KR_U1225,KR5501,1.75,11.78,2022-06-18,17:19:00.0,2022-06-18,19:04:00.0,17,19,June,Saturday,105.0,Weekend,71,2022-06-18T17:19:00.0,2022-06-18T19:04:00.0,17.316666666666666
CH580,KR_U1225,KR5502,1.3833333333333333,9.23,2022-05-11,18:05:00.0,2022-05-11,19:28:00.0,18,19,May,Wednesday,83.0,Weekday,71,2022-05-11T18:05:00.0,2022-05-11T19:28:00.0,18.083333333333332
CH580,KR_U1225,KR5503,1.85,12.5,2022-04-01,17:53:00.0,2022-04-01,19:44:00.0,17,19,April,Friday,111.0,Weekday,71,2022-04-01T17:53:00.0,2022-04-01T19:44:00.0,17.883333333333333
CH580,KR_U1225,KR5504,1.0666666666666667,7.08,2022-04-07,17:42:00.0,2022-04-07,18:46:00.0,17,18,April,Thursday,64.0,Weekday,71,2022-04-07T17:42:00.0,2022-04-07T18:46:00.0,17.7
CH580,KR_U1225,KR5505,2.15,14.33,2022-04-26,13:24:00.0,2022-04-26,15:33:00.0,13,15,April,Tuesday,129.0,Weekday,71,2022-04-26T13:24:00.0,2022-04-26T15:33:00.0,13.4
CH580,KR_U1225,KR5506,2.0166666666666666,13.45,2022-03-02,17:37:00.0,2022-03-02,19:38:00.0,17,19,March,Wednesday,121.0,Weekday,71,2022-03-02T17:37:00.0,2022-03-02T19:38:00.0,17.616666666666667
CH580,KR_U1225,KR5507,1.4333333333333333,9.71,2022-03-29,17:41:00.0,2022-03-29,19:07:00.0,17,19,March,Tuesday,86.0,Weekday,71,2022-03-29T17:41:00.0,2022-03-29T19:07:00.0,17.683333333333334
CH580,KR_U1225,KR5508,2.066666666666667,13.8,2022-02-02,16:42:00.0,2022-02-02,18:46:00.0,16,18,February,Wednesday,124.00000000000001,Weekday,71,2022-02-02T16:42:00.0,2022-02-02T18:46:00.0,16.7
CH580,KR_U1225,KR5509,3.1,20.76,2022-02-10,17:31:00.0,2022-02-10,20:37:00.0,17,20,February,Thursday,186.0,Weekday,71,2022-02-10T17:31:00.0,2022-02-10T20:37:00.0,17.516666666666666
CH580,KR_U1225,KR5510,2.0833333333333335,13.91,2022-02-23,17:47:00.0,2022-02-23,19:52:00.0,17,19,February,Wednesday,125.00000000000001,Weekday,71,2022-02-23T17:47:00.0,2022-02-23T19:52:00.0,17.783333333333335
CH580,KR_U1225,KR5511,2.45,16.31,2022-02-24,18:16:00.0,2022-02-24,20:43:00.0,18,20,February,Thursday,147.0,Weekday,71,2022-02-24T18:16:00.0,2022-02-24T20:43:00.0,18.266666666666666
CH580,KR_U1225,KR5512,2.0,13.45,2022-01-02,16:44:00.0,2022-01-02,18:44:00.0,16,18,January,Sunday,120.0,Weekend,71,2022-01-02T16:44:00.0,2022-01-02T18:44:00.0,16.733333333333334
CH580,KR_U1225,KR5513,3.1,20.76,2022-01-04,17:31:00.0,2022-01-04,20:37:00.0,17,20,January,Tuesday,186.0,Weekday,71,2022-01-04T17:31:00.0,2022-01-04T20:37:00.0,17.516666666666666
CH580,KR_U1225,KR5514,2.0166666666666666,13.42,2022-01-08,17:30:00.0,2022-01-08,19:31:00.0,17,19,January,Saturday,121.0,Weekend,71,2022-01-08T17:30:00.0,2022-01-08T19:31:00.0,17.5
CH580,KR_U1225,KR5515,1.5166666666666666,10.15,2022-01-22,16:53:00.0,2022-01-22,18:24:00.0,16,18,January,Saturday,91.0,Weekend,71,2022-01-22T16:53:00.0,2022-01-22T18:24:00.0,16.883333333333333
CH580,KR_U1225,KR5516,1.6166666666666667,10.87,2022-01-28,17:36:00.0,2022-01-28,19:13:00.0,17,19,January,Friday,97.0,Weekday,71,2022-01-28T17:36:00.0,2022-01-28T19:13:00.0,17.6
CH580,KR_U1225,KR5517,1.5333333333333334,10.15,2022-01-29,17:06:00.0,2022-01-29,18:38:00.0,17,18,January,Saturday,92.0,Weekend,71,2022-01-29T17:06:00.0,2022-01-29T18:38:00.0,17.1
CH580,KR_U1225,KR5518,2.4166666666666665,16.3,2021-12-01,17:38:00.0,2021-12-01,20:03:00.0,17,20,December,Wednesday,145.0,Weekday,71,2021-12-01T17:38:00.0,2021-12-01T20:03:00.0,17.633333333333333
CH580,KR_U1225,KR5519,1.3166666666666667,8.74,2021-12-14,17:56:00.0,2021-12-14,19:15:00.0,17,19,December,Tuesday,79.0,Weekday,71,2021-12-14T17:56:00.0,2021-12-14T19:15:00.0,17.933333333333334
CH580,KR_U1225,KR5520,2.85,18.95,2021-11-09,17:45:00.0,2021-11-09,20:36:00.0,17,20,November,Tuesday,171.0,Weekday,71,2021-11-09T17:45:00.0,2021-11-09T20:36:00.0,17.75
CH580,KR_U1225,KR5521,2.1,14.0,2021-11-30,17:10:00.0,2021-11-30,19:16:00.0,17,19,November,Tuesday,126.0,Weekday,71,2021-11-30T17:10:00.0,2021-11-30T19:16:00.0,17.166666666666668
CH580,KR_U1225,KR5522,1.7,11.4,2021-10-14,18:30:00.0,2021-10-14,20:12:00.0,18,20,October,Thursday,102.0,Weekday,71,2021-10-14T18:30:00.0,2021-10-14T20:12:00.0,18.5
CH580,KR_U1225,KR5523,1.6333333333333333,10.87,2021-10-25,18:04:00.0,2021-10-25,19:42:00.0,18,19,October,Monday,98.0,Weekday,71,2021-10-25T18:04:00.0,2021-10-25T19:42:00.0,18.066666666666666
CH580,KR_U1228,KR5524,0.6,3.84,2022-07-02,17:37:00.0,2022-07-02,18:13:00.0,17,18,July,Saturday,36.0,Weekend,72,2022-07-02T17:37:00.0,2022-07-02T18:13:00.0,17.616666666666667
CH580,KR_U1228,KR5525,1.7333333333333334,11.54,2022-06-04,17:15:00.0,2022-06-04,18:59:00.0,17,18,June,Saturday,104.0,Weekend,72,2022-06-04T17:15:00.0,2022-06-04T18:59:00.0,17.25
CH580,KR_U1228,KR5526,1.25,8.29,2022-06-06,17:27:00.0,2022-06-06,18:42:00.0,17,18,June,Monday,75.0,Weekday,72,2022-06-06T17:27:00.0,2022-06-06T18:42:00.0,17.45
CH580,KR_U1228,KR5527,1.1,7.34,2022-06-24,18:15:00.0,2022-06-24,19:21:00.0,18,19,June,Friday,66.0,Weekday,72,2022-06-24T18:15:00.0,2022-06-24T19:21:00.0,18.25
CH580,KR_U1228,KR5528,1.75,11.69,2022-06-26,17:55:00.0,2022-06-26,19:40:00.0,17,19,June,Sunday,105.0,Weekend,72,2022-06-26T17:55:00.0,2022-06-26T19:40:00.0,17.916666666666668
CH580,KR_U1228,KR5529,0.7333333333333333,4.89,2022-05-03,19:02:00.0,2022-05-03,19:46:00.0,19,19,May,Tuesday,44.0,Weekday,72,2022-05-03T19:02:00.0,2022-05-03T19:46:00.0,19.033333333333335
CH580,KR_U1228,KR5530,0.6833333333333333,4.57,2022-05-04,18:34:00.0,2022-05-04,19:15:00.0,18,19,May,Wednesday,41.0,Weekday,72,2022-05-04T18:34:00.0,2022-05-04T19:15:00.0,18.566666666666666
CH580,KR_U1228,KR5531,1.8666666666666667,12.43,2022-05-07,17:17:00.0,2022-05-07,19:09:00.0,17,19,May,Saturday,112.0,Weekend,72,2022-05-07T17:17:00.0,2022-05-07T19:09:00.0,17.283333333333335
CH580,KR_U1228,KR5532,1.2833333333333334,8.72,2022-05-14,17:10:00.0,2022-05-14,18:27:00.0,17,18,May,Saturday,77.0,Weekend,72,2022-05-14T17:10:00.0,2022-05-14T18:27:00.0,17.166666666666668
CH580,KR_U1228,KR5533,0.6666666666666666,4.36,2022-04-04,18:08:00.0,2022-04-04,18:48:00.0,18,18,April,Monday,40.0,Weekday,72,2022-04-04T18:08:00.0,2022-04-04T18:48:00.0,18.133333333333333
CH580,KR_U1228,KR5534,0.9,5.92,2022-04-08,18:52:00.0,2022-04-08,19:46:00.0,18,19,April,Friday,54.0,Weekday,72,2022-04-08T18:52:00.0,2022-04-08T19:46:00.0,18.866666666666667
CH580,KR_U1228,KR5535,1.0333333333333334,6.91,2022-04-27,18:35:00.0,2022-04-27,19:37:00.0,18,19,April,Wednesday,62.00000000000001,Weekday,72,2022-04-27T18:35:00.0,2022-04-27T19:37:00.0,18.583333333333332
CH580,KR_U1228,KR5536,0.9666666666666667,6.31,2022-03-03,18:21:00.0,2022-03-03,19:19:00.0,18,19,March,Thursday,58.0,Weekday,72,2022-03-03T18:21:00.0,2022-03-03T19:19:00.0,18.35
CH580,KR_U1228,KR5537,2.15,14.43,2022-03-11,18:14:00.0,2022-03-11,20:23:00.0,18,20,March,Friday,129.0,Weekday,72,2022-03-11T18:14:00.0,2022-03-11T20:23:00.0,18.233333333333334
CH580,KR_U1228,KR5538,1.2,7.77,2022-02-05,17:07:00.0,2022-02-05,18:19:00.0,17,18,February,Saturday,72.0,Weekend,72,2022-02-05T17:07:00.0,2022-02-05T18:19:00.0,17.116666666666667
CH580,KR_U1228,KR5539,0.9,5.83,2022-02-09,18:25:00.0,2022-02-09,19:19:00.0,18,19,February,Wednesday,54.0,Weekday,72,2022-02-09T18:25:00.0,2022-02-09T19:19:00.0,18.416666666666668
CH580,KR_U1228,KR5540,1.9,12.56,2022-02-18,18:00:00.0,2022-02-18,19:54:00.0,18,19,February,Friday,114.0,Weekday,72,2022-02-18T18:00:00.0,2022-02-18T19:54:00.0,18.0
CH580,KR_U1228,KR5541,1.4666666666666666,9.58,2022-01-20,18:31:00.0,2022-01-20,19:59:00.0,18,19,January,Thursday,88.0,Weekday,72,2022-01-20T18:31:00.0,2022-01-20T19:59:00.0,18.516666666666666
CH580,KR_U1228,KR5542,0.8666666666666667,5.68,2022-01-21,17:32:00.0,2022-01-21,18:24:00.0,17,18,January,Friday,52.0,Weekday,72,2022-01-21T17:32:00.0,2022-01-21T18:24:00.0,17.533333333333335
CH580,KR_U1228,KR5543,1.3666666666666667,8.95,2022-01-25,17:39:00.0,2022-01-25,19:01:00.0,17,19,January,Tuesday,82.0,Weekday,72,2022-01-25T17:39:00.0,2022-01-25T19:01:00.0,17.65
CH580,KR_U1228,KR5544,0.6833333333333333,4.5,2021-12-08,17:51:00.0,2021-12-08,18:32:00.0,17,18,December,Wednesday,41.0,Weekday,72,2021-12-08T17:51:00.0,2021-12-08T18:32:00.0,17.85
CH580,KR_U1228,KR5545,0.7833333333333333,5.22,2021-11-20,17:09:00.0,2021-11-20,17:56:00.0,17,17,November,Saturday,47.0,Weekend,72,2021-11-20T17:09:00.0,2021-11-20T17:56:00.0,17.15
CH580,KR_U1228,KR5546,0.8666666666666667,5.56,2021-11-23,18:26:00.0,2021-11-23,19:18:00.0,18,19,November,Tuesday,52.0,Weekday,72,2021-11-23T18:26:00.0,2021-11-23T19:18:00.0,18.433333333333334
CH580,KR_U1228,KR5547,0.9666666666666667,6.46,2021-10-15,18:29:00.0,2021-10-15,19:27:00.0,18,19,October,Friday,58.0,Weekday,72,2021-10-15T18:29:00.0,2021-10-15T19:27:00.0,18.483333333333334
CH580,KR_U1228,KR5548,0.9,5.88,2021-10-21,18:23:00.0,2021-10-21,19:17:00.0,18,19,October,Thursday,54.0,Weekday,72,2021-10-21T18:23:00.0,2021-10-21T19:17:00.0,18.383333333333333
CH580,KR_U1228,KR5549,1.6333333333333333,10.84,2021-10-26,18:25:00.0,2021-10-26,20:03:00.0,18,20,October,Tuesday,98.0,Weekday,72,2021-10-26T18:25:00.0,2021-10-26T20:03:00.0,18.416666666666668
CH580,KR_U1230,KR5551,1.4166666666666667,9.45,2022-07-18,17:40:00.0,2022-07-18,19:05:00.0,17,19,July,Monday,85.0,Weekday,74,2022-07-18T17:40:00.0,2022-07-18T19:05:00.0,17.666666666666668
CH580,KR_U1230,KR5552,3.4,22.82,2022-06-01,17:49:00.0,2022-06-01,21:13:00.0,17,21,June,Wednesday,204.0,Weekday,74,2022-06-01T17:49:00.0,2022-06-01T21:13:00.0,17.816666666666666
CH580,KR_U1230,KR5553,1.9,12.88,2022-06-07,17:52:00.0,2022-06-07,19:46:00.0,17,19,June,Tuesday,114.0,Weekday,74,2022-06-07T17:52:00.0,2022-06-07T19:46:00.0,17.866666666666667
CH580,KR_U1230,KR5554,3.066666666666667,20.77,2022-04-03,17:19:00.0,2022-04-03,20:23:00.0,17,20,April,Sunday,184.0,Weekend,74,2022-04-03T17:19:00.0,2022-04-03T20:23:00.0,17.316666666666666
CH580,KR_U1230,KR5555,1.55,10.44,2022-04-19,17:44:00.0,2022-04-19,19:17:00.0,17,19,April,Tuesday,93.0,Weekday,74,2022-04-19T17:44:00.0,2022-04-19T19:17:00.0,17.733333333333334
CH580,KR_U1230,KR5556,2.283333333333333,15.34,2022-04-25,18:03:00.0,2022-04-25,20:20:00.0,18,20,April,Monday,137.0,Weekday,74,2022-04-25T18:03:00.0,2022-04-25T20:20:00.0,18.05
CH580,KR_U1230,KR5557,0.75,5.06,2022-04-30,17:15:00.0,2022-04-30,18:00:00.0,17,18,April,Saturday,45.0,Weekend,74,2022-04-30T17:15:00.0,2022-04-30T18:00:00.0,17.25
CH580,KR_U1230,KR5558,1.0666666666666667,7.11,2022-03-15,17:47:00.0,2022-03-15,18:51:00.0,17,18,March,Tuesday,64.0,Weekday,74,2022-03-15T17:47:00.0,2022-03-15T18:51:00.0,17.783333333333335
CH580,KR_U1230,KR5559,3.0833333333333335,20.76,2022-03-21,17:37:00.0,2022-03-21,20:42:00.0,17,20,March,Monday,185.0,Weekday,74,2022-03-21T17:37:00.0,2022-03-21T20:42:00.0,17.616666666666667
CH580,KR_U1230,KR5560,0.7666666666666667,5.04,2022-02-03,12:20:00.0,2022-02-03,13:06:00.0,12,13,February,Thursday,46.0,Weekday,74,2022-02-03T12:20:00.0,2022-02-03T13:06:00.0,12.333333333333334
CH580,KR_U1230,KR5561,2.816666666666667,18.8,2022-02-19,17:17:00.0,2022-02-19,20:06:00.0,17,20,February,Saturday,169.0,Weekend,74,2022-02-19T17:17:00.0,2022-02-19T20:06:00.0,17.283333333333335
CH580,KR_U1230,KR5562,3.1,20.76,2022-01-03,17:35:00.0,2022-01-03,20:41:00.0,17,20,January,Monday,186.0,Weekday,74,2022-01-03T17:35:00.0,2022-01-03T20:41:00.0,17.583333333333332
CH580,KR_U1230,KR5563,2.7333333333333334,18.34,2022-01-16,16:35:00.0,2022-01-16,19:19:00.0,16,19,January,Sunday,164.0,Weekend,74,2022-01-16T16:35:00.0,2022-01-16T19:19:00.0,16.583333333333332
CH580,KR_U1230,KR5564,3.1,20.77,2022-01-27,15:55:00.0,2022-01-27,19:01:00.0,15,19,January,Thursday,186.0,Weekday,74,2022-01-27T15:55:00.0,2022-01-27T19:01:00.0,15.916666666666666
CH580,KR_U1230,KR5565,1.8833333333333333,12.41,2021-12-07,17:29:00.0,2021-12-07,19:22:00.0,17,19,December,Tuesday,113.0,Weekday,74,2021-12-07T17:29:00.0,2021-12-07T19:22:00.0,17.483333333333334
CH580,KR_U1230,KR5566,3.0833333333333335,20.51,2021-12-17,17:30:00.0,2021-12-17,20:35:00.0,17,20,December,Friday,185.0,Weekday,74,2021-12-17T17:30:00.0,2021-12-17T20:35:00.0,17.5
CH580,KR_U1230,KR5567,1.5,9.93,2021-12-18,17:22:00.0,2021-12-18,18:52:00.0,17,18,December,Saturday,90.0,Weekend,74,2021-12-18T17:22:00.0,2021-12-18T18:52:00.0,17.366666666666667
CH580,KR_U1230,KR5568,1.9833333333333334,13.14,2021-11-08,17:32:00.0,2021-11-08,19:31:00.0,17,19,November,Monday,119.0,Weekday,74,2021-11-08T17:32:00.0,2021-11-08T19:31:00.0,17.533333333333335
CH580,KR_U1230,KR5569,3.0833333333333335,20.77,2021-11-16,17:15:00.0,2021-11-16,20:20:00.0,17,20,November,Tuesday,185.0,Weekday,74,2021-11-16T17:15:00.0,2021-11-16T20:20:00.0,17.25
CH580,KR_U1230,KR5570,1.95,13.03,2021-11-24,17:28:00.0,2021-11-24,19:25:00.0,17,19,November,Wednesday,117.0,Weekday,74,2021-11-24T17:28:00.0,2021-11-24T19:25:00.0,17.466666666666665
CH580,KR_U1230,KR5571,1.2333333333333334,8.13,2021-10-19,17:27:00.0,2021-10-19,18:41:00.0,17,18,October,Tuesday,74.0,Weekday,74,2021-10-19T17:27:00.0,2021-10-19T18:41:00.0,17.45
CH580,KR_U1446,KR5572,2.25,15.1,2022-06-11,09:25:00.0,2022-06-11,11:40:00.0,9,11,June,Saturday,135.0,Weekend,75,2022-06-11T09:25:00.0,2022-06-11T11:40:00.0,9.416666666666666
CH580,KR_U1446,KR5573,3.0833333333333335,20.76,2022-06-15,16:12:00.0,2022-06-15,19:17:00.0,16,19,June,Wednesday,185.0,Weekday,75,2022-06-15T16:12:00.0,2022-06-15T19:17:00.0,16.2
CH580,KR_U1446,KR5574,1.8,11.98,2022-06-20,17:07:00.0,2022-06-20,18:55:00.0,17,18,June,Monday,108.0,Weekday,75,2022-06-20T17:07:00.0,2022-06-20T18:55:00.0,17.116666666666667
CH580,KR_U1446,KR5575,2.183333333333333,14.67,2022-05-06,17:16:00.0,2022-05-06,19:27:00.0,17,19,May,Friday,131.0,Weekday,75,2022-05-06T17:16:00.0,2022-05-06T19:27:00.0,17.266666666666666
CH580,KR_U1446,KR5576,1.9666666666666666,13.3,2022-05-24,17:34:00.0,2022-05-24,19:32:00.0,17,19,May,Tuesday,118.0,Weekday,75,2022-05-24T17:34:00.0,2022-05-24T19:32:00.0,17.566666666666666
CH580,KR_U1446,KR5577,0.9833333333333333,6.61,2022-05-30,17:29:00.0,2022-05-30,18:28:00.0,17,18,May,Monday,59.0,Weekday,75,2022-05-30T17:29:00.0,2022-05-30T18:28:00.0,17.483333333333334
CH580,KR_U1446,KR5578,2.6,17.52,2022-05-31,17:40:00.0,2022-05-31,20:16:00.0,17,20,May,Tuesday,156.0,Weekday,75,2022-05-31T17:40:00.0,2022-05-31T20:16:00.0,17.666666666666668
CH580,KR_U1446,KR5579,1.4333333333333333,9.51,2022-04-28,17:34:00.0,2022-04-28,19:00:00.0,17,19,April,Thursday,86.0,Weekday,75,2022-04-28T17:34:00.0,2022-04-28T19:00:00.0,17.566666666666666
CH580,KR_U1446,KR5580,1.4,9.36,2022-03-19,16:31:00.0,2022-03-19,17:55:00.0,16,17,March,Saturday,84.0,Weekend,75,2022-03-19T16:31:00.0,2022-03-19T17:55:00.0,16.516666666666666
CH580,KR_U1446,KR5581,0.85,5.68,2022-02-04,09:25:00.0,2022-02-04,10:16:00.0,9,10,February,Friday,51.0,Weekday,75,2022-02-04T09:25:00.0,2022-02-04T10:16:00.0,9.416666666666666
CH580,KR_U1446,KR5582,2.55,16.92,2022-01-06,16:18:00.0,2022-01-06,18:51:00.0,16,18,January,Thursday,153.0,Weekday,75,2022-01-06T16:18:00.0,2022-01-06T18:51:00.0,16.3
CH580,KR_U1446,KR5583,0.7333333333333333,4.85,2022-01-07,17:26:00.0,2022-01-07,18:10:00.0,17,18,January,Friday,44.0,Weekday,75,2022-01-07T17:26:00.0,2022-01-07T18:10:00.0,17.433333333333334
CH580,KR_U1446,KR5584,2.0,13.24,2021-11-19,17:09:00.0,2021-11-19,19:09:00.0,17,19,November,Friday,120.0,Weekday,75,2021-11-19T17:09:00.0,2021-11-19T19:09:00.0,17.15
CH581,KR_U127,KR5601,1.55,10.8,2022-09-26,16:42:00.0,2022-09-26,18:15:00.0,16,18,September,Monday,93.0,Weekday,65,2022-09-26T16:42:00.0,2022-09-26T18:15:00.0,16.7
CH581,KR_U127,KR5602,1.2333333333333334,8.56,2022-08-26,11:11:00.0,2022-08-26,12:25:00.0,11,12,August,Friday,74.0,Weekday,65,2022-08-26T11:11:00.0,2022-08-26T12:25:00.0,11.183333333333334
CH581,KR_U127,KR5603,0.35,2.46,2022-05-24,10:02:00.0,2022-05-24,10:23:00.0,10,10,May,Tuesday,21.0,Weekday,65,2022-05-24T10:02:00.0,2022-05-24T10:23:00.0,10.033333333333333
CH581,KR_U127,KR5604,1.4833333333333334,10.38,2022-05-25,16:55:00.0,2022-05-25,18:24:00.0,16,18,May,Wednesday,89.0,Weekday,65,2022-05-25T16:55:00.0,2022-05-25T18:24:00.0,16.916666666666668
CH581,KR_U127,KR5605,2.183333333333333,14.72,2022-03-23,15:14:00.0,2022-03-23,17:25:00.0,15,17,March,Wednesday,131.0,Weekday,65,2022-03-23T15:14:00.0,2022-03-23T17:25:00.0,15.233333333333333
CH581,KR_U127,KR5606,2.433333333333333,13.47,2021-12-10,15:20:00.0,2021-12-10,17:46:00.0,15,17,December,Friday,146.0,Weekday,65,2021-12-10T15:20:00.0,2021-12-10T17:46:00.0,15.333333333333334
CH581,KR_U434,KR5608,1.3666666666666667,9.41,2022-09-06,17:51:00.0,2022-09-06,19:13:00.0,17,19,September,Tuesday,82.0,Weekday,67,2022-09-06T17:51:00.0,2022-09-06T19:13:00.0,17.85
CH581,KR_U434,KR5609,2.316666666666667,16.06,2022-09-22,18:34:00.0,2022-09-22,20:53:00.0,18,20,September,Thursday,139.0,Weekday,67,2022-09-22T18:34:00.0,2022-09-22T20:53:00.0,18.566666666666666
CH581,KR_U434,KR5610,1.45,9.93,2022-09-20,17:57:00.0,2022-09-20,19:24:00.0,17,19,September,Tuesday,87.0,Weekday,67,2022-09-20T17:57:00.0,2022-09-20T19:24:00.0,17.95
CH581,KR_U434,KR5611,2.466666666666667,17.05,2022-08-02,18:52:00.0,2022-08-02,21:20:00.0,18,21,August,Tuesday,148.0,Weekday,67,2022-08-02T18:52:00.0,2022-08-02T21:20:00.0,18.866666666666667
CH581,KR_U434,KR5612,0.35,2.33,2022-08-02,08:20:00.0,2022-08-02,08:41:00.0,8,8,August,Tuesday,21.0,Weekday,67,2022-08-02T08:20:00.0,2022-08-02T08:41:00.0,8.333333333333334
CH581,KR_U434,KR5613,1.85,12.84,2022-08-29,18:41:00.0,2022-08-29,20:32:00.0,18,20,August,Monday,111.0,Weekday,67,2022-08-29T18:41:00.0,2022-08-29T20:32:00.0,18.683333333333334
CH581,KR_U434,KR5614,2.183333333333333,14.95,2022-07-22,17:44:00.0,2022-07-22,19:55:00.0,17,19,July,Friday,131.0,Weekday,67,2022-07-22T17:44:00.0,2022-07-22T19:55:00.0,17.733333333333334
CH581,KR_U434,KR5615,0.23333333333333334,1.5,2022-06-10,10:15:00.0,2022-06-10,10:29:00.0,10,10,June,Friday,14.0,Weekday,67,2022-06-10T10:15:00.0,2022-06-10T10:29:00.0,10.25
CH581,KR_U434,KR5616,1.9166666666666667,13.33,2022-06-10,17:54:00.0,2022-06-10,19:49:00.0,17,19,June,Friday,115.0,Weekday,67,2022-06-10T17:54:00.0,2022-06-10T19:49:00.0,17.9
CH581,KR_U434,KR5617,0.5333333333333333,3.76,2022-06-14,17:05:00.0,2022-06-14,17:37:00.0,17,17,June,Tuesday,32.0,Weekday,67,2022-06-14T17:05:00.0,2022-06-14T17:37:00.0,17.083333333333332
CH581,KR_U434,KR5618,0.55,3.77,2022-06-15,14:42:00.0,2022-06-15,15:15:00.0,14,15,June,Wednesday,33.0,Weekday,67,2022-06-15T14:42:00.0,2022-06-15T15:15:00.0,14.7
CH581,KR_U434,KR5619,3.0166666666666666,20.76,2022-06-17,17:19:00.0,2022-06-17,20:20:00.0,17,20,June,Friday,181.0,Weekday,67,2022-06-17T17:19:00.0,2022-06-17T20:20:00.0,17.316666666666666
CH581,KR_U434,KR5620,1.45,10.03,2022-06-20,16:44:00.0,2022-06-20,18:11:00.0,16,18,June,Monday,87.0,Weekday,67,2022-06-20T16:44:00.0,2022-06-20T18:11:00.0,16.733333333333334
CH581,KR_U434,KR5621,2.1666666666666665,14.83,2022-06-23,17:34:00.0,2022-06-23,19:44:00.0,17,19,June,Thursday,130.0,Weekday,67,2022-06-23T17:34:00.0,2022-06-23T19:44:00.0,17.566666666666666
CH581,KR_U434,KR5622,1.2166666666666666,8.33,2022-05-06,16:56:00.0,2022-05-06,18:09:00.0,16,18,May,Friday,73.0,Weekday,67,2022-05-06T16:56:00.0,2022-05-06T18:09:00.0,16.933333333333334
CH581,KR_U434,KR5623,1.0666666666666667,7.41,2022-05-18,17:21:00.0,2022-05-18,18:25:00.0,17,18,May,Wednesday,64.0,Weekday,67,2022-05-18T17:21:00.0,2022-05-18T18:25:00.0,17.35
CH581,KR_U434,KR5624,0.8333333333333334,5.82,2022-05-19,15:57:00.0,2022-05-19,16:47:00.0,15,16,May,Thursday,50.0,Weekday,67,2022-05-19T15:57:00.0,2022-05-19T16:47:00.0,15.95
CH581,KR_U434,KR5625,0.48333333333333334,3.35,2022-04-13,17:24:00.0,2022-04-13,17:53:00.0,17,17,April,Wednesday,29.0,Weekday,67,2022-04-13T17:24:00.0,2022-04-13T17:53:00.0,17.4
CH581,KR_U434,KR5626,0.8833333333333333,5.81,2022-03-02,16:12:00.0,2022-03-02,17:05:00.0,16,17,March,Wednesday,53.0,Weekday,67,2022-03-02T16:12:00.0,2022-03-02T17:05:00.0,16.2
CH581,KR_U434,KR5627,1.4166666666666667,9.12,2022-03-04,10:36:00.0,2022-03-04,12:01:00.0,10,12,March,Friday,85.0,Weekday,67,2022-03-04T10:36:00.0,2022-03-04T12:01:00.0,10.6
CH581,KR_U434,KR5628,1.8,11.19,2022-03-15,18:14:00.0,2022-03-15,20:02:00.0,18,20,March,Tuesday,108.0,Weekday,67,2022-03-15T18:14:00.0,2022-03-15T20:02:00.0,18.233333333333334
CH581,KR_U434,KR5629,0.4166666666666667,2.34,2022-02-09,09:37:00.0,2022-02-09,10:02:00.0,9,10,February,Wednesday,25.0,Weekday,67,2022-02-09T09:37:00.0,2022-02-09T10:02:00.0,9.616666666666667
CH581,KR_U434,KR5630,2.5833333333333335,17.28,2022-02-16,15:50:00.0,2022-02-16,18:25:00.0,15,18,February,Wednesday,155.0,Weekday,67,2022-02-16T15:50:00.0,2022-02-16T18:25:00.0,15.833333333333334
CH581,KR_U434,KR5631,1.5833333333333333,10.21,2022-02-22,17:44:00.0,2022-02-22,19:19:00.0,17,19,February,Tuesday,95.0,Weekday,67,2022-02-22T17:44:00.0,2022-02-22T19:19:00.0,17.733333333333334
CH581,KR_U434,KR5632,0.9666666666666667,5.74,2022-01-03,15:13:00.0,2022-01-03,16:11:00.0,15,16,January,Monday,58.0,Weekday,67,2022-01-03T15:13:00.0,2022-01-03T16:11:00.0,15.216666666666667
CH581,KR_U434,KR5633,2.9833333333333334,20.76,2022-01-06,18:11:00.0,2022-01-06,21:10:00.0,18,21,January,Thursday,179.0,Weekday,67,2022-01-06T18:11:00.0,2022-01-06T21:10:00.0,18.183333333333334
CH581,KR_U434,KR5634,0.8833333333333333,6.07,2022-01-07,09:31:00.0,2022-01-07,10:24:00.0,9,10,January,Friday,53.0,Weekday,67,2022-01-07T09:31:00.0,2022-01-07T10:24:00.0,9.516666666666667
CH581,KR_U434,KR5635,1.0666666666666667,7.33,2022-01-20,09:47:00.0,2022-01-20,10:51:00.0,9,10,January,Thursday,64.0,Weekday,67,2022-01-20T09:47:00.0,2022-01-20T10:51:00.0,9.783333333333333
CH581,KR_U434,KR5636,1.6666666666666667,10.4,2021-12-02,17:25:00.0,2021-12-02,19:05:00.0,17,19,December,Thursday,100.0,Weekday,67,2021-12-02T17:25:00.0,2021-12-02T19:05:00.0,17.416666666666668
CH581,KR_U434,KR5637,2.6666666666666665,16.96,2021-12-07,18:00:00.0,2021-12-07,20:40:00.0,18,20,December,Tuesday,160.0,Weekday,67,2021-12-07T18:00:00.0,2021-12-07T20:40:00.0,18.0
CH581,KR_U434,KR5638,2.6666666666666665,18.11,2021-12-16,16:37:00.0,2021-12-16,19:17:00.0,16,19,December,Thursday,160.0,Weekday,67,2021-12-16T16:37:00.0,2021-12-16T19:17:00.0,16.616666666666667
CH581,KR_U434,KR5639,3.033333333333333,20.76,2021-12-17,18:02:00.0,2021-12-17,21:04:00.0,18,21,December,Friday,182.0,Weekday,67,2021-12-17T18:02:00.0,2021-12-17T21:04:00.0,18.033333333333335
CH581,KR_U434,KR5640,2.3833333333333333,15.35,2021-12-22,17:34:00.0,2021-12-22,19:57:00.0,17,19,December,Wednesday,143.0,Weekday,67,2021-12-22T17:34:00.0,2021-12-22T19:57:00.0,17.566666666666666
CH581,KR_U434,KR5641,1.8833333333333333,13.13,2021-11-01,17:45:00.0,2021-11-01,19:38:00.0,17,19,November,Monday,113.0,Weekday,67,2021-11-01T17:45:00.0,2021-11-01T19:38:00.0,17.75
CH581,KR_U434,KR5642,0.4666666666666667,3.27,2021-11-18,17:07:00.0,2021-11-18,17:35:00.0,17,17,November,Thursday,28.0,Weekday,67,2021-11-18T17:07:00.0,2021-11-18T17:35:00.0,17.116666666666667
CH581,KR_U434,KR5643,2.5833333333333335,16.31,2021-11-30,15:59:00.0,2021-11-30,18:34:00.0,15,18,November,Tuesday,155.0,Weekday,67,2021-11-30T15:59:00.0,2021-11-30T18:34:00.0,15.983333333333333
CH581,KR_U434,KR5644,2.066666666666667,14.28,2021-10-06,09:54:00.0,2021-10-06,11:58:00.0,9,11,October,Wednesday,124.00000000000001,Weekday,67,2021-10-06T09:54:00.0,2021-10-06T11:58:00.0,9.9
CH581,KR_U434,KR5645,2.8666666666666667,20.04,2021-10-08,09:46:00.0,2021-10-08,12:38:00.0,9,12,October,Friday,172.0,Weekday,67,2021-10-08T09:46:00.0,2021-10-08T12:38:00.0,9.766666666666667
CH581,KR_U434,KR5646,0.5,3.45,2021-10-13,18:01:00.0,2021-10-13,18:31:00.0,18,18,October,Wednesday,30.0,Weekday,67,2021-10-13T18:01:00.0,2021-10-13T18:31:00.0,18.016666666666666
CH581,KR_U434,KR5647,2.1,14.54,2021-10-14,18:34:00.0,2021-10-14,20:40:00.0,18,20,October,Thursday,126.0,Weekday,67,2021-10-14T18:34:00.0,2021-10-14T20:40:00.0,18.566666666666666
CH581,KR_U1222,KR5653,9.633333333333333,3.88,2022-07-02,17:35:00.0,2022-07-03,03:13:00.0,17,3,July,Saturday,578.0,Weekend,69,2022-07-02T17:35:00.0,2022-07-03T03:13:00.0,17.583333333333332
CH581,KR_U1222,KR5654,10.183333333333334,8.99,2022-07-07,17:59:00.0,2022-07-08,04:10:00.0,17,4,July,Thursday,611.0,Weekday,69,2022-07-07T17:59:00.0,2022-07-08T04:10:00.0,17.983333333333334
CH581,KR_U1222,KR5655,2.716666666666667,18.24,2022-06-05,16:28:00.0,2022-06-05,19:11:00.0,16,19,June,Sunday,163.0,Weekend,69,2022-06-05T16:28:00.0,2022-06-05T19:11:00.0,16.466666666666665
CH581,KR_U1222,KR5656,1.2166666666666666,8.18,2022-06-21,18:04:00.0,2022-06-21,19:17:00.0,18,19,June,Tuesday,73.0,Weekday,69,2022-06-21T18:04:00.0,2022-06-21T19:17:00.0,18.066666666666666
CH581,KR_U1222,KR5657,2.0166666666666666,13.49,2022-05-09,18:00:00.0,2022-05-09,20:01:00.0,18,20,May,Monday,121.0,Weekday,69,2022-05-09T18:00:00.0,2022-05-09T20:01:00.0,18.0
CH581,KR_U1222,KR5658,1.4666666666666666,9.81,2022-05-28,16:58:00.0,2022-05-28,18:26:00.0,16,18,May,Saturday,88.0,Weekend,69,2022-05-28T16:58:00.0,2022-05-28T18:26:00.0,16.966666666666665
CH581,KR_U1222,KR5659,1.95,13.1,2022-04-05,17:43:00.0,2022-04-05,19:40:00.0,17,19,April,Tuesday,117.0,Weekday,69,2022-04-05T17:43:00.0,2022-04-05T19:40:00.0,17.716666666666665
CH581,KR_U1222,KR5660,2.683333333333333,18.19,2022-03-25,19:24:00.0,2022-03-25,22:05:00.0,19,22,March,Friday,161.0,Weekday,69,2022-03-25T19:24:00.0,2022-03-25T22:05:00.0,19.4
CH581,KR_U1222,KR5661,1.6666666666666667,11.11,2022-03-28,18:55:00.0,2022-03-28,20:35:00.0,18,20,March,Monday,100.0,Weekday,69,2022-03-28T18:55:00.0,2022-03-28T20:35:00.0,18.916666666666668
CH581,KR_U1222,KR5662,2.216666666666667,14.7,2022-02-07,17:24:00.0,2022-02-07,19:37:00.0,17,19,February,Monday,133.0,Weekday,69,2022-02-07T17:24:00.0,2022-02-07T19:37:00.0,17.4
CH581,KR_U1222,KR5663,2.3666666666666667,15.74,2022-02-18,17:32:00.0,2022-02-18,19:54:00.0,17,19,February,Friday,142.0,Weekday,69,2022-02-18T17:32:00.0,2022-02-18T19:54:00.0,17.533333333333335
CH581,KR_U1222,KR5664,2.25,14.83,2022-02-24,17:34:00.0,2022-02-24,19:49:00.0,17,19,February,Thursday,135.0,Weekday,69,2022-02-24T17:34:00.0,2022-02-24T19:49:00.0,17.566666666666666
CH581,KR_U1222,KR5665,1.65,10.87,2022-01-19,17:34:00.0,2022-01-19,19:13:00.0,17,19,January,Wednesday,99.0,Weekday,69,2022-01-19T17:34:00.0,2022-01-19T19:13:00.0,17.566666666666666
CH581,KR_U1222,KR5666,1.9166666666666667,12.78,2021-11-03,17:52:00.0,2021-11-03,19:47:00.0,17,19,November,Wednesday,115.0,Weekday,69,2021-11-03T17:52:00.0,2021-11-03T19:47:00.0,17.866666666666667
CH581,KR_U1222,KR5667,2.4166666666666665,16.06,2021-11-09,17:43:00.0,2021-11-09,20:08:00.0,17,20,November,Tuesday,145.0,Weekday,69,2021-11-09T17:43:00.0,2021-11-09T20:08:00.0,17.716666666666665
CH581,KR_U1222,KR5668,1.7166666666666666,11.38,2021-11-15,17:18:00.0,2021-11-15,19:01:00.0,17,19,November,Monday,103.0,Weekday,69,2021-11-15T17:18:00.0,2021-11-15T19:01:00.0,17.3
CH581,KR_U1222,KR5669,1.5833333333333333,10.41,2021-11-19,17:10:00.0,2021-11-19,18:45:00.0,17,18,November,Friday,95.0,Weekday,69,2021-11-19T17:10:00.0,2021-11-19T18:45:00.0,17.166666666666668
CH581,KR_U1222,KR5670,2.0,13.14,2021-11-23,17:37:00.0,2021-11-23,19:37:00.0,17,19,November,Tuesday,120.0,Weekday,69,2021-11-23T17:37:00.0,2021-11-23T19:37:00.0,17.616666666666667
CH581,KR_U1222,KR5671,2.2,14.78,2021-10-01,17:41:00.0,2021-10-01,19:53:00.0,17,19,October,Friday,132.0,Weekday,69,2021-10-01T17:41:00.0,2021-10-01T19:53:00.0,17.683333333333334
CH581,KR_U1222,KR5672,1.3333333333333333,8.88,2021-10-05,18:03:00.0,2021-10-05,19:23:00.0,18,19,October,Tuesday,80.0,Weekday,69,2021-10-05T18:03:00.0,2021-10-05T19:23:00.0,18.05
CH581,KR_U1222,KR5673,1.45,9.61,2021-10-21,18:06:00.0,2021-10-21,19:33:00.0,18,19,October,Thursday,87.0,Weekday,69,2021-10-21T18:06:00.0,2021-10-21T19:33:00.0,18.1
CH581,KR_U1225,KR5675,10.583333333333334,9.1,2022-07-01,17:35:00.0,2022-07-02,04:10:00.0,17,4,July,Friday,635.0,Weekday,71,2022-07-01T17:35:00.0,2022-07-02T04:10:00.0,17.583333333333332
CH581,KR_U1225,KR5676,2.283333333333333,15.29,2022-07-08,17:50:00.0,2022-07-08,20:07:00.0,17,20,July,Friday,137.0,Weekday,71,2022-07-08T17:50:00.0,2022-07-08T20:07:00.0,17.833333333333332
CH581,KR_U1225,KR5677,2.6666666666666665,17.99,2022-05-10,17:53:00.0,2022-05-10,20:33:00.0,17,20,May,Tuesday,160.0,Weekday,71,2022-05-10T17:53:00.0,2022-05-10T20:33:00.0,17.883333333333333
CH581,KR_U1225,KR5678,1.1,7.44,2022-05-13,17:30:00.0,2022-05-13,18:36:00.0,17,18,May,Friday,66.0,Weekday,71,2022-05-13T17:30:00.0,2022-05-13T18:36:00.0,17.5
CH581,KR_U1225,KR5679,1.8,12.1,2022-05-20,18:04:00.0,2022-05-20,19:52:00.0,18,19,May,Friday,108.0,Weekday,71,2022-05-20T18:04:00.0,2022-05-20T19:52:00.0,18.066666666666666
CH581,KR_U1225,KR5680,1.2166666666666666,8.21,2022-05-26,17:20:00.0,2022-05-26,18:33:00.0,17,18,May,Thursday,73.0,Weekday,71,2022-05-26T17:20:00.0,2022-05-26T18:33:00.0,17.333333333333332
CH581,KR_U1225,KR5681,1.2666666666666666,8.43,2022-05-27,17:29:00.0,2022-05-27,18:45:00.0,17,18,May,Friday,76.0,Weekday,71,2022-05-27T17:29:00.0,2022-05-27T18:45:00.0,17.483333333333334
CH581,KR_U1225,KR5682,1.45,9.77,2022-04-08,17:40:00.0,2022-04-08,19:07:00.0,17,19,April,Friday,87.0,Weekday,71,2022-04-08T17:40:00.0,2022-04-08T19:07:00.0,17.666666666666668
CH581,KR_U1225,KR5683,2.316666666666667,15.55,2022-04-22,17:39:00.0,2022-04-22,19:58:00.0,17,19,April,Friday,139.0,Weekday,71,2022-04-22T17:39:00.0,2022-04-22T19:58:00.0,17.65
CH581,KR_U1225,KR5684,1.1,7.5,2022-04-23,17:07:00.0,2022-04-23,18:13:00.0,17,18,April,Saturday,66.0,Weekend,71,2022-04-23T17:07:00.0,2022-04-23T18:13:00.0,17.116666666666667
CH581,KR_U1225,KR5685,0.4,2.74,2022-04-25,17:37:00.0,2022-04-25,18:01:00.0,17,18,April,Monday,24.0,Weekday,71,2022-04-25T17:37:00.0,2022-04-25T18:01:00.0,17.616666666666667
CH581,KR_U1225,KR5686,1.1333333333333333,7.68,2022-04-27,17:45:00.0,2022-04-27,18:53:00.0,17,18,April,Wednesday,68.0,Weekday,71,2022-04-27T17:45:00.0,2022-04-27T18:53:00.0,17.75
CH581,KR_U1225,KR5687,1.6333333333333333,11.03,2022-04-28,17:59:00.0,2022-04-28,19:37:00.0,17,19,April,Thursday,98.0,Weekday,71,2022-04-28T17:59:00.0,2022-04-28T19:37:00.0,17.983333333333334
CH581,KR_U1225,KR5688,1.3,8.86,2022-04-29,17:40:00.0,2022-04-29,18:58:00.0,17,18,April,Friday,78.0,Weekday,71,2022-04-29T17:40:00.0,2022-04-29T18:58:00.0,17.666666666666668
CH581,KR_U1225,KR5689,2.5833333333333335,17.39,2022-03-04,17:30:00.0,2022-03-04,20:05:00.0,17,20,March,Friday,155.0,Weekday,71,2022-03-04T17:30:00.0,2022-03-04T20:05:00.0,17.5
CH581,KR_U1225,KR5690,1.4,9.32,2022-03-08,17:35:00.0,2022-03-08,18:59:00.0,17,18,March,Tuesday,84.0,Weekday,71,2022-03-08T17:35:00.0,2022-03-08T18:59:00.0,17.583333333333332
CH581,KR_U1225,KR5691,2.4833333333333334,16.82,2022-03-13,15:53:00.0,2022-03-13,18:22:00.0,15,18,March,Sunday,149.0,Weekend,71,2022-03-13T15:53:00.0,2022-03-13T18:22:00.0,15.883333333333333
CH581,KR_U1225,KR5692,1.7333333333333334,11.57,2022-01-25,17:32:00.0,2022-01-25,19:16:00.0,17,19,January,Tuesday,104.0,Weekday,71,2022-01-25T17:32:00.0,2022-01-25T19:16:00.0,17.533333333333335
CH581,KR_U1225,KR5693,1.65,10.93,2021-12-21,18:21:00.0,2021-12-21,20:00:00.0,18,20,December,Tuesday,99.0,Weekday,71,2021-12-21T18:21:00.0,2021-12-21T20:00:00.0,18.35
CH581,KR_U1225,KR5694,1.8666666666666667,12.51,2021-12-24,17:24:00.0,2021-12-24,19:16:00.0,17,19,December,Friday,112.0,Weekday,71,2021-12-24T17:24:00.0,2021-12-24T19:16:00.0,17.4
CH581,KR_U1225,KR5695,2.4,16.13,2021-12-31,17:48:00.0,2021-12-31,20:12:00.0,17,20,December,Friday,144.0,Weekday,71,2021-12-31T17:48:00.0,2021-12-31T20:12:00.0,17.8
CH581,KR_U1225,KR5696,1.8,11.95,2021-11-22,17:52:00.0,2021-11-22,19:40:00.0,17,19,November,Monday,108.0,Weekday,71,2021-11-22T17:52:00.0,2021-11-22T19:40:00.0,17.866666666666667
CH581,KR_U1225,KR5697,3.0833333333333335,20.76,2021-10-08,18:44:00.0,2021-10-08,21:49:00.0,18,21,October,Friday,185.0,Weekday,71,2021-10-08T18:44:00.0,2021-10-08T21:49:00.0,18.733333333333334
CH581,KR_U1225,KR5698,0.38333333333333336,2.56,2021-10-13,09:07:00.0,2021-10-13,09:30:00.0,9,9,October,Wednesday,23.0,Weekday,71,2021-10-13T09:07:00.0,2021-10-13T09:30:00.0,9.116666666666667
CH581,KR_U1225,KR5699,2.933333333333333,19.67,2021-10-16,17:35:00.0,2021-10-16,20:31:00.0,17,20,October,Saturday,176.0,Weekend,71,2021-10-16T17:35:00.0,2021-10-16T20:31:00.0,17.583333333333332
CH581,KR_U1225,KR5700,1.3166666666666667,8.69,2021-10-23,16:56:00.0,2021-10-23,18:15:00.0,16,18,October,Saturday,79.0,Weekend,71,2021-10-23T16:56:00.0,2021-10-23T18:15:00.0,16.933333333333334
CH581,KR_U1228,KR5701,2.1333333333333333,14.12,2022-07-16,17:32:00.0,2022-07-16,19:40:00.0,17,19,July,Saturday,128.0,Weekend,72,2022-07-16T17:32:00.0,2022-07-16T19:40:00.0,17.533333333333335
CH581,KR_U1228,KR5702,1.1833333333333333,7.73,2022-07-18,18:19:00.0,2022-07-18,19:30:00.0,18,19,July,Monday,71.0,Weekday,72,2022-07-18T18:19:00.0,2022-07-18T19:30:00.0,18.316666666666666
CH581,KR_U1228,KR5703,1.9,12.58,2022-06-22,18:42:00.0,2022-06-22,20:36:00.0,18,20,June,Wednesday,114.0,Weekday,72,2022-06-22T18:42:00.0,2022-06-22T20:36:00.0,18.7
CH581,KR_U1228,KR5704,3.1,20.76,2022-05-01,17:36:00.0,2022-05-01,20:42:00.0,17,20,May,Sunday,186.0,Weekend,72,2022-05-01T17:36:00.0,2022-05-01T20:42:00.0,17.6
CH581,KR_U1228,KR5705,0.6833333333333333,4.54,2022-04-16,18:08:00.0,2022-04-16,18:49:00.0,18,18,April,Saturday,41.0,Weekend,72,2022-04-16T18:08:00.0,2022-04-16T18:49:00.0,18.133333333333333
CH581,KR_U1228,KR5706,0.85,5.63,2022-03-14,18:34:00.0,2022-03-14,19:25:00.0,18,19,March,Monday,51.0,Weekday,72,2022-03-14T18:34:00.0,2022-03-14T19:25:00.0,18.566666666666666
CH581,KR_U1228,KR5707,1.2166666666666666,8.16,2022-03-17,17:50:00.0,2022-03-17,19:03:00.0,17,19,March,Thursday,73.0,Weekday,72,2022-03-17T17:50:00.0,2022-03-17T19:03:00.0,17.833333333333332
CH581,KR_U1228,KR5708,1.5,9.84,2022-02-03,17:55:00.0,2022-02-03,19:25:00.0,17,19,February,Thursday,90.0,Weekday,72,2022-02-03T17:55:00.0,2022-02-03T19:25:00.0,17.916666666666668
CH581,KR_U1228,KR5709,2.0,13.22,2022-02-08,18:07:00.0,2022-02-08,20:07:00.0,18,20,February,Tuesday,120.0,Weekday,72,2022-02-08T18:07:00.0,2022-02-08T20:07:00.0,18.116666666666667
CH581,KR_U1228,KR5710,1.0166666666666666,6.73,2022-02-20,16:40:00.0,2022-02-20,17:41:00.0,16,17,February,Sunday,61.0,Weekend,72,2022-02-20T16:40:00.0,2022-02-20T17:41:00.0,16.666666666666668
CH581,KR_U1228,KR5711,2.6333333333333333,17.42,2022-01-07,17:29:00.0,2022-01-07,20:07:00.0,17,20,January,Friday,158.0,Weekday,72,2022-01-07T17:29:00.0,2022-01-07T20:07:00.0,17.483333333333334
CH581,KR_U1228,KR5712,0.75,5.0,2022-01-09,17:08:00.0,2022-01-09,17:53:00.0,17,17,January,Sunday,45.0,Weekend,72,2022-01-09T17:08:00.0,2022-01-09T17:53:00.0,17.133333333333333
CH581,KR_U1228,KR5713,1.3,8.49,2022-01-31,16:55:00.0,2022-01-31,18:13:00.0,16,18,January,Monday,78.0,Weekday,72,2022-01-31T16:55:00.0,2022-01-31T18:13:00.0,16.916666666666668
CH581,KR_U1228,KR5714,0.6166666666666667,4.06,2021-12-03,18:08:00.0,2021-12-03,18:45:00.0,18,18,December,Friday,37.0,Weekday,72,2021-12-03T18:08:00.0,2021-12-03T18:45:00.0,18.133333333333333
CH581,KR_U1228,KR5715,1.4,9.21,2021-12-05,17:45:00.0,2021-12-05,19:09:00.0,17,19,December,Sunday,84.0,Weekend,72,2021-12-05T17:45:00.0,2021-12-05T19:09:00.0,17.75
CH581,KR_U1228,KR5716,1.0666666666666667,7.1,2021-11-05,19:01:00.0,2021-11-05,20:05:00.0,19,20,November,Friday,64.0,Weekday,72,2021-11-05T19:01:00.0,2021-11-05T20:05:00.0,19.016666666666666
CH581,KR_U1228,KR5717,1.8,11.84,2021-11-16,17:39:00.0,2021-11-16,19:27:00.0,17,19,November,Tuesday,108.0,Weekday,72,2021-11-16T17:39:00.0,2021-11-16T19:27:00.0,17.65
CH581,KR_U1228,KR5718,1.4,9.26,2021-11-25,18:30:00.0,2021-11-25,19:54:00.0,18,19,November,Thursday,84.0,Weekday,72,2021-11-25T18:30:00.0,2021-11-25T19:54:00.0,18.5
CH581,KR_U1228,KR5719,0.8666666666666667,5.71,2021-11-27,17:45:00.0,2021-11-27,18:37:00.0,17,18,November,Saturday,52.0,Weekend,72,2021-11-27T17:45:00.0,2021-11-27T18:37:00.0,17.75
CH581,KR_U1228,KR5720,0.7166666666666667,4.66,2021-11-29,18:29:00.0,2021-11-29,19:12:00.0,18,19,November,Monday,43.0,Weekday,72,2021-11-29T18:29:00.0,2021-11-29T19:12:00.0,18.483333333333334
CH581,KR_U1228,KR5721,0.8833333333333333,5.9,2021-10-02,17:33:00.0,2021-10-02,18:26:00.0,17,18,October,Saturday,53.0,Weekend,72,2021-10-02T17:33:00.0,2021-10-02T18:26:00.0,17.55
CH581,KR_U1228,KR5722,0.9666666666666667,6.4,2021-10-19,18:21:00.0,2021-10-19,19:19:00.0,18,19,October,Tuesday,58.0,Weekday,72,2021-10-19T18:21:00.0,2021-10-19T19:19:00.0,18.35
CH581,KR_U1228,KR5723,0.7166666666666667,4.71,2021-10-20,18:01:00.0,2021-10-20,18:44:00.0,18,18,October,Wednesday,43.0,Weekday,72,2021-10-20T18:01:00.0,2021-10-20T18:44:00.0,18.016666666666666
CH581,KR_U1228,KR5724,2.3333333333333335,15.59,2021-10-29,18:21:00.0,2021-10-29,20:41:00.0,18,20,October,Friday,140.0,Weekday,72,2021-10-29T18:21:00.0,2021-10-29T20:41:00.0,18.35
CH581,KR_U1230,KR5728,3.0833333333333335,20.77,2022-06-28,17:39:00.0,2022-06-28,20:44:00.0,17,20,June,Tuesday,185.0,Weekday,74,2022-06-28T17:39:00.0,2022-06-28T20:44:00.0,17.65
CH581,KR_U1230,KR5729,1.8166666666666667,12.09,2022-04-15,18:29:00.0,2022-04-15,20:18:00.0,18,20,April,Friday,109.0,Weekday,74,2022-04-15T18:29:00.0,2022-04-15T20:18:00.0,18.483333333333334
CH581,KR_U1230,KR5730,0.85,5.76,2022-04-25,12:09:00.0,2022-04-25,13:00:00.0,12,13,April,Monday,51.0,Weekday,74,2022-04-25T12:09:00.0,2022-04-25T13:00:00.0,12.15
CH581,KR_U1230,KR5731,3.1,20.77,2022-03-24,17:43:00.0,2022-03-24,20:49:00.0,17,20,March,Thursday,186.0,Weekday,74,2022-03-24T17:43:00.0,2022-03-24T20:49:00.0,17.716666666666665
CH581,KR_U1230,KR5732,1.4,9.24,2022-02-09,17:56:00.0,2022-02-09,19:20:00.0,17,19,February,Wednesday,84.0,Weekday,74,2022-02-09T17:56:00.0,2022-02-09T19:20:00.0,17.933333333333334
CH581,KR_U1230,KR5733,1.6666666666666667,11.01,2022-02-12,17:05:00.0,2022-02-12,18:45:00.0,17,18,February,Saturday,100.0,Weekend,74,2022-02-12T17:05:00.0,2022-02-12T18:45:00.0,17.083333333333332
CH581,KR_U1230,KR5734,0.75,4.84,2022-02-23,17:44:00.0,2022-02-23,18:29:00.0,17,18,February,Wednesday,45.0,Weekday,74,2022-02-23T17:44:00.0,2022-02-23T18:29:00.0,17.733333333333334
CH581,KR_U1230,KR5735,0.8666666666666667,5.73,2022-01-10,17:26:00.0,2022-01-10,18:18:00.0,17,18,January,Monday,52.0,Weekday,74,2022-01-10T17:26:00.0,2022-01-10T18:18:00.0,17.433333333333334
CH581,KR_U1230,KR5736,3.1166666666666667,20.76,2022-01-20,17:43:00.0,2022-01-20,20:50:00.0,17,20,January,Thursday,187.0,Weekday,74,2022-01-20T17:43:00.0,2022-01-20T20:50:00.0,17.716666666666665
CH581,KR_U1230,KR5737,1.6166666666666667,10.75,2021-11-02,18:07:00.0,2021-11-02,19:44:00.0,18,19,November,Tuesday,97.0,Weekday,74,2021-11-02T18:07:00.0,2021-11-02T19:44:00.0,18.116666666666667
CH581,KR_U1230,KR5738,1.1666666666666667,7.8,2021-11-21,16:00:00.0,2021-11-21,17:10:00.0,16,17,November,Sunday,70.0,Weekend,74,2021-11-21T16:00:00.0,2021-11-21T17:10:00.0,16.0
CH581,KR_U1230,KR5739,0.5166666666666667,3.37,2021-10-25,18:10:00.0,2021-10-25,18:41:00.0,18,18,October,Monday,31.000000000000004,Weekday,74,2021-10-25T18:10:00.0,2021-10-25T18:41:00.0,18.166666666666668
CH581,KR_U1230,KR5740,3.1,20.76,2021-10-30,17:24:00.0,2021-10-30,20:30:00.0,17,20,October,Saturday,186.0,Weekend,74,2021-10-30T17:24:00.0,2021-10-30T20:30:00.0,17.4
CH581,KR_U1446,KR5741,1.65,11.11,2022-05-17,16:07:00.0,2022-05-17,17:46:00.0,16,17,May,Tuesday,99.0,Weekday,75,2022-05-17T16:07:00.0,2022-05-17T17:46:00.0,16.116666666666667
CH581,KR_U1446,KR5742,2.7666666666666666,18.45,2022-04-11,17:50:00.0,2022-04-11,20:36:00.0,17,20,April,Monday,166.0,Weekday,75,2022-04-11T17:50:00.0,2022-04-11T20:36:00.0,17.833333333333332
CH581,KR_U1446,KR5743,2.0,13.45,2022-04-18,17:16:00.0,2022-04-18,19:16:00.0,17,19,April,Monday,120.0,Weekday,75,2022-04-18T17:16:00.0,2022-04-18T19:16:00.0,17.266666666666666
CH581,KR_U1446,KR5744,1.55,10.31,2022-03-07,18:03:00.0,2022-03-07,19:36:00.0,18,19,March,Monday,93.0,Weekday,75,2022-03-07T18:03:00.0,2022-03-07T19:36:00.0,18.05
CH581,KR_U1446,KR5745,2.033333333333333,13.48,2022-03-22,17:28:00.0,2022-03-22,19:30:00.0,17,19,March,Tuesday,122.0,Weekday,75,2022-03-22T17:28:00.0,2022-03-22T19:30:00.0,17.466666666666665
CH581,KR_U1446,KR5746,2.65,17.69,2022-02-04,17:26:00.0,2022-02-04,20:05:00.0,17,20,February,Friday,159.0,Weekday,75,2022-02-04T17:26:00.0,2022-02-04T20:05:00.0,17.433333333333334
CH581,KR_U1446,KR5747,1.4166666666666667,9.36,2022-02-05,17:02:00.0,2022-02-05,18:27:00.0,17,18,February,Saturday,85.0,Weekend,75,2022-02-05T17:02:00.0,2022-02-05T18:27:00.0,17.033333333333335
CH581,KR_U1446,KR5748,0.48333333333333334,3.2,2022-02-08,09:40:00.0,2022-02-08,10:09:00.0,9,10,February,Tuesday,29.0,Weekday,75,2022-02-08T09:40:00.0,2022-02-08T10:09:00.0,9.666666666666666
CH581,KR_U1446,KR5749,2.7666666666666666,18.42,2022-02-10,18:02:00.0,2022-02-10,20:48:00.0,18,20,February,Thursday,166.0,Weekday,75,2022-02-10T18:02:00.0,2022-02-10T20:48:00.0,18.033333333333335
CH581,KR_U1446,KR5750,2.0833333333333335,13.72,2022-02-21,17:52:00.0,2022-02-21,19:57:00.0,17,19,February,Monday,125.00000000000001,Weekday,75,2022-02-21T17:52:00.0,2022-02-21T19:57:00.0,17.866666666666667
CH581,KR_U1446,KR5751,2.9166666666666665,19.46,2022-01-27,17:21:00.0,2022-01-27,20:16:00.0,17,20,January,Thursday,175.0,Weekday,75,2022-01-27T17:21:00.0,2022-01-27T20:16:00.0,17.35
CH581,KR_U1446,KR5752,1.65,10.95,2022-01-28,17:30:00.0,2022-01-28,19:09:00.0,17,19,January,Friday,99.0,Weekday,75,2022-01-28T17:30:00.0,2022-01-28T19:09:00.0,17.5
CH581,KR_U1446,KR5753,1.5166666666666666,10.03,2022-01-29,16:55:00.0,2022-01-29,18:26:00.0,16,18,January,Saturday,91.0,Weekend,75,2022-01-29T16:55:00.0,2022-01-29T18:26:00.0,16.916666666666668
CH581,KR_U1446,KR5754,3.1,20.76,2021-12-15,17:53:00.0,2021-12-15,20:59:00.0,17,20,December,Wednesday,186.0,Weekday,75,2021-12-15T17:53:00.0,2021-12-15T20:59:00.0,17.883333333333333
CH581,KR_U1446,KR5755,2.6333333333333333,17.54,2021-11-10,15:31:00.0,2021-11-10,18:09:00.0,15,18,November,Wednesday,158.0,Weekday,75,2021-11-10T15:31:00.0,2021-11-10T18:09:00.0,15.516666666666667
CH581,KR_U1446,KR5756,1.4166666666666667,9.6,2021-11-24,16:37:00.0,2021-11-24,18:02:00.0,16,18,November,Wednesday,85.0,Weekday,75,2021-11-24T16:37:00.0,2021-11-24T18:02:00.0,16.616666666666667
CH581,KR_U1446,KR5757,1.0166666666666666,6.86,2021-10-26,16:31:00.0,2021-10-26,17:32:00.0,16,17,October,Tuesday,61.0,Weekday,75,2021-10-26T16:31:00.0,2021-10-26T17:32:00.0,16.516666666666666
CH735,KR_U106,KR5873,3.5,10.69,2022-09-18,16:16:00.0,2022-09-18,19:46:00.0,16,19,September,Sunday,210.0,Weekend,146,2022-09-18T16:16:00.0,2022-09-18T19:46:00.0,16.266666666666666
CH735,KR_U106,KR5874,8.766666666666667,55.5,2022-06-30,18:45:00.0,2022-07-01,03:31:00.0,18,3,June,Thursday,526.0,Weekday,146,2022-06-30T18:45:00.0,2022-07-01T03:31:00.0,18.75
CH735,KR_U106,KR5875,2.533333333333333,16.27,2022-07-10,12:28:00.0,2022-07-10,15:00:00.0,12,15,July,Sunday,152.0,Weekend,146,2022-07-10T12:28:00.0,2022-07-10T15:00:00.0,12.466666666666667
CH735,KR_U106,KR5876,2.9166666666666665,19.15,2022-07-10,15:45:00.0,2022-07-10,18:40:00.0,15,18,July,Sunday,175.0,Weekend,146,2022-07-10T15:45:00.0,2022-07-10T18:40:00.0,15.75
CH735,KR_U106,KR5877,4.933333333333334,32.27,2022-06-18,12:53:00.0,2022-06-18,17:49:00.0,12,17,June,Saturday,296.0,Weekend,146,2022-06-18T12:53:00.0,2022-06-18T17:49:00.0,12.883333333333333
CH735,KR_U106,KR5878,3.75,23.12,2022-06-19,18:55:00.0,2022-06-19,22:40:00.0,18,22,June,Sunday,225.0,Weekend,146,2022-06-19T18:55:00.0,2022-06-19T22:40:00.0,18.916666666666668
CH735,KR_U106,KR5879,7.75,47.88,2022-06-26,15:32:00.0,2022-06-26,23:17:00.0,15,23,June,Sunday,465.0,Weekend,146,2022-06-26T15:32:00.0,2022-06-26T23:17:00.0,15.533333333333333
CH735,KR_U106,KR5880,10.766666666666667,68.45,2022-04-30,18:58:00.0,2022-05-01,05:44:00.0,18,5,April,Saturday,646.0,Weekend,146,2022-04-30T18:58:00.0,2022-05-01T05:44:00.0,18.966666666666665
CH735,KR_U106,KR5881,8.516666666666667,53.58,2022-05-04,18:45:00.0,2022-05-05,03:16:00.0,18,3,May,Wednesday,511.00000000000006,Weekday,146,2022-05-04T18:45:00.0,2022-05-05T03:16:00.0,18.75
CH735,KR_U106,KR5882,6.516666666666667,40.3,2022-05-28,17:55:00.0,2022-05-29,00:26:00.0,17,0,May,Saturday,391.0,Weekend,146,2022-05-28T17:55:00.0,2022-05-29T00:26:00.0,17.916666666666668
CH735,KR_U106,KR5883,3.5,10.69,2022-04-06,19:10:00.0,2022-04-06,22:40:00.0,19,22,April,Wednesday,210.0,Weekday,146,2022-04-06T19:10:00.0,2022-04-06T22:40:00.0,19.166666666666668
CH735,KR_U106,KR5884,9.016666666666667,56.8,2022-04-10,19:08:00.0,2022-04-11,04:09:00.0,19,4,April,Sunday,541.0,Weekend,146,2022-04-10T19:08:00.0,2022-04-11T04:09:00.0,19.133333333333333
CH735,KR_U106,KR5885,9.766666666666667,61.91,2022-04-15,20:52:00.0,2022-04-16,06:38:00.0,20,6,April,Friday,586.0,Weekday,146,2022-04-15T20:52:00.0,2022-04-16T06:38:00.0,20.866666666666667
CH735,KR_U106,KR5886,2.5166666666666666,7.23,2022-03-05,14:35:00.0,2022-03-05,17:06:00.0,14,17,March,Saturday,151.0,Weekend,146,2022-03-05T14:35:00.0,2022-03-05T17:06:00.0,14.583333333333334
CH735,KR_U106,KR5887,8.633333333333333,57.34,2022-03-05,22:33:00.0,2022-03-06,07:11:00.0,22,7,March,Saturday,518.0,Weekend,146,2022-03-05T22:33:00.0,2022-03-06T07:11:00.0,22.55
CH735,KR_U106,KR5888,3.5,10.22,2022-03-10,20:30:00.0,2022-03-11,00:00:00.0,20,0,March,Thursday,210.0,Weekday,146,2022-03-10T20:30:00.0,2022-03-11T00:00:00.0,20.5
CH735,KR_U106,KR5889,3.5,10.24,2022-03-16,18:39:00.0,2022-03-16,22:09:00.0,18,22,March,Wednesday,210.0,Weekday,146,2022-03-16T18:39:00.0,2022-03-16T22:09:00.0,18.65
CH735,KR_U106,KR5890,3.5166666666666666,10.58,2022-03-22,19:29:00.0,2022-03-22,23:00:00.0,19,23,March,Tuesday,211.0,Weekday,146,2022-03-22T19:29:00.0,2022-03-22T23:00:00.0,19.483333333333334
CH735,KR_U106,KR5891,3.5,10.33,2022-03-24,20:27:00.0,2022-03-24,23:57:00.0,20,23,March,Thursday,210.0,Weekday,146,2022-03-24T20:27:00.0,2022-03-24T23:57:00.0,20.45
CH735,KR_U106,KR5892,3.5166666666666666,10.71,2022-03-26,16:06:00.0,2022-03-26,19:37:00.0,16,19,March,Saturday,211.0,Weekend,146,2022-03-26T16:06:00.0,2022-03-26T19:37:00.0,16.1
CH735,KR_U106,KR5893,3.5,10.43,2022-03-27,17:39:00.0,2022-03-27,21:09:00.0,17,21,March,Sunday,210.0,Weekend,146,2022-03-27T17:39:00.0,2022-03-27T21:09:00.0,17.65
CH735,KR_U106,KR5894,3.5,10.25,2022-03-30,18:46:00.0,2022-03-30,22:16:00.0,18,22,March,Wednesday,210.0,Weekday,146,2022-03-30T18:46:00.0,2022-03-30T22:16:00.0,18.766666666666666
CH735,KR_U106,KR5895,4.933333333333334,32.52,2022-02-05,13:42:00.0,2022-02-05,18:38:00.0,13,18,February,Saturday,296.0,Weekend,146,2022-02-05T13:42:00.0,2022-02-05T18:38:00.0,13.7
CH735,KR_U106,KR5896,9.516666666666667,60.88,2022-02-09,20:50:00.0,2022-02-10,06:21:00.0,20,6,February,Wednesday,571.0,Weekday,146,2022-02-09T20:50:00.0,2022-02-10T06:21:00.0,20.833333333333332
CH735,KR_U106,KR5897,10.5,66.27,2022-01-18,18:18:00.0,2022-01-19,04:48:00.0,18,4,January,Tuesday,630.0,Weekday,146,2022-01-18T18:18:00.0,2022-01-19T04:48:00.0,18.3
CH738,KR_U106,KR5926,3.7666666666666666,10.83,2022-09-14,20:33:00.0,2022-09-15,00:19:00.0,20,0,September,Wednesday,226.0,Weekday,146,2022-09-14T20:33:00.0,2022-09-15T00:19:00.0,20.55
CH738,KR_U106,KR5927,3.5,10.41,2022-09-13,18:50:00.0,2022-09-13,22:20:00.0,18,22,September,Tuesday,210.0,Weekday,146,2022-09-13T18:50:00.0,2022-09-13T22:20:00.0,18.833333333333332
CH738,KR_U106,KR5928,3.5166666666666666,10.37,2022-09-12,18:49:00.0,2022-09-12,22:20:00.0,18,22,September,Monday,211.0,Weekday,146,2022-09-12T18:49:00.0,2022-09-12T22:20:00.0,18.816666666666666
CH738,KR_U106,KR5929,8.266666666666667,51.13,2022-09-09,21:39:00.0,2022-09-10,05:55:00.0,21,5,September,Friday,496.00000000000006,Weekday,146,2022-09-09T21:39:00.0,2022-09-10T05:55:00.0,21.65
CH738,KR_U106,KR5930,3.5,10.16,2022-09-04,15:00:00.0,2022-09-04,18:30:00.0,15,18,September,Sunday,210.0,Weekend,146,2022-09-04T15:00:00.0,2022-09-04T18:30:00.0,15.0
CH738,KR_U106,KR5931,1.65,10.79,2022-09-02,18:18:00.0,2022-09-02,19:57:00.0,18,19,September,Friday,99.0,Weekday,146,2022-09-02T18:18:00.0,2022-09-02T19:57:00.0,18.3
CH738,KR_U106,KR5932,3.5,10.1,2022-09-23,18:45:00.0,2022-09-23,22:15:00.0,18,22,September,Friday,210.0,Weekday,146,2022-09-23T18:45:00.0,2022-09-23T22:15:00.0,18.75
CH738,KR_U106,KR5933,3.5166666666666666,10.19,2022-09-15,20:43:00.0,2022-09-16,00:14:00.0,20,0,September,Thursday,211.0,Weekday,146,2022-09-15T20:43:00.0,2022-09-16T00:14:00.0,20.716666666666665
CH738,KR_U106,KR5934,8.516666666666667,49.88,2022-08-14,14:49:00.0,2022-08-14,23:20:00.0,14,23,August,Sunday,511.00000000000006,Weekend,146,2022-08-14T14:49:00.0,2022-08-14T23:20:00.0,14.816666666666666
CH738,KR_U106,KR5935,3.7666666666666666,10.74,2022-08-12,19:06:00.0,2022-08-12,22:52:00.0,19,22,August,Friday,226.0,Weekday,146,2022-08-12T19:06:00.0,2022-08-12T22:52:00.0,19.1
CH738,KR_U106,KR5936,0.5,1.32,2022-08-06,19:03:00.0,2022-08-06,19:33:00.0,19,19,August,Saturday,30.0,Weekend,146,2022-08-06T19:03:00.0,2022-08-06T19:33:00.0,19.05
CH738,KR_U106,KR5937,3.5,10.51,2022-08-31,20:28:00.0,2022-08-31,23:58:00.0,20,23,August,Wednesday,210.0,Weekday,146,2022-08-31T20:28:00.0,2022-08-31T23:58:00.0,20.466666666666665
CH738,KR_U106,KR5938,7.016666666666667,42.11,2022-08-30,18:20:00.0,2022-08-31,01:21:00.0,18,1,August,Tuesday,421.0,Weekday,146,2022-08-30T18:20:00.0,2022-08-31T01:21:00.0,18.333333333333332
CH738,KR_U106,KR5939,3.5,10.24,2022-08-25,20:50:00.0,2022-08-26,00:20:00.0,20,0,August,Thursday,210.0,Weekday,146,2022-08-25T20:50:00.0,2022-08-26T00:20:00.0,20.833333333333332
CH738,KR_U106,KR5940,3.5166666666666666,10.53,2022-08-17,18:38:00.0,2022-08-17,22:09:00.0,18,22,August,Wednesday,211.0,Weekday,146,2022-08-17T18:38:00.0,2022-08-17T22:09:00.0,18.633333333333333
CH738,KR_U106,KR5941,5.516666666666667,33.0,2022-08-16,18:59:00.0,2022-08-17,00:30:00.0,18,0,August,Tuesday,331.0,Weekday,146,2022-08-16T18:59:00.0,2022-08-17T00:30:00.0,18.983333333333334
CH738,KR_U106,KR5942,3.5166666666666666,10.5,2022-07-04,20:36:00.0,2022-07-05,00:07:00.0,20,0,July,Monday,211.0,Weekday,146,2022-07-04T20:36:00.0,2022-07-05T00:07:00.0,20.6
CH738,KR_U106,KR5943,4.75,28.93,2022-07-06,18:22:00.0,2022-07-06,23:07:00.0,18,23,July,Wednesday,285.0,Weekday,146,2022-07-06T18:22:00.0,2022-07-06T23:07:00.0,18.366666666666667
CH738,KR_U106,KR5944,3.5,10.68,2022-07-07,20:36:00.0,2022-07-08,00:06:00.0,20,0,July,Thursday,210.0,Weekday,146,2022-07-07T20:36:00.0,2022-07-08T00:06:00.0,20.6
CH738,KR_U106,KR5945,3.5,10.27,2022-07-14,20:42:00.0,2022-07-15,00:12:00.0,20,0,July,Thursday,210.0,Weekday,146,2022-07-14T20:42:00.0,2022-07-15T00:12:00.0,20.7
CH738,KR_U106,KR5946,3.5166666666666666,10.37,2022-07-15,18:49:00.0,2022-07-15,22:20:00.0,18,22,July,Friday,211.0,Weekday,146,2022-07-15T18:49:00.0,2022-07-15T22:20:00.0,18.816666666666666
CH738,KR_U106,KR5947,3.7666666666666666,10.76,2022-07-20,18:38:00.0,2022-07-20,22:24:00.0,18,22,July,Wednesday,226.0,Weekday,146,2022-07-20T18:38:00.0,2022-07-20T22:24:00.0,18.633333333333333
CH738,KR_U106,KR5948,8.766666666666667,55.05,2022-06-01,16:24:00.0,2022-06-02,01:10:00.0,16,1,June,Wednesday,526.0,Weekday,146,2022-06-01T16:24:00.0,2022-06-02T01:10:00.0,16.4
CH738,KR_U106,KR5949,3.5166666666666666,10.18,2022-06-15,00:26:00.0,2022-06-15,03:57:00.0,0,3,June,Wednesday,211.0,Weekday,146,2022-06-15T00:26:00.0,2022-06-15T03:57:00.0,0.43333333333333335
CH738,KR_U106,KR5950,3.5166666666666666,10.45,2022-06-20,20:42:00.0,2022-06-21,00:13:00.0,20,0,June,Monday,211.0,Weekday,146,2022-06-20T20:42:00.0,2022-06-21T00:13:00.0,20.7
CH738,KR_U106,KR5951,1.2333333333333334,8.18,2022-06-21,18:36:00.0,2022-06-21,19:50:00.0,18,19,June,Tuesday,74.0,Weekday,146,2022-06-21T18:36:00.0,2022-06-21T19:50:00.0,18.6
CH738,KR_U106,KR5952,3.5,10.53,2022-06-23,20:31:00.0,2022-06-24,00:01:00.0,20,0,June,Thursday,210.0,Weekday,146,2022-06-23T20:31:00.0,2022-06-24T00:01:00.0,20.516666666666666
CH738,KR_U106,KR5953,3.5166666666666666,10.31,2022-06-27,20:40:00.0,2022-06-28,00:11:00.0,20,0,June,Monday,211.0,Weekday,146,2022-06-27T20:40:00.0,2022-06-28T00:11:00.0,20.666666666666668
CH738,KR_U106,KR5954,3.5166666666666666,10.39,2022-06-29,18:45:00.0,2022-06-29,22:16:00.0,18,22,June,Wednesday,211.0,Weekday,146,2022-06-29T18:45:00.0,2022-06-29T22:16:00.0,18.75
CH738,KR_U106,KR5955,3.5166666666666666,10.07,2022-05-02,20:27:00.0,2022-05-02,23:58:00.0,20,23,May,Monday,211.0,Weekday,146,2022-05-02T20:27:00.0,2022-05-02T23:58:00.0,20.45
CH738,KR_U106,KR5956,10.266666666666667,64.56,2022-05-07,15:37:00.0,2022-05-08,01:53:00.0,15,1,May,Saturday,616.0,Weekend,146,2022-05-07T15:37:00.0,2022-05-08T01:53:00.0,15.616666666666667
CH738,KR_U106,KR5957,3.2666666666666666,9.93,2022-05-09,20:25:00.0,2022-05-09,23:41:00.0,20,23,May,Monday,196.0,Weekday,146,2022-05-09T20:25:00.0,2022-05-09T23:41:00.0,20.416666666666668
CH738,KR_U106,KR5958,3.5,10.46,2022-05-10,20:05:00.0,2022-05-10,23:35:00.0,20,23,May,Tuesday,210.0,Weekday,146,2022-05-10T20:05:00.0,2022-05-10T23:35:00.0,20.083333333333332
CH738,KR_U106,KR5959,3.5166666666666666,10.39,2022-05-11,18:29:00.0,2022-05-11,22:00:00.0,18,22,May,Wednesday,211.0,Weekday,146,2022-05-11T18:29:00.0,2022-05-11T22:00:00.0,18.483333333333334
CH738,KR_U106,KR5960,3.5,10.4,2022-05-17,19:54:00.0,2022-05-17,23:24:00.0,19,23,May,Tuesday,210.0,Weekday,146,2022-05-17T19:54:00.0,2022-05-17T23:24:00.0,19.9
CH738,KR_U106,KR5961,3.5166666666666666,10.15,2022-05-23,21:05:00.0,2022-05-24,00:36:00.0,21,0,May,Monday,211.0,Weekday,146,2022-05-23T21:05:00.0,2022-05-24T00:36:00.0,21.083333333333332
CH738,KR_U106,KR5962,3.5,10.2,2022-05-30,20:32:00.0,2022-05-31,00:02:00.0,20,0,May,Monday,210.0,Weekday,146,2022-05-30T20:32:00.0,2022-05-31T00:02:00.0,20.533333333333335
CH738,KR_U106,KR5963,3.5,10.07,2022-03-31,22:23:00.0,2022-04-01,01:53:00.0,22,1,March,Thursday,210.0,Weekday,146,2022-03-31T22:23:00.0,2022-04-01T01:53:00.0,22.383333333333333
CH738,KR_U106,KR5964,10.016666666666667,63.86,2022-04-01,19:01:00.0,2022-04-02,05:02:00.0,19,5,April,Friday,601.0,Weekday,146,2022-04-01T19:01:00.0,2022-04-02T05:02:00.0,19.016666666666666
CH738,KR_U106,KR5965,5.5,33.33,2022-04-05,19:48:00.0,2022-04-06,01:18:00.0,19,1,April,Tuesday,330.0,Weekday,146,2022-04-05T19:48:00.0,2022-04-06T01:18:00.0,19.8
CH738,KR_U106,KR5966,9.266666666666667,58.35,2022-04-16,18:58:00.0,2022-04-17,04:14:00.0,18,4,April,Saturday,556.0,Weekend,146,2022-04-16T18:58:00.0,2022-04-17T04:14:00.0,18.966666666666665
CH738,KR_U106,KR5967,3.75,10.95,2022-04-17,20:05:00.0,2022-04-17,23:50:00.0,20,23,April,Sunday,225.0,Weekend,146,2022-04-17T20:05:00.0,2022-04-17T23:50:00.0,20.083333333333332
CH738,KR_U106,KR5968,3.5,10.12,2022-04-18,20:38:00.0,2022-04-19,00:08:00.0,20,0,April,Monday,210.0,Weekday,146,2022-04-18T20:38:00.0,2022-04-19T00:08:00.0,20.633333333333333
CH738,KR_U106,KR5969,3.5,10.47,2022-04-21,20:20:00.0,2022-04-21,23:50:00.0,20,23,April,Thursday,210.0,Weekday,146,2022-04-21T20:20:00.0,2022-04-21T23:50:00.0,20.333333333333332
CH738,KR_U106,KR5970,3.5,10.28,2022-04-25,20:31:00.0,2022-04-26,00:01:00.0,20,0,April,Monday,210.0,Weekday,146,2022-04-25T20:31:00.0,2022-04-26T00:01:00.0,20.516666666666666
CH738,KR_U106,KR5971,3.5,10.49,2022-03-01,11:02:00.0,2022-03-01,14:32:00.0,11,14,March,Tuesday,210.0,Weekday,146,2022-03-01T11:02:00.0,2022-03-01T14:32:00.0,11.033333333333333
CH738,KR_U106,KR5972,3.7666666666666666,10.84,2022-03-02,21:43:00.0,2022-03-03,01:29:00.0,21,1,March,Wednesday,226.0,Weekday,146,2022-03-02T21:43:00.0,2022-03-03T01:29:00.0,21.716666666666665
CH738,KR_U106,KR5973,1.2,7.89,2022-03-05,13:19:00.0,2022-03-05,14:31:00.0,13,14,March,Saturday,72.0,Weekend,146,2022-03-05T13:19:00.0,2022-03-05T14:31:00.0,13.316666666666666
CH738,KR_U106,KR5974,4.25,25.79,2022-03-06,17:32:00.0,2022-03-06,21:47:00.0,17,21,March,Sunday,255.0,Weekend,146,2022-03-06T17:32:00.0,2022-03-06T21:47:00.0,17.533333333333335
CH738,KR_U106,KR5975,3.25,19.39,2022-03-07,21:43:00.0,2022-03-08,00:58:00.0,21,0,March,Monday,195.0,Weekday,146,2022-03-07T21:43:00.0,2022-03-08T00:58:00.0,21.716666666666665
CH738,KR_U106,KR5976,3.2333333333333334,21.39,2022-03-09,12:44:00.0,2022-03-09,15:58:00.0,12,15,March,Wednesday,194.0,Weekday,146,2022-03-09T12:44:00.0,2022-03-09T15:58:00.0,12.733333333333333
CH738,KR_U106,KR5977,4.5,27.95,2022-03-10,20:32:00.0,2022-03-11,01:02:00.0,20,1,March,Thursday,270.0,Weekday,146,2022-03-10T20:32:00.0,2022-03-11T01:02:00.0,20.533333333333335
CH738,KR_U106,KR5978,3.5166666666666666,10.21,2022-03-13,14:29:00.0,2022-03-13,18:00:00.0,14,18,March,Sunday,211.0,Weekend,146,2022-03-13T14:29:00.0,2022-03-13T18:00:00.0,14.483333333333333
CH738,KR_U106,KR5979,1.25,5.45,2022-03-20,15:32:00.0,2022-03-20,16:47:00.0,15,16,March,Sunday,75.0,Weekend,146,2022-03-20T15:32:00.0,2022-03-20T16:47:00.0,15.533333333333333
CH738,KR_U106,KR5980,3.5166666666666666,10.3,2022-03-21,21:04:00.0,2022-03-22,00:35:00.0,21,0,March,Monday,211.0,Weekday,146,2022-03-21T21:04:00.0,2022-03-22T00:35:00.0,21.066666666666666
CH738,KR_U106,KR5981,1.0833333333333333,7.14,2022-03-23,19:00:00.0,2022-03-23,20:05:00.0,19,20,March,Wednesday,65.0,Weekday,146,2022-03-23T19:00:00.0,2022-03-23T20:05:00.0,19.0
CH738,KR_U106,KR5982,3.5166666666666666,10.71,2022-03-23,20:05:00.0,2022-03-23,23:36:00.0,20,23,March,Wednesday,211.0,Weekday,146,2022-03-23T20:05:00.0,2022-03-23T23:36:00.0,20.083333333333332
CH738,KR_U106,KR5983,3.0,17.54,2022-03-25,18:38:00.0,2022-03-25,21:38:00.0,18,21,March,Friday,180.0,Weekday,146,2022-03-25T18:38:00.0,2022-03-25T21:38:00.0,18.633333333333333
CH738,KR_U106,KR5984,6.516666666666667,39.79,2022-03-27,19:56:00.0,2022-03-28,02:27:00.0,19,2,March,Sunday,391.0,Weekend,146,2022-03-27T19:56:00.0,2022-03-28T02:27:00.0,19.933333333333334
CH738,KR_U106,KR5985,8.0,50.24,2022-02-01,16:22:00.0,2022-02-02,00:22:00.0,16,0,February,Tuesday,480.0,Weekday,146,2022-02-01T16:22:00.0,2022-02-02T00:22:00.0,16.366666666666667
CH738,KR_U106,KR5986,3.5,10.07,2022-02-03,20:23:00.0,2022-02-03,23:53:00.0,20,23,February,Thursday,210.0,Weekday,146,2022-02-03T20:23:00.0,2022-02-03T23:53:00.0,20.383333333333333
CH738,KR_U106,KR5987,4.5,27.19,2022-02-06,18:51:00.0,2022-02-06,23:21:00.0,18,23,February,Sunday,270.0,Weekend,146,2022-02-06T18:51:00.0,2022-02-06T23:21:00.0,18.85
CH738,KR_U106,KR5988,3.5,10.5,2022-02-12,16:34:00.0,2022-02-12,20:04:00.0,16,20,February,Saturday,210.0,Weekend,146,2022-02-12T16:34:00.0,2022-02-12T20:04:00.0,16.566666666666666
CH738,KR_U106,KR5989,3.5166666666666666,10.57,2022-02-15,19:19:00.0,2022-02-15,22:50:00.0,19,22,February,Tuesday,211.0,Weekday,146,2022-02-15T19:19:00.0,2022-02-15T22:50:00.0,19.316666666666666
CH738,KR_U106,KR5990,9.0,57.2,2022-02-16,18:39:00.0,2022-02-17,03:39:00.0,18,3,February,Wednesday,540.0,Weekday,146,2022-02-16T18:39:00.0,2022-02-17T03:39:00.0,18.65
CH738,KR_U106,KR5991,0.5333333333333333,1.79,2022-02-19,15:47:00.0,2022-02-19,16:19:00.0,15,16,February,Saturday,32.0,Weekend,146,2022-02-19T15:47:00.0,2022-02-19T16:19:00.0,15.783333333333333
CH738,KR_U106,KR5992,7.0,43.4,2022-02-26,16:06:00.0,2022-02-26,23:06:00.0,16,23,February,Saturday,420.0,Weekend,146,2022-02-26T16:06:00.0,2022-02-26T23:06:00.0,16.1
CH738,KR_U106,KR5993,5.25,31.53,2022-02-27,20:23:00.0,2022-02-28,01:38:00.0,20,1,February,Sunday,315.0,Weekend,146,2022-02-27T20:23:00.0,2022-02-28T01:38:00.0,20.383333333333333
CH738,KR_U106,KR5994,3.5166666666666666,10.15,2022-01-13,21:16:00.0,2022-01-14,00:47:00.0,21,0,January,Thursday,211.0,Weekday,146,2022-01-13T21:16:00.0,2022-01-14T00:47:00.0,21.266666666666666
CH738,KR_U106,KR5995,3.5,10.36,2022-01-24,22:02:00.0,2022-01-25,01:32:00.0,22,1,January,Monday,210.0,Weekday,146,2022-01-24T22:02:00.0,2022-01-25T01:32:00.0,22.033333333333335
CH738,KR_U106,KR5996,3.5166666666666666,10.25,2022-01-27,20:38:00.0,2022-01-28,00:09:00.0,20,0,January,Thursday,211.0,Weekday,146,2022-01-27T20:38:00.0,2022-01-28T00:09:00.0,20.633333333333333
CH740,KR_U106,KR6060,3.5,10.55,2022-06-28,21:32:00.0,2022-06-29,01:02:00.0,21,1,June,Tuesday,210.0,Weekday,146,2022-06-28T21:32:00.0,2022-06-29T01:02:00.0,21.533333333333335
CH740,KR_U106,KR6061,3.5,10.75,2022-05-18,19:04:00.0,2022-05-18,22:34:00.0,19,22,May,Wednesday,210.0,Weekday,146,2022-05-18T19:04:00.0,2022-05-18T22:34:00.0,19.066666666666666
CH740,KR_U106,KR6062,3.5,10.36,2022-04-04,20:31:00.0,2022-04-05,00:01:00.0,20,0,April,Monday,210.0,Weekday,146,2022-04-04T20:31:00.0,2022-04-05T00:01:00.0,20.516666666666666
CH740,KR_U106,KR6063,3.5166666666666666,10.74,2022-04-19,18:55:00.0,2022-04-19,22:26:00.0,18,22,April,Tuesday,211.0,Weekday,146,2022-04-19T18:55:00.0,2022-04-19T22:26:00.0,18.916666666666668
CH740,KR_U106,KR6064,8.516666666666667,54.04,2022-04-23,17:47:00.0,2022-04-24,02:18:00.0,17,2,April,Saturday,511.00000000000006,Weekend,146,2022-04-23T17:47:00.0,2022-04-24T02:18:00.0,17.783333333333335
CH740,KR_U106,KR6065,8.133333333333333,55.41,2022-04-24,06:18:00.0,2022-04-24,14:26:00.0,6,14,April,Sunday,488.0,Weekend,146,2022-04-24T06:18:00.0,2022-04-24T14:26:00.0,6.3
CH740,KR_U106,KR6066,3.5166666666666666,10.26,2022-03-03,20:22:00.0,2022-03-03,23:53:00.0,20,23,March,Thursday,211.0,Weekday,146,2022-03-03T20:22:00.0,2022-03-03T23:53:00.0,20.366666666666667
CH740,KR_U106,KR6067,3.5,10.07,2022-03-07,20:29:00.0,2022-03-07,23:59:00.0,20,23,March,Monday,210.0,Weekday,146,2022-03-07T20:29:00.0,2022-03-07T23:59:00.0,20.483333333333334
CH740,KR_U106,KR6068,3.5,10.77,2022-03-08,18:59:00.0,2022-03-08,22:29:00.0,18,22,March,Tuesday,210.0,Weekday,146,2022-03-08T18:59:00.0,2022-03-08T22:29:00.0,18.983333333333334
CH740,KR_U106,KR6069,3.5,10.75,2022-03-15,18:56:00.0,2022-03-15,22:26:00.0,18,22,March,Tuesday,210.0,Weekday,146,2022-03-15T18:56:00.0,2022-03-15T22:26:00.0,18.933333333333334
CH740,KR_U106,KR6070,3.5166666666666666,10.65,2022-03-29,19:24:00.0,2022-03-29,22:55:00.0,19,22,March,Tuesday,211.0,Weekday,146,2022-03-29T19:24:00.0,2022-03-29T22:55:00.0,19.4
CH740,KR_U106,KR6071,3.5,10.3,2022-02-08,18:50:00.0,2022-02-08,22:20:00.0,18,22,February,Tuesday,210.0,Weekday,146,2022-02-08T18:50:00.0,2022-02-08T22:20:00.0,18.833333333333332
CH740,KR_U106,KR6072,9.266666666666667,58.94,2022-02-24,20:26:00.0,2022-02-25,05:42:00.0,20,5,February,Thursday,556.0,Weekday,146,2022-02-24T20:26:00.0,2022-02-25T05:42:00.0,20.433333333333334
CH741,KR_U106,KR6097,3.75,10.74,2022-09-07,21:28:00.0,2022-09-08,01:13:00.0,21,1,September,Wednesday,225.0,Weekday,146,2022-09-07T21:28:00.0,2022-09-08T01:13:00.0,21.466666666666665
CH741,KR_U106,KR6098,5.1,33.57,2022-09-25,11:38:00.0,2022-09-25,16:44:00.0,11,16,September,Sunday,306.0,Weekend,146,2022-09-25T11:38:00.0,2022-09-25T16:44:00.0,11.633333333333333
CH741,KR_U106,KR6099,5.75,35.29,2022-09-17,19:00:00.0,2022-09-18,00:45:00.0,19,0,September,Saturday,345.0,Weekend,146,2022-09-17T19:00:00.0,2022-09-18T00:45:00.0,19.0
CH741,KR_U106,KR6100,3.5,10.46,2022-08-11,20:29:00.0,2022-08-11,23:59:00.0,20,23,August,Thursday,210.0,Weekday,146,2022-08-11T20:29:00.0,2022-08-11T23:59:00.0,20.483333333333334
CH741,KR_U106,KR6101,5.016666666666667,30.19,2022-07-02,20:34:00.0,2022-07-03,01:35:00.0,20,1,July,Saturday,301.0,Weekend,146,2022-07-02T20:34:00.0,2022-07-03T01:35:00.0,20.566666666666666
CH741,KR_U106,KR6102,3.75,11.03,2022-07-10,19:51:00.0,2022-07-10,23:36:00.0,19,23,July,Sunday,225.0,Weekend,146,2022-07-10T19:51:00.0,2022-07-10T23:36:00.0,19.85
CH741,KR_U106,KR6103,6.866666666666666,44.62,2022-07-16,23:18:00.0,2022-07-17,06:10:00.0,23,6,July,Saturday,412.0,Weekend,146,2022-07-16T23:18:00.0,2022-07-17T06:10:00.0,23.3
CH741,KR_U106,KR6104,3.5166666666666666,10.43,2022-07-21,20:34:00.0,2022-07-22,00:05:00.0,20,0,July,Thursday,211.0,Weekday,146,2022-07-21T20:34:00.0,2022-07-22T00:05:00.0,20.566666666666666
CH741,KR_U106,KR6105,3.5166666666666666,10.52,2022-07-24,15:05:00.0,2022-07-24,18:36:00.0,15,18,July,Sunday,211.0,Weekend,146,2022-07-24T15:05:00.0,2022-07-24T18:36:00.0,15.083333333333334
CH741,KR_U106,KR6106,3.5,10.54,2022-07-27,18:37:00.0,2022-07-27,22:07:00.0,18,22,July,Wednesday,210.0,Weekday,146,2022-07-27T18:37:00.0,2022-07-27T22:07:00.0,18.616666666666667
CH741,KR_U106,KR6107,3.5,10.57,2022-07-28,20:36:00.0,2022-07-29,00:06:00.0,20,0,July,Thursday,210.0,Weekday,146,2022-07-28T20:36:00.0,2022-07-29T00:06:00.0,20.6
CH741,KR_U106,KR6108,3.75,10.87,2022-07-29,18:44:00.0,2022-07-29,22:29:00.0,18,22,July,Friday,225.0,Weekday,146,2022-07-29T18:44:00.0,2022-07-29T22:29:00.0,18.733333333333334
CH741,KR_U106,KR6109,7.016666666666667,43.27,2022-06-06,19:21:00.0,2022-06-07,02:22:00.0,19,2,June,Monday,421.0,Weekday,146,2022-06-06T19:21:00.0,2022-06-07T02:22:00.0,19.35
CH741,KR_U106,KR6110,3.5166666666666666,10.18,2022-06-08,18:52:00.0,2022-06-08,22:23:00.0,18,22,June,Wednesday,211.0,Weekday,146,2022-06-08T18:52:00.0,2022-06-08T22:23:00.0,18.866666666666667
CH741,KR_U106,KR6111,1.6166666666666667,10.66,2022-06-11,15:01:00.0,2022-06-11,16:38:00.0,15,16,June,Saturday,97.0,Weekend,146,2022-06-11T15:01:00.0,2022-06-11T16:38:00.0,15.016666666666667
CH741,KR_U106,KR6112,3.5,10.22,2022-06-22,18:37:00.0,2022-06-22,22:07:00.0,18,22,June,Wednesday,210.0,Weekday,146,2022-06-22T18:37:00.0,2022-06-22T22:07:00.0,18.616666666666667
CH741,KR_U106,KR6113,3.5166666666666666,10.45,2022-05-01,14:27:00.0,2022-05-01,17:58:00.0,14,17,May,Sunday,211.0,Weekend,146,2022-05-01T14:27:00.0,2022-05-01T17:58:00.0,14.45
CH741,KR_U106,KR6114,3.5166666666666666,10.73,2022-05-14,14:21:00.0,2022-05-14,17:52:00.0,14,17,May,Saturday,211.0,Weekend,146,2022-05-14T14:21:00.0,2022-05-14T17:52:00.0,14.35
CH741,KR_U106,KR6115,3.5166666666666666,10.25,2022-05-22,17:22:00.0,2022-05-22,20:53:00.0,17,20,May,Sunday,211.0,Weekend,146,2022-05-22T17:22:00.0,2022-05-22T20:53:00.0,17.366666666666667
CH741,KR_U106,KR6116,9.266666666666667,50.72,2022-04-02,13:38:00.0,2022-04-02,22:54:00.0,13,22,April,Saturday,556.0,Weekend,146,2022-04-02T13:38:00.0,2022-04-02T22:54:00.0,13.633333333333333
CH741,KR_U106,KR6117,3.5,10.3,2022-04-07,20:32:00.0,2022-04-08,00:02:00.0,20,0,April,Thursday,210.0,Weekday,146,2022-04-07T20:32:00.0,2022-04-08T00:02:00.0,20.533333333333335
CH741,KR_U106,KR6118,9.25,52.41,2022-04-08,20:47:00.0,2022-04-09,06:02:00.0,20,6,April,Friday,555.0,Weekday,146,2022-04-08T20:47:00.0,2022-04-09T06:02:00.0,20.783333333333335
CH741,KR_U106,KR6119,3.5166666666666666,10.4,2022-04-09,16:59:00.0,2022-04-09,20:30:00.0,16,20,April,Saturday,211.0,Weekend,146,2022-04-09T16:59:00.0,2022-04-09T20:30:00.0,16.983333333333334
CH741,KR_U106,KR6120,9.016666666666667,57.18,2022-04-20,18:40:00.0,2022-04-21,03:41:00.0,18,3,April,Wednesday,541.0,Weekday,146,2022-04-20T18:40:00.0,2022-04-21T03:41:00.0,18.666666666666668
CH741,KR_U106,KR6121,3.5,10.55,2022-03-04,22:20:00.0,2022-03-05,01:50:00.0,22,1,March,Friday,210.0,Weekday,146,2022-03-04T22:20:00.0,2022-03-05T01:50:00.0,22.333333333333332
CH741,KR_U106,KR6122,7.516666666666667,46.91,2022-03-13,16:08:00.0,2022-03-13,23:39:00.0,16,23,March,Sunday,451.0,Weekend,146,2022-03-13T16:08:00.0,2022-03-13T23:39:00.0,16.133333333333333
CH741,KR_U106,KR6123,3.2,21.02,2022-03-19,13:40:00.0,2022-03-19,16:52:00.0,13,16,March,Saturday,192.0,Weekend,146,2022-03-19T13:40:00.0,2022-03-19T16:52:00.0,13.666666666666666
CH741,KR_U106,KR6124,3.75,21.53,2022-03-19,17:39:00.0,2022-03-19,21:24:00.0,17,21,March,Saturday,225.0,Weekend,146,2022-03-19T17:39:00.0,2022-03-19T21:24:00.0,17.65
CH741,KR_U106,KR6125,3.5,10.49,2022-03-20,10:25:00.0,2022-03-20,13:55:00.0,10,13,March,Sunday,210.0,Weekend,146,2022-03-20T10:25:00.0,2022-03-20T13:55:00.0,10.416666666666666
CH741,KR_U106,KR6126,3.5166666666666666,10.12,2022-03-28,20:30:00.0,2022-03-29,00:01:00.0,20,0,March,Monday,211.0,Weekday,146,2022-03-28T20:30:00.0,2022-03-29T00:01:00.0,20.5
CH741,KR_U106,KR6127,1.7333333333333334,11.38,2022-03-30,18:48:00.0,2022-03-30,20:32:00.0,18,20,March,Wednesday,104.0,Weekday,146,2022-03-30T18:48:00.0,2022-03-30T20:32:00.0,18.8
CH741,KR_U106,KR6128,6.0,37.79,2022-03-30,20:51:00.0,2022-03-31,02:51:00.0,20,2,March,Wednesday,360.0,Weekday,146,2022-03-30T20:51:00.0,2022-03-31T02:51:00.0,20.85
CH741,KR_U106,KR6129,3.5,9.83,2022-02-02,13:34:00.0,2022-02-02,17:04:00.0,13,17,February,Wednesday,210.0,Weekday,146,2022-02-02T13:34:00.0,2022-02-02T17:04:00.0,13.566666666666666
CH741,KR_U106,KR6130,9.5,59.31,2022-02-12,16:31:00.0,2022-02-13,02:01:00.0,16,2,February,Saturday,570.0,Weekend,146,2022-02-12T16:31:00.0,2022-02-13T02:01:00.0,16.516666666666666
CH741,KR_U106,KR6131,3.5,10.07,2022-02-16,18:40:00.0,2022-02-16,22:10:00.0,18,22,February,Wednesday,210.0,Weekday,146,2022-02-16T18:40:00.0,2022-02-16T22:10:00.0,18.666666666666668
CH741,KR_U106,KR6132,10.516666666666667,67.21,2022-01-27,20:38:00.0,2022-01-28,07:09:00.0,20,7,January,Thursday,631.0,Weekday,146,2022-01-27T20:38:00.0,2022-01-28T07:09:00.0,20.633333333333333
CH950,KR_U106,KR6513,3.5,10.2,2022-08-29,20:32:00.0,2022-08-30,00:02:00.0,20,0,August,Monday,210.0,Weekday,146,2022-08-29T20:32:00.0,2022-08-30T00:02:00.0,20.533333333333335
CH950,KR_U106,KR6514,3.75,10.42,2022-05-03,19:03:00.0,2022-05-03,22:48:00.0,19,22,May,Tuesday,225.0,Weekday,146,2022-05-03T19:03:00.0,2022-05-03T22:48:00.0,19.05
CH950,KR_U106,KR6515,10.75,67.45,2022-05-26,19:53:00.0,2022-05-27,06:38:00.0,19,6,May,Thursday,645.0,Weekday,146,2022-05-26T19:53:00.0,2022-05-27T06:38:00.0,19.883333333333333
CH950,KR_U106,KR6516,3.5166666666666666,10.28,2022-04-27,18:43:00.0,2022-04-27,22:14:00.0,18,22,April,Wednesday,211.0,Weekday,146,2022-04-27T18:43:00.0,2022-04-27T22:14:00.0,18.716666666666665
CH950,KR_U106,KR6517,10.25,63.54,2022-03-02,18:51:00.0,2022-03-03,05:06:00.0,18,5,March,Wednesday,615.0,Weekday,146,2022-03-02T18:51:00.0,2022-03-03T05:06:00.0,18.85
CH950,KR_U106,KR6518,10.766666666666667,67.97,2022-03-17,20:43:00.0,2022-03-18,07:29:00.0,20,7,March,Thursday,646.0,Weekday,146,2022-03-17T20:43:00.0,2022-03-18T07:29:00.0,20.716666666666665
CH950,KR_U106,KR6519,10.016666666666667,63.48,2022-03-24,20:29:00.0,2022-03-25,06:30:00.0,20,6,March,Thursday,601.0,Weekday,146,2022-03-24T20:29:00.0,2022-03-25T06:30:00.0,20.483333333333334
CH950,KR_U106,KR6520,3.5,10.2,2022-02-04,18:35:00.0,2022-02-04,22:05:00.0,18,22,February,Friday,210.0,Weekday,146,2022-02-04T18:35:00.0,2022-02-04T22:05:00.0,18.583333333333332
CH950,KR_U106,KR6521,3.5,10.29,2022-02-09,19:13:00.0,2022-02-09,22:43:00.0,19,22,February,Wednesday,210.0,Weekday,146,2022-02-09T19:13:00.0,2022-02-09T22:43:00.0,19.216666666666665
CH951,KR_U106,KR6540,3.5,10.15,2022-03-14,20:45:00.0,2022-03-15,00:15:00.0,20,0,March,Monday,210.0,Weekday,146,2022-03-14T20:45:00.0,2022-03-15T00:15:00.0,20.75
CH951,KR_U106,KR6541,3.5,10.7,2022-03-17,20:36:00.0,2022-03-18,00:06:00.0,20,0,March,Thursday,210.0,Weekday,146,2022-03-17T20:36:00.0,2022-03-18T00:06:00.0,20.6
CH951,KR_U106,KR6542,3.1666666666666665,20.58,2022-02-06,11:25:00.0,2022-02-06,14:35:00.0,11,14,February,Sunday,190.0,Weekend,146,2022-02-06T11:25:00.0,2022-02-06T14:35:00.0,11.416666666666666
CH951,KR_U106,KR6543,3.5,10.18,2022-02-14,20:28:00.0,2022-02-14,23:58:00.0,20,23,February,Monday,210.0,Weekday,146,2022-02-14T20:28:00.0,2022-02-14T23:58:00.0,20.466666666666665
CH951,KR_U106,KR6544,3.5,10.06,2022-01-26,18:56:00.0,2022-01-26,22:26:00.0,18,22,January,Wednesday,210.0,Weekday,146,2022-01-26T18:56:00.0,2022-01-26T22:26:00.0,18.933333333333334
CH1032,KR_U73,KR6590,1.0,3.93,2022-09-15,10:20:00.0,2022-09-15,11:20:00.0,10,11,September,Thursday,60.0,Weekday,181,2022-09-15T10:20:00.0,2022-09-15T11:20:00.0,10.333333333333334
CH1032,KR_U73,KR6591,3.0166666666666666,18.86,2022-09-14,13:56:00.0,2022-09-14,16:57:00.0,13,16,September,Wednesday,181.0,Weekday,181,2022-09-14T13:56:00.0,2022-09-14T16:57:00.0,13.933333333333334
CH1032,KR_U73,KR6592,1.8,11.69,2022-09-14,10:34:00.0,2022-09-14,12:22:00.0,10,12,September,Wednesday,108.0,Weekday,181,2022-09-14T10:34:00.0,2022-09-14T12:22:00.0,10.566666666666666
CH1032,KR_U73,KR6593,2.05,10.27,2022-09-07,14:25:00.0,2022-09-07,16:28:00.0,14,16,September,Wednesday,122.99999999999999,Weekday,181,2022-09-07T14:25:00.0,2022-09-07T16:28:00.0,14.416666666666666
CH1032,KR_U73,KR6594,3.966666666666667,23.09,2022-09-06,14:31:00.0,2022-09-06,18:29:00.0,14,18,September,Tuesday,238.0,Weekday,181,2022-09-06T14:31:00.0,2022-09-06T18:29:00.0,14.516666666666667
CH1032,KR_U73,KR6595,1.75,11.26,2022-09-06,10:49:00.0,2022-09-06,12:34:00.0,10,12,September,Tuesday,105.0,Weekday,181,2022-09-06T10:49:00.0,2022-09-06T12:34:00.0,10.816666666666666
CH1032,KR_U73,KR6596,2.316666666666667,11.73,2022-09-01,14:34:00.0,2022-09-01,16:53:00.0,14,16,September,Thursday,139.0,Weekday,181,2022-09-01T14:34:00.0,2022-09-01T16:53:00.0,14.566666666666666
CH1032,KR_U73,KR6597,1.3333333333333333,8.57,2022-09-01,10:46:00.0,2022-09-01,12:06:00.0,10,12,September,Thursday,80.0,Weekday,181,2022-09-01T10:46:00.0,2022-09-01T12:06:00.0,10.766666666666667
CH1032,KR_U73,KR6598,1.6666666666666667,10.95,2022-09-30,10:42:00.0,2022-09-30,12:22:00.0,10,12,September,Friday,100.0,Weekday,181,2022-09-30T10:42:00.0,2022-09-30T12:22:00.0,10.7
CH1032,KR_U73,KR6599,1.5166666666666666,9.77,2022-09-29,10:46:00.0,2022-09-29,12:17:00.0,10,12,September,Thursday,91.0,Weekday,181,2022-09-29T10:46:00.0,2022-09-29T12:17:00.0,10.766666666666667
CH1032,KR_U73,KR6600,1.75,9.66,2022-09-28,10:27:00.0,2022-09-28,12:12:00.0,10,12,September,Wednesday,105.0,Weekday,181,2022-09-28T10:27:00.0,2022-09-28T12:12:00.0,10.45
CH1032,KR_U73,KR6601,1.8833333333333333,9.02,2022-09-27,10:18:00.0,2022-09-27,12:11:00.0,10,12,September,Tuesday,113.0,Weekday,181,2022-09-27T10:18:00.0,2022-09-27T12:11:00.0,10.3
CH1032,KR_U73,KR6602,1.4833333333333334,6.39,2022-09-26,10:24:00.0,2022-09-26,11:53:00.0,10,11,September,Monday,89.0,Weekday,181,2022-09-26T10:24:00.0,2022-09-26T11:53:00.0,10.4
CH1032,KR_U73,KR6603,2.0833333333333335,10.48,2022-09-23,13:28:00.0,2022-09-23,15:33:00.0,13,15,September,Friday,125.00000000000001,Weekday,181,2022-09-23T13:28:00.0,2022-09-23T15:33:00.0,13.466666666666667
CH1032,KR_U73,KR6604,1.5666666666666667,10.33,2022-09-23,10:27:00.0,2022-09-23,12:01:00.0,10,12,September,Friday,94.0,Weekday,181,2022-09-23T10:27:00.0,2022-09-23T12:01:00.0,10.45
CH1032,KR_U73,KR6605,1.7,10.94,2022-09-22,10:07:00.0,2022-09-22,11:49:00.0,10,11,September,Thursday,102.0,Weekday,181,2022-09-22T10:07:00.0,2022-09-22T11:49:00.0,10.116666666666667
CH1032,KR_U73,KR6606,1.4166666666666667,9.35,2022-09-21,10:35:00.0,2022-09-21,12:00:00.0,10,12,September,Wednesday,85.0,Weekday,181,2022-09-21T10:35:00.0,2022-09-21T12:00:00.0,10.583333333333334
CH1032,KR_U73,KR6607,1.85,12.29,2022-09-20,10:27:00.0,2022-09-20,12:18:00.0,10,12,September,Tuesday,111.0,Weekday,181,2022-09-20T10:27:00.0,2022-09-20T12:18:00.0,10.45
CH1032,KR_U73,KR6608,0.2,1.38,2022-09-19,16:40:00.0,2022-09-19,16:52:00.0,16,16,September,Monday,12.0,Weekday,181,2022-09-19T16:40:00.0,2022-09-19T16:52:00.0,16.666666666666668
CH1032,KR_U73,KR6609,2.0,13.07,2022-09-19,10:43:00.0,2022-09-19,12:43:00.0,10,12,September,Monday,120.0,Weekday,181,2022-09-19T10:43:00.0,2022-09-19T12:43:00.0,10.716666666666667
CH1032,KR_U73,KR6610,1.8666666666666667,10.95,2022-09-17,10:05:00.0,2022-09-17,11:57:00.0,10,11,September,Saturday,112.0,Weekend,181,2022-09-17T10:05:00.0,2022-09-17T11:57:00.0,10.083333333333334
CH1032,KR_U73,KR6611,1.4333333333333333,9.13,2022-09-16,10:39:00.0,2022-09-16,12:05:00.0,10,12,September,Friday,86.0,Weekday,181,2022-09-16T10:39:00.0,2022-09-16T12:05:00.0,10.65
CH1032,KR_U73,KR6612,2.1333333333333333,12.35,2022-08-30,09:52:00.0,2022-08-30,12:00:00.0,9,12,August,Tuesday,128.0,Weekday,181,2022-08-30T09:52:00.0,2022-08-30T12:00:00.0,9.866666666666667
CH1032,KR_U73,KR6613,19.2,17.47,2022-08-29,14:40:00.0,2022-08-30,09:52:00.0,14,9,August,Monday,1152.0,Weekday,181,2022-08-29T14:40:00.0,2022-08-30T09:52:00.0,14.666666666666666
CH1032,KR_U73,KR6614,0.5333333333333333,3.54,2022-08-29,11:19:00.0,2022-08-29,11:51:00.0,11,11,August,Monday,32.0,Weekday,181,2022-08-29T11:19:00.0,2022-08-29T11:51:00.0,11.316666666666666
CH1032,KR_U73,KR6615,5.083333333333333,30.09,2022-08-26,11:18:00.0,2022-08-26,16:23:00.0,11,16,August,Friday,305.0,Weekday,181,2022-08-26T11:18:00.0,2022-08-26T16:23:00.0,11.3
CH1032,KR_U73,KR6616,2.4,15.51,2022-08-24,14:01:00.0,2022-08-24,16:25:00.0,14,16,August,Wednesday,144.0,Weekday,181,2022-08-24T14:01:00.0,2022-08-24T16:25:00.0,14.016666666666667
CH1032,KR_U73,KR6617,1.85,11.86,2022-08-23,14:07:00.0,2022-08-23,15:58:00.0,14,15,August,Tuesday,111.0,Weekday,181,2022-08-23T14:07:00.0,2022-08-23T15:58:00.0,14.116666666666667
CH1032,KR_U73,KR6618,0.7333333333333333,4.65,2022-08-23,11:05:00.0,2022-08-23,11:49:00.0,11,11,August,Tuesday,44.0,Weekday,181,2022-08-23T11:05:00.0,2022-08-23T11:49:00.0,11.083333333333334
CH1032,KR_U73,KR6619,3.35,18.44,2022-07-01,09:13:00.0,2022-07-01,12:34:00.0,9,12,July,Friday,201.0,Weekday,181,2022-07-01T09:13:00.0,2022-07-01T12:34:00.0,9.216666666666667
CH1032,KR_U73,KR6620,1.6833333333333333,10.81,2022-07-04,10:44:00.0,2022-07-04,12:25:00.0,10,12,July,Monday,101.0,Weekday,181,2022-07-04T10:44:00.0,2022-07-04T12:25:00.0,10.733333333333333
CH1032,KR_U73,KR6621,3.8333333333333335,22.02,2022-07-04,14:29:00.0,2022-07-04,18:19:00.0,14,18,July,Monday,230.0,Weekday,181,2022-07-04T14:29:00.0,2022-07-04T18:19:00.0,14.483333333333333
CH1032,KR_U73,KR6622,1.6833333333333333,10.66,2022-07-07,10:41:00.0,2022-07-07,12:22:00.0,10,12,July,Thursday,101.0,Weekday,181,2022-07-07T10:41:00.0,2022-07-07T12:22:00.0,10.683333333333334
CH1032,KR_U73,KR6623,1.5666666666666667,7.44,2022-07-07,13:37:00.0,2022-07-07,15:11:00.0,13,15,July,Thursday,94.0,Weekday,181,2022-07-07T13:37:00.0,2022-07-07T15:11:00.0,13.616666666666667
CH1032,KR_U73,KR6624,1.0166666666666666,6.49,2022-07-11,20:21:00.0,2022-07-11,21:22:00.0,20,21,July,Monday,61.0,Weekday,181,2022-07-11T20:21:00.0,2022-07-11T21:22:00.0,20.35
CH1032,KR_U73,KR6625,1.1,7.02,2022-07-13,11:17:00.0,2022-07-13,12:23:00.0,11,12,July,Wednesday,66.0,Weekday,181,2022-07-13T11:17:00.0,2022-07-13T12:23:00.0,11.283333333333333
CH1032,KR_U73,KR6626,1.1333333333333333,7.15,2022-07-14,10:55:00.0,2022-07-14,12:03:00.0,10,12,July,Thursday,68.0,Weekday,181,2022-07-14T10:55:00.0,2022-07-14T12:03:00.0,10.916666666666666
CH1032,KR_U73,KR6627,1.3666666666666667,8.76,2022-07-14,13:53:00.0,2022-07-14,15:15:00.0,13,15,July,Thursday,82.0,Weekday,181,2022-07-14T13:53:00.0,2022-07-14T15:15:00.0,13.883333333333333
CH1032,KR_U73,KR6628,3.5166666666666666,21.4,2022-06-02,14:35:00.0,2022-06-02,18:06:00.0,14,18,June,Thursday,211.0,Weekday,181,2022-06-02T14:35:00.0,2022-06-02T18:06:00.0,14.583333333333334
CH1032,KR_U73,KR6629,0.8,5.2,2022-06-07,11:18:00.0,2022-06-07,12:06:00.0,11,12,June,Tuesday,48.0,Weekday,181,2022-06-07T11:18:00.0,2022-06-07T12:06:00.0,11.3
CH1032,KR_U73,KR6630,3.0833333333333335,20.29,2022-06-07,14:30:00.0,2022-06-07,17:35:00.0,14,17,June,Tuesday,185.0,Weekday,181,2022-06-07T14:30:00.0,2022-06-07T17:35:00.0,14.5
CH1032,KR_U73,KR6631,4.483333333333333,26.03,2022-06-12,10:25:00.0,2022-06-12,14:54:00.0,10,14,June,Sunday,269.0,Weekend,181,2022-06-12T10:25:00.0,2022-06-12T14:54:00.0,10.416666666666666
CH1032,KR_U73,KR6632,2.3833333333333333,12.66,2022-06-16,14:22:00.0,2022-06-16,16:45:00.0,14,16,June,Thursday,143.0,Weekday,181,2022-06-16T14:22:00.0,2022-06-16T16:45:00.0,14.366666666666667
CH1032,KR_U73,KR6633,2.9166666666666665,18.85,2022-06-19,14:19:00.0,2022-06-19,17:14:00.0,14,17,June,Sunday,175.0,Weekend,181,2022-06-19T14:19:00.0,2022-06-19T17:14:00.0,14.316666666666666
CH1032,KR_U73,KR6634,4.133333333333334,23.85,2022-06-20,13:44:00.0,2022-06-20,17:52:00.0,13,17,June,Monday,248.00000000000003,Weekday,181,2022-06-20T13:44:00.0,2022-06-20T17:52:00.0,13.733333333333333
CH1032,KR_U73,KR6635,2.466666666666667,12.89,2022-06-25,09:17:00.0,2022-06-25,11:45:00.0,9,11,June,Saturday,148.0,Weekend,181,2022-06-25T09:17:00.0,2022-06-25T11:45:00.0,9.283333333333333
CH1032,KR_U73,KR6636,0.7833333333333333,4.98,2022-06-26,16:03:00.0,2022-06-26,16:50:00.0,16,16,June,Sunday,47.0,Weekend,181,2022-06-26T16:03:00.0,2022-06-26T16:50:00.0,16.05
CH1032,KR_U73,KR6637,1.3166666666666667,8.49,2022-06-27,10:33:00.0,2022-06-27,11:52:00.0,10,11,June,Monday,79.0,Weekday,181,2022-06-27T10:33:00.0,2022-06-27T11:52:00.0,10.55
CH1032,KR_U73,KR6638,1.7333333333333334,11.14,2022-06-27,13:15:00.0,2022-06-27,14:59:00.0,13,14,June,Monday,104.0,Weekday,181,2022-06-27T13:15:00.0,2022-06-27T14:59:00.0,13.25
CH1032,KR_U73,KR6639,1.1666666666666667,7.46,2022-06-28,11:04:00.0,2022-06-28,12:14:00.0,11,12,June,Tuesday,70.0,Weekday,181,2022-06-28T11:04:00.0,2022-06-28T12:14:00.0,11.066666666666666
CH1032,KR_U73,KR6640,2.933333333333333,16.02,2022-06-28,13:50:00.0,2022-06-28,16:46:00.0,13,16,June,Tuesday,176.0,Weekday,181,2022-06-28T13:50:00.0,2022-06-28T16:46:00.0,13.833333333333334
CH1032,KR_U73,KR6641,1.1333333333333333,7.48,2022-05-05,11:48:00.0,2022-05-05,12:56:00.0,11,12,May,Thursday,68.0,Weekday,181,2022-05-05T11:48:00.0,2022-05-05T12:56:00.0,11.8
CH1032,KR_U73,KR6642,0.9333333333333333,6.08,2022-05-06,11:12:00.0,2022-05-06,12:08:00.0,11,12,May,Friday,56.0,Weekday,181,2022-05-06T11:12:00.0,2022-05-06T12:08:00.0,11.2
CH1032,KR_U73,KR6643,2.433333333333333,12.33,2022-05-09,14:53:00.0,2022-05-09,17:19:00.0,14,17,May,Monday,146.0,Weekday,181,2022-05-09T14:53:00.0,2022-05-09T17:19:00.0,14.883333333333333
CH1032,KR_U73,KR6644,1.7833333333333334,11.67,2022-05-12,10:36:00.0,2022-05-12,12:23:00.0,10,12,May,Thursday,107.0,Weekday,181,2022-05-12T10:36:00.0,2022-05-12T12:23:00.0,10.6
CH1032,KR_U73,KR6645,3.7333333333333334,21.07,2022-05-12,14:55:00.0,2022-05-12,18:39:00.0,14,18,May,Thursday,224.0,Weekday,181,2022-05-12T14:55:00.0,2022-05-12T18:39:00.0,14.916666666666666
CH1032,KR_U73,KR6646,1.6833333333333333,11.01,2022-05-16,14:25:00.0,2022-05-16,16:06:00.0,14,16,May,Monday,101.0,Weekday,181,2022-05-16T14:25:00.0,2022-05-16T16:06:00.0,14.416666666666666
CH1032,KR_U73,KR6647,2.533333333333333,13.47,2022-05-17,13:08:00.0,2022-05-17,15:40:00.0,13,15,May,Tuesday,152.0,Weekday,181,2022-05-17T13:08:00.0,2022-05-17T15:40:00.0,13.133333333333333
CH1032,KR_U73,KR6648,1.35,8.73,2022-05-18,14:12:00.0,2022-05-18,15:33:00.0,14,15,May,Wednesday,81.0,Weekday,181,2022-05-18T14:12:00.0,2022-05-18T15:33:00.0,14.2
CH1032,KR_U73,KR6649,1.75,11.52,2022-05-20,11:15:00.0,2022-05-20,13:00:00.0,11,13,May,Friday,105.0,Weekday,181,2022-05-20T11:15:00.0,2022-05-20T13:00:00.0,11.25
CH1032,KR_U73,KR6650,2.3833333333333333,15.7,2022-05-21,14:45:00.0,2022-05-21,17:08:00.0,14,17,May,Saturday,143.0,Weekend,181,2022-05-21T14:45:00.0,2022-05-21T17:08:00.0,14.75
CH1032,KR_U73,KR6651,1.5333333333333334,10.12,2022-05-23,10:30:00.0,2022-05-23,12:02:00.0,10,12,May,Monday,92.0,Weekday,181,2022-05-23T10:30:00.0,2022-05-23T12:02:00.0,10.5
CH1032,KR_U73,KR6652,3.0,16.5,2022-05-23,13:05:00.0,2022-05-23,16:05:00.0,13,16,May,Monday,180.0,Weekday,181,2022-05-23T13:05:00.0,2022-05-23T16:05:00.0,13.083333333333334
CH1032,KR_U73,KR6653,0.9333333333333333,6.17,2022-05-31,10:22:00.0,2022-05-31,11:18:00.0,10,11,May,Tuesday,56.0,Weekday,181,2022-05-31T10:22:00.0,2022-05-31T11:18:00.0,10.366666666666667
CH1032,KR_U73,KR6654,3.933333333333333,21.55,2022-04-06,07:50:00.0,2022-04-06,11:46:00.0,7,11,April,Wednesday,236.0,Weekday,181,2022-04-06T07:50:00.0,2022-04-06T11:46:00.0,7.833333333333333
CH1032,KR_U73,KR6655,1.8666666666666667,12.23,2022-04-11,10:29:00.0,2022-04-11,12:21:00.0,10,12,April,Monday,112.0,Weekday,181,2022-04-11T10:29:00.0,2022-04-11T12:21:00.0,10.483333333333333
CH1032,KR_U73,KR6656,3.033333333333333,19.83,2022-04-18,16:33:00.0,2022-04-18,19:35:00.0,16,19,April,Monday,182.0,Weekday,181,2022-04-18T16:33:00.0,2022-04-18T19:35:00.0,16.55
CH1032,KR_U73,KR6657,3.466666666666667,20.97,2022-04-20,13:49:00.0,2022-04-20,17:17:00.0,13,17,April,Wednesday,208.0,Weekday,181,2022-04-20T13:49:00.0,2022-04-20T17:17:00.0,13.816666666666666
CH1032,KR_U73,KR6658,0.38333333333333336,2.51,2022-04-25,14:01:00.0,2022-04-25,14:24:00.0,14,14,April,Monday,23.0,Weekday,181,2022-04-25T14:01:00.0,2022-04-25T14:24:00.0,14.016666666666667
CH1032,KR_U73,KR6659,0.85,5.58,2022-04-25,14:25:00.0,2022-04-25,15:16:00.0,14,15,April,Monday,51.0,Weekday,181,2022-04-25T14:25:00.0,2022-04-25T15:16:00.0,14.416666666666666
CH1032,KR_U73,KR6660,1.0,6.5,2022-03-03,11:12:00.0,2022-03-03,12:12:00.0,11,12,March,Thursday,60.0,Weekday,181,2022-03-03T11:12:00.0,2022-03-03T12:12:00.0,11.2
CH1032,KR_U73,KR6661,2.95,16.3,2022-03-03,13:44:00.0,2022-03-03,16:41:00.0,13,16,March,Thursday,177.0,Weekday,181,2022-03-03T13:44:00.0,2022-03-03T16:41:00.0,13.733333333333333
CH1032,KR_U73,KR6662,2.1166666666666667,13.66,2022-03-07,09:52:00.0,2022-03-07,11:59:00.0,9,11,March,Monday,127.0,Weekday,181,2022-03-07T09:52:00.0,2022-03-07T11:59:00.0,9.866666666666667
CH1032,KR_U73,KR6663,2.2333333333333334,10.39,2022-03-07,17:26:00.0,2022-03-07,19:40:00.0,17,19,March,Monday,134.0,Weekday,181,2022-03-07T17:26:00.0,2022-03-07T19:40:00.0,17.433333333333334
CH1032,KR_U73,KR6664,1.8,11.74,2022-03-11,10:46:00.0,2022-03-11,12:34:00.0,10,12,March,Friday,108.0,Weekday,181,2022-03-11T10:46:00.0,2022-03-11T12:34:00.0,10.766666666666667
CH1032,KR_U73,KR6665,0.85,5.59,2022-03-11,15:11:00.0,2022-03-11,16:02:00.0,15,16,March,Friday,51.0,Weekday,181,2022-03-11T15:11:00.0,2022-03-11T16:02:00.0,15.183333333333334
CH1032,KR_U73,KR6666,1.2166666666666666,7.74,2022-03-17,09:59:00.0,2022-03-17,11:12:00.0,9,11,March,Thursday,73.0,Weekday,181,2022-03-17T09:59:00.0,2022-03-17T11:12:00.0,9.983333333333333
CH1032,KR_U73,KR6667,2.05,13.21,2022-03-18,09:20:00.0,2022-03-18,11:23:00.0,9,11,March,Friday,122.99999999999999,Weekday,181,2022-03-18T09:20:00.0,2022-03-18T11:23:00.0,9.333333333333334
CH1032,KR_U73,KR6668,0.43333333333333335,2.73,2022-03-21,11:58:00.0,2022-03-21,12:24:00.0,11,12,March,Monday,26.0,Weekday,181,2022-03-21T11:58:00.0,2022-03-21T12:24:00.0,11.966666666666667
CH1032,KR_U73,KR6669,4.616666666666666,29.24,2022-03-21,13:03:00.0,2022-03-21,17:40:00.0,13,17,March,Monday,277.0,Weekday,181,2022-03-21T13:03:00.0,2022-03-21T17:40:00.0,13.05
CH1032,KR_U73,KR6670,3.3333333333333335,17.94,2022-03-24,14:29:00.0,2022-03-24,17:49:00.0,14,17,March,Thursday,200.0,Weekday,181,2022-03-24T14:29:00.0,2022-03-24T17:49:00.0,14.483333333333333
CH1032,KR_U73,KR6671,4.683333333333334,26.07,2022-03-31,12:35:00.0,2022-03-31,17:16:00.0,12,17,March,Thursday,281.0,Weekday,181,2022-03-31T12:35:00.0,2022-03-31T17:16:00.0,12.583333333333334
CH1032,KR_U73,KR6672,3.35,18.03,2022-02-01,23:37:00.0,2022-02-02,02:58:00.0,23,2,February,Tuesday,201.0,Weekday,181,2022-02-01T23:37:00.0,2022-02-02T02:58:00.0,23.616666666666667
CH1032,KR_U73,KR6673,3.8333333333333335,21.93,2022-02-04,11:49:00.0,2022-02-04,15:39:00.0,11,15,February,Friday,230.0,Weekday,181,2022-02-04T11:49:00.0,2022-02-04T15:39:00.0,11.816666666666666
CH1032,KR_U73,KR6674,2.4833333333333334,15.94,2022-02-07,09:50:00.0,2022-02-07,12:19:00.0,9,12,February,Monday,149.0,Weekday,181,2022-02-07T09:50:00.0,2022-02-07T12:19:00.0,9.833333333333334
CH1032,KR_U73,KR6675,2.283333333333333,10.25,2022-02-07,13:17:00.0,2022-02-07,15:34:00.0,13,15,February,Monday,137.0,Weekday,181,2022-02-07T13:17:00.0,2022-02-07T15:34:00.0,13.283333333333333
CH1032,KR_U73,KR6676,3.966666666666667,21.49,2022-02-11,16:17:00.0,2022-02-11,20:15:00.0,16,20,February,Friday,238.0,Weekday,181,2022-02-11T16:17:00.0,2022-02-11T20:15:00.0,16.283333333333335
CH1032,KR_U73,KR6677,3.1166666666666667,19.56,2022-02-15,09:34:00.0,2022-02-15,12:41:00.0,9,12,February,Tuesday,187.0,Weekday,181,2022-02-15T09:34:00.0,2022-02-15T12:41:00.0,9.566666666666666
CH1032,KR_U73,KR6678,1.3166666666666667,8.65,2022-02-28,15:00:00.0,2022-02-28,16:19:00.0,15,16,February,Monday,79.0,Weekday,181,2022-02-28T15:00:00.0,2022-02-28T16:19:00.0,15.0
CH1032,KR_U73,KR6679,2.533333333333333,14.02,2022-01-03,09:54:00.0,2022-01-03,12:26:00.0,9,12,January,Monday,152.0,Weekday,181,2022-01-03T09:54:00.0,2022-01-03T12:26:00.0,9.9
CH1032,KR_U73,KR6680,4.933333333333334,27.36,2022-01-10,10:01:00.0,2022-01-10,14:57:00.0,10,14,January,Monday,296.0,Weekday,181,2022-01-10T10:01:00.0,2022-01-10T14:57:00.0,10.016666666666667
CH1032,KR_U73,KR6681,3.1,14.88,2022-01-20,12:59:00.0,2022-01-20,16:05:00.0,12,16,January,Thursday,186.0,Weekday,181,2022-01-20T12:59:00.0,2022-01-20T16:05:00.0,12.983333333333333
CH1032,KR_U73,KR6682,3.4833333333333334,18.96,2022-01-25,14:30:00.0,2022-01-25,17:59:00.0,14,17,January,Tuesday,209.0,Weekday,181,2022-01-25T14:30:00.0,2022-01-25T17:59:00.0,14.5
CH1032,KR_U73,KR6683,3.3333333333333335,16.91,2022-01-31,12:00:00.0,2022-01-31,15:20:00.0,12,15,January,Monday,200.0,Weekday,181,2022-01-31T12:00:00.0,2022-01-31T15:20:00.0,12.0
CH1033,KR_U73,KR6684,1.0333333333333334,6.53,2022-09-08,10:53:00.0,2022-09-08,11:55:00.0,10,11,September,Thursday,62.00000000000001,Weekday,181,2022-09-08T10:53:00.0,2022-09-08T11:55:00.0,10.883333333333333
CH1033,KR_U73,KR6685,1.1166666666666667,7.28,2022-09-05,11:26:00.0,2022-09-05,12:33:00.0,11,12,September,Monday,67.0,Weekday,181,2022-09-05T11:26:00.0,2022-09-05T12:33:00.0,11.433333333333334
CH1033,KR_U73,KR6686,2.783333333333333,18.06,2022-07-09,18:59:00.0,2022-07-09,21:46:00.0,18,21,July,Saturday,167.0,Weekend,181,2022-07-09T18:59:00.0,2022-07-09T21:46:00.0,18.983333333333334
CH1033,KR_U73,KR6687,2.25,11.76,2022-06-15,15:05:00.0,2022-06-15,17:20:00.0,15,17,June,Wednesday,135.0,Weekday,181,2022-06-15T15:05:00.0,2022-06-15T17:20:00.0,15.083333333333334
CH1033,KR_U73,KR6688,2.35,15.42,2022-05-06,15:45:00.0,2022-05-06,18:06:00.0,15,18,May,Friday,141.0,Weekday,181,2022-05-06T15:45:00.0,2022-05-06T18:06:00.0,15.75
CH1033,KR_U73,KR6689,1.4166666666666667,9.37,2022-05-09,11:29:00.0,2022-05-09,12:54:00.0,11,12,May,Monday,85.0,Weekday,181,2022-05-09T11:29:00.0,2022-05-09T12:54:00.0,11.483333333333333
CH1033,KR_U73,KR6690,4.266666666666667,24.46,2022-05-26,07:18:00.0,2022-05-26,11:34:00.0,7,11,May,Thursday,256.0,Weekday,181,2022-05-26T07:18:00.0,2022-05-26T11:34:00.0,7.3
CH1033,KR_U73,KR6691,3.683333333333333,20.28,2022-04-11,14:05:00.0,2022-04-11,17:46:00.0,14,17,April,Monday,221.0,Weekday,181,2022-04-11T14:05:00.0,2022-04-11T17:46:00.0,14.083333333333334
CH1033,KR_U73,KR6692,4.233333333333333,24.08,2022-04-28,12:50:00.0,2022-04-28,17:04:00.0,12,17,April,Thursday,254.0,Weekday,181,2022-04-28T12:50:00.0,2022-04-28T17:04:00.0,12.833333333333334
CH1033,KR_U73,KR6693,3.533333333333333,18.5,2022-02-19,10:58:00.0,2022-02-19,14:30:00.0,10,14,February,Saturday,212.0,Weekend,181,2022-02-19T10:58:00.0,2022-02-19T14:30:00.0,10.966666666666667
CH1033,KR_U73,KR6694,3.066666666666667,15.8,2022-02-21,15:01:00.0,2022-02-21,18:05:00.0,15,18,February,Monday,184.0,Weekday,181,2022-02-21T15:01:00.0,2022-02-21T18:05:00.0,15.016666666666667
CH1033,KR_U73,KR6695,1.7833333333333334,11.56,2022-02-25,15:29:00.0,2022-02-25,17:16:00.0,15,17,February,Friday,107.0,Weekday,181,2022-02-25T15:29:00.0,2022-02-25T17:16:00.0,15.483333333333333
CH1037,KR_U73,KR6696,0.55,16.18,2022-02-01,17:58:00.0,2022-02-01,18:31:00.0,17,18,February,Tuesday,33.0,Weekday,181,2022-02-01T17:58:00.0,2022-02-01T18:31:00.0,17.966666666666665
CH1039,KR_U73,KR6705,1.3166666666666667,8.7,2022-07-29,22:48:00.0,2022-07-30,00:07:00.0,22,0,July,Friday,79.0,Weekday,181,2022-07-29T22:48:00.0,2022-07-30T00:07:00.0,22.8
CH1155,KR_U89,KR6863,1.85,11.35,2022-09-15,06:24:00.0,2022-09-15,08:15:00.0,6,8,September,Thursday,111.0,Weekday,199,2022-09-15T06:24:00.0,2022-09-15T08:15:00.0,6.4
CH1155,KR_U89,KR6864,1.8,11.0,2022-09-14,06:27:00.0,2022-09-14,08:15:00.0,6,8,September,Wednesday,108.0,Weekday,199,2022-09-14T06:27:00.0,2022-09-14T08:15:00.0,6.45
CH1155,KR_U89,KR6865,1.95,11.63,2022-09-13,06:23:00.0,2022-09-13,08:20:00.0,6,8,September,Tuesday,117.0,Weekday,199,2022-09-13T06:23:00.0,2022-09-13T08:20:00.0,6.383333333333334
CH1155,KR_U89,KR6866,1.7,10.72,2022-09-10,06:23:00.0,2022-09-10,08:05:00.0,6,8,September,Saturday,102.0,Weekend,199,2022-09-10T06:23:00.0,2022-09-10T08:05:00.0,6.383333333333334
CH1155,KR_U89,KR6867,2.0,11.37,2022-09-07,06:15:00.0,2022-09-07,08:15:00.0,6,8,September,Wednesday,120.0,Weekday,199,2022-09-07T06:15:00.0,2022-09-07T08:15:00.0,6.25
CH1155,KR_U89,KR6868,1.8333333333333333,11.25,2022-09-06,06:20:00.0,2022-09-06,08:10:00.0,6,8,September,Tuesday,110.0,Weekday,199,2022-09-06T06:20:00.0,2022-09-06T08:10:00.0,6.333333333333333
CH1155,KR_U89,KR6869,1.8833333333333333,11.3,2022-09-01,05:27:00.0,2022-09-01,07:20:00.0,5,7,September,Thursday,113.0,Weekday,199,2022-09-01T05:27:00.0,2022-09-01T07:20:00.0,5.45
CH1155,KR_U89,KR6870,1.8,10.85,2022-09-19,06:12:00.0,2022-09-19,08:00:00.0,6,8,September,Monday,108.0,Weekday,199,2022-09-19T06:12:00.0,2022-09-19T08:00:00.0,6.2
CH1155,KR_U89,KR6871,1.95,11.62,2022-09-16,06:28:00.0,2022-09-16,08:25:00.0,6,8,September,Friday,117.0,Weekday,199,2022-09-16T06:28:00.0,2022-09-16T08:25:00.0,6.466666666666667
CH1155,KR_U89,KR6872,1.8333333333333333,10.75,2022-08-15,05:30:00.0,2022-08-15,07:20:00.0,5,7,August,Monday,110.0,Weekday,199,2022-08-15T05:30:00.0,2022-08-15T07:20:00.0,5.5
CH1155,KR_U89,KR6873,1.8833333333333333,10.89,2022-08-14,05:27:00.0,2022-08-14,07:20:00.0,5,7,August,Sunday,113.0,Weekend,199,2022-08-14T05:27:00.0,2022-08-14T07:20:00.0,5.45
CH1155,KR_U89,KR6874,1.85,10.94,2022-08-12,05:24:00.0,2022-08-12,07:15:00.0,5,7,August,Friday,111.0,Weekday,199,2022-08-12T05:24:00.0,2022-08-12T07:15:00.0,5.4
CH1155,KR_U89,KR6875,1.7833333333333334,10.5,2022-08-11,05:23:00.0,2022-08-11,07:10:00.0,5,7,August,Thursday,107.0,Weekday,199,2022-08-11T05:23:00.0,2022-08-11T07:10:00.0,5.383333333333334
CH1155,KR_U89,KR6876,1.85,10.8,2022-08-10,05:24:00.0,2022-08-10,07:15:00.0,5,7,August,Wednesday,111.0,Weekday,199,2022-08-10T05:24:00.0,2022-08-10T07:15:00.0,5.4
CH1155,KR_U89,KR6877,1.8666666666666667,11.1,2022-08-08,05:18:00.0,2022-08-08,07:10:00.0,5,7,August,Monday,112.0,Weekday,199,2022-08-08T05:18:00.0,2022-08-08T07:10:00.0,5.3
CH1155,KR_U89,KR6878,1.8666666666666667,11.14,2022-08-07,05:18:00.0,2022-08-07,07:10:00.0,5,7,August,Sunday,112.0,Weekend,199,2022-08-07T05:18:00.0,2022-08-07T07:10:00.0,5.3
CH1155,KR_U89,KR6879,1.7666666666666666,10.74,2022-08-06,05:19:00.0,2022-08-06,07:05:00.0,5,7,August,Saturday,106.0,Weekend,199,2022-08-06T05:19:00.0,2022-08-06T07:05:00.0,5.316666666666666
CH1155,KR_U89,KR6880,1.75,10.53,2022-08-05,06:11:00.0,2022-08-05,07:56:00.0,6,7,August,Friday,105.0,Weekday,199,2022-08-05T06:11:00.0,2022-08-05T07:56:00.0,6.183333333333334
CH1155,KR_U89,KR6881,0.7166666666666667,4.71,2022-08-01,06:33:00.0,2022-08-01,07:16:00.0,6,7,August,Monday,43.0,Weekday,199,2022-08-01T06:33:00.0,2022-08-01T07:16:00.0,6.55
CH1155,KR_U89,KR6882,1.85,10.95,2022-08-30,05:24:00.0,2022-08-30,07:15:00.0,5,7,August,Tuesday,111.0,Weekday,199,2022-08-30T05:24:00.0,2022-08-30T07:15:00.0,5.4
CH1155,KR_U89,KR6883,1.5666666666666667,9.44,2022-08-28,05:28:00.0,2022-08-28,07:02:00.0,5,7,August,Sunday,94.0,Weekend,199,2022-08-28T05:28:00.0,2022-08-28T07:02:00.0,5.466666666666667
CH1155,KR_U89,KR6884,1.9,11.06,2022-08-27,05:26:00.0,2022-08-27,07:20:00.0,5,7,August,Saturday,114.0,Weekend,199,2022-08-27T05:26:00.0,2022-08-27T07:20:00.0,5.433333333333334
CH1155,KR_U89,KR6885,1.7666666666666666,10.79,2022-08-17,05:29:00.0,2022-08-17,07:15:00.0,5,7,August,Wednesday,106.0,Weekday,199,2022-08-17T05:29:00.0,2022-08-17T07:15:00.0,5.483333333333333
CH1155,KR_U89,KR6886,1.8833333333333333,10.92,2022-08-16,05:42:00.0,2022-08-16,07:35:00.0,5,7,August,Tuesday,113.0,Weekday,199,2022-08-16T05:42:00.0,2022-08-16T07:35:00.0,5.7
CH1155,KR_U89,KR6887,1.3166666666666667,8.46,2022-07-01,06:09:00.0,2022-07-01,07:28:00.0,6,7,July,Friday,79.0,Weekday,199,2022-07-01T06:09:00.0,2022-07-01T07:28:00.0,6.15
CH1155,KR_U89,KR6888,1.6833333333333333,10.68,2022-07-02,05:23:00.0,2022-07-02,07:04:00.0,5,7,July,Saturday,101.0,Weekend,199,2022-07-02T05:23:00.0,2022-07-02T07:04:00.0,5.383333333333334
CH1155,KR_U89,KR6889,1.8333333333333333,10.81,2022-07-03,05:30:00.0,2022-07-03,07:20:00.0,5,7,July,Sunday,110.0,Weekend,199,2022-07-03T05:30:00.0,2022-07-03T07:20:00.0,5.5
CH1155,KR_U89,KR6890,1.9333333333333333,11.52,2022-07-04,05:17:00.0,2022-07-04,07:13:00.0,5,7,July,Monday,116.0,Weekday,199,2022-07-04T05:17:00.0,2022-07-04T07:13:00.0,5.283333333333333
CH1155,KR_U89,KR6891,1.7333333333333334,10.47,2022-07-06,05:16:00.0,2022-07-06,07:00:00.0,5,7,July,Wednesday,104.0,Weekday,199,2022-07-06T05:16:00.0,2022-07-06T07:00:00.0,5.266666666666667
CH1155,KR_U89,KR6892,1.8166666666666667,11.03,2022-07-09,05:26:00.0,2022-07-09,07:15:00.0,5,7,July,Saturday,109.0,Weekend,199,2022-07-09T05:26:00.0,2022-07-09T07:15:00.0,5.433333333333334
CH1155,KR_U89,KR6893,1.9,11.34,2022-07-10,05:30:00.0,2022-07-10,07:24:00.0,5,7,July,Sunday,114.0,Weekend,199,2022-07-10T05:30:00.0,2022-07-10T07:24:00.0,5.5
CH1155,KR_U89,KR6894,1.9666666666666666,11.58,2022-07-12,05:17:00.0,2022-07-12,07:15:00.0,5,7,July,Tuesday,118.0,Weekday,199,2022-07-12T05:17:00.0,2022-07-12T07:15:00.0,5.283333333333333
CH1155,KR_U89,KR6895,1.8166666666666667,10.82,2022-07-13,05:31:00.0,2022-07-13,07:20:00.0,5,7,July,Wednesday,109.0,Weekday,199,2022-07-13T05:31:00.0,2022-07-13T07:20:00.0,5.516666666666667
CH1155,KR_U89,KR6896,1.8833333333333333,11.43,2022-07-15,05:27:00.0,2022-07-15,07:20:00.0,5,7,July,Friday,113.0,Weekday,199,2022-07-15T05:27:00.0,2022-07-15T07:20:00.0,5.45
CH1155,KR_U89,KR6897,1.9333333333333333,11.2,2022-07-18,05:24:00.0,2022-07-18,07:20:00.0,5,7,July,Monday,116.0,Weekday,199,2022-07-18T05:24:00.0,2022-07-18T07:20:00.0,5.4
CH1155,KR_U89,KR6898,1.7666666666666666,10.98,2022-07-21,05:28:00.0,2022-07-21,07:14:00.0,5,7,July,Thursday,106.0,Weekday,199,2022-07-21T05:28:00.0,2022-07-21T07:14:00.0,5.466666666666667
CH1155,KR_U89,KR6899,1.5166666666666666,9.34,2022-07-26,05:29:00.0,2022-07-26,07:00:00.0,5,7,July,Tuesday,91.0,Weekday,199,2022-07-26T05:29:00.0,2022-07-26T07:00:00.0,5.483333333333333
CH1155,KR_U89,KR6900,1.65,9.76,2022-07-27,05:26:00.0,2022-07-27,07:05:00.0,5,7,July,Wednesday,99.0,Weekday,199,2022-07-27T05:26:00.0,2022-07-27T07:05:00.0,5.433333333333334
CH1155,KR_U89,KR6901,1.9,11.08,2022-07-29,05:21:00.0,2022-07-29,07:15:00.0,5,7,July,Friday,114.0,Weekday,199,2022-07-29T05:21:00.0,2022-07-29T07:15:00.0,5.35
CH1155,KR_U89,KR6902,1.8,11.24,2022-06-04,06:17:00.0,2022-06-04,08:05:00.0,6,8,June,Saturday,108.0,Weekend,199,2022-06-04T06:17:00.0,2022-06-04T08:05:00.0,6.283333333333333
CH1155,KR_U89,KR6903,1.6166666666666667,10.58,2022-06-06,05:43:00.0,2022-06-06,07:20:00.0,5,7,June,Monday,97.0,Weekday,199,2022-06-06T05:43:00.0,2022-06-06T07:20:00.0,5.716666666666667
CH1155,KR_U89,KR6904,1.8666666666666667,10.93,2022-06-06,19:18:00.0,2022-06-06,21:10:00.0,19,21,June,Monday,112.0,Weekday,199,2022-06-06T19:18:00.0,2022-06-06T21:10:00.0,19.3
CH1155,KR_U89,KR6905,1.6666666666666667,10.93,2022-06-08,06:10:00.0,2022-06-08,07:50:00.0,6,7,June,Wednesday,100.0,Weekday,199,2022-06-08T06:10:00.0,2022-06-08T07:50:00.0,6.166666666666667
CH1155,KR_U89,KR6906,1.75,11.02,2022-06-10,06:20:00.0,2022-06-10,08:05:00.0,6,8,June,Friday,105.0,Weekday,199,2022-06-10T06:20:00.0,2022-06-10T08:05:00.0,6.333333333333333
CH1155,KR_U89,KR6907,1.35,8.94,2022-06-12,06:16:00.0,2022-06-12,07:37:00.0,6,7,June,Sunday,81.0,Weekend,199,2022-06-12T06:16:00.0,2022-06-12T07:37:00.0,6.266666666666667
CH1155,KR_U89,KR6908,1.7833333333333334,11.02,2022-06-13,06:18:00.0,2022-06-13,08:05:00.0,6,8,June,Monday,107.0,Weekday,199,2022-06-13T06:18:00.0,2022-06-13T08:05:00.0,6.3
CH1155,KR_U89,KR6909,1.6166666666666667,10.77,2022-06-14,06:10:00.0,2022-06-14,07:47:00.0,6,7,June,Tuesday,97.0,Weekday,199,2022-06-14T06:10:00.0,2022-06-14T07:47:00.0,6.166666666666667
CH1155,KR_U89,KR6910,1.6666666666666667,10.8,2022-06-16,06:13:00.0,2022-06-16,07:53:00.0,6,7,June,Thursday,100.0,Weekday,199,2022-06-16T06:13:00.0,2022-06-16T07:53:00.0,6.216666666666667
CH1155,KR_U89,KR6911,1.5333333333333334,9.54,2022-06-16,16:49:00.0,2022-06-16,18:21:00.0,16,18,June,Thursday,92.0,Weekday,199,2022-06-16T16:49:00.0,2022-06-16T18:21:00.0,16.816666666666666
CH1155,KR_U89,KR6912,1.6833333333333333,10.84,2022-06-18,06:06:00.0,2022-06-18,07:47:00.0,6,7,June,Saturday,101.0,Weekend,199,2022-06-18T06:06:00.0,2022-06-18T07:47:00.0,6.1
CH1155,KR_U89,KR6913,1.85,11.17,2022-06-20,06:14:00.0,2022-06-20,08:05:00.0,6,8,June,Monday,111.0,Weekday,199,2022-06-20T06:14:00.0,2022-06-20T08:05:00.0,6.233333333333333
CH1155,KR_U89,KR6914,1.6833333333333333,10.73,2022-06-21,05:59:00.0,2022-06-21,07:40:00.0,5,7,June,Tuesday,101.0,Weekday,199,2022-06-21T05:59:00.0,2022-06-21T07:40:00.0,5.983333333333333
CH1155,KR_U89,KR6915,1.7,10.62,2022-06-22,06:03:00.0,2022-06-22,07:45:00.0,6,7,June,Wednesday,102.0,Weekday,199,2022-06-22T06:03:00.0,2022-06-22T07:45:00.0,6.05
CH1155,KR_U89,KR6916,1.7333333333333334,11.03,2022-06-24,05:51:00.0,2022-06-24,07:35:00.0,5,7,June,Friday,104.0,Weekday,199,2022-06-24T05:51:00.0,2022-06-24T07:35:00.0,5.85
CH1155,KR_U89,KR6917,1.75,10.85,2022-06-26,05:55:00.0,2022-06-26,07:40:00.0,5,7,June,Sunday,105.0,Weekend,199,2022-06-26T05:55:00.0,2022-06-26T07:40:00.0,5.916666666666667
CH1155,KR_U89,KR6918,1.4333333333333333,9.13,2022-06-27,05:59:00.0,2022-06-27,07:25:00.0,5,7,June,Monday,86.0,Weekday,199,2022-06-27T05:59:00.0,2022-06-27T07:25:00.0,5.983333333333333
CH1155,KR_U89,KR6919,1.6666666666666667,10.46,2022-06-28,06:09:00.0,2022-06-28,07:49:00.0,6,7,June,Tuesday,100.0,Weekday,199,2022-06-28T06:09:00.0,2022-06-28T07:49:00.0,6.15
CH1155,KR_U89,KR6920,1.8333333333333333,11.07,2022-06-29,06:15:00.0,2022-06-29,08:05:00.0,6,8,June,Wednesday,110.0,Weekday,199,2022-06-29T06:15:00.0,2022-06-29T08:05:00.0,6.25
CH1155,KR_U89,KR6921,1.6833333333333333,10.59,2022-06-30,06:09:00.0,2022-06-30,07:50:00.0,6,7,June,Thursday,101.0,Weekday,199,2022-06-30T06:09:00.0,2022-06-30T07:50:00.0,6.15
CH1155,KR_U89,KR6922,1.7,10.97,2022-05-24,06:18:00.0,2022-05-24,08:00:00.0,6,8,May,Tuesday,102.0,Weekday,199,2022-05-24T06:18:00.0,2022-05-24T08:00:00.0,6.3
CH1155,KR_U89,KR6923,1.6166666666666667,10.67,2022-05-25,06:24:00.0,2022-05-25,08:01:00.0,6,8,May,Wednesday,97.0,Weekday,199,2022-05-25T06:24:00.0,2022-05-25T08:01:00.0,6.4
CH1155,KR_U89,KR6924,1.7333333333333334,11.17,2022-05-26,06:17:00.0,2022-05-26,08:01:00.0,6,8,May,Thursday,104.0,Weekday,199,2022-05-26T06:17:00.0,2022-05-26T08:01:00.0,6.283333333333333
CH1155,KR_U89,KR6925,1.7333333333333334,11.13,2022-05-27,06:26:00.0,2022-05-27,08:10:00.0,6,8,May,Friday,104.0,Weekday,199,2022-05-27T06:26:00.0,2022-05-27T08:10:00.0,6.433333333333334
CH1155,KR_U89,KR6926,1.7,10.66,2022-05-28,06:23:00.0,2022-05-28,08:05:00.0,6,8,May,Saturday,102.0,Weekend,199,2022-05-28T06:23:00.0,2022-05-28T08:05:00.0,6.383333333333334
CH1155,KR_U89,KR6927,1.5833333333333333,10.09,2022-05-29,06:25:00.0,2022-05-29,08:00:00.0,6,8,May,Sunday,95.0,Weekend,199,2022-05-29T06:25:00.0,2022-05-29T08:00:00.0,6.416666666666667
CH1155,KR_U89,KR6928,1.7166666666666666,11.03,2022-05-30,06:27:00.0,2022-05-30,08:10:00.0,6,8,May,Monday,103.0,Weekday,199,2022-05-30T06:27:00.0,2022-05-30T08:10:00.0,6.45
CH1155,KR_U89,KR6929,1.6666666666666667,10.91,2022-05-31,06:28:00.0,2022-05-31,08:08:00.0,6,8,May,Tuesday,100.0,Weekday,199,2022-05-31T06:28:00.0,2022-05-31T08:08:00.0,6.466666666666667
CH1156,KR_U89,KR6930,1.8833333333333333,9.93,2022-09-12,06:30:00.0,2022-09-12,08:23:00.0,6,8,September,Monday,113.0,Weekday,199,2022-09-12T06:30:00.0,2022-09-12T08:23:00.0,6.5
CH1156,KR_U89,KR6931,1.65,11.18,2022-09-09,12:50:00.0,2022-09-09,14:29:00.0,12,14,September,Friday,99.0,Weekday,199,2022-09-09T12:50:00.0,2022-09-09T14:29:00.0,12.833333333333334
CH1156,KR_U89,KR6932,1.65,10.93,2022-09-02,05:31:00.0,2022-09-02,07:10:00.0,5,7,September,Friday,99.0,Weekday,199,2022-09-02T05:31:00.0,2022-09-02T07:10:00.0,5.516666666666667
CH1156,KR_U89,KR6933,1.5666666666666667,10.82,2022-08-13,05:21:00.0,2022-08-13,06:55:00.0,5,6,August,Saturday,94.0,Weekend,199,2022-08-13T05:21:00.0,2022-08-13T06:55:00.0,5.35
CH1156,KR_U89,KR6934,1.5666666666666667,10.56,2022-08-09,05:31:00.0,2022-08-09,07:05:00.0,5,7,August,Tuesday,94.0,Weekday,199,2022-08-09T05:31:00.0,2022-08-09T07:05:00.0,5.516666666666667
CH1156,KR_U89,KR6935,1.7166666666666666,11.26,2022-08-04,05:32:00.0,2022-08-04,07:15:00.0,5,7,August,Thursday,103.0,Weekday,199,2022-08-04T05:32:00.0,2022-08-04T07:15:00.0,5.533333333333333
CH1156,KR_U89,KR6936,1.45,10.01,2022-08-03,06:09:00.0,2022-08-03,07:36:00.0,6,7,August,Wednesday,87.0,Weekday,199,2022-08-03T06:09:00.0,2022-08-03T07:36:00.0,6.15
CH1156,KR_U89,KR6937,1.6333333333333333,10.84,2022-08-31,05:27:00.0,2022-08-31,07:05:00.0,5,7,August,Wednesday,98.0,Weekday,199,2022-08-31T05:27:00.0,2022-08-31T07:05:00.0,5.45
CH1156,KR_U89,KR6938,1.65,10.58,2022-08-24,05:26:00.0,2022-08-24,07:05:00.0,5,7,August,Wednesday,99.0,Weekday,199,2022-08-24T05:26:00.0,2022-08-24T07:05:00.0,5.433333333333334
CH1156,KR_U89,KR6939,1.6166666666666667,10.8,2022-07-05,05:18:00.0,2022-07-05,06:55:00.0,5,6,July,Tuesday,97.0,Weekday,199,2022-07-05T05:18:00.0,2022-07-05T06:55:00.0,5.3
CH1156,KR_U89,KR6940,1.65,11.11,2022-07-07,05:31:00.0,2022-07-07,07:10:00.0,5,7,July,Thursday,99.0,Weekday,199,2022-07-07T05:31:00.0,2022-07-07T07:10:00.0,5.516666666666667
CH1156,KR_U89,KR6941,1.7,11.33,2022-07-08,05:23:00.0,2022-07-08,07:05:00.0,5,7,July,Friday,102.0,Weekday,199,2022-07-08T05:23:00.0,2022-07-08T07:05:00.0,5.383333333333334
CH1156,KR_U89,KR6942,1.55,10.62,2022-07-16,05:22:00.0,2022-07-16,06:55:00.0,5,6,July,Saturday,93.0,Weekend,199,2022-07-16T05:22:00.0,2022-07-16T06:55:00.0,5.366666666666666
CH1156,KR_U89,KR6943,1.7166666666666666,11.3,2022-07-19,05:22:00.0,2022-07-19,07:05:00.0,5,7,July,Tuesday,103.0,Weekday,199,2022-07-19T05:22:00.0,2022-07-19T07:05:00.0,5.366666666666666
CH1156,KR_U89,KR6944,1.6,10.58,2022-07-20,05:24:00.0,2022-07-20,07:00:00.0,5,7,July,Wednesday,96.0,Weekday,199,2022-07-20T05:24:00.0,2022-07-20T07:00:00.0,5.4
CH1156,KR_U89,KR6945,1.6833333333333333,11.19,2022-07-25,05:24:00.0,2022-07-25,07:05:00.0,5,7,July,Monday,101.0,Weekday,199,2022-07-25T05:24:00.0,2022-07-25T07:05:00.0,5.4
CH1156,KR_U89,KR6946,1.6,10.71,2022-07-28,05:29:00.0,2022-07-28,07:05:00.0,5,7,July,Thursday,96.0,Weekday,199,2022-07-28T05:29:00.0,2022-07-28T07:05:00.0,5.483333333333333
CH1156,KR_U89,KR6947,1.45,10.02,2022-06-05,06:10:00.0,2022-06-05,07:37:00.0,6,7,June,Sunday,87.0,Weekend,199,2022-06-05T06:10:00.0,2022-06-05T07:37:00.0,6.166666666666667
CH1156,KR_U89,KR6948,0.8166666666666667,5.44,2022-06-06,11:01:00.0,2022-06-06,11:50:00.0,11,11,June,Monday,49.0,Weekday,199,2022-06-06T11:01:00.0,2022-06-06T11:50:00.0,11.016666666666667
CH1156,KR_U89,KR6949,1.6166666666666667,10.51,2022-06-09,06:38:00.0,2022-06-09,08:15:00.0,6,8,June,Thursday,97.0,Weekday,199,2022-06-09T06:38:00.0,2022-06-09T08:15:00.0,6.633333333333333
CH1156,KR_U89,KR6950,1.55,10.45,2022-06-15,06:07:00.0,2022-06-15,07:40:00.0,6,7,June,Wednesday,93.0,Weekday,199,2022-06-15T06:07:00.0,2022-06-15T07:40:00.0,6.116666666666666
CH1156,KR_U89,KR6951,0.5666666666666667,3.7,2022-06-17,07:17:00.0,2022-06-17,07:51:00.0,7,7,June,Friday,34.0,Weekday,199,2022-06-17T07:17:00.0,2022-06-17T07:51:00.0,7.283333333333333
CH1165,KR_U109,KR6954,3.2666666666666666,22.39,2022-09-30,20:20:00.0,2022-09-30,23:36:00.0,20,23,September,Friday,196.0,Weekday,2,2022-09-30T20:20:00.0,2022-09-30T23:36:00.0,20.333333333333332
CH1165,KR_U109,KR6955,3.183333333333333,21.77,2022-09-29,21:07:00.0,2022-09-30,00:18:00.0,21,0,September,Thursday,191.0,Weekday,2,2022-09-29T21:07:00.0,2022-09-30T00:18:00.0,21.116666666666667
CH1165,KR_U109,KR6956,0.23333333333333334,16.06,2022-09-27,19:33:00.0,2022-09-27,19:47:00.0,19,19,September,Tuesday,14.0,Weekday,2,2022-09-27T19:33:00.0,2022-09-27T19:47:00.0,19.55
CH1197,KR_U107,KR7050,3.783333333333333,12.65,2022-09-14,19:34:00.0,2022-09-14,23:21:00.0,19,23,September,Wednesday,227.0,Weekday,206,2022-09-14T19:34:00.0,2022-09-14T23:21:00.0,19.566666666666666
CH1197,KR_U107,KR7051,19.416666666666668,12.46,2022-09-10,16:08:00.0,2022-09-11,11:33:00.0,16,11,September,Saturday,1165.0,Weekend,206,2022-09-10T16:08:00.0,2022-09-11T11:33:00.0,16.133333333333333
CH1197,KR_U107,KR7052,9.266666666666667,12.45,2022-09-01,21:36:00.0,2022-09-02,06:52:00.0,21,6,September,Thursday,556.0,Weekday,206,2022-09-01T21:36:00.0,2022-09-02T06:52:00.0,21.6
CH1197,KR_U107,KR7053,4.7,12.47,2022-09-30,18:37:00.0,2022-09-30,23:19:00.0,18,23,September,Friday,282.0,Weekday,206,2022-09-30T18:37:00.0,2022-09-30T23:19:00.0,18.616666666666667
CH1197,KR_U107,KR7054,9.45,11.99,2022-09-27,21:59:00.0,2022-09-28,07:26:00.0,21,7,September,Tuesday,567.0,Weekday,206,2022-09-27T21:59:00.0,2022-09-28T07:26:00.0,21.983333333333334
CH1197,KR_U107,KR7055,1.6166666666666667,5.95,2022-09-27,19:27:00.0,2022-09-27,21:04:00.0,19,21,September,Tuesday,97.0,Weekday,206,2022-09-27T19:27:00.0,2022-09-27T21:04:00.0,19.45
CH1197,KR_U107,KR7056,10.5,10.73,2022-09-23,21:02:00.0,2022-09-24,07:32:00.0,21,7,September,Friday,630.0,Weekday,206,2022-09-23T21:02:00.0,2022-09-24T07:32:00.0,21.033333333333335
CH1197,KR_U107,KR7057,7.966666666666667,12.12,2022-09-22,21:56:00.0,2022-09-23,05:54:00.0,21,5,September,Thursday,478.0,Weekday,206,2022-09-22T21:56:00.0,2022-09-23T05:54:00.0,21.933333333333334
CH1197,KR_U107,KR7058,3.75,12.29,2022-09-21,19:22:00.0,2022-09-21,23:07:00.0,19,23,September,Wednesday,225.0,Weekday,206,2022-09-21T19:22:00.0,2022-09-21T23:07:00.0,19.366666666666667
CH1197,KR_U107,KR7059,8.8,10.37,2022-08-09,22:21:00.0,2022-08-10,07:09:00.0,22,7,August,Tuesday,528.0,Weekday,206,2022-08-09T22:21:00.0,2022-08-10T07:09:00.0,22.35
CH1197,KR_U107,KR7060,8.666666666666666,10.42,2022-08-08,22:14:00.0,2022-08-09,06:54:00.0,22,6,August,Monday,520.0,Weekday,206,2022-08-08T22:14:00.0,2022-08-09T06:54:00.0,22.233333333333334
CH1197,KR_U107,KR7061,11.333333333333334,12.65,2022-08-01,19:47:00.0,2022-08-02,07:07:00.0,19,7,August,Monday,680.0,Weekday,206,2022-08-01T19:47:00.0,2022-08-02T07:07:00.0,19.783333333333335
CH1197,KR_U107,KR7062,12.983333333333333,9.01,2022-08-23,18:25:00.0,2022-08-24,07:24:00.0,18,7,August,Tuesday,779.0,Weekday,206,2022-08-23T18:25:00.0,2022-08-24T07:24:00.0,18.416666666666668
CH1197,KR_U107,KR7063,13.35,7.92,2022-08-22,17:57:00.0,2022-08-23,07:18:00.0,17,7,August,Monday,801.0,Weekday,206,2022-08-22T17:57:00.0,2022-08-23T07:18:00.0,17.95
CH1197,KR_U107,KR7064,12.6,10.97,2022-08-21,18:42:00.0,2022-08-22,07:18:00.0,18,7,August,Sunday,756.0,Weekend,206,2022-08-21T18:42:00.0,2022-08-22T07:18:00.0,18.7
CH1197,KR_U107,KR7065,12.05,10.4,2022-08-18,19:12:00.0,2022-08-19,07:15:00.0,19,7,August,Thursday,723.0,Weekday,206,2022-08-18T19:12:00.0,2022-08-19T07:15:00.0,19.2
CH1197,KR_U107,KR7066,11.016666666666667,12.3,2022-07-15,22:21:00.0,2022-07-16,09:22:00.0,22,9,July,Friday,661.0,Weekday,206,2022-07-15T22:21:00.0,2022-07-16T09:22:00.0,22.35
CH1197,KR_U107,KR7067,8.216666666666667,10.22,2022-07-28,22:31:00.0,2022-07-29,06:44:00.0,22,6,July,Thursday,493.0,Weekday,206,2022-07-28T22:31:00.0,2022-07-29T06:44:00.0,22.516666666666666
CH1197,KR_U107,KR7068,8.866666666666667,12.83,2022-06-06,07:25:00.0,2022-06-06,16:17:00.0,7,16,June,Monday,532.0,Weekday,206,2022-06-06T07:25:00.0,2022-06-06T16:17:00.0,7.416666666666667
CH1197,KR_U107,KR7069,12.333333333333334,12.54,2022-06-07,19:19:00.0,2022-06-08,07:39:00.0,19,7,June,Tuesday,740.0,Weekday,206,2022-06-07T19:19:00.0,2022-06-08T07:39:00.0,19.316666666666666
CH1197,KR_U107,KR7070,3.466666666666667,9.52,2022-06-10,19:36:00.0,2022-06-10,23:04:00.0,19,23,June,Friday,208.0,Weekday,206,2022-06-10T19:36:00.0,2022-06-10T23:04:00.0,19.6
CH1197,KR_U107,KR7071,10.083333333333334,10.44,2022-06-20,21:00:00.0,2022-06-21,07:05:00.0,21,7,June,Monday,605.0,Weekday,206,2022-06-20T21:00:00.0,2022-06-21T07:05:00.0,21.0
CH1197,KR_U107,KR7072,11.75,7.52,2022-06-23,20:04:00.0,2022-06-24,07:49:00.0,20,7,June,Thursday,705.0,Weekday,206,2022-06-23T20:04:00.0,2022-06-24T07:49:00.0,20.066666666666666
CH1197,KR_U107,KR7073,11.65,11.46,2022-06-24,19:36:00.0,2022-06-25,07:15:00.0,19,7,June,Friday,699.0,Weekday,206,2022-06-24T19:36:00.0,2022-06-25T07:15:00.0,19.6
CH1197,KR_U107,KR7074,8.55,9.7,2022-06-28,22:33:00.0,2022-06-29,07:06:00.0,22,7,June,Tuesday,513.0,Weekday,206,2022-06-28T22:33:00.0,2022-06-29T07:06:00.0,22.55
CH1197,KR_U107,KR7075,8.5,12.77,2022-04-30,22:54:00.0,2022-05-01,07:24:00.0,22,7,April,Saturday,510.0,Weekend,206,2022-04-30T22:54:00.0,2022-05-01T07:24:00.0,22.9
CH1197,KR_U107,KR7076,0.8,3.02,2022-05-01,11:05:00.0,2022-05-01,11:53:00.0,11,11,May,Sunday,48.0,Weekend,206,2022-05-01T11:05:00.0,2022-05-01T11:53:00.0,11.083333333333334
CH1197,KR_U107,KR7077,5.35,8.14,2022-05-01,12:25:00.0,2022-05-01,17:46:00.0,12,17,May,Sunday,321.0,Weekend,206,2022-05-01T12:25:00.0,2022-05-01T17:46:00.0,12.416666666666666
CH1197,KR_U107,KR7078,11.916666666666666,10.34,2022-05-04,19:29:00.0,2022-05-05,07:24:00.0,19,7,May,Wednesday,715.0,Weekday,206,2022-05-04T19:29:00.0,2022-05-05T07:24:00.0,19.483333333333334
CH1197,KR_U107,KR7079,1.95,4.37,2022-05-07,10:36:00.0,2022-05-07,12:33:00.0,10,12,May,Saturday,117.0,Weekend,206,2022-05-07T10:36:00.0,2022-05-07T12:33:00.0,10.6
CH1197,KR_U107,KR7080,8.083333333333334,7.63,2022-05-08,11:30:00.0,2022-05-08,19:35:00.0,11,19,May,Sunday,485.00000000000006,Weekend,206,2022-05-08T11:30:00.0,2022-05-08T19:35:00.0,11.5
CH1197,KR_U107,KR7081,10.05,10.33,2022-05-09,21:39:00.0,2022-05-10,07:42:00.0,21,7,May,Monday,603.0,Weekday,206,2022-05-09T21:39:00.0,2022-05-10T07:42:00.0,21.65
CH1197,KR_U107,KR7082,9.8,9.0,2022-05-17,22:23:00.0,2022-05-18,08:11:00.0,22,8,May,Tuesday,588.0,Weekday,206,2022-05-17T22:23:00.0,2022-05-18T08:11:00.0,22.383333333333333
CH1197,KR_U107,KR7083,3.55,3.86,2022-05-22,16:32:00.0,2022-05-22,20:05:00.0,16,20,May,Sunday,213.0,Weekend,206,2022-05-22T16:32:00.0,2022-05-22T20:05:00.0,16.533333333333335
CH1197,KR_U107,KR7084,2.9,10.41,2022-05-27,05:25:00.0,2022-05-27,08:19:00.0,5,8,May,Friday,174.0,Weekday,206,2022-05-27T05:25:00.0,2022-05-27T08:19:00.0,5.416666666666667
CH1197,KR_U107,KR7085,4.3,12.95,2022-04-02,07:32:00.0,2022-04-02,11:50:00.0,7,11,April,Saturday,258.0,Weekend,206,2022-04-02T07:32:00.0,2022-04-02T11:50:00.0,7.533333333333333
CH1197,KR_U107,KR7086,3.1,8.01,2022-04-03,20:13:00.0,2022-04-03,23:19:00.0,20,23,April,Sunday,186.0,Weekend,206,2022-04-03T20:13:00.0,2022-04-03T23:19:00.0,20.216666666666665
CH1197,KR_U107,KR7087,7.2,11.27,2022-04-10,06:37:00.0,2022-04-10,13:49:00.0,6,13,April,Sunday,432.0,Weekend,206,2022-04-10T06:37:00.0,2022-04-10T13:49:00.0,6.616666666666667
CH1197,KR_U107,KR7088,3.566666666666667,10.51,2022-04-13,17:58:00.0,2022-04-13,21:32:00.0,17,21,April,Wednesday,214.0,Weekday,206,2022-04-13T17:58:00.0,2022-04-13T21:32:00.0,17.966666666666665
CH1197,KR_U107,KR7089,8.65,9.79,2022-04-14,21:49:00.0,2022-04-15,06:28:00.0,21,6,April,Thursday,519.0,Weekday,206,2022-04-14T21:49:00.0,2022-04-15T06:28:00.0,21.816666666666666
CH1197,KR_U107,KR7090,9.6,10.24,2022-04-19,21:16:00.0,2022-04-20,06:52:00.0,21,6,April,Tuesday,576.0,Weekday,206,2022-04-19T21:16:00.0,2022-04-20T06:52:00.0,21.266666666666666
CH1197,KR_U107,KR7091,13.116666666666667,10.34,2022-04-21,17:44:00.0,2022-04-22,06:51:00.0,17,6,April,Thursday,787.0,Weekday,206,2022-04-21T17:44:00.0,2022-04-22T06:51:00.0,17.733333333333334
CH1197,KR_U107,KR7092,5.666666666666667,11.02,2022-04-23,07:29:00.0,2022-04-23,13:09:00.0,7,13,April,Saturday,340.0,Weekend,206,2022-04-23T07:29:00.0,2022-04-23T13:09:00.0,7.483333333333333
CH1197,KR_U107,KR7093,1.2166666666666666,4.54,2022-04-24,12:50:00.0,2022-04-24,14:03:00.0,12,14,April,Sunday,73.0,Weekend,206,2022-04-24T12:50:00.0,2022-04-24T14:03:00.0,12.833333333333334
CH1197,KR_U107,KR7094,12.183333333333334,5.2,2022-04-24,18:37:00.0,2022-04-25,06:48:00.0,18,6,April,Sunday,731.0,Weekend,206,2022-04-24T18:37:00.0,2022-04-25T06:48:00.0,18.616666666666667
CH1197,KR_U107,KR7095,4.516666666666667,12.94,2022-03-26,09:38:00.0,2022-03-26,14:09:00.0,9,14,March,Saturday,271.0,Weekend,206,2022-03-26T09:38:00.0,2022-03-26T14:09:00.0,9.633333333333333
CH1197,KR_U107,KR7096,2.8833333333333333,6.95,2022-03-27,11:09:00.0,2022-03-27,14:02:00.0,11,14,March,Sunday,173.0,Weekend,206,2022-03-27T11:09:00.0,2022-03-27T14:02:00.0,11.15
CH1197,KR_U107,KR7097,1.8833333333333333,6.99,2022-03-30,17:43:00.0,2022-03-30,19:36:00.0,17,19,March,Wednesday,113.0,Weekday,206,2022-03-30T17:43:00.0,2022-03-30T19:36:00.0,17.716666666666665
CH1197,KR_U107,KR7098,9.85,6.68,2022-03-30,20:44:00.0,2022-03-31,06:35:00.0,20,6,March,Wednesday,591.0,Weekday,206,2022-03-30T20:44:00.0,2022-03-31T06:35:00.0,20.733333333333334
CH1199,KR_U107,KR7100,3.966666666666667,8.64,2022-09-08,08:25:00.0,2022-09-08,12:23:00.0,8,12,September,Thursday,238.0,Weekday,206,2022-09-08T08:25:00.0,2022-09-08T12:23:00.0,8.416666666666666
CH1199,KR_U107,KR7101,7.9,11.83,2022-09-20,10:54:00.0,2022-09-20,18:48:00.0,10,18,September,Tuesday,474.0,Weekday,206,2022-09-20T10:54:00.0,2022-09-20T18:48:00.0,10.9
CH1199,KR_U107,KR7102,5.333333333333333,10.93,2022-09-17,12:12:00.0,2022-09-17,17:32:00.0,12,17,September,Saturday,320.0,Weekend,206,2022-09-17T12:12:00.0,2022-09-17T17:32:00.0,12.2
CH1199,KR_U107,KR7103,5.566666666666666,7.23,2022-08-13,15:43:00.0,2022-08-13,21:17:00.0,15,21,August,Saturday,334.0,Weekend,206,2022-08-13T15:43:00.0,2022-08-13T21:17:00.0,15.716666666666667
CH1199,KR_U107,KR7104,11.783333333333333,9.43,2022-08-12,19:10:00.0,2022-08-13,06:57:00.0,19,6,August,Friday,707.0,Weekday,206,2022-08-12T19:10:00.0,2022-08-13T06:57:00.0,19.166666666666668
CH1199,KR_U107,KR7105,12.066666666666666,12.45,2022-08-10,18:54:00.0,2022-08-11,06:58:00.0,18,6,August,Wednesday,724.0,Weekday,206,2022-08-10T18:54:00.0,2022-08-11T06:58:00.0,18.9
CH1199,KR_U107,KR7106,1.7833333333333334,6.54,2022-08-16,11:58:00.0,2022-08-16,13:45:00.0,11,13,August,Tuesday,107.0,Weekday,206,2022-08-16T11:58:00.0,2022-08-16T13:45:00.0,11.966666666666667
CH1199,KR_U107,KR7107,3.283333333333333,7.85,2022-07-01,19:44:00.0,2022-07-01,23:01:00.0,19,23,July,Friday,197.0,Weekday,206,2022-07-01T19:44:00.0,2022-07-01T23:01:00.0,19.733333333333334
CH1199,KR_U107,KR7108,11.766666666666667,10.29,2022-06-29,18:59:00.0,2022-06-30,06:45:00.0,18,6,June,Wednesday,706.0,Weekday,206,2022-06-29T18:59:00.0,2022-06-30T06:45:00.0,18.983333333333334
CH1199,KR_U107,KR7109,1.5166666666666666,1.79,2022-05-07,13:00:00.0,2022-05-07,14:31:00.0,13,14,May,Saturday,91.0,Weekend,206,2022-05-07T13:00:00.0,2022-05-07T14:31:00.0,13.0
CH1199,KR_U107,KR7110,1.7833333333333334,6.59,2022-05-20,16:27:00.0,2022-05-20,18:14:00.0,16,18,May,Friday,107.0,Weekday,206,2022-05-20T16:27:00.0,2022-05-20T18:14:00.0,16.45
CH1200,KR_U107,KR7111,3.816666666666667,10.61,2022-09-07,19:16:00.0,2022-09-07,23:05:00.0,19,23,September,Wednesday,229.0,Weekday,206,2022-09-07T19:16:00.0,2022-09-07T23:05:00.0,19.266666666666666
CH1200,KR_U107,KR7112,10.15,9.18,2022-09-06,20:56:00.0,2022-09-07,07:05:00.0,20,7,September,Tuesday,609.0,Weekday,206,2022-09-06T20:56:00.0,2022-09-07T07:05:00.0,20.933333333333334
CH1200,KR_U107,KR7113,0.75,2.77,2022-09-06,19:07:00.0,2022-09-06,19:52:00.0,19,19,September,Tuesday,45.0,Weekday,206,2022-09-06T19:07:00.0,2022-09-06T19:52:00.0,19.116666666666667
CH1200,KR_U107,KR7114,8.25,12.58,2022-09-04,10:02:00.0,2022-09-04,18:17:00.0,10,18,September,Sunday,495.0,Weekend,206,2022-09-04T10:02:00.0,2022-09-04T18:17:00.0,10.033333333333333
CH1200,KR_U107,KR7115,3.9,12.44,2022-09-29,19:28:00.0,2022-09-29,23:22:00.0,19,23,September,Thursday,234.0,Weekday,206,2022-09-29T19:28:00.0,2022-09-29T23:22:00.0,19.466666666666665
CH1200,KR_U107,KR7116,3.85,12.46,2022-09-28,19:23:00.0,2022-09-28,23:14:00.0,19,23,September,Wednesday,231.0,Weekday,206,2022-09-28T19:23:00.0,2022-09-28T23:14:00.0,19.383333333333333
CH1200,KR_U107,KR7117,7.2,12.53,2022-09-15,22:00:00.0,2022-09-16,05:12:00.0,22,5,September,Thursday,432.0,Weekday,206,2022-09-15T22:00:00.0,2022-09-16T05:12:00.0,22.0
CH1200,KR_U107,KR7118,1.6833333333333333,6.15,2022-08-13,12:39:00.0,2022-08-13,14:20:00.0,12,14,August,Saturday,101.0,Weekend,206,2022-08-13T12:39:00.0,2022-08-13T14:20:00.0,12.65
CH1200,KR_U107,KR7119,6.333333333333333,7.14,2022-08-06,16:23:00.0,2022-08-06,22:43:00.0,16,22,August,Saturday,380.0,Weekend,206,2022-08-06T16:23:00.0,2022-08-06T22:43:00.0,16.383333333333333
CH1200,KR_U107,KR7120,12.666666666666666,12.59,2022-08-03,21:07:00.0,2022-08-04,09:47:00.0,21,9,August,Wednesday,760.0,Weekday,206,2022-08-03T21:07:00.0,2022-08-04T09:47:00.0,21.116666666666667
CH1200,KR_U107,KR7121,9.583333333333334,10.61,2022-08-02,22:26:00.0,2022-08-03,08:01:00.0,22,8,August,Tuesday,575.0,Weekday,206,2022-08-02T22:26:00.0,2022-08-03T08:01:00.0,22.433333333333334
CH1200,KR_U107,KR7122,13.5,9.19,2022-08-25,17:55:00.0,2022-08-26,07:25:00.0,17,7,August,Thursday,810.0,Weekday,206,2022-08-25T17:55:00.0,2022-08-26T07:25:00.0,17.916666666666668
CH1200,KR_U107,KR7123,13.516666666666667,8.11,2022-08-24,17:50:00.0,2022-08-25,07:21:00.0,17,7,August,Wednesday,811.0,Weekday,206,2022-08-24T17:50:00.0,2022-08-25T07:21:00.0,17.833333333333332
CH1200,KR_U107,KR7124,11.716666666666667,12.63,2022-08-19,19:51:00.0,2022-08-20,07:34:00.0,19,7,August,Friday,703.0,Weekday,206,2022-08-19T19:51:00.0,2022-08-20T07:34:00.0,19.85
CH1200,KR_U107,KR7125,13.233333333333333,12.14,2022-07-13,17:44:00.0,2022-07-14,06:58:00.0,17,6,July,Wednesday,794.0,Weekday,206,2022-07-13T17:44:00.0,2022-07-14T06:58:00.0,17.733333333333334
CH1200,KR_U107,KR7126,7.166666666666667,9.52,2022-07-16,16:02:00.0,2022-07-16,23:12:00.0,16,23,July,Saturday,430.0,Weekend,206,2022-07-16T16:02:00.0,2022-07-16T23:12:00.0,16.033333333333335
CH1200,KR_U107,KR7127,4.016666666666667,0.67,2022-07-24,17:46:00.0,2022-07-24,21:47:00.0,17,21,July,Sunday,241.0,Weekend,206,2022-07-24T17:46:00.0,2022-07-24T21:47:00.0,17.766666666666666
CH1200,KR_U107,KR7128,4.016666666666667,11.1,2022-07-27,17:23:00.0,2022-07-27,21:24:00.0,17,21,July,Wednesday,241.0,Weekday,206,2022-07-27T17:23:00.0,2022-07-27T21:24:00.0,17.383333333333333
CH1200,KR_U107,KR7129,14.233333333333333,12.28,2022-05-31,21:38:00.0,2022-06-01,11:52:00.0,21,11,May,Tuesday,854.0,Weekday,206,2022-05-31T21:38:00.0,2022-06-01T11:52:00.0,21.633333333333333
CH1200,KR_U107,KR7130,17.683333333333334,12.24,2022-06-03,18:13:00.0,2022-06-04,11:54:00.0,18,11,June,Friday,1061.0,Weekday,206,2022-06-03T18:13:00.0,2022-06-04T11:54:00.0,18.216666666666665
CH1200,KR_U107,KR7131,2.066666666666667,4.66,2022-06-04,21:10:00.0,2022-06-04,23:14:00.0,21,23,June,Saturday,124.00000000000001,Weekend,206,2022-06-04T21:10:00.0,2022-06-04T23:14:00.0,21.166666666666668
CH1200,KR_U107,KR7132,11.8,8.08,2022-06-13,18:59:00.0,2022-06-14,06:47:00.0,18,6,June,Monday,708.0,Weekday,206,2022-06-13T18:59:00.0,2022-06-14T06:47:00.0,18.983333333333334
CH1200,KR_U107,KR7133,9.366666666666667,10.47,2022-06-14,22:08:00.0,2022-06-15,07:30:00.0,22,7,June,Tuesday,562.0,Weekday,206,2022-06-14T22:08:00.0,2022-06-15T07:30:00.0,22.133333333333333
CH1200,KR_U107,KR7134,13.45,10.33,2022-06-15,19:08:00.0,2022-06-16,08:35:00.0,19,8,June,Wednesday,807.0,Weekday,206,2022-06-15T19:08:00.0,2022-06-16T08:35:00.0,19.133333333333333
CH1200,KR_U107,KR7135,8.916666666666666,10.32,2022-06-21,22:17:00.0,2022-06-22,07:12:00.0,22,7,June,Tuesday,535.0,Weekday,206,2022-06-21T22:17:00.0,2022-06-22T07:12:00.0,22.283333333333335
CH1200,KR_U107,KR7136,12.2,8.17,2022-06-22,19:27:00.0,2022-06-23,07:39:00.0,19,7,June,Wednesday,732.0,Weekday,206,2022-06-22T19:27:00.0,2022-06-23T07:39:00.0,19.45
CH1200,KR_U107,KR7137,4.083333333333333,11.46,2022-06-25,18:16:00.0,2022-06-25,22:21:00.0,18,22,June,Saturday,244.99999999999997,Weekend,206,2022-06-25T18:16:00.0,2022-06-25T22:21:00.0,18.266666666666666
CH1200,KR_U107,KR7138,7.983333333333333,10.72,2022-06-27,22:52:00.0,2022-06-28,06:51:00.0,22,6,June,Monday,479.0,Weekday,206,2022-06-27T22:52:00.0,2022-06-28T06:51:00.0,22.866666666666667
CH1200,KR_U107,KR7139,12.35,12.59,2022-05-06,20:24:00.0,2022-05-07,08:45:00.0,20,8,May,Friday,741.0,Weekday,206,2022-05-06T20:24:00.0,2022-05-07T08:45:00.0,20.4
CH1200,KR_U107,KR7140,3.75,12.78,2022-05-07,18:34:00.0,2022-05-07,22:19:00.0,18,22,May,Saturday,225.0,Weekend,206,2022-05-07T18:34:00.0,2022-05-07T22:19:00.0,18.566666666666666
CH1200,KR_U107,KR7141,8.866666666666667,12.79,2022-05-13,23:10:00.0,2022-05-14,08:02:00.0,23,8,May,Friday,532.0,Weekday,206,2022-05-13T23:10:00.0,2022-05-14T08:02:00.0,23.166666666666668
CH1200,KR_U107,KR7142,23.55,12.26,2022-05-21,16:22:00.0,2022-05-22,15:55:00.0,16,15,May,Saturday,1413.0,Weekend,206,2022-05-21T16:22:00.0,2022-05-22T15:55:00.0,16.366666666666667
CH1200,KR_U107,KR7143,8.816666666666666,10.43,2022-05-23,22:22:00.0,2022-05-24,07:11:00.0,22,7,May,Monday,529.0,Weekday,206,2022-05-23T22:22:00.0,2022-05-24T07:11:00.0,22.366666666666667
CH1200,KR_U107,KR7144,9.7,10.13,2022-05-24,21:50:00.0,2022-05-25,07:32:00.0,21,7,May,Tuesday,582.0,Weekday,206,2022-05-24T21:50:00.0,2022-05-25T07:32:00.0,21.833333333333332
CH1200,KR_U107,KR7145,12.133333333333333,7.69,2022-05-25,19:27:00.0,2022-05-26,07:35:00.0,19,7,May,Wednesday,728.0,Weekday,206,2022-05-25T19:27:00.0,2022-05-26T07:35:00.0,19.45
CH1200,KR_U107,KR7146,16.15,11.3,2022-05-27,17:37:00.0,2022-05-28,09:46:00.0,17,9,May,Friday,968.9999999999999,Weekday,206,2022-05-27T17:37:00.0,2022-05-28T09:46:00.0,17.616666666666667
CH1200,KR_U107,KR7147,3.9,3.97,2022-05-28,12:35:00.0,2022-05-28,16:29:00.0,12,16,May,Saturday,234.0,Weekend,206,2022-05-28T12:35:00.0,2022-05-28T16:29:00.0,12.583333333333334
CH1200,KR_U107,KR7148,12.616666666666667,8.87,2022-05-29,18:17:00.0,2022-05-30,06:54:00.0,18,6,May,Sunday,757.0,Weekend,206,2022-05-29T18:17:00.0,2022-05-30T06:54:00.0,18.283333333333335
CH1291,KR_U124,KR7195,0.7,16.44,2022-09-14,18:41:00.0,2022-09-14,19:23:00.0,18,19,September,Wednesday,42.0,Weekday,104,2022-09-14T18:41:00.0,2022-09-14T19:23:00.0,18.683333333333334
CH1291,KR_U124,KR7196,0.8166666666666667,19.7,2022-09-10,21:59:00.0,2022-09-10,22:48:00.0,21,22,September,Saturday,49.0,Weekend,104,2022-09-10T21:59:00.0,2022-09-10T22:48:00.0,21.983333333333334
CH1291,KR_U124,KR7197,0.45,12.68,2022-09-10,14:28:00.0,2022-09-10,14:55:00.0,14,14,September,Saturday,27.0,Weekend,104,2022-09-10T14:28:00.0,2022-09-10T14:55:00.0,14.466666666666667
CH1291,KR_U124,KR7198,0.8666666666666667,16.7,2022-09-09,19:29:00.0,2022-09-09,20:21:00.0,19,20,September,Friday,52.0,Weekday,104,2022-09-09T19:29:00.0,2022-09-09T20:21:00.0,19.483333333333334
CH1291,KR_U124,KR7199,0.4666666666666667,12.73,2022-09-07,19:58:00.0,2022-09-07,20:26:00.0,19,20,September,Wednesday,28.0,Weekday,104,2022-09-07T19:58:00.0,2022-09-07T20:26:00.0,19.966666666666665
CH1291,KR_U124,KR7200,0.23333333333333334,4.78,2022-09-01,18:54:00.0,2022-09-01,19:08:00.0,18,19,September,Thursday,14.0,Weekday,104,2022-09-01T18:54:00.0,2022-09-01T19:08:00.0,18.9
CH1291,KR_U124,KR7201,5.983333333333333,25.92,2022-08-31,19:08:00.0,2022-09-01,01:07:00.0,19,1,August,Wednesday,359.0,Weekday,104,2022-08-31T19:08:00.0,2022-09-01T01:07:00.0,19.133333333333333
CH1291,KR_U124,KR7202,0.9833333333333333,18.27,2022-09-25,18:50:00.0,2022-09-25,19:49:00.0,18,19,September,Sunday,59.0,Weekend,104,2022-09-25T18:50:00.0,2022-09-25T19:49:00.0,18.833333333333332
CH1291,KR_U124,KR7203,0.6833333333333333,16.64,2022-09-22,18:30:00.0,2022-09-22,19:11:00.0,18,19,September,Thursday,41.0,Weekday,104,2022-09-22T18:30:00.0,2022-09-22T19:11:00.0,18.5
CH1291,KR_U124,KR7204,0.95,20.34,2022-09-19,18:30:00.0,2022-09-19,19:27:00.0,18,19,September,Monday,57.0,Weekday,104,2022-09-19T18:30:00.0,2022-09-19T19:27:00.0,18.5
CH1291,KR_U124,KR7205,0.8333333333333334,15.49,2022-09-16,18:34:00.0,2022-09-16,19:24:00.0,18,19,September,Friday,50.0,Weekday,104,2022-09-16T18:34:00.0,2022-09-16T19:24:00.0,18.566666666666666
CH1291,KR_U124,KR7206,1.45,19.47,2022-08-15,20:04:00.0,2022-08-15,21:31:00.0,20,21,August,Monday,87.0,Weekday,104,2022-08-15T20:04:00.0,2022-08-15T21:31:00.0,20.066666666666666
CH1291,KR_U124,KR7207,1.8333333333333333,20.99,2022-08-10,18:35:00.0,2022-08-10,20:25:00.0,18,20,August,Wednesday,110.0,Weekday,104,2022-08-10T18:35:00.0,2022-08-10T20:25:00.0,18.583333333333332
CH1291,KR_U124,KR7208,0.43333333333333335,12.91,2022-08-06,19:26:00.0,2022-08-06,19:52:00.0,19,19,August,Saturday,26.0,Weekend,104,2022-08-06T19:26:00.0,2022-08-06T19:52:00.0,19.433333333333334
CH1291,KR_U124,KR7209,1.0,17.77,2022-08-04,07:36:00.0,2022-08-04,08:36:00.0,7,8,August,Thursday,60.0,Weekday,104,2022-08-04T07:36:00.0,2022-08-04T08:36:00.0,7.6
CH1291,KR_U124,KR7210,0.8333333333333334,18.05,2022-08-28,18:30:00.0,2022-08-28,19:20:00.0,18,19,August,Sunday,50.0,Weekend,104,2022-08-28T18:30:00.0,2022-08-28T19:20:00.0,18.5
CH1291,KR_U124,KR7211,0.5333333333333333,13.31,2022-08-25,18:59:00.0,2022-08-25,19:31:00.0,18,19,August,Thursday,32.0,Weekday,104,2022-08-25T18:59:00.0,2022-08-25T19:31:00.0,18.983333333333334
CH1291,KR_U124,KR7212,1.0333333333333334,17.26,2022-07-18,18:34:00.0,2022-07-18,19:36:00.0,18,19,July,Monday,62.00000000000001,Weekday,104,2022-07-18T18:34:00.0,2022-07-18T19:36:00.0,18.566666666666666
CH1291,KR_U124,KR7213,1.3833333333333333,20.29,2022-07-21,18:36:00.0,2022-07-21,19:59:00.0,18,19,July,Thursday,83.0,Weekday,104,2022-07-21T18:36:00.0,2022-07-21T19:59:00.0,18.6
CH1291,KR_U124,KR7214,1.3333333333333333,19.28,2022-07-23,19:15:00.0,2022-07-23,20:35:00.0,19,20,July,Saturday,80.0,Weekend,104,2022-07-23T19:15:00.0,2022-07-23T20:35:00.0,19.25
CH1291,KR_U124,KR7215,1.8166666666666667,23.22,2022-07-26,18:35:00.0,2022-07-26,20:24:00.0,18,20,July,Tuesday,109.0,Weekday,104,2022-07-26T18:35:00.0,2022-07-26T20:24:00.0,18.583333333333332
CH1291,KR_U124,KR7216,1.15,18.95,2022-07-29,18:31:00.0,2022-07-29,19:40:00.0,18,19,July,Friday,69.0,Weekday,104,2022-07-29T18:31:00.0,2022-07-29T19:40:00.0,18.516666666666666
CH1293,KR_U124,KR7218,0.5333333333333333,15.08,2022-03-01,18:46:00.0,2022-03-01,19:18:00.0,18,19,March,Tuesday,32.0,Weekday,104,2022-03-01T18:46:00.0,2022-03-01T19:18:00.0,18.766666666666666
CH1293,KR_U124,KR7219,0.25,5.75,2022-03-03,10:01:00.0,2022-03-03,10:16:00.0,10,10,March,Thursday,15.0,Weekday,104,2022-03-03T10:01:00.0,2022-03-03T10:16:00.0,10.016666666666667
CH1293,KR_U124,KR7220,0.55,16.0,2022-03-03,18:37:00.0,2022-03-03,19:10:00.0,18,19,March,Thursday,33.0,Weekday,104,2022-03-03T18:37:00.0,2022-03-03T19:10:00.0,18.616666666666667
CH1293,KR_U124,KR7221,0.6666666666666666,18.08,2022-03-05,19:13:00.0,2022-03-05,19:53:00.0,19,19,March,Saturday,40.0,Weekend,104,2022-03-05T19:13:00.0,2022-03-05T19:53:00.0,19.216666666666665
CH1293,KR_U124,KR7222,0.6666666666666666,19.82,2022-03-07,21:32:00.0,2022-03-07,22:12:00.0,21,22,March,Monday,40.0,Weekday,104,2022-03-07T21:32:00.0,2022-03-07T22:12:00.0,21.533333333333335
CH1293,KR_U124,KR7223,0.6666666666666666,16.39,2022-01-26,22:19:00.0,2022-01-26,22:59:00.0,22,22,January,Wednesday,40.0,Weekday,104,2022-01-26T22:19:00.0,2022-01-26T22:59:00.0,22.316666666666666
CH1293,KR_U194,KR7224,0.6666666666666666,26.94,2022-06-20,22:12:00.0,2022-06-20,22:52:00.0,22,22,June,Monday,40.0,Weekday,105,2022-06-20T22:12:00.0,2022-06-20T22:52:00.0,22.2
CH1293,KR_U236,KR7225,0.1,3.46,2022-07-06,08:09:00.0,2022-07-06,08:15:00.0,8,8,July,Wednesday,6.0,Weekday,85,2022-07-06T08:09:00.0,2022-07-06T08:15:00.0,8.15
CH1293,KR_U236,KR7226,0.6666666666666666,23.71,2022-05-03,18:52:00.0,2022-05-03,19:32:00.0,18,19,May,Tuesday,40.0,Weekday,85,2022-05-03T18:52:00.0,2022-05-03T19:32:00.0,18.866666666666667
CH1293,KR_U236,KR7227,0.5,19.31,2022-05-21,09:45:00.0,2022-05-21,10:15:00.0,9,10,May,Saturday,30.0,Weekend,85,2022-05-21T09:45:00.0,2022-05-21T10:15:00.0,9.75
CH1293,KR_U236,KR7228,0.6666666666666666,23.11,2022-05-30,21:31:00.0,2022-05-30,22:11:00.0,21,22,May,Monday,40.0,Weekday,85,2022-05-30T21:31:00.0,2022-05-30T22:11:00.0,21.516666666666666
CH1293,KR_U236,KR7229,0.6666666666666666,15.89,2022-04-21,21:53:00.0,2022-04-21,22:33:00.0,21,22,April,Thursday,40.0,Weekday,85,2022-04-21T21:53:00.0,2022-04-21T22:33:00.0,21.883333333333333
CH1293,KR_U236,KR7230,0.6666666666666666,18.73,2022-04-28,21:21:00.0,2022-04-28,22:01:00.0,21,22,April,Thursday,40.0,Weekday,85,2022-04-28T21:21:00.0,2022-04-28T22:01:00.0,21.35
CH1293,KR_U236,KR7231,0.6666666666666666,23.11,2022-04-30,21:20:00.0,2022-04-30,22:00:00.0,21,22,April,Saturday,40.0,Weekend,85,2022-04-30T21:20:00.0,2022-04-30T22:00:00.0,21.333333333333332
CH1293,KR_U236,KR7232,0.6666666666666666,17.8,2022-03-02,17:53:00.0,2022-03-02,18:33:00.0,17,18,March,Wednesday,40.0,Weekday,85,2022-03-02T17:53:00.0,2022-03-02T18:33:00.0,17.883333333333333
CH1293,KR_U236,KR7233,0.6666666666666666,16.14,2022-03-06,15:49:00.0,2022-03-06,16:29:00.0,15,16,March,Sunday,40.0,Weekend,85,2022-03-06T15:49:00.0,2022-03-06T16:29:00.0,15.816666666666666
CH1293,KR_U236,KR7234,0.6666666666666666,15.04,2022-03-09,19:07:00.0,2022-03-09,19:47:00.0,19,19,March,Wednesday,40.0,Weekday,85,2022-03-09T19:07:00.0,2022-03-09T19:47:00.0,19.116666666666667
CH1293,KR_U236,KR7235,0.6666666666666666,14.68,2022-02-28,21:02:00.0,2022-02-28,21:42:00.0,21,21,February,Monday,40.0,Weekday,85,2022-02-28T21:02:00.0,2022-02-28T21:42:00.0,21.033333333333335
CH1293,KR_U236,KR7236,0.6666666666666666,15.54,2022-01-12,20:33:00.0,2022-01-12,21:13:00.0,20,21,January,Wednesday,40.0,Weekday,85,2022-01-12T20:33:00.0,2022-01-12T21:13:00.0,20.55
CH1293,KR_U236,KR7237,0.26666666666666666,4.25,2021-12-26,20:32:00.0,2021-12-26,20:48:00.0,20,20,December,Sunday,16.0,Weekend,85,2021-12-26T20:32:00.0,2021-12-26T20:48:00.0,20.533333333333335
CH1784,KR_U1764,KR7507,2.033333333333333,7.17,2022-04-02,09:27:00.0,2022-04-02,11:29:00.0,9,11,April,Saturday,122.0,Weekend,240,2022-04-02T09:27:00.0,2022-04-02T11:29:00.0,9.45
CH1784,KR_U1764,KR7508,2.316666666666667,8.16,2022-04-02,23:28:00.0,2022-04-03,01:47:00.0,23,1,April,Saturday,139.0,Weekend,240,2022-04-02T23:28:00.0,2022-04-03T01:47:00.0,23.466666666666665
CH1784,KR_U1764,KR7509,2.05,7.22,2022-04-05,18:18:00.0,2022-04-05,20:21:00.0,18,20,April,Tuesday,122.99999999999999,Weekday,240,2022-04-05T18:18:00.0,2022-04-05T20:21:00.0,18.3
CH1784,KR_U1764,KR7510,2.0833333333333335,7.21,2022-03-03,18:15:00.0,2022-03-03,20:20:00.0,18,20,March,Thursday,125.00000000000001,Weekday,240,2022-03-03T18:15:00.0,2022-03-03T20:20:00.0,18.25
CH1784,KR_U1764,KR7511,2.15,7.64,2022-03-11,18:20:00.0,2022-03-11,20:29:00.0,18,20,March,Friday,129.0,Weekday,240,2022-03-11T18:20:00.0,2022-03-11T20:29:00.0,18.333333333333332
CH1784,KR_U1764,KR7512,0.65,2.47,2022-03-12,15:23:00.0,2022-03-12,16:02:00.0,15,16,March,Saturday,39.0,Weekend,240,2022-03-12T15:23:00.0,2022-03-12T16:02:00.0,15.383333333333333
CH1784,KR_U1764,KR7513,2.6,9.67,2022-03-18,18:20:00.0,2022-03-18,20:56:00.0,18,20,March,Friday,156.0,Weekday,240,2022-03-18T18:20:00.0,2022-03-18T20:56:00.0,18.333333333333332
CH1784,KR_U1764,KR7514,2.45,8.65,2022-03-20,19:53:00.0,2022-03-20,22:20:00.0,19,22,March,Sunday,147.0,Weekend,240,2022-03-20T19:53:00.0,2022-03-20T22:20:00.0,19.883333333333333
CH1784,KR_U1764,KR7515,2.3333333333333335,8.27,2022-03-21,18:12:00.0,2022-03-21,20:32:00.0,18,20,March,Monday,140.0,Weekday,240,2022-03-21T18:12:00.0,2022-03-21T20:32:00.0,18.2
CH1784,KR_U1764,KR7516,3.2666666666666666,11.7,2022-03-23,20:34:00.0,2022-03-23,23:50:00.0,20,23,March,Wednesday,196.0,Weekday,240,2022-03-23T20:34:00.0,2022-03-23T23:50:00.0,20.566666666666666
CH1784,KR_U1764,KR7517,3.3333333333333335,11.94,2022-02-08,18:23:00.0,2022-02-08,21:43:00.0,18,21,February,Tuesday,200.0,Weekday,240,2022-02-08T18:23:00.0,2022-02-08T21:43:00.0,18.383333333333333
CH1784,KR_U1764,KR7518,2.75,9.79,2022-02-09,18:12:00.0,2022-02-09,20:57:00.0,18,20,February,Wednesday,165.0,Weekday,240,2022-02-09T18:12:00.0,2022-02-09T20:57:00.0,18.2
CH1784,KR_U1764,KR7519,1.9833333333333334,6.78,2022-02-15,18:14:00.0,2022-02-15,20:13:00.0,18,20,February,Tuesday,119.0,Weekday,240,2022-02-15T18:14:00.0,2022-02-15T20:13:00.0,18.233333333333334
CH1784,KR_U1764,KR7520,2.683333333333333,9.57,2022-01-04,17:23:00.0,2022-01-04,20:04:00.0,17,20,January,Tuesday,161.0,Weekday,240,2022-01-04T17:23:00.0,2022-01-04T20:04:00.0,17.383333333333333
CH1784,KR_U1764,KR7521,3.3333333333333335,11.84,2022-01-19,18:49:00.0,2022-01-19,22:09:00.0,18,22,January,Wednesday,200.0,Weekday,240,2022-01-19T18:49:00.0,2022-01-19T22:09:00.0,18.816666666666666
CH1784,KR_U1764,KR7522,0.6333333333333333,2.38,2022-01-21,15:12:00.0,2022-01-21,15:50:00.0,15,15,January,Friday,38.0,Weekday,240,2022-01-21T15:12:00.0,2022-01-21T15:50:00.0,15.2
CH1785,KR_U1764,KR7557,1.8666666666666667,6.46,2022-04-03,18:30:00.0,2022-04-03,20:22:00.0,18,20,April,Sunday,112.0,Weekend,240,2022-04-03T18:30:00.0,2022-04-03T20:22:00.0,18.5
CH1785,KR_U1764,KR7558,2.8833333333333333,10.2,2022-03-01,21:01:00.0,2022-03-01,23:54:00.0,21,23,March,Tuesday,173.0,Weekday,240,2022-03-01T21:01:00.0,2022-03-01T23:54:00.0,21.016666666666666
CH1785,KR_U1764,KR7559,2.15,7.55,2022-03-09,01:15:00.0,2022-03-09,03:24:00.0,1,3,March,Wednesday,129.0,Weekday,240,2022-03-09T01:15:00.0,2022-03-09T03:24:00.0,1.25
CH1785,KR_U1764,KR7560,2.1,7.22,2022-03-15,18:36:00.0,2022-03-15,20:42:00.0,18,20,March,Tuesday,126.0,Weekday,240,2022-03-15T18:36:00.0,2022-03-15T20:42:00.0,18.6
CH1785,KR_U1764,KR7561,1.9,6.48,2022-03-19,17:32:00.0,2022-03-19,19:26:00.0,17,19,March,Saturday,114.0,Weekend,240,2022-03-19T17:32:00.0,2022-03-19T19:26:00.0,17.533333333333335
CH1785,KR_U1764,KR7562,0.9,3.32,2022-03-26,14:37:00.0,2022-03-26,15:31:00.0,14,15,March,Saturday,54.0,Weekend,240,2022-03-26T14:37:00.0,2022-03-26T15:31:00.0,14.616666666666667
CH1785,KR_U1764,KR7563,0.8833333333333333,3.32,2022-03-26,16:33:00.0,2022-03-26,17:26:00.0,16,17,March,Saturday,53.0,Weekend,240,2022-03-26T16:33:00.0,2022-03-26T17:26:00.0,16.55
CH1785,KR_U1764,KR7564,2.3666666666666667,8.87,2022-03-27,19:23:00.0,2022-03-27,21:45:00.0,19,21,March,Sunday,142.0,Weekend,240,2022-03-27T19:23:00.0,2022-03-27T21:45:00.0,19.383333333333333
CH1785,KR_U1764,KR7565,3.8666666666666667,7.3,2022-03-29,18:22:00.0,2022-03-29,22:14:00.0,18,22,March,Tuesday,232.0,Weekday,240,2022-03-29T18:22:00.0,2022-03-29T22:14:00.0,18.366666666666667
CH1785,KR_U1764,KR7566,1.9333333333333333,7.19,2022-03-30,10:44:00.0,2022-03-30,12:40:00.0,10,12,March,Wednesday,116.0,Weekday,240,2022-03-30T10:44:00.0,2022-03-30T12:40:00.0,10.733333333333333
CH1785,KR_U1764,KR7567,1.0833333333333333,4.03,2022-03-30,19:43:00.0,2022-03-30,20:48:00.0,19,20,March,Wednesday,65.0,Weekday,240,2022-03-30T19:43:00.0,2022-03-30T20:48:00.0,19.716666666666665
CH1785,KR_U1764,KR7568,2.0,7.0,2022-03-30,22:53:00.0,2022-03-31,00:53:00.0,22,0,March,Wednesday,120.0,Weekday,240,2022-03-30T22:53:00.0,2022-03-31T00:53:00.0,22.883333333333333
CH1785,KR_U1764,KR7569,3.2666666666666666,11.63,2022-02-17,19:25:00.0,2022-02-17,22:41:00.0,19,22,February,Thursday,196.0,Weekday,240,2022-02-17T19:25:00.0,2022-02-17T22:41:00.0,19.416666666666668
CH1785,KR_U1764,KR7570,2.2,7.56,2022-02-18,20:01:00.0,2022-02-18,22:13:00.0,20,22,February,Friday,132.0,Weekday,240,2022-02-18T20:01:00.0,2022-02-18T22:13:00.0,20.016666666666666
CH1785,KR_U1764,KR7571,2.316666666666667,8.16,2022-02-23,20:21:00.0,2022-02-23,22:40:00.0,20,22,February,Wednesday,139.0,Weekday,240,2022-02-23T20:21:00.0,2022-02-23T22:40:00.0,20.35
CH1785,KR_U1764,KR7572,3.4,12.12,2022-02-27,19:09:00.0,2022-02-27,22:33:00.0,19,22,February,Sunday,204.0,Weekend,240,2022-02-27T19:09:00.0,2022-02-27T22:33:00.0,19.15
CH1785,KR_U1764,KR7573,2.25,7.83,2022-01-10,21:01:00.0,2022-01-10,23:16:00.0,21,23,January,Monday,135.0,Weekday,240,2022-01-10T21:01:00.0,2022-01-10T23:16:00.0,21.016666666666666
CH1785,KR_U1764,KR7574,1.8166666666666667,6.13,2022-01-12,20:55:00.0,2022-01-12,22:44:00.0,20,22,January,Wednesday,109.0,Weekday,240,2022-01-12T20:55:00.0,2022-01-12T22:44:00.0,20.916666666666668
CH1785,KR_U1764,KR7575,2.6333333333333333,9.17,2022-01-28,20:49:00.0,2022-01-28,23:27:00.0,20,23,January,Friday,158.0,Weekday,240,2022-01-28T20:49:00.0,2022-01-28T23:27:00.0,20.816666666666666
CH1786,KR_U1764,KR7580,3.433333333333333,12.05,2022-01-15,15:47:00.0,2022-01-15,19:13:00.0,15,19,January,Saturday,206.0,Weekend,240,2022-01-15T15:47:00.0,2022-01-15T19:13:00.0,15.783333333333333
CH1787,KR_U1764,KR7622,1.9,6.57,2022-04-01,13:03:00.0,2022-04-01,14:57:00.0,13,14,April,Friday,114.0,Weekday,240,2022-04-01T13:03:00.0,2022-04-01T14:57:00.0,13.05
CH1787,KR_U1764,KR7623,1.0333333333333334,3.44,2022-04-01,18:42:00.0,2022-04-01,19:44:00.0,18,19,April,Friday,62.00000000000001,Weekday,240,2022-04-01T18:42:00.0,2022-04-01T19:44:00.0,18.7
CH1787,KR_U1764,KR7624,2.2,7.58,2022-04-04,18:22:00.0,2022-04-04,20:34:00.0,18,20,April,Monday,132.0,Weekday,240,2022-04-04T18:22:00.0,2022-04-04T20:34:00.0,18.366666666666667
CH1787,KR_U1764,KR7625,0.8,3.0,2022-04-07,11:57:00.0,2022-04-07,12:45:00.0,11,12,April,Thursday,48.0,Weekday,240,2022-04-07T11:57:00.0,2022-04-07T12:45:00.0,11.95
CH1787,KR_U1764,KR7626,3.183333333333333,11.53,2022-03-05,14:15:00.0,2022-03-05,17:26:00.0,14,17,March,Saturday,191.0,Weekend,240,2022-03-05T14:15:00.0,2022-03-05T17:26:00.0,14.25
CH1787,KR_U1764,KR7627,3.1333333333333333,11.24,2022-03-07,18:12:00.0,2022-03-07,21:20:00.0,18,21,March,Monday,188.0,Weekday,240,2022-03-07T18:12:00.0,2022-03-07T21:20:00.0,18.2
CH1787,KR_U1764,KR7628,3.15,11.49,2022-03-09,20:02:00.0,2022-03-09,23:11:00.0,20,23,March,Wednesday,189.0,Weekday,240,2022-03-09T20:02:00.0,2022-03-09T23:11:00.0,20.033333333333335
CH1787,KR_U1764,KR7629,1.35,5.07,2022-03-11,10:58:00.0,2022-03-11,12:19:00.0,10,12,March,Friday,81.0,Weekday,240,2022-03-11T10:58:00.0,2022-03-11T12:19:00.0,10.966666666666667
CH1787,KR_U1764,KR7630,2.9166666666666665,10.51,2022-03-12,19:07:00.0,2022-03-12,22:02:00.0,19,22,March,Saturday,175.0,Weekend,240,2022-03-12T19:07:00.0,2022-03-12T22:02:00.0,19.116666666666667
CH1787,KR_U1764,KR7631,1.1,4.11,2022-03-14,11:34:00.0,2022-03-14,12:40:00.0,11,12,March,Monday,66.0,Weekday,240,2022-03-14T11:34:00.0,2022-03-14T12:40:00.0,11.566666666666666
CH1787,KR_U1764,KR7632,2.0833333333333335,7.33,2022-03-14,18:14:00.0,2022-03-14,20:19:00.0,18,20,March,Monday,125.00000000000001,Weekday,240,2022-03-14T18:14:00.0,2022-03-14T20:19:00.0,18.233333333333334
CH1787,KR_U1764,KR7633,1.9666666666666666,7.39,2022-03-16,10:47:00.0,2022-03-16,12:45:00.0,10,12,March,Wednesday,118.0,Weekday,240,2022-03-16T10:47:00.0,2022-03-16T12:45:00.0,10.783333333333333
CH1787,KR_U1764,KR7634,2.3833333333333333,8.31,2022-03-17,18:21:00.0,2022-03-17,20:44:00.0,18,20,March,Thursday,143.0,Weekday,240,2022-03-17T18:21:00.0,2022-03-17T20:44:00.0,18.35
CH1787,KR_U1764,KR7635,1.4,5.22,2022-03-25,10:58:00.0,2022-03-25,12:22:00.0,10,12,March,Friday,84.0,Weekday,240,2022-03-25T10:58:00.0,2022-03-25T12:22:00.0,10.966666666666667
CH1787,KR_U1764,KR7636,2.433333333333333,9.03,2022-03-25,18:38:00.0,2022-03-25,21:04:00.0,18,21,March,Friday,146.0,Weekday,240,2022-03-25T18:38:00.0,2022-03-25T21:04:00.0,18.633333333333333
CH1787,KR_U1764,KR7637,2.8666666666666667,10.21,2022-03-26,19:26:00.0,2022-03-26,22:18:00.0,19,22,March,Saturday,172.0,Weekend,240,2022-03-26T19:26:00.0,2022-03-26T22:18:00.0,19.433333333333334
CH1787,KR_U1764,KR7638,2.933333333333333,10.44,2022-03-28,18:04:00.0,2022-03-28,21:00:00.0,18,21,March,Monday,176.0,Weekday,240,2022-03-28T18:04:00.0,2022-03-28T21:00:00.0,18.066666666666666
CH1787,KR_U1764,KR7639,1.3166666666666667,4.41,2022-03-31,18:25:00.0,2022-03-31,19:44:00.0,18,19,March,Thursday,79.0,Weekday,240,2022-03-31T18:25:00.0,2022-03-31T19:44:00.0,18.416666666666668
CH1787,KR_U1764,KR7640,2.3833333333333333,8.28,2022-02-02,21:39:00.0,2022-02-03,00:02:00.0,21,0,February,Wednesday,143.0,Weekday,240,2022-02-02T21:39:00.0,2022-02-03T00:02:00.0,21.65
CH1787,KR_U1764,KR7641,2.9166666666666665,10.35,2022-02-03,16:32:00.0,2022-02-03,19:27:00.0,16,19,February,Thursday,175.0,Weekday,240,2022-02-03T16:32:00.0,2022-02-03T19:27:00.0,16.533333333333335
CH1787,KR_U1764,KR7642,1.9166666666666667,6.49,2022-02-05,12:52:00.0,2022-02-05,14:47:00.0,12,14,February,Saturday,115.0,Weekend,240,2022-02-05T12:52:00.0,2022-02-05T14:47:00.0,12.866666666666667
CH1787,KR_U1764,KR7643,1.9,6.44,2022-02-06,09:07:00.0,2022-02-06,11:01:00.0,9,11,February,Sunday,114.0,Weekend,240,2022-02-06T09:07:00.0,2022-02-06T11:01:00.0,9.116666666666667
CH1787,KR_U1764,KR7644,2.95,10.49,2022-02-10,18:15:00.0,2022-02-10,21:12:00.0,18,21,February,Thursday,177.0,Weekday,240,2022-02-10T18:15:00.0,2022-02-10T21:12:00.0,18.25
CH1787,KR_U1764,KR7645,1.15,4.32,2022-02-11,11:37:00.0,2022-02-11,12:46:00.0,11,12,February,Friday,69.0,Weekday,240,2022-02-11T11:37:00.0,2022-02-11T12:46:00.0,11.616666666666667
CH1787,KR_U1764,KR7646,0.2833333333333333,1.1,2022-02-11,20:32:00.0,2022-02-11,20:49:00.0,20,20,February,Friday,17.0,Weekday,240,2022-02-11T20:32:00.0,2022-02-11T20:49:00.0,20.533333333333335
CH1787,KR_U1764,KR7647,3.3,11.93,2022-02-11,22:41:00.0,2022-02-12,01:59:00.0,22,1,February,Friday,198.0,Weekday,240,2022-02-11T22:41:00.0,2022-02-12T01:59:00.0,22.683333333333334
CH1787,KR_U1764,KR7648,3.25,11.72,2022-02-13,16:51:00.0,2022-02-13,20:06:00.0,16,20,February,Sunday,195.0,Weekend,240,2022-02-13T16:51:00.0,2022-02-13T20:06:00.0,16.85
CH1787,KR_U1764,KR7649,1.5333333333333334,5.68,2022-02-16,10:42:00.0,2022-02-16,12:14:00.0,10,12,February,Wednesday,92.0,Weekday,240,2022-02-16T10:42:00.0,2022-02-16T12:14:00.0,10.7
CH1787,KR_U1764,KR7650,1.8166666666666667,6.03,2022-02-20,17:24:00.0,2022-02-20,19:13:00.0,17,19,February,Sunday,109.0,Weekend,240,2022-02-20T17:24:00.0,2022-02-20T19:13:00.0,17.4
CH1787,KR_U1764,KR7651,1.3166666666666667,4.99,2022-02-23,18:17:00.0,2022-02-23,19:36:00.0,18,19,February,Wednesday,79.0,Weekday,240,2022-02-23T18:17:00.0,2022-02-23T19:36:00.0,18.283333333333335
CH1787,KR_U1764,KR7652,1.3666666666666667,4.5,2022-02-25,13:12:00.0,2022-02-25,14:34:00.0,13,14,February,Friday,82.0,Weekday,240,2022-02-25T13:12:00.0,2022-02-25T14:34:00.0,13.2
CH1787,KR_U1764,KR7653,3.2666666666666666,11.84,2022-02-26,18:38:00.0,2022-02-26,21:54:00.0,18,21,February,Saturday,196.0,Weekend,240,2022-02-26T18:38:00.0,2022-02-26T21:54:00.0,18.633333333333333
CH1787,KR_U1764,KR7654,2.6666666666666665,9.44,2022-01-01,18:09:00.0,2022-01-01,20:49:00.0,18,20,January,Saturday,160.0,Weekend,240,2022-01-01T18:09:00.0,2022-01-01T20:49:00.0,18.15
CH1787,KR_U1764,KR7655,1.1166666666666667,4.18,2022-01-03,14:19:00.0,2022-01-03,15:26:00.0,14,15,January,Monday,67.0,Weekday,240,2022-01-03T14:19:00.0,2022-01-03T15:26:00.0,14.316666666666666
CH1787,KR_U1764,KR7656,3.3,11.93,2022-01-03,17:22:00.0,2022-01-03,20:40:00.0,17,20,January,Monday,198.0,Weekday,240,2022-01-03T17:22:00.0,2022-01-03T20:40:00.0,17.366666666666667
CH1787,KR_U1764,KR7657,2.9,10.29,2022-01-06,16:47:00.0,2022-01-06,19:41:00.0,16,19,January,Thursday,174.0,Weekday,240,2022-01-06T16:47:00.0,2022-01-06T19:41:00.0,16.783333333333335
CH1787,KR_U1764,KR7658,2.9166666666666665,10.42,2022-01-07,14:35:00.0,2022-01-07,17:30:00.0,14,17,January,Friday,175.0,Weekday,240,2022-01-07T14:35:00.0,2022-01-07T17:30:00.0,14.583333333333334
CH1787,KR_U1764,KR7659,1.9833333333333334,6.87,2022-01-09,13:43:00.0,2022-01-09,15:42:00.0,13,15,January,Sunday,119.0,Weekend,240,2022-01-09T13:43:00.0,2022-01-09T15:42:00.0,13.716666666666667
CH1787,KR_U1764,KR7660,1.8333333333333333,6.86,2022-01-10,10:35:00.0,2022-01-10,12:25:00.0,10,12,January,Monday,110.0,Weekday,240,2022-01-10T10:35:00.0,2022-01-10T12:25:00.0,10.583333333333334
CH1787,KR_U1764,KR7661,0.4666666666666667,1.74,2022-01-10,18:27:00.0,2022-01-10,18:55:00.0,18,18,January,Monday,28.0,Weekday,240,2022-01-10T18:27:00.0,2022-01-10T18:55:00.0,18.45
CH1787,KR_U1764,KR7662,2.4166666666666665,8.39,2022-01-11,18:19:00.0,2022-01-11,20:44:00.0,18,20,January,Tuesday,145.0,Weekday,240,2022-01-11T18:19:00.0,2022-01-11T20:44:00.0,18.316666666666666
CH1787,KR_U1764,KR7663,3.1666666666666665,11.32,2022-01-21,20:08:00.0,2022-01-21,23:18:00.0,20,23,January,Friday,190.0,Weekday,240,2022-01-21T20:08:00.0,2022-01-21T23:18:00.0,20.133333333333333
CH1787,KR_U1764,KR7664,1.1333333333333333,3.78,2022-01-22,16:26:00.0,2022-01-22,17:34:00.0,16,17,January,Saturday,68.0,Weekend,240,2022-01-22T16:26:00.0,2022-01-22T17:34:00.0,16.433333333333334
CH1787,KR_U1764,KR7665,1.1166666666666667,4.12,2022-01-23,17:06:00.0,2022-01-23,18:13:00.0,17,18,January,Sunday,67.0,Weekend,240,2022-01-23T17:06:00.0,2022-01-23T18:13:00.0,17.1
CH1787,KR_U1764,KR7666,3.3,11.92,2022-01-24,18:19:00.0,2022-01-24,21:37:00.0,18,21,January,Monday,198.0,Weekday,240,2022-01-24T18:19:00.0,2022-01-24T21:37:00.0,18.316666666666666
CH1787,KR_U1764,KR7667,1.4833333333333334,4.85,2022-01-27,18:19:00.0,2022-01-27,19:48:00.0,18,19,January,Thursday,89.0,Weekday,240,2022-01-27T18:19:00.0,2022-01-27T19:48:00.0,18.316666666666666
CH1789,KR_U1764,KR7681,3.183333333333333,11.09,2022-01-26,18:13:00.0,2022-01-26,21:24:00.0,18,21,January,Wednesday,191.0,Weekday,240,2022-01-26T18:13:00.0,2022-01-26T21:24:00.0,18.216666666666665
CH2059,KR_U463,KR7909,3.033333333333333,10.17,2022-09-02,06:13:00.0,2022-09-02,09:15:00.0,6,9,September,Friday,182.0,Weekday,269,2022-09-02T06:13:00.0,2022-09-02T09:15:00.0,6.216666666666667
CH2059,KR_U463,KR7910,2.9833333333333334,9.98,2022-09-01,08:36:00.0,2022-09-01,11:35:00.0,8,11,September,Thursday,179.0,Weekday,269,2022-09-01T08:36:00.0,2022-09-01T11:35:00.0,8.6
CH2059,KR_U463,KR7911,2.8333333333333335,9.29,2022-09-26,07:32:00.0,2022-09-26,10:22:00.0,7,10,September,Monday,170.0,Weekday,269,2022-09-26T07:32:00.0,2022-09-26T10:22:00.0,7.533333333333333
CH2059,KR_U463,KR7912,0.5166666666666667,1.9,2022-09-26,06:41:00.0,2022-09-26,07:12:00.0,6,7,September,Monday,31.000000000000004,Weekday,269,2022-09-26T06:41:00.0,2022-09-26T07:12:00.0,6.683333333333334
CH2059,KR_U463,KR7913,0.9666666666666667,3.48,2022-09-23,10:26:00.0,2022-09-23,11:24:00.0,10,11,September,Friday,58.0,Weekday,269,2022-09-23T10:26:00.0,2022-09-23T11:24:00.0,10.433333333333334
CH2059,KR_U463,KR7914,2.783333333333333,9.11,2022-09-22,07:48:00.0,2022-09-22,10:35:00.0,7,10,September,Thursday,167.0,Weekday,269,2022-09-22T07:48:00.0,2022-09-22T10:35:00.0,7.8
CH2059,KR_U463,KR7915,0.5,1.82,2022-09-22,06:59:00.0,2022-09-22,07:29:00.0,6,7,September,Thursday,30.0,Weekday,269,2022-09-22T06:59:00.0,2022-09-22T07:29:00.0,6.983333333333333
CH2059,KR_U463,KR7916,2.55,8.33,2022-09-21,07:32:00.0,2022-09-21,10:05:00.0,7,10,September,Wednesday,153.0,Weekday,269,2022-09-21T07:32:00.0,2022-09-21T10:05:00.0,7.533333333333333
CH2059,KR_U463,KR7917,0.7,2.34,2022-09-21,06:32:00.0,2022-09-21,07:14:00.0,6,7,September,Wednesday,42.0,Weekday,269,2022-09-21T06:32:00.0,2022-09-21T07:14:00.0,6.533333333333333
CH2059,KR_U463,KR7918,1.0,3.56,2022-09-16,06:00:00.0,2022-09-16,07:00:00.0,6,7,September,Friday,60.0,Weekday,269,2022-09-16T06:00:00.0,2022-09-16T07:00:00.0,6.0
CH2059,KR_U463,KR7919,1.0666666666666667,3.03,2022-08-11,10:56:00.0,2022-08-11,12:00:00.0,10,12,August,Thursday,64.0,Weekday,269,2022-08-11T10:56:00.0,2022-08-11T12:00:00.0,10.933333333333334
CH2059,KR_U463,KR7920,2.8333333333333335,10.14,2022-08-11,07:11:00.0,2022-08-11,10:01:00.0,7,10,August,Thursday,170.0,Weekday,269,2022-08-11T07:11:00.0,2022-08-11T10:01:00.0,7.183333333333334
CH2059,KR_U463,KR7921,1.2,4.31,2022-08-11,04:37:00.0,2022-08-11,05:49:00.0,4,5,August,Thursday,72.0,Weekday,269,2022-08-11T04:37:00.0,2022-08-11T05:49:00.0,4.616666666666667
CH2059,KR_U463,KR7922,2.033333333333333,7.34,2022-08-10,10:58:00.0,2022-08-10,13:00:00.0,10,13,August,Wednesday,122.0,Weekday,269,2022-08-10T10:58:00.0,2022-08-10T13:00:00.0,10.966666666666667
CH2059,KR_U463,KR7923,1.6,5.77,2022-08-10,06:49:00.0,2022-08-10,08:25:00.0,6,8,August,Wednesday,96.0,Weekday,269,2022-08-10T06:49:00.0,2022-08-10T08:25:00.0,6.816666666666666
CH2059,KR_U463,KR7924,0.7666666666666667,2.75,2022-08-08,14:09:00.0,2022-08-08,14:55:00.0,14,14,August,Monday,46.0,Weekday,269,2022-08-08T14:09:00.0,2022-08-08T14:55:00.0,14.15
CH2059,KR_U463,KR7925,1.1666666666666667,3.38,2022-08-05,10:20:00.0,2022-08-05,11:30:00.0,10,11,August,Friday,70.0,Weekday,269,2022-08-05T10:20:00.0,2022-08-05T11:30:00.0,10.333333333333334
CH2059,KR_U463,KR7926,2.5833333333333335,9.28,2022-08-05,07:09:00.0,2022-08-05,09:44:00.0,7,9,August,Friday,155.0,Weekday,269,2022-08-05T07:09:00.0,2022-08-05T09:44:00.0,7.15
CH2059,KR_U463,KR7927,1.1833333333333333,4.22,2022-08-05,04:42:00.0,2022-08-05,05:53:00.0,4,5,August,Friday,71.0,Weekday,269,2022-08-05T04:42:00.0,2022-08-05T05:53:00.0,4.7
CH2059,KR_U463,KR7928,1.05,3.04,2022-08-04,10:32:00.0,2022-08-04,11:35:00.0,10,11,August,Thursday,63.0,Weekday,269,2022-08-04T10:32:00.0,2022-08-04T11:35:00.0,10.533333333333333
CH2059,KR_U463,KR7929,1.5,5.35,2022-08-03,07:18:00.0,2022-08-03,08:48:00.0,7,8,August,Wednesday,90.0,Weekday,269,2022-08-03T07:18:00.0,2022-08-03T08:48:00.0,7.3
CH2059,KR_U463,KR7930,3.1333333333333333,10.65,2022-08-02,06:58:00.0,2022-08-02,10:06:00.0,6,10,August,Tuesday,188.0,Weekday,269,2022-08-02T06:58:00.0,2022-08-02T10:06:00.0,6.966666666666667
CH2059,KR_U463,KR7931,0.7666666666666667,2.75,2022-08-25,06:30:00.0,2022-08-25,07:16:00.0,6,7,August,Thursday,46.0,Weekday,269,2022-08-25T06:30:00.0,2022-08-25T07:16:00.0,6.5
CH2059,KR_U463,KR7932,0.6333333333333333,2.27,2022-08-19,11:38:00.0,2022-08-19,12:16:00.0,11,12,August,Friday,38.0,Weekday,269,2022-08-19T11:38:00.0,2022-08-19T12:16:00.0,11.633333333333333
CH2059,KR_U463,KR7933,0.7666666666666667,2.78,2022-08-19,10:31:00.0,2022-08-19,11:17:00.0,10,11,August,Friday,46.0,Weekday,269,2022-08-19T10:31:00.0,2022-08-19T11:17:00.0,10.516666666666667
CH2059,KR_U463,KR7934,2.1,7.57,2022-08-19,07:35:00.0,2022-08-19,09:41:00.0,7,9,August,Friday,126.0,Weekday,269,2022-08-19T07:35:00.0,2022-08-19T09:41:00.0,7.583333333333333
CH2059,KR_U463,KR7935,0.6166666666666667,2.19,2022-08-19,06:24:00.0,2022-08-19,07:01:00.0,6,7,August,Friday,37.0,Weekday,269,2022-08-19T06:24:00.0,2022-08-19T07:01:00.0,6.4
CH2059,KR_U463,KR7936,1.0833333333333333,3.26,2022-08-18,13:20:00.0,2022-08-18,14:25:00.0,13,14,August,Thursday,65.0,Weekday,269,2022-08-18T13:20:00.0,2022-08-18T14:25:00.0,13.333333333333334
CH2059,KR_U463,KR7937,0.9166666666666666,2.5,2022-08-18,11:20:00.0,2022-08-18,12:15:00.0,11,12,August,Thursday,55.0,Weekday,269,2022-08-18T11:20:00.0,2022-08-18T12:15:00.0,11.333333333333334
CH2059,KR_U463,KR7938,3.0166666666666666,10.38,2022-08-18,07:26:00.0,2022-08-18,10:27:00.0,7,10,August,Thursday,181.0,Weekday,269,2022-08-18T07:26:00.0,2022-08-18T10:27:00.0,7.433333333333334
CH2059,KR_U463,KR7939,1.4,5.02,2022-07-01,07:51:00.0,2022-07-01,09:15:00.0,7,9,July,Friday,84.0,Weekday,269,2022-07-01T07:51:00.0,2022-07-01T09:15:00.0,7.85
CH2059,KR_U463,KR7940,0.6,2.14,2022-07-01,11:10:00.0,2022-07-01,11:46:00.0,11,11,July,Friday,36.0,Weekday,269,2022-07-01T11:10:00.0,2022-07-01T11:46:00.0,11.166666666666666
CH2059,KR_U463,KR7941,1.8833333333333333,6.79,2022-07-06,10:41:00.0,2022-07-06,12:34:00.0,10,12,July,Wednesday,113.0,Weekday,269,2022-07-06T10:41:00.0,2022-07-06T12:34:00.0,10.683333333333334
CH2059,KR_U463,KR7942,3.3,11.11,2022-07-07,06:52:00.0,2022-07-07,10:10:00.0,6,10,July,Thursday,198.0,Weekday,269,2022-07-07T06:52:00.0,2022-07-07T10:10:00.0,6.866666666666667
CH2059,KR_U463,KR7943,1.8333333333333333,6.64,2022-07-07,13:27:00.0,2022-07-07,15:17:00.0,13,15,July,Thursday,110.0,Weekday,269,2022-07-07T13:27:00.0,2022-07-07T15:17:00.0,13.45
CH2059,KR_U463,KR7944,0.4166666666666667,1.47,2022-07-08,06:00:00.0,2022-07-08,06:25:00.0,6,6,July,Friday,25.0,Weekday,269,2022-07-08T06:00:00.0,2022-07-08T06:25:00.0,6.0
CH2059,KR_U463,KR7945,2.8833333333333333,10.37,2022-07-11,07:24:00.0,2022-07-11,10:17:00.0,7,10,July,Monday,173.0,Weekday,269,2022-07-11T07:24:00.0,2022-07-11T10:17:00.0,7.4
CH2059,KR_U463,KR7946,0.8166666666666667,2.44,2022-07-11,11:06:00.0,2022-07-11,11:55:00.0,11,11,July,Monday,49.0,Weekday,269,2022-07-11T11:06:00.0,2022-07-11T11:55:00.0,11.1
CH2059,KR_U463,KR7947,3.283333333333333,10.99,2022-07-13,06:51:00.0,2022-07-13,10:08:00.0,6,10,July,Wednesday,197.0,Weekday,269,2022-07-13T06:51:00.0,2022-07-13T10:08:00.0,6.85
CH2059,KR_U463,KR7948,0.8166666666666667,2.18,2022-07-13,11:16:00.0,2022-07-13,12:05:00.0,11,12,July,Wednesday,49.0,Weekday,269,2022-07-13T11:16:00.0,2022-07-13T12:05:00.0,11.266666666666667
CH2059,KR_U463,KR7949,0.7333333333333333,2.66,2022-07-13,13:21:00.0,2022-07-13,14:05:00.0,13,14,July,Wednesday,44.0,Weekday,269,2022-07-13T13:21:00.0,2022-07-13T14:05:00.0,13.35
CH2059,KR_U463,KR7950,1.8333333333333333,6.57,2022-07-14,06:45:00.0,2022-07-14,08:35:00.0,6,8,July,Thursday,110.0,Weekday,269,2022-07-14T06:45:00.0,2022-07-14T08:35:00.0,6.75
CH2059,KR_U463,KR7951,2.3333333333333335,8.39,2022-07-15,07:16:00.0,2022-07-15,09:36:00.0,7,9,July,Friday,140.0,Weekday,269,2022-07-15T07:16:00.0,2022-07-15T09:36:00.0,7.266666666666667
CH2059,KR_U463,KR7952,1.2833333333333334,3.79,2022-07-15,10:13:00.0,2022-07-15,11:30:00.0,10,11,July,Friday,77.0,Weekday,269,2022-07-15T10:13:00.0,2022-07-15T11:30:00.0,10.216666666666667
CH2059,KR_U463,KR7953,0.45,1.65,2022-07-17,11:19:00.0,2022-07-17,11:46:00.0,11,11,July,Sunday,27.0,Weekend,269,2022-07-17T11:19:00.0,2022-07-17T11:46:00.0,11.316666666666666
CH2059,KR_U463,KR7954,2.8,10.05,2022-07-18,07:05:00.0,2022-07-18,09:53:00.0,7,9,July,Monday,168.0,Weekday,269,2022-07-18T07:05:00.0,2022-07-18T09:53:00.0,7.083333333333333
CH2059,KR_U463,KR7955,0.95,2.64,2022-07-18,10:28:00.0,2022-07-18,11:25:00.0,10,11,July,Monday,57.0,Weekday,269,2022-07-18T10:28:00.0,2022-07-18T11:25:00.0,10.466666666666667
CH2059,KR_U463,KR7956,1.5833333333333333,4.92,2022-07-18,13:45:00.0,2022-07-18,15:20:00.0,13,15,July,Monday,95.0,Weekday,269,2022-07-18T13:45:00.0,2022-07-18T15:20:00.0,13.75
CH2059,KR_U463,KR7957,0.9,3.22,2022-07-19,10:09:00.0,2022-07-19,11:03:00.0,10,11,July,Tuesday,54.0,Weekday,269,2022-07-19T10:09:00.0,2022-07-19T11:03:00.0,10.15
CH2059,KR_U463,KR7958,1.3166666666666667,4.72,2022-07-20,06:35:00.0,2022-07-20,07:54:00.0,6,7,July,Wednesday,79.0,Weekday,269,2022-07-20T06:35:00.0,2022-07-20T07:54:00.0,6.583333333333333
CH2059,KR_U463,KR7959,1.05,3.76,2022-07-20,08:27:00.0,2022-07-20,09:30:00.0,8,9,July,Wednesday,63.0,Weekday,269,2022-07-20T08:27:00.0,2022-07-20T09:30:00.0,8.45
CH2059,KR_U463,KR7960,1.7666666666666666,5.64,2022-07-20,09:49:00.0,2022-07-20,11:35:00.0,9,11,July,Wednesday,106.0,Weekday,269,2022-07-20T09:49:00.0,2022-07-20T11:35:00.0,9.816666666666666
CH2059,KR_U463,KR7961,0.9666666666666667,2.63,2022-07-21,10:32:00.0,2022-07-21,11:30:00.0,10,11,July,Thursday,58.0,Weekday,269,2022-07-21T10:32:00.0,2022-07-21T11:30:00.0,10.533333333333333
CH2059,KR_U463,KR7962,0.7333333333333333,2.62,2022-07-21,13:18:00.0,2022-07-21,14:02:00.0,13,14,July,Thursday,44.0,Weekday,269,2022-07-21T13:18:00.0,2022-07-21T14:02:00.0,13.3
CH2059,KR_U463,KR7963,1.2166666666666666,4.36,2022-07-26,07:23:00.0,2022-07-26,08:36:00.0,7,8,July,Tuesday,73.0,Weekday,269,2022-07-26T07:23:00.0,2022-07-26T08:36:00.0,7.383333333333334
CH2059,KR_U463,KR7964,1.2666666666666666,4.56,2022-07-26,09:03:00.0,2022-07-26,10:19:00.0,9,10,July,Tuesday,76.0,Weekday,269,2022-07-26T09:03:00.0,2022-07-26T10:19:00.0,9.05
CH2059,KR_U463,KR7965,1.0333333333333334,3.73,2022-07-26,15:12:00.0,2022-07-26,16:14:00.0,15,16,July,Tuesday,62.00000000000001,Weekday,269,2022-07-26T15:12:00.0,2022-07-26T16:14:00.0,15.2
CH2059,KR_U463,KR7966,1.4666666666666666,5.25,2022-07-27,08:03:00.0,2022-07-27,09:31:00.0,8,9,July,Wednesday,88.0,Weekday,269,2022-07-27T08:03:00.0,2022-07-27T09:31:00.0,8.05
CH2059,KR_U463,KR7967,2.7333333333333334,9.86,2022-07-28,07:10:00.0,2022-07-28,09:54:00.0,7,9,July,Thursday,164.0,Weekday,269,2022-07-28T07:10:00.0,2022-07-28T09:54:00.0,7.166666666666667
CH2059,KR_U463,KR7968,1.2333333333333334,3.62,2022-07-28,10:51:00.0,2022-07-28,12:05:00.0,10,12,July,Thursday,74.0,Weekday,269,2022-07-28T10:51:00.0,2022-07-28T12:05:00.0,10.85
CH2059,KR_U463,KR7969,1.4833333333333334,5.35,2022-07-28,13:54:00.0,2022-07-28,15:23:00.0,13,15,July,Thursday,89.0,Weekday,269,2022-07-28T13:54:00.0,2022-07-28T15:23:00.0,13.9
CH2059,KR_U463,KR7970,2.1166666666666667,7.64,2022-07-29,06:54:00.0,2022-07-29,09:01:00.0,6,9,July,Friday,127.0,Weekday,269,2022-07-29T06:54:00.0,2022-07-29T09:01:00.0,6.9
CH2059,KR_U463,KR7971,1.6,5.01,2022-07-29,09:59:00.0,2022-07-29,11:35:00.0,9,11,July,Friday,96.0,Weekday,269,2022-07-29T09:59:00.0,2022-07-29T11:35:00.0,9.983333333333333
CH2059,KR_U463,KR7972,0.9833333333333333,3.41,2022-07-29,13:43:00.0,2022-07-29,14:42:00.0,13,14,July,Friday,59.0,Weekday,269,2022-07-29T13:43:00.0,2022-07-29T14:42:00.0,13.716666666666667
CH2059,KR_U463,KR7973,1.1,3.9,2022-06-02,10:23:00.0,2022-06-02,11:29:00.0,10,11,June,Thursday,66.0,Weekday,269,2022-06-02T10:23:00.0,2022-06-02T11:29:00.0,10.383333333333333
CH2059,KR_U463,KR7974,1.1,3.26,2022-06-02,11:59:00.0,2022-06-02,13:05:00.0,11,13,June,Thursday,66.0,Weekday,269,2022-06-02T11:59:00.0,2022-06-02T13:05:00.0,11.983333333333333
CH2059,KR_U463,KR7975,1.7333333333333334,6.23,2022-06-03,10:47:00.0,2022-06-03,12:31:00.0,10,12,June,Friday,104.0,Weekday,269,2022-06-03T10:47:00.0,2022-06-03T12:31:00.0,10.783333333333333
CH2059,KR_U463,KR7976,0.7833333333333333,2.11,2022-06-08,11:33:00.0,2022-06-08,12:20:00.0,11,12,June,Wednesday,47.0,Weekday,269,2022-06-08T11:33:00.0,2022-06-08T12:20:00.0,11.55
CH2059,KR_U463,KR7977,0.7333333333333333,2.61,2022-06-15,09:27:00.0,2022-06-15,10:11:00.0,9,10,June,Wednesday,44.0,Weekday,269,2022-06-15T09:27:00.0,2022-06-15T10:11:00.0,9.45
CH2059,KR_U463,KR7978,1.1,3.27,2022-06-23,11:09:00.0,2022-06-23,12:15:00.0,11,12,June,Thursday,66.0,Weekday,269,2022-06-23T11:09:00.0,2022-06-23T12:15:00.0,11.15
CH2059,KR_U463,KR7979,0.7833333333333333,2.81,2022-06-23,13:49:00.0,2022-06-23,14:36:00.0,13,14,June,Thursday,47.0,Weekday,269,2022-06-23T13:49:00.0,2022-06-23T14:36:00.0,13.816666666666666
CH2059,KR_U463,KR7980,2.216666666666667,7.92,2022-06-24,08:27:00.0,2022-06-24,10:40:00.0,8,10,June,Friday,133.0,Weekday,269,2022-06-24T08:27:00.0,2022-06-24T10:40:00.0,8.45
CH2059,KR_U463,KR7981,1.6,5.12,2022-06-24,11:09:00.0,2022-06-24,12:45:00.0,11,12,June,Friday,96.0,Weekday,269,2022-06-24T11:09:00.0,2022-06-24T12:45:00.0,11.15
CH2059,KR_U463,KR7982,1.95,7.03,2022-06-28,07:12:00.0,2022-06-28,09:09:00.0,7,9,June,Tuesday,117.0,Weekday,269,2022-06-28T07:12:00.0,2022-06-28T09:09:00.0,7.2
CH2059,KR_U463,KR7983,1.8666666666666667,5.91,2022-06-28,09:43:00.0,2022-06-28,11:35:00.0,9,11,June,Tuesday,112.0,Weekday,269,2022-06-28T09:43:00.0,2022-06-28T11:35:00.0,9.716666666666667
CH2059,KR_U463,KR7984,2.7666666666666666,9.94,2022-06-30,07:04:00.0,2022-06-30,09:50:00.0,7,9,June,Thursday,166.0,Weekday,269,2022-06-30T07:04:00.0,2022-06-30T09:50:00.0,7.066666666666666
CH2059,KR_U463,KR7985,1.0666666666666667,3.06,2022-06-30,10:46:00.0,2022-06-30,11:50:00.0,10,11,June,Thursday,64.0,Weekday,269,2022-06-30T10:46:00.0,2022-06-30T11:50:00.0,10.766666666666667
CH2059,KR_U463,KR7986,0.4166666666666667,1.51,2022-06-30,13:08:00.0,2022-06-30,13:33:00.0,13,13,June,Thursday,25.0,Weekday,269,2022-06-30T13:08:00.0,2022-06-30T13:33:00.0,13.133333333333333
CH2059,KR_U463,KR7987,1.7333333333333334,6.18,2022-05-26,07:46:00.0,2022-05-26,09:30:00.0,7,9,May,Thursday,104.0,Weekday,269,2022-05-26T07:46:00.0,2022-05-26T09:30:00.0,7.766666666666667
CH2059,KR_U463,KR7988,1.8666666666666667,6.07,2022-05-26,10:03:00.0,2022-05-26,11:55:00.0,10,11,May,Thursday,112.0,Weekday,269,2022-05-26T10:03:00.0,2022-05-26T11:55:00.0,10.05
CH2059,KR_U463,KR7989,2.816666666666667,10.09,2022-05-27,07:31:00.0,2022-05-27,10:20:00.0,7,10,May,Friday,169.0,Weekday,269,2022-05-27T07:31:00.0,2022-05-27T10:20:00.0,7.516666666666667
CH2060,KR_U463,KR7990,2.7,8.99,2022-09-30,07:08:00.0,2022-09-30,09:50:00.0,7,9,September,Friday,162.0,Weekday,269,2022-09-30T07:08:00.0,2022-09-30T09:50:00.0,7.133333333333334
CH2060,KR_U463,KR7991,2.2,7.83,2022-09-29,07:52:00.0,2022-09-29,10:04:00.0,7,10,September,Thursday,132.0,Weekday,269,2022-09-29T07:52:00.0,2022-09-29T10:04:00.0,7.866666666666667
CH2060,KR_U463,KR7992,0.6166666666666667,2.22,2022-09-29,06:55:00.0,2022-09-29,07:32:00.0,6,7,September,Thursday,37.0,Weekday,269,2022-09-29T06:55:00.0,2022-09-29T07:32:00.0,6.916666666666667
CH2060,KR_U463,KR7993,1.5333333333333334,5.52,2022-09-28,11:01:00.0,2022-09-28,12:33:00.0,11,12,September,Wednesday,92.0,Weekday,269,2022-09-28T11:01:00.0,2022-09-28T12:33:00.0,11.016666666666667
CH2060,KR_U463,KR7994,0.9833333333333333,2.73,2022-09-27,11:16:00.0,2022-09-27,12:15:00.0,11,12,September,Tuesday,59.0,Weekday,269,2022-09-27T11:16:00.0,2022-09-27T12:15:00.0,11.266666666666667
CH2060,KR_U463,KR7995,1.7666666666666666,6.2,2022-09-27,08:55:00.0,2022-09-27,10:41:00.0,8,10,September,Tuesday,106.0,Weekday,269,2022-09-27T08:55:00.0,2022-09-27T10:41:00.0,8.916666666666666
CH2060,KR_U463,KR7996,1.2833333333333334,4.59,2022-09-27,07:17:00.0,2022-09-27,08:34:00.0,7,8,September,Tuesday,77.0,Weekday,269,2022-09-27T07:17:00.0,2022-09-27T08:34:00.0,7.283333333333333
CH2060,KR_U463,KR7997,2.15,7.74,2022-08-08,10:44:00.0,2022-08-08,12:53:00.0,10,12,August,Monday,129.0,Weekday,269,2022-08-08T10:44:00.0,2022-08-08T12:53:00.0,10.733333333333333
CH2060,KR_U463,KR7998,0.4666666666666667,1.64,2022-08-05,12:54:00.0,2022-08-05,13:22:00.0,12,13,August,Friday,28.0,Weekday,269,2022-08-05T12:54:00.0,2022-08-05T13:22:00.0,12.9
CH2060,KR_U463,KR7999,3.0166666666666666,10.74,2022-08-04,06:47:00.0,2022-08-04,09:48:00.0,6,9,August,Thursday,181.0,Weekday,269,2022-08-04T06:47:00.0,2022-08-04T09:48:00.0,6.783333333333333
CH2060,KR_U463,KR8000,1.1166666666666667,3.38,2022-08-02,13:32:00.0,2022-08-02,14:39:00.0,13,14,August,Tuesday,67.0,Weekday,269,2022-08-02T13:32:00.0,2022-08-02T14:39:00.0,13.533333333333333
CH2060,KR_U463,KR8001,0.8,2.17,2022-08-02,10:57:00.0,2022-08-02,11:45:00.0,10,11,August,Tuesday,48.0,Weekday,269,2022-08-02T10:57:00.0,2022-08-02T11:45:00.0,10.95
CH2060,KR_U463,KR8002,1.6333333333333333,5.89,2022-08-01,07:42:00.0,2022-08-01,09:20:00.0,7,9,August,Monday,98.0,Weekday,269,2022-08-01T07:42:00.0,2022-08-01T09:20:00.0,7.7
CH2060,KR_U463,KR8003,2.9166666666666665,9.62,2022-08-31,04:25:00.0,2022-08-31,07:20:00.0,4,7,August,Wednesday,175.0,Weekday,269,2022-08-31T04:25:00.0,2022-08-31T07:20:00.0,4.416666666666667
CH2060,KR_U463,KR8004,0.9666666666666667,2.82,2022-08-24,11:22:00.0,2022-08-24,12:20:00.0,11,12,August,Wednesday,58.0,Weekday,269,2022-08-24T11:22:00.0,2022-08-24T12:20:00.0,11.366666666666667
CH2060,KR_U463,KR8005,3.3333333333333335,11.09,2022-08-24,06:15:00.0,2022-08-24,09:35:00.0,6,9,August,Wednesday,200.0,Weekday,269,2022-08-24T06:15:00.0,2022-08-24T09:35:00.0,6.25
CH2060,KR_U463,KR8006,0.5333333333333333,1.95,2022-08-23,11:11:00.0,2022-08-23,11:43:00.0,11,11,August,Tuesday,32.0,Weekday,269,2022-08-23T11:11:00.0,2022-08-23T11:43:00.0,11.183333333333334
CH2060,KR_U463,KR8007,2.7666666666666666,9.85,2022-08-23,06:58:00.0,2022-08-23,09:44:00.0,6,9,August,Tuesday,166.0,Weekday,269,2022-08-23T06:58:00.0,2022-08-23T09:44:00.0,6.966666666666667
CH2060,KR_U463,KR8008,1.2166666666666666,4.33,2022-08-22,09:22:00.0,2022-08-22,10:35:00.0,9,10,August,Monday,73.0,Weekday,269,2022-08-22T09:22:00.0,2022-08-22T10:35:00.0,9.366666666666667
CH2060,KR_U463,KR8009,0.8,2.86,2022-08-22,06:49:00.0,2022-08-22,07:37:00.0,6,7,August,Monday,48.0,Weekday,269,2022-08-22T06:49:00.0,2022-08-22T07:37:00.0,6.816666666666666
CH2060,KR_U463,KR8010,2.1666666666666665,7.76,2022-07-05,09:49:00.0,2022-07-05,11:59:00.0,9,11,July,Tuesday,130.0,Weekday,269,2022-07-05T09:49:00.0,2022-07-05T11:59:00.0,9.816666666666666
CH2060,KR_U463,KR8011,1.6,5.79,2022-07-05,13:22:00.0,2022-07-05,14:58:00.0,13,14,July,Tuesday,96.0,Weekday,269,2022-07-05T13:22:00.0,2022-07-05T14:58:00.0,13.366666666666667
CH2060,KR_U463,KR8012,3.25,10.85,2022-07-08,06:50:00.0,2022-07-08,10:05:00.0,6,10,July,Friday,195.0,Weekday,269,2022-07-08T06:50:00.0,2022-07-08T10:05:00.0,6.833333333333333
CH2060,KR_U463,KR8013,2.5,8.67,2022-07-14,09:54:00.0,2022-07-14,12:24:00.0,9,12,July,Thursday,150.0,Weekday,269,2022-07-14T09:54:00.0,2022-07-14T12:24:00.0,9.9
CH2060,KR_U463,KR8014,0.85,3.12,2022-07-15,13:48:00.0,2022-07-15,14:39:00.0,13,14,July,Friday,51.0,Weekday,269,2022-07-15T13:48:00.0,2022-07-15T14:39:00.0,13.8
CH2060,KR_U463,KR8015,2.9,10.39,2022-07-21,06:52:00.0,2022-07-21,09:46:00.0,6,9,July,Thursday,174.0,Weekday,269,2022-07-21T06:52:00.0,2022-07-21T09:46:00.0,6.866666666666667
CH2060,KR_U463,KR8016,2.1,7.55,2022-06-02,07:29:00.0,2022-06-02,09:35:00.0,7,9,June,Thursday,126.0,Weekday,269,2022-06-02T07:29:00.0,2022-06-02T09:35:00.0,7.483333333333333
CH2060,KR_U463,KR8017,2.2,7.88,2022-06-07,06:06:00.0,2022-06-07,08:18:00.0,6,8,June,Tuesday,132.0,Weekday,269,2022-06-07T06:06:00.0,2022-06-07T08:18:00.0,6.1
CH2060,KR_U463,KR8018,0.6666666666666666,2.33,2022-06-08,06:05:00.0,2022-06-08,06:45:00.0,6,6,June,Wednesday,40.0,Weekday,269,2022-06-08T06:05:00.0,2022-06-08T06:45:00.0,6.083333333333333
CH2060,KR_U463,KR8019,2.8333333333333335,9.51,2022-06-08,07:15:00.0,2022-06-08,10:05:00.0,7,10,June,Wednesday,170.0,Weekday,269,2022-06-08T07:15:00.0,2022-06-08T10:05:00.0,7.25
CH2060,KR_U463,KR8020,3.1333333333333333,10.43,2022-06-09,06:37:00.0,2022-06-09,09:45:00.0,6,9,June,Thursday,188.0,Weekday,269,2022-06-09T06:37:00.0,2022-06-09T09:45:00.0,6.616666666666667
CH2060,KR_U463,KR8021,1.0,3.51,2022-06-15,05:26:00.0,2022-06-15,06:26:00.0,5,6,June,Wednesday,60.0,Weekday,269,2022-06-15T05:26:00.0,2022-06-15T06:26:00.0,5.433333333333334
CH2060,KR_U463,KR8022,1.7666666666666666,6.3,2022-06-15,07:12:00.0,2022-06-15,08:58:00.0,7,8,June,Wednesday,106.0,Weekday,269,2022-06-15T07:12:00.0,2022-06-15T08:58:00.0,7.2
CH2060,KR_U463,KR8023,2.75,9.1,2022-06-16,06:10:00.0,2022-06-16,08:55:00.0,6,8,June,Thursday,165.0,Weekday,269,2022-06-16T06:10:00.0,2022-06-16T08:55:00.0,6.166666666666667
CH2060,KR_U463,KR8024,0.6833333333333333,2.38,2022-06-20,05:43:00.0,2022-06-20,06:24:00.0,5,6,June,Monday,41.0,Weekday,269,2022-06-20T05:43:00.0,2022-06-20T06:24:00.0,5.716666666666667
CH2060,KR_U463,KR8025,3.15,10.57,2022-06-20,07:26:00.0,2022-06-20,10:35:00.0,7,10,June,Monday,189.0,Weekday,269,2022-06-20T07:26:00.0,2022-06-20T10:35:00.0,7.433333333333334
CH2060,KR_U463,KR8026,3.183333333333333,10.57,2022-06-21,07:34:00.0,2022-06-21,10:45:00.0,7,10,June,Tuesday,191.0,Weekday,269,2022-06-21T07:34:00.0,2022-06-21T10:45:00.0,7.566666666666666
CH2060,KR_U463,KR8027,0.7666666666666667,2.74,2022-06-21,14:00:00.0,2022-06-21,14:46:00.0,14,14,June,Tuesday,46.0,Weekday,269,2022-06-21T14:00:00.0,2022-06-21T14:46:00.0,14.0
CH2060,KR_U463,KR8028,1.8333333333333333,6.6,2022-06-22,06:55:00.0,2022-06-22,08:45:00.0,6,8,June,Wednesday,110.0,Weekday,269,2022-06-22T06:55:00.0,2022-06-22T08:45:00.0,6.916666666666667
CH2060,KR_U463,KR8029,3.033333333333333,10.91,2022-06-27,08:02:00.0,2022-06-27,11:04:00.0,8,11,June,Monday,182.0,Weekday,269,2022-06-27T08:02:00.0,2022-06-27T11:04:00.0,8.033333333333333
CH2060,KR_U463,KR8030,0.7666666666666667,2.78,2022-06-27,11:57:00.0,2022-06-27,12:43:00.0,11,12,June,Monday,46.0,Weekday,269,2022-06-27T11:57:00.0,2022-06-27T12:43:00.0,11.95
CH2060,KR_U463,KR8031,0.9333333333333333,2.74,2022-06-27,13:34:00.0,2022-06-27,14:30:00.0,13,14,June,Monday,56.0,Weekday,269,2022-06-27T13:34:00.0,2022-06-27T14:30:00.0,13.566666666666666
CH2060,KR_U463,KR8032,1.0833333333333333,3.91,2022-05-23,11:30:00.0,2022-05-23,12:35:00.0,11,12,May,Monday,65.0,Weekday,269,2022-05-23T11:30:00.0,2022-05-23T12:35:00.0,11.5
CH2060,KR_U463,KR8033,1.2,4.27,2022-05-23,13:49:00.0,2022-05-23,15:01:00.0,13,15,May,Monday,72.0,Weekday,269,2022-05-23T13:49:00.0,2022-05-23T15:01:00.0,13.816666666666666
CH2060,KR_U463,KR8034,1.3166666666666667,4.67,2022-05-24,07:09:00.0,2022-05-24,08:28:00.0,7,8,May,Tuesday,79.0,Weekday,269,2022-05-24T07:09:00.0,2022-05-24T08:28:00.0,7.15
CH2060,KR_U463,KR8035,1.3166666666666667,4.7,2022-05-24,08:56:00.0,2022-05-24,10:15:00.0,8,10,May,Tuesday,79.0,Weekday,269,2022-05-24T08:56:00.0,2022-05-24T10:15:00.0,8.933333333333334
CH2060,KR_U463,KR8036,2.816666666666667,10.08,2022-05-25,07:43:00.0,2022-05-25,10:32:00.0,7,10,May,Wednesday,169.0,Weekday,269,2022-05-25T07:43:00.0,2022-05-25T10:32:00.0,7.716666666666667
CH2060,KR_U463,KR8037,1.05,3.76,2022-05-25,11:24:00.0,2022-05-25,12:27:00.0,11,12,May,Wednesday,63.0,Weekday,269,2022-05-25T11:24:00.0,2022-05-25T12:27:00.0,11.4
CH2060,KR_U463,KR8038,2.7666666666666666,9.89,2022-05-30,07:32:00.0,2022-05-30,10:18:00.0,7,10,May,Monday,166.0,Weekday,269,2022-05-30T07:32:00.0,2022-05-30T10:18:00.0,7.533333333333333
CH2060,KR_U463,KR8039,0.9666666666666667,2.76,2022-05-30,10:52:00.0,2022-05-30,11:50:00.0,10,11,May,Monday,58.0,Weekday,269,2022-05-30T10:52:00.0,2022-05-30T11:50:00.0,10.866666666666667
