user_id,day_type,bin,calendar_date,arrival_hour,duration_h,gap_h,tau_eff_h,energy_kwh
KR_U98,Weekday,9,2021-10-05,16.4562,10.0634,61.3091,71.3725,36.2844
KR_U98,Weekday,8,2021-10-11,14.7662,5.6336,87.6961,93.3297,39.1629
KR_U98,Weekday,8,2021-10-18,14.8227,5.385,97.5204,102.9054,37.753
KR_U98,Weekday,8,2021-10-18,14.8322,5.4324,11.4348,16.8673,44.4065
KR_U98,Weekday,8,2021-10-25,15.1198,6.759,96.7961,103.5551,40.6219
KR_U98,Weekday,9,2021-10-28,17.3474,6.8464,62.7139,69.5603,34.6391
KR_U98,Weekday,7,2021-11-04,18.4417,5.8208,119.8751,125.6958,17.1713
KR_U98,Weekday,9,2021-11-05,17.1256,3.1288,29.0365,32.1652,35.9869
KR_U98,Weekday,8,2021-11-11,14.7144,4.0778,82.1767,86.2544,44.9065
KR_U98,Weekday,8,2021-11-17,15.2215,5.6443,96.319,101.9633,27.458
KR_U98,Weekday,8,2021-11-17,15.8216,8.3268,3.4941,11.8209,41.35
KR_U98,Weekday,9,2021-11-22,16.2305,6.2159,51.1829,57.3988,52.5347
KR_U98,Weekday,9,2021-11-25,16.6666,7.2323,58.2084,65.4407,4.5715
KR_U98,Weekday,8,2021-11-30,15.0826,0.8085,76.4847,77.2932,43.8933
KR_U98,Weekday,10,2021-12-03,19.0687,8.9107,60.623,69.5337,46.3002
KR_U98,Weekday,9,2021-12-07,16.4437,4.7019,44.8557,49.5576,32.0005
KR_U98,Weekday,9,2021-12-09,17.5416,4.7547,44.0215,48.7763,52.0832
KR_U98,Weekday,1,2021-12-13,18.5128,3.7078,40.9478,44.6556,32.7513
KR_U98,Weekday,8,2021-12-15,15.1998,4.1291,42.6939,46.823,39.0371
KR_U98,Weekday,8,2021-12-15,15.7389,4.948,8.7618,13.7098,16.7958
KR_U98,Weekday,5,2021-12-17,15.1553,8.2573,42.184,50.4413,44.8849
KR_U98,Weekday,10,2021-12-20,18.9523,4.6335,16.8239,21.4574,24.6636
KR_U98,Weekday,7,2021-12-21,14.9369,4.9664,17.7269,22.6933,40.0183
KR_U98,Weekday,9,2021-12-28,17.0421,6.8065,99.6889,106.4954,51.7857
KR_U98,Weekday,8,2021-12-28,13.4894,5.9359,15.6839,21.6198,37.708
KR_U98,Weekday,8,2021-12-31,14.9979,5.9828,45.7989,51.7817,39.7151
KR_U98,Weekday,10,2022-01-04,19.5245,6.166,55.8785,62.0445,72.6668
KR_U98,Weekday,9,2022-01-05,17.8993,4.0917,25.0537,29.1454,9.6446
KR_U98,Weekday,8,2022-01-11,15.5223,4.2077,74.7094,78.917,36.106
KR_U98,Weekday,8,2022-01-11,15.4431,5.5448,3.8364,9.3812,40.6604
KR_U98,Weekday,7,2022-01-13,16.3189,4.9604,39.6412,44.6016,50.7373
KR_U98,Weekday,9,2022-01-14,17.1423,5.3853,19.5955,24.9808,41.6262
KR_U98,Weekday,11,2022-01-18,18.6092,4.1625,42.5952,46.7577,38.3536
KR_U98,Weekday,10,2022-01-20,18.2603,4.2962,38.8215,43.1177,55.7863
KR_U98,Weekday,9,2022-01-24,16.2331,5.5018,36.5989,42.1007,5.9052
KR_U98,Weekday,9,2022-01-25,16.6248,4.7137,33.8536,38.5673,51.2492
KR_U98,Weekday,9,2022-01-28,16.0512,6.3856,60.7528,67.1384,39.6245
KR_U98,Weekday,1,2022-02-07,17.2021,6.5376,133.722,140.2596,50.1376
KR_U98,Weekday,8,2022-02-09,14.9312,6.0565,56.1184,62.1748,36.6011
KR_U98,Weekday,5,2022-02-15,13.1623,6.7907,91.313,98.1037,54.578
KR_U98,Weekday,10,2022-02-17,18.0433,4.1392,39.1805,43.3197,47.8495
KR_U98,Weekday,8,2022-02-18,15.7893,4.9556,2.3264,7.282,36.4526
KR_U98,Weekday,8,2022-02-23,14.6247,6.5748,84.3423,90.9171,34.6239
KR_U98,Weekday,9,2022-02-28,16.5747,6.9483,51.0553,58.0035,35.9157
KR_U98,Weekday,7,2022-03-03,17.7343,0.3016,89.1946,89.4962,38.6574
KR_U98,Weekday,8,2022-03-08,15.2631,8.6399,41.3186,49.9585,25.9355
KR_U98,Weekday,7,2022-03-09,15.5449,5.5737,32.1988,37.7724,30.0721
KR_U98,Weekday,10,2022-03-11,18.5565,9.715,41.099,50.814,42.0739
KR_U98,Weekday,8,2022-03-15,15.4435,5.9415,45.1753,51.1168,24.0802
KR_U98,Weekday,9,2022-03-18,17.445,1.7391,69.0276,70.7666,49.1102
KR_U98,Weekday,7,2022-03-24,17.5801,6.002,89.7497,95.7517,26.4504
KR_U98,Weekday,9,2022-03-29,17.0311,3.9455,60.3281,64.2735,32.7296
KR_U98,Weekday,8,2022-03-30,14.8932,10.0156,10.4172,20.4328,33.4095
KR_U98,Weekday,9,2022-04-04,17.2293,6.4699,74.2906,80.7605,34.1589
KR_U98,Weekday,8,2022-04-06,15.9107,8.4361,46.3673,54.8034,27.6884
KR_U98,Weekday,10,2022-04-08,18.3472,8.8294,20.4409,29.2703,42.5133
KR_U98,Weekday,10,2022-04-11,18.68,5.7328,17.5556,23.2883,36.5653
KR_U98,Weekday,9,2022-04-15,17.3679,4.5277,103.3205,107.8482,49.7824
KR_U98,Weekday,9,2022-04-22,17.6724,6.1057,116.4609,122.5666,33.4963
KR_U98,Weekday,10,2022-04-25,19.1066,6.0543,16.9025,22.9567,47.1776
KR_U98,Weekday,10,2022-04-26,17.9655,6.41,19.5975,26.0075,61.0235
KR_U98,Weekday,9,2022-05-05,16.4711,7.4779,153.0846,160.5625,33.1572
KR_U98,Weekday,9,2022-05-10,16.8646,5.0852,77.2184,82.3036,56.3453
KR_U98,Weekday,9,2022-05-13,17.5702,7.3655,46.7117,54.0772,32.6068
KR_U98,Weekday,9,2022-05-18,16.2188,6.7382,77.9029,84.6411,7.5127
KR_U98,Weekday,9,2022-05-24,16.9015,6.6029,77.4524,84.0552,34.0599
KR_U98,Weekday,9,2022-05-31,17.0484,5.2414,120.2024,125.4438,34.3656
KR_U98,Weekday,7,2022-06-02,20.0119,6.5212,46.7336,53.2548,2.0953
KR_U98,Weekday,8,2022-06-07,15.0706,5.6209,71.3967,77.0176,32.5716
KR_U98,Weekday,10,2022-06-09,19.1179,3.8095,36.7484,40.5579,8.8481
KR_U98,Weekday,10,2022-06-13,19.1634,9.1176,43.4653,52.5829,31.5412
KR_U98,Weekday,10,2022-06-14,18.7929,4.9419,16.4127,21.3545,40.2076
KR_U98,Weekday,9,2022-06-17,18.0172,5.4349,57.0983,62.5332,50.3075
KR_U98,Weekday,9,2022-06-22,17.7182,4.9359,64.6869,69.6228,34.9146
KR_U98,Weekday,9,2022-06-24,16.5168,2.6591,45.3875,48.0466,33.9111
KR_U98,Weekday,8,2022-06-29,15.4516,0.5399,75.8125,76.3524,38.5058
KR_U98,Weekday,7,2022-07-01,14.9383,4.8487,44.7303,49.5791,33.3474
KR_U98,Weekday,9,2022-07-07,16.2405,5.7503,98.8518,104.6022,36.9902
KR_U98,Weekday,7,2022-07-11,19.6561,5.7025,42.1793,47.8818,52.5686
KR_U98,Weekday,9,2022-07-14,16.2687,7.1879,62.4645,69.6524,46.7611
KR_U98,Weekday,7,2022-07-18,16.6705,5.1252,41.3478,46.473,45.6326
KR_U98,Weekday,8,2022-07-21,14.0443,5.8448,70.6089,76.4537,33.1446
KR_U98,Weekday,8,2022-07-26,14.9648,4.6203,70.3674,74.9877,41.5347
KR_U98,Weekday,9,2022-07-27,16.7481,8.7397,13.7912,22.5309,9.3854
KR_U98,Weekday,8,2022-08-01,15.1089,5.2894,53.93,59.2194,43.3296
KR_U98,Weekday,9,2022-08-03,17.8932,4.9152,45.8134,50.7286,0.0939
KR_U98,Weekday,9,2022-08-05,17.6344,1.7537,36.4801,38.2338,31.8472
KR_U98,Weekday,8,2022-08-16,15.9775,5.7312,164.051,169.7822,44.7718
KR_U98,Weekday,7,2022-08-22,17.3579,2.3379,91.9295,94.2674,10.2278
KR_U98,Weekday,8,2022-08-25,14.386,5.6834,79.5378,85.2213,44.281
KR_U98,Weekday,8,2022-08-29,15.4081,5.7203,43.5924,49.3127,40.1051
KR_U98,Weekday,7,2022-08-31,19.395,3.6348,37.3603,40.9951,60.5727
KR_U98,Weekday,9,2022-09-05,17.3057,9.4258,64.4755,73.9013,55.6497
KR_U98,Weekday,7,2022-09-05,14.8143,5.5753,1.0239,6.5991,45.0932
KR_U98,Weekday,9,2022-09-13,17.7403,7.3873,122.4082,129.7955,47.2333
KR_U98,Weekday,1,2022-09-13,16.5686,5.0913,7.3066,12.3978,4.6084
KR_U98,Weekday,8,2022-09-14,15.0211,4.953,15.0016,19.9546,36.5805
KR_U98,Weekday,11,2022-09-16,17.3296,6.0277,40.6825,46.7101,41.3688
KR_U98,Weekday,10,2022-09-20,18.8329,1.6393,48.8084,50.4477,36.1453
KR_U98,Weekday,10,2022-09-23,18.788,3.1178,68.3177,71.4355,35.1318
KR_U98,Weekday,10,2022-09-27,19.2577,7.1024,42.125,49.2274,48.9611
KR_U98,Weekend,7,2021-10-03,16.8127,2.8746,39.7902,42.6648,23.6831
KR_U98,Weekend,5,2021-10-10,10.934,4.8196,39.7391,44.5587,37.0486
KR_U98,Weekend,10,2021-10-23,18.367,4.7009,66.7486,71.4496,14.7548
KR_U98,Weekend,7,2021-10-23,17.6909,8.6368,0.6059,9.2428,35.5264
KR_U98,Weekend,9,2021-10-30,16.5594,4.5453,41.3505,45.8958,39.0243
KR_U98,Weekend,8,2021-11-20,16.0637,4.106,138.5308,142.6368,25.1329
KR_U98,Weekend,10,2021-11-27,12.1561,5.4102,39.0183,44.4285,17.5031
KR_U98,Weekend,9,2021-12-04,17.953,6.5548,40.1709,46.7257,40.4016
KR_U98,Weekend,9,2021-12-05,17.1588,3.073,10.9105,13.9835,24.5805
KR_U98,Weekend,9,2021-12-12,18.0221,5.5646,40.5319,46.0965,4.4146
KR_U98,Weekend,8,2022-01-02,18.2099,4.3356,138.8115,143.1471,37.4196
KR_U98,Weekend,10,2022-01-08,16.441,3.97,20.0744,24.0445,17.7764
KR_U98,Weekend,5,2022-01-08,11.2904,2.8292,3.9777,6.8068,36.0208
KR_U98,Weekend,10,2022-01-09,17.9555,7.267,12.0374,19.3043,30.3686
KR_U98,Weekend,10,2022-01-22,11.7686,8.4566,66.7528,75.2094,30.9475
KR_U98,Weekend,10,2022-01-30,19.3274,1.9212,65.7176,67.6388,41.4248
KR_U98,Weekend,5,2022-02-06,12.4671,6.5838,41.6035,48.1873,37.6482
KR_U98,Weekend,10,2022-02-06,16.5102,3.0831,9.1383,12.2214,14.6643
KR_U98,Weekend,10,2022-02-12,16.9869,9.6266,3.2092,12.8358,42.1031
KR_U98,Weekend,7,2022-03-05,17.1563,3.4451,142.3668,145.8119,6.4787
KR_U98,Weekend,5,2022-03-06,10.4727,3.2815,14.525,17.8066,36.4557
KR_U98,Weekend,10,2022-03-06,16.1606,6.9731,0.6514,7.6244,38.8935
KR_U98,Weekend,9,2022-03-06,17.7756,5.3132,3.1187,8.4319,33.4519
KR_U98,Weekend,9,2022-03-06,17.3317,4.5663,0.5207,5.0871,37.3232
KR_U98,Weekend,7,2022-03-12,9.0068,4.3184,11.039,15.3574,29.2385
KR_U98,Weekend,11,2022-03-13,17.5527,7.2215,11.9398,19.1613,13.8935
KR_U98,Weekend,11,2022-03-20,16.4453,8.3974,41.8837,50.2811,21.0857
KR_U98,Weekend,11,2022-03-27,18.5186,6.0033,39.3327,45.336,12.74
KR_U98,Weekend,11,2022-04-17,17.5208,4.5879,141.1619,145.7499,39.6919
KR_U98,Weekend,11,2022-05-14,21.256,4.9619,171.5271,176.489,41.586
KR_U98,Weekend,9,2022-05-15,18.0135,4.854,6.6838,11.5378,43.3493
KR_U98,Weekend,9,2022-05-22,21.2515,3.386,40.7718,44.1579,33.2809
KR_U98,Weekend,7,2022-05-28,16.4714,6.0404,18.4363,24.4768,24.1505
KR_U98,Weekend,11,2022-05-29,18.4698,2.14,39.774,41.914,36.7005
KR_U98,Weekend,9,2022-06-11,21.2576,7.1389,67.0057,74.1446,37.9088
KR_U98,Weekend,9,2022-06-12,12.0376,5.2455,12.3056,17.5511,41.7993
KR_U98,Weekend,8,2022-07-09,18.9392,4.3219,156.9681,161.29,33.9446
KR_U98,Weekend,10,2022-08-06,21.2577,6.0034,187.1158,193.1192,45.0668
KR_U98,Weekend,5,2022-09-04,18.8499,3.7669,206.053,209.8199,14.1839
KR_U109,Weekday,12,2021-10-26,22.9374,2.064,43.6614,45.7253,18.5791
KR_U109,Weekday,11,2021-10-28,19.7295,3.7507,45.2221,48.9729,9.4578
KR_U109,Weekday,12,2021-11-02,22.8442,3.4949,69.388,72.8828,18.4654
KR_U109,Weekday,12,2021-11-05,23.0679,2.7894,46.7247,49.5142,12.498
KR_U109,Weekday,1,2021-11-09,19.0799,1.2722,47.0468,48.319,14.261
KR_U109,Weekday,12,2021-11-11,22.9135,2.3074,46.8926,49.2,25.4715
KR_U109,Weekday,10,2021-11-23,20.1036,1.1287,191.5757,192.7044,11.6757
KR_U109,Weekday,10,2021-12-03,19.0369,2.5149,189.9874,192.5023,17.4168
KR_U109,Weekday,11,2021-12-07,19.6938,2.8357,51.4236,54.2593,20.5714
KR_U109,Weekday,12,2021-12-09,23.209,1.5263,50.102,51.6283,7.7341
KR_U109,Weekday,11,2021-12-13,19.5094,3.4244,44.2383,47.6627,26.1471
KR_U109,Weekday,12,2021-12-15,23.0089,3.1647,47.3221,50.4868,16.4828
KR_U109,Weekday,11,2021-12-17,19.0669,2.9585,44.6959,47.6544,11.6962
KR_U109,Weekday,10,2021-12-21,19.4032,2.7637,46.5409,49.3046,27.4025
KR_U109,Weekday,10,2021-12-22,20.1181,0.0542,20.1176,20.1718,21.6679
KR_U109,Weekday,10,2021-12-27,19.548,1.8894,68.7895,70.6789,15.2982
KR_U109,Weekday,10,2021-12-28,18.7733,3.4568,23.6162,27.073,8.6296
KR_U109,Weekday,11,2021-12-30,22.1303,2.5776,46.2651,48.8426,8.5263
KR_U109,Weekday,10,2021-12-31,18.6508,0.0391,20.5823,20.6214,16.7035
KR_U109,Weekday,10,2022-01-12,20.0132,1.6907,191.626,193.3167,13.5359
KR_U109,Weekday,10,2022-01-17,18.8028,3.2272,67.4893,70.7165,17.2576
KR_U109,Weekday,10,2022-01-21,20.1413,3.2536,100.6566,103.9101,6.7303
KR_U109,Weekday,10,2022-01-27,18.4086,2.4316,94.9794,97.4111,18.0029
KR_U109,Weekday,11,2022-01-31,18.9585,1.7631,43.945,45.7081,11.4637
KR_U109,Weekday,10,2022-02-02,20.1367,2.6497,47.7082,50.3578,15.8402
KR_U109,Weekday,10,2022-02-03,19.0922,3.4009,20.569,23.97,17.0481
KR_U109,Weekday,10,2022-02-08,19.4733,1.3416,51.3541,52.6957,27.2337
KR_U109,Weekday,10,2022-02-11,18.0997,3.1737,70.035,73.2087,14.0988
KR_U109,Weekday,10,2022-02-23,19.2082,2.9039,191.0316,193.9355,18.1232
KR_U109,Weekday,11,2022-02-23,8.3738,2.9416,2.1402,5.0818,22.0771
KR_U109,Weekday,12,2022-02-28,22.9692,1.8488,70.5068,72.3557,15.4662
KR_U109,Weekday,12,2022-03-03,23.2198,2.168,70.0954,72.2635,10.9622
KR_U109,Weekday,12,2022-03-14,23.0875,0.9202,169.2976,170.2178,5.2708
KR_U109,Weekday,12,2022-03-15,23.286,0.7988,13.7662,14.565,17.503
KR_U109,Weekday,1,2022-03-15,1.2952,1.9995,1.2211,3.2206,10.8159
KR_U109,Weekday,11,2022-03-17,22.3145,2.882,43.3274,46.2094,13.4816
KR_U109,Weekday,12,2022-03-28,22.7246,1.7359,174.183,175.919,4.0061
KR_U109,Weekday,10,2022-03-31,19.6616,0.0573,68.8123,68.8697,14.0561
KR_U109,Weekday,11,2022-04-05,23.0508,2.4165,82.0973,84.5139,24.3767
KR_U109,Weekday,12,2022-04-07,23.3422,1.5419,46.5361,48.078,6.6098
KR_U109,Weekday,1,2022-04-11,20.5174,1.1773,45.8373,47.0146,16.2
KR_U109,Weekday,12,2022-04-14,23.3394,2.2729,69.7684,72.0414,24.6176
KR_U109,Weekday,12,2022-04-18,22.7038,2.779,47.2609,50.0399,17.7894
KR_U109,Weekday,12,2022-04-21,22.6854,3.0163,50.3248,53.3412,14.1188
KR_U109,Weekday,12,2022-04-25,22.6514,2.8174,44.7082,47.5257,17.184
KR_U109,Weekday,11,2022-04-29,19.9174,3.5305,87.9109,91.4414,9.7856
KR_U109,Weekday,1,2022-05-03,22.4988,3.5935,46.5307,50.1242,9.3835
KR_U109,Weekday,12,2022-05-05,23.5066,3.4744,46.1394,49.6138,18.2272
KR_U109,Weekday,10,2022-05-06,18.8492,3.1827,20.2613,23.4441,17.1137
KR_U109,Weekday,11,2022-05-10,7.4002,3.7474,42.1625,45.9099,12.7797
KR_U109,Weekday,10,2022-05-12,19.6582,3.4832,46.5829,50.066,20.6426
KR_U109,Weekday,11,2022-05-12,0.0763,1.8748,0.643,2.5178,18.5345
KR_U109,Weekday,10,2022-05-16,19.1671,3.4778,47.7357,51.2135,13.6829
KR_U109,Weekday,11,2022-05-19,22.8911,3.3452,67.2974,70.6425,20.4987
KR_U109,Weekday,12,2022-05-23,23.178,3.144,45.8348,48.9788,13.8003
KR_U109,Weekday,12,2022-05-25,23.2035,1.8592,53.9457,55.8048,17.9079
KR_U109,Weekday,12,2022-06-06,22.4671,2.7175,193.4795,196.197,15.1449
KR_U109,Weekday,1,2022-06-08,19.3256,2.9323,43.4529,46.3852,17.0649
KR_U109,Weekday,12,2022-06-10,23.655,1.8352,42.2028,44.038,18.3168
KR_U109,Weekday,12,2022-06-14,23.1042,2.7083,47.6334,50.3417,15.9268
KR_U109,Weekday,3,2022-06-24,21.3486,3.1634,180.8392,184.0026,24.9878
KR_U109,Weekday,12,2022-06-28,23.6691,1.6374,50.0897,51.727,12.0625
KR_U109,Weekday,12,2022-07-01,23.1328,0.8343,69.7479,70.5821,9.6952
KR_U109,Weekday,12,2022-07-06,23.346,1.745,70.7704,72.5154,17.1047
KR_U109,Weekday,12,2022-07-08,22.8544,2.6183,44.1016,46.72,14.5116
KR_U109,Weekday,12,2022-07-12,22.7097,3.0164,45.2935,48.3099,16.1986
KR_U109,Weekday,10,2022-07-14,20.2305,3.3162,44.508,47.8242,17.7093
KR_U109,Weekday,10,2022-07-26,18.0897,2.8399,183.8956,186.7356,13.9566
KR_U109,Weekday,11,2022-07-28,22.5343,2.3146,44.234,46.5486,11.898
KR_U109,Weekday,10,2022-08-03,19.8728,3.7749,95.0632,98.8381,18.9037
KR_U109,Weekday,1,2022-08-05,23.9801,2.2812,59.6667,61.9479,19.4016
KR_U109,Weekday,12,2022-08-08,22.2213,2.8203,6.3308,9.1511,21.1046
KR_U109,Weekday,10,2022-08-12,19.3399,0.1953,89.7161,89.9114,9.0368
KR_U109,Weekday,10,2022-08-12,19.7368,2.5164,20.4282,22.9445,9.4737
KR_U109,Weekday,1,2022-08-17,23.04,3.8004,49.5831,53.3835,24.4608
KR_U109,Weekday,11,2022-08-17,19.5966,2.7498,1.7732,4.523,22.0873
KR_U109,Weekday,12,2022-08-19,23.1421,2.9132,39.0617,41.9749,15.7155
KR_U109,Weekday,1,2022-08-31,17.6091,1.6966,199.0459,200.7425,20.4875
KR_U109,Weekday,11,2022-09-01,1.3199,1.7396,32.1601,33.8997,21.7545
KR_U109,Weekday,12,2022-09-05,23.4145,1.9306,44.9244,46.855,23.6333
KR_U109,Weekday,10,2022-09-07,18.9776,0.3814,46.7428,47.1241,16.5927
KR_U109,Weekday,10,2022-09-14,19.9673,3.0459,108.6274,111.6733,17.2129
KR_U109,Weekday,6,2022-09-16,19.6265,4.177,42.1936,46.3707,3.073
KR_U109,Weekday,9,2022-09-21,23.5053,3.0957,67.5465,70.6422,16.3741
KR_U109,Weekday,4,2022-09-23,19.4897,2.1272,44.9922,47.1194,19.2204
KR_U109,Weekday,8,2022-09-23,20.8584,4.4111,1.2835,5.6946,17.9615
KR_U109,Weekday,10,2022-09-27,19.6913,2.5877,47.2549,49.8426,18.956
KR_U109,Weekday,10,2022-09-28,19.6313,1.6301,23.9664,25.5965,19.5475
KR_U109,Weekend,12,2021-10-23,21.8763,1.1772,8.7113,9.8884,21.3356
KR_U109,Weekend,6,2021-11-06,18.1971,0.6266,105.5275,106.1541,27.9407
KR_U109,Weekend,8,2021-11-07,23.0612,3.191,12.6176,15.8086,5.9159
KR_U109,Weekend,9,2021-11-13,0.1447,2.4202,28.5354,30.9556,18.6662
KR_U109,Weekend,12,2021-11-20,21.9213,2.2052,35.8584,38.0637,3.3922
KR_U109,Weekend,10,2021-11-21,23.6854,3.3559,15.5475,18.9034,21.0466
KR_U109,Weekend,11,2021-12-11,21.1333,0.6719,116.6696,117.3415,23.656
KR_U109,Weekend,9,2021-12-19,19.645,3.3711,88.1537,91.5249,23.9897
KR_U109,Weekend,12,2021-12-26,21.6568,0.0239,45.5901,45.614,6.0929
KR_U109,Weekend,12,2022-01-15,0.1298,1.7845,121.9474,123.7319,19.0671
KR_U109,Weekend,12,2022-01-22,0.1256,2.7544,24.4444,27.1988,6.1188
KR_U109,Weekend,12,2022-01-29,20.0387,2.476,63.4914,65.9673,19.007
KR_U109,Weekend,12,2022-02-05,23.4106,3.3989,32.1591,35.558,4.9209
KR_U109,Weekend,6,2022-02-12,18.9132,3.4614,47.6917,51.1531,22.2157
KR_U109,Weekend,8,2022-02-12,17.6691,0.1721,6.0022,6.1743,18.7565
KR_U109,Weekend,9,2022-02-13,12.9397,1.0536,14.9035,15.9571,24.5651
KR_U109,Weekend,12,2022-02-13,20.9047,0.9883,3.0065,3.9948,26.1654
KR_U109,Weekend,12,2022-03-20,22.3322,1.3366,249.17,250.5066,19.2653
KR_U109,Weekend,10,2022-03-26,23.0495,3.384,18.7989,22.1828,23.8184
KR_U109,Weekend,1,2022-03-27,22.0058,2.8273,1.9541,4.7814,25.7005
KR_U109,Weekend,11,2022-03-27,14.9955,3.2639,1.5319,4.7959,24.4099
KR_U109,Weekend,9,2022-04-10,20.6213,3.1342,108.6156,111.7498,17.1601
KR_U109,Weekend,12,2022-04-24,23.1101,1.2856,80.1781,81.4637,15.2693
KR_U109,Weekend,1,2022-05-07,0.1025,2.5985,84.1564,86.7549,22.7963
KR_U109,Weekend,12,2022-05-28,21.3874,2.475,119.5035,121.9785,22.5192
KR_U109,Weekend,12,2022-05-28,23.5004,0.6646,15.7222,16.3869,21.6495
KR_U109,Weekend,6,2022-06-18,15.0003,2.6555,129.9333,132.5888,7.7655
KR_U109,Weekend,8,2022-06-19,23.4608,3.307,29.2144,32.5214,21.4417
KR_U109,Weekend,9,2022-06-25,0.1226,1.5695,9.3127,10.8822,7.3722
KR_U109,Weekend,12,2022-06-25,20.9502,3.5114,7.1705,10.6818,3.6313
KR_U109,Weekend,12,2022-07-09,23.9669,2.2498,105.3204,107.5702,24.4727
KR_U109,Weekend,6,2022-07-24,23.1393,1.1337,100.5467,101.6804,17.6653
KR_U109,Weekend,8,2022-08-13,23.4967,2.7823,115.5338,118.316,21.41
KR_U109,Weekend,9,2022-08-14,23.932,3.2385,27.0622,30.3007,20.3863
KR_U109,Weekend,12,2022-08-27,21.1329,0.6687,67.7418,68.4105,16.6852
KR_U109,Weekend,10,2022-08-28,0.0651,3.3268,31.4071,34.7338,1.5834
KR_U42,Weekday,5,2022-03-08,17.6019,0.873,13.1467,14.0197,14.6868
KR_U42,Weekday,7,2022-03-10,13.762,0.7425,39.8559,40.5985,22.8345
KR_U42,Weekday,9,2022-03-11,16.6689,1.1088,17.4231,18.532,0.0369
KR_U42,Weekday,5,2022-03-16,22.3657,2.2792,89.2453,91.5245,6.8584
KR_U42,Weekday,5,2022-03-17,23.7101,0.4709,11.9508,12.4217,14.4779
KR_U42,Weekday,5,2022-03-18,18.3874,2.3273,31.6155,33.9428,2.1261
KR_U42,Weekday,7,2022-03-21,19.1538,0.2885,27.3965,27.685,25.1939
KR_U42,Weekday,8,2022-03-22,15.4973,4.2239,6.6394,10.8633,4.3949
KR_U42,Weekday,9,2022-03-25,13.3474,0.8656,62.6087,63.4743,14.0116
KR_U42,Weekday,5,2022-03-25,14.2098,2.4114,12.0348,14.4462,27.9385
KR_U42,Weekday,5,2022-03-25,20.9316,2.291,2.0257,4.3166,15.2133
KR_U42,Weekday,5,2022-03-31,17.9244,2.6821,92.9604,95.6424,5.0664
KR_U42,Weekday,8,2022-03-31,14.3792,0.6,1.9681,2.5681,12.9511
KR_U42,Weekday,9,2022-04-01,15.797,6.305,18.3816,24.6865,20.3203
KR_U42,Weekday,7,2022-04-04,10.3617,0.0525,14.395,14.4475,26.5603
KR_U42,Weekday,5,2022-04-06,21.6116,1.531,55.7267,57.2577,13.0888
KR_U42,Weekday,5,2022-04-07,13.7695,2.2768,3.8666,6.1434,3.0221
KR_U42,Weekday,8,2022-04-13,21.6531,3.2093,89.8468,93.0561,20.1876
KR_U42,Weekday,9,2022-04-13,15.9356,0.7496,7.6983,8.4479,18.2939
KR_U42,Weekday,6,2022-04-13,6.3349,1.3059,2.2053,3.5112,7.6478
KR_U42,Weekday,8,2022-04-13,20.1897,0.6343,3.6035,4.2378,21.6234
KR_U42,Weekday,5,2022-04-15,23.7092,3.1633,49.7915,52.9548,26.4854
KR_U42,Weekday,8,2022-04-18,13.2603,1.2511,0.2125,1.4636,2.8694
KR_U42,Weekday,9,2022-04-19,19.9915,0.2177,35.7237,35.9414,4.6028
KR_U42,Weekday,5,2022-04-20,21.4425,1.307,19.822,21.129,22.4285
KR_U42,Weekday,8,2022-04-21,10.4227,3.1548,15.2819,18.4366,8.3433
KR_U42,Weekday,5,2022-04-21,17.2445,2.9563,14.631,17.5872,0.0747
KR_U42,Weekday,5,2022-04-22,10.4029,0.9742,16.1499,17.1241,18.3237
KR_U42,Weekday,5,2022-04-29,14.4958,1.014,105.7842,106.7982,10.1039
KR_U42,Weekday,7,2022-05-16,16.1447,4.2879,259.3946,263.6825,1.0766
KR_U42,Weekday,7,2022-05-17,13.0425,1.3157,22.429,23.7448,5.8931
KR_U42,Weekday,10,2022-05-17,14.1127,1.8343,9.8542,11.6885,9.3529
KR_U42,Weekday,12,2022-05-17,16.8216,2.4766,1.8666,4.3432,7.6503
KR_U42,Weekday,11,2022-05-19,16.5383,1.3283,37.3396,38.6679,17.6798
KR_U42,Weekday,10,2022-05-19,21.2523,3.4426,8.2788,11.7214,21.103
KR_U42,Weekday,11,2022-05-23,12.1334,0.74,35.4216,36.1616,23.9127
KR_U42,Weekday,12,2022-05-26,17.3621,1.8949,85.9364,87.8313,12.3161
KR_U42,Weekday,10,2022-05-30,8.3963,2.7038,24.1124,26.8162,11.8785
KR_U42,Weekday,6,2022-06-03,14.2231,1.8736,108.5323,110.4059,4.3533
KR_U42,Weekday,4,2022-06-06,5.0618,2.6209,20.5354,23.1563,8.2774
KR_U42,Weekday,7,2022-06-13,16.9694,1.0415,125.4597,126.5012,28.4507
KR_U42,Weekday,9,2022-06-14,19.1437,1.1099,19.9794,21.0892,30.2621
KR_U42,Weekday,6,2022-06-15,21.6038,2.0945,18.133,20.2275,7.9568
KR_U42,Weekday,7,2022-06-16,12.7026,2.9293,11.7576,14.6869,1.8249
KR_U42,Weekday,6,2022-06-16,16.816,5.1603,0.5089,5.6692,21.9249
KR_U42,Weekday,8,2022-06-22,17.5361,0.7057,88.353,89.0587,6.9348
KR_U42,Weekday,9,2022-06-22,7.7264,2.5096,9.035,11.5446,9.6074
KR_U42,Weekday,6,2022-07-04,12.525,2.3037,188.451,190.7547,29.6122
KR_U42,Weekday,7,2022-07-04,23.3548,1.1516,3.2013,4.3529,12.8987
KR_U42,Weekday,9,2022-07-07,11.4172,4.0332,63.6086,67.6418,5.1185
KR_U42,Weekday,7,2022-07-11,20.1448,0.4382,52.0425,52.4806,10.827
KR_U42,Weekday,9,2022-07-14,21.0628,2.7727,57.7825,60.5553,16.3976
KR_U42,Weekday,5,2022-07-15,5.7096,1.4628,28.2068,29.6696,33.3957
KR_U42,Weekday,5,2022-07-15,18.3537,2.7889,3.5583,6.3472,5.8899
KR_U42,Weekday,5,2022-07-18,21.8164,4.5394,6.8083,11.3478,9.5965
KR_U42,Weekday,5,2022-07-18,3.8516,4.6221,10.9471,15.5692,6.9099
KR_U42,Weekday,7,2022-07-20,15.7319,4.5566,21.5256,26.0822,6.8793
KR_U42,Weekday,9,2022-07-20,17.2626,0.6069,17.7812,18.3881,4.1769
KR_U42,Weekday,6,2022-07-27,11.0047,1.2698,111.5803,112.8501,11.2385
KR_U42,Weekday,4,2022-07-27,18.2108,2.6375,1.5837,4.2211,16.0317
KR_U42,Weekday,7,2022-08-01,13.9681,2.4202,54.1225,56.5427,7.0553
KR_U42,Weekday,9,2022-08-02,12.9809,1.8414,40.8687,42.7101,20.3259
KR_U42,Weekday,5,2022-08-03,22.1383,0.3729,9.8711,10.2441,5.0245
KR_U42,Weekday,5,2022-08-04,16.5815,4.6352,23.3465,27.9817,4.5193
KR_U42,Weekday,7,2022-08-05,10.5121,2.5327,30.2339,32.7666,13.5355
KR_U42,Weekday,9,2022-08-09,10.1274,2.8886,44.2281,47.1167,6.6505
KR_U42,Weekday,6,2022-08-12,7.7283,1.5195,64.8259,66.3453,30.6067
KR_U42,Weekday,10,2022-08-15,18.9711,0.3814,28.3622,28.7436,13.8418
KR_U42,Weekday,5,2022-08-18,15.9463,1.3154,60.1696,61.485,13.0958
KR_U42,Weekday,8,2022-08-18,9.589,4.4628,10.2509,14.7137,15.728
KR_U42,Weekday,9,2022-08-25,19.1001,4.828,109.1144,113.9424,16.8013
KR_U42,Weekday,6,2022-08-29,17.2412,1.6523,36.7985,38.4507,16.4905
KR_U42,Weekday,10,2022-09-05,18.2848,3.4291,129.5405,132.9697,27.248
KR_U42,Weekday,11,2022-09-06,19.772,4.2616,10.3189,14.5806,12.1925
KR_U42,Weekday,10,2022-09-08,15.295,0.1569,42.8397,42.9967,10.8001
KR_U42,Weekday,6,2022-09-13,17.965,1.7648,67.9777,69.7425,21.6876
KR_U42,Weekday,4,2022-09-15,14.5723,2.0342,66.5308,68.565,32.9988
KR_U42,Weekday,7,2022-09-19,13.7511,3.3744,33.3496,36.724,7.4962
KR_U42,Weekday,7,2022-09-20,12.7251,3.0647,14.3415,17.4062,33.1905
KR_U42,Weekday,6,2022-09-21,19.7176,4.4666,34.3728,38.8395,7.314
KR_U42,Weekday,8,2022-09-26,17.075,2.2516,51.3076,53.5592,5.1834
KR_U42,Weekday,8,2022-09-26,16.4691,3.2108,2.7034,5.9142,24.3479
KR_U42,Weekend,9,2022-03-13,17.0237,1.456,41.3531,42.8091,8.8883
KR_U42,Weekend,8,2022-04-03,11.4958,1.6114,133.4125,135.024,1.8863
KR_U42,Weekend,7,2022-04-03,9.3385,1.7938,8.8163,10.6101,15.9729
KR_U42,Weekend,12,2022-04-09,12.9981,2.7447,6.2942,9.039,5.3843
KR_U42,Weekend,6,2022-04-17,19.989,1.6172,69.999,71.6162,16.2795
KR_U42,Weekend,5,2022-04-17,11.8799,0.5189,8.6129,9.1318,14.8732
KR_U42,Weekend,6,2022-04-23,11.4084,3.0751,14.8792,17.9543,15.8418
KR_U42,Weekend,10,2022-04-24,21.5047,1.6486,32.7245,34.3731,15.0519
KR_U42,Weekend,6,2022-04-24,16.0585,1.4087,1.1112,2.5199,12.8065
KR_U42,Weekend,5,2022-05-01,9.3537,4.3055,37.9587,42.2642,14.8481
KR_U42,Weekend,8,2022-05-08,16.3714,1.7333,37.8179,39.5512,18.6648
KR_U42,Weekend,7,2022-05-08,10.1214,1.1985,1.545,2.7435,15.3116
KR_U42,Weekend,9,2022-05-14,14.9231,2.8902,25.709,28.5992,11.6225
KR_U42,Weekend,8,2022-05-14,21.127,1.6612,7.9951,9.6562,9.491
KR_U42,Weekend,7,2022-05-22,13.8093,1.5451,60.944,62.4891,17.3866
KR_U42,Weekend,12,2022-05-29,17.984,1.4585,43.7262,45.1848,9.4529
KR_U42,Weekend,6,2022-06-04,9.0883,1.7128,21.9242,23.6369,21.7214
KR_U42,Weekend,6,2022-06-04,18.5765,1.707,7.2573,8.9643,12.8083
KR_U42,Weekend,10,2022-06-05,12.6256,1.4607,13.1942,14.6549,1.8567
KR_U42,Weekend,6,2022-06-05,8.236,1.3096,1.4323,2.7418,9.3317
KR_U42,Weekend,6,2022-06-12,23.99,1.409,44.0479,45.4569,20.1595
KR_U42,Weekend,6,2022-06-18,9.5564,1.9712,12.2418,14.213,18.9186
KR_U42,Weekend,10,2022-06-18,10.6127,1.9546,18.7118,20.6664,18.0721
KR_U42,Weekend,11,2022-06-19,9.7518,2.7525,5.689,8.4415,10.2124
KR_U42,Weekend,8,2022-07-03,14.0634,2.951,100.2216,103.1727,17.5971
KR_U42,Weekend,10,2022-07-10,13.2734,1.0243,53.6686,54.6929,18.5707
KR_U42,Weekend,11,2022-07-17,13.2626,2.5996,36.9575,39.557,1.8565
KR_U42,Weekend,8,2022-07-31,16.0849,2.1436,84.1984,86.342,17.9538
KR_U42,Weekend,10,2022-07-31,7.8664,2.217,8.055,10.2719,8.3855
KR_U42,Weekend,11,2022-08-06,11.3395,1.8003,29.6747,31.4749,1.9081
KR_U42,Weekend,8,2022-08-27,15.4332,1.972,123.3524,125.3243,1.8489
KR_U42,Weekend,7,2022-08-27,13.5628,4.4457,9.2977,13.7433,9.7196
KR_U42,Weekend,6,2022-09-04,17.8227,0.8499,73.1884,74.0383,17.3665
KR_U42,Weekend,10,2022-09-17,9.1163,1.4573,65.7218,67.1791,10.016
KR_U42,Weekend,6,2022-09-18,12.6913,1.1257,27.1331,28.2587,18.7168
KR_U64,Weekday,6,2021-10-01,9.0618,2.4079,18.5756,20.9835,3.3252
KR_U64,Weekday,9,2021-10-04,14.5526,1.4279,25.0618,26.4897,10.0
KR_U64,Weekday,4,2021-10-05,6.569,0.6571,5.6725,6.3296,14.88
KR_U64,Weekday,8,2021-10-05,7.7034,2.7789,7.5321,10.3111,27.6391
KR_U64,Weekday,8,2021-10-05,16.0333,1.4472,6.2715,7.7186,10.0021
KR_U64,Weekday,10,2021-10-07,19.2133,2.1806,36.5109,38.6915,10.216
KR_U64,Weekday,5,2021-10-12,15.446,2.0685,73.5147,75.5832,14.7138
KR_U64,Weekday,4,2021-10-15,8.3201,1.8544,52.4984,54.3527,12.3418
KR_U64,Weekday,8,2021-10-15,16.8638,0.4929,22.6569,23.1498,10.0869
KR_U64,Weekday,9,2021-10-18,8.6095,2.9017,3.3728,6.2745,10.4144
KR_U64,Weekday,9,2021-10-20,8.5342,1.2003,51.6981,52.8983,1.829
KR_U64,Weekday,5,2021-10-26,7.0657,0.8966,93.4588,94.3554,8.1485
KR_U64,Weekday,9,2021-10-26,18.7682,1.8118,8.0001,9.8119,8.391
KR_U64,Weekday,4,2021-10-27,14.8116,1.9945,12.6225,14.6169,5.9789
KR_U64,Weekday,9,2021-10-28,9.5195,1.2264,36.403,37.6295,12.9873
KR_U64,Weekday,9,2021-10-29,17.3947,1.8756,16.7882,18.6638,15.8087
KR_U64,Weekday,9,2021-10-29,17.0244,0.7949,2.0811,2.876,15.0174
KR_U64,Weekday,4,2021-11-05,9.3644,0.3746,113.0018,113.3764,17.1245
KR_U64,Weekday,1,2021-11-11,10.2489,1.2293,96.5953,97.8246,10.0534
KR_U64,Weekday,6,2021-11-12,7.4927,1.4185,9.0366,10.4551,14.1676
KR_U64,Weekday,9,2021-11-12,15.4683,2.9629,12.1006,15.0635,8.2941
KR_U64,Weekday,9,2021-11-22,6.3518,2.8265,142.4878,145.3143,26.6759
KR_U64,Weekday,5,2021-11-23,9.247,0.8926,21.5755,22.468,8.9991
KR_U64,Weekday,10,2021-11-23,16.7536,0.9044,4.5345,5.4388,13.0629
KR_U64,Weekday,9,2021-11-26,7.8398,0.8853,51.6381,52.5234,18.7682
KR_U64,Weekday,4,2021-11-26,7.5699,2.0101,5.0843,7.0944,13.9083
KR_U64,Weekday,9,2021-11-26,6.9048,1.7305,5.006,6.7366,10.5922
KR_U64,Weekday,5,2021-12-01,15.84,1.1151,54.5202,55.6352,15.1083
KR_U64,Weekday,9,2021-12-07,15.8188,1.1945,97.2375,98.432,6.2627
KR_U64,Weekday,10,2021-12-08,7.6928,0.8632,25.9823,26.8455,7.4239
KR_U64,Weekday,5,2021-12-13,8.4338,1.5782,76.5864,78.1646,7.9268
KR_U64,Weekday,9,2021-12-22,12.3984,0.7767,158.9172,159.6939,6.2628
KR_U64,Weekday,9,2021-12-23,7.8651,3.0801,24.8773,27.9574,12.151
KR_U64,Weekday,4,2021-12-29,8.3935,1.0121,97.2621,98.2742,12.485
KR_U64,Weekday,9,2022-01-07,7.2053,0.7767,160.6176,161.3943,15.9577
KR_U64,Weekday,9,2022-01-10,16.1016,2.4182,22.4001,24.8183,10.3532
KR_U64,Weekday,9,2022-01-13,16.6139,2.1825,66.6786,68.861,11.9219
KR_U64,Weekday,4,2022-01-17,7.133,3.3842,60.6715,64.0557,8.9229
KR_U64,Weekday,9,2022-01-20,4.6895,1.4088,58.0777,59.4865,11.7598
KR_U64,Weekday,9,2022-01-21,6.6279,0.5797,25.814,26.3937,14.8199
KR_U64,Weekday,4,2022-01-25,7.0777,1.8549,42.3655,44.2204,6.7519
KR_U64,Weekday,6,2022-01-25,13.0996,0.5645,1.7088,2.2733,15.7106
KR_U64,Weekday,9,2022-01-25,17.3354,3.0075,1.2509,4.2584,6.9878
KR_U64,Weekday,9,2022-01-26,19.6995,2.2953,27.7765,30.0719,9.9852
KR_U64,Weekday,5,2022-01-27,6.1255,1.3953,24.9052,26.3006,9.4998
KR_U64,Weekday,8,2022-02-02,16.6953,1.842,77.526,79.368,17.5343
KR_U64,Weekday,10,2022-02-03,4.9997,1.881,22.6349,24.5158,24.9973
KR_U64,Weekday,5,2022-02-04,8.7986,2.9192,24.142,27.0612,23.7111
KR_U64,Weekday,5,2022-02-08,9.1769,0.8586,45.1727,46.0313,9.4652
KR_U64,Weekday,10,2022-02-10,16.9052,1.5405,67.2169,68.7574,24.4362
KR_U64,Weekday,9,2022-02-14,9.5129,1.0336,46.2739,47.3076,22.1589
KR_U64,Weekday,4,2022-02-15,7.5469,1.0597,2.7879,3.8475,13.9663
KR_U64,Weekday,9,2022-02-18,4.5842,0.4217,75.0899,75.5116,6.8525
KR_U64,Weekday,9,2022-02-21,16.6744,2.6963,37.1506,39.8468,5.7287
KR_U64,Weekday,5,2022-02-22,6.8062,1.5817,17.1499,18.7316,11.8417
KR_U64,Weekday,4,2022-03-03,17.7673,3.0287,149.9711,152.9999,7.0701
KR_U64,Weekday,4,2022-03-03,16.3491,1.0472,17.7402,18.7874,7.1498
KR_U64,Weekday,9,2022-03-09,9.6356,2.7275,77.877,80.6045,22.4269
KR_U64,Weekday,5,2022-03-10,8.2293,1.8057,27.9402,29.7459,7.7834
KR_U64,Weekday,9,2022-03-10,8.7718,0.7057,2.1032,2.809,11.5747
KR_U64,Weekday,4,2022-03-11,17.4428,1.6022,17.5329,19.1351,14.2454
KR_U64,Weekday,9,2022-03-17,16.6661,2.9074,107.8236,110.731,11.0551
KR_U64,Weekday,4,2022-03-23,17.4907,0.8398,80.5759,81.4157,10.0286
KR_U64,Weekday,9,2022-03-23,8.04,3.2231,1.1026,4.3257,15.4747
KR_U64,Weekday,9,2022-03-23,18.0921,1.8221,7.6966,9.5187,13.7872
KR_U64,Weekday,4,2022-03-24,15.3453,2.4885,8.3492,10.8377,12.0492
KR_U64,Weekday,3,2022-03-28,8.2292,0.4532,44.0261,44.4793,18.7339
KR_U64,Weekday,3,2022-03-28,17.6848,0.8336,15.5933,16.4269,8.4046
KR_U64,Weekday,3,2022-03-30,4.6688,0.3987,37.2312,37.6299,19.7119
KR_U64,Weekday,5,2022-04-01,18.2985,1.1368,44.8528,45.9896,14.1733
KR_U64,Weekday,5,2022-04-01,17.4353,2.9968,1.5377,4.5345,13.3231
KR_U64,Weekday,9,2022-04-12,8.3106,1.9672,154.6373,156.6045,7.6481
KR_U64,Weekday,9,2022-04-13,6.896,0.5945,26.5179,27.1124,8.0046
KR_U64,Weekday,4,2022-04-13,8.037,2.6311,12.6318,15.2629,20.8044
KR_U64,Weekday,8,2022-04-14,18.5575,1.7303,17.4725,19.2028,6.4104
KR_U64,Weekday,4,2022-04-18,16.0321,1.6102,41.7853,43.3956,17.8049
KR_U64,Weekday,9,2022-04-19,6.7652,1.8489,32.8185,34.6674,3.0015
KR_U64,Weekday,5,2022-04-21,5.5281,1.0221,46.9126,47.9347,14.8257
KR_U64,Weekday,9,2022-04-22,15.2758,0.1224,0.9347,1.057,9.3783
KR_U64,Weekday,6,2022-04-25,18.4277,3.9301,32.2948,36.2249,18.3382
KR_U64,Weekday,9,2022-04-25,5.4293,1.0321,9.2722,10.3043,13.8544
KR_U64,Weekday,6,2022-04-28,6.1517,2.0233,66.1803,68.2036,27.4978
KR_U64,Weekday,10,2022-05-05,6.4369,1.5731,111.564,113.1372,25.9993
KR_U64,Weekday,4,2022-05-06,18.8147,1.1526,11.5029,12.6555,8.873
KR_U64,Weekday,9,2022-05-11,15.1389,0.2605,86.8683,87.1288,15.395
KR_U64,Weekday,9,2022-05-12,16.6771,2.8449,19.6807,22.5256,17.0245
KR_U64,Weekday,9,2022-05-13,7.4349,2.1391,25.0754,27.2145,12.1443
KR_U64,Weekday,9,2022-05-18,17.0463,1.4525,60.7145,62.167,11.9871
KR_U64,Weekday,4,2022-05-18,7.0581,1.0777,14.5929,15.6706,19.8409
KR_U64,Weekday,8,2022-05-20,8.7978,2.1764,30.9425,33.1189,7.6513
KR_U64,Weekday,9,2022-05-23,9.1062,1.1641,21.9745,23.1386,13.2274
KR_U64,Weekday,4,2022-05-26,15.4108,1.5136,77.1563,78.6698,11.3153
KR_U64,Weekday,8,2022-05-27,19.0995,0.394,27.4451,27.8391,19.6593
KR_U64,Weekday,8,2022-06-01,17.782,1.7994,69.7684,71.5677,2.2877
KR_U64,Weekday,10,2022-06-02,4.4574,2.6981,13.1359,15.834,19.9651
KR_U64,Weekday,9,2022-06-03,5.1429,2.5928,21.6518,24.2446,16.3199
KR_U64,Weekday,5,2022-06-06,3.7002,0.8135,17.4106,18.2241,18.0552
KR_U64,Weekday,4,2022-06-09,16.5814,2.0716,79.6208,81.6924,9.4368
KR_U64,Weekday,9,2022-06-15,6.1045,0.8575,102.9777,103.8353,4.7768
KR_U64,Weekday,4,2022-06-17,14.9895,2.5909,32.877,35.4679,13.3756
KR_U64,Weekday,5,2022-06-17,15.7213,0.9616,8.6917,9.6533,7.9469
KR_U64,Weekday,4,2022-06-20,10.5314,1.7664,15.5058,17.2722,6.1892
KR_U64,Weekday,8,2022-07-04,6.336,0.6059,238.5262,239.132,14.3311
KR_U64,Weekday,9,2022-07-07,6.3068,2.3997,73.3113,75.711,14.7755
KR_U64,Weekday,9,2022-07-18,16.5959,1.6608,154.7513,156.4121,9.5265
KR_U64,Weekday,4,2022-07-22,17.8271,1.4321,108.0602,109.4923,3.6667
KR_U64,Weekday,3,2022-07-25,9.2969,2.5034,4.6081,7.1115,9.004
KR_U64,Weekday,5,2022-07-25,19.1377,0.6682,4.7083,5.3766,19.3773
KR_U64,Weekday,4,2022-07-28,8.9361,2.5676,66.2146,68.7822,10.3783
KR_U64,Weekday,8,2022-08-02,7.631,3.8533,84.5128,88.3661,17.5322
KR_U64,Weekday,8,2022-08-03,7.7268,1.0318,10.6058,11.6376,6.611
KR_U64,Weekday,10,2022-08-03,6.5809,1.8481,7.7513,9.5994,21.9545
KR_U64,Weekday,9,2022-08-03,9.8625,2.5325,1.3365,3.869,7.3933
KR_U64,Weekday,4,2022-08-04,15.4185,0.5386,21.337,21.8756,7.4077
KR_U64,Weekday,9,2022-08-05,18.117,3.1343,7.5405,10.6748,10.2469
KR_U64,Weekday,10,2022-08-05,17.3484,2.0642,5.6879,7.7521,7.469
KR_U64,Weekday,9,2022-08-11,3.2835,1.0821,89.2559,90.338,14.9562
KR_U64,Weekday,5,2022-08-12,16.704,1.4802,20.7643,22.2445,14.3892
KR_U64,Weekday,5,2022-08-12,17.0634,2.0925,3.7748,5.8673,10.2062
KR_U64,Weekday,9,2022-08-15,8.306,1.0862,18.445,19.5312,10.5518
KR_U64,Weekday,9,2022-08-16,14.2942,2.4165,37.1115,39.528,10.8558
KR_U64,Weekday,4,2022-08-19,18.4107,0.6674,72.6394,73.3068,10.8891
KR_U64,Weekday,8,2022-08-25,9.2522,1.5347,93.1533,94.688,12.4106
KR_U64,Weekday,10,2022-08-26,4.5676,1.1487,6.5475,7.6962,5.4099
KR_U64,Weekday,9,2022-08-26,6.1,1.4518,4.1356,5.5874,7.1216
KR_U64,Weekday,4,2022-09-01,16.0521,1.9404,102.8166,104.757,11.3159
KR_U64,Weekday,3,2022-09-02,8.4681,2.4726,13.3618,15.8344,17.3963
KR_U64,Weekday,3,2022-09-05,9.3854,3.4227,19.031,22.4537,21.6203
KR_U64,Weekday,3,2022-09-12,7.9744,1.5658,121.5396,123.1054,13.1611
KR_U64,Weekday,3,2022-09-13,9.7358,3.1015,16.9408,20.0424,11.1677
KR_U64,Weekday,3,2022-09-20,6.6326,0.9432,111.4217,112.3649,23.1298
KR_U64,Weekday,4,2022-09-20,16.393,1.3317,4.0421,5.3737,2.8242
KR_U64,Weekday,3,2022-09-23,5.3261,0.9066,77.4922,78.3988,6.4091
KR_U64,Weekday,3,2022-09-28,17.0399,1.1772,62.5672,63.7443,27.1984
KR_U64,Weekday,3,2022-09-28,18.1622,1.5412,0.5583,2.0995,11.3317
KR_U64,Weekday,3,2022-09-28,8.4066,1.5938,3.198,4.7918,8.5365
KR_U64,Weekday,3,2022-09-28,6.3052,0.2152,11.9283,12.1435,7.2764
KR_U64,Weekday,4,2022-09-29,17.8185,0.8526,18.4239,19.2765,13.7373
KR_U64,Weekend,6,2021-10-16,5.6651,2.2609,99.8661,102.127,19.3902
KR_U64,Weekend,7,2021-10-17,18.6471,0.385,38.6204,39.0054,20.2962
KR_U64,Weekend,6,2021-10-30,16.722,0.4635,63.6188,64.0824,10.6583
KR_U64,Weekend,7,2021-11-14,20.5188,0.8936,113.8999,114.7935,23.1949
KR_U64,Weekend,6,2021-11-14,15.7204,1.7244,7.4728,9.1972,0.819
KR_U64,Weekend,7,2021-11-21,19.548,2.4056,45.9587,48.3643,15.7238
KR_U64,Weekend,6,2021-11-28,18.8591,4.4209,46.9256,51.3465,12.4954
KR_U64,Weekend,5,2021-12-11,9.0278,0.8672,69.8961,70.7633,9.3969
KR_U64,Weekend,9,2021-12-12,15.8584,9.2538,14.4886,23.7424,48.0083
KR_U64,Weekend,7,2021-12-18,15.3251,3.7393,3.894,7.6333,15.7567
KR_U64,Weekend,6,2021-12-26,14.9887,3.1899,67.8466,71.0366,4.1458
KR_U64,Weekend,7,2022-01-02,8.3823,9.505,38.4368,47.9418,11.9836
KR_U64,Weekend,8,2022-01-30,11.2067,5.2061,193.0685,198.2746,18.2095
KR_U64,Weekend,6,2022-02-27,7.5971,5.5305,201.1388,206.6694,11.4879
KR_U64,Weekend,5,2022-03-19,18.7751,2.2856,95.7197,98.0052,18.7432
KR_U64,Weekend,9,2022-03-19,6.2287,1.3768,14.5783,15.9551,18.5627
KR_U64,Weekend,7,2022-04-09,13.3699,1.877,140.6448,142.5218,41.1841
KR_U64,Weekend,8,2022-04-16,16.6613,1.5209,31.6688,33.1897,14.5511
KR_U64,Weekend,6,2022-04-17,18.1343,5.1426,22.4363,27.5789,10.712
KR_U64,Weekend,7,2022-04-17,20.071,0.9383,9.4637,10.402,4.6341
KR_U64,Weekend,8,2022-04-23,23.2371,5.8163,12.926,18.7424,25.5914
KR_U64,Weekend,6,2022-04-30,21.857,3.0049,43.8432,46.8481,11.8699
KR_U64,Weekend,5,2022-05-08,15.1229,2.1247,70.0381,72.1628,40.8362
KR_U64,Weekend,9,2022-05-08,20.6237,6.9419,8.2898,15.2317,1.6989
KR_U64,Weekend,7,2022-05-14,20.2704,4.8615,14.9384,19.7999,47.9998
KR_U64,Weekend,6,2022-05-15,14.8769,0.3501,16.6677,17.0178,38.3288
KR_U64,Weekend,7,2022-05-21,13.0919,2.9086,19.1209,22.0295,19.6234
KR_U64,Weekend,8,2022-05-21,17.9681,6.4718,7.0032,13.4751,16.2092
KR_U64,Weekend,6,2022-05-28,13.9771,2.5743,28.5783,31.1526,20.7778
KR_U64,Weekend,7,2022-05-29,14.9919,4.3668,17.2631,21.63,15.7946
KR_U64,Weekend,8,2022-06-04,15.7804,6.7984,35.4768,42.2752,34.8833
KR_U64,Weekend,6,2022-06-18,15.8244,2.3412,75.4243,77.7655,14.9906
KR_U64,Weekend,5,2022-06-18,20.136,3.7184,12.9947,16.7131,15.8293
KR_U64,Weekend,9,2022-07-03,20.3116,2.7131,106.2913,109.0044,9.5439
KR_U64,Weekend,7,2022-07-17,15.3177,0.7626,100.3789,101.1416,21.6262
KR_U64,Weekend,8,2022-07-24,7.8462,1.8298,44.9625,46.7923,14.7032
KR_U64,Weekend,6,2022-07-30,16.5752,4.0081,14.9716,18.9797,9.7038
KR_U64,Weekend,5,2022-07-31,11.6891,5.7879,15.9654,21.7532,7.975
KR_U64,Weekend,9,2022-08-06,19.2727,11.9236,5.4792,17.4029,11.3124
KR_U64,Weekend,7,2022-08-06,18.3513,6.7497,15.5724,22.3221,54.636
KR_U64,Weekend,6,2022-08-13,15.0247,6.1856,21.4931,27.6787,1.5586
KR_U64,Weekend,7,2022-08-27,14.6634,0.6966,94.859,95.5556,18.6673
KR_U64,Weekend,6,2022-09-18,14.7712,1.8568,176.9196,178.7764,57.564
KR_U64,Weekend,5,2022-09-24,14.5453,0.9679,20.2996,21.2675,5.9257
KR_U64,Weekend,9,2022-09-25,20.8927,1.7388,29.2247,30.9635,40.5276
KR_U186,Weekday,11,2021-10-08,22.3607,4.8237,65.2915,70.1152,14.9634
KR_U186,Weekday,10,2021-10-12,19.2261,10.847,28.6576,39.5047,21.2736
KR_U186,Weekday,10,2021-10-18,19.4075,4.9497,98.1333,103.0829,21.0916
KR_U186,Weekday,10,2021-10-27,18.8296,4.5625,151.3296,155.892,18.2422
KR_U186,Weekday,6,2021-10-29,11.1865,0.5872,60.1933,60.7805,20.0756
KR_U186,Weekday,6,2021-11-03,18.5439,4.507,58.1041,62.6111,2.3054
KR_U186,Weekday,10,2021-11-08,18.456,4.4591,72.1672,76.6263,17.7775
KR_U186,Weekday,7,2021-11-15,22.6452,3.511,112.0437,115.5547,20.8236
KR_U186,Weekday,10,2021-11-24,19.0385,3.7464,164.0624,167.8088,19.7622
KR_U186,Weekday,6,2021-11-30,19.2157,10.6644,78.9611,89.6255,17.6477
KR_U186,Weekday,6,2021-12-07,12.053,5.0206,123.1223,128.1429,23.7196
KR_U186,Weekday,10,2021-12-10,19.0567,10.3154,70.7546,81.07,20.0013
KR_U186,Weekday,10,2021-12-14,19.1311,4.3628,22.7218,27.0846,9.9301
KR_U186,Weekday,6,2021-12-16,18.805,4.7284,51.8562,56.5846,15.9044
KR_U186,Weekday,10,2021-12-20,17.8659,3.7102,36.926,40.6362,21.8182
KR_U186,Weekday,10,2021-12-24,19.1569,5.007,90.7539,95.7609,26.2742
KR_U186,Weekday,10,2021-12-28,18.526,4.0609,57.8956,61.9565,22.952
KR_U186,Weekday,10,2021-12-30,18.9161,4.7056,39.5275,44.2331,20.2201
KR_U186,Weekday,7,2022-01-05,18.6076,4.558,100.4303,104.9882,18.8701
KR_U186,Weekday,10,2022-01-10,19.2591,10.3703,50.2731,60.6434,18.5311
KR_U186,Weekday,10,2022-01-18,18.1031,3.8932,142.2499,146.1431,20.9778
KR_U186,Weekday,12,2022-01-21,18.8906,6.3761,63.5517,69.9278,20.2046
KR_U186,Weekday,10,2022-01-24,18.9939,5.4485,18.2587,23.7072,14.7401
KR_U186,Weekday,10,2022-01-27,19.1371,10.2559,60.8197,71.0756,21.1054
KR_U186,Weekday,10,2022-02-07,18.4694,4.7254,168.2578,172.9831,20.3034
KR_U186,Weekday,10,2022-02-11,19.305,3.1953,95.8115,99.0068,22.0714
KR_U186,Weekday,5,2022-02-21,21.5292,4.4848,124.6891,129.1739,19.2026
KR_U186,Weekday,6,2022-02-28,12.4704,5.2008,126.5812,131.782,21.894
KR_U186,Weekday,8,2022-03-08,11.6185,10.5559,142.2878,152.8437,20.6451
KR_U186,Weekday,11,2022-03-11,18.9368,0.2072,55.8019,56.0091,2.1864
KR_U186,Weekday,7,2022-03-21,18.8883,4.0643,148.6345,152.6988,21.8126
KR_U186,Weekday,10,2022-03-29,18.6932,0.1712,146.1777,146.3489,19.059
KR_U186,Weekday,6,2022-04-04,18.5924,3.8129,90.6417,94.4546,10.005
KR_U186,Weekday,10,2022-04-11,18.753,4.4675,110.7705,115.238,22.4007
KR_U186,Weekday,10,2022-04-14,19.7966,10.4256,72.9377,83.3633,22.7738
KR_U186,Weekday,10,2022-04-18,18.795,4.5218,32.8297,37.3515,19.4672
KR_U186,Weekday,7,2022-04-22,18.5682,3.3867,102.3443,105.731,18.6662
KR_U186,Weekday,11,2022-04-25,12.1931,0.9176,17.1161,18.0337,13.4327
KR_U186,Weekday,10,2022-04-28,18.6255,4.1943,63.6248,67.8191,23.8038
KR_U186,Weekday,10,2022-05-09,18.8143,3.6497,157.5358,161.1855,22.5761
KR_U186,Weekday,10,2022-05-18,18.651,10.5274,152.9354,163.4628,9.0732
KR_U186,Weekday,6,2022-05-24,18.8165,3.8899,110.2399,114.1299,20.2618
KR_U186,Weekday,10,2022-05-26,18.688,5.1799,31.7607,36.9407,8.9841
KR_U186,Weekday,6,2022-06-03,18.8848,4.2032,138.9485,143.1517,21.4932
KR_U186,Weekday,6,2022-06-14,20.32,4.042,169.0487,173.0907,18.36
KR_U186,Weekday,10,2022-06-16,18.9843,3.9385,43.5575,47.4961,12.9846
KR_U186,Weekday,11,2022-06-21,18.4273,5.253,61.4112,66.6641,17.3482
KR_U186,Weekday,10,2022-06-23,18.8973,4.663,49.0074,53.6705,19.3696
KR_U186,Weekday,10,2022-07-04,18.642,4.306,159.1343,163.4403,22.2217
KR_U186,Weekday,10,2022-07-06,18.7974,4.8455,47.3711,52.2165,19.7901
KR_U186,Weekday,10,2022-07-08,18.7081,5.1228,32.3757,37.4985,24.7224
KR_U186,Weekday,6,2022-07-14,18.4498,4.4205,103.2887,107.7091,18.8491
KR_U186,Weekday,6,2022-07-20,12.5384,10.6998,92.8491,103.5489,20.9341
KR_U186,Weekday,10,2022-07-25,19.1438,3.5177,54.3573,57.8751,16.5944
KR_U186,Weekday,6,2022-08-01,18.9953,3.9528,116.6602,120.613,18.4247
KR_U186,Weekday,10,2022-08-02,18.9164,4.8726,27.0569,31.9294,20.1127
KR_U186,Weekday,10,2022-08-10,18.6989,10.2765,134.2679,144.5444,21.1545
KR_U186,Weekday,10,2022-08-17,18.931,5.0194,103.1568,108.1762,16.1055
KR_U186,Weekday,10,2022-08-22,19.4784,4.8681,86.7076,91.5757,20.6502
KR_U186,Weekday,10,2022-08-30,19.3547,10.0173,131.4915,141.5088,11.1506
KR_U186,Weekday,10,2022-09-01,19.1681,4.1208,39.4576,43.5784,21.8478
KR_U186,Weekday,10,2022-09-06,19.1165,10.8855,55.2779,66.1634,16.3495
KR_U186,Weekday,10,2022-09-09,18.9485,5.2436,57.3346,62.5782,19.3426
KR_U186,Weekday,10,2022-09-13,18.4228,5.5588,49.331,54.8898,18.4621
KR_U186,Weekday,10,2022-09-15,18.5133,0.2374,53.7223,53.9597,16.6132
KR_U186,Weekday,6,2022-09-21,19.3793,5.1185,84.5028,89.6213,19.7553
KR_U186,Weekday,6,2022-09-23,19.0036,1.9664,51.5814,53.5477,21.4369
KR_U186,Weekend,6,2021-10-16,18.6289,3.97,47.7945,51.7646,11.3553
KR_U186,Weekend,8,2021-10-23,12.9245,0.2707,53.7166,53.9872,21.6938
KR_U186,Weekend,6,2021-10-23,19.3732,4.7237,3.0131,7.7368,11.7054
KR_U186,Weekend,8,2021-11-20,15.1621,4.6181,178.6838,183.3019,10.3875
KR_U186,Weekend,10,2021-11-28,17.1389,4.895,70.9172,75.8122,14.7047
KR_U186,Weekend,5,2022-01-08,10.8974,4.9232,246.6554,251.5786,26.8434
KR_U186,Weekend,7,2022-01-09,21.8289,0.2434,28.1776,28.421,20.4692
KR_U186,Weekend,1,2022-01-09,23.99,0.2381,18.7385,18.9767,12.0893
KR_U186,Weekend,4,2022-01-23,22.1882,2.8453,82.8731,85.7183,9.0531
KR_U186,Weekend,12,2022-02-05,15.4206,4.0625,71.4666,75.529,15.8285
KR_U186,Weekend,9,2022-02-06,11.7373,10.7271,0.9774,11.7044,18.969
KR_U186,Weekend,11,2022-02-06,11.0593,4.1286,1.1202,5.2488,23.0693
KR_U186,Weekend,7,2022-02-13,14.3162,0.3064,40.4145,40.7209,26.7646
KR_U186,Weekend,10,2022-03-06,16.9885,6.4148,153.9692,160.3841,12.0515
KR_U186,Weekend,10,2022-03-19,14.4403,5.092,48.799,53.891,21.5219
KR_U186,Weekend,10,2022-04-02,13.8392,10.9626,104.9976,115.9602,19.7877
KR_U186,Weekend,5,2022-04-03,17.6639,4.9894,9.398,14.3874,14.3695
KR_U186,Weekend,7,2022-06-19,10.1027,2.48,516.1438,518.6238,11.5855
KR_U186,Weekend,1,2022-06-25,18.7219,5.5842,37.7672,43.3514,18.3928
KR_U186,Weekend,1,2022-07-23,12.1175,4.504,170.6231,175.127,16.1364
KR_U186,Weekend,5,2022-08-06,12.5073,11.3041,82.3508,93.655,18.4437
KR_U186,Weekend,7,2022-08-07,14.4227,3.8129,36.7718,40.5846,28.8801
KR_U186,Weekend,10,2022-08-21,13.2775,5.6648,94.392,100.0568,6.4376
KR_U199,Weekday,8,2022-01-27,22.5836,2.4205,67.7282,70.1488,16.0704
KR_U199,Weekday,11,2022-01-28,21.1993,1.4757,17.979,19.4547,8.335
KR_U199,Weekday,10,2022-01-31,18.383,10.8408,16.9483,27.7891,17.3388
KR_U199,Weekday,11,2022-02-11,21.0263,2.4126,192.4471,194.8597,13.5619
KR_U199,Weekday,10,2022-02-14,20.1294,1.7056,33.7626,35.4682,21.8331
KR_U199,Weekday,11,2022-02-24,21.2782,1.4905,190.2785,191.769,17.0303
KR_U199,Weekday,11,2022-02-25,21.2177,1.3093,33.4313,34.7406,18.4429
KR_U199,Weekday,12,2022-03-03,15.6663,1.8939,87.7628,89.6568,5.2689
KR_U199,Weekday,10,2022-03-04,18.8323,10.7009,11.9632,22.6641,11.2695
KR_U199,Weekday,10,2022-03-09,18.9974,2.0844,58.4025,60.4869,14.9346
KR_U199,Weekday,10,2022-03-10,19.8105,1.7776,31.8586,33.6362,23.1345
KR_U199,Weekday,11,2022-03-14,20.0827,1.6196,40.718,42.3376,18.8027
KR_U199,Weekday,11,2022-03-15,20.4689,1.0693,23.1355,24.2048,11.676
KR_U199,Weekday,11,2022-03-17,20.5905,1.6031,43.4732,45.0763,16.1525
KR_U199,Weekday,10,2022-03-18,18.6169,2.3548,33.433,35.7878,17.5647
KR_U199,Weekday,11,2022-03-22,21.4212,2.7641,39.7887,42.5528,12.4285
KR_U199,Weekday,11,2022-03-24,20.1722,1.7799,46.6406,48.4205,14.1862
KR_U199,Weekday,10,2022-03-28,18.1074,2.2165,43.727,45.9434,15.3871
KR_U199,Weekday,10,2022-03-29,19.3906,2.3911,28.3822,30.7733,16.7115
KR_U199,Weekday,11,2022-03-30,20.5706,1.7891,24.373,26.1621,12.766
KR_U199,Weekday,10,2022-03-31,19.8118,1.5083,21.9327,23.441,19.8672
KR_U199,Weekday,11,2022-04-01,21.7598,1.9737,16.3467,18.3204,16.662
KR_U199,Weekday,9,2022-04-05,21.2489,2.0255,47.5167,49.5422,13.9068
KR_U199,Weekday,12,2022-04-07,20.6719,2.0829,46.5426,48.6255,17.6811
KR_U199,Weekday,10,2022-04-11,19.7804,1.7416,40.2701,42.0118,17.5951
KR_U199,Weekday,11,2022-04-12,20.0505,2.3255,27.7078,30.0334,10.4461
KR_U199,Weekday,11,2022-04-18,20.7651,0.7573,89.2796,90.0369,18.7493
KR_U199,Weekday,11,2022-04-21,20.9291,2.0803,84.8592,86.9394,10.7453
KR_U199,Weekday,11,2022-04-26,21.6357,2.0586,69.3981,71.4567,16.8951
KR_U199,Weekday,10,2022-04-29,19.1665,10.679,52.385,63.064,15.977
KR_U199,Weekday,11,2022-05-03,21.2129,11.006,40.2213,51.2273,19.1625
KR_U199,Weekday,11,2022-05-04,21.1771,2.3407,19.0866,21.4273,2.8305
KR_U199,Weekday,8,2022-05-09,14.3618,2.8804,71.2727,74.1531,12.647
KR_U199,Weekday,11,2022-05-11,20.9525,1.7249,48.9135,50.6383,19.604
KR_U199,Weekday,12,2022-05-17,19.3477,10.5547,71.2918,81.8464,15.9744
KR_U199,Weekday,12,2022-05-20,21.4256,2.4693,66.9573,69.4265,14.7075
KR_U199,Weekday,10,2022-05-24,18.3022,1.3236,45.9276,47.2512,14.5221
KR_U199,Weekday,9,2022-05-26,20.8531,2.3827,65.413,67.7957,12.6363
KR_U199,Weekday,5,2022-05-27,19.5118,2.6703,15.7759,18.4462,18.2617
KR_U199,Weekday,9,2022-05-30,18.8367,1.5181,24.0002,25.5183,18.4691
KR_U199,Weekday,10,2022-06-07,17.9231,1.0757,141.6472,142.7229,16.4489
KR_U199,Weekday,11,2022-06-08,21.3637,2.2127,20.156,22.3686,18.4093
KR_U199,Weekday,10,2022-06-10,18.016,2.5241,39.0556,41.5797,20.6543
KR_U199,Weekday,11,2022-06-13,20.7326,2.0531,26.3579,28.411,18.7842
KR_U199,Weekday,12,2022-06-14,16.6301,1.793,14.49,16.283,19.651
KR_U199,Weekday,10,2022-06-14,18.1104,2.1429,15.5061,17.6489,16.8704
KR_U199,Weekday,11,2022-06-15,21.0602,2.1223,21.9658,24.0882,12.5404
KR_U199,Weekday,11,2022-06-21,20.1428,2.2156,73.0959,75.3116,11.5818
KR_U199,Weekday,11,2022-06-23,20.764,0.9875,59.0749,60.0624,15.6053
KR_U199,Weekday,10,2022-06-24,18.5795,2.0555,24.5529,26.6084,14.0957
KR_U199,Weekday,11,2022-06-30,21.1545,2.0108,81.5498,83.5606,15.4031
KR_U199,Weekday,11,2022-07-01,21.1046,2.5521,23.4194,25.9715,18.4377
KR_U199,Weekday,12,2022-07-06,21.1904,1.6995,66.2304,67.9299,19.0231
KR_U199,Weekday,10,2022-07-13,19.4167,10.6781,110.4308,121.1088,12.5269
KR_U199,Weekday,5,2022-07-14,18.6224,10.5349,20.093,30.6279,8.0696
KR_U199,Weekday,9,2022-07-20,20.7018,1.6342,106.8751,108.5093,15.4272
KR_U199,Weekday,10,2022-07-22,18.43,10.673,23.8898,34.5629,11.8292
KR_U199,Weekday,9,2022-07-26,20.935,1.025,48.0347,49.0597,14.8507
KR_U199,Weekday,11,2022-07-27,21.2255,2.5444,14.5661,17.1105,14.062
KR_U199,Weekday,11,2022-07-28,20.7255,1.9767,22.8252,24.8019,17.4946
KR_U199,Weekday,9,2022-07-28,20.8861,2.1235,14.0226,16.1462,18.4605
KR_U199,Weekday,10,2022-08-01,19.6474,2.4103,43.6029,46.0132,17.5072
KR_U199,Weekday,11,2022-08-02,20.7211,1.9772,19.1785,21.1557,17.5099
KR_U199,Weekday,8,2022-08-04,11.789,2.2744,48.4805,50.7549,13.0631
KR_U199,Weekday,10,2022-08-05,19.0494,2.9504,19.751,22.7014,22.8883
KR_U199,Weekday,9,2022-08-08,22.8645,1.3137,18.5149,19.8286,16.2336
KR_U199,Weekday,10,2022-08-09,18.5613,2.3935,30.1644,32.5579,17.0779
KR_U199,Weekday,9,2022-08-11,16.2122,1.7659,27.7377,29.5036,17.2161
KR_U199,Weekday,5,2022-08-17,16.7223,10.8787,101.0696,111.9482,13.7834
KR_U199,Weekday,9,2022-08-18,18.4653,2.266,26.7251,28.9911,19.2827
KR_U199,Weekday,10,2022-08-23,19.535,1.1002,64.4263,65.5265,17.9124
KR_U199,Weekday,10,2022-08-24,19.0607,10.8862,16.4019,27.2881,11.3815
KR_U199,Weekday,8,2022-08-30,20.0062,1.5341,95.6562,97.1903,17.4047
KR_U199,Weekday,10,2022-08-31,19.6786,10.5866,14.4095,24.9961,18.7806
KR_U199,Weekday,11,2022-09-02,20.7635,1.0976,32.5941,33.6917,13.0806
KR_U199,Weekday,11,2022-09-07,21.0886,2.5966,67.6131,70.2097,14.6227
KR_U199,Weekday,11,2022-09-09,21.6075,1.3842,46.1485,47.5327,18.055
KR_U199,Weekday,10,2022-09-12,20.2656,2.1879,31.888,34.0759,15.4675
KR_U199,Weekday,10,2022-09-13,18.0728,2.4289,29.4669,31.8958,13.181
KR_U199,Weekday,11,2022-09-15,21.606,1.7906,23.5508,25.3414,9.0217
KR_U199,Weekday,11,2022-09-19,21.0784,2.8367,49.1889,52.0257,9.9642
KR_U199,Weekday,10,2022-09-23,17.9605,10.75,80.9146,91.6646,20.8809
KR_U199,Weekday,9,2022-09-23,18.4739,1.8271,0.9448,2.772,9.4688
KR_U199,Weekend,9,2022-02-05,20.3279,2.0804,50.393,52.4734,5.6267
KR_U199,Weekend,9,2022-02-19,15.661,6.4294,104.6958,111.1253,43.4345
KR_U199,Weekend,9,2022-02-27,19.115,2.2115,73.0919,75.3034,42.8677
KR_U199,Weekend,9,2022-03-05,20.361,2.1567,22.0748,24.2314,9.814
KR_U199,Weekend,9,2022-03-27,10.6801,4.5694,156.6792,161.2486,12.5477
KR_U199,Weekend,9,2022-04-09,15.4069,7.3312,67.5686,74.8998,31.2035
KR_U199,Weekend,9,2022-04-10,15.2973,2.6512,22.5488,25.2,12.2827
KR_U199,Weekend,10,2022-04-17,16.7199,5.8344,23.6037,29.438,4.8523
KR_U199,Weekend,10,2022-04-24,18.7153,1.4665,44.8623,46.3288,3.4373
KR_U199,Weekend,5,2022-04-24,14.7494,1.2229,19.5401,20.763,14.5881
KR_U199,Weekend,9,2022-04-30,16.688,0.8479,13.5366,14.3845,29.9902
KR_U199,Weekend,9,2022-05-29,16.8577,1.4876,203.7126,205.2002,14.5016
KR_U199,Weekend,10,2022-06-04,13.1216,3.6433,19.9236,23.5669,1.0231
KR_U199,Weekend,5,2022-06-05,12.7454,6.34,23.389,29.729,26.2817
KR_U199,Weekend,9,2022-06-12,9.3582,1.2077,41.3134,42.5211,58.1737
KR_U199,Weekend,9,2022-06-18,18.4879,4.9464,24.8322,29.7785,16.1077
KR_U199,Weekend,9,2022-07-10,13.8015,9.5203,174.4847,184.005,5.5397
KR_U199,Weekend,9,2022-07-16,17.6379,4.9412,13.4699,18.411,43.8143
KR_U199,Weekend,9,2022-07-17,11.0319,0.5068,7.7626,8.2694,13.5451
KR_U199,Weekend,10,2022-07-17,14.4604,0.6459,7.1175,7.7633,16.7344
KR_U199,Weekend,9,2022-07-23,17.7207,5.0458,14.4885,19.5343,15.8391
KR_U199,Weekend,9,2022-07-24,21.3336,4.2172,17.532,21.7492,14.1912
KR_U199,Weekend,10,2022-07-30,16.5383,1.5885,24.5595,26.1481,44.2059
KR_U199,Weekend,9,2022-08-13,19.2166,4.4368,97.2236,101.6604,14.2192
KR_U199,Weekend,10,2022-08-21,12.662,0.6311,64.8756,65.5067,13.4369
KR_U199,Weekend,9,2022-08-21,12.7632,0.8909,7.2331,8.1239,26.3513
KR_U199,Weekend,9,2022-08-27,17.8378,6.3813,25.5082,31.8895,10.9308
KR_U199,Weekend,9,2022-08-28,16.513,3.5869,20.61,24.1969,19.6779
KR_U199,Weekend,9,2022-09-03,13.1482,6.5614,17.9695,24.5308,11.5427
KR_U199,Weekend,10,2022-09-10,15.7677,4.5911,25.2836,29.8747,57.1404
KR_U199,Weekend,9,2022-09-10,16.4133,12.0384,8.2232,20.2616,19.1918
KR_U199,Weekend,9,2022-09-17,12.1202,4.9105,41.6629,46.5734,10.821
KR_U199,Weekend,9,2022-09-18,15.7331,1.0045,12.003,13.0075,43.6214
KR_U291,Weekday,8,2021-10-13,16.546,4.8582,148.759,153.6172,24.1127
KR_U291,Weekday,9,2021-10-20,17.4402,0.6375,110.8274,111.4649,29.5065
KR_U291,Weekday,8,2021-10-21,10.7112,10.7963,27.9046,38.7008,17.1503
KR_U291,Weekday,11,2021-10-29,15.3607,4.0578,132.8415,136.8992,23.6145
KR_U291,Weekday,11,2021-11-02,18.1694,4.796,42.1513,46.9473,43.8866
KR_U291,Weekday,9,2021-11-08,17.522,0.0134,101.6627,101.6761,23.3369
KR_U291,Weekday,8,2021-11-10,17.458,4.0868,40.8306,44.9175,44.7539
KR_U291,Weekday,6,2021-11-19,17.4657,6.8094,160.3256,167.135,13.0113
KR_U291,Weekday,8,2021-11-24,21.254,2.5554,61.2508,63.8062,16.6768
KR_U291,Weekday,9,2021-11-29,16.343,4.1569,83.0683,87.2252,5.1652
KR_U291,Weekday,9,2021-12-06,17.5487,3.4848,100.7213,104.2061,37.6105
KR_U291,Weekday,9,2021-12-08,17.4758,1.518,69.5153,71.0333,27.651
KR_U291,Weekday,9,2021-12-13,17.5464,3.9441,46.0467,49.9908,41.5118
KR_U291,Weekday,9,2021-12-15,16.3192,3.7167,59.8435,63.5603,27.5052
KR_U291,Weekday,11,2021-12-20,10.7173,10.5902,50.3753,60.9655,28.1835
KR_U291,Weekday,9,2021-12-22,17.5458,10.8432,41.1612,52.0044,34.0605
KR_U291,Weekday,6,2021-12-27,18.8423,10.5579,73.2268,83.7847,16.6606
KR_U291,Weekday,8,2021-12-28,18.877,3.0283,5.4638,8.4922,17.7304
KR_U291,Weekday,9,2021-12-31,17.2548,4.7984,75.8797,80.6781,27.5433
KR_U291,Weekday,7,2022-01-07,13.0447,3.8532,112.6339,116.4871,26.6371
KR_U291,Weekday,10,2022-01-13,14.9891,11.0905,80.6476,91.7381,11.8057
KR_U291,Weekday,7,2022-01-18,17.119,10.449,55.9651,66.4141,29.5876
KR_U291,Weekday,10,2022-01-20,19.1568,1.2739,47.33,48.6039,20.0255
KR_U291,Weekday,6,2022-01-26,10.4662,4.9333,92.7905,97.7239,32.8853
KR_U291,Weekday,8,2022-01-28,13.0786,5.6885,49.7281,55.4166,26.9001
KR_U291,Weekday,9,2022-02-01,17.5921,4.4967,55.2361,59.7329,22.05
KR_U291,Weekday,6,2022-02-02,10.3399,4.4146,14.349,18.7636,35.0202
KR_U291,Weekday,10,2022-02-11,14.3874,4.4445,165.8416,170.2861,22.1721
KR_U291,Weekday,6,2022-02-15,18.0638,10.9705,38.4916,49.4621,19.0839
KR_U291,Weekday,8,2022-02-22,17.5998,3.0391,98.8799,101.919,17.2095
KR_U291,Weekday,6,2022-02-22,16.4877,2.0111,17.6139,19.625,23.6795
KR_U291,Weekday,7,2022-02-23,19.6106,3.2136,1.9323,5.1459,49.1207
KR_U291,Weekday,9,2022-03-02,17.5455,10.8376,115.8355,126.6731,25.8257
KR_U291,Weekday,11,2022-03-09,19.4897,10.9926,98.7903,109.7829,41.9901
KR_U291,Weekday,9,2022-03-18,17.3936,1.1709,187.3683,188.5392,49.2661
KR_U291,Weekday,9,2022-03-30,17.3855,4.3324,187.4032,191.7356,25.485
KR_U291,Weekday,11,2022-04-11,18.5879,3.9333,190.4023,194.3356,22.6627
KR_U291,Weekday,9,2022-04-20,17.2725,5.6812,161.3289,167.0101,37.729
KR_U291,Weekday,9,2022-04-22,17.5218,4.2916,25.856,30.1476,43.4839
KR_U291,Weekday,11,2022-04-26,10.4407,3.9018,50.6805,54.5824,23.8455
KR_U291,Weekday,9,2022-04-28,17.4226,3.8067,34.9608,38.7675,8.6084
KR_U291,Weekday,6,2022-05-02,16.6234,2.377,57.7605,60.1375,26.1951
KR_U291,Weekday,10,2022-05-12,15.907,4.5165,194.5078,199.0242,23.6414
KR_U291,Weekday,8,2022-05-23,17.4603,3.3995,151.0445,154.4441,38.0766
KR_U291,Weekday,8,2022-05-27,18.0172,2.3295,100.6649,102.9944,24.8201
KR_U291,Weekday,6,2022-06-01,21.6034,6.5443,57.4897,64.034,49.7671
KR_U291,Weekday,8,2022-06-06,18.1452,3.944,78.3796,82.3235,37.1962
KR_U291,Weekday,9,2022-06-15,16.3964,2.2703,162.094,164.3642,45.0593
KR_U291,Weekday,9,2022-06-15,17.4277,3.6066,6.1856,9.7922,17.2301
KR_U291,Weekday,9,2022-06-21,17.484,4.2481,90.0221,94.2701,33.8892
KR_U291,Weekday,7,2022-06-29,21.5318,6.7415,126.7188,133.4602,36.1955
KR_U291,Weekday,9,2022-07-05,16.2733,4.0092,99.5747,103.5839,8.7797
KR_U291,Weekday,8,2022-07-06,10.3778,3.7056,11.0962,14.8018,16.3713
KR_U291,Weekday,8,2022-07-06,16.4305,3.542,4.3404,7.8824,17.1433
KR_U291,Weekday,11,2022-07-07,14.1894,2.612,22.3159,24.9279,30.5357
KR_U291,Weekday,6,2022-07-12,18.7729,5.0027,71.0506,76.0533,16.441
KR_U291,Weekday,9,2022-07-22,17.4338,1.634,187.7981,189.4321,21.1995
KR_U291,Weekday,11,2022-07-25,21.9964,6.8348,12.4421,19.2769,24.7923
KR_U291,Weekday,9,2022-08-03,17.2719,5.3476,156.568,161.9156,33.9827
KR_U291,Weekday,9,2022-08-11,17.393,4.6798,145.1354,149.8152,29.7949
KR_U291,Weekday,9,2022-08-22,17.5919,4.3376,159.4747,163.8123,28.1859
KR_U291,Weekday,6,2022-08-30,18.8696,3.866,144.6908,148.5568,24.1236
KR_U291,Weekday,8,2022-09-05,16.3785,4.2855,91.6737,95.9593,38.7053
KR_U291,Weekday,9,2022-09-08,17.4103,4.3052,76.5033,80.8084,54.7351
KR_U291,Weekday,6,2022-09-15,10.4426,2.1531,98.0607,100.2138,29.9917
KR_U291,Weekday,7,2022-09-16,16.1811,3.425,29.1582,32.5832,23.6342
KR_U291,Weekday,7,2022-09-19,17.3722,5.8336,13.6345,19.468,32.3087
KR_U291,Weekday,10,2022-09-27,18.3704,5.1076,131.1118,136.2194,21.1563
KR_U291,Weekend,7,2021-10-31,19.5628,3.4214,164.8323,168.2537,27.047
KR_U291,Weekend,9,2021-11-27,17.6342,3.2052,187.0361,190.2412,17.447
KR_U291,Weekend,11,2021-12-12,16.4015,3.046,102.935,105.981,42.2696
KR_U291,Weekend,9,2021-12-19,16.6615,0.7787,47.7373,48.5159,13.1883
KR_U291,Weekend,11,2021-12-25,17.2633,3.9348,17.5687,21.5035,2.3052
KR_U291,Weekend,10,2022-01-01,22.7108,0.2915,50.1748,50.4663,24.171
KR_U291,Weekend,7,2022-01-09,13.5519,2.2933,67.1393,69.4326,37.9241
KR_U291,Weekend,9,2022-01-15,17.8432,1.5175,28.0334,29.5509,27.5351
KR_U291,Weekend,8,2022-02-05,20.7346,1.7897,146.8228,148.6125,29.6564
KR_U291,Weekend,9,2022-03-05,13.8509,2.2844,185.8253,188.1098,25.0293
KR_U291,Weekend,11,2022-03-06,19.4564,4.3383,22.837,27.1753,23.5435
KR_U291,Weekend,9,2022-03-26,19.685,0.409,112.9933,113.4023,22.004
KR_U291,Weekend,11,2022-04-10,19.7896,4.6237,109.1442,113.7679,6.2025
KR_U291,Weekend,9,2022-04-16,17.7069,10.8684,21.6606,32.529,9.258
KR_U291,Weekend,7,2022-04-17,17.1202,4.9359,16.4721,21.408,18.7745
KR_U291,Weekend,8,2022-04-24,15.5803,2.2201,50.1906,52.4107,21.1985
KR_U291,Weekend,9,2022-05-01,21.776,2.406,45.4203,47.8263,21.9297
KR_U291,Weekend,11,2022-05-07,17.0094,1.0373,31.7886,32.8259,10.2349
KR_U291,Weekend,10,2022-05-29,16.9404,2.5502,147.4243,149.9745,22.8999
KR_U291,Weekend,9,2022-06-04,14.8462,6.3521,25.61,31.962,7.1208
KR_U291,Weekend,6,2022-06-05,14.1771,2.7106,31.1553,33.8659,36.7163
KR_U291,Weekend,10,2022-06-11,19.3793,4.2596,14.7598,19.0194,21.6545
KR_U291,Weekend,9,2022-06-12,17.458,2.1766,23.2487,25.4253,21.9089
KR_U291,Weekend,10,2022-06-26,17.0314,10.7771,79.971,90.7481,17.5224
KR_U291,Weekend,11,2022-07-16,19.1216,2.1553,116.1336,118.2889,20.2039
KR_U291,Weekend,10,2022-07-17,14.0235,5.0218,10.237,15.2589,24.3848
KR_U291,Weekend,10,2022-07-23,15.4946,4.9256,27.7815,32.7072,40.9458
KR_U291,Weekend,9,2022-07-30,15.9895,0.0346,55.9124,55.9471,29.8993
KR_U291,Weekend,7,2022-07-31,17.6768,4.8985,23.1401,28.0386,60.7682
KR_U291,Weekend,8,2022-08-13,9.1173,4.5869,49.0051,53.592,18.8335
KR_U291,Weekend,12,2022-08-20,17.6992,3.483,51.8826,55.3656,31.7193
KR_U291,Weekend,9,2022-09-03,16.9099,10.863,76.3983,87.2613,11.8349
KR_U291,Weekend,10,2022-09-04,14.0011,3.7987,26.1888,29.9875,14.6786
KR_U291,Weekend,11,2022-09-11,13.9364,2.7485,42.4576,45.2061,1.392
KR_U280,Weekday,3,2022-02-14,6.2081,5.831,84.9321,90.7631,56.1652
KR_U280,Weekday,3,2022-02-15,0.6174,4.7241,13.7762,18.5003,54.7498
KR_U280,Weekday,3,2022-02-16,21.3041,5.0758,14.4188,19.4946,39.012
KR_U280,Weekday,3,2022-02-17,22.3558,4.7989,12.4941,17.2929,62.0945
KR_U280,Weekday,3,2022-02-18,1.529,6.3566,19.2254,25.5821,49.2851
KR_U280,Weekday,3,2022-02-22,3.0694,7.4259,57.8702,65.2961,52.3606
KR_U280,Weekday,3,2022-02-25,1.4348,6.0046,59.1469,65.1515,41.194
KR_U280,Weekday,1,2022-02-25,0.4846,4.7307,1.1824,5.9131,49.1891
KR_U280,Weekday,1,2022-03-02,0.8685,5.7842,65.4262,71.2104,26.5269
KR_U280,Weekday,2,2022-03-04,0.5065,2.3917,32.439,34.8306,16.9747
KR_U280,Weekday,1,2022-03-08,0.7239,7.2944,42.8704,50.1648,34.4736
KR_U280,Weekday,12,2022-03-10,1.7026,6.4687,39.9591,46.4278,32.5976
KR_U280,Weekday,12,2022-03-14,2.2872,8.6705,35.0421,43.7127,52.0602
KR_U280,Weekday,1,2022-03-18,0.5487,7.5525,93.2576,100.8101,20.4541
KR_U280,Weekday,1,2022-03-21,0.7113,6.8086,21.0083,27.8168,46.4191
KR_U280,Weekday,3,2022-03-22,22.1742,7.1923,14.7283,21.9206,54.7384
KR_U280,Weekday,3,2022-03-23,6.5756,7.8967,15.2371,23.1338,34.0911
KR_U280,Weekday,3,2022-03-23,1.1086,6.4658,1.0868,7.5527,55.3776
KR_U280,Weekday,4,2022-03-28,0.3652,9.7486,60.1283,69.8769,25.1951
KR_U280,Weekday,2,2022-03-29,6.5957,6.9907,20.2866,27.2773,28.0944
KR_U280,Weekday,3,2022-04-01,6.4546,11.7425,56.7473,68.4898,42.6147
KR_U280,Weekday,3,2022-04-06,5.6702,4.7923,61.0311,65.8234,34.8667
KR_U280,Weekday,3,2022-04-15,0.4232,4.4687,175.4084,179.8771,56.2072
KR_U280,Weekday,3,2022-04-19,5.9691,5.6368,31.3414,36.9782,41.9304
KR_U280,Weekday,3,2022-04-20,1.7917,8.6017,16.2792,24.8809,40.8814
KR_U280,Weekday,4,2022-04-25,1.7682,8.2262,65.3488,73.575,56.145
KR_U280,Weekday,2,2022-04-29,5.4459,9.2915,77.6312,86.9227,53.5982
KR_U280,Weekday,2,2022-05-03,1.3136,6.3347,41.2526,47.5873,23.9412
KR_U280,Weekday,2,2022-05-03,0.9433,5.9244,16.179,22.1034,57.6283
KR_U280,Weekday,3,2022-05-06,0.3797,7.8671,51.8161,59.6831,41.9497
KR_U280,Weekday,4,2022-05-09,2.324,3.2646,21.1551,24.4197,38.356
KR_U280,Weekday,1,2022-05-10,0.4224,5.2941,13.1343,18.4283,29.9117
KR_U280,Weekday,1,2022-05-18,1.8656,3.5011,139.7437,143.2448,29.363
KR_U280,Weekday,2,2022-05-19,5.6823,4.5621,24.0182,28.5803,56.5348
KR_U280,Weekday,12,2022-05-24,2.5413,2.685,83.8829,86.5678,34.2289
KR_U280,Weekday,1,2022-05-27,0.2366,8.8943,39.5127,48.407,25.1262
KR_U280,Weekday,1,2022-05-30,1.2275,2.2295,42.779,45.0084,19.2646
KR_U280,Weekday,2,2022-06-02,6.1474,10.1312,43.7264,53.8576,38.4866
KR_U280,Weekday,3,2022-06-03,0.9941,5.1114,15.9085,21.0199,58.2769
KR_U280,Weekday,3,2022-06-09,2.4703,3.041,110.1587,113.1997,32.1831
KR_U280,Weekday,3,2022-06-16,1.0895,4.0875,102.2801,106.3676,58.2551
KR_U280,Weekday,4,2022-06-17,6.5737,12.2102,20.8308,33.041,46.7735
KR_U280,Weekday,4,2022-06-22,4.8833,2.5332,73.5646,76.0978,64.0127
KR_U280,Weekday,1,2022-06-23,1.0839,3.8187,16.5274,20.3461,40.6456
KR_U280,Weekday,2,2022-06-28,2.4879,8.9898,56.3685,65.3583,23.3544
KR_U280,Weekday,3,2022-06-29,6.3624,5.1634,31.3605,36.5239,43.5829
KR_U280,Weekday,1,2022-07-06,0.6501,9.5919,95.0539,104.6458,31.1564
KR_U280,Weekday,1,2022-07-07,0.6942,7.8696,20.0229,27.8925,31.3114
KR_U280,Weekday,12,2022-07-08,1.7043,5.1901,16.6637,21.8539,74.5047
KR_U280,Weekday,1,2022-07-08,0.9781,7.9354,1.3723,9.3076,32.3131
KR_U280,Weekday,12,2022-07-11,20.9108,7.3392,12.8936,20.2328,39.9924
KR_U280,Weekday,1,2022-07-12,1.9368,3.8204,17.8083,21.6287,41.9095
KR_U280,Weekday,1,2022-07-13,1.1971,6.6813,19.2804,25.9617,19.0943
KR_U280,Weekday,2,2022-07-14,23.6766,4.1809,11.7258,15.9067,51.8867
KR_U280,Weekday,4,2022-07-19,5.9658,6.6404,70.5342,77.1746,28.3433
KR_U280,Weekday,3,2022-07-20,1.5592,4.2796,19.3293,23.609,43.7515
KR_U280,Weekday,3,2022-07-27,6.402,7.4553,110.3724,117.8277,36.8854
KR_U280,Weekday,3,2022-08-05,0.1209,8.1446,157.5131,165.6576,56.2046
KR_U280,Weekday,3,2022-08-09,5.7136,6.8599,48.5092,55.3691,32.0506
KR_U280,Weekday,3,2022-08-12,21.3633,5.1317,65.6385,70.7702,55.87
KR_U280,Weekday,3,2022-08-15,4.2411,5.777,17.824,23.601,25.9231
KR_U280,Weekday,3,2022-08-16,23.0643,8.3443,14.3024,22.6467,61.6033
KR_U280,Weekday,1,2022-08-17,1.0027,4.2759,22.813,27.0889,49.2197
KR_U280,Weekday,4,2022-08-18,6.6414,5.8838,17.2803,23.1641,30.8552
KR_U280,Weekday,1,2022-08-24,0.5016,7.6893,96.4923,104.1816,47.7258
KR_U280,Weekday,1,2022-08-30,1.3992,10.3593,90.6465,101.0058,34.5716
KR_U280,Weekday,11,2022-09-01,5.559,7.2287,19.7018,26.9304,51.3269
KR_U280,Weekday,12,2022-09-05,20.2414,5.7719,48.7467,54.5186,43.396
KR_U280,Weekday,11,2022-09-08,2.6519,7.1286,59.3966,66.5252,56.8047
KR_U280,Weekday,1,2022-09-09,0.9598,5.0003,22.0147,27.0151,39.6799
KR_U280,Weekday,1,2022-09-14,1.3016,7.1398,66.0848,73.2246,38.7856
KR_U280,Weekday,1,2022-09-15,0.0294,3.4593,20.9693,24.4286,60.4553
KR_U280,Weekday,4,2022-09-21,1.3902,6.9736,86.4273,93.4009,56.2189
KR_U280,Weekday,3,2022-09-28,2.819,8.5687,113.6273,122.196,59.2525
KR_U280,Weekend,4,2022-02-13,1.6937,7.3006,24.7634,32.064,42.0954
KR_U280,Weekend,4,2022-02-19,0.6767,6.403,17.9231,24.3261,22.5871
KR_U280,Weekend,4,2022-02-20,13.3076,5.0466,17.8719,22.9184,38.2832
KR_U280,Weekend,4,2022-03-05,23.99,12.093,63.8137,75.9067,36.4971
KR_U280,Weekend,4,2022-03-20,0.3229,8.1546,113.1825,121.3371,69.2186
KR_U280,Weekend,4,2022-03-27,1.7915,7.4769,37.4357,44.9127,33.5245
KR_U280,Weekend,4,2022-04-16,0.6234,4.7729,112.828,117.6009,38.3032
KR_U280,Weekend,2,2022-04-17,8.0125,6.5789,24.159,30.738,24.5426
KR_U280,Weekend,2,2022-05-07,0.1946,6.0228,115.728,121.7508,36.1186
KR_U280,Weekend,4,2022-05-08,1.995,5.5352,21.6906,27.2258,47.2469
KR_U280,Weekend,3,2022-05-14,3.7611,2.2668,6.5151,8.7819,21.3178
KR_U280,Weekend,4,2022-05-29,9.0762,11.6766,117.6854,129.362,32.5451
KR_U280,Weekend,4,2022-06-05,3.3065,8.0729,28.0497,36.1226,52.2711
KR_U280,Weekend,4,2022-06-25,2.2424,6.7219,118.4699,125.1918,30.8412
KR_U280,Weekend,4,2022-06-26,12.5708,6.5468,30.392,36.9387,43.9966
KR_U280,Weekend,4,2022-07-03,23.99,6.3442,27.9062,34.2505,27.2866
KR_U280,Weekend,4,2022-07-10,8.0773,4.6346,51.9475,56.5821,58.7754
KR_U280,Weekend,4,2022-07-16,1.5085,9.9114,23.813,33.7244,39.6657
KR_U280,Weekend,4,2022-07-17,6.6515,5.008,17.1814,22.1894,31.2355
KR_U280,Weekend,4,2022-07-24,3.6212,4.0915,36.2517,40.3432,32.2252
KR_U280,Weekend,3,2022-07-31,3.1807,9.0583,27.0854,36.1437,20.2054
KR_U280,Weekend,4,2022-08-06,0.6609,5.0342,33.9285,38.9627,33.0376
KR_U280,Weekend,2,2022-08-07,1.5583,5.1357,24.08,29.2158,23.332
KR_U280,Weekend,4,2022-08-20,3.7375,9.2104,46.3937,55.6041,45.4048
KR_U280,Weekend,3,2022-09-04,4.5152,8.7649,114.8788,123.6437,28.861
KR_U280,Weekend,2,2022-09-17,2.0273,2.6784,82.4747,85.1531,29.744
KR_U280,Weekend,4,2022-09-24,0.9373,8.2516,33.6577,41.9093,54.6464
KR_U283,Weekday,11,2021-10-01,20.8057,4.894,2.8401,7.7341,13.8454
KR_U283,Weekday,12,2021-10-04,21.7862,2.7188,36.2201,38.9389,26.0541
KR_U283,Weekday,11,2021-10-06,7.0474,1.2314,47.3175,48.5489,20.4483
KR_U283,Weekday,10,2021-10-11,18.172,5.1257,54.8345,59.9602,25.3331
KR_U283,Weekday,10,2021-10-12,17.9662,0.8607,20.4457,21.3065,33.0725
KR_U283,Weekday,10,2021-10-15,18.088,2.6232,79.7678,82.391,20.2645
KR_U283,Weekday,10,2021-10-29,18.1518,6.5765,230.8283,237.4049,25.9621
KR_U283,Weekday,10,2021-11-03,18.9482,3.3,53.2629,56.5629,21.2131
KR_U283,Weekday,10,2021-11-09,18.7424,3.882,107.6437,111.5257,29.2434
KR_U283,Weekday,10,2021-11-12,18.2194,3.761,70.4052,74.1662,26.8963
KR_U283,Weekday,12,2021-11-16,20.3773,3.5265,40.2407,43.7672,32.2303
KR_U283,Weekday,10,2021-11-22,18.1275,7.3665,95.9139,103.2804,27.0526
KR_U283,Weekday,10,2021-12-07,18.8938,3.5309,243.0233,246.5542,28.8551
KR_U283,Weekday,7,2021-12-17,17.5297,4.9416,204.6778,209.6194,19.0015
KR_U283,Weekday,10,2021-12-27,18.2487,1.5946,122.2301,123.8247,38.6303
KR_U283,Weekday,10,2021-12-31,18.2737,2.2091,109.5681,111.7773,43.2293
KR_U283,Weekday,10,2022-01-13,18.0703,5.2617,213.0426,218.3043,18.199
KR_U283,Weekday,10,2022-01-20,18.2358,4.4589,101.8584,106.3173,23.287
KR_U283,Weekday,12,2022-01-25,17.3322,3.1338,69.1675,72.3013,16.9723
KR_U283,Weekday,10,2022-01-27,18.7535,6.9483,53.3726,60.3209,33.3756
KR_U283,Weekday,10,2022-02-11,19.3202,2.5441,262.0059,264.55,1.9902
KR_U283,Weekday,10,2022-02-18,18.4091,5.2985,118.4797,123.7781,27.216
KR_U283,Weekday,12,2022-02-23,18.9343,3.9897,45.7965,49.7863,12.9279
KR_U283,Weekday,10,2022-03-02,19.603,5.6105,133.0302,138.6407,15.1759
KR_U283,Weekday,12,2022-03-09,17.8455,4.7106,106.2249,110.9355,27.1598
KR_U283,Weekday,10,2022-03-17,18.6449,3.7173,143.0164,146.7337,25.9294
KR_U283,Weekday,10,2022-03-21,19.2683,4.0754,44.9493,49.0247,30.7591
KR_U283,Weekday,11,2022-03-23,22.4307,3.4473,38.235,41.6823,26.2066
KR_U283,Weekday,10,2022-03-28,18.199,5.9052,67.1511,73.0563,3.4516
KR_U283,Weekday,11,2022-04-01,20.3484,4.1968,87.7582,91.955,14.343
KR_U283,Weekday,10,2022-04-05,19.1378,4.0834,50.1025,54.186,29.3433
KR_U283,Weekday,10,2022-04-07,19.3407,1.5565,54.9084,56.4649,25.6554
KR_U283,Weekday,10,2022-04-14,18.2629,6.52,108.8018,115.3218,14.1754
KR_U283,Weekday,10,2022-04-14,18.2542,1.7475,4.4814,6.2289,32.4036
KR_U283,Weekday,8,2022-04-20,19.8139,2.9848,85.2369,88.2217,29.7211
KR_U283,Weekday,4,2022-04-26,18.4293,3.1052,103.1956,106.3008,18.3616
KR_U283,Weekday,11,2022-05-03,18.526,6.4572,112.9036,119.3608,14.2403
KR_U283,Weekday,12,2022-05-05,17.1721,2.8398,40.4556,43.2954,21.3855
KR_U283,Weekday,10,2022-05-10,18.1511,3.4281,51.8482,55.2764,24.4313
KR_U283,Weekday,10,2022-05-17,19.5773,2.7577,127.2173,129.975,13.8596
KR_U283,Weekday,10,2022-05-20,19.0597,5.6936,60.9922,66.6857,2.8867
KR_U283,Weekday,10,2022-05-27,18.5714,3.053,128.2127,131.2657,40.9378
KR_U283,Weekday,10,2022-06-06,19.0166,2.8977,137.0433,139.941,2.1396
KR_U283,Weekday,10,2022-06-13,18.1176,4.7701,111.6785,116.4486,22.5063
KR_U283,Weekday,10,2022-06-16,18.2141,5.3245,66.7635,72.0881,3.7363
KR_U283,Weekday,10,2022-06-21,18.0546,5.3806,68.1542,73.5348,3.3174
KR_U283,Weekday,10,2022-07-05,18.2925,3.0056,234.2247,237.2303,27.0354
KR_U283,Weekday,10,2022-07-14,19.0402,3.5251,173.8703,177.3954,26.9634
KR_U283,Weekday,11,2022-07-20,17.5583,5.5969,86.4079,92.0048,25.45
KR_U283,Weekday,10,2022-07-26,18.1779,5.2096,89.2902,94.4999,3.3054
KR_U283,Weekday,12,2022-07-27,20.9294,3.3874,31.874,35.2614,13.6864
KR_U283,Weekday,10,2022-08-01,18.9589,4.9508,54.7383,59.6892,35.8148
KR_U283,Weekday,10,2022-08-11,19.2889,5.2323,196.4773,201.7096,4.7452
KR_U283,Weekday,10,2022-08-15,18.1124,1.5363,48.3186,49.8549,2.4736
KR_U283,Weekday,10,2022-08-26,18.3414,6.8496,209.1693,216.0189,31.7106
KR_U283,Weekday,5,2022-08-31,18.055,5.0657,57.7283,62.7939,24.0203
KR_U283,Weekday,10,2022-09-15,17.956,2.7225,251.465,254.1875,34.4683
KR_U283,Weekend,10,2021-10-02,10.1565,3.6803,19.0869,22.7671,13.7951
KR_U283,Weekend,11,2021-10-03,15.2831,2.5677,14.1519,16.7196,20.7013
KR_U283,Weekend,5,2021-10-10,13.4131,3.1917,29.9515,33.1432,17.9197
KR_U283,Weekend,7,2021-10-10,12.6423,11.7849,10.6593,22.4442,31.3985
KR_U283,Weekend,8,2021-10-16,12.2038,0.8329,6.0835,6.9164,12.6635
KR_U283,Weekend,7,2021-10-23,10.3374,4.0423,53.0744,57.1167,13.1335
KR_U283,Weekend,9,2021-10-24,12.1302,2.2867,23.2053,25.492,36.5287
KR_U283,Weekend,10,2021-10-24,13.0104,2.552,1.2355,3.7875,17.4239
KR_U283,Weekend,11,2021-10-30,18.3332,4.5206,15.0184,19.539,27.1856
KR_U283,Weekend,5,2021-11-07,11.5548,6.6891,71.1804,77.8695,32.8848
KR_U283,Weekend,10,2021-11-21,15.0381,0.7629,75.9454,76.7083,23.4239
KR_U283,Weekend,11,2021-12-05,18.4646,1.1282,106.1994,107.3276,20.5437
KR_U283,Weekend,5,2021-12-11,11.267,3.7638,6.7851,10.5489,15.2698
KR_U283,Weekend,10,2021-12-12,5.9063,3.6201,28.653,32.2731,20.1062
KR_U283,Weekend,11,2021-12-25,7.217,6.5199,71.9213,78.4412,7.986
KR_U283,Weekend,5,2021-12-25,11.2297,1.988,1.6687,3.6567,9.5216
KR_U283,Weekend,5,2022-01-23,10.5076,17.9914,189.5862,207.5776,22.6136
KR_U283,Weekend,7,2022-02-05,14.4181,5.9299,67.0433,72.9732,21.838
KR_U283,Weekend,5,2022-02-12,16.3115,2.5863,55.5178,58.1041,6.8271
KR_U283,Weekend,6,2022-02-13,20.6972,6.388,9.8281,16.2161,26.7533
KR_U283,Weekend,7,2022-02-19,19.1433,2.5981,16.0098,18.6078,7.0229
KR_U283,Weekend,8,2022-02-27,19.1518,4.8679,80.7052,85.573,5.9786
KR_U283,Weekend,8,2022-02-27,17.1588,1.4392,0.6723,2.1115,30.5348
KR_U283,Weekend,7,2022-03-27,14.3954,2.7844,167.0244,169.8088,13.8083
KR_U283,Weekend,8,2022-03-27,16.4945,2.1309,17.6311,19.762,6.6001
KR_U283,Weekend,9,2022-04-09,12.6486,3.6072,56.0452,59.6524,11.1618
KR_U283,Weekend,5,2022-04-10,14.15,9.2959,26.7233,36.0192,34.4502
KR_U283,Weekend,10,2022-04-16,13.7707,3.2446,15.9832,19.2277,29.1188
KR_U283,Weekend,8,2022-04-23,15.2231,3.2996,35.7646,39.0641,31.9511
KR_U283,Weekend,7,2022-04-24,20.03,6.013,30.0434,36.0564,16.2707
KR_U283,Weekend,9,2022-05-01,11.9152,4.3624,25.9732,30.3356,31.5676
KR_U283,Weekend,10,2022-05-01,6.4233,4.1813,7.5623,11.7436,12.5069
KR_U283,Weekend,10,2022-05-07,16.2877,2.7051,20.6759,23.381,10.4975
KR_U283,Weekend,9,2022-05-08,14.6104,2.2809,11.7859,14.0668,20.3546
KR_U283,Weekend,5,2022-05-21,18.5095,2.4788,81.7378,84.2166,4.1243
KR_U283,Weekend,5,2022-05-22,13.3105,2.2213,12.0637,14.285,24.2165
KR_U283,Weekend,6,2022-05-28,10.9932,3.5052,38.1333,41.6385,40.3279
KR_U283,Weekend,5,2022-06-04,13.2361,3.1274,39.8716,42.9989,30.2565
KR_U283,Weekend,10,2022-06-11,15.473,2.0694,34.5691,36.6384,9.5587
KR_U283,Weekend,11,2022-06-18,17.0353,2.8489,45.8567,48.7056,8.2704
KR_U283,Weekend,5,2022-07-10,19.826,5.0947,171.689,176.7836,18.2605
KR_U283,Weekend,7,2022-07-16,5.293,2.2128,13.9901,16.2029,60.3612
KR_U283,Weekend,8,2022-07-17,13.4854,2.1466,30.4973,32.6439,24.3612
KR_U283,Weekend,7,2022-07-23,10.3008,4.8611,3.9573,8.8183,14.2262
KR_U283,Weekend,5,2022-07-23,18.8619,6.8945,11.5663,18.4608,9.9226
KR_U283,Weekend,10,2022-07-31,5.5317,2.802,67.2918,70.0938,29.3348
KR_U283,Weekend,11,2022-08-07,13.8504,4.8185,26.074,30.8925,30.3987
KR_U283,Weekend,5,2022-08-20,14.7956,1.1602,80.0682,81.2284,27.0563
KR_U283,Weekend,10,2022-08-21,15.2555,2.3489,16.2953,18.6442,16.9201
KR_U283,Weekend,8,2022-09-10,17.585,6.3363,112.8229,119.1592,13.5355
KR_U283,Weekend,7,2022-09-11,12.6679,1.4576,31.0295,32.4871,21.4208
KR_U283,Weekend,8,2022-09-18,20.1628,2.9956,38.4687,41.4643,2.7016
KR_U283,Weekend,7,2022-09-18,12.0102,2.2428,8.4412,10.6839,24.9851
KR_U187,Weekday,12,2022-03-11,22.9729,9.9503,21.7221,31.6724,35.5161
KR_U187,Weekday,12,2022-03-14,23.6626,3.615,17.1939,20.8089,36.9363
KR_U187,Weekday,12,2022-03-15,23.4465,5.4625,34.0887,39.5512,28.095
KR_U187,Weekday,12,2022-03-16,23.1575,6.0854,17.8901,23.9755,41.0238
KR_U187,Weekday,12,2022-03-18,23.049,6.3411,45.5957,51.9368,35.7034
KR_U187,Weekday,1,2022-03-24,23.4788,6.2575,85.5784,91.8359,31.4301
KR_U187,Weekday,12,2022-03-30,23.012,4.9158,80.7986,85.7144,39.8154
KR_U187,Weekday,1,2022-04-05,23.2452,5.9874,82.905,88.8924,40.167
KR_U187,Weekday,12,2022-04-06,23.6501,4.0681,19.2474,23.3155,39.6083
KR_U187,Weekday,12,2022-04-07,23.2555,6.8468,37.0367,43.8835,38.6365
KR_U187,Weekday,12,2022-04-08,23.284,6.7922,16.5835,23.3757,36.6473
KR_U187,Weekday,12,2022-04-12,23.0948,5.6268,31.8232,37.45,50.433
KR_U187,Weekday,12,2022-04-21,23.6982,6.5067,168.212,174.7187,33.1345
KR_U187,Weekday,1,2022-04-25,0.2747,4.737,40.9675,45.7044,47.9919
KR_U187,Weekday,12,2022-04-27,22.9491,4.1739,52.8944,57.0683,26.559
KR_U187,Weekday,1,2022-04-29,23.2603,6.3297,40.2728,46.6025,39.183
KR_U187,Weekday,1,2022-05-02,23.4422,6.1859,17.1446,23.3305,41.2493
KR_U187,Weekday,12,2022-05-03,23.0726,4.9607,19.8978,24.8585,34.4744
KR_U187,Weekday,12,2022-05-06,23.7444,6.2722,61.6237,67.8959,35.4771
KR_U187,Weekday,12,2022-05-11,23.5253,10.2449,64.867,75.1118,0.5147
KR_U187,Weekday,12,2022-05-12,23.3,5.7823,15.946,21.7283,39.2647
KR_U187,Weekday,12,2022-05-13,23.1316,6.4542,16.6263,23.0805,37.0332
KR_U187,Weekday,12,2022-05-16,23.2429,4.7558,17.4014,22.1572,36.4303
KR_U187,Weekday,12,2022-05-18,23.585,6.0838,28.7278,34.8115,34.9214
KR_U187,Weekday,1,2022-05-19,23.0041,5.8544,17.0844,22.9388,45.8775
KR_U187,Weekday,12,2022-05-20,23.7411,1.1389,31.7752,32.9141,27.7649
KR_U187,Weekday,1,2022-05-24,23.2622,6.5036,36.7614,43.265,47.9476
KR_U187,Weekday,1,2022-06-03,23.2601,6.6901,200.9691,207.6592,45.2445
KR_U187,Weekday,12,2022-06-07,23.1192,6.3272,39.2134,45.5407,39.1913
KR_U187,Weekday,12,2022-06-09,23.2298,10.4106,19.8096,30.2202,46.2481
KR_U187,Weekday,1,2022-06-13,23.3023,5.9903,55.549,61.5392,45.3249
KR_U187,Weekday,12,2022-06-20,23.3004,5.2748,101.9337,107.2085,45.0565
KR_U187,Weekday,12,2022-06-20,23.1762,5.6436,15.5489,21.1925,35.2683
KR_U187,Weekday,12,2022-06-23,23.7831,6.4366,61.325,67.7616,34.7947
KR_U187,Weekday,12,2022-06-24,23.0836,4.2922,22.3974,26.6896,38.805
KR_U187,Weekday,12,2022-06-28,23.183,4.9669,37.3847,42.3516,25.9258
KR_U187,Weekday,12,2022-06-29,23.2409,5.0803,17.6391,22.7194,36.2178
KR_U187,Weekday,12,2022-06-30,23.2771,4.6204,7.558,12.1784,1.3223
KR_U187,Weekday,1,2022-07-01,23.8586,5.5519,16.6396,22.1915,43.178
KR_U187,Weekday,12,2022-07-04,23.1296,5.7417,17.6321,23.3738,34.3551
KR_U187,Weekday,12,2022-07-04,23.0677,4.8305,13.2746,18.1051,35.4551
KR_U187,Weekday,12,2022-07-13,23.4277,10.3007,158.3775,168.6783,37.4323
KR_U187,Weekday,12,2022-07-21,23.6215,5.9962,139.2806,145.2767,1.2005
KR_U187,Weekday,12,2022-07-25,23.1635,5.3815,33.4544,38.8359,29.7484
KR_U187,Weekday,1,2022-07-26,23.5415,5.8027,17.7524,23.555,44.7149
KR_U187,Weekday,12,2022-07-28,23.1425,7.1136,36.6024,43.716,31.0981
KR_U187,Weekday,12,2022-07-29,23.1301,5.2993,18.9464,24.2456,34.35
KR_U187,Weekday,12,2022-08-01,23.1918,4.8298,19.6768,24.5066,38.8475
KR_U187,Weekday,1,2022-08-05,23.2051,5.8927,89.2157,95.1085,44.5357
KR_U187,Weekday,1,2022-08-08,23.5982,5.3929,17.1086,22.5015,43.0931
KR_U187,Weekday,12,2022-08-10,23.1829,4.4318,38.2969,42.7287,41.9346
KR_U187,Weekday,1,2022-08-16,23.2284,6.4887,96.4692,102.9579,40.5263
KR_U187,Weekday,1,2022-08-17,0.858,10.3341,17.0427,27.3767,42.1589
KR_U187,Weekday,12,2022-08-19,23.2509,5.1237,53.1648,58.2886,32.673
KR_U187,Weekday,12,2022-08-22,23.0274,6.4259,18.5055,24.9315,36.0929
KR_U187,Weekday,12,2022-08-24,23.5859,4.6244,35.9613,40.5857,39.7267
KR_U187,Weekday,1,2022-08-25,23.0792,6.1563,17.1483,23.3046,43.3415
KR_U187,Weekday,12,2022-08-26,23.2143,5.1458,17.2868,22.4325,41.4128
KR_U187,Weekday,12,2022-08-29,23.064,4.7717,7.3225,12.0942,46.2261
KR_U187,Weekday,12,2022-08-30,23.2452,7.399,34.06,41.459,37.2934
KR_U187,Weekday,12,2022-08-31,23.4322,5.2684,18.5557,23.8241,37.8533
KR_U187,Weekday,12,2022-09-02,23.0955,6.4806,42.2693,48.7499,41.2252
KR_U187,Weekday,12,2022-09-06,23.036,4.806,47.9122,52.7181,31.2278
KR_U187,Weekday,12,2022-09-14,23.1981,0.5056,135.7666,136.2722,34.581
KR_U187,Weekday,12,2022-09-22,23.2484,6.3373,141.1972,147.5345,36.4553
KR_U187,Weekday,1,2022-09-23,23.4951,10.984,17.3961,28.3802,41.2331
KR_U187,Weekday,12,2022-09-26,23.5568,4.1304,18.4159,22.5463,42.3647
KR_U187,Weekday,1,2022-09-28,23.1175,5.8872,38.8186,44.7058,38.9029
KR_U187,Weekend,12,2022-03-19,23.0009,5.5004,45.1477,50.6481,38.3345
KR_U187,Weekend,1,2022-04-03,0.558,10.0322,113.038,123.0702,30.6888
KR_U187,Weekend,12,2022-04-09,23.0464,4.0371,24.6576,28.6948,40.6872
KR_U187,Weekend,12,2022-04-10,23.4711,3.7194,27.0284,30.7478,46.3466
KR_U187,Weekend,12,2022-04-17,22.9998,5.25,40.8091,46.0591,24.8476
KR_U187,Weekend,12,2022-04-23,23.6096,4.82,15.9895,20.8095,43.9966
KR_U187,Weekend,12,2022-04-24,23.3329,6.6927,18.7638,25.4565,41.3336
KR_U187,Weekend,1,2022-05-14,23.2583,10.0221,101.0781,111.1002,45.8737
KR_U187,Weekend,12,2022-05-15,23.1773,6.567,19.6848,26.2518,44.9973
KR_U187,Weekend,12,2022-06-04,23.174,6.2491,115.3359,121.585,44.4125
KR_U187,Weekend,1,2022-06-05,0.3509,9.7284,20.8314,30.5598,37.8998
KR_U187,Weekend,12,2022-06-11,23.688,10.1275,17.2045,27.332,41.2673
KR_U187,Weekend,1,2022-06-26,23.1927,5.1635,109.9837,115.1471,43.3954
KR_U187,Weekend,2,2022-07-03,23.1972,4.2162,43.7111,47.9274,41.7618
KR_U187,Weekend,12,2022-07-10,23.2983,5.1806,44.4914,49.672,39.2206
KR_U187,Weekend,12,2022-07-16,23.068,5.9218,15.5296,21.4514,32.4471
KR_U187,Weekend,1,2022-07-23,23.1128,6.372,37.3887,43.7608,43.9336
KR_U187,Weekend,12,2022-07-24,23.2201,4.9343,24.2998,29.2341,35.6458
KR_U187,Weekend,12,2022-07-30,23.3292,5.8285,19.3543,25.1828,32.6023
KR_U187,Weekend,1,2022-07-31,23.3547,4.913,25.7211,30.6341,45.6096
KR_U187,Weekend,2,2022-08-06,23.0556,4.023,15.4894,19.5125,48.8893
KR_U187,Weekend,12,2022-08-13,23.4971,5.546,43.9883,49.5343,36.268
KR_U187,Weekend,1,2022-08-14,23.0973,6.0885,18.7253,24.8139,41.9253
KR_U187,Weekend,12,2022-08-21,23.4588,7.0146,23.6414,30.656,38.494
KR_U187,Weekend,12,2022-08-27,23.6275,6.1323,24.3537,30.486,35.354
KR_U187,Weekend,12,2022-09-03,23.34,6.5469,43.1827,49.7295,45.0597
KR_U187,Weekend,12,2022-09-04,23.309,5.4562,18.715,24.1713,39.2849
KR_U187,Weekend,12,2022-09-24,23.2303,5.93,108.918,114.848,39.8274
KR_U127,Weekday,7,2021-10-06,13.4367,1.3463,90.2434,91.5897,5.6604
KR_U127,Weekday,7,2021-10-07,16.2536,1.0928,23.4807,24.5735,7.8958
KR_U127,Weekday,9,2021-10-12,17.3625,0.7898,70.8249,71.6146,17.5736
KR_U127,Weekday,9,2021-10-15,17.1836,1.2649,64.703,65.9678,12.9484
KR_U127,Weekday,8,2021-10-18,14.9767,2.2012,31.6842,33.8853,13.898
KR_U127,Weekday,9,2021-10-20,17.7458,0.925,39.0009,39.9259,3.4147
KR_U127,Weekday,8,2021-10-21,15.9525,1.0428,22.9088,23.9515,14.7862
KR_U127,Weekday,9,2021-10-25,16.6377,2.2012,42.7699,44.9712,10.8776
KR_U127,Weekday,9,2021-10-27,17.4298,2.0325,52.9454,54.978,11.7907
KR_U127,Weekday,9,2021-10-29,16.69,2.3046,44.1292,46.4338,10.6525
KR_U127,Weekday,9,2021-11-02,17.2614,2.3197,29.9077,32.2274,9.2866
KR_U127,Weekday,8,2021-11-05,15.2459,0.4588,87.543,88.0018,12.023
KR_U127,Weekday,8,2021-11-15,14.8248,0.8399,147.8555,148.6954,7.0612
KR_U127,Weekday,7,2021-11-16,12.7698,0.8624,23.8952,24.7576,7.1262
KR_U127,Weekday,7,2021-11-17,16.1968,1.9241,19.3394,21.2635,4.4255
KR_U127,Weekday,9,2021-11-22,17.6588,2.2536,56.4888,58.7424,14.4757
KR_U127,Weekday,8,2021-11-24,15.2389,2.1439,60.505,62.6489,8.3635
KR_U127,Weekday,8,2021-12-01,15.18,1.4887,105.3916,106.8803,6.0558
KR_U127,Weekday,9,2021-12-03,16.6742,2.0779,48.4736,50.5515,12.584
KR_U127,Weekday,8,2021-12-06,15.1113,2.0129,28.9947,31.0076,7.483
KR_U127,Weekday,9,2021-12-08,17.3233,0.7625,37.2072,37.9698,6.6649
KR_U127,Weekday,9,2021-12-09,16.8096,1.9031,25.843,27.7461,9.346
KR_U127,Weekday,8,2021-12-10,15.5199,1.5876,23.1456,24.7332,11.845
KR_U127,Weekday,9,2021-12-15,17.1026,1.3602,81.3223,82.6826,13.1543
KR_U127,Weekday,9,2021-12-30,17.6628,2.1527,257.017,259.1697,5.8376
KR_U127,Weekday,9,2022-01-04,16.3383,1.2806,57.2296,58.5102,16.384
KR_U127,Weekday,8,2022-01-05,15.4355,2.6152,36.6583,39.2736,5.8668
KR_U127,Weekday,9,2022-01-10,17.3018,1.6405,62.0397,63.6802,14.7532
KR_U127,Weekday,8,2022-01-13,15.5588,0.294,60.0069,60.3008,21.4472
KR_U127,Weekday,8,2022-01-13,15.2357,1.4913,20.2763,21.7675,11.1769
KR_U127,Weekday,8,2022-01-19,13.842,2.1135,86.5091,88.6226,4.5504
KR_U127,Weekday,9,2022-01-24,16.6805,0.4854,71.74,72.2254,8.6723
KR_U127,Weekday,9,2022-01-25,16.7966,1.3133,12.7612,14.0745,4.1663
KR_U127,Weekday,8,2022-01-26,15.8794,2.0431,20.3844,22.4275,7.9815
KR_U127,Weekday,9,2022-01-31,16.4329,1.8837,90.2309,92.1145,12.6503
KR_U127,Weekday,9,2022-02-02,17.4827,1.8513,32.0529,33.9042,9.3705
KR_U127,Weekday,9,2022-02-03,16.9094,1.5551,32.0908,33.6459,14.2639
KR_U127,Weekday,9,2022-02-04,17.4632,2.6316,20.8793,23.5108,11.0211
KR_U127,Weekday,7,2022-02-09,13.4546,1.0093,71.7871,72.7964,11.8002
KR_U127,Weekday,7,2022-02-10,13.9653,0.963,21.2576,22.2207,10.0778
KR_U127,Weekday,9,2022-02-15,17.1559,1.85,71.1082,72.9582,6.6025
KR_U127,Weekday,8,2022-02-16,15.5629,2.8912,23.1092,26.0003,2.201
KR_U127,Weekday,9,2022-02-18,17.1019,1.5337,31.7754,33.3092,6.959
KR_U127,Weekday,7,2022-02-23,16.5135,1.5098,67.53,69.0398,10.7964
KR_U127,Weekday,6,2022-02-24,11.2907,1.9574,23.891,25.8484,8.9989
KR_U127,Weekday,9,2022-03-01,16.864,1.2202,73.0658,74.2861,9.38
KR_U127,Weekday,9,2022-03-02,17.6523,1.7891,36.6956,38.4848,9.509
KR_U127,Weekday,8,2022-03-08,14.8966,1.1782,94.4973,95.6755,9.6719
KR_U127,Weekday,6,2022-03-10,16.5199,2.4846,44.8928,47.3774,4.574
KR_U127,Weekday,9,2022-03-11,17.6335,2.4487,15.9516,18.4003,11.7946
KR_U127,Weekday,9,2022-03-16,17.4233,2.4222,56.918,59.3403,11.5222
KR_U127,Weekday,9,2022-03-21,16.7684,1.4137,76.7909,78.2046,12.5824
KR_U127,Weekday,8,2022-03-24,15.9222,1.3808,72.7832,74.164,6.8872
KR_U127,Weekday,8,2022-03-25,15.4148,1.1877,27.2296,28.4172,4.6624
KR_U127,Weekday,8,2022-03-28,15.7048,0.4586,24.9034,25.362,8.1611
KR_U127,Weekday,9,2022-03-29,17.6819,1.7223,19.8257,21.548,19.1041
KR_U127,Weekday,8,2022-03-29,15.2691,1.9913,4.6693,6.6606,24.3043
KR_U127,Weekday,8,2022-03-30,15.5237,2.1331,23.7196,25.8527,14.5646
KR_U127,Weekday,6,2022-04-04,9.7944,1.2179,71.2374,72.4553,9.9777
KR_U127,Weekday,8,2022-04-07,15.2614,2.5889,57.0795,59.6685,12.1248
KR_U127,Weekday,9,2022-04-13,16.9942,2.1291,101.5387,103.6677,7.2895
KR_U127,Weekday,9,2022-04-15,16.8497,1.6818,49.9118,51.5937,12.0069
KR_U127,Weekday,8,2022-04-29,15.1405,1.7045,223.1398,224.8443,9.5075
KR_U127,Weekday,7,2022-05-02,13.8171,1.9263,22.1778,24.1041,13.058
KR_U127,Weekday,7,2022-05-06,16.0433,1.8572,94.6856,96.5428,10.6708
KR_U127,Weekday,7,2022-05-09,17.5009,1.2883,24.3712,25.6594,14.7604
KR_U127,Weekday,9,2022-05-11,16.4399,1.6449,60.0083,61.6532,7.892
KR_U127,Weekday,9,2022-05-12,17.045,0.9535,16.9618,17.9153,10.5955
KR_U127,Weekday,6,2022-05-23,14.6111,1.0331,159.0343,160.0675,12.7464
KR_U127,Weekday,9,2022-05-26,17.2356,1.6551,82.3048,83.9599,11.9154
KR_U127,Weekday,8,2022-05-31,15.4131,0.9089,73.0864,73.9953,20.3049
KR_U127,Weekday,8,2022-06-02,15.0369,1.6063,23.8019,25.4081,7.5609
KR_U127,Weekday,8,2022-06-02,15.5918,1.374,0.303,1.6771,15.9077
KR_U127,Weekday,7,2022-06-08,15.9848,1.89,99.9698,101.8598,4.2086
KR_U127,Weekday,7,2022-06-09,16.5061,1.8229,24.9913,26.8142,8.0735
KR_U127,Weekday,8,2022-06-10,15.196,0.4277,22.1492,22.5769,18.4894
KR_U127,Weekday,8,2022-06-15,14.7556,1.4646,84.5108,85.9754,9.4042
KR_U127,Weekday,9,2022-06-20,16.2985,1.4892,61.0042,62.4933,8.9005
KR_U127,Weekday,8,2022-06-21,15.0177,1.1041,22.2469,23.351,7.524
KR_U127,Weekday,9,2022-06-23,17.1304,2.182,35.2573,37.4394,10.4548
KR_U127,Weekday,9,2022-06-24,16.9998,0.9323,43.9796,44.9119,6.8115
KR_U127,Weekday,9,2022-06-27,16.5146,1.2987,19.4459,20.7446,2.2238
KR_U127,Weekday,8,2022-07-01,15.5856,3.1618,87.7912,90.953,10.4823
KR_U127,Weekday,9,2022-07-04,17.5172,2.1061,27.6354,29.7415,9.6918
KR_U127,Weekday,8,2022-07-08,15.0552,1.8416,82.2798,84.1214,11.5246
KR_U127,Weekday,8,2022-07-13,15.7568,2.0386,74.4518,76.4904,10.9935
KR_U127,Weekday,9,2022-07-15,17.5115,1.4768,34.2282,35.705,8.1009
KR_U127,Weekday,7,2022-07-15,16.1616,1.9224,20.6541,22.5765,3.4273
KR_U127,Weekday,9,2022-07-20,17.3684,1.8783,69.4332,71.3115,6.6269
KR_U127,Weekday,8,2022-07-29,15.2149,1.284,147.8887,149.1727,12.2154
KR_U127,Weekday,8,2022-08-01,15.2601,1.2381,20.4117,21.6498,19.0642
KR_U127,Weekday,7,2022-08-02,16.4638,2.9224,24.3555,27.2779,11.2517
KR_U127,Weekday,8,2022-08-02,15.5127,0.8159,13.3404,14.1564,6.8093
KR_U127,Weekday,8,2022-08-09,15.1365,0.1966,104.1889,104.3855,16.5532
KR_U127,Weekday,6,2022-08-11,13.7457,2.4594,44.7845,47.2439,16.5571
KR_U127,Weekday,8,2022-08-11,15.1671,1.489,9.4811,10.9701,11.6454
KR_U127,Weekday,8,2022-08-23,15.2382,2.2878,186.8462,189.134,19.8125
KR_U127,Weekday,8,2022-08-25,14.9042,1.97,34.8409,36.8109,6.4943
KR_U127,Weekday,9,2022-08-26,17.1288,1.2073,25.4649,26.6722,6.2635
KR_U127,Weekday,7,2022-08-29,10.7482,1.0098,22.2003,23.2101,13.1396
KR_U127,Weekday,7,2022-08-29,17.5483,0.771,21.1658,21.9368,6.8785
KR_U127,Weekday,6,2022-09-01,15.5519,1.6327,48.7406,50.3733,4.6891
KR_U127,Weekday,9,2022-09-09,16.7978,1.281,164.0499,165.331,5.4639
KR_U127,Weekday,8,2022-09-13,15.8109,2.9218,36.4317,39.3535,13.4582
KR_U127,Weekday,8,2022-09-19,15.3748,2.0485,95.4117,97.4602,14.4534
KR_U127,Weekday,8,2022-09-23,15.3082,0.4107,85.4667,85.8775,7.2622
KR_U127,Weekday,8,2022-09-28,15.1652,0.1551,81.4205,81.5757,11.3447
KR_U127,Weekend,6,2021-10-03,6.6849,4.42,25.335,29.755,2.3844
KR_U127,Weekend,8,2021-10-09,15.2106,3.8177,16.4318,20.2495,38.9196
KR_U127,Weekend,5,2021-10-10,14.5055,2.9686,32.8164,35.785,39.9101
KR_U127,Weekend,2,2021-10-17,11.3811,5.8655,43.366,49.2315,16.4234
KR_U127,Weekend,2,2021-10-31,20.5705,0.2919,89.4931,89.785,13.8101
KR_U127,Weekend,8,2021-11-07,17.1984,9.2023,44.9942,54.1965,3.3303
KR_U127,Weekend,10,2021-11-14,22.2202,9.6898,24.5562,34.246,4.4728
KR_U127,Weekend,2,2021-11-21,17.6124,1.7924,46.5989,48.3914,44.6244
KR_U127,Weekend,3,2021-12-12,16.5943,1.6142,148.498,150.1122,13.3073
KR_U127,Weekend,12,2021-12-19,16.4551,3.9386,43.3925,47.3311,2.5831
KR_U127,Weekend,4,2021-12-26,13.2668,2.0509,45.7082,47.7591,17.2411
KR_U127,Weekend,11,2022-01-15,16.5906,2.7181,123.7125,126.4306,18.8085
KR_U127,Weekend,12,2022-02-12,14.0613,0.3411,183.8482,184.1893,15.0487
KR_U127,Weekend,9,2022-02-13,18.7548,8.2155,20.7305,28.946,2.4274
KR_U127,Weekend,8,2022-02-19,11.6273,3.3607,27.5045,30.8652,11.3306
KR_U127,Weekend,1,2022-02-26,14.4552,4.2349,44.8758,49.1107,17.3242
KR_U127,Weekend,4,2022-02-27,15.503,4.3518,21.3568,25.7087,35.1783
KR_U127,Weekend,3,2022-03-06,11.5243,6.3943,41.9991,48.3934,1.7672
KR_U127,Weekend,1,2022-03-12,17.6829,4.022,23.3033,27.3253,4.9572
KR_U127,Weekend,1,2022-03-20,22.0709,2.7546,46.0527,48.8073,13.8824
KR_U127,Weekend,11,2022-04-16,18.8879,2.1401,165.7286,167.8687,15.569
KR_U127,Weekend,11,2022-04-24,3.6551,1.1107,71.915,73.0256,7.2484
KR_U127,Weekend,7,2022-05-14,17.684,2.9477,130.2964,133.2442,31.4433
KR_U127,Weekend,3,2022-05-21,18.0474,4.0474,52.5755,56.6229,13.4597
KR_U127,Weekend,10,2022-05-28,19.4885,5.4662,19.8921,25.3583,9.3779
KR_U127,Weekend,2,2022-05-28,17.8791,5.7726,9.2394,15.012,37.0927
KR_U127,Weekend,5,2022-05-29,21.613,9.5863,9.7801,19.3664,15.4767
KR_U127,Weekend,12,2022-05-29,18.0401,2.0116,7.4893,9.5009,12.6163
KR_U127,Weekend,12,2022-06-25,21.362,5.0257,144.272,149.2977,13.4126
KR_U127,Weekend,8,2022-07-16,18.8169,7.0746,144.8413,151.9159,9.1473
KR_U127,Weekend,4,2022-07-31,18.7303,0.423,120.7921,121.2151,21.9967
KR_U127,Weekend,4,2022-08-13,18.0133,2.8742,70.7329,73.6071,13.7054
KR_U127,Weekend,11,2022-09-11,21.2098,2.2472,223.9209,226.1681,52.3997
KR_U127,Weekend,8,2022-09-17,3.57,5.2545,6.0871,11.3416,22.7673
KR_U434,Weekday,5,2021-10-07,9.9062,2.2428,30.1836,32.4264,5.913
KR_U434,Weekday,5,2021-10-08,9.6696,2.7761,29.6828,32.4589,19.7688
KR_U434,Weekday,6,2021-10-13,17.4049,3.2007,51.9803,55.181,8.3008
KR_U434,Weekday,7,2021-10-14,18.3577,1.8169,23.798,25.6148,11.2279
KR_U434,Weekday,9,2021-10-15,17.5043,2.4517,42.3929,44.8445,22.2836
KR_U434,Weekday,9,2021-10-18,17.4322,1.087,21.8634,22.9504,8.3655
KR_U434,Weekday,6,2021-10-21,12.6783,1.5132,52.2069,53.7201,5.8792
KR_U434,Weekday,9,2021-10-22,17.5609,0.7881,23.4405,24.2286,8.9828
KR_U434,Weekday,5,2021-10-22,8.3596,2.3298,7.4415,9.7712,10.318
KR_U434,Weekday,8,2021-10-26,18.0866,0.3424,45.4298,45.7721,9.7033
KR_U434,Weekday,9,2021-11-01,17.375,2.036,91.5903,93.6263,9.0176
KR_U434,Weekday,5,2021-11-01,9.7301,1.122,4.187,5.309,10.911
KR_U434,Weekday,6,2021-11-02,9.3801,1.0171,25.2016,26.2187,3.3999
KR_U434,Weekday,9,2021-11-03,17.5374,0.9905,22.2327,23.2232,10.0333
KR_U434,Weekday,5,2021-11-03,9.6256,1.6739,3.73,5.404,11.3229
KR_U434,Weekday,5,2021-11-05,9.7751,1.1177,49.7193,50.837,3.6496
KR_U434,Weekday,9,2021-11-09,16.6,1.3821,45.8511,47.2332,7.5754
KR_U434,Weekday,9,2021-11-11,16.3485,2.8448,23.7804,26.6252,2.7678
KR_U434,Weekday,9,2021-11-16,16.1895,2.661,75.0111,77.6721,5.3997
KR_U434,Weekday,10,2021-11-17,17.9947,2.5416,23.4518,25.9933,13.7256
KR_U434,Weekday,8,2021-11-18,16.7922,1.0785,14.5704,15.6489,21.1171
KR_U434,Weekday,7,2021-11-22,17.5332,3.42,49.4663,52.8863,12.0036
KR_U434,Weekday,8,2021-11-24,14.2531,0.3118,63.825,64.1368,3.5199
KR_U434,Weekday,9,2021-11-26,17.539,1.5142,48.142,49.6563,3.3381
KR_U434,Weekday,10,2021-11-29,18.72,1.5306,8.3478,9.8784,13.4786
KR_U434,Weekday,10,2021-11-30,18.4921,1.8319,27.6458,29.4778,11.069
KR_U434,Weekday,8,2021-12-06,17.0228,0.835,95.3964,96.2314,14.5739
KR_U434,Weekday,5,2021-12-07,9.6902,2.9924,7.5895,10.5819,8.9788
KR_U434,Weekday,9,2021-12-09,17.3359,0.6757,46.3578,47.0335,6.9089
KR_U434,Weekday,6,2021-12-10,8.6657,1.7497,23.5962,25.3459,14.5403
KR_U434,Weekday,7,2021-12-14,9.1892,1.0442,45.6266,46.6708,8.963
KR_U434,Weekday,9,2021-12-16,17.7084,1.5307,53.921,55.4517,11.0638
KR_U434,Weekday,5,2021-12-16,9.8164,4.1114,5.9683,10.0797,7.7583
KR_U434,Weekday,9,2021-12-17,17.7027,0.6449,23.4421,24.087,19.773
KR_U434,Weekday,6,2021-12-28,14.3779,1.0328,170.9662,171.999,6.1784
KR_U434,Weekday,6,2022-01-10,10.0678,1.9424,214.1505,216.0929,5.6516
KR_U434,Weekday,9,2022-01-11,17.4841,0.6434,23.2111,23.8545,7.3579
KR_U434,Weekday,9,2022-01-13,17.2792,0.9401,43.5915,44.5316,8.9703
KR_U434,Weekday,10,2022-01-17,18.4416,2.0285,42.7567,44.7852,5.4923
KR_U434,Weekday,9,2022-01-21,16.2758,1.4917,90.4208,91.9126,15.0596
KR_U434,Weekday,9,2022-01-27,16.5922,3.1455,92.3329,95.4784,4.613
KR_U434,Weekday,9,2022-01-31,16.7331,1.1119,42.2737,43.3857,10.7655
KR_U434,Weekday,10,2022-02-01,18.8766,1.7969,22.4072,24.2041,19.699
KR_U434,Weekday,7,2022-02-03,9.5528,0.6099,44.0631,44.673,12.8684
KR_U434,Weekday,9,2022-02-04,17.4581,1.4591,22.9891,24.4482,23.7804
KR_U434,Weekday,9,2022-02-08,17.7602,1.1015,46.5253,47.6268,14.5291
KR_U434,Weekday,9,2022-02-14,17.1603,1.1012,98.2424,99.3436,16.6816
KR_U434,Weekday,5,2022-02-14,9.7929,1.3554,3.2193,4.5747,6.3012
KR_U434,Weekday,10,2022-02-15,18.9907,2.1709,17.5139,19.6849,14.7727
KR_U434,Weekday,10,2022-02-16,18.8666,2.0345,31.0626,33.0971,10.01
KR_U434,Weekday,7,2022-02-17,17.4212,0.4569,25.5491,26.006,13.2537
KR_U434,Weekday,9,2022-02-18,17.575,1.5492,24.3773,25.9264,11.3059
KR_U434,Weekday,8,2022-02-21,17.087,0.6617,13.7568,14.4184,15.7751
KR_U434,Weekday,8,2022-02-22,16.6906,1.0157,15.6533,16.669,14.5536
KR_U434,Weekday,9,2022-02-24,17.1694,2.4376,47.7098,50.1474,3.0157
KR_U434,Weekday,9,2022-02-25,17.2471,2.719,22.1018,24.8209,3.6853
KR_U434,Weekday,10,2022-02-28,18.0092,1.689,23.2365,24.9255,13.7738
KR_U434,Weekday,9,2022-03-02,17.389,2.0414,49.9298,51.9712,11.0
KR_U434,Weekday,8,2022-03-04,18.3365,0.9842,49.9428,50.927,5.6121
KR_U434,Weekday,9,2022-03-09,16.9146,2.0476,72.8359,74.8835,2.3547
KR_U434,Weekday,9,2022-03-21,16.8841,0.8531,180.9355,181.7886,6.8462
KR_U434,Weekday,5,2022-03-21,9.5548,1.6252,5.8946,7.5198,3.578
KR_U434,Weekday,10,2022-03-22,18.01,1.2225,18.9403,20.1628,3.9768
KR_U434,Weekday,5,2022-03-22,9.4651,0.4617,7.4947,7.9564,9.1985
KR_U434,Weekday,6,2022-03-24,10.2335,1.2517,29.4276,30.6793,5.1872
KR_U434,Weekday,5,2022-03-24,8.3555,2.0644,8.8926,10.957,21.2412
KR_U434,Weekday,9,2022-04-06,17.732,0.1365,213.8497,213.9862,12.5728
KR_U434,Weekday,5,2022-04-07,9.5537,0.727,29.4496,30.1766,4.9477
KR_U434,Weekday,10,2022-04-08,18.439,2.1399,26.8799,29.0197,11.0794
KR_U434,Weekday,9,2022-04-12,17.4347,1.5733,40.6332,42.2065,5.7503
KR_U434,Weekday,9,2022-04-13,17.5751,1.674,23.2269,24.9009,13.2206
KR_U434,Weekday,5,2022-04-14,9.814,0.2672,29.7981,30.0654,6.8007
KR_U434,Weekday,9,2022-04-18,17.1963,1.5474,44.6179,46.1653,16.9246
KR_U434,Weekday,9,2022-04-20,16.6836,1.3623,41.8606,43.223,16.9971
KR_U434,Weekday,10,2022-04-22,18.2608,1.7218,31.7959,33.5176,8.7593
KR_U434,Weekday,9,2022-04-28,16.4854,1.0455,97.6845,98.73,14.1456
KR_U434,Weekday,9,2022-05-04,17.7433,2.1183,93.3159,95.4343,4.7924
KR_U434,Weekday,9,2022-05-09,17.515,1.0872,82.4896,83.5769,14.9504
KR_U434,Weekday,8,2022-05-13,10.4655,0.9868,99.0183,100.0051,22.1017
KR_U434,Weekday,9,2022-05-16,17.6214,0.9611,21.3626,22.3236,1.6908
KR_U434,Weekday,9,2022-05-20,17.8118,1.4169,87.7837,89.2006,6.8751
KR_U434,Weekday,7,2022-05-24,13.922,0.9192,45.9825,46.9017,20.1625
KR_U434,Weekday,9,2022-05-25,17.2135,2.2629,24.062,26.3249,8.821
KR_U434,Weekday,9,2022-05-30,17.6878,0.3488,83.8352,84.184,16.9949
KR_U434,Weekday,5,2022-06-02,9.6031,1.275,47.112,48.3869,3.1768
KR_U434,Weekday,10,2022-06-03,17.9625,1.9517,33.7294,35.6811,5.3052
KR_U434,Weekday,10,2022-06-06,18.1204,1.9547,32.898,34.8526,14.5144
KR_U434,Weekday,9,2022-06-09,17.4096,2.399,69.2336,71.6326,10.4849
KR_U434,Weekday,6,2022-06-14,14.9406,2.9093,62.8893,65.7986,10.946
KR_U434,Weekday,9,2022-06-20,17.7641,0.3552,92.7969,93.1521,3.5034
KR_U434,Weekday,9,2022-06-24,17.5505,0.5648,82.5474,83.1122,6.3769
KR_U434,Weekday,9,2022-06-27,17.6748,1.1991,44.047,45.2461,11.0638
KR_U434,Weekday,9,2022-07-01,17.2515,1.0548,82.8475,83.9023,16.7468
KR_U434,Weekday,10,2022-07-04,18.1363,2.3045,25.6529,27.9574,4.1096
KR_U434,Weekday,10,2022-07-05,18.1495,2.1714,21.4713,23.6427,13.7788
KR_U434,Weekday,9,2022-07-06,17.2296,1.5533,21.9409,23.4942,3.3222
KR_U434,Weekday,6,2022-07-07,18.4291,1.357,33.143,34.5,9.0863
KR_U434,Weekday,9,2022-07-13,17.7833,0.9172,90.4774,91.3947,4.3313
KR_U434,Weekday,10,2022-07-14,18.5911,1.6678,13.3423,15.0102,14.5221
KR_U434,Weekday,9,2022-07-15,17.2467,2.0829,21.5538,23.6366,9.1168
KR_U434,Weekday,5,2022-07-15,8.3382,1.4121,5.0201,6.4322,15.6663
KR_U434,Weekday,6,2022-07-20,9.2525,2.5058,62.3944,64.9002,9.1808
KR_U434,Weekday,9,2022-07-22,17.7223,1.3366,42.8872,44.2239,13.6987
KR_U434,Weekday,10,2022-07-25,18.0506,2.2116,37.3297,39.5413,9.3109
KR_U434,Weekday,10,2022-07-27,18.1688,3.5176,38.6403,42.1579,10.502
KR_U434,Weekday,10,2022-07-29,18.1844,1.4149,35.7817,37.1967,16.4816
KR_U434,Weekday,9,2022-08-01,17.2134,0.3179,43.8958,44.2137,8.9826
KR_U434,Weekday,5,2022-08-02,9.8119,1.1242,6.3108,7.435,16.1047
KR_U434,Weekday,10,2022-08-05,18.0182,2.9341,69.1258,72.0599,13.1794
KR_U434,Weekday,9,2022-08-10,17.5266,1.2906,78.5239,79.8145,14.8008
KR_U434,Weekday,5,2022-08-11,8.3323,1.3124,30.7631,32.0756,6.8432
KR_U434,Weekday,9,2022-08-15,17.5359,1.8299,40.8934,42.7233,12.9038
KR_U434,Weekday,8,2022-08-17,9.8831,1.5728,44.9429,46.5157,7.5205
KR_U434,Weekday,8,2022-08-23,17.4719,1.911,96.9665,98.8775,8.519
KR_U434,Weekday,8,2022-08-25,16.2225,1.1054,31.5806,32.686,11.6152
KR_U434,Weekday,5,2022-08-29,9.6802,1.4179,49.3517,50.7696,11.2866
KR_U434,Weekday,9,2022-08-31,17.081,0.7686,46.9827,47.7513,7.3337
KR_U434,Weekday,5,2022-08-31,9.5627,2.0577,6.9481,9.0059,10.1405
KR_U434,Weekday,5,2022-09-02,9.8805,0.9606,48.3196,49.2802,11.2338
KR_U434,Weekday,6,2022-09-08,16.9028,0.9245,95.2407,96.1652,9.0571
KR_U434,Weekday,9,2022-09-14,17.6776,1.8487,90.1076,91.9563,7.3555
KR_U434,Weekday,10,2022-09-16,18.6574,1.6047,54.1626,55.7672,8.9904
KR_U434,Weekday,10,2022-09-20,18.2728,1.9331,32.3078,34.2409,15.0139
KR_U434,Weekday,8,2022-09-21,17.0196,1.413,32.4596,33.8726,1.6682
KR_U1222,Weekday,10,2021-10-04,16.6806,1.3527,44.8238,46.1766,6.823
KR_U1222,Weekday,9,2021-10-07,17.7283,1.8801,71.0902,72.9703,9.3373
KR_U1222,Weekday,9,2021-10-11,17.7251,0.6854,47.1129,47.7983,12.8584
KR_U1222,Weekday,9,2021-10-13,17.4191,1.9496,45.9861,47.9357,9.6541
KR_U1222,Weekday,8,2021-10-14,17.6767,1.3026,23.4839,24.7865,6.2609
KR_U1222,Weekday,9,2021-10-15,17.4474,0.762,18.8157,19.5777,11.0878
KR_U1222,Weekday,9,2021-10-18,17.4807,1.3659,21.8009,23.1668,12.9639
KR_U1222,Weekday,9,2021-10-19,17.4234,0.8575,21.5312,22.3887,8.6054
KR_U1222,Weekday,9,2021-10-21,17.5777,3.1314,47.0549,50.1863,17.6622
KR_U1222,Weekday,10,2021-10-28,17.5651,1.2466,119.3738,120.6204,7.6831
KR_U1222,Weekday,9,2021-11-01,17.5927,1.1264,45.2492,46.3756,12.6883
KR_U1222,Weekday,9,2021-11-02,17.6046,3.9305,16.8231,20.7535,6.2063
KR_U1222,Weekday,9,2021-11-04,17.6792,3.8378,45.4518,49.2896,7.2273
KR_U1222,Weekday,9,2021-11-11,17.1385,3.2766,114.7917,118.0684,10.569
KR_U1222,Weekday,9,2021-11-16,17.658,1.0852,70.3298,71.415,4.9362
KR_U1222,Weekday,9,2021-11-17,17.5677,1.126,21.6921,22.8181,18.4895
KR_U1222,Weekday,9,2021-11-19,17.2419,1.2587,46.7468,48.0055,9.9483
KR_U1222,Weekday,10,2021-11-23,17.7555,1.9927,47.8123,49.805,13.0822
KR_U1222,Weekday,9,2021-11-29,17.5112,0.5345,99.6922,100.2267,14.5375
KR_U1222,Weekday,9,2021-12-02,17.7688,2.136,70.4664,72.6024,5.0808
KR_U1222,Weekday,9,2021-12-07,17.4692,1.9743,70.4425,72.4168,18.8729
KR_U1222,Weekday,9,2021-12-10,17.3138,0.7903,69.6567,70.4471,12.3515
KR_U1222,Weekday,9,2021-12-17,17.0962,1.6571,120.3374,121.9944,11.5915
KR_U1222,Weekday,9,2021-12-20,17.1819,1.1969,20.2824,21.4793,12.1985
KR_U1222,Weekday,9,2021-12-22,17.4187,0.9107,47.3331,48.2438,12.131
KR_U1222,Weekday,9,2021-12-28,17.5359,0.6927,93.1488,93.8415,18.9967
KR_U1222,Weekday,9,2021-12-29,17.7732,2.1607,21.0581,23.2188,10.8268
KR_U1222,Weekday,9,2021-12-31,17.4002,2.1891,47.6279,49.817,3.8886
KR_U1222,Weekday,10,2022-01-03,17.0304,2.8123,15.8444,18.6567,12.6283
KR_U1222,Weekday,9,2022-01-06,17.2234,1.7425,70.568,72.3104,6.3644
KR_U1222,Weekday,10,2022-01-12,18.1096,1.5235,90.1661,91.6896,15.2558
KR_U1222,Weekday,10,2022-01-13,18.67,1.5278,23.954,25.4818,18.5605
KR_U1222,Weekday,9,2022-01-17,17.5855,2.0885,47.2407,49.3293,13.8468
KR_U1222,Weekday,9,2022-01-21,17.6021,1.235,86.2775,87.5126,6.4207
KR_U1222,Weekday,10,2022-01-26,17.4757,1.169,69.9395,71.1085,12.1197
KR_U1222,Weekday,9,2022-01-26,17.5824,0.8007,18.4216,19.2224,8.6946
KR_U1222,Weekday,9,2022-01-31,17.0098,2.9023,69.6815,72.5838,6.2635
KR_U1222,Weekday,9,2022-02-03,17.4192,1.8391,70.4809,72.32,13.6198
KR_U1222,Weekday,9,2022-02-07,17.393,1.4631,46.9423,48.4054,15.8361
KR_U1222,Weekday,9,2022-02-11,17.2452,1.9388,93.978,95.9168,12.9533
KR_U1222,Weekday,9,2022-02-15,17.7444,2.2089,25.4693,27.6782,3.9218
KR_U1222,Weekday,9,2022-02-15,18.1665,1.1508,21.1717,22.3224,4.9132
KR_U1222,Weekday,9,2022-02-22,17.7793,0.8667,112.9828,113.8496,16.3089
KR_U1222,Weekday,10,2022-02-28,15.8607,1.8328,96.0139,97.8467,14.3345
KR_U1222,Weekday,9,2022-03-02,17.3123,3.7106,45.4724,49.183,12.7469
KR_U1222,Weekday,9,2022-03-09,17.4862,1.1381,110.4809,111.619,7.425
KR_U1222,Weekday,9,2022-03-11,17.3216,1.6526,47.1046,48.7572,14.703
KR_U1222,Weekday,9,2022-03-15,17.4732,1.3624,47.0953,48.4576,10.6338
KR_U1222,Weekday,9,2022-03-16,17.9047,1.2807,20.922,22.2026,13.6199
KR_U1222,Weekday,9,2022-03-18,17.8465,1.0408,44.8086,45.8494,4.3356
KR_U1222,Weekday,9,2022-03-24,17.9335,1.985,94.4627,96.4477,8.3209
KR_U1222,Weekday,10,2022-03-25,17.9544,2.1958,14.5712,16.767,8.238
KR_U1222,Weekday,9,2022-03-29,17.5976,2.5348,46.7399,49.2747,9.0241
KR_U1222,Weekday,9,2022-04-01,17.4427,1.2997,70.0609,71.3606,11.4196
KR_U1222,Weekday,9,2022-04-04,17.5103,0.6764,23.4376,24.114,7.7769
KR_U1222,Weekday,9,2022-04-05,17.4839,1.346,20.1266,21.4726,16.2269
KR_U1222,Weekday,9,2022-04-12,17.7039,1.3593,131.8898,133.249,7.1088
KR_U1222,Weekday,9,2022-04-15,17.5697,0.9711,74.1066,75.0776,8.5552
KR_U1222,Weekday,9,2022-04-19,17.4125,1.4992,46.1603,47.6595,2.2026
KR_U1222,Weekday,9,2022-04-21,17.829,2.0267,46.9822,49.0089,15.2993
KR_U1222,Weekday,9,2022-04-26,17.9234,1.1511,71.2129,72.364,8.572
KR_U1222,Weekday,9,2022-04-27,17.5034,1.181,25.2761,26.4571,14.8379
KR_U1222,Weekday,9,2022-05-03,17.63,1.4257,94.1691,95.5947,9.5198
KR_U1222,Weekday,9,2022-05-06,17.5037,0.9041,70.4721,71.3763,17.3688
KR_U1222,Weekday,9,2022-05-10,17.8704,1.1721,45.8338,47.0059,17.3579
KR_U1222,Weekday,10,2022-05-12,17.2236,0.8238,45.6765,46.5003,3.8985
KR_U1222,Weekday,9,2022-05-16,17.2639,3.5909,47.8135,51.4044,12.6934
KR_U1222,Weekday,9,2022-05-19,17.6091,1.8758,70.986,72.8617,12.2106
KR_U1222,Weekday,5,2022-05-25,17.8337,0.9784,91.9886,92.967,17.7867
KR_U1222,Weekday,9,2022-05-26,17.1998,2.4087,22.8887,25.2974,12.0
KR_U1222,Weekday,9,2022-05-31,16.8516,1.937,70.3696,72.3066,6.2276
KR_U1222,Weekday,10,2022-06-03,17.4643,1.4134,70.0579,71.4713,6.3791
KR_U1222,Weekday,9,2022-06-06,17.5487,5.0058,21.1784,26.1842,15.0714
KR_U1222,Weekday,9,2022-06-08,17.4396,1.0163,45.7078,46.7241,9.8995
KR_U1222,Weekday,9,2022-06-16,17.8939,1.5305,144.5805,146.111,6.1964
KR_U1222,Weekday,9,2022-06-24,17.1132,1.4158,123.4838,124.8995,14.6054
KR_U1222,Weekday,9,2022-06-28,17.5544,1.5675,47.1932,48.7607,10.4522
KR_U1222,Weekday,9,2022-07-04,17.6111,2.5669,93.3541,95.921,12.9238
KR_U1222,Weekday,9,2022-07-06,17.3959,0.9552,47.8559,48.811,14.0798
KR_U1222,Weekday,9,2022-07-06,17.7239,1.1594,18.1083,19.2677,12.0324
KR_U1222,Weekday,9,2022-07-11,17.3096,1.0723,70.0741,71.1465,8.0706
KR_U1222,Weekday,9,2022-07-13,17.8405,0.7238,45.3045,46.0283,14.6079
KR_U1222,Weekday,9,2022-07-19,17.7961,1.0452,93.7279,94.773,9.9958
KR_U1222,Weekend,9,2021-10-02,21.2486,2.2277,13.6931,15.9208,15.0355
KR_U1222,Weekend,10,2021-10-16,15.1364,6.6109,76.7653,83.3762,37.2
KR_U1222,Weekend,9,2021-10-24,22.5175,5.3339,69.4804,74.8143,0.5071
KR_U1222,Weekend,9,2021-11-07,16.9122,5.8936,101.8238,107.7174,21.3394
KR_U1222,Weekend,9,2021-11-27,11.4863,4.9017,108.1258,113.0276,26.4963
KR_U1222,Weekend,10,2021-12-11,18.9386,2.6888,105.2293,107.918,2.6867
KR_U1222,Weekend,9,2021-12-18,18.3396,2.0443,38.5184,40.5627,25.0439
KR_U1222,Weekend,9,2021-12-25,15.1021,9.0359,43.95,52.986,9.131
KR_U1222,Weekend,9,2022-01-01,15.6952,4.0491,25.8531,29.9022,15.116
KR_U1222,Weekend,9,2022-01-08,3.2072,2.449,45.2766,47.7257,17.0897
KR_U1222,Weekend,9,2022-01-09,1.861,1.094,29.149,30.243,11.8445
KR_U1222,Weekend,9,2022-01-16,20.412,2.0662,39.713,41.7791,12.9451
KR_U1222,Weekend,9,2022-01-16,21.908,3.1218,9.1796,12.3014,13.1167
KR_U1222,Weekend,9,2022-01-22,17.7239,3.6034,27.2223,30.8256,9.218
KR_U1222,Weekend,9,2022-02-20,11.6571,4.7471,210.6859,215.433,22.5452
KR_U1222,Weekend,9,2022-03-12,20.2221,0.9722,116.2419,117.2142,5.0676
KR_U1222,Weekend,9,2022-03-19,6.2586,7.122,35.1016,42.2236,7.089
KR_U1222,Weekend,10,2022-03-20,9.4135,6.4171,19.2617,25.6788,18.0287
KR_U1222,Weekend,9,2022-04-23,10.5678,4.0913,203.3891,207.4804,20.779
KR_U1222,Weekend,9,2022-04-30,8.4296,0.4575,45.0177,45.4753,14.6657
KR_U1222,Weekend,9,2022-05-01,17.0442,1.6165,22.737,24.3535,33.7083
KR_U1222,Weekend,9,2022-05-22,16.8525,0.3069,152.1212,152.4281,19.25
KR_U1222,Weekend,10,2022-06-05,18.288,1.8984,95.1288,97.0272,15.0689
KR_U1222,Weekend,9,2022-07-10,13.1503,3.7624,227.7556,231.518,9.5236
KR_U1222,Weekend,9,2022-07-10,14.9555,2.5633,1.9445,4.5077,15.441
KR_U1225,Weekday,9,2021-10-05,17.209,3.0498,21.9611,25.0109,11.9848
KR_U1225,Weekday,10,2021-10-06,18.4967,1.9128,23.0876,25.0004,7.4025
KR_U1225,Weekday,10,2021-10-07,17.9503,2.0166,20.259,22.2755,16.4391
KR_U1225,Weekday,9,2021-10-11,17.7222,2.2205,45.7177,47.9382,10.8956
KR_U1225,Weekday,9,2021-10-13,17.8853,4.4579,46.7449,51.2029,15.4661
KR_U1225,Weekday,9,2021-10-18,17.6208,3.099,71.496,74.595,17.2548
KR_U1225,Weekday,10,2021-10-19,18.3465,1.7746,21.501,23.2756,12.9458
KR_U1225,Weekday,9,2021-10-22,17.5593,1.4346,71.274,72.7085,11.787
KR_U1225,Weekday,9,2021-10-25,17.5797,2.2479,20.3781,22.626,13.5803
KR_U1225,Weekday,10,2021-10-27,18.2171,2.3032,63.5795,65.8827,13.7352
KR_U1225,Weekday,9,2021-11-01,16.9677,1.8701,69.9573,71.8274,5.26
KR_U1225,Weekday,9,2021-11-05,17.7404,2.0363,94.6357,96.672,12.0829
KR_U1225,Weekday,9,2021-11-08,17.8832,1.2117,21.9298,23.1415,9.7263
KR_U1225,Weekday,9,2021-11-10,17.576,2.1845,45.7411,47.9256,13.669
KR_U1225,Weekday,9,2021-11-11,17.2615,3.0088,21.8164,24.8252,15.7819
KR_U1225,Weekday,10,2021-11-12,18.3384,1.2309,21.3255,22.5564,11.6546
KR_U1225,Weekday,9,2021-11-16,17.7591,3.9639,45.8702,49.8341,14.7535
KR_U1225,Weekday,7,2021-11-18,17.9131,1.9463,34.1243,36.0707,11.7872
KR_U1225,Weekday,9,2021-11-22,17.2582,1.3229,45.9127,47.2356,14.8898
KR_U1225,Weekday,9,2021-11-24,17.5637,1.7532,45.2765,47.0297,8.241
KR_U1225,Weekday,10,2021-11-25,18.5118,1.9882,21.0929,23.0811,14.2154
KR_U1225,Weekday,9,2021-12-01,17.7561,2.197,94.853,97.05,15.5844
KR_U1225,Weekday,9,2021-12-02,17.5582,1.201,22.3411,23.542,14.1286
KR_U1225,Weekday,9,2021-12-06,17.8471,1.597,45.3956,46.9925,22.1848
KR_U1225,Weekday,9,2021-12-07,17.7208,2.6109,21.7447,24.3556,17.5315
KR_U1225,Weekday,9,2021-12-09,17.5798,1.8968,47.4703,49.367,16.1635
KR_U1225,Weekday,9,2021-12-10,17.6693,1.028,20.5873,21.6152,12.6572
KR_U1225,Weekday,9,2021-12-14,17.3128,1.2206,46.3885,47.6091,15.4739
KR_U1225,Weekday,9,2021-12-20,17.433,1.2123,94.185,95.3972,20.5606
KR_U1225,Weekday,9,2021-12-21,17.8344,1.4612,23.1546,24.6158,16.5212
KR_U1225,Weekday,9,2021-12-22,17.3207,3.5916,22.0945,25.6861,15.3317
KR_U1225,Weekday,9,2021-12-28,17.1773,1.0895,94.2371,95.3265,16.133
KR_U1225,Weekday,10,2021-12-29,18.4951,1.7383,21.5339,23.2722,19.9486
KR_U1225,Weekday,9,2022-01-03,17.943,1.6683,68.7438,70.412,17.3478
KR_U1225,Weekday,9,2022-01-04,17.5532,0.6617,22.6688,23.3305,18.2857
KR_U1225,Weekday,9,2022-01-05,17.6396,2.3058,21.7031,24.0088,17.3576
KR_U1225,Weekday,10,2022-01-10,17.5028,3.6064,69.4492,73.0556,17.1212
KR_U1225,Weekday,9,2022-01-12,17.4575,1.0492,46.1218,47.1709,12.2117
KR_U1225,Weekday,10,2022-01-13,18.5,3.1409,22.0419,25.1828,12.0359
KR_U1225,Weekday,9,2022-01-18,17.9292,1.5314,72.2156,73.747,9.8141
KR_U1225,Weekday,9,2022-01-19,17.7762,0.9328,21.7103,22.6432,14.7784
KR_U1225,Weekday,9,2022-01-20,17.8187,1.6673,23.4365,25.1039,13.0863
KR_U1225,Weekday,9,2022-01-24,17.6601,1.0729,47.7127,48.7856,11.4268
KR_U1225,Weekday,9,2022-01-25,17.7944,2.6111,20.8554,23.4665,13.0615
KR_U1225,Weekday,9,2022-01-26,17.8138,2.3967,21.0558,23.4526,12.2898
KR_U1225,Weekday,9,2022-01-27,17.4922,1.935,23.3515,25.2864,13.923
KR_U1225,Weekday,9,2022-01-28,17.6827,2.2356,21.9831,24.2187,17.498
KR_U1225,Weekday,9,2022-02-07,17.8365,2.1147,141.0179,143.1325,19.4148
KR_U1225,Weekday,9,2022-02-08,17.9462,2.2372,20.9012,23.1383,16.2449
KR_U1225,Weekday,9,2022-02-10,17.5423,0.7568,46.5117,47.2685,12.4502
KR_U1225,Weekday,10,2022-02-11,18.3134,1.8799,23.2491,25.1289,13.0968
KR_U1225,Weekday,9,2022-02-14,17.6232,2.2197,21.1935,23.4131,8.1735
KR_U1225,Weekday,10,2022-02-15,18.6531,1.3733,22.2924,23.6657,13.137
KR_U1225,Weekday,9,2022-02-18,17.547,1.1969,69.1987,70.3956,7.2836
KR_U1225,Weekday,9,2022-02-22,17.6282,2.3763,46.222,48.5984,10.547
KR_U1225,Weekday,9,2022-02-25,17.854,2.9534,69.7146,72.6679,7.0158
KR_U1225,Weekday,9,2022-03-01,17.5699,4.0505,46.4243,50.4748,21.7091
KR_U1225,Weekday,9,2022-03-03,17.6144,3.7325,46.063,49.7955,14.5199
KR_U1225,Weekday,10,2022-03-08,18.2796,2.6614,63.1735,65.8349,12.4032
KR_U1225,Weekday,9,2022-03-09,17.6905,1.351,21.1938,22.5448,18.7533
KR_U1225,Weekday,9,2022-03-10,17.5366,2.4887,24.1407,26.6294,7.3051
KR_U1225,Weekday,8,2022-03-11,17.5215,8.3373,20.8206,29.1579,16.4652
KR_U1225,Weekday,9,2022-03-14,17.9321,4.3219,24.3629,28.6848,15.6996
KR_U1225,Weekday,9,2022-03-16,17.8685,0.9597,46.253,47.2127,10.3211
KR_U1225,Weekday,9,2022-03-21,17.7645,1.8255,69.3294,71.1549,12.417
KR_U1225,Weekday,9,2022-03-24,17.8289,0.7061,69.6742,70.3804,9.3807
KR_U1225,Weekday,9,2022-03-28,17.7047,2.7476,46.394,49.1416,12.7919
KR_U1225,Weekday,8,2022-04-01,17.3172,2.5517,99.357,101.9087,7.7046
KR_U1225,Weekday,9,2022-04-13,17.4333,4.7622,179.8513,184.6135,15.6332
KR_U1225,Weekday,9,2022-04-14,17.7288,1.3757,21.5496,22.9254,10.2278
KR_U1225,Weekday,9,2022-04-15,17.6928,2.4134,21.7044,24.1178,7.6831
KR_U1225,Weekday,9,2022-04-19,17.8844,2.6113,45.7965,48.4077,8.6723
KR_U1225,Weekday,9,2022-04-20,17.4267,2.2731,22.2239,24.4971,11.1799
KR_U1225,Weekday,10,2022-04-21,17.7555,1.7339,21.2575,22.9914,9.6708
KR_U1225,Weekday,9,2022-04-26,17.5629,1.4414,68.2576,69.6989,12.9542
KR_U1225,Weekday,10,2022-04-27,17.9906,2.4848,21.7027,24.1875,12.1408
KR_U1225,Weekday,9,2022-05-03,17.5713,1.4878,95.0409,96.5287,16.937
KR_U1225,Weekday,9,2022-05-09,17.6807,0.9314,94.5246,95.4561,3.9931
KR_U1225,Weekday,9,2022-05-13,17.4683,1.3382,94.351,95.6892,9.7299
KR_U1225,Weekday,9,2022-05-17,17.8354,3.6648,45.428,49.0928,2.2625
KR_U1225,Weekday,10,2022-05-18,18.1103,2.1365,21.1934,23.3299,10.474
KR_U1225,Weekday,9,2022-05-19,17.2649,1.6658,22.7646,24.4304,12.1645
KR_U1225,Weekday,9,2022-05-23,17.8069,1.4916,46.7753,48.2669,11.7882
KR_U1225,Weekday,9,2022-05-24,17.401,2.5987,21.9289,24.5276,19.7304
KR_U1225,Weekday,10,2022-05-25,18.7052,1.3047,22.5022,23.8069,17.0707
KR_U1225,Weekday,9,2022-05-26,18.0003,2.3103,21.9802,24.2906,9.4543
KR_U1225,Weekday,9,2022-05-27,17.5247,1.4213,21.2983,22.7196,14.7151
KR_U1225,Weekday,9,2022-06-02,17.3222,1.7561,95.0865,96.8426,9.5718
KR_U1225,Weekday,10,2022-06-03,17.864,3.0862,21.9487,25.0349,10.5814
KR_U1225,Weekday,10,2022-06-08,18.4228,1.7309,78.3379,80.0687,13.2933
KR_U1225,Weekday,9,2022-06-09,16.8076,1.9279,22.8854,24.8132,12.9164
KR_U1225,Weekday,9,2022-06-14,17.2671,2.6628,68.8352,71.498,3.6352
KR_U1225,Weekday,9,2022-06-16,17.6758,1.1912,45.8483,47.0396,16.2918
KR_U1225,Weekday,10,2022-06-17,18.6053,1.777,21.5555,23.3325,13.0433
KR_U1225,Weekday,10,2022-06-20,18.4432,1.7963,21.8133,23.6096,13.6477
KR_U1225,Weekday,10,2022-06-23,18.0688,1.0282,56.5332,57.5614,20.8265
KR_U1225,Weekday,9,2022-06-28,17.3929,2.7245,70.8086,73.5332,11.9861
KR_U1225,Weekday,9,2022-07-04,17.8262,2.2205,94.0124,96.2329,11.6702
KR_U1225,Weekday,9,2022-07-05,17.4137,1.9296,22.7568,24.6863,15.1569
KR_U1225,Weekday,9,2022-07-07,17.7753,0.9678,46.7734,47.7413,4.2636
KR_U1225,Weekday,9,2022-07-13,18.0022,1.464,94.278,95.7421,15.3249
KR_U1225,Weekday,10,2022-07-14,18.2625,1.4003,21.0429,22.4431,10.7004
KR_U1225,Weekday,9,2022-07-18,17.8709,1.8678,46.183,48.0508,16.7407
KR_U1225,Weekday,10,2022-07-20,17.9313,2.9696,45.531,48.5007,14.1384
KR_U1225,Weekend,10,2021-10-10,16.4315,0.7462,93.1433,93.8895,8.073
KR_U1225,Weekend,8,2021-10-31,17.5126,1.9421,124.2502,126.1923,11.4255
KR_U1225,Weekend,9,2021-11-13,17.3804,3.0299,65.2055,68.2354,14.4258
KR_U1225,Weekend,10,2021-11-20,16.4954,2.1212,47.8735,49.9947,8.8568
KR_U1225,Weekend,9,2021-11-28,17.4958,2.5525,70.1876,72.7401,13.5448
KR_U1225,Weekend,9,2021-12-05,17.4192,1.8273,44.7118,46.5391,12.3061
KR_U1225,Weekend,9,2021-12-12,17.4461,3.2132,46.987,50.2002,7.3135
KR_U1225,Weekend,9,2021-12-25,17.6404,1.5995,85.3535,86.953,16.2771
KR_U1225,Weekend,9,2022-01-08,17.3162,1.9899,98.494,100.484,12.2484
KR_U1225,Weekend,9,2022-01-23,16.9009,3.1656,110.279,113.4446,6.7062
KR_U1225,Weekend,9,2022-02-05,17.3677,1.1037,69.6494,70.7531,10.267
KR_U1225,Weekend,9,2022-02-12,17.2394,1.5152,38.8346,40.3499,12.1881
KR_U1225,Weekend,9,2022-03-06,17.685,2.0331,180.6906,182.7237,7.1601
KR_U1225,Weekend,9,2022-03-19,17.359,0.6777,53.3561,54.0338,12.3636
KR_U1225,Weekend,9,2022-03-20,17.0643,1.6845,40.9706,42.6551,9.3896
KR_U1225,Weekend,9,2022-04-02,16.5061,2.6449,66.8346,69.4794,11.1134
KR_U1225,Weekend,9,2022-05-01,17.273,1.4282,202.3083,203.7366,8.9651
KR_U1225,Weekend,8,2022-05-15,16.464,1.8776,95.6343,97.512,10.121
KR_U1225,Weekend,9,2022-05-28,17.6034,2.1818,62.2148,64.3966,7.6011
KR_U1225,Weekend,9,2022-05-29,17.0532,2.0776,28.2555,30.3331,25.3113
KR_U1225,Weekend,9,2022-06-05,17.2677,1.647,57.9701,59.6171,7.502
KR_U1225,Weekend,9,2022-06-18,17.1683,1.2538,52.4828,53.7366,6.6199
KR_U1225,Weekend,9,2022-06-25,16.9675,2.3135,55.3665,57.68,13.8237
KR_U1225,Weekend,9,2022-07-03,17.4284,1.7256,76.0073,77.733,16.3691
KR_U1228,Weekday,5,2021-10-04,18.7939,0.9771,44.4071,45.3842,22.0073
KR_U1228,Weekday,9,2021-10-05,17.776,1.7929,18.1535,19.9464,10.1264
KR_U1228,Weekday,9,2021-10-06,17.7305,2.1288,23.6007,25.7296,3.6236
KR_U1228,Weekday,10,2021-10-08,18.7613,0.5404,44.5383,45.0787,14.6636
KR_U1228,Weekday,10,2021-10-11,19.0255,2.44,21.9937,24.4337,4.8511
KR_U1228,Weekday,9,2021-10-12,17.7608,1.7849,22.0698,23.8547,6.2968
KR_U1228,Weekday,10,2021-10-18,18.8948,1.2855,98.2687,99.5542,16.9527
KR_U1228,Weekday,9,2021-10-22,17.8081,0.8485,93.5791,94.4276,26.4482
KR_U1228,Weekday,9,2021-10-25,17.4769,1.4638,22.1916,23.6554,8.4156
KR_U1228,Weekday,10,2021-10-28,18.6542,0.6404,71.2423,71.8827,9.6656
KR_U1228,Weekday,10,2021-11-01,18.2368,0.6081,45.6661,46.2742,4.6043
KR_U1228,Weekday,10,2021-11-08,18.7808,1.1163,103.7955,104.9118,5.0038
KR_U1228,Weekday,10,2021-11-09,18.4197,1.1987,23.1604,24.3592,5.366
KR_U1228,Weekday,10,2021-11-11,18.212,0.8717,46.1028,46.9745,5.6556
KR_U1228,Weekday,10,2021-11-11,18.59,0.8218,21.4429,22.2647,6.5491
KR_U1228,Weekday,10,2021-11-15,17.9746,1.9004,23.7149,25.6153,8.9442
KR_U1228,Weekday,10,2021-11-15,18.3845,2.7838,20.4316,23.2154,2.0287
KR_U1228,Weekday,10,2021-11-19,18.8244,0.9474,88.9843,89.9317,9.6202
KR_U1228,Weekday,10,2021-11-26,18.4012,1.0117,101.6874,102.6992,7.2827
KR_U1228,Weekday,10,2021-11-29,18.5802,2.517,23.5661,26.0831,8.7577
KR_U1228,Weekday,10,2021-12-02,18.8721,0.6979,71.291,71.9889,4.3562
KR_U1228,Weekday,10,2021-12-03,18.3292,1.0875,23.2602,24.3477,3.6159
KR_U1228,Weekday,10,2021-12-08,18.6628,0.875,70.1734,71.0483,2.6653
KR_U1228,Weekday,10,2021-12-10,18.2788,2.5162,46.954,49.4701,7.1409
KR_U1228,Weekday,9,2021-12-13,18.0906,2.0393,22.0179,24.0572,7.2794
KR_U1228,Weekday,10,2021-12-15,19.0027,0.5048,46.3262,46.831,6.0936
KR_U1228,Weekday,10,2021-12-16,17.9967,2.9703,22.1348,25.1051,16.9522
KR_U1228,Weekday,10,2021-12-17,18.8939,1.0987,24.3518,25.4505,6.7142
KR_U1228,Weekday,11,2021-12-21,17.6981,0.7823,47.2625,48.0448,12.3957
KR_U1228,Weekday,10,2021-12-22,18.3206,0.9896,23.6006,24.5902,5.7971
KR_U1228,Weekday,10,2021-12-24,18.0871,1.9498,45.8147,47.7645,18.0886
KR_U1228,Weekday,9,2021-12-28,17.6165,1.6196,55.1967,56.8163,11.5927
KR_U1228,Weekday,9,2021-12-29,17.7065,1.6961,22.5562,24.2524,11.071
KR_U1228,Weekday,10,2022-01-03,18.5409,0.7298,70.9125,71.6422,7.9909
KR_U1228,Weekday,10,2022-01-10,18.3186,2.1809,113.9313,116.1121,4.551
KR_U1228,Weekday,10,2022-01-13,18.4366,0.7448,69.5755,70.3203,6.8649
KR_U1228,Weekday,10,2022-01-14,18.2088,1.2987,21.6395,22.9382,16.4259
KR_U1228,Weekday,9,2022-01-17,17.7162,1.557,23.532,25.089,11.8011
KR_U1228,Weekday,9,2022-01-19,17.6817,0.4223,54.054,54.4763,11.1549
KR_U1228,Weekday,9,2022-01-24,17.7671,0.9859,56.6732,57.659,5.3265
KR_U1228,Weekday,10,2022-01-25,18.9544,1.1485,24.7194,25.868,8.0809
KR_U1228,Weekday,10,2022-01-26,18.9313,0.6322,23.5479,24.1801,12.3663
KR_U1228,Weekday,10,2022-01-27,18.2698,1.1543,21.7713,22.9256,7.9895
KR_U1228,Weekday,10,2022-01-31,18.8388,1.4372,45.5861,47.0233,6.825
KR_U1228,Weekday,10,2022-01-31,18.1161,0.7822,22.4512,23.2334,13.5895
KR_U1228,Weekday,9,2022-02-02,17.5812,1.8707,28.3098,30.1805,7.2822
KR_U1228,Weekday,9,2022-02-03,17.7608,1.0984,32.9498,34.0482,24.6734
KR_U1228,Weekday,9,2022-02-04,17.8947,0.848,22.9906,23.8386,14.3282
KR_U1228,Weekday,9,2022-02-07,17.5952,0.4769,22.6342,23.1111,7.3568
KR_U1228,Weekday,9,2022-02-08,17.5369,1.0515,21.445,22.4965,14.31
KR_U1228,Weekday,9,2022-02-09,18.1434,2.0122,22.1239,24.1361,11.8879
KR_U1228,Weekday,9,2022-02-11,17.8619,0.5747,39.9962,40.5709,7.7422
KR_U1228,Weekday,10,2022-02-14,18.477,1.0698,22.0433,23.1131,5.0747
KR_U1228,Weekday,9,2022-02-16,17.9967,1.1514,64.5773,65.7287,15.7923
KR_U1228,Weekday,9,2022-02-21,17.7642,1.2474,51.8732,53.1207,12.237
KR_U1228,Weekday,9,2022-02-22,17.7062,0.8698,22.5621,23.4318,11.4019
KR_U1228,Weekday,9,2022-02-24,17.6842,1.5428,50.948,52.4908,15.5591
KR_U1228,Weekday,10,2022-02-25,18.9571,0.6818,21.7281,22.4099,5.8045
KR_U1228,Weekday,9,2022-02-28,17.4056,0.9121,23.1176,24.0297,14.4765
KR_U1228,Weekday,9,2022-03-01,17.5077,2.4196,22.0965,24.516,22.3781
KR_U1228,Weekday,9,2022-03-02,17.2641,2.4543,25.3207,27.775,12.6916
KR_U1228,Weekday,11,2022-03-03,18.2778,0.8676,23.064,23.9316,17.075
KR_U1228,Weekday,9,2022-03-04,17.7276,1.3117,24.2034,25.5151,15.4411
KR_U1228,Weekday,10,2022-03-07,18.5651,2.2367,21.105,23.3417,5.8553
KR_U1228,Weekday,10,2022-03-10,18.1501,3.1009,70.4556,73.5565,7.7946
KR_U1228,Weekday,10,2022-03-11,18.2131,0.999,21.9403,22.9393,5.2175
KR_U1228,Weekday,10,2022-03-16,18.9869,0.7142,69.8286,70.5427,8.875
KR_U1228,Weekday,9,2022-03-17,18.0297,3.6018,21.5123,25.114,11.1393
KR_U1228,Weekday,10,2022-03-22,18.2186,0.7459,69.8273,70.5732,6.8316
KR_U1228,Weekday,9,2022-03-23,17.792,0.8012,22.5217,23.3229,10.581
KR_U1228,Weekday,10,2022-03-28,18.6733,0.8302,71.8103,72.6405,2.8415
KR_U1228,Weekday,10,2022-03-30,18.727,1.1854,45.4047,46.5901,6.8847
KR_U1228,Weekday,10,2022-03-31,18.2565,1.0621,24.7868,25.8488,3.9102
KR_U1228,Weekday,10,2022-04-04,18.6197,0.7624,47.7698,48.5322,4.9796
KR_U1228,Weekday,10,2022-04-05,18.4053,1.4277,21.6307,23.0584,6.4332
KR_U1228,Weekday,9,2022-04-06,17.5781,1.3596,21.9559,23.3156,11.795
KR_U1228,Weekday,11,2022-04-15,18.0627,1.4129,163.1249,164.5378,10.18
KR_U1228,Weekday,9,2022-04-20,17.9047,1.5355,78.7856,80.3211,10.3357
KR_U1228,Weekday,9,2022-04-21,17.3063,0.6625,21.6035,22.2659,12.1955
KR_U1228,Weekday,9,2022-04-25,17.9093,1.9314,49.1038,51.0352,4.8427
KR_U1228,Weekday,10,2022-04-26,18.6606,0.7083,22.662,23.3703,5.4405
KR_U1228,Weekday,10,2022-04-27,18.4823,2.3202,22.1239,24.4441,7.675
KR_U1228,Weekday,10,2022-04-29,18.3679,1.268,43.771,45.0391,17.9792
KR_U1228,Weekday,10,2022-05-02,18.7846,1.3078,21.9752,23.283,7.2206
KR_U1228,Weekday,10,2022-05-03,18.4348,2.0758,21.0466,23.1224,8.7458
KR_U1228,Weekday,11,2022-05-06,18.7873,2.5264,71.4165,73.9429,18.2138
KR_U1228,Weekday,10,2022-05-11,18.1608,0.9997,71.1821,72.1818,8.0986
KR_U1228,Weekday,10,2022-05-12,18.4806,1.4249,22.6439,24.0688,6.6046
KR_U1228,Weekday,10,2022-05-13,18.4787,1.0821,22.5368,23.6189,7.9639
KR_U1228,Weekday,10,2022-05-16,19.0797,1.1555,20.0082,21.1637,7.5931
KR_U1228,Weekday,8,2022-05-17,17.9126,0.9433,24.7603,25.7037,5.5962
KR_U1228,Weekday,5,2022-05-18,17.6379,1.8271,22.6671,24.4941,14.8848
KR_U1228,Weekday,9,2022-05-19,17.7674,0.3563,35.6695,36.0258,16.6339
KR_U1228,Weekday,10,2022-05-23,18.6653,1.4669,23.8269,25.2938,5.451
KR_U1228,Weekday,9,2022-05-23,17.6262,1.4023,13.9726,15.3749,18.9143
KR_U1228,Weekday,10,2022-05-24,18.0789,1.8993,22.1062,24.0056,5.3334
KR_U1228,Weekday,10,2022-05-25,18.3163,2.5474,23.2169,25.7643,4.6421
KR_U1228,Weekday,10,2022-05-30,18.7503,0.9125,69.6217,70.5342,7.7246
KR_U1228,Weekday,10,2022-05-31,18.6608,0.7762,22.6071,23.3833,9.4408
KR_U1228,Weekday,10,2022-06-01,18.3413,0.98,23.5809,24.5609,7.3265
KR_U1228,Weekday,9,2022-06-02,17.3135,1.0525,22.9949,24.0474,6.5748
KR_U1228,Weekday,9,2022-06-03,17.4023,1.0907,22.9434,24.0341,5.9802
KR_U1228,Weekday,9,2022-06-07,17.6357,1.6508,33.0083,34.6591,6.3322
KR_U1228,Weekday,9,2022-06-08,17.5288,0.5688,22.4444,23.0132,6.6082
KR_U1228,Weekday,10,2022-06-10,18.5554,0.7408,45.7,46.4408,7.6473
KR_U1228,Weekday,10,2022-06-13,18.9862,1.1441,24.7368,25.8809,14.2432
KR_U1228,Weekday,10,2022-06-15,18.4853,2.737,48.7021,51.4391,5.3941
KR_U1228,Weekday,11,2022-06-16,17.3774,0.9495,22.0101,22.9595,10.7816
KR_U1228,Weekday,10,2022-06-17,18.9868,0.6522,21.0457,21.698,6.306
KR_U1228,Weekday,9,2022-06-20,17.6822,1.5287,22.0358,23.5646,9.8693
KR_U1228,Weekday,9,2022-06-22,17.6965,1.335,66.0159,67.351,10.9516
KR_U1228,Weekday,10,2022-06-28,18.6998,2.2945,95.7064,98.001,9.2831
KR_U1228,Weekday,8,2022-07-06,18.0864,0.5526,127.537,128.0896,5.2087
KR_U1228,Weekday,5,2022-07-07,18.4298,0.5439,23.5259,24.0698,24.9761
KR_U1228,Weekday,9,2022-07-08,17.4197,2.1825,26.0236,28.2061,14.514
KR_U1228,Weekday,9,2022-07-11,16.8768,2.6859,22.4496,25.1354,10.4251
KR_U1228,Weekday,10,2022-07-14,18.3694,0.9529,70.8836,71.8364,5.4572
KR_U1228,Weekday,10,2022-07-15,18.118,2.4446,21.8045,24.2491,17.303
KR_U1228,Weekday,10,2022-07-18,18.447,1.0542,22.3893,23.4435,20.5196
KR_U1228,Weekday,10,2022-07-19,18.6735,0.9419,22.1128,23.0547,7.8134
KR_U1228,Weekend,9,2021-10-03,17.7257,1.5357,40.9069,42.4427,3.929
KR_U1228,Weekend,9,2021-10-24,17.2339,2.5253,144.7378,147.2631,6.8436
KR_U1228,Weekend,9,2021-10-30,16.6704,0.8657,20.6572,21.523,11.1669
KR_U1228,Weekend,9,2021-11-07,17.1908,1.7213,68.9664,70.6877,4.8537
KR_U1228,Weekend,9,2021-11-13,17.0339,1.2632,23.3791,24.6423,8.0258
KR_U1228,Weekend,9,2021-11-20,17.2177,0.965,48.7154,49.6804,4.8373
KR_U1228,Weekend,9,2021-11-27,16.701,1.8329,42.8262,44.6591,9.4878
KR_U1228,Weekend,9,2021-12-05,17.1315,0.8828,70.9147,71.7975,5.085
KR_U1228,Weekend,9,2021-12-11,16.6537,0.9704,22.0444,23.0147,2.8619
KR_U1228,Weekend,9,2021-12-12,17.0342,1.6423,23.8855,25.5278,6.1697
KR_U1228,Weekend,9,2021-12-19,17.7887,1.2112,44.2832,45.4943,15.4245
KR_U1228,Weekend,9,2022-01-01,16.906,0.8613,70.6279,71.4892,5.4824
KR_U1228,Weekend,9,2022-01-08,17.5696,1.1115,48.8901,50.0016,3.5877
KR_U1228,Weekend,9,2022-01-16,17.0387,1.0141,71.5192,72.5333,2.7579
KR_U1228,Weekend,9,2022-01-22,16.6417,0.7228,22.9351,23.6579,6.0279
KR_U1228,Weekend,9,2022-01-23,17.5411,1.4486,22.0139,23.4625,16.6617
KR_U1228,Weekend,9,2022-01-29,17.6144,1.929,22.7467,24.6758,12.6562
KR_U1228,Weekend,9,2022-02-06,17.7148,1.3969,70.221,71.6179,3.8833
KR_U1228,Weekend,9,2022-02-13,17.0909,1.086,43.8994,44.9854,4.7566
KR_U1228,Weekend,9,2022-02-19,17.7549,1.0965,23.2265,24.323,7.6393
KR_U1228,Weekend,9,2022-02-20,17.7905,1.6376,22.5166,24.1543,6.8149
KR_U1228,Weekend,9,2022-03-05,17.7186,2.3593,71.7176,74.077,10.6236
KR_U1228,Weekend,9,2022-03-06,17.5518,1.468,23.9987,25.4668,10.8912
KR_U1228,Weekend,9,2022-03-20,17.5123,1.0542,93.9351,94.9893,10.2884
KR_U1228,Weekend,9,2022-03-26,17.2651,1.8084,23.2932,25.1016,7.4503
KR_U1228,Weekend,10,2022-04-02,18.3116,0.5332,47.8919,48.425,7.2977
KR_U1228,Weekend,9,2022-04-03,17.0913,1.5626,21.7016,23.2642,3.9884
KR_U1228,Weekend,9,2022-04-17,17.042,0.7975,94.4101,95.2075,18.0445
KR_U1228,Weekend,9,2022-04-30,16.6582,0.588,71.1329,71.7209,9.3755
KR_U1228,Weekend,9,2022-05-01,17.9166,0.5964,22.623,23.2194,10.3025
KR_U1228,Weekend,9,2022-05-08,17.9114,1.1205,44.4132,45.5336,4.2758
KR_U1228,Weekend,9,2022-05-14,17.175,0.9917,20.3813,21.373,12.2178
KR_U1228,Weekend,9,2022-05-21,17.6286,1.0754,51.2295,52.3049,10.2335
KR_U1228,Weekend,9,2022-05-29,17.4361,0.7687,70.6418,71.4105,3.298
KR_U1228,Weekend,9,2022-06-04,17.5709,1.9915,23.6848,25.6763,6.719
KR_U1228,Weekend,9,2022-06-11,17.2062,0.9526,43.5554,44.5081,4.2183
KR_U1228,Weekend,9,2022-06-12,17.7532,1.4968,21.4177,22.9145,6.2537
KR_U1228,Weekend,8,2022-06-18,17.7149,0.8483,18.9857,19.8339,6.8949
KR_U1228,Weekend,9,2022-06-19,16.6568,1.0188,23.723,24.7418,9.0152
KR_U1228,Weekend,9,2022-06-26,17.2661,0.866,45.2082,46.0742,13.5449
KR_U1228,Weekend,9,2022-07-10,17.5808,1.1169,96.3673,97.4842,7.2644
KR_U1230,Weekday,9,2021-10-06,17.7759,2.116,23.4729,25.5889,19.3376
KR_U1230,Weekday,9,2021-10-07,17.4447,1.4138,21.3462,22.76,7.8972
KR_U1230,Weekday,9,2021-10-08,17.3085,1.3485,22.3603,23.7088,20.5742
KR_U1230,Weekday,9,2021-10-13,17.3702,0.0216,81.0434,81.0651,11.3377
KR_U1230,Weekday,9,2021-10-14,17.7994,2.5096,22.0108,24.5204,8.037
KR_U1230,Weekday,9,2021-10-19,17.9644,2.9488,69.9474,72.8962,7.9792
KR_U1230,Weekday,9,2021-10-21,17.6261,1.551,45.993,47.5439,20.7372
KR_U1230,Weekday,9,2021-10-29,17.7968,3.0906,131.2007,134.2914,12.1499
KR_U1230,Weekday,10,2021-11-01,17.5885,3.2284,28.4346,31.663,12.8262
KR_U1230,Weekday,9,2021-11-03,17.5182,3.0752,44.6253,47.7005,20.2848
KR_U1230,Weekday,9,2021-11-05,17.7299,3.1363,46.311,49.4473,16.3493
KR_U1230,Weekday,9,2021-11-11,17.6549,3.1228,95.1583,98.2812,20.6613
KR_U1230,Weekday,9,2021-11-12,17.4915,3.063,24.1189,27.1819,12.2967
KR_U1230,Weekday,9,2021-11-17,17.5083,1.3668,63.2072,64.574,18.2836
KR_U1230,Weekday,9,2021-11-30,17.7849,0.7511,222.4693,223.2204,19.7848
KR_U1230,Weekday,9,2021-12-02,17.5354,1.2116,45.2767,46.4883,13.4136
KR_U1230,Weekday,9,2021-12-09,17.2415,2.012,128.2222,130.2341,5.4492
KR_U1230,Weekday,9,2021-12-15,17.7925,1.5668,82.7814,84.3482,19.9607
KR_U1230,Weekday,9,2021-12-20,17.7231,3.2204,79.244,82.4644,10.9918
KR_U1230,Weekday,9,2021-12-28,17.7971,1.7364,142.367,144.1034,13.2163
KR_U1230,Weekday,9,2021-12-30,17.7024,0.8314,46.6046,47.436,20.2404
KR_U1230,Weekday,9,2022-01-11,17.6453,1.1801,188.9298,190.1099,10.5571
KR_U1230,Weekday,9,2022-01-12,17.6703,1.8863,23.7399,25.6262,9.9298
KR_U1230,Weekday,9,2022-01-14,17.2366,0.3323,45.2407,45.573,20.5015
KR_U1230,Weekday,9,2022-01-20,17.2067,2.6358,88.5777,91.2135,11.3569
KR_U1230,Weekday,9,2022-01-24,17.6486,3.1717,45.9397,49.1114,8.0787
KR_U1230,Weekday,10,2022-01-31,17.7248,2.1403,117.1852,119.3256,12.7492
KR_U1230,Weekday,9,2022-02-04,17.4572,3.177,80.8764,84.0533,13.1984
KR_U1230,Weekday,9,2022-02-16,17.555,1.9176,193.3954,195.313,20.6946
KR_U1230,Weekday,9,2022-02-21,18.0291,1.2067,79.3998,80.6065,5.5259
KR_U1230,Weekday,9,2022-02-25,17.2567,1.5665,87.5947,89.1612,22.8026
KR_U1230,Weekday,9,2022-03-07,17.8312,2.8747,133.8299,136.7047,14.7059
KR_U1230,Weekday,7,2022-03-09,16.5384,0.4326,69.3577,69.7903,15.8136
KR_U1230,Weekday,10,2022-03-14,17.5037,2.9673,52.9751,55.9424,20.7659
KR_U1230,Weekday,9,2022-03-22,17.6611,2.3403,144.7416,147.0819,14.732
KR_U1230,Weekday,9,2022-04-01,17.5998,1.9789,192.1058,194.0847,20.9
KR_U1230,Weekday,9,2022-04-05,17.4903,1.1146,45.2083,46.3229,14.394
KR_U1230,Weekday,9,2022-04-07,17.6661,0.6762,45.3673,46.0435,11.4404
KR_U1230,Weekday,7,2022-04-11,17.452,1.1721,46.3539,47.526,7.1965
KR_U1230,Weekday,9,2022-04-13,17.768,3.2198,46.362,49.5818,21.0009
KR_U1230,Weekday,9,2022-04-14,17.8095,2.5695,22.6529,25.2224,11.3496
KR_U1230,Weekday,9,2022-04-18,17.7408,1.1209,47.968,49.0889,15.0712
KR_U1230,Weekday,9,2022-04-22,17.8491,0.7522,106.6926,107.4447,8.476
KR_U1230,Weekday,9,2022-04-26,17.5464,3.0346,44.8138,47.8484,21.0193
KR_U1230,Weekday,9,2022-04-28,17.7016,1.2516,46.2617,47.5134,17.438
KR_U1230,Weekday,9,2022-04-29,17.7299,3.209,21.6485,24.8576,14.3994
KR_U1230,Weekday,9,2022-05-05,17.4815,1.106,76.7635,77.8695,15.797
KR_U1230,Weekday,9,2022-05-10,17.5528,1.3827,74.7139,76.0966,7.8648
KR_U1230,Weekday,9,2022-05-12,17.6375,1.4747,45.5207,46.9954,10.6414
KR_U1230,Weekday,9,2022-05-25,17.591,1.7422,220.2063,221.9485,13.4877
KR_U1230,Weekday,9,2022-05-26,17.3996,1.4821,23.6532,25.1353,20.7968
KR_U1230,Weekday,9,2022-06-01,17.7835,3.1046,82.4596,85.5642,19.6592
KR_U1230,Weekday,9,2022-06-03,17.7765,2.9208,46.4394,49.3602,19.8319
KR_U1230,Weekday,9,2022-06-06,17.6514,0.9663,23.3225,24.2888,5.9331
KR_U1230,Weekday,9,2022-06-09,17.7389,3.2609,70.0151,73.276,9.5255
KR_U1230,Weekday,7,2022-06-16,18.6508,0.9877,117.1574,118.145,13.7127
KR_U1230,Weekday,10,2022-06-16,17.8251,1.909,13.1612,15.0702,11.9787
KR_U1230,Weekday,9,2022-06-24,17.5403,3.0639,123.3956,126.4594,15.7784
KR_U1230,Weekday,7,2022-06-29,18.655,0.4589,86.1488,86.6077,10.1695
KR_U1230,Weekday,9,2022-06-30,17.7041,1.3434,21.0479,22.3913,20.2119
KR_U1230,Weekday,10,2022-07-05,17.7808,0.6536,70.052,70.7056,17.522
KR_U1230,Weekday,9,2022-07-13,17.5861,2.3486,141.7911,144.1397,14.6936
KR_U1230,Weekday,9,2022-07-19,17.4039,3.0246,94.3164,97.341,10.9498
KR_U1230,Weekend,9,2021-10-16,17.3881,1.4794,63.922,65.4013,15.8756
KR_U1230,Weekend,9,2021-10-24,16.3904,2.6518,65.7111,68.3629,10.4916
KR_U1230,Weekend,9,2021-12-05,17.0117,1.254,284.5056,285.7596,12.5894
KR_U1230,Weekend,9,2022-01-02,17.1286,0.532,180.2575,180.7895,11.9844
KR_U1230,Weekend,9,2022-01-23,16.8326,2.3935,147.2184,149.612,10.1437
KR_U1230,Weekend,9,2022-02-27,16.8273,2.0332,245.6026,247.6358,17.5237
KR_U1230,Weekend,9,2022-03-26,16.7259,2.195,166.999,169.194,3.4907
KR_U1230,Weekend,8,2022-04-16,15.1229,1.3268,131.5463,132.8731,7.836
KR_U1230,Weekend,9,2022-05-08,17.5823,2.7776,173.7988,176.5764,12.4818
KR_U1230,Weekend,9,2022-05-28,17.7733,3.0385,123.9003,126.9388,13.7858
KR_U1230,Weekend,9,2022-06-19,17.4532,1.039,150.4834,151.5224,17.6833
KR_U1230,Weekend,9,2022-07-02,17.5793,0.8401,81.6296,82.4697,14.3411
KR_U1446,Weekday,9,2021-10-08,17.2708,1.797,46.5862,48.3832,15.3093
KR_U1446,Weekday,9,2021-10-21,15.877,1.2805,214.7558,216.0363,11.041
KR_U1446,Weekday,10,2021-10-25,17.2711,2.0701,63.5602,65.6303,11.7266
KR_U1446,Weekday,9,2021-11-01,17.3015,2.1793,116.3958,118.5751,21.2781
KR_U1446,Weekday,9,2021-11-05,16.307,0.8517,95.0527,95.9043,21.4936
KR_U1446,Weekday,9,2021-11-11,17.6872,1.4307,93.2392,94.6699,12.8456
KR_U1446,Weekday,9,2021-11-16,16.6974,1.7234,65.8981,67.6216,11.6562
KR_U1446,Weekday,9,2021-11-23,16.7031,2.6051,128.2843,130.8894,24.1859
KR_U1446,Weekday,9,2021-11-25,16.914,0.9763,36.9521,37.9283,7.6596
KR_U1446,Weekday,9,2021-11-29,17.1858,2.2893,41.4068,43.6961,11.7371
KR_U1446,Weekday,9,2021-12-01,17.6358,2.1331,62.3578,64.4909,13.9623
KR_U1446,Weekday,9,2021-12-03,17.1738,1.7258,23.8271,25.5529,19.102
KR_U1446,Weekday,9,2021-12-08,16.5368,1.5947,72.7536,74.3483,9.0508
KR_U1446,Weekday,9,2021-12-09,16.91,2.6985,22.0958,24.7944,10.3156
KR_U1446,Weekday,10,2021-12-15,17.1029,0.9529,91.7419,92.6948,11.239
KR_U1446,Weekday,9,2021-12-16,17.6093,2.362,21.5372,23.8992,16.0699
KR_U1446,Weekday,9,2021-12-28,17.3519,3.1927,199.4354,202.6281,11.0713
KR_U1446,Weekday,9,2021-12-30,17.332,2.5713,43.9448,46.5161,15.1743
KR_U1446,Weekday,9,2022-01-04,17.2179,1.1662,72.4136,73.5799,8.9906
KR_U1446,Weekday,9,2022-01-06,18.199,1.1604,46.8395,47.9999,12.5061
KR_U1446,Weekday,9,2022-01-11,17.5226,1.6689,82.0178,83.6867,5.0691
KR_U1446,Weekday,9,2022-01-18,17.5337,2.8721,105.0357,107.9078,19.6788
KR_U1446,Weekday,9,2022-01-19,16.5932,2.2769,22.3738,24.6507,17.4114
KR_U1446,Weekday,5,2022-01-20,17.4447,1.2723,12.4346,13.7069,18.1217
KR_U1446,Weekday,9,2022-01-26,16.8379,1.8294,93.5076,95.337,7.518
KR_U1446,Weekday,9,2022-02-07,17.1738,2.8654,207.9659,210.8314,14.498
KR_U1446,Weekday,9,2022-02-21,16.8143,1.8617,241.7761,243.6378,13.0452
KR_U1446,Weekday,9,2022-03-04,16.6764,2.6765,193.2351,195.9117,12.602
KR_U1446,Weekday,9,2022-03-07,16.9171,1.6356,23.3023,24.9379,15.5714
KR_U1446,Weekday,9,2022-03-08,16.8844,2.1228,22.8135,24.9363,10.1677
KR_U1446,Weekday,10,2022-03-08,16.0747,2.4763,11.2482,13.7245,17.0107
KR_U1446,Weekday,9,2022-03-11,17.1194,1.1542,67.0056,68.1598,19.4039
KR_U1446,Weekday,9,2022-03-16,17.0006,3.0458,61.7942,64.8399,9.6245
KR_U1446,Weekday,9,2022-03-22,17.7524,2.2835,108.7328,111.0163,10.68
KR_U1446,Weekday,9,2022-03-23,17.4576,3.4731,21.1805,24.6537,6.4956
KR_U1446,Weekday,9,2022-03-25,16.9933,1.1647,24.2619,25.4266,9.3243
KR_U1446,Weekday,8,2022-04-05,14.2526,1.5211,181.8054,183.3265,10.2582
KR_U1446,Weekday,9,2022-04-06,16.5559,1.7598,22.6611,24.4209,7.2714
KR_U1446,Weekday,9,2022-04-11,17.2865,2.4599,68.1268,70.5867,9.6895
KR_U1446,Weekday,9,2022-04-15,16.9106,2.4192,93.8177,96.2369,12.3412
KR_U1446,Weekday,9,2022-04-18,16.4259,1.9663,19.3382,21.3046,11.2002
KR_U1446,Weekday,9,2022-04-21,16.9498,3.0488,70.9059,73.9547,23.9498
KR_U1446,Weekday,9,2022-05-04,16.7043,3.2387,209.3867,212.6255,13.5688
KR_U1446,Weekday,9,2022-05-06,16.7786,3.0172,34.6992,37.7164,14.5214
KR_U1446,Weekday,10,2022-05-11,17.149,2.3515,71.2533,73.6048,14.5701
KR_U1446,Weekday,9,2022-05-12,17.7846,1.6381,21.9281,23.5662,11.1082
KR_U1446,Weekday,9,2022-05-13,17.6575,2.6246,19.6988,22.3235,13.1767
KR_U1446,Weekday,9,2022-05-18,17.2241,1.2366,92.9232,94.1598,15.3194
KR_U1446,Weekday,9,2022-05-19,17.2084,2.7452,21.8754,24.6206,11.2443
KR_U1446,Weekday,9,2022-05-26,16.8974,1.5011,108.4943,109.9954,10.8285
KR_U1446,Weekday,9,2022-05-27,16.8173,0.9146,25.5753,26.4899,11.4093
KR_U1446,Weekday,9,2022-06-02,17.6661,2.4121,94.1614,96.5735,8.9273
KR_U1446,Weekday,11,2022-06-10,13.2521,2.0587,126.5911,128.6498,11.4393
KR_U1446,Weekday,9,2022-06-13,16.7432,2.1021,43.8423,45.9445,13.9514
KR_U1446,Weekday,9,2022-06-15,18.0519,1.0359,37.2823,38.3183,21.0617
KR_U1446,Weekday,9,2022-06-17,16.9737,3.7824,45.8208,49.6031,15.4252
KR_U1446,Weekday,9,2022-06-23,16.8819,1.0345,83.0123,84.0468,20.4332
KR_U1446,Weekend,9,2021-10-16,18.4833,0.8673,54.8186,55.6859,4.9418
KR_U1446,Weekend,9,2021-10-23,12.72,0.1322,47.8338,47.9661,17.833
KR_U1446,Weekend,8,2021-10-24,13.7289,1.3972,28.6444,30.0417,9.0079
KR_U1446,Weekend,6,2021-10-30,14.9179,1.1136,25.5013,26.6149,4.6355
KR_U1446,Weekend,7,2021-10-31,17.9741,2.3449,11.7416,14.0865,3.667
KR_U1446,Weekend,9,2021-11-13,13.8564,0.4363,66.9512,67.3874,8.3762
KR_U1446,Weekend,8,2021-12-04,17.6979,2.6585,143.5966,146.255,16.6726
KR_U1446,Weekend,6,2021-12-11,12.7941,2.5675,43.407,45.9745,16.2128
KR_U1446,Weekend,7,2021-12-18,16.7073,2.2493,50.8959,53.1452,11.1018
KR_U1446,Weekend,9,2021-12-26,15.8058,1.3937,77.2947,78.6884,9.9821
KR_U1446,Weekend,9,2022-01-02,11.6934,0.81,35.2714,36.0813,7.7132
KR_U1446,Weekend,9,2022-01-22,13.3186,2.3529,139.1529,141.5058,20.0755
KR_U1446,Weekend,8,2022-02-05,13.6918,1.9099,73.6175,75.5274,7.7741
KR_U1446,Weekend,6,2022-02-06,12.8021,1.5057,41.9336,43.4393,15.4673
KR_U1446,Weekend,7,2022-02-13,19.407,1.0569,34.4769,35.5338,17.6246
KR_U1446,Weekend,9,2022-02-19,17.849,1.8797,22.4227,24.3024,11.5202
KR_U1446,Weekend,9,2022-02-19,17.5341,1.1384,9.1477,10.286,16.144
KR_U1446,Weekend,9,2022-03-12,17.5745,2.0001,142.018,144.0181,12.8406
KR_U1446,Weekend,9,2022-03-19,15.126,2.7051,26.7004,29.4055,12.9196
KR_U1446,Weekend,7,2022-03-20,13.1183,1.3092,39.2541,40.5633,11.224
KR_U1446,Weekend,9,2022-03-27,18.4134,1.6545,36.7554,38.4098,9.6117
KR_U1446,Weekend,7,2022-04-03,16.7499,1.7893,45.5175,47.3068,7.7781
KR_U1446,Weekend,9,2022-04-24,17.3694,2.5621,139.8787,142.4409,11.586
KR_U1446,Weekend,9,2022-04-30,16.8602,2.8994,25.6981,28.5975,11.7983
KR_U1446,Weekend,9,2022-05-01,16.4554,1.7825,30.0823,31.8648,13.9468
KR_U1446,Weekend,8,2022-05-14,15.2843,1.1659,52.3837,53.5496,18.7412
KR_U1446,Weekend,9,2022-05-21,16.2412,1.1778,59.5149,60.6928,10.7143
KR_U1446,Weekend,8,2022-05-29,13.5079,2.9717,70.2615,73.2332,25.7222
KR_U1446,Weekend,8,2022-06-04,13.9605,2.1641,23.3537,25.5177,19.3534
KR_U1446,Weekend,5,2022-06-12,13.0909,1.9636,55.5199,57.4836,9.3335
KR_U1446,Weekend,4,2022-06-19,11.2899,2.118,45.7088,47.8268,15.207
KR_U195,Weekday,10,2021-10-13,17.9403,2.6121,172.7034,175.3155,18.557
KR_U195,Weekday,10,2021-10-22,19.4569,3.5295,159.157,162.6866,20.5857
KR_U195,Weekday,10,2021-10-27,19.2461,2.6784,71.5585,74.2369,20.9915
KR_U195,Weekday,10,2021-11-01,19.0875,2.9927,67.6645,70.6572,18.5583
KR_U195,Weekday,10,2021-11-03,18.8997,2.9041,45.3916,48.2957,19.2459
KR_U195,Weekday,10,2021-11-16,18.9312,2.7774,215.1283,217.9058,19.8635
KR_U195,Weekday,10,2021-11-22,18.9421,2.9309,103.561,106.4918,19.7694
KR_U195,Weekday,10,2021-11-26,19.3494,2.6623,82.8674,85.5297,22.2438
KR_U195,Weekday,12,2021-12-01,22.8195,2.9465,76.8529,79.7994,23.2657
KR_U195,Weekday,12,2021-12-08,19.243,2.9234,113.0523,115.9758,21.16
KR_U195,Weekday,12,2021-12-15,22.8473,3.0177,126.0413,129.0591,23.0088
KR_U195,Weekday,5,2021-12-20,22.9117,3.1793,59.8768,63.0561,20.8287
KR_U195,Weekday,5,2021-12-22,19.5385,2.5554,58.3226,60.878,19.8572
KR_U195,Weekday,5,2021-12-28,18.2708,2.8741,73.0425,75.9167,23.0723
KR_U195,Weekday,12,2022-01-04,17.8218,2.69,131.9872,134.6772,22.0533
KR_U195,Weekday,12,2022-01-13,8.7618,3.0914,157.302,160.3935,18.6572
KR_U195,Weekday,9,2022-01-20,20.0779,3.5619,122.1575,125.7195,21.1473
KR_U195,Weekday,10,2022-02-02,17.7826,3.3155,201.5907,204.9061,23.2408
KR_U195,Weekday,10,2022-02-08,18.5626,2.8779,99.3679,102.2458,24.7989
KR_U195,Weekday,12,2022-02-11,21.6141,3.2355,81.9249,85.1603,11.2808
KR_U195,Weekday,12,2022-02-17,23.2892,2.7733,74.4472,77.2204,13.9363
KR_U195,Weekday,5,2022-02-18,19.0318,2.7914,40.8852,43.6766,21.3183
KR_U195,Weekday,12,2022-02-24,19.4985,3.4988,90.5732,94.072,20.5972
KR_U195,Weekday,10,2022-03-01,18.3762,3.1238,48.4036,51.5274,20.9938
KR_U195,Weekday,10,2022-03-11,18.2771,3.0365,193.8587,196.8951,21.7179
KR_U195,Weekday,10,2022-03-17,19.109,2.9224,109.0087,111.9311,18.4358
KR_U195,Weekday,10,2022-03-23,19.0988,3.2002,89.2803,92.4805,17.7075
KR_U195,Weekday,10,2022-03-31,19.1478,3.2958,122.7727,126.0685,25.0122
KR_U195,Weekday,6,2022-04-05,18.4803,2.7949,72.2795,75.0744,16.6016
KR_U195,Weekday,11,2022-04-12,23.2507,3.1181,129.9688,133.087,22.5976
KR_U195,Weekday,10,2022-04-19,19.1903,2.8773,122.6556,125.5329,22.1646
KR_U195,Weekday,10,2022-04-26,18.9148,2.8915,117.7833,120.6749,22.1054
KR_U195,Weekday,8,2022-05-02,18.4929,2.1106,70.7749,72.8855,8.5521
KR_U195,Weekday,10,2022-05-05,19.1707,2.3372,91.3229,93.6601,23.7068
KR_U195,Weekday,10,2022-05-16,19.2028,3.686,154.321,158.0069,20.608
KR_U195,Weekday,11,2022-05-19,23.208,3.0219,69.1205,72.1424,20.8139
KR_U195,Weekday,12,2022-05-24,9.4162,2.7235,67.9144,70.6379,20.1088
KR_U195,Weekday,12,2022-06-01,19.7515,2.5457,153.0209,155.5666,22.1166
KR_U195,Weekday,12,2022-06-14,19.3906,2.6873,194.9211,197.6083,21.7228
KR_U195,Weekday,12,2022-06-21,11.7542,3.0313,135.287,138.3183,18.7354
KR_U195,Weekday,12,2022-06-29,19.0057,3.2944,120.5865,123.8809,8.0665
KR_U195,Weekday,12,2022-07-06,15.6042,2.9355,126.1845,129.1201,21.8673
KR_U195,Weekday,12,2022-07-13,22.6221,2.7004,118.7297,121.4301,16.4554
KR_U195,Weekday,12,2022-07-21,18.314,3.1696,144.555,147.7245,21.5028
KR_U195,Weekday,5,2022-07-27,19.9744,3.005,86.9174,89.9224,24.0229
KR_U195,Weekday,5,2022-08-05,23.1943,2.9452,178.2038,181.149,19.186
KR_U195,Weekday,5,2022-08-10,17.4226,3.382,53.6665,57.0485,10.5988
KR_U195,Weekday,5,2022-08-19,23.1066,2.4924,166.3301,168.8225,24.1211
KR_U195,Weekday,12,2022-08-25,23.2411,3.32,90.0911,93.4112,20.1604
KR_U195,Weekday,12,2022-08-30,18.667,3.4263,80.9946,84.4209,24.868
KR_U195,Weekday,9,2022-09-06,19.7175,3.329,98.2219,101.5509,22.3048
KR_U195,Weekday,9,2022-09-12,21.1469,2.8513,105.4169,108.2682,20.8362
KR_U195,Weekday,6,2022-09-19,17.8462,3.17,106.2954,109.4654,20.7556
KR_U195,Weekend,11,2021-10-02,22.0763,2.5966,16.9832,19.5798,24.9116
KR_U195,Weekend,8,2021-10-24,13.7978,3.6394,153.7514,157.3908,22.3243
KR_U195,Weekend,9,2021-10-24,14.2838,2.1131,2.4918,4.6049,19.0841
KR_U195,Weekend,6,2021-11-20,20.5351,1.358,163.8426,165.2006,12.9909
KR_U195,Weekend,10,2021-12-12,22.5156,2.6491,176.6001,179.2492,20.706
KR_U195,Weekend,12,2021-12-19,22.057,1.5468,25.1849,26.7317,16.4403
KR_U195,Weekend,12,2022-01-02,16.0625,1.6576,96.6072,98.2649,17.6994
KR_U195,Weekend,12,2022-01-16,20.7046,6.1454,98.7546,104.9001,13.4793
KR_U195,Weekend,12,2022-02-13,11.4889,1.7651,187.6086,189.3737,29.7261
KR_U195,Weekend,12,2022-02-19,19.9906,2.8944,27.1291,30.0234,22.4817
KR_U195,Weekend,12,2022-03-05,14.5183,1.9224,95.6305,97.553,14.738
KR_U195,Weekend,12,2022-03-06,12.1802,3.5748,26.2568,29.8316,8.7993
KR_U195,Weekend,12,2022-03-13,16.0453,5.3814,23.7399,29.1213,13.3522
KR_U195,Weekend,12,2022-03-27,15.2142,2.3147,94.5179,96.8326,14.3188
KR_U195,Weekend,12,2022-03-27,12.442,2.1338,9.4277,11.5615,21.0773
KR_U195,Weekend,12,2022-04-03,21.1695,3.8406,44.4722,48.3128,23.5743
KR_U195,Weekend,12,2022-04-03,14.3981,3.1287,2.4067,5.5354,23.4468
KR_U195,Weekend,12,2022-04-10,23.7419,2.8366,44.7108,47.5474,19.1704
KR_U195,Weekend,12,2022-05-08,12.8961,5.1596,177.6727,182.8323,25.7959
KR_U195,Weekend,12,2022-05-15,20.0914,2.1184,47.6422,49.7606,22.8817
KR_U195,Weekend,12,2022-05-29,20.9095,2.1377,96.836,98.9737,14.5389
KR_U195,Weekend,12,2022-06-04,23.2253,1.1383,26.5466,27.6849,20.007
KR_U195,Weekend,12,2022-06-18,13.875,2.1798,95.4892,97.669,24.8598
KR_U195,Weekend,12,2022-06-19,14.4343,1.4763,14.3413,15.8176,7.0745
KR_U195,Weekend,12,2022-06-26,12.4482,2.6743,44.4773,47.1516,13.2484
KR_U195,Weekend,12,2022-07-17,11.5816,2.8854,137.0746,139.96,21.2138
KR_U195,Weekend,12,2022-07-31,18.5997,2.6816,96.7877,99.4693,14.19
KR_U195,Weekend,12,2022-08-06,11.9627,2.9842,27.0716,30.0558,13.8531
KR_U195,Weekend,12,2022-08-28,21.6015,1.218,167.2193,168.4373,22.6755
KR_U1629,Weekday,5,2021-10-05,9.0196,14.4454,56.5258,70.9712,9.7934
KR_U1629,Weekday,5,2021-10-06,9.3357,3.0178,3.1655,6.1833,3.1651
KR_U1629,Weekday,6,2021-10-06,14.8596,1.5342,1.2876,2.8218,7.4033
KR_U1629,Weekday,7,2021-10-06,12.1344,1.8299,6.3988,8.2287,4.1889
KR_U1629,Weekday,7,2021-10-07,12.204,1.2882,26.2188,27.507,7.1544
KR_U1629,Weekday,6,2021-10-15,14.0895,0.8489,139.5323,140.3812,4.583
KR_U1629,Weekday,8,2021-10-19,14.0026,1.1588,36.9151,38.0739,4.8206
KR_U1629,Weekday,5,2021-10-19,9.1381,1.918,9.3388,11.2568,8.3198
KR_U1629,Weekday,9,2021-10-20,12.2442,2.5548,23.1381,25.6929,3.6268
KR_U1629,Weekday,6,2021-10-21,12.053,2.573,20.0474,22.6205,9.7585
KR_U1629,Weekday,5,2021-10-27,8.313,4.3528,97.2881,101.6409,9.6656
KR_U1629,Weekday,9,2021-10-29,12.9232,1.7977,29.6719,31.4696,9.8523
KR_U1629,Weekday,8,2021-11-02,15.2893,1.1834,61.3197,62.5031,4.6868
KR_U1629,Weekday,10,2021-11-03,10.3765,0.8927,24.0726,24.9653,4.0379
KR_U1629,Weekday,5,2021-11-05,8.5887,1.8234,33.3602,35.1835,5.5431
KR_U1629,Weekday,6,2021-11-08,17.4071,1.1119,23.9647,25.0766,4.8147
KR_U1629,Weekday,6,2021-11-09,19.0384,1.97,22.3217,24.2917,3.9679
KR_U1629,Weekday,5,2021-11-10,8.8269,3.0231,15.59,18.6131,3.244
KR_U1629,Weekday,11,2021-11-10,16.2621,0.7764,14.8927,15.6691,7.2322
KR_U1629,Weekday,7,2021-11-11,12.1652,2.2562,1.6448,3.9009,5.6577
KR_U1629,Weekday,8,2021-11-11,15.4718,1.1114,10.6506,11.7621,2.4179
KR_U1629,Weekday,8,2021-11-12,14.9451,1.1493,26.0044,27.1537,5.4991
KR_U1629,Weekday,7,2021-11-15,12.0841,1.8,14.3535,16.1535,2.7025
KR_U1629,Weekday,8,2021-11-16,14.2973,1.5026,21.4714,22.974,4.0065
KR_U1629,Weekday,5,2021-11-17,8.7105,4.3476,17.2836,21.6312,8.4385
KR_U1629,Weekday,6,2021-11-18,23.99,0.5269,24.9596,25.4865,10.4517
KR_U1629,Weekday,5,2021-11-19,8.8159,1.9296,17.6064,19.536,6.4386
KR_U1629,Weekday,10,2021-11-19,19.0846,0.7071,1.2324,1.9395,9.7713
KR_U1629,Weekday,8,2021-11-22,14.6314,1.3137,19.2912,20.6049,4.3562
KR_U1629,Weekday,9,2021-11-22,12.1761,1.0855,22.0995,23.185,6.4209
KR_U1629,Weekday,6,2021-11-30,11.5122,2.5141,124.064,126.5781,4.8718
KR_U1629,Weekday,8,2021-12-02,14.3865,1.9027,48.0448,49.9475,5.6498
KR_U1629,Weekday,7,2021-12-03,12.1087,1.5419,31.783,33.3249,3.2013
KR_U1629,Weekday,5,2021-12-06,9.3625,2.4656,6.7121,9.1778,8.9409
KR_U1629,Weekday,8,2021-12-06,16.3482,0.9663,18.574,19.5403,2.6924
KR_U1629,Weekday,7,2021-12-08,12.0824,1.1916,39.222,40.4136,6.6058
KR_U1629,Weekday,7,2021-12-08,13.8886,0.9373,0.2551,1.1924,9.1524
KR_U1629,Weekday,9,2021-12-10,6.9463,1.2199,51.6717,52.8916,6.6147
KR_U1629,Weekday,6,2021-12-14,13.3171,1.103,27.6059,28.7089,7.3952
KR_U1629,Weekday,6,2021-12-14,12.5163,2.2116,13.3055,15.5171,3.0671
KR_U1629,Weekday,5,2021-12-15,8.9528,2.0944,14.7839,16.8784,4.7278
KR_U1629,Weekday,5,2021-12-24,9.3318,1.3646,158.2227,159.5873,5.4221
KR_U1629,Weekday,6,2021-12-24,13.5777,1.709,1.3436,3.0526,9.5144
KR_U1629,Weekday,8,2021-12-31,13.7719,0.436,136.5728,137.0087,4.3729
KR_U1629,Weekday,5,2022-01-07,8.7216,2.99,103.7449,106.735,9.3834
KR_U1629,Weekday,11,2022-01-11,7.1419,1.022,57.3038,58.3258,2.1944
KR_U1629,Weekday,7,2022-01-12,12.5612,0.7929,12.1011,12.8941,5.5458
KR_U1629,Weekday,9,2022-01-14,13.6168,2.4384,45.0702,47.5086,6.7651
KR_U1629,Weekday,6,2022-01-14,8.1195,2.6842,3.5975,6.2817,6.1526
KR_U1629,Weekday,7,2022-01-18,11.9999,2.6462,47.727,50.3733,2.7022
KR_U1629,Weekday,9,2022-01-19,17.0239,1.5563,20.3414,21.8977,9.2707
KR_U1629,Weekday,9,2022-01-19,7.7979,0.6132,2.4546,3.0679,4.7274
KR_U1629,Weekday,6,2022-01-20,16.0339,0.7836,17.3346,18.1182,3.1666
KR_U1629,Weekday,7,2022-01-21,12.1447,1.2457,21.8717,23.1174,9.1228
KR_U1629,Weekday,7,2022-01-21,13.7312,2.1154,7.6842,9.7995,6.0117
KR_U1629,Weekday,8,2022-01-24,15.2549,1.1713,22.8682,24.0394,4.6706
KR_U1629,Weekday,7,2022-01-26,12.3302,0.7593,35.7768,36.5361,4.2637
KR_U1629,Weekday,9,2022-01-27,11.1876,2.6627,25.37,28.0327,6.2302
KR_U1629,Weekday,6,2022-01-27,11.4107,0.9754,2.1688,3.1442,7.0923
KR_U1629,Weekday,6,2022-02-03,16.261,2.0683,125.2989,127.3672,2.9775
KR_U1629,Weekday,5,2022-02-04,8.8355,1.794,12.6816,14.4756,10.2328
KR_U1629,Weekday,6,2022-02-04,10.3788,1.2208,3.1477,4.3685,4.9762
KR_U1629,Weekday,5,2022-02-07,8.9367,4.359,6.9627,11.3216,6.2756
KR_U1629,Weekday,10,2022-02-08,10.6395,2.5866,22.2386,24.8252,4.5264
KR_U1629,Weekday,7,2022-02-08,12.3399,0.6129,6.4363,7.0491,5.1675
KR_U1629,Weekday,8,2022-02-14,15.3766,1.1509,105.7964,106.9473,2.9126
KR_U1629,Weekday,7,2022-02-15,12.8446,1.8658,11.7735,13.6393,7.6374
KR_U1629,Weekday,6,2022-02-16,15.8207,1.7239,15.3464,17.0703,9.303
KR_U1629,Weekday,6,2022-02-17,12.9987,1.1561,22.3956,23.5517,9.4266
KR_U1629,Weekday,6,2022-02-22,10.5781,1.6073,68.4872,70.0945,9.6905
KR_U1629,Weekday,8,2022-02-23,15.1344,1.4174,22.406,23.8233,2.9137
KR_U1629,Weekday,10,2022-02-25,11.2133,1.5362,66.1859,67.7221,9.383
KR_U1629,Weekday,5,2022-03-01,8.7291,3.3244,34.3333,37.6578,9.1017
KR_U1629,Weekday,7,2022-03-01,12.1528,1.9565,0.9838,2.9403,2.9755
KR_U1629,Weekday,7,2022-03-03,12.191,1.1761,53.086,54.2621,9.4175
KR_U1629,Weekday,8,2022-03-04,14.6649,1.072,4.9292,6.0012,5.6386
KR_U1629,Weekday,5,2022-03-08,8.4611,1.9302,61.9324,63.8626,8.8476
KR_U1629,Weekday,5,2022-03-09,8.7361,1.4102,7.3452,8.7555,8.3689
KR_U1629,Weekday,5,2022-03-14,9.4968,5.9427,61.3415,67.2842,9.2021
KR_U1629,Weekday,5,2022-03-16,8.9654,1.9205,66.2883,68.2088,6.5027
KR_U1629,Weekday,5,2022-03-17,9.0172,2.902,2.3771,5.2791,7.4629
KR_U1629,Weekday,5,2022-03-18,9.7212,2.4468,21.3636,23.8105,7.4418
KR_U1629,Weekday,5,2022-03-18,8.7293,1.2244,20.1664,21.3908,5.9572
KR_U1629,Weekday,5,2022-03-21,8.5113,1.3978,19.7736,21.1714,3.6749
KR_U1629,Weekday,10,2022-03-22,16.9339,1.2251,6.5215,7.7466,8.7555
KR_U1629,Weekday,7,2022-03-22,13.4312,0.8956,2.2174,3.113,8.571
KR_U1629,Weekday,6,2022-03-24,10.5824,2.3926,46.5347,48.9273,3.9032
KR_U1629,Weekday,8,2022-03-31,14.4259,1.0533,127.2007,128.254,4.0178
KR_U1629,Weekday,7,2022-04-01,12.2286,1.2018,6.7432,7.945,8.1366
KR_U1629,Weekday,8,2022-04-13,14.6468,0.6989,192.3149,193.0138,6.5268
KR_U1629,Weekday,9,2022-04-15,15.7052,3.3571,47.3684,50.7255,9.8545
KR_U1629,Weekday,8,2022-04-26,14.1198,1.0187,166.7125,167.7311,3.2865
KR_U1629,Weekday,8,2022-04-27,14.8508,1.41,21.8281,23.2381,3.3431
KR_U1629,Weekday,5,2022-04-27,8.8954,2.8765,3.6661,6.5426,6.5827
KR_U1629,Weekday,5,2022-04-28,8.2746,1.7039,20.9076,22.6115,4.2747
KR_U1629,Weekday,7,2022-04-28,12.1582,1.6663,0.6737,2.34,6.2367
KR_U1629,Weekday,6,2022-04-29,23.0139,0.769,29.2998,30.0688,5.6013
KR_U1629,Weekday,6,2022-05-03,11.0445,2.9208,30.5688,33.4896,2.6381
KR_U1629,Weekday,8,2022-05-05,15.3031,1.2167,50.2228,51.4395,5.1365
KR_U1629,Weekday,7,2022-05-10,12.0291,2.5827,74.2955,76.8782,3.5551
KR_U1629,Weekday,7,2022-05-10,12.9187,1.3272,3.5946,4.9218,13.5075
KR_U1629,Weekday,9,2022-05-12,7.1657,0.752,43.0786,43.8306,6.8406
KR_U1629,Weekday,9,2022-05-12,13.2911,1.8646,6.7378,8.6023,4.7858
KR_U1629,Weekday,10,2022-05-16,13.1932,1.9106,31.8973,33.8079,9.4918
KR_U1629,Weekday,5,2022-05-18,9.4937,0.7094,46.5491,47.2585,5.9211
KR_U1629,Weekend,5,2021-10-09,16.5269,4.4525,45.9399,50.3924,19.431
KR_U1629,Weekend,11,2021-10-16,15.4183,4.0353,44.3363,48.3716,11.6882
KR_U1629,Weekend,7,2021-10-16,17.3074,0.442,8.1113,8.5533,23.4191
KR_U1629,Weekend,5,2021-10-17,17.88,9.7985,23.1969,32.9954,36.8356
KR_U1629,Weekend,11,2021-10-24,13.58,6.2942,36.0817,42.3759,56.2308
KR_U1629,Weekend,1,2021-10-31,15.5034,8.4124,39.6778,48.0902,6.8747
KR_U1629,Weekend,1,2021-11-06,19.9021,1.9585,22.6395,24.598,0.5558
KR_U1629,Weekend,7,2021-11-07,13.7012,6.1065,4.1542,10.2607,47.0648
KR_U1629,Weekend,5,2021-11-14,15.5862,1.9491,58.0107,59.9598,10.9157
KR_U1629,Weekend,11,2021-11-20,16.9371,2.1416,9.9569,12.0985,12.7009
KR_U1629,Weekend,5,2021-12-04,15.5855,4.6647,105.6347,110.2994,5.1165
KR_U1629,Weekend,11,2021-12-11,21.5314,0.7447,45.5371,46.2818,8.2335
KR_U1629,Weekend,6,2021-12-11,18.7568,3.7174,1.0594,4.7768,27.9697
KR_U1629,Weekend,7,2021-12-18,18.0437,8.8269,25.8421,34.669,4.6812
KR_U1629,Weekend,5,2021-12-19,20.9448,2.26,22.6537,24.9137,17.8985
KR_U1629,Weekend,11,2021-12-26,13.3175,9.2363,46.2273,55.4636,18.9685
KR_U1629,Weekend,12,2022-01-02,21.9479,0.2209,40.1479,40.3688,10.0926
KR_U1629,Weekend,7,2022-01-09,3.7304,2.8734,40.3656,43.239,9.0472
KR_U1629,Weekend,5,2022-01-09,14.6424,1.7825,17.6478,19.4303,12.3166
KR_U1629,Weekend,11,2022-01-23,13.0483,1.4948,96.3289,97.8236,11.2896
KR_U1629,Weekend,10,2022-02-12,20.0112,10.0256,95.9085,105.9341,34.1165
KR_U1629,Weekend,3,2022-02-19,10.4616,3.5774,42.6937,46.2711,51.4468
KR_U1629,Weekend,5,2022-03-20,13.3962,7.3692,223.8264,231.1955,35.4039
KR_U1629,Weekend,11,2022-04-02,19.3351,3.0806,65.7099,68.7905,26.7024
KR_U1629,Weekend,6,2022-04-03,3.8761,4.0765,20.4558,24.5323,12.1315
KR_U1629,Weekend,9,2022-04-10,10.8061,3.597,39.1158,42.7128,13.6466
KR_U236,Weekday,9,2021-10-22,16.2917,4.3805,205.2747,209.6552,50.9701
KR_U236,Weekday,11,2021-11-03,21.8595,11.1318,182.5788,193.7105,38.4842
KR_U236,Weekday,11,2021-11-08,20.1995,7.7423,67.2752,75.0175,34.4317
KR_U236,Weekday,10,2021-11-18,20.0136,0.1134,177.4201,177.5335,48.9934
KR_U236,Weekday,9,2021-11-24,17.2955,5.7887,94.9134,100.7021,28.322
KR_U236,Weekday,11,2021-11-26,20.2546,2.8658,38.2751,41.1408,41.5153
KR_U236,Weekday,11,2021-12-06,19.9318,6.1689,139.882,146.0508,19.8044
KR_U236,Weekday,11,2021-12-07,21.8781,4.5352,24.4183,28.9535,42.4501
KR_U236,Weekday,11,2021-12-10,21.839,2.9785,65.7391,68.7175,51.5912
KR_U236,Weekday,11,2021-12-13,21.7961,2.7174,17.2857,20.0031,37.2952
KR_U236,Weekday,11,2021-12-15,19.6899,9.5665,42.0341,51.6006,20.0453
KR_U236,Weekday,10,2021-12-20,18.6638,4.8281,60.5359,65.364,15.498
KR_U236,Weekday,10,2021-12-27,18.6824,6.6053,117.8655,124.4707,3.3355
KR_U236,Weekday,3,2021-12-30,17.3118,2.5081,68.4182,70.9263,48.3094
KR_U236,Weekday,9,2022-01-03,22.1029,4.4494,39.4747,43.9241,28.7687
KR_U236,Weekday,10,2022-01-13,19.8216,3.6529,187.3706,191.0235,42.4406
KR_U236,Weekday,12,2022-01-17,22.3443,0.7816,64.5194,65.301,35.6552
KR_U236,Weekday,11,2022-01-20,21.8701,8.6814,64.7847,73.4661,20.5558
KR_U236,Weekday,11,2022-01-25,21.849,6.7186,64.4298,71.1484,18.0474
KR_U236,Weekday,10,2022-02-02,19.2179,2.543,141.9958,144.5388,38.4191
KR_U236,Weekday,9,2022-02-03,20.7945,2.96,10.009,12.9691,34.4995
KR_U236,Weekday,10,2022-02-09,18.8334,5.9325,90.7746,96.7071,48.0
KR_U236,Weekday,10,2022-02-16,18.1006,5.161,124.8468,130.0079,22.9714
KR_U236,Weekday,10,2022-02-18,18.6045,4.7822,37.451,42.2332,21.1183
KR_U236,Weekday,12,2022-02-25,18.9962,8.152,116.0517,124.2037,48.9894
KR_U236,Weekday,11,2022-02-28,21.8381,4.6528,24.8195,29.4722,51.6905
KR_U236,Weekday,10,2022-03-04,19.0806,1.678,78.0763,79.7543,12.7064
KR_U236,Weekday,12,2022-03-10,19.6979,5.4089,105.4724,110.8813,39.4314
KR_U236,Weekday,11,2022-03-15,21.3971,3.9731,67.5626,71.5357,12.3254
KR_U236,Weekday,10,2022-03-22,18.5703,0.9381,104.5128,105.451,6.8978
KR_U236,Weekday,3,2022-03-24,21.2755,6.3223,40.0788,46.4011,31.1274
KR_U236,Weekday,9,2022-03-30,19.5785,6.4476,92.7545,99.2021,31.3145
KR_U236,Weekday,10,2022-04-06,18.0549,6.6046,123.0262,129.6308,65.4658
KR_U236,Weekday,12,2022-04-11,20.7318,4.7857,62.9754,67.7611,29.1088
KR_U236,Weekday,11,2022-04-13,20.3611,4.3737,42.5812,46.9549,51.518
KR_U236,Weekday,11,2022-04-14,20.3993,2.0417,22.9543,24.996,17.9471
KR_U236,Weekday,10,2022-04-26,18.6418,5.1748,190.9854,196.1602,25.6818
KR_U236,Weekday,11,2022-05-04,21.8671,6.1441,131.1367,137.2808,35.1062
KR_U236,Weekday,12,2022-05-06,20.9856,5.2652,38.4988,43.7641,13.2395
KR_U236,Weekday,10,2022-05-12,18.2155,7.0215,95.6951,102.7166,53.6544
KR_U236,Weekday,9,2022-05-19,11.5632,1.5371,123.2235,124.7607,11.6277
KR_U236,Weekday,11,2022-05-30,21.1379,5.8805,156.8309,162.7114,42.3196
KR_U236,Weekday,11,2022-05-31,20.5198,7.4314,21.4169,28.8483,41.0664
KR_U236,Weekday,10,2022-06-09,18.1156,3.4361,149.0213,152.4574,30.5583
KR_U236,Weekday,9,2022-06-09,1.5754,1.7992,16.0197,17.8189,37.7865
KR_U236,Weekday,11,2022-06-20,20.4751,5.816,153.7137,159.5298,43.5409
KR_U236,Weekday,11,2022-06-22,21.4261,0.2773,42.0523,42.3296,41.7238
KR_U236,Weekday,11,2022-06-23,21.2208,1.7,23.8284,25.5284,33.1743
KR_U236,Weekday,9,2022-06-28,19.0712,7.7524,67.0465,74.7989,45.5814
KR_U236,Weekday,11,2022-07-07,20.4071,8.8042,154.2813,163.0855,22.5517
KR_U236,Weekday,11,2022-07-11,21.0188,6.7398,45.1079,51.8477,45.1186
KR_U236,Weekday,9,2022-07-18,20.8565,3.442,117.7154,121.1573,60.8018
KR_U236,Weekday,11,2022-07-20,20.1188,1.4787,44.8829,46.3616,31.4145
KR_U236,Weekday,11,2022-07-22,20.5238,5.106,45.6849,50.7908,34.8648
KR_U236,Weekday,11,2022-08-01,21.5069,10.6635,143.3933,154.0567,51.68
KR_U236,Weekday,11,2022-08-10,21.2548,8.1622,156.923,165.0852,29.7687
KR_U236,Weekday,9,2022-08-17,19.9542,3.4893,110.471,113.9602,63.8864
KR_U236,Weekday,11,2022-08-18,20.2011,4.4348,18.688,23.1228,30.092
KR_U236,Weekday,11,2022-08-22,21.4209,5.0464,43.741,48.7874,19.2011
KR_U236,Weekday,9,2022-08-26,20.9993,3.8198,89.3503,93.1701,16.1645
KR_U236,Weekday,10,2022-09-05,18.7071,2.5599,135.2092,137.7692,29.6965
KR_U236,Weekday,11,2022-09-08,20.5175,5.1205,69.1771,74.2976,15.122
KR_U236,Weekday,9,2022-09-15,16.4287,3.4541,112.2302,115.6843,17.5427
KR_U236,Weekday,10,2022-09-23,18.3824,3.8376,141.3382,145.1758,24.113
KR_U236,Weekday,11,2022-09-26,20.2354,3.4572,41.6545,45.1117,48.1499
KR_U236,Weekend,11,2021-10-16,22.3844,5.5532,10.3984,15.9516,18.8574
KR_U236,Weekend,11,2021-10-17,19.6689,4.9433,6.0333,10.9766,40.2536
KR_U236,Weekend,9,2021-10-30,22.9888,8.9595,65.1462,74.1057,19.2065
KR_U236,Weekend,11,2021-10-31,20.8652,6.0327,29.8823,35.915,46.9646
KR_U236,Weekend,11,2021-11-21,23.8644,1.8769,148.7404,150.6173,44.4748
KR_U236,Weekend,5,2021-12-05,15.4697,5.1759,89.1518,94.3277,57.1846
KR_U236,Weekend,9,2021-12-11,22.441,12.9338,0.9088,13.8426,18.2703
KR_U236,Weekend,1,2021-12-12,16.3098,1.3491,28.146,29.4951,44.7133
KR_U236,Weekend,11,2021-12-18,3.1815,5.4797,4.8824,10.3621,12.3803
KR_U236,Weekend,8,2021-12-19,15.6489,3.2364,22.7868,26.0231,19.0984
KR_U236,Weekend,11,2021-12-25,7.2114,2.8613,16.7484,19.6097,34.5108
KR_U236,Weekend,10,2021-12-26,17.2722,4.7391,36.2541,40.9932,52.2468
KR_U236,Weekend,6,2022-01-02,9.9177,8.2076,28.264,36.4716,39.3876
KR_U236,Weekend,11,2022-01-08,15.2535,3.6955,28.4001,32.0956,42.6002
KR_U236,Weekend,11,2022-01-09,0.4116,2.2192,10.5161,12.7354,19.7996
KR_U236,Weekend,10,2022-01-22,10.6383,5.183,75.0612,80.2443,40.9034
KR_U236,Weekend,11,2022-01-29,17.1968,5.1424,37.294,42.4364,42.8703
KR_U236,Weekend,8,2022-01-30,22.6499,7.7893,17.0947,24.884,33.2857
KR_U236,Weekend,11,2022-02-26,13.3426,4.9414,179.1971,184.1385,27.0369
KR_U236,Weekend,10,2022-03-05,21.534,0.8926,34.625,35.5176,33.4697
KR_U236,Weekend,11,2022-03-06,14.4537,5.601,14.7403,20.3413,29.5059
KR_U236,Weekend,11,2022-03-13,9.3465,1.578,52.556,54.134,28.3477
KR_U236,Weekend,5,2022-03-26,16.965,5.687,63.667,69.354,45.188
KR_U236,Weekend,9,2022-04-03,10.5248,6.8673,56.9908,63.8581,37.3426
KR_U236,Weekend,11,2022-04-09,19.1029,8.5034,16.5578,25.0612,48.4239
KR_U236,Weekend,11,2022-04-10,7.7956,2.8107,31.4104,34.2211,38.7428
KR_U236,Weekend,9,2022-04-16,6.3604,6.0135,7.8104,13.8239,42.463
KR_U236,Weekend,1,2022-05-01,11.1443,10.4704,108.908,119.3785,10.4726
KR_U236,Weekend,8,2022-05-01,11.5882,4.4466,12.9638,17.4104,20.0773
KR_U236,Weekend,11,2022-05-07,19.7765,2.0836,15.9122,17.9958,27.5354
KR_U236,Weekend,10,2022-05-08,14.964,8.3262,4.0697,12.3959,24.288
KR_U236,Weekend,11,2022-05-14,4.1981,5.4891,24.2383,29.7274,84.0163
KR_U236,Weekend,8,2022-05-21,18.3073,1.0972,41.6817,42.7789,34.3472
KR_U236,Weekend,10,2022-06-04,16.7397,4.9582,97.4079,102.3661,19.1796
KR_U236,Weekend,11,2022-07-10,16.2224,6.0023,255.6791,261.6814,26.6853
KR_U236,Weekend,8,2022-08-20,4.4954,3.8314,259.8713,263.7027,36.0881
KR_U236,Weekend,10,2022-08-20,16.0264,6.95,5.8131,12.763,29.3807
KR_U236,Weekend,5,2022-09-10,15.2033,6.864,122.2039,129.0679,31.5179
KR_U236,Weekend,12,2022-09-24,2.043,3.514,109.4664,112.9804,59.3131
KR_U507,Weekday,8,2021-10-04,10.1314,9.5005,7.0311,16.5315,31.6189
KR_U507,Weekday,12,2021-10-08,19.1176,9.2982,94.1636,103.4618,55.0709
KR_U507,Weekday,9,2021-10-12,18.8304,7.603,18.7567,26.3597,21.0626
KR_U507,Weekday,11,2021-10-20,20.9086,8.5807,152.1661,160.7469,44.478
KR_U507,Weekday,9,2021-10-25,18.3814,8.4873,54.3497,62.837,34.6603
KR_U507,Weekday,5,2021-10-28,17.3717,5.1262,65.2524,70.3786,41.6415
KR_U507,Weekday,10,2021-10-29,19.8246,7.9707,10.6978,18.6686,57.6121
KR_U507,Weekday,10,2021-11-04,18.8139,11.1977,104.0093,115.207,60.878
KR_U507,Weekday,10,2021-11-09,18.8044,7.4842,49.5423,57.0265,50.0349
KR_U507,Weekday,10,2021-11-11,19.8282,7.8767,40.4819,48.3586,55.1093
KR_U507,Weekday,10,2021-11-12,18.6607,8.0758,11.6363,19.7121,62.1208
KR_U507,Weekday,10,2021-11-24,19.2476,9.1118,196.3626,205.4744,55.5543
KR_U507,Weekday,10,2021-11-30,19.0647,8.8588,85.0245,93.8833,52.3394
KR_U507,Weekday,10,2021-12-01,18.9335,0.9221,12.0598,12.9819,54.8087
KR_U507,Weekday,10,2021-12-07,19.1342,9.4403,99.0048,108.4451,60.7177
KR_U507,Weekday,10,2021-12-10,19.8183,6.3972,67.1843,73.5814,56.3841
KR_U507,Weekday,10,2021-12-15,18.473,9.3986,47.0799,56.4785,50.2974
KR_U507,Weekday,10,2021-12-21,18.1067,8.4398,92.8466,101.2864,68.9182
KR_U507,Weekday,9,2021-12-27,22.2433,8.2006,85.3645,93.565,52.614
KR_U507,Weekday,10,2021-12-28,18.5069,9.2868,28.6347,37.9215,57.0769
KR_U507,Weekday,10,2021-12-29,18.756,7.9185,0.6533,8.5717,27.2613
KR_U507,Weekday,10,2022-01-04,19.7956,8.7558,85.6379,94.3938,45.1916
KR_U507,Weekday,10,2022-01-13,18.7311,7.8785,168.7938,176.6723,54.4333
KR_U507,Weekday,9,2022-01-21,17.2803,5.9649,143.0537,149.0186,44.9337
KR_U507,Weekday,10,2022-02-02,18.5997,8.7602,185.9742,194.7344,38.0392
KR_U507,Weekday,9,2022-02-07,18.8697,9.8831,60.8527,70.7357,21.5342
KR_U507,Weekday,10,2022-02-10,19.0663,0.447,59.1696,59.6166,55.5138
KR_U507,Weekday,9,2022-02-16,20.7328,8.4017,98.7643,107.166,22.5347
KR_U507,Weekday,10,2022-02-18,18.6739,7.8743,25.5813,33.4556,56.1908
KR_U507,Weekday,10,2022-02-23,18.9292,0.1844,88.3115,88.4958,52.9535
KR_U507,Weekday,8,2022-02-25,23.3006,7.9992,23.2998,31.2991,34.9458
KR_U507,Weekday,12,2022-03-03,22.6302,8.5909,89.9273,98.5183,38.7741
KR_U507,Weekday,9,2022-03-11,18.2637,4.6695,155.4247,160.0942,38.9559
KR_U507,Weekday,5,2022-03-18,20.3673,4.3283,113.3516,117.6799,52.9335
KR_U507,Weekday,10,2022-03-23,18.8471,9.0255,49.635,58.6604,57.0471
KR_U507,Weekday,8,2022-03-24,19.8622,4.6655,37.363,42.0285,46.4079
KR_U507,Weekday,12,2022-04-01,12.5577,3.8051,121.7293,125.5343,52.5178
KR_U507,Weekday,9,2022-04-12,18.5415,8.4787,172.8038,181.2825,41.3237
KR_U507,Weekday,11,2022-04-14,17.6413,8.7432,32.3782,41.1213,27.4289
KR_U507,Weekday,9,2022-04-19,20.9946,3.8109,76.5374,80.3483,56.348
KR_U507,Weekday,6,2022-04-25,19.5925,8.822,83.6725,92.4945,36.7288
KR_U507,Weekday,10,2022-04-27,18.5179,7.9225,41.6745,49.5971,60.1198
KR_U507,Weekday,10,2022-05-02,18.7722,8.7712,49.9872,58.7583,38.5372
KR_U507,Weekday,10,2022-05-05,18.7506,10.1353,58.7617,68.8969,42.2511
KR_U507,Weekday,8,2022-05-11,19.7002,1.7838,94.7596,96.5435,44.4579
KR_U507,Weekday,12,2022-05-11,21.4127,5.8821,4.6146,10.4967,61.7029
KR_U507,Weekday,9,2022-05-18,22.9734,3.4153,120.0995,123.5148,21.2035
KR_U507,Weekday,8,2022-05-20,22.2704,8.7424,42.6521,51.3945,57.6359
KR_U507,Weekday,12,2022-05-24,16.3523,0.2325,52.265,52.4974,36.1503
KR_U507,Weekday,9,2022-06-02,17.527,6.7385,139.3501,146.0886,24.7834
KR_U507,Weekday,11,2022-06-06,17.8076,8.1215,44.3381,52.4596,58.4507
KR_U507,Weekday,11,2022-06-09,19.8962,8.3023,75.0406,83.3429,34.1554
KR_U507,Weekday,11,2022-06-14,19.2415,3.6493,74.2488,77.898,30.0737
KR_U507,Weekday,10,2022-06-15,19.8515,8.2563,8.8218,17.0781,48.7751
KR_U507,Weekday,10,2022-06-20,19.8226,7.6388,64.8845,72.5233,52.5789
KR_U507,Weekday,11,2022-06-27,19.8485,5.8181,109.5734,115.3916,32.9006
KR_U507,Weekday,11,2022-07-05,16.3195,8.6957,137.0423,145.738,26.9737
KR_U507,Weekday,9,2022-07-07,23.3102,7.4406,35.2194,42.66,58.4373
KR_U507,Weekday,11,2022-07-14,18.0897,8.0276,109.9439,117.9715,38.7218
KR_U507,Weekday,11,2022-07-18,18.378,8.461,56.9335,65.3945,51.4983
KR_U507,Weekday,9,2022-07-19,21.4612,2.121,20.2067,22.3277,25.0286
KR_U507,Weekday,10,2022-07-26,18.6278,0.0183,108.7918,108.8101,63.2777
KR_U507,Weekday,10,2022-07-27,19.8106,2.1102,33.7123,35.8225,51.3316
KR_U507,Weekday,10,2022-07-29,18.6046,6.7823,23.7482,30.5305,52.5965
KR_U507,Weekday,10,2022-08-02,18.5423,8.2751,42.7591,51.0341,61.7043
KR_U507,Weekday,10,2022-08-05,18.791,9.8503,75.0279,84.8782,54.089
KR_U507,Weekday,10,2022-08-09,18.5475,6.7893,31.8623,38.6516,48.2641
KR_U507,Weekday,10,2022-08-18,18.6738,8.7301,162.1558,170.8859,55.3721
KR_U507,Weekday,9,2022-08-23,17.3337,7.9568,63.4163,71.3731,50.2473
KR_U507,Weekday,8,2022-08-29,17.8062,1.0006,93.9124,94.913,61.7966
KR_U507,Weekday,12,2022-08-31,18.9399,5.749,50.4817,56.2308,54.7367
KR_U507,Weekday,9,2022-09-05,17.8284,6.3649,57.709,64.074,50.4173
KR_U507,Weekday,10,2022-09-08,18.8052,0.8981,79.6215,80.5196,56.0922
KR_U507,Weekday,10,2022-09-22,18.9412,9.2664,210.9467,220.213,49.6044
KR_U507,Weekday,10,2022-09-27,18.7279,8.1729,80.1994,88.3723,69.4393
KR_U507,Weekend,10,2021-10-03,19.1963,6.7218,24.3755,31.0973,52.9693
KR_U507,Weekend,11,2021-11-06,12.0842,9.3491,209.2278,218.577,63.5007
KR_U507,Weekend,9,2021-12-04,13.8259,7.6783,180.0945,187.7729,41.8044
KR_U507,Weekend,8,2021-12-04,15.3202,7.5954,2.8756,10.471,48.281
KR_U507,Weekend,10,2021-12-12,19.0612,7.732,59.5485,67.2805,57.7652
KR_U507,Weekend,10,2021-12-19,14.6778,8.29,45.1071,53.3971,23.63
KR_U507,Weekend,11,2022-01-15,22.4053,3.9085,158.1796,162.0881,41.8202
KR_U507,Weekend,9,2022-01-16,16.3507,9.275,7.7947,17.0697,54.0828
KR_U507,Weekend,11,2022-01-16,14.7778,8.6066,1.3429,9.9494,0.9784
KR_U507,Weekend,9,2022-01-22,20.0236,6.7061,17.4141,24.1202,61.6772
KR_U507,Weekend,8,2022-01-29,13.9754,5.1208,30.8367,35.9576,5.4356
KR_U507,Weekend,6,2022-01-29,17.1585,6.5881,7.501,14.0892,43.7183
KR_U507,Weekend,9,2022-01-30,21.6771,7.5414,13.3862,20.9277,52.6987
KR_U507,Weekend,8,2022-03-06,16.2207,1.1362,235.6105,236.7467,21.6256
KR_U507,Weekend,9,2022-03-12,17.753,8.2489,8.969,17.2179,60.6289
KR_U507,Weekend,8,2022-03-12,22.04,8.9991,5.5427,14.5418,45.5435
KR_U507,Weekend,6,2022-03-26,16.9661,7.9001,72.9975,80.8976,54.4587
KR_U507,Weekend,9,2022-04-02,13.1823,8.1402,55.2515,63.3917,42.5481
KR_U507,Weekend,11,2022-04-16,15.3934,8.0049,77.7662,85.7712,48.0776
KR_U507,Weekend,9,2022-04-23,18.697,8.0128,46.6021,54.6149,62.8878
KR_U507,Weekend,8,2022-05-07,14.659,9.4993,73.8636,83.3629,22.1958
KR_U507,Weekend,9,2022-05-15,14.9771,7.9906,62.9997,70.9902,23.3271
KR_U507,Weekend,11,2022-05-28,17.9495,8.4777,72.2918,80.7695,7.5422
KR_U507,Weekend,9,2022-06-26,20.6619,4.8273,211.2338,216.0611,39.7193
KR_U507,Weekend,8,2022-07-10,11.8979,8.9499,86.9599,95.9098,41.9435
KR_U507,Weekend,10,2022-08-20,19.3496,8.3296,248.1977,256.5273,46.5295
KR_U507,Weekend,10,2022-08-21,16.9297,7.617,37.8795,45.4965,56.722
KR_U507,Weekend,10,2022-09-10,12.4987,7.8068,100.8123,108.619,31.3455
KR_U507,Weekend,10,2022-09-17,14.3302,1.3136,45.3426,46.6561,41.2619
KR_U124,Weekday,11,2022-01-19,18.321,2.269,28.0525,30.3215,11.9502
KR_U124,Weekday,12,2022-01-20,20.8517,9.1671,20.0752,29.2422,14.1954
KR_U124,Weekday,10,2022-01-24,19.0865,0.9466,51.6207,52.5672,12.7799
KR_U124,Weekday,10,2022-01-27,18.6265,2.138,62.8428,64.9807,20.5666
KR_U124,Weekday,10,2022-01-28,18.4975,0.7993,18.4479,19.2473,20.0523
KR_U124,Weekday,11,2022-02-02,18.7838,3.373,69.083,72.4561,10.3357
KR_U124,Weekday,10,2022-02-09,18.5639,1.29,114.3193,115.6093,13.7841
KR_U124,Weekday,10,2022-02-10,18.6525,2.7868,21.5045,24.2913,2.1428
KR_U124,Weekday,10,2022-02-10,19.3842,1.0791,20.4791,21.5582,7.2884
KR_U124,Weekday,10,2022-02-14,18.6385,1.1158,26.9969,28.1126,16.6358
KR_U124,Weekday,10,2022-02-17,18.5607,1.5771,84.6775,86.2546,15.7049
KR_U124,Weekday,10,2022-02-18,18.5789,2.4884,20.8319,23.3203,24.3512
KR_U124,Weekday,10,2022-02-25,18.6366,1.7117,115.106,116.8177,18.4651
KR_U124,Weekday,10,2022-03-02,18.6069,8.7918,65.7241,74.5159,3.0993
KR_U124,Weekday,12,2022-03-03,18.6315,0.7442,15.4932,16.2374,11.8684
KR_U124,Weekday,10,2022-03-03,18.6241,2.7683,11.5635,14.3318,3.1565
KR_U124,Weekday,10,2022-03-07,18.6069,1.4562,40.0638,41.52,17.652
KR_U124,Weekday,10,2022-03-09,18.6949,6.185,30.6367,36.8216,7.2053
KR_U124,Weekday,10,2022-03-09,19.1482,1.3022,7.1997,8.5019,11.6706
KR_U124,Weekday,10,2022-03-10,19.4079,2.0706,19.7764,21.847,11.2899
KR_U124,Weekday,10,2022-03-14,18.6183,1.5519,43.161,44.7129,14.0281
KR_U124,Weekday,10,2022-03-14,18.4752,1.5963,4.1523,5.7486,9.6864
KR_U124,Weekday,10,2022-03-17,18.9457,0.2769,74.2408,74.5176,23.0466
KR_U124,Weekday,10,2022-03-22,18.7812,2.2624,57.5032,59.7656,15.496
KR_U124,Weekday,6,2022-03-23,17.7942,2.8193,19.9025,22.7218,11.0338
KR_U124,Weekday,10,2022-03-24,19.7231,0.4395,25.1214,25.5609,9.6991
KR_U124,Weekday,11,2022-03-29,18.828,1.3127,69.3111,70.6238,19.3758
KR_U124,Weekday,10,2022-03-30,18.5775,6.6599,23.5387,30.1986,8.3229
KR_U124,Weekday,10,2022-03-31,19.6505,0.3275,16.7563,17.0838,14.6361
KR_U124,Weekday,10,2022-04-08,19.1115,3.4205,147.3008,150.7213,19.9081
KR_U124,Weekday,10,2022-04-11,18.774,1.3026,23.2506,24.5531,13.7696
KR_U124,Weekday,11,2022-04-15,18.6103,2.6825,88.2772,90.9597,13.6991
KR_U124,Weekday,10,2022-04-19,19.132,2.3933,60.9919,63.3852,24.7859
KR_U124,Weekday,10,2022-04-22,18.9226,1.7345,66.54,68.2745,16.0988
KR_U124,Weekday,12,2022-04-26,18.8416,0.4257,48.4981,48.9238,14.603
KR_U124,Weekday,10,2022-04-27,18.9476,0.7065,23.5259,24.2324,19.1652
KR_U124,Weekday,10,2022-04-28,18.619,4.2996,23.7493,28.0489,12.2659
KR_U124,Weekday,10,2022-05-03,19.5488,1.5485,53.8338,55.3823,12.1779
KR_U124,Weekday,12,2022-05-06,17.3394,1.0937,68.1523,69.2459,14.5492
KR_U124,Weekday,10,2022-05-06,18.643,1.291,21.3639,22.6549,12.582
KR_U124,Weekday,10,2022-05-11,18.7178,3.5412,45.6113,49.1525,9.161
KR_U124,Weekday,6,2022-05-11,17.6213,0.9358,14.0898,15.0256,5.1467
KR_U124,Weekday,10,2022-05-12,18.5697,4.2134,23.8355,28.0489,14.7189
KR_U124,Weekday,10,2022-05-13,19.5364,8.7601,9.6121,18.3722,19.7848
KR_U124,Weekday,10,2022-05-16,18.9673,2.6158,18.6562,21.2721,1.4491
KR_U124,Weekday,10,2022-05-17,18.7503,1.625,23.5764,25.2014,23.4898
KR_U124,Weekday,10,2022-05-18,18.5107,3.3393,20.6173,23.9566,16.9591
KR_U124,Weekday,10,2022-05-19,18.5746,1.5015,20.3611,21.8627,14.1663
KR_U124,Weekday,10,2022-05-20,18.5197,4.1686,23.7435,27.912,23.6267
KR_U124,Weekday,10,2022-05-26,18.6095,1.0519,90.3058,91.3577,6.5418
KR_U124,Weekday,10,2022-06-01,19.2127,1.8288,101.7924,103.6212,18.1517
KR_U124,Weekday,9,2022-06-06,16.9757,0.8889,69.9917,70.8805,22.0361
KR_U124,Weekday,5,2022-06-08,19.5121,5.0181,38.4643,43.4824,1.0296
KR_U124,Weekday,10,2022-06-13,18.6449,1.4783,72.819,74.2973,7.9849
KR_U124,Weekday,11,2022-06-14,22.0939,0.294,16.3506,16.6446,22.3364
KR_U124,Weekday,10,2022-06-16,19.4704,2.6329,49.3472,51.9801,21.3244
KR_U124,Weekday,10,2022-06-17,18.1509,7.6081,25.8102,33.4183,14.0075
KR_U124,Weekday,10,2022-06-20,19.5528,2.4037,20.8372,23.2409,5.2475
KR_U124,Weekday,10,2022-06-21,19.3158,2.5944,22.2821,24.8765,22.4895
KR_U124,Weekday,12,2022-06-22,20.5447,1.6198,24.6357,26.2555,24.7067
KR_U124,Weekday,12,2022-06-27,18.7765,0.9066,70.3711,71.2777,20.8098
KR_U124,Weekday,10,2022-06-28,19.4115,1.8044,19.0756,20.8799,23.0521
KR_U124,Weekday,10,2022-06-30,19.3908,0.7557,49.8507,50.6064,19.6002
KR_U124,Weekday,10,2022-07-01,18.5123,1.3982,22.2528,23.651,13.2351
KR_U124,Weekday,10,2022-07-07,18.548,0.767,85.5855,86.3526,19.4066
KR_U124,Weekday,12,2022-07-08,17.8948,1.4501,22.9147,24.3648,7.5821
KR_U124,Weekday,10,2022-07-11,18.5829,1.5447,21.0183,22.563,15.5396
KR_U124,Weekday,12,2022-07-21,18.7664,3.4199,191.0505,194.4704,25.9366
KR_U124,Weekday,10,2022-07-22,18.6246,0.7133,22.3084,23.0218,5.2298
KR_U124,Weekday,10,2022-07-25,19.8583,1.224,23.7021,24.9262,0.0142
KR_U124,Weekday,10,2022-07-26,18.4681,3.0249,21.198,24.2228,18.3666
KR_U124,Weekday,10,2022-07-29,18.5751,2.2049,79.3232,81.5281,15.3667
KR_U124,Weekday,10,2022-08-01,18.6027,1.6378,23.7355,25.3733,21.7961
KR_U124,Weekday,10,2022-08-03,18.6644,2.3876,21.7288,24.1164,22.3129
KR_U124,Weekday,10,2022-08-03,18.501,1.2028,20.773,21.9758,22.3581
KR_U124,Weekday,10,2022-08-04,19.2346,5.6112,14.7584,20.3696,18.0938
KR_U124,Weekday,10,2022-08-05,19.4163,1.439,23.0362,24.4752,13.3935
KR_U124,Weekday,10,2022-08-08,18.5921,4.0779,10.4401,14.518,8.9838
KR_U124,Weekday,12,2022-08-09,18.7618,0.9055,16.0938,16.9994,6.6038
KR_U124,Weekday,10,2022-08-10,19.7118,2.3437,20.7215,23.0652,14.8918
KR_U124,Weekday,10,2022-08-11,19.5994,1.4472,21.1028,22.55,18.3756
KR_U124,Weekday,10,2022-08-12,19.4895,2.1365,44.7536,46.8901,18.0995
KR_U124,Weekday,10,2022-08-15,18.592,2.1074,1.4742,3.5817,15.3969
KR_U124,Weekday,12,2022-08-16,18.6023,3.1224,19.9311,23.0535,16.1551
KR_U124,Weekday,10,2022-08-16,18.5791,0.4073,17.7916,18.1989,9.5254
KR_U124,Weekday,10,2022-08-16,18.5191,0.5251,2.6651,3.1902,11.9866
KR_U124,Weekday,10,2022-08-18,18.6103,2.7126,38.2837,40.9963,17.1764
KR_U124,Weekday,10,2022-08-23,18.6432,2.0469,54.4232,56.4702,22.6295
KR_U124,Weekday,11,2022-08-25,18.7573,3.5051,45.6284,49.1335,18.573
KR_U124,Weekday,10,2022-09-01,18.5985,2.1208,119.1301,121.2509,17.7258
KR_U124,Weekday,10,2022-09-02,18.6112,0.4814,22.1117,22.593,8.9954
KR_U124,Weekday,12,2022-09-07,17.6885,5.5747,70.8311,76.4058,20.8557
KR_U124,Weekday,10,2022-09-08,19.8216,2.7165,20.3377,23.0541,13.3819
KR_U124,Weekday,10,2022-09-19,19.5211,0.3509,175.2886,175.6395,14.5826
KR_U124,Weekday,10,2022-09-20,18.6153,6.7633,25.8959,32.6593,12.1169
KR_U124,Weekday,10,2022-09-22,19.5668,1.1008,25.9045,27.0054,10.3878
KR_U124,Weekend,10,2022-01-23,19.283,1.6418,22.6465,24.2883,21.7447
KR_U124,Weekend,11,2022-01-29,19.3273,3.0643,21.9152,24.9794,9.2885
KR_U124,Weekend,9,2022-02-13,18.6961,3.8222,136.3764,140.1987,24.8696
KR_U124,Weekend,10,2022-02-19,18.5783,0.4737,22.1107,22.5844,11.7822
KR_U124,Weekend,10,2022-02-20,18.5166,2.2818,23.5327,25.8145,19.4695
KR_U124,Weekend,11,2022-03-12,18.9124,0.8894,101.381,102.2703,13.7423
KR_U124,Weekend,10,2022-03-20,18.6564,3.7705,77.7868,81.5573,12.2134
KR_U124,Weekend,10,2022-04-02,18.5651,2.1019,75.256,77.3579,12.7828
KR_U124,Weekend,11,2022-04-16,21.7746,4.2319,87.3578,91.5897,9.7974
KR_U124,Weekend,9,2022-04-17,19.2256,2.776,16.9636,19.7396,13.9267
KR_U124,Weekend,10,2022-04-23,19.128,1.7394,23.5066,25.246,21.1019
KR_U124,Weekend,8,2022-04-24,15.7246,5.8963,20.8263,26.7225,11.166
KR_U124,Weekend,11,2022-05-14,19.0489,2.8915,107.347,110.2384,10.5008
KR_U124,Weekend,10,2022-05-15,18.5701,1.9346,20.6213,22.5559,12.1501
KR_U124,Weekend,10,2022-05-21,18.6048,4.424,22.3697,26.7936,24.0014
KR_U124,Weekend,10,2022-05-29,19.4741,3.0199,68.8818,71.9018,16.9045
KR_U124,Weekend,10,2022-06-04,19.3953,2.048,18.6311,20.6791,21.586
KR_U124,Weekend,11,2022-06-04,19.236,1.4622,19.6739,21.1361,9.1535
KR_U124,Weekend,10,2022-06-11,19.4979,2.2265,22.804,25.0304,11.4905
KR_U124,Weekend,10,2022-06-12,19.2622,2.4042,21.2668,23.6711,21.5914
KR_U124,Weekend,10,2022-06-18,19.5276,5.0258,19.3722,24.398,10.2162
KR_U124,Weekend,11,2022-07-02,18.6247,1.9966,103.3145,105.3112,19.4649
KR_U124,Weekend,9,2022-07-03,18.3044,1.0179,22.7262,23.7441,17.0766
KR_U124,Weekend,10,2022-07-16,18.6607,2.809,72.4444,75.2534,19.5703
KR_U124,Weekend,10,2022-07-17,18.4998,0.9834,22.44,23.4234,14.103
KR_U124,Weekend,10,2022-07-30,18.6473,2.0694,67.4031,69.4725,11.6676
KR_U124,Weekend,10,2022-07-31,19.563,2.6785,21.9345,24.613,22.5911
KR_U124,Weekend,10,2022-08-07,19.2172,0.6427,37.212,37.8548,11.7483
KR_U124,Weekend,11,2022-08-13,18.8836,3.1299,22.4116,25.5414,8.7289
KR_U124,Weekend,10,2022-08-13,19.3148,1.869,19.2004,21.0695,12.6634
KR_U124,Weekend,10,2022-08-28,18.6339,4.9398,92.0243,96.9641,17.6725
KR_U124,Weekend,10,2022-09-04,18.5157,2.8731,52.5247,55.3978,11.6373
KR_U194,Weekday,10,2021-11-30,23.4664,6.9343,138.8927,145.827,9.5776
KR_U194,Weekday,11,2021-11-30,3.0442,0.933,3.5743,4.5073,12.536
KR_U194,Weekday,12,2021-12-02,23.0601,3.993,38.9225,42.9155,31.2195
KR_U194,Weekday,8,2021-12-14,4.0944,4.7135,189.4702,194.1837,39.0881
KR_U194,Weekday,9,2021-12-14,22.6903,2.4494,16.864,19.3134,18.0599
KR_U194,Weekday,9,2021-12-16,20.7956,6.6308,41.8721,48.5029,26.0094
KR_U194,Weekday,11,2021-12-21,18.6048,6.9639,48.8394,55.8033,38.3538
KR_U194,Weekday,10,2021-12-27,15.8244,8.701,103.1827,111.8837,7.0711
KR_U194,Weekday,8,2021-12-28,16.8906,5.4675,2.7148,8.1823,20.7496
KR_U194,Weekday,1,2022-01-07,23.5983,6.1705,193.7964,199.967,34.2122
KR_U194,Weekday,12,2022-01-10,22.89,8.7991,12.1547,20.9538,31.3011
KR_U194,Weekday,11,2022-01-11,23.3016,5.7898,10.5615,16.3513,27.6059
KR_U194,Weekday,10,2022-01-11,14.0712,7.5483,3.1104,10.6587,20.467
KR_U194,Weekday,9,2022-01-12,15.6435,5.6342,19.3642,24.9984,43.2855
KR_U194,Weekday,9,2022-01-13,22.6379,9.4656,15.1932,24.6588,43.6652
KR_U194,Weekday,11,2022-01-17,14.9614,9.0552,38.0896,47.1448,6.9168
KR_U194,Weekday,12,2022-01-24,21.9381,2.0564,122.0541,124.1105,24.4152
KR_U194,Weekday,11,2022-01-25,23.6922,6.1164,11.6605,17.7769,29.9396
KR_U194,Weekday,8,2022-01-27,18.2884,7.4203,47.9085,55.3288,36.2498
KR_U194,Weekday,8,2022-01-31,18.9228,4.9257,22.6611,27.5868,28.428
KR_U194,Weekday,8,2022-01-31,15.6828,9.0699,3.4686,12.5386,12.6986
KR_U194,Weekday,12,2022-02-01,22.3232,8.0952,12.6432,20.7384,10.7948
KR_U194,Weekday,8,2022-02-01,22.6889,8.4112,2.9519,11.3631,13.3231
KR_U194,Weekday,8,2022-02-02,14.3365,3.037,10.1189,13.156,48.5082
KR_U194,Weekday,8,2022-02-04,22.7681,7.3167,51.1857,58.5023,12.0568
KR_U194,Weekday,10,2022-02-16,18.6712,5.528,169.8307,175.3587,22.5351
KR_U194,Weekday,11,2022-02-17,23.867,8.0353,16.4911,24.5263,10.7852
KR_U194,Weekday,12,2022-02-18,22.6767,4.1666,16.7011,20.8677,29.9596
KR_U194,Weekday,8,2022-02-24,23.1583,5.487,111.2987,116.7857,26.3941
KR_U194,Weekday,12,2022-03-01,23.3217,4.8992,56.9056,61.8048,7.0142
KR_U194,Weekday,10,2022-03-02,0.1336,12.8206,5.5698,18.3905,26.1999
KR_U194,Weekday,9,2022-03-02,23.0711,4.6112,9.1759,13.7872,3.8548
KR_U194,Weekday,11,2022-03-03,23.0481,3.0199,10.0153,13.0352,1.0781
KR_U194,Weekday,8,2022-03-04,15.8015,12.7879,17.0222,29.8101,47.9118
KR_U194,Weekday,7,2022-03-07,22.6702,3.746,7.6111,11.3571,29.8665
KR_U194,Weekday,12,2022-03-14,23.7154,8.9174,116.1483,125.0658,36.2597
KR_U194,Weekday,8,2022-03-15,22.8605,10.0594,16.1476,26.207,12.7183
KR_U194,Weekday,12,2022-03-16,23.4108,4.976,20.4572,25.4332,17.1222
KR_U194,Weekday,8,2022-03-17,14.7637,6.1981,7.8151,14.0132,16.1599
KR_U194,Weekday,8,2022-03-18,15.7194,6.6496,21.7918,28.4413,13.3969
KR_U194,Weekday,10,2022-03-18,22.8481,4.1327,0.3068,4.4395,12.1538
KR_U194,Weekday,11,2022-03-22,14.3901,7.4595,37.5514,45.011,20.5723
KR_U194,Weekday,9,2022-03-25,16.4532,8.0921,57.9177,66.0098,8.5372
KR_U194,Weekday,11,2022-03-25,18.6815,10.1115,4.2399,14.3514,44.0831
KR_U194,Weekday,10,2022-03-28,22.7162,9.6136,4.653,14.2666,1.4896
KR_U194,Weekday,11,2022-03-28,23.0591,11.4733,1.3376,12.8108,21.5963
KR_U194,Weekday,9,2022-03-29,22.4111,10.6202,0.5317,11.1519,13.149
KR_U194,Weekday,12,2022-03-30,22.3821,0.3963,40.9359,41.3322,54.2574
KR_U194,Weekday,8,2022-03-31,2.6761,9.7128,2.8206,12.5333,21.6875
KR_U194,Weekday,12,2022-04-01,23.0903,7.6301,22.2347,29.8648,28.2083
KR_U194,Weekday,1,2022-04-07,23.8117,7.9098,72.5032,80.4129,14.5992
KR_U194,Weekday,9,2022-04-07,21.471,7.7827,4.833,12.6157,23.7836
KR_U194,Weekday,10,2022-04-12,21.8904,5.7154,62.7451,68.4605,29.2292
KR_U194,Weekday,12,2022-04-13,22.9053,9.1107,9.7942,18.9049,18.2759
KR_U194,Weekday,8,2022-04-20,16.1082,9.2599,108.4416,117.7015,18.3806
KR_U194,Weekday,11,2022-04-20,15.7076,5.9795,11.7378,17.7173,19.5298
KR_U194,Weekday,8,2022-04-22,12.3093,5.5488,25.4745,31.0233,16.1276
KR_U194,Weekday,11,2022-04-22,16.3076,3.7811,11.0645,14.8456,29.6783
KR_U194,Weekday,12,2022-04-26,22.7722,7.8626,37.0213,44.8839,56.9087
KR_U194,Weekday,12,2022-05-02,23.4802,8.6849,84.8439,93.5288,30.9157
KR_U194,Weekday,8,2022-05-03,2.5826,4.1325,6.7988,10.9313,7.4513
KR_U194,Weekday,11,2022-05-06,22.8882,4.8822,74.0651,78.9474,26.6656
KR_U194,Weekday,8,2022-05-12,1.4663,4.014,84.7438,88.7578,26.9737
KR_U194,Weekday,11,2022-05-17,15.3009,7.0459,80.4099,87.4557,50.9688
KR_U194,Weekday,10,2022-05-18,17.7765,7.2927,16.8596,24.1523,30.5242
KR_U194,Weekday,11,2022-05-23,15.3687,5.9935,52.7942,58.7877,23.6723
KR_U194,Weekday,8,2022-06-02,14.8914,9.9255,180.4853,190.4108,27.4307
KR_U194,Weekday,8,2022-06-06,14.401,7.9868,52.1548,60.1416,28.6474
KR_U194,Weekday,12,2022-06-08,22.7157,7.8828,33.0818,40.9646,40.5489
KR_U194,Weekday,7,2022-06-08,17.7953,7.3199,2.2969,9.6169,23.1259
KR_U194,Weekday,12,2022-06-09,22.8281,3.7028,22.7196,26.4224,6.5128
KR_U194,Weekday,8,2022-06-14,17.7259,6.0166,49.2131,55.2296,4.4691
KR_U194,Weekday,8,2022-06-16,15.9308,9.5714,45.1444,54.7158,28.0432
KR_U194,Weekday,8,2022-06-17,17.6315,6.1634,28.3146,34.478,3.3613
KR_U194,Weekday,9,2022-06-20,19.4757,11.7491,1.816,13.5651,14.2141
KR_U194,Weekday,9,2022-06-22,18.6766,9.6539,32.3289,41.9829,29.9759
KR_U194,Weekday,12,2022-06-24,22.9905,2.9859,65.2992,68.2851,77.708
KR_U194,Weekday,10,2022-06-27,17.5052,6.4825,12.9861,19.4687,37.2109
KR_U194,Weekday,9,2022-06-28,17.5118,9.055,9.3089,18.3639,0.0201
KR_U194,Weekday,12,2022-06-30,22.2225,8.2215,35.6063,43.8277,7.4533
KR_U194,Weekday,8,2022-07-14,23.288,7.0858,227.2873,234.3732,46.6165
KR_U194,Weekday,8,2022-07-15,0.2155,6.4222,37.7314,44.1537,37.1084
KR_U194,Weekday,8,2022-07-18,19.1784,4.0869,2.9288,7.0157,25.9964
KR_U194,Weekday,8,2022-07-20,4.283,9.8099,49.9396,59.7495,10.5012
KR_U194,Weekday,8,2022-07-21,13.6744,7.4014,12.3535,19.7549,9.1706
KR_U194,Weekday,8,2022-07-22,23.9448,4.9211,6.234,11.1551,5.0156
KR_U194,Weekday,12,2022-07-26,23.2967,8.4801,45.9141,54.3942,1.8976
KR_U194,Weekday,11,2022-07-26,21.2604,12.0253,3.523,15.5484,37.2123
KR_U194,Weekday,12,2022-07-27,23.3757,8.3914,15.8811,24.2725,16.0298
KR_U194,Weekday,9,2022-07-29,18.9784,13.1619,20.3317,33.4936,12.9789
KR_U194,Weekday,9,2022-07-29,19.7493,6.7639,0.8453,7.6092,50.9816
KR_U194,Weekday,12,2022-08-02,23.4233,2.7207,32.2508,34.9715,8.9787
KR_U194,Weekday,9,2022-08-02,23.3157,5.1921,3.6039,8.796,8.4197
KR_U194,Weekday,11,2022-08-03,23.6112,7.311,12.8752,20.1862,13.5852
KR_U194,Weekday,9,2022-08-04,23.0141,6.0301,20.233,26.2631,0.5165
KR_U194,Weekday,7,2022-08-08,22.1908,5.8377,41.4076,47.2453,3.8738
KR_U194,Weekday,12,2022-08-12,22.6634,3.989,101.4671,105.4561,14.8071
KR_U194,Weekday,8,2022-08-15,22.3604,8.1003,12.3608,20.4611,35.2569
KR_U194,Weekday,12,2022-08-18,23.7528,8.0615,65.8135,73.875,25.0249
KR_U194,Weekday,10,2022-08-19,23.5057,10.939,12.0554,22.9944,21.0761
KR_U194,Weekday,12,2022-08-31,23.031,8.9943,179.9454,188.9397,7.7549
KR_U194,Weekday,8,2022-09-02,12.8146,8.6103,35.435,44.0453,38.0878
KR_U194,Weekday,8,2022-09-02,15.1493,4.493,4.9079,9.4009,24.1928
KR_U194,Weekday,8,2022-09-05,1.5142,2.0644,22.5821,24.6465,8.8447
KR_U194,Weekday,8,2022-09-13,22.7742,10.6369,125.5684,136.2053,48.8998
KR_U194,Weekday,10,2022-09-13,23.9685,6.8891,5.0581,11.9472,62.4754
KR_U194,Weekday,12,2022-09-16,22.8492,1.954,66.2522,68.2063,19.8711
KR_U194,Weekday,11,2022-09-22,21.7012,9.6309,70.7028,80.3336,18.0103
KR_U194,Weekday,8,2022-09-23,2.8078,9.4577,18.6201,28.0778,31.5701
KR_U194,Weekday,10,2022-09-23,23.1986,2.4206,1.8165,4.2371,1.0721
KR_U194,Weekday,12,2022-09-29,22.6259,1.2975,98.1278,99.4253,19.0471
KR_U194,Weekday,9,2022-09-30,23.9543,10.5492,19.5951,30.1443,4.3825
KR_U194,Weekend,1,2021-11-28,22.9273,6.7118,68.4373,75.1491,5.8721
KR_U194,Weekend,9,2021-12-11,1.3323,10.4191,72.2476,82.6668,16.6469
KR_U194,Weekend,12,2021-12-11,0.5531,7.9173,0.2805,8.1979,14.2646
KR_U194,Weekend,1,2021-12-26,14.5791,7.2936,104.3471,111.6408,22.3236
KR_U194,Weekend,9,2022-01-01,19.3111,6.4327,5.9921,12.4248,34.5451
KR_U194,Weekend,12,2022-01-01,22.929,0.3734,0.033,0.4064,13.6648
KR_U194,Weekend,8,2022-01-08,22.7305,3.1237,48.7961,51.9198,3.1193
KR_U194,Weekend,9,2022-02-12,16.725,6.622,241.9975,248.6195,1.628
KR_U194,Weekend,10,2022-02-13,1.2212,8.8618,10.9253,19.7871,9.8699
KR_U194,Weekend,1,2022-02-19,23.9363,1.3025,19.4641,20.7666,6.4734
KR_U194,Weekend,2,2022-02-20,21.4478,2.2542,31.7577,34.0119,46.7468
KR_U194,Weekend,7,2022-03-13,1.2335,8.2443,120.6118,128.8561,21.5603
KR_U194,Weekend,12,2022-03-13,23.3123,2.5725,7.7678,10.3403,11.6289
KR_U194,Weekend,1,2022-03-19,2.5478,8.1131,3.5621,11.6753,4.4006
KR_U194,Weekend,8,2022-03-19,18.4466,8.2403,5.1969,13.4372,9.1013
KR_U194,Weekend,9,2022-03-27,11.839,8.1257,69.6003,77.726,26.3743
KR_U194,Weekend,12,2022-04-02,23.9754,1.6997,18.3598,20.0596,32.0873
KR_U194,Weekend,6,2022-05-22,15.2511,6.0747,346.8506,352.9253,10.7448
KR_U194,Weekend,10,2022-05-22,18.0464,8.9167,2.0718,10.9886,14.3354
KR_U194,Weekend,1,2022-06-04,20.1594,7.0817,57.0685,64.1502,5.895
KR_U194,Weekend,2,2022-06-04,22.0488,5.7969,0.4935,6.2904,7.4454
KR_U194,Weekend,7,2022-07-02,1.6567,8.1563,176.4836,184.6399,12.7504
KR_U194,Weekend,12,2022-09-18,23.0494,9.8121,535.9007,545.7128,21.8509
KR_U8,Weekday,10,2022-01-03,18.5303,1.649,20.5365,22.1854,12.0018
KR_U8,Weekday,9,2022-01-05,17.7709,1.8268,24.9402,26.767,9.9182
KR_U8,Weekday,10,2022-01-06,18.3778,2.9562,29.8306,32.7869,17.5612
KR_U8,Weekday,9,2022-01-10,17.7982,2.3695,45.6299,47.9993,6.9452
KR_U8,Weekday,9,2022-01-10,17.7875,0.8388,0.7858,1.6246,10.6925
KR_U8,Weekday,10,2022-01-12,18.3935,4.1664,46.4881,50.6545,10.4092
KR_U8,Weekday,10,2022-01-13,19.6146,2.3026,20.7853,23.0878,10.6705
KR_U8,Weekday,10,2022-01-19,17.5407,1.793,93.3362,95.1292,10.6762
KR_U8,Weekday,9,2022-01-26,17.8123,3.1429,120.0744,123.2173,15.3397
KR_U8,Weekday,11,2022-01-27,17.9106,4.0322,19.4956,23.5278,11.2482
KR_U8,Weekday,8,2022-01-31,18.1511,1.6728,45.0373,46.7101,8.7257
KR_U8,Weekday,9,2022-02-04,17.4424,1.4703,87.6338,89.1041,9.7784
KR_U8,Weekday,9,2022-02-04,16.5103,4.6443,0.2227,4.867,7.2311
KR_U8,Weekday,4,2022-02-08,16.6313,2.9636,46.0501,49.0137,10.6958
KR_U8,Weekday,9,2022-02-14,17.4695,2.8112,81.6387,84.4499,9.8202
KR_U8,Weekday,11,2022-02-21,18.4037,2.0644,131.5806,133.645,8.8626
KR_U8,Weekday,8,2022-02-23,17.3705,2.5986,44.5344,47.133,13.3144
KR_U8,Weekday,9,2022-02-24,17.4659,1.7501,22.2171,23.9672,8.6748
KR_U8,Weekday,10,2022-02-28,19.5096,2.4371,38.1264,40.5635,15.6945
KR_U8,Weekday,9,2022-02-28,17.41,3.1841,1.3345,4.5186,11.8442
KR_U8,Weekday,11,2022-03-04,16.363,1.4281,100.3367,101.7648,17.3867
KR_U8,Weekday,9,2022-03-08,17.5215,3.085,44.8165,47.9015,7.9804
KR_U8,Weekday,9,2022-03-09,17.7672,1.5565,24.4468,26.0033,13.666
KR_U8,Weekday,10,2022-03-15,18.6113,2.8856,93.2454,96.1311,10.4739
KR_U8,Weekday,11,2022-03-17,22.2827,5.6752,47.4159,53.0911,8.0486
KR_U8,Weekday,9,2022-03-21,17.534,2.7995,44.4577,47.2572,13.7104
KR_U8,Weekday,11,2022-03-24,16.7075,3.1125,47.3212,50.4337,8.2323
KR_U8,Weekday,11,2022-03-28,17.4313,2.0252,46.1741,48.1993,7.0581
KR_U8,Weekday,11,2022-03-30,9.009,3.7262,46.6297,50.3559,17.7616
KR_U8,Weekday,9,2022-04-01,17.8624,1.8044,45.9537,47.7581,6.8894
KR_U8,Weekday,10,2022-04-07,18.7342,6.5752,105.6559,112.2311,15.6884
KR_U8,Weekday,9,2022-04-11,17.4783,2.0896,45.2284,47.318,10.0319
KR_U8,Weekday,9,2022-04-12,17.3997,2.5568,22.7066,25.2634,9.749
KR_U8,Weekday,10,2022-04-14,18.655,6.092,37.2707,43.3627,15.5936
KR_U8,Weekday,11,2022-04-18,17.8914,9.4643,44.9272,54.3915,7.8642
KR_U8,Weekday,11,2022-04-21,16.052,1.4888,56.9129,58.4017,10.2465
KR_U8,Weekday,8,2022-04-22,18.3688,3.3796,25.1732,28.5528,14.9721
KR_U8,Weekday,9,2022-04-22,17.6001,2.3827,2.8243,5.207,13.0592
KR_U8,Weekday,10,2022-04-26,19.5558,2.5123,35.1941,37.7064,11.0247
KR_U8,Weekday,9,2022-04-29,17.7627,3.7523,72.6136,76.366,6.1969
KR_U8,Weekday,10,2022-05-10,18.5128,2.2167,166.8105,169.0271,13.3515
KR_U8,Weekday,9,2022-05-12,16.5465,1.7554,45.4949,47.2502,17.5411
KR_U8,Weekday,9,2022-05-16,16.4747,3.1149,47.1564,50.2713,17.8688
KR_U8,Weekday,9,2022-05-19,17.8072,1.6509,75.5394,77.1903,10.5585
KR_U8,Weekday,9,2022-05-23,17.3864,3.1651,24.7522,27.9173,14.0853
KR_U8,Weekday,9,2022-05-25,17.7694,4.4581,44.4234,48.8815,14.9198
KR_U8,Weekday,9,2022-05-26,17.7782,0.7535,45.9937,46.7472,11.6311
KR_U8,Weekday,9,2022-05-31,17.8343,2.9932,46.2677,49.2609,13.8852
KR_U8,Weekday,10,2022-06-01,19.248,6.0659,26.0279,32.0938,13.9721
KR_U8,Weekday,9,2022-06-01,17.6094,1.6612,0.1471,1.8083,12.8971
KR_U8,Weekday,11,2022-06-03,19.4642,5.1024,46.1501,51.2525,15.1542
KR_U8,Weekday,11,2022-06-07,18.186,2.907,44.1385,47.0455,6.7683
KR_U8,Weekday,8,2022-06-08,19.0945,1.15,24.5943,25.7443,13.5247
KR_U8,Weekday,8,2022-06-09,16.3285,3.2024,26.8999,30.1024,11.2237
KR_U8,Weekday,10,2022-06-13,18.7541,3.7977,35.4187,39.2164,13.4553
KR_U8,Weekday,10,2022-06-15,19.6767,3.0926,55.0313,58.1239,11.9309
KR_U8,Weekday,9,2022-06-17,17.43,1.3111,47.0015,48.3126,12.0285
KR_U8,Weekday,9,2022-06-22,17.2936,2.8224,46.5035,49.3259,14.0972
KR_U8,Weekday,10,2022-06-28,18.1104,2.15,106.0769,108.2268,11.6188
KR_U8,Weekday,9,2022-06-30,17.5213,1.8596,43.9718,45.8314,14.5109
KR_U8,Weekday,9,2022-07-04,17.4607,1.6691,45.8069,47.476,12.2266
KR_U8,Weekday,6,2022-07-06,21.366,2.2592,41.3364,43.5956,11.8501
KR_U8,Weekday,8,2022-07-06,16.3679,4.5578,1.1262,5.684,12.8829
KR_U8,Weekday,10,2022-07-07,18.6594,2.7307,26.621,29.3517,13.2332
KR_U8,Weekday,10,2022-07-15,19.5065,5.3404,142.2892,147.6296,16.3279
KR_U8,Weekday,9,2022-07-19,17.783,3.48,46.5346,50.0146,11.7412
KR_U8,Weekday,9,2022-07-21,17.4261,3.2418,45.284,48.5258,15.3761
KR_U8,Weekday,10,2022-08-01,18.3792,1.6195,165.1787,166.7981,9.152
KR_U8,Weekday,9,2022-08-03,17.4433,3.6679,23.1223,26.7903,11.1475
KR_U8,Weekday,9,2022-08-03,17.8828,2.1109,1.2489,3.3598,10.921
KR_U8,Weekday,4,2022-08-09,16.9183,1.9554,99.65,101.6054,15.4689
KR_U8,Weekday,9,2022-08-11,17.4946,2.6961,47.3213,50.0174,8.5245
KR_U8,Weekday,9,2022-08-12,17.7607,3.7028,22.5,26.2028,14.8158
KR_U8,Weekday,10,2022-08-16,18.2653,3.0501,40.0051,43.0552,14.1036
KR_U8,Weekday,9,2022-08-16,17.7994,1.5398,1.1241,2.6638,9.9484
KR_U8,Weekday,9,2022-08-18,17.4922,1.0174,46.046,47.0634,12.0481
KR_U8,Weekday,4,2022-08-22,16.6367,1.0499,43.9883,45.0382,5.112
KR_U8,Weekday,9,2022-08-25,17.438,5.2962,73.8724,79.1685,6.5797
KR_U8,Weekday,10,2022-08-29,17.8605,2.4228,45.6104,48.0332,13.953
KR_U8,Weekday,10,2022-08-30,18.0266,2.0313,11.0113,13.0426,15.0584
KR_U8,Weekday,9,2022-09-02,17.4399,4.1932,70.4711,74.6643,12.3981
KR_U8,Weekday,6,2022-09-06,19.0658,1.5868,43.8224,45.4091,14.7988
KR_U8,Weekday,10,2022-09-07,17.908,4.057,33.8451,37.9021,9.2179
KR_U8,Weekday,9,2022-09-09,17.4957,1.304,45.6534,46.9573,8.0958
KR_U8,Weekday,10,2022-09-15,19.6488,2.3957,92.463,94.8587,15.3643
KR_U8,Weekday,5,2022-09-19,18.783,4.1051,46.8137,50.9189,7.6553
KR_U8,Weekday,6,2022-09-21,11.9615,4.0253,46.5095,50.5348,18.8394
KR_U8,Weekday,10,2022-09-27,19.5232,3.4902,93.9679,97.4581,14.2071
KR_U8,Weekend,9,2022-01-09,12.5351,5.3538,23.9153,29.2691,11.6137
KR_U8,Weekend,7,2022-01-23,13.6132,1.8477,93.6831,95.5308,11.1648
KR_U8,Weekend,8,2022-01-30,16.0657,7.1856,59.2678,66.4534,9.7508
KR_U8,Weekend,9,2022-02-06,14.5463,4.7949,26.2446,31.0395,15.3683
KR_U8,Weekend,5,2022-02-13,14.5154,2.3928,51.4446,53.8374,9.0579
KR_U8,Weekend,6,2022-02-26,12.7751,2.2926,66.1461,68.4387,10.9092
KR_U8,Weekend,5,2022-03-12,10.9095,3.1248,85.1774,88.3022,16.328
KR_U8,Weekend,6,2022-03-27,15.0542,4.6697,124.8318,129.5014,7.9071
KR_U8,Weekend,6,2022-04-03,19.5436,5.4149,45.8008,51.2158,16.6027
KR_U8,Weekend,9,2022-04-16,14.492,1.6302,71.6558,73.286,15.2848
KR_U8,Weekend,10,2022-04-30,11.3469,1.603,85.3941,86.9971,15.9967
KR_U8,Weekend,9,2022-05-15,11.4782,1.0098,122.1961,123.2058,14.4314
KR_U8,Weekend,10,2022-05-29,20.5323,1.774,105.9911,107.7651,9.6808
KR_U8,Weekend,9,2022-06-04,17.5299,2.3583,15.7753,18.1336,12.3154
KR_U8,Weekend,7,2022-06-11,10.6276,1.5169,51.9164,53.4334,13.4508
KR_U8,Weekend,6,2022-06-25,21.09,1.9149,87.1565,89.0714,18.4371
KR_U8,Weekend,5,2022-07-03,13.851,3.4466,59.1698,62.6164,8.2754
KR_U8,Weekend,6,2022-07-09,16.934,3.2869,25.0431,28.33,15.9311
KR_U8,Weekend,5,2022-07-10,8.4896,2.0123,19.6575,21.6698,14.6638
KR_U8,Weekend,6,2022-07-24,8.664,6.4381,96.3106,102.7487,11.0974
KR_U8,Weekend,9,2022-08-07,12.7993,2.7407,83.7488,86.4895,11.9332
KR_U8,Weekend,10,2022-08-14,14.1651,4.2388,59.1792,63.418,4.9558
KR_U8,Weekend,7,2022-08-21,11.0013,16.047,29.3266,45.3736,10.8601
KR_U8,Weekend,7,2022-09-03,13.9518,1.3679,72.5979,73.9657,14.3949
KR_U8,Weekend,6,2022-09-04,5.0832,1.5155,21.1562,22.6717,11.3697
KR_U8,Weekend,9,2022-09-10,18.9828,2.6321,19.4011,22.0332,15.0891
KR_U8,Weekend,10,2022-09-24,13.4889,2.6202,92.9874,95.6076,9.9872
KR_U8,Weekend,9,2022-09-25,14.6602,1.0202,22.4377,23.458,17.0657
KR_U106,Weekday,10,2022-01-13,18.4735,1.8921,5.6593,7.5515,60.9318
KR_U106,Weekday,11,2022-01-14,21.078,3.4675,19.3571,22.8246,69.7237
KR_U106,Weekday,11,2022-01-17,20.6229,9.4269,19.86,29.2868,10.7421
KR_U106,Weekday,10,2022-01-24,19.2902,3.5367,126.1143,129.651,10.415
KR_U106,Weekday,12,2022-01-27,19.1726,2.802,63.7346,66.5366,59.1471
KR_U106,Weekday,10,2022-01-28,19.0305,3.583,21.9691,25.552,11.3475
KR_U106,Weekday,11,2022-02-01,20.6283,10.0555,21.4992,31.5547,57.0745
KR_U106,Weekday,9,2022-02-03,20.0851,3.5074,44.1966,47.704,10.8007
KR_U106,Weekday,7,2022-02-03,20.4727,2.8304,19.2965,22.1269,10.6788
KR_U106,Weekday,11,2022-02-07,20.5043,3.43,35.9692,39.3992,10.3928
KR_U106,Weekday,11,2022-02-08,20.805,3.4741,20.7214,24.1955,10.245
KR_U106,Weekday,10,2022-02-10,18.5068,3.6585,45.0401,48.6986,10.0411
KR_U106,Weekday,11,2022-02-11,20.5404,10.3302,20.3637,30.694,55.3525
KR_U106,Weekday,10,2022-02-15,19.1104,3.509,31.8078,35.3168,10.2051
KR_U106,Weekday,11,2022-02-16,20.5667,10.2164,18.8363,29.0527,10.7831
KR_U106,Weekday,11,2022-02-17,20.0594,9.0778,18.2607,27.3385,10.1951
KR_U106,Weekday,9,2022-02-18,16.9496,3.499,21.1466,24.6456,10.8712
KR_U106,Weekday,10,2022-02-21,18.2374,3.6054,8.2079,11.8132,32.8067
KR_U106,Weekday,11,2022-02-23,20.869,3.4468,52.0166,55.4634,10.1182
KR_U106,Weekday,10,2022-02-24,18.9301,8.3634,12.6942,21.0576,10.351
KR_U106,Weekday,11,2022-02-25,20.4734,3.4558,22.8744,26.3302,10.1813
KR_U106,Weekday,11,2022-02-28,20.6319,9.3858,19.2361,28.622,10.288
KR_U106,Weekday,10,2022-03-07,19.4088,3.5827,105.5021,109.0849,11.0075
KR_U106,Weekday,11,2022-03-08,20.5533,3.6325,18.9127,22.5451,10.3765
KR_U106,Weekday,10,2022-03-09,18.506,3.4276,22.0614,25.489,10.3863
KR_U106,Weekday,10,2022-03-16,19.2675,7.3182,126.2807,133.5989,10.5379
KR_U106,Weekday,11,2022-03-17,20.6243,10.0633,16.9081,26.9714,10.3992
KR_U106,Weekday,11,2022-03-24,20.5101,3.5443,104.911,108.4554,10.1908
KR_U106,Weekday,10,2022-03-31,19.0767,5.8731,116.483,122.3561,60.7931
KR_U106,Weekday,12,2022-04-01,19.4859,3.5133,22.1947,25.708,21.4271
KR_U106,Weekday,10,2022-04-04,17.9518,1.6754,22.0156,23.691,10.5502
KR_U106,Weekday,11,2022-04-05,20.0842,2.1157,17.6853,19.8011,10.4129
KR_U106,Weekday,10,2022-04-12,19.1401,3.46,116.817,120.277,10.3137
KR_U106,Weekday,10,2022-04-13,18.8322,3.5345,19.5457,23.0802,10.6499
KR_U106,Weekday,11,2022-04-15,20.5536,3.4641,49.6149,53.079,40.1458
KR_U106,Weekday,10,2022-04-18,18.2356,3.5649,20.284,23.8488,28.0604
KR_U106,Weekday,10,2022-04-19,19.0718,7.1557,20.7524,27.9082,10.5534
KR_U106,Weekday,10,2022-04-21,19.5728,3.4134,30.6144,34.0278,61.4067
KR_U106,Weekday,10,2022-04-22,18.1934,9.8601,21.9323,31.7924,10.4801
KR_U106,Weekday,11,2022-04-25,20.4645,9.7656,19.2954,29.0611,9.8744
KR_U106,Weekday,11,2022-04-26,21.6147,3.496,17.0135,20.5095,47.9199
KR_U106,Weekday,11,2022-04-29,20.8056,9.9,58.5028,68.4028,10.4179
KR_U106,Weekday,10,2022-05-05,19.0643,3.7623,88.2926,92.0549,10.0811
KR_U106,Weekday,1,2022-05-09,19.9782,3.5078,41.6217,45.1295,41.571
KR_U106,Weekday,11,2022-05-11,21.5157,3.5373,50.8018,54.3391,65.1118
KR_U106,Weekday,10,2022-05-12,18.2584,5.9675,21.5341,27.5016,56.2397
KR_U106,Weekday,10,2022-05-13,18.6805,3.6933,21.4827,25.176,10.7732
KR_U106,Weekday,11,2022-05-17,20.4579,3.482,38.9083,42.3903,10.4892
KR_U106,Weekday,11,2022-05-23,20.1084,3.5126,94.0376,97.5502,10.3608
KR_U106,Weekday,11,2022-05-24,20.3969,3.363,18.7183,22.0813,10.4439
KR_U106,Weekday,10,2022-05-25,18.7967,6.0951,19.2098,25.3049,10.4186
KR_U106,Weekday,10,2022-05-26,19.1699,3.7985,18.568,22.3664,10.5411
KR_U106,Weekday,1,2022-05-27,20.1735,3.4992,20.0453,23.5445,43.5612
KR_U106,Weekday,11,2022-05-31,20.9052,3.4698,40.6449,44.1148,10.9509
KR_U106,Weekday,10,2022-06-07,19.1818,3.624,127.89,131.514,11.1568
KR_U106,Weekday,11,2022-06-08,20.6162,3.5194,18.7856,22.3049,10.5659
KR_U106,Weekday,10,2022-06-09,18.6577,3.4989,19.8615,23.3604,55.4539
KR_U106,Weekday,10,2022-06-10,18.2744,6.3039,19.7604,26.0643,35.5561
KR_U106,Weekday,10,2022-06-14,18.8024,5.3935,45.5455,50.939,10.3636
KR_U106,Weekday,11,2022-06-16,20.1508,10.8766,19.0764,29.9529,10.7802
KR_U106,Weekday,10,2022-06-16,18.969,3.6132,2.5464,6.1596,30.1793
KR_U106,Weekday,11,2022-06-17,20.6642,3.5186,23.5656,27.0842,10.1251
KR_U106,Weekday,11,2022-06-21,20.5222,4.2606,45.1201,49.3807,10.1789
KR_U106,Weekday,10,2022-06-22,18.2736,3.5695,29.3546,32.9241,10.0888
KR_U106,Weekday,10,2022-07-01,18.7264,3.5746,161.3062,164.8808,10.4189
KR_U106,Weekday,11,2022-07-04,20.6149,3.4094,19.2564,22.6658,10.3928
KR_U106,Weekday,10,2022-07-07,19.1757,5.4413,57.0842,62.5255,10.241
KR_U106,Weekday,10,2022-07-15,18.3627,10.2712,132.8165,143.0877,10.7196
KR_U106,Weekday,10,2022-07-22,18.3699,3.4472,134.3089,137.7561,10.6855
KR_U106,Weekday,11,2022-07-25,20.7797,3.5188,18.3867,21.9055,10.6513
KR_U106,Weekday,9,2022-07-29,20.9183,10.5783,68.7532,79.3314,10.5819
KR_U106,Weekday,7,2022-08-01,18.7822,3.5082,19.2498,22.758,47.6529
KR_U106,Weekday,11,2022-08-02,20.8222,3.5595,20.0567,23.6163,25.977
KR_U106,Weekday,10,2022-08-03,17.8933,6.7381,23.1965,29.9346,10.548
KR_U106,Weekday,11,2022-08-09,20.611,3.5256,92.0902,95.6158,10.4884
KR_U106,Weekday,10,2022-08-10,18.6068,3.3628,19.2598,22.6226,10.3149
KR_U106,Weekday,11,2022-08-12,20.8224,4.0532,52.5713,56.6245,10.4299
KR_U106,Weekday,10,2022-08-15,18.4419,10.2472,20.8272,31.0744,35.0157
KR_U106,Weekday,11,2022-08-16,20.2928,3.551,19.3279,22.8789,67.9428
KR_U106,Weekday,11,2022-08-17,21.2648,3.4869,19.9385,23.4255,10.3028
KR_U106,Weekday,10,2022-08-23,18.7897,3.4374,75.4034,78.8407,10.5652
KR_U106,Weekday,11,2022-08-24,20.6985,3.5182,19.0512,22.5693,10.3175
KR_U106,Weekday,10,2022-08-25,19.2926,3.4375,19.3067,22.7443,10.6628
KR_U106,Weekday,10,2022-09-08,18.9254,3.3931,247.0536,250.4467,10.7101
KR_U106,Weekday,11,2022-09-09,21.3012,3.4876,19.5403,23.028,9.9701
KR_U106,Weekday,10,2022-09-12,18.2866,3.6758,18.7412,22.4169,23.1765
KR_U106,Weekday,10,2022-09-13,19.1135,3.5721,19.8632,23.4353,10.4104
KR_U106,Weekday,11,2022-09-14,20.4353,3.3544,18.7241,22.0785,10.7646
KR_U106,Weekday,10,2022-09-15,18.3532,6.5735,20.634,27.2075,10.3447
KR_U106,Weekday,10,2022-09-16,19.5217,3.5004,20.4475,23.9479,10.3746
KR_U106,Weekday,11,2022-09-19,20.8643,3.4816,20.9907,24.4724,10.0331
KR_U106,Weekday,10,2022-09-20,18.5036,3.5247,22.0447,25.5694,10.3629
KR_U106,Weekend,10,2022-01-23,15.631,1.4307,87.004,88.4347,36.0262
KR_U106,Weekend,12,2022-01-29,14.7639,5.2691,19.0757,24.3448,50.5194
KR_U106,Weekend,8,2022-02-05,15.5923,5.7691,33.8401,39.6092,35.733
KR_U106,Weekend,9,2022-02-05,17.6838,6.0765,7.4694,13.5459,8.7168
KR_U106,Weekend,8,2022-02-13,15.1375,4.7518,64.2287,68.9805,43.9145
KR_U106,Weekend,8,2022-02-19,20.3222,4.4579,20.1136,24.5715,9.4392
KR_U106,Weekend,8,2022-02-20,16.4876,2.0626,6.4921,8.5547,9.2051
KR_U106,Weekend,10,2022-02-26,20.1317,8.6496,32.564,41.2136,6.8903
KR_U106,Weekend,12,2022-02-27,16.3415,3.4325,12.7528,16.1853,20.9232
KR_U106,Weekend,8,2022-03-05,19.1411,2.8326,20.7255,23.5581,12.7995
KR_U106,Weekend,10,2022-03-06,13.7034,4.4255,24.3433,28.7689,24.0241
KR_U106,Weekend,8,2022-03-13,11.0808,5.2878,29.0625,34.3503,12.2314
KR_U106,Weekend,9,2022-03-13,16.206,5.1011,5.8365,10.9377,55.5839
KR_U106,Weekend,10,2022-03-19,18.5314,6.699,10.5261,17.2251,34.0269
KR_U106,Weekend,9,2022-03-20,20.5736,6.0584,14.3641,20.4225,1.788
KR_U106,Weekend,7,2022-03-26,19.0496,4.6535,24.0856,28.7391,6.7822
KR_U106,Weekend,6,2022-04-02,19.7716,1.5195,44.2777,45.7972,22.1583
KR_U106,Weekend,10,2022-04-10,17.7754,10.6908,73.2659,83.9567,24.1811
KR_U106,Weekend,10,2022-04-16,20.7164,3.8193,11.7263,15.5455,33.0423
KR_U106,Weekend,8,2022-04-17,19.3823,4.7475,21.3613,26.1088,25.0244
KR_U106,Weekend,9,2022-04-30,12.343,6.2093,55.5889,61.7982,43.5331
KR_U106,Weekend,6,2022-05-08,12.1499,6.1051,86.7888,92.8939,19.9319
KR_U106,Weekend,8,2022-05-29,12.5688,9.3875,125.5625,134.9501,58.5805
KR_U106,Weekend,11,2022-05-29,20.4548,3.1545,5.7705,8.925,31.471
KR_U106,Weekend,7,2022-06-04,14.4604,9.6961,9.773,19.4691,30.8011
KR_U106,Weekend,10,2022-06-05,13.8052,1.9584,17.8241,19.7825,7.5839
KR_U106,Weekend,12,2022-06-11,18.2269,6.5595,19.5771,26.1366,12.7615
KR_U106,Weekend,9,2022-06-12,14.3925,2.9035,10.2607,13.1642,84.4072
KR_U106,Weekend,9,2022-06-12,13.277,0.7168,0.8327,1.5495,16.447
KR_U106,Weekend,8,2022-06-25,17.0555,6.0615,58.5868,64.6482,27.6393
KR_U106,Weekend,12,2022-07-02,20.8593,4.8296,54.6049,59.4345,23.1056
KR_U106,Weekend,8,2022-07-02,19.2688,1.5802,8.8447,10.4249,16.2026
KR_U106,Weekend,9,2022-07-24,12.7328,6.7783,141.5612,148.3394,32.5862
KR_U106,Weekend,9,2022-07-30,16.206,5.8635,16.9464,22.8099,31.029
KR_U106,Weekend,10,2022-08-06,14.9064,10.8315,51.7574,62.5888,33.2792
KR_U106,Weekend,8,2022-08-13,18.5767,2.2889,40.196,42.4849,29.8628
KR_U106,Weekend,7,2022-08-28,18.4252,2.0581,112.8406,114.8987,62.157
KR_U106,Weekend,8,2022-08-28,10.3924,8.8523,0.4099,9.2622,29.496
KR_U106,Weekend,8,2022-09-03,18.3308,8.3208,3.8571,12.1778,32.9843
KR_U106,Weekend,9,2022-09-04,18.7942,6.5011,33.1148,39.616,39.1439
KR_U106,Weekend,4,2022-09-17,20.193,4.3601,60.0981,64.4582,8.068
KR_U73,Weekday,7,2022-01-06,13.8893,3.4365,78.4096,81.8462,22.7683
KR_U73,Weekday,6,2022-01-06,10.6597,4.7903,4.8446,9.6349,4.7921
KR_U73,Weekday,7,2022-01-11,13.7234,1.6758,74.5277,76.2035,30.9413
KR_U73,Weekday,6,2022-01-12,11.102,1.8468,1.5972,3.444,7.5788
KR_U73,Weekday,7,2022-01-17,13.0775,3.5334,78.19,81.7234,11.7922
KR_U73,Weekday,4,2022-01-18,11.0769,3.5622,21.2955,24.8577,25.6262
KR_U73,Weekday,6,2022-01-18,10.3806,2.0539,6.3024,8.3564,10.8493
KR_U73,Weekday,8,2022-01-24,15.2222,0.7354,91.8754,92.6107,9.3958
KR_U73,Weekday,8,2022-01-26,14.8443,1.819,39.4597,41.2788,22.3691
KR_U73,Weekday,9,2022-01-26,10.9064,2.0557,3.3167,5.3724,18.8809
KR_U73,Weekday,12,2022-01-26,14.3659,1.9533,2.4896,4.4429,3.7269
KR_U73,Weekday,6,2022-02-01,11.0204,0.3846,84.1371,84.5217,9.0957
KR_U73,Weekday,8,2022-02-04,15.0335,1.0109,66.9226,67.9334,10.2371
KR_U73,Weekday,9,2022-02-08,14.8336,4.6793,42.9629,47.6423,17.9403
KR_U73,Weekday,7,2022-02-09,13.7037,2.8079,34.3707,37.1785,20.0685
KR_U73,Weekday,9,2022-02-15,17.9892,2.5162,80.0783,82.5945,19.3561
KR_U73,Weekday,6,2022-02-15,11.4122,1.63,9.9233,11.5533,5.5132
KR_U73,Weekday,8,2022-02-17,15.5246,1.3872,45.1652,46.5523,11.2672
KR_U73,Weekday,9,2022-02-22,13.7902,2.4358,69.789,72.2248,12.3243
KR_U73,Weekday,7,2022-02-23,12.879,3.07,22.4413,25.5114,21.9494
KR_U73,Weekday,8,2022-02-28,14.1931,2.4892,63.3548,65.844,13.0878
KR_U73,Weekday,7,2022-03-01,14.2316,3.1076,19.2976,22.4052,20.6704
KR_U73,Weekday,9,2022-03-04,20.1939,1.553,74.7408,76.2938,8.1943
KR_U73,Weekday,5,2022-03-10,9.7419,2.1985,90.7494,92.9479,15.8163
KR_U73,Weekday,5,2022-03-11,13.3428,3.7021,17.0556,20.7577,21.1982
KR_U73,Weekday,5,2022-03-15,13.7172,2.4563,49.882,52.3383,7.7732
KR_U73,Weekday,8,2022-03-16,14.7725,2.5568,25.6449,28.2017,11.1611
KR_U73,Weekday,8,2022-03-23,14.7076,3.3962,112.3281,115.7242,11.5001
KR_U73,Weekday,7,2022-03-28,13.3345,3.2104,77.298,80.5083,7.2912
KR_U73,Weekday,8,2022-03-29,15.0697,1.3751,19.837,21.2121,17.291
KR_U73,Weekday,8,2022-03-31,14.5742,2.9296,41.7153,44.6449,1.2461
KR_U73,Weekday,8,2022-04-04,15.4746,3.1869,40.4844,43.6713,13.9846
KR_U73,Weekday,8,2022-04-08,14.7506,2.1341,92.2123,94.3464,12.5559
KR_U73,Weekday,7,2022-04-12,14.0924,4.1575,59.3956,63.5532,5.2849
KR_U73,Weekday,9,2022-04-13,18.7095,1.9226,5.2254,7.148,6.9418
KR_U73,Weekday,12,2022-04-14,12.5416,1.9478,20.0599,22.0078,5.0082
KR_U73,Weekday,6,2022-04-14,10.2402,4.2114,0.8782,5.0896,4.2475
KR_U73,Weekday,8,2022-04-15,14.2713,1.7472,24.1902,25.9374,13.4717
KR_U73,Weekday,8,2022-04-21,14.4511,3.2261,96.6054,99.8314,7.6972
KR_U73,Weekday,5,2022-04-25,10.468,2.9929,47.3992,50.3921,14.3774
KR_U73,Weekday,6,2022-04-25,10.5406,0.8825,1.431,2.3135,25.3504
KR_U73,Weekday,8,2022-04-28,14.6913,2.0429,71.1716,73.2145,17.8017
KR_U73,Weekday,8,2022-05-02,14.8966,3.2239,26.324,29.5479,16.4621
KR_U73,Weekday,6,2022-05-03,10.1246,0.8351,40.1026,40.9377,10.6311
KR_U73,Weekday,7,2022-05-06,14.0289,4.2016,62.6613,66.8629,11.3588
KR_U73,Weekday,8,2022-05-09,14.4836,1.6501,26.3463,27.9965,14.7068
KR_U73,Weekday,6,2022-05-12,10.3479,1.3709,64.4066,65.7775,5.8208
KR_U73,Weekday,9,2022-05-13,9.8475,2.1798,23.9512,26.131,15.4784
KR_U73,Weekday,6,2022-05-13,11.0474,1.1492,0.8524,2.0015,28.1455
KR_U73,Weekday,6,2022-05-13,10.6486,1.0136,2.5009,3.5146,26.6843
KR_U73,Weekday,8,2022-05-16,14.6887,3.5281,21.4047,24.9328,6.021
KR_U73,Weekday,8,2022-05-17,15.8692,2.497,12.951,15.448,4.3009
KR_U73,Weekday,8,2022-05-18,14.2077,0.7659,22.1287,22.8945,19.997
KR_U73,Weekday,8,2022-05-18,14.6736,2.7182,0.1156,2.8338,18.839
KR_U73,Weekday,8,2022-05-20,14.2855,1.7622,50.5155,52.2777,19.0657
KR_U73,Weekday,6,2022-05-20,10.8607,1.3193,1.2245,2.5438,9.4817
KR_U73,Weekday,8,2022-05-24,14.3901,3.6334,38.6661,42.2996,12.2523
KR_U73,Weekday,6,2022-05-24,10.914,0.7635,1.1059,1.8694,6.7459
KR_U73,Weekday,8,2022-05-26,14.3859,1.9773,30.2786,32.2559,12.6565
KR_U73,Weekday,6,2022-05-26,10.4163,1.5085,0.631,2.1395,11.0117
KR_U73,Weekday,8,2022-05-30,13.8312,1.0006,48.9949,49.9955,10.8792
KR_U73,Weekday,8,2022-06-02,15.2775,2.4885,84.6438,87.1324,9.6025
KR_U73,Weekday,7,2022-06-08,13.3805,2.0175,79.5899,81.6073,15.6539
KR_U73,Weekday,11,2022-06-09,12.6543,4.8094,17.5853,22.3948,15.6552
KR_U73,Weekday,6,2022-06-09,10.4777,1.4777,11.6882,13.166,8.9692
KR_U73,Weekday,7,2022-06-14,13.3757,4.1472,71.0416,75.1888,11.7429
KR_U73,Weekday,8,2022-06-15,14.8962,3.6115,14.3226,17.9341,17.9854
KR_U73,Weekday,6,2022-06-15,10.8094,0.8595,0.6882,1.5476,6.2863
KR_U73,Weekday,6,2022-06-16,11.1779,1.9554,8.7944,10.7499,6.3003
KR_U73,Weekday,6,2022-06-17,11.4024,1.6141,19.3664,20.9806,6.4914
KR_U73,Weekday,6,2022-06-17,10.4539,1.7727,17.7095,19.4822,8.9544
KR_U73,Weekday,6,2022-06-20,11.2604,1.5905,15.068,16.6585,10.5119
KR_U73,Weekday,8,2022-06-23,15.1393,1.2638,76.2467,77.5105,20.6378
KR_U73,Weekday,8,2022-06-28,14.2451,2.2643,72.2637,74.528,12.2024
KR_U73,Weekday,8,2022-06-30,14.304,2.761,45.6122,48.3732,14.3046
KR_U73,Weekday,6,2022-06-30,10.7178,0.9922,0.9897,1.9819,6.1542
KR_U73,Weekday,8,2022-07-05,14.2197,2.5398,66.2289,68.7687,18.2511
KR_U73,Weekday,9,2022-07-13,10.3017,1.0947,143.8322,144.9268,8.6828
KR_U73,Weekday,6,2022-07-14,9.9216,1.5697,19.7419,21.3116,13.1597
KR_U73,Weekday,9,2022-07-14,13.0139,2.3784,1.4748,3.8532,6.8206
KR_U73,Weekday,6,2022-07-18,11.0624,1.677,26.8341,28.5111,9.668
KR_U73,Weekday,6,2022-07-18,10.8523,1.228,8.4531,9.6811,10.3042
KR_U73,Weekday,6,2022-07-18,10.2495,1.9906,5.0229,7.0135,7.878
KR_U73,Weekday,8,2022-07-21,15.4266,2.2741,65.5982,67.8722,22.8109
KR_U73,Weekday,7,2022-07-27,13.3455,4.294,96.6634,100.9574,8.5841
KR_U73,Weekday,6,2022-07-28,11.6738,0.9075,17.9458,18.8533,2.5875
KR_U73,Weekday,6,2022-07-28,10.5411,1.5338,5.2014,6.7352,10.6975
KR_U73,Weekday,8,2022-08-01,14.4813,0.8886,28.2409,29.1295,21.9705
KR_U73,Weekday,8,2022-08-05,14.7954,1.9507,107.166,109.1167,17.6722
KR_U73,Weekday,8,2022-08-11,13.9346,0.7163,102.2366,102.9528,13.5934
KR_U73,Weekday,6,2022-08-12,10.7291,1.0917,4.16,5.2517,13.008
KR_U73,Weekday,7,2022-08-16,13.1826,2.2802,48.5691,50.8493,16.607
KR_U73,Weekday,6,2022-08-16,11.0717,0.9308,1.2533,2.184,9.0264
KR_U73,Weekday,6,2022-08-17,11.9733,1.4313,24.9943,26.4256,7.9822
KR_U73,Weekday,8,2022-08-19,14.6711,0.3061,44.9373,45.2435,8.3953
KR_U73,Weekday,6,2022-08-19,11.9541,1.2906,9.3904,10.681,4.7366
KR_U73,Weekday,6,2022-08-22,10.0131,2.3314,18.7933,21.1247,10.137
KR_U73,Weekday,7,2022-08-25,13.6306,2.3101,64.856,67.1661,26.6665
KR_U73,Weekday,4,2022-08-26,9.247,4.3735,22.0628,26.4363,17.9913
KR_U73,Weekday,6,2022-08-26,11.3116,1.1649,2.0305,3.1954,30.3005
KR_U73,Weekday,7,2022-09-02,13.2656,2.4815,107.7832,110.2647,8.3486
KR_U73,Weekday,4,2022-09-07,14.9964,1.3794,65.9198,67.2992,21.5093
KR_U73,Weekday,6,2022-09-07,10.3182,2.0469,4.3597,6.4065,9.5559
KR_U73,Weekday,6,2022-09-08,10.6495,1.4387,16.6327,18.0714,8.9367
KR_U73,Weekday,8,2022-09-12,15.0976,1.768,50.7461,52.5141,5.6021
KR_U73,Weekday,8,2022-09-13,14.4049,1.5943,36.8561,38.4504,16.8077
KR_U73,Weekday,6,2022-09-16,10.9302,0.5539,54.8591,55.4129,7.9252
KR_U73,Weekday,6,2022-09-16,10.6505,1.5065,0.679,2.1855,29.7296
KR_U73,Weekday,8,2022-09-19,14.6688,1.5338,29.5965,31.1303,20.941
KR_U73,Weekday,6,2022-09-20,11.2132,1.8229,7.7896,9.6125,7.0142
KR_U73,Weekday,8,2022-09-21,14.8678,1.1466,23.9144,25.0609,12.5742
KR_U73,Weekday,6,2022-09-21,10.8682,1.044,11.381,12.4251,5.2804
KR_U73,Weekday,7,2022-09-28,13.4093,1.982,117.9865,119.9685,16.8852
KR_U73,Weekday,6,2022-09-28,11.3143,1.4142,2.9252,4.3393,24.9501
KR_U73,Weekday,7,2022-09-29,13.3841,3.3084,20.4915,23.7999,19.9986
KR_U73,Weekend,9,2022-01-09,14.1546,2.8624,36.6475,39.5099,1.7137
KR_U73,Weekend,10,2022-01-15,16.8988,6.7927,18.7301,25.5229,15.0578
KR_U73,Weekend,1,2022-01-16,17.1512,3.3399,6.1557,9.4956,14.1687
KR_U73,Weekend,9,2022-01-16,14.9937,3.8786,16.2565,20.1351,53.4577
KR_U73,Weekend,10,2022-01-29,7.5676,2.7343,47.2119,49.9462,6.9314
KR_U73,Weekend,9,2022-02-27,19.6099,0.8399,237.6122,238.4521,42.7455
KR_U73,Weekend,10,2022-03-06,21.2821,2.5914,29.053,31.6445,14.0117
KR_U73,Weekend,4,2022-03-19,12.4961,6.0026,74.87,80.8726,9.07
KR_U73,Weekend,7,2022-03-20,17.3861,0.6754,8.3916,9.067,40.0034
KR_U73,Weekend,4,2022-04-02,20.2793,1.2943,93.3445,94.6387,10.7443
KR_U73,Weekend,10,2022-04-09,13.1252,0.8347,29.3935,30.2282,9.6442
KR_U73,Weekend,5,2022-04-16,19.8773,2.3545,42.9038,45.2583,12.7777
KR_U73,Weekend,9,2022-04-23,12.515,4.9584,47.5663,52.5248,6.5284
KR_U73,Weekend,10,2022-04-30,9.2863,3.1832,41.8317,45.0149,17.6455
KR_U73,Weekend,9,2022-04-30,11.0873,5.219,3.0372,8.2561,11.4185
KR_U73,Weekend,10,2022-05-15,2.3409,0.8264,115.0968,115.9232,4.013
KR_U73,Weekend,12,2022-06-05,14.0775,5.5977,144.272,149.8697,8.285
KR_U73,Weekend,5,2022-06-12,19.2014,4.6513,36.3674,41.0186,9.4358
KR_U73,Weekend,9,2022-06-12,17.9131,3.7958,9.2894,13.0851,21.1732
KR_U73,Weekend,10,2022-06-19,19.7988,4.0469,26.2781,30.3251,12.0095
KR_U73,Weekend,6,2022-06-26,17.9011,2.4153,66.2925,68.7078,58.9783
KR_U73,Weekend,8,2022-07-03,4.3544,0.419,32.1624,32.5813,25.8184
KR_U73,Weekend,6,2022-07-16,22.1829,1.8324,65.6284,67.4608,6.1146
KR_U73,Weekend,8,2022-07-30,10.9926,5.1722,102.2474,107.4196,21.1077
KR_U73,Weekend,6,2022-07-31,9.6514,1.5083,8.0613,9.5696,19.8255
KR_U73,Weekend,8,2022-08-27,9.4783,2.6301,175.3417,177.9718,33.5278
KR_U73,Weekend,5,2022-09-11,17.9689,1.9153,108.9751,110.8905,24.2782
KR_U73,Weekend,9,2022-09-11,15.1425,0.0413,1.0893,1.1306,6.4077
KR_U73,Weekend,10,2022-09-24,17.0172,3.5376,71.2523,74.7898,1.4965
KR_U89,Weekday,10,2022-05-24,6.742,1.9747,17.0606,19.0353,11.0329
KR_U89,Weekday,4,2022-05-25,6.4979,1.5741,15.6665,17.2407,10.0318
KR_U89,Weekday,4,2022-05-26,6.0127,1.6867,28.6517,30.3384,10.4104
KR_U89,Weekday,9,2022-05-27,6.5851,1.6699,23.125,24.795,10.552
KR_U89,Weekday,4,2022-05-30,6.1112,1.8373,19.7304,21.5677,11.4369
KR_U89,Weekday,3,2022-05-31,5.2757,1.641,22.083,23.724,11.304
KR_U89,Weekday,3,2022-06-01,5.5043,1.7165,22.5955,24.3119,10.7587
KR_U89,Weekday,3,2022-06-02,5.2865,1.4477,22.2561,23.7038,11.2635
KR_U89,Weekday,3,2022-06-03,5.6628,1.6397,28.9315,30.5712,11.1902
KR_U89,Weekday,3,2022-06-06,5.4345,1.7927,22.2489,24.0415,10.9494
KR_U89,Weekday,4,2022-06-08,6.2936,1.8365,24.6783,26.5148,10.7453
KR_U89,Weekday,4,2022-06-09,6.1129,1.4921,22.9,24.3921,10.8787
KR_U89,Weekday,7,2022-06-09,5.192,1.6789,11.7046,13.3835,10.8293
KR_U89,Weekday,4,2022-06-10,6.2307,1.5982,29.1553,30.7534,10.6955
KR_U89,Weekday,4,2022-06-13,6.1966,1.7303,15.8343,17.5646,10.5331
KR_U89,Weekday,4,2022-06-14,6.6034,1.8287,20.8952,22.724,10.446
KR_U89,Weekday,4,2022-06-15,6.4593,1.8202,13.426,15.2462,10.5073
KR_U89,Weekday,4,2022-06-16,6.2487,1.8263,38.3258,40.1521,11.3984
KR_U89,Weekday,3,2022-06-17,5.4667,1.8611,22.2725,24.1336,10.8336
KR_U89,Weekday,3,2022-06-20,5.3373,1.7672,22.3831,24.1504,11.0712
KR_U89,Weekday,3,2022-06-22,5.256,1.8537,44.6747,46.5283,11.4707
KR_U89,Weekday,3,2022-06-23,5.5139,1.7116,22.348,24.0596,10.7811
KR_U89,Weekday,3,2022-06-24,5.4916,2.1177,21.9408,24.0585,10.9166
KR_U89,Weekday,3,2022-06-27,5.3436,1.6749,21.8664,23.5413,10.9798
KR_U89,Weekday,4,2022-06-28,6.6302,1.6971,25.5099,27.207,10.7564
KR_U89,Weekday,4,2022-06-30,6.4087,2.0244,23.3874,25.4118,11.0172
KR_U89,Weekday,3,2022-07-01,5.7621,1.7271,22.2383,23.9654,11.0897
KR_U89,Weekday,3,2022-07-04,5.4231,1.6328,22.5996,24.2324,10.8303
KR_U89,Weekday,3,2022-07-05,5.3776,1.9735,36.666,38.6395,10.3148
KR_U89,Weekday,3,2022-07-06,5.4125,1.6999,22.6557,24.3556,11.1963
KR_U89,Weekday,6,2022-07-07,5.7757,1.5471,28.3328,29.88,10.988
KR_U89,Weekday,10,2022-07-08,17.3215,1.7191,23.558,25.2771,11.3945
KR_U89,Weekday,4,2022-07-11,6.1748,1.8533,21.2445,23.0978,10.069
KR_U89,Weekday,4,2022-07-12,6.1641,1.7165,19.9837,21.7002,11.7948
KR_U89,Weekday,4,2022-07-13,6.1105,1.6988,25.1506,26.8494,10.9209
KR_U89,Weekday,4,2022-07-15,6.2744,1.8064,36.3783,38.1848,10.4623
KR_U89,Weekday,4,2022-07-18,6.1027,1.4917,20.0267,21.5184,3.8955
KR_U89,Weekday,4,2022-07-19,6.338,0.6085,14.4059,15.0144,10.7517
KR_U89,Weekday,4,2022-07-20,6.279,1.6986,23.2394,24.938,10.8545
KR_U89,Weekday,4,2022-07-20,6.3778,1.9343,18.9489,20.8832,11.4275
KR_U89,Weekday,4,2022-07-22,6.4885,0.6176,24.3419,24.9594,11.4693
KR_U89,Weekday,3,2022-07-25,5.3768,1.6711,22.0459,23.717,10.6757
KR_U89,Weekday,3,2022-07-25,5.5545,1.8376,11.1323,12.9699,10.3467
KR_U89,Weekday,3,2022-07-26,5.4468,1.4249,22.2897,23.7145,11.3263
KR_U89,Weekday,3,2022-07-27,5.8333,1.9187,22.4988,24.4175,10.6694
KR_U89,Weekday,4,2022-07-28,6.1356,0.7415,13.9903,14.7318,10.0794
KR_U89,Weekday,3,2022-08-04,5.4773,1.7663,134.197,135.9633,10.9306
KR_U89,Weekday,3,2022-08-08,5.8738,1.6677,41.6308,43.2986,9.9243
KR_U89,Weekday,3,2022-08-09,5.329,1.7692,22.5075,24.2767,10.7334
KR_U89,Weekday,3,2022-08-10,5.3337,1.6358,22.1008,23.7366,11.2304
KR_U89,Weekday,3,2022-08-11,5.2617,1.6897,26.2935,27.9832,10.7846
KR_U89,Weekday,3,2022-08-12,5.4461,1.8502,22.3713,24.2215,8.6773
KR_U89,Weekday,3,2022-08-17,5.5438,1.7486,52.9198,54.6684,10.7574
KR_U89,Weekday,4,2022-08-18,6.0683,1.9218,23.2924,25.2142,4.2456
KR_U89,Weekday,3,2022-08-19,6.1736,1.6705,22.0307,23.7013,10.2703
KR_U89,Weekday,3,2022-08-22,5.4467,1.6562,22.2615,23.9177,9.7747
KR_U89,Weekday,3,2022-08-23,5.7588,1.4476,22.2619,23.7095,10.8573
KR_U89,Weekday,3,2022-08-24,5.4511,1.7079,22.6427,24.3506,10.8935
KR_U89,Weekday,3,2022-08-25,5.4855,1.6297,22.0923,23.722,11.5027
KR_U89,Weekday,6,2022-08-25,5.8121,1.6363,14.7372,16.3735,10.8177
KR_U89,Weekday,10,2022-08-26,5.431,1.7468,25.0445,26.7913,10.7898
KR_U89,Weekday,4,2022-08-29,6.4066,1.6953,19.6105,21.3058,10.7903
KR_U89,Weekday,3,2022-08-30,5.6682,1.6757,23.2624,24.938,10.9676
KR_U89,Weekday,3,2022-08-31,5.3816,1.5783,22.1319,23.7102,11.5062
KR_U89,Weekday,3,2022-09-05,5.309,1.7584,57.4684,59.2268,10.7236
KR_U89,Weekday,4,2022-09-05,6.3297,1.4671,12.3347,13.8018,10.1909
KR_U89,Weekday,4,2022-09-07,6.4352,1.75,36.0575,37.8075,11.9587
KR_U89,Weekday,3,2022-09-08,5.5385,1.7328,19.1497,20.8825,11.0284
KR_U89,Weekday,6,2022-09-09,5.8543,0.7521,20.2903,21.0424,11.6343
KR_U89,Weekday,10,2022-09-09,6.1461,1.833,10.2528,12.0858,10.7719
KR_U89,Weekday,4,2022-09-12,6.5131,1.5242,19.77,21.2942,10.4451
KR_U89,Weekday,4,2022-09-14,6.701,1.7584,50.8818,52.6403,10.67
KR_U89,Weekday,4,2022-09-15,6.1618,1.7502,14.2409,15.9911,11.3084
KR_U89,Weekday,4,2022-09-16,6.5186,1.8883,22.4882,24.3765,11.1148
KR_U89,Weekday,4,2022-09-19,6.1879,1.6346,33.7324,35.367,10.4217
KR_U89,Weekend,3,2022-05-28,5.3603,1.7692,14.8676,16.6368,10.9456
KR_U89,Weekend,3,2022-06-04,5.9786,1.8812,40.6368,42.518,10.7026
KR_U89,Weekend,3,2022-06-05,6.4486,1.6396,18.1206,19.7602,10.5513
KR_U89,Weekend,3,2022-06-12,5.3566,1.6877,43.1075,44.7952,10.4009
KR_U89,Weekend,3,2022-06-19,5.3983,1.8735,51.3175,53.191,10.1371
KR_U89,Weekend,3,2022-07-02,6.5524,1.4216,65.7049,67.1265,10.8982
KR_U89,Weekend,3,2022-07-03,6.0795,1.6592,19.3269,20.9862,11.3497
KR_U89,Weekend,3,2022-07-09,6.5839,1.3306,32.3109,33.6415,9.566
KR_U89,Weekend,3,2022-07-10,6.3292,1.7621,25.1171,26.8793,10.0252
KR_U89,Weekend,3,2022-07-17,5.4251,1.6612,43.1213,44.7825,10.3301
KR_U89,Weekend,4,2022-07-23,6.2906,1.7597,31.185,32.9446,10.8143
KR_U89,Weekend,4,2022-07-30,5.4964,1.641,29.4339,31.075,11.1613
KR_U89,Weekend,4,2022-07-31,6.5734,1.5616,27.9623,29.5238,11.173
KR_U89,Weekend,4,2022-08-07,6.35,1.7823,51.0874,52.8697,10.0706
KR_U89,Weekend,4,2022-08-13,5.4061,1.6988,10.6258,12.3246,9.9966
KR_U89,Weekend,4,2022-08-20,6.0518,1.5388,49.6688,51.2076,11.2072
KR_U89,Weekend,4,2022-08-27,5.6037,1.6899,45.1799,46.8698,11.1664
KR_U89,Weekend,4,2022-08-28,5.5004,1.6957,33.8394,35.5351,10.6571
KR_U89,Weekend,4,2022-09-04,6.1969,1.79,46.3258,48.1159,11.1787
KR_U89,Weekend,4,2022-09-10,6.4102,1.7681,12.6301,14.3982,10.4553
KR_U89,Weekend,4,2022-09-11,5.3308,1.8354,19.9297,21.7651,10.9191
KR_U89,Weekend,4,2022-09-17,5.3335,1.4297,42.673,44.1027,9.5345
KR_U107,Weekday,12,2022-03-28,18.0509,12.3849,7.2988,19.6837,11.9985
KR_U107,Weekday,11,2022-03-29,21.4345,9.3107,18.5455,27.8562,12.4337
KR_U107,Weekday,10,2022-03-30,19.5365,3.3799,16.8713,20.2511,12.4193
KR_U107,Weekday,3,2022-04-01,20.1609,10.9519,22.3567,33.3086,10.4577
KR_U107,Weekday,9,2022-04-12,7.5806,10.5224,172.2005,182.7229,10.7509
KR_U107,Weekday,9,2022-04-14,21.8629,9.1428,38.4199,47.5628,10.6358
KR_U107,Weekday,11,2022-04-19,20.2077,12.2687,62.3077,74.5764,12.3165
KR_U107,Weekday,10,2022-04-21,19.5972,1.7351,44.7938,46.5289,5.2097
KR_U107,Weekday,12,2022-04-25,18.7711,16.3719,12.8665,29.2384,12.4051
KR_U107,Weekday,10,2022-04-26,19.1383,3.6127,20.3594,23.9721,8.2781
KR_U107,Weekday,12,2022-04-28,21.9693,2.6994,64.6473,67.3467,8.3597
KR_U107,Weekday,6,2022-05-04,21.6072,12.1862,65.5359,77.7221,9.0174
KR_U107,Weekday,10,2022-05-04,19.8231,3.4633,17.6151,21.0785,10.5875
KR_U107,Weekday,11,2022-05-06,20.6664,9.9829,16.1195,26.1024,12.4177
KR_U107,Weekday,11,2022-05-09,20.9737,10.951,27.9739,38.9249,9.5327
KR_U107,Weekday,10,2022-05-10,19.3809,3.47,21.588,25.0579,12.3746
KR_U107,Weekday,5,2022-05-11,9.2192,11.3136,5.1148,16.4284,8.1674
KR_U107,Weekday,10,2022-05-13,19.3352,3.9996,38.7488,42.7484,12.451
KR_U107,Weekday,12,2022-05-18,18.8858,3.7934,64.8722,68.6656,9.8121
KR_U107,Weekday,12,2022-05-18,21.2048,10.6643,9.3201,19.9844,8.6001
KR_U107,Weekday,9,2022-05-23,16.7164,11.3546,48.1962,59.5508,12.5936
KR_U107,Weekday,12,2022-05-25,21.8897,7.0669,33.3514,40.4183,11.997
KR_U107,Weekday,9,2022-05-26,22.2718,10.086,27.4448,37.5308,7.0025
KR_U107,Weekday,11,2022-05-27,20.1685,10.1958,22.2111,32.4069,12.7686
KR_U107,Weekday,10,2022-05-31,18.9278,3.4315,23.9549,27.3863,12.7958
KR_U107,Weekday,11,2022-06-02,21.3463,12.9831,40.721,53.7041,12.0773
KR_U107,Weekday,10,2022-06-02,18.3501,1.1038,0.2713,1.3751,7.1786
KR_U107,Weekday,10,2022-06-03,19.2258,10.2539,9.9401,20.194,12.4087
KR_U107,Weekday,9,2022-06-08,21.0707,11.0819,56.0139,67.0958,12.6834
KR_U107,Weekday,12,2022-06-13,22.4208,10.1378,65.7257,75.8635,10.056
KR_U107,Weekday,11,2022-06-14,20.7938,10.77,30.8587,41.6287,12.2444
KR_U107,Weekday,10,2022-06-16,19.417,8.8442,21.8459,30.6901,9.4207
KR_U107,Weekday,11,2022-06-20,21.8869,9.65,37.5125,47.1625,10.1218
KR_U107,Weekday,10,2022-06-21,19.5723,12.0429,7.2331,19.276,12.0435
KR_U107,Weekday,10,2022-06-22,19.6808,13.2662,33.7962,47.0625,11.3519
KR_U107,Weekday,10,2022-06-24,18.8551,10.7749,32.9311,43.706,10.7611
KR_U107,Weekday,11,2022-06-30,21.6235,12.9504,79.0653,92.0156,12.7666
KR_U107,Weekday,11,2022-07-01,20.8395,9.8096,21.2088,31.0184,9.6235
KR_U107,Weekday,10,2022-07-06,18.9688,10.5714,46.0946,56.666,12.5109
KR_U107,Weekday,10,2022-07-07,19.2184,3.5917,17.4696,21.0613,12.5752
KR_U107,Weekday,9,2022-07-07,19.7105,11.479,3.7028,15.1817,12.278
KR_U107,Weekday,12,2022-07-14,21.8495,9.4786,111.5138,120.9925,12.4947
KR_U107,Weekday,12,2022-07-15,19.309,8.9501,12.9127,21.8627,10.5839
KR_U107,Weekday,11,2022-07-18,22.0645,10.3344,3.6057,13.9401,7.812
KR_U107,Weekday,10,2022-07-21,18.6942,3.6228,66.3751,69.9979,8.9818
KR_U107,Weekday,10,2022-07-27,19.6801,0.6755,97.6204,98.2959,10.2239
KR_U107,Weekday,12,2022-08-08,21.094,12.7495,185.3867,198.1362,10.35
KR_U107,Weekday,10,2022-08-09,19.4013,9.5264,22.5106,32.037,12.5331
KR_U107,Weekday,4,2022-08-10,8.7091,1.558,2.2531,3.8111,10.3131
KR_U107,Weekday,10,2022-08-11,19.6593,14.4067,8.3542,22.761,12.7739
KR_U107,Weekday,11,2022-08-11,20.9529,8.1993,12.9406,21.1399,12.1671
KR_U107,Weekday,9,2022-08-17,21.2246,13.3953,76.3649,89.7602,11.508
KR_U107,Weekday,11,2022-08-22,21.4345,9.6892,52.6475,62.3367,10.7095
KR_U107,Weekday,10,2022-08-22,19.174,11.7049,1.9958,13.7007,12.6129
KR_U107,Weekday,9,2022-08-23,22.0091,8.3616,7.7157,16.0773,10.4924
KR_U107,Weekday,9,2022-08-25,22.7111,12.2458,34.9062,47.1521,12.3758
KR_U107,Weekday,12,2022-08-29,22.2888,1.7434,42.0776,43.821,8.2171
KR_U107,Weekday,12,2022-08-29,22.2111,2.5148,8.4628,10.9776,9.8379
KR_U107,Weekday,10,2022-09-01,19.4592,11.0757,50.8346,61.9103,12.5467
KR_U107,Weekday,11,2022-09-02,21.139,9.7838,7.7122,17.4961,10.3837
KR_U107,Weekday,9,2022-09-08,17.4666,7.7612,110.8401,118.6013,12.5763
KR_U107,Weekday,11,2022-09-09,21.1453,9.9055,13.4537,23.3592,10.0628
KR_U107,Weekday,9,2022-09-13,19.7142,12.2836,33.9808,46.2645,10.5009
KR_U107,Weekday,12,2022-09-16,19.397,10.9639,42.7755,53.7395,10.3012
KR_U107,Weekday,12,2022-09-16,19.1546,3.2407,5.4249,8.6656,12.1476
KR_U107,Weekday,10,2022-09-20,19.0061,11.5356,27.4025,38.9381,10.0027
KR_U107,Weekday,11,2022-09-23,21.2079,8.9719,72.765,81.7368,9.8528
KR_U107,Weekday,12,2022-09-27,17.8074,7.9323,41.4572,49.3895,10.2206
KR_U107,Weekend,11,2022-03-27,11.9973,10.6012,30.6673,41.2684,12.7483
KR_U107,Weekend,4,2022-04-02,16.9351,3.5851,15.2554,18.8405,3.944
KR_U107,Weekend,7,2022-04-03,10.4957,12.0465,7.2873,19.3338,3.9041
KR_U107,Weekend,8,2022-04-09,12.8712,1.4903,25.1272,26.6175,9.2122
KR_U107,Weekend,10,2022-04-10,14.4284,5.2187,24.43,29.6487,11.9402
KR_U107,Weekend,6,2022-04-16,4.347,5.9823,14.7529,20.7352,12.3182
KR_U107,Weekend,7,2022-04-24,16.9918,2.7577,73.9203,76.6779,11.7644
KR_U107,Weekend,10,2022-04-30,15.0278,2.956,21.3485,24.3045,3.9181
KR_U107,Weekend,6,2022-05-01,15.1159,2.3558,26.8202,29.176,6.9115
KR_U107,Weekend,7,2022-05-15,8.5923,16.6029,78.2828,94.8857,0.2785
KR_U107,Weekend,6,2022-06-05,15.1754,2.9003,138.8692,141.7695,5.6692
KR_U107,Weekend,4,2022-06-11,11.3887,2.2274,16.2523,18.4797,9.4059
KR_U107,Weekend,4,2022-07-02,11.9184,1.7992,139.0528,140.852,5.3488
KR_U107,Weekend,11,2022-07-02,19.4241,3.3011,7.1574,10.4585,7.4407
KR_U107,Weekend,4,2022-07-23,7.4891,2.2454,137.6927,139.938,11.5541
KR_U107,Weekend,7,2022-08-14,14.6894,21.8786,138.2018,160.0803,9.734
KR_U107,Weekend,8,2022-08-27,14.0877,2.5952,66.0755,68.6708,11.8421
KR_U107,Weekend,10,2022-09-17,19.6908,4.885,137.3543,142.2393,4.186
KR_U107,Weekend,12,2022-09-17,19.0157,7.0083,2.4906,9.4989,2.2039
KR_U1764,Weekday,10,2022-01-04,18.3355,2.8076,21.6712,24.4788,4.8268
KR_U1764,Weekday,10,2022-01-04,18.3576,3.3804,15.9573,19.3378,12.1609
KR_U1764,Weekday,10,2022-01-05,18.2281,2.3698,21.5792,23.949,13.0391
KR_U1764,Weekday,11,2022-01-06,19.0344,1.2674,10.2612,11.5286,5.5688
KR_U1764,Weekday,11,2022-01-07,17.4175,1.273,19.8305,21.1035,8.0647
KR_U1764,Weekday,9,2022-01-12,18.7871,1.5305,89.2249,90.7554,5.672
KR_U1764,Weekday,9,2022-01-13,2.7698,3.0039,17.5308,20.5347,4.0292
KR_U1764,Weekday,8,2022-01-14,17.9222,3.1672,18.3929,21.5601,10.2793
KR_U1764,Weekday,6,2022-01-21,10.087,2.5065,101.2429,103.7494,5.4916
KR_U1764,Weekday,10,2022-01-24,18.191,2.9622,20.5074,23.4696,11.0891
KR_U1764,Weekday,11,2022-01-24,15.3182,3.2695,13.4158,16.6853,3.1334
KR_U1764,Weekday,10,2022-01-25,18.2571,2.817,21.3503,24.1673,3.9838
KR_U1764,Weekday,11,2022-01-28,3.245,2.2546,53.9383,56.193,9.7412
KR_U1764,Weekday,9,2022-01-31,19.4598,2.3679,36.5826,38.9505,7.1281
KR_U1764,Weekday,8,2022-02-01,18.6513,3.2406,8.2358,11.4764,8.4447
KR_U1764,Weekday,11,2022-02-01,16.5678,1.9049,4.0047,5.9096,8.1669
KR_U1764,Weekday,10,2022-02-03,18.658,0.8568,44.9278,45.7846,9.957
KR_U1764,Weekday,7,2022-02-03,19.4918,1.9849,2.5527,4.5376,1.0288
KR_U1764,Weekday,11,2022-02-07,20.0176,3.1952,37.2753,40.4705,4.1327
KR_U1764,Weekday,10,2022-02-08,18.3328,2.1395,22.0057,24.1452,10.7134
KR_U1764,Weekday,10,2022-02-10,18.3372,2.1471,46.8401,48.9872,4.9618
KR_U1764,Weekday,10,2022-02-10,18.3772,2.5262,11.6198,14.146,10.8027
KR_U1764,Weekday,11,2022-02-11,18.8799,1.2799,10.2639,11.5438,7.3329
KR_U1764,Weekday,7,2022-02-11,20.0741,2.1382,12.8235,14.9617,7.3281
KR_U1764,Weekday,11,2022-02-16,16.6425,0.0931,68.4603,68.5534,2.0607
KR_U1764,Weekday,6,2022-02-18,17.5659,1.7245,44.9218,46.6463,13.0055
KR_U1764,Weekday,10,2022-02-21,18.4288,2.772,21.4565,24.2285,11.6726
KR_U1764,Weekday,10,2022-02-22,18.1888,3.101,20.7545,23.8556,9.1839
KR_U1764,Weekday,10,2022-02-23,18.4064,2.5115,22.5359,25.0475,2.4868
KR_U1764,Weekday,11,2022-02-24,16.3626,3.0876,20.9261,24.0136,5.8934
KR_U1764,Weekday,6,2022-02-25,9.2802,3.727,14.4726,18.1996,6.9715
KR_U1764,Weekday,10,2022-02-28,18.3139,2.5334,26.0463,28.5797,5.1206
KR_U1764,Weekday,10,2022-03-01,18.4349,1.996,20.6129,22.609,7.1601
KR_U1764,Weekday,11,2022-03-02,17.5012,1.9613,13.5804,15.5416,12.5742
KR_U1764,Weekday,6,2022-03-03,18.1081,2.3124,25.7935,28.1059,2.8104
KR_U1764,Weekday,10,2022-03-04,19.4776,1.4973,22.0616,23.5589,4.327
KR_U1764,Weekday,10,2022-03-07,18.3277,0.8977,21.9666,22.8643,11.3224
KR_U1764,Weekday,11,2022-03-08,22.8565,0.5674,13.6534,14.2208,5.5495
KR_U1764,Weekday,12,2022-03-10,14.2806,1.3413,56.7821,58.1235,8.4945
KR_U1764,Weekday,10,2022-03-11,18.2789,1.2508,19.3979,20.6487,9.1869
KR_U1764,Weekday,1,2022-03-14,19.2381,2.1527,23.4245,25.5772,9.4981
KR_U1764,Weekday,11,2022-03-14,20.0303,3.75,0.8524,4.6024,6.5171
KR_U1764,Weekday,6,2022-03-15,17.8075,4.117,15.3708,19.4878,5.7475
KR_U1764,Weekday,10,2022-03-16,18.2533,1.9842,22.1478,24.132,6.2175
KR_U1764,Weekday,10,2022-03-18,18.2028,3.5887,47.2636,50.8524,10.7787
KR_U1764,Weekday,10,2022-03-21,18.2163,2.6263,11.5561,14.1824,7.2095
KR_U1764,Weekday,11,2022-03-22,18.2583,3.3498,25.8708,29.2207,8.4825
KR_U1764,Weekday,7,2022-03-24,22.2787,2.6906,51.3553,54.0459,4.8
KR_U1764,Weekday,11,2022-03-28,18.5392,0.8962,35.2508,36.147,11.6861
KR_U1764,Weekday,10,2022-03-30,19.427,2.8856,44.6414,47.527,10.702
KR_U1764,Weekday,11,2022-03-30,19.6921,1.6929,3.2837,4.9766,9.9326
KR_U1764,Weekday,10,2022-03-31,18.429,2.6125,38.1064,40.7188,5.0229
KR_U1764,Weekday,10,2022-04-01,18.255,3.3829,21.2159,24.5988,11.4942
KR_U1764,Weekday,8,2022-04-04,18.3814,2.3143,5.437,7.7514,9.976
KR_U1764,Weekday,9,2022-04-04,18.6969,2.4467,13.4341,15.8808,7.1737
KR_U1764,Weekday,9,2022-04-05,11.1785,2.1963,15.1774,17.3737,10.5883
KR_U1764,Weekday,10,2022-04-06,18.611,1.1253,11.8967,13.022,8.6556
KR_U1764,Weekday,10,2022-04-06,18.3355,2.8408,14.6336,17.4744,12.2389
KR_U1764,Weekday,10,2022-04-07,18.251,2.5897,20.5847,23.1744,4.8567
KR_U1764,Weekend,9,2022-01-02,16.6275,2.6542,43.3217,45.976,7.6393
KR_U1764,Weekend,9,2022-01-08,14.5346,0.5922,23.2934,23.8857,9.3098
KR_U1764,Weekend,9,2022-01-09,9.5161,2.0409,2.1539,4.1948,3.6699
KR_U1764,Weekend,10,2022-01-09,14.2833,1.4696,1.5175,2.9872,3.3405
KR_U1764,Weekend,8,2022-01-09,16.7775,2.1576,15.0284,17.186,4.6493
KR_U1764,Weekend,10,2022-01-16,20.2003,2.5379,40.4521,42.99,6.6606
KR_U1764,Weekend,5,2022-01-23,18.172,2.1525,31.5239,33.6764,12.0122
KR_U1764,Weekend,12,2022-01-30,14.3726,1.8639,56.0952,57.9592,5.4128
KR_U1764,Weekend,10,2022-02-06,21.8051,3.2493,52.5966,55.8459,11.894
KR_U1764,Weekend,8,2022-02-12,20.4235,1.7027,22.4636,24.1663,7.7715
KR_U1764,Weekend,9,2022-02-19,14.7339,2.3752,48.3074,50.6826,10.9548
KR_U1764,Weekend,10,2022-02-26,13.7955,2.1219,23.7307,25.8526,6.0828
KR_U1764,Weekend,10,2022-02-27,13.1306,1.7312,37.9792,39.7105,11.7049
KR_U1764,Weekend,5,2022-03-06,16.5268,2.4743,36.3146,38.7889,5.4129
KR_U1764,Weekend,12,2022-03-06,16.5663,3.8069,6.5197,10.3266,8.8914
KR_U1764,Weekend,10,2022-03-12,16.4495,2.6632,3.9007,6.5639,10.3699
KR_U1764,Weekend,5,2022-03-12,19.6288,2.048,8.4718,10.5199,11.6094
KR_U1764,Weekend,12,2022-03-13,15.7316,2.4157,10.8032,13.2189,12.0797
KR_U1764,Weekend,10,2022-03-19,18.5991,3.3519,28.4455,31.7974,12.1228
KR_U1764,Weekend,5,2022-03-26,12.8851,2.1621,46.4126,48.5747,11.9375
KR_U463,Weekday,4,2022-05-23,7.6271,1.5577,17.6044,19.1621,6.0761
KR_U463,Weekday,5,2022-05-24,9.686,1.5228,3.8329,5.3556,4.2445
KR_U463,Weekday,6,2022-05-24,10.5879,1.1415,4.8342,5.9757,2.7351
KR_U463,Weekday,4,2022-05-24,6.7664,3.0675,1.2422,4.3098,7.448
KR_U463,Weekday,4,2022-05-24,6.4265,0.1782,1.8785,2.0567,11.1272
KR_U463,Weekday,6,2022-05-24,10.4236,1.149,0.9401,2.0891,2.3096
KR_U463,Weekday,7,2022-05-25,13.1449,1.7072,13.2862,14.9934,2.8499
KR_U463,Weekday,4,2022-05-25,7.0607,3.09,0.393,3.483,11.0566
KR_U463,Weekday,6,2022-05-26,10.8699,1.1157,16.7375,17.8533,3.7352
KR_U463,Weekday,3,2022-05-26,6.2653,0.6889,8.7768,9.4657,7.8821
KR_U463,Weekday,5,2022-05-27,9.8139,1.9106,16.6671,18.5777,9.0463
KR_U463,Weekday,4,2022-05-27,7.5596,3.1163,1.1875,4.3038,5.9987
KR_U463,Weekday,4,2022-05-27,7.2186,0.7722,0.7006,1.4727,3.2936
KR_U463,Weekday,4,2022-05-27,6.5563,2.8781,0.3172,3.1953,8.9729
KR_U463,Weekday,3,2022-05-31,7.8776,1.8326,37.7612,39.5938,3.8733
KR_U463,Weekday,5,2022-06-01,9.0321,2.1225,28.2378,30.3603,8.8085
KR_U463,Weekday,7,2022-06-02,13.7135,0.5958,20.3165,20.9123,2.5901
KR_U463,Weekday,4,2022-06-02,7.1697,1.5135,1.0577,2.5712,9.6835
KR_U463,Weekday,4,2022-06-02,7.4794,0.5483,0.0078,0.5561,9.7948
KR_U463,Weekday,4,2022-06-03,7.715,2.3399,7.9519,10.2919,9.6471
KR_U463,Weekday,4,2022-06-03,6.5505,2.5914,0.552,3.1434,6.4276
KR_U463,Weekday,5,2022-06-03,9.5295,2.1349,9.2554,11.3904,6.4683
KR_U463,Weekday,6,2022-06-06,10.6946,0.8067,17.9077,18.7144,2.2694
KR_U463,Weekday,6,2022-06-06,10.3947,0.7884,1.1361,1.9245,2.7801
KR_U463,Weekday,7,2022-06-07,13.875,1.8451,25.5515,27.3966,2.8836
KR_U463,Weekday,4,2022-06-07,7.5191,3.0899,1.8826,4.9725,9.5624
KR_U463,Weekday,4,2022-06-07,6.6163,2.0125,0.2749,2.2874,7.2851
KR_U463,Weekday,6,2022-06-08,11.1706,1.4388,17.309,18.7478,7.1651
KR_U463,Weekday,4,2022-06-09,7.5003,2.9636,5.2646,8.2283,0.0235
KR_U463,Weekday,7,2022-06-09,13.8657,0.2738,8.0367,8.3105,3.5377
KR_U463,Weekday,6,2022-06-09,11.2527,0.792,1.9177,2.7097,4.0322
KR_U463,Weekday,8,2022-06-09,11.5094,1.1939,10.2923,11.4862,3.0875
KR_U463,Weekday,4,2022-06-10,7.4783,0.3363,0.0747,0.4111,6.2465
KR_U463,Weekday,6,2022-06-14,10.9279,0.6064,68.1524,68.7588,2.4425
KR_U463,Weekday,4,2022-06-15,6.9104,1.2222,3.672,4.8942,5.1028
KR_U463,Weekday,4,2022-06-15,6.4776,0.9245,2.929,3.8535,3.3539
KR_U463,Weekday,6,2022-06-15,11.0694,1.3885,0.9255,2.314,3.7827
KR_U463,Weekday,7,2022-06-16,13.5307,1.0648,16.322,17.3868,2.0087
KR_U463,Weekday,4,2022-06-16,7.1465,3.1308,0.3519,3.4827,10.0972
KR_U463,Weekday,6,2022-06-17,11.2013,1.2943,21.1415,22.4358,1.9098
KR_U463,Weekday,3,2022-06-20,13.528,1.8934,37.8613,39.7548,6.9656
KR_U463,Weekday,4,2022-06-20,7.5322,2.7596,1.5129,4.2724,2.0873
KR_U463,Weekday,4,2022-06-21,7.54,2.7254,1.9399,4.6653,10.3822
KR_U463,Weekday,6,2022-06-24,10.944,1.4079,85.38,86.7879,1.9212
KR_U463,Weekday,6,2022-06-24,11.3299,1.201,0.2699,1.4709,2.7447
KR_U463,Weekday,4,2022-06-27,7.5753,2.3757,1.4566,3.8323,6.7846
KR_U463,Weekday,3,2022-06-27,11.0784,1.0225,4.3564,5.3789,3.3953
KR_U463,Weekday,4,2022-06-27,7.2337,2.6227,2.1955,4.8182,10.6173
KR_U463,Weekday,4,2022-06-27,7.3985,1.6871,4.4435,6.1306,6.0288
KR_U463,Weekday,6,2022-06-28,11.0585,1.3364,20.3369,21.6733,2.5993
KR_U463,Weekday,7,2022-06-29,13.4733,0.7423,19.2029,19.9452,3.9492
KR_U463,Weekday,4,2022-06-30,6.7177,1.473,14.1639,15.6369,1.5188
KR_U463,Weekday,8,2022-06-30,7.4095,1.018,15.4916,16.5096,3.7553
KR_U463,Weekday,4,2022-07-01,6.9862,0.9601,13.3799,14.3399,4.0042
KR_U463,Weekday,6,2022-07-08,9.8752,0.8323,119.9324,120.7648,2.3764
KR_U463,Weekday,4,2022-07-08,6.9973,1.9316,0.2567,2.1883,10.3485
KR_U463,Weekday,6,2022-07-11,11.9593,0.7332,18.4987,19.2319,3.1986
KR_U463,Weekday,7,2022-07-11,13.6606,0.8317,14.7801,15.6118,2.0185
KR_U463,Weekday,4,2022-07-12,7.3989,2.0423,6.7001,8.7424,10.3097
KR_U463,Weekday,6,2022-07-12,10.626,0.8989,1.4257,2.3246,2.7573
KR_U463,Weekday,8,2022-07-12,7.3587,1.1728,7.3472,8.52,6.3467
KR_U463,Weekday,4,2022-07-13,7.3014,3.4743,7.0287,10.5029,10.2686
KR_U463,Weekday,4,2022-07-13,6.244,2.9559,10.3253,13.2812,9.429
KR_U463,Weekday,6,2022-07-13,11.1441,1.245,2.3923,3.6373,3.4704
KR_U463,Weekday,7,2022-07-15,13.6312,0.6508,29.8323,30.4831,4.7138
KR_U463,Weekday,4,2022-07-15,7.5197,2.2821,2.5874,4.8695,4.8779
KR_U463,Weekday,4,2022-07-15,7.631,3.2615,0.1159,3.3774,10.4342
KR_U463,Weekday,6,2022-07-19,10.5104,1.1396,38.0073,39.1469,4.7096
KR_U463,Weekday,7,2022-07-19,13.7854,1.0207,14.0936,15.1143,4.4076
KR_U463,Weekday,4,2022-07-20,7.1863,1.055,11.3824,12.4374,3.9331
KR_U463,Weekday,6,2022-07-20,10.6523,1.075,2.4327,3.5077,2.2495
KR_U463,Weekday,4,2022-07-21,7.1728,3.1031,16.6977,19.8008,10.2312
KR_U463,Weekday,6,2022-07-21,11.6124,0.9285,1.887,2.8156,2.2391
KR_U463,Weekday,5,2022-07-21,8.8821,1.3452,0.7527,2.0979,7.6041
KR_U463,Weekday,7,2022-07-25,13.5514,0.938,44.2348,45.1728,3.2644
KR_U463,Weekday,6,2022-07-25,10.2615,1.408,1.5554,2.9634,1.8123
KR_U463,Weekday,4,2022-07-25,7.8008,0.1621,10.4217,10.5838,3.526
KR_U463,Weekday,6,2022-07-26,10.3967,1.5959,2.0773,3.6731,3.9404
KR_U463,Weekday,7,2022-07-27,13.612,0.9321,38.4068,39.3389,2.94
KR_U463,Weekday,4,2022-08-03,6.9993,1.7292,107.0156,108.7448,6.5097
KR_U463,Weekday,6,2022-08-04,10.3501,1.5567,18.6801,20.2368,2.4027
KR_U463,Weekday,4,2022-08-04,6.0352,2.804,6.6093,9.4133,4.815
KR_U463,Weekday,4,2022-08-04,6.8724,2.3316,1.7697,4.1013,10.0008
KR_U463,Weekday,6,2022-08-04,10.9596,1.2326,0.7855,2.0181,2.5324
KR_U463,Weekday,4,2022-08-04,7.4054,2.7237,3.882,6.6057,10.0428
KR_U463,Weekday,4,2022-08-05,7.7773,1.853,1.56,3.4131,10.7581
KR_U463,Weekday,4,2022-08-05,7.3019,1.3255,1.4269,2.7524,4.5024
KR_U463,Weekday,6,2022-08-05,11.1815,1.2658,2.2607,3.5265,2.1566
KR_U463,Weekday,5,2022-08-05,8.5961,2.3865,10.303,12.6895,7.2019
KR_U463,Weekday,5,2022-08-05,9.1119,0.3514,0.937,1.2884,6.3294
KR_U463,Weekday,7,2022-08-09,13.1912,0.7173,30.8573,31.5746,2.9959
KR_U463,Weekday,4,2022-08-10,6.411,2.1511,31.4225,33.5737,9.995
KR_U463,Weekday,3,2022-08-11,13.7922,0.8027,7.1881,7.9908,3.1442
KR_U463,Weekday,4,2022-08-11,6.3665,2.9582,1.5875,4.5457,9.7402
KR_U463,Weekday,6,2022-08-11,11.3521,1.0313,2.2102,3.2415,2.8358
KR_U463,Weekday,7,2022-08-11,13.2607,1.5686,13.5895,15.1581,2.3035
KR_U463,Weekday,4,2022-08-12,7.3503,1.1597,22.5542,23.7139,10.6197
KR_U463,Weekday,6,2022-08-15,11.6077,1.9563,22.5448,24.5011,2.637
KR_U463,Weekday,5,2022-08-16,7.9316,1.2632,8.183,9.4463,5.413
KR_U463,Weekday,6,2022-08-17,11.4823,0.6814,16.4094,17.0908,5.7031
KR_U463,Weekday,4,2022-08-17,6.9073,2.1635,0.6421,2.8055,11.2663
KR_U463,Weekday,6,2022-08-18,10.6634,0.7041,18.2099,18.914,2.3383
KR_U463,Weekday,3,2022-08-18,6.5973,2.794,6.448,9.2419,5.2677
KR_U463,Weekday,4,2022-08-18,7.4562,2.8426,0.831,3.6736,11.1702
KR_U463,Weekday,4,2022-08-18,7.1616,3.3154,0.9896,4.3051,4.7522
KR_U463,Weekday,5,2022-08-18,8.6065,2.0903,0.8353,2.9256,3.0227
KR_U463,Weekday,6,2022-08-19,10.6007,0.6143,20.7495,21.3638,3.7695
KR_U463,Weekday,7,2022-08-22,13.7198,1.1324,19.9287,21.0611,2.3117
KR_U463,Weekday,4,2022-08-23,7.5866,1.629,20.3735,22.0026,3.4231
KR_U463,Weekday,6,2022-08-23,10.3111,1.486,0.7379,2.2239,2.4348
KR_U463,Weekday,7,2022-08-24,13.5795,0.3463,12.8763,13.2227,3.8713
KR_U463,Weekday,4,2022-08-25,6.9336,1.9084,37.8033,39.7117,5.1833
KR_U463,Weekday,6,2022-08-25,10.6217,1.1859,1.2108,2.3967,3.2294
KR_U463,Weekday,3,2022-08-26,12.8514,0.7813,9.6374,10.4187,3.5694
KR_U463,Weekday,4,2022-08-26,6.7043,1.4757,9.3772,10.8529,2.9689
KR_U463,Weekday,5,2022-08-29,9.2784,1.2234,12.9014,14.1248,3.9934
KR_U463,Weekday,7,2022-08-30,13.3811,0.6334,21.1539,21.7874,5.0231
KR_U463,Weekday,4,2022-08-30,7.308,2.6435,1.3584,4.0019,10.957
KR_U463,Weekday,6,2022-08-31,11.601,1.3957,21.0775,22.4732,3.4579
KR_U463,Weekday,5,2022-09-02,10.2053,1.8629,46.9317,48.7945,7.8037
KR_U463,Weekday,6,2022-09-06,10.3501,1.2167,40.8584,42.0751,5.8025
KR_U463,Weekday,5,2022-09-07,9.4962,1.3068,19.8159,21.1227,5.8018
KR_U463,Weekday,6,2022-09-12,11.2773,1.5955,76.5745,78.17,2.9966
KR_U463,Weekday,5,2022-09-13,9.6123,2.2194,21.3376,23.557,4.3081
KR_U463,Weekday,6,2022-09-14,10.9971,1.1577,17.4945,18.6521,3.4094
KR_U463,Weekday,7,2022-09-15,13.469,0.9126,21.9428,22.8554,6.0418
KR_U463,Weekday,4,2022-09-15,6.3282,0.9152,1.345,2.2602,9.714
KR_U463,Weekday,6,2022-09-15,10.7714,0.8599,18.9028,19.7627,2.3168
KR_U463,Weekday,4,2022-09-16,7.7323,2.0173,1.3247,3.3421,6.2898
KR_U463,Weekday,6,2022-09-16,10.3972,1.4731,2.5462,4.0193,2.4783
KR_U463,Weekday,6,2022-09-16,11.1134,0.9222,1.5715,2.4938,3.4213
KR_U463,Weekday,7,2022-09-19,13.4957,1.2027,17.289,18.4917,2.5019
KR_U463,Weekday,5,2022-09-19,9.1969,2.2111,2.5923,4.8034,6.5473
KR_U463,Weekday,4,2022-09-19,7.3432,0.5493,4.7635,5.3129,9.7071
KR_U463,Weekday,6,2022-09-19,10.9104,1.0123,1.9863,2.9986,2.839
KR_U463,Weekday,7,2022-09-20,13.6181,1.6881,17.0008,18.6889,2.2136
KR_U463,Weekday,4,2022-09-20,7.4725,2.9788,5.8285,8.8073,6.4046
KR_U463,Weekday,4,2022-09-20,7.1416,1.228,1.8071,3.035,10.3275
KR_U463,Weekday,3,2022-09-21,5.4893,1.4632,8.3967,9.8599,3.3449
KR_U463,Weekday,5,2022-09-21,9.9301,1.6496,0.3997,2.0493,6.239
KR_U463,Weekday,6,2022-09-22,11.549,1.3364,20.8589,22.1953,3.7461
KR_U463,Weekday,7,2022-09-23,13.635,1.9779,15.9006,17.8785,3.6234
KR_U463,Weekday,4,2022-09-23,6.7394,1.2388,2.1702,3.4089,10.632
KR_U463,Weekday,6,2022-09-23,11.0078,1.3686,1.4998,2.8684,2.9957
KR_U463,Weekday,7,2022-09-26,12.9107,1.9364,14.1192,16.0555,1.5037
KR_U463,Weekday,4,2022-09-26,7.3038,2.8795,0.3492,3.2288,11.0452
KR_U463,Weekday,4,2022-09-26,4.7126,3.0453,4.2651,7.3104,7.3893
KR_U463,Weekday,4,2022-09-26,6.9942,2.8575,2.5724,5.4299,9.2002
KR_U463,Weekday,6,2022-09-27,10.4027,0.7488,17.3018,18.0506,2.8766
KR_U463,Weekday,4,2022-09-27,6.8538,2.801,1.5855,4.3866,9.8054
KR_U463,Weekday,6,2022-09-29,10.4428,1.2335,50.7479,51.9814,2.426
