user_id,abs_start,abs_end,duration_hours,energy,day_type,start_date,start_time,end_date,end_time,src,start_hour,end_hour,arrival_hour,duration_minutes,location,facility,user_id_num,session_id
gist|KR_U106,2022-01-13T21:16:00,2022-01-14T00:47:00,3.5166666666666666,10.15,Weekday,2022-01-13,21:16:00,2022-01-14,00:47:00,gist,21,0,21.266666666666666,211.0,combined,gist,124,C25340
gist|KR_U106,2022-01-18T18:18:00,2022-01-19T04:48:00,10.5,66.27,Weekday,2022-01-18,18:18:00,2022-01-19,04:48:00,gist,18,4,18.3,630.0,combined,gist,124,C25271
gist|KR_U106,2022-01-24T22:02:00,2022-01-25T01:32:00,3.5,10.36,Weekday,2022-01-24,22:02:00,2022-01-25,01:32:00,gist,22,1,22.03333333333333,210.0,combined,gist,124,C25341
gist|KR_U106,2022-01-26T18:56:00,2022-01-26T22:26:00,3.5,10.06,Weekday,2022-01-26,18:56:00,2022-01-26,22:26:00,gist,18,22,18.933333333333334,210.0,combined,gist,124,C25405
gist|KR_U106,2022-01-27T20:38:00,2022-01-28T00:09:00,3.5166666666666666,10.25,Weekday,2022-01-27,20:38:00,2022-01-28,00:09:00,gist,20,0,20.633333333333333,211.0,combined,gist,124,C25342
gist|KR_U106,2022-01-27T20:38:00,2022-01-28T07:09:00,10.516666666666667,67.21,Weekday,2022-01-27,20:38:00,2022-01-28,07:09:00,gist,20,7,20.633333333333333,631.0,combined,gist,124,C25391
gist|KR_U106,2022-02-01T16:22:00,2022-02-02T00:22:00,8.0,50.24,Weekday,2022-02-01,16:22:00,2022-02-02,00:22:00,gist,16,0,16.366666666666667,480.0,combined,gist,124,C25331
gist|KR_U106,2022-02-02T13:34:00,2022-02-02T17:04:00,3.5,9.83,Weekday,2022-02-02,13:34:00,2022-02-02,17:04:00,gist,13,17,13.566666666666666,210.0,combined,gist,124,C25388
gist|KR_U106,2022-02-03T20:23:00,2022-02-03T23:53:00,3.5,10.07,Weekday,2022-02-03,20:23:00,2022-02-03,23:53:00,gist,20,23,20.383333333333333,210.0,combined,gist,124,C25332
gist|KR_U106,2022-02-04T18:35:00,2022-02-04T22:05:00,3.5,10.2,Weekday,2022-02-04,18:35:00,2022-02-04,22:05:00,gist,18,22,18.58333333333333,210.0,combined,gist,124,C25399
gist|KR_U107,2022-03-26T09:38:00,2022-03-26T14:09:00,4.516666666666667,12.94,Weekend,2022-03-26,09:38:00,2022-03-26,14:09:00,gist,9,14,9.633333333333333,271.0,combined,gist,127,C25651
gist|KR_U107,2022-03-27T11:09:00,2022-03-27T14:02:00,2.8833333333333333,6.95,Weekend,2022-03-27,11:09:00,2022-03-27,14:02:00,gist,11,14,11.15,173.0,combined,gist,127,C25652
gist|KR_U107,2022-03-30T17:43:00,2022-03-30T19:36:00,1.8833333333333333,6.99,Weekday,2022-03-30,17:43:00,2022-03-30,19:36:00,gist,17,19,17.716666666666665,113.0,combined,gist,127,C25653
gist|KR_U107,2022-03-30T20:44:00,2022-03-31T06:35:00,9.85,6.68,Weekday,2022-03-30,20:44:00,2022-03-31,06:35:00,gist,20,6,20.73333333333333,591.0,combined,gist,127,C25654
gist|KR_U107,2022-04-02T07:32:00,2022-04-02T11:50:00,4.3,12.95,Weekend,2022-04-02,07:32:00,2022-04-02,11:50:00,gist,7,11,7.533333333333333,258.0,combined,gist,127,C25641
gist|KR_U107,2022-04-03T20:13:00,2022-04-03T23:19:00,3.1,8.01,Weekend,2022-04-03,20:13:00,2022-04-03,23:19:00,gist,20,23,20.216666666666665,186.0,combined,gist,127,C25642
gist|KR_U107,2022-04-10T06:37:00,2022-04-10T13:49:00,7.2,11.27,Weekend,2022-04-10,06:37:00,2022-04-10,13:49:00,gist,6,13,6.616666666666667,432.0,combined,gist,127,C25643
gist|KR_U107,2022-04-13T17:58:00,2022-04-13T21:32:00,3.566666666666667,10.51,Weekday,2022-04-13,17:58:00,2022-04-13,21:32:00,gist,17,21,17.966666666666665,214.0,combined,gist,127,C25644
gist|KR_U107,2022-04-14T21:49:00,2022-04-15T06:28:00,8.65,9.79,Weekday,2022-04-14,21:49:00,2022-04-15,06:28:00,gist,21,6,21.816666666666663,519.0,combined,gist,127,C25645
gist|KR_U107,2022-04-19T21:16:00,2022-04-20T06:52:00,9.6,10.24,Weekday,2022-04-19,21:16:00,2022-04-20,06:52:00,gist,21,6,21.266666666666666,576.0,combined,gist,127,C25646
gist|KR_U109,2021-10-23T17:28:00,2021-10-23T18:28:00,1.0,7.1,Weekend,2021-10-23,17:28:00,2021-10-23,18:28:00,gist,17,18,17.466666666666665,60.0,combined,gist,101,C22949
gist|KR_U109,2021-11-04T19:19:00,2021-11-04T22:13:00,2.9,20.2,Weekday,2021-11-04,19:19:00,2021-11-04,22:13:00,gist,19,22,19.316666666666663,174.0,combined,gist,101,C22946
gist|KR_U109,2021-11-10T18:37:00,2021-11-10T22:27:00,3.8333333333333335,26.9,Weekday,2021-11-10,18:37:00,2021-11-10,22:27:00,gist,18,22,18.616666666666667,230.0,combined,gist,101,C22947
gist|KR_U109,2021-11-23T00:39:00,2021-11-23T03:50:00,3.183333333333333,21.7,Weekday,2021-11-23,00:39:00,2021-11-23,03:50:00,gist,0,3,0.65,191.0,combined,gist,101,C23667
gist|KR_U109,2021-11-27T21:43:00,2021-11-27T23:25:00,1.7,11.0,Weekend,2021-11-27,21:43:00,2021-11-27,23:25:00,gist,21,23,21.716666666666665,102.0,combined,gist,101,C22948
gist|KR_U109,2021-12-03T22:25:00,2021-12-04T02:08:00,3.716666666666667,26.1,Weekday,2021-12-03,22:25:00,2021-12-04,02:08:00,gist,22,2,22.416666666666668,223.0,combined,gist,101,C22943
gist|KR_U109,2021-12-25T19:18:00,2021-12-25T20:00:00,0.7,4.9,Weekend,2021-12-25,19:18:00,2021-12-25,20:00:00,gist,19,20,19.3,42.0,combined,gist,101,C22944
gist|KR_U109,2021-12-25T20:24:00,2021-12-25T23:34:00,3.1666666666666665,19.8,Weekend,2021-12-25,20:24:00,2021-12-25,23:34:00,gist,20,23,20.4,190.0,combined,gist,101,C22945
gist|KR_U109,2022-01-03T18:45:00,2022-01-03T21:55:00,3.1666666666666665,21.9,Weekday,2022-01-03,18:45:00,2022-01-03,21:55:00,gist,18,21,18.75,190.0,combined,gist,101,C23661
gist|KR_U109,2022-01-04T18:16:00,2022-01-04T20:16:00,2.0,14.1,Weekday,2022-01-04,18:16:00,2022-01-04,20:16:00,gist,18,20,18.266666666666666,120.0,combined,gist,101,C22939
gist|KR_U1222,2021-10-01T17:41:00,2021-10-01T19:53:00,2.2,14.78,Weekday,2021-10-01,17:41:00,2021-10-01,19:53:00,gist,17,19,17.683333333333334,132.0,combined,gist,112,C25164
gist|KR_U1222,2021-10-05T18:03:00,2021-10-05T19:23:00,1.3333333333333333,8.88,Weekday,2021-10-05,18:03:00,2021-10-05,19:23:00,gist,18,19,18.05,80.0,combined,gist,112,C25165
gist|KR_U1222,2021-10-12T17:20:00,2021-10-12T20:07:00,2.783333333333333,18.74,Weekday,2021-10-12,17:20:00,2021-10-12,20:07:00,gist,17,20,17.333333333333332,167.0,combined,gist,112,C23868
gist|KR_U1222,2021-10-19T17:23:00,2021-10-19T19:03:00,1.6666666666666667,11.03,Weekday,2021-10-19,17:23:00,2021-10-19,19:03:00,gist,17,19,17.383333333333333,100.0,combined,gist,112,C23869
gist|KR_U1222,2021-10-21T18:06:00,2021-10-21T19:33:00,1.45,9.61,Weekday,2021-10-21,18:06:00,2021-10-21,19:33:00,gist,18,19,18.1,87.0,combined,gist,112,C25166
gist|KR_U1222,2021-11-03T17:52:00,2021-11-03T19:47:00,1.9166666666666667,12.78,Weekday,2021-11-03,17:52:00,2021-11-03,19:47:00,gist,17,19,17.866666666666667,115.0,combined,gist,112,C25159
gist|KR_U1222,2021-11-06T17:04:00,2021-11-06T19:01:00,1.95,12.85,Weekend,2021-11-06,17:04:00,2021-11-06,19:01:00,gist,17,19,17.066666666666666,117.0,combined,gist,112,C23979
gist|KR_U1222,2021-11-09T17:43:00,2021-11-09T20:08:00,2.4166666666666665,16.06,Weekday,2021-11-09,17:43:00,2021-11-09,20:08:00,gist,17,20,17.716666666666665,145.0,combined,gist,112,C25160
gist|KR_U1222,2021-11-11T17:22:00,2021-11-11T18:25:00,1.05,6.83,Weekday,2021-11-11,17:22:00,2021-11-11,18:25:00,gist,17,18,17.366666666666667,63.0,combined,gist,112,C23980
gist|KR_U1222,2021-11-12T15:16:00,2021-11-12T16:19:00,1.05,6.95,Weekday,2021-11-12,15:16:00,2021-11-12,16:19:00,gist,15,16,15.266666666666667,63.0,combined,gist,112,C23981
gist|KR_U1225,2021-10-02T17:31:00,2021-10-02T20:57:00,3.433333333333333,22.92,Weekend,2021-10-02,17:31:00,2021-10-02,20:57:00,gist,17,20,17.516666666666666,206.0,combined,gist,113,C23886
gist|KR_U1225,2021-10-05T18:00:00,2021-10-05T19:28:00,1.4666666666666666,9.72,Weekday,2021-10-05,18:00:00,2021-10-05,19:28:00,gist,18,19,18.0,88.0,combined,gist,113,C24773
gist|KR_U1225,2021-10-06T17:46:00,2021-10-06T19:11:00,1.4166666666666667,9.42,Weekday,2021-10-06,17:46:00,2021-10-06,19:11:00,gist,17,19,17.766666666666666,85.0,combined,gist,113,C24774
gist|KR_U1225,2021-10-08T18:44:00,2021-10-08T21:49:00,3.083333333333333,20.76,Weekday,2021-10-08,18:44:00,2021-10-08,21:49:00,gist,18,21,18.73333333333333,185.0,combined,gist,113,C25189
gist|KR_U1225,2021-10-13T09:07:00,2021-10-13T09:30:00,0.3833333333333333,2.56,Weekday,2021-10-13,09:07:00,2021-10-13,09:30:00,gist,9,9,9.116666666666667,23.0,combined,gist,113,C25190
gist|KR_U1225,2021-10-13T18:57:00,2021-10-13T20:28:00,1.5166666666666666,10.23,Weekday,2021-10-13,18:57:00,2021-10-13,20:28:00,gist,18,20,18.95,91.0,combined,gist,113,C23887
gist|KR_U1225,2021-10-14T18:30:00,2021-10-14T20:12:00,1.7,11.4,Weekday,2021-10-14,18:30:00,2021-10-14,20:12:00,gist,18,20,18.5,102.0,combined,gist,113,C25038
gist|KR_U1225,2021-10-16T17:35:00,2021-10-16T20:31:00,2.933333333333333,19.67,Weekend,2021-10-16,17:35:00,2021-10-16,20:31:00,gist,17,20,17.583333333333332,176.0,combined,gist,113,C25191
gist|KR_U1225,2021-10-18T17:57:00,2021-10-18T19:12:00,1.25,8.25,Weekday,2021-10-18,17:57:00,2021-10-18,19:12:00,gist,17,19,17.95,75.0,combined,gist,113,C24004
gist|KR_U1225,2021-10-20T17:28:00,2021-10-20T18:44:00,1.2666666666666666,8.46,Weekday,2021-10-20,17:28:00,2021-10-20,18:44:00,gist,17,18,17.466666666666665,76.0,combined,gist,113,C24775
gist|KR_U1228,2021-10-01T18:36:00,2021-10-01T19:44:00,1.1333333333333333,7.52,Weekday,2021-10-01,18:36:00,2021-10-01,19:44:00,gist,18,19,18.6,68.0,combined,gist,114,C23903
gist|KR_U1228,2021-10-02T17:33:00,2021-10-02T18:26:00,0.8833333333333333,5.9,Weekend,2021-10-02,17:33:00,2021-10-02,18:26:00,gist,17,18,17.55,53.0,combined,gist,114,C25213
gist|KR_U1228,2021-10-06T18:42:00,2021-10-06T20:45:00,2.05,13.57,Weekday,2021-10-06,18:42:00,2021-10-06,20:45:00,gist,18,20,18.7,123.0,combined,gist,114,C23904
gist|KR_U1228,2021-10-07T18:28:00,2021-10-07T19:37:00,1.15,7.65,Weekday,2021-10-07,18:28:00,2021-10-07,19:37:00,gist,18,19,18.466666666666665,69.0,combined,gist,114,C24039
gist|KR_U1228,2021-10-08T17:27:00,2021-10-08T18:22:00,0.9166666666666666,6.06,Weekday,2021-10-08,17:27:00,2021-10-08,18:22:00,gist,17,18,17.45,55.0,combined,gist,114,C24040
gist|KR_U1228,2021-10-11T16:33:00,2021-10-11T17:38:00,1.0833333333333333,7.11,Weekday,2021-10-11,16:33:00,2021-10-11,17:38:00,gist,16,17,16.55,65.0,combined,gist,114,C24041
gist|KR_U1228,2021-10-12T18:27:00,2021-10-12T19:45:00,1.3,8.7,Weekday,2021-10-12,18:27:00,2021-10-12,19:45:00,gist,18,19,18.45,78.0,combined,gist,114,C24804
gist|KR_U1228,2021-10-14T18:30:00,2021-10-14T20:43:00,2.216666666666667,14.72,Weekday,2021-10-14,18:30:00,2021-10-14,20:43:00,gist,18,20,18.5,133.0,combined,gist,114,C24042
gist|KR_U1228,2021-10-15T18:29:00,2021-10-15T19:27:00,0.9666666666666668,6.46,Weekday,2021-10-15,18:29:00,2021-10-15,19:27:00,gist,18,19,18.48333333333333,58.00000000000001,combined,gist,114,C25063
gist|KR_U1228,2021-10-18T18:32:00,2021-10-18T19:25:00,0.8833333333333333,5.69,Weekday,2021-10-18,18:32:00,2021-10-18,19:25:00,gist,18,19,18.53333333333333,53.0,combined,gist,114,C24805
gist|KR_U1230,2021-10-05T17:26:00,2021-10-05T20:24:00,2.966666666666667,19.84,Weekday,2021-10-05,17:26:00,2021-10-05,20:24:00,gist,17,20,17.433333333333334,178.0,combined,gist,115,C23926
gist|KR_U1230,2021-10-07T17:16:00,2021-10-07T18:15:00,0.9833333333333332,6.59,Weekday,2021-10-07,17:16:00,2021-10-07,18:15:00,gist,17,18,17.266666666666666,58.99999999999999,combined,gist,115,C24930
gist|KR_U1230,2021-10-13T17:39:00,2021-10-13T19:26:00,1.7833333333333334,11.89,Weekday,2021-10-13,17:39:00,2021-10-13,19:26:00,gist,17,19,17.65,107.0,combined,gist,115,C24931
gist|KR_U1230,2021-10-14T17:27:00,2021-10-14T18:22:00,0.9166666666666666,6.08,Weekday,2021-10-14,17:27:00,2021-10-14,18:22:00,gist,17,18,17.45,55.0,combined,gist,115,C23927
gist|KR_U1230,2021-10-16T17:17:00,2021-10-16T17:51:00,0.5666666666666667,3.74,Weekend,2021-10-16,17:17:00,2021-10-16,17:51:00,gist,17,17,17.283333333333335,34.0,combined,gist,115,C23928
gist|KR_U1230,2021-10-16T19:42:00,2021-10-16T20:48:00,1.1,7.24,Weekend,2021-10-16,19:42:00,2021-10-16,20:48:00,gist,19,20,19.7,66.0,combined,gist,115,C23929
gist|KR_U1230,2021-10-19T17:27:00,2021-10-19T18:41:00,1.2333333333333334,8.13,Weekday,2021-10-19,17:27:00,2021-10-19,18:41:00,gist,17,18,17.45,74.0,combined,gist,115,C25086
gist|KR_U1230,2021-10-22T17:39:00,2021-10-22T19:11:00,1.5333333333333334,10.18,Weekday,2021-10-22,17:39:00,2021-10-22,19:11:00,gist,17,19,17.65,92.0,combined,gist,115,C23930
gist|KR_U1230,2021-10-24T16:50:00,2021-10-24T17:33:00,0.7166666666666667,4.8,Weekend,2021-10-24,16:50:00,2021-10-24,17:33:00,gist,16,17,16.833333333333332,43.0,combined,gist,115,C23931
gist|KR_U1230,2021-10-25T18:10:00,2021-10-25T18:41:00,0.5166666666666667,3.37,Weekday,2021-10-25,18:10:00,2021-10-25,18:41:00,gist,18,18,18.166666666666668,31.000000000000004,combined,gist,115,C25228
gist|KR_U124,2022-01-18T20:10:00,2022-01-18T21:15:00,1.0833333333333333,5.12,Weekday,2022-01-18,20:10:00,2022-01-18,21:15:00,gist,20,21,20.166666666666668,65.0,combined,gist,121,C24394
gist|KR_U124,2022-01-19T19:22:00,2022-01-20T04:22:00,9.0,10.61,Weekday,2022-01-19,19:22:00,2022-01-20,04:22:00,gist,19,4,19.366666666666667,540.0,combined,gist,121,C24288
gist|KR_U124,2022-01-20T18:39:00,2022-01-20T22:08:00,3.4833333333333334,15.58,Weekday,2022-01-20,18:39:00,2022-01-20,22:08:00,gist,18,22,18.65,209.0,combined,gist,121,C24427
gist|KR_U124,2022-01-21T18:38:00,2022-01-21T20:39:00,2.0166666666666666,11.86,Weekday,2022-01-21,18:38:00,2022-01-21,20:39:00,gist,18,20,18.633333333333333,121.0,combined,gist,121,C24428
gist|KR_U124,2022-01-22T18:38:00,2022-01-22T20:49:00,2.183333333333333,12.51,Weekend,2022-01-22,18:38:00,2022-01-22,20:49:00,gist,18,20,18.633333333333333,131.0,combined,gist,121,C24429
gist|KR_U124,2022-01-23T18:37:00,2022-01-23T20:33:00,1.933333333333333,12.05,Weekend,2022-01-23,18:37:00,2022-01-23,20:33:00,gist,18,20,18.616666666666667,116.0,combined,gist,121,C24430
gist|KR_U124,2022-01-24T19:52:00,2022-01-24T21:56:00,2.066666666666667,11.75,Weekday,2022-01-24,19:52:00,2022-01-24,21:56:00,gist,19,21,19.866666666666667,124.0,combined,gist,121,C24431
gist|KR_U124,2022-01-25T19:06:00,2022-01-25T20:53:00,1.7833333333333334,10.0,Weekday,2022-01-25,19:06:00,2022-01-25,20:53:00,gist,19,20,19.1,107.0,combined,gist,121,C24549
gist|KR_U124,2022-01-26T22:19:00,2022-01-26T22:59:00,0.6666666666666666,16.39,Weekday,2022-01-26,22:19:00,2022-01-26,22:59:00,gist,22,22,22.316666666666663,40.0,combined,gist,121,C25731
gist|KR_U124,2022-01-27T18:46:00,2022-01-27T21:51:00,3.083333333333333,13.82,Weekday,2022-01-27,18:46:00,2022-01-27,21:51:00,gist,18,21,18.766666666666666,185.0,combined,gist,121,C24395
gist|KR_U127,2021-10-01T14:54:00,2021-10-01T15:48:00,0.9,6.17,Weekday,2021-10-01,14:54:00,2021-10-01,15:48:00,gist,14,15,14.9,54.0,combined,gist,110,C24881
gist|KR_U127,2021-10-05T14:16:00,2021-10-05T15:38:00,1.3666666666666667,9.51,Weekday,2021-10-05,14:16:00,2021-10-05,15:38:00,gist,14,15,14.266666666666667,82.0,combined,gist,110,C24882
gist|KR_U127,2021-10-08T14:51:00,2021-10-08T15:44:00,0.8833333333333333,6.24,Weekday,2021-10-08,14:51:00,2021-10-08,15:44:00,gist,14,15,14.85,53.0,combined,gist,110,C24883
gist|KR_U127,2021-10-08T16:32:00,2021-10-08T17:22:00,0.8333333333333334,5.82,Weekday,2021-10-08,16:32:00,2021-10-08,17:22:00,gist,16,17,16.533333333333335,50.0,combined,gist,110,C24884
gist|KR_U127,2021-10-14T14:37:00,2021-10-14T17:22:00,2.75,19.24,Weekday,2021-10-14,14:37:00,2021-10-14,17:22:00,gist,14,17,14.616666666666667,165.0,combined,gist,110,C24885
gist|KR_U127,2021-10-19T15:46:00,2021-10-19T17:23:00,1.6166666666666667,10.23,Weekday,2021-10-19,15:46:00,2021-10-19,17:23:00,gist,15,17,15.766666666666667,97.0,combined,gist,110,C24886
gist|KR_U127,2021-10-25T15:59:00,2021-10-25T17:49:00,1.8333333333333333,11.87,Weekday,2021-10-25,15:59:00,2021-10-25,17:49:00,gist,15,17,15.983333333333333,110.0,combined,gist,110,C23830
gist|KR_U127,2021-10-27T15:52:00,2021-10-27T16:25:00,0.55,3.75,Weekday,2021-10-27,15:52:00,2021-10-27,16:25:00,gist,15,16,15.866666666666667,33.0,combined,gist,110,C23831
gist|KR_U127,2021-10-28T12:18:00,2021-10-28T14:23:00,2.083333333333333,13.85,Weekday,2021-10-28,12:18:00,2021-10-28,14:23:00,gist,12,14,12.3,125.0,combined,gist,110,C24887
gist|KR_U127,2021-11-02T10:08:00,2021-11-02T11:46:00,1.6333333333333333,10.0,Weekday,2021-11-02,10:08:00,2021-11-02,11:46:00,gist,10,11,10.133333333333333,98.0,combined,gist,110,C24879
gist|KR_U1446,2021-10-06T16:43:00,2021-10-06T19:50:00,3.1166666666666667,20.76,Weekday,2021-10-06,16:43:00,2021-10-06,19:50:00,gist,16,19,16.716666666666665,187.0,combined,gist,116,C24072
gist|KR_U1446,2021-10-12T16:37:00,2021-10-12T18:27:00,1.8333333333333333,12.33,Weekday,2021-10-12,16:37:00,2021-10-12,18:27:00,gist,16,18,16.616666666666667,110.0,combined,gist,116,C24946
gist|KR_U1446,2021-10-16T14:47:00,2021-10-16T17:30:00,2.716666666666667,18.11,Weekend,2021-10-16,14:47:00,2021-10-16,17:30:00,gist,14,17,14.783333333333331,163.0,combined,gist,116,C24073
gist|KR_U1446,2021-10-19T16:16:00,2021-10-19T18:22:00,2.1,14.05,Weekday,2021-10-19,16:16:00,2021-10-19,18:22:00,gist,16,18,16.266666666666666,126.0,combined,gist,116,C24833
gist|KR_U1446,2021-10-20T16:50:00,2021-10-20T18:36:00,1.7666666666666666,11.67,Weekday,2021-10-20,16:50:00,2021-10-20,18:36:00,gist,16,18,16.833333333333332,106.0,combined,gist,116,C24074
gist|KR_U1446,2021-10-23T11:19:00,2021-10-23T12:01:00,0.7,4.73,Weekend,2021-10-23,11:19:00,2021-10-23,12:01:00,gist,11,12,11.316666666666666,42.0,combined,gist,116,C24075
gist|KR_U1446,2021-10-23T13:06:00,2021-10-23T14:46:00,1.6666666666666667,11.11,Weekend,2021-10-23,13:06:00,2021-10-23,14:46:00,gist,13,14,13.1,100.0,combined,gist,116,C24947
gist|KR_U1446,2021-10-26T16:31:00,2021-10-26T17:32:00,1.0166666666666666,6.86,Weekday,2021-10-26,16:31:00,2021-10-26,17:32:00,gist,16,17,16.516666666666666,61.0,combined,gist,116,C25246
gist|KR_U1446,2021-11-05T17:02:00,2021-11-05T19:41:00,2.65,17.7,Weekday,2021-11-05,17:02:00,2021-11-05,19:41:00,gist,17,19,17.033333333333335,159.0,combined,gist,116,C23938
gist|KR_U1446,2021-11-10T15:31:00,2021-11-10T18:09:00,2.6333333333333333,17.54,Weekday,2021-11-10,15:31:00,2021-11-10,18:09:00,gist,15,18,15.516666666666667,158.0,combined,gist,116,C25244
gist|KR_U1629,2021-10-01T09:36:00,2021-10-01T12:40:00,3.066666666666667,10.2,Weekday,2021-10-01,09:36:00,2021-10-01,12:40:00,gist,9,12,9.6,184.0,combined,gist,118,C24124
gist|KR_U1629,2021-10-03T15:25:00,2021-10-03T18:30:00,3.083333333333333,10.1,Weekend,2021-10-03,15:25:00,2021-10-03,18:30:00,gist,15,18,15.416666666666666,185.0,combined,gist,118,C24125
gist|KR_U1629,2021-10-05T18:24:00,2021-10-05T21:44:00,3.333333333333333,10.4,Weekday,2021-10-05,18:24:00,2021-10-05,21:44:00,gist,18,21,18.4,200.0,combined,gist,118,C24126
gist|KR_U1629,2021-10-12T12:01:00,2021-10-12T14:34:00,2.55,9.7,Weekday,2021-10-12,12:01:00,2021-10-12,14:34:00,gist,12,14,12.016666666666667,153.0,combined,gist,118,C24127
gist|KR_U1629,2021-10-19T16:13:00,2021-10-19T17:44:00,1.5166666666666666,5.8,Weekday,2021-10-19,16:13:00,2021-10-19,17:44:00,gist,16,17,16.216666666666665,91.0,combined,gist,118,C24128
gist|KR_U1629,2021-10-20T18:26:00,2021-10-20T21:33:00,3.1166666666666667,9.9,Weekday,2021-10-20,18:26:00,2021-10-20,21:33:00,gist,18,21,18.433333333333334,187.0,combined,gist,118,C24129
gist|KR_U1629,2021-10-28T08:56:00,2021-10-28T12:50:00,3.9,10.3,Weekday,2021-10-28,08:56:00,2021-10-28,12:50:00,gist,8,12,8.933333333333334,234.0,combined,gist,118,C24089
gist|KR_U1629,2021-11-02T10:19:00,2021-11-02T13:24:00,3.083333333333333,10.0,Weekday,2021-11-02,10:19:00,2021-11-02,13:24:00,gist,10,13,10.316666666666666,185.0,combined,gist,118,C24118
gist|KR_U1629,2021-11-03T12:49:00,2021-11-03T14:45:00,1.933333333333333,7.3,Weekday,2021-11-03,12:49:00,2021-11-03,14:45:00,gist,12,14,12.816666666666666,116.0,combined,gist,118,C24084
gist|KR_U1629,2021-11-05T09:06:00,2021-11-05T11:38:00,2.533333333333333,9.5,Weekday,2021-11-05,09:06:00,2021-11-05,11:38:00,gist,9,11,9.1,152.0,combined,gist,118,C24119
gist|KR_U1764,2022-01-01T18:09:00,2022-01-01T20:49:00,2.6666666666666665,9.44,Weekend,2022-01-01,18:09:00,2022-01-01,20:49:00,gist,18,20,18.15,160.0,combined,gist,128,C25814
gist|KR_U1764,2022-01-03T14:19:00,2022-01-03T15:26:00,1.1166666666666667,4.18,Weekday,2022-01-03,14:19:00,2022-01-03,15:26:00,gist,14,15,14.316666666666666,67.0,combined,gist,128,C25815
gist|KR_U1764,2022-01-03T17:22:00,2022-01-03T20:40:00,3.3,11.93,Weekday,2022-01-03,17:22:00,2022-01-03,20:40:00,gist,17,20,17.366666666666667,198.0,combined,gist,128,C25816
gist|KR_U1764,2022-01-04T17:23:00,2022-01-04T20:04:00,2.683333333333333,9.57,Weekday,2022-01-04,17:23:00,2022-01-04,20:04:00,gist,17,20,17.383333333333333,161.0,combined,gist,128,C25759
gist|KR_U1764,2022-01-06T16:47:00,2022-01-06T19:41:00,2.9,10.29,Weekday,2022-01-06,16:47:00,2022-01-06,19:41:00,gist,16,19,16.783333333333335,174.0,combined,gist,128,C25817
gist|KR_U1764,2022-01-07T14:35:00,2022-01-07T17:30:00,2.9166666666666665,10.42,Weekday,2022-01-07,14:35:00,2022-01-07,17:30:00,gist,14,17,14.583333333333334,175.0,combined,gist,128,C25818
gist|KR_U1764,2022-01-09T13:43:00,2022-01-09T15:42:00,1.9833333333333327,6.87,Weekend,2022-01-09,13:43:00,2022-01-09,15:42:00,gist,13,15,13.716666666666669,119.0,combined,gist,128,C25819
gist|KR_U1764,2022-01-10T10:35:00,2022-01-10T12:25:00,1.8333333333333333,6.86,Weekday,2022-01-10,10:35:00,2022-01-10,12:25:00,gist,10,12,10.583333333333334,110.0,combined,gist,128,C25820
gist|KR_U1764,2022-01-10T18:27:00,2022-01-10T18:55:00,0.4666666666666667,1.74,Weekday,2022-01-10,18:27:00,2022-01-10,18:55:00,gist,18,18,18.45,28.0,combined,gist,128,C25821
gist|KR_U1764,2022-01-10T21:01:00,2022-01-10T23:16:00,2.25,7.83,Weekday,2022-01-10,21:01:00,2022-01-10,23:16:00,gist,21,23,21.016666666666666,135.0,combined,gist,128,C25778
gist|KR_U186,2021-10-06T18:34:00,2021-10-06T23:33:00,4.983333333333333,20.4,Weekday,2021-10-06,18:34:00,2021-10-06,23:33:00,gist,18,23,18.566666666666663,299.0,combined,gist,104,C23322
gist|KR_U186,2021-10-11T18:57:00,2021-10-12T00:23:00,5.433333333333334,21.1,Weekday,2021-10-11,18:57:00,2021-10-12,00:23:00,gist,18,0,18.95,326.0,combined,gist,104,C23586
gist|KR_U186,2021-10-16T15:25:00,2021-10-16T21:15:00,5.833333333333333,23.0,Weekend,2021-10-16,15:25:00,2021-10-16,21:15:00,gist,15,21,15.416666666666666,350.0,combined,gist,104,C23528
gist|KR_U186,2021-10-20T18:32:00,2021-10-20T22:42:00,4.166666666666667,20.2,Weekday,2021-10-20,18:32:00,2021-10-20,22:42:00,gist,18,22,18.53333333333333,250.00000000000003,combined,gist,104,C23323
gist|KR_U186,2021-10-24T19:09:00,2021-10-24T23:14:00,4.083333333333333,20.9,Weekend,2021-10-24,19:09:00,2021-10-24,23:14:00,gist,19,23,19.15,245.0,combined,gist,104,C23401
gist|KR_U186,2021-10-28T18:38:00,2021-10-28T22:59:00,4.35,21.2,Weekday,2021-10-28,18:38:00,2021-10-28,22:59:00,gist,18,22,18.633333333333333,261.0,combined,gist,104,C23587
gist|KR_U186,2021-11-02T11:47:00,2021-11-02T14:45:00,2.966666666666667,17.6,Weekday,2021-11-02,11:47:00,2021-11-02,14:45:00,gist,11,14,11.783333333333331,178.0,combined,gist,104,C23526
gist|KR_U186,2021-11-05T10:51:00,2021-11-05T13:58:00,3.1166666666666667,17.3,Weekday,2021-11-05,10:51:00,2021-11-05,13:58:00,gist,10,13,10.85,187.0,combined,gist,104,C23063
gist|KR_U186,2021-11-08T10:55:00,2021-11-08T14:32:00,3.616666666666666,17.4,Weekday,2021-11-08,10:55:00,2021-11-08,14:32:00,gist,10,14,10.916666666666666,217.0,combined,gist,104,C23527
gist|KR_U186,2021-11-15T18:36:00,2021-11-15T22:39:00,4.05,19.8,Weekday,2021-11-15,18:36:00,2021-11-15,22:39:00,gist,18,22,18.6,243.0,combined,gist,104,C23400
gist|KR_U187,2022-03-10T23:34:00,2022-03-11T04:59:00,5.416666666666667,36.6,Weekday,2022-03-10,23:34:00,2022-03-11,04:59:00,gist,23,4,23.566666666666663,325.0,combined,gist,109,C23767
gist|KR_U187,2022-03-12T23:12:00,2022-03-13T04:41:00,5.483333333333333,37.9,Weekend,2022-03-12,23:12:00,2022-03-13,04:41:00,gist,23,4,23.2,329.0,combined,gist,109,C23768
gist|KR_U187,2022-03-14T00:05:00,2022-03-14T05:58:00,5.883333333333334,41.0,Weekday,2022-03-14,00:05:00,2022-03-14,05:58:00,gist,0,5,0.0833333333333333,353.0,combined,gist,109,C23769
gist|KR_U187,2022-03-14T23:11:00,2022-03-15T05:29:00,6.3,42.7,Weekday,2022-03-14,23:11:00,2022-03-15,05:29:00,gist,23,5,23.183333333333334,378.0,combined,gist,109,C23770
gist|KR_U187,2022-03-19T23:38:00,2022-03-20T07:02:00,7.4,49.3,Weekend,2022-03-19,23:38:00,2022-03-20,07:02:00,gist,23,7,23.633333333333333,444.0,combined,gist,109,C23771
gist|KR_U187,2022-03-20T23:06:00,2022-03-21T05:46:00,6.666666666666667,44.0,Weekend,2022-03-20,23:06:00,2022-03-21,05:46:00,gist,23,5,23.1,400.0,combined,gist,109,C23772
gist|KR_U187,2022-03-22T23:30:00,2022-03-23T06:18:00,6.8,45.3,Weekday,2022-03-22,23:30:00,2022-03-23,06:18:00,gist,23,6,23.5,408.0,combined,gist,109,C23773
gist|KR_U187,2022-03-23T23:13:00,2022-03-24T05:03:00,5.833333333333333,38.2,Weekday,2022-03-23,23:13:00,2022-03-24,05:03:00,gist,23,5,23.216666666666665,350.0,combined,gist,109,C23774
gist|KR_U187,2022-03-24T23:07:00,2022-03-25T05:36:00,6.483333333333333,43.2,Weekday,2022-03-24,23:07:00,2022-03-25,05:36:00,gist,23,5,23.116666666666667,389.0,combined,gist,109,C23775
gist|KR_U187,2022-03-27T00:25:00,2022-03-27T07:24:00,6.983333333333333,46.0,Weekend,2022-03-27,00:25:00,2022-03-27,07:24:00,gist,0,7,0.4166666666666667,419.0,combined,gist,109,C23776
gist|KR_U194,2021-11-20T18:17:00,2021-11-21T00:30:00,6.216666666666667,6.96,Weekend,2021-11-20,18:17:00,2021-11-21,00:30:00,gist,18,0,18.28333333333333,373.0,combined,gist,122,C24320
gist|KR_U194,2021-11-21T00:31:00,2021-11-21T09:31:00,9.0,18.02,Weekend,2021-11-21,00:31:00,2021-11-21,09:31:00,gist,0,9,0.5166666666666667,540.0,combined,gist,122,C24321
gist|KR_U194,2021-11-24T17:35:00,2021-11-25T02:35:00,9.0,27.1,Weekday,2021-11-24,17:35:00,2021-11-25,02:35:00,gist,17,2,17.583333333333332,540.0,combined,gist,122,C24494
gist|KR_U194,2021-11-25T12:15:00,2021-11-25T13:15:00,1.0,6.76,Weekday,2021-11-25,12:15:00,2021-11-25,13:15:00,gist,12,13,12.25,60.0,combined,gist,122,C24495
gist|KR_U194,2021-11-25T19:29:00,2021-11-26T04:29:00,9.0,14.12,Weekday,2021-11-25,19:29:00,2021-11-26,04:29:00,gist,19,4,19.48333333333333,540.0,combined,gist,122,C24496
gist|KR_U194,2021-11-27T14:03:00,2021-11-27T23:03:00,9.0,9.96,Weekend,2021-11-27,14:03:00,2021-11-27,23:03:00,gist,14,23,14.05,540.0,combined,gist,122,C24497
gist|KR_U194,2021-11-27T23:31:00,2021-11-28T08:31:00,9.0,45.26,Weekend,2021-11-27,23:31:00,2021-11-28,08:31:00,gist,23,8,23.516666666666666,540.0,combined,gist,122,C24322
gist|KR_U194,2021-11-30T23:14:00,2021-12-01T08:14:00,9.0,43.41,Weekday,2021-11-30,23:14:00,2021-12-01,08:14:00,gist,23,8,23.23333333333333,540.0,combined,gist,122,C24309
gist|KR_U194,2021-12-02T23:45:00,2021-12-03T08:31:00,8.766666666666667,40.92,Weekday,2021-12-02,23:45:00,2021-12-03,08:31:00,gist,23,8,23.75,526.0,combined,gist,122,C24310
gist|KR_U194,2021-12-06T16:56:00,2021-12-06T23:23:00,6.45,7.22,Weekday,2021-12-06,16:56:00,2021-12-06,23:23:00,gist,16,23,16.933333333333334,387.0,combined,gist,122,C24311
gist|KR_U195,2021-10-02T23:03:00,2021-10-03T02:23:00,3.333333333333333,23.2,Weekend,2021-10-02,23:03:00,2021-10-03,02:23:00,gist,23,2,23.05,200.0,combined,gist,117,C24115
gist|KR_U195,2021-10-07T23:15:00,2021-10-08T02:17:00,3.033333333333333,20.8,Weekday,2021-10-07,23:15:00,2021-10-08,02:17:00,gist,23,2,23.25,182.0,combined,gist,117,C24079
gist|KR_U195,2021-10-09T23:16:00,2021-10-10T01:30:00,2.2333333333333334,15.9,Weekend,2021-10-09,23:16:00,2021-10-10,01:30:00,gist,23,1,23.266666666666666,134.0,combined,gist,117,C24080
gist|KR_U195,2021-10-14T23:10:00,2021-10-15T02:19:00,3.15,21.4,Weekday,2021-10-14,23:10:00,2021-10-15,02:19:00,gist,23,2,23.166666666666668,189.0,combined,gist,117,C24081
gist|KR_U195,2021-10-19T23:08:00,2021-10-20T02:38:00,3.5,23.7,Weekday,2021-10-19,23:08:00,2021-10-20,02:38:00,gist,23,2,23.133333333333333,210.0,combined,gist,117,C24116
gist|KR_U195,2021-10-22T23:01:00,2021-10-23T02:20:00,3.316666666666667,22.7,Weekday,2021-10-22,23:01:00,2021-10-23,02:20:00,gist,23,2,23.016666666666666,199.0,combined,gist,117,C24082
gist|KR_U195,2021-10-26T23:28:00,2021-10-27T02:55:00,3.45,24.5,Weekday,2021-10-26,23:28:00,2021-10-27,02:55:00,gist,23,2,23.466666666666665,207.0,combined,gist,117,C24117
gist|KR_U195,2021-10-30T23:03:00,2021-10-31T02:51:00,3.8,27.0,Weekend,2021-10-30,23:03:00,2021-10-31,02:51:00,gist,23,2,23.05,228.0,combined,gist,117,C24083
gist|KR_U195,2021-11-01T09:15:00,2021-11-01T11:11:00,1.933333333333333,13.8,Weekday,2021-11-01,09:15:00,2021-11-01,11:11:00,gist,9,11,9.25,116.0,combined,gist,117,C24111
gist|KR_U195,2021-11-02T08:19:00,2021-11-02T09:12:00,0.8833333333333333,6.2,Weekday,2021-11-02,08:19:00,2021-11-02,09:12:00,gist,8,9,8.316666666666666,53.0,combined,gist,117,C24112
gist|KR_U199,2022-01-25T20:47:00,2022-01-25T23:16:00,2.4833333333333334,16.6,Weekday,2022-01-25,20:47:00,2022-01-25,23:16:00,gist,20,23,20.78333333333333,149.0,combined,gist,105,C22993
gist|KR_U199,2022-01-27T21:07:00,2022-01-27T23:30:00,2.3833333333333333,14.3,Weekday,2022-01-27,21:07:00,2022-01-27,23:30:00,gist,21,23,21.116666666666667,143.0,combined,gist,105,C23118
gist|KR_U199,2022-02-08T16:29:00,2022-02-08T19:52:00,3.3833333333333333,23.0,Weekday,2022-02-08,16:29:00,2022-02-08,19:52:00,gist,16,19,16.483333333333334,203.0,combined,gist,105,C23413
gist|KR_U199,2022-02-23T18:21:00,2022-02-23T20:57:00,2.6,16.4,Weekday,2022-02-23,18:21:00,2022-02-23,20:57:00,gist,18,20,18.35,156.0,combined,gist,105,C23117
gist|KR_U199,2022-03-05T19:22:00,2022-03-05T21:36:00,2.2333333333333334,14.9,Weekend,2022-03-05,19:22:00,2022-03-05,21:36:00,gist,19,21,19.366666666666667,134.0,combined,gist,105,C22991
gist|KR_U199,2022-03-07T20:54:00,2022-03-07T23:16:00,2.3666666666666667,16.0,Weekday,2022-03-07,20:54:00,2022-03-07,23:16:00,gist,20,23,20.9,142.0,combined,gist,105,C22992
gist|KR_U199,2022-03-10T20:32:00,2022-03-10T23:29:00,2.95,19.8,Weekday,2022-03-10,20:32:00,2022-03-10,23:29:00,gist,20,23,20.53333333333333,177.0,combined,gist,105,C23343
gist|KR_U199,2022-03-11T21:09:00,2022-03-11T22:57:00,1.8,12.4,Weekday,2022-03-11,21:09:00,2022-03-11,22:57:00,gist,21,22,21.15,108.0,combined,gist,105,C23344
gist|KR_U199,2022-03-17T17:35:00,2022-03-17T20:15:00,2.6666666666666665,17.0,Weekday,2022-03-17,17:35:00,2022-03-17,20:15:00,gist,17,20,17.583333333333332,160.0,combined,gist,105,C23345
gist|KR_U199,2022-03-19T17:58:00,2022-03-19T20:31:00,2.55,15.2,Weekend,2022-03-19,17:58:00,2022-03-19,20:31:00,gist,17,20,17.966666666666665,153.0,combined,gist,105,C23114
gist|KR_U236,2021-10-12T18:09:00,2021-10-12T19:48:00,1.65,11.6,Weekday,2021-10-12,18:09:00,2021-10-12,19:48:00,gist,18,19,18.15,99.0,combined,gist,119,C24094
gist|KR_U236,2021-10-13T15:57:00,2021-10-13T18:44:00,2.783333333333333,19.3,Weekday,2021-10-13,15:57:00,2021-10-13,18:44:00,gist,15,18,15.95,167.0,combined,gist,119,C24095
gist|KR_U236,2021-10-18T16:47:00,2021-10-18T19:19:00,2.533333333333333,17.7,Weekday,2021-10-18,16:47:00,2021-10-18,19:19:00,gist,16,19,16.783333333333335,152.0,combined,gist,119,C24096
gist|KR_U236,2021-10-25T19:41:00,2021-10-25T23:02:00,3.35,23.3,Weekday,2021-10-25,19:41:00,2021-10-25,23:02:00,gist,19,23,19.683333333333334,201.0,combined,gist,119,C24097
gist|KR_U236,2021-10-28T19:35:00,2021-10-29T01:43:00,6.133333333333334,43.1,Weekday,2021-10-28,19:35:00,2021-10-29,01:43:00,gist,19,1,19.58333333333333,368.0,combined,gist,119,C24109
gist|KR_U236,2021-11-09T05:06:00,2021-11-09T08:20:00,3.2333333333333334,22.9,Weekday,2021-11-09,05:06:00,2021-11-09,08:20:00,gist,5,8,5.1,194.0,combined,gist,119,C24108
gist|KR_U236,2021-11-11T18:42:00,2021-11-11T21:45:00,3.05,21.0,Weekday,2021-11-11,18:42:00,2021-11-11,21:45:00,gist,18,21,18.7,183.0,combined,gist,119,C24090
gist|KR_U236,2021-11-13T21:36:00,2021-11-14T01:12:00,3.6,25.2,Weekend,2021-11-13,21:36:00,2021-11-14,01:12:00,gist,21,1,21.6,216.0,combined,gist,119,C24091
gist|KR_U236,2021-11-14T01:18:00,2021-11-14T07:36:00,6.3,14.9,Weekend,2021-11-14,01:18:00,2021-11-14,07:36:00,gist,1,7,1.3,378.0,combined,gist,119,C24092
gist|KR_U236,2021-11-16T18:48:00,2021-11-16T20:28:00,1.6666666666666667,11.6,Weekday,2021-11-16,18:48:00,2021-11-16,20:28:00,gist,18,20,18.8,100.0,combined,gist,119,C24093
gist|KR_U280,2022-02-09T00:31:00,2022-02-09T07:56:00,7.416666666666667,48.9,Weekday,2022-02-09,00:31:00,2022-02-09,07:56:00,gist,0,7,0.5166666666666667,445.0,combined,gist,107,C23053
gist|KR_U280,2022-02-10T01:41:00,2022-02-10T09:40:00,7.983333333333333,53.2,Weekday,2022-02-10,01:41:00,2022-02-10,09:40:00,gist,1,9,1.6833333333333331,479.0,combined,gist,107,C23054
gist|KR_U280,2022-02-11T01:59:00,2022-02-11T10:47:00,8.8,60.1,Weekday,2022-02-11,01:59:00,2022-02-11,10:47:00,gist,1,10,1.9833333333333332,528.0,combined,gist,107,C23055
gist|KR_U280,2022-02-14T00:13:00,2022-02-14T05:44:00,5.516666666666667,37.5,Weekday,2022-02-14,00:13:00,2022-02-14,05:44:00,gist,0,5,0.2166666666666666,331.0,combined,gist,107,C23056
gist|KR_U280,2022-02-16T00:58:00,2022-02-16T05:25:00,4.45,30.2,Weekday,2022-02-16,00:58:00,2022-02-16,05:25:00,gist,0,5,0.9666666666666668,267.0,combined,gist,107,C23057
gist|KR_U280,2022-02-17T00:19:00,2022-02-17T07:23:00,7.066666666666666,33.1,Weekday,2022-02-17,00:19:00,2022-02-17,07:23:00,gist,0,7,0.3166666666666666,424.0,combined,gist,107,C23058
gist|KR_U280,2022-02-18T00:18:00,2022-02-18T04:52:00,4.566666666666666,30.3,Weekday,2022-02-18,00:18:00,2022-02-18,04:52:00,gist,0,4,0.3,274.0,combined,gist,107,C23803
gist|KR_U280,2022-02-20T00:23:00,2022-02-20T09:17:00,8.9,44.4,Weekend,2022-02-20,00:23:00,2022-02-20,09:17:00,gist,0,9,0.3833333333333333,534.0,combined,gist,107,C23029
gist|KR_U280,2022-02-22T23:51:00,2022-02-23T06:14:00,6.383333333333334,28.9,Weekday,2022-02-22,23:51:00,2022-02-23,06:14:00,gist,23,6,23.85,383.0,combined,gist,107,C23804
gist|KR_U280,2022-02-23T23:54:00,2022-02-24T07:58:00,8.066666666666666,39.1,Weekday,2022-02-23,23:54:00,2022-02-24,07:58:00,gist,23,7,23.9,484.0,combined,gist,107,C23059
gist|KR_U283,2021-10-01T18:14:00,2021-10-01T20:49:00,2.583333333333333,17.7,Weekday,2021-10-01,18:14:00,2021-10-01,20:49:00,gist,18,20,18.23333333333333,154.99999999999997,combined,gist,108,C23512
gist|KR_U283,2021-10-03T18:47:00,2021-10-03T22:35:00,3.8,26.2,Weekend,2021-10-03,18:47:00,2021-10-03,22:35:00,gist,18,22,18.78333333333333,228.0,combined,gist,108,C23513
gist|KR_U283,2021-10-08T19:24:00,2021-10-08T22:05:00,2.683333333333333,18.5,Weekday,2021-10-08,19:24:00,2021-10-08,22:05:00,gist,19,22,19.4,161.0,combined,gist,108,C23514
gist|KR_U283,2021-10-10T14:09:00,2021-10-10T17:30:00,3.35,22.9,Weekend,2021-10-10,14:09:00,2021-10-10,17:30:00,gist,14,17,14.15,201.0,combined,gist,108,C23515
gist|KR_U283,2021-10-17T13:57:00,2021-10-17T17:20:00,3.3833333333333333,23.8,Weekend,2021-10-17,13:57:00,2021-10-17,17:20:00,gist,13,17,13.95,203.0,combined,gist,108,C23516
gist|KR_U283,2021-10-22T18:08:00,2021-10-22T22:36:00,4.466666666666667,31.1,Weekday,2021-10-22,18:08:00,2021-10-22,22:36:00,gist,18,22,18.133333333333333,268.0,combined,gist,108,C23517
gist|KR_U283,2021-10-24T17:38:00,2021-10-24T21:36:00,3.966666666666667,27.5,Weekend,2021-10-24,17:38:00,2021-10-24,21:36:00,gist,17,21,17.633333333333333,238.0,combined,gist,108,C23518
gist|KR_U283,2021-10-28T19:19:00,2021-10-28T22:04:00,2.75,19.0,Weekday,2021-10-28,19:19:00,2021-10-28,22:04:00,gist,19,22,19.316666666666663,165.0,combined,gist,108,C23519
gist|KR_U283,2021-10-30T12:16:00,2021-10-30T14:39:00,2.3833333333333333,16.4,Weekend,2021-10-30,12:16:00,2021-10-30,14:39:00,gist,12,14,12.266666666666667,143.0,combined,gist,108,C23520
gist|KR_U283,2021-10-31T08:37:00,2021-10-31T09:42:00,1.0833333333333333,7.6,Weekend,2021-10-31,08:37:00,2021-10-31,09:42:00,gist,8,9,8.616666666666667,65.0,combined,gist,108,C23521
gist|KR_U291,2021-10-05T14:28:00,2021-10-05T19:25:00,4.95,35.2,Weekday,2021-10-05,14:28:00,2021-10-05,19:25:00,gist,14,19,14.466666666666669,297.0,combined,gist,106,C23023
gist|KR_U291,2021-10-09T18:45:00,2021-10-10T00:16:00,5.516666666666667,39.5,Weekend,2021-10-09,18:45:00,2021-10-10,00:16:00,gist,18,0,18.75,331.0,combined,gist,106,C23620
gist|KR_U291,2021-10-14T14:54:00,2021-10-14T18:08:00,3.2333333333333334,23.2,Weekday,2021-10-14,14:54:00,2021-10-14,18:08:00,gist,14,18,14.9,194.0,combined,gist,106,C23024
gist|KR_U291,2021-10-16T20:09:00,2021-10-16T22:04:00,1.9166666666666667,13.8,Weekend,2021-10-16,20:09:00,2021-10-16,22:04:00,gist,20,22,20.15,115.0,combined,gist,106,C23136
gist|KR_U291,2021-10-21T17:28:00,2021-10-21T21:46:00,4.3,30.5,Weekday,2021-10-21,17:28:00,2021-10-21,21:46:00,gist,17,21,17.466666666666665,258.0,combined,gist,106,C23137
gist|KR_U291,2021-10-23T17:52:00,2021-10-23T20:47:00,2.9166666666666665,21.2,Weekend,2021-10-23,17:52:00,2021-10-23,20:47:00,gist,17,20,17.866666666666667,175.0,combined,gist,106,C23428
gist|KR_U291,2021-10-27T18:12:00,2021-10-27T21:43:00,3.5166666666666666,25.4,Weekday,2021-10-27,18:12:00,2021-10-27,21:43:00,gist,18,21,18.2,211.0,combined,gist,106,C23138
gist|KR_U291,2021-10-30T21:59:00,2021-10-31T00:22:00,2.3833333333333333,17.2,Weekend,2021-10-30,21:59:00,2021-10-31,00:22:00,gist,21,0,21.98333333333333,143.0,combined,gist,106,C23139
gist|KR_U291,2021-11-09T10:46:00,2021-11-09T13:28:00,2.7,19.4,Weekday,2021-11-09,10:46:00,2021-11-09,13:28:00,gist,10,13,10.766666666666667,162.0,combined,gist,106,C23135
gist|KR_U291,2021-11-11T10:30:00,2021-11-11T11:57:00,1.45,10.3,Weekday,2021-11-11,10:30:00,2021-11-11,11:57:00,gist,10,11,10.5,87.0,combined,gist,106,C23426
gist|KR_U42,2022-03-08T20:12:00,2022-03-08T23:27:00,3.25,23.6,Weekday,2022-03-08,20:12:00,2022-03-08,23:27:00,gist,20,23,20.2,195.0,combined,gist,102,C23081
gist|KR_U42,2022-03-15T22:15:00,2022-03-16T01:35:00,3.333333333333333,24.2,Weekday,2022-03-15,22:15:00,2022-03-16,01:35:00,gist,22,1,22.25,200.0,combined,gist,102,C23287
gist|KR_U42,2022-03-17T22:31:00,2022-03-18T00:37:00,2.1,15.2,Weekday,2022-03-17,22:31:00,2022-03-18,00:37:00,gist,22,0,22.516666666666666,126.0,combined,gist,102,C23082
gist|KR_U42,2022-03-27T12:50:00,2022-03-27T14:54:00,2.066666666666667,15.0,Weekend,2022-03-27,12:50:00,2022-03-27,14:54:00,gist,12,14,12.833333333333334,124.0,combined,gist,102,C23083
gist|KR_U42,2022-04-03T16:13:00,2022-04-03T18:05:00,1.8666666666666667,13.2,Weekend,2022-04-03,16:13:00,2022-04-03,18:05:00,gist,16,18,16.216666666666665,112.0,combined,gist,102,C22960
gist|KR_U42,2022-04-13T21:42:00,2022-04-14T00:38:00,2.933333333333333,21.2,Weekday,2022-04-13,21:42:00,2022-04-14,00:38:00,gist,21,0,21.7,176.0,combined,gist,102,C23558
gist|KR_U42,2022-04-16T14:45:00,2022-04-16T16:05:00,1.3333333333333333,9.6,Weekend,2022-04-16,14:45:00,2022-04-16,16:05:00,gist,14,16,14.75,80.0,combined,gist,102,C22961
gist|KR_U42,2022-04-20T19:18:00,2022-04-20T21:38:00,2.333333333333333,16.7,Weekday,2022-04-20,19:18:00,2022-04-20,21:38:00,gist,19,21,19.3,139.99999999999997,combined,gist,102,C23364
gist|KR_U42,2022-04-26T22:07:00,2022-04-27T00:21:00,2.2333333333333334,16.29,Weekday,2022-04-26,22:07:00,2022-04-27,00:21:00,gist,22,0,22.116666666666667,134.0,combined,gist,102,C23559
gist|KR_U42,2022-04-30T18:42:00,2022-04-30T20:42:00,2.0,14.3,Weekend,2022-04-30,18:42:00,2022-04-30,20:42:00,gist,18,20,18.7,120.0,combined,gist,102,C23365
gist|KR_U434,2021-10-06T09:54:00,2021-10-06T11:58:00,2.066666666666667,14.28,Weekday,2021-10-06,09:54:00,2021-10-06,11:58:00,gist,9,11,9.9,124.0,combined,gist,111,C25142
gist|KR_U434,2021-10-08T09:46:00,2021-10-08T12:38:00,2.8666666666666667,20.04,Weekday,2021-10-08,09:46:00,2021-10-08,12:38:00,gist,9,12,9.766666666666667,172.0,combined,gist,111,C25143
gist|KR_U434,2021-10-08T16:47:00,2021-10-08T18:02:00,1.25,8.65,Weekday,2021-10-08,16:47:00,2021-10-08,18:02:00,gist,16,18,16.783333333333335,75.0,combined,gist,111,C23851
gist|KR_U434,2021-10-13T09:31:00,2021-10-13T11:41:00,2.1666666666666665,14.8,Weekday,2021-10-13,09:31:00,2021-10-13,11:41:00,gist,9,11,9.516666666666667,130.0,combined,gist,111,C24732
gist|KR_U434,2021-10-13T18:01:00,2021-10-13T18:31:00,0.5,3.45,Weekday,2021-10-13,18:01:00,2021-10-13,18:31:00,gist,18,18,18.016666666666666,30.0,combined,gist,111,C25144
gist|KR_U434,2021-10-14T18:34:00,2021-10-14T20:40:00,2.1,14.54,Weekday,2021-10-14,18:34:00,2021-10-14,20:40:00,gist,18,20,18.566666666666663,126.0,combined,gist,111,C25145
gist|KR_U434,2021-10-18T18:11:00,2021-10-18T19:28:00,1.2833333333333334,8.89,Weekday,2021-10-18,18:11:00,2021-10-18,19:28:00,gist,18,19,18.183333333333334,77.0,combined,gist,111,C24997
gist|KR_U434,2021-10-19T17:48:00,2021-10-19T19:18:00,1.5,10.46,Weekday,2021-10-19,17:48:00,2021-10-19,19:18:00,gist,17,19,17.8,90.0,combined,gist,111,C23966
gist|KR_U434,2021-10-22T16:45:00,2021-10-22T17:30:00,0.75,4.34,Weekday,2021-10-22,16:45:00,2021-10-22,17:30:00,gist,16,17,16.75,45.0,combined,gist,111,C24998
gist|KR_U434,2021-10-25T18:07:00,2021-10-25T19:57:00,1.8333333333333333,12.56,Weekday,2021-10-25,18:07:00,2021-10-25,19:57:00,gist,18,19,18.116666666666667,110.0,combined,gist,111,C23967
gist|KR_U463,2022-05-23T11:30:00,2022-05-23T12:35:00,1.0833333333333333,3.91,Weekday,2022-05-23,11:30:00,2022-05-23,12:35:00,gist,11,12,11.5,65.0,combined,gist,129,C25952
gist|KR_U463,2022-05-23T13:49:00,2022-05-23T15:01:00,1.2,4.27,Weekday,2022-05-23,13:49:00,2022-05-23,15:01:00,gist,13,15,13.816666666666666,72.0,combined,gist,129,C25953
gist|KR_U463,2022-05-24T07:09:00,2022-05-24T08:28:00,1.3166666666666669,4.67,Weekday,2022-05-24,07:09:00,2022-05-24,08:28:00,gist,7,8,7.15,79.00000000000001,combined,gist,129,C25954
gist|KR_U463,2022-05-24T08:56:00,2022-05-24T10:15:00,1.3166666666666669,4.7,Weekday,2022-05-24,08:56:00,2022-05-24,10:15:00,gist,8,10,8.933333333333334,79.00000000000001,combined,gist,129,C25955
gist|KR_U463,2022-05-25T07:43:00,2022-05-25T10:32:00,2.816666666666667,10.08,Weekday,2022-05-25,07:43:00,2022-05-25,10:32:00,gist,7,10,7.716666666666667,169.0,combined,gist,129,C25956
gist|KR_U463,2022-05-25T11:24:00,2022-05-25T12:27:00,1.05,3.76,Weekday,2022-05-25,11:24:00,2022-05-25,12:27:00,gist,11,12,11.4,63.0,combined,gist,129,C25957
gist|KR_U463,2022-05-26T07:46:00,2022-05-26T09:30:00,1.7333333333333334,6.18,Weekday,2022-05-26,07:46:00,2022-05-26,09:30:00,gist,7,9,7.766666666666667,104.0,combined,gist,129,C25907
gist|KR_U463,2022-05-26T10:03:00,2022-05-26T11:55:00,1.8666666666666667,6.07,Weekday,2022-05-26,10:03:00,2022-05-26,11:55:00,gist,10,11,10.05,112.0,combined,gist,129,C25908
gist|KR_U463,2022-05-27T07:31:00,2022-05-27T10:20:00,2.816666666666667,10.09,Weekday,2022-05-27,07:31:00,2022-05-27,10:20:00,gist,7,10,7.516666666666667,169.0,combined,gist,129,C25909
gist|KR_U463,2022-05-30T07:32:00,2022-05-30T10:18:00,2.7666666666666666,9.89,Weekday,2022-05-30,07:32:00,2022-05-30,10:18:00,gist,7,10,7.533333333333333,166.0,combined,gist,129,C25958
gist|KR_U507,2021-10-02T09:02:00,2021-10-02T11:42:00,2.6666666666666665,18.3,Weekend,2021-10-02,09:02:00,2021-10-02,11:42:00,gist,9,11,9.033333333333331,160.0,combined,gist,120,C24102
gist|KR_U507,2021-10-02T17:22:00,2021-10-02T23:19:00,5.95,40.4,Weekend,2021-10-02,17:22:00,2021-10-02,23:19:00,gist,17,23,17.366666666666667,357.0,combined,gist,120,C24103
gist|KR_U507,2021-10-10T15:40:00,2021-10-10T17:57:00,2.283333333333333,15.6,Weekend,2021-10-10,15:40:00,2021-10-10,17:57:00,gist,15,17,15.666666666666666,137.0,combined,gist,120,C24104
gist|KR_U507,2021-10-10T18:23:00,2021-10-10T23:11:00,4.8,30.8,Weekend,2021-10-10,18:23:00,2021-10-10,23:11:00,gist,18,23,18.383333333333333,288.0,combined,gist,120,C24105
gist|KR_U507,2021-10-19T15:42:00,2021-10-19T21:42:00,6.0,40.3,Weekday,2021-10-19,15:42:00,2021-10-19,21:42:00,gist,15,21,15.7,360.0,combined,gist,120,C24106
gist|KR_U507,2021-10-27T23:21:00,2021-10-28T06:26:00,7.083333333333333,47.5,Weekday,2021-10-27,23:21:00,2021-10-28,06:26:00,gist,23,6,23.35,425.0,combined,gist,120,C24107
gist|KR_U507,2021-11-06T19:43:00,2021-11-07T03:03:00,7.333333333333333,49.2,Weekend,2021-11-06,19:43:00,2021-11-07,03:03:00,gist,19,3,19.716666666666665,440.0,combined,gist,120,C24098
gist|KR_U507,2021-11-11T21:56:00,2021-11-12T01:09:00,3.216666666666667,22.2,Weekday,2021-11-11,21:56:00,2021-11-12,01:09:00,gist,21,1,21.933333333333334,193.0,combined,gist,120,C24099
gist|KR_U507,2021-11-12T17:12:00,2021-11-12T22:16:00,5.066666666666666,34.4,Weekday,2021-11-12,17:12:00,2021-11-12,22:16:00,gist,17,22,17.2,304.0,combined,gist,120,C24110
gist|KR_U507,2021-11-15T09:25:00,2021-11-15T13:12:00,3.783333333333333,25.7,Weekday,2021-11-15,09:25:00,2021-11-15,13:12:00,gist,9,13,9.416666666666666,227.0,combined,gist,120,C24100
gist|KR_U64,2021-10-01T05:12:00,2021-10-01T06:41:00,1.4833333333333334,9.9,Weekday,2021-10-01,05:12:00,2021-10-01,06:41:00,gist,5,6,5.2,89.0,combined,gist,103,C23382
gist|KR_U64,2021-10-02T04:48:00,2021-10-02T05:42:00,0.9,6.0,Weekend,2021-10-02,04:48:00,2021-10-02,05:42:00,gist,4,5,4.8,54.0,combined,gist,103,C22973
gist|KR_U64,2021-10-04T04:09:00,2021-10-04T05:26:00,1.2833333333333334,8.6,Weekday,2021-10-04,04:09:00,2021-10-04,05:26:00,gist,4,5,4.15,77.0,combined,gist,103,C22974
gist|KR_U64,2021-10-05T05:48:00,2021-10-05T06:38:00,0.8333333333333334,5.8,Weekday,2021-10-05,05:48:00,2021-10-05,06:38:00,gist,5,6,5.8,50.0,combined,gist,103,C23089
gist|KR_U64,2021-10-06T04:34:00,2021-10-06T05:35:00,1.0166666666666666,6.7,Weekday,2021-10-06,04:34:00,2021-10-06,05:35:00,gist,4,5,4.566666666666666,61.0,combined,gist,103,C23383
gist|KR_U64,2021-10-07T07:55:00,2021-10-07T08:36:00,0.6833333333333333,4.7,Weekday,2021-10-07,07:55:00,2021-10-07,08:36:00,gist,7,8,7.916666666666667,41.0,combined,gist,103,C22975
gist|KR_U64,2021-10-08T04:05:00,2021-10-08T05:28:00,1.3833333333333333,9.4,Weekday,2021-10-08,04:05:00,2021-10-08,05:28:00,gist,4,5,4.083333333333333,83.0,combined,gist,103,C23384
gist|KR_U64,2021-10-10T04:05:00,2021-10-10T05:09:00,1.0666666666666669,7.2,Weekend,2021-10-10,04:05:00,2021-10-10,05:09:00,gist,4,5,4.083333333333333,64.00000000000001,combined,gist,103,C23385
gist|KR_U64,2021-10-12T08:01:00,2021-10-12T09:34:00,1.55,10.29,Weekday,2021-10-12,08:01:00,2021-10-12,09:34:00,gist,8,9,8.016666666666667,93.0,combined,gist,103,C22976
gist|KR_U64,2021-10-15T06:07:00,2021-10-15T07:00:00,0.8833333333333333,6.1,Weekday,2021-10-15,06:07:00,2021-10-15,07:00:00,gist,6,7,6.116666666666666,53.0,combined,gist,103,C23300
gist|KR_U73,2022-01-03T09:54:00,2022-01-03T12:26:00,2.533333333333333,14.02,Weekday,2022-01-03,09:54:00,2022-01-03,12:26:00,gist,9,12,9.9,152.0,combined,gist,125,C25495
gist|KR_U73,2022-01-10T10:01:00,2022-01-10T14:57:00,4.933333333333334,27.36,Weekday,2022-01-10,10:01:00,2022-01-10,14:57:00,gist,10,14,10.016666666666667,296.0,combined,gist,125,C25496
gist|KR_U73,2022-01-20T12:59:00,2022-01-20T16:05:00,3.1,14.88,Weekday,2022-01-20,12:59:00,2022-01-20,16:05:00,gist,12,16,12.983333333333333,186.0,combined,gist,125,C25497
gist|KR_U73,2022-01-25T14:30:00,2022-01-25T17:59:00,3.4833333333333334,18.96,Weekday,2022-01-25,14:30:00,2022-01-25,17:59:00,gist,14,17,14.5,209.0,combined,gist,125,C25498
gist|KR_U73,2022-01-31T12:00:00,2022-01-31T15:20:00,3.333333333333333,16.91,Weekday,2022-01-31,12:00:00,2022-01-31,15:20:00,gist,12,15,12.0,200.0,combined,gist,125,C25499
gist|KR_U73,2022-02-01T17:58:00,2022-02-01T18:31:00,0.55,16.18,Weekday,2022-02-01,17:58:00,2022-02-01,18:31:00,gist,17,18,17.966666666666665,33.0,combined,gist,125,C25512
gist|KR_U73,2022-02-01T23:37:00,2022-02-02T02:58:00,3.35,18.03,Weekday,2022-02-01,23:37:00,2022-02-02,02:58:00,gist,23,2,23.616666666666667,201.0,combined,gist,125,C25488
gist|KR_U73,2022-02-04T11:49:00,2022-02-04T15:39:00,3.8333333333333335,21.93,Weekday,2022-02-04,11:49:00,2022-02-04,15:39:00,gist,11,15,11.816666666666666,230.0,combined,gist,125,C25489
gist|KR_U73,2022-02-07T09:50:00,2022-02-07T12:19:00,2.4833333333333334,15.94,Weekday,2022-02-07,09:50:00,2022-02-07,12:19:00,gist,9,12,9.833333333333334,149.0,combined,gist,125,C25490
gist|KR_U73,2022-02-07T13:17:00,2022-02-07T15:34:00,2.283333333333333,10.25,Weekday,2022-02-07,13:17:00,2022-02-07,15:34:00,gist,13,15,13.283333333333331,137.0,combined,gist,125,C25491
gist|KR_U8,2022-01-03T18:47:00,2022-01-04T07:18:00,12.516666666666667,11.72,Weekday,2022-01-03,18:47:00,2022-01-04,07:18:00,gist,18,7,18.78333333333333,751.0,combined,gist,123,C24684
gist|KR_U8,2022-01-10T16:26:00,2022-01-10T21:23:00,4.95,15.92,Weekday,2022-01-10,16:26:00,2022-01-10,21:23:00,gist,16,21,16.433333333333334,297.0,combined,gist,123,C24685
gist|KR_U8,2022-01-12T14:31:00,2022-01-12T17:53:00,3.3666666666666667,10.14,Weekday,2022-01-12,14:31:00,2022-01-12,17:53:00,gist,14,17,14.516666666666667,202.0,combined,gist,123,C24686
gist|KR_U8,2022-01-15T16:40:00,2022-01-16T08:48:00,16.133333333333333,17.69,Weekend,2022-01-15,16:40:00,2022-01-16,08:48:00,gist,16,8,16.666666666666668,968.0,combined,gist,123,C24599
gist|KR_U8,2022-01-16T19:29:00,2022-01-16T23:02:00,3.55,13.13,Weekend,2022-01-16,19:29:00,2022-01-16,23:02:00,gist,19,23,19.48333333333333,213.0,combined,gist,123,C24687
gist|KR_U8,2022-01-18T14:57:00,2022-01-18T19:21:00,4.4,11.4,Weekday,2022-01-18,14:57:00,2022-01-18,19:21:00,gist,14,19,14.95,264.0,combined,gist,123,C24688
gist|KR_U8,2022-01-21T15:33:00,2022-01-21T19:03:00,3.5,16.45,Weekday,2022-01-21,15:33:00,2022-01-21,19:03:00,gist,15,19,15.55,210.0,combined,gist,123,C24689
gist|KR_U8,2022-01-23T08:57:00,2022-01-23T10:35:00,1.6333333333333333,8.32,Weekend,2022-01-23,08:57:00,2022-01-23,10:35:00,gist,8,10,8.95,98.0,combined,gist,123,C24690
gist|KR_U8,2022-01-24T12:48:00,2022-01-24T16:32:00,3.733333333333333,9.8,Weekday,2022-01-24,12:48:00,2022-01-24,16:32:00,gist,12,16,12.8,224.0,combined,gist,123,C24600
gist|KR_U8,2022-01-27T19:36:00,2022-01-27T21:37:00,2.0166666666666666,10.17,Weekday,2022-01-27,19:36:00,2022-01-27,21:37:00,gist,19,21,19.6,121.0,combined,gist,123,C24601
gist|KR_U89,2022-05-24T06:18:00,2022-05-24T08:00:00,1.7,10.97,Weekday,2022-05-24,06:18:00,2022-05-24,08:00:00,gist,6,8,6.3,102.0,combined,gist,126,C25573
gist|KR_U89,2022-05-25T06:24:00,2022-05-25T08:01:00,1.6166666666666667,10.67,Weekday,2022-05-25,06:24:00,2022-05-25,08:01:00,gist,6,8,6.4,97.0,combined,gist,126,C25574
gist|KR_U89,2022-05-26T06:17:00,2022-05-26T08:01:00,1.7333333333333334,11.17,Weekday,2022-05-26,06:17:00,2022-05-26,08:01:00,gist,6,8,6.283333333333333,104.0,combined,gist,126,C25575
gist|KR_U89,2022-05-27T06:26:00,2022-05-27T08:10:00,1.7333333333333334,11.13,Weekday,2022-05-27,06:26:00,2022-05-27,08:10:00,gist,6,8,6.433333333333334,104.0,combined,gist,126,C25576
gist|KR_U89,2022-05-28T06:23:00,2022-05-28T08:05:00,1.7,10.66,Weekend,2022-05-28,06:23:00,2022-05-28,08:05:00,gist,6,8,6.383333333333334,102.0,combined,gist,126,C25577
gist|KR_U89,2022-05-29T06:25:00,2022-05-29T08:00:00,1.5833333333333333,10.09,Weekend,2022-05-29,06:25:00,2022-05-29,08:00:00,gist,6,8,6.416666666666667,95.0,combined,gist,126,C25578
gist|KR_U89,2022-05-30T06:27:00,2022-05-30T08:10:00,1.7166666666666666,11.03,Weekday,2022-05-30,06:27:00,2022-05-30,08:10:00,gist,6,8,6.45,103.0,combined,gist,126,C25579
gist|KR_U89,2022-05-31T06:28:00,2022-05-31T08:08:00,1.6666666666666667,10.91,Weekday,2022-05-31,06:28:00,2022-05-31,08:08:00,gist,6,8,6.466666666666667,100.0,combined,gist,126,C25580
gist|KR_U89,2022-06-04T06:17:00,2022-06-04T08:05:00,1.8,11.24,Weekend,2022-06-04,06:17:00,2022-06-04,08:05:00,gist,6,8,6.283333333333333,108.0,combined,gist,126,C25553
gist|KR_U89,2022-06-05T06:10:00,2022-06-05T07:37:00,1.45,10.02,Weekend,2022-06-05,06:10:00,2022-06-05,07:37:00,gist,6,7,6.166666666666667,87.0,combined,gist,126,C25598
gist|KR_U98,2021-10-01T17:44:00,2021-10-02T01:22:00,7.633333333333334,53.9,Weekday,2021-10-01,17:44:00,2021-10-02,01:22:00,gist,17,1,17.733333333333334,458.0,combined,gist,100,C23265
gist|KR_U98,2021-10-11T12:39:00,2021-10-11T13:47:00,1.1333333333333333,7.9,Weekday,2021-10-11,12:39:00,2021-10-11,13:47:00,gist,12,13,12.65,68.0,combined,gist,100,C23266
gist|KR_U98,2021-10-11T15:04:00,2021-10-11T20:44:00,5.666666666666667,40.0,Weekday,2021-10-11,15:04:00,2021-10-11,20:44:00,gist,15,20,15.066666666666666,340.0,combined,gist,100,C23267
gist|KR_U98,2021-10-13T15:57:00,2021-10-13T21:26:00,5.483333333333333,38.7,Weekday,2021-10-13,15:57:00,2021-10-13,21:26:00,gist,15,21,15.95,329.0,combined,gist,100,C23268
gist|KR_U98,2021-10-17T18:29:00,2021-10-17T23:25:00,4.933333333333334,32.8,Weekend,2021-10-17,18:29:00,2021-10-17,23:25:00,gist,18,23,18.48333333333333,296.0,combined,gist,100,C23269
gist|KR_U98,2021-10-20T17:24:00,2021-10-21T01:05:00,7.683333333333334,54.4,Weekday,2021-10-20,17:24:00,2021-10-21,01:05:00,gist,17,1,17.4,461.0,combined,gist,100,C23270
gist|KR_U98,2021-10-25T19:02:00,2021-10-26T01:38:00,6.6,47.2,Weekday,2021-10-25,19:02:00,2021-10-26,01:38:00,gist,19,1,19.03333333333333,396.0,combined,gist,100,C22908
gist|KR_U98,2021-10-27T18:27:00,2021-10-27T22:43:00,4.266666666666667,30.7,Weekday,2021-10-27,18:27:00,2021-10-27,22:43:00,gist,18,22,18.45,256.0,combined,gist,100,C22909
gist|KR_U98,2021-10-28T18:19:00,2021-10-28T22:44:00,4.416666666666667,31.29,Weekday,2021-10-28,18:19:00,2021-10-28,22:44:00,gist,18,22,18.316666666666663,265.0,combined,gist,100,C23271
gist|KR_U98,2021-11-01T13:34:00,2021-11-01T19:09:00,5.583333333333333,39.09,Weekday,2021-11-01,13:34:00,2021-11-01,19:09:00,gist,13,19,13.566666666666666,335.0,combined,gist,100,C23258
kim|KR_102,2021-09-30T17:14:26,2021-10-01T01:21:28,8.117222222222223,27.68,Weekday,2021-09-30,17:14:26,2021-10-01,01:21:28,kim,17,1,17.233333333333334,487.03333333333336,combined,kim,136,C26590
kim|KR_102,2021-10-06T18:51:54,2021-10-07T04:35:04,9.719444444444443,39.06,Weekday,2021-10-06,18:51:54,2021-10-07,04:35:04,kim,18,4,18.85,583.1666666666666,combined,kim,136,C26591
kim|KR_102,2021-10-08T18:46:31,2021-10-09T03:09:07,8.376666666666667,30.18,Weekday,2021-10-08,18:46:31,2021-10-09,03:09:07,kim,18,3,18.766666666666666,502.6,combined,kim,136,C26592
kim|KR_102,2021-10-11T21:13:13,2021-10-12T02:38:14,5.416944444444445,9.07,Weekday,2021-10-11,21:13:13,2021-10-12,02:38:14,kim,21,2,21.216666666666665,325.0166666666667,combined,kim,136,C26593
kim|KR_102,2021-10-12T19:13:08,2021-10-13T01:47:31,6.573055555555555,17.24,Weekday,2021-10-12,19:13:08,2021-10-13,01:47:31,kim,19,1,19.216666666666665,394.3833333333333,combined,kim,136,C26594
kim|KR_102,2021-10-13T23:41:57,2021-10-14T05:48:05,6.102222222222222,13.91,Weekday,2021-10-13,23:41:57,2021-10-14,05:48:05,kim,23,5,23.683333333333334,366.1333333333333,combined,kim,136,C26595
kim|KR_102,2021-10-18T16:44:46,2021-10-18T23:30:50,6.767777777777778,18.47,Weekday,2021-10-18,16:44:46,2021-10-18,23:30:50,kim,16,23,16.733333333333334,406.06666666666666,combined,kim,136,C26596
kim|KR_102,2021-10-19T17:26:19,2021-10-20T00:07:28,6.685833333333333,17.76,Weekday,2021-10-19,17:26:19,2021-10-20,00:07:28,kim,17,0,17.433333333333334,401.15,combined,kim,136,C26597
kim|KR_102,2021-10-20T17:11:55,2021-10-21T00:05:57,6.900555555555556,19.22,Weekday,2021-10-20,17:11:55,2021-10-21,00:05:57,kim,17,0,17.183333333333334,414.03333333333336,combined,kim,136,C26598
kim|KR_102,2021-10-22T18:59:04,2021-10-23T02:28:13,7.485833333333333,23.08,Weekday,2021-10-22,18:59:04,2021-10-23,02:28:13,kim,18,2,18.98333333333333,449.15,combined,kim,136,C26599
kim|KR_1110,2022-01-07T09:54:03,2022-01-07T12:01:17,2.120555555555556,14.8,Weekday,2022-01-07,09:54:03,2022-01-07,12:01:17,kim,9,12,9.9,127.23333333333338,combined,kim,150,C27452
kim|KR_1110,2022-01-17T14:47:57,2022-01-17T17:58:52,3.1819444444444445,22.1,Weekday,2022-01-17,14:47:57,2022-01-17,17:58:52,kim,14,17,14.783333333333331,190.91666666666663,combined,kim,150,C27453
kim|KR_1110,2022-01-18T16:03:03,2022-01-18T17:58:41,1.9272222222222224,13.4,Weekday,2022-01-18,16:03:03,2022-01-18,17:58:41,kim,16,17,16.05,115.63333333333334,combined,kim,150,C27454
kim|KR_1110,2022-01-19T08:08:43,2022-01-19T10:21:37,2.215,13.3,Weekday,2022-01-19,08:08:43,2022-01-19,10:21:37,kim,8,10,8.133333333333333,132.89999999999998,combined,kim,150,C27455
kim|KR_1110,2022-01-21T15:57:25,2022-01-21T16:09:54,0.2080555555555555,1.5,Weekday,2022-01-21,15:57:25,2022-01-21,16:09:54,kim,15,16,15.95,12.483333333333327,combined,kim,150,C27456
kim|KR_1110,2022-01-21T18:02:58,2022-01-21T20:03:53,2.015277777777778,11.9,Weekday,2022-01-21,18:02:58,2022-01-21,20:03:53,kim,18,20,18.03333333333333,120.91666666666669,combined,kim,150,C27457
kim|KR_1110,2022-01-24T14:44:16,2022-01-24T16:45:10,2.015,14.1,Weekday,2022-01-24,14:44:16,2022-01-24,16:45:10,kim,14,16,14.733333333333333,120.9,combined,kim,150,C27458
kim|KR_1110,2022-01-26T07:13:45,2022-01-26T09:28:41,2.2488888888888887,13.5,Weekday,2022-01-26,07:13:45,2022-01-26,09:28:41,kim,7,9,7.216666666666667,134.93333333333334,combined,kim,150,C27459
kim|KR_1110,2022-01-27T14:48:41,2022-01-27T18:09:41,3.35,23.3,Weekday,2022-01-27,14:48:41,2022-01-27,18:09:41,kim,14,18,14.8,201.0,combined,kim,150,C27460
kim|KR_1110,2022-02-02T08:17:27,2022-02-02T11:33:22,3.265277777777778,20.8,Weekday,2022-02-02,08:17:27,2022-02-02,11:33:22,kim,8,11,8.283333333333333,195.91666666666669,combined,kim,150,C27461
kim|KR_1226,2022-03-25T17:44:23,2022-03-25T19:53:59,2.16,13.9,Weekday,2022-03-25,17:44:23,2022-03-25,19:53:59,kim,17,19,17.733333333333334,129.60000000000002,combined,kim,151,C27497
kim|KR_1226,2022-03-29T16:59:05,2022-03-29T20:01:19,3.0372222222222223,19.43,Weekday,2022-03-29,16:59:05,2022-03-29,20:01:19,kim,16,20,16.983333333333334,182.23333333333332,combined,kim,151,C27498
kim|KR_1226,2022-03-31T16:30:19,2022-03-31T18:17:40,1.7891666666666666,11.4,Weekday,2022-03-31,16:30:19,2022-03-31,18:17:40,kim,16,18,16.5,107.35,combined,kim,151,C27499
kim|KR_1226,2022-04-05T17:42:23,2022-04-05T19:58:58,2.276388888888889,14.64,Weekday,2022-04-05,17:42:23,2022-04-05,19:58:58,kim,17,19,17.7,136.58333333333334,combined,kim,151,C27500
kim|KR_1226,2022-04-08T17:31:26,2022-04-08T19:40:00,2.142777777777778,14.02,Weekday,2022-04-08,17:31:26,2022-04-08,19:40:00,kim,17,19,17.516666666666666,128.56666666666666,combined,kim,151,C27501
kim|KR_1226,2022-04-11T17:56:06,2022-04-11T19:36:00,1.665,10.88,Weekday,2022-04-11,17:56:06,2022-04-11,19:36:00,kim,17,19,17.933333333333334,99.9,combined,kim,151,C27502
kim|KR_1226,2022-04-14T17:30:03,2022-04-14T19:48:19,2.3044444444444445,15.03,Weekday,2022-04-14,17:30:03,2022-04-14,19:48:19,kim,17,19,17.5,138.26666666666668,combined,kim,151,C27503
kim|KR_1226,2022-04-19T17:41:05,2022-04-19T20:16:50,2.595833333333333,16.9,Weekday,2022-04-19,17:41:05,2022-04-19,20:16:50,kim,17,20,17.683333333333334,155.75,combined,kim,151,C27504
kim|KR_1226,2022-04-26T17:46:27,2022-04-26T20:12:44,2.438055555555556,15.98,Weekday,2022-04-26,17:46:27,2022-04-26,20:12:44,kim,17,20,17.766666666666666,146.28333333333336,combined,kim,151,C27505
kim|KR_1226,2022-04-29T17:41:07,2022-04-29T20:27:08,2.7669444444444444,17.92,Weekday,2022-04-29,17:41:07,2022-04-29,20:27:08,kim,17,20,17.683333333333334,166.01666666666665,combined,kim,151,C27506
kim|KR_1231,2022-03-23T18:10:56,2022-03-23T20:14:09,2.053611111111111,13.14,Weekday,2022-03-23,18:10:56,2022-03-23,20:14:09,kim,18,20,18.166666666666668,123.21666666666668,combined,kim,152,C27528
kim|KR_1231,2022-03-24T17:54:26,2022-03-24T21:08:05,3.2275,20.72,Weekday,2022-03-24,17:54:26,2022-03-24,21:08:05,kim,17,21,17.9,193.65,combined,kim,152,C27529
kim|KR_1231,2022-03-28T09:05:23,2022-03-28T09:24:20,0.3158333333333333,2.04,Weekday,2022-03-28,09:05:23,2022-03-28,09:24:20,kim,9,9,9.083333333333334,18.95,combined,kim,152,C27530
kim|KR_1231,2022-03-28T17:43:33,2022-03-28T20:57:09,3.2266666666666666,20.76,Weekday,2022-03-28,17:43:33,2022-03-28,20:57:09,kim,17,20,17.716666666666665,193.6,combined,kim,152,C27531
kim|KR_1231,2022-03-30T17:32:47,2022-03-30T20:29:55,2.9522222222222223,19.0,Weekday,2022-03-30,17:32:47,2022-03-30,20:29:55,kim,17,20,17.533333333333335,177.13333333333333,combined,kim,152,C27532
kim|KR_1231,2022-03-31T17:34:41,2022-03-31T20:53:16,3.3097222222222222,21.43,Weekday,2022-03-31,17:34:41,2022-03-31,20:53:16,kim,17,20,17.566666666666666,198.58333333333331,combined,kim,152,C27533
kim|KR_1231,2022-04-06T18:20:59,2022-04-06T21:33:46,3.213055555555556,20.77,Weekday,2022-04-06,18:20:59,2022-04-06,21:33:46,kim,18,21,18.33333333333333,192.78333333333336,combined,kim,152,C27534
kim|KR_1231,2022-04-08T18:14:50,2022-04-08T21:22:53,3.1341666666666668,20.16,Weekday,2022-04-08,18:14:50,2022-04-08,21:22:53,kim,18,21,18.23333333333333,188.05,combined,kim,152,C27535
kim|KR_1231,2022-04-11T17:49:48,2022-04-11T17:58:47,0.1497222222222222,0.93,Weekday,2022-04-11,17:49:48,2022-04-11,17:58:47,kim,17,17,17.816666666666666,8.983333333333333,combined,kim,152,C27536
kim|KR_1231,2022-04-11T18:00:43,2022-04-11T20:59:22,2.9775,19.15,Weekday,2022-04-11,18:00:43,2022-04-11,20:59:22,kim,18,20,18.0,178.65,combined,kim,152,C27537
kim|KR_139,2021-10-26T17:59:02,2021-10-26T19:15:40,1.2772222222222225,8.4,Weekday,2021-10-26,17:59:02,2021-10-26,19:15:40,kim,17,19,17.983333333333334,76.63333333333335,combined,kim,137,C26695
kim|KR_139,2021-11-04T15:05:54,2021-11-04T16:08:27,1.0425,6.84,Weekday,2021-11-04,15:05:54,2021-11-04,16:08:27,kim,15,16,15.083333333333334,62.55,combined,kim,137,C26696
kim|KR_139,2021-12-02T14:56:29,2021-12-02T16:17:13,1.3455555555555556,8.75,Weekday,2021-12-02,14:56:29,2021-12-02,16:17:13,kim,14,16,14.933333333333334,80.73333333333333,combined,kim,137,C26697
kim|KR_139,2021-12-03T16:07:36,2021-12-03T18:27:35,2.333055555555556,15.21,Weekday,2021-12-03,16:07:36,2021-12-03,18:27:35,kim,16,18,16.116666666666667,139.98333333333338,combined,kim,137,C26698
kim|KR_139,2021-12-08T16:37:44,2021-12-08T18:57:29,2.3291666666666666,15.07,Weekday,2021-12-08,16:37:44,2021-12-08,18:57:29,kim,16,18,16.616666666666667,139.75,combined,kim,137,C26699
kim|KR_139,2022-01-07T16:29:28,2022-01-07T19:40:11,3.178611111111111,20.76,Weekday,2022-01-07,16:29:28,2022-01-07,19:40:11,kim,16,19,16.483333333333334,190.71666666666667,combined,kim,137,C26700
kim|KR_139,2022-01-18T12:46:28,2022-01-18T15:56:30,3.167222222222222,20.76,Weekday,2022-01-18,12:46:28,2022-01-18,15:56:30,kim,12,15,12.766666666666667,190.03333333333333,combined,kim,137,C26701
kim|KR_139,2022-02-09T11:05:52,2022-02-09T12:59:44,1.8977777777777776,12.55,Weekday,2022-02-09,11:05:52,2022-02-09,12:59:44,kim,11,12,11.083333333333334,113.86666666666666,combined,kim,137,C26702
kim|KR_139,2022-02-09T16:43:44,2022-02-09T19:41:15,2.958611111111112,19.29,Weekday,2022-02-09,16:43:44,2022-02-09,19:41:15,kim,16,19,16.716666666666665,177.51666666666674,combined,kim,137,C26703
kim|KR_139,2022-02-10T17:15:03,2022-02-10T19:06:10,1.8519444444444444,12.23,Weekday,2022-02-10,17:15:03,2022-02-10,19:06:10,kim,17,19,17.25,111.11666666666666,combined,kim,137,C26704
kim|KR_1433,2022-01-13T08:54:06,2022-01-13T09:11:22,0.2877777777777778,19.99,Weekday,2022-01-13,08:54:06,2022-01-13,09:11:22,kim,8,9,8.9,17.26666666666667,combined,kim,153,C27573
kim|KR_1433,2022-01-13T18:36:56,2022-01-13T19:07:53,0.5158333333333334,39.83,Weekday,2022-01-13,18:36:56,2022-01-13,19:07:53,kim,18,19,18.6,30.950000000000003,combined,kim,153,C27574
kim|KR_1433,2022-01-18T14:24:57,2022-01-18T14:38:24,0.2241666666666666,10.28,Weekday,2022-01-18,14:24:57,2022-01-18,14:38:24,kim,14,14,14.4,13.449999999999996,combined,kim,153,C27575
kim|KR_1433,2022-01-19T09:42:03,2022-01-19T09:55:57,0.2316666666666666,17.31,Weekday,2022-01-19,09:42:03,2022-01-19,09:55:57,kim,9,9,9.7,13.899999999999997,combined,kim,153,C27576
kim|KR_1433,2022-01-20T13:35:04,2022-01-20T13:54:44,0.3277777777777778,25.02,Weekday,2022-01-20,13:35:04,2022-01-20,13:54:44,kim,13,13,13.583333333333334,19.666666666666668,combined,kim,153,C27577
kim|KR_1433,2022-01-21T07:59:25,2022-01-21T08:38:54,0.6580555555555555,46.27,Weekday,2022-01-21,07:59:25,2022-01-21,08:38:54,kim,7,8,7.983333333333333,39.48333333333333,combined,kim,153,C27578
kim|KR_1433,2022-01-25T08:07:41,2022-01-25T08:50:12,0.7086111111111111,52.03,Weekday,2022-01-25,08:07:41,2022-01-25,08:50:12,kim,8,8,8.116666666666667,42.516666666666666,combined,kim,153,C27579
kim|KR_1433,2022-01-27T12:17:53,2022-01-27T13:09:06,0.8536111111111111,53.09,Weekday,2022-01-27,12:17:53,2022-01-27,13:09:06,kim,12,13,12.283333333333331,51.21666666666667,combined,kim,153,C27580
kim|KR_1433,2022-02-08T13:25:14,2022-02-08T13:46:11,0.3491666666666667,26.42,Weekday,2022-02-08,13:25:14,2022-02-08,13:46:11,kim,13,13,13.416666666666666,20.95,combined,kim,153,C27581
kim|KR_1433,2022-02-10T14:11:46,2022-02-10T14:37:18,0.4255555555555556,32.9,Weekday,2022-02-10,14:11:46,2022-02-10,14:37:18,kim,14,14,14.183333333333334,25.53333333333333,combined,kim,153,C27582
kim|KR_160,2021-10-06T13:57:43,2021-10-06T15:01:24,1.061388888888889,7.38,Weekday,2021-10-06,13:57:43,2021-10-06,15:01:24,kim,13,15,13.95,63.68333333333334,combined,kim,138,C26727
kim|KR_160,2021-10-15T15:34:54,2021-10-15T17:31:02,1.935555555555556,13.57,Weekday,2021-10-15,15:34:54,2021-10-15,17:31:02,kim,15,17,15.566666666666666,116.13333333333335,combined,kim,138,C26728
kim|KR_160,2021-10-26T14:24:27,2021-10-26T15:29:06,1.0775,7.49,Weekday,2021-10-26,14:24:27,2021-10-26,15:29:06,kim,14,15,14.4,64.64999999999999,combined,kim,138,C26729
kim|KR_160,2021-10-28T15:06:31,2021-10-28T16:36:16,1.4958333333333331,10.45,Weekday,2021-10-28,15:06:31,2021-10-28,16:36:16,kim,15,16,15.1,89.74999999999999,combined,kim,138,C26730
kim|KR_160,2021-11-09T11:35:29,2021-11-09T14:34:01,2.975555555555556,20.76,Weekday,2021-11-09,11:35:29,2021-11-09,14:34:01,kim,11,14,11.583333333333334,178.53333333333336,combined,kim,138,C26731
kim|KR_160,2021-11-16T16:36:55,2021-11-16T19:38:55,3.033333333333333,20.36,Weekday,2021-11-16,16:36:55,2021-11-16,19:38:55,kim,16,19,16.6,182.0,combined,kim,138,C26732
kim|KR_160,2021-11-19T13:05:42,2021-11-19T14:55:31,1.8302777777777777,11.7,Weekday,2021-11-19,13:05:42,2021-11-19,14:55:31,kim,13,14,13.083333333333334,109.81666666666666,combined,kim,138,C26733
kim|KR_160,2021-11-23T17:15:53,2021-11-23T19:03:34,1.7947222222222223,10.17,Weekday,2021-11-23,17:15:53,2021-11-23,19:03:34,kim,17,19,17.25,107.68333333333334,combined,kim,138,C26734
kim|KR_160,2021-11-24T11:43:51,2021-11-24T13:55:33,2.195,13.17,Weekday,2021-11-24,11:43:51,2021-11-24,13:55:33,kim,11,13,11.716666666666669,131.7,combined,kim,138,C26735
kim|KR_160,2021-11-26T15:54:11,2021-11-26T17:17:15,1.3844444444444444,8.58,Weekday,2021-11-26,15:54:11,2021-11-26,17:17:15,kim,15,17,15.9,83.06666666666666,combined,kim,138,C26736
kim|KR_1691,2021-10-06T09:10:33,2021-10-06T09:50:34,0.6669444444444445,31.13,Weekday,2021-10-06,09:10:33,2021-10-06,09:50:34,kim,9,9,9.166666666666666,40.016666666666666,combined,kim,154,C27612
kim|KR_1691,2021-10-13T17:11:59,2021-10-13T17:52:06,0.6686111111111112,31.28,Weekday,2021-10-13,17:11:59,2021-10-13,17:52:06,kim,17,17,17.183333333333334,40.11666666666667,combined,kim,154,C27613
kim|KR_1691,2021-10-13T19:28:53,2021-10-13T20:08:54,0.6669444444444445,16.5,Weekday,2021-10-13,19:28:53,2021-10-13,20:08:54,kim,19,20,19.466666666666665,40.016666666666666,combined,kim,154,C27614
kim|KR_1691,2021-10-18T16:32:30,2021-10-18T17:12:30,0.6666666666666666,31.18,Weekday,2021-10-18,16:32:30,2021-10-18,17:12:30,kim,16,17,16.533333333333335,40.0,combined,kim,154,C27615
kim|KR_1691,2021-10-18T17:20:24,2021-10-18T18:00:25,0.6669444444444445,17.0,Weekday,2021-10-18,17:20:24,2021-10-18,18:00:25,kim,17,18,17.333333333333332,40.016666666666666,combined,kim,154,C27616
kim|KR_1691,2021-10-22T11:41:30,2021-10-22T12:21:31,0.6669444444444445,30.68,Weekday,2021-10-22,11:41:30,2021-10-22,12:21:31,kim,11,12,11.683333333333334,40.016666666666666,combined,kim,154,C27617
kim|KR_1691,2021-10-22T14:03:26,2021-10-22T14:43:27,0.6669444444444445,23.7,Weekday,2021-10-22,14:03:26,2021-10-22,14:43:27,kim,14,14,14.05,40.016666666666666,combined,kim,154,C27618
kim|KR_1691,2021-11-01T11:33:34,2021-11-01T12:13:35,0.6669444444444445,30.74,Weekday,2021-11-01,11:33:34,2021-11-01,12:13:35,kim,11,12,11.55,40.016666666666666,combined,kim,154,C27619
kim|KR_1691,2021-11-01T12:14:52,2021-11-01T12:54:53,0.6669444444444445,22.96,Weekday,2021-11-01,12:14:52,2021-11-01,12:54:53,kim,12,12,12.233333333333333,40.016666666666666,combined,kim,154,C27620
kim|KR_1691,2021-11-04T16:59:02,2021-11-04T17:39:04,0.6672222222222223,18.04,Weekday,2021-11-04,16:59:02,2021-11-04,17:39:04,kim,16,17,16.983333333333334,40.03333333333334,combined,kim,154,C27621
kim|KR_178,2022-05-27T08:03:56,2022-05-27T09:36:41,1.5458333333333334,10.85,Weekday,2022-05-27,08:03:56,2022-05-27,09:36:41,kim,8,9,8.05,92.75,combined,kim,139,C26843
kim|KR_178,2022-06-01T15:00:49,2022-06-01T16:36:48,1.5997222222222225,11.06,Weekday,2022-06-01,15:00:49,2022-06-01,16:36:48,kim,15,16,15.0,95.98333333333336,combined,kim,139,C26844
kim|KR_178,2022-06-02T20:03:42,2022-06-02T20:36:41,0.5497222222222222,3.88,Weekday,2022-06-02,20:03:42,2022-06-02,20:36:41,kim,20,20,20.05,32.983333333333334,combined,kim,139,C26845
kim|KR_178,2022-06-03T17:37:24,2022-06-03T18:01:10,0.3961111111111111,2.8,Weekday,2022-06-03,17:37:24,2022-06-03,18:01:10,kim,17,18,17.616666666666667,23.766666666666666,combined,kim,139,C26846
kim|KR_178,2022-06-06T08:57:16,2022-06-06T10:11:09,1.2313888888888889,8.55,Weekday,2022-06-06,08:57:16,2022-06-06,10:11:09,kim,8,10,8.95,73.88333333333333,combined,kim,139,C26847
kim|KR_178,2022-06-07T07:45:54,2022-06-07T08:47:42,1.03,7.13,Weekday,2022-06-07,07:45:54,2022-06-07,08:47:42,kim,7,8,7.75,61.8,combined,kim,139,C26848
kim|KR_178,2022-06-09T07:59:30,2022-06-09T09:03:08,1.0605555555555557,7.19,Weekday,2022-06-09,07:59:30,2022-06-09,09:03:08,kim,7,9,7.983333333333333,63.63333333333334,combined,kim,139,C26849
kim|KR_178,2022-06-10T07:54:40,2022-06-10T08:40:56,0.7711111111111111,5.33,Weekday,2022-06-10,07:54:40,2022-06-10,08:40:56,kim,7,8,7.9,46.266666666666666,combined,kim,139,C26850
kim|KR_178,2022-06-13T13:08:29,2022-06-13T14:42:47,1.5716666666666668,10.99,Weekday,2022-06-13,13:08:29,2022-06-13,14:42:47,kim,13,14,13.133333333333333,94.3,combined,kim,139,C26851
kim|KR_178,2022-06-14T07:51:01,2022-06-14T08:25:11,0.5694444444444444,3.93,Weekday,2022-06-14,07:51:01,2022-06-14,08:25:11,kim,7,8,7.85,34.166666666666664,combined,kim,139,C26852
kim|KR_20,2021-10-05T15:14:26,2021-10-05T16:40:53,1.4408333333333334,9.23,Weekday,2021-10-05,15:14:26,2021-10-05,16:40:53,kim,15,16,15.233333333333333,86.45,combined,kim,130,C25960
kim|KR_20,2021-10-06T14:01:08,2021-10-06T14:49:22,0.8038888888888889,5.22,Weekday,2021-10-06,14:01:08,2021-10-06,14:49:22,kim,14,14,14.016666666666667,48.23333333333333,combined,kim,130,C25961
kim|KR_20,2021-10-12T16:24:11,2021-10-12T17:20:45,0.9427777777777778,6.09,Weekday,2021-10-12,16:24:11,2021-10-12,17:20:45,kim,16,17,16.4,56.56666666666667,combined,kim,130,C25962
kim|KR_20,2021-10-14T16:12:53,2021-10-14T17:30:51,1.2994444444444444,8.45,Weekday,2021-10-14,16:12:53,2021-10-14,17:30:51,kim,16,17,16.2,77.96666666666667,combined,kim,130,C25963
kim|KR_20,2021-10-18T15:45:12,2021-10-18T16:14:50,0.4938888888888889,3.18,Weekday,2021-10-18,15:45:12,2021-10-18,16:14:50,kim,15,16,15.75,29.633333333333333,combined,kim,130,C25964
kim|KR_20,2021-10-19T15:15:08,2021-10-19T15:22:06,0.1161111111111111,0.74,Weekday,2021-10-19,15:15:08,2021-10-19,15:22:06,kim,15,15,15.25,6.966666666666666,combined,kim,130,C25965
kim|KR_20,2021-10-20T17:47:26,2021-10-20T20:00:48,2.222777777777778,14.64,Weekday,2021-10-20,17:47:26,2021-10-20,20:00:48,kim,17,20,17.783333333333335,133.36666666666667,combined,kim,130,C25966
kim|KR_20,2021-11-03T15:31:30,2021-11-03T17:10:46,1.6544444444444444,10.84,Weekday,2021-11-03,15:31:30,2021-11-03,17:10:46,kim,15,17,15.516666666666667,99.26666666666668,combined,kim,130,C25967
kim|KR_20,2021-11-04T14:03:50,2021-11-04T14:28:58,0.4188888888888888,2.73,Weekday,2021-11-04,14:03:50,2021-11-04,14:28:58,kim,14,14,14.05,25.13333333333333,combined,kim,130,C25968
kim|KR_20,2021-11-09T15:29:49,2021-11-09T17:26:44,1.948611111111111,12.8,Weekday,2021-11-09,15:29:49,2021-11-09,17:26:44,kim,15,17,15.483333333333333,116.91666666666666,combined,kim,130,C25969
kim|KR_202,2021-10-14T17:09:39,2021-10-14T20:14:19,3.077777777777778,20.77,Weekday,2021-10-14,17:09:39,2021-10-14,20:14:19,kim,17,20,17.15,184.66666666666669,combined,kim,140,C26893
kim|KR_202,2021-11-05T08:34:46,2021-11-05T08:47:29,0.2119444444444444,1.4,Weekday,2021-11-05,08:34:46,2021-11-05,08:47:29,kim,8,8,8.566666666666666,12.716666666666663,combined,kim,140,C26894
kim|KR_202,2021-11-05T11:36:47,2021-11-05T14:17:47,2.683333333333333,18.11,Weekday,2021-11-05,11:36:47,2021-11-05,14:17:47,kim,11,14,11.6,161.0,combined,kim,140,C26895
kim|KR_202,2021-12-01T13:46:29,2021-12-01T16:43:39,2.952777777777778,19.57,Weekday,2021-12-01,13:46:29,2021-12-01,16:43:39,kim,13,16,13.766666666666667,177.16666666666669,combined,kim,140,C26896
kim|KR_202,2021-12-07T15:34:01,2021-12-07T18:37:46,3.0625,20.76,Weekday,2021-12-07,15:34:01,2021-12-07,18:37:46,kim,15,18,15.566666666666666,183.75,combined,kim,140,C26897
kim|KR_202,2021-12-24T16:57:36,2021-12-24T19:47:08,2.825555555555556,19.14,Weekday,2021-12-24,16:57:36,2021-12-24,19:47:08,kim,16,19,16.95,169.53333333333336,combined,kim,140,C26898
kim|KR_202,2022-01-13T17:34:01,2022-01-13T20:37:27,3.0572222222222223,20.76,Weekday,2022-01-13,17:34:01,2022-01-13,20:37:27,kim,17,20,17.566666666666666,183.4333333333333,combined,kim,140,C26899
kim|KR_202,2022-01-21T14:24:56,2022-01-21T17:29:13,3.071388888888889,20.77,Weekday,2022-01-21,14:24:56,2022-01-21,17:29:13,kim,14,17,14.4,184.28333333333333,combined,kim,140,C26900
kim|KR_202,2022-01-27T16:34:06,2022-01-27T19:41:24,3.1216666666666666,20.76,Weekday,2022-01-27,16:34:06,2022-01-27,19:41:24,kim,16,19,16.566666666666666,187.3,combined,kim,140,C26901
kim|KR_202,2022-02-11T16:18:23,2022-02-11T19:00:09,2.696111111111111,17.8,Weekday,2022-02-11,16:18:23,2022-02-11,19:00:09,kim,16,19,16.3,161.76666666666668,combined,kim,140,C26902
kim|KR_21,2021-10-12T15:08:33,2021-10-12T18:19:50,3.188055555555556,20.77,Weekday,2021-10-12,15:08:33,2021-10-12,18:19:50,kim,15,18,15.133333333333333,191.28333333333336,combined,kim,131,C26088
kim|KR_21,2021-10-25T16:23:34,2021-10-25T19:10:43,2.785833333333333,18.15,Weekday,2021-10-25,16:23:34,2021-10-25,19:10:43,kim,16,19,16.383333333333333,167.14999999999998,combined,kim,131,C26089
kim|KR_21,2021-10-27T16:23:54,2021-10-27T17:00:02,0.6022222222222222,3.98,Weekday,2021-10-27,16:23:54,2021-10-27,17:00:02,kim,16,17,16.383333333333333,36.13333333333333,combined,kim,131,C26090
kim|KR_21,2021-11-01T09:42:48,2021-11-01T11:31:16,1.8077777777777777,11.9,Weekday,2021-11-01,09:42:48,2021-11-01,11:31:16,kim,9,11,9.7,108.46666666666668,combined,kim,131,C26091
kim|KR_21,2021-11-09T14:04:34,2021-11-09T15:14:23,1.1636111111111112,7.56,Weekday,2021-11-09,14:04:34,2021-11-09,15:14:23,kim,14,15,14.066666666666666,69.81666666666666,combined,kim,131,C26092
kim|KR_21,2021-11-11T17:27:07,2021-11-11T20:05:50,2.645277777777778,17.35,Weekday,2021-11-11,17:27:07,2021-11-11,20:05:50,kim,17,20,17.45,158.71666666666667,combined,kim,131,C26093
kim|KR_21,2021-12-02T15:38:18,2021-12-02T16:13:05,0.5797222222222222,3.7,Weekday,2021-12-02,15:38:18,2021-12-02,16:13:05,kim,15,16,15.633333333333333,34.78333333333333,combined,kim,131,C26094
kim|KR_21,2021-12-10T10:46:06,2021-12-10T13:54:48,3.145,20.77,Weekday,2021-12-10,10:46:06,2021-12-10,13:54:48,kim,10,13,10.766666666666667,188.7,combined,kim,131,C26095
kim|KR_21,2022-01-05T16:20:37,2022-01-05T19:23:39,3.0505555555555555,20.07,Weekday,2022-01-05,16:20:37,2022-01-05,19:23:39,kim,16,19,16.333333333333332,183.03333333333333,combined,kim,131,C26096
kim|KR_21,2022-01-12T16:24:49,2022-01-12T18:13:16,1.8075,11.68,Weekday,2022-01-12,16:24:49,2022-01-12,18:13:16,kim,16,18,16.4,108.45,combined,kim,131,C26097
kim|KR_223,2022-02-18T10:40:50,2022-02-18T13:00:22,2.325555555555556,14.99,Weekday,2022-02-18,10:40:50,2022-02-18,13:00:22,kim,10,13,10.666666666666666,139.53333333333336,combined,kim,141,C26944
kim|KR_223,2022-02-21T09:51:43,2022-02-21T12:56:19,3.0766666666666667,16.57,Weekday,2022-02-21,09:51:43,2022-02-21,12:56:19,kim,9,12,9.85,184.6,combined,kim,141,C26945
kim|KR_223,2022-02-24T09:32:24,2022-02-24T12:11:07,2.645277777777778,13.8,Weekday,2022-02-24,09:32:24,2022-02-24,12:11:07,kim,9,12,9.533333333333331,158.71666666666667,combined,kim,141,C26946
kim|KR_223,2022-03-02T09:11:15,2022-03-02T12:52:14,3.683055555555556,21.27,Weekday,2022-03-02,09:11:15,2022-03-02,12:52:14,kim,9,12,9.183333333333334,220.98333333333335,combined,kim,141,C26947
kim|KR_223,2022-03-04T09:15:51,2022-03-04T11:59:22,2.725277777777778,14.79,Weekday,2022-03-04,09:15:51,2022-03-04,11:59:22,kim,9,11,9.25,163.51666666666668,combined,kim,141,C26948
kim|KR_223,2022-03-07T09:03:11,2022-03-07T12:20:46,3.293055555555556,17.98,Weekday,2022-03-07,09:03:11,2022-03-07,12:20:46,kim,9,12,9.05,197.58333333333337,combined,kim,141,C26949
kim|KR_223,2022-03-08T09:37:50,2022-03-08T12:45:51,3.133611111111111,17.18,Weekday,2022-03-08,09:37:50,2022-03-08,12:45:51,kim,9,12,9.616666666666667,188.01666666666668,combined,kim,141,C26950
kim|KR_223,2022-03-10T10:30:08,2022-03-10T12:17:54,1.7961111111111112,11.37,Weekday,2022-03-10,10:30:08,2022-03-10,12:17:54,kim,10,12,10.5,107.76666666666668,combined,kim,141,C26951
kim|KR_223,2022-03-14T08:41:59,2022-03-14T10:46:13,2.0705555555555555,11.53,Weekday,2022-03-14,08:41:59,2022-03-14,10:46:13,kim,8,10,8.683333333333334,124.23333333333332,combined,kim,141,C26952
kim|KR_223,2022-03-21T09:11:44,2022-03-21T12:31:17,3.325833333333333,18.47,Weekday,2022-03-21,09:11:44,2022-03-21,12:31:17,kim,9,12,9.183333333333334,199.55,combined,kim,141,C26953
kim|KR_233,2021-11-08T19:17:57,2021-11-09T02:47:57,7.5,41.7,Weekday,2021-11-08,19:17:57,2021-11-09,02:47:57,kim,19,2,19.28333333333333,450.0,combined,kim,142,C27002
kim|KR_233,2021-11-10T17:32:58,2021-11-11T02:32:58,9.0,37.13,Weekday,2021-11-10,17:32:58,2021-11-11,02:32:58,kim,17,2,17.533333333333335,540.0,combined,kim,142,C27003
kim|KR_233,2021-11-12T22:29:18,2021-11-13T03:29:18,5.0,31.54,Weekday,2021-11-12,22:29:18,2021-11-13,03:29:18,kim,22,3,22.48333333333333,300.0,combined,kim,142,C27004
kim|KR_233,2021-11-16T20:20:01,2021-11-17T02:20:01,6.0,36.78,Weekday,2021-11-16,20:20:01,2021-11-17,02:20:01,kim,20,2,20.33333333333333,360.0,combined,kim,142,C27005
kim|KR_233,2021-11-19T17:44:27,2021-11-20T01:14:27,7.5,45.01,Weekday,2021-11-19,17:44:27,2021-11-20,01:14:27,kim,17,1,17.733333333333334,450.0,combined,kim,142,C27006
kim|KR_233,2021-11-23T21:16:26,2021-11-24T03:36:26,6.333333333333333,27.29,Weekday,2021-11-23,21:16:26,2021-11-24,03:36:26,kim,21,3,21.266666666666666,380.0,combined,kim,142,C27007
kim|KR_233,2021-11-26T21:10:19,2021-11-27T06:10:19,9.0,44.48,Weekday,2021-11-26,21:10:19,2021-11-27,06:10:19,kim,21,6,21.166666666666668,540.0,combined,kim,142,C27008
kim|KR_233,2021-11-29T21:08:33,2021-11-30T03:48:33,6.666666666666667,41.33,Weekday,2021-11-29,21:08:33,2021-11-30,03:48:33,kim,21,3,21.133333333333333,400.0,combined,kim,142,C27009
kim|KR_233,2021-12-02T17:31:58,2021-12-03T02:31:58,9.0,41.87,Weekday,2021-12-02,17:31:58,2021-12-03,02:31:58,kim,17,2,17.516666666666666,540.0,combined,kim,142,C27010
kim|KR_233,2021-12-07T20:02:03,2021-12-08T03:02:03,7.0,36.2,Weekday,2021-12-07,20:02:03,2021-12-08,03:02:03,kim,20,3,20.03333333333333,420.0,combined,kim,142,C27011
kim|KR_240,2021-10-01T17:53:57,2021-10-01T23:25:10,5.520277777777777,38.7,Weekday,2021-10-01,17:53:57,2021-10-01,23:25:10,kim,17,23,17.883333333333333,331.21666666666664,combined,kim,143,C27056
kim|KR_240,2021-10-04T18:17:34,2021-10-04T23:45:20,5.462777777777778,38.7,Weekday,2021-10-04,18:17:34,2021-10-04,23:45:20,kim,18,23,18.28333333333333,327.7666666666667,combined,kim,143,C27057
kim|KR_240,2021-10-15T16:51:11,2021-10-15T20:07:44,3.2758333333333334,23.2,Weekday,2021-10-15,16:51:11,2021-10-15,20:07:44,kim,16,20,16.85,196.55,combined,kim,143,C27058
kim|KR_240,2021-10-22T17:01:59,2021-10-22T22:30:52,5.481388888888889,38.7,Weekday,2021-10-22,17:01:59,2021-10-22,22:30:52,kim,17,22,17.016666666666666,328.8833333333333,combined,kim,143,C27059
kim|KR_240,2021-10-25T16:29:10,2021-10-25T21:59:29,5.505277777777778,38.7,Weekday,2021-10-25,16:29:10,2021-10-25,21:59:29,kim,16,21,16.483333333333334,330.31666666666666,combined,kim,143,C27060
kim|KR_240,2021-10-27T18:11:09,2021-10-27T21:28:24,3.2875,23.2,Weekday,2021-10-27,18:11:09,2021-10-27,21:28:24,kim,18,21,18.183333333333334,197.25,combined,kim,143,C27061
kim|KR_240,2021-11-03T19:42:27,2021-11-04T03:29:05,7.777222222222222,54.0,Weekday,2021-11-03,19:42:27,2021-11-04,03:29:05,kim,19,3,19.7,466.6333333333333,combined,kim,143,C27062
kim|KR_240,2021-11-15T19:06:52,2021-11-16T03:17:36,8.178888888888888,55.6,Weekday,2021-11-15,19:06:52,2021-11-16,03:17:36,kim,19,3,19.1,490.7333333333333,combined,kim,143,C27063
kim|KR_240,2021-11-19T23:15:35,2021-11-20T06:40:28,7.414722222222222,49.9,Weekday,2021-11-19,23:15:35,2021-11-20,06:40:28,kim,23,6,23.25,444.8833333333333,combined,kim,143,C27064
kim|KR_240,2021-11-26T17:31:12,2021-11-26T23:01:01,5.496944444444445,38.7,Weekday,2021-11-26,17:31:12,2021-11-26,23:01:01,kim,17,23,17.516666666666666,329.8166666666667,combined,kim,143,C27065
kim|KR_29,2021-10-01T15:32:59,2021-10-01T16:56:51,1.3977777777777778,9.46,Weekday,2021-10-01,15:32:59,2021-10-01,16:56:51,kim,15,16,15.533333333333331,83.86666666666667,combined,kim,132,C26129
kim|KR_29,2021-10-06T16:30:26,2021-10-06T18:20:37,1.8363888888888888,12.33,Weekday,2021-10-06,16:30:26,2021-10-06,18:20:37,kim,16,18,16.5,110.18333333333334,combined,kim,132,C26130
kim|KR_29,2021-10-08T16:13:05,2021-10-08T18:16:49,2.062222222222222,13.81,Weekday,2021-10-08,16:13:05,2021-10-08,18:16:49,kim,16,18,16.216666666666665,123.73333333333332,combined,kim,132,C26131
kim|KR_29,2021-10-12T16:45:40,2021-10-12T18:14:29,1.4802777777777778,10.18,Weekday,2021-10-12,16:45:40,2021-10-12,18:14:29,kim,16,18,16.75,88.81666666666666,combined,kim,132,C26132
kim|KR_29,2021-10-13T17:22:45,2021-10-13T18:34:00,1.1875,7.95,Weekday,2021-10-13,17:22:45,2021-10-13,18:34:00,kim,17,18,17.366666666666667,71.25,combined,kim,132,C26133
kim|KR_29,2021-10-14T16:57:37,2021-10-14T18:07:58,1.1725,7.9,Weekday,2021-10-14,16:57:37,2021-10-14,18:07:58,kim,16,18,16.95,70.35000000000001,combined,kim,132,C26134
kim|KR_29,2021-10-15T16:41:45,2021-10-15T18:01:10,1.323611111111111,8.92,Weekday,2021-10-15,16:41:45,2021-10-15,18:01:10,kim,16,18,16.683333333333334,79.41666666666666,combined,kim,132,C26135
kim|KR_29,2021-10-18T16:45:55,2021-10-18T18:23:12,1.621388888888889,11.06,Weekday,2021-10-18,16:45:55,2021-10-18,18:23:12,kim,16,18,16.75,97.28333333333336,combined,kim,132,C26136
kim|KR_29,2021-10-20T16:20:05,2021-10-20T17:57:50,1.6291666666666669,10.57,Weekday,2021-10-20,16:20:05,2021-10-20,17:57:50,kim,16,17,16.333333333333332,97.75,combined,kim,132,C26137
kim|KR_29,2021-10-21T16:43:42,2021-10-21T17:34:14,0.8422222222222222,5.72,Weekday,2021-10-21,16:43:42,2021-10-21,17:34:14,kim,16,17,16.716666666666665,50.53333333333333,combined,kim,132,C26138
kim|KR_391,2021-09-30T20:48:46,2021-10-01T03:35:11,6.773611111111111,47.0,Weekday,2021-09-30,20:48:46,2021-10-01,03:35:11,kim,20,3,20.8,406.4166666666667,combined,kim,144,C27105
kim|KR_391,2021-10-07T19:25:01,2021-10-08T03:51:04,8.434166666666666,58.0,Weekday,2021-10-07,19:25:01,2021-10-08,03:51:04,kim,19,3,19.416666666666668,506.05,combined,kim,144,C27106
kim|KR_391,2021-10-29T18:52:29,2021-10-30T02:39:41,7.786666666666667,54.1,Weekday,2021-10-29,18:52:29,2021-10-30,02:39:41,kim,18,2,18.866666666666667,467.2000000000001,combined,kim,144,C27107
kim|KR_391,2021-11-04T17:37:08,2021-11-05T01:08:18,7.519444444444445,51.9,Weekday,2021-11-04,17:37:08,2021-11-05,01:08:18,kim,17,1,17.616666666666667,451.1666666666667,combined,kim,144,C27108
kim|KR_391,2021-11-15T08:39:23,2021-11-15T16:16:28,7.618055555555555,50.4,Weekday,2021-11-15,08:39:23,2021-11-15,16:16:28,kim,8,16,8.65,457.0833333333333,combined,kim,144,C27109
kim|KR_391,2021-12-02T20:49:45,2021-12-03T04:19:40,7.498611111111111,50.0,Weekday,2021-12-02,20:49:45,2021-12-03,04:19:40,kim,20,4,20.816666666666663,449.9166666666666,combined,kim,144,C27110
kim|KR_391,2021-12-10T08:37:04,2021-12-10T16:26:04,7.816666666666666,51.2,Weekday,2021-12-10,08:37:04,2021-12-10,16:26:04,kim,8,16,8.616666666666667,469.0,combined,kim,144,C27111
kim|KR_391,2021-12-14T20:51:22,2021-12-15T00:39:34,3.803333333333333,25.8,Weekday,2021-12-14,20:51:22,2021-12-15,00:39:34,kim,20,0,20.85,228.2,combined,kim,144,C27112
kim|KR_391,2021-12-20T08:47:34,2021-12-20T16:29:27,7.698055555555555,51.1,Weekday,2021-12-20,08:47:34,2021-12-20,16:29:27,kim,8,16,8.783333333333333,461.8833333333333,combined,kim,144,C27113
kim|KR_391,2021-12-24T21:01:16,2021-12-25T02:28:59,5.461944444444445,35.0,Weekday,2021-12-24,21:01:16,2021-12-25,02:28:59,kim,21,2,21.016666666666666,327.7166666666667,combined,kim,144,C27114
kim|KR_401,2021-10-06T09:13:47,2021-10-06T11:34:23,2.3433333333333333,16.04,Weekday,2021-10-06,09:13:47,2021-10-06,11:34:23,kim,9,11,9.216666666666669,140.6,combined,kim,145,C27152
kim|KR_401,2021-10-07T16:35:49,2021-10-07T19:27:50,2.8669444444444445,20.15,Weekday,2021-10-07,16:35:49,2021-10-07,19:27:50,kim,16,19,16.583333333333332,172.01666666666668,combined,kim,145,C27153
kim|KR_401,2021-10-14T17:08:22,2021-10-14T18:56:28,1.8016666666666667,12.54,Weekday,2021-10-14,17:08:22,2021-10-14,18:56:28,kim,17,18,17.133333333333333,108.1,combined,kim,145,C27154
kim|KR_401,2021-10-21T17:17:16,2021-10-21T19:23:08,2.097777777777778,14.13,Weekday,2021-10-21,17:17:16,2021-10-21,19:23:08,kim,17,19,17.283333333333335,125.86666666666667,combined,kim,145,C27155
kim|KR_401,2021-10-29T08:13:32,2021-10-29T10:49:15,2.5952777777777776,18.02,Weekday,2021-10-29,08:13:32,2021-10-29,10:49:15,kim,8,10,8.216666666666667,155.71666666666664,combined,kim,145,C27156
kim|KR_401,2021-11-08T16:23:34,2021-11-08T18:40:52,2.2883333333333336,15.32,Weekday,2021-11-08,16:23:34,2021-11-08,18:40:52,kim,16,18,16.383333333333333,137.3,combined,kim,145,C27157
kim|KR_401,2021-11-18T16:01:43,2021-11-18T18:49:00,2.788055555555556,19.18,Weekday,2021-11-18,16:01:43,2021-11-18,18:49:00,kim,16,18,16.016666666666666,167.28333333333336,combined,kim,145,C27158
kim|KR_401,2021-11-24T17:17:12,2021-11-24T18:54:03,1.6141666666666667,9.48,Weekday,2021-11-24,17:17:12,2021-11-24,18:54:03,kim,17,18,17.283333333333335,96.85,combined,kim,145,C27159
kim|KR_401,2021-11-29T18:11:33,2021-11-29T20:56:58,2.7569444444444446,18.61,Weekday,2021-11-29,18:11:33,2021-11-29,20:56:58,kim,18,20,18.183333333333334,165.41666666666669,combined,kim,145,C27160
kim|KR_401,2021-12-06T16:55:31,2021-12-06T19:15:07,2.3266666666666667,15.96,Weekday,2021-12-06,16:55:31,2021-12-06,19:15:07,kim,16,19,16.916666666666668,139.6,combined,kim,145,C27161
kim|KR_422,2021-10-06T16:25:23,2021-10-06T22:29:37,6.070555555555556,41.06,Weekday,2021-10-06,16:25:23,2021-10-06,22:29:37,kim,16,22,16.416666666666668,364.23333333333335,combined,kim,146,C27221
kim|KR_422,2021-10-13T16:14:47,2021-10-13T20:38:43,4.398888888888889,30.14,Weekday,2021-10-13,16:14:47,2021-10-13,20:38:43,kim,16,20,16.233333333333334,263.93333333333334,combined,kim,146,C27222
kim|KR_422,2021-10-19T16:22:36,2021-10-19T22:13:29,5.848055555555556,38.89,Weekday,2021-10-19,16:22:36,2021-10-19,22:13:29,kim,16,22,16.366666666666667,350.8833333333333,combined,kim,146,C27223
kim|KR_422,2021-10-22T16:30:15,2021-10-22T22:19:05,5.813888888888889,37.3,Weekday,2021-10-22,16:30:15,2021-10-22,22:19:05,kim,16,22,16.5,348.83333333333337,combined,kim,146,C27224
kim|KR_422,2021-10-28T16:12:44,2021-10-28T21:58:09,5.756944444444445,39.51,Weekday,2021-10-28,16:12:44,2021-10-28,21:58:09,kim,16,21,16.2,345.4166666666667,combined,kim,146,C27225
kim|KR_422,2021-11-05T16:11:55,2021-11-05T23:08:53,6.9494444444444445,47.24,Weekday,2021-11-05,16:11:55,2021-11-05,23:08:53,kim,16,23,16.183333333333334,416.9666666666667,combined,kim,146,C27226
kim|KR_422,2021-11-10T16:20:45,2021-11-10T22:34:26,6.228055555555556,40.43,Weekday,2021-11-10,16:20:45,2021-11-10,22:34:26,kim,16,22,16.333333333333332,373.6833333333333,combined,kim,146,C27227
kim|KR_422,2021-11-16T16:20:38,2021-11-16T21:46:58,5.438888888888889,35.2,Weekday,2021-11-16,16:20:38,2021-11-16,21:46:58,kim,16,21,16.333333333333332,326.33333333333337,combined,kim,146,C27228
kim|KR_422,2021-11-22T16:21:10,2021-11-22T22:27:58,6.113333333333333,39.57,Weekday,2021-11-22,16:21:10,2021-11-22,22:27:58,kim,16,22,16.35,366.8,combined,kim,146,C27229
kim|KR_422,2021-11-25T16:13:24,2021-11-25T20:53:57,4.675833333333333,29.42,Weekday,2021-11-25,16:13:24,2021-11-25,20:53:57,kim,16,20,16.216666666666665,280.55,combined,kim,146,C27230
kim|KR_53,2022-05-02T11:57:08,2022-05-02T12:37:09,0.6669444444444445,30.36,Weekday,2022-05-02,11:57:08,2022-05-02,12:37:09,kim,11,12,11.95,40.016666666666666,combined,kim,133,C26325
kim|KR_53,2022-05-02T12:47:23,2022-05-02T13:27:22,0.6663888888888889,25.83,Weekday,2022-05-02,12:47:23,2022-05-02,13:27:22,kim,12,13,12.783333333333331,39.98333333333333,combined,kim,133,C26326
kim|KR_53,2022-05-10T15:27:42,2022-05-10T16:07:43,0.6669444444444445,27.61,Weekday,2022-05-10,15:27:42,2022-05-10,16:07:43,kim,15,16,15.45,40.016666666666666,combined,kim,133,C26327
kim|KR_53,2022-05-10T16:26:36,2022-05-10T17:06:37,0.6669444444444445,19.49,Weekday,2022-05-10,16:26:36,2022-05-10,17:06:37,kim,16,17,16.433333333333334,40.016666666666666,combined,kim,133,C26328
kim|KR_53,2022-05-17T17:01:27,2022-05-17T17:41:27,0.6666666666666666,30.8,Weekday,2022-05-17,17:01:27,2022-05-17,17:41:27,kim,17,17,17.016666666666666,40.0,combined,kim,133,C26329
kim|KR_53,2022-05-17T18:32:36,2022-05-17T19:12:36,0.6666666666666666,22.88,Weekday,2022-05-17,18:32:36,2022-05-17,19:12:36,kim,18,19,18.53333333333333,40.0,combined,kim,133,C26330
kim|KR_53,2022-05-20T17:16:35,2022-05-20T17:56:36,0.6669444444444445,31.06,Weekday,2022-05-20,17:16:35,2022-05-20,17:56:36,kim,17,17,17.266666666666666,40.016666666666666,combined,kim,133,C26331
kim|KR_53,2022-05-25T15:12:44,2022-05-25T15:15:42,0.0494444444444444,1.87,Weekday,2022-05-25,15:12:44,2022-05-25,15:15:42,kim,15,15,15.2,2.966666666666664,combined,kim,133,C26332
kim|KR_53,2022-05-25T16:00:32,2022-05-25T16:40:33,0.6669444444444445,27.37,Weekday,2022-05-25,16:00:32,2022-05-25,16:40:33,kim,16,16,16.0,40.016666666666666,combined,kim,133,C26333
kim|KR_53,2022-05-27T10:39:41,2022-05-27T11:19:41,0.6666666666666666,29.83,Weekday,2022-05-27,10:39:41,2022-05-27,11:19:41,kim,10,11,10.65,40.0,combined,kim,133,C26334
kim|KR_594,2021-10-01T08:30:13,2021-10-01T11:36:59,3.1127777777777776,19.2,Weekday,2021-10-01,08:30:13,2021-10-01,11:36:59,kim,8,11,8.5,186.76666666666665,combined,kim,147,C27276
kim|KR_594,2021-10-05T17:19:34,2021-10-05T20:56:21,3.613055555555556,22.3,Weekday,2021-10-05,17:19:34,2021-10-05,20:56:21,kim,17,20,17.316666666666666,216.78333333333336,combined,kim,147,C27277
kim|KR_594,2021-10-12T08:31:06,2021-10-12T15:01:53,6.513055555555556,40.5,Weekday,2021-10-12,08:31:06,2021-10-12,15:01:53,kim,8,15,8.516666666666667,390.78333333333336,combined,kim,147,C27278
kim|KR_594,2021-10-18T15:53:18,2021-10-18T22:48:01,6.911944444444444,41.1,Weekday,2021-10-18,15:53:18,2021-10-18,22:48:01,kim,15,22,15.883333333333333,414.7166666666666,combined,kim,147,C27279
kim|KR_594,2021-10-25T17:54:56,2021-10-26T00:28:38,6.5616666666666665,41.0,Weekday,2021-10-25,17:54:56,2021-10-26,00:28:38,kim,17,0,17.9,393.7,combined,kim,147,C27280
kim|KR_594,2021-11-02T16:42:06,2021-11-02T22:34:57,5.880833333333333,34.7,Weekday,2021-11-02,16:42:06,2021-11-02,22:34:57,kim,16,22,16.7,352.85,combined,kim,147,C27281
kim|KR_594,2021-11-03T16:00:52,2021-11-03T16:39:51,0.6497222222222222,4.0,Weekday,2021-11-03,16:00:52,2021-11-03,16:39:51,kim,16,16,16.0,38.98333333333333,combined,kim,147,C27282
kim|KR_594,2021-11-03T17:03:11,2021-11-03T21:28:36,4.423611111111111,26.1,Weekday,2021-11-03,17:03:11,2021-11-03,21:28:36,kim,17,21,17.05,265.41666666666663,combined,kim,147,C27283
kim|KR_594,2021-11-04T18:11:32,2021-11-05T00:58:05,6.775833333333333,41.7,Weekday,2021-11-04,18:11:32,2021-11-05,00:58:05,kim,18,0,18.183333333333334,406.55,combined,kim,147,C27284
kim|KR_594,2021-11-08T14:23:33,2021-11-08T22:58:16,8.578611111111112,51.0,Weekday,2021-11-08,14:23:33,2021-11-08,22:58:16,kim,14,22,14.383333333333333,514.7166666666667,combined,kim,147,C27285
kim|KR_70,2021-10-01T11:43:37,2021-10-01T15:07:35,3.3994444444444443,22.3,Weekday,2021-10-01,11:43:37,2021-10-01,15:07:35,kim,11,15,11.716666666666669,203.96666666666667,combined,kim,134,C26380
kim|KR_70,2021-10-05T09:17:17,2021-10-05T10:32:14,1.2491666666666668,8.0,Weekday,2021-10-05,09:17:17,2021-10-05,10:32:14,kim,9,10,9.283333333333331,74.95,combined,kim,134,C26381
kim|KR_70,2021-10-06T08:58:24,2021-10-06T10:32:28,1.5677777777777775,10.1,Weekday,2021-10-06,08:58:24,2021-10-06,10:32:28,kim,8,10,8.966666666666667,94.06666666666663,combined,kim,134,C26382
kim|KR_70,2021-10-07T09:04:13,2021-10-07T12:21:18,3.2847222222222223,21.4,Weekday,2021-10-07,09:04:13,2021-10-07,12:21:18,kim,9,12,9.066666666666666,197.08333333333331,combined,kim,134,C26383
kim|KR_70,2021-10-14T09:01:20,2021-10-14T11:40:49,2.6580555555555554,17.4,Weekday,2021-10-14,09:01:20,2021-10-14,11:40:49,kim,9,11,9.016666666666667,159.48333333333332,combined,kim,134,C26384
kim|KR_70,2021-10-15T10:02:53,2021-10-15T12:49:33,2.7777777777777777,18.0,Weekday,2021-10-15,10:02:53,2021-10-15,12:49:33,kim,10,12,10.033333333333331,166.66666666666666,combined,kim,134,C26385
kim|KR_70,2021-10-18T09:12:37,2021-10-18T13:54:05,4.691111111111111,29.8,Weekday,2021-10-18,09:12:37,2021-10-18,13:54:05,kim,9,13,9.2,281.46666666666664,combined,kim,134,C26386
kim|KR_70,2021-10-20T09:24:59,2021-10-20T12:17:49,2.8805555555555555,18.2,Weekday,2021-10-20,09:24:59,2021-10-20,12:17:49,kim,9,12,9.4,172.83333333333334,combined,kim,134,C26387
kim|KR_70,2021-10-21T09:24:16,2021-10-21T11:36:16,2.2,14.3,Weekday,2021-10-21,09:24:16,2021-10-21,11:36:16,kim,9,11,9.4,132.0,combined,kim,134,C26388
kim|KR_70,2021-10-22T09:06:19,2021-10-22T11:20:22,2.234166666666667,14.4,Weekday,2021-10-22,09:06:19,2021-10-22,11:20:22,kim,9,11,9.1,134.05,combined,kim,134,C26389
kim|KR_90,2021-12-15T17:03:28,2021-12-15T21:31:42,4.470555555555555,12.8,Weekday,2021-12-15,17:03:28,2021-12-15,21:31:42,kim,17,21,17.05,268.2333333333333,combined,kim,135,C26558
kim|KR_90,2022-01-11T23:14:34,2022-01-12T04:04:30,4.832222222222223,13.4,Weekday,2022-01-11,23:14:34,2022-01-12,04:04:30,kim,23,4,23.23333333333333,289.93333333333334,combined,kim,135,C26559
kim|KR_90,2022-02-03T23:44:59,2022-02-04T04:48:58,5.066388888888889,14.1,Weekday,2022-02-03,23:44:59,2022-02-04,04:48:58,kim,23,4,23.73333333333333,303.9833333333333,combined,kim,135,C26560
kim|KR_90,2022-02-23T23:45:45,2022-02-24T00:57:29,1.1955555555555557,3.6,Weekday,2022-02-23,23:45:45,2022-02-24,00:57:29,kim,23,0,23.75,71.73333333333335,combined,kim,135,C26561
kim|KR_90,2022-03-09T04:41:13,2022-03-09T06:49:51,2.1438888888888887,5.4,Weekday,2022-03-09,04:41:13,2022-03-09,06:49:51,kim,4,6,4.683333333333334,128.63333333333333,combined,kim,135,C26562
kim|KR_90,2022-03-14T00:44:08,2022-03-14T05:27:29,4.7225,13.6,Weekday,2022-03-14,00:44:08,2022-03-14,05:27:29,kim,0,5,0.7333333333333333,283.35,combined,kim,135,C26563
kim|KR_90,2022-03-21T00:55:10,2022-03-21T05:23:08,4.466111111111111,12.6,Weekday,2022-03-21,00:55:10,2022-03-21,05:23:08,kim,0,5,0.9166666666666666,267.9666666666667,combined,kim,135,C26564
kim|KR_90,2022-03-30T02:44:57,2022-03-30T07:29:00,4.734166666666667,13.6,Weekday,2022-03-30,02:44:57,2022-03-30,07:29:00,kim,2,7,2.7333333333333334,284.05,combined,kim,135,C26565
kim|KR_90,2022-04-05T22:36:56,2022-04-06T03:54:49,5.298055555555556,15.3,Weekday,2022-04-05,22:36:56,2022-04-06,03:54:49,kim,22,3,22.6,317.8833333333334,combined,kim,135,C26566
kim|KR_90,2022-04-15T22:38:45,2022-04-16T03:13:38,4.581388888888889,13.3,Weekday,2022-04-15,22:38:45,2022-04-16,03:13:38,kim,22,3,22.633333333333333,274.8833333333333,combined,kim,135,C26567
kim|KR_927,2021-11-03T00:28:10,2021-11-03T06:31:05,6.048611111111111,35.4,Weekday,2021-11-03,00:28:10,2021-11-03,06:31:05,kim,0,6,0.4666666666666667,362.9166666666666,combined,kim,148,C27339
kim|KR_927,2021-12-16T23:06:03,2021-12-17T06:46:58,7.6819444444444445,44.8,Weekday,2021-12-16,23:06:03,2021-12-17,06:46:58,kim,23,6,23.1,460.9166666666667,combined,kim,148,C27340
kim|KR_927,2022-02-02T23:01:48,2022-02-03T06:35:06,7.555,44.5,Weekday,2022-02-02,23:01:48,2022-02-03,06:35:06,kim,23,6,23.016666666666666,453.3,combined,kim,148,C27341
kim|KR_927,2022-02-03T23:01:01,2022-02-04T07:03:56,8.04861111111111,45.4,Weekday,2022-02-03,23:01:01,2022-02-04,07:03:56,kim,23,7,23.016666666666666,482.9166666666666,combined,kim,148,C27342
kim|KR_927,2022-02-24T23:18:33,2022-02-25T06:26:21,7.13,42.1,Weekday,2022-02-24,23:18:33,2022-02-25,06:26:21,kim,23,6,23.3,427.8,combined,kim,148,C27343
kim|KR_927,2022-02-28T23:10:07,2022-03-01T06:22:03,7.198888888888889,41.8,Weekday,2022-02-28,23:10:07,2022-03-01,06:22:03,kim,23,6,23.166666666666668,431.9333333333333,combined,kim,148,C27344
kim|KR_927,2022-03-04T23:13:07,2022-03-05T05:04:02,5.848611111111111,33.0,Weekday,2022-03-04,23:13:07,2022-03-05,05:04:02,kim,23,5,23.216666666666665,350.9166666666667,combined,kim,148,C27345
kim|KR_927,2022-03-07T23:36:01,2022-03-08T04:35:56,4.998611111111111,27.8,Weekday,2022-03-07,23:36:01,2022-03-08,04:35:56,kim,23,4,23.6,299.91666666666663,combined,kim,148,C27346
kim|KR_927,2022-03-09T23:37:04,2022-03-10T05:15:00,5.632222222222223,31.5,Weekday,2022-03-09,23:37:04,2022-03-10,05:15:00,kim,23,5,23.616666666666667,337.9333333333334,combined,kim,148,C27347
kim|KR_927,2022-03-10T23:36:18,2022-03-11T06:12:14,6.598888888888889,38.5,Weekday,2022-03-10,23:36:18,2022-03-11,06:12:14,kim,23,6,23.6,395.9333333333333,combined,kim,148,C27348
kim|KR_932,2022-05-24T08:46:59,2022-05-24T15:34:19,6.788888888888889,24.2,Weekday,2022-05-24,08:46:59,2022-05-24,15:34:19,kim,8,15,8.766666666666667,407.3333333333333,combined,kim,149,C27412
kim|KR_932,2022-05-26T08:01:26,2022-05-26T14:44:06,6.711111111111111,24.0,Weekday,2022-05-26,08:01:26,2022-05-26,14:44:06,kim,8,14,8.016666666666667,402.6666666666667,combined,kim,149,C27413
kim|KR_932,2022-05-27T08:03:25,2022-05-27T12:11:18,4.131388888888889,14.5,Weekday,2022-05-27,08:03:25,2022-05-27,12:11:18,kim,8,12,8.05,247.88333333333333,combined,kim,149,C27414
kim|KR_932,2022-05-31T07:52:55,2022-05-31T14:33:42,6.679722222222222,24.0,Weekday,2022-05-31,07:52:55,2022-05-31,14:33:42,kim,7,14,7.866666666666667,400.7833333333333,combined,kim,149,C27415
kim|KR_932,2022-06-02T08:14:30,2022-06-02T13:03:06,4.81,17.4,Weekday,2022-06-02,08:14:30,2022-06-02,13:03:06,kim,8,13,8.233333333333333,288.6,combined,kim,149,C27416
kim|KR_932,2022-06-03T07:30:12,2022-06-03T14:06:14,6.600555555555555,23.6,Weekday,2022-06-03,07:30:12,2022-06-03,14:06:14,kim,7,14,7.5,396.0333333333333,combined,kim,149,C27417
kim|KR_932,2022-06-06T08:25:51,2022-06-06T12:45:13,4.322777777777778,15.3,Weekday,2022-06-06,08:25:51,2022-06-06,12:45:13,kim,8,12,8.416666666666666,259.3666666666667,combined,kim,149,C27418
kim|KR_932,2022-06-07T07:54:10,2022-06-07T14:29:37,6.590833333333333,23.4,Weekday,2022-06-07,07:54:10,2022-06-07,14:29:37,kim,7,14,7.9,395.45,combined,kim,149,C27419
kim|KR_932,2022-06-09T08:02:13,2022-06-09T14:46:24,6.7363888888888885,23.8,Weekday,2022-06-09,08:02:13,2022-06-09,14:46:24,kim,8,14,8.033333333333333,404.1833333333333,combined,kim,149,C27420
kim|KR_932,2022-06-10T08:02:56,2022-06-10T13:58:21,5.923611111111111,20.6,Weekday,2022-06-10,08:02:56,2022-06-10,13:58:21,kim,8,13,8.033333333333333,355.41666666666663,combined,kim,149,C27421
norway|ASK_Plass19,2018-11-16T19:03:00,2018-11-17T11:04:00,16.01667,57.82,Weekday,2018-11-16,19:03:00,2018-11-17,11:04:00,norway,19,11,19.05,961.0002,combined,norway,0,C154
norway|ASK_Plass19,2018-11-20T20:53:00,2018-11-21T08:02:00,11.15,40.67,Weekday,2018-11-20,20:53:00,2018-11-21,08:02:00,norway,20,8,20.883333333333333,669.0,combined,norway,0,C54
norway|ASK_Plass19,2018-11-22T16:12:00,2018-11-22T18:07:00,1.916667,20.66,Weekday,2018-11-22,16:12:00,2018-11-22,18:07:00,norway,16,18,16.2,115.00002,combined,norway,0,C85
norway|ASK_Plass19,2018-11-22T21:49:00,2018-11-23T07:47:00,9.966667,42.64,Weekday,2018-11-22,21:49:00,2018-11-23,07:47:00,norway,21,7,21.816666666666663,598.00002,combined,norway,0,C161
norway|ASK_Plass19,2018-11-24T18:33:00,2018-11-25T15:17:00,20.73333,38.51,Weekend,2018-11-24,18:33:00,2018-11-25,15:17:00,norway,18,15,18.55,1243.9997999999998,combined,norway,0,C100
norway|ASK_Plass19,2018-11-26T21:22:00,2018-11-27T07:41:00,10.31667,42.2,Weekday,2018-11-26,21:22:00,2018-11-27,07:41:00,norway,21,7,21.366666666666667,619.0002000000001,combined,norway,0,C150
norway|ASK_Plass19,2018-11-27T22:09:00,2018-11-28T10:59:00,12.83333,23.35,Weekday,2018-11-27,22:09:00,2018-11-28,10:59:00,norway,22,10,22.15,769.9998,combined,norway,0,C126
norway|ASK_Plass19,2018-12-01T15:29:00,2018-12-02T12:07:00,20.63333,41.28,Weekend,2018-12-01,15:29:00,2018-12-02,12:07:00,norway,15,12,15.483333333333333,1237.9998,combined,norway,0,C26
norway|ASK_Plass19,2018-12-03T21:28:00,2018-12-04T05:58:00,8.5,31.81,Weekday,2018-12-03,21:28:00,2018-12-04,05:58:00,norway,21,5,21.466666666666665,510.0,combined,norway,0,C3
norway|ASK_Plass19,2018-12-04T21:57:00,2018-12-05T07:28:00,9.516667,48.47,Weekday,2018-12-04,21:57:00,2018-12-05,07:28:00,norway,21,7,21.95,571.00002,combined,norway,0,C152
norway|ASK_Plass21,2018-11-18T16:36:00,2018-11-18T20:10:00,3.566667,6.44,Weekend,2018-11-18,16:36:00,2018-11-18,20:10:00,norway,16,20,16.6,214.00002,combined,norway,1,C370
norway|ASK_Plass21,2018-11-19T16:23:00,2018-11-20T07:31:00,15.13333,6.72,Weekday,2018-11-19,16:23:00,2018-11-20,07:31:00,norway,16,7,16.383333333333333,907.9998,combined,norway,1,C371
norway|ASK_Plass21,2018-11-20T16:00:00,2018-11-21T09:37:00,17.61667,6.06,Weekday,2018-11-20,16:00:00,2018-11-21,09:37:00,norway,16,9,16.0,1057.0002,combined,norway,1,C444
norway|ASK_Plass21,2018-11-21T17:56:00,2018-11-21T21:52:00,3.933333,5.52,Weekday,2018-11-21,17:56:00,2018-11-21,21:52:00,norway,17,21,17.933333333333334,235.99998,combined,norway,1,C178
norway|ASK_Plass21,2018-11-22T16:34:00,2018-11-23T07:40:00,15.1,9.84,Weekday,2018-11-22,16:34:00,2018-11-23,07:40:00,norway,16,7,16.566666666666666,906.0,combined,norway,1,C231
norway|ASK_Plass21,2018-11-24T17:04:00,2018-11-26T08:08:00,39.06667,11.56,Weekend,2018-11-24,17:04:00,2018-11-26,08:08:00,norway,17,8,17.066666666666666,2344.0002,combined,norway,1,C368
norway|ASK_Plass21,2018-11-26T17:38:00,2018-11-27T07:29:00,13.85,6.18,Weekday,2018-11-26,17:38:00,2018-11-27,07:29:00,norway,17,7,17.633333333333333,831.0,combined,norway,1,C272
norway|ASK_Plass21,2018-11-27T17:03:00,2018-11-28T07:23:00,14.33333,6.67,Weekday,2018-11-27,17:03:00,2018-11-28,07:23:00,norway,17,7,17.05,859.9998,combined,norway,1,C222
norway|ASK_Plass21,2018-11-28T16:22:00,2018-11-29T07:19:00,14.95,6.21,Weekday,2018-11-28,16:22:00,2018-11-29,07:19:00,norway,16,7,16.366666666666667,897.0,combined,norway,1,C214
norway|ASK_Plass21,2018-11-29T16:28:00,2018-11-30T05:33:00,13.08333,5.47,Weekday,2018-11-29,16:28:00,2018-11-30,05:33:00,norway,16,5,16.466666666666665,784.9998,combined,norway,1,C247
norway|ASK_Plass23,2018-12-08T14:41:00,2018-12-08T18:13:00,3.533333,2.66,Weekend,2018-12-08,14:41:00,2018-12-08,18:13:00,norway,14,18,14.683333333333334,211.99998,combined,norway,2,C740
norway|ASK_Plass23,2018-12-09T00:44:00,2018-12-09T12:21:00,11.61667,9.41,Weekend,2018-12-09,00:44:00,2018-12-09,12:21:00,norway,0,12,0.7333333333333333,697.0002,combined,norway,2,C455
norway|ASK_Plass23,2018-12-09T16:11:00,2018-12-09T19:44:00,3.55,2.74,Weekend,2018-12-09,16:11:00,2018-12-09,19:44:00,norway,16,19,16.183333333333334,213.0,combined,norway,2,C606
norway|ASK_Plass23,2018-12-13T08:41:00,2018-12-13T09:59:00,1.3,3.35,Weekday,2018-12-13,08:41:00,2018-12-13,09:59:00,norway,8,9,8.683333333333334,78.0,combined,norway,2,C641
norway|ASK_Plass23,2018-12-13T17:36:00,2018-12-14T08:07:00,14.51667,8.95,Weekday,2018-12-13,17:36:00,2018-12-14,08:07:00,norway,17,8,17.6,871.0002,combined,norway,2,C508
norway|ASK_Plass23,2018-12-16T21:29:00,2018-12-17T06:27:00,8.966667,5.24,Weekend,2018-12-16,21:29:00,2018-12-17,06:27:00,norway,21,6,21.48333333333333,538.00002,combined,norway,2,C690
norway|ASK_Plass23,2018-12-17T19:50:00,2018-12-18T07:45:00,11.91667,5.58,Weekday,2018-12-17,19:50:00,2018-12-18,07:45:00,norway,19,7,19.83333333333333,715.0002,combined,norway,2,C628
norway|ASK_Plass23,2018-12-18T19:21:00,2018-12-19T12:10:00,16.81667,4.74,Weekday,2018-12-18,19:21:00,2018-12-19,12:10:00,norway,19,12,19.35,1009.0002,combined,norway,2,C510
norway|ASK_Plass23,2018-12-19T19:12:00,2018-12-19T20:45:00,1.55,4.22,Weekday,2018-12-19,19:12:00,2018-12-19,20:45:00,norway,19,20,19.2,93.0,combined,norway,2,C623
norway|ASK_Plass23,2018-12-19T22:03:00,2018-12-20T09:02:00,10.98333,3.23,Weekday,2018-12-19,22:03:00,2018-12-20,09:02:00,norway,22,9,22.05,658.9998,combined,norway,2,C540
norway|ASK_Plass25,2018-11-21T22:55:00,2018-11-22T08:11:00,9.266667,10.24,Weekday,2018-11-21,22:55:00,2018-11-22,08:11:00,norway,22,8,22.916666666666668,556.00002,combined,norway,3,C1015
norway|ASK_Plass25,2018-11-22T20:01:00,2018-11-23T08:38:00,12.61667,7.02,Weekday,2018-11-22,20:01:00,2018-11-23,08:38:00,norway,20,8,20.016666666666666,757.0002,combined,norway,3,C1047
norway|ASK_Plass25,2018-11-24T01:27:00,2018-11-24T10:44:00,9.283333,7.6,Weekend,2018-11-24,01:27:00,2018-11-24,10:44:00,norway,1,10,1.45,556.99998,combined,norway,3,C859
norway|ASK_Plass25,2018-11-25T19:28:00,2018-11-26T08:16:00,12.8,9.5,Weekend,2018-11-25,19:28:00,2018-11-26,08:16:00,norway,19,8,19.466666666666665,768.0,combined,norway,3,C974
norway|ASK_Plass25,2018-11-26T20:52:00,2018-11-27T08:08:00,11.26667,4.41,Weekday,2018-11-26,20:52:00,2018-11-27,08:08:00,norway,20,8,20.866666666666667,676.0002,combined,norway,3,C908
norway|ASK_Plass25,2018-11-28T19:01:00,2018-11-29T08:42:00,13.68333,9.47,Weekday,2018-11-28,19:01:00,2018-11-29,08:42:00,norway,19,8,19.016666666666666,820.9997999999999,combined,norway,3,C982
norway|ASK_Plass25,2018-12-01T18:26:00,2018-12-02T14:01:00,19.58333,8.03,Weekend,2018-12-01,18:26:00,2018-12-02,14:01:00,norway,18,14,18.433333333333334,1174.9998,combined,norway,3,C822
norway|ASK_Plass25,2018-12-04T16:26:00,2018-12-05T08:16:00,15.83333,10.16,Weekday,2018-12-04,16:26:00,2018-12-05,08:16:00,norway,16,8,16.433333333333334,949.9998,combined,norway,3,C820
norway|ASK_Plass25,2018-12-05T23:05:00,2018-12-06T08:14:00,9.15,9.32,Weekday,2018-12-05,23:05:00,2018-12-06,08:14:00,norway,23,8,23.08333333333333,549.0,combined,norway,3,C897
norway|ASK_Plass25,2018-12-06T21:59:00,2018-12-07T08:09:00,10.16667,9.5,Weekday,2018-12-06,21:59:00,2018-12-07,08:09:00,norway,21,8,21.98333333333333,610.0002,combined,norway,3,C865
norway|ASK_Plass27,2019-02-25T16:35:00,2019-02-26T06:31:00,13.93333,4.95,Weekday,2019-02-25,16:35:00,2019-02-26,06:31:00,norway,16,6,16.583333333333332,835.9997999999999,combined,norway,4,C1188
norway|ASK_Plass27,2019-02-26T15:08:00,2019-02-26T20:46:00,5.633333,5.7,Weekday,2019-02-26,15:08:00,2019-02-26,20:46:00,norway,15,20,15.133333333333333,337.99998000000005,combined,norway,4,C1215
norway|ASK_Plass27,2019-02-28T15:02:00,2019-02-28T18:50:00,3.8,4.25,Weekday,2019-02-28,15:02:00,2019-02-28,18:50:00,norway,15,18,15.033333333333331,228.0,combined,norway,4,C1164
norway|ASK_Plass27,2019-03-01T15:30:00,2019-03-01T19:31:00,4.016667,4.84,Weekday,2019-03-01,15:30:00,2019-03-01,19:31:00,norway,15,19,15.5,241.00002,combined,norway,4,C1225
norway|ASK_Plass27,2019-03-01T20:20:00,2019-03-02T08:41:00,12.35,4.1,Weekday,2019-03-01,20:20:00,2019-03-02,08:41:00,norway,20,8,20.33333333333333,741.0,combined,norway,4,C1153
norway|ASK_Plass27,2019-03-02T09:41:00,2019-03-02T16:57:00,7.266667,5.52,Weekend,2019-03-02,09:41:00,2019-03-02,16:57:00,norway,9,16,9.683333333333334,436.00002,combined,norway,4,C1217
norway|ASK_Plass27,2019-03-02T17:57:00,2019-03-03T16:48:00,22.85,3.92,Weekend,2019-03-02,17:57:00,2019-03-03,16:48:00,norway,17,16,17.95,1371.0,combined,norway,4,C1158
norway|ASK_Plass27,2019-03-03T17:58:00,2019-03-04T06:30:00,12.53333,2.89,Weekend,2019-03-03,17:58:00,2019-03-04,06:30:00,norway,17,6,17.966666666666665,751.9997999999999,combined,norway,4,C1121
norway|ASK_Plass27,2019-03-04T15:46:00,2019-03-05T07:00:00,15.23333,4.74,Weekday,2019-03-04,15:46:00,2019-03-05,07:00:00,norway,15,7,15.766666666666667,913.9998,combined,norway,4,C1120
norway|ASK_Plass27,2019-03-05T14:46:00,2019-03-06T06:29:00,15.71667,8.05,Weekday,2019-03-05,14:46:00,2019-03-06,06:29:00,norway,14,6,14.766666666666667,943.0002,combined,norway,4,C1101
norway|ASK_Plass29,2018-11-16T17:49:00,2018-11-17T10:57:00,17.13333,15.78,Weekday,2018-11-16,17:49:00,2018-11-17,10:57:00,norway,17,10,17.816666666666666,1027.9998,combined,norway,5,C1381
norway|ASK_Plass29,2018-11-17T13:05:00,2018-11-18T14:14:00,25.15,11.36,Weekend,2018-11-17,13:05:00,2018-11-18,14:14:00,norway,13,14,13.083333333333334,1509.0,combined,norway,5,C1484
norway|ASK_Plass29,2018-11-18T17:57:00,2018-11-18T20:11:00,2.233333,2.94,Weekend,2018-11-18,17:57:00,2018-11-18,20:11:00,norway,17,20,17.95,133.99998,combined,norway,5,C1619
norway|ASK_Plass29,2018-11-18T20:15:00,2018-11-19T07:08:00,10.88333,1.77,Weekend,2018-11-18,20:15:00,2018-11-19,07:08:00,norway,20,7,20.25,652.9998,combined,norway,5,C1616
norway|ASK_Plass29,2018-11-19T19:41:00,2018-11-20T07:17:00,11.6,13.75,Weekday,2018-11-19,19:41:00,2018-11-20,07:17:00,norway,19,7,19.683333333333334,696.0,combined,norway,5,C1252
norway|ASK_Plass29,2018-11-20T16:09:00,2018-11-20T17:42:00,1.55,7.05,Weekday,2018-11-20,16:09:00,2018-11-20,17:42:00,norway,16,17,16.15,93.0,combined,norway,5,C1633
norway|ASK_Plass29,2018-11-20T19:54:00,2018-11-21T07:17:00,11.38333,5.87,Weekday,2018-11-20,19:54:00,2018-11-21,07:17:00,norway,19,7,19.9,682.9998,combined,norway,5,C1321
norway|ASK_Plass29,2018-11-21T22:24:00,2018-11-22T07:12:00,8.8,19.62,Weekday,2018-11-21,22:24:00,2018-11-22,07:12:00,norway,22,7,22.4,528.0,combined,norway,5,C1606
norway|ASK_Plass29,2018-11-22T14:24:00,2018-11-22T14:46:00,0.3666667,2.38,Weekday,2018-11-22,14:24:00,2018-11-22,14:46:00,norway,14,14,14.4,22.000002,combined,norway,5,C1279
norway|ASK_Plass29,2018-11-22T20:56:00,2018-11-23T06:33:00,9.616667,8.85,Weekday,2018-11-22,20:56:00,2018-11-23,06:33:00,norway,20,6,20.933333333333334,577.00002,combined,norway,5,C1643
norway|ASK_Plass31,2018-11-16T21:58:00,2018-11-17T13:49:00,15.85,23.28,Weekday,2018-11-16,21:58:00,2018-11-17,13:49:00,norway,21,13,21.966666666666665,951.0,combined,norway,6,C1920
norway|ASK_Plass31,2018-11-19T15:34:00,2018-11-19T19:37:00,4.05,18.1,Weekday,2018-11-19,15:34:00,2018-11-19,19:37:00,norway,15,19,15.566666666666666,243.0,combined,norway,6,C1722
norway|ASK_Plass31,2018-11-20T20:15:00,2018-11-21T08:31:00,12.26667,11.67,Weekday,2018-11-20,20:15:00,2018-11-21,08:31:00,norway,20,8,20.25,736.0002,combined,norway,6,C1705
norway|ASK_Plass31,2018-11-21T21:52:00,2018-11-22T06:57:00,9.083333,62.93,Weekday,2018-11-21,21:52:00,2018-11-22,06:57:00,norway,21,6,21.866666666666667,544.9999799999999,combined,norway,6,C1904
norway|ASK_Plass31,2018-11-22T16:35:00,2018-11-23T13:01:00,20.43333,15.97,Weekday,2018-11-22,16:35:00,2018-11-23,13:01:00,norway,16,13,16.583333333333332,1225.9998,combined,norway,6,C1731
norway|ASK_Plass31,2018-11-23T17:09:00,2018-11-24T00:59:00,7.833333,48.87,Weekday,2018-11-23,17:09:00,2018-11-24,00:59:00,norway,17,0,17.15,469.99998,combined,norway,6,C1703
norway|ASK_Plass31,2018-11-25T21:40:00,2018-11-26T06:29:00,8.816667,50.44,Weekend,2018-11-25,21:40:00,2018-11-26,06:29:00,norway,21,6,21.666666666666668,529.0000200000001,combined,norway,6,C1833
norway|ASK_Plass31,2018-11-26T16:36:00,2018-11-27T13:43:00,21.11667,15.38,Weekday,2018-11-26,16:36:00,2018-11-27,13:43:00,norway,16,13,16.6,1267.0002,combined,norway,6,C1659
norway|ASK_Plass31,2018-11-28T16:32:00,2018-11-28T19:40:00,3.133333,13.12,Weekday,2018-11-28,16:32:00,2018-11-28,19:40:00,norway,16,19,16.533333333333335,187.99998,combined,norway,6,C1791
norway|ASK_Plass31,2018-11-28T19:43:00,2018-11-29T06:31:00,10.8,66.46,Weekday,2018-11-28,19:43:00,2018-11-29,06:31:00,norway,19,6,19.716666666666665,648.0,combined,norway,6,C1742
norway|ASK_Plass33,2018-11-19T17:20:00,2018-11-19T17:40:00,0.3333333,2.09,Weekday,2018-11-19,17:20:00,2018-11-19,17:40:00,norway,17,17,17.333333333333332,19.999998,combined,norway,7,C2124
norway|ASK_Plass33,2018-11-19T18:28:00,2018-11-20T10:13:00,15.75,8.33,Weekday,2018-11-19,18:28:00,2018-11-20,10:13:00,norway,18,10,18.466666666666665,945.0,combined,norway,7,C2135
norway|ASK_Plass33,2018-11-20T13:09:00,2018-11-20T19:47:00,6.633333,12.58,Weekday,2018-11-20,13:09:00,2018-11-20,19:47:00,norway,13,19,13.15,397.9999800000001,combined,norway,7,C2152
norway|ASK_Plass33,2018-11-21T20:02:00,2018-11-22T10:07:00,14.08333,13.14,Weekday,2018-11-21,20:02:00,2018-11-22,10:07:00,norway,20,10,20.03333333333333,844.9998,combined,norway,7,C1982
norway|ASK_Plass33,2018-11-23T17:29:00,2018-11-24T15:31:00,22.03333,12.44,Weekday,2018-11-23,17:29:00,2018-11-24,15:31:00,norway,17,15,17.483333333333334,1321.9998,combined,norway,7,C2072
norway|ASK_Plass33,2018-11-25T23:15:00,2018-11-26T08:42:00,9.45,11.63,Weekend,2018-11-25,23:15:00,2018-11-26,08:42:00,norway,23,8,23.25,567.0,combined,norway,7,C2040
norway|ASK_Plass33,2018-11-26T20:29:00,2018-11-27T09:14:00,12.75,12.93,Weekday,2018-11-26,20:29:00,2018-11-27,09:14:00,norway,20,9,20.48333333333333,765.0,combined,norway,7,C2100
norway|ASK_Plass33,2018-11-28T14:45:00,2018-11-28T16:59:00,2.233333,11.75,Weekday,2018-11-28,14:45:00,2018-11-28,16:59:00,norway,14,16,14.75,133.99998,combined,norway,7,C2180
norway|ASK_Plass33,2018-11-28T20:51:00,2018-11-29T10:59:00,14.13333,7.37,Weekday,2018-11-28,20:51:00,2018-11-29,10:59:00,norway,20,10,20.85,847.9998,combined,norway,7,C2015
norway|ASK_Plass33,2018-11-29T22:17:00,2018-11-30T09:12:00,10.91667,11.4,Weekday,2018-11-29,22:17:00,2018-11-30,09:12:00,norway,22,9,22.28333333333333,655.0002,combined,norway,7,C2029
norway|ASK_Plass37,2018-11-16T18:04:00,2018-11-17T17:22:00,23.3,15.88,Weekday,2018-11-16,18:04:00,2018-11-17,17:22:00,norway,18,17,18.066666666666663,1398.0,combined,norway,8,C2218
norway|ASK_Plass37,2018-11-17T17:44:00,2018-11-18T11:33:00,17.81667,17.69,Weekend,2018-11-17,17:44:00,2018-11-18,11:33:00,norway,17,11,17.733333333333334,1069.0002,combined,norway,8,C2204
norway|ASK_Plass37,2018-11-19T18:23:00,2018-11-19T18:50:00,0.45,1.54,Weekday,2018-11-19,18:23:00,2018-11-19,18:50:00,norway,18,18,18.383333333333333,27.0,combined,norway,8,C2272
norway|ASK_Plass37,2018-11-19T19:28:00,2018-11-20T06:26:00,10.96667,11.05,Weekday,2018-11-19,19:28:00,2018-11-20,06:26:00,norway,19,6,19.466666666666665,658.0002000000001,combined,norway,8,C2194
norway|ASK_Plass37,2018-11-21T17:32:00,2018-11-21T19:23:00,1.85,6.36,Weekday,2018-11-21,17:32:00,2018-11-21,19:23:00,norway,17,19,17.533333333333335,111.0,combined,norway,8,C2214
norway|ASK_Plass37,2018-11-21T20:18:00,2018-11-22T06:23:00,10.08333,13.81,Weekday,2018-11-21,20:18:00,2018-11-22,06:23:00,norway,20,6,20.3,604.9998,combined,norway,8,C2419
norway|ASK_Plass37,2018-11-23T19:58:00,2018-11-24T14:14:00,18.26667,14.96,Weekday,2018-11-23,19:58:00,2018-11-24,14:14:00,norway,19,14,19.966666666666665,1096.0002000000002,combined,norway,8,C2255
norway|ASK_Plass37,2018-11-27T20:08:00,2018-11-28T06:40:00,10.53333,17.62,Weekday,2018-11-27,20:08:00,2018-11-28,06:40:00,norway,20,6,20.133333333333333,631.9997999999999,combined,norway,8,C2418
norway|ASK_Plass37,2018-11-28T21:49:00,2018-11-29T06:24:00,8.583333,12.06,Weekday,2018-11-28,21:49:00,2018-11-29,06:24:00,norway,21,6,21.816666666666663,514.9999799999999,combined,norway,8,C2284
norway|ASK_Plass37,2018-11-29T21:21:00,2018-11-30T06:23:00,9.033333,7.36,Weekday,2018-11-29,21:21:00,2018-11-30,06:23:00,norway,21,6,21.35,541.99998,combined,norway,8,C2219
norway|ASK_Plass45,2018-11-16T10:30:00,2018-11-16T14:37:00,4.116667,8.32,Weekday,2018-11-16,10:30:00,2018-11-16,14:37:00,norway,10,14,10.5,247.00002,combined,norway,9,C2530
norway|ASK_Plass45,2018-11-16T20:12:00,2018-11-17T07:53:00,11.68333,11.5,Weekday,2018-11-16,20:12:00,2018-11-17,07:53:00,norway,20,7,20.2,700.9997999999999,combined,norway,9,C2548
norway|ASK_Plass45,2018-11-17T15:30:00,2018-11-19T14:09:00,46.65,13.83,Weekend,2018-11-17,15:30:00,2018-11-19,14:09:00,norway,15,14,15.5,2799.0,combined,norway,9,C2553
norway|ASK_Plass45,2018-11-20T20:13:00,2018-11-21T08:45:00,12.53333,12.03,Weekday,2018-11-20,20:13:00,2018-11-21,08:45:00,norway,20,8,20.216666666666665,751.9997999999999,combined,norway,9,C2628
norway|ASK_Plass45,2018-11-21T20:44:00,2018-11-22T11:11:00,14.45,15.69,Weekday,2018-11-21,20:44:00,2018-11-22,11:11:00,norway,20,11,20.73333333333333,867.0,combined,norway,9,C2630
norway|ASK_Plass45,2018-11-22T20:30:00,2018-11-23T15:20:00,18.83333,16.27,Weekday,2018-11-22,20:30:00,2018-11-23,15:20:00,norway,20,15,20.5,1129.9998,combined,norway,9,C2663
norway|ASK_Plass45,2018-11-24T12:12:00,2018-11-26T15:08:00,50.93333,17.04,Weekend,2018-11-24,12:12:00,2018-11-26,15:08:00,norway,12,15,12.2,3055.9998,combined,norway,9,C2580
norway|ASK_Plass45,2018-11-26T20:17:00,2018-11-26T23:40:00,3.383333,11.92,Weekday,2018-11-26,20:17:00,2018-11-26,23:40:00,norway,20,23,20.28333333333333,202.99998,combined,norway,9,C2664
norway|ASK_Plass45,2018-11-27T07:35:00,2018-11-27T07:56:00,0.35,1.27,Weekday,2018-11-27,07:35:00,2018-11-27,07:56:00,norway,7,7,7.583333333333333,21.0,combined,norway,9,C2492
norway|ASK_Plass45,2018-11-27T21:24:00,2018-11-28T08:47:00,11.38333,10.87,Weekday,2018-11-27,21:24:00,2018-11-28,08:47:00,norway,21,8,21.4,682.9998,combined,norway,9,C2478
norway|ASK_Plass5,2018-11-25T12:49:00,2018-11-25T19:02:00,6.216667,1.81,Weekend,2018-11-25,12:49:00,2018-11-25,19:02:00,norway,12,19,12.816666666666666,373.00002,combined,norway,10,C2747
norway|ASK_Plass5,2018-11-26T16:22:00,2018-11-27T07:34:00,15.2,16.84,Weekday,2018-11-26,16:22:00,2018-11-27,07:34:00,norway,16,7,16.366666666666667,912.0,combined,norway,10,C2799
norway|ASK_Plass5,2018-11-27T15:58:00,2018-11-28T07:34:00,15.6,8.62,Weekday,2018-11-27,15:58:00,2018-11-28,07:34:00,norway,15,7,15.966666666666669,936.0,combined,norway,10,C2803
norway|ASK_Plass5,2018-11-28T20:26:00,2018-11-29T07:28:00,11.03333,17.08,Weekday,2018-11-28,20:26:00,2018-11-29,07:28:00,norway,20,7,20.433333333333334,661.9997999999999,combined,norway,10,C2857
norway|ASK_Plass5,2018-11-29T15:16:00,2018-11-30T13:29:00,22.21667,11.82,Weekday,2018-11-29,15:16:00,2018-11-30,13:29:00,norway,15,13,15.266666666666667,1333.0002,combined,norway,10,C2683
norway|ASK_Plass5,2018-12-03T17:02:00,2018-12-04T07:23:00,14.35,10.69,Weekday,2018-12-03,17:02:00,2018-12-04,07:23:00,norway,17,7,17.033333333333335,861.0,combined,norway,10,C2883
norway|ASK_Plass5,2018-12-05T21:06:00,2018-12-06T07:36:00,10.5,9.22,Weekday,2018-12-05,21:06:00,2018-12-06,07:36:00,norway,21,7,21.1,630.0,combined,norway,10,C2725
norway|ASK_Plass5,2018-12-06T16:30:00,2018-12-07T07:40:00,15.16667,11.59,Weekday,2018-12-06,16:30:00,2018-12-07,07:40:00,norway,16,7,16.5,910.0002,combined,norway,10,C2868
norway|ASK_Plass5,2018-12-09T18:07:00,2018-12-10T07:42:00,13.58333,14.12,Weekend,2018-12-09,18:07:00,2018-12-10,07:42:00,norway,18,7,18.116666666666667,814.9998,combined,norway,10,C2711
norway|ASK_Plass5,2018-12-10T15:34:00,2018-12-11T07:40:00,16.1,9.71,Weekday,2018-12-10,15:34:00,2018-12-11,07:40:00,norway,15,7,15.566666666666666,966.0,combined,norway,10,C2726
norway|ASK_Plass55,2018-11-15T16:18:00,2018-11-15T16:27:00,0.15,1.16,Weekday,2018-11-15,16:18:00,2018-11-15,16:27:00,norway,16,16,16.3,9.0,combined,norway,11,C2953
norway|ASK_Plass55,2018-11-15T16:27:00,2018-11-15T19:41:00,3.233333,28.19,Weekday,2018-11-15,16:27:00,2018-11-15,19:41:00,norway,16,19,16.45,193.99998,combined,norway,11,C3013
norway|ASK_Plass55,2018-11-16T16:32:00,2018-11-17T09:08:00,16.6,34.31,Weekday,2018-11-16,16:32:00,2018-11-17,09:08:00,norway,16,9,16.533333333333335,996.0,combined,norway,11,C3041
norway|ASK_Plass55,2018-11-18T13:56:00,2018-11-19T08:20:00,18.4,39.67,Weekend,2018-11-18,13:56:00,2018-11-19,08:20:00,norway,13,8,13.933333333333334,1104.0,combined,norway,11,C2967
norway|ASK_Plass55,2018-11-19T17:49:00,2018-11-20T08:06:00,14.28333,24.29,Weekday,2018-11-19,17:49:00,2018-11-20,08:06:00,norway,17,8,17.816666666666666,856.9997999999999,combined,norway,11,C3028
norway|ASK_Plass55,2018-11-20T17:28:00,2018-11-21T08:23:00,14.91667,23.8,Weekday,2018-11-20,17:28:00,2018-11-21,08:23:00,norway,17,8,17.466666666666665,895.0002,combined,norway,11,C3017
norway|ASK_Plass55,2018-11-21T19:42:00,2018-11-22T07:43:00,12.01667,28.17,Weekday,2018-11-21,19:42:00,2018-11-22,07:43:00,norway,19,7,19.7,721.0002,combined,norway,11,C3098
norway|ASK_Plass55,2018-11-22T14:09:00,2018-11-22T16:39:00,2.5,21.8,Weekday,2018-11-22,14:09:00,2018-11-22,16:39:00,norway,14,16,14.15,150.0,combined,norway,11,C2995
norway|ASK_Plass55,2018-11-22T17:30:00,2018-11-23T18:08:00,24.63333,21.36,Weekday,2018-11-22,17:30:00,2018-11-23,18:08:00,norway,17,18,17.5,1477.9998,combined,norway,11,C3033
norway|ASK_Plass55,2018-11-24T15:06:00,2018-11-26T07:18:00,40.2,41.07,Weekend,2018-11-24,15:06:00,2018-11-26,07:18:00,norway,15,7,15.1,2412.0,combined,norway,11,C3096
norway|ASK_Plass57,2018-11-16T16:32:00,2018-11-16T20:32:00,4.0,6.7,Weekday,2018-11-16,16:32:00,2018-11-16,20:32:00,norway,16,20,16.533333333333335,240.0,combined,norway,12,C3478
norway|ASK_Plass57,2018-11-16T21:41:00,2018-11-17T10:17:00,12.6,7.98,Weekday,2018-11-16,21:41:00,2018-11-17,10:17:00,norway,21,10,21.683333333333334,756.0,combined,norway,12,C3272
norway|ASK_Plass57,2018-11-17T11:37:00,2018-11-17T13:09:00,1.533333,2.17,Weekend,2018-11-17,11:37:00,2018-11-17,13:09:00,norway,11,13,11.616666666666667,91.99998,combined,norway,12,C3284
norway|ASK_Plass57,2018-11-17T14:42:00,2018-11-17T15:25:00,0.7166667,2.26,Weekend,2018-11-17,14:42:00,2018-11-17,15:25:00,norway,14,15,14.7,43.000002,combined,norway,12,C3270
norway|ASK_Plass57,2018-11-17T19:01:00,2018-11-17T20:39:00,1.633333,5.53,Weekend,2018-11-17,19:01:00,2018-11-17,20:39:00,norway,19,20,19.016666666666666,97.99998,combined,norway,12,C3469
norway|ASK_Plass57,2018-11-17T21:29:00,2018-11-18T11:36:00,14.11667,8.63,Weekend,2018-11-17,21:29:00,2018-11-18,11:36:00,norway,21,11,21.48333333333333,847.0002,combined,norway,12,C3260
norway|ASK_Plass57,2018-11-18T11:58:00,2018-11-18T13:17:00,1.316667,1.77,Weekend,2018-11-18,11:58:00,2018-11-18,13:17:00,norway,11,13,11.966666666666669,79.00002,combined,norway,12,C3234
norway|ASK_Plass57,2018-11-18T16:28:00,2018-11-19T08:45:00,16.28333,10.15,Weekend,2018-11-18,16:28:00,2018-11-19,08:45:00,norway,16,8,16.466666666666665,976.9998,combined,norway,12,C3313
norway|ASK_Plass57,2018-11-19T09:22:00,2018-11-19T16:00:00,6.633333,2.86,Weekday,2018-11-19,09:22:00,2018-11-19,16:00:00,norway,9,16,9.366666666666667,397.9999800000001,combined,norway,12,C3214
norway|ASK_Plass57,2018-11-19T16:22:00,2018-11-20T08:27:00,16.08333,1.4,Weekday,2018-11-19,16:22:00,2018-11-20,08:27:00,norway,16,8,16.366666666666667,964.9998,combined,norway,12,C3309
norway|ASK_Plass67,2018-11-15T16:15:00,2018-11-15T16:37:00,0.3666667,1.64,Weekday,2018-11-15,16:15:00,2018-11-15,16:37:00,norway,16,16,16.25,22.000002,combined,norway,13,C3632
norway|ASK_Plass67,2018-11-19T13:40:00,2018-11-19T14:41:00,1.016667,7.25,Weekday,2018-11-19,13:40:00,2018-11-19,14:41:00,norway,13,14,13.666666666666666,61.00002,combined,norway,13,C3837
norway|ASK_Plass67,2018-11-19T15:41:00,2018-11-19T20:36:00,4.916667,19.36,Weekday,2018-11-19,15:41:00,2018-11-19,20:36:00,norway,15,20,15.683333333333334,295.00002,combined,norway,13,C3606
norway|ASK_Plass67,2018-11-20T12:51:00,2018-11-20T13:48:00,0.95,6.84,Weekday,2018-11-20,12:51:00,2018-11-20,13:48:00,norway,12,13,12.85,57.0,combined,norway,13,C3658
norway|ASK_Plass67,2018-11-20T16:30:00,2018-11-20T17:53:00,1.383333,9.95,Weekday,2018-11-20,16:30:00,2018-11-20,17:53:00,norway,16,17,16.5,82.99998,combined,norway,13,C3531
norway|ASK_Plass67,2018-11-20T21:40:00,2018-11-21T09:25:00,11.75,19.8,Weekday,2018-11-20,21:40:00,2018-11-21,09:25:00,norway,21,9,21.666666666666668,705.0,combined,norway,13,C3762
norway|ASK_Plass67,2018-11-21T21:03:00,2018-11-22T08:39:00,11.6,16.02,Weekday,2018-11-21,21:03:00,2018-11-22,08:39:00,norway,21,8,21.05,696.0,combined,norway,13,C3787
norway|ASK_Plass67,2018-11-24T12:12:00,2018-11-24T13:12:00,1.0,7.18,Weekend,2018-11-24,12:12:00,2018-11-24,13:12:00,norway,12,13,12.2,60.0,combined,norway,13,C3535
norway|ASK_Plass67,2018-11-24T14:34:00,2018-11-24T16:46:00,2.2,15.83,Weekend,2018-11-24,14:34:00,2018-11-24,16:46:00,norway,14,16,14.566666666666666,132.0,combined,norway,13,C3926
norway|ASK_Plass67,2018-11-24T18:15:00,2018-11-25T12:41:00,18.43333,32.51,Weekend,2018-11-24,18:15:00,2018-11-25,12:41:00,norway,18,12,18.25,1105.9998,combined,norway,13,C3554
norway|ASK_Plass7,2018-11-18T22:30:00,2018-11-19T06:46:00,8.266667,23.7,Weekend,2018-11-18,22:30:00,2018-11-19,06:46:00,norway,22,6,22.5,496.00002,combined,norway,14,C4183
norway|ASK_Plass7,2018-11-20T16:06:00,2018-11-21T07:28:00,15.36667,10.36,Weekday,2018-11-20,16:06:00,2018-11-21,07:28:00,norway,16,7,16.1,922.0002,combined,norway,14,C4175
norway|ASK_Plass7,2018-11-21T23:50:00,2018-11-22T07:06:00,7.266667,13.57,Weekday,2018-11-21,23:50:00,2018-11-22,07:06:00,norway,23,7,23.83333333333333,436.00002,combined,norway,14,C4215
norway|ASK_Plass7,2018-11-23T13:59:00,2018-11-26T08:14:00,66.25,16.22,Weekday,2018-11-23,13:59:00,2018-11-26,08:14:00,norway,13,8,13.983333333333333,3975.0,combined,norway,14,C4104
norway|ASK_Plass7,2018-11-29T18:30:00,2018-11-29T19:48:00,1.3,8.84,Weekday,2018-11-29,18:30:00,2018-11-29,19:48:00,norway,18,19,18.5,78.0,combined,norway,14,C4097
norway|ASK_Plass7,2018-11-29T21:26:00,2018-11-29T21:34:00,0.1333333,0.85,Weekday,2018-11-29,21:26:00,2018-11-29,21:34:00,norway,21,21,21.433333333333334,7.999998,combined,norway,14,C4052
norway|ASK_Plass7,2018-11-29T21:36:00,2018-11-30T08:11:00,10.58333,2.33,Weekday,2018-11-29,21:36:00,2018-11-30,08:11:00,norway,21,8,21.6,634.9998,combined,norway,14,C4159
norway|ASK_Plass7,2018-11-30T19:23:00,2018-12-01T11:35:00,16.2,8.65,Weekday,2018-11-30,19:23:00,2018-12-01,11:35:00,norway,19,11,19.383333333333333,972.0,combined,norway,14,C4341
norway|ASK_Plass7,2018-12-03T22:39:00,2018-12-04T08:13:00,9.566667,12.77,Weekday,2018-12-03,22:39:00,2018-12-04,08:13:00,norway,22,8,22.65,574.0000200000001,combined,norway,14,C3995
norway|ASK_Plass7,2018-12-04T21:54:00,2018-12-05T08:13:00,10.31667,15.43,Weekday,2018-12-04,21:54:00,2018-12-05,08:13:00,norway,21,8,21.9,619.0002000000001,combined,norway,14,C4134
norway|ASK_Plass87,2018-11-22T18:24:00,2018-11-22T21:27:00,3.05,8.77,Weekday,2018-11-22,18:24:00,2018-11-22,21:27:00,norway,18,21,18.4,183.0,combined,norway,15,C4373
norway|ASK_Plass87,2018-11-24T15:06:00,2018-11-25T09:48:00,18.7,14.62,Weekend,2018-11-24,15:06:00,2018-11-25,09:48:00,norway,15,9,15.1,1122.0,combined,norway,15,C4433
norway|ASK_Plass87,2018-11-27T18:57:00,2018-11-28T07:49:00,12.86667,18.03,Weekday,2018-11-27,18:57:00,2018-11-28,07:49:00,norway,18,7,18.95,772.0002,combined,norway,15,C4443
norway|ASK_Plass87,2018-11-28T19:30:00,2018-11-29T17:17:00,21.78333,13.0,Weekday,2018-11-28,19:30:00,2018-11-29,17:17:00,norway,19,17,19.5,1306.9998,combined,norway,15,C4382
norway|ASK_Plass87,2018-12-10T19:52:00,2018-12-11T13:20:00,17.46667,16.78,Weekday,2018-12-10,19:52:00,2018-12-11,13:20:00,norway,19,13,19.866666666666667,1048.0002,combined,norway,15,C4429
norway|ASK_Plass87,2018-12-12T17:47:00,2018-12-13T08:15:00,14.46667,22.89,Weekday,2018-12-12,17:47:00,2018-12-13,08:15:00,norway,17,8,17.783333333333335,868.0002000000001,combined,norway,15,C4464
norway|ASK_Plass87,2018-12-13T18:50:00,2018-12-14T05:49:00,10.98333,11.75,Weekday,2018-12-13,18:50:00,2018-12-14,05:49:00,norway,18,5,18.83333333333333,658.9998,combined,norway,15,C4390
norway|ASK_Plass87,2018-12-30T01:28:00,2018-12-30T10:16:00,8.8,24.57,Weekend,2018-12-30,01:28:00,2018-12-30,10:16:00,norway,1,10,1.4666666666666668,528.0,combined,norway,15,C4467
norway|ASK_Plass87,2019-01-03T15:37:00,2019-01-04T07:21:00,15.73333,22.42,Weekday,2019-01-03,15:37:00,2019-01-04,07:21:00,norway,15,7,15.616666666666667,943.9998,combined,norway,15,C4477
norway|ASK_Plass87,2019-01-06T11:49:00,2019-01-07T07:12:00,19.38333,18.81,Weekend,2019-01-06,11:49:00,2019-01-07,07:12:00,norway,11,7,11.816666666666666,1162.9998,combined,norway,15,C4388
norway|ASK_Plass89,2018-12-20T18:08:00,2018-12-20T20:26:00,2.3,7.79,Weekday,2018-12-20,18:08:00,2018-12-20,20:26:00,norway,18,20,18.133333333333333,138.0,combined,norway,16,C4482
norway|ASK_Plass89,2018-12-20T20:54:00,2018-12-21T08:40:00,11.76667,3.08,Weekday,2018-12-20,20:54:00,2018-12-21,08:40:00,norway,20,8,20.9,706.0002,combined,norway,16,C4798
norway|ASK_Plass89,2018-12-21T21:25:00,2018-12-22T10:29:00,13.06667,9.89,Weekday,2018-12-21,21:25:00,2018-12-22,10:29:00,norway,21,10,21.416666666666668,784.0002000000001,combined,norway,16,C4603
norway|ASK_Plass89,2018-12-22T20:15:00,2018-12-22T21:07:00,0.8666667,2.86,Weekend,2018-12-22,20:15:00,2018-12-22,21:07:00,norway,20,21,20.25,52.000002,combined,norway,16,C4551
norway|ASK_Plass89,2018-12-22T21:16:00,2018-12-22T22:00:00,0.7333333,2.27,Weekend,2018-12-22,21:16:00,2018-12-22,22:00:00,norway,21,22,21.266666666666666,43.999998,combined,norway,16,C4795
norway|ASK_Plass89,2018-12-26T23:43:00,2018-12-27T12:05:00,12.36667,9.44,Weekday,2018-12-26,23:43:00,2018-12-27,12:05:00,norway,23,12,23.716666666666665,742.0002,combined,norway,16,C4579
norway|ASK_Plass89,2018-12-27T19:10:00,2018-12-28T08:46:00,13.6,4.36,Weekday,2018-12-27,19:10:00,2018-12-28,08:46:00,norway,19,8,19.166666666666668,816.0,combined,norway,16,C4518
norway|ASK_Plass89,2018-12-29T16:41:00,2018-12-29T18:00:00,1.316667,4.49,Weekend,2018-12-29,16:41:00,2018-12-29,18:00:00,norway,16,18,16.683333333333334,79.00002,combined,norway,16,C4813
norway|ASK_Plass89,2018-12-30T15:48:00,2018-12-30T18:38:00,2.833333,7.21,Weekend,2018-12-30,15:48:00,2018-12-30,18:38:00,norway,15,18,15.8,169.99998,combined,norway,16,C4720
norway|ASK_Plass89,2018-12-31T10:13:00,2018-12-31T12:49:00,2.6,3.58,Weekday,2018-12-31,10:13:00,2018-12-31,12:49:00,norway,10,12,10.216666666666669,156.0,combined,norway,16,C4810
norway|BAR_2_Plass12,2020-02-04T20:30:00,2020-02-05T08:58:00,12.46667,23.87,Weekday,2020-02-04,20:30:00,2020-02-05,08:58:00,norway,20,8,20.5,748.0002000000001,combined,norway,17,C4850
norway|BAR_2_Plass12,2020-02-06T14:15:00,2020-02-06T15:05:00,0.8333333,3.45,Weekday,2020-02-06,14:15:00,2020-02-06,15:05:00,norway,14,15,14.25,49.999998000000005,combined,norway,17,C5045
norway|BAR_2_Plass12,2020-02-06T15:05:00,2020-02-07T08:16:00,17.18333,18.86,Weekday,2020-02-06,15:05:00,2020-02-07,08:16:00,norway,15,8,15.083333333333334,1030.9998,combined,norway,17,C5011
norway|BAR_2_Plass12,2020-02-07T16:35:00,2020-02-08T10:29:00,17.9,6.21,Weekday,2020-02-07,16:35:00,2020-02-08,10:29:00,norway,16,10,16.583333333333332,1074.0,combined,norway,17,C4824
norway|BAR_2_Plass12,2020-02-08T23:17:00,2020-02-09T00:10:00,0.8833333,3.64,Weekend,2020-02-08,23:17:00,2020-02-09,00:10:00,norway,23,0,23.28333333333333,52.999998,combined,norway,17,C4884
norway|BAR_2_Plass12,2020-02-09T00:10:00,2020-02-09T11:58:00,11.8,15.25,Weekend,2020-02-09,00:10:00,2020-02-09,11:58:00,norway,0,11,0.1666666666666666,708.0,combined,norway,17,C4886
norway|BAR_2_Plass12,2020-02-09T12:00:00,2020-02-09T12:59:00,0.9833333,4.29,Weekend,2020-02-09,12:00:00,2020-02-09,12:59:00,norway,12,12,12.0,58.999998,combined,norway,17,C4953
norway|BAR_2_Plass12,2020-02-09T13:32:00,2020-02-09T13:55:00,0.3833333,2.38,Weekend,2020-02-09,13:32:00,2020-02-09,13:55:00,norway,13,13,13.533333333333331,22.999998,combined,norway,17,C4865
norway|BAR_2_Plass12,2020-02-11T09:04:00,2020-02-11T11:19:00,2.25,16.28,Weekday,2020-02-11,09:04:00,2020-02-11,11:19:00,norway,9,11,9.066666666666666,135.0,combined,norway,17,C4991
norway|BAR_2_Plass12,2020-02-11T16:54:00,2020-02-12T12:53:00,19.98333,23.0,Weekday,2020-02-11,16:54:00,2020-02-12,12:53:00,norway,16,12,16.9,1198.9997999999998,combined,norway,17,C4869
norway|BAR_2_Plass14,2020-02-06T19:45:00,2020-02-07T01:54:00,6.15,10.37,Weekday,2020-02-06,19:45:00,2020-02-07,01:54:00,norway,19,1,19.75,369.0,combined,norway,18,C5117
norway|BAR_2_Plass14,2020-02-07T11:46:00,2020-02-07T21:50:00,10.06667,4.9,Weekday,2020-02-07,11:46:00,2020-02-07,21:50:00,norway,11,21,11.766666666666667,604.0002000000001,combined,norway,18,C5102
norway|BAR_2_Plass14,2020-02-11T15:14:00,2020-02-11T17:11:00,1.95,11.48,Weekday,2020-02-11,15:14:00,2020-02-11,17:11:00,norway,15,17,15.233333333333333,117.0,combined,norway,18,C5152
norway|BAR_2_Plass14,2020-02-11T19:37:00,2020-02-13T19:17:00,47.66667,22.02,Weekday,2020-02-11,19:37:00,2020-02-13,19:17:00,norway,19,19,19.616666666666667,2860.0002000000004,combined,norway,18,C5071
norway|BAR_2_Plass14,2020-02-18T17:00:00,2020-02-19T12:11:00,19.18333,18.85,Weekday,2020-02-18,17:00:00,2020-02-19,12:11:00,norway,17,12,17.0,1150.9998,combined,norway,18,C5189
norway|BAR_2_Plass14,2020-02-21T15:29:00,2020-02-23T13:55:00,46.43333,22.0,Weekday,2020-02-21,15:29:00,2020-02-23,13:55:00,norway,15,13,15.483333333333333,2785.9998,combined,norway,18,C5075
norway|BAR_2_Plass14,2020-02-24T17:12:00,2020-02-24T17:43:00,0.5166667,1.47,Weekday,2020-02-24,17:12:00,2020-02-24,17:43:00,norway,17,17,17.2,31.000002,combined,norway,18,C5184
norway|BAR_2_Plass14,2020-02-24T17:48:00,2020-02-25T09:30:00,15.7,18.75,Weekday,2020-02-24,17:48:00,2020-02-25,09:30:00,norway,17,9,17.8,942.0,combined,norway,18,C5121
norway|BAR_2_Plass14,2020-02-28T19:45:00,2020-02-29T12:34:00,16.81667,31.47,Weekday,2020-02-28,19:45:00,2020-02-29,12:34:00,norway,19,12,19.75,1009.0002,combined,norway,18,C5096
norway|BAR_2_Plass14,2020-03-03T18:41:00,2020-03-04T12:58:00,18.28333,26.82,Weekday,2020-03-03,18:41:00,2020-03-04,12:58:00,norway,18,12,18.683333333333334,1096.9998,combined,norway,18,C5140
norway|BAR_2_Plass15,2020-02-04T22:37:00,2020-02-06T15:05:00,40.46667,8.7,Weekday,2020-02-04,22:37:00,2020-02-06,15:05:00,norway,22,15,22.616666666666667,2428.0002,combined,norway,19,C5194
norway|BAR_2_Plass15,2020-02-07T23:37:00,2020-02-08T13:01:00,13.4,8.42,Weekday,2020-02-07,23:37:00,2020-02-08,13:01:00,norway,23,13,23.616666666666667,804.0,combined,norway,19,C5216
norway|BAR_2_Plass15,2020-02-08T18:32:00,2020-02-09T12:58:00,18.43333,8.16,Weekend,2020-02-08,18:32:00,2020-02-09,12:58:00,norway,18,12,18.53333333333333,1105.9998,combined,norway,19,C5211
norway|BAR_2_Plass15,2020-02-09T13:27:00,2020-02-09T20:48:00,7.35,5.1,Weekend,2020-02-09,13:27:00,2020-02-09,20:48:00,norway,13,20,13.45,441.0,combined,norway,19,C5303
norway|BAR_2_Plass15,2020-02-09T21:27:00,2020-02-10T11:45:00,14.3,6.79,Weekend,2020-02-09,21:27:00,2020-02-10,11:45:00,norway,21,11,21.45,858.0,combined,norway,19,C5219
norway|BAR_2_Plass15,2020-02-16T22:24:00,2020-02-16T23:38:00,1.233333,4.33,Weekend,2020-02-16,22:24:00,2020-02-16,23:38:00,norway,22,23,22.4,73.99998,combined,norway,19,C5293
norway|BAR_2_Plass15,2020-02-16T23:38:00,2020-02-19T12:11:00,60.55,2.05,Weekend,2020-02-16,23:38:00,2020-02-19,12:11:00,norway,23,12,23.633333333333333,3633.0,combined,norway,19,C5250
norway|BAR_2_Plass15,2020-02-19T23:01:00,2020-02-20T09:50:00,10.81667,7.98,Weekday,2020-02-19,23:01:00,2020-02-20,09:50:00,norway,23,9,23.016666666666666,649.0002000000001,combined,norway,19,C5291
norway|BAR_2_Plass15,2020-02-20T19:59:00,2020-02-20T21:55:00,1.933333,6.67,Weekday,2020-02-20,19:59:00,2020-02-20,21:55:00,norway,19,21,19.98333333333333,115.99998,combined,norway,19,C5247
norway|BAR_2_Plass15,2020-02-22T19:48:00,2020-02-23T11:34:00,15.76667,8.06,Weekend,2020-02-22,19:48:00,2020-02-23,11:34:00,norway,19,11,19.8,946.0002,combined,norway,19,C5240
norway|BAR_2_Plass17,2020-02-05T16:04:00,2020-02-06T08:36:00,16.53333,8.3,Weekday,2020-02-05,16:04:00,2020-02-06,08:36:00,norway,16,8,16.066666666666666,991.9998,combined,norway,20,C5344
norway|BAR_2_Plass17,2020-02-06T16:30:00,2020-02-07T08:29:00,15.98333,6.98,Weekday,2020-02-06,16:30:00,2020-02-07,08:29:00,norway,16,8,16.5,958.9998,combined,norway,20,C5352
norway|BAR_2_Plass17,2020-02-07T15:46:00,2020-02-10T11:45:00,67.98333,3.46,Weekday,2020-02-07,15:46:00,2020-02-10,11:45:00,norway,15,11,15.766666666666667,4078.9998,combined,norway,20,C5412
norway|BAR_2_Plass17,2020-02-21T16:22:00,2020-02-21T18:48:00,2.433333,6.54,Weekday,2020-02-21,16:22:00,2020-02-21,18:48:00,norway,16,18,16.366666666666667,145.99998000000002,combined,norway,20,C5364
norway|BAR_2_Plass17,2020-02-21T18:48:00,2020-02-24T08:23:00,61.58333,3.19,Weekday,2020-02-21,18:48:00,2020-02-24,08:23:00,norway,18,8,18.8,3694.9998,combined,norway,20,C5381
norway|BAR_2_Plass17,2020-02-25T20:00:00,2020-02-26T08:21:00,12.35,7.79,Weekday,2020-02-25,20:00:00,2020-02-26,08:21:00,norway,20,8,20.0,741.0,combined,norway,20,C5348
norway|BAR_2_Plass17,2020-02-26T16:23:00,2020-02-27T08:37:00,16.23333,6.58,Weekday,2020-02-26,16:23:00,2020-02-27,08:37:00,norway,16,8,16.383333333333333,973.9998,combined,norway,20,C5422
norway|BAR_2_Plass17,2020-02-27T16:23:00,2020-02-28T10:38:00,18.25,9.6,Weekday,2020-02-27,16:23:00,2020-02-28,10:38:00,norway,16,10,16.383333333333333,1095.0,combined,norway,20,C5387
norway|BAR_2_Plass17,2020-02-28T16:19:00,2020-03-02T08:18:00,63.98333,6.54,Weekday,2020-02-28,16:19:00,2020-03-02,08:18:00,norway,16,8,16.316666666666666,3838.9998,combined,norway,20,C5335
norway|BAR_2_Plass17,2020-03-03T16:21:00,2020-03-04T08:29:00,16.13333,10.83,Weekday,2020-03-03,16:21:00,2020-03-04,08:29:00,norway,16,8,16.35,967.9998,combined,norway,20,C5375
norway|BAR_2_Plass9,2020-08-21T19:53:00,2020-08-21T21:28:00,1.583333,10.19,Weekday,2020-08-21,19:53:00,2020-08-21,21:28:00,norway,19,21,19.883333333333333,94.99998,combined,norway,21,C5487
norway|BAR_2_Plass9,2020-08-23T10:50:00,2020-08-23T16:50:00,6.0,13.2,Weekend,2020-08-23,10:50:00,2020-08-23,16:50:00,norway,10,16,10.833333333333334,360.0,combined,norway,21,C5532
norway|BAR_2_Plass9,2020-08-26T17:35:00,2020-08-26T18:48:00,1.216667,7.82,Weekday,2020-08-26,17:35:00,2020-08-26,18:48:00,norway,17,18,17.583333333333332,73.00001999999999,combined,norway,21,C5537
norway|BAR_2_Plass9,2020-09-02T17:19:00,2020-09-02T18:44:00,1.416667,9.08,Weekday,2020-09-02,17:19:00,2020-09-02,18:44:00,norway,17,18,17.316666666666666,85.00001999999999,combined,norway,21,C5516
norway|BAR_2_Plass9,2020-09-07T18:56:00,2020-09-07T22:12:00,3.266667,16.31,Weekday,2020-09-07,18:56:00,2020-09-07,22:12:00,norway,18,22,18.933333333333334,196.00002,combined,norway,21,C5447
norway|BAR_2_Plass9,2020-09-11T22:29:00,2020-09-12T16:41:00,18.2,25.95,Weekday,2020-09-11,22:29:00,2020-09-12,16:41:00,norway,22,16,22.48333333333333,1092.0,combined,norway,21,C5578
norway|BAR_2_Plass9,2020-09-14T17:36:00,2020-09-15T07:36:00,14.0,15.96,Weekday,2020-09-14,17:36:00,2020-09-15,07:36:00,norway,17,7,17.6,840.0,combined,norway,21,C5541
norway|BAR_2_Plass9,2020-09-16T21:37:00,2020-09-17T07:40:00,10.05,18.25,Weekday,2020-09-16,21:37:00,2020-09-17,07:40:00,norway,21,7,21.616666666666667,603.0,combined,norway,21,C5552
norway|BAR_2_Plass9,2020-09-17T21:42:00,2020-09-18T07:38:00,9.933333,8.51,Weekday,2020-09-17,21:42:00,2020-09-18,07:38:00,norway,21,7,21.7,595.9999799999999,combined,norway,21,C5451
norway|BAR_2_Plass9,2020-09-19T23:08:00,2020-09-20T13:28:00,14.33333,9.17,Weekend,2020-09-19,23:08:00,2020-09-20,13:28:00,norway,23,13,23.133333333333333,859.9998,combined,norway,21,C5593
norway|BAR_Plass113,2018-09-07T20:00:00,2018-09-08T08:56:00,12.93333,14.37,Weekday,2018-09-07,20:00:00,2018-09-08,08:56:00,norway,20,8,20.0,775.9997999999999,combined,norway,22,C5756
norway|BAR_Plass113,2018-09-10T21:36:00,2018-09-11T06:57:00,9.35,22.97,Weekday,2018-09-10,21:36:00,2018-09-11,06:57:00,norway,21,6,21.6,561.0,combined,norway,22,C5761
norway|BAR_Plass113,2018-09-14T21:21:00,2018-09-15T09:57:00,12.6,20.32,Weekday,2018-09-14,21:21:00,2018-09-15,09:57:00,norway,21,9,21.35,756.0,combined,norway,22,C5603
norway|BAR_Plass113,2018-09-17T22:06:00,2018-09-18T07:37:00,9.516667,16.72,Weekday,2018-09-17,22:06:00,2018-09-18,07:37:00,norway,22,7,22.1,571.00002,combined,norway,22,C5692
norway|BAR_Plass113,2018-09-21T22:55:00,2018-09-22T06:14:00,7.316667,22.47,Weekday,2018-09-21,22:55:00,2018-09-22,06:14:00,norway,22,6,22.916666666666668,439.00002,combined,norway,22,C5705
norway|BAR_Plass113,2018-09-23T18:45:00,2018-09-24T07:01:00,12.26667,12.41,Weekend,2018-09-23,18:45:00,2018-09-24,07:01:00,norway,18,7,18.75,736.0002,combined,norway,22,C5852
norway|BAR_Plass113,2018-09-25T16:59:00,2018-09-25T18:30:00,1.516667,5.37,Weekday,2018-09-25,16:59:00,2018-09-25,18:30:00,norway,16,18,16.983333333333334,91.00002,combined,norway,22,C5664
norway|BAR_Plass113,2018-09-25T20:48:00,2018-09-26T07:04:00,10.26667,15.67,Weekday,2018-09-25,20:48:00,2018-09-26,07:04:00,norway,20,7,20.8,616.0002,combined,norway,22,C5738
norway|BAR_Plass113,2018-09-28T17:47:00,2018-09-29T09:22:00,15.58333,13.19,Weekday,2018-09-28,17:47:00,2018-09-29,09:22:00,norway,17,9,17.783333333333335,934.9998,combined,norway,22,C5787
norway|BAR_Plass113,2018-09-29T17:28:00,2018-10-01T06:57:00,37.48333,14.08,Weekend,2018-09-29,17:28:00,2018-10-01,06:57:00,norway,17,6,17.466666666666665,2248.9998,combined,norway,22,C5691
norway|BAR_Plass121,2018-09-07T17:16:00,2018-09-08T16:54:00,23.63333,14.87,Weekday,2018-09-07,17:16:00,2018-09-08,16:54:00,norway,17,16,17.266666666666666,1417.9998,combined,norway,23,C6098
norway|BAR_Plass121,2018-09-11T19:39:00,2018-09-12T09:35:00,13.93333,22.85,Weekday,2018-09-11,19:39:00,2018-09-12,09:35:00,norway,19,9,19.65,835.9997999999999,combined,norway,23,C5939
norway|BAR_Plass121,2018-09-13T20:07:00,2018-09-14T07:35:00,11.46667,17.45,Weekday,2018-09-13,20:07:00,2018-09-14,07:35:00,norway,20,7,20.116666666666667,688.0002000000001,combined,norway,23,C6023
norway|BAR_Plass121,2018-09-14T15:39:00,2018-09-15T14:05:00,22.43333,30.48,Weekday,2018-09-14,15:39:00,2018-09-15,14:05:00,norway,15,14,15.65,1345.9998,combined,norway,23,C6111
norway|BAR_Plass121,2018-09-18T19:20:00,2018-09-19T07:47:00,12.45,17.75,Weekday,2018-09-18,19:20:00,2018-09-19,07:47:00,norway,19,7,19.33333333333333,747.0,combined,norway,23,C6066
norway|BAR_Plass121,2018-09-20T16:16:00,2018-09-21T20:10:00,27.9,19.02,Weekday,2018-09-20,16:16:00,2018-09-21,20:10:00,norway,16,20,16.266666666666666,1674.0,combined,norway,23,C6113
norway|BAR_Plass121,2018-09-24T18:52:00,2018-09-25T09:36:00,14.73333,12.78,Weekday,2018-09-24,18:52:00,2018-09-25,09:36:00,norway,18,9,18.866666666666667,883.9998,combined,norway,23,C6010
norway|BAR_Plass121,2018-09-25T14:07:00,2018-09-26T07:44:00,17.61667,6.93,Weekday,2018-09-25,14:07:00,2018-09-26,07:44:00,norway,14,7,14.116666666666667,1057.0002,combined,norway,23,C5986
norway|BAR_Plass121,2018-09-26T13:20:00,2018-09-27T13:20:00,24.0,22.47,Weekday,2018-09-26,13:20:00,2018-09-27,13:20:00,norway,13,13,13.333333333333334,1440.0,combined,norway,23,C6013
norway|BAR_Plass121,2018-09-27T16:39:00,2018-09-28T10:37:00,17.96667,6.32,Weekday,2018-09-27,16:39:00,2018-09-28,10:37:00,norway,16,10,16.65,1078.0002,combined,norway,23,C5997
norway|BAR_Plass126,2018-10-19T11:30:00,2018-10-19T12:41:00,1.183333,2.27,Weekday,2018-10-19,11:30:00,2018-10-19,12:41:00,norway,11,12,11.5,70.99998,combined,norway,24,C6292
norway|BAR_Plass126,2018-10-22T16:51:00,2018-10-23T07:17:00,14.43333,7.8,Weekday,2018-10-22,16:51:00,2018-10-23,07:17:00,norway,16,7,16.85,865.9997999999999,combined,norway,24,C6311
norway|BAR_Plass126,2018-10-24T09:54:00,2018-10-24T11:10:00,1.266667,3.31,Weekday,2018-10-24,09:54:00,2018-10-24,11:10:00,norway,9,11,9.9,76.00002,combined,norway,24,C6364
norway|BAR_Plass126,2018-10-24T13:01:00,2018-10-25T07:27:00,18.43333,4.0,Weekday,2018-10-24,13:01:00,2018-10-25,07:27:00,norway,13,7,13.016666666666667,1105.9998,combined,norway,24,C6196
norway|BAR_Plass126,2018-10-25T16:51:00,2018-10-26T07:31:00,14.66667,5.04,Weekday,2018-10-25,16:51:00,2018-10-26,07:31:00,norway,16,7,16.85,880.0002,combined,norway,24,C6374
norway|BAR_Plass126,2018-10-26T16:49:00,2018-10-28T11:18:00,42.48333,4.99,Weekday,2018-10-26,16:49:00,2018-10-28,11:18:00,norway,16,11,16.816666666666666,2548.9998,combined,norway,24,C6380
norway|BAR_Plass126,2018-10-28T11:50:00,2018-10-29T07:35:00,19.75,2.81,Weekend,2018-10-28,11:50:00,2018-10-29,07:35:00,norway,11,7,11.833333333333334,1185.0,combined,norway,24,C6210
norway|BAR_Plass126,2018-10-29T16:53:00,2018-10-30T07:12:00,14.31667,5.71,Weekday,2018-10-29,16:53:00,2018-10-30,07:12:00,norway,16,7,16.883333333333333,859.0002000000001,combined,norway,24,C6325
norway|BAR_Plass126,2018-10-30T17:29:00,2018-10-31T07:32:00,14.05,5.66,Weekday,2018-10-30,17:29:00,2018-10-31,07:32:00,norway,17,7,17.483333333333334,843.0,combined,norway,24,C6157
norway|BAR_Plass126,2018-10-31T14:13:00,2018-11-01T07:29:00,17.26667,4.89,Weekday,2018-10-31,14:13:00,2018-11-01,07:29:00,norway,14,7,14.216666666666669,1036.0002000000002,combined,norway,24,C6370
norway|BAR_Plass129,2018-09-07T14:13:00,2018-09-08T07:35:00,17.36667,6.84,Weekday,2018-09-07,14:13:00,2018-09-08,07:35:00,norway,14,7,14.216666666666669,1042.0002,combined,norway,25,C6669
norway|BAR_Plass129,2018-09-08T15:56:00,2018-09-08T16:42:00,0.7666667,2.2,Weekend,2018-09-08,15:56:00,2018-09-08,16:42:00,norway,15,16,15.933333333333334,46.000002,combined,norway,25,C6544
norway|BAR_Plass129,2018-09-08T17:09:00,2018-09-09T17:33:00,24.4,2.1,Weekend,2018-09-08,17:09:00,2018-09-09,17:33:00,norway,17,17,17.15,1464.0,combined,norway,25,C6541
norway|BAR_Plass129,2018-09-09T18:05:00,2018-09-10T11:26:00,17.35,2.52,Weekend,2018-09-09,18:05:00,2018-09-10,11:26:00,norway,18,11,18.08333333333333,1041.0,combined,norway,25,C6451
norway|BAR_Plass129,2018-09-11T15:48:00,2018-09-12T07:04:00,15.26667,4.66,Weekday,2018-09-11,15:48:00,2018-09-12,07:04:00,norway,15,7,15.8,916.0002,combined,norway,25,C6637
norway|BAR_Plass129,2018-09-13T15:44:00,2018-09-14T10:35:00,18.85,4.85,Weekday,2018-09-13,15:44:00,2018-09-14,10:35:00,norway,15,10,15.733333333333333,1131.0,combined,norway,25,C6528
norway|BAR_Plass129,2018-09-16T18:15:00,2018-09-17T09:30:00,15.25,7.16,Weekend,2018-09-16,18:15:00,2018-09-17,09:30:00,norway,18,9,18.25,915.0,combined,norway,25,C6446
norway|BAR_Plass129,2018-09-17T13:18:00,2018-09-18T07:11:00,17.88333,3.22,Weekday,2018-09-17,13:18:00,2018-09-18,07:11:00,norway,13,7,13.3,1072.9998,combined,norway,25,C6586
norway|BAR_Plass129,2018-09-20T15:59:00,2018-09-21T11:41:00,19.7,7.27,Weekday,2018-09-20,15:59:00,2018-09-21,11:41:00,norway,15,11,15.983333333333333,1182.0,combined,norway,25,C6467
norway|BAR_Plass129,2018-09-23T18:26:00,2018-09-24T09:43:00,15.28333,8.32,Weekend,2018-09-23,18:26:00,2018-09-24,09:43:00,norway,18,9,18.433333333333334,916.9998,combined,norway,25,C6686
norway|BAR_Plass153,2019-08-11T22:48:00,2019-08-12T13:02:00,14.23333,31.09,Weekend,2019-08-11,22:48:00,2019-08-12,13:02:00,norway,22,13,22.8,853.9998,combined,norway,26,C6784
norway|BAR_Plass153,2019-08-14T07:58:00,2019-08-14T15:10:00,7.2,7.86,Weekday,2019-08-14,07:58:00,2019-08-14,15:10:00,norway,7,15,7.966666666666667,432.0,combined,norway,26,C6752
norway|BAR_Plass153,2019-08-15T13:14:00,2019-08-16T06:55:00,17.68333,3.28,Weekday,2019-08-15,13:14:00,2019-08-16,06:55:00,norway,13,6,13.233333333333333,1060.9998,combined,norway,26,C6719
norway|BAR_Plass153,2019-08-16T15:33:00,2019-08-16T16:16:00,0.7166667,5.06,Weekday,2019-08-16,15:33:00,2019-08-16,16:16:00,norway,15,16,15.55,43.000002,combined,norway,26,C6791
norway|BAR_Plass153,2019-08-17T15:09:00,2019-08-18T10:02:00,18.88333,32.81,Weekend,2019-08-17,15:09:00,2019-08-18,10:02:00,norway,15,10,15.15,1132.9998,combined,norway,26,C6823
norway|BAR_Plass153,2019-08-18T19:44:00,2019-08-19T06:34:00,10.83333,23.94,Weekend,2019-08-18,19:44:00,2019-08-19,06:34:00,norway,19,6,19.73333333333333,649.9998,combined,norway,26,C6776
norway|BAR_Plass153,2019-08-20T22:29:00,2019-08-21T09:31:00,11.03333,25.26,Weekday,2019-08-20,22:29:00,2019-08-21,09:31:00,norway,22,9,22.48333333333333,661.9997999999999,combined,norway,26,C6766
norway|BAR_Plass153,2019-08-23T22:49:00,2019-08-24T06:52:00,8.05,17.59,Weekday,2019-08-23,22:49:00,2019-08-24,06:52:00,norway,22,6,22.816666666666663,483.00000000000006,combined,norway,26,C6750
norway|BAR_Plass153,2019-08-24T22:49:00,2019-08-25T10:52:00,12.05,3.3,Weekend,2019-08-24,22:49:00,2019-08-25,10:52:00,norway,22,10,22.816666666666663,723.0,combined,norway,26,C6772
norway|BAR_Plass153,2019-08-25T23:17:00,2019-08-26T06:16:00,6.983333,18.73,Weekend,2019-08-25,23:17:00,2019-08-26,06:16:00,norway,23,6,23.28333333333333,418.99998,combined,norway,26,C6755
norway|BAR_Plass157,2018-09-07T23:22:00,2018-09-08T16:11:00,16.81667,19.83,Weekday,2018-09-07,23:22:00,2018-09-08,16:11:00,norway,23,16,23.366666666666667,1009.0002,combined,norway,27,C6856
norway|BAR_Plass157,2018-09-11T18:45:00,2018-09-12T06:49:00,12.06667,21.61,Weekday,2018-09-11,18:45:00,2018-09-12,06:49:00,norway,18,6,18.75,724.0002000000001,combined,norway,27,C7022
norway|BAR_Plass157,2018-09-12T17:48:00,2018-09-13T06:27:00,12.65,12.42,Weekday,2018-09-12,17:48:00,2018-09-13,06:27:00,norway,17,6,17.8,759.0,combined,norway,27,C6916
norway|BAR_Plass157,2018-09-13T12:59:00,2018-09-14T06:48:00,17.81667,19.31,Weekday,2018-09-13,12:59:00,2018-09-14,06:48:00,norway,12,6,12.983333333333333,1069.0002,combined,norway,27,C7045
norway|BAR_Plass157,2018-09-16T16:46:00,2018-09-17T06:57:00,14.18333,12.36,Weekend,2018-09-16,16:46:00,2018-09-17,06:57:00,norway,16,6,16.766666666666666,850.9997999999999,combined,norway,27,C6883
norway|BAR_Plass157,2018-09-17T16:16:00,2018-09-18T09:01:00,16.75,19.89,Weekday,2018-09-17,16:16:00,2018-09-18,09:01:00,norway,16,9,16.266666666666666,1005.0,combined,norway,27,C6994
norway|BAR_Plass157,2018-09-18T16:48:00,2018-09-19T07:08:00,14.33333,7.2,Weekday,2018-09-18,16:48:00,2018-09-19,07:08:00,norway,16,7,16.8,859.9998,combined,norway,27,C6897
norway|BAR_Plass157,2018-09-19T19:06:00,2018-09-20T08:10:00,13.06667,17.79,Weekday,2018-09-19,19:06:00,2018-09-20,08:10:00,norway,19,8,19.1,784.0002000000001,combined,norway,27,C7081
norway|BAR_Plass157,2018-09-21T16:27:00,2018-09-22T09:24:00,16.95,23.09,Weekday,2018-09-21,16:27:00,2018-09-22,09:24:00,norway,16,9,16.45,1017.0,combined,norway,27,C6896
norway|BAR_Plass157,2018-09-23T17:10:00,2018-09-26T09:00:00,63.83333,7.22,Weekend,2018-09-23,17:10:00,2018-09-26,09:00:00,norway,17,9,17.166666666666668,3829.9998,combined,norway,27,C6950
norway|BAR_Plass160,2018-09-20T16:57:00,2018-09-21T06:29:00,13.53333,5.95,Weekday,2018-09-20,16:57:00,2018-09-21,06:29:00,norway,16,6,16.95,811.9997999999999,combined,norway,28,C7133
norway|BAR_Plass160,2018-09-21T17:03:00,2018-09-22T11:30:00,18.45,3.07,Weekday,2018-09-21,17:03:00,2018-09-22,11:30:00,norway,17,11,17.05,1107.0,combined,norway,28,C7248
norway|BAR_Plass160,2018-09-22T15:19:00,2018-09-23T12:07:00,20.8,6.76,Weekend,2018-09-22,15:19:00,2018-09-23,12:07:00,norway,15,12,15.316666666666666,1248.0,combined,norway,28,C7293
norway|BAR_Plass160,2018-09-23T13:10:00,2018-09-24T06:32:00,17.36667,1.8,Weekend,2018-09-23,13:10:00,2018-09-24,06:32:00,norway,13,6,13.166666666666666,1042.0002,combined,norway,28,C7295
norway|BAR_Plass160,2018-09-24T17:22:00,2018-09-25T06:35:00,13.21667,5.3,Weekday,2018-09-24,17:22:00,2018-09-25,06:35:00,norway,17,6,17.366666666666667,793.0002000000001,combined,norway,28,C7273
norway|BAR_Plass160,2018-09-25T15:56:00,2018-09-26T06:46:00,14.83333,6.66,Weekday,2018-09-25,15:56:00,2018-09-26,06:46:00,norway,15,6,15.933333333333334,889.9998,combined,norway,28,C7325
norway|BAR_Plass160,2018-09-26T18:47:00,2018-09-27T06:37:00,11.83333,4.49,Weekday,2018-09-26,18:47:00,2018-09-27,06:37:00,norway,18,6,18.78333333333333,709.9998,combined,norway,28,C7317
norway|BAR_Plass160,2018-09-27T17:11:00,2018-09-28T06:35:00,13.4,4.4,Weekday,2018-09-27,17:11:00,2018-09-28,06:35:00,norway,17,6,17.183333333333334,804.0,combined,norway,28,C7459
norway|BAR_Plass160,2018-09-28T17:08:00,2018-09-29T14:10:00,21.03333,5.19,Weekday,2018-09-28,17:08:00,2018-09-29,14:10:00,norway,17,14,17.133333333333333,1261.9998,combined,norway,28,C7235
norway|BAR_Plass160,2018-09-29T15:02:00,2018-09-30T12:03:00,21.01667,3.73,Weekend,2018-09-29,15:02:00,2018-09-30,12:03:00,norway,15,12,15.033333333333331,1261.0002000000002,combined,norway,28,C7324
norway|BOD_02H0505,2018-10-29T22:17:00,2018-10-30T06:47:00,8.5,21.21,Weekday,2018-10-29,22:17:00,2018-10-30,06:47:00,norway,22,6,22.28333333333333,510.0,combined,norway,29,C7544
norway|BOD_02H0505,2018-10-30T17:27:00,2018-10-30T19:19:00,1.866667,12.27,Weekday,2018-10-30,17:27:00,2018-10-30,19:19:00,norway,17,19,17.45,112.00002,combined,norway,29,C7711
norway|BOD_02H0505,2018-10-30T22:33:00,2018-10-31T06:46:00,8.216667,20.19,Weekday,2018-10-30,22:33:00,2018-10-31,06:46:00,norway,22,6,22.55,493.00002,combined,norway,29,C7647
norway|BOD_02H0505,2018-10-31T17:56:00,2018-11-01T06:49:00,12.88333,25.94,Weekday,2018-10-31,17:56:00,2018-11-01,06:49:00,norway,17,6,17.933333333333334,772.9998,combined,norway,29,C7671
norway|BOD_02H0505,2018-11-02T06:23:00,2018-11-02T06:48:00,0.4166667,2.93,Weekday,2018-11-02,06:23:00,2018-11-02,06:48:00,norway,6,6,6.383333333333334,25.000002,combined,norway,29,C7572
norway|BOD_02H0505,2018-11-02T16:46:00,2018-11-02T19:58:00,3.2,22.03,Weekday,2018-11-02,16:46:00,2018-11-02,19:58:00,norway,16,19,16.766666666666666,192.0,combined,norway,29,C7715
norway|BOD_02H0505,2018-11-02T21:43:00,2018-11-03T11:48:00,14.08333,7.34,Weekday,2018-11-02,21:43:00,2018-11-03,11:48:00,norway,21,11,21.716666666666665,844.9998,combined,norway,29,C7729
norway|BOD_02H0505,2018-11-04T21:39:00,2018-11-05T10:25:00,12.76667,4.95,Weekend,2018-11-04,21:39:00,2018-11-05,10:25:00,norway,21,10,21.65,766.0002,combined,norway,29,C7750
norway|BOD_02H0505,2018-11-05T12:10:00,2018-11-05T13:07:00,0.95,2.32,Weekday,2018-11-05,12:10:00,2018-11-05,13:07:00,norway,12,13,12.166666666666666,57.0,combined,norway,29,C7508
norway|BOD_02H0505,2018-11-08T12:05:00,2018-11-08T12:34:00,0.4833333,3.3,Weekday,2018-11-08,12:05:00,2018-11-08,12:34:00,norway,12,12,12.083333333333334,28.999998,combined,norway,29,C7629
norway|KRO_aYnkLAxyEe,2021-01-15T15:22:57,2021-01-18T07:30:47,64.13056,6.35,Weekday,2021-01-15,15:22:57,2021-01-18,07:30:47,norway,15,7,15.366666666666667,3847.8336,combined,norway,30,C7810
norway|KRO_aYnkLAxyEe,2021-01-15T18:32:13,2021-01-16T11:15:54,16.72806,33.395,Weekday,2021-01-15,18:32:13,2021-01-16,11:15:54,norway,18,11,18.53333333333333,1003.6836,combined,norway,30,C7767
norway|KRO_aYnkLAxyEe,2021-01-16T16:56:55,2021-01-17T13:14:20,20.29028,22.697,Weekend,2021-01-16,16:56:55,2021-01-17,13:14:20,norway,16,13,16.933333333333334,1217.4168,combined,norway,30,C7814
norway|KRO_aYnkLAxyEe,2021-01-18T15:47:07,2021-01-18T17:23:09,1.600556,5.309,Weekday,2021-01-18,15:47:07,2021-01-18,17:23:09,norway,15,17,15.783333333333331,96.03336,combined,norway,30,C7780
norway|KRO_aYnkLAxyEe,2021-01-18T19:15:51,2021-01-19T07:18:09,12.03833,6.504,Weekday,2021-01-18,19:15:51,2021-01-19,07:18:09,norway,19,7,19.25,722.2998,combined,norway,30,C7839
norway|KRO_aYnkLAxyEe,2021-01-18T20:51:37,2021-01-19T11:10:00,14.30639,45.133,Weekday,2021-01-18,20:51:37,2021-01-19,11:10:00,norway,20,11,20.85,858.3834,combined,norway,30,C7797
norway|KRO_aYnkLAxyEe,2021-01-19T15:37:20,2021-01-20T07:12:26,15.585,5.089,Weekday,2021-01-19,15:37:20,2021-01-20,07:12:26,norway,15,7,15.616666666666667,935.1,combined,norway,30,C7829
norway|KRO_aYnkLAxyEe,2021-01-20T09:15:42,2021-01-20T12:52:29,3.613056,21.974,Weekday,2021-01-20,09:15:42,2021-01-20,12:52:29,norway,9,12,9.25,216.78336,combined,norway,30,C7841
norway|KRO_aYnkLAxyEe,2021-01-20T15:56:06,2021-01-21T07:44:22,15.80444,6.646,Weekday,2021-01-20,15:56:06,2021-01-21,07:44:22,norway,15,7,15.933333333333334,948.2664,combined,norway,30,C7888
norway|KRO_aYnkLAxyEe,2021-01-21T15:38:45,2021-01-25T07:23:35,87.74722,5.446,Weekday,2021-01-21,15:38:45,2021-01-25,07:23:35,norway,15,7,15.633333333333333,5264.8332,combined,norway,30,C7873
norway|OSL_S_KT112,2018-02-07T18:32:00,2018-02-08T15:59:00,21.45,20.87,Weekday,2018-02-07,18:32:00,2018-02-08,15:59:00,norway,18,15,18.53333333333333,1287.0,combined,norway,31,C7990
norway|OSL_S_KT112,2018-02-15T22:14:00,2018-02-16T16:57:00,18.71667,13.77,Weekday,2018-02-15,22:14:00,2018-02-16,16:57:00,norway,22,16,22.23333333333333,1123.0002,combined,norway,31,C8100
norway|OSL_S_KT112,2018-02-20T23:12:00,2018-02-21T15:45:00,16.55,19.17,Weekday,2018-02-20,23:12:00,2018-02-21,15:45:00,norway,23,15,23.2,993.0,combined,norway,31,C8038
norway|OSL_S_KT112,2018-02-25T19:49:00,2018-02-26T08:25:00,12.6,12.4,Weekend,2018-02-25,19:49:00,2018-02-26,08:25:00,norway,19,8,19.816666666666663,756.0,combined,norway,31,C8097
norway|OSL_S_KT112,2018-03-08T15:11:00,2018-03-09T17:23:00,26.2,12.27,Weekday,2018-03-08,15:11:00,2018-03-09,17:23:00,norway,15,17,15.183333333333334,1572.0,combined,norway,31,C8037
norway|OSL_S_KT112,2018-04-16T21:51:00,2018-04-17T09:58:00,12.11667,18.71,Weekday,2018-04-16,21:51:00,2018-04-17,09:58:00,norway,21,9,21.85,727.0002,combined,norway,31,C7910
norway|OSL_S_KT112,2018-04-18T18:25:00,2018-04-19T08:50:00,14.41667,12.11,Weekday,2018-04-18,18:25:00,2018-04-19,08:50:00,norway,18,8,18.416666666666668,865.0002,combined,norway,31,C8063
norway|OSL_S_KT112,2018-05-12T19:10:00,2018-05-14T08:40:00,37.5,18.65,Weekend,2018-05-12,19:10:00,2018-05-14,08:40:00,norway,19,8,19.166666666666668,2250.0,combined,norway,31,C8098
norway|OSL_S_KT112,2018-05-17T15:37:00,2018-05-18T07:46:00,16.15,14.26,Weekday,2018-05-17,15:37:00,2018-05-18,07:46:00,norway,15,7,15.616666666666667,969.0,combined,norway,31,C7927
norway|OSL_S_KT112,2018-05-25T19:00:00,2018-05-26T16:19:00,21.31667,11.94,Weekday,2018-05-25,19:00:00,2018-05-26,16:19:00,norway,19,16,19.0,1279.0002,combined,norway,31,C8003
norway|OSL_S_KT125,2018-02-11T12:10:00,2018-02-11T14:17:00,2.116667,7.59,Weekend,2018-02-11,12:10:00,2018-02-11,14:17:00,norway,12,14,12.166666666666666,127.00002,combined,norway,32,C8198
norway|OSL_S_KT125,2018-02-11T17:02:00,2018-02-12T11:05:00,18.05,27.93,Weekend,2018-02-11,17:02:00,2018-02-12,11:05:00,norway,17,11,17.033333333333335,1083.0,combined,norway,32,C8213
norway|OSL_S_KT125,2018-02-12T19:19:00,2018-02-13T09:29:00,14.16667,23.66,Weekday,2018-02-12,19:19:00,2018-02-13,09:29:00,norway,19,9,19.316666666666663,850.0002,combined,norway,32,C8242
norway|OSL_S_KT125,2018-02-13T19:15:00,2018-02-14T09:48:00,14.55,23.37,Weekday,2018-02-13,19:15:00,2018-02-14,09:48:00,norway,19,9,19.25,873.0,combined,norway,32,C8408
norway|OSL_S_KT125,2018-03-11T03:26:00,2018-03-11T12:03:00,8.616667,16.08,Weekend,2018-03-11,03:26:00,2018-03-11,12:03:00,norway,3,12,3.4333333333333336,517.00002,combined,norway,32,C8235
norway|OSL_S_KT125,2018-03-11T12:03:00,2018-03-14T23:32:00,83.48333,16.77,Weekend,2018-03-11,12:03:00,2018-03-14,23:32:00,norway,12,23,12.05,5008.9998,combined,norway,32,C8191
norway|OSL_S_KT125,2018-03-14T23:32:00,2018-03-15T12:06:00,12.56667,24.26,Weekday,2018-03-14,23:32:00,2018-03-15,12:06:00,norway,23,12,23.53333333333333,754.0002000000001,combined,norway,32,C8354
norway|OSL_S_KT125,2018-03-23T15:46:00,2018-03-23T20:26:00,4.666667,16.69,Weekday,2018-03-23,15:46:00,2018-03-23,20:26:00,norway,15,20,15.766666666666667,280.00002,combined,norway,32,C8142
norway|OSL_S_KT125,2018-03-25T17:04:00,2018-03-25T20:15:00,3.183333,11.43,Weekend,2018-03-25,17:04:00,2018-03-25,20:15:00,norway,17,20,17.066666666666666,190.99998,combined,norway,32,C8280
norway|OSL_S_KT125,2018-03-28T16:12:00,2018-03-28T16:55:00,0.7166667,2.55,Weekday,2018-03-28,16:12:00,2018-03-28,16:55:00,norway,16,16,16.2,43.000002,combined,norway,32,C8394
norway|OSL_S_KT137,2018-02-07T17:48:00,2018-02-08T06:42:00,12.9,14.31,Weekday,2018-02-07,17:48:00,2018-02-08,06:42:00,norway,17,6,17.8,774.0,combined,norway,33,C8644
norway|OSL_S_KT137,2018-02-09T22:06:00,2018-02-10T14:05:00,15.98333,16.07,Weekday,2018-02-09,22:06:00,2018-02-10,14:05:00,norway,22,14,22.1,958.9998,combined,norway,33,C8613
norway|OSL_S_KT137,2018-02-10T15:31:00,2018-02-12T06:54:00,39.38333,9.9,Weekend,2018-02-10,15:31:00,2018-02-12,06:54:00,norway,15,6,15.516666666666667,2362.9998,combined,norway,33,C8700
norway|OSL_S_KT137,2018-02-13T16:06:00,2018-02-13T16:50:00,0.7333333,2.46,Weekday,2018-02-13,16:06:00,2018-02-13,16:50:00,norway,16,16,16.1,43.999998,combined,norway,33,C8674
norway|OSL_S_KT137,2018-02-13T17:01:00,2018-02-13T19:26:00,2.416667,8.06,Weekday,2018-02-13,17:01:00,2018-02-13,19:26:00,norway,17,19,17.016666666666666,145.00002,combined,norway,33,C8716
norway|OSL_S_KT137,2018-02-13T20:20:00,2018-02-14T07:55:00,11.58333,12.73,Weekday,2018-02-13,20:20:00,2018-02-14,07:55:00,norway,20,7,20.33333333333333,694.9998,combined,norway,33,C8727
norway|OSL_S_KT137,2018-02-15T07:43:00,2018-02-15T12:07:00,4.4,13.43,Weekday,2018-02-15,07:43:00,2018-02-15,12:07:00,norway,7,12,7.716666666666667,264.0,combined,norway,33,C8562
norway|OSL_S_KT137,2018-02-15T17:17:00,2018-02-16T07:06:00,13.81667,17.17,Weekday,2018-02-15,17:17:00,2018-02-16,07:06:00,norway,17,7,17.283333333333335,829.0002000000001,combined,norway,33,C8768
norway|OSL_S_KT137,2018-02-16T18:15:00,2018-02-16T22:28:00,4.216667,14.07,Weekday,2018-02-16,18:15:00,2018-02-16,22:28:00,norway,18,22,18.25,253.00002,combined,norway,33,C8618
norway|OSL_S_KT137,2018-02-19T13:49:00,2018-02-19T18:33:00,4.733333,15.81,Weekday,2018-02-19,13:49:00,2018-02-19,18:33:00,norway,13,18,13.816666666666666,283.99998,combined,norway,33,C8761
norway|OSL_S_KT138,2018-02-06T20:35:00,2018-02-07T21:40:00,25.08333,8.88,Weekday,2018-02-06,20:35:00,2018-02-07,21:40:00,norway,20,21,20.58333333333333,1504.9998,combined,norway,34,C8863
norway|OSL_S_KT138,2018-02-08T22:17:00,2018-02-09T16:19:00,18.03333,14.64,Weekday,2018-02-08,22:17:00,2018-02-09,16:19:00,norway,22,16,22.28333333333333,1081.9998,combined,norway,34,C8811
norway|OSL_S_KT138,2018-02-10T04:02:00,2018-02-10T15:39:00,11.61667,12.59,Weekend,2018-02-10,04:02:00,2018-02-10,15:39:00,norway,4,15,4.033333333333333,697.0002,combined,norway,34,C8890
norway|OSL_S_KT138,2018-02-11T19:43:00,2018-02-12T10:37:00,14.9,9.43,Weekend,2018-02-11,19:43:00,2018-02-12,10:37:00,norway,19,10,19.716666666666665,894.0,combined,norway,34,C8906
norway|OSL_S_KT138,2018-02-12T20:33:00,2018-02-12T23:15:00,2.7,8.46,Weekday,2018-02-12,20:33:00,2018-02-12,23:15:00,norway,20,23,20.55,162.0,combined,norway,34,C8918
norway|OSL_S_KT138,2018-02-13T01:49:00,2018-02-13T10:40:00,8.85,11.48,Weekday,2018-02-13,01:49:00,2018-02-13,10:40:00,norway,1,10,1.8166666666666669,531.0,combined,norway,34,C8904
norway|OSL_S_KT138,2018-02-13T20:58:00,2018-02-15T15:30:00,42.53333,11.86,Weekday,2018-02-13,20:58:00,2018-02-15,15:30:00,norway,20,15,20.966666666666665,2551.9998,combined,norway,34,C8903
norway|OSL_S_KT138,2018-02-15T23:00:00,2018-02-16T14:28:00,15.46667,13.02,Weekday,2018-02-15,23:00:00,2018-02-16,14:28:00,norway,23,14,23.0,928.0002,combined,norway,34,C8905
norway|OSL_S_KT138,2018-02-16T18:11:00,2018-02-16T20:22:00,2.183333,4.73,Weekday,2018-02-16,18:11:00,2018-02-16,20:22:00,norway,18,20,18.183333333333334,130.99998000000002,combined,norway,34,C8829
norway|OSL_S_KT138,2018-02-17T04:08:00,2018-02-17T20:13:00,16.08333,11.17,Weekend,2018-02-17,04:08:00,2018-02-17,20:13:00,norway,4,20,4.133333333333334,964.9998,combined,norway,34,C8870
norway|OSL_S_KT140,2018-02-09T09:07:00,2018-02-09T16:43:00,7.6,8.33,Weekday,2018-02-09,09:07:00,2018-02-09,16:43:00,norway,9,16,9.116666666666667,456.0,combined,norway,35,C9090
norway|OSL_S_KT140,2018-02-15T11:32:00,2018-02-15T15:30:00,3.966667,11.29,Weekday,2018-02-15,11:32:00,2018-02-15,15:30:00,norway,11,15,11.533333333333331,238.00002,combined,norway,35,C8979
norway|OSL_S_KT140,2018-02-16T17:10:00,2018-02-16T17:34:00,0.4,1.27,Weekday,2018-02-16,17:10:00,2018-02-16,17:34:00,norway,17,17,17.166666666666668,24.0,combined,norway,35,C9014
norway|OSL_S_KT140,2018-02-16T18:46:00,2018-02-17T09:23:00,14.61667,12.8,Weekday,2018-02-16,18:46:00,2018-02-17,09:23:00,norway,18,9,18.766666666666666,877.0002,combined,norway,35,C8983
norway|OSL_S_KT140,2018-02-17T16:28:00,2018-02-18T09:26:00,16.96667,9.89,Weekend,2018-02-17,16:28:00,2018-02-18,09:26:00,norway,16,9,16.466666666666665,1018.0002,combined,norway,35,C9079
norway|OSL_S_KT140,2018-02-19T12:52:00,2018-02-19T14:56:00,2.066667,6.91,Weekday,2018-02-19,12:52:00,2018-02-19,14:56:00,norway,12,14,12.866666666666667,124.00002,combined,norway,35,C9122
norway|OSL_S_KT140,2018-02-21T10:46:00,2018-02-21T13:39:00,2.883333,8.54,Weekday,2018-02-21,10:46:00,2018-02-21,13:39:00,norway,10,13,10.766666666666667,172.99998,combined,norway,35,C8930
norway|OSL_S_KT140,2018-02-22T11:53:00,2018-02-22T15:28:00,3.583333,6.18,Weekday,2018-02-22,11:53:00,2018-02-22,15:28:00,norway,11,15,11.883333333333333,214.99998,combined,norway,35,C9123
norway|OSL_S_KT140,2018-02-23T17:09:00,2018-02-23T21:00:00,3.85,10.66,Weekday,2018-02-23,17:09:00,2018-02-23,21:00:00,norway,17,21,17.15,231.0,combined,norway,35,C8989
norway|OSL_S_KT140,2018-02-24T13:52:00,2018-02-24T18:05:00,4.216667,11.77,Weekend,2018-02-24,13:52:00,2018-02-24,18:05:00,norway,13,18,13.866666666666667,253.00002,combined,norway,35,C8950
norway|OSL_S_KT143,2018-02-06T20:09:00,2018-02-07T10:08:00,13.98333,7.11,Weekday,2018-02-06,20:09:00,2018-02-07,10:08:00,norway,20,10,20.15,838.9998,combined,norway,36,C9393
norway|OSL_S_KT143,2018-02-07T19:17:00,2018-02-08T11:19:00,16.03333,21.47,Weekday,2018-02-07,19:17:00,2018-02-08,11:19:00,norway,19,11,19.28333333333333,961.9998,combined,norway,36,C9141
norway|OSL_S_KT143,2018-02-08T16:23:00,2018-02-09T11:17:00,18.9,17.45,Weekday,2018-02-08,16:23:00,2018-02-09,11:17:00,norway,16,11,16.383333333333333,1134.0,combined,norway,36,C9285
norway|OSL_S_KT143,2018-02-09T14:54:00,2018-02-09T18:04:00,3.166667,5.92,Weekday,2018-02-09,14:54:00,2018-02-09,18:04:00,norway,14,18,14.9,190.00002,combined,norway,36,C9211
norway|OSL_S_KT143,2018-02-09T22:20:00,2018-02-10T10:41:00,12.35,4.91,Weekday,2018-02-09,22:20:00,2018-02-10,10:41:00,norway,22,10,22.33333333333333,741.0,combined,norway,36,C9216
norway|OSL_S_KT143,2018-02-10T18:28:00,2018-02-11T13:22:00,18.9,15.1,Weekend,2018-02-10,18:28:00,2018-02-11,13:22:00,norway,18,13,18.466666666666665,1134.0,combined,norway,36,C9184
norway|OSL_S_KT143,2018-02-11T19:30:00,2018-02-12T11:01:00,15.51667,6.18,Weekend,2018-02-11,19:30:00,2018-02-12,11:01:00,norway,19,11,19.5,931.0002,combined,norway,36,C9401
norway|OSL_S_KT143,2018-02-12T20:27:00,2018-02-13T13:17:00,16.83333,9.92,Weekday,2018-02-12,20:27:00,2018-02-13,13:17:00,norway,20,13,20.45,1009.9998,combined,norway,36,C9720
norway|OSL_S_KT143,2018-02-14T17:37:00,2018-02-15T11:46:00,18.15,12.55,Weekday,2018-02-14,17:37:00,2018-02-15,11:46:00,norway,17,11,17.616666666666667,1089.0,combined,norway,36,C9270
norway|OSL_S_KT143,2018-02-15T17:30:00,2018-02-16T07:21:00,13.85,16.63,Weekday,2018-02-15,17:30:00,2018-02-16,07:21:00,norway,17,7,17.5,831.0,combined,norway,36,C9604
norway|OSL_S_KT149,2018-02-07T00:16:00,2018-02-07T22:01:00,21.75,10.87,Weekday,2018-02-07,00:16:00,2018-02-07,22:01:00,norway,0,22,0.2666666666666666,1305.0,combined,norway,37,C9785
norway|OSL_S_KT149,2018-02-10T21:25:00,2018-02-11T13:23:00,15.96667,10.7,Weekend,2018-02-10,21:25:00,2018-02-11,13:23:00,norway,21,13,21.416666666666668,958.0002,combined,norway,37,C9741
norway|OSL_S_KT149,2018-02-12T02:32:00,2018-02-12T17:56:00,15.4,18.19,Weekday,2018-02-12,02:32:00,2018-02-12,17:56:00,norway,2,17,2.533333333333333,924.0,combined,norway,37,C9898
norway|OSL_S_KT149,2018-02-14T05:08:00,2018-02-14T17:57:00,12.81667,10.78,Weekday,2018-02-14,05:08:00,2018-02-14,17:57:00,norway,5,17,5.133333333333334,769.0002000000001,combined,norway,37,C9751
norway|OSL_S_KT149,2018-02-19T08:21:00,2018-02-22T08:36:00,72.25,12.89,Weekday,2018-02-19,08:21:00,2018-02-22,08:36:00,norway,8,8,8.35,4335.0,combined,norway,37,C9852
norway|OSL_S_KT149,2018-02-25T06:22:00,2018-02-25T19:05:00,12.71667,15.61,Weekend,2018-02-25,06:22:00,2018-02-25,19:05:00,norway,6,19,6.366666666666666,763.0002000000001,combined,norway,37,C9742
norway|OSL_S_KT149,2018-03-02T00:16:00,2018-03-02T14:10:00,13.9,17.97,Weekday,2018-03-02,00:16:00,2018-03-02,14:10:00,norway,0,14,0.2666666666666666,834.0,combined,norway,37,C9836
norway|OSL_S_KT149,2018-03-02T21:47:00,2018-03-03T17:11:00,19.4,11.34,Weekday,2018-03-02,21:47:00,2018-03-03,17:11:00,norway,21,17,21.78333333333333,1164.0,combined,norway,37,C9786
norway|OSL_S_KT149,2018-03-07T15:15:00,2018-03-08T13:06:00,21.85,16.17,Weekday,2018-03-07,15:15:00,2018-03-08,13:06:00,norway,15,13,15.25,1311.0,combined,norway,37,C9823
norway|OSL_S_KT149,2018-03-11T18:10:00,2018-03-13T23:54:00,53.73333,14.08,Weekend,2018-03-11,18:10:00,2018-03-13,23:54:00,norway,18,23,18.166666666666668,3223.9998,combined,norway,37,C9855
norway|OSL_S_KT160,2018-02-20T04:32:00,2018-02-20T08:09:00,3.616667,12.07,Weekday,2018-02-20,04:32:00,2018-02-20,08:09:00,norway,4,8,4.533333333333333,217.00002,combined,norway,38,C10010
norway|OSL_S_KT160,2018-02-20T12:18:00,2018-02-20T16:31:00,4.216667,10.94,Weekday,2018-02-20,12:18:00,2018-02-20,16:31:00,norway,12,16,12.3,253.00002,combined,norway,38,C10060
norway|OSL_S_KT160,2018-02-21T04:42:00,2018-02-21T13:52:00,9.166667,19.64,Weekday,2018-02-21,04:42:00,2018-02-21,13:52:00,norway,4,13,4.7,550.0000200000001,combined,norway,38,C10106
norway|OSL_S_KT160,2018-02-22T01:46:00,2018-02-22T11:20:00,9.566667,20.9,Weekday,2018-02-22,01:46:00,2018-02-22,11:20:00,norway,1,11,1.7666666666666666,574.0000200000001,combined,norway,38,C10114
norway|OSL_S_KT160,2018-02-22T12:34:00,2018-02-22T15:53:00,3.316667,2.76,Weekday,2018-02-22,12:34:00,2018-02-22,15:53:00,norway,12,15,12.566666666666666,199.00002,combined,norway,38,C10130
norway|OSL_S_KT160,2018-02-22T20:51:00,2018-02-22T22:22:00,1.516667,5.02,Weekday,2018-02-22,20:51:00,2018-02-22,22:22:00,norway,20,22,20.85,91.00002,combined,norway,38,C10134
norway|OSL_S_KT160,2018-02-23T02:14:00,2018-02-23T21:04:00,18.83333,19.24,Weekday,2018-02-23,02:14:00,2018-02-23,21:04:00,norway,2,21,2.2333333333333334,1129.9998,combined,norway,38,C10085
norway|OSL_S_KT160,2018-02-24T01:58:00,2018-02-24T07:17:00,5.316667,7.23,Weekend,2018-02-24,01:58:00,2018-02-24,07:17:00,norway,1,7,1.9666666666666668,319.00002,combined,norway,38,C9945
norway|OSL_S_KT160,2018-02-24T15:22:00,2018-02-24T20:48:00,5.433333,5.0,Weekend,2018-02-24,15:22:00,2018-02-24,20:48:00,norway,15,20,15.366666666666667,325.99998,combined,norway,38,C9982
norway|OSL_S_KT160,2018-02-24T22:52:00,2018-02-25T07:18:00,8.433333,25.09,Weekend,2018-02-24,22:52:00,2018-02-25,07:18:00,norway,22,7,22.866666666666667,505.99998,combined,norway,38,C9977
norway|OSL_S_KT162,2018-10-12T19:08:00,2018-10-13T13:23:00,18.25,22.66,Weekday,2018-10-12,19:08:00,2018-10-13,13:23:00,norway,19,13,19.133333333333333,1095.0,combined,norway,39,C10228
norway|OSL_S_KT162,2018-10-18T18:50:00,2018-10-18T20:50:00,2.0,7.23,Weekday,2018-10-18,18:50:00,2018-10-18,20:50:00,norway,18,20,18.83333333333333,120.0,combined,norway,39,C10333
norway|OSL_S_KT162,2018-10-19T15:48:00,2018-10-19T20:01:00,4.216667,15.21,Weekday,2018-10-19,15:48:00,2018-10-19,20:01:00,norway,15,20,15.8,253.00002,combined,norway,39,C10297
norway|OSL_S_KT162,2018-10-20T00:40:00,2018-10-20T07:43:00,7.05,25.28,Weekend,2018-10-20,00:40:00,2018-10-20,07:43:00,norway,0,7,0.6666666666666666,423.0,combined,norway,39,C10146
norway|OSL_S_KT162,2018-10-20T16:30:00,2018-10-20T16:42:00,0.2,0.72,Weekend,2018-10-20,16:30:00,2018-10-20,16:42:00,norway,16,16,16.5,12.0,combined,norway,39,C10167
norway|OSL_S_KT162,2018-10-21T00:02:00,2018-10-21T12:06:00,12.06667,21.82,Weekend,2018-10-21,00:02:00,2018-10-21,12:06:00,norway,0,12,0.0333333333333333,724.0002000000001,combined,norway,39,C10234
norway|OSL_S_KT162,2018-10-21T15:32:00,2018-10-21T16:49:00,1.283333,4.64,Weekend,2018-10-21,15:32:00,2018-10-21,16:49:00,norway,15,16,15.533333333333331,76.99998000000001,combined,norway,39,C10364
norway|OSL_S_KT162,2018-10-21T22:02:00,2018-10-22T06:24:00,8.366667,28.84,Weekend,2018-10-21,22:02:00,2018-10-22,06:24:00,norway,22,6,22.03333333333333,502.00002,combined,norway,39,C10260
norway|OSL_S_KT162,2018-10-23T14:16:00,2018-10-23T14:34:00,0.3,1.09,Weekday,2018-10-23,14:16:00,2018-10-23,14:34:00,norway,14,14,14.266666666666667,18.0,combined,norway,39,C10397
norway|OSL_S_KT162,2018-10-23T16:40:00,2018-10-23T20:57:00,4.283333,15.47,Weekday,2018-10-23,16:40:00,2018-10-23,20:57:00,norway,16,20,16.666666666666668,256.99998,combined,norway,39,C10222
norway|OSL_S_KT164,2018-02-06T15:45:00,2018-02-07T06:52:00,15.11667,16.2,Weekday,2018-02-06,15:45:00,2018-02-07,06:52:00,norway,15,6,15.75,907.0002,combined,norway,40,C10543
norway|OSL_S_KT164,2018-02-07T18:08:00,2018-02-08T06:53:00,12.75,23.82,Weekday,2018-02-07,18:08:00,2018-02-08,06:53:00,norway,18,6,18.133333333333333,765.0,combined,norway,40,C10549
norway|OSL_S_KT164,2018-02-08T16:09:00,2018-02-09T06:57:00,14.8,18.08,Weekday,2018-02-08,16:09:00,2018-02-09,06:57:00,norway,16,6,16.15,888.0,combined,norway,40,C10517
norway|OSL_S_KT164,2018-02-09T16:25:00,2018-02-11T21:08:00,52.71667,25.96,Weekday,2018-02-09,16:25:00,2018-02-11,21:08:00,norway,16,21,16.416666666666668,3163.0002,combined,norway,40,C10499
norway|OSL_S_KT164,2018-02-12T16:18:00,2018-02-13T07:00:00,14.7,31.32,Weekday,2018-02-12,16:18:00,2018-02-13,07:00:00,norway,16,7,16.3,882.0,combined,norway,40,C10478
norway|OSL_S_KT164,2018-02-14T07:49:00,2018-02-14T13:34:00,5.75,20.74,Weekday,2018-02-14,07:49:00,2018-02-14,13:34:00,norway,7,13,7.816666666666666,345.0,combined,norway,40,C10582
norway|OSL_S_KT164,2018-02-14T17:27:00,2018-02-15T07:02:00,13.58333,21.52,Weekday,2018-02-14,17:27:00,2018-02-15,07:02:00,norway,17,7,17.45,814.9998,combined,norway,40,C10540
norway|OSL_S_KT164,2018-02-16T08:29:00,2018-02-16T13:51:00,5.366667,19.35,Weekday,2018-02-16,08:29:00,2018-02-16,13:51:00,norway,8,13,8.483333333333333,322.00001999999995,combined,norway,40,C10547
norway|OSL_S_KT164,2018-02-16T17:05:00,2018-02-18T14:14:00,45.15,17.48,Weekday,2018-02-16,17:05:00,2018-02-18,14:14:00,norway,17,14,17.083333333333332,2709.0,combined,norway,40,C10564
norway|OSL_S_KT164,2018-02-19T16:55:00,2018-02-20T06:57:00,14.03333,19.73,Weekday,2018-02-19,16:55:00,2018-02-20,06:57:00,norway,16,6,16.916666666666668,841.9997999999999,combined,norway,40,C10546
norway|OSL_S_KT169,2018-02-06T14:42:00,2018-02-07T05:18:00,14.6,3.64,Weekday,2018-02-06,14:42:00,2018-02-07,05:18:00,norway,14,5,14.7,876.0,combined,norway,41,C10822
norway|OSL_S_KT169,2018-02-07T14:38:00,2018-02-08T05:14:00,14.6,3.32,Weekday,2018-02-07,14:38:00,2018-02-08,05:14:00,norway,14,5,14.633333333333333,876.0,combined,norway,41,C10606
norway|OSL_S_KT169,2018-02-08T15:12:00,2018-02-09T05:15:00,14.05,4.9,Weekday,2018-02-08,15:12:00,2018-02-09,05:15:00,norway,15,5,15.2,843.0,combined,norway,41,C10758
norway|OSL_S_KT169,2018-02-11T17:55:00,2018-02-12T05:19:00,11.4,4.39,Weekend,2018-02-11,17:55:00,2018-02-12,05:19:00,norway,17,5,17.916666666666668,684.0,combined,norway,41,C10671
norway|OSL_S_KT169,2018-02-12T15:11:00,2018-02-13T05:14:00,14.05,4.65,Weekday,2018-02-12,15:11:00,2018-02-13,05:14:00,norway,15,5,15.183333333333334,843.0,combined,norway,41,C10906
norway|OSL_S_KT169,2018-02-13T14:45:00,2018-02-14T05:14:00,14.48333,3.92,Weekday,2018-02-13,14:45:00,2018-02-14,05:14:00,norway,14,5,14.75,868.9998,combined,norway,41,C10731
norway|OSL_S_KT169,2018-02-14T14:40:00,2018-02-15T05:29:00,14.81667,4.75,Weekday,2018-02-14,14:40:00,2018-02-15,05:29:00,norway,14,5,14.666666666666666,889.0002000000001,combined,norway,41,C10634
norway|OSL_S_KT169,2018-02-15T15:02:00,2018-02-16T05:16:00,14.23333,4.14,Weekday,2018-02-15,15:02:00,2018-02-16,05:16:00,norway,15,5,15.033333333333331,853.9998,combined,norway,41,C10834
norway|OSL_S_KT169,2018-02-18T20:03:00,2018-02-19T05:20:00,9.283333,4.13,Weekend,2018-02-18,20:03:00,2018-02-19,05:20:00,norway,20,5,20.05,556.99998,combined,norway,41,C10826
norway|OSL_S_KT169,2018-02-19T14:41:00,2018-02-20T05:15:00,14.56667,2.56,Weekday,2018-02-19,14:41:00,2018-02-20,05:15:00,norway,14,5,14.683333333333334,874.0002000000001,combined,norway,41,C10873
norway|OSL_S_KT17,2018-12-17T18:02:00,2018-12-18T17:25:00,23.38333,46.33,Weekday,2018-12-17,18:02:00,2018-12-18,17:25:00,norway,18,17,18.03333333333333,1402.9998,combined,norway,42,C11017
norway|OSL_S_KT17,2018-12-21T19:06:00,2018-12-22T06:17:00,11.18333,24.79,Weekday,2018-12-21,19:06:00,2018-12-22,06:17:00,norway,19,6,19.1,670.9997999999999,combined,norway,42,C11052
norway|OSL_S_KT17,2019-01-07T23:02:00,2019-01-08T10:32:00,11.5,36.58,Weekday,2019-01-07,23:02:00,2019-01-08,10:32:00,norway,23,10,23.03333333333333,690.0,combined,norway,42,C11061
norway|OSL_S_KT17,2019-01-09T22:28:00,2019-01-10T05:52:00,7.4,23.53,Weekday,2019-01-09,22:28:00,2019-01-10,05:52:00,norway,22,5,22.466666666666665,444.0,combined,norway,42,C11068
norway|OSL_S_KT17,2019-01-11T15:07:00,2019-01-11T16:32:00,1.416667,4.77,Weekday,2019-01-11,15:07:00,2019-01-11,16:32:00,norway,15,16,15.116666666666667,85.00001999999999,combined,norway,42,C11044
norway|OSL_S_KT17,2019-01-11T22:59:00,2019-01-12T07:40:00,8.683333,29.53,Weekday,2019-01-11,22:59:00,2019-01-12,07:40:00,norway,22,7,22.98333333333333,520.9999799999999,combined,norway,42,C11028
norway|OSL_S_KT17,2019-01-21T23:20:00,2019-01-21T23:38:00,0.3,0.76,Weekday,2019-01-21,23:20:00,2019-01-21,23:38:00,norway,23,23,23.33333333333333,18.0,combined,norway,42,C11071
norway|OSL_S_KT17,2019-01-25T22:07:00,2019-01-26T10:39:00,12.53333,42.64,Weekday,2019-01-25,22:07:00,2019-01-26,10:39:00,norway,22,10,22.116666666666667,751.9997999999999,combined,norway,42,C11026
norway|OSL_S_KT17,2019-01-30T00:25:00,2019-01-30T11:56:00,11.51667,34.01,Weekday,2019-01-30,00:25:00,2019-01-30,11:56:00,norway,0,11,0.4166666666666667,691.0002,combined,norway,42,C11076
norway|OSL_S_KT17,2019-02-01T20:55:00,2019-02-02T15:20:00,18.41667,54.28,Weekday,2019-02-01,20:55:00,2019-02-02,15:20:00,norway,20,15,20.916666666666668,1105.0002,combined,norway,42,C11065
norway|OSL_S_KT173,2018-02-06T15:48:00,2018-02-07T06:49:00,15.01667,36.34,Weekday,2018-02-06,15:48:00,2018-02-07,06:49:00,norway,15,6,15.8,901.0002,combined,norway,43,C11271
norway|OSL_S_KT173,2018-02-08T20:08:00,2018-02-09T08:21:00,12.21667,29.56,Weekday,2018-02-08,20:08:00,2018-02-09,08:21:00,norway,20,8,20.133333333333333,733.0002000000001,combined,norway,43,C11246
norway|OSL_S_KT173,2018-02-10T20:02:00,2018-02-11T14:42:00,18.66667,45.18,Weekend,2018-02-10,20:02:00,2018-02-11,14:42:00,norway,20,14,20.03333333333333,1120.0002,combined,norway,43,C11094
norway|OSL_S_KT173,2018-02-14T18:06:00,2018-02-15T07:19:00,13.21667,32.07,Weekday,2018-02-14,18:06:00,2018-02-15,07:19:00,norway,18,7,18.1,793.0002000000001,combined,norway,43,C11112
norway|OSL_S_KT173,2018-02-15T16:09:00,2018-02-16T06:52:00,14.71667,34.35,Weekday,2018-02-15,16:09:00,2018-02-16,06:52:00,norway,16,6,16.15,883.0002000000001,combined,norway,43,C11282
norway|OSL_S_KT173,2018-02-18T16:07:00,2018-02-18T18:16:00,2.15,5.16,Weekend,2018-02-18,16:07:00,2018-02-18,18:16:00,norway,16,18,16.116666666666667,129.0,combined,norway,43,C11294
norway|OSL_S_KT173,2018-02-18T22:59:00,2018-02-19T07:15:00,8.266667,20.05,Weekend,2018-02-18,22:59:00,2018-02-19,07:15:00,norway,22,7,22.98333333333333,496.00002,combined,norway,43,C11135
norway|OSL_S_KT173,2018-02-19T16:22:00,2018-02-20T06:46:00,14.4,34.92,Weekday,2018-02-19,16:22:00,2018-02-20,06:46:00,norway,16,6,16.366666666666667,864.0,combined,norway,43,C11122
norway|OSL_S_KT173,2018-02-22T16:15:00,2018-02-23T07:17:00,15.03333,36.34,Weekday,2018-02-22,16:15:00,2018-02-23,07:17:00,norway,16,7,16.25,901.9998,combined,norway,43,C11139
norway|OSL_S_KT173,2018-02-23T22:27:00,2018-02-24T19:36:00,21.15,44.79,Weekday,2018-02-23,22:27:00,2018-02-24,19:36:00,norway,22,19,22.45,1269.0,combined,norway,43,C11184
norway|OSL_S_KT202,2019-03-07T19:43:00,2019-03-08T06:45:00,11.03333,26.34,Weekday,2019-03-07,19:43:00,2019-03-08,06:45:00,norway,19,6,19.716666666666665,661.9997999999999,combined,norway,44,C11568
norway|OSL_S_KT202,2019-03-08T11:13:00,2019-03-08T14:18:00,3.083333,11.07,Weekday,2019-03-08,11:13:00,2019-03-08,14:18:00,norway,11,14,11.216666666666669,184.99998,combined,norway,44,C11567
norway|OSL_S_KT202,2019-03-10T17:28:00,2019-03-11T06:44:00,13.26667,23.8,Weekend,2019-03-10,17:28:00,2019-03-11,06:44:00,norway,17,6,17.466666666666665,796.0002,combined,norway,44,C11529
norway|OSL_S_KT202,2019-03-11T15:28:00,2019-03-11T21:18:00,5.833333,15.53,Weekday,2019-03-11,15:28:00,2019-03-11,21:18:00,norway,15,21,15.466666666666669,349.99998,combined,norway,44,C11375
norway|OSL_S_KT202,2019-03-13T15:32:00,2019-03-13T20:17:00,4.75,17.09,Weekday,2019-03-13,15:32:00,2019-03-13,20:17:00,norway,15,20,15.533333333333331,285.0,combined,norway,44,C11561
norway|OSL_S_KT202,2019-03-13T21:08:00,2019-03-14T06:43:00,9.583333,23.53,Weekday,2019-03-13,21:08:00,2019-03-14,06:43:00,norway,21,6,21.133333333333333,574.9999799999999,combined,norway,44,C11399
norway|OSL_S_KT202,2019-03-15T15:35:00,2019-03-15T18:20:00,2.75,9.9,Weekday,2019-03-15,15:35:00,2019-03-15,18:20:00,norway,15,18,15.583333333333334,165.0,combined,norway,44,C11506
norway|OSL_S_KT202,2019-03-15T22:00:00,2019-03-16T13:37:00,15.61667,45.22,Weekday,2019-03-15,22:00:00,2019-03-16,13:37:00,norway,22,13,22.0,937.0002,combined,norway,44,C11607
norway|OSL_S_KT202,2019-03-17T12:18:00,2019-03-18T06:43:00,18.41667,17.85,Weekend,2019-03-17,12:18:00,2019-03-18,06:43:00,norway,12,6,12.3,1105.0002,combined,norway,44,C11614
norway|OSL_S_KT202,2019-03-20T15:58:00,2019-03-20T18:14:00,2.266667,8.17,Weekday,2019-03-20,15:58:00,2019-03-20,18:14:00,norway,15,18,15.966666666666669,136.00002,combined,norway,44,C11359
norway|OSL_S_KT43,2018-03-14T23:07:00,2018-03-15T07:38:00,8.516667,16.2,Weekday,2018-03-14,23:07:00,2018-03-15,07:38:00,norway,23,7,23.116666666666667,511.00002,combined,norway,45,C11958
norway|OSL_S_KT43,2018-03-19T22:27:00,2018-03-20T07:36:00,9.15,14.56,Weekday,2018-03-19,22:27:00,2018-03-20,07:36:00,norway,22,7,22.45,549.0,combined,norway,45,C11729
norway|OSL_S_KT43,2018-06-21T11:13:00,2018-06-21T19:14:00,8.016667,14.34,Weekday,2018-06-21,11:13:00,2018-06-21,19:14:00,norway,11,19,11.216666666666669,481.00002,combined,norway,45,C11823
norway|OSL_S_KT43,2018-06-27T23:09:00,2018-06-28T07:10:00,8.016667,6.78,Weekday,2018-06-27,23:09:00,2018-06-28,07:10:00,norway,23,7,23.15,481.00002,combined,norway,45,C11990
norway|OSL_S_KT43,2018-06-30T21:08:00,2018-07-01T08:09:00,11.01667,13.96,Weekend,2018-06-30,21:08:00,2018-07-01,08:09:00,norway,21,8,21.133333333333333,661.0002,combined,norway,45,C11635
norway|OSL_S_KT43,2018-07-02T14:52:00,2018-07-02T16:19:00,1.45,2.91,Weekday,2018-07-02,14:52:00,2018-07-02,16:19:00,norway,14,16,14.866666666666667,87.0,combined,norway,45,C11946
norway|OSL_S_KT43,2018-07-03T01:02:00,2018-07-03T13:48:00,12.76667,6.71,Weekday,2018-07-03,01:02:00,2018-07-03,13:48:00,norway,1,13,1.0333333333333334,766.0002,combined,norway,45,C11656
norway|OSL_S_KT43,2018-07-04T00:10:00,2018-07-04T11:13:00,11.05,7.82,Weekday,2018-07-04,00:10:00,2018-07-04,11:13:00,norway,0,11,0.1666666666666666,663.0,combined,norway,45,C12021
norway|OSL_S_KT43,2018-07-05T07:53:00,2018-07-05T10:56:00,3.05,5.94,Weekday,2018-07-05,07:53:00,2018-07-05,10:56:00,norway,7,10,7.883333333333333,183.0,combined,norway,45,C11889
norway|OSL_S_KT43,2018-07-09T00:57:00,2018-07-09T09:01:00,8.066667,6.45,Weekday,2018-07-09,00:57:00,2018-07-09,09:01:00,norway,0,9,0.95,484.00002000000006,combined,norway,45,C11829
norway|OSL_S_KT45,2018-02-19T15:54:00,2018-02-20T07:28:00,15.56667,19.91,Weekday,2018-02-19,15:54:00,2018-02-20,07:28:00,norway,15,7,15.9,934.0002,combined,norway,46,C12509
norway|OSL_S_KT45,2018-02-20T16:06:00,2018-02-20T17:05:00,0.9833333,3.41,Weekday,2018-02-20,16:06:00,2018-02-20,17:05:00,norway,16,17,16.1,58.999998,combined,norway,46,C12539
norway|OSL_S_KT45,2018-02-20T18:50:00,2018-02-20T21:30:00,2.666667,9.28,Weekday,2018-02-20,18:50:00,2018-02-20,21:30:00,norway,18,21,18.83333333333333,160.00002,combined,norway,46,C12149
norway|OSL_S_KT45,2018-02-20T22:07:00,2018-02-21T07:30:00,9.383333,16.04,Weekday,2018-02-20,22:07:00,2018-02-21,07:30:00,norway,22,7,22.116666666666667,562.99998,combined,norway,46,C12340
norway|OSL_S_KT45,2018-02-21T14:24:00,2018-02-21T15:49:00,1.416667,4.92,Weekday,2018-02-21,14:24:00,2018-02-21,15:49:00,norway,14,15,14.4,85.00001999999999,combined,norway,46,C12038
norway|OSL_S_KT45,2018-02-21T17:10:00,2018-02-21T20:14:00,3.066667,6.4,Weekday,2018-02-21,17:10:00,2018-02-21,20:14:00,norway,17,20,17.166666666666668,184.00002,combined,norway,46,C12569
norway|OSL_S_KT45,2018-02-22T01:58:00,2018-02-22T07:24:00,5.433333,14.86,Weekday,2018-02-22,01:58:00,2018-02-22,07:24:00,norway,1,7,1.9666666666666668,325.99998,combined,norway,46,C12433
norway|OSL_S_KT45,2018-02-22T15:33:00,2018-02-22T23:27:00,7.9,8.25,Weekday,2018-02-22,15:33:00,2018-02-22,23:27:00,norway,15,23,15.55,474.0,combined,norway,46,C12173
norway|OSL_S_KT45,2018-02-23T04:28:00,2018-02-23T07:26:00,2.966667,10.34,Weekday,2018-02-23,04:28:00,2018-02-23,07:26:00,norway,4,7,4.466666666666667,178.00002,combined,norway,46,C12547
norway|OSL_S_KT45,2018-02-23T15:28:00,2018-02-23T16:36:00,1.133333,3.94,Weekday,2018-02-23,15:28:00,2018-02-23,16:36:00,norway,15,16,15.466666666666669,67.99998,combined,norway,46,C12493
norway|OSL_S_KT59,2018-12-22T16:28:00,2018-12-22T17:19:00,0.85,2.96,Weekend,2018-12-22,16:28:00,2018-12-22,17:19:00,norway,16,17,16.466666666666665,51.0,combined,norway,47,C12679
norway|OSL_S_KT59,2018-12-22T19:20:00,2018-12-22T20:27:00,1.116667,3.91,Weekend,2018-12-22,19:20:00,2018-12-22,20:27:00,norway,19,20,19.33333333333333,67.00002,combined,norway,47,C12846
norway|OSL_S_KT59,2018-12-23T03:14:00,2018-12-23T10:14:00,7.0,11.76,Weekend,2018-12-23,03:14:00,2018-12-23,10:14:00,norway,3,10,3.2333333333333334,420.0,combined,norway,47,C12804
norway|OSL_S_KT59,2018-12-23T19:25:00,2018-12-23T19:46:00,0.35,1.18,Weekend,2018-12-23,19:25:00,2018-12-23,19:46:00,norway,19,19,19.416666666666668,21.0,combined,norway,47,C12597
norway|OSL_S_KT59,2018-12-23T23:49:00,2018-12-24T02:24:00,2.583333,8.96,Weekend,2018-12-23,23:49:00,2018-12-24,02:24:00,norway,23,2,23.816666666666663,154.99998,combined,norway,47,C12817
norway|OSL_S_KT59,2018-12-24T03:51:00,2018-12-24T11:21:00,7.5,17.16,Weekday,2018-12-24,03:51:00,2018-12-24,11:21:00,norway,3,11,3.85,450.0,combined,norway,47,C12723
norway|OSL_S_KT59,2018-12-24T13:28:00,2018-12-24T19:06:00,5.633333,17.5,Weekday,2018-12-24,13:28:00,2018-12-24,19:06:00,norway,13,19,13.466666666666669,337.99998000000005,combined,norway,47,C12719
norway|OSL_S_KT59,2018-12-25T10:01:00,2018-12-25T16:18:00,6.283333,21.98,Weekday,2018-12-25,10:01:00,2018-12-25,16:18:00,norway,10,16,10.016666666666667,376.99998,combined,norway,47,C12832
norway|OSL_S_KT59,2018-12-26T05:24:00,2018-12-26T13:27:00,8.05,15.1,Weekday,2018-12-26,05:24:00,2018-12-26,13:27:00,norway,5,13,5.4,483.00000000000006,combined,norway,47,C12692
norway|OSL_S_KT59,2018-12-26T16:34:00,2018-12-26T18:25:00,1.85,6.47,Weekday,2018-12-26,16:34:00,2018-12-26,18:25:00,norway,16,18,16.566666666666666,111.0,combined,norway,47,C12643
norway|OSL_S_KT65,2019-07-24T00:33:00,2019-07-24T08:34:00,8.016667,17.25,Weekday,2019-07-24,00:33:00,2019-07-24,08:34:00,norway,0,8,0.55,481.00002,combined,norway,48,C12890
norway|OSL_S_KT65,2019-07-25T16:32:00,2019-07-25T17:39:00,1.116667,3.87,Weekday,2019-07-25,16:32:00,2019-07-25,17:39:00,norway,16,17,16.533333333333335,67.00002,combined,norway,48,C12859
norway|OSL_S_KT65,2019-07-26T01:16:00,2019-07-26T07:36:00,6.333333,17.27,Weekday,2019-07-26,01:16:00,2019-07-26,07:36:00,norway,1,7,1.2666666666666666,379.99998,combined,norway,48,C13008
norway|OSL_S_KT65,2019-07-27T00:46:00,2019-07-27T08:39:00,7.883333,7.37,Weekend,2019-07-27,00:46:00,2019-07-27,08:39:00,norway,0,8,0.7666666666666667,472.9999800000001,combined,norway,48,C12915
norway|OSL_S_KT65,2019-07-28T00:33:00,2019-07-28T02:05:00,1.533333,5.16,Weekend,2019-07-28,00:33:00,2019-07-28,02:05:00,norway,0,2,0.55,91.99998,combined,norway,48,C12976
norway|OSL_S_KT65,2019-07-28T13:32:00,2019-07-28T19:10:00,5.633333,19.55,Weekend,2019-07-28,13:32:00,2019-07-28,19:10:00,norway,13,19,13.533333333333331,337.99998000000005,combined,norway,48,C12945
norway|OSL_S_KT65,2019-07-29T01:31:00,2019-07-29T08:34:00,7.05,9.64,Weekday,2019-07-29,01:31:00,2019-07-29,08:34:00,norway,1,8,1.5166666666666666,423.0,combined,norway,48,C13001
norway|OSL_S_KT65,2019-07-29T21:56:00,2019-07-30T21:37:00,23.68333,9.17,Weekday,2019-07-29,21:56:00,2019-07-30,21:37:00,norway,21,21,21.933333333333334,1420.9998,combined,norway,48,C12875
norway|OSL_S_KT65,2019-08-01T19:37:00,2019-08-01T20:16:00,0.65,2.27,Weekday,2019-08-01,19:37:00,2019-08-01,20:16:00,norway,19,20,19.616666666666667,39.0,combined,norway,48,C12989
norway|OSL_S_KT65,2019-08-01T21:10:00,2019-08-02T00:01:00,2.85,8.01,Weekday,2019-08-01,21:10:00,2019-08-02,00:01:00,norway,21,0,21.166666666666668,171.0,combined,norway,48,C12954
norway|OSL_S_KT72,2018-03-12T21:01:00,2018-03-15T12:40:00,63.65,11.93,Weekday,2018-03-12,21:01:00,2018-03-15,12:40:00,norway,21,12,21.016666666666666,3819.0,combined,norway,49,C13223
norway|OSL_S_KT72,2018-03-15T17:09:00,2018-03-15T18:35:00,1.433333,4.98,Weekday,2018-03-15,17:09:00,2018-03-15,18:35:00,norway,17,18,17.15,85.99998,combined,norway,49,C13214
norway|OSL_S_KT72,2018-03-15T20:51:00,2018-03-15T22:28:00,1.616667,5.52,Weekday,2018-03-15,20:51:00,2018-03-15,22:28:00,norway,20,22,20.85,97.00002,combined,norway,49,C13222
norway|OSL_S_KT72,2018-03-15T22:46:00,2018-03-16T07:04:00,8.3,9.31,Weekday,2018-03-15,22:46:00,2018-03-16,07:04:00,norway,22,7,22.766666666666666,498.00000000000006,combined,norway,49,C13672
norway|OSL_S_KT72,2018-03-16T22:03:00,2018-03-17T10:32:00,12.48333,8.17,Weekday,2018-03-16,22:03:00,2018-03-17,10:32:00,norway,22,10,22.05,748.9998,combined,norway,49,C13576
norway|OSL_S_KT72,2018-03-17T12:20:00,2018-03-17T13:40:00,1.333333,2.91,Weekend,2018-03-17,12:20:00,2018-03-17,13:40:00,norway,12,13,12.333333333333334,79.99998000000001,combined,norway,49,C13418
norway|OSL_S_KT72,2018-03-17T15:17:00,2018-03-17T18:44:00,3.45,3.29,Weekend,2018-03-17,15:17:00,2018-03-17,18:44:00,norway,15,18,15.283333333333331,207.0,combined,norway,49,C13459
norway|OSL_S_KT72,2018-03-17T20:28:00,2018-03-17T21:27:00,0.9833333,3.39,Weekend,2018-03-17,20:28:00,2018-03-17,21:27:00,norway,20,21,20.466666666666665,58.999998,combined,norway,49,C13720
norway|OSL_S_KT72,2018-03-17T21:36:00,2018-03-18T15:24:00,17.8,2.27,Weekend,2018-03-17,21:36:00,2018-03-18,15:24:00,norway,21,15,21.6,1068.0,combined,norway,49,C13697
norway|OSL_S_KT72,2018-03-18T19:40:00,2018-03-19T07:03:00,11.38333,15.16,Weekend,2018-03-18,19:40:00,2018-03-19,07:03:00,norway,19,7,19.666666666666668,682.9998,combined,norway,49,C13730
norway|OSL_S_KT76,2018-02-06T16:13:00,2018-02-07T06:23:00,14.16667,7.18,Weekday,2018-02-06,16:13:00,2018-02-07,06:23:00,norway,16,6,16.216666666666665,850.0002,combined,norway,50,C13838
norway|OSL_S_KT76,2018-02-07T18:21:00,2018-02-08T07:22:00,13.01667,7.25,Weekday,2018-02-07,18:21:00,2018-02-08,07:22:00,norway,18,7,18.35,781.0002,combined,norway,50,C13817
norway|OSL_S_KT76,2018-02-11T13:20:00,2018-02-11T15:04:00,1.733333,6.13,Weekend,2018-02-11,13:20:00,2018-02-11,15:04:00,norway,13,15,13.333333333333334,103.99998,combined,norway,50,C13799
norway|OSL_S_KT76,2018-02-11T18:25:00,2018-02-12T06:20:00,11.91667,7.0,Weekend,2018-02-11,18:25:00,2018-02-12,06:20:00,norway,18,6,18.416666666666668,715.0002,combined,norway,50,C13779
norway|OSL_S_KT76,2018-02-12T18:04:00,2018-02-13T05:45:00,11.68333,6.64,Weekday,2018-02-12,18:04:00,2018-02-13,05:45:00,norway,18,5,18.066666666666663,700.9997999999999,combined,norway,50,C13901
norway|OSL_S_KT76,2018-02-13T13:19:00,2018-02-13T13:39:00,0.3333333,1.14,Weekday,2018-02-13,13:19:00,2018-02-13,13:39:00,norway,13,13,13.316666666666666,19.999998,combined,norway,50,C13915
norway|OSL_S_KT76,2018-02-13T15:47:00,2018-02-14T05:42:00,13.91667,8.77,Weekday,2018-02-13,15:47:00,2018-02-14,05:42:00,norway,15,5,15.783333333333331,835.0002,combined,norway,50,C13839
norway|OSL_S_KT76,2018-02-14T15:33:00,2018-02-15T05:24:00,13.85,7.38,Weekday,2018-02-14,15:33:00,2018-02-15,05:24:00,norway,15,5,15.55,831.0,combined,norway,50,C13947
norway|OSL_S_KT76,2018-02-15T15:40:00,2018-02-15T18:52:00,3.2,6.45,Weekday,2018-02-15,15:40:00,2018-02-15,18:52:00,norway,15,18,15.666666666666666,192.0,combined,norway,50,C13832
norway|OSL_S_KT76,2018-02-16T12:56:00,2018-02-16T14:36:00,1.666667,5.9,Weekday,2018-02-16,12:56:00,2018-02-16,14:36:00,norway,12,14,12.933333333333334,100.00002,combined,norway,50,C13793
norway|OSL_S_KT77,2018-03-15T14:28:00,2018-03-17T14:38:00,48.16667,6.3,Weekday,2018-03-15,14:28:00,2018-03-17,14:38:00,norway,14,14,14.466666666666669,2890.0002000000004,combined,norway,51,C14123
norway|OSL_S_KT77,2018-03-17T15:04:00,2018-03-20T17:18:00,74.23333,1.99,Weekend,2018-03-17,15:04:00,2018-03-20,17:18:00,norway,15,17,15.066666666666666,4453.9998,combined,norway,51,C14144
norway|OSL_S_KT77,2018-03-21T09:26:00,2018-03-22T07:50:00,22.4,6.24,Weekday,2018-03-21,09:26:00,2018-03-22,07:50:00,norway,9,7,9.433333333333334,1344.0,combined,norway,51,C14017
norway|OSL_S_KT77,2018-03-23T16:21:00,2018-03-24T13:01:00,20.66667,1.99,Weekday,2018-03-23,16:21:00,2018-03-24,13:01:00,norway,16,13,16.35,1240.0002,combined,norway,51,C14150
norway|OSL_S_KT77,2018-03-25T12:58:00,2018-03-26T07:51:00,18.88333,6.43,Weekend,2018-03-25,12:58:00,2018-03-26,07:51:00,norway,12,7,12.966666666666669,1132.9998,combined,norway,51,C14087
norway|OSL_S_KT77,2018-03-26T16:19:00,2018-03-27T07:49:00,15.5,0.72,Weekday,2018-03-26,16:19:00,2018-03-27,07:49:00,norway,16,7,16.316666666666666,930.0,combined,norway,51,C14066
norway|OSL_S_KT77,2018-03-27T18:39:00,2018-03-28T07:35:00,12.93333,7.24,Weekday,2018-03-27,18:39:00,2018-03-28,07:35:00,norway,18,7,18.65,775.9997999999999,combined,norway,51,C14195
norway|OSL_S_KT77,2018-03-30T14:28:00,2018-03-31T10:24:00,19.93333,11.61,Weekday,2018-03-30,14:28:00,2018-03-31,10:24:00,norway,14,10,14.466666666666669,1195.9998,combined,norway,51,C14045
norway|OSL_S_KT77,2018-03-31T14:43:00,2018-04-01T17:42:00,26.98333,9.74,Weekend,2018-03-31,14:43:00,2018-04-01,17:42:00,norway,14,17,14.716666666666669,1618.9997999999998,combined,norway,51,C14176
norway|OSL_S_KT77,2018-04-01T18:35:00,2018-04-04T16:26:00,69.85,1.69,Weekend,2018-04-01,18:35:00,2018-04-04,16:26:00,norway,18,16,18.58333333333333,4191.0,combined,norway,51,C13974
norway|OSL_S_KT84,2018-02-08T17:45:00,2018-02-08T20:58:00,3.216667,10.8,Weekday,2018-02-08,17:45:00,2018-02-08,20:58:00,norway,17,20,17.75,193.00002,combined,norway,52,C14279
norway|OSL_S_KT84,2018-02-09T21:47:00,2018-02-10T00:30:00,2.716667,9.12,Weekday,2018-02-09,21:47:00,2018-02-10,00:30:00,norway,21,0,21.78333333333333,163.00002,combined,norway,52,C14373
norway|OSL_S_KT84,2018-02-10T00:57:00,2018-02-10T08:12:00,7.25,24.39,Weekend,2018-02-10,00:57:00,2018-02-10,08:12:00,norway,0,8,0.95,435.0,combined,norway,52,C14409
norway|OSL_S_KT84,2018-02-10T12:17:00,2018-02-10T14:48:00,2.516667,8.44,Weekend,2018-02-10,12:17:00,2018-02-10,14:48:00,norway,12,14,12.283333333333331,151.00002,combined,norway,52,C14340
norway|OSL_S_KT84,2018-02-10T20:14:00,2018-02-10T22:43:00,2.483333,8.38,Weekend,2018-02-10,20:14:00,2018-02-10,22:43:00,norway,20,22,20.23333333333333,148.99998,combined,norway,52,C14426
norway|OSL_S_KT84,2018-02-10T22:53:00,2018-02-11T00:54:00,2.016667,6.75,Weekend,2018-02-10,22:53:00,2018-02-11,00:54:00,norway,22,0,22.883333333333333,121.00002,combined,norway,52,C14248
norway|OSL_S_KT84,2018-02-11T01:31:00,2018-02-11T08:19:00,6.8,22.91,Weekend,2018-02-11,01:31:00,2018-02-11,08:19:00,norway,1,8,1.5166666666666666,408.0,combined,norway,52,C14217
norway|OSL_S_KT84,2018-02-11T12:05:00,2018-02-11T15:43:00,3.633333,12.22,Weekend,2018-02-11,12:05:00,2018-02-11,15:43:00,norway,12,15,12.083333333333334,217.99998,combined,norway,52,C14303
norway|OSL_S_KT84,2018-02-11T17:33:00,2018-02-11T22:52:00,5.316667,17.87,Weekend,2018-02-11,17:33:00,2018-02-11,22:52:00,norway,17,22,17.55,319.00002,combined,norway,52,C14467
norway|OSL_S_KT84,2018-02-11T23:03:00,2018-02-12T08:54:00,9.85,20.94,Weekend,2018-02-11,23:03:00,2018-02-12,08:54:00,norway,23,8,23.05,591.0,combined,norway,52,C14513
norway|OSL_S_KT94,2018-02-07T17:10:00,2018-02-08T07:43:00,14.55,19.11,Weekday,2018-02-07,17:10:00,2018-02-08,07:43:00,norway,17,7,17.166666666666668,873.0,combined,norway,53,C14650
norway|OSL_S_KT94,2018-02-08T08:18:00,2018-02-08T12:45:00,4.45,3.36,Weekday,2018-02-08,08:18:00,2018-02-08,12:45:00,norway,8,12,8.3,267.0,combined,norway,53,C14775
norway|OSL_S_KT94,2018-02-08T16:23:00,2018-02-09T07:32:00,15.15,10.43,Weekday,2018-02-08,16:23:00,2018-02-09,07:32:00,norway,16,7,16.383333333333333,909.0,combined,norway,53,C14756
norway|OSL_S_KT94,2018-02-12T14:37:00,2018-02-13T07:28:00,16.85,10.39,Weekday,2018-02-12,14:37:00,2018-02-13,07:28:00,norway,14,7,14.616666666666667,1011.0,combined,norway,53,C14719
norway|OSL_S_KT94,2018-02-13T08:00:00,2018-02-13T10:17:00,2.283333,3.6,Weekday,2018-02-13,08:00:00,2018-02-13,10:17:00,norway,8,10,8.0,136.99998,combined,norway,53,C14784
norway|OSL_S_KT94,2018-02-13T14:52:00,2018-02-14T07:43:00,16.85,21.09,Weekday,2018-02-13,14:52:00,2018-02-14,07:43:00,norway,14,7,14.866666666666667,1011.0,combined,norway,53,C14742
norway|OSL_S_KT94,2018-02-17T11:35:00,2018-02-17T13:50:00,2.25,7.65,Weekend,2018-02-17,11:35:00,2018-02-17,13:50:00,norway,11,13,11.583333333333334,135.0,combined,norway,53,C14691
norway|OSL_S_KT94,2018-02-21T15:07:00,2018-02-21T15:55:00,0.8,2.71,Weekday,2018-02-21,15:07:00,2018-02-21,15:55:00,norway,15,15,15.116666666666667,48.0,combined,norway,53,C14604
norway|OSL_S_KT94,2018-02-21T16:29:00,2018-02-22T13:19:00,20.83333,23.65,Weekday,2018-02-21,16:29:00,2018-02-22,13:19:00,norway,16,13,16.483333333333334,1249.9998,combined,norway,53,C14697
norway|OSL_S_KT94,2018-02-26T14:42:00,2018-02-26T18:17:00,3.583333,12.19,Weekday,2018-02-26,14:42:00,2018-02-26,18:17:00,norway,14,18,14.7,214.99998,combined,norway,53,C14698
norway|OSL_S_KT95,2019-06-19T21:01:00,2019-06-20T11:55:00,14.9,10.74,Weekday,2019-06-19,21:01:00,2019-06-20,11:55:00,norway,21,11,21.016666666666666,894.0,combined,norway,54,C14818
norway|OSL_S_KT95,2019-06-21T15:58:00,2019-06-21T22:02:00,6.066667,9.08,Weekday,2019-06-21,15:58:00,2019-06-21,22:02:00,norway,15,22,15.966666666666669,364.00002,combined,norway,54,C14905
norway|OSL_S_KT95,2019-06-27T22:20:00,2019-06-28T07:30:00,9.166667,7.93,Weekday,2019-06-27,22:20:00,2019-06-28,07:30:00,norway,22,7,22.33333333333333,550.0000200000001,combined,norway,54,C14832
norway|OSL_S_KT95,2019-06-29T22:35:00,2019-06-30T07:51:00,9.266667,10.95,Weekend,2019-06-29,22:35:00,2019-06-30,07:51:00,norway,22,7,22.58333333333333,556.00002,combined,norway,54,C14953
norway|OSL_S_KT95,2019-06-30T16:00:00,2019-06-30T18:07:00,2.116667,5.42,Weekend,2019-06-30,16:00:00,2019-06-30,18:07:00,norway,16,18,16.0,127.00002,combined,norway,54,C14860
norway|OSL_S_KT95,2019-06-30T20:24:00,2019-07-01T07:23:00,10.98333,7.16,Weekend,2019-06-30,20:24:00,2019-07-01,07:23:00,norway,20,7,20.4,658.9998,combined,norway,54,C14892
norway|OSL_S_KT95,2019-07-01T20:20:00,2019-07-02T07:29:00,11.15,9.12,Weekday,2019-07-01,20:20:00,2019-07-02,07:29:00,norway,20,7,20.33333333333333,669.0,combined,norway,54,C14909
norway|OSL_S_KT95,2019-07-02T19:32:00,2019-07-02T22:01:00,2.483333,8.33,Weekday,2019-07-02,19:32:00,2019-07-02,22:01:00,norway,19,22,19.53333333333333,148.99998,combined,norway,54,C14881
norway|OSL_S_KT95,2019-07-03T22:14:00,2019-07-04T09:34:00,11.33333,5.11,Weekday,2019-07-03,22:14:00,2019-07-04,09:34:00,norway,22,9,22.23333333333333,679.9998,combined,norway,54,C14846
norway|OSL_S_KT95,2019-07-07T22:34:00,2019-07-08T08:02:00,9.466667,16.66,Weekend,2019-07-07,22:34:00,2019-07-08,08:02:00,norway,22,8,22.566666666666663,568.00002,combined,norway,54,C14801
norway|OSL_T_13,2020-06-19T15:48:00,2020-06-19T17:47:00,1.983333,9.82,Weekday,2020-06-19,15:48:00,2020-06-19,17:47:00,norway,15,17,15.8,118.99998,combined,norway,55,C15140
norway|OSL_T_13,2020-06-23T00:29:00,2020-06-23T07:57:00,7.466667,12.87,Weekday,2020-06-23,00:29:00,2020-06-23,07:57:00,norway,0,7,0.4833333333333333,448.00002,combined,norway,55,C15190
norway|OSL_T_13,2020-06-24T10:11:00,2020-06-24T11:22:00,1.183333,5.19,Weekday,2020-06-24,10:11:00,2020-06-24,11:22:00,norway,10,11,10.183333333333334,70.99998,combined,norway,55,C15055
norway|OSL_T_13,2020-07-03T23:26:00,2020-07-04T09:07:00,9.683333,15.67,Weekday,2020-07-03,23:26:00,2020-07-04,09:07:00,norway,23,9,23.433333333333334,580.9999799999999,combined,norway,55,C15014
norway|OSL_T_13,2020-07-06T10:31:00,2020-07-06T13:01:00,2.5,10.97,Weekday,2020-07-06,10:31:00,2020-07-06,13:01:00,norway,10,13,10.516666666666667,150.0,combined,norway,55,C15096
norway|OSL_T_13,2020-07-08T00:24:00,2020-07-08T08:01:00,7.616667,13.72,Weekday,2020-07-08,00:24:00,2020-07-08,08:01:00,norway,0,8,0.4,457.00002,combined,norway,55,C15040
norway|OSL_T_13,2020-07-14T16:38:00,2020-07-15T00:06:00,7.466667,10.45,Weekday,2020-07-14,16:38:00,2020-07-15,00:06:00,norway,16,0,16.633333333333333,448.00002,combined,norway,55,C14994
norway|OSL_T_13,2020-07-15T03:23:00,2020-07-15T12:10:00,8.783333,9.83,Weekday,2020-07-15,03:23:00,2020-07-15,12:10:00,norway,3,12,3.3833333333333333,526.99998,combined,norway,55,C15013
norway|OSL_T_13,2020-07-19T01:38:00,2020-07-19T06:31:00,4.883333,11.82,Weekend,2020-07-19,01:38:00,2020-07-19,06:31:00,norway,1,6,1.6333333333333333,292.99998000000005,combined,norway,55,C15041
norway|OSL_T_13,2020-07-19T23:30:00,2020-07-20T09:51:00,10.35,7.71,Weekend,2020-07-19,23:30:00,2020-07-20,09:51:00,norway,23,9,23.5,621.0,combined,norway,55,C14977
norway|OSL_T_24,2019-11-30T11:09:00,2019-11-30T13:42:00,2.55,28.35,Weekend,2019-11-30,11:09:00,2019-11-30,13:42:00,norway,11,13,11.15,153.0,combined,norway,56,C15204
norway|OSL_T_24,2019-11-30T19:03:00,2019-12-01T10:05:00,15.03333,16.05,Weekend,2019-11-30,19:03:00,2019-12-01,10:05:00,norway,19,10,19.05,901.9998,combined,norway,56,C15250
norway|OSL_T_24,2019-12-01T16:30:00,2019-12-02T07:12:00,14.7,23.19,Weekend,2019-12-01,16:30:00,2019-12-02,07:12:00,norway,16,7,16.5,882.0,combined,norway,56,C15220
norway|OSL_T_24,2019-12-02T20:08:00,2019-12-07T11:24:00,111.2667,64.82,Weekday,2019-12-02,20:08:00,2019-12-07,11:24:00,norway,20,11,20.133333333333333,6676.002,combined,norway,56,C15284
norway|OSL_T_24,2019-12-15T07:59:00,2019-12-17T09:46:00,49.78333,20.13,Weekend,2019-12-15,07:59:00,2019-12-17,09:46:00,norway,7,9,7.983333333333333,2986.9998,combined,norway,56,C15245
norway|OSL_T_24,2019-12-17T18:05:00,2019-12-18T08:14:00,14.15,33.63,Weekday,2019-12-17,18:05:00,2019-12-18,08:14:00,norway,18,8,18.08333333333333,849.0,combined,norway,56,C15300
norway|OSL_T_24,2019-12-18T13:50:00,2019-12-19T11:42:00,21.86667,30.64,Weekday,2019-12-18,13:50:00,2019-12-19,11:42:00,norway,13,11,13.833333333333334,1312.0002,combined,norway,56,C15225
norway|OSL_T_24,2019-12-19T15:32:00,2019-12-20T08:15:00,16.71667,24.6,Weekday,2019-12-19,15:32:00,2019-12-20,08:15:00,norway,15,8,15.533333333333331,1003.0002,combined,norway,56,C15306
norway|OSL_T_24,2019-12-23T13:26:00,2019-12-25T13:04:00,47.63333,53.04,Weekday,2019-12-23,13:26:00,2019-12-25,13:04:00,norway,13,13,13.433333333333334,2857.9998,combined,norway,56,C15273
norway|OSL_T_24,2019-12-26T10:35:00,2019-12-27T12:23:00,25.8,22.03,Weekday,2019-12-26,10:35:00,2019-12-27,12:23:00,norway,10,12,10.583333333333334,1548.0,combined,norway,56,C15293
norway|OSL_T_26,2020-01-30T20:42:00,2020-01-31T06:29:00,9.783333,1.36,Weekday,2020-01-30,20:42:00,2020-01-31,06:29:00,norway,20,6,20.7,586.99998,combined,norway,57,C15440
norway|OSL_T_26,2020-01-31T10:34:00,2020-01-31T11:28:00,0.9,5.61,Weekday,2020-01-31,10:34:00,2020-01-31,11:28:00,norway,10,11,10.566666666666666,54.0,combined,norway,57,C15507
norway|OSL_T_26,2020-01-31T12:40:00,2020-01-31T12:57:00,0.2833333,1.73,Weekday,2020-01-31,12:40:00,2020-01-31,12:57:00,norway,12,12,12.666666666666666,16.999998,combined,norway,57,C15478
norway|OSL_T_26,2020-02-03T10:35:00,2020-02-03T12:34:00,1.983333,9.95,Weekday,2020-02-03,10:35:00,2020-02-03,12:34:00,norway,10,12,10.583333333333334,118.99998,combined,norway,57,C15393
norway|OSL_T_26,2020-02-03T16:52:00,2020-02-04T06:52:00,14.0,15.8,Weekday,2020-02-03,16:52:00,2020-02-04,06:52:00,norway,16,6,16.866666666666667,840.0,combined,norway,57,C15439
norway|OSL_T_26,2020-02-04T10:43:00,2020-02-04T12:23:00,1.666667,10.4,Weekday,2020-02-04,10:43:00,2020-02-04,12:23:00,norway,10,12,10.716666666666669,100.00002,combined,norway,57,C15424
norway|OSL_T_26,2020-02-04T16:53:00,2020-02-05T06:53:00,14.0,17.63,Weekday,2020-02-04,16:53:00,2020-02-05,06:53:00,norway,16,6,16.883333333333333,840.0,combined,norway,57,C15502
norway|OSL_T_26,2020-02-05T16:52:00,2020-02-06T06:15:00,13.38333,12.4,Weekday,2020-02-05,16:52:00,2020-02-06,06:15:00,norway,16,6,16.866666666666667,802.9998,combined,norway,57,C15461
norway|OSL_T_26,2020-02-06T16:48:00,2020-02-07T06:54:00,14.1,13.37,Weekday,2020-02-06,16:48:00,2020-02-07,06:54:00,norway,16,6,16.8,846.0,combined,norway,57,C15311
norway|OSL_T_26,2020-02-07T11:07:00,2020-02-07T12:47:00,1.666667,10.46,Weekday,2020-02-07,11:07:00,2020-02-07,12:47:00,norway,11,12,11.116666666666667,100.00002,combined,norway,57,C15468
norway|OSL_T_30,2020-09-04T20:44:00,2020-09-04T23:54:00,3.166667,20.79,Weekday,2020-09-04,20:44:00,2020-09-04,23:54:00,norway,20,23,20.73333333333333,190.00002,combined,norway,58,C15674
norway|OSL_T_30,2020-09-07T22:50:00,2020-09-09T19:41:00,44.85,23.27,Weekday,2020-09-07,22:50:00,2020-09-09,19:41:00,norway,22,19,22.83333333333333,2691.0,combined,norway,58,C15522
norway|OSL_T_30,2020-09-13T19:06:00,2020-09-14T20:18:00,25.2,21.73,Weekend,2020-09-13,19:06:00,2020-09-14,20:18:00,norway,19,20,19.1,1512.0,combined,norway,58,C15602
norway|OSL_T_30,2020-09-23T11:05:00,2020-09-24T14:13:00,27.13333,20.33,Weekday,2020-09-23,11:05:00,2020-09-24,14:13:00,norway,11,14,11.083333333333334,1627.9998,combined,norway,58,C15616
norway|OSL_T_30,2020-10-02T20:53:00,2020-10-03T07:22:00,10.48333,24.12,Weekday,2020-10-02,20:53:00,2020-10-03,07:22:00,norway,20,7,20.883333333333333,628.9998,combined,norway,58,C15641
norway|OSL_T_30,2020-10-09T12:22:00,2020-10-10T14:21:00,25.98333,20.45,Weekday,2020-10-09,12:22:00,2020-10-10,14:21:00,norway,12,14,12.366666666666667,1558.9997999999998,combined,norway,58,C15542
norway|OSL_T_30,2020-10-19T11:21:00,2020-10-19T14:15:00,2.9,18.96,Weekday,2020-10-19,11:21:00,2020-10-19,14:15:00,norway,11,14,11.35,174.0,combined,norway,58,C15536
norway|OSL_T_30,2020-10-20T21:01:00,2020-10-21T06:26:00,9.416667,20.46,Weekday,2020-10-20,21:01:00,2020-10-21,06:26:00,norway,21,6,21.016666666666666,565.0000200000001,combined,norway,58,C15578
norway|OSL_T_30,2020-10-23T23:24:00,2020-10-24T07:18:00,7.9,21.99,Weekday,2020-10-23,23:24:00,2020-10-24,07:18:00,norway,23,7,23.4,474.0,combined,norway,58,C15519
norway|OSL_T_30,2020-10-29T11:35:00,2020-10-29T14:09:00,2.566667,16.96,Weekday,2020-10-29,11:35:00,2020-10-29,14:09:00,norway,11,14,11.583333333333334,154.00001999999998,combined,norway,58,C15575
norway|OSL_T_32,2020-07-13T18:07:00,2020-07-14T14:25:00,20.3,3.79,Weekday,2020-07-13,18:07:00,2020-07-14,14:25:00,norway,18,14,18.116666666666667,1218.0,combined,norway,59,C15792
norway|OSL_T_32,2020-07-14T15:50:00,2020-07-17T13:55:00,70.08333,4.61,Weekday,2020-07-14,15:50:00,2020-07-17,13:55:00,norway,15,13,15.833333333333334,4204.9998000000005,combined,norway,59,C15708
norway|OSL_T_32,2020-07-17T14:26:00,2020-07-18T12:30:00,22.06667,8.47,Weekday,2020-07-17,14:26:00,2020-07-18,12:30:00,norway,14,12,14.433333333333334,1324.0002,combined,norway,59,C15702
norway|OSL_T_32,2020-07-18T15:16:00,2020-07-19T15:00:00,23.73333,4.22,Weekend,2020-07-18,15:16:00,2020-07-19,15:00:00,norway,15,15,15.266666666666667,1423.9997999999998,combined,norway,59,C15697
norway|OSL_T_32,2020-07-25T14:44:00,2020-07-25T20:58:00,6.233333,1.62,Weekend,2020-07-25,14:44:00,2020-07-25,20:58:00,norway,14,20,14.733333333333333,373.99998,combined,norway,59,C15753
norway|OSL_T_32,2020-08-03T12:56:00,2020-08-04T14:11:00,25.25,2.53,Weekday,2020-08-03,12:56:00,2020-08-04,14:11:00,norway,12,14,12.933333333333334,1515.0,combined,norway,59,C15762
norway|OSL_T_32,2020-08-05T14:00:00,2020-08-06T11:29:00,21.48333,6.69,Weekday,2020-08-05,14:00:00,2020-08-06,11:29:00,norway,14,11,14.0,1288.9997999999998,combined,norway,59,C15776
norway|OSL_T_32,2020-08-06T13:22:00,2020-08-06T17:49:00,4.45,2.57,Weekday,2020-08-06,13:22:00,2020-08-06,17:49:00,norway,13,17,13.366666666666667,267.0,combined,norway,59,C15786
norway|OSL_T_32,2020-08-09T12:31:00,2020-08-10T10:21:00,21.83333,7.68,Weekend,2020-08-09,12:31:00,2020-08-10,10:21:00,norway,12,10,12.516666666666667,1309.9998,combined,norway,59,C15742
norway|OSL_T_32,2020-08-10T20:12:00,2020-08-12T07:51:00,35.65,7.9,Weekday,2020-08-10,20:12:00,2020-08-12,07:51:00,norway,20,7,20.2,2139.0,combined,norway,59,C15731
norway|OSL_T_35,2020-01-14T11:55:00,2020-01-14T14:35:00,2.666667,6.9,Weekday,2020-01-14,11:55:00,2020-01-14,14:35:00,norway,11,14,11.916666666666666,160.00002,combined,norway,60,C16001
norway|OSL_T_35,2020-01-15T14:41:00,2020-01-15T16:06:00,1.416667,4.37,Weekday,2020-01-15,14:41:00,2020-01-15,16:06:00,norway,14,16,14.683333333333334,85.00001999999999,combined,norway,60,C15889
norway|OSL_T_35,2020-01-16T08:35:00,2020-01-16T10:06:00,1.516667,4.76,Weekday,2020-01-16,08:35:00,2020-01-16,10:06:00,norway,8,10,8.583333333333334,91.00002,combined,norway,60,C15926
norway|OSL_T_35,2020-01-17T13:33:00,2020-01-17T14:39:00,1.1,3.45,Weekday,2020-01-17,13:33:00,2020-01-17,14:39:00,norway,13,14,13.55,66.0,combined,norway,60,C16003
norway|OSL_T_35,2020-01-20T14:18:00,2020-01-20T14:45:00,0.45,0.85,Weekday,2020-01-20,14:18:00,2020-01-20,14:45:00,norway,14,14,14.3,27.0,combined,norway,60,C16021
norway|OSL_T_35,2020-01-20T18:17:00,2020-01-20T19:14:00,0.95,3.09,Weekday,2020-01-20,18:17:00,2020-01-20,19:14:00,norway,18,19,18.28333333333333,57.0,combined,norway,60,C15853
norway|OSL_T_35,2020-01-20T20:00:00,2020-01-20T20:58:00,0.9666667,2.82,Weekday,2020-01-20,20:00:00,2020-01-20,20:58:00,norway,20,20,20.0,58.000002,combined,norway,60,C15818
norway|OSL_T_35,2020-01-24T10:09:00,2020-01-24T10:40:00,0.5166667,0.9,Weekday,2020-01-24,10:09:00,2020-01-24,10:40:00,norway,10,10,10.15,31.000002,combined,norway,60,C15846
norway|OSL_T_35,2020-01-24T12:21:00,2020-01-24T13:29:00,1.133333,3.75,Weekday,2020-01-24,12:21:00,2020-01-24,13:29:00,norway,12,13,12.35,67.99998,combined,norway,60,C15819
norway|OSL_T_35,2020-01-24T13:58:00,2020-01-24T15:42:00,1.733333,2.13,Weekday,2020-01-24,13:58:00,2020-01-24,15:42:00,norway,13,15,13.966666666666669,103.99998,combined,norway,60,C16058
norway|OSL_T_38,2019-11-16T10:24:00,2019-11-16T14:01:00,3.616667,14.19,Weekend,2019-11-16,10:24:00,2019-11-16,14:01:00,norway,10,14,10.4,217.00002,combined,norway,61,C16124
norway|OSL_T_38,2019-11-23T09:30:00,2019-11-23T11:52:00,2.366667,11.65,Weekend,2019-11-23,09:30:00,2019-11-23,11:52:00,norway,9,11,9.5,142.00002,combined,norway,61,C16159
norway|OSL_T_38,2019-11-29T16:39:00,2019-11-29T19:30:00,2.85,5.6,Weekday,2019-11-29,16:39:00,2019-11-29,19:30:00,norway,16,19,16.65,171.0,combined,norway,61,C16183
norway|OSL_T_38,2019-11-30T07:18:00,2019-11-30T08:10:00,0.8666667,3.6,Weekend,2019-11-30,07:18:00,2019-11-30,08:10:00,norway,7,8,7.3,52.000002,combined,norway,61,C16122
norway|OSL_T_38,2019-12-01T13:18:00,2019-12-01T14:59:00,1.683333,11.64,Weekend,2019-12-01,13:18:00,2019-12-01,14:59:00,norway,13,14,13.3,100.99998,combined,norway,61,C16240
norway|OSL_T_38,2019-12-10T15:52:00,2019-12-11T09:28:00,17.6,19.21,Weekday,2019-12-10,15:52:00,2019-12-11,09:28:00,norway,15,9,15.866666666666667,1056.0,combined,norway,61,C16200
norway|OSL_T_38,2019-12-14T20:08:00,2019-12-15T09:01:00,12.88333,11.76,Weekend,2019-12-14,20:08:00,2019-12-15,09:01:00,norway,20,9,20.133333333333333,772.9998,combined,norway,61,C16270
norway|OSL_T_38,2019-12-15T10:35:00,2019-12-15T19:22:00,8.783333,19.41,Weekend,2019-12-15,10:35:00,2019-12-15,19:22:00,norway,10,19,10.583333333333334,526.99998,combined,norway,61,C16271
norway|OSL_T_38,2019-12-21T17:56:00,2019-12-21T21:40:00,3.733333,21.21,Weekend,2019-12-21,17:56:00,2019-12-21,21:40:00,norway,17,21,17.933333333333334,223.99998,combined,norway,61,C16194
norway|OSL_T_38,2019-12-23T21:09:00,2019-12-24T09:31:00,12.36667,17.87,Weekday,2019-12-23,21:09:00,2019-12-24,09:31:00,norway,21,9,21.15,742.0002,combined,norway,61,C16131
norway|OSL_T_41,2019-11-15T15:23:00,2019-11-15T19:58:00,4.583333,9.42,Weekday,2019-11-15,15:23:00,2019-11-15,19:58:00,norway,15,19,15.383333333333333,274.99998,combined,norway,62,C16385
norway|OSL_T_41,2019-11-17T02:29:00,2019-11-17T17:35:00,15.1,15.43,Weekend,2019-11-17,02:29:00,2019-11-17,17:35:00,norway,2,17,2.4833333333333334,906.0,combined,norway,62,C16292
norway|OSL_T_41,2019-11-19T17:38:00,2019-11-19T19:37:00,1.983333,6.76,Weekday,2019-11-19,17:38:00,2019-11-19,19:37:00,norway,17,19,17.633333333333333,118.99998,combined,norway,62,C16288
norway|OSL_T_41,2019-11-20T22:58:00,2019-11-21T07:44:00,8.766667,16.03,Weekday,2019-11-20,22:58:00,2019-11-21,07:44:00,norway,22,7,22.966666666666665,526.00002,combined,norway,62,C16315
norway|OSL_T_41,2019-11-23T12:48:00,2019-11-24T11:20:00,22.53333,13.3,Weekend,2019-11-23,12:48:00,2019-11-24,11:20:00,norway,12,11,12.8,1351.9998,combined,norway,62,C16352
norway|OSL_T_41,2019-11-27T17:47:00,2019-11-28T07:32:00,13.75,18.39,Weekday,2019-11-27,17:47:00,2019-11-28,07:32:00,norway,17,7,17.783333333333335,825.0,combined,norway,62,C16295
norway|OSL_T_41,2019-11-30T17:41:00,2019-12-01T11:45:00,18.06667,12.17,Weekend,2019-11-30,17:41:00,2019-12-01,11:45:00,norway,17,11,17.683333333333334,1084.0002,combined,norway,62,C16346
norway|OSL_T_41,2019-12-04T17:51:00,2019-12-04T19:30:00,1.65,5.61,Weekday,2019-12-04,17:51:00,2019-12-04,19:30:00,norway,17,19,17.85,99.0,combined,norway,62,C16347
norway|OSL_T_41,2019-12-07T13:47:00,2019-12-07T16:37:00,2.833333,9.65,Weekend,2019-12-07,13:47:00,2019-12-07,16:37:00,norway,13,16,13.783333333333331,169.99998,combined,norway,62,C16314
norway|OSL_T_41,2019-12-08T13:55:00,2019-12-09T11:09:00,21.23333,7.09,Weekend,2019-12-08,13:55:00,2019-12-09,11:09:00,norway,13,11,13.916666666666666,1273.9997999999998,combined,norway,62,C16391
norway|OSL_T_49,2019-11-18T09:57:00,2019-11-18T13:27:00,3.5,35.1,Weekday,2019-11-18,09:57:00,2019-11-18,13:27:00,norway,9,13,9.95,210.0,combined,norway,63,C16560
norway|OSL_T_49,2019-11-18T23:01:00,2019-11-19T16:26:00,17.41667,5.89,Weekday,2019-11-18,23:01:00,2019-11-19,16:26:00,norway,23,16,23.016666666666666,1045.0002,combined,norway,63,C16589
norway|OSL_T_49,2019-11-20T01:43:00,2019-11-20T16:59:00,15.26667,5.53,Weekday,2019-11-20,01:43:00,2019-11-20,16:59:00,norway,1,16,1.7166666666666668,916.0002,combined,norway,63,C16534
norway|OSL_T_49,2019-11-20T18:19:00,2019-11-21T19:40:00,25.35,6.79,Weekday,2019-11-20,18:19:00,2019-11-21,19:40:00,norway,18,19,18.316666666666663,1521.0,combined,norway,63,C16418
norway|OSL_T_49,2019-11-22T05:16:00,2019-11-22T19:42:00,14.43333,4.9,Weekday,2019-11-22,05:16:00,2019-11-22,19:42:00,norway,5,19,5.266666666666667,865.9997999999999,combined,norway,63,C16607
norway|OSL_T_49,2019-11-23T05:34:00,2019-11-23T19:35:00,14.01667,5.42,Weekend,2019-11-23,05:34:00,2019-11-23,19:35:00,norway,5,19,5.566666666666666,841.0002,combined,norway,63,C16576
norway|OSL_T_49,2019-11-24T04:29:00,2019-11-24T21:12:00,16.71667,5.19,Weekend,2019-11-24,04:29:00,2019-11-24,21:12:00,norway,4,21,4.483333333333333,1003.0002,combined,norway,63,C16522
norway|OSL_T_49,2019-11-25T04:36:00,2019-11-25T17:42:00,13.1,4.86,Weekday,2019-11-25,04:36:00,2019-11-25,17:42:00,norway,4,17,4.6,786.0,combined,norway,63,C16567
norway|OSL_T_49,2019-11-26T20:02:00,2019-11-27T10:05:00,14.05,9.02,Weekday,2019-11-26,20:02:00,2019-11-27,10:05:00,norway,20,10,20.03333333333333,843.0,combined,norway,63,C16554
norway|OSL_T_49,2019-11-27T19:09:00,2019-11-29T10:16:00,39.11667,8.13,Weekday,2019-11-27,19:09:00,2019-11-29,10:16:00,norway,19,10,19.15,2347.0002,combined,norway,63,C16474
norway|OSL_T_50,2019-11-24T12:59:00,2019-11-24T16:24:00,3.416667,6.19,Weekend,2019-11-24,12:59:00,2019-11-24,16:24:00,norway,12,16,12.983333333333333,205.00002,combined,norway,64,C16630
norway|OSL_T_50,2019-12-01T12:28:00,2019-12-02T19:02:00,30.56667,19.14,Weekend,2019-12-01,12:28:00,2019-12-02,19:02:00,norway,12,19,12.466666666666669,1834.0002,combined,norway,64,C16701
norway|OSL_T_50,2019-12-06T15:06:00,2019-12-06T18:01:00,2.916667,3.82,Weekday,2019-12-06,15:06:00,2019-12-06,18:01:00,norway,15,18,15.1,175.00002,combined,norway,64,C16747
norway|OSL_T_50,2019-12-06T23:06:00,2019-12-07T13:40:00,14.56667,6.1,Weekday,2019-12-06,23:06:00,2019-12-07,13:40:00,norway,23,13,23.1,874.0002000000001,combined,norway,64,C16716
norway|OSL_T_50,2019-12-07T19:05:00,2019-12-08T15:20:00,20.25,6.04,Weekend,2019-12-07,19:05:00,2019-12-08,15:20:00,norway,19,15,19.08333333333333,1215.0,combined,norway,64,C16641
norway|OSL_T_50,2019-12-13T18:53:00,2019-12-14T12:46:00,17.88333,7.76,Weekday,2019-12-13,18:53:00,2019-12-14,12:46:00,norway,18,12,18.883333333333333,1072.9998,combined,norway,64,C16712
norway|OSL_T_50,2019-12-15T18:21:00,2019-12-17T19:30:00,49.15,11.73,Weekend,2019-12-15,18:21:00,2019-12-17,19:30:00,norway,18,19,18.35,2949.0,combined,norway,64,C16648
norway|OSL_T_50,2019-12-17T20:13:00,2019-12-18T07:12:00,10.98333,4.29,Weekday,2019-12-17,20:13:00,2019-12-18,07:12:00,norway,20,7,20.216666666666665,658.9998,combined,norway,64,C16677
norway|OSL_T_50,2020-01-05T15:38:00,2020-01-05T18:22:00,2.733333,3.25,Weekend,2020-01-05,15:38:00,2020-01-05,18:22:00,norway,15,18,15.633333333333333,163.99998,combined,norway,64,C16700
norway|OSL_T_50,2020-01-07T17:08:00,2020-01-07T18:50:00,1.7,9.8,Weekday,2020-01-07,17:08:00,2020-01-07,18:50:00,norway,17,18,17.133333333333333,102.0,combined,norway,64,C16663
norway|OSL_T_51,2019-12-05T11:16:00,2019-12-07T15:09:00,51.88333,7.21,Weekday,2019-12-05,11:16:00,2019-12-07,15:09:00,norway,11,15,11.266666666666667,3112.9998,combined,norway,65,C16866
norway|OSL_T_51,2019-12-14T13:03:00,2019-12-15T14:17:00,25.23333,13.28,Weekend,2019-12-14,13:03:00,2019-12-15,14:17:00,norway,13,14,13.05,1513.9997999999998,combined,norway,65,C16807
norway|OSL_T_51,2019-12-15T19:30:00,2019-12-20T12:06:00,112.6,9.76,Weekend,2019-12-15,19:30:00,2019-12-20,12:06:00,norway,19,12,19.5,6756.0,combined,norway,65,C16891
norway|OSL_T_51,2019-12-20T14:03:00,2019-12-24T14:16:00,96.21667,7.27,Weekday,2019-12-20,14:03:00,2019-12-24,14:16:00,norway,14,14,14.05,5773.0002,combined,norway,65,C16802
norway|OSL_T_51,2019-12-24T22:24:00,2019-12-25T12:52:00,14.46667,7.77,Weekday,2019-12-24,22:24:00,2019-12-25,12:52:00,norway,22,12,22.4,868.0002000000001,combined,norway,65,C16857
norway|OSL_T_51,2019-12-25T16:02:00,2019-12-26T12:05:00,20.05,6.86,Weekday,2019-12-25,16:02:00,2019-12-26,12:05:00,norway,16,12,16.033333333333335,1203.0,combined,norway,65,C16790
norway|OSL_T_51,2019-12-30T16:38:00,2020-01-01T15:39:00,47.01667,10.97,Weekday,2019-12-30,16:38:00,2020-01-01,15:39:00,norway,16,15,16.633333333333333,2821.0002,combined,norway,65,C16829
norway|OSL_T_51,2020-01-01T18:47:00,2020-01-05T15:04:00,92.28333,8.02,Weekday,2020-01-01,18:47:00,2020-01-05,15:04:00,norway,18,15,18.78333333333333,5536.9998000000005,combined,norway,65,C16826
norway|OSL_T_51,2020-01-05T18:33:00,2020-01-08T10:10:00,63.61667,3.48,Weekend,2020-01-05,18:33:00,2020-01-08,10:10:00,norway,18,10,18.55,3817.0002,combined,norway,65,C16817
norway|OSL_T_51,2020-01-08T12:25:00,2020-01-10T19:06:00,54.68333,2.62,Weekday,2020-01-08,12:25:00,2020-01-10,19:06:00,norway,12,19,12.416666666666666,3280.9998,combined,norway,65,C16862
norway|OSL_T_63,2019-11-20T05:43:00,2019-11-20T19:02:00,13.31667,7.94,Weekday,2019-11-20,05:43:00,2019-11-20,19:02:00,norway,5,19,5.716666666666667,799.0002000000001,combined,norway,66,C17175
norway|OSL_T_63,2019-11-20T19:52:00,2019-11-21T05:40:00,9.8,6.85,Weekday,2019-11-20,19:52:00,2019-11-21,05:40:00,norway,19,5,19.866666666666667,588.0,combined,norway,66,C16949
norway|OSL_T_63,2019-11-21T19:57:00,2019-11-22T09:55:00,13.96667,6.85,Weekday,2019-11-21,19:57:00,2019-11-22,09:55:00,norway,19,9,19.95,838.0002000000001,combined,norway,66,C17267
norway|OSL_T_63,2019-11-22T11:45:00,2019-11-24T18:59:00,55.23333,2.4,Weekday,2019-11-22,11:45:00,2019-11-24,18:59:00,norway,11,18,11.75,3313.9998,combined,norway,66,C17118
norway|OSL_T_63,2019-11-25T04:43:00,2019-11-25T19:01:00,14.3,7.81,Weekday,2019-11-25,04:43:00,2019-11-25,19:01:00,norway,4,19,4.716666666666667,858.0,combined,norway,66,C17098
norway|OSL_T_63,2019-11-26T04:12:00,2019-11-26T10:04:00,5.866667,7.13,Weekday,2019-11-26,04:12:00,2019-11-26,10:04:00,norway,4,10,4.2,352.00001999999995,combined,norway,66,C17102
norway|OSL_T_63,2019-11-26T12:59:00,2019-11-26T18:58:00,5.983333,2.84,Weekday,2019-11-26,12:59:00,2019-11-26,18:58:00,norway,12,18,12.983333333333333,358.99998,combined,norway,66,C16932
norway|OSL_T_63,2019-11-27T03:58:00,2019-11-27T19:00:00,15.03333,7.81,Weekday,2019-11-27,03:58:00,2019-11-27,19:00:00,norway,3,19,3.966666666666667,901.9998,combined,norway,66,C17208
norway|OSL_T_63,2019-11-28T04:20:00,2019-11-28T18:59:00,14.65,7.72,Weekday,2019-11-28,04:20:00,2019-11-28,18:59:00,norway,4,18,4.333333333333333,879.0,combined,norway,66,C17080
norway|OSL_T_63,2019-11-29T04:32:00,2019-11-29T09:19:00,4.783333,8.06,Weekday,2019-11-29,04:32:00,2019-11-29,09:19:00,norway,4,9,4.533333333333333,286.99998,combined,norway,66,C16954
norway|OSL_T_71,2019-11-16T13:56:00,2019-11-16T19:17:00,5.35,10.49,Weekend,2019-11-16,13:56:00,2019-11-16,19:17:00,norway,13,19,13.933333333333334,321.0,combined,norway,67,C17415
norway|OSL_T_71,2019-11-17T19:02:00,2019-11-18T07:46:00,12.73333,7.46,Weekend,2019-11-17,19:02:00,2019-11-18,07:46:00,norway,19,7,19.03333333333333,763.9998,combined,norway,67,C17381
norway|OSL_T_71,2019-11-28T21:23:00,2019-11-29T18:24:00,21.01667,12.68,Weekday,2019-11-28,21:23:00,2019-11-29,18:24:00,norway,21,18,21.383333333333333,1261.0002000000002,combined,norway,67,C17402
norway|OSL_T_71,2019-12-22T15:43:00,2019-12-23T16:08:00,24.41667,7.93,Weekend,2019-12-22,15:43:00,2019-12-23,16:08:00,norway,15,16,15.716666666666669,1465.0002,combined,norway,67,C17472
norway|OSL_T_71,2019-12-26T18:55:00,2019-12-30T09:00:00,86.08333,9.24,Weekday,2019-12-26,18:55:00,2019-12-30,09:00:00,norway,18,9,18.916666666666668,5164.9998000000005,combined,norway,67,C17464
norway|OSL_T_71,2020-01-04T19:50:00,2020-01-05T14:17:00,18.45,11.44,Weekend,2020-01-04,19:50:00,2020-01-05,14:17:00,norway,19,14,19.83333333333333,1107.0,combined,norway,67,C17430
norway|OSL_T_71,2020-01-10T16:26:00,2020-01-13T07:47:00,63.35,5.48,Weekday,2020-01-10,16:26:00,2020-01-13,07:47:00,norway,16,7,16.433333333333334,3801.0,combined,norway,67,C17437
norway|OSL_T_71,2020-01-22T18:55:00,2020-01-22T20:04:00,1.15,3.86,Weekday,2020-01-22,18:55:00,2020-01-22,20:04:00,norway,18,20,18.916666666666668,69.0,combined,norway,67,C17481
norway|OSL_T_71,2020-02-01T19:00:00,2020-02-02T17:45:00,22.75,10.74,Weekend,2020-02-01,19:00:00,2020-02-02,17:45:00,norway,19,17,19.0,1365.0,combined,norway,67,C17361
norway|OSL_T_71,2020-02-04T16:19:00,2020-02-05T07:46:00,15.45,10.41,Weekday,2020-02-04,16:19:00,2020-02-05,07:46:00,norway,16,7,16.316666666666666,927.0,combined,norway,67,C17424
norway|OSL_T_72,2019-12-11T10:28:00,2019-12-11T12:33:00,2.083333,23.03,Weekday,2019-12-11,10:28:00,2019-12-11,12:33:00,norway,10,12,10.466666666666669,124.99998,combined,norway,68,C17608
norway|OSL_T_72,2019-12-11T12:53:00,2019-12-11T15:20:00,2.45,24.52,Weekday,2019-12-11,12:53:00,2019-12-11,15:20:00,norway,12,15,12.883333333333333,147.0,combined,norway,68,C17558
norway|OSL_T_72,2019-12-11T19:50:00,2019-12-11T20:12:00,0.3666667,3.99,Weekday,2019-12-11,19:50:00,2019-12-11,20:12:00,norway,19,20,19.83333333333333,22.000002,combined,norway,68,C17550
norway|OSL_T_72,2019-12-11T22:34:00,2019-12-12T08:57:00,10.38333,68.35,Weekday,2019-12-11,22:34:00,2019-12-12,08:57:00,norway,22,8,22.566666666666663,622.9998,combined,norway,68,C17597
norway|OSL_T_72,2019-12-14T13:34:00,2019-12-14T14:15:00,0.6833333,7.5,Weekend,2019-12-14,13:34:00,2019-12-14,14:15:00,norway,13,14,13.566666666666666,40.999998000000005,combined,norway,68,C17495
norway|OSL_T_72,2019-12-14T17:27:00,2019-12-15T10:38:00,17.18333,53.88,Weekend,2019-12-14,17:27:00,2019-12-15,10:38:00,norway,17,10,17.45,1030.9998,combined,norway,68,C17505
norway|OSL_T_72,2019-12-16T11:53:00,2019-12-16T17:56:00,6.05,27.21,Weekday,2019-12-16,11:53:00,2019-12-16,17:56:00,norway,11,17,11.883333333333333,363.0,combined,norway,68,C17524
norway|OSL_T_72,2019-12-18T10:30:00,2019-12-18T12:44:00,2.233333,5.38,Weekday,2019-12-18,10:30:00,2019-12-18,12:44:00,norway,10,12,10.5,133.99998,combined,norway,68,C17508
norway|OSL_T_72,2019-12-18T18:51:00,2019-12-18T20:06:00,1.25,13.76,Weekday,2019-12-18,18:51:00,2019-12-18,20:06:00,norway,18,20,18.85,75.0,combined,norway,68,C17483
norway|OSL_T_72,2019-12-18T22:38:00,2019-12-19T07:40:00,9.033333,56.33,Weekday,2019-12-18,22:38:00,2019-12-19,07:40:00,norway,22,7,22.633333333333333,541.99998,combined,norway,68,C17622
norway|OSL_T_74,2020-09-18T14:00:00,2020-09-18T16:27:00,2.45,26.3,Weekday,2020-09-18,14:00:00,2020-09-18,16:27:00,norway,14,16,14.0,147.0,combined,norway,69,C17840
norway|OSL_T_74,2020-09-19T11:19:00,2020-09-19T12:21:00,1.033333,10.89,Weekend,2020-09-19,11:19:00,2020-09-19,12:21:00,norway,11,12,11.316666666666666,61.99998,combined,norway,69,C17802
norway|OSL_T_74,2020-09-20T12:43:00,2020-09-20T14:50:00,2.116667,22.7,Weekend,2020-09-20,12:43:00,2020-09-20,14:50:00,norway,12,14,12.716666666666669,127.00002,combined,norway,69,C17884
norway|OSL_T_74,2020-09-21T10:54:00,2020-09-21T11:44:00,0.8333333,8.78,Weekday,2020-09-21,10:54:00,2020-09-21,11:44:00,norway,10,11,10.9,49.999998000000005,combined,norway,69,C17777
norway|OSL_T_74,2020-09-21T12:28:00,2020-09-21T12:44:00,0.2666667,2.92,Weekday,2020-09-21,12:28:00,2020-09-21,12:44:00,norway,12,12,12.466666666666669,16.000002,combined,norway,69,C17712
norway|OSL_T_74,2020-09-21T14:41:00,2020-09-21T14:58:00,0.2833333,3.08,Weekday,2020-09-21,14:41:00,2020-09-21,14:58:00,norway,14,14,14.683333333333334,16.999998,combined,norway,69,C17737
norway|OSL_T_74,2020-09-21T16:00:00,2020-09-21T17:04:00,1.066667,11.38,Weekday,2020-09-21,16:00:00,2020-09-21,17:04:00,norway,16,17,16.0,64.00002,combined,norway,69,C17703
norway|OSL_T_74,2020-09-22T08:53:00,2020-09-22T10:41:00,1.8,19.04,Weekday,2020-09-22,08:53:00,2020-09-22,10:41:00,norway,8,10,8.883333333333333,108.0,combined,norway,69,C17833
norway|OSL_T_74,2020-09-23T20:23:00,2020-09-24T04:45:00,8.366667,36.17,Weekday,2020-09-23,20:23:00,2020-09-24,04:45:00,norway,20,4,20.383333333333333,502.00002,combined,norway,69,C17852
norway|OSL_T_74,2020-09-29T08:24:00,2020-09-29T11:52:00,3.466667,36.99,Weekday,2020-09-29,08:24:00,2020-09-29,11:52:00,norway,8,11,8.4,208.00002,combined,norway,69,C17843
norway|OSL_T_76,2019-11-16T14:43:00,2019-11-18T11:51:00,45.13333,14.0,Weekend,2019-11-16,14:43:00,2019-11-18,11:51:00,norway,14,11,14.716666666666669,2707.9998,combined,norway,70,C17968
norway|OSL_T_76,2019-11-18T14:49:00,2019-11-19T12:20:00,21.51667,10.88,Weekday,2019-11-18,14:49:00,2019-11-19,12:20:00,norway,14,12,14.816666666666666,1291.0002000000002,combined,norway,70,C17986
norway|OSL_T_76,2019-11-19T19:11:00,2019-11-20T05:03:00,9.866667,8.09,Weekday,2019-11-19,19:11:00,2019-11-20,05:03:00,norway,19,5,19.183333333333334,592.00002,combined,norway,70,C17965
norway|OSL_T_76,2019-11-20T14:02:00,2019-11-21T05:01:00,14.98333,7.09,Weekday,2019-11-20,14:02:00,2019-11-21,05:01:00,norway,14,5,14.033333333333331,898.9998,combined,norway,70,C17910
norway|OSL_T_76,2019-11-21T14:05:00,2019-11-21T19:47:00,5.7,6.9,Weekday,2019-11-21,14:05:00,2019-11-21,19:47:00,norway,14,19,14.083333333333334,342.0,combined,norway,70,C17897
norway|OSL_T_76,2019-11-22T21:54:00,2019-11-23T11:34:00,13.66667,6.77,Weekday,2019-11-22,21:54:00,2019-11-23,11:34:00,norway,21,11,21.9,820.0002,combined,norway,70,C17912
norway|OSL_T_76,2019-11-27T10:35:00,2019-11-27T13:40:00,3.083333,11.16,Weekday,2019-11-27,10:35:00,2019-11-27,13:40:00,norway,10,13,10.583333333333334,184.99998,combined,norway,70,C17933
norway|OSL_T_76,2019-11-28T14:18:00,2019-11-29T04:57:00,14.65,15.6,Weekday,2019-11-28,14:18:00,2019-11-29,04:57:00,norway,14,4,14.3,879.0,combined,norway,70,C18005
norway|OSL_T_76,2019-12-02T02:18:00,2019-12-02T18:19:00,16.01667,17.92,Weekday,2019-12-02,02:18:00,2019-12-02,18:19:00,norway,2,18,2.3,961.0002,combined,norway,70,C17899
norway|OSL_T_76,2019-12-03T19:15:00,2019-12-04T04:52:00,9.616667,9.94,Weekday,2019-12-03,19:15:00,2019-12-04,04:52:00,norway,19,4,19.25,577.00002,combined,norway,70,C17976
norway|TRO_Plass11,2019-03-28T19:56:00,2019-03-29T11:35:00,15.65,8.74,Weekday,2019-03-28,19:56:00,2019-03-29,11:35:00,norway,19,11,19.933333333333334,939.0,combined,norway,71,C18097
norway|TRO_Plass11,2019-04-02T21:00:00,2019-04-03T10:14:00,13.23333,21.3,Weekday,2019-04-02,21:00:00,2019-04-03,10:14:00,norway,21,10,21.0,793.9998,combined,norway,71,C18054
norway|TRO_Plass11,2019-04-05T07:06:00,2019-04-05T07:54:00,0.8,2.91,Weekday,2019-04-05,07:06:00,2019-04-05,07:54:00,norway,7,7,7.1,48.0,combined,norway,71,C18072
norway|TRO_Plass11,2019-04-05T16:01:00,2019-04-06T09:49:00,17.8,27.2,Weekday,2019-04-05,16:01:00,2019-04-06,09:49:00,norway,16,9,16.016666666666666,1068.0,combined,norway,71,C18075
norway|TRO_Plass11,2019-04-11T11:28:00,2019-04-12T10:26:00,22.96667,18.11,Weekday,2019-04-11,11:28:00,2019-04-12,10:26:00,norway,11,10,11.466666666666669,1378.0002,combined,norway,71,C18124
norway|TRO_Plass11,2019-04-15T13:01:00,2019-04-16T09:27:00,20.43333,33.48,Weekday,2019-04-15,13:01:00,2019-04-16,09:27:00,norway,13,9,13.016666666666667,1225.9998,combined,norway,71,C18117
norway|TRO_Plass11,2019-04-20T16:01:00,2019-04-23T09:22:00,65.35,34.02,Weekend,2019-04-20,16:01:00,2019-04-23,09:22:00,norway,16,9,16.016666666666666,3921.0,combined,norway,71,C18094
norway|TRO_Plass11,2019-04-28T12:00:00,2019-04-29T09:43:00,21.71667,18.83,Weekend,2019-04-28,12:00:00,2019-04-29,09:43:00,norway,12,9,12.0,1303.0002,combined,norway,71,C18064
norway|TRO_Plass11,2019-04-29T17:32:00,2019-04-29T17:53:00,0.35,1.24,Weekday,2019-04-29,17:32:00,2019-04-29,17:53:00,norway,17,17,17.533333333333335,21.0,combined,norway,71,C18102
norway|TRO_Plass11,2019-04-29T20:46:00,2019-04-30T09:13:00,12.45,33.44,Weekday,2019-04-29,20:46:00,2019-04-30,09:13:00,norway,20,9,20.766666666666666,747.0,combined,norway,71,C18024
norway|TRO_Plass17,2019-03-11T17:01:00,2019-03-11T22:53:00,5.866667,22.0,Weekday,2019-03-11,17:01:00,2019-03-11,22:53:00,norway,17,22,17.016666666666666,352.00001999999995,combined,norway,72,C18239
norway|TRO_Plass17,2019-03-14T08:49:00,2019-03-14T11:11:00,2.366667,15.75,Weekday,2019-03-14,08:49:00,2019-03-14,11:11:00,norway,8,11,8.816666666666666,142.00002,combined,norway,72,C18188
norway|TRO_Plass17,2019-03-18T16:29:00,2019-03-19T08:19:00,15.83333,21.74,Weekday,2019-03-18,16:29:00,2019-03-19,08:19:00,norway,16,8,16.483333333333334,949.9998,combined,norway,72,C18171
norway|TRO_Plass17,2019-03-21T21:13:00,2019-03-22T08:12:00,10.98333,20.66,Weekday,2019-03-21,21:13:00,2019-03-22,08:12:00,norway,21,8,21.216666666666665,658.9998,combined,norway,72,C18140
norway|TRO_Plass17,2019-03-24T22:47:00,2019-03-25T07:10:00,8.383333,20.05,Weekend,2019-03-24,22:47:00,2019-03-25,07:10:00,norway,22,7,22.78333333333333,502.9999800000001,combined,norway,72,C18170
norway|TRO_Plass17,2019-03-27T17:01:00,2019-03-27T19:15:00,2.233333,15.06,Weekday,2019-03-27,17:01:00,2019-03-27,19:15:00,norway,17,19,17.016666666666666,133.99998,combined,norway,72,C18167
norway|TRO_Plass17,2019-03-27T19:40:00,2019-03-28T07:08:00,11.46667,11.18,Weekday,2019-03-27,19:40:00,2019-03-28,07:08:00,norway,19,7,19.666666666666668,688.0002000000001,combined,norway,72,C18227
norway|TRO_Plass17,2019-03-30T17:44:00,2019-03-30T22:17:00,4.55,23.2,Weekend,2019-03-30,17:44:00,2019-03-30,22:17:00,norway,17,22,17.733333333333334,273.0,combined,norway,72,C18235
norway|TRO_Plass17,2019-04-03T22:29:00,2019-04-04T08:14:00,9.75,20.54,Weekday,2019-04-03,22:29:00,2019-04-04,08:14:00,norway,22,8,22.48333333333333,585.0,combined,norway,72,C18237
norway|TRO_Plass17,2019-04-06T16:47:00,2019-04-07T10:42:00,17.91667,17.46,Weekend,2019-04-06,16:47:00,2019-04-07,10:42:00,norway,16,10,16.783333333333335,1075.0002,combined,norway,72,C18230
norway|TRO_Plass25,2019-03-08T11:20:00,2019-03-08T13:36:00,2.266667,3.98,Weekday,2019-03-08,11:20:00,2019-03-08,13:36:00,norway,11,13,11.333333333333334,136.00002,combined,norway,73,C18492
norway|TRO_Plass25,2019-03-08T20:40:00,2019-03-09T09:53:00,13.21667,3.94,Weekday,2019-03-08,20:40:00,2019-03-09,09:53:00,norway,20,9,20.666666666666668,793.0002000000001,combined,norway,73,C18437
norway|TRO_Plass25,2019-03-09T11:25:00,2019-03-09T12:01:00,0.6,2.04,Weekend,2019-03-09,11:25:00,2019-03-09,12:01:00,norway,11,12,11.416666666666666,36.0,combined,norway,73,C18371
norway|TRO_Plass25,2019-03-09T14:00:00,2019-03-10T12:06:00,22.1,7.0,Weekend,2019-03-09,14:00:00,2019-03-10,12:06:00,norway,14,12,14.0,1326.0,combined,norway,73,C18308
norway|TRO_Plass25,2019-03-10T14:58:00,2019-03-11T09:48:00,18.83333,6.65,Weekend,2019-03-10,14:58:00,2019-03-11,09:48:00,norway,14,9,14.966666666666669,1129.9998,combined,norway,73,C18312
norway|TRO_Plass25,2019-03-11T11:20:00,2019-03-11T14:49:00,3.483333,4.04,Weekday,2019-03-11,11:20:00,2019-03-11,14:49:00,norway,11,14,11.333333333333334,208.99998,combined,norway,73,C18311
norway|TRO_Plass25,2019-03-11T16:07:00,2019-03-11T20:47:00,4.666667,4.01,Weekday,2019-03-11,16:07:00,2019-03-11,20:47:00,norway,16,20,16.116666666666667,280.00002,combined,norway,73,C18506
norway|TRO_Plass25,2019-03-11T21:42:00,2019-03-12T08:41:00,10.98333,4.35,Weekday,2019-03-11,21:42:00,2019-03-12,08:41:00,norway,21,8,21.7,658.9998,combined,norway,73,C18301
norway|TRO_Plass25,2019-03-12T15:50:00,2019-03-12T20:44:00,4.9,7.07,Weekday,2019-03-12,15:50:00,2019-03-12,20:44:00,norway,15,20,15.833333333333334,294.0,combined,norway,73,C18471
norway|TRO_Plass25,2019-03-12T21:11:00,2019-03-13T11:54:00,14.71667,4.16,Weekday,2019-03-12,21:11:00,2019-03-13,11:54:00,norway,21,11,21.183333333333334,883.0002000000001,combined,norway,73,C18496
norway|TRO_Plass27,2019-03-12T18:52:00,2019-03-13T06:57:00,12.08333,21.0,Weekday,2019-03-12,18:52:00,2019-03-13,06:57:00,norway,18,6,18.866666666666667,724.9998,combined,norway,74,C18632
norway|TRO_Plass27,2019-03-13T18:47:00,2019-03-14T07:33:00,12.76667,21.51,Weekday,2019-03-13,18:47:00,2019-03-14,07:33:00,norway,18,7,18.78333333333333,766.0002,combined,norway,74,C18538
norway|TRO_Plass27,2019-03-14T20:04:00,2019-03-15T07:24:00,11.33333,19.84,Weekday,2019-03-14,20:04:00,2019-03-15,07:24:00,norway,20,7,20.066666666666663,679.9998,combined,norway,74,C18652
norway|TRO_Plass27,2019-03-15T12:04:00,2019-03-16T15:55:00,27.85,19.66,Weekday,2019-03-15,12:04:00,2019-03-16,15:55:00,norway,12,15,12.066666666666666,1671.0,combined,norway,74,C18512
norway|TRO_Plass27,2019-03-17T17:55:00,2019-03-18T07:26:00,13.51667,3.98,Weekend,2019-03-17,17:55:00,2019-03-18,07:26:00,norway,17,7,17.916666666666668,811.0002,combined,norway,74,C18529
norway|TRO_Plass27,2019-03-18T19:22:00,2019-03-19T06:29:00,11.11667,20.68,Weekday,2019-03-18,19:22:00,2019-03-19,06:29:00,norway,19,6,19.366666666666667,667.0002,combined,norway,74,C18743
norway|TRO_Plass27,2019-03-19T18:09:00,2019-03-20T07:27:00,13.3,20.33,Weekday,2019-03-19,18:09:00,2019-03-20,07:27:00,norway,18,7,18.15,798.0,combined,norway,74,C18558
norway|TRO_Plass27,2019-03-20T18:42:00,2019-03-21T06:20:00,11.63333,20.91,Weekday,2019-03-20,18:42:00,2019-03-21,06:20:00,norway,18,6,18.7,697.9998,combined,norway,74,C18648
norway|TRO_Plass27,2019-03-21T16:37:00,2019-03-22T08:06:00,15.48333,19.18,Weekday,2019-03-21,16:37:00,2019-03-22,08:06:00,norway,16,8,16.616666666666667,928.9998,combined,norway,74,C18649
norway|TRO_Plass27,2019-03-22T13:00:00,2019-03-22T17:10:00,4.166667,18.79,Weekday,2019-03-22,13:00:00,2019-03-22,17:10:00,norway,13,17,13.0,250.00002,combined,norway,74,C18570
norway|TRO_Plass41,2019-03-09T18:25:00,2019-03-09T21:08:00,2.716667,8.25,Weekend,2019-03-09,18:25:00,2019-03-09,21:08:00,norway,18,21,18.416666666666668,163.00002,combined,norway,75,C19117
norway|TRO_Plass41,2019-03-10T00:19:00,2019-03-10T12:58:00,12.65,4.32,Weekend,2019-03-10,00:19:00,2019-03-10,12:58:00,norway,0,12,0.3166666666666666,759.0,combined,norway,75,C18931
norway|TRO_Plass41,2019-03-10T15:13:00,2019-03-10T20:58:00,5.75,7.81,Weekend,2019-03-10,15:13:00,2019-03-10,20:58:00,norway,15,20,15.216666666666669,345.0,combined,norway,75,C18946
norway|TRO_Plass41,2019-03-10T21:20:00,2019-03-11T13:16:00,15.93333,1.28,Weekend,2019-03-10,21:20:00,2019-03-11,13:16:00,norway,21,13,21.33333333333333,955.9998,combined,norway,75,C18789
norway|TRO_Plass41,2019-03-11T15:15:00,2019-03-11T17:22:00,2.116667,4.33,Weekday,2019-03-11,15:15:00,2019-03-11,17:22:00,norway,15,17,15.25,127.00002,combined,norway,75,C18855
norway|TRO_Plass41,2019-03-11T19:09:00,2019-03-12T10:36:00,15.45,9.31,Weekday,2019-03-11,19:09:00,2019-03-12,10:36:00,norway,19,10,19.15,927.0,combined,norway,75,C19111
norway|TRO_Plass41,2019-03-12T14:19:00,2019-03-13T12:47:00,22.46667,8.21,Weekday,2019-03-12,14:19:00,2019-03-13,12:47:00,norway,14,12,14.316666666666666,1348.0002,combined,norway,75,C19074
norway|TRO_Plass41,2019-03-13T14:53:00,2019-03-13T18:37:00,3.733333,8.75,Weekday,2019-03-13,14:53:00,2019-03-13,18:37:00,norway,14,18,14.883333333333333,223.99998,combined,norway,75,C19057
norway|TRO_Plass41,2019-03-13T19:17:00,2019-03-14T13:28:00,18.18333,4.36,Weekday,2019-03-13,19:17:00,2019-03-14,13:28:00,norway,19,13,19.28333333333333,1090.9998,combined,norway,75,C18799
norway|TRO_Plass41,2019-03-14T16:09:00,2019-03-14T20:26:00,4.283333,9.35,Weekday,2019-03-14,16:09:00,2019-03-14,20:26:00,norway,16,20,16.15,256.99998,combined,norway,75,C18832
norway|TRO_Plass45,2019-03-27T16:17:00,2019-03-27T18:13:00,1.933333,4.21,Weekday,2019-03-27,16:17:00,2019-03-27,18:13:00,norway,16,18,16.283333333333335,115.99998,combined,norway,76,C19195
norway|TRO_Plass45,2019-03-28T19:34:00,2019-03-29T08:43:00,13.15,11.17,Weekday,2019-03-28,19:34:00,2019-03-29,08:43:00,norway,19,8,19.566666666666663,789.0,combined,norway,76,C19153
norway|TRO_Plass45,2019-03-29T19:20:00,2019-04-01T07:10:00,59.83333,9.53,Weekday,2019-03-29,19:20:00,2019-04-01,07:10:00,norway,19,7,19.33333333333333,3589.9998,combined,norway,76,C19288
norway|TRO_Plass45,2019-04-01T17:07:00,2019-04-02T07:19:00,14.2,13.4,Weekday,2019-04-01,17:07:00,2019-04-02,07:19:00,norway,17,7,17.116666666666667,852.0,combined,norway,76,C19167
norway|TRO_Plass45,2019-04-03T19:19:00,2019-04-03T23:03:00,3.733333,13.92,Weekday,2019-04-03,19:19:00,2019-04-03,23:03:00,norway,19,23,19.316666666666663,223.99998,combined,norway,76,C19289
norway|TRO_Plass45,2019-04-08T15:40:00,2019-04-09T07:16:00,15.6,15.55,Weekday,2019-04-08,15:40:00,2019-04-09,07:16:00,norway,15,7,15.666666666666666,936.0,combined,norway,76,C19243
norway|TRO_Plass45,2019-04-09T21:31:00,2019-04-10T07:04:00,9.55,10.57,Weekday,2019-04-09,21:31:00,2019-04-10,07:04:00,norway,21,7,21.516666666666666,573.0,combined,norway,76,C19207
norway|TRO_Plass45,2019-04-10T20:48:00,2019-04-11T06:50:00,10.03333,5.01,Weekday,2019-04-10,20:48:00,2019-04-11,06:50:00,norway,20,6,20.8,601.9997999999999,combined,norway,76,C19188
norway|TRO_Plass45,2019-04-11T21:32:00,2019-04-12T09:47:00,12.25,9.29,Weekday,2019-04-11,21:32:00,2019-04-12,09:47:00,norway,21,9,21.53333333333333,735.0,combined,norway,76,C19166
norway|TRO_Plass45,2019-04-14T13:21:00,2019-04-14T14:51:00,1.5,10.03,Weekend,2019-04-14,13:21:00,2019-04-14,14:51:00,norway,13,14,13.35,90.0,combined,norway,76,C19184
norway|TRO_Plass52,2019-03-10T18:09:00,2019-03-11T09:37:00,15.46667,3.13,Weekend,2019-03-10,18:09:00,2019-03-11,09:37:00,norway,18,9,18.15,928.0002,combined,norway,77,C19429
norway|TRO_Plass52,2019-03-11T19:40:00,2019-03-12T08:03:00,12.38333,10.5,Weekday,2019-03-11,19:40:00,2019-03-12,08:03:00,norway,19,8,19.666666666666668,742.9998,combined,norway,77,C19410
norway|TRO_Plass52,2019-03-12T20:12:00,2019-03-13T07:31:00,11.31667,12.32,Weekday,2019-03-12,20:12:00,2019-03-13,07:31:00,norway,20,7,20.2,679.0002000000001,combined,norway,77,C19337
norway|TRO_Plass52,2019-03-13T17:11:00,2019-03-14T07:44:00,14.55,6.6,Weekday,2019-03-13,17:11:00,2019-03-14,07:44:00,norway,17,7,17.183333333333334,873.0,combined,norway,77,C19324
norway|TRO_Plass52,2019-03-14T20:03:00,2019-03-15T07:27:00,11.4,11.24,Weekday,2019-03-14,20:03:00,2019-03-15,07:27:00,norway,20,7,20.05,684.0,combined,norway,77,C19349
norway|TRO_Plass52,2019-03-15T11:35:00,2019-03-15T13:17:00,1.7,5.32,Weekday,2019-03-15,11:35:00,2019-03-15,13:17:00,norway,11,13,11.583333333333334,102.0,combined,norway,77,C19318
norway|TRO_Plass52,2019-03-18T15:29:00,2019-03-18T16:46:00,1.283333,4.32,Weekday,2019-03-18,15:29:00,2019-03-18,16:46:00,norway,15,16,15.483333333333333,76.99998000000001,combined,norway,77,C19360
norway|TRO_Plass52,2019-03-18T17:03:00,2019-03-19T08:17:00,15.23333,9.7,Weekday,2019-03-18,17:03:00,2019-03-19,08:17:00,norway,17,8,17.05,913.9998,combined,norway,77,C19389
norway|TRO_Plass52,2019-03-19T20:58:00,2019-03-20T07:30:00,10.53333,9.53,Weekday,2019-03-19,20:58:00,2019-03-20,07:30:00,norway,20,7,20.966666666666665,631.9997999999999,combined,norway,77,C19414
norway|TRO_Plass52,2019-03-20T20:53:00,2019-03-21T07:51:00,10.96667,7.56,Weekday,2019-03-20,20:53:00,2019-03-21,07:51:00,norway,20,7,20.883333333333333,658.0002000000001,combined,norway,77,C19358
norway|TRO_R_AdA6-1,2019-10-05T13:18:52,2019-10-05T14:01:11,0.7052778,1.31,Weekend,2019-10-05,13:18:52,2019-10-05,14:01:11,norway,13,14,13.3,42.316668,combined,norway,78,C19591
norway|TRO_R_AdA6-1,2019-10-05T14:13:52,2019-10-06T15:16:05,25.03694,7.8,Weekend,2019-10-05,14:13:52,2019-10-06,15:16:05,norway,14,15,14.216666666666669,1502.2164,combined,norway,78,C19586
norway|TRO_R_AdA6-1,2019-10-06T15:35:04,2019-10-06T17:37:45,2.044722,1.55,Weekend,2019-10-06,15:35:04,2019-10-06,17:37:45,norway,15,17,15.583333333333334,122.68332,combined,norway,78,C19556
norway|TRO_R_AdA6-1,2019-10-06T17:52:50,2019-10-07T10:32:39,16.66361,1.43,Weekend,2019-10-06,17:52:50,2019-10-07,10:32:39,norway,17,10,17.866666666666667,999.8166,combined,norway,78,C19505
norway|TRO_R_AdA6-1,2019-10-07T16:02:48,2019-10-08T13:00:35,20.96306,2.05,Weekday,2019-10-07,16:02:48,2019-10-08,13:00:35,norway,16,13,16.033333333333335,1257.7836,combined,norway,78,C19477
norway|TRO_R_AdA6-1,2019-10-09T14:35:17,2019-10-09T21:08:46,6.558056,6.73,Weekday,2019-10-09,14:35:17,2019-10-09,21:08:46,norway,14,21,14.583333333333334,393.48336,combined,norway,78,C19473
norway|TRO_R_AdA6-1,2019-10-09T21:39:49,2019-10-10T09:44:59,12.08611,1.99,Weekday,2019-10-09,21:39:49,2019-10-10,09:44:59,norway,21,9,21.65,725.1666,combined,norway,78,C19451
norway|TRO_R_AdA6-1,2019-10-11T16:03:00,2019-10-12T10:59:49,18.94694,9.44,Weekday,2019-10-11,16:03:00,2019-10-12,10:59:49,norway,16,10,16.05,1136.8164000000002,combined,norway,78,C19542
norway|TRO_R_AdA6-1,2019-10-12T15:58:24,2019-10-13T15:52:02,23.89389,4.84,Weekend,2019-10-12,15:58:24,2019-10-13,15:52:02,norway,15,15,15.966666666666669,1433.6334,combined,norway,78,C19557
norway|TRO_R_AdA6-1,2019-10-13T19:18:10,2019-10-14T07:54:42,12.60889,1.29,Weekend,2019-10-13,19:18:10,2019-10-14,07:54:42,norway,19,7,19.3,756.5334,combined,norway,78,C19453
norway|TRO_R_AdO1-1,2019-02-15T19:04:14,2019-02-16T06:31:52,11.46056,20.58,Weekday,2019-02-15,19:04:14,2019-02-16,06:31:52,norway,19,6,19.066666666666663,687.6336,combined,norway,79,C19695
norway|TRO_R_AdO1-1,2019-02-16T23:47:51,2019-02-17T12:34:18,12.77417,16.92,Weekend,2019-02-16,23:47:51,2019-02-17,12:34:18,norway,23,12,23.78333333333333,766.4502,combined,norway,79,C19707
norway|TRO_R_AdO1-1,2019-02-17T15:19:21,2019-02-17T21:31:34,6.203611,8.46,Weekend,2019-02-17,15:19:21,2019-02-17,21:31:34,norway,15,21,15.316666666666666,372.2166600000001,combined,norway,79,C19603
norway|TRO_R_AdO1-1,2019-02-19T21:48:04,2019-02-20T06:29:35,8.691944,17.56,Weekday,2019-02-19,21:48:04,2019-02-20,06:29:35,norway,21,6,21.8,521.5166399999999,combined,norway,79,C19659
norway|TRO_R_AdO1-1,2019-02-23T17:25:38,2019-02-24T08:49:46,15.40222,16.37,Weekend,2019-02-23,17:25:38,2019-02-24,08:49:46,norway,17,8,17.416666666666668,924.1332,combined,norway,79,C19621
norway|TRO_R_AdO1-1,2019-02-28T21:47:57,2019-03-01T06:27:08,8.653056,15.39,Weekday,2019-02-28,21:47:57,2019-03-01,06:27:08,norway,21,6,21.78333333333333,519.18336,combined,norway,79,C19674
norway|TRO_R_AdO1-1,2019-03-01T22:04:36,2019-03-02T06:38:00,8.556667,17.91,Weekday,2019-03-01,22:04:36,2019-03-02,06:38:00,norway,22,6,22.066666666666663,513.4000199999999,combined,norway,79,C19709
norway|TRO_R_AdO1-1,2019-03-02T15:37:49,2019-03-02T18:43:08,3.088611,11.22,Weekend,2019-03-02,15:37:49,2019-03-02,18:43:08,norway,15,18,15.616666666666667,185.31666,combined,norway,79,C19663
norway|TRO_R_AdO1-1,2019-03-02T21:25:29,2019-03-03T11:15:21,13.83111,12.52,Weekend,2019-03-02,21:25:29,2019-03-03,11:15:21,norway,21,11,21.416666666666668,829.8666000000001,combined,norway,79,C19598
norway|TRO_R_AdO1-1,2019-03-03T15:04:00,2019-03-04T09:34:34,18.50944,12.62,Weekend,2019-03-03,15:04:00,2019-03-04,09:34:34,norway,15,9,15.066666666666666,1110.5664000000002,combined,norway,79,C19696
norway|TRO_R_AdO1-2,2019-01-05T20:06:25,2019-01-06T13:23:37,17.28667,10.46,Weekend,2019-01-05,20:06:25,2019-01-06,13:23:37,norway,20,13,20.1,1037.2002,combined,norway,80,C19808
norway|TRO_R_AdO1-2,2019-01-06T18:02:18,2019-01-06T21:31:05,3.479722,3.92,Weekend,2019-01-06,18:02:18,2019-01-06,21:31:05,norway,18,21,18.03333333333333,208.78332,combined,norway,80,C19753
norway|TRO_R_AdO1-2,2019-01-07T20:05:52,2019-01-08T10:05:52,14.0,6.14,Weekday,2019-01-07,20:05:52,2019-01-08,10:05:52,norway,20,10,20.08333333333333,840.0,combined,norway,80,C19750
norway|TRO_R_AdO1-2,2019-01-08T19:28:26,2019-01-09T12:01:33,16.55194,5.34,Weekday,2019-01-08,19:28:26,2019-01-09,12:01:33,norway,19,12,19.466666666666665,993.1164,combined,norway,80,C19734
norway|TRO_R_AdO1-2,2019-01-09T20:59:13,2019-01-10T15:19:29,18.33778,10.38,Weekday,2019-01-09,20:59:13,2019-01-10,15:19:29,norway,20,15,20.98333333333333,1100.2668,combined,norway,80,C19742
norway|TRO_R_AdO1-2,2019-01-10T23:32:19,2019-01-11T18:10:12,18.63139,8.35,Weekday,2019-01-10,23:32:19,2019-01-11,18:10:12,norway,23,18,23.53333333333333,1117.8834,combined,norway,80,C19729
norway|TRO_R_AdO1-2,2019-01-12T18:10:02,2019-01-13T18:42:13,24.53639,6.19,Weekend,2019-01-12,18:10:02,2019-01-13,18:42:13,norway,18,18,18.166666666666668,1472.1834,combined,norway,80,C19732
norway|TRO_R_AdO1-2,2019-01-14T21:05:10,2019-01-15T13:33:28,16.47167,4.09,Weekday,2019-01-14,21:05:10,2019-01-15,13:33:28,norway,21,13,21.08333333333333,988.3002,combined,norway,80,C19791
norway|TRO_R_AdO1-2,2019-01-15T15:28:53,2019-01-15T17:12:43,1.730556,3.97,Weekday,2019-01-15,15:28:53,2019-01-15,17:12:43,norway,15,17,15.466666666666669,103.83336,combined,norway,80,C19820
norway|TRO_R_AdO1-2,2019-01-15T19:57:02,2019-01-16T10:15:13,14.30306,5.29,Weekday,2019-01-15,19:57:02,2019-01-16,10:15:13,norway,19,10,19.95,858.1836000000001,combined,norway,80,C19809
norway|TRO_R_AdO1-3,2019-02-28T19:02:14,2019-03-01T09:56:22,14.90222,19.48,Weekday,2019-02-28,19:02:14,2019-03-01,09:56:22,norway,19,9,19.03333333333333,894.1332,combined,norway,81,C20110
norway|TRO_R_AdO1-3,2019-03-01T19:01:24,2019-03-03T15:08:47,44.12306,18.46,Weekday,2019-03-01,19:01:24,2019-03-03,15:08:47,norway,19,15,19.016666666666666,2647.3836,combined,norway,81,C19966
norway|TRO_R_AdO1-3,2019-03-04T17:19:07,2019-03-05T07:23:19,14.07,19.97,Weekday,2019-03-04,17:19:07,2019-03-05,07:23:19,norway,17,7,17.316666666666666,844.2,combined,norway,81,C19919
norway|TRO_R_AdO1-3,2019-03-05T17:17:06,2019-03-06T07:21:11,14.06806,19.15,Weekday,2019-03-05,17:17:06,2019-03-06,07:21:11,norway,17,7,17.283333333333335,844.0835999999999,combined,norway,81,C20045
norway|TRO_R_AdO1-3,2019-03-06T18:20:49,2019-03-06T18:46:51,0.4338889,1.5,Weekday,2019-03-06,18:20:49,2019-03-06,18:46:51,norway,18,18,18.33333333333333,26.033334,combined,norway,81,C19952
norway|TRO_R_AdO1-3,2019-03-06T21:09:30,2019-03-07T09:57:12,12.795,10.54,Weekday,2019-03-06,21:09:30,2019-03-07,09:57:12,norway,21,9,21.15,767.7,combined,norway,81,C20107
norway|TRO_R_AdO1-3,2019-03-07T19:21:40,2019-03-08T07:23:32,12.03111,19.5,Weekday,2019-03-07,19:21:40,2019-03-08,07:23:32,norway,19,7,19.35,721.8666,combined,norway,81,C19968
norway|TRO_R_AdO1-3,2019-03-08T16:26:30,2019-03-11T07:23:13,62.94528,18.28,Weekday,2019-03-08,16:26:30,2019-03-11,07:23:13,norway,16,7,16.433333333333334,3776.7168,combined,norway,81,C19917
norway|TRO_R_AdO1-3,2019-03-11T11:37:31,2019-03-11T17:31:19,5.896667,19.5,Weekday,2019-03-11,11:37:31,2019-03-11,17:31:19,norway,11,17,11.616666666666667,353.80002,combined,norway,81,C19965
norway|TRO_R_AdO1-3,2019-03-14T19:40:21,2019-03-15T09:48:06,14.12917,11.74,Weekday,2019-03-14,19:40:21,2019-03-15,09:48:06,norway,19,9,19.666666666666668,847.7502000000001,combined,norway,81,C19981
norway|TRO_R_AdO3-2,2018-12-22T16:15:45,2018-12-23T16:40:56,24.41972,15.56,Weekend,2018-12-22,16:15:45,2018-12-23,16:40:56,norway,16,16,16.25,1465.1832000000002,combined,norway,82,C20274
norway|TRO_R_AdO3-2,2018-12-24T22:03:50,2018-12-24T23:02:04,0.9705556,3.62,Weekday,2018-12-24,22:03:50,2018-12-24,23:02:04,norway,22,23,22.05,58.233336,combined,norway,82,C20250
norway|TRO_R_AdO3-2,2018-12-24T23:32:22,2018-12-25T17:37:02,18.07778,16.14,Weekday,2018-12-24,23:32:22,2018-12-25,17:37:02,norway,23,17,23.53333333333333,1084.6668,combined,norway,82,C20249
norway|TRO_R_AdO3-2,2018-12-25T18:25:31,2018-12-26T16:08:46,21.72083,10.33,Weekday,2018-12-25,18:25:31,2018-12-26,16:08:46,norway,18,16,18.416666666666668,1303.2498,combined,norway,82,C20155
norway|TRO_R_AdO3-2,2018-12-26T18:46:01,2018-12-26T21:08:17,2.371111,8.83,Weekday,2018-12-26,18:46:01,2018-12-26,21:08:17,norway,18,21,18.766666666666666,142.26666,combined,norway,82,C20265
norway|TRO_R_AdO3-2,2018-12-29T16:04:07,2018-12-29T20:55:29,4.856111,8.58,Weekend,2018-12-29,16:04:07,2018-12-29,20:55:29,norway,16,20,16.066666666666666,291.36666,combined,norway,82,C20197
norway|TRO_R_AdO3-2,2018-12-29T23:48:06,2018-12-30T15:13:48,15.42833,15.95,Weekend,2018-12-29,23:48:06,2018-12-30,15:13:48,norway,23,15,23.8,925.6998,combined,norway,82,C20120
norway|TRO_R_AdO3-2,2018-12-30T16:24:29,2018-12-30T17:23:21,0.9811111,3.64,Weekend,2018-12-30,16:24:29,2018-12-30,17:23:21,norway,16,17,16.4,58.866666,combined,norway,82,C20158
norway|TRO_R_AdO3-2,2018-12-30T22:00:49,2018-12-31T11:28:06,13.45472,9.79,Weekend,2018-12-30,22:00:49,2018-12-31,11:28:06,norway,22,11,22.0,807.2832,combined,norway,82,C20230
norway|TRO_R_AdO3-2,2019-01-04T15:44:29,2019-01-05T08:06:58,16.37472,2.0,Weekday,2019-01-04,15:44:29,2019-01-05,08:06:58,norway,15,8,15.733333333333333,982.4832,combined,norway,82,C20188
norway|TRO_R_AdO3-3,2019-02-16T17:41:00,2019-02-16T17:51:38,0.1772222,0.61,Weekend,2019-02-16,17:41:00,2019-02-16,17:51:38,norway,17,17,17.683333333333334,10.633332,combined,norway,83,C20395
norway|TRO_R_AdO3-3,2019-02-18T23:32:03,2019-02-19T14:58:54,15.4475,15.7,Weekday,2019-02-18,23:32:03,2019-02-19,14:58:54,norway,23,14,23.53333333333333,926.85,combined,norway,83,C20297
norway|TRO_R_AdO3-3,2019-02-26T15:50:37,2019-02-27T07:21:23,15.51278,17.71,Weekday,2019-02-26,15:50:37,2019-02-27,07:21:23,norway,15,7,15.833333333333334,930.7668,combined,norway,83,C20373
norway|TRO_R_AdO3-3,2019-02-27T18:54:08,2019-02-28T06:42:54,11.81278,8.25,Weekday,2019-02-27,18:54:08,2019-02-28,06:42:54,norway,18,6,18.9,708.7668,combined,norway,83,C20384
norway|TRO_R_AdO3-3,2019-03-03T14:27:01,2019-03-04T08:25:20,17.97194,21.09,Weekend,2019-03-03,14:27:01,2019-03-04,08:25:20,norway,14,8,14.45,1078.3164,combined,norway,83,C20281
norway|TRO_R_AdO3-3,2019-03-07T18:22:01,2019-03-08T14:56:20,20.57194,15.29,Weekday,2019-03-07,18:22:01,2019-03-08,14:56:20,norway,18,14,18.366666666666667,1234.3164000000002,combined,norway,83,C20286
norway|TRO_R_AdO3-3,2019-03-11T23:34:27,2019-03-12T15:01:56,15.45806,16.01,Weekday,2019-03-11,23:34:27,2019-03-12,15:01:56,norway,23,15,23.566666666666663,927.4836,combined,norway,83,C20396
norway|TRO_R_AdO3-3,2019-03-16T19:34:35,2019-03-18T07:32:46,35.96972,23.08,Weekend,2019-03-16,19:34:35,2019-03-18,07:32:46,norway,19,7,19.566666666666663,2158.1832,combined,norway,83,C20323
norway|TRO_R_AdO3-3,2019-03-23T08:37:41,2019-03-23T10:21:10,1.724722,6.15,Weekend,2019-03-23,08:37:41,2019-03-23,10:21:10,norway,8,10,8.616666666666667,103.48332,combined,norway,83,C20294
norway|TRO_R_AdO3-3,2019-03-24T17:13:44,2019-03-25T07:38:20,14.41,26.52,Weekend,2019-03-24,17:13:44,2019-03-25,07:38:20,norway,17,7,17.216666666666665,864.6,combined,norway,83,C20374
norway|TRO_R_AsO10-1,2019-10-13T17:06:59,2019-10-13T18:11:28,1.074722,3.88,Weekend,2019-10-13,17:06:59,2019-10-13,18:11:28,norway,17,18,17.1,64.48331999999999,combined,norway,84,C20422
norway|TRO_R_AsO10-1,2019-10-13T21:07:36,2019-10-14T07:13:30,10.09833,11.65,Weekend,2019-10-13,21:07:36,2019-10-14,07:13:30,norway,21,7,21.116666666666667,605.8998,combined,norway,84,C20467
norway|TRO_R_AsO10-1,2019-10-14T15:52:41,2019-10-15T07:13:48,15.35194,5.2,Weekday,2019-10-14,15:52:41,2019-10-15,07:13:48,norway,15,7,15.866666666666667,921.1164,combined,norway,84,C20486
norway|TRO_R_AsO10-1,2019-10-15T15:37:15,2019-10-15T18:35:55,2.977778,3.47,Weekday,2019-10-15,15:37:15,2019-10-15,18:35:55,norway,15,18,15.616666666666667,178.66668,combined,norway,84,C20420
norway|TRO_R_AsO10-1,2019-10-15T21:03:56,2019-10-16T07:21:10,10.28722,6.86,Weekday,2019-10-15,21:03:56,2019-10-16,07:21:10,norway,21,7,21.05,617.2332,combined,norway,84,C20404
norway|TRO_R_AsO10-1,2019-10-16T18:35:33,2019-10-16T20:44:56,2.156389,1.78,Weekday,2019-10-16,18:35:33,2019-10-16,20:44:56,norway,18,20,18.58333333333333,129.38334,combined,norway,84,C20427
norway|TRO_R_AsO10-1,2019-10-17T16:16:52,2019-10-17T20:59:39,4.713056,5.15,Weekday,2019-10-17,16:16:52,2019-10-17,20:59:39,norway,16,20,16.266666666666666,282.78336,combined,norway,84,C20440
norway|TRO_R_AsO10-1,2019-10-18T15:59:52,2019-10-18T17:20:20,1.341111,4.85,Weekday,2019-10-18,15:59:52,2019-10-18,17:20:20,norway,15,17,15.983333333333333,80.46665999999999,combined,norway,84,C20421
norway|TRO_R_AsO10-1,2019-10-18T19:00:30,2019-10-18T21:27:29,2.449722,4.27,Weekday,2019-10-18,19:00:30,2019-10-18,21:27:29,norway,19,21,19.0,146.98332,combined,norway,84,C20436
norway|TRO_R_AsO10-1,2019-10-18T23:25:50,2019-10-19T14:05:57,14.66861,4.66,Weekday,2019-10-18,23:25:50,2019-10-19,14:05:57,norway,23,14,23.416666666666668,880.1166,combined,norway,84,C20414
norway|TRO_R_AsO2-1,2019-01-31T18:34:47,2019-02-01T07:04:54,12.50194,7.2,Weekday,2019-01-31,18:34:47,2019-02-01,07:04:54,norway,18,7,18.566666666666663,750.1164,combined,norway,85,C20735
norway|TRO_R_AsO2-1,2019-02-02T18:12:35,2019-02-02T21:45:28,3.548056,12.68,Weekend,2019-02-02,18:12:35,2019-02-02,21:45:28,norway,18,21,18.2,212.88336,combined,norway,85,C20696
norway|TRO_R_AsO2-1,2019-02-05T17:21:21,2019-02-06T07:26:28,14.08528,16.56,Weekday,2019-02-05,17:21:21,2019-02-06,07:26:28,norway,17,7,17.35,845.1167999999999,combined,norway,85,C20569
norway|TRO_R_AsO2-1,2019-02-06T19:47:34,2019-02-07T06:28:02,10.67444,14.65,Weekday,2019-02-06,19:47:34,2019-02-07,06:28:02,norway,19,6,19.78333333333333,640.4664,combined,norway,85,C20557
norway|TRO_R_AsO2-1,2019-02-10T15:42:28,2019-02-10T22:17:20,6.581111,12.18,Weekend,2019-02-10,15:42:28,2019-02-10,22:17:20,norway,15,22,15.7,394.86666,combined,norway,85,C20699
norway|TRO_R_AsO2-1,2019-02-11T16:11:38,2019-02-12T11:29:03,19.29028,12.78,Weekday,2019-02-11,16:11:38,2019-02-12,11:29:03,norway,16,11,16.183333333333334,1157.4168,combined,norway,85,C20673
norway|TRO_R_AsO2-1,2019-02-12T16:49:16,2019-02-12T22:01:14,5.199444,14.42,Weekday,2019-02-12,16:49:16,2019-02-12,22:01:14,norway,16,22,16.816666666666666,311.96664,combined,norway,85,C20593
norway|TRO_R_AsO2-1,2019-02-13T18:20:38,2019-02-14T07:14:05,12.89083,14.38,Weekday,2019-02-13,18:20:38,2019-02-14,07:14:05,norway,18,7,18.33333333333333,773.4498,combined,norway,85,C20544
norway|TRO_R_AsO2-1,2019-02-14T16:45:21,2019-02-15T02:30:07,9.746111,10.94,Weekday,2019-02-14,16:45:21,2019-02-15,02:30:07,norway,16,2,16.75,584.76666,combined,norway,85,C20641
norway|TRO_R_AsO2-1,2019-02-16T22:54:50,2019-02-18T08:18:44,33.39833,18.56,Weekend,2019-02-16,22:54:50,2019-02-18,08:18:44,norway,22,8,22.9,2003.8998,combined,norway,85,C20654
norway|TRO_R_AsO4-2,2019-08-07T10:58:03,2019-08-07T11:13:14,0.2530556,0.66,Weekday,2019-08-07,10:58:03,2019-08-07,11:13:14,norway,10,11,10.966666666666669,15.183336,combined,norway,86,C20824
norway|TRO_R_AsO4-2,2019-08-07T14:55:34,2019-08-07T19:33:18,4.628889,1.61,Weekday,2019-08-07,14:55:34,2019-08-07,19:33:18,norway,14,19,14.916666666666666,277.73334,combined,norway,86,C20781
norway|TRO_R_AsO4-2,2019-08-07T20:06:33,2019-08-08T06:27:43,10.35278,0.51,Weekday,2019-08-07,20:06:33,2019-08-08,06:27:43,norway,20,6,20.1,621.1668,combined,norway,86,C20825
norway|TRO_R_AsO4-2,2019-08-08T15:24:38,2019-08-08T17:39:47,2.2525,3.4,Weekday,2019-08-08,15:24:38,2019-08-08,17:39:47,norway,15,17,15.4,135.15,combined,norway,86,C20800
norway|TRO_R_AsO4-2,2019-10-12T17:31:33,2019-10-13T11:45:14,18.22806,9.96,Weekend,2019-10-12,17:31:33,2019-10-13,11:45:14,norway,17,11,17.516666666666666,1093.6835999999998,combined,norway,86,C20790
norway|TRO_R_AsO4-2,2019-10-13T20:08:35,2019-10-14T06:24:58,10.27306,2.35,Weekend,2019-10-13,20:08:35,2019-10-14,06:24:58,norway,20,6,20.133333333333333,616.3836,combined,norway,86,C20861
norway|TRO_R_AsO4-2,2019-10-14T19:11:27,2019-10-14T20:43:35,1.535556,4.64,Weekday,2019-10-14,19:11:27,2019-10-14,20:43:35,norway,19,20,19.183333333333334,92.13336,combined,norway,86,C20792
norway|TRO_R_AsO4-2,2019-10-14T21:28:22,2019-10-15T06:31:39,9.054722,1.99,Weekday,2019-10-14,21:28:22,2019-10-15,06:31:39,norway,21,6,21.466666666666665,543.28332,combined,norway,86,C20765
norway|TRO_R_AsO4-2,2019-10-15T15:40:15,2019-10-15T16:29:13,0.8161111,2.45,Weekday,2019-10-15,15:40:15,2019-10-15,16:29:13,norway,15,16,15.666666666666666,48.966666,combined,norway,86,C20868
norway|TRO_R_AsO4-2,2019-10-15T20:00:59,2019-10-16T06:35:08,10.56917,9.56,Weekday,2019-10-15,20:00:59,2019-10-16,06:35:08,norway,20,6,20.0,634.1502,combined,norway,86,C20795
norway|TRO_R_AsO6-1,2019-06-26T16:09:58,2019-06-27T06:48:17,14.63861,36.0,Weekday,2019-06-26,16:09:58,2019-06-27,06:48:17,norway,16,6,16.15,878.3166,combined,norway,87,C20895
norway|TRO_R_AsO6-1,2019-06-27T18:58:05,2019-06-27T19:06:29,0.14,0.83,Weekday,2019-06-27,18:58:05,2019-06-27,19:06:29,norway,18,19,18.966666666666665,8.4,combined,norway,87,C20934
norway|TRO_R_AsO6-1,2019-06-27T19:42:40,2019-06-27T20:18:20,0.5944444,4.06,Weekday,2019-06-27,19:42:40,2019-06-27,20:18:20,norway,19,20,19.7,35.666664,combined,norway,87,C20905
norway|TRO_R_AsO6-1,2019-06-27T20:44:40,2019-06-28T04:24:12,7.658889,39.55,Weekday,2019-06-27,20:44:40,2019-06-28,04:24:12,norway,20,4,20.73333333333333,459.53334,combined,norway,87,C20974
norway|TRO_R_AsO6-1,2019-07-13T17:19:17,2019-07-14T11:37:34,18.30472,42.7,Weekend,2019-07-13,17:19:17,2019-07-14,11:37:34,norway,17,11,17.316666666666666,1098.2832,combined,norway,87,C20894
norway|TRO_R_AsO6-1,2019-07-21T17:41:39,2019-07-22T08:35:05,14.89056,61.46,Weekend,2019-07-21,17:41:39,2019-07-22,08:35:05,norway,17,8,17.683333333333334,893.4336000000001,combined,norway,87,C20975
norway|TRO_R_AsO6-1,2019-07-31T22:45:19,2019-08-01T08:02:29,9.286111,45.25,Weekday,2019-07-31,22:45:19,2019-08-01,08:02:29,norway,22,8,22.75,557.16666,combined,norway,87,C20939
norway|TRO_R_AsO6-1,2019-08-02T13:13:36,2019-08-02T15:23:31,2.165278,11.26,Weekday,2019-08-02,13:13:36,2019-08-02,15:23:31,norway,13,15,13.216666666666669,129.91668,combined,norway,87,C20980
norway|TRO_R_AsO6-1,2019-08-02T19:34:37,2019-08-02T21:06:05,1.524444,10.45,Weekday,2019-08-02,19:34:37,2019-08-02,21:06:05,norway,19,21,19.566666666666663,91.46664,combined,norway,87,C20944
norway|TRO_R_AsO6-1,2019-08-02T21:28:29,2019-08-03T11:27:09,13.97778,51.77,Weekday,2019-08-02,21:28:29,2019-08-03,11:27:09,norway,21,11,21.466666666666665,838.6668,combined,norway,87,C20877
norway|TRO_R_Bl2-1,2019-01-25T15:39:55,2019-01-25T15:52:11,0.2044444,0.71,Weekday,2019-01-25,15:39:55,2019-01-25,15:52:11,norway,15,15,15.65,12.266664,combined,norway,88,C21093
norway|TRO_R_Bl2-1,2019-01-25T16:09:51,2019-01-25T16:50:02,0.6697222,2.39,Weekday,2019-01-25,16:09:51,2019-01-25,16:50:02,norway,16,16,16.15,40.183332,combined,norway,88,C21198
norway|TRO_R_Bl2-1,2019-01-25T16:54:02,2019-01-25T17:36:11,0.7025,2.51,Weekday,2019-01-25,16:54:02,2019-01-25,17:36:11,norway,16,17,16.9,42.15,combined,norway,88,C21251
norway|TRO_R_Bl2-1,2019-01-25T19:40:16,2019-01-26T12:58:54,17.31056,10.6,Weekday,2019-01-25,19:40:16,2019-01-26,12:58:54,norway,19,12,19.666666666666668,1038.6336,combined,norway,88,C21175
norway|TRO_R_Bl2-1,2019-01-26T17:34:37,2019-01-26T17:58:12,0.3930556,1.4,Weekend,2019-01-26,17:34:37,2019-01-26,17:58:12,norway,17,17,17.566666666666666,23.583336,combined,norway,88,C21141
norway|TRO_R_Bl2-1,2019-01-26T18:47:16,2019-01-27T04:00:50,9.226111,15.46,Weekend,2019-01-26,18:47:16,2019-01-27,04:00:50,norway,18,4,18.78333333333333,553.56666,combined,norway,88,C21102
norway|TRO_R_Bl2-1,2019-01-27T04:00:50,2019-01-27T09:53:41,5.880833,0.94,Weekend,2019-01-27,04:00:50,2019-01-27,09:53:41,norway,4,9,4.0,352.84998,combined,norway,88,C21069
norway|TRO_R_Bl2-1,2019-01-28T19:18:26,2019-01-28T22:38:37,3.336389,9.06,Weekday,2019-01-28,19:18:26,2019-01-28,22:38:37,norway,19,22,19.3,200.18334,combined,norway,88,C21157
norway|TRO_R_Bl2-1,2019-01-29T19:25:59,2019-01-29T21:06:21,1.672778,5.86,Weekday,2019-01-29,19:25:59,2019-01-29,21:06:21,norway,19,21,19.416666666666668,100.36668,combined,norway,88,C21117
norway|TRO_R_Bl2-1,2019-01-30T07:47:44,2019-01-30T11:44:27,3.945278,11.0,Weekday,2019-01-30,07:47:44,2019-01-30,11:44:27,norway,7,11,7.783333333333333,236.71668,combined,norway,88,C21122
norway|TRO_R_Bl2-2,2019-01-09T22:35:43,2019-01-09T23:10:49,0.585,1.85,Weekday,2019-01-09,22:35:43,2019-01-09,23:10:49,norway,22,23,22.58333333333333,35.099999999999994,combined,norway,89,C21398
norway|TRO_R_Bl2-2,2019-01-15T22:41:58,2019-01-16T07:52:54,9.182222,14.61,Weekday,2019-01-15,22:41:58,2019-01-16,07:52:54,norway,22,7,22.683333333333334,550.93332,combined,norway,89,C21489
norway|TRO_R_Bl2-2,2019-01-20T21:21:17,2019-01-21T10:14:18,12.88361,19.43,Weekend,2019-01-20,21:21:17,2019-01-21,10:14:18,norway,21,10,21.35,773.0165999999999,combined,norway,89,C21269
norway|TRO_R_Bl2-2,2019-01-25T13:29:26,2019-01-25T14:47:36,1.302778,4.39,Weekday,2019-01-25,13:29:26,2019-01-25,14:47:36,norway,13,14,13.483333333333333,78.16668,combined,norway,89,C21444
norway|TRO_R_Bl2-2,2019-01-25T20:20:56,2019-01-26T00:22:54,4.032778,14.63,Weekday,2019-01-25,20:20:56,2019-01-26,00:22:54,norway,20,0,20.33333333333333,241.96668000000005,combined,norway,89,C21545
norway|TRO_R_Bl2-2,2019-01-26T15:27:57,2019-01-27T09:57:16,18.48861,20.57,Weekend,2019-01-26,15:27:57,2019-01-27,09:57:16,norway,15,9,15.45,1109.3166,combined,norway,89,C21528
norway|TRO_R_Bl2-2,2019-01-27T19:33:06,2019-01-28T07:24:40,11.85944,16.49,Weekend,2019-01-27,19:33:06,2019-01-28,07:24:40,norway,19,7,19.55,711.5663999999999,combined,norway,89,C21563
norway|TRO_R_Bl2-2,2019-01-28T18:37:32,2019-01-29T11:32:20,16.91333,6.99,Weekday,2019-01-28,18:37:32,2019-01-29,11:32:20,norway,18,11,18.616666666666667,1014.7998,combined,norway,89,C21427
norway|TRO_R_Bl2-2,2019-01-30T00:13:14,2019-01-30T01:00:36,0.7894444,2.73,Weekday,2019-01-30,00:13:14,2019-01-30,01:00:36,norway,0,1,0.2166666666666666,47.366664,combined,norway,89,C21431
norway|TRO_R_Bl2-2,2019-01-31T15:20:06,2019-01-31T18:03:11,2.718056,9.52,Weekday,2019-01-31,15:20:06,2019-01-31,18:03:11,norway,15,18,15.333333333333334,163.08336,combined,norway,89,C21253
norway|TRO_R_Bl2-3,2019-03-14T17:06:42,2019-03-15T07:42:07,14.59028,43.07,Weekday,2019-03-14,17:06:42,2019-03-15,07:42:07,norway,17,7,17.1,875.4168,combined,norway,90,C21671
norway|TRO_R_Bl2-3,2019-03-15T16:09:05,2019-03-16T14:21:31,22.20722,3.56,Weekday,2019-03-15,16:09:05,2019-03-16,14:21:31,norway,16,14,16.15,1332.4332,combined,norway,90,C21645
norway|TRO_R_Bl2-3,2019-03-16T17:05:08,2019-03-17T11:38:26,18.555,14.57,Weekend,2019-03-16,17:05:08,2019-03-17,11:38:26,norway,17,11,17.083333333333332,1113.3,combined,norway,90,C21572
norway|TRO_R_Bl2-3,2019-03-18T16:10:10,2019-03-19T07:30:33,15.33972,9.56,Weekday,2019-03-18,16:10:10,2019-03-19,07:30:33,norway,16,7,16.166666666666668,920.3832,combined,norway,90,C21635
norway|TRO_R_Bl2-3,2019-03-19T16:54:59,2019-03-20T07:46:13,14.85389,14.12,Weekday,2019-03-19,16:54:59,2019-03-20,07:46:13,norway,16,7,16.9,891.2334,combined,norway,90,C21570
norway|TRO_R_Bl2-3,2019-03-20T20:49:47,2019-03-21T07:46:43,10.94889,22.53,Weekday,2019-03-20,20:49:47,2019-03-21,07:46:43,norway,20,7,20.816666666666663,656.9334,combined,norway,90,C21576
norway|TRO_R_Bl2-3,2019-03-21T16:28:29,2019-03-22T07:39:16,15.17972,5.75,Weekday,2019-03-21,16:28:29,2019-03-22,07:39:16,norway,16,7,16.466666666666665,910.7832,combined,norway,90,C21610
norway|TRO_R_Bl2-3,2019-03-22T15:12:20,2019-03-23T12:40:25,21.46806,18.69,Weekday,2019-03-22,15:12:20,2019-03-23,12:40:25,norway,15,12,15.2,1288.0836000000002,combined,norway,90,C21581
norway|TRO_R_Bl2-3,2019-03-27T23:13:07,2019-03-28T07:40:52,8.4625,9.66,Weekday,2019-03-27,23:13:07,2019-03-28,07:40:52,norway,23,7,23.216666666666665,507.75,combined,norway,90,C21569
norway|TRO_R_Bl2-3,2019-03-28T16:04:37,2019-03-28T16:16:08,0.1919444,1.32,Weekday,2019-03-28,16:04:37,2019-03-28,16:16:08,norway,16,16,16.066666666666666,11.516664,combined,norway,90,C21589
norway|TRO_R_Bl2-7,2019-09-03T22:41:15,2019-09-04T07:07:53,8.443889,4.41,Weekday,2019-09-03,22:41:15,2019-09-04,07:07:53,norway,22,7,22.683333333333334,506.63334,combined,norway,91,C21813
norway|TRO_R_Bl2-7,2019-09-04T20:37:23,2019-09-05T11:06:01,14.47722,5.98,Weekday,2019-09-04,20:37:23,2019-09-05,11:06:01,norway,20,11,20.616666666666667,868.6332000000001,combined,norway,91,C21759
norway|TRO_R_Bl2-7,2019-09-05T15:37:37,2019-09-05T20:38:36,5.016389,4.37,Weekday,2019-09-05,15:37:37,2019-09-05,20:38:36,norway,15,20,15.616666666666667,300.98334,combined,norway,91,C21740
norway|TRO_R_Bl2-7,2019-09-06T17:57:39,2019-09-07T13:08:40,19.18361,2.11,Weekday,2019-09-06,17:57:39,2019-09-07,13:08:40,norway,17,13,17.95,1151.0166000000002,combined,norway,91,C21750
norway|TRO_R_Bl2-7,2019-09-08T16:29:06,2019-09-09T07:50:51,15.3625,7.09,Weekend,2019-09-08,16:29:06,2019-09-09,07:50:51,norway,16,7,16.483333333333334,921.75,combined,norway,91,C21780
norway|TRO_R_Bl2-7,2019-09-10T16:21:36,2019-09-11T23:24:33,31.04917,9.2,Weekday,2019-09-10,16:21:36,2019-09-11,23:24:33,norway,16,23,16.35,1862.9502,combined,norway,91,C21856
norway|TRO_R_Bl2-7,2019-09-12T00:31:59,2019-09-12T07:10:02,6.634167,12.57,Weekday,2019-09-12,00:31:59,2019-09-12,07:10:02,norway,0,7,0.5166666666666667,398.05002,combined,norway,91,C21820
norway|TRO_R_Bl2-7,2019-09-12T21:11:26,2019-09-13T12:41:11,15.49583,5.77,Weekday,2019-09-12,21:11:26,2019-09-13,12:41:11,norway,21,12,21.183333333333334,929.7498,combined,norway,91,C21784
norway|TRO_R_Bl2-7,2019-09-14T15:44:59,2019-09-14T22:41:00,6.933611,14.11,Weekend,2019-09-14,15:44:59,2019-09-14,22:41:00,norway,15,22,15.733333333333333,416.01666,combined,norway,91,C21772
norway|TRO_R_Bl2-7,2019-09-14T23:41:00,2019-09-15T16:43:30,17.04167,6.68,Weekend,2019-09-14,23:41:00,2019-09-15,16:43:30,norway,23,16,23.683333333333334,1022.5002,combined,norway,91,C21842
norway|TRO_R_Bl2-8,2019-09-18T17:20:11,2019-09-19T07:02:32,13.70583,24.33,Weekday,2019-09-18,17:20:11,2019-09-19,07:02:32,norway,17,7,17.333333333333332,822.3498000000001,combined,norway,92,C21871
norway|TRO_R_Bl2-8,2019-09-20T16:00:38,2019-09-21T10:29:39,18.48361,23.85,Weekday,2019-09-20,16:00:38,2019-09-21,10:29:39,norway,16,10,16.0,1109.0166,combined,norway,92,C21915
norway|TRO_R_Bl2-8,2019-09-23T20:35:31,2019-09-24T06:48:37,10.21833,24.33,Weekday,2019-09-23,20:35:31,2019-09-24,06:48:37,norway,20,6,20.58333333333333,613.0998,combined,norway,92,C21914
norway|TRO_R_Bl2-8,2019-09-25T16:02:14,2019-09-25T17:49:04,1.780556,11.11,Weekday,2019-09-25,16:02:14,2019-09-25,17:49:04,norway,16,17,16.033333333333335,106.83336,combined,norway,92,C21951
norway|TRO_R_Bl2-8,2019-09-25T21:26:35,2019-09-26T06:58:43,9.535556,5.29,Weekday,2019-09-25,21:26:35,2019-09-26,06:58:43,norway,21,6,21.433333333333334,572.13336,combined,norway,92,C21984
norway|TRO_R_Bl2-8,2019-09-26T17:09:40,2019-09-27T07:04:38,13.91611,12.84,Weekday,2019-09-26,17:09:40,2019-09-27,07:04:38,norway,17,7,17.15,834.9666,combined,norway,92,C21888
norway|TRO_R_Bl2-8,2019-09-27T16:42:52,2019-09-28T08:37:30,15.91056,11.99,Weekday,2019-09-27,16:42:52,2019-09-28,08:37:30,norway,16,8,16.7,954.6336,combined,norway,92,C21965
norway|TRO_R_Bl2-8,2019-09-28T17:48:50,2019-09-29T07:08:31,13.32806,8.69,Weekend,2019-09-28,17:48:50,2019-09-29,07:08:31,norway,17,7,17.8,799.6836000000001,combined,norway,92,C21865
norway|TRO_R_Bl2-8,2019-10-01T12:21:09,2019-10-01T15:05:51,2.745,17.18,Weekday,2019-10-01,12:21:09,2019-10-01,15:05:51,norway,12,15,12.35,164.70000000000002,combined,norway,92,C21953
norway|TRO_R_Bl2-8,2019-10-02T16:03:25,2019-10-02T18:57:31,2.901667,6.53,Weekday,2019-10-02,16:03:25,2019-10-02,18:57:31,norway,16,18,16.05,174.10002,combined,norway,92,C21985
norway|TRO_R_MS1-2,2019-09-26T16:29:42,2019-09-26T21:30:32,5.013889,11.32,Weekday,2019-09-26,16:29:42,2019-09-26,21:30:32,norway,16,21,16.483333333333334,300.83334,combined,norway,93,C22003
norway|TRO_R_MS1-2,2019-09-28T08:54:31,2019-09-28T12:14:12,3.328056,8.46,Weekend,2019-09-28,08:54:31,2019-09-28,12:14:12,norway,8,12,8.9,199.68336,combined,norway,93,C22041
norway|TRO_R_MS1-2,2019-09-29T18:00:17,2019-09-30T07:39:24,13.65194,11.4,Weekend,2019-09-29,18:00:17,2019-09-30,07:39:24,norway,18,7,18.0,819.1164,combined,norway,93,C22094
norway|TRO_R_MS1-2,2019-09-30T23:53:19,2019-10-01T07:27:28,7.569167,13.79,Weekday,2019-09-30,23:53:19,2019-10-01,07:27:28,norway,23,7,23.883333333333333,454.15002,combined,norway,93,C22073
norway|TRO_R_MS1-2,2019-10-01T18:05:02,2019-10-01T21:14:51,3.163611,7.46,Weekday,2019-10-01,18:05:02,2019-10-01,21:14:51,norway,18,21,18.08333333333333,189.81666,combined,norway,93,C22048
norway|TRO_R_MS1-2,2019-10-02T22:11:56,2019-10-03T06:48:33,8.610278,8.23,Weekday,2019-10-02,22:11:56,2019-10-03,06:48:33,norway,22,6,22.183333333333334,516.61668,combined,norway,93,C22148
norway|TRO_R_MS1-2,2019-10-03T18:26:38,2019-10-03T20:04:41,1.634167,5.96,Weekday,2019-10-03,18:26:38,2019-10-03,20:04:41,norway,18,20,18.433333333333334,98.05002,combined,norway,93,C22096
norway|TRO_R_MS1-2,2019-10-03T22:44:59,2019-10-04T07:37:31,8.875556,14.23,Weekday,2019-10-03,22:44:59,2019-10-04,07:37:31,norway,22,7,22.73333333333333,532.53336,combined,norway,93,C22010
norway|TRO_R_MS1-2,2019-10-06T15:02:03,2019-10-06T22:13:37,7.192778,14.81,Weekend,2019-10-06,15:02:03,2019-10-06,22:13:37,norway,15,22,15.033333333333331,431.56668,combined,norway,93,C22093
norway|TRO_R_MS1-2,2019-10-06T22:31:40,2019-10-07T15:21:26,16.82944,2.26,Weekend,2019-10-06,22:31:40,2019-10-07,15:21:26,norway,22,15,22.516666666666666,1009.7664,combined,norway,93,C22151
norway|TRO_R_SR2-3,2019-07-28T19:50:55,2019-07-29T10:16:58,14.43417,19.44,Weekend,2019-07-28,19:50:55,2019-07-29,10:16:58,norway,19,10,19.83333333333333,866.0502,combined,norway,96,C22522
norway|TRO_R_SR2-3,2019-07-29T20:43:41,2019-07-29T21:35:59,0.8716667,5.92,Weekday,2019-07-29,20:43:41,2019-07-29,21:35:59,norway,20,21,20.716666666666665,52.300002,combined,norway,96,C22423
norway|TRO_R_SR2-3,2019-07-29T22:19:28,2019-07-30T08:06:32,9.784444,6.21,Weekday,2019-07-29,22:19:28,2019-07-30,08:06:32,norway,22,8,22.316666666666663,587.06664,combined,norway,96,C22475
norway|TRO_R_SR2-3,2019-07-30T19:27:41,2019-07-30T21:59:07,2.523889,15.5,Weekday,2019-07-30,19:27:41,2019-07-30,21:59:07,norway,19,21,19.45,151.43334000000002,combined,norway,96,C22496
norway|TRO_R_SR2-3,2019-08-01T16:36:22,2019-08-02T08:29:01,15.8775,29.48,Weekday,2019-08-01,16:36:22,2019-08-02,08:29:01,norway,16,8,16.6,952.65,combined,norway,96,C22415
norway|TRO_R_SR2-3,2019-08-02T13:51:46,2019-08-03T09:46:26,19.91111,17.86,Weekday,2019-08-02,13:51:46,2019-08-03,09:46:26,norway,13,9,13.85,1194.6666,combined,norway,96,C22493
norway|TRO_R_SR2-3,2019-08-04T17:31:55,2019-08-05T12:42:50,19.18194,11.81,Weekend,2019-08-04,17:31:55,2019-08-05,12:42:50,norway,17,12,17.516666666666666,1150.9164,combined,norway,96,C22531
norway|TRO_R_SR2-3,2019-08-07T20:46:13,2019-08-08T07:50:05,11.06444,37.78,Weekday,2019-08-07,20:46:13,2019-08-08,07:50:05,norway,20,7,20.766666666666666,663.8664,combined,norway,96,C22537
norway|TRO_R_SR2-3,2019-08-08T20:36:40,2019-08-09T08:13:25,11.6125,13.38,Weekday,2019-08-08,20:36:40,2019-08-09,08:13:25,norway,20,8,20.6,696.75,combined,norway,96,C22430
norway|TRO_R_SR2-3,2019-08-11T19:31:10,2019-08-11T21:28:51,1.961389,12.77,Weekend,2019-08-11,19:31:10,2019-08-11,21:28:51,norway,19,21,19.516666666666666,117.68334,combined,norway,96,C22470
norway|TRO_R_Share-12,2019-01-10T16:30:53,2019-01-10T17:20:48,0.8319444,5.1,Weekday,2019-01-10,16:30:53,2019-01-10,17:20:48,norway,16,17,16.5,49.916664,combined,norway,94,C22175
norway|TRO_R_Share-12,2019-01-11T15:12:29,2019-01-11T17:07:33,1.917778,11.7,Weekday,2019-01-11,15:12:29,2019-01-11,17:07:33,norway,15,17,15.2,115.06668,combined,norway,94,C22186
norway|TRO_R_Share-12,2019-01-11T20:34:25,2019-01-11T22:56:52,2.374167,14.63,Weekday,2019-01-11,20:34:25,2019-01-11,22:56:52,norway,20,22,20.566666666666663,142.45002,combined,norway,94,C22203
norway|TRO_R_Share-12,2019-01-12T13:36:11,2019-01-12T15:32:30,1.938611,11.99,Weekend,2019-01-12,13:36:11,2019-01-12,15:32:30,norway,13,15,13.6,116.31666,combined,norway,94,C22224
norway|TRO_R_Share-12,2019-01-13T13:30:18,2019-01-13T16:23:05,2.879722,14.4,Weekend,2019-01-13,13:30:18,2019-01-13,16:23:05,norway,13,16,13.5,172.78332,combined,norway,94,C22218
norway|TRO_R_Share-12,2019-01-14T19:52:21,2019-01-15T06:37:07,10.74611,27.24,Weekday,2019-01-14,19:52:21,2019-01-15,06:37:07,norway,19,6,19.866666666666667,644.7666,combined,norway,94,C22279
norway|TRO_R_Share-12,2019-01-19T14:16:15,2019-01-19T19:47:53,5.527222,29.73,Weekend,2019-01-19,14:16:15,2019-01-19,19:47:53,norway,14,19,14.266666666666667,331.63332,combined,norway,94,C22208
norway|TRO_R_Share-12,2019-01-21T15:57:33,2019-01-21T18:40:06,2.709167,16.65,Weekday,2019-01-21,15:57:33,2019-01-21,18:40:06,norway,15,18,15.95,162.55002,combined,norway,94,C22183
norway|TRO_R_Share-12,2019-01-22T14:36:54,2019-01-22T18:39:41,4.046389,24.36,Weekday,2019-01-22,14:36:54,2019-01-22,18:39:41,norway,14,18,14.6,242.78334,combined,norway,94,C22187
norway|TRO_R_Share-12,2019-01-23T15:57:44,2019-01-23T20:50:27,4.878611,20.48,Weekday,2019-01-23,15:57:44,2019-01-23,20:50:27,norway,15,20,15.95,292.71666,combined,norway,94,C22193
norway|TRO_R_Share-4,2019-01-11T17:13:16,2019-01-11T21:43:19,4.500833,7.28,Weekday,2019-01-11,17:13:16,2019-01-11,21:43:19,norway,17,21,17.216666666666665,270.04998,combined,norway,95,C22335
norway|TRO_R_Share-4,2019-01-12T12:23:59,2019-01-12T13:58:34,1.576389,5.51,Weekend,2019-01-12,12:23:59,2019-01-12,13:58:34,norway,12,13,12.383333333333333,94.58334,combined,norway,95,C22351
norway|TRO_R_Share-4,2019-01-12T15:29:28,2019-01-12T18:09:38,2.669444,6.56,Weekend,2019-01-12,15:29:28,2019-01-12,18:09:38,norway,15,18,15.483333333333333,160.16664,combined,norway,95,C22353
norway|TRO_R_Share-4,2019-01-13T12:27:00,2019-01-13T16:16:05,3.818056,5.72,Weekend,2019-01-13,12:27:00,2019-01-13,16:16:05,norway,12,16,12.45,229.08336,combined,norway,95,C22321
norway|TRO_R_Share-4,2019-01-19T13:07:44,2019-01-19T16:35:01,3.454722,8.79,Weekend,2019-01-19,13:07:44,2019-01-19,16:35:01,norway,13,16,13.116666666666667,207.28332,combined,norway,95,C22324
norway|TRO_R_Share-4,2019-01-24T16:33:01,2019-01-25T00:14:40,7.694167,6.9,Weekday,2019-01-24,16:33:01,2019-01-25,00:14:40,norway,16,0,16.55,461.65002,combined,norway,95,C22301
norway|TRO_R_Share-4,2019-01-25T16:47:09,2019-01-25T21:34:42,4.7925,7.31,Weekday,2019-01-25,16:47:09,2019-01-25,21:34:42,norway,16,21,16.783333333333335,287.55,combined,norway,95,C22352
norway|TRO_R_Share-4,2019-01-26T09:28:12,2019-01-26T10:57:04,1.481111,2.59,Weekend,2019-01-26,09:28:12,2019-01-26,10:57:04,norway,9,10,9.466666666666669,88.86666000000001,combined,norway,95,C22384
norway|TRO_R_Share-4,2019-01-31T13:04:57,2019-01-31T15:03:13,1.971111,3.24,Weekday,2019-01-31,13:04:57,2019-01-31,15:03:13,norway,13,15,13.066666666666666,118.26666,combined,norway,95,C22313
norway|TRO_R_Share-4,2019-02-01T16:38:12,2019-02-01T17:29:13,0.8502778,2.7,Weekday,2019-02-01,16:38:12,2019-02-01,17:29:13,norway,16,17,16.633333333333333,51.016668,combined,norway,95,C22358
norway|TRO_R_UT1-1,2019-10-25T16:38:06,2019-10-25T19:11:29,2.556389,9.35,Weekday,2019-10-25,16:38:06,2019-10-25,19:11:29,norway,16,19,16.633333333333333,153.38333999999998,combined,norway,97,C22570
norway|TRO_R_UT1-1,2019-10-28T16:07:13,2019-10-28T17:11:13,1.066667,4.0,Weekday,2019-10-28,16:07:13,2019-10-28,17:11:13,norway,16,17,16.116666666666667,64.00002,combined,norway,97,C22641
norway|TRO_R_UT1-1,2019-10-28T19:06:50,2019-10-28T19:33:44,0.4483333,1.64,Weekday,2019-10-28,19:06:50,2019-10-28,19:33:44,norway,19,19,19.1,26.899998,combined,norway,97,C22620
norway|TRO_R_UT1-1,2019-10-29T00:19:04,2019-10-29T07:46:23,7.455278,12.21,Weekday,2019-10-29,00:19:04,2019-10-29,07:46:23,norway,0,7,0.3166666666666666,447.31668,combined,norway,97,C22588
norway|TRO_R_UT1-1,2019-10-29T19:11:47,2019-10-30T07:46:41,12.58167,6.82,Weekday,2019-10-29,19:11:47,2019-10-30,07:46:41,norway,19,7,19.183333333333334,754.9002,combined,norway,97,C22664
norway|TRO_R_UT1-1,2019-10-31T20:14:38,2019-10-31T21:29:25,1.246389,4.68,Weekday,2019-10-31,20:14:38,2019-10-31,21:29:25,norway,20,21,20.23333333333333,74.78334,combined,norway,97,C22621
norway|TRO_R_UT1-1,2019-11-01T01:32:28,2019-11-01T17:22:31,15.83417,10.04,Weekday,2019-11-01,01:32:28,2019-11-01,17:22:31,norway,1,17,1.5333333333333332,950.0502,combined,norway,97,C22651
norway|TRO_R_UT1-1,2019-11-01T23:25:20,2019-11-02T11:03:30,11.63611,6.54,Weekday,2019-11-01,23:25:20,2019-11-02,11:03:30,norway,23,11,23.416666666666668,698.1666,combined,norway,97,C22594
norway|TRO_R_UT1-1,2019-11-04T13:50:18,2019-11-04T15:11:20,1.350556,4.91,Weekday,2019-11-04,13:50:18,2019-11-04,15:11:20,norway,13,15,13.833333333333334,81.03336,combined,norway,97,C22563
norway|TRO_R_UT1-1,2019-11-04T16:49:38,2019-11-04T18:14:14,1.41,5.14,Weekday,2019-11-04,16:49:38,2019-11-04,18:14:14,norway,16,18,16.816666666666666,84.6,combined,norway,97,C22647
norway|TRO_R_UT15-2,2019-08-11T15:39:06,2019-08-11T18:54:27,3.255833,10.41,Weekend,2019-08-11,15:39:06,2019-08-11,18:54:27,norway,15,18,15.65,195.34998,combined,norway,98,C22734
norway|TRO_R_UT15-2,2019-08-12T20:33:57,2019-08-13T02:05:50,5.531389,15.18,Weekday,2019-08-12,20:33:57,2019-08-13,02:05:50,norway,20,2,20.55,331.88334,combined,norway,98,C22696
norway|TRO_R_UT15-2,2019-08-13T21:05:16,2019-08-14T02:28:53,5.393611,14.72,Weekday,2019-08-13,21:05:16,2019-08-14,02:28:53,norway,21,2,21.08333333333333,323.61666,combined,norway,98,C22767
norway|TRO_R_UT15-2,2019-08-18T08:01:23,2019-08-18T13:18:09,5.279444,13.31,Weekend,2019-08-18,08:01:23,2019-08-18,13:18:09,norway,8,13,8.016666666666667,316.76664,combined,norway,98,C22687
norway|TRO_R_UT15-2,2019-08-19T21:38:37,2019-08-20T01:44:59,4.106111,12.75,Weekday,2019-08-19,21:38:37,2019-08-20,01:44:59,norway,21,1,21.633333333333333,246.36666,combined,norway,98,C22725
norway|TRO_R_UT15-2,2019-08-22T19:14:50,2019-08-23T00:11:40,4.947222,12.98,Weekday,2019-08-22,19:14:50,2019-08-23,00:11:40,norway,19,0,19.23333333333333,296.83332,combined,norway,98,C22740
norway|TRO_R_UT15-2,2019-08-25T15:12:43,2019-08-25T16:50:04,1.6225,6.07,Weekend,2019-08-25,15:12:43,2019-08-25,16:50:04,norway,15,16,15.2,97.35,combined,norway,98,C22728
norway|TRO_R_UT15-2,2019-08-28T19:36:30,2019-08-28T20:59:46,1.387778,4.97,Weekday,2019-08-28,19:36:30,2019-08-28,20:59:46,norway,19,20,19.6,83.26668,combined,norway,98,C22762
norway|TRO_R_UT15-2,2019-08-31T19:40:51,2019-08-31T23:24:33,3.728333,12.36,Weekend,2019-08-31,19:40:51,2019-08-31,23:24:33,norway,19,23,19.666666666666668,223.69998,combined,norway,98,C22763
norway|TRO_R_UT15-2,2019-09-06T19:58:33,2019-09-07T10:19:50,14.35472,12.07,Weekday,2019-09-06,19:58:33,2019-09-07,10:19:50,norway,19,10,19.966666666666665,861.2832000000001,combined,norway,98,C22692
norway|TRO_R_UT7-2,2019-10-11T17:24:35,2019-10-11T21:00:56,3.605833,16.36,Weekday,2019-10-11,17:24:35,2019-10-11,21:00:56,norway,17,21,17.4,216.34998,combined,norway,99,C22892
norway|TRO_R_UT7-2,2019-10-12T20:24:26,2019-10-12T22:45:32,2.351667,14.61,Weekend,2019-10-12,20:24:26,2019-10-12,22:45:32,norway,20,22,20.4,141.10002,combined,norway,99,C22810
norway|TRO_R_UT7-2,2019-10-14T19:12:16,2019-10-14T21:02:21,1.834722,6.14,Weekday,2019-10-14,19:12:16,2019-10-14,21:02:21,norway,19,21,19.2,110.08332,combined,norway,99,C22870
norway|TRO_R_UT7-2,2019-10-17T17:00:07,2019-10-17T18:49:25,1.821667,12.18,Weekday,2019-10-17,17:00:07,2019-10-17,18:49:25,norway,17,18,17.0,109.30002,combined,norway,99,C22867
norway|TRO_R_UT7-2,2019-10-18T18:34:20,2019-10-19T09:43:19,15.14972,8.79,Weekday,2019-10-18,18:34:20,2019-10-19,09:43:19,norway,18,9,18.566666666666663,908.9832,combined,norway,99,C22825
norway|TRO_R_UT7-2,2019-10-19T19:18:50,2019-10-20T14:41:35,19.37917,8.2,Weekend,2019-10-19,19:18:50,2019-10-20,14:41:35,norway,19,14,19.3,1162.7502,combined,norway,99,C22858
norway|TRO_R_UT7-2,2019-10-21T16:13:39,2019-10-22T07:23:47,15.16889,8.43,Weekday,2019-10-21,16:13:39,2019-10-22,07:23:47,norway,16,7,16.216666666666665,910.1334,combined,norway,99,C22844
norway|TRO_R_UT7-2,2019-10-22T20:45:34,2019-10-23T07:23:34,10.63333,7.38,Weekday,2019-10-22,20:45:34,2019-10-23,07:23:34,norway,20,7,20.75,637.9998,combined,norway,99,C22865
norway|TRO_R_UT7-2,2019-10-24T00:10:30,2019-10-24T07:25:58,7.257778,15.2,Weekday,2019-10-24,00:10:30,2019-10-24,07:25:58,norway,0,7,0.1666666666666666,435.46668,combined,norway,99,C22847
norway|TRO_R_UT7-2,2019-10-24T20:20:11,2019-10-25T07:23:20,11.0525,7.4,Weekday,2019-10-24,20:20:11,2019-10-25,07:23:20,norway,20,7,20.33333333333333,663.15,combined,norway,99,C22876
